date,expiry,symbol,contractSymbol,type,inTheMoney,strike,bid,ask,last,underlying,iv_mkt,rate,div_yield,volume,openInterest,lastTradeDate,quote_age_hours,mid,T
2025-12-08 21:00:00+00:00,2025-12-10 00:00:00+00:00,^VIX,VIXW251210C00010000,call,True,10.0,5.04,8.91,6.96,15.40999984741211,4.742191572265625,0.03554087421361189,0.0,1.0,3,2025-12-02 16:58:44+00:00,148.0211111111111,6.975,0.0027397260273972603
2025-12-08 21:00:00+00:00,2025-12-10 00:00:00+00:00,^VIX,VIXW251210C00010500,call,True,10.5,4.54,8.41,9.34,15.40999984741211,4.3828170214843745,0.03554087421361189,0.0,1.0,1,2025-11-14 17:17:23+00:00,579.7102777777778,6.475,0.0027397260273972603
2025-12-08 21:00:00+00:00,2025-12-10 00:00:00+00:00,^VIX,VIXW251210C00011000,call,True,11.0,4.04,7.91,8.4,15.40999984741211,4.039067451171874,0.03554087421361189,0.0,2.0,302,2025-11-26 16:00:44+00:00,292.98777777777775,5.975,0.0027397260273972603
2025-12-08 21:00:00+00:00,2025-12-10 00:00:00+00:00,^VIX,VIXW251210C00012000,call,True,12.0,2.97,6.97,4.96,15.40999984741211,3.3710953222656244,0.03554087421361189,0.0,5.0,5,2025-12-01 19:35:00+00:00,169.41666666666666,4.97,0.0027397260273972603
2025-12-08 21:00:00+00:00,2025-12-10 00:00:00+00:00,^VIX,VIXW251210C00012500,call,True,12.5,2.35,6.56,6.59,15.40999984741211,3.00781498046875,0.03554087421361189,0.0,1.0,1,2025-11-26 21:03:43+00:00,287.93805555555554,4.455,0.0027397260273972603
2025-12-08 21:00:00+00:00,2025-12-10 00:00:00+00:00,^VIX,VIXW251210C00013000,call,True,13.0,1.71,6.18,4.21,15.40999984741211,2.67969080078125,0.03554087421361189,0.0,8.0,301,2025-12-08 17:40:16+00:00,3.328888888888889,3.945,0.0027397260273972603
2025-12-08 21:00:00+00:00,2025-12-10 00:00:00+00:00,^VIX,VIXW251210C00013500,call,True,13.5,1.05,5.82,3.74,15.40999984741211,2.3593791015624994,0.03554087421361189,0.0,2.0,0,2025-12-05 16:49:24+00:00,76.17666666666666,3.435,0.0027397260273972603
2025-12-08 21:00:00+00:00,2025-12-10 00:00:00+00:00,^VIX,VIXW251210C00014000,call,True,14.0,0.36,5.48,3.25,15.40999984741211,2.031254921875,0.03554087421361189,0.0,3.0,48,2025-12-08 18:57:12+00:00,2.046666666666667,2.9200000000000004,0.0027397260273972603
2025-12-08 21:00:00+00:00,2025-12-10 00:00:00+00:00,^VIX,VIXW251210C00014500,call,True,14.5,0.0,5.16,2.54,15.40999984741211,2.144535888671875,0.03554087421361189,0.0,8.0,136,2025-12-08 16:57:41+00:00,4.038611111111111,2.58,0.0027397260273972603
2025-12-08 21:00:00+00:00,2025-12-10 00:00:00+00:00,^VIX,VIXW251210C00015000,call,True,15.0,0.0,4.93,2.2,15.40999984741211,2.6093784765625,0.03554087421361189,0.0,675.0,612,2025-12-08 20:59:48+00:00,0.0033333333333333335,2.465,0.0027397260273972603
2025-12-08 21:00:00+00:00,2025-12-10 00:00:00+00:00,^VIX,VIXW251210C00016000,call,True,16.0,0.0,4.43,1.19,15.40999984741211,3.1718770703125,0.03554087421361189,0.0,1847.0,1719,2025-12-08 21:01:41+00:00,0.0,2.215,0.0027397260273972603
2025-12-08 21:00:00+00:00,2025-12-10 00:00:00+00:00,^VIX,VIXW251210C00017000,call,False,17.0,0.3,3.61,0.48,15.40999984741211,3.50000125,0.03554087421361189,0.0,1333.0,3173,2025-12-08 21:14:13+00:00,0.0,1.9549999999999998,0.0027397260273972603
2025-12-08 21:00:00+00:00,2025-12-10 00:00:00+00:00,^VIX,VIXW251210C00018000,call,False,18.0,0.0,0.0,0.25,15.40999984741211,0.2500075,0.03554087421361189,0.0,2065.0,4237,2025-12-08 21:14:21+00:00,0.0,0.0,0.0027397260273972603
2025-12-08 21:00:00+00:00,2025-12-10 00:00:00+00:00,^VIX,VIXW251210C00019000,call,False,19.0,0.0,1.62,0.14,15.40999984741211,2.699222001953125,0.03554087421361189,0.0,1476.0,2322,2025-12-08 21:13:55+00:00,0.0,0.81,0.0027397260273972603
2025-12-08 21:00:00+00:00,2025-12-10 00:00:00+00:00,^VIX,VIXW251210C00020000,call,False,20.0,0.03,1.16,0.12,15.40999984741211,2.7148469628906247,0.03554087421361189,0.0,3768.0,10574,2025-12-08 21:08:40+00:00,0.0,0.595,0.0027397260273972603
2025-12-08 21:00:00+00:00,2025-12-10 00:00:00+00:00,^VIX,VIXW251210C00021000,call,False,21.0,0.0,0.88,0.09,15.40999984741211,2.746096884765625,0.03554087421361189,0.0,53.0,1361,2025-12-08 21:02:26+00:00,0.0,0.44,0.0027397260273972603
2025-12-08 21:00:00+00:00,2025-12-10 00:00:00+00:00,^VIX,VIXW251210C00022000,call,False,22.0,0.0,0.67,0.06,15.40999984741211,2.800784248046875,0.03554087421361189,0.0,84.0,3204,2025-12-08 21:03:30+00:00,0.0,0.335,0.0027397260273972603
2025-12-08 21:00:00+00:00,2025-12-10 00:00:00+00:00,^VIX,VIXW251210C00023000,call,False,23.0,0.0,0.5,0.06,15.40999984741211,2.8359404101562498,0.03554087421361189,0.0,74.0,2892,2025-12-08 20:45:54+00:00,0.235,0.25,0.0027397260273972603
2025-12-08 21:00:00+00:00,2025-12-10 00:00:00+00:00,^VIX,VIXW251210C00024000,call,False,24.0,0.0,0.38,0.03,15.40999984741211,2.8750028125,0.03554087421361189,0.0,1555.0,751,2025-12-08 21:13:31+00:00,0.0,0.19,0.0027397260273972603
2025-12-08 21:00:00+00:00,2025-12-10 00:00:00+00:00,^VIX,VIXW251210C00025000,call,False,25.0,0.0,0.3,0.03,15.40999984741211,2.93750265625,0.03554087421361189,0.0,87.0,2540,2025-12-08 18:49:57+00:00,2.1675,0.15,0.0027397260273972603
2025-12-08 21:00:00+00:00,2025-12-10 00:00:00+00:00,^VIX,VIXW251210C00026000,call,False,26.0,0.0,0.23,0.03,15.40999984741211,2.9765650585937498,0.03554087421361189,0.0,4.0,506,2025-12-08 20:22:45+00:00,0.6208333333333333,0.115,0.0027397260273972603
2025-12-08 21:00:00+00:00,2025-12-10 00:00:00+00:00,^VIX,VIXW251210C00027000,call,False,27.0,0.0,0.19,0.02,15.40999984741211,3.0468773828125,0.03554087421361189,0.0,16.0,374,2025-12-08 19:44:59+00:00,1.2502777777777778,0.095,0.0027397260273972603
2025-12-08 21:00:00+00:00,2025-12-10 00:00:00+00:00,^VIX,VIXW251210C00028000,call,False,28.0,0.0,0.16,0.02,15.40999984741211,3.1250021875,0.03554087421361189,0.0,5.0,898,2025-12-08 20:19:42+00:00,0.6716666666666666,0.08,0.0027397260273972603
2025-12-08 21:00:00+00:00,2025-12-10 00:00:00+00:00,^VIX,VIXW251210C00029000,call,False,29.0,0.0,0.14,0.02,15.40999984741211,3.2187519531249995,0.03554087421361189,0.0,17.0,1903,2025-12-08 19:44:47+00:00,1.253611111111111,0.07,0.0027397260273972603
2025-12-08 21:00:00+00:00,2025-12-10 00:00:00+00:00,^VIX,VIXW251210C00030000,call,False,30.0,0.0,0.12,0.01,15.40999984741211,3.281251796875,0.03554087421361189,0.0,83.0,857,2025-12-08 18:30:30+00:00,2.4916666666666667,0.06,0.0027397260273972603
2025-12-08 21:00:00+00:00,2025-12-10 00:00:00+00:00,^VIX,VIXW251210C00031000,call,False,31.0,0.0,0.11,0.02,15.40999984741211,3.3750015624999996,0.03554087421361189,0.0,11.0,65,2025-12-08 19:44:47+00:00,1.253611111111111,0.055,0.0027397260273972603
2025-12-08 21:00:00+00:00,2025-12-10 00:00:00+00:00,^VIX,VIXW251210C00032000,call,False,32.0,0.0,0.1,0.01,15.40999984741211,3.468751328125,0.03554087421361189,0.0,30.0,314,2025-12-08 19:31:06+00:00,1.4816666666666667,0.05,0.0027397260273972603
2025-12-08 21:00:00+00:00,2025-12-10 00:00:00+00:00,^VIX,VIXW251210C00033000,call,False,33.0,0.0,0.09,0.02,15.40999984741211,3.5468761328125,0.03554087421361189,0.0,1.0,205,2025-12-08 16:38:50+00:00,4.352777777777778,0.045,0.0027397260273972603
2025-12-08 21:00:00+00:00,2025-12-10 00:00:00+00:00,^VIX,VIXW251210C00034000,call,False,34.0,0.0,0.08,0.02,15.40999984741211,3.6093759765625,0.03554087421361189,0.0,25.0,76,2025-12-05 16:52:39+00:00,76.1225,0.04,0.0027397260273972603
2025-12-08 21:00:00+00:00,2025-12-10 00:00:00+00:00,^VIX,VIXW251210C00035000,call,False,35.0,0.0,0.07,0.03,15.40999984741211,3.6562508593750005,0.03554087421361189,0.0,12.0,455,2025-12-04 20:59:48+00:00,96.00333333333333,0.035,0.0027397260273972603
2025-12-08 21:00:00+00:00,2025-12-10 00:00:00+00:00,^VIX,VIXW251210C00036000,call,False,36.0,0.0,0.07,0.02,15.40999984741211,3.7812505468750004,0.03554087421361189,0.0,1.0,89,2025-12-08 18:22:34+00:00,2.6238888888888887,0.035,0.0027397260273972603
2025-12-08 21:00:00+00:00,2025-12-10 00:00:00+00:00,^VIX,VIXW251210C00037000,call,False,37.0,0.0,0.06,0.01,15.40999984741211,3.81250046875,0.03554087421361189,0.0,1.0,39,2025-12-04 20:09:43+00:00,96.83805555555556,0.03,0.0027397260273972603
2025-12-08 21:00:00+00:00,2025-12-10 00:00:00+00:00,^VIX,VIXW251210C00038000,call,False,38.0,0.0,0.06,0.03,15.40999984741211,3.9062502343750003,0.03554087421361189,0.0,131.0,526,2025-12-03 15:07:44+00:00,125.8711111111111,0.03,0.0027397260273972603
2025-12-08 21:00:00+00:00,2025-12-10 00:00:00+00:00,^VIX,VIXW251210C00039000,call,False,39.0,0.0,0.05,0.01,15.40999984741211,3.93750015625,0.03554087421361189,0.0,1.0,339,2025-11-26 16:06:36+00:00,292.89,0.025,0.0027397260273972603
2025-12-08 21:00:00+00:00,2025-12-10 00:00:00+00:00,^VIX,VIXW251210C00040000,call,False,40.0,0.0,0.05,0.02,15.40999984741211,4.0312549609375,0.03554087421361189,0.0,21.0,704,2025-12-08 17:24:19+00:00,3.5947222222222224,0.025,0.0027397260273972603
2025-12-08 21:00:00+00:00,2025-12-10 00:00:00+00:00,^VIX,VIXW251210C00042500,call,False,42.5,0.0,0.04,0.03,15.40999984741211,4.12500484375,0.03554087421361189,0.0,71.0,77,2025-12-02 17:05:52+00:00,147.90222222222224,0.02,0.0027397260273972603
2025-12-08 21:00:00+00:00,2025-12-10 00:00:00+00:00,^VIX,VIXW251210C00045000,call,False,45.0,0.0,0.04,0.01,15.40999984741211,4.343754570312499,0.03554087421361189,0.0,13.0,166,2025-12-05 15:58:13+00:00,77.02972222222222,0.02,0.0027397260273972603
2025-12-08 21:00:00+00:00,2025-12-10 00:00:00+00:00,^VIX,VIXW251210C00047500,call,False,47.5,0.0,0.04,0.01,15.40999984741211,4.562504296875,0.03554087421361189,0.0,12.0,0,2025-12-01 17:17:17+00:00,171.71194444444444,0.02,0.0027397260273972603
2025-12-08 21:00:00+00:00,2025-12-10 00:00:00+00:00,^VIX,VIXW251210C00050000,call,False,50.0,0.0,0.04,0.02,15.40999984741211,4.7500040624999995,0.03554087421361189,0.0,14.0,237,2025-12-02 15:10:15+00:00,149.82916666666668,0.02,0.0027397260273972603
2025-12-08 21:00:00+00:00,2025-12-10 00:00:00+00:00,^VIX,VIXW251210C00055000,call,False,55.0,0.0,0.04,0.02,15.40999984741211,5.062503671875,0.03554087421361189,0.0,1.0,344,2025-12-03 20:57:36+00:00,120.04,0.02,0.0027397260273972603
2025-12-08 21:00:00+00:00,2025-12-10 00:00:00+00:00,^VIX,VIXW251210C00060000,call,False,60.0,0.0,0.04,0.02,15.40999984741211,5.375003281249999,0.03554087421361189,0.0,1.0,89,2025-12-05 20:00:36+00:00,72.99,0.02,0.0027397260273972603
2025-12-08 21:00:00+00:00,2025-12-10 00:00:00+00:00,^VIX,VIXW251210C00065000,call,False,65.0,0.0,0.04,0.01,15.40999984741211,5.62500296875,0.03554087421361189,0.0,20.0,324,2025-12-02 17:06:56+00:00,147.88444444444445,0.02,0.0027397260273972603
2025-12-08 21:00:00+00:00,2025-12-10 00:00:00+00:00,^VIX,VIXW251210C00070000,call,False,70.0,0.0,0.04,0.01,15.40999984741211,5.87500265625,0.03554087421361189,0.0,40.0,246,2025-12-01 19:46:56+00:00,169.21777777777777,0.02,0.0027397260273972603
2025-12-08 21:00:00+00:00,2025-12-10 00:00:00+00:00,^VIX,VIXW251210C00075000,call,False,75.0,0.0,0.04,0.04,15.40999984741211,6.125002343749999,0.03554087421361189,0.0,11.0,21,2025-11-25 17:39:08+00:00,315.34777777777776,0.02,0.0027397260273972603
2025-12-08 21:00:00+00:00,2025-12-10 00:00:00+00:00,^VIX,VIXW251210C00080000,call,False,80.0,0.0,0.04,0.01,15.40999984741211,6.37500203125,0.03554087421361189,0.0,15.0,143,2025-12-01 15:40:58+00:00,173.31722222222223,0.02,0.0027397260273972603
2025-12-08 21:00:00+00:00,2025-12-10 00:00:00+00:00,^VIX,VIXW251210C00085000,call,False,85.0,0.0,0.04,0.02,15.40999984741211,6.562501796875001,0.03554087421361189,0.0,2.0,48,2025-11-25 16:50:27+00:00,316.1591666666667,0.02,0.0027397260273972603
2025-12-08 21:00:00+00:00,2025-12-10 00:00:00+00:00,^VIX,VIXW251210C00090000,call,False,90.0,0.0,0.04,0.01,15.40999984741211,6.7500015625000005,0.03554087421361189,0.0,24.0,30,2025-11-25 16:36:21+00:00,316.39416666666665,0.02,0.0027397260273972603
2025-12-08 21:00:00+00:00,2025-12-10 00:00:00+00:00,^VIX,VIXW251210C00095000,call,False,95.0,0.0,0.04,0.02,15.40999984741211,6.937501328125,0.03554087421361189,0.0,,1,2025-11-26 20:40:28+00:00,288.3255555555556,0.02,0.0027397260273972603
2025-12-08 21:00:00+00:00,2025-12-10 00:00:00+00:00,^VIX,VIXW251210C00100000,call,False,100.0,0.0,0.04,0.01,15.40999984741211,7.125001093750001,0.03554087421361189,0.0,10.0,215,2025-12-08 15:21:17+00:00,5.645277777777777,0.02,0.0027397260273972603
2025-12-08 21:00:00+00:00,2025-12-10 00:00:00+00:00,^VIX,VIXW251210P00010000,put,False,10.0,0.0,0.0,0.01,15.40999984741211,0.500005,0.03554087421361189,0.0,2.0,1,2025-12-08 19:09:46+00:00,1.8372222222222223,0.0,0.0027397260273972603
2025-12-08 21:00:00+00:00,2025-12-10 00:00:00+00:00,^VIX,VIXW251210P00010500,put,False,10.5,0.0,0.0,0.01,15.40999984741211,0.500005,0.03554087421361189,0.0,,3,2025-11-18 15:21:15+00:00,485.6458333333333,0.0,0.0027397260273972603
2025-12-08 21:00:00+00:00,2025-12-10 00:00:00+00:00,^VIX,VIXW251210P00011000,put,False,11.0,0.0,0.0,0.01,15.40999984741211,0.500005,0.03554087421361189,0.0,1.0,11,2025-12-08 20:04:28+00:00,0.9255555555555556,0.0,0.0027397260273972603
2025-12-08 21:00:00+00:00,2025-12-10 00:00:00+00:00,^VIX,VIXW251210P00011500,put,False,11.5,0.0,0.0,0.02,15.40999984741211,0.500005,0.03554087421361189,0.0,,14,2025-11-18 15:08:42+00:00,485.855,0.0,0.0027397260273972603
2025-12-08 21:00:00+00:00,2025-12-10 00:00:00+00:00,^VIX,VIXW251210P00012000,put,False,12.0,0.0,0.0,0.01,15.40999984741211,0.500005,0.03554087421361189,0.0,100.0,105,2025-12-05 16:33:01+00:00,76.44972222222222,0.0,0.0027397260273972603
2025-12-08 21:00:00+00:00,2025-12-10 00:00:00+00:00,^VIX,VIXW251210P00013000,put,False,13.0,0.0,0.0,0.01,15.40999984741211,0.500005,0.03554087421361189,0.0,1.0,20,2025-11-28 16:55:53+00:00,244.06861111111112,0.0,0.0027397260273972603
2025-12-08 21:00:00+00:00,2025-12-10 00:00:00+00:00,^VIX,VIXW251210P00013500,put,False,13.5,0.0,0.0,0.01,15.40999984741211,0.500005,0.03554087421361189,0.0,1.0,31,2025-12-05 20:31:32+00:00,72.47444444444444,0.0,0.0027397260273972603
2025-12-08 21:00:00+00:00,2025-12-10 00:00:00+00:00,^VIX,VIXW251210P00014000,put,False,14.0,0.0,0.0,0.01,15.40999984741211,0.500005,0.03554087421361189,0.0,5.0,605,2025-12-04 20:41:11+00:00,96.31361111111111,0.0,0.0027397260273972603
2025-12-08 21:00:00+00:00,2025-12-10 00:00:00+00:00,^VIX,VIXW251210P00014500,put,False,14.5,0.0,0.04,0.01,15.40999984741211,0.87500125,0.03554087421361189,0.0,3.0,134,2025-12-08 17:34:50+00:00,3.4194444444444443,0.02,0.0027397260273972603
2025-12-08 21:00:00+00:00,2025-12-10 00:00:00+00:00,^VIX,VIXW251210P00015000,put,False,15.0,0.0,0.05,0.01,15.40999984741211,0.73437765625,0.03554087421361189,0.0,808.0,6725,2025-12-08 20:01:41+00:00,0.9719444444444445,0.025,0.0027397260273972603
2025-12-08 21:00:00+00:00,2025-12-10 00:00:00+00:00,^VIX,VIXW251210P00016000,put,False,16.0,0.0,0.16,0.06,15.40999984741211,0.5117236328125,0.03554087421361189,0.0,2303.0,6250,2025-12-08 21:13:17+00:00,0.0,0.08,0.0027397260273972603
2025-12-08 21:00:00+00:00,2025-12-10 00:00:00+00:00,^VIX,VIXW251210P00017000,put,True,17.0,0.0,0.0,0.41,15.40999984741211,1.0000000000000003e-05,0.03554087421361189,0.0,1628.0,2448,2025-12-08 21:13:16+00:00,0.0,0.0,0.0027397260273972603
2025-12-08 21:00:00+00:00,2025-12-10 00:00:00+00:00,^VIX,VIXW251210P00018000,put,True,18.0,0.33,4.46,0.96,15.40999984741211,2.621097197265625,0.03554087421361189,0.0,159.0,1775,2025-12-08 20:09:02+00:00,0.8494444444444444,2.395,0.0027397260273972603
2025-12-08 21:00:00+00:00,2025-12-10 00:00:00+00:00,^VIX,VIXW251210P00019000,put,True,19.0,0.0,0.0,1.87,15.40999984741211,1.0000000000000003e-05,0.03554087421361189,0.0,4.0,808,2025-12-08 19:29:10+00:00,1.5138888888888888,0.0,0.0027397260273972603
2025-12-08 21:00:00+00:00,2025-12-10 00:00:00+00:00,^VIX,VIXW251210P00020000,put,True,20.0,0.0,6.29,2.87,15.40999984741211,6.7929702587890635,0.03554087421361189,0.0,205.0,1441,2025-12-08 19:35:55+00:00,1.4013888888888888,3.145,0.0027397260273972603
2025-12-08 21:00:00+00:00,2025-12-10 00:00:00+00:00,^VIX,VIXW251210P00021000,put,True,21.0,0.31,6.97,4.2,15.40999984741211,6.691407885742189,0.03554087421361189,0.0,17.0,515,2025-12-05 20:27:15+00:00,72.54583333333333,3.6399999999999997,0.0027397260273972603
2025-12-08 21:00:00+00:00,2025-12-10 00:00:00+00:00,^VIX,VIXW251210P00022000,put,True,22.0,1.54,7.72,5.09,15.40999984741211,6.667970415039063,0.03554087421361189,0.0,3.0,206,2025-12-08 15:43:57+00:00,5.2675,4.63,0.0027397260273972603
2025-12-08 21:00:00+00:00,2025-12-10 00:00:00+00:00,^VIX,VIXW251210P00023000,put,True,23.0,2.7,8.56,6.09,15.40999984741211,6.753907807617187,0.03554087421361189,0.0,14.0,434,2025-12-05 20:58:38+00:00,72.02277777777778,5.630000000000001,0.0027397260273972603
2025-12-08 21:00:00+00:00,2025-12-10 00:00:00+00:00,^VIX,VIXW251210P00024000,put,True,24.0,4.1,9.42,6.83,15.40999984741211,6.847657690429687,0.03554087421361189,0.0,1.0,120,2025-12-08 16:42:48+00:00,4.286666666666667,6.76,0.0027397260273972603
2025-12-08 21:00:00+00:00,2025-12-10 00:00:00+00:00,^VIX,VIXW251210P00025000,put,True,25.0,4.86,10.38,7.75,15.40999984741211,7.0839855200195325,0.03554087421361189,0.0,1.0,292,2025-12-08 20:07:38+00:00,0.8727777777777778,7.620000000000001,0.0027397260273972603
2025-12-08 21:00:00+00:00,2025-12-10 00:00:00+00:00,^VIX,VIXW251210P00026000,put,True,26.0,5.92,11.32,8.99,15.40999984741211,7.26562591796875,0.03554087421361189,0.0,5.0,106,2025-12-05 20:07:55+00:00,72.86805555555556,8.620000000000001,0.0027397260273972603
2025-12-08 21:00:00+00:00,2025-12-10 00:00:00+00:00,^VIX,VIXW251210P00027000,put,True,27.0,6.97,12.27,9.99,15.40999984741211,7.445313193359375,0.03554087421361189,0.0,3.0,120,2025-12-05 20:05:37+00:00,72.90638888888888,9.62,0.0027397260273972603
2025-12-08 21:00:00+00:00,2025-12-10 00:00:00+00:00,^VIX,VIXW251210P00028000,put,True,28.0,8.01,13.23,11.0,15.40999984741211,7.628906713867188,0.03554087421361189,0.0,11.0,29,2025-12-05 20:02:38+00:00,72.95611111111111,10.620000000000001,0.0027397260273972603
2025-12-08 21:00:00+00:00,2025-12-10 00:00:00+00:00,^VIX,VIXW251210P00029000,put,True,29.0,9.06,14.19,7.56,15.40999984741211,7.792969008789063,0.03554087421361189,0.0,,25,2025-11-20 17:18:12+00:00,435.69666666666666,11.625,0.0027397260273972603
2025-12-08 21:00:00+00:00,2025-12-10 00:00:00+00:00,^VIX,VIXW251210P00030000,put,True,30.0,10.1,15.15,12.75,15.40999984741211,7.945312568359375,0.03554087421361189,0.0,15.0,33,2025-12-08 17:48:19+00:00,3.194722222222222,12.625,0.0027397260273972603
2025-12-08 21:00:00+00:00,2025-12-10 00:00:00+00:00,^VIX,VIXW251210P00031000,put,True,31.0,11.13,16.12,13.75,15.40999984741211,8.105473684082032,0.03554087421361189,0.0,15.0,26,2025-12-08 17:09:45+00:00,3.8375,13.625,0.0027397260273972603
2025-12-08 21:00:00+00:00,2025-12-10 00:00:00+00:00,^VIX,VIXW251210P00032000,put,True,32.0,12.16,17.09,15.02,15.40999984741211,8.253911091308591,0.03554087421361189,0.0,1.0,15,2025-12-05 20:00:07+00:00,72.99805555555555,14.625,0.0027397260273972603
2025-12-08 21:00:00+00:00,2025-12-10 00:00:00+00:00,^VIX,VIXW251210P00034000,put,True,34.0,14.22,19.04,17.02,15.40999984741211,8.542973410644532,0.03554087421361189,0.0,1.0,11,2025-12-05 20:00:30+00:00,72.99166666666666,16.63,0.0027397260273972603
2025-12-08 21:00:00+00:00,2025-12-10 00:00:00+00:00,^VIX,VIXW251210P00035000,put,True,35.0,15.25,20.01,17.86,15.40999984741211,8.664067084960935,0.03554087421361189,0.0,1.0,61,2025-12-05 14:31:08+00:00,78.4811111111111,17.630000000000003,0.0027397260273972603
2025-12-08 21:00:00+00:00,2025-12-10 00:00:00+00:00,^VIX,VIXW251210P00036000,put,True,36.0,16.06,20.99,18.89,15.40999984741211,8.796879501953125,0.03554087421361189,0.0,1.0,1,2025-12-05 15:17:42+00:00,77.705,18.525,0.0027397260273972603
2025-12-08 21:00:00+00:00,2025-12-10 00:00:00+00:00,^VIX,VIXW251210P00038000,put,True,38.0,18.32,22.95,20.88,15.40999984741211,9.039066850585938,0.03554087421361189,0.0,2.0,1,2025-12-05 15:17:42+00:00,77.705,20.634999999999998,0.0027397260273972603
2025-12-08 21:00:00+00:00,2025-12-10 00:00:00+00:00,^VIX,VIXW251210P00040000,put,True,40.0,20.36,24.92,17.28,15.40999984741211,9.28125419921875,0.03554087421361189,0.0,10.0,10,2025-11-21 15:59:48+00:00,413.00333333333333,22.64,0.0027397260273972603
2025-12-08 21:00:00+00:00,2025-12-10 00:00:00+00:00,^VIX,VIXW251210P00045000,put,True,45.0,25.44,29.85,25.43,15.40999984741211,9.804691372070314,0.03554087421361189,0.0,,40,2025-11-26 14:41:54+00:00,294.3016666666667,27.645000000000003,0.0027397260273972603
2025-12-08 21:00:00+00:00,2025-12-10 00:00:00+00:00,^VIX,VIXW251210P00050000,put,True,50.0,30.5,34.8,31.71,15.40999984741211,10.26953483154297,0.03554087421361189,0.0,1.0,146,2025-12-02 18:45:20+00:00,146.24444444444444,32.65,0.0027397260273972603
2025-12-08 21:00:00+00:00,2025-12-10 00:00:00+00:00,^VIX,VIXW251210P00060000,put,True,60.0,40.59,44.72,43.1,15.40999984741211,11.042971848144532,0.03554087421361189,0.0,1.0,146,2025-12-05 20:00:36+00:00,72.99,42.655,0.0027397260273972603
2025-12-08 21:00:00+00:00,2025-12-10 00:00:00+00:00,^VIX,VIXW251210P00075000,put,True,75.0,55.67,59.65,52.1,15.40999984741211,11.976565014648438,0.03554087421361189,0.0,,100,2025-11-20 19:07:55+00:00,433.86805555555554,57.66,0.0027397260273972603
2025-12-08 21:00:00+00:00,2025-12-10 00:00:00+00:00,^VIX,VIXW251210P00085000,put,True,85.0,65.72,69.6,62.4,15.40999984741211,12.445314721679688,0.03554087421361189,0.0,,145,2025-11-20 19:41:24+00:00,433.31,67.66,0.0027397260273972603
2025-12-08 21:00:00+00:00,2025-12-17 00:00:00+00:00,^VIX,VIX251217C00010000,call,True,10.0,7.25,7.9,7.45,15.40999984741211,3.777344306640625,0.03554087421361189,0.0,209.0,6079,2025-12-08 17:58:23+00:00,3.0269444444444447,7.575,0.021917808219178082
2025-12-08 21:00:00+00:00,2025-12-17 00:00:00+00:00,^VIX,VIX251217C00010500,call,True,10.5,6.75,7.4,7.02,15.40999984741211,3.519532451171875,0.03554087421361189,0.0,1.0,1530,2025-12-08 16:12:17+00:00,4.795277777777778,7.075,0.021917808219178082
2025-12-08 21:00:00+00:00,2025-12-17 00:00:00+00:00,^VIX,VIX251217C00011000,call,True,11.0,6.25,6.9,6.35,15.40999984741211,3.27343931640625,0.03554087421361189,0.0,21.0,178,2025-12-05 18:11:59+00:00,74.80027777777778,6.575,0.021917808219178082
2025-12-08 21:00:00+00:00,2025-12-17 00:00:00+00:00,^VIX,VIX251217C00011500,call,True,11.5,5.75,6.4,6.26,15.40999984741211,3.0351586621093753,0.03554087421361189,0.0,36.0,1441,2025-12-08 17:21:36+00:00,3.64,6.075,0.021917808219178082
2025-12-08 21:00:00+00:00,2025-12-17 00:00:00+00:00,^VIX,VIX251217C00012000,call,True,12.0,5.25,5.9,5.35,15.40999984741211,2.8085967285156253,0.03554087421361189,0.0,30.0,3306,2025-12-05 20:08:02+00:00,72.86611111111111,5.575,0.021917808219178082
2025-12-08 21:00:00+00:00,2025-12-17 00:00:00+00:00,^VIX,VIX251217C00012500,call,True,12.5,4.75,5.4,4.85,15.40999984741211,2.58594103515625,0.03554087421361189,0.0,2.0,834,2025-12-05 17:54:51+00:00,75.08583333333333,5.075,0.021917808219178082
2025-12-08 21:00:00+00:00,2025-12-17 00:00:00+00:00,^VIX,VIX251217C00013000,call,True,13.0,4.25,4.9,4.38,15.40999984741211,2.3710978222656243,0.03554087421361189,0.0,2.0,2005,2025-12-05 15:34:38+00:00,77.42277777777778,4.575,0.021917808219178082
2025-12-08 21:00:00+00:00,2025-12-17 00:00:00+00:00,^VIX,VIX251217C00013500,call,True,13.5,3.75,4.4,3.9,15.40999984741211,2.160160849609375,0.03554087421361189,0.0,10.0,251,2025-12-05 18:22:29+00:00,74.62527777777778,4.075,0.021917808219178082
2025-12-08 21:00:00+00:00,2025-12-17 00:00:00+00:00,^VIX,VIX251217C00014000,call,True,14.0,3.3,3.9,3.7,15.40999984741211,1.984375078125,0.03554087421361189,0.0,27.0,809,2025-12-08 19:13:07+00:00,1.781388888888889,3.5999999999999996,0.021917808219178082
2025-12-08 21:00:00+00:00,2025-12-17 00:00:00+00:00,^VIX,VIX251217C00014500,call,True,14.5,0.0,0.0,3.25,15.40999984741211,1.0000000000000003e-05,0.03554087421361189,0.0,3.0,585,2025-12-08 16:52:53+00:00,4.118611111111111,0.0,0.021917808219178082
2025-12-08 21:00:00+00:00,2025-12-17 00:00:00+00:00,^VIX,VIX251217C00015000,call,True,15.0,2.3,2.81,2.67,15.40999984741211,1.5253929980468748,0.03554087421361189,0.0,345.0,4844,2025-12-08 20:43:55+00:00,0.26805555555555555,2.5549999999999997,0.021917808219178082
2025-12-08 21:00:00+00:00,2025-12-17 00:00:00+00:00,^VIX,VIX251217C00015500,call,True,15.5,1.98,6.0,2.28,15.40999984741211,3.220705073242187,0.03554087421361189,0.0,80.0,976,2025-12-08 20:59:08+00:00,0.014444444444444444,3.99,0.021917808219178082
2025-12-08 21:00:00+00:00,2025-12-17 00:00:00+00:00,^VIX,VIX251217C00016000,call,True,16.0,1.73,1.9,1.86,15.40999984741211,1.3574250878906249,0.03554087421361189,0.0,773.0,6331,2025-12-08 21:13:00+00:00,0.0,1.815,0.021917808219178082
2025-12-08 21:00:00+00:00,2025-12-17 00:00:00+00:00,^VIX,VIX251217C00016500,call,True,16.5,1.41,1.54,1.54,15.40999984741211,1.2753942480468747,0.03554087421361189,0.0,3913.0,6386,2025-12-08 21:12:09+00:00,0.0,1.475,0.021917808219178082
2025-12-08 21:00:00+00:00,2025-12-17 00:00:00+00:00,^VIX,VIX251217C00017000,call,False,17.0,1.16,1.28,1.28,15.40999984741211,1.2460975195312498,0.03554087421361189,0.0,4124.0,11848,2025-12-08 21:07:28+00:00,0.0,1.22,0.021917808219178082
2025-12-08 21:00:00+00:00,2025-12-17 00:00:00+00:00,^VIX,VIX251217C00017500,call,False,17.5,0.96,1.08,1.11,15.40999984741211,1.2441444042968748,0.03554087421361189,0.0,8463.0,17762,2025-12-08 20:59:04+00:00,0.015555555555555555,1.02,0.021917808219178082
2025-12-08 21:00:00+00:00,2025-12-17 00:00:00+00:00,^VIX,VIX251217C00018000,call,False,18.0,0.83,0.98,0.93,15.40999984741211,1.2959019580078124,0.03554087421361189,0.0,43501.0,61478,2025-12-08 21:08:32+00:00,0.0,0.905,0.021917808219178082
2025-12-08 21:00:00+00:00,2025-12-17 00:00:00+00:00,^VIX,VIX251217C00018500,call,False,18.5,0.72,0.83,0.81,15.40999984741211,1.3144565527343748,0.03554087421361189,0.0,714.0,29331,2025-12-08 21:11:02+00:00,0.0,0.7749999999999999,0.021917808219178082
2025-12-08 21:00:00+00:00,2025-12-17 00:00:00+00:00,^VIX,VIX251217C00019000,call,False,19.0,0.63,0.76,0.7,15.40999984741211,1.36328443359375,0.03554087421361189,0.0,7312.0,42358,2025-12-08 21:06:34+00:00,0.0,0.6950000000000001,0.021917808219178082
2025-12-08 21:00:00+00:00,2025-12-17 00:00:00+00:00,^VIX,VIX251217C00019500,call,False,19.5,0.43,0.66,0.68,15.40999984741211,1.32422212890625,0.03554087421361189,0.0,1583.0,53489,2025-12-08 21:03:03+00:00,0.0,0.545,0.021917808219178082
2025-12-08 21:00:00+00:00,2025-12-17 00:00:00+00:00,^VIX,VIX251217C00020000,call,False,20.0,0.53,0.62,0.57,15.40999984741211,1.46484642578125,0.03554087421361189,0.0,14860.0,150897,2025-12-08 21:08:40+00:00,0.0,0.575,0.021917808219178082
2025-12-08 21:00:00+00:00,2025-12-17 00:00:00+00:00,^VIX,VIX251217C00020500,call,False,20.5,0.41,0.56,0.53,15.40999984741211,1.46484642578125,0.03554087421361189,0.0,5055.0,52808,2025-12-08 21:01:28+00:00,0.0,0.485,0.021917808219178082
2025-12-08 21:00:00+00:00,2025-12-17 00:00:00+00:00,^VIX,VIX251217C00021000,call,False,21.0,0.29,0.52,0.51,15.40999984741211,1.4589870800781248,0.03554087421361189,0.0,45357.0,122812,2025-12-08 21:01:51+00:00,0.0,0.405,0.021917808219178082
2025-12-08 21:00:00+00:00,2025-12-17 00:00:00+00:00,^VIX,VIX251217C00021500,call,False,21.5,0.26,0.49,0.46,15.40999984741211,1.5078149609375,0.03554087421361189,0.0,543.0,43554,2025-12-08 20:55:40+00:00,0.07222222222222222,0.375,0.021917808219178082
2025-12-08 21:00:00+00:00,2025-12-17 00:00:00+00:00,^VIX,VIX251217C00022000,call,False,22.0,0.33,0.45,0.44,15.40999984741211,1.611330068359375,0.03554087421361189,0.0,10624.0,141129,2025-12-08 20:59:46+00:00,0.0038888888888888888,0.39,0.021917808219178082
2025-12-08 21:00:00+00:00,2025-12-17 00:00:00+00:00,^VIX,VIX251217C00022500,call,False,22.5,0.2,0.42,0.42,15.40999984741211,1.57422087890625,0.03554087421361189,0.0,12082.0,24023,2025-12-08 20:59:02+00:00,0.01611111111111111,0.31,0.021917808219178082
2025-12-08 21:00:00+00:00,2025-12-17 00:00:00+00:00,^VIX,VIX251217C00023000,call,False,23.0,0.17,0.4,0.4,15.40999984741211,1.609376953125,0.03554087421361189,0.0,1123.0,62930,2025-12-08 20:59:26+00:00,0.009444444444444445,0.28500000000000003,0.021917808219178082
2025-12-08 21:00:00+00:00,2025-12-17 00:00:00+00:00,^VIX,VIX251217C00023500,call,False,23.5,0.15,0.38,0.37,15.40999984741211,1.6484392578125,0.03554087421361189,0.0,49.0,33093,2025-12-08 20:59:38+00:00,0.006111111111111111,0.265,0.021917808219178082
2025-12-08 21:00:00+00:00,2025-12-17 00:00:00+00:00,^VIX,VIX251217C00024000,call,False,24.0,0.18,0.49,0.35,15.40999984741211,1.8320320898437497,0.03554087421361189,0.0,339.0,169704,2025-12-08 20:59:42+00:00,0.005,0.33499999999999996,0.021917808219178082
2025-12-08 21:00:00+00:00,2025-12-17 00:00:00+00:00,^VIX,VIX251217C00024500,call,False,24.5,0.11,0.47,0.34,15.40999984741211,1.82421962890625,0.03554087421361189,0.0,14.0,15371,2025-12-08 20:59:27+00:00,0.009166666666666667,0.29,0.021917808219178082
2025-12-08 21:00:00+00:00,2025-12-17 00:00:00+00:00,^VIX,VIX251217C00025000,call,False,25.0,0.22,0.36,0.31,15.40999984741211,1.890625546875,0.03554087421361189,0.0,11762.0,211059,2025-12-08 21:07:35+00:00,0.0,0.29,0.021917808219178082
2025-12-08 21:00:00+00:00,2025-12-17 00:00:00+00:00,^VIX,VIX251217C00026000,call,False,26.0,0.19,0.33,0.29,15.40999984741211,1.95703146484375,0.03554087421361189,0.0,3031.0,40041,2025-12-08 20:59:46+00:00,0.0038888888888888888,0.26,0.021917808219178082
2025-12-08 21:00:00+00:00,2025-12-17 00:00:00+00:00,^VIX,VIX251217C00027000,call,False,27.0,0.17,0.3,0.23,15.40999984741211,2.02344244140625,0.03554087421361189,0.0,228.0,43998,2025-12-08 21:12:57+00:00,0.0,0.235,0.021917808219178082
2025-12-08 21:00:00+00:00,2025-12-17 00:00:00+00:00,^VIX,VIX251217C00028000,call,False,28.0,0.16,0.28,0.22,15.40999984741211,2.0976610058593748,0.03554087421361189,0.0,572.0,68056,2025-12-08 21:05:52+00:00,0.0,0.22000000000000003,0.021917808219178082
2025-12-08 21:00:00+00:00,2025-12-17 00:00:00+00:00,^VIX,VIX251217C00029000,call,False,29.0,0.14,0.23,0.22,15.40999984741211,2.1171922070312497,0.03554087421361189,0.0,9069.0,37820,2025-12-08 19:34:37+00:00,1.4230555555555555,0.185,0.021917808219178082
2025-12-08 21:00:00+00:00,2025-12-17 00:00:00+00:00,^VIX,VIX251217C00030000,call,False,30.0,0.14,0.22,0.2,15.40999984741211,2.1992232519531245,0.03554087421361189,0.0,11673.0,246257,2025-12-08 21:06:20+00:00,0.0,0.18,0.021917808219178082
2025-12-08 21:00:00+00:00,2025-12-17 00:00:00+00:00,^VIX,VIX251217C00031000,call,False,31.0,0.12,0.2,0.17,15.40999984741211,2.2343794140624995,0.03554087421361189,0.0,791.0,33715,2025-12-08 21:05:00+00:00,0.0,0.16,0.021917808219178082
2025-12-08 21:00:00+00:00,2025-12-17 00:00:00+00:00,^VIX,VIX251217C00032000,call,False,32.0,0.11,0.21,0.18,15.40999984741211,2.3203166992187496,0.03554087421361189,0.0,2606.0,28817,2025-12-08 20:06:55+00:00,0.8847222222222222,0.16,0.021917808219178082
2025-12-08 21:00:00+00:00,2025-12-17 00:00:00+00:00,^VIX,VIX251217C00033000,call,False,33.0,0.1,0.2,0.15,15.40999984741211,2.3710978222656243,0.03554087421361189,0.0,73.0,176860,2025-12-08 20:59:28+00:00,0.008888888888888889,0.15000000000000002,0.021917808219178082
2025-12-08 21:00:00+00:00,2025-12-17 00:00:00+00:00,^VIX,VIX251217C00034000,call,False,34.0,0.09,0.19,0.15,15.40999984741211,2.4179727050781246,0.03554087421361189,0.0,116.0,19991,2025-12-08 21:03:21+00:00,0.0,0.14,0.021917808219178082
2025-12-08 21:00:00+00:00,2025-12-17 00:00:00+00:00,^VIX,VIX251217C00035000,call,False,35.0,0.08,0.18,0.13,15.40999984741211,2.46094134765625,0.03554087421361189,0.0,4658.0,266680,2025-12-08 21:12:03+00:00,0.0,0.13,0.021917808219178082
2025-12-08 21:00:00+00:00,2025-12-17 00:00:00+00:00,^VIX,VIX251217C00036000,call,False,36.0,0.07,0.17,0.11,15.40999984741211,2.49219126953125,0.03554087421361189,0.0,32.0,13095,2025-12-08 20:58:49+00:00,0.01972222222222222,0.12000000000000001,0.021917808219178082
2025-12-08 21:00:00+00:00,2025-12-17 00:00:00+00:00,^VIX,VIX251217C00037000,call,False,37.0,0.06,0.16,0.1,15.40999984741211,2.5234411914062496,0.03554087421361189,0.0,108.0,70087,2025-12-08 20:59:01+00:00,0.01638888888888889,0.11,0.021917808219178082
2025-12-08 21:00:00+00:00,2025-12-17 00:00:00+00:00,^VIX,VIX251217C00038000,call,False,38.0,0.06,0.13,0.1,15.40999984741211,2.5312536718749996,0.03554087421361189,0.0,266.0,17219,2025-12-08 21:12:14+00:00,0.0,0.095,0.021917808219178082
2025-12-08 21:00:00+00:00,2025-12-17 00:00:00+00:00,^VIX,VIX251217C00039000,call,False,39.0,0.05,0.14,0.09,15.40999984741211,2.593753515625,0.03554087421361189,0.0,11.0,13216,2025-12-08 21:13:09+00:00,0.0,0.095,0.021917808219178082
2025-12-08 21:00:00+00:00,2025-12-17 00:00:00+00:00,^VIX,VIX251217C00040000,call,False,40.0,0.04,0.11,0.1,15.40999984741211,2.5546911132812498,0.03554087421361189,0.0,68.0,144200,2025-12-08 21:01:06+00:00,0.0,0.075,0.021917808219178082
2025-12-08 21:00:00+00:00,2025-12-17 00:00:00+00:00,^VIX,VIX251217C00042500,call,False,42.5,0.02,0.12,0.07,15.40999984741211,2.6640658398437504,0.03554087421361189,0.0,8.0,47779,2025-12-08 20:59:24+00:00,0.01,0.06999999999999999,0.021917808219178082
2025-12-08 21:00:00+00:00,2025-12-17 00:00:00+00:00,^VIX,VIX251217C00045000,call,False,45.0,0.0,0.1,0.07,15.40999984741211,2.6718783203125005,0.03554087421361189,0.0,16.0,62513,2025-12-08 19:49:02+00:00,1.1827777777777777,0.05,0.021917808219178082
2025-12-08 21:00:00+00:00,2025-12-17 00:00:00+00:00,^VIX,VIX251217C00047500,call,False,47.5,0.0,0.09,0.05,15.40999984741211,2.750003125,0.03554087421361189,0.0,259.0,75867,2025-12-08 21:01:58+00:00,0.0,0.045,0.021917808219178082
2025-12-08 21:00:00+00:00,2025-12-17 00:00:00+00:00,^VIX,VIX251217C00050000,call,False,50.0,0.0,0.09,0.04,15.40999984741211,2.8593778515625,0.03554087421361189,0.0,743.0,115178,2025-12-08 19:33:37+00:00,1.4397222222222221,0.045,0.021917808219178082
2025-12-08 21:00:00+00:00,2025-12-17 00:00:00+00:00,^VIX,VIX251217C00055000,call,False,55.0,0.0,0.08,0.02,15.40999984741211,3.0000025,0.03554087421361189,0.0,128.0,64176,2025-12-08 20:58:56+00:00,0.017777777777777778,0.04,0.021917808219178082
2025-12-08 21:00:00+00:00,2025-12-17 00:00:00+00:00,^VIX,VIX251217C00060000,call,False,60.0,0.0,0.07,0.02,15.40999984741211,3.1250021875,0.03554087421361189,0.0,74.0,324100,2025-12-08 21:09:44+00:00,0.0,0.035,0.021917808219178082
2025-12-08 21:00:00+00:00,2025-12-17 00:00:00+00:00,^VIX,VIX251217C00065000,call,False,65.0,0.0,0.06,0.01,15.40999984741211,3.2343769140624996,0.03554087421361189,0.0,1260.0,51658,2025-12-08 20:59:42+00:00,0.005,0.03,0.021917808219178082
2025-12-08 21:00:00+00:00,2025-12-17 00:00:00+00:00,^VIX,VIX251217C00070000,call,False,70.0,0.0,0.06,0.01,15.40999984741211,3.3750015624999996,0.03554087421361189,0.0,1080.0,36118,2025-12-04 15:47:24+00:00,101.21,0.03,0.021917808219178082
2025-12-08 21:00:00+00:00,2025-12-17 00:00:00+00:00,^VIX,VIX251217C00075000,call,False,75.0,0.0,0.06,0.02,15.40999984741211,3.50000125,0.03554087421361189,0.0,2.0,70958,2025-12-08 20:52:18+00:00,0.12833333333333333,0.03,0.021917808219178082
2025-12-08 21:00:00+00:00,2025-12-17 00:00:00+00:00,^VIX,VIX251217C00080000,call,False,80.0,0.0,0.0,0.01,15.40999984741211,0.500005,0.03554087421361189,0.0,91.0,68053,2025-12-08 18:30:34+00:00,2.4905555555555554,0.0,0.021917808219178082
2025-12-08 21:00:00+00:00,2025-12-17 00:00:00+00:00,^VIX,VIX251217C00085000,call,False,85.0,0.0,0.05,0.01,15.40999984741211,3.6875007812500002,0.03554087421361189,0.0,2.0,31517,2025-12-05 20:53:41+00:00,72.10527777777777,0.025,0.021917808219178082
2025-12-08 21:00:00+00:00,2025-12-17 00:00:00+00:00,^VIX,VIX251217C00090000,call,False,90.0,0.0,0.05,0.01,15.40999984741211,3.7812505468750004,0.03554087421361189,0.0,1.0,31377,2025-12-05 16:44:09+00:00,76.26416666666667,0.025,0.021917808219178082
2025-12-08 21:00:00+00:00,2025-12-17 00:00:00+00:00,^VIX,VIX251217C00095000,call,False,95.0,0.0,0.05,0.02,15.40999984741211,3.8750003125,0.03554087421361189,0.0,1.0,19221,2025-12-02 14:34:18+00:00,150.42833333333334,0.025,0.021917808219178082
2025-12-08 21:00:00+00:00,2025-12-17 00:00:00+00:00,^VIX,VIX251217C00100000,call,False,100.0,0.0,0.05,0.01,15.40999984741211,3.968750078125,0.03554087421361189,0.0,250.0,114402,2025-12-08 17:16:51+00:00,3.7191666666666667,0.025,0.021917808219178082
2025-12-08 21:00:00+00:00,2025-12-17 00:00:00+00:00,^VIX,VIX251217C00110000,call,False,110.0,0.0,0.05,0.01,15.40999984741211,4.1562548046875,0.03554087421361189,0.0,20.0,134790,2025-12-05 16:36:43+00:00,76.38805555555555,0.025,0.021917808219178082
2025-12-08 21:00:00+00:00,2025-12-17 00:00:00+00:00,^VIX,VIX251217C00120000,call,False,120.0,0.0,0.05,0.01,15.40999984741211,4.312504609374999,0.03554087421361189,0.0,20.0,22341,2025-12-02 18:24:27+00:00,146.5925,0.025,0.021917808219178082
2025-12-08 21:00:00+00:00,2025-12-17 00:00:00+00:00,^VIX,VIX251217C00130000,call,False,130.0,0.0,0.05,0.01,15.40999984741211,4.437504453124999,0.03554087421361189,0.0,4.0,23452,2025-12-01 15:47:45+00:00,173.20416666666668,0.025,0.021917808219178082
2025-12-08 21:00:00+00:00,2025-12-17 00:00:00+00:00,^VIX,VIX251217C00140000,call,False,140.0,0.0,0.05,0.1,15.40999984741211,4.562504296875,0.03554087421361189,0.0,1.0,9132,2025-11-20 17:40:51+00:00,435.31916666666666,0.025,0.021917808219178082
2025-12-08 21:00:00+00:00,2025-12-17 00:00:00+00:00,^VIX,VIX251217C00150000,call,False,150.0,0.0,0.05,0.03,15.40999984741211,4.687504140625,0.03554087421361189,0.0,102.0,4306,2025-11-21 20:03:37+00:00,408.9397222222222,0.025,0.021917808219178082
2025-12-08 21:00:00+00:00,2025-12-17 00:00:00+00:00,^VIX,VIX251217C00160000,call,False,160.0,0.0,0.05,0.07,15.40999984741211,4.812503984374999,0.03554087421361189,0.0,1.0,118,2025-11-18 16:26:53+00:00,484.5519444444444,0.025,0.021917808219178082
2025-12-08 21:00:00+00:00,2025-12-17 00:00:00+00:00,^VIX,VIX251217C00170000,call,False,170.0,0.0,0.05,0.07,15.40999984741211,4.906253867187499,0.03554087421361189,0.0,290.0,2746,2025-11-20 17:41:47+00:00,435.30361111111114,0.025,0.021917808219178082
2025-12-08 21:00:00+00:00,2025-12-17 00:00:00+00:00,^VIX,VIX251217C00180000,call,False,180.0,0.0,0.05,0.02,15.40999984741211,5.000003749999999,0.03554087421361189,0.0,1.0,6569,2025-11-28 17:48:48+00:00,243.18666666666667,0.025,0.021917808219178082
2025-12-08 21:00:00+00:00,2025-12-17 00:00:00+00:00,^VIX,VIX251217C00190000,call,False,190.0,0.0,0.05,0.03,15.40999984741211,5.0937536328125,0.03554087421361189,0.0,102.0,705,2025-11-14 20:31:24+00:00,576.4766666666667,0.025,0.021917808219178082
2025-12-08 21:00:00+00:00,2025-12-17 00:00:00+00:00,^VIX,VIX251217C00200000,call,False,200.0,0.0,0.05,0.01,15.40999984741211,5.187503515625,0.03554087421361189,0.0,8.0,6916,2025-12-08 19:52:09+00:00,1.1308333333333334,0.025,0.021917808219178082
2025-12-08 21:00:00+00:00,2025-12-17 00:00:00+00:00,^VIX,VIX251217P00010000,put,False,10.0,0.0,0.0,0.01,15.40999984741211,0.500005,0.03554087421361189,0.0,10.0,5536,2025-12-02 20:31:37+00:00,144.47305555555556,0.0,0.021917808219178082
2025-12-08 21:00:00+00:00,2025-12-17 00:00:00+00:00,^VIX,VIX251217P00010500,put,False,10.5,0.0,0.0,0.01,15.40999984741211,0.500005,0.03554087421361189,0.0,1.0,3179,2025-11-19 20:03:11+00:00,456.94694444444445,0.0,0.021917808219178082
2025-12-08 21:00:00+00:00,2025-12-17 00:00:00+00:00,^VIX,VIX251217P00011000,put,False,11.0,0.0,0.04,0.01,15.40999984741211,1.21875390625,0.03554087421361189,0.0,2.0,632,2025-11-10 19:27:51+00:00,673.5358333333334,0.02,0.021917808219178082
2025-12-08 21:00:00+00:00,2025-12-17 00:00:00+00:00,^VIX,VIX251217P00011500,put,False,11.5,0.0,0.0,0.01,15.40999984741211,0.500005,0.03554087421361189,0.0,2.0,815,2025-12-03 17:25:17+00:00,123.57861111111112,0.0,0.021917808219178082
2025-12-08 21:00:00+00:00,2025-12-17 00:00:00+00:00,^VIX,VIX251217P00012000,put,False,12.0,0.0,0.0,0.01,15.40999984741211,0.500005,0.03554087421361189,0.0,551.0,2196,2025-11-24 21:03:01+00:00,335.94972222222225,0.0,0.021917808219178082
2025-12-08 21:00:00+00:00,2025-12-17 00:00:00+00:00,^VIX,VIX251217P00012500,put,False,12.5,0.0,0.05,0.01,15.40999984741211,0.92187578125,0.03554087421361189,0.0,5.0,2430,2025-12-08 19:46:28+00:00,1.2255555555555555,0.025,0.021917808219178082
2025-12-08 21:00:00+00:00,2025-12-17 00:00:00+00:00,^VIX,VIX251217P00013000,put,False,13.0,0.0,0.0,0.01,15.40999984741211,0.500005,0.03554087421361189,0.0,18.0,37543,2025-12-08 17:24:14+00:00,3.596111111111111,0.0,0.021917808219178082
2025-12-08 21:00:00+00:00,2025-12-17 00:00:00+00:00,^VIX,VIX251217P00013500,put,False,13.5,0.0,0.07,0.02,15.40999984741211,0.7500025,0.03554087421361189,0.0,5.0,49380,2025-12-05 18:19:55+00:00,74.66805555555555,0.035,0.021917808219178082
2025-12-08 21:00:00+00:00,2025-12-17 00:00:00+00:00,^VIX,VIX251217P00014000,put,False,14.0,0.0,0.0,0.02,15.40999984741211,0.2500075,0.03554087421361189,0.0,333.0,165025,2025-12-08 20:38:19+00:00,0.36138888888888887,0.0,0.021917808219178082
2025-12-08 21:00:00+00:00,2025-12-17 00:00:00+00:00,^VIX,VIX251217P00014500,put,False,14.5,0.0,0.0,0.05,15.40999984741211,0.2500075,0.03554087421361189,0.0,585.0,90110,2025-12-08 20:36:38+00:00,0.3894444444444444,0.0,0.021917808219178082
2025-12-08 21:00:00+00:00,2025-12-17 00:00:00+00:00,^VIX,VIX251217P00015000,put,False,15.0,0.04,0.14,0.08,15.40999984741211,0.5507857421875001,0.03554087421361189,0.0,32313.0,195918,2025-12-08 20:43:12+00:00,0.28,0.09000000000000001,0.021917808219178082
2025-12-08 21:00:00+00:00,2025-12-17 00:00:00+00:00,^VIX,VIX251217P00015500,put,False,15.5,0.11,0.18,0.16,15.40999984741211,0.50586431640625,0.03554087421361189,0.0,27854.0,150896,2025-12-08 21:06:57+00:00,0.0,0.145,0.021917808219178082
2025-12-08 21:00:00+00:00,2025-12-17 00:00:00+00:00,^VIX,VIX251217P00016000,put,False,16.0,0.19,0.3,0.3,15.40999984741211,0.5293015820312501,0.03554087421361189,0.0,23409.0,201062,2025-12-08 21:01:36+00:00,0.0,0.245,0.021917808219178082
2025-12-08 21:00:00+00:00,2025-12-17 00:00:00+00:00,^VIX,VIX251217P00016500,put,False,16.5,0.32,0.49,0.47,15.40999984741211,0.51758294921875,0.03554087421361189,0.0,17926.0,126665,2025-12-08 21:12:20+00:00,0.0,0.405,0.021917808219178082
2025-12-08 21:00:00+00:00,2025-12-17 00:00:00+00:00,^VIX,VIX251217P00017000,put,True,17.0,0.64,0.76,0.7,15.40999984741211,0.51758294921875,0.03554087421361189,0.0,16610.0,207203,2025-12-08 21:09:23+00:00,0.0,0.7,0.021917808219178082
2025-12-08 21:00:00+00:00,2025-12-17 00:00:00+00:00,^VIX,VIX251217P00017500,put,True,17.5,0.93,1.07,1.0,15.40999984741211,0.48828636718750007,0.03554087421361189,0.0,24971.0,87655,2025-12-08 21:05:19+00:00,0.0,1.0,0.021917808219178082
2025-12-08 21:00:00+00:00,2025-12-17 00:00:00+00:00,^VIX,VIX251217P00018000,put,True,18.0,1.29,1.43,1.33,15.40999984741211,0.43555251953125,0.03554087421361189,0.0,42868.0,274289,2025-12-08 20:59:33+00:00,0.0075,1.3599999999999999,0.021917808219178082
2025-12-08 21:00:00+00:00,2025-12-17 00:00:00+00:00,^VIX,VIX251217P00018500,put,True,18.5,1.67,1.82,1.73,15.40999984741211,1.0000000000000003e-05,0.03554087421361189,0.0,3506.0,49863,2025-12-08 21:00:46+00:00,0.0,1.745,0.021917808219178082
2025-12-08 21:00:00+00:00,2025-12-17 00:00:00+00:00,^VIX,VIX251217P00019000,put,True,19.0,2.08,2.2,2.13,15.40999984741211,1.0000000000000003e-05,0.03554087421361189,0.0,7862.0,184764,2025-12-08 21:00:46+00:00,0.0,2.14,0.021917808219178082
2025-12-08 21:00:00+00:00,2025-12-17 00:00:00+00:00,^VIX,VIX251217P00019500,put,True,19.5,0.18,2.62,2.56,15.40999984741211,1.0000000000000003e-05,0.03554087421361189,0.0,1558.0,74492,2025-12-08 20:59:42+00:00,0.005,1.4000000000000001,0.021917808219178082
2025-12-08 21:00:00+00:00,2025-12-17 00:00:00+00:00,^VIX,VIX251217P00020000,put,True,20.0,0.47,3.1,3.05,15.40999984741211,1.0000000000000003e-05,0.03554087421361189,0.0,665.0,145170,2025-12-08 20:59:41+00:00,0.005277777777777778,1.7850000000000001,0.021917808219178082
2025-12-08 21:00:00+00:00,2025-12-17 00:00:00+00:00,^VIX,VIX251217P00020500,put,True,20.5,3.4,3.55,3.45,15.40999984741211,1.0000000000000003e-05,0.03554087421361189,0.0,17.0,44472,2025-12-08 20:59:31+00:00,0.008055555555555555,3.4749999999999996,0.021917808219178082
2025-12-08 21:00:00+00:00,2025-12-17 00:00:00+00:00,^VIX,VIX251217P00021000,put,True,21.0,3.85,4.0,3.95,15.40999984741211,1.0000000000000003e-05,0.03554087421361189,0.0,52.0,110075,2025-12-08 20:59:46+00:00,0.0038888888888888888,3.925,0.021917808219178082
2025-12-08 21:00:00+00:00,2025-12-17 00:00:00+00:00,^VIX,VIX251217P00021500,put,True,21.5,4.35,4.45,4.4,15.40999984741211,1.0000000000000003e-05,0.03554087421361189,0.0,24.0,43714,2025-12-08 20:59:46+00:00,0.0038888888888888888,4.4,0.021917808219178082
2025-12-08 21:00:00+00:00,2025-12-17 00:00:00+00:00,^VIX,VIX251217P00022000,put,True,22.0,4.8,4.95,4.72,15.40999984741211,1.0000000000000003e-05,0.03554087421361189,0.0,233.0,51269,2025-12-08 17:22:26+00:00,3.6261111111111113,4.875,0.021917808219178082
2025-12-08 21:00:00+00:00,2025-12-17 00:00:00+00:00,^VIX,VIX251217P00022500,put,True,22.5,5.25,5.4,5.4,15.40999984741211,1.0000000000000003e-05,0.03554087421361189,0.0,69.0,14480,2025-12-08 15:57:08+00:00,5.047777777777778,5.325,0.021917808219178082
2025-12-08 21:00:00+00:00,2025-12-17 00:00:00+00:00,^VIX,VIX251217P00023000,put,True,23.0,5.75,5.9,5.7,15.40999984741211,1.0000000000000003e-05,0.03554087421361189,0.0,22.0,11893,2025-12-08 19:55:31+00:00,1.0747222222222221,5.825,0.021917808219178082
2025-12-08 21:00:00+00:00,2025-12-17 00:00:00+00:00,^VIX,VIX251217P00023500,put,True,23.5,6.25,6.35,6.39,15.40999984741211,1.0000000000000003e-05,0.03554087421361189,0.0,43.0,398,2025-12-08 15:35:57+00:00,5.400833333333333,6.3,0.021917808219178082
2025-12-08 21:00:00+00:00,2025-12-17 00:00:00+00:00,^VIX,VIX251217P00024000,put,True,24.0,6.7,6.85,6.66,15.40999984741211,1.0000000000000003e-05,0.03554087421361189,0.0,40.0,13082,2025-12-08 17:31:32+00:00,3.4744444444444444,6.775,0.021917808219178082
2025-12-08 21:00:00+00:00,2025-12-17 00:00:00+00:00,^VIX,VIX251217P00024500,put,True,24.5,7.2,7.35,7.1,15.40999984741211,1.0000000000000003e-05,0.03554087421361189,0.0,159.0,1529,2025-12-08 15:47:38+00:00,5.206111111111111,7.275,0.021917808219178082
2025-12-08 21:00:00+00:00,2025-12-17 00:00:00+00:00,^VIX,VIX251217P00025000,put,True,25.0,7.7,7.8,7.6,15.40999984741211,1.0000000000000003e-05,0.03554087421361189,0.0,179.0,7173,2025-12-08 20:25:33+00:00,0.5741666666666667,7.75,0.021917808219178082
2025-12-08 21:00:00+00:00,2025-12-17 00:00:00+00:00,^VIX,VIX251217P00026000,put,True,26.0,8.65,8.8,8.6,15.40999984741211,1.0000000000000003e-05,0.03554087421361189,0.0,27.0,1205,2025-12-08 19:50:36+00:00,1.1566666666666667,8.725000000000001,0.021917808219178082
2025-12-08 21:00:00+00:00,2025-12-17 00:00:00+00:00,^VIX,VIX251217P00027000,put,True,27.0,9.65,9.75,9.85,15.40999984741211,1.0000000000000003e-05,0.03554087421361189,0.0,450.0,3376,2025-12-05 18:19:06+00:00,74.68166666666667,9.7,0.021917808219178082
2025-12-08 21:00:00+00:00,2025-12-17 00:00:00+00:00,^VIX,VIX251217P00028000,put,True,28.0,10.6,10.75,10.6,15.40999984741211,1.0000000000000003e-05,0.03554087421361189,0.0,16.0,1944,2025-12-08 20:27:10+00:00,0.5472222222222223,10.675,0.021917808219178082
2025-12-08 21:00:00+00:00,2025-12-17 00:00:00+00:00,^VIX,VIX251217P00029000,put,True,29.0,11.6,11.7,11.81,15.40999984741211,1.0000000000000003e-05,0.03554087421361189,0.0,3.0,180,2025-12-05 15:36:20+00:00,77.39444444444445,11.649999999999999,0.021917808219178082
2025-12-08 21:00:00+00:00,2025-12-17 00:00:00+00:00,^VIX,VIX251217P00030000,put,True,30.0,12.55,12.7,12.7,15.40999984741211,1.0000000000000003e-05,0.03554087421361189,0.0,2.0,2964,2025-12-08 16:25:29+00:00,4.575277777777778,12.625,0.021917808219178082
2025-12-08 21:00:00+00:00,2025-12-17 00:00:00+00:00,^VIX,VIX251217P00031000,put,True,31.0,13.55,13.7,13.55,15.40999984741211,1.0000000000000003e-05,0.03554087421361189,0.0,15.0,49,2025-12-08 17:10:28+00:00,3.8255555555555554,13.625,0.021917808219178082
2025-12-08 21:00:00+00:00,2025-12-17 00:00:00+00:00,^VIX,VIX251217P00032000,put,True,32.0,14.55,14.65,14.2,15.40999984741211,1.0000000000000003e-05,0.03554087421361189,0.0,42.0,862,2025-12-03 15:18:18+00:00,125.695,14.600000000000001,0.021917808219178082
2025-12-08 21:00:00+00:00,2025-12-17 00:00:00+00:00,^VIX,VIX251217P00033000,put,True,33.0,15.55,15.65,15.75,15.40999984741211,1.0000000000000003e-05,0.03554087421361189,0.0,15.0,525,2025-12-05 19:44:11+00:00,73.26361111111112,15.600000000000001,0.021917808219178082
2025-12-08 21:00:00+00:00,2025-12-17 00:00:00+00:00,^VIX,VIX251217P00034000,put,True,34.0,16.5,16.65,16.1,15.40999984741211,1.0000000000000003e-05,0.03554087421361189,0.0,3.0,780,2025-12-03 14:55:25+00:00,126.07638888888889,16.575,0.021917808219178082
2025-12-08 21:00:00+00:00,2025-12-17 00:00:00+00:00,^VIX,VIX251217P00035000,put,True,35.0,17.5,17.65,17.4,15.40999984741211,1.0000000000000003e-05,0.03554087421361189,0.0,100.0,606,2025-12-08 20:35:56+00:00,0.4011111111111111,17.575,0.021917808219178082
2025-12-08 21:00:00+00:00,2025-12-17 00:00:00+00:00,^VIX,VIX251217P00036000,put,True,36.0,18.5,18.65,18.2,15.40999984741211,1.0000000000000003e-05,0.03554087421361189,0.0,3.0,16,2025-12-03 15:33:08+00:00,125.44777777777777,18.575,0.021917808219178082
2025-12-08 21:00:00+00:00,2025-12-17 00:00:00+00:00,^VIX,VIX251217P00037000,put,True,37.0,0.0,0.0,19.67,15.40999984741211,1.0000000000000003e-05,0.03554087421361189,0.0,15.0,36,2025-12-08 15:24:27+00:00,5.5925,0.0,0.021917808219178082
2025-12-08 21:00:00+00:00,2025-12-17 00:00:00+00:00,^VIX,VIX251217P00038000,put,True,38.0,20.1,21.0,20.2,15.40999984741211,1.0000000000000003e-05,0.03554087421361189,0.0,2.0,17,2025-12-03 15:33:08+00:00,125.44777777777777,20.55,0.021917808219178082
2025-12-08 21:00:00+00:00,2025-12-17 00:00:00+00:00,^VIX,VIX251217P00039000,put,True,39.0,21.15,22.0,21.2,15.40999984741211,1.0000000000000003e-05,0.03554087421361189,0.0,4.0,156,2025-12-03 15:34:12+00:00,125.43,21.575,0.021917808219178082
2025-12-08 21:00:00+00:00,2025-12-17 00:00:00+00:00,^VIX,VIX251217P00040000,put,True,40.0,0.0,0.0,22.7,15.40999984741211,1.0000000000000003e-05,0.03554087421361189,0.0,1.0,639,2025-12-05 15:43:52+00:00,77.2688888888889,0.0,0.021917808219178082
2025-12-08 21:00:00+00:00,2025-12-17 00:00:00+00:00,^VIX,VIX251217P00042500,put,True,42.5,0.0,0.0,24.55,15.40999984741211,1.0000000000000003e-05,0.03554087421361189,0.0,44.0,48,2025-12-03 15:18:18+00:00,125.695,0.0,0.021917808219178082
2025-12-08 21:00:00+00:00,2025-12-17 00:00:00+00:00,^VIX,VIX251217P00045000,put,True,45.0,27.1,27.95,26.57,15.40999984741211,1.0000000000000003e-05,0.03554087421361189,0.0,2.0,57,2025-11-28 15:16:34+00:00,245.7238888888889,27.525,0.021917808219178082
2025-12-08 21:00:00+00:00,2025-12-17 00:00:00+00:00,^VIX,VIX251217P00047500,put,True,47.5,0.0,0.0,28.51,15.40999984741211,1.0000000000000003e-05,0.03554087421361189,0.0,1.0,3,2025-11-11 20:25:34+00:00,648.5738888888889,0.0,0.021917808219178082
2025-12-08 21:00:00+00:00,2025-12-17 00:00:00+00:00,^VIX,VIX251217P00050000,put,True,50.0,32.0,32.8,31.55,15.40999984741211,1.0000000000000003e-05,0.03554087421361189,0.0,5.0,5148,2025-11-28 16:10:53+00:00,244.81861111111112,32.4,0.021917808219178082
2025-12-08 21:00:00+00:00,2025-12-17 00:00:00+00:00,^VIX,VIX251217P00055000,put,True,55.0,37.05,37.9,36.85,15.40999984741211,1.0000000000000003e-05,0.03554087421361189,0.0,1.0,10,2025-12-03 14:53:02+00:00,126.11611111111111,37.474999999999994,0.021917808219178082
2025-12-08 21:00:00+00:00,2025-12-17 00:00:00+00:00,^VIX,VIX251217P00060000,put,True,60.0,42.0,42.8,38.3,15.40999984741211,1.0000000000000003e-05,0.03554087421361189,0.0,1.0,5,2025-11-21 17:10:04+00:00,411.83222222222224,42.4,0.021917808219178082
2025-12-08 21:00:00+00:00,2025-12-17 00:00:00+00:00,^VIX,VIX251217P00065000,put,True,65.0,44.8,45.05,45.1,15.40999984741211,1.0000000000000003e-05,0.03554087421361189,0.0,2.0,5,2025-10-08 18:30:49+00:00,1466.486388888889,44.925,0.021917808219178082
2025-12-08 21:00:00+00:00,2025-12-17 00:00:00+00:00,^VIX,VIX251217P00070000,put,True,70.0,0.0,0.0,47.2,15.40999984741211,1.0000000000000003e-05,0.03554087421361189,0.0,1.0,0,2025-05-02 19:17:43+00:00,5281.704722222222,0.0,0.021917808219178082
2025-12-08 21:00:00+00:00,2025-12-17 00:00:00+00:00,^VIX,VIX251217P00075000,put,True,75.0,0.0,0.0,55.55,15.40999984741211,1.0000000000000003e-05,0.03554087421361189,0.0,38.0,148,2025-11-25 20:58:14+00:00,312.02944444444444,0.0,0.021917808219178082
2025-12-08 21:00:00+00:00,2025-12-17 00:00:00+00:00,^VIX,VIX251217P00080000,put,True,80.0,60.5,60.65,60.55,15.40999984741211,1.0000000000000003e-05,0.03554087421361189,0.0,4.0,16,2025-10-24 15:07:14+00:00,1085.8794444444445,60.575,0.021917808219178082
2025-12-08 21:00:00+00:00,2025-12-17 00:00:00+00:00,^VIX,VIX251217P00090000,put,True,90.0,72.0,72.85,71.41,15.40999984741211,1.0000000000000003e-05,0.03554087421361189,0.0,2.0,85,2025-11-28 15:37:18+00:00,245.37833333333333,72.425,0.021917808219178082
2025-12-08 21:00:00+00:00,2025-12-17 00:00:00+00:00,^VIX,VIX251217P00100000,put,True,100.0,81.95,82.85,78.45,15.40999984741211,1.0000000000000003e-05,0.03554087421361189,0.0,7.0,8,2025-11-19 20:14:32+00:00,456.7577777777778,82.4,0.021917808219178082
2025-12-08 21:00:00+00:00,2025-12-17 00:00:00+00:00,^VIX,VIX251217P00120000,put,True,120.0,99.2,100.0,99.45,15.40999984741211,1.0000000000000003e-05,0.03554087421361189,0.0,,1,2025-10-01 14:51:07+00:00,1638.1480555555556,99.6,0.021917808219178082
2025-12-08 21:00:00+00:00,2025-12-17 00:00:00+00:00,^VIX,VIX251217P00130000,put,True,130.0,111.95,112.8,109.1,15.40999984741211,1.0000000000000003e-05,0.03554087421361189,0.0,500.0,501,2025-11-04 19:13:33+00:00,817.7741666666667,112.375,0.021917808219178082
2025-12-08 21:00:00+00:00,2025-12-17 00:00:00+00:00,^VIX,VIX251217P00150000,put,True,150.0,0.0,0.0,128.19,15.40999984741211,1.0000000000000003e-05,0.03554087421361189,0.0,5.0,7,2025-11-19 20:14:32+00:00,456.7577777777778,0.0,0.021917808219178082
2025-12-08 21:00:00+00:00,2025-12-17 00:00:00+00:00,^VIX,VIX251217P00160000,put,True,160.0,0.0,0.0,137.7,15.40999984741211,1.0000000000000003e-05,0.03554087421361189,0.0,,101,2025-11-18 15:32:32+00:00,485.4577777777778,0.0,0.021917808219178082
2025-12-08 21:00:00+00:00,2025-12-17 00:00:00+00:00,^VIX,VIX251217P00180000,put,True,180.0,161.9,162.75,161.2,15.40999984741211,1.0000000000000003e-05,0.03554087421361189,0.0,1.0,373,2025-11-28 16:23:02+00:00,244.6161111111111,162.325,0.021917808219178082
2025-12-08 21:00:00+00:00,2025-12-17 00:00:00+00:00,^VIX,VIX251217P00190000,put,True,190.0,168.9,169.7,168.55,15.40999984741211,1.0000000000000003e-05,0.03554087421361189,0.0,,76,2025-09-18 14:33:49+00:00,1950.4363888888888,169.3,0.021917808219178082
2025-12-08 21:00:00+00:00,2025-12-17 00:00:00+00:00,^VIX,VIX251217P00200000,put,True,200.0,0.0,0.0,182.43,15.40999984741211,1.0000000000000003e-05,0.03554087421361189,0.0,1.0,507,2025-12-05 15:43:52+00:00,77.2688888888889,0.0,0.021917808219178082
2025-12-08 21:00:00+00:00,2025-12-24 00:00:00+00:00,^VIX,VIXW251224C00010000,call,True,10.0,5.85,10.34,8.18,15.40999984741211,3.5488292529296874,0.03554087421361189,0.0,10.0,4,2025-12-03 20:00:59+00:00,120.98361111111112,8.094999999999999,0.0410958904109589
2025-12-08 21:00:00+00:00,2025-12-24 00:00:00+00:00,^VIX,VIXW251224C00010500,call,True,10.5,5.31,9.89,10.08,15.40999984741211,3.3261735595703117,0.03554087421361189,0.0,,1,2025-11-24 15:24:01+00:00,341.5997222222222,7.6,0.0410958904109589
2025-12-08 21:00:00+00:00,2025-12-24 00:00:00+00:00,^VIX,VIXW251224C00012000,call,True,12.0,3.71,8.53,6.2,15.40999984741211,2.7168000830078123,0.03554087421361189,0.0,,10,2025-12-04 20:48:05+00:00,96.1986111111111,6.119999999999999,0.0410958904109589
2025-12-08 21:00:00+00:00,2025-12-24 00:00:00+00:00,^VIX,VIXW251224C00013000,call,True,13.0,2.66,7.63,5.0,15.40999984741211,2.357425981445312,0.03554087421361189,0.0,1.0,2,2025-12-05 15:45:34+00:00,77.24055555555556,5.145,0.0410958904109589
2025-12-08 21:00:00+00:00,2025-12-24 00:00:00+00:00,^VIX,VIXW251224C00014000,call,True,14.0,1.63,6.76,3.9,15.40999984741211,2.0332080419921876,0.03554087421361189,0.0,10.0,28,2025-12-08 15:43:42+00:00,5.2716666666666665,4.195,0.0410958904109589
2025-12-08 21:00:00+00:00,2025-12-24 00:00:00+00:00,^VIX,VIXW251224C00014500,call,True,14.5,1.08,6.41,3.7,15.40999984741211,1.89453177734375,0.03554087421361189,0.0,11.0,4,2025-12-08 17:04:17+00:00,3.928611111111111,3.745,0.0410958904109589
2025-12-08 21:00:00+00:00,2025-12-24 00:00:00+00:00,^VIX,VIXW251224C00015000,call,True,15.0,0.63,5.99,3.0,15.40999984741211,1.765626171875,0.03554087421361189,0.0,73.0,39,2025-12-08 15:43:12+00:00,5.28,3.31,0.0410958904109589
2025-12-08 21:00:00+00:00,2025-12-24 00:00:00+00:00,^VIX,VIXW251224C00016000,call,True,16.0,0.0,5.09,2.3,15.40999984741211,1.572267763671875,0.03554087421361189,0.0,110.0,411,2025-12-08 21:12:42+00:00,0.0,2.545,0.0410958904109589
2025-12-08 21:00:00+00:00,2025-12-24 00:00:00+00:00,^VIX,VIXW251224C00017000,call,False,17.0,0.0,3.0,1.69,15.40999984741211,1.15234798828125,0.03554087421361189,0.0,209.0,1008,2025-12-08 21:08:43+00:00,0.0,1.5,0.0410958904109589
2025-12-08 21:00:00+00:00,2025-12-24 00:00:00+00:00,^VIX,VIXW251224C00018000,call,False,18.0,0.0,3.71,1.36,15.40999984741211,1.6630876220703126,0.03554087421361189,0.0,252.0,1116,2025-12-08 21:00:18+00:00,0.0,1.855,0.0410958904109589
2025-12-08 21:00:00+00:00,2025-12-24 00:00:00+00:00,^VIX,VIXW251224C00019000,call,False,19.0,0.0,0.0,1.13,15.40999984741211,0.12500875,0.03554087421361189,0.0,1223.0,2071,2025-12-08 20:50:52+00:00,0.15222222222222223,0.0,0.0410958904109589
2025-12-08 21:00:00+00:00,2025-12-24 00:00:00+00:00,^VIX,VIXW251224C00020000,call,False,20.0,0.73,3.1,0.91,15.40999984741211,2.128910927734375,0.03554087421361189,0.0,541.0,3544,2025-12-08 20:43:13+00:00,0.2797222222222222,1.915,0.0410958904109589
2025-12-08 21:00:00+00:00,2025-12-24 00:00:00+00:00,^VIX,VIXW251224C00021000,call,False,21.0,0.5,2.96,0.79,15.40999984741211,2.1738326904296876,0.03554087421361189,0.0,82.0,571,2025-12-08 18:46:07+00:00,2.231388888888889,1.73,0.0410958904109589
2025-12-08 21:00:00+00:00,2025-12-24 00:00:00+00:00,^VIX,VIXW251224C00022000,call,False,22.0,0.0,2.87,0.68,15.40999984741211,2.1171922070312497,0.03554087421361189,0.0,32.0,818,2025-12-08 21:03:03+00:00,0.0,1.435,0.0410958904109589
2025-12-08 21:00:00+00:00,2025-12-24 00:00:00+00:00,^VIX,VIXW251224C00023000,call,False,23.0,0.0,2.07,0.57,15.40999984741211,1.9482424462890626,0.03554087421361189,0.0,74.0,295,2025-12-08 21:01:28+00:00,0.0,1.035,0.0410958904109589
2025-12-08 21:00:00+00:00,2025-12-24 00:00:00+00:00,^VIX,VIXW251224C00024000,call,False,24.0,0.0,2.74,0.52,15.40999984741211,2.345707260742187,0.03554087421361189,0.0,32.0,330,2025-12-08 18:18:31+00:00,2.691388888888889,1.37,0.0410958904109589
2025-12-08 21:00:00+00:00,2025-12-24 00:00:00+00:00,^VIX,VIXW251224C00025000,call,False,25.0,0.0,2.68,0.49,15.40999984741211,2.44531638671875,0.03554087421361189,0.0,76.0,647,2025-12-08 20:58:21+00:00,0.0275,1.34,0.0410958904109589
2025-12-08 21:00:00+00:00,2025-12-24 00:00:00+00:00,^VIX,VIXW251224C00026000,call,False,26.0,0.0,2.5,0.5,15.40999984741211,2.488285029296875,0.03554087421361189,0.0,12.0,118,2025-12-08 16:50:32+00:00,4.157777777777778,1.25,0.0410958904109589
2025-12-08 21:00:00+00:00,2025-12-24 00:00:00+00:00,^VIX,VIXW251224C00027000,call,False,27.0,0.0,2.31,0.44,15.40999984741211,2.517581831054687,0.03554087421361189,0.0,15.0,209,2025-12-08 21:12:57+00:00,0.0,1.155,0.0410958904109589
2025-12-08 21:00:00+00:00,2025-12-24 00:00:00+00:00,^VIX,VIXW251224C00028000,call,False,28.0,0.0,2.13,0.36,15.40999984741211,2.541019272460937,0.03554087421361189,0.0,132.0,299,2025-12-05 18:18:20+00:00,74.69444444444444,1.065,0.0410958904109589
2025-12-08 21:00:00+00:00,2025-12-24 00:00:00+00:00,^VIX,VIXW251224C00029000,call,False,29.0,0.0,1.97,0.33,15.40999984741211,2.56250359375,0.03554087421361189,0.0,10.0,63,2025-12-08 15:16:25+00:00,5.726388888888889,0.985,0.0410958904109589
2025-12-08 21:00:00+00:00,2025-12-24 00:00:00+00:00,^VIX,VIXW251224C00030000,call,False,30.0,0.0,1.83,0.35,15.40999984741211,2.587894155273437,0.03554087421361189,0.0,82.0,1125,2025-12-08 20:44:32+00:00,0.2577777777777778,0.915,0.0410958904109589
2025-12-08 21:00:00+00:00,2025-12-24 00:00:00+00:00,^VIX,VIXW251224C00031000,call,False,31.0,0.0,1.71,0.29,15.40999984741211,2.6132847167968754,0.03554087421361189,0.0,1.0,12,2025-12-05 18:18:40+00:00,74.68888888888888,0.855,0.0410958904109589
2025-12-08 21:00:00+00:00,2025-12-24 00:00:00+00:00,^VIX,VIXW251224C00032000,call,False,32.0,0.0,1.6,0.33,15.40999984741211,2.636722158203125,0.03554087421361189,0.0,1.0,48,2025-12-08 20:44:56+00:00,0.2511111111111111,0.8,0.0410958904109589
2025-12-08 21:00:00+00:00,2025-12-24 00:00:00+00:00,^VIX,VIXW251224C00033000,call,False,33.0,0.0,1.5,0.26,15.40999984741211,2.6621127197265633,0.03554087421361189,0.0,1.0,11,2025-12-05 15:44:48+00:00,77.25333333333333,0.75,0.0410958904109589
2025-12-08 21:00:00+00:00,2025-12-24 00:00:00+00:00,^VIX,VIXW251224C00034000,call,False,34.0,0.0,1.4,0.52,15.40999984741211,2.67969080078125,0.03554087421361189,0.0,5.0,16,2025-11-25 20:39:01+00:00,312.3497222222222,0.7,0.0410958904109589
2025-12-08 21:00:00+00:00,2025-12-24 00:00:00+00:00,^VIX,VIXW251224C00035000,call,False,35.0,0.0,1.31,0.24,15.40999984741211,2.697268881835938,0.03554087421361189,0.0,10.0,925,2025-12-08 15:18:47+00:00,5.686944444444444,0.655,0.0410958904109589
2025-12-08 21:00:00+00:00,2025-12-24 00:00:00+00:00,^VIX,VIXW251224C00036000,call,False,36.0,0.0,0.0,0.25,15.40999984741211,0.500005,0.03554087421361189,0.0,14.0,28,2025-12-04 16:02:54+00:00,100.95166666666667,0.0,0.0410958904109589
2025-12-08 21:00:00+00:00,2025-12-24 00:00:00+00:00,^VIX,VIXW251224C00037000,call,False,37.0,0.0,1.15,0.21,15.40999984741211,2.7304719238281248,0.03554087421361189,0.0,2.0,17,2025-12-05 18:14:17+00:00,74.76194444444444,0.575,0.0410958904109589
2025-12-08 21:00:00+00:00,2025-12-24 00:00:00+00:00,^VIX,VIXW251224C00038000,call,False,38.0,0.0,1.08,0.2,15.40999984741211,2.746096884765625,0.03554087421361189,0.0,1.0,31,2025-12-08 16:30:10+00:00,4.497222222222222,0.54,0.0410958904109589
2025-12-08 21:00:00+00:00,2025-12-24 00:00:00+00:00,^VIX,VIXW251224C00039000,call,False,39.0,0.0,1.01,0.18,15.40999984741211,2.75781560546875,0.03554087421361189,0.0,3.0,17,2025-12-05 20:46:05+00:00,72.23194444444445,0.505,0.0410958904109589
2025-12-08 21:00:00+00:00,2025-12-24 00:00:00+00:00,^VIX,VIXW251224C00040000,call,False,40.0,0.0,0.95,0.15,15.40999984741211,2.771487446289063,0.03554087421361189,0.0,17.0,230,2025-12-05 20:24:51+00:00,72.58583333333333,0.475,0.0410958904109589
2025-12-08 21:00:00+00:00,2025-12-24 00:00:00+00:00,^VIX,VIXW251224C00042500,call,False,42.5,0.0,0.0,0.16,15.40999984741211,0.500005,0.03554087421361189,0.0,1.0,8,2025-12-08 15:26:34+00:00,5.557222222222222,0.0,0.0410958904109589
2025-12-08 21:00:00+00:00,2025-12-24 00:00:00+00:00,^VIX,VIXW251224C00045000,call,False,45.0,0.0,0.72,0.14,15.40999984741211,2.843752890625,0.03554087421361189,0.0,1.0,41,2025-12-05 16:08:44+00:00,76.85444444444444,0.36,0.0410958904109589
2025-12-08 21:00:00+00:00,2025-12-24 00:00:00+00:00,^VIX,VIXW251224C00047500,call,False,47.5,0.0,0.64,0.13,15.40999984741211,2.88281529296875,0.03554087421361189,0.0,1.0,67,2025-12-04 20:22:55+00:00,96.61805555555556,0.32,0.0410958904109589
2025-12-08 21:00:00+00:00,2025-12-24 00:00:00+00:00,^VIX,VIXW251224C00050000,call,False,50.0,0.0,0.58,0.1,15.40999984741211,2.925783935546875,0.03554087421361189,0.0,10.0,821,2025-12-08 19:11:52+00:00,1.8022222222222222,0.29,0.0410958904109589
2025-12-08 21:00:00+00:00,2025-12-24 00:00:00+00:00,^VIX,VIXW251224C00055000,call,False,55.0,0.0,0.0,0.23,15.40999984741211,0.500005,0.03554087421361189,0.0,18.0,25,2025-11-26 14:30:05+00:00,294.49861111111113,0.0,0.0410958904109589
2025-12-08 21:00:00+00:00,2025-12-24 00:00:00+00:00,^VIX,VIXW251224C00060000,call,False,60.0,0.0,0.41,0.07,15.40999984741211,3.0742210644531247,0.03554087421361189,0.0,14.0,194,2025-12-08 20:16:56+00:00,0.7177777777777777,0.205,0.0410958904109589
2025-12-08 21:00:00+00:00,2025-12-24 00:00:00+00:00,^VIX,VIXW251224C00065000,call,False,65.0,0.0,0.36,0.06,15.40999984741211,3.14843962890625,0.03554087421361189,0.0,10.0,27,2025-12-08 15:45:28+00:00,5.242222222222222,0.18,0.0410958904109589
2025-12-08 21:00:00+00:00,2025-12-24 00:00:00+00:00,^VIX,VIXW251224C00070000,call,False,70.0,0.0,0.31,0.04,15.40999984741211,3.2031269921874994,0.03554087421361189,0.0,31.0,74,2025-12-08 20:16:46+00:00,0.7205555555555555,0.155,0.0410958904109589
2025-12-08 21:00:00+00:00,2025-12-24 00:00:00+00:00,^VIX,VIXW251224C00075000,call,False,75.0,0.0,0.27,0.02,15.40999984741211,3.2500018749999997,0.03554087421361189,0.0,52.0,184,2025-12-08 14:31:17+00:00,6.478611111111111,0.135,0.0410958904109589
2025-12-08 21:00:00+00:00,2025-12-24 00:00:00+00:00,^VIX,VIXW251224C00080000,call,False,80.0,0.0,0.24,0.04,15.40999984741211,3.3046892382812496,0.03554087421361189,0.0,5.0,774,2025-12-08 20:26:18+00:00,0.5616666666666666,0.12,0.0410958904109589
2025-12-08 21:00:00+00:00,2025-12-24 00:00:00+00:00,^VIX,VIXW251224C00085000,call,False,85.0,0.0,0.22,0.03,15.40999984741211,3.3593766015624995,0.03554087421361189,0.0,26.0,51,2025-12-08 15:33:05+00:00,5.448611111111111,0.11,0.0410958904109589
2025-12-08 21:00:00+00:00,2025-12-24 00:00:00+00:00,^VIX,VIXW251224C00090000,call,False,90.0,0.0,0.2,0.01,15.40999984741211,3.406251484375,0.03554087421361189,0.0,45.0,21,2025-12-08 16:52:39+00:00,4.1225,0.1,0.0410958904109589
2025-12-08 21:00:00+00:00,2025-12-24 00:00:00+00:00,^VIX,VIXW251224C00100000,call,False,100.0,0.0,0.17,0.04,15.40999984741211,3.50000125,0.03554087421361189,0.0,5.0,340,2025-11-26 17:51:35+00:00,291.1402777777778,0.085,0.0410958904109589
2025-12-08 21:00:00+00:00,2025-12-24 00:00:00+00:00,^VIX,VIXW251224P00010000,put,False,10.0,0.0,0.0,0.01,15.40999984741211,0.500005,0.03554087421361189,0.0,60.0,61,2025-11-26 18:31:41+00:00,290.47194444444443,0.0,0.0410958904109589
2025-12-08 21:00:00+00:00,2025-12-24 00:00:00+00:00,^VIX,VIXW251224P00012000,put,False,12.0,0.0,0.04,0.02,15.40999984741211,0.7656273437500001,0.03554087421361189,0.0,1.0,11,2025-11-28 15:52:12+00:00,245.13,0.02,0.0410958904109589
2025-12-08 21:00:00+00:00,2025-12-24 00:00:00+00:00,^VIX,VIXW251224P00012500,put,False,12.5,0.0,0.05,0.04,15.40999984741211,0.70312796875,0.03554087421361189,0.0,10.0,10,2025-11-21 17:31:30+00:00,411.475,0.025,0.0410958904109589
2025-12-08 21:00:00+00:00,2025-12-24 00:00:00+00:00,^VIX,VIXW251224P00013500,put,False,13.5,0.0,0.07,0.01,15.40999984741211,0.57812921875,0.03554087421361189,0.0,,10,2025-11-20 17:20:35+00:00,435.65694444444443,0.035,0.0410958904109589
2025-12-08 21:00:00+00:00,2025-12-24 00:00:00+00:00,^VIX,VIXW251224P00014000,put,False,14.0,0.0,0.08,0.03,15.40999984741211,0.507817421875,0.03554087421361189,0.0,8.0,170,2025-12-08 18:31:30+00:00,2.475,0.04,0.0410958904109589
2025-12-08 21:00:00+00:00,2025-12-24 00:00:00+00:00,^VIX,VIXW251224P00014500,put,False,14.5,0.01,0.12,0.08,15.40999984741211,0.5644574804687501,0.03554087421361189,0.0,119.0,792,2025-12-08 20:52:07+00:00,0.1313888888888889,0.065,0.0410958904109589
2025-12-08 21:00:00+00:00,2025-12-24 00:00:00+00:00,^VIX,VIXW251224P00015000,put,False,15.0,0.0,0.33,0.13,15.40999984741211,0.51758294921875,0.03554087421361189,0.0,110.0,1530,2025-12-08 20:55:53+00:00,0.06861111111111111,0.165,0.0410958904109589
2025-12-08 21:00:00+00:00,2025-12-24 00:00:00+00:00,^VIX,VIXW251224P00016000,put,False,16.0,0.0,0.0,0.36,15.40999984741211,0.062509375,0.03554087421361189,0.0,74.0,470,2025-12-08 20:49:01+00:00,0.18305555555555555,0.0,0.0410958904109589
2025-12-08 21:00:00+00:00,2025-12-24 00:00:00+00:00,^VIX,VIXW251224P00017000,put,True,17.0,0.0,2.91,0.75,15.40999984741211,0.8828136718749999,0.03554087421361189,0.0,262.0,200,2025-12-08 19:25:57+00:00,1.5675,1.455,0.0410958904109589
2025-12-08 21:00:00+00:00,2025-12-24 00:00:00+00:00,^VIX,VIXW251224P00018000,put,True,18.0,0.0,2.3,1.28,15.40999984741211,1.0332079589843752,0.03554087421361189,0.0,16.0,394,2025-12-08 19:07:35+00:00,1.8736111111111111,1.15,0.0410958904109589
2025-12-08 21:00:00+00:00,2025-12-24 00:00:00+00:00,^VIX,VIXW251224P00019000,put,True,19.0,0.17,4.64,2.05,15.40999984741211,2.1992232519531245,0.03554087421361189,0.0,64.0,146,2025-12-08 19:26:50+00:00,1.5527777777777778,2.405,0.0410958904109589
2025-12-08 21:00:00+00:00,2025-12-24 00:00:00+00:00,^VIX,VIXW251224P00020000,put,True,20.0,0.89,3.5,2.85,15.40999984741211,0.710940390625,0.03554087421361189,0.0,25.0,395,2025-12-08 20:04:10+00:00,0.9305555555555556,2.195,0.0410958904109589
2025-12-08 21:00:00+00:00,2025-12-24 00:00:00+00:00,^VIX,VIXW251224P00021000,put,True,21.0,1.66,6.62,3.72,15.40999984741211,2.566409833984375,0.03554087421361189,0.0,1.0,104,2025-12-04 17:14:07+00:00,99.76472222222222,4.14,0.0410958904109589
2025-12-08 21:00:00+00:00,2025-12-24 00:00:00+00:00,^VIX,VIXW251224P00022000,put,True,22.0,2.48,7.64,4.6,15.40999984741211,2.7441437646484372,0.03554087421361189,0.0,1.0,82,2025-12-08 16:30:34+00:00,4.490555555555556,5.06,0.0410958904109589
2025-12-08 21:00:00+00:00,2025-12-24 00:00:00+00:00,^VIX,VIXW251224P00023000,put,True,23.0,3.36,8.62,5.63,15.40999984741211,2.880862172851563,0.03554087421361189,0.0,6.0,119,2025-12-08 17:59:15+00:00,3.0125,5.989999999999999,0.0410958904109589
2025-12-08 21:00:00+00:00,2025-12-24 00:00:00+00:00,^VIX,VIXW251224P00024000,put,True,24.0,4.26,9.59,6.1,15.40999984741211,2.9980493798828123,0.03554087421361189,0.0,34.0,44,2025-12-01 16:03:31+00:00,172.9413888888889,6.925,0.0410958904109589
2025-12-08 21:00:00+00:00,2025-12-24 00:00:00+00:00,^VIX,VIXW251224P00025000,put,True,25.0,5.15,10.6,7.4,15.40999984741211,3.135744348144531,0.03554087421361189,0.0,25.0,100,2025-12-08 16:58:24+00:00,4.026666666666666,7.875,0.0410958904109589
2025-12-08 21:00:00+00:00,2025-12-24 00:00:00+00:00,^VIX,VIXW251224P00026000,put,True,26.0,6.12,11.52,8.35,15.40999984741211,3.1992207519531246,0.03554087421361189,0.0,22.0,118,2025-12-08 17:01:25+00:00,3.9763888888888888,8.82,0.0410958904109589
2025-12-08 21:00:00+00:00,2025-12-24 00:00:00+00:00,^VIX,VIXW251224P00027000,put,True,27.0,7.08,12.46,9.19,15.40999984741211,3.269533076171875,0.03554087421361189,0.0,26.0,55,2025-12-03 14:51:05+00:00,126.14861111111111,9.77,0.0410958904109589
2025-12-08 21:00:00+00:00,2025-12-24 00:00:00+00:00,^VIX,VIXW251224P00028000,put,True,28.0,8.05,13.4,10.48,15.40999984741211,3.3320329199218746,0.03554087421361189,0.0,1.0,12,2025-12-08 15:48:34+00:00,5.190555555555555,10.725000000000001,0.0410958904109589
2025-12-08 21:00:00+00:00,2025-12-24 00:00:00+00:00,^VIX,VIXW251224P00029000,put,True,29.0,9.03,14.34,11.27,15.40999984741211,3.388673403320312,0.03554087421361189,0.0,1.0,2,2025-12-04 19:59:14+00:00,97.01277777777777,11.684999999999999,0.0410958904109589
2025-12-08 21:00:00+00:00,2025-12-24 00:00:00+00:00,^VIX,VIXW251224P00030000,put,True,30.0,10.02,15.28,12.21,15.40999984741211,3.438477966308594,0.03554087421361189,0.0,15.0,13,2025-12-08 17:48:19+00:00,3.194722222222222,12.649999999999999,0.0410958904109589
2025-12-08 21:00:00+00:00,2025-12-24 00:00:00+00:00,^VIX,VIXW251224P00031000,put,True,31.0,11.01,16.22,11.25,15.40999984741211,3.4824231689453127,0.03554087421361189,0.0,1.0,2,2025-11-24 15:24:32+00:00,341.5911111111111,13.614999999999998,0.0410958904109589
2025-12-08 21:00:00+00:00,2025-12-24 00:00:00+00:00,^VIX,VIXW251224P00033000,put,True,33.0,13.0,18.12,13.88,15.40999984741211,3.5742198144531248,0.03554087421361189,0.0,1.0,1,2025-11-25 17:40:59+00:00,315.31694444444446,15.56,0.0410958904109589
2025-12-08 21:00:00+00:00,2025-12-24 00:00:00+00:00,^VIX,VIXW251224P00035000,put,True,35.0,15.0,20.03,15.22,15.40999984741211,3.6562508593750005,0.03554087421361189,0.0,,0,2025-11-19 15:33:35+00:00,461.4402777777778,17.515,0.0410958904109589
2025-12-08 21:00:00+00:00,2025-12-24 00:00:00+00:00,^VIX,VIXW251224P00038000,put,True,38.0,17.99,22.93,18.47,15.40999984741211,3.7812505468750004,0.03554087421361189,0.0,1.0,6,2025-11-25 17:01:19+00:00,315.97805555555556,20.46,0.0410958904109589
2025-12-08 21:00:00+00:00,2025-12-24 00:00:00+00:00,^VIX,VIXW251224P00042500,put,True,42.5,22.48,27.33,24.45,15.40999984741211,3.966796958007812,0.03554087421361189,0.0,,11,2025-12-04 20:08:16+00:00,96.86222222222223,24.905,0.0410958904109589
2025-12-08 21:00:00+00:00,2025-12-24 00:00:00+00:00,^VIX,VIXW251224P00050000,put,True,50.0,29.91,34.77,29.76,15.40999984741211,4.287114016113281,0.03554087421361189,0.0,,40,2025-11-24 19:52:34+00:00,337.12388888888887,32.34,0.0410958904109589
2025-12-08 21:00:00+00:00,2025-12-24 00:00:00+00:00,^VIX,VIXW251224P00060000,put,True,60.0,39.86,44.7,39.59,15.40999984741211,4.620121412353516,0.03554087421361189,0.0,43.0,40,2025-11-24 19:52:34+00:00,337.12388888888887,42.28,0.0410958904109589
2025-12-08 21:00:00+00:00,2025-12-31 00:00:00+00:00,^VIX,VIXW251231C00010000,call,True,10.0,0.0,0.0,8.99,15.40999984741211,1.0000000000000003e-05,0.03554087421361189,0.0,,1,2025-12-04 19:53:23+00:00,97.11027777777778,0.0,0.06027397260273973
2025-12-08 21:00:00+00:00,2025-12-31 00:00:00+00:00,^VIX,VIXW251231C00010500,call,True,10.5,0.0,0.0,8.61,15.40999984741211,1.0000000000000003e-05,0.03554087421361189,0.0,1.0,0,2025-12-03 15:00:57+00:00,125.98416666666667,0.0,0.06027397260273973
2025-12-08 21:00:00+00:00,2025-12-31 00:00:00+00:00,^VIX,VIXW251231C00011500,call,True,11.5,0.0,0.0,7.78,15.40999984741211,1.0000000000000003e-05,0.03554087421361189,0.0,1.0,1,2025-12-02 18:05:19+00:00,146.9113888888889,0.0,0.06027397260273973
2025-12-08 21:00:00+00:00,2025-12-31 00:00:00+00:00,^VIX,VIXW251231C00013000,call,True,13.0,0.0,0.0,6.13,15.40999984741211,1.0000000000000003e-05,0.03554087421361189,0.0,1.0,1,2025-12-05 17:43:34+00:00,75.27388888888889,0.0,0.06027397260273973
2025-12-08 21:00:00+00:00,2025-12-31 00:00:00+00:00,^VIX,VIXW251231C00014000,call,True,14.0,0.0,0.0,5.14,15.40999984741211,1.0000000000000003e-05,0.03554087421361189,0.0,2.0,12,2025-12-05 19:41:58+00:00,73.30055555555556,0.0,0.06027397260273973
2025-12-08 21:00:00+00:00,2025-12-31 00:00:00+00:00,^VIX,VIXW251231C00014500,call,True,14.5,0.0,0.0,4.9,15.40999984741211,1.0000000000000003e-05,0.03554087421361189,0.0,,3,2025-12-03 20:50:10+00:00,120.16388888888889,0.0,0.06027397260273973
2025-12-08 21:00:00+00:00,2025-12-31 00:00:00+00:00,^VIX,VIXW251231C00015000,call,True,15.0,1.3,6.21,4.42,15.40999984741211,1.7753917480468748,0.03554087421361189,0.0,5.0,138,2025-12-08 18:57:12+00:00,2.046666666666667,3.755,0.06027397260273973
2025-12-08 21:00:00+00:00,2025-12-31 00:00:00+00:00,^VIX,VIXW251231C00016000,call,True,16.0,0.56,5.64,3.3,15.40999984741211,1.6630876220703126,0.03554087421361189,0.0,74.0,230,2025-12-08 21:01:41+00:00,0.0,3.0999999999999996,0.06027397260273973
2025-12-08 21:00:00+00:00,2025-12-31 00:00:00+00:00,^VIX,VIXW251231C00017000,call,False,17.0,1.75,4.68,2.65,15.40999984741211,1.986328193359375,0.03554087421361189,0.0,72.0,390,2025-12-08 18:48:45+00:00,2.1875,3.215,0.06027397260273973
2025-12-08 21:00:00+00:00,2025-12-31 00:00:00+00:00,^VIX,VIXW251231C00018000,call,False,18.0,0.0,0.0,2.1,15.40999984741211,0.062509375,0.03554087421361189,0.0,65.0,411,2025-12-08 19:48:50+00:00,1.1861111111111111,0.0,0.06027397260273973
2025-12-08 21:00:00+00:00,2025-12-31 00:00:00+00:00,^VIX,VIXW251231C00019000,call,False,19.0,0.0,0.0,1.67,15.40999984741211,0.12500875,0.03554087421361189,0.0,5.0,93,2025-12-08 18:37:43+00:00,2.3713888888888888,0.0,0.06027397260273973
2025-12-08 21:00:00+00:00,2025-12-31 00:00:00+00:00,^VIX,VIXW251231C00020000,call,False,20.0,0.0,0.0,1.39,15.40999984741211,0.2500075,0.03554087421361189,0.0,209.0,552,2025-12-08 20:47:25+00:00,0.20972222222222223,0.0,0.06027397260273973
2025-12-08 21:00:00+00:00,2025-12-31 00:00:00+00:00,^VIX,VIXW251231C00021000,call,False,21.0,0.0,2.97,1.13,15.40999984741211,1.6796891015625,0.03554087421361189,0.0,7.0,65,2025-12-08 17:21:29+00:00,3.6419444444444444,1.485,0.06027397260273973
2025-12-08 21:00:00+00:00,2025-12-31 00:00:00+00:00,^VIX,VIXW251231C00022000,call,False,22.0,0.0,2.8,1.07,15.40999984741211,1.759766826171875,0.03554087421361189,0.0,28.0,75,2025-12-08 19:49:24+00:00,1.1766666666666667,1.4,0.06027397260273973
2025-12-08 21:00:00+00:00,2025-12-31 00:00:00+00:00,^VIX,VIXW251231C00023000,call,False,23.0,0.0,2.69,0.93,15.40999984741211,1.8457038964843748,0.03554087421361189,0.0,5.0,213,2025-12-08 19:52:33+00:00,1.1241666666666668,1.345,0.06027397260273973
2025-12-08 21:00:00+00:00,2025-12-31 00:00:00+00:00,^VIX,VIXW251231C00024000,call,False,24.0,0.0,2.61,0.81,15.40999984741211,1.931640966796875,0.03554087421361189,0.0,42.0,113,2025-12-08 18:48:45+00:00,2.1875,1.305,0.06027397260273973
2025-12-08 21:00:00+00:00,2025-12-31 00:00:00+00:00,^VIX,VIXW251231C00025000,call,False,25.0,0.1,2.55,0.77,15.40999984741211,2.0488330029296877,0.03554087421361189,0.0,213.0,1381,2025-12-08 20:58:32+00:00,0.024444444444444446,1.325,0.06027397260273973
2025-12-08 21:00:00+00:00,2025-12-31 00:00:00+00:00,^VIX,VIXW251231C00026000,call,False,26.0,0.0,2.49,0.67,15.40999984741211,2.091801645507812,0.03554087421361189,0.0,4.0,12,2025-12-05 20:44:37+00:00,72.25638888888889,1.245,0.06027397260273973
2025-12-08 21:00:00+00:00,2025-12-31 00:00:00+00:00,^VIX,VIXW251231C00027000,call,False,27.0,0.0,2.43,0.65,15.40999984741211,2.161137409667969,0.03554087421361189,0.0,6.0,26,2025-12-08 16:38:02+00:00,4.3661111111111115,1.215,0.06027397260273973
2025-12-08 21:00:00+00:00,2025-12-31 00:00:00+00:00,^VIX,VIXW251231C00028000,call,False,28.0,0.0,0.0,0.56,15.40999984741211,0.500005,0.03554087421361189,0.0,14.0,147,2025-12-08 20:19:42+00:00,0.6716666666666666,0.0,0.06027397260273973
2025-12-08 21:00:00+00:00,2025-12-31 00:00:00+00:00,^VIX,VIXW251231C00029000,call,False,29.0,0.0,0.0,0.53,15.40999984741211,0.500005,0.03554087421361189,0.0,2.0,113,2025-12-08 18:28:41+00:00,2.5219444444444443,0.0,0.06027397260273973
2025-12-08 21:00:00+00:00,2025-12-31 00:00:00+00:00,^VIX,VIXW251231C00030000,call,False,30.0,0.0,2.25,0.5,15.40999984741211,2.3378947802734364,0.03554087421361189,0.0,327.0,317,2025-12-08 19:58:17+00:00,1.0286111111111111,1.125,0.06027397260273973
2025-12-08 21:00:00+00:00,2025-12-31 00:00:00+00:00,^VIX,VIXW251231C00031000,call,False,31.0,0.0,2.19,0.45,15.40999984741211,2.387699343261718,0.03554087421361189,0.0,3.0,9,2025-12-05 20:07:10+00:00,72.88055555555556,1.095,0.06027397260273973
2025-12-08 21:00:00+00:00,2025-12-31 00:00:00+00:00,^VIX,VIXW251231C00032000,call,False,32.0,0.0,0.0,0.47,15.40999984741211,0.500005,0.03554087421361189,0.0,8.0,12,2025-12-05 17:44:52+00:00,75.25222222222222,0.0,0.06027397260273973
2025-12-08 21:00:00+00:00,2025-12-31 00:00:00+00:00,^VIX,VIXW251231C00033000,call,False,33.0,0.0,1.99,0.46,15.40999984741211,2.4433632666015628,0.03554087421361189,0.0,1.0,3,2025-12-04 18:51:01+00:00,98.14972222222222,0.995,0.06027397260273973
2025-12-08 21:00:00+00:00,2025-12-31 00:00:00+00:00,^VIX,VIXW251231C00034000,call,False,34.0,0.0,1.87,0.43,15.40999984741211,2.458011667480469,0.03554087421361189,0.0,1.0,153,2025-12-05 16:15:35+00:00,76.74027777777778,0.935,0.06027397260273973
2025-12-08 21:00:00+00:00,2025-12-31 00:00:00+00:00,^VIX,VIXW251231C00035000,call,False,35.0,0.0,1.75,0.43,15.40999984741211,2.4668007080078125,0.03554087421361189,0.0,3.0,35,2025-12-03 16:11:12+00:00,124.81333333333333,0.875,0.06027397260273973
2025-12-08 21:00:00+00:00,2025-12-31 00:00:00+00:00,^VIX,VIXW251231C00038000,call,False,38.0,0.0,1.46,0.28,15.40999984741211,2.50000375,0.03554087421361189,0.0,6.0,6,2025-12-08 14:33:42+00:00,6.4383333333333335,0.73,0.06027397260273973
2025-12-08 21:00:00+00:00,2025-12-31 00:00:00+00:00,^VIX,VIXW251231C00040000,call,False,40.0,0.0,1.29,0.3,15.40999984741211,2.5156287109374995,0.03554087421361189,0.0,24.0,45,2025-12-08 20:36:48+00:00,0.38666666666666666,0.645,0.06027397260273973
2025-12-08 21:00:00+00:00,2025-12-31 00:00:00+00:00,^VIX,VIXW251231C00045000,call,False,45.0,0.0,0.97,0.22,15.40999984741211,2.5527379931640626,0.03554087421361189,0.0,2.0,2,2025-12-05 19:06:00+00:00,73.9,0.485,0.06027397260273973
2025-12-08 21:00:00+00:00,2025-12-31 00:00:00+00:00,^VIX,VIXW251231C00047500,call,False,47.5,0.0,0.85,0.19,15.40999984741211,2.57031607421875,0.03554087421361189,0.0,2.0,152,2025-12-05 18:00:38+00:00,74.98944444444444,0.425,0.06027397260273973
2025-12-08 21:00:00+00:00,2025-12-31 00:00:00+00:00,^VIX,VIXW251231C00050000,call,False,50.0,0.0,0.75,0.23,15.40999984741211,2.5898472753906248,0.03554087421361189,0.0,122.0,80,2025-12-08 20:44:56+00:00,0.2511111111111111,0.375,0.06027397260273973
2025-12-08 21:00:00+00:00,2025-12-31 00:00:00+00:00,^VIX,VIXW251231C00055000,call,False,55.0,0.0,0.61,0.15,15.40999984741211,2.636722158203125,0.03554087421361189,0.0,,1,2025-12-03 20:50:10+00:00,120.16388888888889,0.305,0.06027397260273973
2025-12-08 21:00:00+00:00,2025-12-31 00:00:00+00:00,^VIX,VIXW251231C00065000,call,False,65.0,0.0,0.45,0.09,15.40999984741211,2.750003125,0.03554087421361189,0.0,220.0,2,2025-12-08 19:50:16+00:00,1.1622222222222223,0.225,0.06027397260273973
2025-12-08 21:00:00+00:00,2025-12-31 00:00:00+00:00,^VIX,VIXW251231C00070000,call,False,70.0,0.0,0.39,0.06,15.40999984741211,2.792971767578125,0.03554087421361189,0.0,11.0,15,2025-12-08 18:50:53+00:00,2.1519444444444447,0.195,0.06027397260273973
2025-12-08 21:00:00+00:00,2025-12-31 00:00:00+00:00,^VIX,VIXW251231C00075000,call,False,75.0,0.0,0.34,0.08,15.40999984741211,2.832034169921875,0.03554087421361189,0.0,2.0,2,2025-12-05 16:32:47+00:00,76.45361111111112,0.17,0.06027397260273973
2025-12-08 21:00:00+00:00,2025-12-31 00:00:00+00:00,^VIX,VIXW251231C00085000,call,False,85.0,0.0,0.27,0.05,15.40999984741211,2.906252734375,0.03554087421361189,0.0,200.0,201,2025-12-03 18:51:11+00:00,122.14694444444444,0.135,0.06027397260273973
2025-12-08 21:00:00+00:00,2025-12-31 00:00:00+00:00,^VIX,VIXW251231C00090000,call,False,90.0,0.0,0.25,0.08,15.40999984741211,2.9531276171874996,0.03554087421361189,0.0,5.0,6,2025-12-02 14:30:03+00:00,150.49916666666667,0.125,0.06027397260273973
2025-12-08 21:00:00+00:00,2025-12-31 00:00:00+00:00,^VIX,VIXW251231P00012500,put,False,12.5,0.0,0.05,0.01,15.40999984741211,0.5937540625000001,0.03554087421361189,0.0,1.0,6,2025-12-04 14:30:10+00:00,102.49722222222222,0.025,0.06027397260273973
2025-12-08 21:00:00+00:00,2025-12-31 00:00:00+00:00,^VIX,VIXW251231P00014000,put,False,14.0,0.0,0.07,0.02,15.40999984741211,0.48438015625,0.03554087421361189,0.0,50.0,100,2025-12-05 17:53:19+00:00,75.11138888888888,0.035,0.06027397260273973
2025-12-08 21:00:00+00:00,2025-12-31 00:00:00+00:00,^VIX,VIXW251231P00015000,put,False,15.0,0.0,0.14,0.07,15.40999984741211,0.41211525390625,0.03554087421361189,0.0,92.0,307,2025-12-08 20:05:26+00:00,0.9094444444444445,0.07,0.06027397260273973
2025-12-08 21:00:00+00:00,2025-12-31 00:00:00+00:00,^VIX,VIXW251231P00016000,put,False,16.0,0.0,0.61,0.21,15.40999984741211,0.5400436621093752,0.03554087421361189,0.0,135.0,432,2025-12-08 20:02:26+00:00,0.9594444444444444,0.305,0.06027397260273973
2025-12-08 21:00:00+00:00,2025-12-31 00:00:00+00:00,^VIX,VIXW251231P00017000,put,True,17.0,0.0,1.72,0.5,15.40999984741211,0.8984385156249999,0.03554087421361189,0.0,2.0,565,2025-12-08 20:38:49+00:00,0.35305555555555557,0.86,0.06027397260273973
2025-12-08 21:00:00+00:00,2025-12-31 00:00:00+00:00,^VIX,VIXW251231P00019000,put,True,19.0,0.0,3.39,1.54,15.40999984741211,1.1054732226562503,0.03554087421361189,0.0,9.0,47,2025-12-05 17:40:42+00:00,75.32166666666667,1.695,0.06027397260273973
2025-12-08 21:00:00+00:00,2025-12-31 00:00:00+00:00,^VIX,VIXW251231P00020000,put,True,20.0,0.0,0.0,2.21,15.40999984741211,1.0000000000000003e-05,0.03554087421361189,0.0,11.0,10,2025-12-04 15:50:25+00:00,101.15972222222223,0.0,0.06027397260273973
2025-12-08 21:00:00+00:00,2025-12-31 00:00:00+00:00,^VIX,VIXW251231P00021000,put,True,21.0,0.0,0.0,3.07,15.40999984741211,1.0000000000000003e-05,0.03554087421361189,0.0,30.0,55,2025-12-05 15:10:45+00:00,77.82083333333334,0.0,0.06027397260273973
2025-12-08 21:00:00+00:00,2025-12-31 00:00:00+00:00,^VIX,VIXW251231P00025000,put,True,25.0,0.0,0.0,6.5,15.40999984741211,1.0000000000000003e-05,0.03554087421361189,0.0,2.0,2,2025-12-02 18:28:00+00:00,146.53333333333333,0.0,0.06027397260273973
2025-12-08 21:00:00+00:00,2025-12-31 00:00:00+00:00,^VIX,VIXW251231P00026000,put,True,26.0,0.0,0.0,7.64,15.40999984741211,1.0000000000000003e-05,0.03554087421361189,0.0,30.0,40,2025-12-05 15:09:53+00:00,77.83527777777778,0.0,0.06027397260273973
2025-12-08 21:00:00+00:00,2025-12-31 00:00:00+00:00,^VIX,VIXW251231P00027000,put,True,27.0,0.0,0.0,8.44,15.40999984741211,1.0000000000000003e-05,0.03554087421361189,0.0,15.0,25,2025-12-03 15:04:34+00:00,125.92388888888888,0.0,0.06027397260273973
2025-12-08 21:00:00+00:00,2026-01-07 00:00:00+00:00,^VIX,VIXW260107C00013500,call,True,13.5,0.0,0.0,5.85,15.40999984741211,1.0000000000000003e-05,0.03554087421361189,0.0,10.0,11,2025-12-08 14:38:46+00:00,6.353888888888889,0.0,0.07945205479452055
2025-12-08 21:00:00+00:00,2026-01-07 00:00:00+00:00,^VIX,VIXW260107C00014000,call,True,14.0,0.0,0.0,5.2,15.40999984741211,1.0000000000000003e-05,0.03554087421361189,0.0,10.0,10,2025-12-05 18:41:21+00:00,74.31083333333333,0.0,0.07945205479452055
2025-12-08 21:00:00+00:00,2026-01-07 00:00:00+00:00,^VIX,VIXW260107C00015000,call,True,15.0,0.0,0.0,4.84,15.40999984741211,1.0000000000000003e-05,0.03554087421361189,0.0,6.0,8,2025-12-08 14:43:51+00:00,6.269166666666667,0.0,0.07945205479452055
2025-12-08 21:00:00+00:00,2026-01-07 00:00:00+00:00,^VIX,VIXW260107C00016000,call,True,16.0,0.0,0.0,3.85,15.40999984741211,1.0000000000000003e-05,0.03554087421361189,0.0,16.0,35,2025-12-08 21:09:38+00:00,0.0,0.0,0.07945205479452055
2025-12-08 21:00:00+00:00,2026-01-07 00:00:00+00:00,^VIX,VIXW260107C00017000,call,False,17.0,0.0,0.0,3.15,15.40999984741211,0.0312596875,0.03554087421361189,0.0,35.0,55,2025-12-08 20:11:18+00:00,0.8116666666666666,0.0,0.07945205479452055
2025-12-08 21:00:00+00:00,2026-01-07 00:00:00+00:00,^VIX,VIXW260107C00018000,call,False,18.0,0.0,0.0,2.6,15.40999984741211,0.062509375,0.03554087421361189,0.0,19.0,15,2025-12-08 18:58:27+00:00,2.0258333333333334,0.0,0.07945205479452055
2025-12-08 21:00:00+00:00,2026-01-07 00:00:00+00:00,^VIX,VIXW260107C00019000,call,False,19.0,0.0,0.0,2.02,15.40999984741211,0.12500875,0.03554087421361189,0.0,4.0,21,2025-12-08 18:24:47+00:00,2.5869444444444443,0.0,0.07945205479452055
2025-12-08 21:00:00+00:00,2026-01-07 00:00:00+00:00,^VIX,VIXW260107C00020000,call,False,20.0,0.0,0.0,1.79,15.40999984741211,0.12500875,0.03554087421361189,0.0,18.0,171,2025-12-08 20:49:38+00:00,0.17277777777777778,0.0,0.07945205479452055
2025-12-08 21:00:00+00:00,2026-01-07 00:00:00+00:00,^VIX,VIXW260107C00021000,call,False,21.0,0.0,0.0,1.51,15.40999984741211,0.2500075,0.03554087421361189,0.0,217.0,23,2025-12-08 19:31:29+00:00,1.4752777777777777,0.0,0.07945205479452055
2025-12-08 21:00:00+00:00,2026-01-07 00:00:00+00:00,^VIX,VIXW260107C00022000,call,False,22.0,0.0,0.0,1.35,15.40999984741211,0.2500075,0.03554087421361189,0.0,221.0,15,2025-12-08 20:43:26+00:00,0.2761111111111111,0.0,0.07945205479452055
2025-12-08 21:00:00+00:00,2026-01-07 00:00:00+00:00,^VIX,VIXW260107C00023000,call,False,23.0,0.0,0.0,1.15,15.40999984741211,0.2500075,0.03554087421361189,0.0,106.0,10,2025-12-08 15:36:39+00:00,5.389166666666667,0.0,0.07945205479452055
2025-12-08 21:00:00+00:00,2026-01-07 00:00:00+00:00,^VIX,VIXW260107C00024000,call,False,24.0,0.0,0.0,1.05,15.40999984741211,0.2500075,0.03554087421361189,0.0,20.0,26,2025-12-08 18:24:47+00:00,2.5869444444444443,0.0,0.07945205479452055
2025-12-08 21:00:00+00:00,2026-01-07 00:00:00+00:00,^VIX,VIXW260107C00025000,call,False,25.0,0.0,0.0,0.97,15.40999984741211,0.2500075,0.03554087421361189,0.0,5.0,10,2025-12-08 19:37:06+00:00,1.3816666666666666,0.0,0.07945205479452055
2025-12-08 21:00:00+00:00,2026-01-07 00:00:00+00:00,^VIX,VIXW260107C00028000,call,False,28.0,0.0,0.0,0.66,15.40999984741211,0.500005,0.03554087421361189,0.0,22.0,22,2025-12-05 21:04:22+00:00,71.92722222222223,0.0,0.07945205479452055
2025-12-08 21:00:00+00:00,2026-01-07 00:00:00+00:00,^VIX,VIXW260107C00029000,call,False,29.0,0.0,0.0,0.7,15.40999984741211,0.500005,0.03554087421361189,0.0,6.0,10,2025-12-05 15:05:14+00:00,77.91277777777778,0.0,0.07945205479452055
2025-12-08 21:00:00+00:00,2026-01-07 00:00:00+00:00,^VIX,VIXW260107C00030000,call,False,30.0,0.0,0.0,0.7,15.40999984741211,0.500005,0.03554087421361189,0.0,42.0,9,2025-12-08 20:39:28+00:00,0.3422222222222222,0.0,0.07945205479452055
2025-12-08 21:00:00+00:00,2026-01-07 00:00:00+00:00,^VIX,VIXW260107C00033000,call,False,33.0,0.0,0.0,0.5,15.40999984741211,0.500005,0.03554087421361189,0.0,2.0,2,2025-12-05 18:16:29+00:00,74.72527777777778,0.0,0.07945205479452055
2025-12-08 21:00:00+00:00,2026-01-07 00:00:00+00:00,^VIX,VIXW260107C00035000,call,False,35.0,0.0,0.0,0.49,15.40999984741211,0.500005,0.03554087421361189,0.0,3.0,1,2025-12-05 20:42:03+00:00,72.29916666666666,0.0,0.07945205479452055
2025-12-08 21:00:00+00:00,2026-01-07 00:00:00+00:00,^VIX,VIXW260107C00040000,call,False,40.0,0.0,0.0,0.47,15.40999984741211,0.500005,0.03554087421361189,0.0,12.0,3,2025-12-08 20:44:56+00:00,0.2511111111111111,0.0,0.07945205479452055
2025-12-08 21:00:00+00:00,2026-01-07 00:00:00+00:00,^VIX,VIXW260107C00045000,call,False,45.0,0.0,1.7,0.31,15.40999984741211,2.5781285546875,0.03554087421361189,0.0,,9,2025-12-04 17:43:56+00:00,99.26777777777778,0.85,0.07945205479452055
2025-12-08 21:00:00+00:00,2026-01-07 00:00:00+00:00,^VIX,VIXW260107C00050000,call,False,50.0,0.0,1.32,0.24,15.40999984741211,2.5800816748046875,0.03554087421361189,0.0,12.0,2,2025-12-08 16:11:17+00:00,4.811944444444444,0.66,0.07945205479452055
2025-12-08 21:00:00+00:00,2026-01-07 00:00:00+00:00,^VIX,VIXW260107C00060000,call,False,60.0,0.0,0.88,0.21,15.40999984741211,2.6191440771484373,0.03554087421361189,0.0,,25,2025-12-04 16:26:46+00:00,100.55388888888889,0.44,0.07945205479452055
2025-12-08 21:00:00+00:00,2026-01-07 00:00:00+00:00,^VIX,VIXW260107C00070000,call,False,70.0,0.0,0.65,0.15,15.40999984741211,2.6777376806640625,0.03554087421361189,0.0,,10,2025-12-04 15:13:15+00:00,101.77916666666667,0.325,0.07945205479452055
2025-12-08 21:00:00+00:00,2026-01-07 00:00:00+00:00,^VIX,VIXW260107C00075000,call,False,75.0,0.0,0.58,0.11,15.40999984741211,2.7148469628906247,0.03554087421361189,0.0,10.0,10,2025-12-05 16:03:14+00:00,76.94611111111111,0.29,0.07945205479452055
2025-12-08 21:00:00+00:00,2026-01-07 00:00:00+00:00,^VIX,VIXW260107P00014500,put,False,14.5,0.0,0.09,0.06,15.40999984741211,0.38477177734374995,0.03554087421361189,0.0,11.0,11,2025-12-05 20:26:42+00:00,72.555,0.045,0.07945205479452055
2025-12-08 21:00:00+00:00,2026-01-07 00:00:00+00:00,^VIX,VIXW260107P00015000,put,False,15.0,0.0,0.19,0.09,15.40999984741211,0.40430283203125,0.03554087421361189,0.0,101.0,41,2025-12-08 16:42:17+00:00,4.295277777777778,0.095,0.07945205479452055
2025-12-08 21:00:00+00:00,2026-01-07 00:00:00+00:00,^VIX,VIXW260107P00016000,put,False,16.0,0.0,0.0,0.21,15.40999984741211,0.0312596875,0.03554087421361189,0.0,16.0,14,2025-12-08 20:10:21+00:00,0.8275,0.0,0.07945205479452055
2025-12-08 21:00:00+00:00,2026-01-07 00:00:00+00:00,^VIX,VIXW260107P00017000,put,True,17.0,0.0,2.02,0.48,15.40999984741211,0.946289599609375,0.03554087421361189,0.0,14.0,1,2025-12-08 19:09:12+00:00,1.8466666666666667,1.01,0.07945205479452055
2025-12-08 21:00:00+00:00,2026-01-07 00:00:00+00:00,^VIX,VIXW260107P00019000,put,True,19.0,0.0,0.0,1.51,15.40999984741211,1.0000000000000003e-05,0.03554087421361189,0.0,2.0,1,2025-12-05 17:25:14+00:00,75.57944444444445,0.0,0.07945205479452055
2025-12-08 21:00:00+00:00,2026-01-21 00:00:00+00:00,^VIX,VIX260121C00010000,call,True,10.0,9.1,9.6,9.44,15.40999984741211,3.0859397851562496,0.03554087421361189,0.0,61.0,2089,2025-12-08 20:47:06+00:00,0.215,9.35,0.1178082191780822
2025-12-08 21:00:00+00:00,2026-01-21 00:00:00+00:00,^VIX,VIX260121C00010500,call,True,10.5,0.0,0.0,12.35,15.40999984741211,1.0000000000000003e-05,0.03554087421361189,0.0,1.0,1165,2025-11-18 15:17:02+00:00,485.7161111111111,0.0,0.1178082191780822
2025-12-08 21:00:00+00:00,2026-01-21 00:00:00+00:00,^VIX,VIX260121C00011000,call,True,11.0,0.0,0.0,8.3,15.40999984741211,1.0000000000000003e-05,0.03554087421361189,0.0,1.0,2960,2025-12-05 14:30:03+00:00,78.49916666666667,0.0,0.1178082191780822
2025-12-08 21:00:00+00:00,2026-01-21 00:00:00+00:00,^VIX,VIX260121C00011500,call,True,11.5,0.0,0.0,7.65,15.40999984741211,1.0000000000000003e-05,0.03554087421361189,0.0,1.0,3018,2025-12-05 20:56:15+00:00,72.0625,0.0,0.1178082191780822
2025-12-08 21:00:00+00:00,2026-01-21 00:00:00+00:00,^VIX,VIX260121C00012000,call,True,12.0,7.15,7.6,7.44,15.40999984741211,2.4238320654296874,0.03554087421361189,0.0,28.0,2542,2025-12-08 17:21:36+00:00,3.64,7.375,0.1178082191780822
2025-12-08 21:00:00+00:00,2026-01-21 00:00:00+00:00,^VIX,VIX260121C00012500,call,True,12.5,6.65,7.1,11.0,15.40999984741211,2.2734418164062498,0.03554087421361189,0.0,1.0,1540,2025-11-21 15:35:57+00:00,413.4008333333333,6.875,0.1178082191780822
2025-12-08 21:00:00+00:00,2026-01-21 00:00:00+00:00,^VIX,VIX260121C00013000,call,True,13.0,0.0,0.0,6.5,15.40999984741211,1.0000000000000003e-05,0.03554087421361189,0.0,4.0,2621,2025-12-08 20:30:55+00:00,0.4847222222222222,0.0,0.1178082191780822
2025-12-08 21:00:00+00:00,2026-01-21 00:00:00+00:00,^VIX,VIX260121C00013500,call,True,13.5,5.7,6.15,5.95,15.40999984741211,2.0156299609375,0.03554087421361189,0.0,5.0,258,2025-12-05 16:34:31+00:00,76.42472222222223,5.925000000000001,0.1178082191780822
2025-12-08 21:00:00+00:00,2026-01-21 00:00:00+00:00,^VIX,VIX260121C00014000,call,True,14.0,0.0,0.0,5.54,15.40999984741211,1.0000000000000003e-05,0.03554087421361189,0.0,4.0,1788,2025-12-08 17:14:00+00:00,3.7666666666666666,0.0,0.1178082191780822
2025-12-08 21:00:00+00:00,2026-01-21 00:00:00+00:00,^VIX,VIX260121C00014500,call,True,14.5,4.75,5.2,5.1,15.40999984741211,1.7705089599609374,0.03554087421361189,0.0,20.0,30102,2025-12-08 20:05:49+00:00,0.9030555555555555,4.975,0.1178082191780822
2025-12-08 21:00:00+00:00,2026-01-21 00:00:00+00:00,^VIX,VIX260121C00015000,call,True,15.0,0.0,0.0,4.55,15.40999984741211,1.0000000000000003e-05,0.03554087421361189,0.0,103.0,7016,2025-12-08 21:04:02+00:00,0.0,0.0,0.1178082191780822
2025-12-08 21:00:00+00:00,2026-01-21 00:00:00+00:00,^VIX,VIX260121C00015500,call,True,15.5,0.0,0.0,4.25,15.40999984741211,1.0000000000000003e-05,0.03554087421361189,0.0,23.0,185,2025-12-08 20:26:45+00:00,0.5541666666666667,0.0,0.1178082191780822
2025-12-08 21:00:00+00:00,2026-01-21 00:00:00+00:00,^VIX,VIX260121C00016000,call,True,16.0,1.11,3.9,3.83,15.40999984741211,0.948242705078125,0.03554087421361189,0.0,196.0,3561,2025-12-08 21:01:58+00:00,0.0,2.505,0.1178082191780822
2025-12-08 21:00:00+00:00,2026-01-21 00:00:00+00:00,^VIX,VIX260121C00016500,call,True,16.5,0.8,3.55,3.5,15.40999984741211,0.905274384765625,0.03554087421361189,0.0,59.0,379,2025-12-08 20:36:17+00:00,0.3952777777777778,2.175,0.1178082191780822
2025-12-08 21:00:00+00:00,2026-01-21 00:00:00+00:00,^VIX,VIX260121C00017000,call,False,17.0,2.95,3.3,3.25,15.40999984741211,1.4111357568359377,0.03554087421361189,0.0,209.0,3959,2025-12-08 20:59:59+00:00,0.0002777777777777778,3.125,0.1178082191780822
2025-12-08 21:00:00+00:00,2026-01-21 00:00:00+00:00,^VIX,VIX260121C00017500,call,False,17.5,2.79,3.0,3.05,15.40999984741211,1.3925811621093749,0.03554087421361189,0.0,29.0,595,2025-12-08 20:09:46+00:00,0.8372222222222222,2.895,0.1178082191780822
2025-12-08 21:00:00+00:00,2026-01-21 00:00:00+00:00,^VIX,VIX260121C00018000,call,False,18.0,2.57,2.97,2.73,15.40999984741211,1.4150419873046878,0.03554087421361189,0.0,282.0,7345,2025-12-08 20:46:31+00:00,0.2247222222222222,2.77,0.1178082191780822
2025-12-08 21:00:00+00:00,2026-01-21 00:00:00+00:00,^VIX,VIX260121C00018500,call,False,18.5,2.39,2.61,2.44,15.40999984741211,1.3701203369140624,0.03554087421361189,0.0,24.0,247,2025-12-08 16:15:06+00:00,4.748333333333333,2.5,0.1178082191780822
2025-12-08 21:00:00+00:00,2026-01-21 00:00:00+00:00,^VIX,VIX260121C00019000,call,False,19.0,2.22,2.44,2.38,15.40999984741211,1.3647492700195314,0.03554087421361189,0.0,426.0,18210,2025-12-08 20:59:11+00:00,0.01361111111111111,2.33,0.1178082191780822
2025-12-08 21:00:00+00:00,2026-01-21 00:00:00+00:00,^VIX,VIX260121C00019500,call,False,19.5,2.07,2.28,2.21,15.40999984741211,1.361331318359375,0.03554087421361189,0.0,3294.0,54208,2025-12-08 20:44:17+00:00,0.2619444444444444,2.175,0.1178082191780822
2025-12-08 21:00:00+00:00,2026-01-21 00:00:00+00:00,^VIX,VIX260121C00020000,call,False,20.0,1.88,2.21,2.05,15.40999984741211,1.365237548828125,0.03554087421361189,0.0,2031.0,50371,2025-12-08 21:01:50+00:00,0.0,2.045,0.1178082191780822
2025-12-08 21:00:00+00:00,2026-01-21 00:00:00+00:00,^VIX,VIX260121C00020500,call,False,20.5,1.82,2.02,1.94,15.40999984741211,1.3671906640625,0.03554087421361189,0.0,15.0,13932,2025-12-08 17:26:02+00:00,3.5661111111111112,1.92,0.1178082191780822
2025-12-08 21:00:00+00:00,2026-01-21 00:00:00+00:00,^VIX,VIX260121C00021000,call,False,21.0,1.71,1.91,1.82,15.40999984741211,1.3720734521484375,0.03554087421361189,0.0,219.0,60709,2025-12-08 21:05:15+00:00,0.0,1.81,0.1178082191780822
2025-12-08 21:00:00+00:00,2026-01-21 00:00:00+00:00,^VIX,VIX260121C00021500,call,False,21.5,1.57,1.92,1.73,15.40999984741211,1.3935577197265623,0.03554087421361189,0.0,463.0,4848,2025-12-08 19:15:23+00:00,1.743611111111111,1.745,0.1178082191780822
2025-12-08 21:00:00+00:00,2026-01-21 00:00:00+00:00,^VIX,VIX260121C00022000,call,False,22.0,1.46,1.72,1.63,15.40999984741211,1.3720734521484375,0.03554087421361189,0.0,2676.0,104885,2025-12-08 21:01:58+00:00,0.0,1.5899999999999999,0.1178082191780822
2025-12-08 21:00:00+00:00,2026-01-21 00:00:00+00:00,^VIX,VIX260121C00022500,call,False,22.5,1.46,1.65,1.54,15.40999984741211,1.40234673828125,0.03554087421361189,0.0,9289.0,14781,2025-12-08 21:03:21+00:00,0.0,1.555,0.1178082191780822
2025-12-08 21:00:00+00:00,2026-01-21 00:00:00+00:00,^VIX,VIX260121C00023000,call,False,23.0,1.39,1.67,1.49,15.40999984741211,1.4345731396484376,0.03554087421361189,0.0,194.0,108088,2025-12-08 20:59:07+00:00,0.014722222222222222,1.5299999999999998,0.1178082191780822
2025-12-08 21:00:00+00:00,2026-01-21 00:00:00+00:00,^VIX,VIX260121C00023500,call,False,23.5,1.22,1.5,1.41,15.40999984741211,1.396487392578125,0.03554087421361189,0.0,1547.0,2300,2025-12-08 21:00:03+00:00,0.0,1.3599999999999999,0.1178082191780822
2025-12-08 21:00:00+00:00,2026-01-21 00:00:00+00:00,^VIX,VIX260121C00024000,call,False,24.0,1.16,1.5,1.38,15.40999984741211,1.4228544482421874,0.03554087421361189,0.0,2065.0,86330,2025-12-08 20:53:17+00:00,0.11194444444444444,1.33,0.1178082191780822
2025-12-08 21:00:00+00:00,2026-01-21 00:00:00+00:00,^VIX,VIX260121C00024500,call,False,24.5,1.11,1.45,1.3,15.40999984741211,1.4365262548828124,0.03554087421361189,0.0,5.0,3768,2025-12-05 15:55:29+00:00,77.07527777777777,1.28,0.1178082191780822
2025-12-08 21:00:00+00:00,2026-01-21 00:00:00+00:00,^VIX,VIX260121C00025000,call,False,25.0,1.06,1.41,1.29,15.40999984741211,1.4521511767578126,0.03554087421361189,0.0,1961.0,53129,2025-12-08 21:14:15+00:00,0.0,1.2349999999999999,0.1178082191780822
2025-12-08 21:00:00+00:00,2026-01-21 00:00:00+00:00,^VIX,VIX260121C00026000,call,False,26.0,1.04,1.27,1.16,15.40999984741211,1.4814479052734375,0.03554087421361189,0.0,662.0,35109,2025-12-08 21:04:51+00:00,0.0,1.155,0.1178082191780822
2025-12-08 21:00:00+00:00,2026-01-21 00:00:00+00:00,^VIX,VIX260121C00027000,call,False,27.0,1.02,1.23,1.11,15.40999984741211,1.5312523437499999,0.03554087421361189,0.0,873.0,38056,2025-12-08 21:00:32+00:00,0.0,1.125,0.1178082191780822
2025-12-08 21:00:00+00:00,2026-01-21 00:00:00+00:00,^VIX,VIX260121C00028000,call,False,28.0,0.9,1.1,1.06,15.40999984741211,1.5263695556640622,0.03554087421361189,0.0,728.0,11961,2025-12-08 19:45:48+00:00,1.2366666666666666,1.0,0.1178082191780822
2025-12-08 21:00:00+00:00,2026-01-21 00:00:00+00:00,^VIX,VIX260121C00029000,call,False,29.0,0.9,1.11,1.0,15.40999984741211,1.5869161279296873,0.03554087421361189,0.0,514.0,13076,2025-12-08 20:58:27+00:00,0.025833333333333333,1.0050000000000001,0.1178082191780822
2025-12-08 21:00:00+00:00,2026-01-21 00:00:00+00:00,^VIX,VIX260121C00030000,call,False,30.0,0.8,1.05,0.93,15.40999984741211,1.5957051464843748,0.03554087421361189,0.0,4276.0,98591,2025-12-08 21:00:32+00:00,0.0,0.925,0.1178082191780822
2025-12-08 21:00:00+00:00,2026-01-21 00:00:00+00:00,^VIX,VIX260121C00031000,call,False,31.0,0.75,1.01,0.83,15.40999984741211,1.62109564453125,0.03554087421361189,0.0,708.0,7980,2025-12-08 15:37:40+00:00,5.372222222222222,0.88,0.1178082191780822
2025-12-08 21:00:00+00:00,2026-01-21 00:00:00+00:00,^VIX,VIX260121C00032000,call,False,32.0,0.72,0.96,0.86,15.40999984741211,1.6455095849609376,0.03554087421361189,0.0,1122.0,53002,2025-12-08 20:07:39+00:00,0.8725,0.84,0.1178082191780822
2025-12-08 21:00:00+00:00,2026-01-21 00:00:00+00:00,^VIX,VIX260121C00033000,call,False,33.0,0.68,0.92,0.83,15.40999984741211,1.6679704101562502,0.03554087421361189,0.0,66.0,27673,2025-12-08 18:58:27+00:00,2.0258333333333334,0.8,0.1178082191780822
2025-12-08 21:00:00+00:00,2026-01-21 00:00:00+00:00,^VIX,VIX260121C00034000,call,False,34.0,0.65,0.88,0.71,15.40999984741211,1.689454677734375,0.03554087421361189,0.0,1.0,7570,2025-12-08 15:20:39+00:00,5.655833333333334,0.765,0.1178082191780822
2025-12-08 21:00:00+00:00,2026-01-21 00:00:00+00:00,^VIX,VIX260121C00035000,call,False,35.0,0.62,0.85,0.75,15.40999984741211,1.7119155029296875,0.03554087421361189,0.0,502.0,41356,2025-12-08 19:19:28+00:00,1.6755555555555555,0.735,0.1178082191780822
2025-12-08 21:00:00+00:00,2026-01-21 00:00:00+00:00,^VIX,VIX260121C00036000,call,False,36.0,0.59,0.81,0.72,15.40999984741211,1.7285169824218751,0.03554087421361189,0.0,16.0,12908,2025-12-08 15:18:02+00:00,5.6994444444444445,0.7,0.1178082191780822
2025-12-08 21:00:00+00:00,2026-01-21 00:00:00+00:00,^VIX,VIX260121C00037000,call,False,37.0,0.56,0.78,0.68,15.40999984741211,1.7470715771484375,0.03554087421361189,0.0,1.0,17293,2025-12-08 17:03:02+00:00,3.9494444444444445,0.67,0.1178082191780822
2025-12-08 21:00:00+00:00,2026-01-21 00:00:00+00:00,^VIX,VIX260121C00038000,call,False,38.0,0.53,0.75,0.65,15.40999984741211,1.7626964990234375,0.03554087421361189,0.0,57.0,2328,2025-12-08 19:16:39+00:00,1.7225,0.64,0.1178082191780822
2025-12-08 21:00:00+00:00,2026-01-21 00:00:00+00:00,^VIX,VIX260121C00039000,call,False,39.0,0.54,0.72,0.58,15.40999984741211,1.791016669921875,0.03554087421361189,0.0,103.0,4187,2025-12-08 15:18:02+00:00,5.6994444444444445,0.63,0.1178082191780822
2025-12-08 21:00:00+00:00,2026-01-21 00:00:00+00:00,^VIX,VIX260121C00040000,call,False,40.0,0.49,0.7,0.61,15.40999984741211,1.798829130859375,0.03554087421361189,0.0,3735.0,80055,2025-12-08 20:32:25+00:00,0.4597222222222222,0.595,0.1178082191780822
2025-12-08 21:00:00+00:00,2026-01-21 00:00:00+00:00,^VIX,VIX260121C00042500,call,False,42.5,0.35,0.64,0.53,15.40999984741211,1.798829130859375,0.03554087421361189,0.0,1561.0,3998,2025-12-08 18:23:16+00:00,2.612222222222222,0.495,0.1178082191780822
2025-12-08 21:00:00+00:00,2026-01-21 00:00:00+00:00,^VIX,VIX260121C00045000,call,False,45.0,0.3,0.59,0.49,15.40999984741211,1.8281258593749998,0.03554087421361189,0.0,1405.0,90606,2025-12-08 17:38:38+00:00,3.3561111111111113,0.44499999999999995,0.1178082191780822
2025-12-08 21:00:00+00:00,2026-01-21 00:00:00+00:00,^VIX,VIX260121C00047500,call,False,47.5,0.32,0.53,0.45,15.40999984741211,1.876953740234375,0.03554087421361189,0.0,3694.0,91879,2025-12-08 21:00:03+00:00,0.0,0.42500000000000004,0.1178082191780822
2025-12-08 21:00:00+00:00,2026-01-21 00:00:00+00:00,^VIX,VIX260121C00050000,call,False,50.0,0.3,0.49,0.4,15.40999984741211,1.9121098144531252,0.03554087421361189,0.0,3594.0,126492,2025-12-08 20:53:17+00:00,0.11194444444444444,0.395,0.1178082191780822
2025-12-08 21:00:00+00:00,2026-01-21 00:00:00+00:00,^VIX,VIX260121C00055000,call,False,55.0,0.26,0.4,0.35,15.40999984741211,1.955078349609375,0.03554087421361189,0.0,2681.0,121451,2025-12-08 20:31:22+00:00,0.4772222222222222,0.33,0.1178082191780822
2025-12-08 21:00:00+00:00,2026-01-21 00:00:00+00:00,^VIX,VIX260121C00060000,call,False,60.0,0.22,0.33,0.27,15.40999984741211,1.9882813085937499,0.03554087421361189,0.0,222.0,170344,2025-12-08 21:14:36+00:00,0.0,0.275,0.1178082191780822
2025-12-08 21:00:00+00:00,2026-01-21 00:00:00+00:00,^VIX,VIX260121C00065000,call,False,65.0,0.16,0.3,0.23,15.40999984741211,2.0156299609375,0.03554087421361189,0.0,6279.0,31673,2025-12-08 17:55:53+00:00,3.068611111111111,0.22999999999999998,0.1178082191780822
2025-12-08 21:00:00+00:00,2026-01-21 00:00:00+00:00,^VIX,VIX260121C00070000,call,False,70.0,0.16,0.27,0.22,15.40999984741211,2.07031732421875,0.03554087421361189,0.0,430.0,139215,2025-12-08 21:03:21+00:00,0.0,0.21500000000000002,0.1178082191780822
2025-12-08 21:00:00+00:00,2026-01-21 00:00:00+00:00,^VIX,VIX260121C00075000,call,False,75.0,0.1,0.24,0.17,15.40999984741211,2.0664110839843746,0.03554087421361189,0.0,11.0,48847,2025-12-08 20:59:43+00:00,0.004722222222222222,0.16999999999999998,0.1178082191780822
2025-12-08 21:00:00+00:00,2026-01-21 00:00:00+00:00,^VIX,VIX260121C00080000,call,False,80.0,0.11,0.21,0.15,15.40999984741211,2.113285966796875,0.03554087421361189,0.0,37.0,107419,2025-12-08 20:59:06+00:00,0.015,0.16,0.1178082191780822
2025-12-08 21:00:00+00:00,2026-01-21 00:00:00+00:00,^VIX,VIX260121C00085000,call,False,85.0,0.05,0.2,0.13,15.40999984741211,2.1015672460937496,0.03554087421361189,0.0,2.0,20055,2025-12-08 20:59:12+00:00,0.013333333333333334,0.125,0.1178082191780822
2025-12-08 21:00:00+00:00,2026-01-21 00:00:00+00:00,^VIX,VIX260121C00090000,call,False,90.0,0.04,0.18,0.11,15.40999984741211,2.1171922070312497,0.03554087421361189,0.0,440.0,27980,2025-12-05 15:12:04+00:00,77.79888888888888,0.11,0.1178082191780822
2025-12-08 21:00:00+00:00,2026-01-21 00:00:00+00:00,^VIX,VIX260121C00095000,call,False,95.0,0.02,0.17,0.1,15.40999984741211,2.1328171679687498,0.03554087421361189,0.0,2.0,26928,2025-12-08 20:59:06+00:00,0.015,0.095,0.1178082191780822
2025-12-08 21:00:00+00:00,2026-01-21 00:00:00+00:00,^VIX,VIX260121C00100000,call,False,100.0,0.03,0.14,0.08,15.40999984741211,2.14844212890625,0.03554087421361189,0.0,826.0,144943,2025-12-08 18:29:37+00:00,2.506388888888889,0.085,0.1178082191780822
2025-12-08 21:00:00+00:00,2026-01-21 00:00:00+00:00,^VIX,VIX260121C00110000,call,False,110.0,0.01,0.13,0.06,15.40999984741211,2.1875045312499997,0.03554087421361189,0.0,1.0,1284,2025-12-08 20:58:27+00:00,0.025833333333333333,0.07,0.1178082191780822
2025-12-08 21:00:00+00:00,2026-01-21 00:00:00+00:00,^VIX,VIX260121C00120000,call,False,120.0,0.0,0.12,0.05,15.40999984741211,2.2265669335937495,0.03554087421361189,0.0,3.0,16063,2025-12-08 15:22:52+00:00,5.618888888888889,0.06,0.1178082191780822
2025-12-08 21:00:00+00:00,2026-01-21 00:00:00+00:00,^VIX,VIX260121C00130000,call,False,130.0,0.0,0.11,0.06,15.40999984741211,2.2734418164062498,0.03554087421361189,0.0,5.0,110,2025-12-02 17:09:42+00:00,147.83833333333334,0.055,0.1178082191780822
2025-12-08 21:00:00+00:00,2026-01-21 00:00:00+00:00,^VIX,VIX260121C00140000,call,False,140.0,0.0,0.11,0.05,15.40999984741211,2.3359416601562493,0.03554087421361189,0.0,2.0,11113,2025-12-02 20:06:58+00:00,144.8838888888889,0.055,0.1178082191780822
2025-12-08 21:00:00+00:00,2026-01-21 00:00:00+00:00,^VIX,VIX260121C00150000,call,False,150.0,0.0,0.1,0.02,15.40999984741211,2.3750040624999995,0.03554087421361189,0.0,3.0,1137,2025-12-02 15:51:26+00:00,149.14277777777778,0.05,0.1178082191780822
2025-12-08 21:00:00+00:00,2026-01-21 00:00:00+00:00,^VIX,VIX260121C00170000,call,False,170.0,0.0,0.15,0.13,15.40999984741211,2.58594103515625,0.03554087421361189,0.0,,10,2025-09-24 16:16:33+00:00,1804.7241666666666,0.075,0.1178082191780822
2025-12-08 21:00:00+00:00,2026-01-21 00:00:00+00:00,^VIX,VIX260121C00180000,call,False,180.0,0.0,0.09,0.12,15.40999984741211,2.50000375,0.03554087421361189,0.0,4.0,306,2025-11-21 15:40:39+00:00,413.3225,0.045,0.1178082191780822
2025-12-08 21:00:00+00:00,2026-01-21 00:00:00+00:00,^VIX,VIX260121C00190000,call,False,190.0,0.0,0.09,0.11,15.40999984741211,2.5468786328124997,0.03554087421361189,0.0,3.0,11032,2025-11-21 15:39:43+00:00,413.33805555555557,0.045,0.1178082191780822
2025-12-08 21:00:00+00:00,2026-01-21 00:00:00+00:00,^VIX,VIX260121C00200000,call,False,200.0,0.0,0.0,0.01,15.40999984741211,0.500005,0.03554087421361189,0.0,1.0,2396,2025-12-04 16:15:09+00:00,100.7475,0.0,0.1178082191780822
2025-12-08 21:00:00+00:00,2026-01-21 00:00:00+00:00,^VIX,VIX260121P00010000,put,False,10.0,0.0,0.0,0.01,15.40999984741211,0.2500075,0.03554087421361189,0.0,55.0,777,2025-12-08 17:36:28+00:00,3.3922222222222222,0.0,0.1178082191780822
2025-12-08 21:00:00+00:00,2026-01-21 00:00:00+00:00,^VIX,VIX260121P00010500,put,False,10.5,0.0,0.0,0.01,15.40999984741211,0.2500075,0.03554087421361189,0.0,1.0,266,2025-11-19 20:01:53+00:00,456.9686111111111,0.0,0.1178082191780822
2025-12-08 21:00:00+00:00,2026-01-21 00:00:00+00:00,^VIX,VIX260121P00011000,put,False,11.0,0.0,0.0,0.01,15.40999984741211,0.2500075,0.03554087421361189,0.0,1.0,294,2025-12-03 20:10:45+00:00,120.82083333333334,0.0,0.1178082191780822
2025-12-08 21:00:00+00:00,2026-01-21 00:00:00+00:00,^VIX,VIX260121P00011500,put,False,11.5,0.0,0.05,0.01,15.40999984741211,0.5390671093750001,0.03554087421361189,0.0,2.0,427,2025-10-23 17:43:51+00:00,1107.2691666666667,0.025,0.1178082191780822
2025-12-08 21:00:00+00:00,2026-01-21 00:00:00+00:00,^VIX,VIX260121P00012000,put,False,12.0,0.0,0.1,0.01,15.40999984741211,0.5507857421875001,0.03554087421361189,0.0,10.0,2303,2025-11-13 17:41:30+00:00,603.3083333333333,0.05,0.1178082191780822
2025-12-08 21:00:00+00:00,2026-01-21 00:00:00+00:00,^VIX,VIX260121P00012500,put,False,12.5,0.0,0.12,0.02,15.40999984741211,0.5117236328125,0.03554087421361189,0.0,1.0,10585,2025-12-03 16:16:36+00:00,124.72333333333333,0.06,0.1178082191780822
2025-12-08 21:00:00+00:00,2026-01-21 00:00:00+00:00,^VIX,VIX260121P00013000,put,False,13.0,0.0,0.11,0.02,15.40999984741211,0.523442265625,0.03554087421361189,0.0,100.0,2341,2025-12-08 20:11:18+00:00,0.8116666666666666,0.055,0.1178082191780822
2025-12-08 21:00:00+00:00,2026-01-21 00:00:00+00:00,^VIX,VIX260121P00013500,put,False,13.5,0.0,0.14,0.04,15.40999984741211,0.49219257812500006,0.03554087421361189,0.0,80.0,1040,2025-12-08 16:37:43+00:00,4.371388888888889,0.07,0.1178082191780822
2025-12-08 21:00:00+00:00,2026-01-21 00:00:00+00:00,^VIX,VIX260121P00014000,put,False,14.0,0.0,0.0,0.05,15.40999984741211,0.12500875,0.03554087421361189,0.0,2233.0,16408,2025-12-08 20:42:19+00:00,0.2947222222222222,0.0,0.1178082191780822
2025-12-08 21:00:00+00:00,2026-01-21 00:00:00+00:00,^VIX,VIX260121P00014500,put,False,14.5,0.0,0.2,0.11,15.40999984741211,0.4101621484375,0.03554087421361189,0.0,5843.0,34143,2025-12-08 19:52:52+00:00,1.1188888888888888,0.1,0.1178082191780822
2025-12-08 21:00:00+00:00,2026-01-21 00:00:00+00:00,^VIX,VIX260121P00015000,put,False,15.0,0.12,0.22,0.17,15.40999984741211,0.35547519531249994,0.03554087421361189,0.0,1088.0,54151,2025-12-08 20:41:00+00:00,0.31666666666666665,0.16999999999999998,0.1178082191780822
2025-12-08 21:00:00+00:00,2026-01-21 00:00:00+00:00,^VIX,VIX260121P00015500,put,False,15.5,0.21,0.37,0.26,15.40999984741211,0.366217275390625,0.03554087421361189,0.0,135.0,11034,2025-12-08 16:59:15+00:00,4.0125,0.29,0.1178082191780822
2025-12-08 21:00:00+00:00,2026-01-21 00:00:00+00:00,^VIX,VIX260121P00016000,put,False,16.0,0.34,0.51,0.39,15.40999984741211,0.348639326171875,0.03554087421361189,0.0,7959.0,86930,2025-12-08 20:59:08+00:00,0.014444444444444444,0.42500000000000004,0.1178082191780822
2025-12-08 21:00:00+00:00,2026-01-21 00:00:00+00:00,^VIX,VIX260121P00016500,put,False,16.5,0.51,0.69,0.57,15.40999984741211,0.331061376953125,0.03554087421361189,0.0,11460.0,7966,2025-12-08 20:52:01+00:00,0.13305555555555557,0.6,0.1178082191780822
2025-12-08 21:00:00+00:00,2026-01-21 00:00:00+00:00,^VIX,VIX260121P00017000,put,True,17.0,0.71,0.87,0.78,15.40999984741211,0.2910227148437499,0.03554087421361189,0.0,19482.0,277404,2025-12-08 21:01:58+00:00,0.0,0.79,0.1178082191780822
2025-12-08 21:00:00+00:00,2026-01-21 00:00:00+00:00,^VIX,VIX260121P00017500,put,True,17.5,0.95,1.15,0.98,15.40999984741211,0.2695385546875,0.03554087421361189,0.0,415.0,10209,2025-12-08 17:32:41+00:00,3.455277777777778,1.0499999999999998,0.1178082191780822
2025-12-08 21:00:00+00:00,2026-01-21 00:00:00+00:00,^VIX,VIX260121P00018000,put,True,18.0,1.22,1.39,1.25,15.40999984741211,0.17188328125000002,0.03554087421361189,0.0,9660.0,88532,2025-12-08 19:59:51+00:00,1.0025,1.305,0.1178082191780822
2025-12-08 21:00:00+00:00,2026-01-21 00:00:00+00:00,^VIX,VIX260121P00018500,put,True,18.5,1.51,1.74,1.57,15.40999984741211,1.0000000000000003e-05,0.03554087421361189,0.0,1091.0,3776,2025-12-08 21:00:03+00:00,0.0,1.625,0.1178082191780822
2025-12-08 21:00:00+00:00,2026-01-21 00:00:00+00:00,^VIX,VIX260121P00019000,put,True,19.0,1.83,2.07,1.9,15.40999984741211,1.0000000000000003e-05,0.03554087421361189,0.0,8374.0,94988,2025-12-08 21:03:24+00:00,0.0,1.95,0.1178082191780822
2025-12-08 21:00:00+00:00,2026-01-21 00:00:00+00:00,^VIX,VIX260121P00019500,put,True,19.5,2.17,2.36,2.25,15.40999984741211,1.0000000000000003e-05,0.03554087421361189,0.0,3141.0,60534,2025-12-08 20:59:17+00:00,0.011944444444444445,2.2649999999999997,0.1178082191780822
2025-12-08 21:00:00+00:00,2026-01-21 00:00:00+00:00,^VIX,VIX260121P00020000,put,True,20.0,2.52,2.71,2.6,15.40999984741211,1.0000000000000003e-05,0.03554087421361189,0.0,44.0,85200,2025-12-08 20:59:04+00:00,0.015555555555555555,2.615,0.1178082191780822
2025-12-08 21:00:00+00:00,2026-01-21 00:00:00+00:00,^VIX,VIX260121P00020500,put,True,20.5,2.83,3.1,3.0,15.40999984741211,1.0000000000000003e-05,0.03554087421361189,0.0,2.0,18296,2025-12-08 20:59:02+00:00,0.01611111111111111,2.965,0.1178082191780822
2025-12-08 21:00:00+00:00,2026-01-21 00:00:00+00:00,^VIX,VIX260121P00021000,put,True,21.0,3.3,3.45,3.4,15.40999984741211,1.0000000000000003e-05,0.03554087421361189,0.0,100.0,57178,2025-12-08 20:59:10+00:00,0.013888888888888888,3.375,0.1178082191780822
2025-12-08 21:00:00+00:00,2026-01-21 00:00:00+00:00,^VIX,VIX260121P00021500,put,True,21.5,3.7,3.9,3.81,15.40999984741211,1.0000000000000003e-05,0.03554087421361189,0.0,1.0,6025,2025-12-05 14:33:42+00:00,78.43833333333333,3.8,0.1178082191780822
2025-12-08 21:00:00+00:00,2026-01-21 00:00:00+00:00,^VIX,VIX260121P00022000,put,True,22.0,1.53,4.3,4.25,15.40999984741211,1.0000000000000003e-05,0.03554087421361189,0.0,91.0,71207,2025-12-08 17:22:26+00:00,3.6261111111111113,2.915,0.1178082191780822
2025-12-08 21:00:00+00:00,2026-01-21 00:00:00+00:00,^VIX,VIX260121P00022500,put,True,22.5,1.95,4.7,4.65,15.40999984741211,1.0000000000000003e-05,0.03554087421361189,0.0,1.0,8233,2025-12-05 15:32:30+00:00,77.45833333333333,3.325,0.1178082191780822
2025-12-08 21:00:00+00:00,2026-01-21 00:00:00+00:00,^VIX,VIX260121P00023000,put,True,23.0,4.95,5.15,5.05,15.40999984741211,1.0000000000000003e-05,0.03554087421361189,0.0,123.0,26300,2025-12-08 20:58:10+00:00,0.030555555555555555,5.050000000000001,0.1178082191780822
2025-12-08 21:00:00+00:00,2026-01-21 00:00:00+00:00,^VIX,VIX260121P00023500,put,True,23.5,2.8,5.6,5.6,15.40999984741211,1.0000000000000003e-05,0.03554087421361189,0.0,1.0,261,2025-12-05 15:33:01+00:00,77.44972222222222,4.199999999999999,0.1178082191780822
2025-12-08 21:00:00+00:00,2026-01-21 00:00:00+00:00,^VIX,VIX260121P00024000,put,True,24.0,5.8,6.0,5.84,15.40999984741211,1.0000000000000003e-05,0.03554087421361189,0.0,19.0,4123,2025-12-08 17:31:32+00:00,3.4744444444444444,5.9,0.1178082191780822
2025-12-08 21:00:00+00:00,2026-01-21 00:00:00+00:00,^VIX,VIX260121P00024500,put,True,24.5,6.25,6.45,6.42,15.40999984741211,1.0000000000000003e-05,0.03554087421361189,0.0,27.0,52,2025-12-08 15:33:07+00:00,5.448055555555555,6.35,0.1178082191780822
2025-12-08 21:00:00+00:00,2026-01-21 00:00:00+00:00,^VIX,VIX260121P00025000,put,True,25.0,6.7,6.9,6.82,15.40999984741211,1.0000000000000003e-05,0.03554087421361189,0.0,72.0,5306,2025-12-08 21:05:52+00:00,0.0,6.800000000000001,0.1178082191780822
2025-12-08 21:00:00+00:00,2026-01-21 00:00:00+00:00,^VIX,VIX260121P00026000,put,True,26.0,7.6,7.8,7.66,15.40999984741211,1.0000000000000003e-05,0.03554087421361189,0.0,9.0,3247,2025-12-08 19:51:52+00:00,1.1355555555555557,7.699999999999999,0.1178082191780822
2025-12-08 21:00:00+00:00,2026-01-21 00:00:00+00:00,^VIX,VIX260121P00027000,put,True,27.0,8.55,8.75,8.65,15.40999984741211,1.0000000000000003e-05,0.03554087421361189,0.0,1.0,135,2025-12-05 14:36:14+00:00,78.39611111111111,8.65,0.1178082191780822
2025-12-08 21:00:00+00:00,2026-01-21 00:00:00+00:00,^VIX,VIX260121P00028000,put,True,28.0,9.45,9.65,9.5,15.40999984741211,1.0000000000000003e-05,0.03554087421361189,0.0,1.0,497,2025-12-04 20:30:04+00:00,96.49888888888889,9.55,0.1178082191780822
2025-12-08 21:00:00+00:00,2026-01-21 00:00:00+00:00,^VIX,VIX260121P00029000,put,True,29.0,10.4,10.6,10.45,15.40999984741211,1.0000000000000003e-05,0.03554087421361189,0.0,27.0,69,2025-12-08 16:52:12+00:00,4.13,10.5,0.1178082191780822
2025-12-08 21:00:00+00:00,2026-01-21 00:00:00+00:00,^VIX,VIX260121P00030000,put,True,30.0,11.35,11.55,11.3,15.40999984741211,1.0000000000000003e-05,0.03554087421361189,0.0,1.0,1495,2025-12-05 19:28:15+00:00,73.52916666666667,11.45,0.1178082191780822
2025-12-08 21:00:00+00:00,2026-01-21 00:00:00+00:00,^VIX,VIX260121P00031000,put,True,31.0,12.3,12.5,11.75,15.40999984741211,1.0000000000000003e-05,0.03554087421361189,0.0,1.0,4,2025-11-26 17:08:33+00:00,291.8575,12.4,0.1178082191780822
2025-12-08 21:00:00+00:00,2026-01-21 00:00:00+00:00,^VIX,VIX260121P00032000,put,True,32.0,13.25,13.45,12.9,15.40999984741211,1.0000000000000003e-05,0.03554087421361189,0.0,248.0,669,2025-12-01 15:19:19+00:00,173.67805555555555,13.35,0.1178082191780822
2025-12-08 21:00:00+00:00,2026-01-21 00:00:00+00:00,^VIX,VIX260121P00033000,put,True,33.0,14.25,14.4,14.45,15.40999984741211,1.0000000000000003e-05,0.03554087421361189,0.0,1.0,22,2025-12-05 21:07:46+00:00,71.87055555555555,14.325,0.1178082191780822
2025-12-08 21:00:00+00:00,2026-01-21 00:00:00+00:00,^VIX,VIX260121P00034000,put,True,34.0,15.2,15.35,15.35,15.40999984741211,1.0000000000000003e-05,0.03554087421361189,0.0,50.0,2,2025-12-08 14:58:28+00:00,6.025555555555556,15.274999999999999,0.1178082191780822
2025-12-08 21:00:00+00:00,2026-01-21 00:00:00+00:00,^VIX,VIX260121P00035000,put,True,35.0,16.15,16.3,16.0,15.40999984741211,1.0000000000000003e-05,0.03554087421361189,0.0,20.0,903,2025-12-01 16:47:14+00:00,172.21277777777777,16.225,0.1178082191780822
2025-12-08 21:00:00+00:00,2026-01-21 00:00:00+00:00,^VIX,VIX260121P00036000,put,True,36.0,17.1,17.3,16.77,15.40999984741211,1.0000000000000003e-05,0.03554087421361189,0.0,50.0,87,2025-12-01 14:55:09+00:00,174.08083333333335,17.200000000000003,0.1178082191780822
2025-12-08 21:00:00+00:00,2026-01-21 00:00:00+00:00,^VIX,VIX260121P00037000,put,True,37.0,18.1,18.25,17.55,15.40999984741211,1.0000000000000003e-05,0.03554087421361189,0.0,2.0,29,2025-11-26 20:29:23+00:00,288.5102777777778,18.175,0.1178082191780822
2025-12-08 21:00:00+00:00,2026-01-21 00:00:00+00:00,^VIX,VIX260121P00038000,put,True,38.0,19.05,19.2,18.65,15.40999984741211,1.0000000000000003e-05,0.03554087421361189,0.0,248.0,308,2025-12-01 15:19:19+00:00,173.67805555555555,19.125,0.1178082191780822
2025-12-08 21:00:00+00:00,2026-01-21 00:00:00+00:00,^VIX,VIX260121P00039000,put,True,39.0,20.0,20.2,20.18,15.40999984741211,1.0000000000000003e-05,0.03554087421361189,0.0,15.0,4,2025-12-08 15:24:27+00:00,5.5925,20.1,0.1178082191780822
2025-12-08 21:00:00+00:00,2026-01-21 00:00:00+00:00,^VIX,VIX260121P00040000,put,True,40.0,21.0,21.15,20.87,15.40999984741211,1.0000000000000003e-05,0.03554087421361189,0.0,1.0,307,2025-12-08 18:58:29+00:00,2.0252777777777777,21.075,0.1178082191780822
2025-12-08 21:00:00+00:00,2026-01-21 00:00:00+00:00,^VIX,VIX260121P00042500,put,True,42.5,23.4,23.6,22.75,15.40999984741211,1.0000000000000003e-05,0.03554087421361189,0.0,1.0,2,2025-11-26 16:52:49+00:00,292.1197222222222,23.5,0.1178082191780822
2025-12-08 21:00:00+00:00,2026-01-21 00:00:00+00:00,^VIX,VIX260121P00045000,put,True,45.0,25.85,26.0,23.55,15.40999984741211,1.0000000000000003e-05,0.03554087421361189,0.0,133.0,98,2025-11-18 16:56:05+00:00,484.0652777777778,25.925,0.1178082191780822
2025-12-08 21:00:00+00:00,2026-01-21 00:00:00+00:00,^VIX,VIX260121P00047500,put,True,47.5,28.3,28.45,27.6,15.40999984741211,1.0000000000000003e-05,0.03554087421361189,0.0,1.0,2,2025-11-26 18:10:35+00:00,290.8236111111111,28.375,0.1178082191780822
2025-12-08 21:00:00+00:00,2026-01-21 00:00:00+00:00,^VIX,VIX260121P00050000,put,True,50.0,30.75,30.9,30.85,15.40999984741211,1.0000000000000003e-05,0.03554087421361189,0.0,2.0,91,2025-12-05 16:34:11+00:00,76.43027777777777,30.825,0.1178082191780822
2025-12-08 21:00:00+00:00,2026-01-21 00:00:00+00:00,^VIX,VIX260121P00055000,put,True,55.0,35.65,35.8,35.4,15.40999984741211,1.0000000000000003e-05,0.03554087421361189,0.0,1.0,2,2025-12-03 14:53:02+00:00,126.11611111111111,35.724999999999994,0.1178082191780822
2025-12-08 21:00:00+00:00,2026-01-21 00:00:00+00:00,^VIX,VIX260121P00060000,put,True,60.0,40.55,40.75,40.75,15.40999984741211,1.0000000000000003e-05,0.03554087421361189,0.0,11.0,51,2025-12-05 20:56:23+00:00,72.06027777777778,40.65,0.1178082191780822
2025-12-08 21:00:00+00:00,2026-01-21 00:00:00+00:00,^VIX,VIX260121P00065000,put,True,65.0,45.5,45.65,43.69,15.40999984741211,1.0000000000000003e-05,0.03554087421361189,0.0,1.0,4,2025-11-25 15:04:23+00:00,317.9269444444444,45.575,0.1178082191780822
2025-12-08 21:00:00+00:00,2026-01-21 00:00:00+00:00,^VIX,VIX260121P00070000,put,True,70.0,50.45,50.6,50.22,15.40999984741211,1.0000000000000003e-05,0.03554087421361189,0.0,1.0,118,2025-12-01 17:12:15+00:00,171.79583333333332,50.525000000000006,0.1178082191780822
2025-12-08 21:00:00+00:00,2026-01-21 00:00:00+00:00,^VIX,VIX260121P00080000,put,True,80.0,60.05,60.75,57.05,15.40999984741211,1.0000000000000003e-05,0.03554087421361189,0.0,,1,2025-11-18 15:38:05+00:00,485.3652777777778,60.4,0.1178082191780822
2025-12-08 21:00:00+00:00,2026-01-21 00:00:00+00:00,^VIX,VIX260121P00090000,put,True,90.0,69.9,70.6,70.36,15.40999984741211,1.0000000000000003e-05,0.03554087421361189,0.0,2.0,29,2025-12-05 16:34:11+00:00,76.43027777777777,70.25,0.1178082191780822
2025-12-08 21:00:00+00:00,2026-01-21 00:00:00+00:00,^VIX,VIX260121P00100000,put,True,100.0,0.0,0.0,80.3,15.40999984741211,1.0000000000000003e-05,0.03554087421361189,0.0,1.0,31,2025-12-05 16:29:54+00:00,76.50166666666667,0.0,0.1178082191780822
2025-12-08 21:00:00+00:00,2026-01-21 00:00:00+00:00,^VIX,VIX260121P00110000,put,True,110.0,0.0,0.0,87.18,15.40999984741211,1.0000000000000003e-05,0.03554087421361189,0.0,1.0,2,2025-11-19 15:56:37+00:00,461.0563888888889,0.0,0.1178082191780822
2025-12-08 21:00:00+00:00,2026-01-21 00:00:00+00:00,^VIX,VIX260121P00140000,put,True,140.0,0.0,0.0,116.63,15.40999984741211,1.0000000000000003e-05,0.03554087421361189,0.0,1.0,8,2025-11-19 16:52:10+00:00,460.13055555555553,0.0,0.1178082191780822
2025-12-08 21:00:00+00:00,2026-01-21 00:00:00+00:00,^VIX,VIX260121P00150000,put,True,150.0,0.0,0.0,129.65,15.40999984741211,1.0000000000000003e-05,0.03554087421361189,0.0,3.0,4,2025-12-02 15:51:26+00:00,149.14277777777778,0.0,0.1178082191780822
2025-12-08 21:00:00+00:00,2026-01-21 00:00:00+00:00,^VIX,VIX260121P00180000,put,True,180.0,159.35,160.1,159.4,15.40999984741211,1.0000000000000003e-05,0.03554087421361189,0.0,,266,2025-12-03 16:54:31+00:00,124.09138888888889,159.725,0.1178082191780822
2025-12-08 21:00:00+00:00,2026-01-21 00:00:00+00:00,^VIX,VIX260121P00190000,put,True,190.0,0.0,0.0,169.45,15.40999984741211,1.0000000000000003e-05,0.03554087421361189,0.0,134.0,1261,2025-12-04 14:33:53+00:00,102.43527777777778,0.0,0.1178082191780822
2025-12-08 21:00:00+00:00,2026-01-21 00:00:00+00:00,^VIX,VIX260121P00200000,put,True,200.0,0.0,0.0,179.25,15.40999984741211,1.0000000000000003e-05,0.03554087421361189,0.0,126.0,143,2025-12-04 15:25:28+00:00,101.57555555555555,0.0,0.1178082191780822
2025-12-08 21:00:00+00:00,2026-02-18 00:00:00+00:00,^VIX,VIX260218C00010000,call,True,10.0,10.05,10.5,10.43,15.40999984741211,2.950197937011718,0.03554087421361189,0.0,30.0,583,2025-12-08 19:08:11+00:00,1.863611111111111,10.275,0.19452054794520549
2025-12-08 21:00:00+00:00,2026-02-18 00:00:00+00:00,^VIX,VIX260218C00010500,call,True,10.5,0.0,0.0,11.4,15.40999984741211,1.0000000000000003e-05,0.03554087421361189,0.0,1.0,16,2025-11-04 17:42:34+00:00,819.2905555555556,0.0,0.19452054794520549
2025-12-08 21:00:00+00:00,2026-02-18 00:00:00+00:00,^VIX,VIX260218C00011000,call,True,11.0,9.05,9.5,9.15,15.40999984741211,2.620120637207031,0.03554087421361189,0.0,6.0,112,2025-12-05 20:30:54+00:00,72.485,9.275,0.19452054794520549
2025-12-08 21:00:00+00:00,2026-02-18 00:00:00+00:00,^VIX,VIX260218C00011500,call,True,11.5,8.55,9.05,8.65,15.40999984741211,2.4814491088867188,0.03554087421361189,0.0,1.0,690,2025-12-08 15:08:34+00:00,5.857222222222222,8.8,0.19452054794520549
2025-12-08 21:00:00+00:00,2026-02-18 00:00:00+00:00,^VIX,VIX260218C00012000,call,True,12.0,0.0,0.0,8.15,15.40999984741211,1.0000000000000003e-05,0.03554087421361189,0.0,1.0,53,2025-12-05 15:47:56+00:00,77.20111111111112,0.0,0.19452054794520549
2025-12-08 21:00:00+00:00,2026-02-18 00:00:00+00:00,^VIX,VIX260218C00012500,call,True,12.5,0.0,8.55,8.75,15.40999984741211,2.5517614331054688,0.03554087421361189,0.0,10.0,16,2025-10-31 14:21:15+00:00,918.6458333333334,4.275,0.19452054794520549
2025-12-08 21:00:00+00:00,2026-02-18 00:00:00+00:00,^VIX,VIX260218C00013000,call,True,13.0,7.1,7.55,7.4,15.40999984741211,2.084477445068359,0.03554087421361189,0.0,1.0,81,2025-12-08 18:46:39+00:00,2.2225,7.324999999999999,0.19452054794520549
2025-12-08 21:00:00+00:00,2026-02-18 00:00:00+00:00,^VIX,VIX260218C00013500,call,True,13.5,0.0,0.0,7.2,15.40999984741211,1.0000000000000003e-05,0.03554087421361189,0.0,1.0,8,2025-12-03 14:36:36+00:00,126.39,0.0,0.19452054794520549
2025-12-08 21:00:00+00:00,2026-02-18 00:00:00+00:00,^VIX,VIX260218C00014000,call,True,14.0,0.0,0.0,6.24,15.40999984741211,1.0000000000000003e-05,0.03554087421361189,0.0,30.0,271,2025-12-05 17:51:57+00:00,75.13416666666667,0.0,0.19452054794520549
2025-12-08 21:00:00+00:00,2026-02-18 00:00:00+00:00,^VIX,VIX260218C00014500,call,True,14.5,0.0,0.0,5.95,15.40999984741211,1.0000000000000003e-05,0.03554087421361189,0.0,10.0,333,2025-12-08 16:57:54+00:00,4.035,0.0,0.19452054794520549
2025-12-08 21:00:00+00:00,2026-02-18 00:00:00+00:00,^VIX,VIX260218C00015000,call,True,15.0,5.3,5.75,5.7,15.40999984741211,1.6865250048828124,0.03554087421361189,0.0,136.0,1404,2025-12-08 18:30:01+00:00,2.499722222222222,5.525,0.19452054794520549
2025-12-08 21:00:00+00:00,2026-02-18 00:00:00+00:00,^VIX,VIX260218C00016000,call,True,16.0,4.6,4.85,4.7,15.40999984741211,1.5356468530273437,0.03554087421361189,0.0,45.0,2217,2025-12-08 19:34:43+00:00,1.4213888888888888,4.725,0.19452054794520549
2025-12-08 21:00:00+00:00,2026-02-18 00:00:00+00:00,^VIX,VIX260218C00017000,call,False,17.0,4.0,4.25,4.25,15.40999984741211,1.455080849609375,0.03554087421361189,0.0,188.0,2659,2025-12-08 20:14:11+00:00,0.7636111111111111,4.125,0.19452054794520549
2025-12-08 21:00:00+00:00,2026-02-18 00:00:00+00:00,^VIX,VIX260218C00018000,call,False,18.0,3.5,3.7,3.65,15.40999984741211,1.3930694409179685,0.03554087421361189,0.0,40.0,3312,2025-12-08 20:58:00+00:00,0.03333333333333333,3.6,0.19452054794520549
2025-12-08 21:00:00+00:00,2026-02-18 00:00:00+00:00,^VIX,VIX260218C00019000,call,False,19.0,3.0,3.3,3.25,15.40999984741211,1.3476595117187498,0.03554087421361189,0.0,17.0,6346,2025-12-08 18:32:32+00:00,2.457777777777778,3.15,0.19452054794520549
2025-12-08 21:00:00+00:00,2026-02-18 00:00:00+00:00,^VIX,VIX260218C00020000,call,False,20.0,2.69,2.97,2.86,15.40999984741211,1.3364290991210934,0.03554087421361189,0.0,1239.0,27832,2025-12-08 21:11:01+00:00,0.0,2.83,0.19452054794520549
2025-12-08 21:00:00+00:00,2026-02-18 00:00:00+00:00,^VIX,VIX260218C00021000,call,False,21.0,2.47,2.72,2.58,15.40999984741211,1.3447298388671873,0.03554087421361189,0.0,82.0,16516,2025-12-08 20:54:17+00:00,0.09527777777777778,2.595,0.19452054794520549
2025-12-08 21:00:00+00:00,2026-02-18 00:00:00+00:00,^VIX,VIX260218C00022000,call,False,22.0,2.16,2.49,2.34,15.40999984741211,1.3325228686523434,0.03554087421361189,0.0,3074.0,34366,2025-12-08 21:14:31+00:00,0.0,2.325,0.19452054794520549
2025-12-08 21:00:00+00:00,2026-02-18 00:00:00+00:00,^VIX,VIX260218C00023000,call,False,23.0,1.96,2.29,2.18,15.40999984741211,1.3364290991210934,0.03554087421361189,0.0,21.0,56006,2025-12-08 18:42:32+00:00,2.2911111111111113,2.125,0.19452054794520549
2025-12-08 21:00:00+00:00,2026-02-18 00:00:00+00:00,^VIX,VIX260218C00024000,call,False,24.0,1.84,2.13,2.02,15.40999984741211,1.3544954150390622,0.03554087421361189,0.0,40.0,56092,2025-12-08 19:53:05+00:00,1.1152777777777778,1.9849999999999999,0.19452054794520549
2025-12-08 21:00:00+00:00,2026-02-18 00:00:00+00:00,^VIX,VIX260218C00025000,call,False,25.0,1.7,1.99,1.86,15.40999984741211,1.3667023852539062,0.03554087421361189,0.0,194.0,59324,2025-12-08 20:59:00+00:00,0.016666666666666666,1.845,0.19452054794520549
2025-12-08 21:00:00+00:00,2026-02-18 00:00:00+00:00,^VIX,VIX260218C00026000,call,False,26.0,1.59,1.86,1.71,15.40999984741211,1.3808624707031247,0.03554087421361189,0.0,16.0,32975,2025-12-08 20:53:41+00:00,0.10527777777777778,1.725,0.19452054794520549
2025-12-08 21:00:00+00:00,2026-02-18 00:00:00+00:00,^VIX,VIX260218C00027000,call,False,27.0,1.46,1.76,1.61,15.40999984741211,1.3916046044921875,0.03554087421361189,0.0,2405.0,24688,2025-12-08 20:58:15+00:00,0.029166666666666667,1.6099999999999999,0.19452054794520549
2025-12-08 21:00:00+00:00,2026-02-18 00:00:00+00:00,^VIX,VIX260218C00028000,call,False,28.0,1.38,1.67,1.55,15.40999984741211,1.41015919921875,0.03554087421361189,0.0,225.0,12719,2025-12-08 19:19:29+00:00,1.6752777777777779,1.525,0.19452054794520549
2025-12-08 21:00:00+00:00,2026-02-18 00:00:00+00:00,^VIX,VIX260218C00029000,call,False,29.0,1.31,1.59,1.45,15.40999984741211,1.4282255151367185,0.03554087421361189,0.0,130.0,1225,2025-12-08 18:31:06+00:00,2.4816666666666665,1.4500000000000002,0.19452054794520549
2025-12-08 21:00:00+00:00,2026-02-18 00:00:00+00:00,^VIX,VIX260218C00030000,call,False,30.0,1.25,1.52,1.4,15.40999984741211,1.4472683886718751,0.03554087421361189,0.0,3094.0,33760,2025-12-08 21:01:09+00:00,0.0,1.385,0.19452054794520549
2025-12-08 21:00:00+00:00,2026-02-18 00:00:00+00:00,^VIX,VIX260218C00031000,call,False,31.0,1.19,1.46,1.36,15.40999984741211,1.4658229833984375,0.03554087421361189,0.0,14.0,985,2025-12-08 19:21:56+00:00,1.6344444444444444,1.325,0.19452054794520549
2025-12-08 21:00:00+00:00,2026-02-18 00:00:00+00:00,^VIX,VIX260218C00032000,call,False,32.0,1.14,1.4,1.26,15.40999984741211,1.4834010205078125,0.03554087421361189,0.0,207.0,11098,2025-12-08 16:13:59+00:00,4.766944444444444,1.27,0.19452054794520549
2025-12-08 21:00:00+00:00,2026-02-18 00:00:00+00:00,^VIX,VIX260218C00033000,call,False,33.0,1.09,1.35,1.22,15.40999984741211,1.5000025,0.03554087421361189,0.0,50.0,978,2025-12-08 21:08:50+00:00,0.0,1.2200000000000002,0.19452054794520549
2025-12-08 21:00:00+00:00,2026-02-18 00:00:00+00:00,^VIX,VIX260218C00034000,call,False,34.0,1.06,1.3,1.15,15.40999984741211,1.5195336523437497,0.03554087421361189,0.0,1.0,8501,2025-12-05 15:41:33+00:00,77.3075,1.1800000000000002,0.19452054794520549
2025-12-08 21:00:00+00:00,2026-02-18 00:00:00+00:00,^VIX,VIX260218C00035000,call,False,35.0,1.02,1.26,1.22,15.40999984741211,1.537111689453125,0.03554087421361189,0.0,41.0,35384,2025-12-08 18:59:45+00:00,2.004166666666667,1.1400000000000001,0.19452054794520549
2025-12-08 21:00:00+00:00,2026-02-18 00:00:00+00:00,^VIX,VIX260218C00036000,call,False,36.0,0.98,1.22,1.09,15.40999984741211,1.5527366113281247,0.03554087421361189,0.0,1.0,263,2025-12-05 16:14:55+00:00,76.75138888888888,1.1,0.19452054794520549
2025-12-08 21:00:00+00:00,2026-02-18 00:00:00+00:00,^VIX,VIX260218C00037000,call,False,37.0,0.95,1.18,1.09,15.40999984741211,1.5683615332031249,0.03554087421361189,0.0,22257.0,819,2025-12-08 18:59:53+00:00,2.0019444444444443,1.065,0.19452054794520549
2025-12-08 21:00:00+00:00,2026-02-18 00:00:00+00:00,^VIX,VIX260218C00038000,call,False,38.0,0.91,1.14,1.06,15.40999984741211,1.5810567822265622,0.03554087421361189,0.0,21.0,7741,2025-12-08 20:59:47+00:00,0.003611111111111111,1.025,0.19452054794520549
2025-12-08 21:00:00+00:00,2026-02-18 00:00:00+00:00,^VIX,VIX260218C00039000,call,False,39.0,0.88,1.11,0.99,15.40999984741211,1.5957051464843748,0.03554087421361189,0.0,203.0,6653,2025-12-08 21:14:25+00:00,0.0,0.9950000000000001,0.19452054794520549
2025-12-08 21:00:00+00:00,2026-02-18 00:00:00+00:00,^VIX,VIX260218C00040000,call,False,40.0,0.85,1.07,0.98,15.40999984741211,1.607423837890625,0.03554087421361189,0.0,3767.0,38955,2025-12-08 20:52:13+00:00,0.1297222222222222,0.96,0.19452054794520549
2025-12-08 21:00:00+00:00,2026-02-18 00:00:00+00:00,^VIX,VIX260218C00042500,call,False,42.5,0.83,0.99,0.9,15.40999984741211,1.6494158154296876,0.03554087421361189,0.0,129.0,1431,2025-12-08 18:31:06+00:00,2.4816666666666665,0.9099999999999999,0.19452054794520549
2025-12-08 21:00:00+00:00,2026-02-18 00:00:00+00:00,^VIX,VIX260218C00045000,call,False,45.0,0.73,0.93,0.81,15.40999984741211,1.669923525390625,0.03554087421361189,0.0,426.0,23532,2025-12-08 16:13:30+00:00,4.775,0.8300000000000001,0.19452054794520549
2025-12-08 21:00:00+00:00,2026-02-18 00:00:00+00:00,^VIX,VIX260218C00047500,call,False,47.5,0.71,0.87,0.76,15.40999984741211,1.7041030419921874,0.03554087421361189,0.0,75.0,187524,2025-12-05 15:57:33+00:00,77.04083333333334,0.79,0.19452054794520549
2025-12-08 21:00:00+00:00,2026-02-18 00:00:00+00:00,^VIX,VIX260218C00050000,call,False,50.0,0.63,0.79,0.73,15.40999984741211,1.7109389453125,0.03554087421361189,0.0,40.0,91327,2025-12-08 21:01:09+00:00,0.0,0.71,0.19452054794520549
2025-12-08 21:00:00+00:00,2026-02-18 00:00:00+00:00,^VIX,VIX260218C00055000,call,False,55.0,0.54,0.72,0.63,15.40999984741211,1.7568371533203124,0.03554087421361189,0.0,201.0,93625,2025-12-08 18:31:38+00:00,2.472777777777778,0.63,0.19452054794520549
2025-12-08 21:00:00+00:00,2026-02-18 00:00:00+00:00,^VIX,VIX260218C00060000,call,False,60.0,0.47,0.63,0.56,15.40999984741211,1.787110439453125,0.03554087421361189,0.0,35.0,61906,2025-12-08 19:19:29+00:00,1.6752777777777779,0.55,0.19452054794520549
2025-12-08 21:00:00+00:00,2026-02-18 00:00:00+00:00,^VIX,VIX260218C00065000,call,False,65.0,0.36,0.56,0.46,15.40999984741211,1.7949229003906249,0.03554087421361189,0.0,28.0,28310,2025-12-05 19:59:08+00:00,73.01444444444445,0.46,0.19452054794520549
2025-12-08 21:00:00+00:00,2026-02-18 00:00:00+00:00,^VIX,VIX260218C00070000,call,False,70.0,0.35,0.48,0.4,15.40999984741211,1.8261727441406248,0.03554087421361189,0.0,24.0,64888,2025-12-05 17:42:48+00:00,75.28666666666666,0.415,0.19452054794520549
2025-12-08 21:00:00+00:00,2026-02-18 00:00:00+00:00,^VIX,VIX260218C00075000,call,False,75.0,0.32,0.43,0.38,15.40999984741211,1.8515632421875,0.03554087421361189,0.0,19744.0,25150,2025-12-08 18:34:46+00:00,2.4205555555555556,0.375,0.19452054794520549
2025-12-08 21:00:00+00:00,2026-02-18 00:00:00+00:00,^VIX,VIX260218C00080000,call,False,80.0,0.26,0.39,0.3,15.40999984741211,1.859375703125,0.03554087421361189,0.0,7.0,33324,2025-12-08 14:54:25+00:00,6.093055555555556,0.325,0.19452054794520549
2025-12-08 21:00:00+00:00,2026-02-18 00:00:00+00:00,^VIX,VIX260218C00085000,call,False,85.0,0.23,0.35,0.3,15.40999984741211,1.875000625,0.03554087421361189,0.0,25.0,33967,2025-12-08 18:15:12+00:00,2.7466666666666666,0.29,0.19452054794520549
2025-12-08 21:00:00+00:00,2026-02-18 00:00:00+00:00,^VIX,VIX260218C00090000,call,False,90.0,0.2,0.32,0.26,15.40999984741211,1.88671931640625,0.03554087421361189,0.0,197.0,8543,2025-12-08 15:54:12+00:00,5.096666666666667,0.26,0.19452054794520549
2025-12-08 21:00:00+00:00,2026-02-18 00:00:00+00:00,^VIX,VIX260218C00095000,call,False,95.0,0.17,0.29,0.25,15.40999984741211,1.89453177734375,0.03554087421361189,0.0,36.0,8690,2025-12-08 21:03:21+00:00,0.0,0.22999999999999998,0.19452054794520549
2025-12-08 21:00:00+00:00,2026-02-18 00:00:00+00:00,^VIX,VIX260218C00100000,call,False,100.0,0.15,0.25,0.2,15.40999984741211,1.89453177734375,0.03554087421361189,0.0,25.0,119553,2025-12-05 20:52:10+00:00,72.13055555555556,0.2,0.19452054794520549
2025-12-08 21:00:00+00:00,2026-02-18 00:00:00+00:00,^VIX,VIX260218C00110000,call,False,110.0,0.11,0.27,0.17,15.40999984741211,1.953125234375,0.03554087421361189,0.0,15.0,8118,2025-12-05 15:26:06+00:00,77.565,0.19,0.19452054794520549
2025-12-08 21:00:00+00:00,2026-02-18 00:00:00+00:00,^VIX,VIX260218C00120000,call,False,120.0,0.11,0.19,0.22,15.40999984741211,1.95703146484375,0.03554087421361189,0.0,1.0,10644,2025-11-28 17:45:43+00:00,243.23805555555555,0.15,0.19452054794520549
2025-12-08 21:00:00+00:00,2026-02-18 00:00:00+00:00,^VIX,VIX260218C00130000,call,False,130.0,0.05,0.18,0.12,15.40999984741211,1.9453127734375002,0.03554087421361189,0.0,10.0,3904,2025-11-28 17:45:54+00:00,243.235,0.11499999999999999,0.19452054794520549
2025-12-08 21:00:00+00:00,2026-02-18 00:00:00+00:00,^VIX,VIX260218C00140000,call,False,140.0,0.07,0.15,0.2,15.40999984741211,1.9882813085937499,0.03554087421361189,0.0,20.0,10548,2025-11-21 18:40:21+00:00,410.3275,0.11,0.19452054794520549
2025-12-08 21:00:00+00:00,2026-02-18 00:00:00+00:00,^VIX,VIX260218C00150000,call,False,150.0,0.02,0.15,0.17,15.40999984741211,1.9765626171875001,0.03554087421361189,0.0,100.0,197,2025-11-24 15:42:29+00:00,341.2919444444444,0.08499999999999999,0.19452054794520549
2025-12-08 21:00:00+00:00,2026-02-18 00:00:00+00:00,^VIX,VIX260218C00160000,call,False,160.0,0.01,0.14,0.19,15.40999984741211,1.9921875390625,0.03554087421361189,0.0,60.0,71,2025-11-18 15:39:16+00:00,485.34555555555556,0.07500000000000001,0.19452054794520549
2025-12-08 21:00:00+00:00,2026-02-18 00:00:00+00:00,^VIX,VIX260218C00170000,call,False,170.0,0.07,0.15,0.13,15.40999984741211,2.1250046874999997,0.03554087421361189,0.0,1.0,3,2025-10-20 17:50:49+00:00,1179.1530555555555,0.11,0.19452054794520549
2025-12-08 21:00:00+00:00,2026-02-18 00:00:00+00:00,^VIX,VIX260218C00190000,call,False,190.0,0.02,0.12,0.11,15.40999984741211,2.0937547656249995,0.03554087421361189,0.0,5.0,315,2025-11-26 20:47:38+00:00,288.2061111111111,0.06999999999999999,0.19452054794520549
2025-12-08 21:00:00+00:00,2026-02-18 00:00:00+00:00,^VIX,VIX260218C00200000,call,False,200.0,0.0,0.11,0.04,15.40999984741211,2.07031732421875,0.03554087421361189,0.0,52.0,1397,2025-12-08 17:17:28+00:00,3.7088888888888887,0.055,0.19452054794520549
2025-12-08 21:00:00+00:00,2026-02-18 00:00:00+00:00,^VIX,VIX260218P00010000,put,False,10.0,0.0,0.0,0.02,15.40999984741211,0.2500075,0.03554087421361189,0.0,1.0,107,2025-12-05 15:48:13+00:00,77.19638888888889,0.0,0.19452054794520549
2025-12-08 21:00:00+00:00,2026-02-18 00:00:00+00:00,^VIX,VIX260218P00010500,put,False,10.5,0.0,0.0,0.02,15.40999984741211,0.2500075,0.03554087421361189,0.0,2.0,2,2025-12-05 18:45:59+00:00,74.23361111111112,0.0,0.19452054794520549
2025-12-08 21:00:00+00:00,2026-02-18 00:00:00+00:00,^VIX,VIX260218P00011000,put,False,11.0,0.0,0.0,0.02,15.40999984741211,0.2500075,0.03554087421361189,0.0,15.0,23,2025-12-03 18:27:20+00:00,122.54444444444445,0.0,0.19452054794520549
2025-12-08 21:00:00+00:00,2026-02-18 00:00:00+00:00,^VIX,VIX260218P00011500,put,False,11.5,0.0,0.17,0.03,15.40999984741211,0.53320779296875,0.03554087421361189,0.0,1.0,37,2025-10-29 18:02:00+00:00,962.9666666666667,0.085,0.19452054794520549
2025-12-08 21:00:00+00:00,2026-02-18 00:00:00+00:00,^VIX,VIX260218P00012000,put,False,12.0,0.0,0.0,0.03,15.40999984741211,0.2500075,0.03554087421361189,0.0,8.0,9,2025-11-18 17:31:25+00:00,483.4763888888889,0.0,0.19452054794520549
2025-12-08 21:00:00+00:00,2026-02-18 00:00:00+00:00,^VIX,VIX260218P00012500,put,False,12.5,0.0,0.0,0.02,15.40999984741211,0.12500875,0.03554087421361189,0.0,200.0,39,2025-12-08 20:09:29+00:00,0.8419444444444445,0.0,0.19452054794520549
2025-12-08 21:00:00+00:00,2026-02-18 00:00:00+00:00,^VIX,VIX260218P00013000,put,False,13.0,0.0,0.0,0.02,15.40999984741211,0.12500875,0.03554087421361189,0.0,2.0,196,2025-12-01 15:05:43+00:00,173.90472222222223,0.0,0.19452054794520549
2025-12-08 21:00:00+00:00,2026-02-18 00:00:00+00:00,^VIX,VIX260218P00013500,put,False,13.5,0.0,0.13,0.05,15.40999984741211,0.3789124609375,0.03554087421361189,0.0,20.0,633,2025-12-04 20:58:39+00:00,96.0225,0.065,0.19452054794520549
2025-12-08 21:00:00+00:00,2026-02-18 00:00:00+00:00,^VIX,VIX260218P00014000,put,False,14.0,0.0,0.19,0.08,15.40999984741211,0.370123486328125,0.03554087421361189,0.0,101.0,1921,2025-12-08 17:11:13+00:00,3.8130555555555556,0.095,0.19452054794520549
2025-12-08 21:00:00+00:00,2026-02-18 00:00:00+00:00,^VIX,VIX260218P00014500,put,False,14.5,0.11,0.26,0.15,15.40999984741211,0.35547519531249994,0.03554087421361189,0.0,202.0,18152,2025-12-08 17:24:38+00:00,3.5894444444444447,0.185,0.19452054794520549
2025-12-08 21:00:00+00:00,2026-02-18 00:00:00+00:00,^VIX,VIX260218P00015000,put,False,15.0,0.18,0.24,0.22,15.40999984741211,0.2890696093749999,0.03554087421361189,0.0,228.0,10070,2025-12-08 20:08:07+00:00,0.8647222222222222,0.21,0.19452054794520549
2025-12-08 21:00:00+00:00,2026-02-18 00:00:00+00:00,^VIX,VIX260218P00016000,put,False,16.0,0.37,0.5,0.46,15.40999984741211,0.2700268310546875,0.03554087421361189,0.0,70.0,19955,2025-12-08 15:53:51+00:00,5.1025,0.435,0.19452054794520549
2025-12-08 21:00:00+00:00,2026-02-18 00:00:00+00:00,^VIX,VIX260218P00017000,put,True,17.0,0.72,0.95,0.82,15.40999984741211,0.25586681640625003,0.03554087421361189,0.0,50.0,29751,2025-12-08 15:41:02+00:00,5.316111111111111,0.835,0.19452054794520549
2025-12-08 21:00:00+00:00,2026-02-18 00:00:00+00:00,^VIX,VIX260218P00018000,put,True,18.0,1.23,1.45,1.32,15.40999984741211,0.17188328125000002,0.03554087421361189,0.0,49.0,37490,2025-12-08 16:21:52+00:00,4.635555555555555,1.3399999999999999,0.19452054794520549
2025-12-08 21:00:00+00:00,2026-02-18 00:00:00+00:00,^VIX,VIX260218P00019000,put,True,19.0,1.8,2.03,1.87,15.40999984741211,1.0000000000000003e-05,0.03554087421361189,0.0,23.0,11602,2025-12-08 16:01:22+00:00,4.977222222222222,1.915,0.19452054794520549
2025-12-08 21:00:00+00:00,2026-02-18 00:00:00+00:00,^VIX,VIX260218P00020000,put,True,20.0,2.43,2.69,2.49,15.40999984741211,1.0000000000000003e-05,0.03554087421361189,0.0,666.0,33112,2025-12-08 17:54:59+00:00,3.0836111111111113,2.56,0.19452054794520549
2025-12-08 21:00:00+00:00,2026-02-18 00:00:00+00:00,^VIX,VIX260218P00021000,put,True,21.0,3.15,3.35,3.2,15.40999984741211,1.0000000000000003e-05,0.03554087421361189,0.0,1.0,17417,2025-12-05 19:24:57+00:00,73.58416666666666,3.25,0.19452054794520549
2025-12-08 21:00:00+00:00,2026-02-18 00:00:00+00:00,^VIX,VIX260218P00022000,put,True,22.0,3.9,4.1,3.94,15.40999984741211,1.0000000000000003e-05,0.03554087421361189,0.0,4700.0,23373,2025-12-08 20:39:56+00:00,0.33444444444444443,4.0,0.19452054794520549
2025-12-08 21:00:00+00:00,2026-02-18 00:00:00+00:00,^VIX,VIX260218P00023000,put,True,23.0,4.7,4.9,4.75,15.40999984741211,1.0000000000000003e-05,0.03554087421361189,0.0,4.0,8788,2025-12-08 17:46:55+00:00,3.2180555555555554,4.800000000000001,0.19452054794520549
2025-12-08 21:00:00+00:00,2026-02-18 00:00:00+00:00,^VIX,VIX260218P00024000,put,True,24.0,5.5,5.75,5.56,15.40999984741211,1.0000000000000003e-05,0.03554087421361189,0.0,101.0,1329,2025-12-08 16:49:27+00:00,4.175833333333333,5.625,0.19452054794520549
2025-12-08 21:00:00+00:00,2026-02-18 00:00:00+00:00,^VIX,VIX260218P00025000,put,True,25.0,6.35,6.6,6.45,15.40999984741211,1.0000000000000003e-05,0.03554087421361189,0.0,1.0,1134,2025-12-05 19:24:51+00:00,73.58583333333333,6.475,0.19452054794520549
2025-12-08 21:00:00+00:00,2026-02-18 00:00:00+00:00,^VIX,VIX260218P00026000,put,True,26.0,7.25,7.45,7.25,15.40999984741211,1.0000000000000003e-05,0.03554087421361189,0.0,4.0,1347,2025-12-08 16:52:03+00:00,4.1325,7.35,0.19452054794520549
2025-12-08 21:00:00+00:00,2026-02-18 00:00:00+00:00,^VIX,VIX260218P00027000,put,True,27.0,8.15,8.35,8.25,15.40999984741211,1.0000000000000003e-05,0.03554087421361189,0.0,1.0,826,2025-12-05 14:35:19+00:00,78.4113888888889,8.25,0.19452054794520549
2025-12-08 21:00:00+00:00,2026-02-18 00:00:00+00:00,^VIX,VIX260218P00028000,put,True,28.0,9.05,9.25,9.2,15.40999984741211,1.0000000000000003e-05,0.03554087421361189,0.0,10.0,755,2025-12-03 19:14:11+00:00,121.76361111111112,9.15,0.19452054794520549
2025-12-08 21:00:00+00:00,2026-02-18 00:00:00+00:00,^VIX,VIX260218P00029000,put,True,29.0,9.95,10.15,9.87,15.40999984741211,1.0000000000000003e-05,0.03554087421361189,0.0,1.0,46,2025-12-08 18:58:29+00:00,2.0252777777777777,10.05,0.19452054794520549
2025-12-08 21:00:00+00:00,2026-02-18 00:00:00+00:00,^VIX,VIX260218P00030000,put,True,30.0,10.9,11.05,11.0,15.40999984741211,1.0000000000000003e-05,0.03554087421361189,0.0,1.0,61,2025-12-05 15:47:48+00:00,77.20333333333333,10.975000000000001,0.19452054794520549
2025-12-08 21:00:00+00:00,2026-02-18 00:00:00+00:00,^VIX,VIX260218P00031000,put,True,31.0,11.8,12.0,10.6,15.40999984741211,1.0000000000000003e-05,0.03554087421361189,0.0,1.0,25,2025-11-19 15:43:48+00:00,461.27,11.9,0.19452054794520549
2025-12-08 21:00:00+00:00,2026-02-18 00:00:00+00:00,^VIX,VIX260218P00032000,put,True,32.0,12.75,12.95,11.5,15.40999984741211,1.0000000000000003e-05,0.03554087421361189,0.0,,105,2025-11-18 20:06:18+00:00,480.895,12.85,0.19452054794520549
2025-12-08 21:00:00+00:00,2026-02-18 00:00:00+00:00,^VIX,VIX260218P00033000,put,True,33.0,13.7,13.9,12.77,15.40999984741211,1.0000000000000003e-05,0.03554087421361189,0.0,,72,2025-11-06 21:10:00+00:00,767.8333333333334,13.8,0.19452054794520549
2025-12-08 21:00:00+00:00,2026-02-18 00:00:00+00:00,^VIX,VIX260218P00035000,put,True,35.0,15.6,15.8,14.5,15.40999984741211,1.0000000000000003e-05,0.03554087421361189,0.0,15.0,19,2025-11-07 19:10:54+00:00,745.8183333333334,15.7,0.19452054794520549
2025-12-08 21:00:00+00:00,2026-02-18 00:00:00+00:00,^VIX,VIX260218P00036000,put,True,36.0,16.55,16.75,16.66,15.40999984741211,1.0000000000000003e-05,0.03554087421361189,0.0,17.0,27,2025-12-05 20:49:34+00:00,72.17388888888888,16.65,0.19452054794520549
2025-12-08 21:00:00+00:00,2026-02-18 00:00:00+00:00,^VIX,VIX260218P00037000,put,True,37.0,9.2,18.75,16.51,15.40999984741211,1.0000000000000003e-05,0.03554087421361189,0.0,1.0,1,2025-08-22 18:21:59+00:00,2594.633611111111,13.975,0.19452054794520549
2025-12-08 21:00:00+00:00,2026-02-18 00:00:00+00:00,^VIX,VIX260218P00040000,put,True,40.0,20.35,20.55,20.02,15.40999984741211,1.0000000000000003e-05,0.03554087421361189,0.0,1.0,270,2025-12-03 14:30:34+00:00,126.49055555555556,20.450000000000003,0.19452054794520549
2025-12-08 21:00:00+00:00,2026-02-18 00:00:00+00:00,^VIX,VIX260218P00042500,put,True,42.5,22.75,23.0,21.1,15.40999984741211,1.0000000000000003e-05,0.03554087421361189,0.0,,3,2025-11-19 11:59:28+00:00,465.00888888888886,22.875,0.19452054794520549
2025-12-08 21:00:00+00:00,2026-02-18 00:00:00+00:00,^VIX,VIX260218P00045000,put,True,45.0,25.2,25.4,24.55,15.40999984741211,1.0000000000000003e-05,0.03554087421361189,0.0,1.0,416,2025-11-26 20:55:46+00:00,288.07055555555553,25.299999999999997,0.19452054794520549
2025-12-08 21:00:00+00:00,2026-02-18 00:00:00+00:00,^VIX,VIX260218P00047500,put,True,47.5,27.6,27.8,27.26,15.40999984741211,1.0000000000000003e-05,0.03554087421361189,0.0,1.0,170,2025-12-03 14:30:34+00:00,126.49055555555556,27.700000000000003,0.19452054794520549
2025-12-08 21:00:00+00:00,2026-02-18 00:00:00+00:00,^VIX,VIX260218P00050000,put,True,50.0,30.05,30.25,30.25,15.40999984741211,1.0000000000000003e-05,0.03554087421361189,0.0,2.0,3,2025-12-05 16:01:46+00:00,76.97055555555555,30.15,0.19452054794520549
2025-12-08 21:00:00+00:00,2026-02-18 00:00:00+00:00,^VIX,VIX260218P00055000,put,True,55.0,34.9,35.1,33.9,15.40999984741211,1.0000000000000003e-05,0.03554087421361189,0.0,1.0,0,2025-11-25 19:20:04+00:00,313.66555555555556,35.0,0.19452054794520549
2025-12-08 21:00:00+00:00,2026-02-18 00:00:00+00:00,^VIX,VIX260218P00060000,put,True,60.0,39.75,40.0,37.17,15.40999984741211,1.0000000000000003e-05,0.03554087421361189,0.0,5.0,8,2025-11-21 15:39:19+00:00,413.34472222222223,39.875,0.19452054794520549
2025-12-08 21:00:00+00:00,2026-02-18 00:00:00+00:00,^VIX,VIX260218P00070000,put,True,70.0,49.55,49.75,49.78,15.40999984741211,1.0000000000000003e-05,0.03554087421361189,0.0,1.0,51,2025-12-05 15:17:17+00:00,77.71194444444444,49.65,0.19452054794520549
2025-12-08 21:00:00+00:00,2026-02-18 00:00:00+00:00,^VIX,VIX260218P00100000,put,True,100.0,79.1,79.3,76.09,15.40999984741211,1.0000000000000003e-05,0.03554087421361189,0.0,5.0,5,2025-11-21 15:39:19+00:00,413.34472222222223,79.19999999999999,0.19452054794520549
2025-12-08 21:00:00+00:00,2026-02-18 00:00:00+00:00,^VIX,VIX260218P00110000,put,True,110.0,0.0,0.0,86.0,15.40999984741211,1.0000000000000003e-05,0.03554087421361189,0.0,,1,2025-08-18 15:07:21+00:00,2693.8775,0.0,0.19452054794520549
2025-12-08 21:00:00+00:00,2026-02-18 00:00:00+00:00,^VIX,VIX260218P00120000,put,True,120.0,96.5,96.9,95.45,15.40999984741211,1.0000000000000003e-05,0.03554087421361189,0.0,,1,2025-06-26 17:27:29+00:00,3963.5419444444447,96.7,0.19452054794520549
2025-12-08 21:00:00+00:00,2026-02-18 00:00:00+00:00,^VIX,VIX260218P00140000,put,True,140.0,0.0,0.0,114.82,15.40999984741211,1.0000000000000003e-05,0.03554087421361189,0.0,20.0,0,2025-05-30 14:21:49+00:00,4614.636388888889,0.0,0.19452054794520549
2025-12-08 21:00:00+00:00,2026-02-18 00:00:00+00:00,^VIX,VIX260218P00150000,put,True,150.0,100.0,150.0,124.75,15.40999984741211,0.0,0.03554087421361189,0.0,1.0,1,2025-07-21 17:18:26+00:00,3363.692777777778,125.0,0.19452054794520549
2025-12-08 21:00:00+00:00,2026-02-18 00:00:00+00:00,^VIX,VIX260218P00170000,put,True,170.0,0.0,0.0,148.0,15.40999984741211,1.0000000000000003e-05,0.03554087421361189,0.0,50.0,50,2025-12-02 18:37:03+00:00,146.3825,0.0,0.19452054794520549
2025-12-08 21:00:00+00:00,2026-02-18 00:00:00+00:00,^VIX,VIX260218P00180000,put,True,180.0,0.0,0.0,157.9,15.40999984741211,1.0000000000000003e-05,0.03554087421361189,0.0,165.0,165,2025-12-02 18:11:00+00:00,146.81666666666666,0.0,0.19452054794520549
2025-12-08 21:00:00+00:00,2026-02-18 00:00:00+00:00,^VIX,VIX260218P00200000,put,True,200.0,177.8,178.45,177.1,15.40999984741211,1.0000000000000003e-05,0.03554087421361189,0.0,150.0,300,2025-11-26 16:39:51+00:00,292.3358333333333,178.125,0.19452054794520549
2025-12-08 21:00:00+00:00,2026-03-18 00:00:00+00:00,^VIX,VIX260318C00010000,call,True,10.0,10.45,10.95,10.65,15.40999984741211,2.7207063232421875,0.03554087421361189,0.0,1.0,126,2025-12-08 16:16:40+00:00,4.722222222222222,10.7,0.27123287671232876
2025-12-08 21:00:00+00:00,2026-03-18 00:00:00+00:00,^VIX,VIX260318C00010500,call,True,10.5,0.0,0.0,11.65,15.40999984741211,1.0000000000000003e-05,0.03554087421361189,0.0,1.0,11,2025-11-13 19:27:47+00:00,601.5369444444444,0.0,0.27123287671232876
2025-12-08 21:00:00+00:00,2026-03-18 00:00:00+00:00,^VIX,VIX260318C00011000,call,True,11.0,0.0,0.0,9.6,15.40999984741211,1.0000000000000003e-05,0.03554087421361189,0.0,1.0,70,2025-12-05 14:39:30+00:00,78.34166666666667,0.0,0.27123287671232876
2025-12-08 21:00:00+00:00,2026-03-18 00:00:00+00:00,^VIX,VIX260318C00011500,call,True,11.5,9.0,9.45,10.2,15.40999984741211,2.291996457519531,0.03554087421361189,0.0,1.0,2,2025-11-03 15:00:41+00:00,845.9886111111111,9.225,0.27123287671232876
2025-12-08 21:00:00+00:00,2026-03-18 00:00:00+00:00,^VIX,VIX260318C00012000,call,True,12.0,0.0,0.0,8.65,15.40999984741211,1.0000000000000003e-05,0.03554087421361189,0.0,5.0,59,2025-12-05 20:46:09+00:00,72.23083333333334,0.0,0.27123287671232876
2025-12-08 21:00:00+00:00,2026-03-18 00:00:00+00:00,^VIX,VIX260318C00012500,call,True,12.5,0.0,0.0,8.19,15.40999984741211,1.0000000000000003e-05,0.03554087421361189,0.0,1.0,3,2025-12-05 17:07:46+00:00,75.87055555555555,0.0,0.27123287671232876
2025-12-08 21:00:00+00:00,2026-03-18 00:00:00+00:00,^VIX,VIX260318C00013000,call,True,13.0,0.0,0.0,8.15,15.40999984741211,1.0000000000000003e-05,0.03554087421361189,0.0,1.0,115,2025-12-01 20:06:33+00:00,168.89083333333335,0.0,0.27123287671232876
2025-12-08 21:00:00+00:00,2026-03-18 00:00:00+00:00,^VIX,VIX260318C00013500,call,True,13.5,7.1,7.55,7.25,15.40999984741211,1.8476570117187499,0.03554087421361189,0.0,330.0,347,2025-12-05 21:00:25+00:00,71.99305555555556,7.324999999999999,0.27123287671232876
2025-12-08 21:00:00+00:00,2026-03-18 00:00:00+00:00,^VIX,VIX260318C00014000,call,True,14.0,0.0,0.0,6.9,15.40999984741211,1.0000000000000003e-05,0.03554087421361189,0.0,10.0,565,2025-12-08 17:15:40+00:00,3.738888888888889,0.0,0.27123287671232876
2025-12-08 21:00:00+00:00,2026-03-18 00:00:00+00:00,^VIX,VIX260318C00014500,call,True,14.5,6.3,6.55,6.45,15.40999984741211,1.6679704101562502,0.03554087421361189,0.0,4.0,738,2025-12-08 20:59:40+00:00,0.005555555555555556,6.425,0.27123287671232876
2025-12-08 21:00:00+00:00,2026-03-18 00:00:00+00:00,^VIX,VIX260318C00015000,call,True,15.0,5.9,6.15,6.0,15.40999984741211,1.5981465405273436,0.03554087421361189,0.0,231.0,1251,2025-12-08 21:04:54+00:00,0.0,6.025,0.27123287671232876
2025-12-08 21:00:00+00:00,2026-03-18 00:00:00+00:00,^VIX,VIX260318C00016000,call,True,16.0,5.15,5.4,5.34,15.40999984741211,1.4775416748046877,0.03554087421361189,0.0,107.0,1110,2025-12-08 20:54:01+00:00,0.09972222222222223,5.275,0.27123287671232876
2025-12-08 21:00:00+00:00,2026-03-18 00:00:00+00:00,^VIX,VIX260318C00017000,call,False,17.0,4.55,4.8,4.75,15.40999984741211,1.40234673828125,0.03554087421361189,0.0,16.0,1496,2025-12-08 19:25:12+00:00,1.58,4.675,0.27123287671232876
2025-12-08 21:00:00+00:00,2026-03-18 00:00:00+00:00,^VIX,VIX260318C00018000,call,False,18.0,4.05,4.25,4.25,15.40999984741211,1.3452181176757811,0.03554087421361189,0.0,14155.0,1517,2025-12-08 20:11:15+00:00,0.8125,4.15,0.27123287671232876
2025-12-08 21:00:00+00:00,2026-03-18 00:00:00+00:00,^VIX,VIX260318C00019000,call,False,19.0,3.6,3.8,3.75,15.40999984741211,1.3042026977539058,0.03554087421361189,0.0,13.0,567,2025-12-08 20:57:08+00:00,0.04777777777777778,3.7,0.27123287671232876
2025-12-08 21:00:00+00:00,2026-03-18 00:00:00+00:00,^VIX,VIX260318C00020000,call,False,20.0,3.25,3.45,3.39,15.40999984741211,1.2851598242187499,0.03554087421361189,0.0,857.0,78202,2025-12-08 20:54:01+00:00,0.09972222222222223,3.35,0.27123287671232876
2025-12-08 21:00:00+00:00,2026-03-18 00:00:00+00:00,^VIX,VIX260318C00021000,call,False,21.0,2.85,3.15,3.11,15.40999984741211,1.2592810473632814,0.03554087421361189,0.0,41.0,11516,2025-12-08 20:30:38+00:00,0.48944444444444446,3.0,0.27123287671232876
2025-12-08 21:00:00+00:00,2026-03-18 00:00:00+00:00,^VIX,VIX260318C00022000,call,False,22.0,2.69,2.96,2.8,15.40999984741211,1.2773473632812498,0.03554087421361189,0.0,15.0,32774,2025-12-08 20:54:08+00:00,0.09777777777777778,2.825,0.27123287671232876
2025-12-08 21:00:00+00:00,2026-03-18 00:00:00+00:00,^VIX,VIX260318C00023000,call,False,23.0,2.47,2.73,2.65,15.40999984741211,1.2749059692382811,0.03554087421361189,0.0,48.0,45279,2025-12-08 19:00:12+00:00,1.9966666666666666,2.6,0.27123287671232876
2025-12-08 21:00:00+00:00,2026-03-18 00:00:00+00:00,^VIX,VIX260318C00024000,call,False,24.0,2.28,2.54,2.31,15.40999984741211,1.2773473632812498,0.03554087421361189,0.0,50.0,7908,2025-12-08 14:44:42+00:00,6.255,2.41,0.27123287671232876
2025-12-08 21:00:00+00:00,2026-03-18 00:00:00+00:00,^VIX,VIX260318C00025000,call,False,25.0,2.12,2.38,2.17,15.40999984741211,1.2832067089843748,0.03554087421361189,0.0,1158.0,27654,2025-12-08 20:09:44+00:00,0.8377777777777777,2.25,0.27123287671232876
2025-12-08 21:00:00+00:00,2026-03-18 00:00:00+00:00,^VIX,VIX260318C00026000,call,False,26.0,1.98,2.23,2.12,15.40999984741211,1.2900426123046875,0.03554087421361189,0.0,8.0,4624,2025-12-08 19:19:37+00:00,1.6730555555555555,2.105,0.27123287671232876
2025-12-08 21:00:00+00:00,2026-03-18 00:00:00+00:00,^VIX,VIX260318C00027000,call,False,27.0,1.78,2.11,1.88,15.40999984741211,1.2880894970703123,0.03554087421361189,0.0,41.0,581,2025-12-08 14:38:58+00:00,6.350555555555555,1.9449999999999998,0.27123287671232876
2025-12-08 21:00:00+00:00,2026-03-18 00:00:00+00:00,^VIX,VIX260318C00028000,call,False,28.0,1.67,2.0,1.77,15.40999984741211,1.2973667944335934,0.03554087421361189,0.0,50.0,1240,2025-12-08 14:44:42+00:00,6.255,1.835,0.27123287671232876
2025-12-08 21:00:00+00:00,2026-03-18 00:00:00+00:00,^VIX,VIX260318C00029000,call,False,29.0,1.59,1.9,1.69,15.40999984741211,1.3100620434570311,0.03554087421361189,0.0,21.0,4621,2025-12-05 18:46:06+00:00,74.23166666666667,1.745,0.27123287671232876
2025-12-08 21:00:00+00:00,2026-03-18 00:00:00+00:00,^VIX,VIX260318C00030000,call,False,30.0,1.51,1.82,1.72,15.40999984741211,1.3232455712890623,0.03554087421361189,0.0,151.0,20355,2025-12-08 19:43:22+00:00,1.2772222222222223,1.665,0.27123287671232876
2025-12-08 21:00:00+00:00,2026-03-18 00:00:00+00:00,^VIX,VIX260318C00031000,call,False,31.0,1.51,1.74,1.54,15.40999984741211,1.3466829541015621,0.03554087421361189,0.0,28.0,598,2025-12-05 18:46:06+00:00,74.23166666666667,1.625,0.27123287671232876
2025-12-08 21:00:00+00:00,2026-03-18 00:00:00+00:00,^VIX,VIX260318C00032000,call,False,32.0,1.38,1.67,1.51,15.40999984741211,1.3486360693359374,0.03554087421361189,0.0,2.0,2047,2025-12-05 19:56:44+00:00,73.05444444444444,1.525,0.27123287671232876
2025-12-08 21:00:00+00:00,2026-03-18 00:00:00+00:00,^VIX,VIX260318C00033000,call,False,33.0,1.32,1.61,1.39,15.40999984741211,1.361331318359375,0.03554087421361189,0.0,40.0,206,2025-12-08 14:38:58+00:00,6.350555555555555,1.465,0.27123287671232876
2025-12-08 21:00:00+00:00,2026-03-18 00:00:00+00:00,^VIX,VIX260318C00034000,call,False,34.0,1.27,1.55,1.37,15.40999984741211,1.3740265673828125,0.03554087421361189,0.0,18.0,499,2025-12-05 18:43:49+00:00,74.26972222222223,1.4100000000000001,0.27123287671232876
2025-12-08 21:00:00+00:00,2026-03-18 00:00:00+00:00,^VIX,VIX260318C00035000,call,False,35.0,1.22,1.5,1.39,15.40999984741211,1.3867218164062498,0.03554087421361189,0.0,370.0,17001,2025-12-08 20:18:04+00:00,0.6988888888888889,1.3599999999999999,0.27123287671232876
2025-12-08 21:00:00+00:00,2026-03-18 00:00:00+00:00,^VIX,VIX260318C00036000,call,False,36.0,1.18,1.45,1.31,15.40999984741211,1.3994170654296876,0.03554087421361189,0.0,1.0,2554,2025-12-08 17:10:14+00:00,3.8294444444444444,1.315,0.27123287671232876
2025-12-08 21:00:00+00:00,2026-03-18 00:00:00+00:00,^VIX,VIX260318C00037000,call,False,37.0,1.18,1.4,1.26,15.40999984741211,1.4179716601562502,0.03554087421361189,0.0,2.0,480,2025-12-08 15:55:53+00:00,5.068611111111111,1.29,0.27123287671232876
2025-12-08 21:00:00+00:00,2026-03-18 00:00:00+00:00,^VIX,VIX260318C00038000,call,False,38.0,1.1,1.36,1.25,15.40999984741211,1.4228544482421874,0.03554087421361189,0.0,2.0,369,2025-12-08 20:57:57+00:00,0.034166666666666665,1.23,0.27123287671232876
2025-12-08 21:00:00+00:00,2026-03-18 00:00:00+00:00,^VIX,VIX260318C00039000,call,False,39.0,1.06,1.32,1.21,15.40999984741211,1.43359658203125,0.03554087421361189,0.0,2.0,244,2025-12-08 20:57:59+00:00,0.03361111111111111,1.19,0.27123287671232876
2025-12-08 21:00:00+00:00,2026-03-18 00:00:00+00:00,^VIX,VIX260318C00040000,call,False,40.0,1.03,1.28,1.17,15.40999984741211,1.4443387158203125,0.03554087421361189,0.0,1709.0,5820,2025-12-08 20:56:41+00:00,0.05527777777777778,1.155,0.27123287671232876
2025-12-08 21:00:00+00:00,2026-03-18 00:00:00+00:00,^VIX,VIX260318C00042500,call,False,42.5,0.95,1.18,1.09,15.40999984741211,1.466799541015625,0.03554087421361189,0.0,28052.0,2024,2025-12-08 20:59:46+00:00,0.0038888888888888888,1.065,0.27123287671232876
2025-12-08 21:00:00+00:00,2026-03-18 00:00:00+00:00,^VIX,VIX260318C00045000,call,False,45.0,0.9,1.1,0.97,15.40999984741211,1.4931665966796874,0.03554087421361189,0.0,421.0,24843,2025-12-08 15:59:53+00:00,5.001944444444445,1.0,0.27123287671232876
2025-12-08 21:00:00+00:00,2026-03-18 00:00:00+00:00,^VIX,VIX260318C00047500,call,False,47.5,0.83,1.03,0.91,15.40999984741211,1.5122094702148439,0.03554087421361189,0.0,149.0,623,2025-12-05 20:21:21+00:00,72.64416666666666,0.9299999999999999,0.27123287671232876
2025-12-08 21:00:00+00:00,2026-03-18 00:00:00+00:00,^VIX,VIX260318C00050000,call,False,50.0,0.76,0.94,0.86,15.40999984741211,1.5214867675781247,0.03554087421361189,0.0,15.0,124911,2025-12-08 16:33:36+00:00,4.44,0.85,0.27123287671232876
2025-12-08 21:00:00+00:00,2026-03-18 00:00:00+00:00,^VIX,VIX260318C00055000,call,False,55.0,0.66,0.86,0.76,15.40999984741211,1.5605490722656248,0.03554087421361189,0.0,485.0,8726,2025-12-05 18:39:55+00:00,74.33472222222223,0.76,0.27123287671232876
2025-12-08 21:00:00+00:00,2026-03-18 00:00:00+00:00,^VIX,VIX260318C00060000,call,False,60.0,0.57,0.76,0.66,15.40999984741211,1.5839864550781246,0.03554087421361189,0.0,1901.0,14812,2025-12-08 15:34:43+00:00,5.421388888888889,0.665,0.27123287671232876
2025-12-08 21:00:00+00:00,2026-03-18 00:00:00+00:00,^VIX,VIX260318C00065000,call,False,65.0,0.49,0.67,0.6,15.40999984741211,1.6005879345703122,0.03554087421361189,0.0,4855.0,6139,2025-12-08 20:53:04+00:00,0.11555555555555555,0.5800000000000001,0.27123287671232876
2025-12-08 21:00:00+00:00,2026-03-18 00:00:00+00:00,^VIX,VIX260318C00070000,call,False,70.0,0.45,0.61,0.49,15.40999984741211,1.6289081054687498,0.03554087421361189,0.0,430.0,7828,2025-12-08 16:01:14+00:00,4.979444444444445,0.53,0.27123287671232876
2025-12-08 21:00:00+00:00,2026-03-18 00:00:00+00:00,^VIX,VIX260318C00075000,call,False,75.0,0.35,0.52,0.44,15.40999984741211,1.6181659716796877,0.03554087421361189,0.0,131.0,7212,2025-12-05 18:41:05+00:00,74.31527777777778,0.435,0.27123287671232876
2025-12-08 21:00:00+00:00,2026-03-18 00:00:00+00:00,^VIX,VIX260318C00080000,call,False,80.0,0.36,0.47,0.39,15.40999984741211,1.6513689306640624,0.03554087421361189,0.0,2001.0,10319,2025-12-08 15:34:43+00:00,5.421388888888889,0.415,0.27123287671232876
2025-12-08 21:00:00+00:00,2026-03-18 00:00:00+00:00,^VIX,VIX260318C00085000,call,False,85.0,0.33,0.42,0.38,15.40999984741211,1.6660172949218752,0.03554087421361189,0.0,101.0,70440,2025-12-08 17:23:32+00:00,3.6077777777777778,0.375,0.27123287671232876
2025-12-08 21:00:00+00:00,2026-03-18 00:00:00+00:00,^VIX,VIX260318C00090000,call,False,90.0,0.28,0.38,0.32,15.40999984741211,1.669923525390625,0.03554087421361189,0.0,188.0,4648,2025-12-05 20:09:56+00:00,72.83444444444444,0.33,0.27123287671232876
2025-12-08 21:00:00+00:00,2026-03-18 00:00:00+00:00,^VIX,VIX260318C00095000,call,False,95.0,0.25,0.35,0.3,15.40999984741211,1.6796891015625,0.03554087421361189,0.0,1735.0,5462,2025-12-08 16:45:18+00:00,4.245,0.3,0.27123287671232876
2025-12-08 21:00:00+00:00,2026-03-18 00:00:00+00:00,^VIX,VIX260318C00100000,call,False,100.0,0.18,0.36,0.28,15.40999984741211,1.6875015625,0.03554087421361189,0.0,3038.0,5921,2025-12-08 21:03:24+00:00,0.0,0.27,0.27123287671232876
2025-12-08 21:00:00+00:00,2026-03-18 00:00:00+00:00,^VIX,VIX260318C00110000,call,False,110.0,0.18,0.28,0.24,15.40999984741211,1.7089858300781249,0.03554087421361189,0.0,20.0,347,2025-12-08 19:28:25+00:00,1.5263888888888888,0.23,0.27123287671232876
2025-12-08 21:00:00+00:00,2026-03-18 00:00:00+00:00,^VIX,VIX260318C00120000,call,False,120.0,0.1,0.25,0.19,15.40999984741211,1.6992202539062502,0.03554087421361189,0.0,5.0,45,2025-12-05 16:40:08+00:00,76.33111111111111,0.175,0.27123287671232876
2025-12-08 21:00:00+00:00,2026-03-18 00:00:00+00:00,^VIX,VIX260318C00130000,call,False,130.0,0.12,0.22,0.18,15.40999984741211,1.7421887890624999,0.03554087421361189,0.0,1.0,2,2025-12-03 17:18:20+00:00,123.69444444444444,0.16999999999999998,0.27123287671232876
2025-12-08 21:00:00+00:00,2026-03-18 00:00:00+00:00,^VIX,VIX260318C00140000,call,False,140.0,0.1,0.2,0.17,15.40999984741211,1.759766826171875,0.03554087421361189,0.0,10.0,32,2025-11-26 20:44:55+00:00,288.25138888888887,0.15000000000000002,0.27123287671232876
2025-12-08 21:00:00+00:00,2026-03-18 00:00:00+00:00,^VIX,VIX260318C00150000,call,False,150.0,0.08,0.24,0.16,15.40999984741211,1.81640716796875,0.03554087421361189,0.0,10.0,1428,2025-12-01 15:07:30+00:00,173.875,0.16,0.27123287671232876
2025-12-08 21:00:00+00:00,2026-03-18 00:00:00+00:00,^VIX,VIX260318C00170000,call,False,170.0,0.01,0.21,0.12,15.40999984741211,1.8085947070312498,0.03554087421361189,0.0,10.0,28,2025-12-05 17:30:24+00:00,75.49333333333334,0.11,0.27123287671232876
2025-12-08 21:00:00+00:00,2026-03-18 00:00:00+00:00,^VIX,VIX260318C00180000,call,False,180.0,0.05,0.15,0.16,15.40999984741211,1.8203133984375,0.03554087421361189,0.0,1.0,137,2025-11-20 18:05:20+00:00,434.9111111111111,0.1,0.27123287671232876
2025-12-08 21:00:00+00:00,2026-03-18 00:00:00+00:00,^VIX,VIX260318C00190000,call,False,190.0,0.04,0.14,0.12,15.40999984741211,1.8281258593749998,0.03554087421361189,0.0,1175.0,1317,2025-11-24 16:29:33+00:00,340.5075,0.09000000000000001,0.27123287671232876
2025-12-08 21:00:00+00:00,2026-03-18 00:00:00+00:00,^VIX,VIX260318C00200000,call,False,200.0,0.03,0.1,0.08,15.40999984741211,1.79296978515625,0.03554087421361189,0.0,10769.0,16881,2025-12-08 20:12:25+00:00,0.7930555555555555,0.065,0.27123287671232876
2025-12-08 21:00:00+00:00,2026-03-18 00:00:00+00:00,^VIX,VIX260318P00010000,put,False,10.0,0.0,0.0,0.02,15.40999984741211,0.2500075,0.03554087421361189,0.0,6.0,350,2025-11-21 14:30:02+00:00,414.49944444444446,0.0,0.27123287671232876
2025-12-08 21:00:00+00:00,2026-03-18 00:00:00+00:00,^VIX,VIX260318P00010500,put,False,10.5,0.0,0.0,0.04,15.40999984741211,0.2500075,0.03554087421361189,0.0,1.0,12,2025-11-12 14:31:39+00:00,630.4725,0.0,0.27123287671232876
2025-12-08 21:00:00+00:00,2026-03-18 00:00:00+00:00,^VIX,VIX260318P00011000,put,False,11.0,0.0,0.13,0.08,15.40999984741211,0.5488326367187502,0.03554087421361189,0.0,,1,2025-06-26 17:15:14+00:00,3963.746111111111,0.065,0.27123287671232876
2025-12-08 21:00:00+00:00,2026-03-18 00:00:00+00:00,^VIX,VIX260318P00011500,put,False,11.5,0.0,0.19,0.03,15.40999984741211,0.5507857421875001,0.03554087421361189,0.0,99.0,100,2025-10-16 17:05:26+00:00,1275.9094444444445,0.095,0.27123287671232876
2025-12-08 21:00:00+00:00,2026-03-18 00:00:00+00:00,^VIX,VIX260318P00012000,put,False,12.0,0.0,0.0,0.01,15.40999984741211,0.12500875,0.03554087421361189,0.0,9.0,248,2025-11-21 14:30:28+00:00,414.4922222222222,0.0,0.27123287671232876
2025-12-08 21:00:00+00:00,2026-03-18 00:00:00+00:00,^VIX,VIX260318P00012500,put,False,12.5,0.0,0.12,0.02,15.40999984741211,0.40039662109375,0.03554087421361189,0.0,50.0,194,2025-12-08 16:13:36+00:00,4.773333333333333,0.06,0.27123287671232876
2025-12-08 21:00:00+00:00,2026-03-18 00:00:00+00:00,^VIX,VIX260318P00013000,put,False,13.0,0.0,0.15,0.06,15.40999984741211,0.3789124609375,0.03554087421361189,0.0,1.0,651,2025-12-05 20:58:59+00:00,72.01694444444445,0.075,0.27123287671232876
2025-12-08 21:00:00+00:00,2026-03-18 00:00:00+00:00,^VIX,VIX260318P00013500,put,False,13.5,0.04,0.18,0.1,15.40999984741211,0.35352208984374994,0.03554087421361189,0.0,1.0,245,2025-12-04 17:55:34+00:00,99.07388888888889,0.11,0.27123287671232876
2025-12-08 21:00:00+00:00,2026-03-18 00:00:00+00:00,^VIX,VIX260318P00014000,put,False,14.0,0.09,0.23,0.13,15.40999984741211,0.335944140625,0.03554087421361189,0.0,34.0,480,2025-12-05 20:43:32+00:00,72.27444444444444,0.16,0.27123287671232876
2025-12-08 21:00:00+00:00,2026-03-18 00:00:00+00:00,^VIX,VIX260318P00014500,put,False,14.5,0.15,0.29,0.2,15.40999984741211,0.3154365332031249,0.03554087421361189,0.0,82.0,708,2025-12-05 17:52:21+00:00,75.1275,0.21999999999999997,0.27123287671232876
2025-12-08 21:00:00+00:00,2026-03-18 00:00:00+00:00,^VIX,VIX260318P00015000,put,False,15.0,0.24,0.38,0.28,15.40999984741211,0.3007882421875,0.03554087421361189,0.0,235.0,8351,2025-12-05 18:43:49+00:00,74.26972222222223,0.31,0.27123287671232876
2025-12-08 21:00:00+00:00,2026-03-18 00:00:00+00:00,^VIX,VIX260318P00016000,put,False,16.0,0.49,0.59,0.56,15.40999984741211,0.2573316455078125,0.03554087421361189,0.0,19.0,11459,2025-12-08 20:53:42+00:00,0.105,0.54,0.27123287671232876
2025-12-08 21:00:00+00:00,2026-03-18 00:00:00+00:00,^VIX,VIX260318P00017000,put,True,17.0,0.84,1.06,0.93,15.40999984741211,0.249030947265625,0.03554087421361189,0.0,284.0,2474,2025-12-08 20:59:27+00:00,0.009166666666666667,0.95,0.27123287671232876
2025-12-08 21:00:00+00:00,2026-03-18 00:00:00+00:00,^VIX,VIX260318P00018000,put,True,18.0,1.3,1.46,1.39,15.40999984741211,0.15137567382812503,0.03554087421361189,0.0,9.0,72740,2025-12-08 20:53:24+00:00,0.11,1.38,0.27123287671232876
2025-12-08 21:00:00+00:00,2026-03-18 00:00:00+00:00,^VIX,VIX260318P00019000,put,True,19.0,1.85,2.11,1.94,15.40999984741211,1.0000000000000003e-05,0.03554087421361189,0.0,1.0,25835,2025-12-05 20:49:57+00:00,72.1675,1.98,0.27123287671232876
2025-12-08 21:00:00+00:00,2026-03-18 00:00:00+00:00,^VIX,VIX260318P00020000,put,True,20.0,2.47,2.74,2.57,15.40999984741211,1.0000000000000003e-05,0.03554087421361189,0.0,10.0,19582,2025-12-08 20:54:01+00:00,0.09972222222222223,2.6050000000000004,0.27123287671232876
2025-12-08 21:00:00+00:00,2026-03-18 00:00:00+00:00,^VIX,VIX260318P00021000,put,True,21.0,3.1,3.35,3.26,15.40999984741211,1.0000000000000003e-05,0.03554087421361189,0.0,2378.0,26160,2025-12-05 19:03:21+00:00,73.94416666666666,3.225,0.27123287671232876
2025-12-08 21:00:00+00:00,2026-03-18 00:00:00+00:00,^VIX,VIX260318P00022000,put,True,22.0,3.85,4.1,3.95,15.40999984741211,1.0000000000000003e-05,0.03554087421361189,0.0,52.0,29540,2025-12-08 15:41:38+00:00,5.306111111111111,3.9749999999999996,0.27123287671232876
2025-12-08 21:00:00+00:00,2026-03-18 00:00:00+00:00,^VIX,VIX260318P00023000,put,True,23.0,4.6,4.85,4.75,15.40999984741211,1.0000000000000003e-05,0.03554087421361189,0.0,14501.0,22556,2025-12-05 16:12:46+00:00,76.78722222222223,4.725,0.27123287671232876
2025-12-08 21:00:00+00:00,2026-03-18 00:00:00+00:00,^VIX,VIX260318P00024000,put,True,24.0,5.4,5.65,5.6,15.40999984741211,1.0000000000000003e-05,0.03554087421361189,0.0,15.0,1608,2025-12-08 15:23:15+00:00,5.6125,5.525,0.27123287671232876
2025-12-08 21:00:00+00:00,2026-03-18 00:00:00+00:00,^VIX,VIX260318P00025000,put,True,25.0,6.25,6.45,6.4,15.40999984741211,1.0000000000000003e-05,0.03554087421361189,0.0,3.0,20883,2025-12-05 18:40:25+00:00,74.32638888888889,6.35,0.27123287671232876
2025-12-08 21:00:00+00:00,2026-03-18 00:00:00+00:00,^VIX,VIX260318P00026000,put,True,26.0,7.1,7.3,7.25,15.40999984741211,1.0000000000000003e-05,0.03554087421361189,0.0,2.0,187,2025-12-05 15:48:42+00:00,77.18833333333333,7.199999999999999,0.27123287671232876
2025-12-08 21:00:00+00:00,2026-03-18 00:00:00+00:00,^VIX,VIX260318P00027000,put,True,27.0,7.95,8.2,8.05,15.40999984741211,1.0000000000000003e-05,0.03554087421361189,0.0,1.0,58,2025-12-08 14:48:46+00:00,6.187222222222222,8.075,0.27123287671232876
2025-12-08 21:00:00+00:00,2026-03-18 00:00:00+00:00,^VIX,VIX260318P00028000,put,True,28.0,8.85,9.1,8.25,15.40999984741211,1.0000000000000003e-05,0.03554087421361189,0.0,17.0,43,2025-11-25 19:05:02+00:00,313.9161111111111,8.975,0.27123287671232876
2025-12-08 21:00:00+00:00,2026-03-18 00:00:00+00:00,^VIX,VIX260318P00029000,put,True,29.0,9.75,9.95,8.55,15.40999984741211,1.0000000000000003e-05,0.03554087421361189,0.0,2.0,46,2025-11-21 20:54:46+00:00,408.08722222222224,9.85,0.27123287671232876
2025-12-08 21:00:00+00:00,2026-03-18 00:00:00+00:00,^VIX,VIX260318P00030000,put,True,30.0,10.65,10.85,10.51,15.40999984741211,1.0000000000000003e-05,0.03554087421361189,0.0,8.0,74,2025-12-02 21:13:48+00:00,143.77,10.75,0.27123287671232876
2025-12-08 21:00:00+00:00,2026-03-18 00:00:00+00:00,^VIX,VIX260318P00032000,put,True,32.0,12.5,12.7,12.45,15.40999984741211,1.0000000000000003e-05,0.03554087421361189,0.0,1.0,13,2025-12-04 19:06:51+00:00,97.88583333333334,12.6,0.27123287671232876
2025-12-08 21:00:00+00:00,2026-03-18 00:00:00+00:00,^VIX,VIX260318P00034000,put,True,34.0,14.35,14.6,13.15,15.40999984741211,1.0000000000000003e-05,0.03554087421361189,0.0,,1,2025-11-17 20:17:05+00:00,504.71527777777777,14.475,0.27123287671232876
2025-12-08 21:00:00+00:00,2026-03-18 00:00:00+00:00,^VIX,VIX260318P00035000,put,True,35.0,15.3,15.5,15.5,15.40999984741211,1.0000000000000003e-05,0.03554087421361189,0.0,16.0,46,2025-12-05 19:44:53+00:00,73.25194444444445,15.4,0.27123287671232876
2025-12-08 21:00:00+00:00,2026-03-18 00:00:00+00:00,^VIX,VIX260318P00036000,put,True,36.0,16.2,16.45,15.1,15.40999984741211,1.0000000000000003e-05,0.03554087421361189,0.0,1.0,1,2025-11-24 15:20:37+00:00,341.6563888888889,16.325,0.27123287671232876
2025-12-08 21:00:00+00:00,2026-03-18 00:00:00+00:00,^VIX,VIX260318P00037000,put,True,37.0,15.8,16.6,16.8,15.40999984741211,1.0000000000000003e-05,0.03554087421361189,0.0,,2,2025-09-30 13:30:01+00:00,1663.4997222222223,16.200000000000003,0.27123287671232876
2025-12-08 21:00:00+00:00,2026-03-18 00:00:00+00:00,^VIX,VIX260318P00039000,put,True,39.0,17.65,18.45,18.65,15.40999984741211,1.0000000000000003e-05,0.03554087421361189,0.0,2.0,2,2025-10-03 19:16:43+00:00,1585.721388888889,18.049999999999997,0.27123287671232876
2025-12-08 21:00:00+00:00,2026-03-18 00:00:00+00:00,^VIX,VIX260318P00040000,put,True,40.0,20.0,20.25,19.72,15.40999984741211,1.0000000000000003e-05,0.03554087421361189,0.0,1.0,208,2025-12-03 14:30:34+00:00,126.49055555555556,20.125,0.27123287671232876
2025-12-08 21:00:00+00:00,2026-03-18 00:00:00+00:00,^VIX,VIX260318P00042500,put,True,42.5,21.1,21.5,21.85,15.40999984741211,1.0000000000000003e-05,0.03554087421361189,0.0,,50,2025-09-22 14:57:28+00:00,1854.0422222222223,21.3,0.27123287671232876
2025-12-08 21:00:00+00:00,2026-03-18 00:00:00+00:00,^VIX,VIX260318P00045000,put,True,45.0,24.8,25.05,23.71,15.40999984741211,1.0000000000000003e-05,0.03554087421361189,0.0,1.0,359,2025-11-24 18:46:58+00:00,338.21722222222223,24.925,0.27123287671232876
2025-12-08 21:00:00+00:00,2026-03-18 00:00:00+00:00,^VIX,VIX260318P00047500,put,True,47.5,27.2,27.45,26.87,15.40999984741211,1.0000000000000003e-05,0.03554087421361189,0.0,,1,2025-12-03 14:30:34+00:00,126.49055555555556,27.325,0.27123287671232876
2025-12-08 21:00:00+00:00,2026-03-18 00:00:00+00:00,^VIX,VIX260318P00050000,put,True,50.0,29.6,29.85,29.76,15.40999984741211,1.0000000000000003e-05,0.03554087421361189,0.0,1.0,3,2025-12-05 16:01:46+00:00,76.97055555555555,29.725,0.27123287671232876
2025-12-08 21:00:00+00:00,2026-03-18 00:00:00+00:00,^VIX,VIX260318P00055000,put,True,55.0,34.45,34.65,33.35,15.40999984741211,1.0000000000000003e-05,0.03554087421361189,0.0,1.0,1,2025-11-13 15:02:35+00:00,605.9569444444444,34.55,0.27123287671232876
2025-12-08 21:00:00+00:00,2026-03-18 00:00:00+00:00,^VIX,VIX260318P00060000,put,True,60.0,39.3,39.5,38.34,15.40999984741211,1.0000000000000003e-05,0.03554087421361189,0.0,7.0,8,2025-11-25 19:40:23+00:00,313.32694444444445,39.4,0.27123287671232876
2025-12-08 21:00:00+00:00,2026-03-18 00:00:00+00:00,^VIX,VIX260318P00070000,put,True,70.0,0.0,0.0,48.47,15.40999984741211,1.0000000000000003e-05,0.03554087421361189,0.0,2.0,2,2025-12-01 14:34:53+00:00,174.41861111111112,0.0,0.27123287671232876
2025-12-08 21:00:00+00:00,2026-03-18 00:00:00+00:00,^VIX,VIX260318P00080000,put,True,80.0,58.8,59.05,58.24,15.40999984741211,1.0000000000000003e-05,0.03554087421361189,0.0,2.0,4,2025-12-01 14:34:53+00:00,174.41861111111112,58.925,0.27123287671232876
2025-12-08 21:00:00+00:00,2026-03-18 00:00:00+00:00,^VIX,VIX260318P00090000,put,True,90.0,66.9,67.35,66.1,15.40999984741211,1.0000000000000003e-05,0.03554087421361189,0.0,,1,2025-07-10 14:51:11+00:00,3630.1469444444447,67.125,0.27123287671232876
2025-12-08 21:00:00+00:00,2026-03-18 00:00:00+00:00,^VIX,VIX260318P00100000,put,True,100.0,0.0,0.0,76.05,15.40999984741211,1.0000000000000003e-05,0.03554087421361189,0.0,,1,2025-07-28 12:35:17+00:00,3200.4119444444445,0.0,0.27123287671232876
2025-12-08 21:00:00+00:00,2026-03-18 00:00:00+00:00,^VIX,VIX260318P00120000,put,True,120.0,96.05,96.55,94.8,15.40999984741211,1.0000000000000003e-05,0.03554087421361189,0.0,,1,2025-07-22 16:55:52+00:00,3340.068888888889,96.3,0.27123287671232876
2025-12-08 21:00:00+00:00,2026-03-18 00:00:00+00:00,^VIX,VIX260318P00150000,put,True,150.0,121.25,126.85,125.05,15.40999984741211,1.0000000000000003e-05,0.03554087421361189,0.0,1.0,2,2025-08-22 15:19:00+00:00,2597.6833333333334,124.05,0.27123287671232876
2025-12-08 21:00:00+00:00,2026-03-18 00:00:00+00:00,^VIX,VIX260318P00200000,put,True,200.0,0.0,0.0,177.1,15.40999984741211,1.0000000000000003e-05,0.03554087421361189,0.0,100.0,100,2025-12-05 14:30:24+00:00,78.49333333333334,0.0,0.27123287671232876
2025-12-08 21:00:00+00:00,2026-04-15 00:00:00+00:00,^VIX,VIX260415C00010000,call,True,10.0,10.9,11.4,11.34,15.40999984741211,2.6132847167968754,0.03554087421361189,0.0,2.0,196,2025-12-08 18:59:40+00:00,2.0055555555555555,11.15,0.34794520547945207
2025-12-08 21:00:00+00:00,2026-04-15 00:00:00+00:00,^VIX,VIX260415C00010500,call,True,10.5,0.0,0.0,11.61,15.40999984741211,1.0000000000000003e-05,0.03554087421361189,0.0,5.0,10,2025-11-25 16:09:46+00:00,316.83722222222224,0.0,0.34794520547945207
2025-12-08 21:00:00+00:00,2026-04-15 00:00:00+00:00,^VIX,VIX260415C00011000,call,True,11.0,0.0,0.0,10.55,15.40999984741211,1.0000000000000003e-05,0.03554087421361189,0.0,11.0,54,2025-12-01 16:04:15+00:00,172.92916666666667,0.0,0.34794520547945207
2025-12-08 21:00:00+00:00,2026-04-15 00:00:00+00:00,^VIX,VIX260415C00011500,call,True,11.5,9.85,10.35,9.75,15.40999984741211,2.372074382324218,0.03554087421361189,0.0,,0,2025-09-15 17:58:42+00:00,2019.0216666666668,10.1,0.34794520547945207
2025-12-08 21:00:00+00:00,2026-04-15 00:00:00+00:00,^VIX,VIX260415C00012000,call,True,12.0,0.0,0.0,9.15,15.40999984741211,1.0000000000000003e-05,0.03554087421361189,0.0,10.0,38,2025-12-08 14:36:28+00:00,6.392222222222222,0.0,0.34794520547945207
2025-12-08 21:00:00+00:00,2026-04-15 00:00:00+00:00,^VIX,VIX260415C00012500,call,True,12.5,0.0,0.0,8.7,15.40999984741211,1.0000000000000003e-05,0.03554087421361189,0.0,10.0,14,2025-12-05 16:41:03+00:00,76.31583333333333,0.0,0.34794520547945207
2025-12-08 21:00:00+00:00,2026-04-15 00:00:00+00:00,^VIX,VIX260415C00013000,call,True,13.0,0.0,0.0,8.45,15.40999984741211,1.0000000000000003e-05,0.03554087421361189,0.0,10.0,41,2025-12-03 19:48:54+00:00,121.185,0.0,0.34794520547945207
2025-12-08 21:00:00+00:00,2026-04-15 00:00:00+00:00,^VIX,VIX260415C00013500,call,True,13.5,0.0,0.0,7.85,15.40999984741211,1.0000000000000003e-05,0.03554087421361189,0.0,80.0,396,2025-12-08 17:22:47+00:00,3.620277777777778,0.0,0.34794520547945207
2025-12-08 21:00:00+00:00,2026-04-15 00:00:00+00:00,^VIX,VIX260415C00014000,call,True,14.0,0.0,0.0,7.2,15.40999984741211,1.0000000000000003e-05,0.03554087421361189,0.0,5.0,281,2025-12-05 18:24:09+00:00,74.5975,0.0,0.34794520547945207
2025-12-08 21:00:00+00:00,2026-04-15 00:00:00+00:00,^VIX,VIX260415C00014500,call,True,14.5,6.8,7.1,7.03,15.40999984741211,1.6357440087890622,0.03554087421361189,0.0,2.0,201,2025-12-08 20:53:38+00:00,0.10611111111111111,6.949999999999999,0.34794520547945207
2025-12-08 21:00:00+00:00,2026-04-15 00:00:00+00:00,^VIX,VIX260415C00015000,call,True,15.0,6.4,6.7,6.6,15.40999984741211,1.569826369628906,0.03554087421361189,0.0,5.0,949,2025-12-08 17:02:29+00:00,3.9586111111111113,6.550000000000001,0.34794520547945207
2025-12-08 21:00:00+00:00,2026-04-15 00:00:00+00:00,^VIX,VIX260415C00016000,call,True,16.0,0.0,0.0,5.95,15.40999984741211,1.0000000000000003e-05,0.03554087421361189,0.0,82.0,1103,2025-12-08 19:31:08+00:00,1.481111111111111,0.0,0.34794520547945207
2025-12-08 21:00:00+00:00,2026-04-15 00:00:00+00:00,^VIX,VIX260415C00017000,call,False,17.0,5.0,5.35,5.2,15.40999984741211,1.3759796826171873,0.03554087421361189,0.0,3.0,1740,2025-12-08 17:27:27+00:00,3.5425,5.175,0.34794520547945207
2025-12-08 21:00:00+00:00,2026-04-15 00:00:00+00:00,^VIX,VIX260415C00018000,call,False,18.0,4.45,4.75,4.65,15.40999984741211,1.3085972070312497,0.03554087421361189,0.0,24.0,961,2025-12-08 20:53:38+00:00,0.10611111111111111,4.6,0.34794520547945207
2025-12-08 21:00:00+00:00,2026-04-15 00:00:00+00:00,^VIX,VIX260415C00019000,call,False,19.0,1.51,4.3,4.2,15.40999984741211,0.9516606396484374,0.03554087421361189,0.0,1.0,581,2025-12-08 16:31:53+00:00,4.4686111111111115,2.905,0.34794520547945207
2025-12-08 21:00:00+00:00,2026-04-15 00:00:00+00:00,^VIX,VIX260415C00020000,call,False,20.0,3.65,3.9,3.8,15.40999984741211,1.2451209619140622,0.03554087421361189,0.0,314.0,10780,2025-12-08 19:19:51+00:00,1.6691666666666667,3.775,0.34794520547945207
2025-12-08 21:00:00+00:00,2026-04-15 00:00:00+00:00,^VIX,VIX260415C00021000,call,False,21.0,3.3,3.6,3.45,15.40999984741211,1.2280312036132814,0.03554087421361189,0.0,30.0,3895,2025-12-08 18:22:02+00:00,2.6327777777777777,3.45,0.34794520547945207
2025-12-08 21:00:00+00:00,2026-04-15 00:00:00+00:00,^VIX,VIX260415C00022000,call,False,22.0,3.0,3.35,3.15,15.40999984741211,1.21875390625,0.03554087421361189,0.0,1.0,5424,2025-12-05 20:43:07+00:00,72.28138888888888,3.175,0.34794520547945207
2025-12-08 21:00:00+00:00,2026-04-15 00:00:00+00:00,^VIX,VIX260415C00023000,call,False,23.0,2.8,3.1,2.95,15.40999984741211,1.2172890698242185,0.03554087421361189,0.0,137.0,32516,2025-12-08 20:41:20+00:00,0.3111111111111111,2.95,0.34794520547945207
2025-12-08 21:00:00+00:00,2026-04-15 00:00:00+00:00,^VIX,VIX260415C00024000,call,False,24.0,2.59,2.94,2.64,15.40999984741211,1.2211953002929685,0.03554087421361189,0.0,18.0,278,2025-12-05 18:40:47+00:00,74.32027777777778,2.7649999999999997,0.34794520547945207
2025-12-08 21:00:00+00:00,2026-04-15 00:00:00+00:00,^VIX,VIX260415C00025000,call,False,25.0,2.41,2.76,2.56,15.40999984741211,1.22266013671875,0.03554087421361189,0.0,10.0,3121,2025-12-08 17:45:43+00:00,3.2380555555555555,2.585,0.34794520547945207
2025-12-08 21:00:00+00:00,2026-04-15 00:00:00+00:00,^VIX,VIX260415C00026000,call,False,26.0,2.26,2.6,2.41,15.40999984741211,1.2270546459960938,0.03554087421361189,0.0,11.0,378,2025-12-08 18:52:42+00:00,2.1216666666666666,2.4299999999999997,0.34794520547945207
2025-12-08 21:00:00+00:00,2026-04-15 00:00:00+00:00,^VIX,VIX260415C00027000,call,False,27.0,2.12,2.46,2.16,15.40999984741211,1.231937434082031,0.03554087421361189,0.0,24.0,567,2025-12-05 18:41:29+00:00,74.3086111111111,2.29,0.34794520547945207
2025-12-08 21:00:00+00:00,2026-04-15 00:00:00+00:00,^VIX,VIX260415C00028000,call,False,28.0,1.86,2.34,2.04,15.40999984741211,1.2202187426757813,0.03554087421361189,0.0,20.0,660,2025-12-05 18:40:40+00:00,74.32222222222222,2.1,0.34794520547945207
2025-12-08 21:00:00+00:00,2026-04-15 00:00:00+00:00,^VIX,VIX260415C00029000,call,False,29.0,1.9,2.23,1.97,15.40999984741211,1.2475623559570312,0.03554087421361189,0.0,2.0,401,2025-12-05 20:48:04+00:00,72.19888888888889,2.065,0.34794520547945207
2025-12-08 21:00:00+00:00,2026-04-15 00:00:00+00:00,^VIX,VIX260415C00030000,call,False,30.0,1.83,2.13,1.9,15.40999984741211,1.2592810473632814,0.03554087421361189,0.0,70.0,30754,2025-12-08 20:54:06+00:00,0.09833333333333333,1.98,0.34794520547945207
2025-12-08 21:00:00+00:00,2026-04-15 00:00:00+00:00,^VIX,VIX260415C00031000,call,False,31.0,1.72,2.05,1.76,15.40999984741211,1.2656286718749998,0.03554087421361189,0.0,18.0,230,2025-12-05 18:41:52+00:00,74.30222222222223,1.8849999999999998,0.34794520547945207
2025-12-08 21:00:00+00:00,2026-04-15 00:00:00+00:00,^VIX,VIX260415C00032000,call,False,32.0,1.64,1.97,1.69,15.40999984741211,1.2744176904296873,0.03554087421361189,0.0,18.0,555,2025-12-05 18:41:03+00:00,74.31583333333333,1.805,0.34794520547945207
2025-12-08 21:00:00+00:00,2026-04-15 00:00:00+00:00,^VIX,VIX260415C00033000,call,False,33.0,1.57,1.89,1.6,15.40999984741211,1.2827184301757812,0.03554087421361189,0.0,28.0,218,2025-12-05 18:48:32+00:00,74.19111111111111,1.73,0.34794520547945207
2025-12-08 21:00:00+00:00,2026-04-15 00:00:00+00:00,^VIX,VIX260415C00034000,call,False,34.0,1.51,1.82,1.55,15.40999984741211,1.2924840063476561,0.03554087421361189,0.0,19.0,274,2025-12-05 20:16:14+00:00,72.72944444444444,1.665,0.34794520547945207
2025-12-08 21:00:00+00:00,2026-04-15 00:00:00+00:00,^VIX,VIX260415C00035000,call,False,35.0,1.44,1.76,1.52,15.40999984741211,1.3002964672851558,0.03554087421361189,0.0,2.0,6823,2025-12-05 18:49:21+00:00,74.1775,1.6,0.34794520547945207
2025-12-08 21:00:00+00:00,2026-04-15 00:00:00+00:00,^VIX,VIX260415C00036000,call,False,36.0,1.39,1.64,1.45,15.40999984741211,1.3007847460937496,0.03554087421361189,0.0,18.0,426,2025-12-05 18:43:10+00:00,74.28055555555555,1.515,0.34794520547945207
2025-12-08 21:00:00+00:00,2026-04-15 00:00:00+00:00,^VIX,VIX260415C00037000,call,False,37.0,1.34,1.64,1.41,15.40999984741211,1.3178745043945312,0.03554087421361189,0.0,118.0,884,2025-12-05 18:44:06+00:00,74.265,1.49,0.34794520547945207
2025-12-08 21:00:00+00:00,2026-04-15 00:00:00+00:00,^VIX,VIX260415C00038000,call,False,38.0,1.29,1.59,1.36,15.40999984741211,1.3261752441406247,0.03554087421361189,0.0,18.0,165,2025-12-05 18:40:31+00:00,74.32472222222222,1.44,0.34794520547945207
2025-12-08 21:00:00+00:00,2026-04-15 00:00:00+00:00,^VIX,VIX260415C00039000,call,False,39.0,1.24,1.54,1.32,15.40999984741211,1.333499426269531,0.03554087421361189,0.0,18.0,175,2025-12-05 18:44:08+00:00,74.26444444444445,1.3900000000000001,0.34794520547945207
2025-12-08 21:00:00+00:00,2026-04-15 00:00:00+00:00,^VIX,VIX260415C00040000,call,False,40.0,1.2,1.5,1.28,15.40999984741211,1.342776723632812,0.03554087421361189,0.0,4.0,10886,2025-12-08 14:45:59+00:00,6.233611111111111,1.35,0.34794520547945207
2025-12-08 21:00:00+00:00,2026-04-15 00:00:00+00:00,^VIX,VIX260415C00042500,call,False,42.5,1.1,1.37,1.19,15.40999984741211,1.3564485302734375,0.03554087421361189,0.0,46.0,803,2025-12-05 18:41:41+00:00,74.30527777777777,1.235,0.34794520547945207
2025-12-08 21:00:00+00:00,2026-04-15 00:00:00+00:00,^VIX,VIX260415C00045000,call,False,45.0,1.01,1.19,1.16,15.40999984741211,1.3574250878906249,0.03554087421361189,0.0,1.0,10830,2025-12-08 16:20:42+00:00,4.655,1.1,0.34794520547945207
2025-12-08 21:00:00+00:00,2026-04-15 00:00:00+00:00,^VIX,VIX260415C00047500,call,False,47.5,0.94,1.2,1.05,15.40999984741211,1.3906280468749999,0.03554087421361189,0.0,54.0,122527,2025-12-05 19:16:24+00:00,73.72666666666667,1.0699999999999998,0.34794520547945207
2025-12-08 21:00:00+00:00,2026-04-15 00:00:00+00:00,^VIX,VIX260415C00050000,call,False,50.0,0.89,1.14,1.0,15.40999984741211,1.4111357568359377,0.03554087421361189,0.0,20.0,12545,2025-12-08 18:07:05+00:00,2.8819444444444446,1.015,0.34794520547945207
2025-12-08 21:00:00+00:00,2026-04-15 00:00:00+00:00,^VIX,VIX260415C00055000,call,False,55.0,0.76,0.95,0.86,15.40999984741211,1.4213896118164064,0.03554087421361189,0.0,91.0,3296,2025-12-05 18:39:21+00:00,74.34416666666667,0.855,0.34794520547945207
2025-12-08 21:00:00+00:00,2026-04-15 00:00:00+00:00,^VIX,VIX260415C00060000,call,False,60.0,0.66,0.9,0.76,15.40999984741211,1.4541042919921874,0.03554087421361189,0.0,95.0,5470,2025-12-05 18:40:33+00:00,74.32416666666667,0.78,0.34794520547945207
2025-12-08 21:00:00+00:00,2026-04-15 00:00:00+00:00,^VIX,VIX260415C00065000,call,False,65.0,0.58,0.8,0.67,15.40999984741211,1.470705771484375,0.03554087421361189,0.0,91.0,725,2025-12-05 18:41:40+00:00,74.30555555555556,0.69,0.34794520547945207
2025-12-08 21:00:00+00:00,2026-04-15 00:00:00+00:00,^VIX,VIX260415C00070000,call,False,70.0,0.49,0.72,0.58,15.40999984741211,1.48047134765625,0.03554087421361189,0.0,1.0,1516,2025-12-08 14:30:04+00:00,6.498888888888889,0.605,0.34794520547945207
2025-12-08 21:00:00+00:00,2026-04-15 00:00:00+00:00,^VIX,VIX260415C00075000,call,False,75.0,0.47,0.61,0.52,15.40999984741211,1.4931665966796874,0.03554087421361189,0.0,91.0,1015,2025-12-05 18:40:35+00:00,74.3236111111111,0.54,0.34794520547945207
2025-12-08 21:00:00+00:00,2026-04-15 00:00:00+00:00,^VIX,VIX260415C00080000,call,False,80.0,0.35,0.55,0.48,15.40999984741211,1.4834010205078125,0.03554087421361189,0.0,14.0,7955,2025-12-08 18:59:16+00:00,2.0122222222222224,0.45,0.34794520547945207
2025-12-08 21:00:00+00:00,2026-04-15 00:00:00+00:00,^VIX,VIX260415C00085000,call,False,85.0,0.37,0.5,0.42,15.40999984741211,1.5136743066406249,0.03554087421361189,0.0,115.0,615,2025-12-05 18:46:05+00:00,74.23194444444445,0.435,0.34794520547945207
2025-12-08 21:00:00+00:00,2026-04-15 00:00:00+00:00,^VIX,VIX260415C00090000,call,False,90.0,0.33,0.46,0.4,15.40999984741211,1.5234398828124998,0.03554087421361189,0.0,8.0,1183,2025-12-08 17:27:17+00:00,3.5452777777777778,0.395,0.34794520547945207
2025-12-08 21:00:00+00:00,2026-04-15 00:00:00+00:00,^VIX,VIX260415C00095000,call,False,95.0,0.23,0.36,0.35,15.40999984741211,1.482424462890625,0.03554087421361189,0.0,1000.0,4669,2025-12-08 18:58:49+00:00,2.019722222222222,0.295,0.34794520547945207
2025-12-08 21:00:00+00:00,2026-04-15 00:00:00+00:00,^VIX,VIX260415C00100000,call,False,100.0,0.23,0.44,0.33,15.40999984741211,1.5459007080078124,0.03554087421361189,0.0,4.0,11130,2025-12-08 19:54:52+00:00,1.0855555555555556,0.335,0.34794520547945207
2025-12-08 21:00:00+00:00,2026-04-15 00:00:00+00:00,^VIX,VIX260415C00110000,call,False,110.0,0.21,0.34,0.25,15.40999984741211,1.5546897265624997,0.03554087421361189,0.0,2.0,6024,2025-12-05 18:31:30+00:00,74.475,0.275,0.34794520547945207
2025-12-08 21:00:00+00:00,2026-04-15 00:00:00+00:00,^VIX,VIX260415C00120000,call,False,120.0,0.17,0.3,0.26,15.40999984741211,1.5683615332031249,0.03554087421361189,0.0,1.0,28,2025-11-28 15:27:33+00:00,245.54083333333332,0.235,0.34794520547945207
2025-12-08 21:00:00+00:00,2026-04-15 00:00:00+00:00,^VIX,VIX260415C00130000,call,False,130.0,0.14,0.27,0.21,15.40999984741211,1.5820333398437496,0.03554087421361189,0.0,11.0,11,2025-12-04 20:35:14+00:00,96.41277777777778,0.20500000000000002,0.34794520547945207
2025-12-08 21:00:00+00:00,2026-04-15 00:00:00+00:00,^VIX,VIX260415C00140000,call,False,140.0,0.06,0.36,0.2,15.40999984741211,1.6289081054687498,0.03554087421361189,0.0,15.0,811,2025-10-16 16:45:00+00:00,1276.25,0.21,0.34794520547945207
2025-12-08 21:00:00+00:00,2026-04-15 00:00:00+00:00,^VIX,VIX260415C00150000,call,False,150.0,0.1,0.22,0.26,15.40999984741211,1.609376953125,0.03554087421361189,0.0,10.0,135,2025-11-20 18:51:24+00:00,434.1433333333333,0.16,0.34794520547945207
2025-12-08 21:00:00+00:00,2026-04-15 00:00:00+00:00,^VIX,VIX260415C00190000,call,False,190.0,0.05,0.17,0.11,15.40999984741211,1.65625171875,0.03554087421361189,0.0,454.0,584,2025-12-04 15:25:08+00:00,101.58111111111111,0.11000000000000001,0.34794520547945207
2025-12-08 21:00:00+00:00,2026-04-15 00:00:00+00:00,^VIX,VIX260415C00200000,call,False,200.0,0.04,0.16,0.09,15.40999984741211,1.6640641796875002,0.03554087421361189,0.0,2.0,390,2025-12-08 18:59:40+00:00,2.0055555555555555,0.1,0.34794520547945207
2025-12-08 21:00:00+00:00,2026-04-15 00:00:00+00:00,^VIX,VIX260415P00010000,put,False,10.0,0.0,0.1,0.02,15.40999984741211,0.5429733203125001,0.03554087421361189,0.0,20.0,506,2025-12-05 18:23:47+00:00,74.6036111111111,0.05,0.34794520547945207
2025-12-08 21:00:00+00:00,2026-04-15 00:00:00+00:00,^VIX,VIX260415P00010500,put,False,10.5,0.0,0.11,0.02,15.40999984741211,0.5097705273437501,0.03554087421361189,0.0,10.0,11,2025-11-14 19:51:28+00:00,577.1422222222222,0.055,0.34794520547945207
2025-12-08 21:00:00+00:00,2026-04-15 00:00:00+00:00,^VIX,VIX260415P00011000,put,False,11.0,0.0,0.0,0.02,15.40999984741211,0.12500875,0.03554087421361189,0.0,2.0,252,2025-11-21 14:30:04+00:00,414.49888888888887,0.0,0.34794520547945207
2025-12-08 21:00:00+00:00,2026-04-15 00:00:00+00:00,^VIX,VIX260415P00011500,put,False,11.5,0.0,0.26,0.02,15.40999984741211,0.53320779296875,0.03554087421361189,0.0,1000.0,492,2025-10-06 14:27:34+00:00,1518.5405555555556,0.13,0.34794520547945207
2025-12-08 21:00:00+00:00,2026-04-15 00:00:00+00:00,^VIX,VIX260415P00012000,put,False,12.0,0.0,0.0,0.03,15.40999984741211,0.12500875,0.03554087421361189,0.0,1.0,341,2025-11-13 14:30:01+00:00,606.4997222222222,0.0,0.34794520547945207
2025-12-08 21:00:00+00:00,2026-04-15 00:00:00+00:00,^VIX,VIX260415P00012500,put,False,12.5,0.0,0.0,0.04,15.40999984741211,0.12500875,0.03554087421361189,0.0,4.0,289,2025-12-02 14:36:26+00:00,150.39277777777778,0.0,0.34794520547945207
2025-12-08 21:00:00+00:00,2026-04-15 00:00:00+00:00,^VIX,VIX260415P00013000,put,False,13.0,0.05,0.18,0.08,15.40999984741211,0.35352208984374994,0.03554087421361189,0.0,380.0,514,2025-12-08 17:55:55+00:00,3.0680555555555555,0.11499999999999999,0.34794520547945207
2025-12-08 21:00:00+00:00,2026-04-15 00:00:00+00:00,^VIX,VIX260415P00013500,put,False,13.5,0.04,0.22,0.11,15.40999984741211,0.33399103515625,0.03554087421361189,0.0,8.0,304,2025-12-05 20:43:58+00:00,72.26722222222222,0.13,0.34794520547945207
2025-12-08 21:00:00+00:00,2026-04-15 00:00:00+00:00,^VIX,VIX260415P00014000,put,False,14.0,0.09,0.27,0.17,15.40999984741211,0.31445998046874996,0.03554087421361189,0.0,1.0,577,2025-12-08 20:57:40+00:00,0.03888888888888889,0.18,0.34794520547945207
2025-12-08 21:00:00+00:00,2026-04-15 00:00:00+00:00,^VIX,VIX260415P00014500,put,False,14.5,0.16,0.34,0.23,15.40999984741211,0.2978585839843749,0.03554087421361189,0.0,1.0,342,2025-12-08 18:24:21+00:00,2.5941666666666667,0.25,0.34794520547945207
2025-12-08 21:00:00+00:00,2026-04-15 00:00:00+00:00,^VIX,VIX260415P00015000,put,False,15.0,0.24,0.5,0.32,15.40999984741211,0.3051827294921875,0.03554087421361189,0.0,7.0,5871,2025-12-08 15:17:32+00:00,5.707777777777777,0.37,0.34794520547945207
2025-12-08 21:00:00+00:00,2026-04-15 00:00:00+00:00,^VIX,VIX260415P00016000,put,False,16.0,0.49,0.76,0.57,15.40999984741211,0.273444765625,0.03554087421361189,0.0,2.0,15800,2025-12-08 20:57:40+00:00,0.03888888888888889,0.625,0.34794520547945207
2025-12-08 21:00:00+00:00,2026-04-15 00:00:00+00:00,^VIX,VIX260415P00017000,put,True,17.0,0.83,1.14,0.9,15.40999984741211,0.24073024902343748,0.03554087421361189,0.0,20.0,11023,2025-12-08 14:48:53+00:00,6.185277777777777,0.9849999999999999,0.34794520547945207
2025-12-08 21:00:00+00:00,2026-04-15 00:00:00+00:00,^VIX,VIX260415P00018000,put,True,18.0,1.26,1.5,1.33,15.40999984741211,0.148446015625,0.03554087421361189,0.0,10.0,24486,2025-12-08 16:25:29+00:00,4.575277777777778,1.38,0.34794520547945207
2025-12-08 21:00:00+00:00,2026-04-15 00:00:00+00:00,^VIX,VIX260415P00019000,put,True,19.0,1.78,2.23,1.88,15.40999984741211,1.0000000000000003e-05,0.03554087421361189,0.0,3.0,1147,2025-12-05 19:55:19+00:00,73.07805555555555,2.005,0.34794520547945207
2025-12-08 21:00:00+00:00,2026-04-15 00:00:00+00:00,^VIX,VIX260415P00020000,put,True,20.0,2.37,2.84,2.47,15.40999984741211,1.0000000000000003e-05,0.03554087421361189,0.0,1.0,12000,2025-12-05 18:39:21+00:00,74.34416666666667,2.605,0.34794520547945207
2025-12-08 21:00:00+00:00,2026-04-15 00:00:00+00:00,^VIX,VIX260415P00021000,put,True,21.0,3.0,3.3,3.18,15.40999984741211,1.0000000000000003e-05,0.03554087421361189,0.0,2363.0,4625,2025-12-05 19:55:19+00:00,73.07805555555555,3.15,0.34794520547945207
2025-12-08 21:00:00+00:00,2026-04-15 00:00:00+00:00,^VIX,VIX260415P00022000,put,True,22.0,3.7,4.0,3.9,15.40999984741211,1.0000000000000003e-05,0.03554087421361189,0.0,19.0,3866,2025-12-05 18:39:21+00:00,74.34416666666667,3.85,0.34794520547945207
2025-12-08 21:00:00+00:00,2026-04-15 00:00:00+00:00,^VIX,VIX260415P00023000,put,True,23.0,4.45,4.75,4.65,15.40999984741211,1.0000000000000003e-05,0.03554087421361189,0.0,18.0,2394,2025-12-05 18:44:27+00:00,74.25916666666667,4.6,0.34794520547945207
2025-12-08 21:00:00+00:00,2026-04-15 00:00:00+00:00,^VIX,VIX260415P00024000,put,True,24.0,5.2,5.5,5.35,15.40999984741211,1.0000000000000003e-05,0.03554087421361189,0.0,11.0,95,2025-12-08 18:24:21+00:00,2.5941666666666667,5.35,0.34794520547945207
2025-12-08 21:00:00+00:00,2026-04-15 00:00:00+00:00,^VIX,VIX260415P00025000,put,True,25.0,6.0,6.35,6.15,15.40999984741211,1.0000000000000003e-05,0.03554087421361189,0.0,3.0,431,2025-12-08 15:51:09+00:00,5.1475,6.175,0.34794520547945207
2025-12-08 21:00:00+00:00,2026-04-15 00:00:00+00:00,^VIX,VIX260415P00026000,put,True,26.0,5.85,7.45,7.0,15.40999984741211,1.0000000000000003e-05,0.03554087421361189,0.0,,15,2025-09-10 14:10:54+00:00,2142.818333333333,6.65,0.34794520547945207
2025-12-08 21:00:00+00:00,2026-04-15 00:00:00+00:00,^VIX,VIX260415P00027000,put,True,27.0,7.7,8.0,7.45,15.40999984741211,1.0000000000000003e-05,0.03554087421361189,0.0,2.0,157,2025-11-28 15:24:54+00:00,245.585,7.85,0.34794520547945207
2025-12-08 21:00:00+00:00,2026-04-15 00:00:00+00:00,^VIX,VIX260415P00028000,put,True,28.0,8.6,8.9,8.15,15.40999984741211,1.0000000000000003e-05,0.03554087421361189,0.0,1.0,15,2025-11-06 15:09:12+00:00,773.8466666666667,8.75,0.34794520547945207
2025-12-08 21:00:00+00:00,2026-04-15 00:00:00+00:00,^VIX,VIX260415P00029000,put,True,29.0,9.4,9.7,9.35,15.40999984741211,1.0000000000000003e-05,0.03554087421361189,0.0,1.0,44,2025-12-02 20:55:19+00:00,144.07805555555555,9.55,0.34794520547945207
2025-12-08 21:00:00+00:00,2026-04-15 00:00:00+00:00,^VIX,VIX260415P00030000,put,True,30.0,10.35,10.6,10.25,15.40999984741211,1.0000000000000003e-05,0.03554087421361189,0.0,1.0,26,2025-12-01 16:51:18+00:00,172.145,10.475,0.34794520547945207
2025-12-08 21:00:00+00:00,2026-04-15 00:00:00+00:00,^VIX,VIX260415P00031000,put,True,31.0,11.25,11.5,11.29,15.40999984741211,1.0000000000000003e-05,0.03554087421361189,0.0,1.0,5,2025-12-08 17:08:04+00:00,3.8655555555555554,11.375,0.34794520547945207
2025-12-08 21:00:00+00:00,2026-04-15 00:00:00+00:00,^VIX,VIX260415P00033000,put,True,33.0,13.1,13.35,12.07,15.40999984741211,1.0000000000000003e-05,0.03554087421361189,0.0,1.0,0,2025-11-17 18:02:08+00:00,506.96444444444444,13.225,0.34794520547945207
2025-12-08 21:00:00+00:00,2026-04-15 00:00:00+00:00,^VIX,VIX260415P00035000,put,True,35.0,14.95,15.2,14.8,15.40999984741211,1.0000000000000003e-05,0.03554087421361189,0.0,1.0,5,2025-12-01 17:47:44+00:00,171.20444444444445,15.075,0.34794520547945207
2025-12-08 21:00:00+00:00,2026-04-15 00:00:00+00:00,^VIX,VIX260415P00038000,put,True,38.0,17.05,17.25,17.5,15.40999984741211,1.0000000000000003e-05,0.03554087421361189,0.0,,1,2025-10-23 13:38:04+00:00,1111.3655555555556,17.15,0.34794520547945207
2025-12-08 21:00:00+00:00,2026-04-15 00:00:00+00:00,^VIX,VIX260415P00040000,put,True,40.0,19.6,19.85,18.55,15.40999984741211,1.0000000000000003e-05,0.03554087421361189,0.0,13.0,20,2025-11-18 17:43:28+00:00,483.27555555555557,19.725,0.34794520547945207
2025-12-08 21:00:00+00:00,2026-04-15 00:00:00+00:00,^VIX,VIX260415P00045000,put,True,45.0,24.35,24.6,23.7,15.40999984741211,1.0000000000000003e-05,0.03554087421361189,0.0,2.0,133,2025-11-25 19:14:46+00:00,313.75388888888887,24.475,0.34794520547945207
2025-12-08 21:00:00+00:00,2026-04-15 00:00:00+00:00,^VIX,VIX260415P00055000,put,True,55.0,33.95,34.2,32.8,15.40999984741211,1.0000000000000003e-05,0.03554087421361189,0.0,,1,2025-11-04 19:13:30+00:00,817.775,34.075,0.34794520547945207
2025-12-08 21:00:00+00:00,2026-04-15 00:00:00+00:00,^VIX,VIX260415P00080000,put,True,80.0,58.15,58.45,57.7,15.40999984741211,1.0000000000000003e-05,0.03554087421361189,0.0,3.0,3,2025-12-01 14:35:12+00:00,174.41333333333333,58.3,0.34794520547945207
2025-12-08 21:00:00+00:00,2026-04-15 00:00:00+00:00,^VIX,VIX260415P00085000,put,True,85.0,0.0,0.0,61.4,15.40999984741211,1.0000000000000003e-05,0.03554087421361189,0.0,1.0,1,2025-11-14 14:30:13+00:00,582.4963888888889,0.0,0.34794520547945207
2025-12-08 21:00:00+00:00,2026-04-15 00:00:00+00:00,^VIX,VIX260415P00090000,put,True,90.0,67.9,68.2,67.46,15.40999984741211,1.0000000000000003e-05,0.03554087421361189,0.0,3.0,4,2025-12-01 14:35:12+00:00,174.41333333333333,68.05000000000001,0.34794520547945207
2025-12-08 21:00:00+00:00,2026-04-15 00:00:00+00:00,^VIX,VIX260415P00100000,put,True,100.0,76.7,77.1,77.05,15.40999984741211,1.0000000000000003e-05,0.03554087421361189,0.0,1.0,2,2025-10-20 14:25:38+00:00,1182.5727777777777,76.9,0.34794520547945207
2025-12-08 21:00:00+00:00,2026-04-15 00:00:00+00:00,^VIX,VIX260415P00110000,put,True,110.0,0.0,0.0,85.3,15.40999984741211,1.0000000000000003e-05,0.03554087421361189,0.0,,1,2025-08-18 14:58:17+00:00,2694.0286111111113,0.0,0.34794520547945207
2025-12-08 21:00:00+00:00,2026-04-15 00:00:00+00:00,^VIX,VIX260415P00120000,put,True,120.0,0.0,0.0,95.2,15.40999984741211,1.0000000000000003e-05,0.03554087421361189,0.0,,1,2025-08-13 16:27:03+00:00,2812.5491666666667,0.0,0.34794520547945207
2025-12-08 21:00:00+00:00,2026-04-15 00:00:00+00:00,^VIX,VIX260415P00200000,put,True,200.0,0.0,0.0,175.92,15.40999984741211,1.0000000000000003e-05,0.03554087421361189,0.0,2.0,1,2025-12-08 18:59:40+00:00,2.0055555555555555,0.0,0.34794520547945207
2025-12-08 21:00:00+00:00,2026-05-19 00:00:00+00:00,^VIX,VIX260519C00010000,call,True,10.0,11.1,11.8,11.48,15.40999984741211,2.4511757470703124,0.03554087421361189,0.0,2.0,206,2025-12-08 18:55:57+00:00,2.0675,11.45,0.4410958904109589
2025-12-08 21:00:00+00:00,2026-05-19 00:00:00+00:00,^VIX,VIX260519C00010500,call,True,10.5,11.4,11.65,11.5,15.40999984741211,2.544925512695312,0.03554087421361189,0.0,5.0,6,2025-10-17 14:27:27+00:00,1254.5425,11.525,0.4410958904109589
2025-12-08 21:00:00+00:00,2026-05-19 00:00:00+00:00,^VIX,VIX260519C00011000,call,True,11.0,0.0,0.0,11.12,15.40999984741211,1.0000000000000003e-05,0.03554087421361189,0.0,60.0,124,2025-11-05 15:17:11+00:00,797.7136111111112,0.0,0.4410958904109589
2025-12-08 21:00:00+00:00,2026-05-19 00:00:00+00:00,^VIX,VIX260519C00011500,call,True,11.5,10.5,11.35,10.45,15.40999984741211,2.4169961450195308,0.03554087421361189,0.0,1.0,2,2025-10-10 19:15:42+00:00,1417.7383333333332,10.925,0.4410958904109589
2025-12-08 21:00:00+00:00,2026-05-19 00:00:00+00:00,^VIX,VIX260519C00012000,call,True,12.0,0.0,0.0,9.6,15.40999984741211,1.0000000000000003e-05,0.03554087421361189,0.0,1.0,26,2025-12-04 15:25:39+00:00,101.5725,0.0,0.4410958904109589
2025-12-08 21:00:00+00:00,2026-05-19 00:00:00+00:00,^VIX,VIX260519C00012500,call,True,12.5,0.0,0.0,9.75,15.40999984741211,1.0000000000000003e-05,0.03554087421361189,0.0,1.0,2,2025-11-04 16:57:02+00:00,820.0494444444445,0.0,0.4410958904109589
2025-12-08 21:00:00+00:00,2026-05-19 00:00:00+00:00,^VIX,VIX260519C00013000,call,True,13.0,8.25,8.95,8.55,15.40999984741211,1.7797862573242185,0.03554087421361189,0.0,1.0,44,2025-12-05 16:43:09+00:00,76.28083333333333,8.6,0.4410958904109589
2025-12-08 21:00:00+00:00,2026-05-19 00:00:00+00:00,^VIX,VIX260519C00013500,call,True,13.5,7.8,8.5,9.5,15.40999984741211,1.6962905810546878,0.03554087421361189,0.0,1.0,18,2025-11-21 16:38:22+00:00,412.36055555555555,8.15,0.4410958904109589
2025-12-08 21:00:00+00:00,2026-05-19 00:00:00+00:00,^VIX,VIX260519C00014000,call,True,14.0,0.0,0.0,7.55,15.40999984741211,1.0000000000000003e-05,0.03554087421361189,0.0,10.0,738,2025-12-08 15:16:59+00:00,5.716944444444445,0.0,0.4410958904109589
2025-12-08 21:00:00+00:00,2026-05-19 00:00:00+00:00,^VIX,VIX260519C00014500,call,True,14.5,6.95,7.65,7.14,15.40999984741211,1.552248332519531,0.03554087421361189,0.0,1.0,30,2025-12-08 14:30:04+00:00,6.498888888888889,7.300000000000001,0.4410958904109589
2025-12-08 21:00:00+00:00,2026-05-19 00:00:00+00:00,^VIX,VIX260519C00015000,call,True,15.0,0.0,0.0,6.8,15.40999984741211,1.0000000000000003e-05,0.03554087421361189,0.0,2.0,174,2025-12-08 15:00:10+00:00,5.997222222222222,0.0,0.4410958904109589
2025-12-08 21:00:00+00:00,2026-05-19 00:00:00+00:00,^VIX,VIX260519C00016000,call,True,16.0,0.0,0.0,6.2,15.40999984741211,1.0000000000000003e-05,0.03554087421361189,0.0,51.0,615,2025-12-08 19:28:56+00:00,1.5177777777777777,0.0,0.4410958904109589
2025-12-08 21:00:00+00:00,2026-05-19 00:00:00+00:00,^VIX,VIX260519C00017000,call,False,17.0,5.2,5.7,5.27,15.40999984741211,1.291019169921875,0.03554087421361189,0.0,172.0,298,2025-12-05 17:56:26+00:00,75.05944444444444,5.45,0.4410958904109589
2025-12-08 21:00:00+00:00,2026-05-19 00:00:00+00:00,^VIX,VIX260519C00018000,call,False,18.0,2.27,5.15,4.9,15.40999984741211,0.9575199560546874,0.03554087421361189,0.0,20.0,477,2025-12-08 16:01:30+00:00,4.975,3.71,0.4410958904109589
2025-12-08 21:00:00+00:00,2026-05-19 00:00:00+00:00,^VIX,VIX260519C00019000,call,False,19.0,1.78,4.65,4.55,15.40999984741211,0.9165047412109376,0.03554087421361189,0.0,1.0,220,2025-12-04 15:34:06+00:00,101.43166666666667,3.2150000000000003,0.4410958904109589
2025-12-08 21:00:00+00:00,2026-05-19 00:00:00+00:00,^VIX,VIX260519C00020000,call,False,20.0,2.0,4.3,4.15,15.40999984741211,0.9663089306640625,0.03554087421361189,0.0,16.0,7525,2025-12-08 19:50:36+00:00,1.1566666666666667,3.15,0.4410958904109589
2025-12-08 21:00:00+00:00,2026-05-19 00:00:00+00:00,^VIX,VIX260519C00021000,call,False,21.0,3.55,3.95,3.8,15.40999984741211,1.16016044921875,0.03554087421361189,0.0,305.0,494,2025-12-08 20:30:52+00:00,0.4855555555555556,3.75,0.4410958904109589
2025-12-08 21:00:00+00:00,2026-05-19 00:00:00+00:00,^VIX,VIX260519C00022000,call,False,22.0,3.25,3.65,3.4,15.40999984741211,1.1460003637695313,0.03554087421361189,0.0,6.0,4733,2025-12-08 18:25:38+00:00,2.5727777777777776,3.45,0.4410958904109589
2025-12-08 21:00:00+00:00,2026-05-19 00:00:00+00:00,^VIX,VIX260519C00023000,call,False,23.0,3.0,3.4,3.15,15.40999984741211,1.1391644604492188,0.03554087421361189,0.0,3.0,30238,2025-12-05 18:19:39+00:00,74.6725,3.2,0.4410958904109589
2025-12-08 21:00:00+00:00,2026-05-19 00:00:00+00:00,^VIX,VIX260519C00024000,call,False,24.0,2.79,3.15,2.99,15.40999984741211,1.1328168359375002,0.03554087421361189,0.0,61.0,110,2025-12-04 15:20:47+00:00,101.6536111111111,2.9699999999999998,0.4410958904109589
2025-12-08 21:00:00+00:00,2026-05-19 00:00:00+00:00,^VIX,VIX260519C00025000,call,False,25.0,2.45,2.98,2.82,15.40999984741211,1.1176801928710938,0.03554087421361189,0.0,10020.0,11233,2025-12-08 19:58:38+00:00,1.0227777777777778,2.715,0.4410958904109589
2025-12-08 21:00:00+00:00,2026-05-19 00:00:00+00:00,^VIX,VIX260519C00026000,call,False,26.0,2.43,2.88,2.5,15.40999984741211,1.1435589697265625,0.03554087421361189,0.0,5.0,201,2025-12-05 15:31:08+00:00,77.4811111111111,2.6550000000000002,0.4410958904109589
2025-12-08 21:00:00+00:00,2026-05-19 00:00:00+00:00,^VIX,VIX260519C00027000,call,False,27.0,2.28,2.73,2.36,15.40999984741211,1.1460003637695313,0.03554087421361189,0.0,8.0,10542,2025-12-05 18:47:51+00:00,74.2025,2.505,0.4410958904109589
2025-12-08 21:00:00+00:00,2026-05-19 00:00:00+00:00,^VIX,VIX260519C00028000,call,False,28.0,2.15,2.6,2.25,15.40999984741211,1.1508831518554685,0.03554087421361189,0.0,4.0,421,2025-12-05 19:35:34+00:00,73.40722222222222,2.375,0.4410958904109589
2025-12-08 21:00:00+00:00,2026-05-19 00:00:00+00:00,^VIX,VIX260519C00029000,call,False,29.0,2.04,2.48,2.13,15.40999984741211,1.1567424975585938,0.03554087421361189,0.0,8.0,442,2025-12-05 19:17:13+00:00,73.71305555555556,2.26,0.4410958904109589
2025-12-08 21:00:00+00:00,2026-05-19 00:00:00+00:00,^VIX,VIX260519C00030000,call,False,30.0,1.93,2.38,2.09,15.40999984741211,1.1626018432617187,0.03554087421361189,0.0,130.0,11590,2025-12-08 17:02:29+00:00,3.9586111111111113,2.155,0.4410958904109589
2025-12-08 21:00:00+00:00,2026-05-19 00:00:00+00:00,^VIX,VIX260519C00031000,call,False,31.0,1.84,2.28,1.95,15.40999984741211,1.1689494677734376,0.03554087421361189,0.0,5.0,243,2025-12-05 19:39:09+00:00,73.3475,2.06,0.4410958904109589
2025-12-08 21:00:00+00:00,2026-05-19 00:00:00+00:00,^VIX,VIX260519C00032000,call,False,32.0,1.6,2.2,1.85,15.40999984741211,1.1577190551757814,0.03554087421361189,0.0,40.0,521,2025-12-08 14:57:27+00:00,6.0425,1.9000000000000001,0.4410958904109589
2025-12-08 21:00:00+00:00,2026-05-19 00:00:00+00:00,^VIX,VIX260519C00033000,call,False,33.0,1.53,2.12,1.79,15.40999984741211,1.1655315161132815,0.03554087421361189,0.0,1.0,229,2025-12-05 17:48:26+00:00,75.19277777777778,1.8250000000000002,0.4410958904109589
2025-12-08 21:00:00+00:00,2026-05-19 00:00:00+00:00,^VIX,VIX260519C00034000,call,False,34.0,1.6,2.04,1.69,15.40999984741211,1.189457177734375,0.03554087421361189,0.0,1.0,251,2025-12-05 14:42:29+00:00,78.29194444444444,1.82,0.4410958904109589
2025-12-08 21:00:00+00:00,2026-05-19 00:00:00+00:00,^VIX,VIX260519C00035000,call,False,35.0,1.54,1.98,1.72,15.40999984741211,1.1987344750976563,0.03554087421361189,0.0,20.0,15707,2025-12-08 19:58:38+00:00,1.0227777777777778,1.76,0.4410958904109589
2025-12-08 21:00:00+00:00,2026-05-19 00:00:00+00:00,^VIX,VIX260519C00036000,call,False,36.0,1.47,1.92,1.66,15.40999984741211,1.205082099609375,0.03554087421361189,0.0,60.0,303,2025-12-04 15:29:15+00:00,101.5125,1.6949999999999998,0.4410958904109589
2025-12-08 21:00:00+00:00,2026-05-19 00:00:00+00:00,^VIX,VIX260519C00037000,call,False,37.0,1.2,1.86,1.61,15.40999984741211,1.183109553222656,0.03554087421361189,0.0,60.0,236,2025-12-04 15:28:09+00:00,101.53083333333333,1.53,0.4410958904109589
2025-12-08 21:00:00+00:00,2026-05-19 00:00:00+00:00,^VIX,VIX260519C00038000,call,False,38.0,1.21,1.81,1.55,15.40999984741211,1.19922275390625,0.03554087421361189,0.0,2.0,241,2025-12-08 19:34:51+00:00,1.4191666666666667,1.51,0.4410958904109589
2025-12-08 21:00:00+00:00,2026-05-19 00:00:00+00:00,^VIX,VIX260519C00039000,call,False,39.0,1.09,1.7,1.51,15.40999984741211,1.1875040625,0.03554087421361189,0.0,60.0,202,2025-12-04 15:28:21+00:00,101.5275,1.395,0.4410958904109589
2025-12-08 21:00:00+00:00,2026-05-19 00:00:00+00:00,^VIX,VIX260519C00040000,call,False,40.0,1.26,1.65,1.47,15.40999984741211,1.224613251953125,0.03554087421361189,0.0,4.0,1322,2025-12-08 17:46:21+00:00,3.2275,1.455,0.4410958904109589
2025-12-08 21:00:00+00:00,2026-05-19 00:00:00+00:00,^VIX,VIX260519C00042500,call,False,42.5,1.16,1.73,1.33,15.40999984741211,1.2680700659179687,0.03554087421361189,0.0,11.0,1759,2025-12-05 19:51:51+00:00,73.13583333333334,1.4449999999999998,0.4410958904109589
2025-12-08 21:00:00+00:00,2026-05-19 00:00:00+00:00,^VIX,VIX260519C00045000,call,False,45.0,1.06,1.48,1.27,15.40999984741211,1.259769326171875,0.03554087421361189,0.0,1.0,762,2025-12-08 16:21:05+00:00,4.648611111111111,1.27,0.4410958904109589
2025-12-08 21:00:00+00:00,2026-05-19 00:00:00+00:00,^VIX,VIX260519C00047500,call,False,47.5,0.98,1.39,1.11,15.40999984741211,1.2734411328124997,0.03554087421361189,0.0,1.0,100667,2025-12-08 15:17:49+00:00,5.703055555555555,1.185,0.4410958904109589
2025-12-08 21:00:00+00:00,2026-05-19 00:00:00+00:00,^VIX,VIX260519C00050000,call,False,50.0,0.91,1.31,1.1,15.40999984741211,1.2861363818359375,0.03554087421361189,0.0,9.0,1550,2025-12-08 17:46:21+00:00,3.2275,1.11,0.4410958904109589
2025-12-08 21:00:00+00:00,2026-05-19 00:00:00+00:00,^VIX,VIX260519C00055000,call,False,55.0,0.77,1.01,0.98,15.40999984741211,1.2773473632812498,0.03554087421361189,0.0,6.0,2213,2025-12-08 18:07:05+00:00,2.8819444444444446,0.89,0.4410958904109589
2025-12-08 21:00:00+00:00,2026-05-19 00:00:00+00:00,^VIX,VIX260519C00060000,call,False,60.0,0.68,1.06,0.85,15.40999984741211,1.3281283593749997,0.03554087421361189,0.0,1.0,9776,2025-12-05 20:48:09+00:00,72.1975,0.8700000000000001,0.4410958904109589
2025-12-08 21:00:00+00:00,2026-05-19 00:00:00+00:00,^VIX,VIX260519C00065000,call,False,65.0,0.59,0.96,0.78,15.40999984741211,1.343265002441406,0.03554087421361189,0.0,301.0,2940,2025-12-04 15:19:48+00:00,101.67,0.7749999999999999,0.4410958904109589
2025-12-08 21:00:00+00:00,2026-05-19 00:00:00+00:00,^VIX,VIX260519C00070000,call,False,70.0,0.52,0.86,0.7,15.40999984741211,1.354983693847656,0.03554087421361189,0.0,87.0,1665,2025-12-08 18:18:20+00:00,2.6944444444444446,0.69,0.4410958904109589
2025-12-08 21:00:00+00:00,2026-05-19 00:00:00+00:00,^VIX,VIX260519C00075000,call,False,75.0,0.45,0.79,0.61,15.40999984741211,1.3662141064453124,0.03554087421361189,0.0,2.0,11317,2025-12-04 15:26:28+00:00,101.55888888888889,0.62,0.4410958904109589
2025-12-08 21:00:00+00:00,2026-05-19 00:00:00+00:00,^VIX,VIX260519C00080000,call,False,80.0,0.36,0.72,0.57,15.40999984741211,1.3671906640625,0.03554087421361189,0.0,305.0,845,2025-12-04 15:25:26+00:00,101.57611111111112,0.54,0.4410958904109589
2025-12-08 21:00:00+00:00,2026-05-19 00:00:00+00:00,^VIX,VIX260519C00085000,call,False,85.0,0.33,0.66,0.52,15.40999984741211,1.3789093554687497,0.03554087421361189,0.0,301.0,1109,2025-12-04 15:25:34+00:00,101.57388888888889,0.495,0.4410958904109589
2025-12-08 21:00:00+00:00,2026-05-19 00:00:00+00:00,^VIX,VIX260519C00090000,call,False,90.0,0.31,0.61,0.47,15.40999984741211,1.3935577197265623,0.03554087421361189,0.0,301.0,1009,2025-12-04 15:25:39+00:00,101.5725,0.45999999999999996,0.4410958904109589
2025-12-08 21:00:00+00:00,2026-05-19 00:00:00+00:00,^VIX,VIX260519C00095000,call,False,95.0,0.28,0.57,0.42,15.40999984741211,1.404299853515625,0.03554087421361189,0.0,301.0,602,2025-12-04 15:21:41+00:00,101.63861111111112,0.425,0.4410958904109589
2025-12-08 21:00:00+00:00,2026-05-19 00:00:00+00:00,^VIX,VIX260519C00100000,call,False,100.0,0.3,0.46,0.38,15.40999984741211,1.404299853515625,0.03554087421361189,0.0,1.0,6275,2025-12-05 19:22:34+00:00,73.62388888888889,0.38,0.4410958904109589
2025-12-08 21:00:00+00:00,2026-05-19 00:00:00+00:00,^VIX,VIX260519C00110000,call,False,110.0,0.1,0.65,0.32,15.40999984741211,1.4541042919921874,0.03554087421361189,0.0,,3,2025-10-10 14:24:36+00:00,1422.59,0.375,0.4410958904109589
2025-12-08 21:00:00+00:00,2026-05-19 00:00:00+00:00,^VIX,VIX260519C00120000,call,False,120.0,0.15,0.49,0.3,15.40999984741211,1.4628933105468749,0.03554087421361189,0.0,1.0,4,2025-12-02 19:04:55+00:00,145.91805555555555,0.32,0.4410958904109589
2025-12-08 21:00:00+00:00,2026-05-19 00:00:00+00:00,^VIX,VIX260519C00130000,call,False,130.0,0.11,0.44,0.26,15.40999984741211,1.4697292138671876,0.03554087421361189,0.0,,2,2025-11-18 15:03:16+00:00,485.94555555555553,0.275,0.4410958904109589
2025-12-08 21:00:00+00:00,2026-05-19 00:00:00+00:00,^VIX,VIX260519C00140000,call,False,140.0,0.01,0.51,0.3,15.40999984741211,1.4960962695312499,0.03554087421361189,0.0,1.0,1,2025-10-16 19:22:29+00:00,1273.6252777777777,0.26,0.4410958904109589
2025-12-08 21:00:00+00:00,2026-05-19 00:00:00+00:00,^VIX,VIX260519C00150000,call,False,150.0,0.06,0.38,0.2,15.40999984741211,1.4941431542968748,0.03554087421361189,0.0,10.0,445,2025-12-03 20:29:49+00:00,120.50305555555556,0.22,0.4410958904109589
2025-12-08 21:00:00+00:00,2026-05-19 00:00:00+00:00,^VIX,VIX260519C00160000,call,False,160.0,0.04,0.35,0.2,15.40999984741211,1.5000025,0.03554087421361189,0.0,,3,2025-11-11 20:51:49+00:00,648.1363888888889,0.19499999999999998,0.4410958904109589
2025-12-08 21:00:00+00:00,2026-05-19 00:00:00+00:00,^VIX,VIX260519C00180000,call,False,180.0,0.0,0.39,0.15,15.40999984741211,1.5585959570312498,0.03554087421361189,0.0,,100,2025-10-29 16:28:05+00:00,964.5319444444444,0.195,0.4410958904109589
2025-12-08 21:00:00+00:00,2026-05-19 00:00:00+00:00,^VIX,VIX260519C00200000,call,False,200.0,0.0,0.0,0.13,15.40999984741211,0.500005,0.03554087421361189,0.0,10.0,12,2025-12-04 17:53:32+00:00,99.10777777777778,0.0,0.4410958904109589
2025-12-08 21:00:00+00:00,2026-05-19 00:00:00+00:00,^VIX,VIX260519P00010000,put,False,10.0,0.0,0.14,0.01,15.40999984741211,0.5205126074218749,0.03554087421361189,0.0,,2,2025-11-19 20:00:29+00:00,456.99194444444447,0.07,0.4410958904109589
2025-12-08 21:00:00+00:00,2026-05-19 00:00:00+00:00,^VIX,VIX260519P00010500,put,False,10.5,0.0,0.62,0.03,15.40999984741211,0.5918009570312501,0.03554087421361189,0.0,1.0,2,2025-09-17 16:42:23+00:00,1972.2936111111112,0.31,0.4410958904109589
2025-12-08 21:00:00+00:00,2026-05-19 00:00:00+00:00,^VIX,VIX260519P00011000,put,False,11.0,0.0,0.26,0.05,15.40999984741211,0.51758294921875,0.03554087421361189,0.0,1.0,11,2025-10-06 19:47:17+00:00,1513.2119444444445,0.13,0.4410958904109589
2025-12-08 21:00:00+00:00,2026-05-19 00:00:00+00:00,^VIX,VIX260519P00011500,put,False,11.5,0.0,0.1,0.04,15.40999984741211,0.370123486328125,0.03554087421361189,0.0,100.0,100,2025-10-17 18:19:36+00:00,1250.6733333333334,0.05,0.4410958904109589
2025-12-08 21:00:00+00:00,2026-05-19 00:00:00+00:00,^VIX,VIX260519P00012000,put,False,12.0,0.0,0.06,0.05,15.40999984741211,0.3007882421875,0.03554087421361189,0.0,1.0,19,2025-10-24 15:31:09+00:00,1085.4808333333333,0.03,0.4410958904109589
2025-12-08 21:00:00+00:00,2026-05-19 00:00:00+00:00,^VIX,VIX260519P00012500,put,False,12.5,0.0,0.0,0.03,15.40999984741211,0.12500875,0.03554087421361189,0.0,1.0,2,2025-11-25 19:55:11+00:00,313.0802777777778,0.0,0.4410958904109589
2025-12-08 21:00:00+00:00,2026-05-19 00:00:00+00:00,^VIX,VIX260519P00013000,put,False,13.0,0.0,0.23,0.07,15.40999984741211,0.33887379882812496,0.03554087421361189,0.0,8.0,150,2025-12-04 18:22:51+00:00,98.61916666666667,0.115,0.4410958904109589
2025-12-08 21:00:00+00:00,2026-05-19 00:00:00+00:00,^VIX,VIX260519P00013500,put,False,13.5,0.0,0.27,0.11,15.40999984741211,0.31836619140624994,0.03554087421361189,0.0,9.0,56,2025-12-08 14:52:55+00:00,6.118055555555555,0.135,0.4410958904109589
2025-12-08 21:00:00+00:00,2026-05-19 00:00:00+00:00,^VIX,VIX260519P00014000,put,False,14.0,0.0,0.33,0.17,15.40999984741211,0.301764794921875,0.03554087421361189,0.0,15.0,932,2025-12-05 20:43:13+00:00,72.27972222222222,0.165,0.4410958904109589
2025-12-08 21:00:00+00:00,2026-05-19 00:00:00+00:00,^VIX,VIX260519P00014500,put,False,14.5,0.06,0.41,0.22,15.40999984741211,0.2876047802734374,0.03554087421361189,0.0,4.0,372,2025-12-08 14:53:32+00:00,6.107777777777778,0.235,0.4410958904109589
2025-12-08 21:00:00+00:00,2026-05-19 00:00:00+00:00,^VIX,VIX260519P00015000,put,False,15.0,0.15,0.44,0.33,15.40999984741211,0.25440198730468755,0.03554087421361189,0.0,11.0,3942,2025-12-08 15:58:50+00:00,5.019444444444445,0.295,0.4410958904109589
2025-12-08 21:00:00+00:00,2026-05-19 00:00:00+00:00,^VIX,VIX260519P00016000,put,False,16.0,0.49,0.76,0.58,15.40999984741211,0.243171630859375,0.03554087421361189,0.0,68.0,599,2025-12-05 19:13:37+00:00,73.77305555555556,0.625,0.4410958904109589
2025-12-08 21:00:00+00:00,2026-05-19 00:00:00+00:00,^VIX,VIX260519P00017000,put,True,17.0,0.83,0.95,0.92,15.40999984741211,0.1713950048828125,0.03554087421361189,0.0,1.0,497,2025-12-08 15:39:13+00:00,5.346388888888889,0.8899999999999999,0.4410958904109589
2025-12-08 21:00:00+00:00,2026-05-19 00:00:00+00:00,^VIX,VIX260519P00018000,put,True,18.0,1.13,1.62,1.37,15.40999984741211,0.16748879394531252,0.03554087421361189,0.0,10.0,7774,2025-12-05 15:53:55+00:00,77.10138888888889,1.375,0.4410958904109589
2025-12-08 21:00:00+00:00,2026-05-19 00:00:00+00:00,^VIX,VIX260519P00019000,put,True,19.0,1.76,2.29,1.94,15.40999984741211,1.0000000000000003e-05,0.03554087421361189,0.0,5.0,381,2025-12-05 15:53:55+00:00,77.10138888888889,2.025,0.4410958904109589
2025-12-08 21:00:00+00:00,2026-05-19 00:00:00+00:00,^VIX,VIX260519P00020000,put,True,20.0,2.19,2.97,2.52,15.40999984741211,1.0000000000000003e-05,0.03554087421361189,0.0,1000.0,23896,2025-12-05 16:46:20+00:00,76.22777777777777,2.58,0.4410958904109589
2025-12-08 21:00:00+00:00,2026-05-19 00:00:00+00:00,^VIX,VIX260519P00021000,put,True,21.0,2.96,3.35,3.05,15.40999984741211,1.0000000000000003e-05,0.03554087421361189,0.0,301.0,1782,2025-12-08 18:44:02+00:00,2.266111111111111,3.1550000000000002,0.4410958904109589
2025-12-08 21:00:00+00:00,2026-05-19 00:00:00+00:00,^VIX,VIX260519P00022000,put,True,22.0,3.55,4.05,3.87,15.40999984741211,1.0000000000000003e-05,0.03554087421361189,0.0,10000.0,14672,2025-12-08 16:31:59+00:00,4.466944444444445,3.8,0.4410958904109589
2025-12-08 21:00:00+00:00,2026-05-19 00:00:00+00:00,^VIX,VIX260519P00023000,put,True,23.0,4.35,4.75,4.48,15.40999984741211,1.0000000000000003e-05,0.03554087421361189,0.0,60.0,5228,2025-12-04 15:36:54+00:00,101.385,4.55,0.4410958904109589
2025-12-08 21:00:00+00:00,2026-05-19 00:00:00+00:00,^VIX,VIX260519P00024000,put,True,24.0,5.1,5.55,5.25,15.40999984741211,1.0000000000000003e-05,0.03554087421361189,0.0,1.0,189,2025-12-04 17:00:09+00:00,99.9975,5.324999999999999,0.4410958904109589
2025-12-08 21:00:00+00:00,2026-05-19 00:00:00+00:00,^VIX,VIX260519P00025000,put,True,25.0,5.85,6.3,6.1,15.40999984741211,1.0000000000000003e-05,0.03554087421361189,0.0,5.0,362,2025-12-08 18:42:34+00:00,2.2905555555555557,6.074999999999999,0.4410958904109589
2025-12-08 21:00:00+00:00,2026-05-19 00:00:00+00:00,^VIX,VIX260519P00026000,put,True,26.0,6.65,7.15,6.8,15.40999984741211,1.0000000000000003e-05,0.03554087421361189,0.0,1.0,10,2025-12-03 17:40:16+00:00,123.32888888888888,6.9,0.4410958904109589
2025-12-08 21:00:00+00:00,2026-05-19 00:00:00+00:00,^VIX,VIX260519P00027000,put,True,27.0,7.5,8.0,6.9,15.40999984741211,1.0000000000000003e-05,0.03554087421361189,0.0,1.0,1,2025-11-21 16:03:04+00:00,412.9488888888889,7.75,0.4410958904109589
2025-12-08 21:00:00+00:00,2026-05-19 00:00:00+00:00,^VIX,VIX260519P00028000,put,True,28.0,8.35,8.85,7.85,15.40999984741211,1.0000000000000003e-05,0.03554087421361189,0.0,,12,2025-11-18 19:34:15+00:00,481.4291666666667,8.6,0.4410958904109589
2025-12-08 21:00:00+00:00,2026-05-19 00:00:00+00:00,^VIX,VIX260519P00029000,put,True,29.0,9.2,9.7,9.25,15.40999984741211,1.0000000000000003e-05,0.03554087421361189,0.0,1.0,146,2025-12-03 14:30:04+00:00,126.49888888888889,9.45,0.4410958904109589
2025-12-08 21:00:00+00:00,2026-05-19 00:00:00+00:00,^VIX,VIX260519P00030000,put,True,30.0,10.2,10.5,10.0,15.40999984741211,1.0000000000000003e-05,0.03554087421361189,0.0,3.0,235,2025-11-28 17:57:10+00:00,243.04722222222222,10.35,0.4410958904109589
2025-12-08 21:00:00+00:00,2026-05-19 00:00:00+00:00,^VIX,VIX260519P00031000,put,True,31.0,11.0,11.35,10.35,15.40999984741211,1.0000000000000003e-05,0.03554087421361189,0.0,1.0,175,2025-11-21 17:50:29+00:00,411.1586111111111,11.175,0.4410958904109589
2025-12-08 21:00:00+00:00,2026-05-19 00:00:00+00:00,^VIX,VIX260519P00032000,put,True,32.0,10.4,12.5,12.03,15.40999984741211,1.0000000000000003e-05,0.03554087421361189,0.0,,11,2025-09-10 18:26:57+00:00,2138.5508333333332,11.45,0.4410958904109589
2025-12-08 21:00:00+00:00,2026-05-19 00:00:00+00:00,^VIX,VIX260519P00035000,put,True,35.0,13.0,15.1,14.68,15.40999984741211,1.0000000000000003e-05,0.03554087421361189,0.0,,2,2025-09-10 17:14:07+00:00,2139.764722222222,14.05,0.4410958904109589
2025-12-08 21:00:00+00:00,2026-05-19 00:00:00+00:00,^VIX,VIX260519P00040000,put,True,40.0,19.35,19.65,18.3,15.40999984741211,1.0000000000000003e-05,0.03554087421361189,0.0,2.0,6,2025-11-14 14:31:07+00:00,582.4813888888889,19.5,0.4410958904109589
2025-12-08 21:00:00+00:00,2026-05-19 00:00:00+00:00,^VIX,VIX260519P00050000,put,True,50.0,28.8,29.1,28.4,15.40999984741211,1.0000000000000003e-05,0.03554087421361189,0.0,2.0,2,2025-11-28 17:45:07+00:00,243.24805555555557,28.950000000000003,0.4410958904109589
2025-12-08 21:00:00+00:00,2026-05-19 00:00:00+00:00,^VIX,VIX260519P00055000,put,True,55.0,0.0,0.0,33.2,15.40999984741211,1.0000000000000003e-05,0.03554087421361189,0.0,4.0,4,2025-11-28 16:41:27+00:00,244.30916666666667,0.0,0.4410958904109589
2025-12-08 21:00:00+00:00,2026-05-19 00:00:00+00:00,^VIX,VIX260519P00060000,put,True,60.0,0.0,0.0,37.37,15.40999984741211,1.0000000000000003e-05,0.03554087421361189,0.0,7.0,0,2025-11-13 17:40:25+00:00,603.3263888888889,0.0,0.4410958904109589
2025-12-08 21:00:00+00:00,2026-05-19 00:00:00+00:00,^VIX,VIX260519P00080000,put,True,80.0,57.7,58.05,57.32,15.40999984741211,1.0000000000000003e-05,0.03554087421361189,0.0,1.0,3,2025-12-01 14:35:36+00:00,174.40666666666667,57.875,0.4410958904109589
2025-12-08 21:00:00+00:00,2026-05-19 00:00:00+00:00,^VIX,VIX260519P00085000,put,True,85.0,62.55,62.9,61.28,15.40999984741211,1.0000000000000003e-05,0.03554087421361189,0.0,,1,2025-11-17 19:50:30+00:00,505.15833333333336,62.724999999999994,0.4410958904109589
2025-12-08 21:00:00+00:00,2026-05-19 00:00:00+00:00,^VIX,VIX260519P00090000,put,True,90.0,0.0,0.0,67.03,15.40999984741211,1.0000000000000003e-05,0.03554087421361189,0.0,1.0,2,2025-12-01 14:35:36+00:00,174.40666666666667,0.0,0.4410958904109589
2025-12-08 21:00:00+00:00,2026-05-19 00:00:00+00:00,^VIX,VIX260519P00100000,put,True,100.0,77.15,77.5,77.15,15.40999984741211,1.0000000000000003e-05,0.03554087421361189,0.0,1.0,2,2025-12-03 16:42:39+00:00,124.28916666666667,77.325,0.4410958904109589
2025-12-08 21:00:00+00:00,2026-05-19 00:00:00+00:00,^VIX,VIX260519P00110000,put,True,110.0,84.7,86.9,86.05,15.40999984741211,1.0000000000000003e-05,0.03554087421361189,0.0,,1,2025-09-11 14:19:52+00:00,2118.668888888889,85.80000000000001,0.4410958904109589
2025-12-08 21:00:00+00:00,2026-05-19 00:00:00+00:00,^VIX,VIX260519P00120000,put,True,120.0,94.3,96.7,95.75,15.40999984741211,1.0000000000000003e-05,0.03554087421361189,0.0,,1,2025-09-11 14:08:15+00:00,2118.8625,95.5,0.4410958904109589
2025-12-08 21:00:00+00:00,2026-05-19 00:00:00+00:00,^VIX,VIX260519P00130000,put,True,130.0,0.0,0.0,104.5,15.40999984741211,1.0000000000000003e-05,0.03554087421361189,0.0,,1,2025-11-18 15:28:59+00:00,485.51694444444445,0.0,0.4410958904109589
2025-12-08 21:00:00+00:00,2026-05-19 00:00:00+00:00,^VIX,VIX260519P00140000,put,True,140.0,115.3,115.8,115.55,15.40999984741211,1.0000000000000003e-05,0.03554087421361189,0.0,,1,2025-10-20 15:09:33+00:00,1181.8408333333334,115.55,0.4410958904109589
2025-12-08 21:00:00+00:00,2026-05-19 00:00:00+00:00,^VIX,VIX260519P00200000,put,True,200.0,0.0,0.0,175.16,15.40999984741211,1.0000000000000003e-05,0.03554087421361189,0.0,2.0,1,2025-12-08 18:55:57+00:00,2.0675,0.0,0.4410958904109589
2025-12-08 21:00:00+00:00,2026-06-17 00:00:00+00:00,^VIX,VIX260617C00010000,call,True,10.0,10.95,12.0,12.8,15.40999984741211,2.268559016113281,0.03554087421361189,0.0,1.0,69,2025-11-21 15:17:36+00:00,413.70666666666665,11.475,0.5205479452054794
2025-12-08 21:00:00+00:00,2026-06-17 00:00:00+00:00,^VIX,VIX260617C00010500,call,True,10.5,0.0,0.0,11.1,15.40999984741211,1.0000000000000003e-05,0.03554087421361189,0.0,1.0,50,2025-12-05 20:02:49+00:00,72.95305555555555,0.0,0.5205479452054794
2025-12-08 21:00:00+00:00,2026-06-17 00:00:00+00:00,^VIX,VIX260617C00011000,call,True,11.0,10.0,11.05,10.55,15.40999984741211,2.0332080419921876,0.03554087421361189,0.0,2.0,52,2025-12-08 15:12:29+00:00,5.791944444444445,10.525,0.5205479452054794
2025-12-08 21:00:00+00:00,2026-06-17 00:00:00+00:00,^VIX,VIX260617C00011500,call,True,11.5,10.25,10.7,10.22,15.40999984741211,2.07031732421875,0.03554087421361189,0.0,,0,2025-10-23 16:21:13+00:00,1108.6463888888889,10.475,0.5205479452054794
2025-12-08 21:00:00+00:00,2026-06-17 00:00:00+00:00,^VIX,VIX260617C00012000,call,True,12.0,9.05,10.1,9.9,15.40999984741211,1.8286141381835934,0.03554087421361189,0.0,1.0,54,2025-12-03 19:29:46+00:00,121.5038888888889,9.575,0.5205479452054794
2025-12-08 21:00:00+00:00,2026-06-17 00:00:00+00:00,^VIX,VIX260617C00012500,call,True,12.5,0.0,0.0,10.45,15.40999984741211,1.0000000000000003e-05,0.03554087421361189,0.0,1.0,6,2025-11-20 16:19:09+00:00,436.68083333333334,0.0,0.5205479452054794
2025-12-08 21:00:00+00:00,2026-06-17 00:00:00+00:00,^VIX,VIX260617C00013000,call,True,13.0,8.1,9.2,9.85,15.40999984741211,1.654298603515625,0.03554087421361189,0.0,1.0,18,2025-11-21 16:40:46+00:00,412.32055555555553,8.649999999999999,0.5205479452054794
2025-12-08 21:00:00+00:00,2026-06-17 00:00:00+00:00,^VIX,VIX260617C00013500,call,True,13.5,7.65,8.75,8.15,15.40999984741211,1.5766622729492186,0.03554087421361189,0.0,7.0,16,2025-12-05 20:50:23+00:00,72.16027777777778,8.2,0.5205479452054794
2025-12-08 21:00:00+00:00,2026-06-17 00:00:00+00:00,^VIX,VIX260617C00014000,call,True,14.0,0.0,0.0,7.98,15.40999984741211,1.0000000000000003e-05,0.03554087421361189,0.0,14.0,65,2025-12-08 19:09:11+00:00,1.8469444444444445,0.0,0.5205479452054794
2025-12-08 21:00:00+00:00,2026-06-17 00:00:00+00:00,^VIX,VIX260617C00014500,call,True,14.5,0.0,0.0,7.5,15.40999984741211,1.0000000000000003e-05,0.03554087421361189,0.0,2.0,54,2025-12-05 17:12:09+00:00,75.7975,0.0,0.5205479452054794
2025-12-08 21:00:00+00:00,2026-06-17 00:00:00+00:00,^VIX,VIX260617C00015000,call,True,15.0,0.0,0.0,6.9,15.40999984741211,1.0000000000000003e-05,0.03554087421361189,0.0,20.0,67,2025-12-05 20:53:57+00:00,72.10083333333333,0.0,0.5205479452054794
2025-12-08 21:00:00+00:00,2026-06-17 00:00:00+00:00,^VIX,VIX260617C00016000,call,True,16.0,0.0,0.0,6.35,15.40999984741211,1.0000000000000003e-05,0.03554087421361189,0.0,1.0,322,2025-12-08 14:52:28+00:00,6.125555555555556,0.0,0.5205479452054794
2025-12-08 21:00:00+00:00,2026-06-17 00:00:00+00:00,^VIX,VIX260617C00017000,call,False,17.0,5.25,6.05,5.75,15.40999984741211,1.2348671069335935,0.03554087421361189,0.0,101.0,501,2025-12-08 20:01:47+00:00,0.9702777777777778,5.65,0.5205479452054794
2025-12-08 21:00:00+00:00,2026-06-17 00:00:00+00:00,^VIX,VIX260617C00018000,call,False,18.0,4.7,5.5,5.08,15.40999984741211,1.1816447167968749,0.03554087421361189,0.0,1.0,97,2025-12-08 16:30:38+00:00,4.489444444444445,5.1,0.5205479452054794
2025-12-08 21:00:00+00:00,2026-06-17 00:00:00+00:00,^VIX,VIX260617C00019000,call,False,19.0,4.2,5.05,4.7,15.40999984741211,1.1420941333007812,0.03554087421361189,0.0,10.0,89,2025-12-08 16:51:18+00:00,4.145,4.625,0.5205479452054794
2025-12-08 21:00:00+00:00,2026-06-17 00:00:00+00:00,^VIX,VIX260617C00020000,call,False,20.0,3.8,4.65,4.3,15.40999984741211,1.115238798828125,0.03554087421361189,0.0,73.0,803,2025-12-08 20:45:09+00:00,0.2475,4.225,0.5205479452054794
2025-12-08 21:00:00+00:00,2026-06-17 00:00:00+00:00,^VIX,VIX260617C00021000,call,False,21.0,3.5,4.3,3.9,15.40999984741211,1.1003462951660157,0.03554087421361189,0.0,5.0,160,2025-12-08 19:21:12+00:00,1.6466666666666667,3.9,0.5205479452054794
2025-12-08 21:00:00+00:00,2026-06-17 00:00:00+00:00,^VIX,VIX260617C00022000,call,False,22.0,3.2,4.0,3.6,15.40999984741211,1.0869186279296876,0.03554087421361189,0.0,13.0,1261,2025-12-08 20:21:03+00:00,0.6491666666666667,3.6,0.5205479452054794
2025-12-08 21:00:00+00:00,2026-06-17 00:00:00+00:00,^VIX,VIX260617C00023000,call,False,23.0,2.91,3.7,3.45,15.40999984741211,1.0712937060546879,0.03554087421361189,0.0,2.0,456,2025-12-08 19:45:36+00:00,1.24,3.305,0.5205479452054794
2025-12-08 21:00:00+00:00,2026-06-17 00:00:00+00:00,^VIX,VIX260617C00024000,call,False,24.0,2.69,3.5,3.1,15.40999984741211,1.0698288696289064,0.03554087421361189,0.0,1.0,88,2025-12-08 20:07:17+00:00,0.8786111111111111,3.0949999999999998,0.5205479452054794
2025-12-08 21:00:00+00:00,2026-06-17 00:00:00+00:00,^VIX,VIX260617C00025000,call,False,25.0,2.5,3.3,3.0,15.40999984741211,1.0683640332031252,0.03554087421361189,0.0,39.0,798,2025-12-08 20:58:52+00:00,0.01888888888888889,2.9,0.5205479452054794
2025-12-08 21:00:00+00:00,2026-06-17 00:00:00+00:00,^VIX,VIX260617C00026000,call,False,26.0,2.31,3.1,2.73,15.40999984741211,1.0639695239257816,0.03554087421361189,0.0,1.0,27,2025-12-01 18:36:11+00:00,170.39694444444444,2.705,0.5205479452054794
2025-12-08 21:00:00+00:00,2026-06-17 00:00:00+00:00,^VIX,VIX260617C00027000,call,False,27.0,2.16,2.99,2.5,15.40999984741211,1.070805427246094,0.03554087421361189,0.0,20.0,61,2025-12-03 17:38:02+00:00,123.36611111111111,2.575,0.5205479452054794
2025-12-08 21:00:00+00:00,2026-06-17 00:00:00+00:00,^VIX,VIX260617C00028000,call,False,28.0,2.02,2.87,2.53,15.40999984741211,1.0751999365234377,0.03554087421361189,0.0,11.0,370,2025-12-05 14:35:13+00:00,78.41305555555556,2.4450000000000003,0.5205479452054794
2025-12-08 21:00:00+00:00,2026-06-17 00:00:00+00:00,^VIX,VIX260617C00029000,call,False,29.0,1.9,2.75,2.37,15.40999984741211,1.0798385852050782,0.03554087421361189,0.0,68.0,230,2025-12-08 14:40:36+00:00,6.323333333333333,2.325,0.5205479452054794
2025-12-08 21:00:00+00:00,2026-06-17 00:00:00+00:00,^VIX,VIX260617C00030000,call,False,30.0,1.79,2.44,2.27,15.40999984741211,1.0625046875000002,0.03554087421361189,0.0,55.0,3950,2025-12-08 19:16:12+00:00,1.73,2.115,0.5205479452054794
2025-12-08 21:00:00+00:00,2026-06-17 00:00:00+00:00,^VIX,VIX260617C00031000,call,False,31.0,1.69,2.53,2.09,15.40999984741211,1.0883834643554686,0.03554087421361189,0.0,1.0,50,2025-12-08 18:32:54+00:00,2.4516666666666667,2.11,0.5205479452054794
2025-12-08 21:00:00+00:00,2026-06-17 00:00:00+00:00,^VIX,VIX260617C00032000,call,False,32.0,1.59,2.44,1.99,15.40999984741211,1.0927779736328125,0.03554087421361189,0.0,4.0,170,2025-11-28 15:02:05+00:00,245.96527777777777,2.015,0.5205479452054794
2025-12-08 21:00:00+00:00,2026-06-17 00:00:00+00:00,^VIX,VIX260617C00033000,call,False,33.0,1.51,2.36,1.93,15.40999984741211,1.0993697375488285,0.03554087421361189,0.0,1.0,162,2025-12-04 16:25:39+00:00,100.5725,1.935,0.5205479452054794
2025-12-08 21:00:00+00:00,2026-06-17 00:00:00+00:00,^VIX,VIX260617C00034000,call,False,34.0,1.43,2.28,1.8,15.40999984741211,1.1044966650390626,0.03554087421361189,0.0,1.0,35,2025-12-08 14:48:46+00:00,6.187222222222222,1.855,0.5205479452054794
2025-12-08 21:00:00+00:00,2026-06-17 00:00:00+00:00,^VIX,VIX260617C00035000,call,False,35.0,1.47,2.21,1.8,15.40999984741211,1.1235395385742186,0.03554087421361189,0.0,30.0,3033,2025-12-08 19:58:44+00:00,1.021111111111111,1.8399999999999999,0.5205479452054794
2025-12-08 21:00:00+00:00,2026-06-17 00:00:00+00:00,^VIX,VIX260617C00036000,call,False,36.0,1.29,2.12,1.64,15.40999984741211,1.112797404785156,0.03554087421361189,0.0,10.0,173,2025-12-05 15:07:07+00:00,77.88138888888889,1.705,0.5205479452054794
2025-12-08 21:00:00+00:00,2026-06-17 00:00:00+00:00,^VIX,VIX260617C00037000,call,False,37.0,0.0,0.0,1.93,15.40999984741211,0.2500075,0.03554087421361189,0.0,1.0,3,2025-11-17 18:01:15+00:00,506.9791666666667,0.0,0.5205479452054794
2025-12-08 21:00:00+00:00,2026-06-17 00:00:00+00:00,^VIX,VIX260617C00038000,call,False,38.0,1.17,2.0,2.1,15.40999984741211,1.1235395385742186,0.03554087421361189,0.0,20.0,30,2025-11-18 18:06:52+00:00,482.8855555555556,1.585,0.5205479452054794
2025-12-08 21:00:00+00:00,2026-06-17 00:00:00+00:00,^VIX,VIX260617C00039000,call,False,39.0,0.0,0.0,1.55,15.40999984741211,0.2500075,0.03554087421361189,0.0,2.0,50,2025-12-03 16:50:43+00:00,124.15472222222222,0.0,0.5205479452054794
2025-12-08 21:00:00+00:00,2026-06-17 00:00:00+00:00,^VIX,VIX260617C00040000,call,False,40.0,1.06,1.9,1.49,15.40999984741211,1.1347699511718752,0.03554087421361189,0.0,9.0,3789,2025-12-05 20:51:29+00:00,72.14194444444445,1.48,0.5205479452054794
2025-12-08 21:00:00+00:00,2026-06-17 00:00:00+00:00,^VIX,VIX260617C00042500,call,False,42.5,0.95,1.78,1.43,15.40999984741211,1.1474652001953123,0.03554087421361189,0.0,163.0,353,2025-11-26 19:18:04+00:00,289.6988888888889,1.365,0.5205479452054794
2025-12-08 21:00:00+00:00,2026-06-17 00:00:00+00:00,^VIX,VIX260617C00045000,call,False,45.0,0.85,1.68,1.31,15.40999984741211,1.1596721704101562,0.03554087421361189,0.0,5.0,275,2025-12-08 18:04:53+00:00,2.9186111111111113,1.265,0.5205479452054794
2025-12-08 21:00:00+00:00,2026-06-17 00:00:00+00:00,^VIX,VIX260617C00047500,call,False,47.5,0.76,1.59,1.25,15.40999984741211,1.1704143041992188,0.03554087421361189,0.0,40.0,32,2025-11-20 17:39:02+00:00,435.34944444444443,1.175,0.5205479452054794
2025-12-08 21:00:00+00:00,2026-06-17 00:00:00+00:00,^VIX,VIX260617C00050000,call,False,50.0,0.8,1.42,1.09,15.40999984741211,1.185550947265625,0.03554087421361189,0.0,1.0,879,2025-12-05 18:52:35+00:00,74.12361111111112,1.1099999999999999,0.5205479452054794
2025-12-08 21:00:00+00:00,2026-06-17 00:00:00+00:00,^VIX,VIX260617C00055000,call,False,55.0,0.0,0.0,1.04,15.40999984741211,0.2500075,0.03554087421361189,0.0,6.0,404,2025-12-08 17:48:13+00:00,3.196388888888889,0.0,0.5205479452054794
2025-12-08 21:00:00+00:00,2026-06-17 00:00:00+00:00,^VIX,VIX260617C00060000,call,False,60.0,0.46,1.12,0.87,15.40999984741211,1.1953165234375,0.03554087421361189,0.0,10.0,442,2025-12-05 18:18:19+00:00,74.69472222222223,0.79,0.5205479452054794
2025-12-08 21:00:00+00:00,2026-06-17 00:00:00+00:00,^VIX,VIX260617C00065000,call,False,65.0,0.38,1.01,0.8,15.40999984741211,1.2075234936523436,0.03554087421361189,0.0,10.0,72,2025-11-26 21:00:09+00:00,287.9975,0.6950000000000001,0.5205479452054794
2025-12-08 21:00:00+00:00,2026-06-17 00:00:00+00:00,^VIX,VIX260617C00070000,call,False,70.0,0.31,0.94,0.75,15.40999984741211,1.2221718579101561,0.03554087421361189,0.0,80.0,149,2025-12-08 18:18:20+00:00,2.6944444444444446,0.625,0.5205479452054794
2025-12-08 21:00:00+00:00,2026-06-17 00:00:00+00:00,^VIX,VIX260617C00075000,call,False,75.0,0.26,0.85,0.66,15.40999984741211,1.23047259765625,0.03554087421361189,0.0,6.0,390,2025-11-28 16:53:55+00:00,244.1013888888889,0.5549999999999999,0.5205479452054794
2025-12-08 21:00:00+00:00,2026-06-17 00:00:00+00:00,^VIX,VIX260617C00080000,call,False,80.0,0.42,0.78,0.63,15.40999984741211,1.2861363818359375,0.03554087421361189,0.0,201.0,1817,2025-11-28 16:24:22+00:00,244.5938888888889,0.6,0.5205479452054794
2025-12-08 21:00:00+00:00,2026-06-17 00:00:00+00:00,^VIX,VIX260617C00085000,call,False,85.0,0.37,0.72,0.47,15.40999984741211,1.2949254003906248,0.03554087421361189,0.0,18.0,38,2025-12-05 17:46:56+00:00,75.21777777777778,0.5449999999999999,0.5205479452054794
2025-12-08 21:00:00+00:00,2026-06-17 00:00:00+00:00,^VIX,VIX260617C00090000,call,False,90.0,0.2,0.66,0.64,15.40999984741211,1.2675817871093749,0.03554087421361189,0.0,345.0,382,2025-11-20 17:14:41+00:00,435.7552777777778,0.43000000000000005,0.5205479452054794
2025-12-08 21:00:00+00:00,2026-06-17 00:00:00+00:00,^VIX,VIX260617C00095000,call,False,95.0,0.16,0.62,0.42,15.40999984741211,1.2734411328124997,0.03554087421361189,0.0,10.0,1536,2025-11-11 15:29:11+00:00,653.5136111111111,0.39,0.5205479452054794
2025-12-08 21:00:00+00:00,2026-06-17 00:00:00+00:00,^VIX,VIX260617C00100000,call,False,100.0,0.13,0.58,0.42,15.40999984741211,1.2793004785156248,0.03554087421361189,0.0,1.0,682,2025-11-26 15:06:18+00:00,293.895,0.355,0.5205479452054794
2025-12-08 21:00:00+00:00,2026-06-17 00:00:00+00:00,^VIX,VIX260617C00110000,call,False,110.0,0.08,0.51,0.31,15.40999984741211,1.2880894970703123,0.03554087421361189,0.0,3.0,12,2025-12-03 19:38:24+00:00,121.36,0.295,0.5205479452054794
2025-12-08 21:00:00+00:00,2026-06-17 00:00:00+00:00,^VIX,VIX260617C00120000,call,False,120.0,0.04,0.46,0.3,15.40999984741211,1.2968785156249998,0.03554087421361189,0.0,1.0,624,2025-12-08 15:12:54+00:00,5.785,0.25,0.5205479452054794
2025-12-08 21:00:00+00:00,2026-06-17 00:00:00+00:00,^VIX,VIX260617C00130000,call,False,130.0,0.01,0.42,0.5,15.40999984741211,1.3066440917968747,0.03554087421361189,0.0,10.0,22,2025-11-20 17:19:26+00:00,435.6761111111111,0.215,0.5205479452054794
2025-12-08 21:00:00+00:00,2026-06-17 00:00:00+00:00,^VIX,VIX260617C00140000,call,False,140.0,0.0,0.0,0.21,15.40999984741211,0.500005,0.03554087421361189,0.0,17.0,36,2025-12-04 15:53:34+00:00,101.10722222222222,0.0,0.5205479452054794
2025-12-08 21:00:00+00:00,2026-06-17 00:00:00+00:00,^VIX,VIX260617C00150000,call,False,150.0,0.0,0.0,0.23,15.40999984741211,0.500005,0.03554087421361189,0.0,10.0,135,2025-12-02 16:16:58+00:00,148.71722222222223,0.0,0.5205479452054794
2025-12-08 21:00:00+00:00,2026-06-17 00:00:00+00:00,^VIX,VIX260617C00160000,call,False,160.0,0.0,0.46,0.2,15.40999984741211,1.4140654296875002,0.03554087421361189,0.0,,5,2025-10-28 16:04:41+00:00,988.9219444444444,0.23,0.5205479452054794
2025-12-08 21:00:00+00:00,2026-06-17 00:00:00+00:00,^VIX,VIX260617C00170000,call,False,170.0,0.0,0.0,0.15,15.40999984741211,0.500005,0.03554087421361189,0.0,17.0,26,2025-11-14 14:54:29+00:00,582.0919444444445,0.0,0.5205479452054794
2025-12-08 21:00:00+00:00,2026-06-17 00:00:00+00:00,^VIX,VIX260617C00180000,call,False,180.0,0.0,0.42,0.2,15.40999984741211,1.4492215039062502,0.03554087421361189,0.0,,11,2025-10-28 19:20:20+00:00,985.6611111111112,0.21,0.5205479452054794
2025-12-08 21:00:00+00:00,2026-06-17 00:00:00+00:00,^VIX,VIX260617C00190000,call,False,190.0,0.0,0.0,0.15,15.40999984741211,0.500005,0.03554087421361189,0.0,3.0,3,2025-11-25 14:30:01+00:00,318.4997222222222,0.0,0.5205479452054794
2025-12-08 21:00:00+00:00,2026-06-17 00:00:00+00:00,^VIX,VIX260617C00200000,call,False,200.0,0.0,0.0,0.16,15.40999984741211,0.500005,0.03554087421361189,0.0,1.0,17,2025-11-20 14:30:05+00:00,438.49861111111113,0.0,0.5205479452054794
2025-12-08 21:00:00+00:00,2026-06-17 00:00:00+00:00,^VIX,VIX260617P00010000,put,False,10.0,0.0,0.0,0.01,15.40999984741211,0.12500875,0.03554087421361189,0.0,1.0,47,2025-11-19 19:59:48+00:00,457.00333333333333,0.0,0.5205479452054794
2025-12-08 21:00:00+00:00,2026-06-17 00:00:00+00:00,^VIX,VIX260617P00010500,put,False,10.5,0.0,0.11,0.04,15.40999984741211,0.41797457031249996,0.03554087421361189,0.0,2.0,2,2025-10-23 15:33:49+00:00,1109.4363888888888,0.055,0.5205479452054794
2025-12-08 21:00:00+00:00,2026-06-17 00:00:00+00:00,^VIX,VIX260617P00011000,put,False,11.0,0.0,0.12,0.03,15.40999984741211,0.39063109375,0.03554087421361189,0.0,200.0,70,2025-10-23 16:21:13+00:00,1108.6463888888889,0.06,0.5205479452054794
2025-12-08 21:00:00+00:00,2026-06-17 00:00:00+00:00,^VIX,VIX260617P00011500,put,False,11.5,0.0,0.14,0.03,15.40999984741211,0.36914693359375,0.03554087421361189,0.0,340.0,200,2025-10-23 16:21:13+00:00,1108.6463888888889,0.07,0.5205479452054794
2025-12-08 21:00:00+00:00,2026-06-17 00:00:00+00:00,^VIX,VIX260617P00012000,put,False,12.0,0.0,0.0,0.05,15.40999984741211,0.12500875,0.03554087421361189,0.0,210.0,832,2025-12-08 20:17:54+00:00,0.7016666666666667,0.0,0.5205479452054794
2025-12-08 21:00:00+00:00,2026-06-17 00:00:00+00:00,^VIX,VIX260617P00012500,put,False,12.5,0.0,0.0,0.08,15.40999984741211,0.12500875,0.03554087421361189,0.0,10.0,143,2025-12-08 14:34:12+00:00,6.43,0.0,0.5205479452054794
2025-12-08 21:00:00+00:00,2026-06-17 00:00:00+00:00,^VIX,VIX260617P00013000,put,False,13.0,0.03,0.29,0.08,15.40999984741211,0.336920693359375,0.03554087421361189,0.0,5000.0,5569,2025-12-02 20:47:45+00:00,144.20416666666668,0.15999999999999998,0.5205479452054794
2025-12-08 21:00:00+00:00,2026-06-17 00:00:00+00:00,^VIX,VIX260617P00013500,put,False,13.5,0.0,0.0,0.11,15.40999984741211,0.062509375,0.03554087421361189,0.0,4.0,340,2025-12-05 18:07:09+00:00,74.88083333333333,0.0,0.5205479452054794
2025-12-08 21:00:00+00:00,2026-06-17 00:00:00+00:00,^VIX,VIX260617P00014000,put,False,14.0,0.0,0.0,0.16,15.40999984741211,0.062509375,0.03554087421361189,0.0,4.0,5465,2025-12-08 15:29:41+00:00,5.505277777777778,0.0,0.5205479452054794
2025-12-08 21:00:00+00:00,2026-06-17 00:00:00+00:00,^VIX,VIX260617P00014500,put,False,14.5,0.0,0.0,0.23,15.40999984741211,0.062509375,0.03554087421361189,0.0,4.0,325,2025-12-08 14:52:36+00:00,6.123333333333333,0.0,0.5205479452054794
2025-12-08 21:00:00+00:00,2026-06-17 00:00:00+00:00,^VIX,VIX260617P00015000,put,False,15.0,0.09,0.57,0.34,15.40999984741211,0.26807372558593745,0.03554087421361189,0.0,11.0,5262,2025-12-05 18:09:47+00:00,74.83694444444444,0.32999999999999996,0.5205479452054794
2025-12-08 21:00:00+00:00,2026-06-17 00:00:00+00:00,^VIX,VIX260617P00016000,put,False,16.0,0.32,0.87,0.58,15.40999984741211,0.24805439453125,0.03554087421361189,0.0,22.0,352,2025-12-05 20:51:59+00:00,72.13361111111111,0.595,0.5205479452054794
2025-12-08 21:00:00+00:00,2026-06-17 00:00:00+00:00,^VIX,VIX260617P00017000,put,True,17.0,0.65,1.27,0.94,15.40999984741211,0.22461712890624996,0.03554087421361189,0.0,20.0,106,2025-12-05 18:07:51+00:00,74.86916666666667,0.96,0.5205479452054794
2025-12-08 21:00:00+00:00,2026-06-17 00:00:00+00:00,^VIX,VIX260617P00018000,put,True,18.0,1.06,1.65,1.38,15.40999984741211,0.16162947753906248,0.03554087421361189,0.0,1.0,86,2025-12-08 16:30:38+00:00,4.489444444444445,1.355,0.5205479452054794
2025-12-08 21:00:00+00:00,2026-06-17 00:00:00+00:00,^VIX,VIX260617P00019000,put,True,19.0,1.55,2.28,1.85,15.40999984741211,1.0000000000000003e-05,0.03554087421361189,0.0,40.0,48,2025-12-04 16:36:17+00:00,100.39527777777778,1.915,0.5205479452054794
2025-12-08 21:00:00+00:00,2026-06-17 00:00:00+00:00,^VIX,VIX260617P00020000,put,True,20.0,2.1,2.88,2.56,15.40999984741211,1.0000000000000003e-05,0.03554087421361189,0.0,6.0,5919,2025-12-08 15:19:49+00:00,5.669722222222222,2.49,0.5205479452054794
2025-12-08 21:00:00+00:00,2026-06-17 00:00:00+00:00,^VIX,VIX260617P00021000,put,True,21.0,2.72,3.45,2.68,15.40999984741211,1.0000000000000003e-05,0.03554087421361189,0.0,1.0,22,2025-11-28 14:59:05+00:00,246.01527777777778,3.085,0.5205479452054794
2025-12-08 21:00:00+00:00,2026-06-17 00:00:00+00:00,^VIX,VIX260617P00022000,put,True,22.0,3.45,4.15,3.85,15.40999984741211,1.0000000000000003e-05,0.03554087421361189,0.0,2.0,11,2025-12-05 18:21:13+00:00,74.6463888888889,3.8000000000000003,0.5205479452054794
2025-12-08 21:00:00+00:00,2026-06-17 00:00:00+00:00,^VIX,VIX260617P00023000,put,True,23.0,4.2,4.9,4.09,15.40999984741211,1.0000000000000003e-05,0.03554087421361189,0.0,10.0,13,2025-11-24 14:48:39+00:00,342.18916666666667,4.550000000000001,0.5205479452054794
2025-12-08 21:00:00+00:00,2026-06-17 00:00:00+00:00,^VIX,VIX260617P00024000,put,True,24.0,4.95,5.65,5.2,15.40999984741211,1.0000000000000003e-05,0.03554087421361189,0.0,19.0,14,2025-12-03 19:18:56+00:00,121.68444444444444,5.300000000000001,0.5205479452054794
2025-12-08 21:00:00+00:00,2026-06-17 00:00:00+00:00,^VIX,VIX260617P00025000,put,True,25.0,5.7,6.45,5.95,15.40999984741211,1.0000000000000003e-05,0.03554087421361189,0.0,1.0,31,2025-12-03 16:35:07+00:00,124.41472222222222,6.075,0.5205479452054794
2025-12-08 21:00:00+00:00,2026-06-17 00:00:00+00:00,^VIX,VIX260617P00026000,put,True,26.0,6.5,7.25,6.85,15.40999984741211,1.0000000000000003e-05,0.03554087421361189,0.0,2.0,7,2025-12-08 18:58:27+00:00,2.0258333333333334,6.875,0.5205479452054794
2025-12-08 21:00:00+00:00,2026-06-17 00:00:00+00:00,^VIX,VIX260617P00027000,put,True,27.0,7.35,8.1,7.5,15.40999984741211,1.0000000000000003e-05,0.03554087421361189,0.0,1.0,2,2025-12-01 19:04:17+00:00,169.9286111111111,7.725,0.5205479452054794
2025-12-08 21:00:00+00:00,2026-06-17 00:00:00+00:00,^VIX,VIX260617P00028000,put,True,28.0,8.15,8.95,8.5,15.40999984741211,1.0000000000000003e-05,0.03554087421361189,0.0,4.0,8,2025-12-05 21:14:40+00:00,71.75555555555556,8.55,0.5205479452054794
2025-12-08 21:00:00+00:00,2026-06-17 00:00:00+00:00,^VIX,VIX260617P00030000,put,True,30.0,9.65,10.15,10.15,15.40999984741211,1.0000000000000003e-05,0.03554087421361189,0.0,10.0,10,2025-10-17 20:08:41+00:00,1248.8552777777777,9.9,0.5205479452054794
2025-12-08 21:00:00+00:00,2026-06-17 00:00:00+00:00,^VIX,VIX260617P00036000,put,True,36.0,15.05,15.4,15.5,15.40999984741211,1.0000000000000003e-05,0.03554087421361189,0.0,5.0,5,2025-10-21 14:38:39+00:00,1158.3558333333333,15.225000000000001,0.5205479452054794
2025-12-08 21:00:00+00:00,2026-06-17 00:00:00+00:00,^VIX,VIX260617P00040000,put,True,40.0,0.0,0.0,18.06,15.40999984741211,1.0000000000000003e-05,0.03554087421361189,0.0,1.0,5,2025-11-18 15:01:31+00:00,485.9747222222222,0.0,0.5205479452054794
2025-12-08 21:00:00+00:00,2026-06-17 00:00:00+00:00,^VIX,VIX260617P00045000,put,True,45.0,23.35,23.75,24.0,15.40999984741211,1.0000000000000003e-05,0.03554087421361189,0.0,10.0,10,2025-10-24 15:52:37+00:00,1085.1230555555555,23.55,0.5205479452054794
2025-12-08 21:00:00+00:00,2026-06-17 00:00:00+00:00,^VIX,VIX260617P00050000,put,True,50.0,0.0,0.0,27.8,15.40999984741211,1.0000000000000003e-05,0.03554087421361189,0.0,1.0,2,2025-11-07 15:32:44+00:00,749.4544444444444,0.0,0.5205479452054794
2025-12-08 21:00:00+00:00,2026-06-17 00:00:00+00:00,^VIX,VIX260617P00060000,put,True,60.0,37.55,37.95,37.6,15.40999984741211,1.0000000000000003e-05,0.03554087421361189,0.0,1.0,2,2025-10-17 15:30:21+00:00,1253.4941666666666,37.75,0.5205479452054794
2025-12-08 21:00:00+00:00,2026-06-17 00:00:00+00:00,^VIX,VIX260617P00070000,put,True,70.0,46.25,47.5,47.62,15.40999984741211,1.0000000000000003e-05,0.03554087421361189,0.0,,1,2025-10-06 13:39:00+00:00,1519.35,46.875,0.5205479452054794
2025-12-08 21:00:00+00:00,2026-06-17 00:00:00+00:00,^VIX,VIX260617P00080000,put,True,80.0,57.3,57.8,57.02,15.40999984741211,1.0000000000000003e-05,0.03554087421361189,0.0,4.0,0,2025-12-01 14:36:02+00:00,174.39944444444444,57.55,0.5205479452054794
2025-12-08 21:00:00+00:00,2026-06-17 00:00:00+00:00,^VIX,VIX260617P00090000,put,True,90.0,0.0,0.0,66.72,15.40999984741211,1.0000000000000003e-05,0.03554087421361189,0.0,4.0,0,2025-12-01 14:36:02+00:00,174.39944444444444,0.0,0.5205479452054794
2025-12-08 21:00:00+00:00,2026-06-17 00:00:00+00:00,^VIX,VIX260617P00095000,put,True,95.0,71.2,71.7,71.0,15.40999984741211,1.0000000000000003e-05,0.03554087421361189,0.0,1.0,1,2025-10-21 15:23:22+00:00,1157.6105555555555,71.45,0.5205479452054794
2025-12-08 21:00:00+00:00,2026-06-17 00:00:00+00:00,^VIX,VIX260617P00120000,put,True,120.0,95.45,95.95,95.4,15.40999984741211,1.0000000000000003e-05,0.03554087421361189,0.0,1.0,1,2025-10-17 15:03:55+00:00,1253.9347222222223,95.7,0.5205479452054794
2025-12-08 21:00:00+00:00,2026-06-17 00:00:00+00:00,^VIX,VIX260617P00150000,put,True,150.0,123.75,125.2,124.5,15.40999984741211,1.0000000000000003e-05,0.03554087421361189,0.0,,1,2025-09-25 16:13:47+00:00,1780.7702777777777,124.475,0.5205479452054794
2025-12-08 21:00:00+00:00,2026-06-17 00:00:00+00:00,^VIX,VIX260617P00190000,put,True,190.0,163.6,164.15,164.61,15.40999984741211,1.0000000000000003e-05,0.03554087421361189,0.0,140.0,0,2025-10-24 16:45:28+00:00,1084.2422222222222,163.875,0.5205479452054794
2025-12-08 21:00:00+00:00,2026-06-17 00:00:00+00:00,^VIX,VIX260617P00200000,put,True,200.0,173.4,173.95,173.51,15.40999984741211,1.0000000000000003e-05,0.03554087421361189,0.0,140.0,4,2025-10-24 16:45:28+00:00,1084.2422222222222,173.675,0.5205479452054794
2025-12-08 21:00:00+00:00,2026-07-22 00:00:00+00:00,^VIX,VIX260722C00010000,call,True,10.0,0.0,0.0,12.15,15.40999984741211,1.0000000000000003e-05,0.03554087421361189,0.0,1.0,127,2025-11-26 19:37:41+00:00,289.37194444444447,0.0,0.6164383561643836
2025-12-08 21:00:00+00:00,2026-07-22 00:00:00+00:00,^VIX,VIX260722C00010500,call,True,10.5,0.0,0.0,12.0,15.40999984741211,1.0000000000000003e-05,0.03554087421361189,0.0,20.0,1,2025-11-21 15:34:22+00:00,413.4272222222222,0.0,0.6164383561643836
2025-12-08 21:00:00+00:00,2026-07-22 00:00:00+00:00,^VIX,VIX260722C00011000,call,True,11.0,0.0,0.0,11.2,15.40999984741211,1.0000000000000003e-05,0.03554087421361189,0.0,,5,2025-11-26 18:35:52+00:00,290.40222222222224,0.0,0.6164383561643836
2025-12-08 21:00:00+00:00,2026-07-22 00:00:00+00:00,^VIX,VIX260722C00012000,call,True,12.0,0.0,0.0,9.9,15.40999984741211,1.0000000000000003e-05,0.03554087421361189,0.0,1.0,114,2025-12-03 19:05:15+00:00,121.9125,0.0,0.6164383561643836
2025-12-08 21:00:00+00:00,2026-07-22 00:00:00+00:00,^VIX,VIX260722C00012500,call,True,12.5,0.0,0.0,9.5,15.40999984741211,1.0000000000000003e-05,0.03554087421361189,0.0,2.0,4,2025-12-01 19:17:05+00:00,169.71527777777777,0.0,0.6164383561643836
2025-12-08 21:00:00+00:00,2026-07-22 00:00:00+00:00,^VIX,VIX260722C00013000,call,True,13.0,0.0,0.0,8.98,15.40999984741211,1.0000000000000003e-05,0.03554087421361189,0.0,2.0,5,2025-12-03 15:41:35+00:00,125.30694444444444,0.0,0.6164383561643836
2025-12-08 21:00:00+00:00,2026-07-22 00:00:00+00:00,^VIX,VIX260722C00013500,call,True,13.5,0.0,0.0,8.65,15.40999984741211,1.0000000000000003e-05,0.03554087421361189,0.0,1.0,5,2025-12-05 18:53:03+00:00,74.11583333333333,0.0,0.6164383561643836
2025-12-08 21:00:00+00:00,2026-07-22 00:00:00+00:00,^VIX,VIX260722C00014000,call,True,14.0,0.0,0.0,8.55,15.40999984741211,1.0000000000000003e-05,0.03554087421361189,0.0,5.0,7,2025-12-03 15:01:48+00:00,125.97,0.0,0.6164383561643836
2025-12-08 21:00:00+00:00,2026-07-22 00:00:00+00:00,^VIX,VIX260722C00014500,call,True,14.5,0.0,0.0,7.55,15.40999984741211,1.0000000000000003e-05,0.03554087421361189,0.0,4.0,3,2025-12-03 19:47:01+00:00,121.21638888888889,0.0,0.6164383561643836
2025-12-08 21:00:00+00:00,2026-07-22 00:00:00+00:00,^VIX,VIX260722C00015000,call,True,15.0,0.0,0.0,7.25,15.40999984741211,1.0000000000000003e-05,0.03554087421361189,0.0,20.0,69,2025-12-08 14:30:03+00:00,6.4991666666666665,0.0,0.6164383561643836
2025-12-08 21:00:00+00:00,2026-07-22 00:00:00+00:00,^VIX,VIX260722C00016000,call,True,16.0,0.0,0.0,6.5,15.40999984741211,1.0000000000000003e-05,0.03554087421361189,0.0,17.0,43,2025-12-05 19:13:20+00:00,73.77777777777777,0.0,0.6164383561643836
2025-12-08 21:00:00+00:00,2026-07-22 00:00:00+00:00,^VIX,VIX260722C00017000,call,False,17.0,0.0,0.0,5.93,15.40999984741211,0.007822421875,0.03554087421361189,0.0,2.0,89,2025-12-04 17:35:27+00:00,99.40916666666666,0.0,0.6164383561643836
2025-12-08 21:00:00+00:00,2026-07-22 00:00:00+00:00,^VIX,VIX260722C00018000,call,False,18.0,0.0,0.0,5.3,15.40999984741211,0.0312596875,0.03554087421361189,0.0,12.0,86,2025-12-05 15:39:24+00:00,77.34333333333333,0.0,0.6164383561643836
2025-12-08 21:00:00+00:00,2026-07-22 00:00:00+00:00,^VIX,VIX260722C00019000,call,False,19.0,0.0,0.0,5.0,15.40999984741211,0.0312596875,0.03554087421361189,0.0,20.0,55,2025-12-04 19:38:47+00:00,97.3536111111111,0.0,0.6164383561643836
2025-12-08 21:00:00+00:00,2026-07-22 00:00:00+00:00,^VIX,VIX260722C00020000,call,False,20.0,0.0,0.0,4.7,15.40999984741211,0.062509375,0.03554087421361189,0.0,3.0,366,2025-12-05 20:40:23+00:00,72.32694444444445,0.0,0.6164383561643836
2025-12-08 21:00:00+00:00,2026-07-22 00:00:00+00:00,^VIX,VIX260722C00021000,call,False,21.0,0.0,0.0,4.6,15.40999984741211,0.062509375,0.03554087421361189,0.0,10.0,72,2025-12-02 19:58:42+00:00,145.02166666666668,0.0,0.6164383561643836
2025-12-08 21:00:00+00:00,2026-07-22 00:00:00+00:00,^VIX,VIX260722C00022000,call,False,22.0,0.0,0.0,3.9,15.40999984741211,0.062509375,0.03554087421361189,0.0,1.0,311,2025-12-05 16:30:08+00:00,76.49777777777778,0.0,0.6164383561643836
2025-12-08 21:00:00+00:00,2026-07-22 00:00:00+00:00,^VIX,VIX260722C00023000,call,False,23.0,0.0,0.0,4.0,15.40999984741211,0.12500875,0.03554087421361189,0.0,1.0,17,2025-12-08 19:22:37+00:00,1.6230555555555555,0.0,0.6164383561643836
2025-12-08 21:00:00+00:00,2026-07-22 00:00:00+00:00,^VIX,VIX260722C00024000,call,False,24.0,0.0,0.0,3.4,15.40999984741211,0.12500875,0.03554087421361189,0.0,1.0,14,2025-12-05 17:16:54+00:00,75.71833333333333,0.0,0.6164383561643836
2025-12-08 21:00:00+00:00,2026-07-22 00:00:00+00:00,^VIX,VIX260722C00025000,call,False,25.0,0.0,0.0,3.3,15.40999984741211,0.12500875,0.03554087421361189,0.0,1.0,183,2025-12-08 19:40:52+00:00,1.318888888888889,0.0,0.6164383561643836
2025-12-08 21:00:00+00:00,2026-07-22 00:00:00+00:00,^VIX,VIX260722C00026000,call,False,26.0,0.0,0.0,3.5,15.40999984741211,0.12500875,0.03554087421361189,0.0,3.0,62,2025-11-24 17:19:06+00:00,339.6816666666667,0.0,0.6164383561643836
2025-12-08 21:00:00+00:00,2026-07-22 00:00:00+00:00,^VIX,VIX260722C00027000,call,False,27.0,0.0,0.0,2.85,15.40999984741211,0.12500875,0.03554087421361189,0.0,2.0,279,2025-12-05 20:29:23+00:00,72.51027777777777,0.0,0.6164383561643836
2025-12-08 21:00:00+00:00,2026-07-22 00:00:00+00:00,^VIX,VIX260722C00028000,call,False,28.0,0.0,0.0,3.15,15.40999984741211,0.12500875,0.03554087421361189,0.0,10.0,373,2025-11-24 16:45:26+00:00,340.2427777777778,0.0,0.6164383561643836
2025-12-08 21:00:00+00:00,2026-07-22 00:00:00+00:00,^VIX,VIX260722C00029000,call,False,29.0,0.0,0.0,2.7,15.40999984741211,0.12500875,0.03554087421361189,0.0,160.0,192,2025-11-20 15:20:17+00:00,437.66194444444443,0.0,0.6164383561643836
2025-12-08 21:00:00+00:00,2026-07-22 00:00:00+00:00,^VIX,VIX260722C00030000,call,False,30.0,0.0,0.0,2.45,15.40999984741211,0.12500875,0.03554087421361189,0.0,7.0,1186,2025-12-08 15:25:17+00:00,5.578611111111111,0.0,0.6164383561643836
2025-12-08 21:00:00+00:00,2026-07-22 00:00:00+00:00,^VIX,VIX260722C00031000,call,False,31.0,0.0,0.0,2.3,15.40999984741211,0.2500075,0.03554087421361189,0.0,1.0,1,2025-11-26 16:29:41+00:00,292.5052777777778,0.0,0.6164383561643836
2025-12-08 21:00:00+00:00,2026-07-22 00:00:00+00:00,^VIX,VIX260722C00032000,call,False,32.0,0.0,0.0,2.43,15.40999984741211,0.2500075,0.03554087421361189,0.0,44.0,247,2025-11-24 19:08:29+00:00,337.8586111111111,0.0,0.6164383561643836
2025-12-08 21:00:00+00:00,2026-07-22 00:00:00+00:00,^VIX,VIX260722C00033000,call,False,33.0,0.0,0.0,2.41,15.40999984741211,0.2500075,0.03554087421361189,0.0,1.0,12,2025-11-20 16:03:53+00:00,436.9352777777778,0.0,0.6164383561643836
2025-12-08 21:00:00+00:00,2026-07-22 00:00:00+00:00,^VIX,VIX260722C00034000,call,False,34.0,0.0,0.0,2.15,15.40999984741211,0.2500075,0.03554087421361189,0.0,5.0,6,2025-11-25 17:26:03+00:00,315.56583333333333,0.0,0.6164383561643836
2025-12-08 21:00:00+00:00,2026-07-22 00:00:00+00:00,^VIX,VIX260722C00035000,call,False,35.0,0.0,0.0,2.0,15.40999984741211,0.2500075,0.03554087421361189,0.0,25.0,399,2025-12-04 20:15:23+00:00,96.74361111111111,0.0,0.6164383561643836
2025-12-08 21:00:00+00:00,2026-07-22 00:00:00+00:00,^VIX,VIX260722C00037000,call,False,37.0,0.0,0.0,1.73,15.40999984741211,0.2500075,0.03554087421361189,0.0,50.0,105,2025-11-28 14:30:30+00:00,246.49166666666667,0.0,0.6164383561643836
2025-12-08 21:00:00+00:00,2026-07-22 00:00:00+00:00,^VIX,VIX260722C00038000,call,False,38.0,0.0,0.0,1.9,15.40999984741211,0.2500075,0.03554087421361189,0.0,20.0,6,2025-12-08 18:02:27+00:00,2.9591666666666665,0.0,0.6164383561643836
2025-12-08 21:00:00+00:00,2026-07-22 00:00:00+00:00,^VIX,VIX260722C00040000,call,False,40.0,0.0,0.0,1.67,15.40999984741211,0.2500075,0.03554087421361189,0.0,1.0,184,2025-12-04 16:47:06+00:00,100.215,0.0,0.6164383561643836
2025-12-08 21:00:00+00:00,2026-07-22 00:00:00+00:00,^VIX,VIX260722C00042500,call,False,42.5,0.0,0.0,1.84,15.40999984741211,0.2500075,0.03554087421361189,0.0,,1,2025-11-11 16:20:58+00:00,652.6505555555556,0.0,0.6164383561643836
2025-12-08 21:00:00+00:00,2026-07-22 00:00:00+00:00,^VIX,VIX260722C00045000,call,False,45.0,0.0,0.0,1.54,15.40999984741211,0.2500075,0.03554087421361189,0.0,255.0,383,2025-12-01 20:07:45+00:00,168.87083333333334,0.0,0.6164383561643836
2025-12-08 21:00:00+00:00,2026-07-22 00:00:00+00:00,^VIX,VIX260722C00047500,call,False,47.5,0.0,0.0,1.39,15.40999984741211,0.2500075,0.03554087421361189,0.0,100.0,109,2025-12-03 14:33:09+00:00,126.4475,0.0,0.6164383561643836
2025-12-08 21:00:00+00:00,2026-07-22 00:00:00+00:00,^VIX,VIX260722C00050000,call,False,50.0,0.41,1.93,1.25,15.40999984741211,1.1064497802734377,0.03554087421361189,0.0,2.0,677,2025-12-05 19:12:49+00:00,73.7863888888889,1.17,0.6164383561643836
2025-12-08 21:00:00+00:00,2026-07-22 00:00:00+00:00,^VIX,VIX260722C00055000,call,False,55.0,0.0,0.0,1.41,15.40999984741211,0.2500075,0.03554087421361189,0.0,33.0,380,2025-12-01 14:30:11+00:00,174.49694444444444,0.0,0.6164383561643836
2025-12-08 21:00:00+00:00,2026-07-22 00:00:00+00:00,^VIX,VIX260722C00060000,call,False,60.0,0.0,0.0,1.0,15.40999984741211,0.2500075,0.03554087421361189,0.0,20.0,383,2025-12-04 18:35:43+00:00,98.40472222222222,0.0,0.6164383561643836
2025-12-08 21:00:00+00:00,2026-07-22 00:00:00+00:00,^VIX,VIX260722C00065000,call,False,65.0,0.0,0.0,1.24,15.40999984741211,0.500005,0.03554087421361189,0.0,40.0,57,2025-12-01 14:30:10+00:00,174.49722222222223,0.0,0.6164383561643836
2025-12-08 21:00:00+00:00,2026-07-22 00:00:00+00:00,^VIX,VIX260722C00070000,call,False,70.0,0.0,0.0,0.87,15.40999984741211,0.500005,0.03554087421361189,0.0,90.0,155,2025-11-26 15:26:47+00:00,293.55361111111114,0.0,0.6164383561643836
2025-12-08 21:00:00+00:00,2026-07-22 00:00:00+00:00,^VIX,VIX260722C00075000,call,False,75.0,0.0,0.0,0.7,15.40999984741211,0.500005,0.03554087421361189,0.0,37.0,41,2025-12-01 18:12:02+00:00,170.79944444444445,0.0,0.6164383561643836
2025-12-08 21:00:00+00:00,2026-07-22 00:00:00+00:00,^VIX,VIX260722C00080000,call,False,80.0,0.0,0.0,0.89,15.40999984741211,0.500005,0.03554087421361189,0.0,5.0,21,2025-12-01 14:30:11+00:00,174.49694444444444,0.0,0.6164383561643836
2025-12-08 21:00:00+00:00,2026-07-22 00:00:00+00:00,^VIX,VIX260722C00085000,call,False,85.0,0.0,0.0,0.85,15.40999984741211,0.500005,0.03554087421361189,0.0,1.0,15,2025-11-20 19:18:05+00:00,433.6986111111111,0.0,0.6164383561643836
2025-12-08 21:00:00+00:00,2026-07-22 00:00:00+00:00,^VIX,VIX260722C00090000,call,False,90.0,0.01,0.85,0.53,15.40999984741211,1.1660197949218751,0.03554087421361189,0.0,1.0,2,2025-12-05 17:30:16+00:00,75.49555555555555,0.43,0.6164383561643836
2025-12-08 21:00:00+00:00,2026-07-22 00:00:00+00:00,^VIX,VIX260722C00095000,call,False,95.0,0.0,0.0,0.47,15.40999984741211,0.500005,0.03554087421361189,0.0,,1,2025-11-26 16:46:35+00:00,292.2236111111111,0.0,0.6164383561643836
2025-12-08 21:00:00+00:00,2026-07-22 00:00:00+00:00,^VIX,VIX260722C00100000,call,False,100.0,0.0,0.0,0.51,15.40999984741211,0.500005,0.03554087421361189,0.0,5.0,6,2025-11-24 15:59:24+00:00,341.01,0.0,0.6164383561643836
2025-12-08 21:00:00+00:00,2026-07-22 00:00:00+00:00,^VIX,VIX260722C00110000,call,False,110.0,0.0,0.0,0.94,15.40999984741211,0.500005,0.03554087421361189,0.0,,2,2025-11-20 18:04:54+00:00,434.91833333333335,0.0,0.6164383561643836
2025-12-08 21:00:00+00:00,2026-07-22 00:00:00+00:00,^VIX,VIX260722C00120000,call,False,120.0,0.0,0.0,0.87,15.40999984741211,0.500005,0.03554087421361189,0.0,,2,2025-11-20 18:04:36+00:00,434.92333333333335,0.0,0.6164383561643836
2025-12-08 21:00:00+00:00,2026-07-22 00:00:00+00:00,^VIX,VIX260722C00130000,call,False,130.0,0.0,0.0,0.3,15.40999984741211,0.500005,0.03554087421361189,0.0,2.0,11,2025-12-04 14:30:02+00:00,102.49944444444445,0.0,0.6164383561643836
2025-12-08 21:00:00+00:00,2026-07-22 00:00:00+00:00,^VIX,VIX260722C00140000,call,False,140.0,0.0,0.0,0.3,15.40999984741211,0.500005,0.03554087421361189,0.0,1.0,31,2025-12-03 17:33:28+00:00,123.44222222222223,0.0,0.6164383561643836
2025-12-08 21:00:00+00:00,2026-07-22 00:00:00+00:00,^VIX,VIX260722C00150000,call,False,150.0,0.0,0.46,0.25,15.40999984741211,1.2734411328124997,0.03554087421361189,0.0,2.0,75,2025-12-04 17:35:48+00:00,99.40333333333334,0.23,0.6164383561643836
2025-12-08 21:00:00+00:00,2026-07-22 00:00:00+00:00,^VIX,VIX260722P00010000,put,False,10.0,0.0,0.0,0.02,15.40999984741211,0.12500875,0.03554087421361189,0.0,10.0,44,2025-11-25 17:48:57+00:00,315.18416666666667,0.0,0.6164383561643836
2025-12-08 21:00:00+00:00,2026-07-22 00:00:00+00:00,^VIX,VIX260722P00010500,put,False,10.5,0.0,0.0,0.05,15.40999984741211,0.12500875,0.03554087421361189,0.0,21.0,21,2025-11-07 14:43:19+00:00,750.2780555555555,0.0,0.6164383561643836
2025-12-08 21:00:00+00:00,2026-07-22 00:00:00+00:00,^VIX,VIX260722P00011500,put,False,11.5,0.0,0.0,0.05,15.40999984741211,0.12500875,0.03554087421361189,0.0,,1,2025-10-30 19:37:53+00:00,937.3686111111111,0.0,0.6164383561643836
2025-12-08 21:00:00+00:00,2026-07-22 00:00:00+00:00,^VIX,VIX260722P00012500,put,False,12.5,0.0,0.0,0.05,15.40999984741211,0.12500875,0.03554087421361189,0.0,25.0,66,2025-11-24 14:30:03+00:00,342.49916666666667,0.0,0.6164383561643836
2025-12-08 21:00:00+00:00,2026-07-22 00:00:00+00:00,^VIX,VIX260722P00013000,put,False,13.0,0.0,0.0,0.08,15.40999984741211,0.062509375,0.03554087421361189,0.0,25.0,35,2025-11-24 14:38:14+00:00,342.36277777777775,0.0,0.6164383561643836
2025-12-08 21:00:00+00:00,2026-07-22 00:00:00+00:00,^VIX,VIX260722P00013500,put,False,13.5,0.0,0.0,0.11,15.40999984741211,0.062509375,0.03554087421361189,0.0,40.0,40,2025-11-24 14:41:18+00:00,342.31166666666667,0.0,0.6164383561643836
2025-12-08 21:00:00+00:00,2026-07-22 00:00:00+00:00,^VIX,VIX260722P00014000,put,False,14.0,0.0,0.0,0.14,15.40999984741211,0.062509375,0.03554087421361189,0.0,1.0,71,2025-12-05 19:47:25+00:00,73.20972222222223,0.0,0.6164383561643836
2025-12-08 21:00:00+00:00,2026-07-22 00:00:00+00:00,^VIX,VIX260722P00014500,put,False,14.5,0.0,0.0,0.2,15.40999984741211,0.062509375,0.03554087421361189,0.0,20.0,22,2025-11-24 14:43:16+00:00,342.2788888888889,0.0,0.6164383561643836
2025-12-08 21:00:00+00:00,2026-07-22 00:00:00+00:00,^VIX,VIX260722P00015000,put,False,15.0,0.0,0.49,0.34,15.40999984741211,0.22779092529296874,0.03554087421361189,0.0,10.0,87,2025-12-05 19:39:05+00:00,73.34861111111111,0.245,0.6164383561643836
2025-12-08 21:00:00+00:00,2026-07-22 00:00:00+00:00,^VIX,VIX260722P00016000,put,False,16.0,0.09,0.79,0.56,15.40999984741211,0.21216608154296873,0.03554087421361189,0.0,20.0,35,2025-12-08 19:25:32+00:00,1.5744444444444445,0.44,0.6164383561643836
2025-12-08 21:00:00+00:00,2026-07-22 00:00:00+00:00,^VIX,VIX260722P00017000,put,True,17.0,0.39,1.23,0.96,15.40999984741211,0.19873848144531248,0.03554087421361189,0.0,10.0,134,2025-12-05 15:06:21+00:00,77.89416666666666,0.81,0.6164383561643836
2025-12-08 21:00:00+00:00,2026-07-22 00:00:00+00:00,^VIX,VIX260722P00018000,put,True,18.0,0.77,1.68,1.36,15.40999984741211,0.1557701611328125,0.03554087421361189,0.0,111.0,255,2025-12-05 19:47:25+00:00,73.20972222222223,1.225,0.6164383561643836
2025-12-08 21:00:00+00:00,2026-07-22 00:00:00+00:00,^VIX,VIX260722P00019000,put,True,19.0,1.24,2.27,1.84,15.40999984741211,1.0000000000000003e-05,0.03554087421361189,0.0,2.0,79,2025-12-01 21:04:41+00:00,167.92194444444445,1.755,0.6164383561643836
2025-12-08 21:00:00+00:00,2026-07-22 00:00:00+00:00,^VIX,VIX260722P00020000,put,True,20.0,1.78,2.79,2.45,15.40999984741211,1.0000000000000003e-05,0.03554087421361189,0.0,1.0,36,2025-12-05 16:26:20+00:00,76.56111111111112,2.285,0.6164383561643836
2025-12-08 21:00:00+00:00,2026-07-22 00:00:00+00:00,^VIX,VIX260722P00021000,put,True,21.0,0.0,0.0,3.05,15.40999984741211,1.0000000000000003e-05,0.03554087421361189,0.0,11.0,30,2025-12-01 20:09:01+00:00,168.84972222222223,0.0,0.6164383561643836
2025-12-08 21:00:00+00:00,2026-07-22 00:00:00+00:00,^VIX,VIX260722P00022000,put,True,22.0,0.0,0.0,3.8,15.40999984741211,1.0000000000000003e-05,0.03554087421361189,0.0,3.0,45,2025-12-05 20:53:54+00:00,72.10166666666667,0.0,0.6164383561643836
2025-12-08 21:00:00+00:00,2026-07-22 00:00:00+00:00,^VIX,VIX260722P00023000,put,True,23.0,0.0,0.0,4.5,15.40999984741211,1.0000000000000003e-05,0.03554087421361189,0.0,3.0,43,2025-12-03 18:51:00+00:00,122.15,0.0,0.6164383561643836
2025-12-08 21:00:00+00:00,2026-07-22 00:00:00+00:00,^VIX,VIX260722P00024000,put,True,24.0,0.0,0.0,5.3,15.40999984741211,1.0000000000000003e-05,0.03554087421361189,0.0,2.0,1,2025-12-04 17:35:27+00:00,99.40916666666666,0.0,0.6164383561643836
2025-12-08 21:00:00+00:00,2026-07-22 00:00:00+00:00,^VIX,VIX260722P00025000,put,True,25.0,0.0,0.0,6.0,15.40999984741211,1.0000000000000003e-05,0.03554087421361189,0.0,1.0,12,2025-12-02 14:31:21+00:00,150.4775,0.0,0.6164383561643836
2025-12-08 21:00:00+00:00,2026-07-22 00:00:00+00:00,^VIX,VIX260722P00026000,put,True,26.0,0.0,0.0,6.14,15.40999984741211,1.0000000000000003e-05,0.03554087421361189,0.0,1.0,11,2025-11-21 16:30:04+00:00,412.49888888888887,0.0,0.6164383561643836
2025-12-08 21:00:00+00:00,2026-07-22 00:00:00+00:00,^VIX,VIX260722P00027000,put,True,27.0,0.0,0.0,7.67,15.40999984741211,1.0000000000000003e-05,0.03554087421361189,0.0,2.0,4,2025-12-04 17:35:27+00:00,99.40916666666666,0.0,0.6164383561643836
2025-12-08 21:00:00+00:00,2026-07-22 00:00:00+00:00,^VIX,VIX260722P00031000,put,True,31.0,0.0,0.0,11.0,15.40999984741211,1.0000000000000003e-05,0.03554087421361189,0.0,1.0,3,2025-12-02 18:28:22+00:00,146.52722222222224,0.0,0.6164383561643836
2025-12-08 21:00:00+00:00,2026-07-22 00:00:00+00:00,^VIX,VIX260722P00040000,put,True,40.0,0.0,19.9,19.07,15.40999984741211,1.0000000000000003e-05,0.03554087421361189,0.0,,1,2025-10-30 19:41:09+00:00,937.3141666666667,9.95,0.6164383561643836
2025-12-08 21:00:00+00:00,2026-07-22 00:00:00+00:00,^VIX,VIX260722P00050000,put,True,50.0,27.75,29.25,28.05,15.40999984741211,1.0000000000000003e-05,0.03554087421361189,0.0,1.0,1,2025-10-31 15:17:17+00:00,917.7119444444445,28.5,0.6164383561643836
2025-12-08 21:00:00+00:00,2026-07-22 00:00:00+00:00,^VIX,VIX260722P00100000,put,True,100.0,0.0,0.0,76.06,15.40999984741211,1.0000000000000003e-05,0.03554087421361189,0.0,253.0,216,2025-11-28 14:56:04+00:00,246.06555555555556,0.0,0.6164383561643836
2025-12-08 21:00:00+00:00,2026-07-22 00:00:00+00:00,^VIX,VIX260722P00110000,put,True,110.0,0.0,0.0,85.0,15.40999984741211,1.0000000000000003e-05,0.03554087421361189,0.0,,1,2025-11-03 15:15:00+00:00,845.75,0.0,0.6164383561643836
2025-12-08 21:00:00+00:00,2026-07-22 00:00:00+00:00,^VIX,VIX260722P00120000,put,True,120.0,0.0,0.0,94.85,15.40999984741211,1.0000000000000003e-05,0.03554087421361189,0.0,,1,2025-11-03 15:06:05+00:00,845.8986111111111,0.0,0.6164383561643836
2025-12-08 21:00:00+00:00,2026-07-22 00:00:00+00:00,^VIX,VIX260722P00150000,put,True,150.0,0.0,0.0,124.48,15.40999984741211,1.0000000000000003e-05,0.03554087421361189,0.0,253.0,222,2025-11-28 14:56:04+00:00,246.06555555555556,0.0,0.6164383561643836
2025-12-08 21:00:00+00:00,2026-08-19 00:00:00+00:00,^VIX,VIX260819C00010000,call,True,10.0,0.0,0.0,12.0,15.40999984741211,1.0000000000000003e-05,0.03554087421361189,0.0,3.0,7,2025-12-08 15:58:38+00:00,5.022777777777778,0.0,0.6931506849315069
2025-12-08 21:00:00+00:00,2026-08-19 00:00:00+00:00,^VIX,VIX260819C00011000,call,True,11.0,0.0,0.0,11.0,15.40999984741211,1.0000000000000003e-05,0.03554087421361189,0.0,11.0,12,2025-12-05 20:58:39+00:00,72.0225,0.0,0.6931506849315069
2025-12-08 21:00:00+00:00,2026-08-19 00:00:00+00:00,^VIX,VIX260819C00011500,call,True,11.5,0.0,0.0,11.0,15.40999984741211,1.0000000000000003e-05,0.03554087421361189,0.0,3.0,3,2025-11-28 17:37:45+00:00,243.37083333333334,0.0,0.6931506849315069
2025-12-08 21:00:00+00:00,2026-08-19 00:00:00+00:00,^VIX,VIX260819C00013000,call,True,13.0,0.0,0.0,9.2,15.40999984741211,1.0000000000000003e-05,0.03554087421361189,0.0,2.0,2,2025-12-05 18:10:48+00:00,74.82,0.0,0.6931506849315069
2025-12-08 21:00:00+00:00,2026-08-19 00:00:00+00:00,^VIX,VIX260819C00013500,call,True,13.5,0.0,0.0,9.9,15.40999984741211,1.0000000000000003e-05,0.03554087421361189,0.0,4.0,4,2025-11-28 14:33:07+00:00,246.44805555555556,0.0,0.6931506849315069
2025-12-08 21:00:00+00:00,2026-08-19 00:00:00+00:00,^VIX,VIX260819C00014000,call,True,14.0,0.0,0.0,8.3,15.40999984741211,1.0000000000000003e-05,0.03554087421361189,0.0,10.0,32,2025-12-05 19:22:53+00:00,73.61861111111111,0.0,0.6931506849315069
2025-12-08 21:00:00+00:00,2026-08-19 00:00:00+00:00,^VIX,VIX260819C00014500,call,True,14.5,0.0,0.0,8.0,15.40999984741211,1.0000000000000003e-05,0.03554087421361189,0.0,1.0,2,2025-12-05 16:39:30+00:00,76.34166666666667,0.0,0.6931506849315069
2025-12-08 21:00:00+00:00,2026-08-19 00:00:00+00:00,^VIX,VIX260819C00015000,call,True,15.0,0.0,0.0,7.5,15.40999984741211,1.0000000000000003e-05,0.03554087421361189,0.0,80.0,106,2025-12-08 18:26:38+00:00,2.556111111111111,0.0,0.6931506849315069
2025-12-08 21:00:00+00:00,2026-08-19 00:00:00+00:00,^VIX,VIX260819C00016000,call,True,16.0,0.0,0.0,6.7,15.40999984741211,1.0000000000000003e-05,0.03554087421361189,0.0,36.0,93,2025-12-05 20:58:24+00:00,72.02666666666667,0.0,0.6931506849315069
2025-12-08 21:00:00+00:00,2026-08-19 00:00:00+00:00,^VIX,VIX260819C00017000,call,False,17.0,0.0,0.0,6.23,15.40999984741211,0.007822421875,0.03554087421361189,0.0,4.0,243,2025-12-08 20:39:30+00:00,0.3416666666666667,0.0,0.6931506849315069
2025-12-08 21:00:00+00:00,2026-08-19 00:00:00+00:00,^VIX,VIX260819C00018000,call,False,18.0,0.0,0.0,5.65,15.40999984741211,0.0312596875,0.03554087421361189,0.0,25.0,37,2025-12-05 16:47:32+00:00,76.20777777777778,0.0,0.6931506849315069
2025-12-08 21:00:00+00:00,2026-08-19 00:00:00+00:00,^VIX,VIX260819C00019000,call,False,19.0,0.0,0.0,5.1,15.40999984741211,0.0312596875,0.03554087421361189,0.0,3.0,13,2025-12-08 14:47:47+00:00,6.203611111111111,0.0,0.6931506849315069
2025-12-08 21:00:00+00:00,2026-08-19 00:00:00+00:00,^VIX,VIX260819C00020000,call,False,20.0,0.0,0.0,4.8,15.40999984741211,0.062509375,0.03554087421361189,0.0,17.0,742,2025-12-08 20:09:54+00:00,0.835,0.0,0.6931506849315069
2025-12-08 21:00:00+00:00,2026-08-19 00:00:00+00:00,^VIX,VIX260819C00022000,call,False,22.0,0.0,0.0,3.85,15.40999984741211,0.062509375,0.03554087421361189,0.0,1.0,16,2025-12-05 20:27:11+00:00,72.54694444444445,0.0,0.6931506849315069
2025-12-08 21:00:00+00:00,2026-08-19 00:00:00+00:00,^VIX,VIX260819C00023000,call,False,23.0,0.0,0.0,3.8,15.40999984741211,0.12500875,0.03554087421361189,0.0,5.0,7,2025-12-08 17:23:19+00:00,3.611388888888889,0.0,0.6931506849315069
2025-12-08 21:00:00+00:00,2026-08-19 00:00:00+00:00,^VIX,VIX260819C00024000,call,False,24.0,0.0,0.0,3.8,15.40999984741211,0.12500875,0.03554087421361189,0.0,1.0,4,2025-12-08 14:54:19+00:00,6.094722222222222,0.0,0.6931506849315069
2025-12-08 21:00:00+00:00,2026-08-19 00:00:00+00:00,^VIX,VIX260819C00025000,call,False,25.0,0.0,0.0,3.27,15.40999984741211,0.12500875,0.03554087421361189,0.0,79.0,116,2025-12-08 19:47:31+00:00,1.2080555555555557,0.0,0.6931506849315069
2025-12-08 21:00:00+00:00,2026-08-19 00:00:00+00:00,^VIX,VIX260819C00027000,call,False,27.0,0.0,0.0,3.0,15.40999984741211,0.12500875,0.03554087421361189,0.0,1.0,13,2025-12-05 14:30:02+00:00,78.49944444444445,0.0,0.6931506849315069
2025-12-08 21:00:00+00:00,2026-08-19 00:00:00+00:00,^VIX,VIX260819C00028000,call,False,28.0,0.0,0.0,2.93,15.40999984741211,0.12500875,0.03554087421361189,0.0,5.0,4,2025-12-08 20:09:54+00:00,0.835,0.0,0.6931506849315069
2025-12-08 21:00:00+00:00,2026-08-19 00:00:00+00:00,^VIX,VIX260819C00029000,call,False,29.0,0.0,0.0,2.78,15.40999984741211,0.12500875,0.03554087421361189,0.0,2.0,2,2025-11-28 15:31:36+00:00,245.47333333333333,0.0,0.6931506849315069
2025-12-08 21:00:00+00:00,2026-08-19 00:00:00+00:00,^VIX,VIX260819C00030000,call,False,30.0,0.0,0.0,2.5,15.40999984741211,0.12500875,0.03554087421361189,0.0,40.0,177,2025-12-05 20:42:44+00:00,72.28777777777778,0.0,0.6931506849315069
2025-12-08 21:00:00+00:00,2026-08-19 00:00:00+00:00,^VIX,VIX260819C00031000,call,False,31.0,0.0,0.0,2.75,15.40999984741211,0.12500875,0.03554087421361189,0.0,5.0,15,2025-12-04 16:41:15+00:00,100.3125,0.0,0.6931506849315069
2025-12-08 21:00:00+00:00,2026-08-19 00:00:00+00:00,^VIX,VIX260819C00032000,call,False,32.0,0.0,0.0,2.3,15.40999984741211,0.12500875,0.03554087421361189,0.0,,4,2025-12-01 19:31:15+00:00,169.47916666666666,0.0,0.6931506849315069
2025-12-08 21:00:00+00:00,2026-08-19 00:00:00+00:00,^VIX,VIX260819C00033000,call,False,33.0,0.0,0.0,2.08,15.40999984741211,0.2500075,0.03554087421361189,0.0,1.0,9,2025-12-03 17:56:27+00:00,123.05916666666667,0.0,0.6931506849315069
2025-12-08 21:00:00+00:00,2026-08-19 00:00:00+00:00,^VIX,VIX260819C00034000,call,False,34.0,0.0,0.0,1.96,15.40999984741211,0.2500075,0.03554087421361189,0.0,,1,2025-12-03 17:56:27+00:00,123.05916666666667,0.0,0.6931506849315069
2025-12-08 21:00:00+00:00,2026-08-19 00:00:00+00:00,^VIX,VIX260819C00035000,call,False,35.0,0.56,3.35,1.92,15.40999984741211,0.99804689453125,0.03554087421361189,0.0,200.0,208,2025-12-03 15:17:28+00:00,125.7088888888889,1.955,0.6931506849315069
2025-12-08 21:00:00+00:00,2026-08-19 00:00:00+00:00,^VIX,VIX260819C00036000,call,False,36.0,0.0,0.0,2.11,15.40999984741211,0.2500075,0.03554087421361189,0.0,,10,2025-12-04 20:26:24+00:00,96.56,0.0,0.6931506849315069
2025-12-08 21:00:00+00:00,2026-08-19 00:00:00+00:00,^VIX,VIX260819C00039000,call,False,39.0,0.0,0.0,1.52,15.40999984741211,0.2500075,0.03554087421361189,0.0,1.0,2,2025-12-05 15:49:32+00:00,77.17444444444445,0.0,0.6931506849315069
2025-12-08 21:00:00+00:00,2026-08-19 00:00:00+00:00,^VIX,VIX260819C00040000,call,False,40.0,0.0,0.0,1.7,15.40999984741211,0.2500075,0.03554087421361189,0.0,18.0,345,2025-12-05 20:59:55+00:00,72.00138888888888,0.0,0.6931506849315069
2025-12-08 21:00:00+00:00,2026-08-19 00:00:00+00:00,^VIX,VIX260819C00042500,call,False,42.5,0.0,0.0,1.56,15.40999984741211,0.2500075,0.03554087421361189,0.0,3.0,3,2025-12-08 18:42:35+00:00,2.290277777777778,0.0,0.6931506849315069
2025-12-08 21:00:00+00:00,2026-08-19 00:00:00+00:00,^VIX,VIX260819C00045000,call,False,45.0,0.0,0.0,1.55,15.40999984741211,0.2500075,0.03554087421361189,0.0,100.0,4,2025-12-08 15:22:31+00:00,5.624722222222222,0.0,0.6931506849315069
2025-12-08 21:00:00+00:00,2026-08-19 00:00:00+00:00,^VIX,VIX260819C00050000,call,False,50.0,0.0,0.0,1.42,15.40999984741211,0.2500075,0.03554087421361189,0.0,10.0,24,2025-12-05 16:21:19+00:00,76.64472222222223,0.0,0.6931506849315069
2025-12-08 21:00:00+00:00,2026-08-19 00:00:00+00:00,^VIX,VIX260819C00055000,call,False,55.0,0.0,0.0,1.08,15.40999984741211,0.2500075,0.03554087421361189,0.0,,348,2025-12-01 20:49:14+00:00,168.17944444444444,0.0,0.6931506849315069
2025-12-08 21:00:00+00:00,2026-08-19 00:00:00+00:00,^VIX,VIX260819C00060000,call,False,60.0,0.0,0.0,1.0,15.40999984741211,0.2500075,0.03554087421361189,0.0,202.0,14,2025-12-08 20:30:11+00:00,0.49694444444444447,0.0,0.6931506849315069
2025-12-08 21:00:00+00:00,2026-08-19 00:00:00+00:00,^VIX,VIX260819C00090000,call,False,90.0,0.0,0.0,0.65,15.40999984741211,0.500005,0.03554087421361189,0.0,5.0,257,2025-12-08 16:46:19+00:00,4.228055555555556,0.0,0.6931506849315069
2025-12-08 21:00:00+00:00,2026-08-19 00:00:00+00:00,^VIX,VIX260819C00100000,call,False,100.0,0.0,0.0,0.62,15.40999984741211,0.500005,0.03554087421361189,0.0,10.0,10,2025-12-05 16:21:19+00:00,76.64472222222223,0.0,0.6931506849315069
2025-12-08 21:00:00+00:00,2026-08-19 00:00:00+00:00,^VIX,VIX260819C00110000,call,False,110.0,0.0,0.0,0.36,15.40999984741211,0.500005,0.03554087421361189,0.0,1.0,2,2025-12-05 17:04:57+00:00,75.9175,0.0,0.6931506849315069
2025-12-08 21:00:00+00:00,2026-08-19 00:00:00+00:00,^VIX,VIX260819C00120000,call,False,120.0,0.0,0.0,0.38,15.40999984741211,0.500005,0.03554087421361189,0.0,,11,2025-12-01 20:25:51+00:00,168.56916666666666,0.0,0.6931506849315069
2025-12-08 21:00:00+00:00,2026-08-19 00:00:00+00:00,^VIX,VIX260819C00150000,call,False,150.0,0.0,0.0,0.64,15.40999984741211,0.500005,0.03554087421361189,0.0,5.0,13,2025-12-02 15:11:21+00:00,149.81083333333333,0.0,0.6931506849315069
2025-12-08 21:00:00+00:00,2026-08-19 00:00:00+00:00,^VIX,VIX260819P00010000,put,False,10.0,0.0,0.0,0.01,15.40999984741211,0.12500875,0.03554087421361189,0.0,1.0,1,2025-12-02 16:47:47+00:00,148.20361111111112,0.0,0.6931506849315069
2025-12-08 21:00:00+00:00,2026-08-19 00:00:00+00:00,^VIX,VIX260819P00011500,put,False,11.5,0.0,0.0,0.05,15.40999984741211,0.12500875,0.03554087421361189,0.0,30.0,30,2025-12-05 20:09:02+00:00,72.84944444444444,0.0,0.6931506849315069
2025-12-08 21:00:00+00:00,2026-08-19 00:00:00+00:00,^VIX,VIX260819P00012500,put,False,12.5,0.0,0.0,0.07,15.40999984741211,0.062509375,0.03554087421361189,0.0,18.0,19,2025-12-04 15:01:17+00:00,101.9786111111111,0.0,0.6931506849315069
2025-12-08 21:00:00+00:00,2026-08-19 00:00:00+00:00,^VIX,VIX260819P00013500,put,False,13.5,0.0,0.0,0.12,15.40999984741211,0.062509375,0.03554087421361189,0.0,30.0,30,2025-12-05 18:20:45+00:00,74.65416666666667,0.0,0.6931506849315069
2025-12-08 21:00:00+00:00,2026-08-19 00:00:00+00:00,^VIX,VIX260819P00014000,put,False,14.0,0.0,0.0,0.2,15.40999984741211,0.062509375,0.03554087421361189,0.0,30.0,30,2025-12-05 18:21:55+00:00,74.63472222222222,0.0,0.6931506849315069
2025-12-08 21:00:00+00:00,2026-08-19 00:00:00+00:00,^VIX,VIX260819P00014500,put,False,14.5,0.0,0.0,0.36,15.40999984741211,0.062509375,0.03554087421361189,0.0,2.0,26,2025-12-04 15:52:15+00:00,101.12916666666666,0.0,0.6931506849315069
2025-12-08 21:00:00+00:00,2026-08-19 00:00:00+00:00,^VIX,VIX260819P00015000,put,False,15.0,0.0,0.0,0.39,15.40999984741211,0.0312596875,0.03554087421361189,0.0,1.0,38,2025-12-03 16:50:31+00:00,124.15805555555555,0.0,0.6931506849315069
2025-12-08 21:00:00+00:00,2026-08-19 00:00:00+00:00,^VIX,VIX260819P00016000,put,False,16.0,0.0,0.0,0.61,15.40999984741211,0.015634843750000002,0.03554087421361189,0.0,20.0,45,2025-12-05 16:33:50+00:00,76.43611111111112,0.0,0.6931506849315069
2025-12-08 21:00:00+00:00,2026-08-19 00:00:00+00:00,^VIX,VIX260819P00017000,put,True,17.0,0.0,0.0,0.95,15.40999984741211,1.0000000000000003e-05,0.03554087421361189,0.0,4.0,2,2025-12-08 20:39:30+00:00,0.3416666666666667,0.0,0.6931506849315069
2025-12-08 21:00:00+00:00,2026-08-19 00:00:00+00:00,^VIX,VIX260819P00018000,put,True,18.0,0.0,0.0,1.45,15.40999984741211,1.0000000000000003e-05,0.03554087421361189,0.0,,10,2025-12-04 20:37:43+00:00,96.37138888888889,0.0,0.6931506849315069
2025-12-08 21:00:00+00:00,2026-08-19 00:00:00+00:00,^VIX,VIX260819P00020000,put,True,20.0,1.19,2.95,2.6,15.40999984741211,1.0000000000000003e-05,0.03554087421361189,0.0,10.0,12,2025-12-05 20:39:52+00:00,72.33555555555556,2.0700000000000003,0.6931506849315069
2025-12-08 21:00:00+00:00,2026-08-19 00:00:00+00:00,^VIX,VIX260819P00021000,put,True,21.0,1.74,3.55,3.35,15.40999984741211,1.0000000000000003e-05,0.03554087421361189,0.0,,1,2025-12-03 14:30:04+00:00,126.49888888888889,2.645,0.6931506849315069
2025-12-08 21:00:00+00:00,2026-08-19 00:00:00+00:00,^VIX,VIX260819P00022000,put,True,22.0,0.0,0.0,3.9,15.40999984741211,1.0000000000000003e-05,0.03554087421361189,0.0,10.0,34,2025-12-08 20:29:54+00:00,0.5016666666666667,0.0,0.6931506849315069
2025-12-08 21:00:00+00:00,2026-08-19 00:00:00+00:00,^VIX,VIX260819P00120000,put,True,120.0,0.0,0.0,95.27,15.40999984741211,1.0000000000000003e-05,0.03554087421361189,0.0,,2,2025-12-01 19:13:11+00:00,169.78027777777777,0.0,0.6931506849315069
