date,expiry,symbol,contractSymbol,type,inTheMoney,strike,bid,ask,last,underlying,iv_mkt,rate,div_yield,volume,openInterest,lastTradeDate,quote_age_hours,mid,T
2025-11-17 21:00:00+00:00,2025-11-21 00:00:00+00:00,AMZN,AMZN251121C00085000,call,True,85.0,146.25,149.3,153.71,232.8699951171875,5.627932652587891,0.0370259995532744,0.0,382.0,618,2025-11-13 20:42:35+00:00,96.29027777777777,147.775,0.00821917808219178
2025-11-17 21:00:00+00:00,2025-11-21 00:00:00+00:00,AMZN,AMZN251121C00090000,call,True,90.0,141.25,144.35,159.02,232.8699951171875,5.373050158691405,0.0370259995532744,0.0,5.0,17,2025-11-11 20:32:41+00:00,144.45527777777778,142.8,0.00821917808219178
2025-11-17 21:00:00+00:00,2025-11-21 00:00:00+00:00,AMZN,AMZN251121C00095000,call,True,95.0,136.25,139.35,154.25,232.8699951171875,5.0957067553710935,0.0370259995532744,0.0,5.0,47,2025-11-11 20:33:40+00:00,144.4388888888889,137.8,0.00821917808219178
2025-11-17 21:00:00+00:00,2025-11-21 00:00:00+00:00,AMZN,AMZN251121C00100000,call,True,100.0,131.0,134.3,132.9,232.8699951171875,4.7998086877441395,0.0370259995532744,0.0,6.0,233,2025-11-17 18:18:47+00:00,2.6869444444444444,132.65,0.00821917808219178
2025-11-17 21:00:00+00:00,2025-11-21 00:00:00+00:00,AMZN,AMZN251121C00105000,call,True,105.0,126.0,129.35,144.7,232.8699951171875,4.583988645019532,0.0370259995532744,0.0,1.0,30,2025-11-05 19:04:17+00:00,289.92861111111114,127.675,0.00821917808219178
2025-11-17 21:00:00+00:00,2025-11-21 00:00:00+00:00,AMZN,AMZN251121C00110000,call,True,110.0,121.95,123.95,121.03,232.8699951171875,2.81250296875,0.0370259995532744,0.0,2.0,3703,2025-11-17 16:25:24+00:00,4.576666666666667,122.95,0.00821917808219178
2025-11-17 21:00:00+00:00,2025-11-21 00:00:00+00:00,AMZN,AMZN251121C00115000,call,True,115.0,116.75,119.35,116.2,232.8699951171875,2.925783935546875,0.0370259995532744,0.0,2.0,36,2025-11-17 16:25:24+00:00,4.576666666666667,118.05,0.00821917808219178
2025-11-17 21:00:00+00:00,2025-11-21 00:00:00+00:00,AMZN,AMZN251121C00120000,call,True,120.0,111.95,113.95,112.46,232.8699951171875,2.50781623046875,0.0370259995532744,0.0,1.0,1288,2025-11-12 19:13:58+00:00,121.76722222222222,112.95,0.00821917808219178
2025-11-17 21:00:00+00:00,2025-11-21 00:00:00+00:00,AMZN,AMZN251121C00125000,call,True,125.0,106.3,109.35,106.2,232.8699951171875,3.6933601416015627,0.0370259995532744,0.0,3.0,77,2025-11-17 16:04:51+00:00,4.9191666666666665,107.82499999999999,0.00821917808219178
2025-11-17 21:00:00+00:00,2025-11-21 00:00:00+00:00,AMZN,AMZN251121C00130000,call,True,130.0,101.0,104.45,103.0,232.8699951171875,3.5419933325195307,0.0370259995532744,0.0,1.0,138,2025-11-14 14:57:54+00:00,78.035,102.725,0.00821917808219178
2025-11-17 21:00:00+00:00,2025-11-21 00:00:00+00:00,AMZN,AMZN251121C00135000,call,True,135.0,96.75,98.85,97.67,232.8699951171875,3.0341821020507815,0.0370259995532744,0.0,5.0,88,2025-11-17 16:52:38+00:00,4.122777777777777,97.8,0.00821917808219178
2025-11-17 21:00:00+00:00,2025-11-21 00:00:00+00:00,AMZN,AMZN251121C00140000,call,True,140.0,91.05,94.8,93.21,232.8699951171875,1.8828130859374999,0.0370259995532744,0.0,1.0,209,2025-11-14 16:49:31+00:00,76.17472222222223,92.925,0.00821917808219178
2025-11-17 21:00:00+00:00,2025-11-21 00:00:00+00:00,AMZN,AMZN251121C00145000,call,True,145.0,86.05,89.45,87.87,232.8699951171875,2.9736353784179688,0.0370259995532744,0.0,3.0,185,2025-11-17 18:17:44+00:00,2.7044444444444444,87.75,0.00821917808219178
2025-11-17 21:00:00+00:00,2025-11-21 00:00:00+00:00,AMZN,AMZN251121C00150000,call,True,150.0,81.85,84.1,80.73,232.8699951171875,1.7773448632812499,0.0370259995532744,0.0,6.0,405,2025-11-14 18:47:46+00:00,74.20388888888888,82.975,0.00821917808219178
2025-11-17 21:00:00+00:00,2025-11-21 00:00:00+00:00,AMZN,AMZN251121C00155000,call,True,155.0,76.95,79.1,78.03,232.8699951171875,1.7421887890624999,0.0370259995532744,0.0,2.0,1407,2025-11-17 16:55:41+00:00,4.071944444444444,78.025,0.00821917808219178
2025-11-17 21:00:00+00:00,2025-11-21 00:00:00+00:00,AMZN,AMZN251121C00160000,call,True,160.0,71.95,74.15,73.1,232.8699951171875,1.65625171875,0.0370259995532744,0.0,16.0,246,2025-11-17 16:53:59+00:00,4.1002777777777775,73.05000000000001,0.00821917808219178
2025-11-17 21:00:00+00:00,2025-11-21 00:00:00+00:00,AMZN,AMZN251121C00165000,call,True,165.0,66.95,69.1,68.28,232.8699951171875,1.50390873046875,0.0370259995532744,0.0,21.0,156,2025-11-17 17:28:56+00:00,3.517777777777778,68.025,0.00821917808219178
2025-11-17 21:00:00+00:00,2025-11-21 00:00:00+00:00,AMZN,AMZN251121C00170000,call,True,170.0,61.95,64.1,60.6,232.8699951171875,1.3867218164062498,0.0370259995532744,0.0,11.0,311,2025-11-17 16:58:28+00:00,4.025555555555556,63.025,0.00821917808219178
2025-11-17 21:00:00+00:00,2025-11-21 00:00:00+00:00,AMZN,AMZN251121C00175000,call,True,175.0,57.8,58.85,56.45,232.8699951171875,1.5156274218749999,0.0370259995532744,0.0,16.0,4037,2025-11-17 19:44:48+00:00,1.2533333333333334,58.325,0.00821917808219178
2025-11-17 21:00:00+00:00,2025-11-21 00:00:00+00:00,AMZN,AMZN251121C00180000,call,True,180.0,52.0,54.25,52.65,232.8699951171875,1.255863095703125,0.0370259995532744,0.0,24.0,816,2025-11-17 20:53:00+00:00,0.11666666666666667,53.125,0.00821917808219178
2025-11-17 21:00:00+00:00,2025-11-21 00:00:00+00:00,AMZN,AMZN251121C00185000,call,True,185.0,47.0,49.15,48.2,232.8699951171875,1.1015669921875002,0.0370259995532744,0.0,17.0,594,2025-11-17 15:15:16+00:00,5.745555555555556,48.075,0.00821917808219178
2025-11-17 21:00:00+00:00,2025-11-21 00:00:00+00:00,AMZN,AMZN251121C00190000,call,True,190.0,42.0,44.15,41.9,232.8699951171875,0.99023447265625,0.0370259995532744,0.0,17.0,503,2025-11-17 20:34:11+00:00,0.43027777777777776,43.075,0.00821917808219178
2025-11-17 21:00:00+00:00,2025-11-21 00:00:00+00:00,AMZN,AMZN251121C00192500,call,True,192.5,39.5,41.95,40.8,232.8699951171875,1.0302782861328126,0.0370259995532744,0.0,5.0,56,2025-11-17 16:47:40+00:00,4.205555555555556,40.725,0.00821917808219178
2025-11-17 21:00:00+00:00,2025-11-21 00:00:00+00:00,AMZN,AMZN251121C00195000,call,True,195.0,37.0,39.2,37.0,232.8699951171875,0.8984385156249999,0.0370259995532744,0.0,9.0,1030,2025-11-17 20:41:07+00:00,0.31472222222222224,38.1,0.00821917808219178
2025-11-17 21:00:00+00:00,2025-11-21 00:00:00+00:00,AMZN,AMZN251121C00197500,call,True,197.5,34.6,36.4,33.54,232.8699951171875,0.7695335546875001,0.0370259995532744,0.0,24.0,61,2025-11-17 20:07:53+00:00,0.8686111111111111,35.5,0.00821917808219178
2025-11-17 21:00:00+00:00,2025-11-21 00:00:00+00:00,AMZN,AMZN251121C00200000,call,True,200.0,32.4,33.35,32.81,232.8699951171875,0.9096688720703124,0.0370259995532744,0.0,160.0,3946,2025-11-17 20:16:43+00:00,0.7213888888888889,32.875,0.00821917808219178
2025-11-17 21:00:00+00:00,2025-11-21 00:00:00+00:00,AMZN,AMZN251121C00202500,call,True,202.5,29.6,31.35,30.25,232.8699951171875,0.64648791015625,0.0370259995532744,0.0,19.0,122,2025-11-17 20:53:00+00:00,0.11666666666666667,30.475,0.00821917808219178
2025-11-17 21:00:00+00:00,2025-11-21 00:00:00+00:00,AMZN,AMZN251121C00205000,call,True,205.0,27.35,28.6,26.15,232.8699951171875,0.5976602734375001,0.0370259995532744,0.0,242.0,1977,2025-11-17 20:14:51+00:00,0.7525,27.975,0.00821917808219178
2025-11-17 21:00:00+00:00,2025-11-21 00:00:00+00:00,AMZN,AMZN251121C00207500,call,True,207.5,24.75,26.5,25.66,232.8699951171875,0.639652041015625,0.0370259995532744,0.0,27.0,1911,2025-11-17 16:53:40+00:00,4.105555555555555,25.625,0.00821917808219178
2025-11-17 21:00:00+00:00,2025-11-21 00:00:00+00:00,AMZN,AMZN251121C00210000,call,True,210.0,22.6,23.6,22.27,232.8699951171875,0.5732464550781251,0.0370259995532744,0.0,121.0,7421,2025-11-17 20:42:14+00:00,0.2961111111111111,23.1,0.00821917808219178
2025-11-17 21:00:00+00:00,2025-11-21 00:00:00+00:00,AMZN,AMZN251121C00212500,call,True,212.5,20.05,21.45,19.9,232.8699951171875,0.577152666015625,0.0370259995532744,0.0,19.0,548,2025-11-17 20:18:27+00:00,0.6925,20.75,0.00821917808219178
2025-11-17 21:00:00+00:00,2025-11-21 00:00:00+00:00,AMZN,AMZN251121C00215000,call,True,215.0,18.25,18.65,18.31,232.8699951171875,0.5751995605468749,0.0370259995532744,0.0,221.0,8396,2025-11-17 20:49:19+00:00,0.17805555555555555,18.45,0.00821917808219178
2025-11-17 21:00:00+00:00,2025-11-21 00:00:00+00:00,AMZN,AMZN251121C00217500,call,True,217.5,15.9,16.3,15.97,232.8699951171875,0.5459029785156251,0.0370259995532744,0.0,85.0,942,2025-11-17 20:49:19+00:00,0.17805555555555555,16.1,0.00821917808219178
2025-11-17 21:00:00+00:00,2025-11-21 00:00:00+00:00,AMZN,AMZN251121C00220000,call,True,220.0,13.65,13.9,13.61,232.8699951171875,0.5131884619140624,0.0370259995532744,0.0,1084.0,22176,2025-11-17 20:46:04+00:00,0.23222222222222222,13.775,0.00821917808219178
2025-11-17 21:00:00+00:00,2025-11-21 00:00:00+00:00,AMZN,AMZN251121C00222500,call,True,222.5,11.4,11.7,11.4,232.8699951171875,0.5102588037109376,0.0370259995532744,0.0,192.0,921,2025-11-17 19:57:38+00:00,1.0394444444444444,11.55,0.00821917808219178
2025-11-17 21:00:00+00:00,2025-11-21 00:00:00+00:00,AMZN,AMZN251121C00225000,call,True,225.0,9.35,9.55,9.05,232.8699951171875,0.47900911621093745,0.0370259995532744,0.0,1561.0,15815,2025-11-17 20:54:15+00:00,0.09583333333333334,9.45,0.00821917808219178
2025-11-17 21:00:00+00:00,2025-11-21 00:00:00+00:00,AMZN,AMZN251121C00227500,call,True,227.5,7.4,7.6,7.37,232.8699951171875,0.45825737060546884,0.0370259995532744,0.0,1594.0,1988,2025-11-17 20:56:28+00:00,0.058888888888888886,7.5,0.00821917808219178
2025-11-17 21:00:00+00:00,2025-11-21 00:00:00+00:00,AMZN,AMZN251121C00230000,call,True,230.0,5.65,5.85,5.67,232.8699951171875,0.4409235595703125,0.0370259995532744,0.0,18372.0,26449,2025-11-17 20:59:43+00:00,0.004722222222222222,5.75,0.00821917808219178
2025-11-17 21:00:00+00:00,2025-11-21 00:00:00+00:00,AMZN,AMZN251121C00232500,call,True,232.5,4.15,4.3,4.2,232.8699951171875,0.42310147216796873,0.0370259995532744,0.0,11924.0,2910,2025-11-17 20:59:46+00:00,0.0038888888888888888,4.225,0.00821917808219178
2025-11-17 21:00:00+00:00,2025-11-21 00:00:00+00:00,AMZN,AMZN251121C00235000,call,False,235.0,2.9,2.98,2.95,232.8699951171875,0.40479110839843746,0.0370259995532744,0.0,25992.0,17545,2025-11-17 20:59:51+00:00,0.0025,2.94,0.00821917808219178
2025-11-17 21:00:00+00:00,2025-11-21 00:00:00+00:00,AMZN,AMZN251121C00237500,call,False,237.5,1.91,1.95,1.95,232.8699951171875,0.389654541015625,0.0370259995532744,0.0,12425.0,2876,2025-11-17 20:59:56+00:00,0.0011111111111111111,1.93,0.00821917808219178
2025-11-17 21:00:00+00:00,2025-11-21 00:00:00+00:00,AMZN,AMZN251121C00240000,call,False,240.0,1.19,1.23,1.2,232.8699951171875,0.38184211914062494,0.0370259995532744,0.0,31005.0,27048,2025-11-17 20:59:56+00:00,0.0011111111111111111,1.21,0.00821917808219178
2025-11-17 21:00:00+00:00,2025-11-21 00:00:00+00:00,AMZN,AMZN251121C00242500,call,False,242.5,0.72,0.74,0.74,232.8699951171875,0.3764710791015625,0.0370259995532744,0.0,12721.0,8619,2025-11-17 20:59:57+00:00,0.0008333333333333334,0.73,0.00821917808219178
2025-11-17 21:00:00+00:00,2025-11-21 00:00:00+00:00,AMZN,AMZN251121C00245000,call,False,245.0,0.43,0.45,0.44,232.8699951171875,0.3789124609375,0.0370259995532744,0.0,14398.0,28330,2025-11-17 20:59:52+00:00,0.0022222222222222222,0.44,0.00821917808219178
2025-11-17 21:00:00+00:00,2025-11-21 00:00:00+00:00,AMZN,AMZN251121C00247500,call,False,247.5,0.26,0.28,0.26,232.8699951171875,0.38623660644531244,0.0370259995532744,0.0,3682.0,7844,2025-11-17 20:59:25+00:00,0.009722222222222222,0.27,0.00821917808219178
2025-11-17 21:00:00+00:00,2025-11-21 00:00:00+00:00,AMZN,AMZN251121C00250000,call,False,250.0,0.17,0.18,0.17,232.8699951171875,0.397466962890625,0.0370259995532744,0.0,13712.0,52206,2025-11-17 20:59:40+00:00,0.005555555555555556,0.175,0.00821917808219178
2025-11-17 21:00:00+00:00,2025-11-21 00:00:00+00:00,AMZN,AMZN251121C00252500,call,False,252.5,0.11,0.12,0.12,232.8699951171875,0.4101621484375,0.0370259995532744,0.0,9077.0,8095,2025-11-17 20:59:38+00:00,0.006111111111111111,0.11499999999999999,0.00821917808219178
2025-11-17 21:00:00+00:00,2025-11-21 00:00:00+00:00,AMZN,AMZN251121C00255000,call,False,255.0,0.08,0.09,0.09,232.8699951171875,0.43066975585937506,0.0370259995532744,0.0,9285.0,25329,2025-11-17 20:54:31+00:00,0.0913888888888889,0.08499999999999999,0.00821917808219178
2025-11-17 21:00:00+00:00,2025-11-21 00:00:00+00:00,AMZN,AMZN251121C00257500,call,False,257.5,0.06,0.07,0.07,232.8699951171875,0.45117736328125,0.0370259995532744,0.0,1076.0,5595,2025-11-17 20:53:05+00:00,0.11527777777777778,0.065,0.00821917808219178
2025-11-17 21:00:00+00:00,2025-11-21 00:00:00+00:00,AMZN,AMZN251121C00260000,call,False,260.0,0.05,0.06,0.05,232.8699951171875,0.47852083984375,0.0370259995532744,0.0,4012.0,31194,2025-11-17 20:46:36+00:00,0.22333333333333333,0.055,0.00821917808219178
2025-11-17 21:00:00+00:00,2025-11-21 00:00:00+00:00,AMZN,AMZN251121C00262500,call,False,262.5,0.04,0.05,0.05,232.8699951171875,0.500005,0.0370259995532744,0.0,358.0,2077,2025-11-17 20:51:27+00:00,0.1425,0.045,0.00821917808219178
2025-11-17 21:00:00+00:00,2025-11-21 00:00:00+00:00,AMZN,AMZN251121C00265000,call,False,265.0,0.02,0.05,0.04,232.8699951171875,0.5117236328125,0.0370259995532744,0.0,1210.0,13624,2025-11-17 20:37:10+00:00,0.38055555555555554,0.035,0.00821917808219178
2025-11-17 21:00:00+00:00,2025-11-21 00:00:00+00:00,AMZN,AMZN251121C00267500,call,False,267.5,0.02,0.03,0.03,232.8699951171875,0.523442265625,0.0370259995532744,0.0,295.0,2859,2025-11-17 20:23:57+00:00,0.6008333333333333,0.025,0.00821917808219178
2025-11-17 21:00:00+00:00,2025-11-21 00:00:00+00:00,AMZN,AMZN251121C00270000,call,False,270.0,0.01,0.03,0.02,232.8699951171875,0.5390671093750001,0.0370259995532744,0.0,1777.0,17737,2025-11-17 20:59:58+00:00,0.0005555555555555556,0.02,0.00821917808219178
2025-11-17 21:00:00+00:00,2025-11-21 00:00:00+00:00,AMZN,AMZN251121C00272500,call,False,272.5,0.02,0.03,0.02,232.8699951171875,0.585941640625,0.0370259995532744,0.0,230.0,1859,2025-11-17 19:58:16+00:00,1.028888888888889,0.025,0.00821917808219178
2025-11-17 21:00:00+00:00,2025-11-21 00:00:00+00:00,AMZN,AMZN251121C00275000,call,False,275.0,0.01,0.06,0.03,232.8699951171875,0.6367223828125,0.0370259995532744,0.0,406.0,10141,2025-11-17 20:35:47+00:00,0.4036111111111111,0.034999999999999996,0.00821917808219178
2025-11-17 21:00:00+00:00,2025-11-21 00:00:00+00:00,AMZN,AMZN251121C00277500,call,False,277.5,0.01,0.08,0.02,232.8699951171875,0.6875031250000001,0.0370259995532744,0.0,17.0,523,2025-11-17 20:32:36+00:00,0.45666666666666667,0.045,0.00821917808219178
2025-11-17 21:00:00+00:00,2025-11-21 00:00:00+00:00,AMZN,AMZN251121C00280000,call,False,280.0,0.01,0.02,0.02,232.8699951171875,0.64062859375,0.0370259995532744,0.0,2450.0,12206,2025-11-17 20:59:02+00:00,0.01611111111111111,0.015,0.00821917808219178
2025-11-17 21:00:00+00:00,2025-11-21 00:00:00+00:00,AMZN,AMZN251121C00282500,call,False,282.5,0.0,0.01,0.01,232.8699951171875,0.5937540625000001,0.0370259995532744,0.0,64.0,1114,2025-11-17 20:59:33+00:00,0.0075,0.005,0.00821917808219178
2025-11-17 21:00:00+00:00,2025-11-21 00:00:00+00:00,AMZN,AMZN251121C00285000,call,False,285.0,0.0,0.01,0.01,232.8699951171875,0.6250037500000001,0.0370259995532744,0.0,68.0,6355,2025-11-17 20:07:04+00:00,0.8822222222222222,0.005,0.00821917808219178
2025-11-17 21:00:00+00:00,2025-11-21 00:00:00+00:00,AMZN,AMZN251121C00287500,call,False,287.5,0.0,0.01,0.01,232.8699951171875,0.6562534375000001,0.0370259995532744,0.0,22.0,1659,2025-11-17 17:23:13+00:00,3.6130555555555555,0.005,0.00821917808219178
2025-11-17 21:00:00+00:00,2025-11-21 00:00:00+00:00,AMZN,AMZN251121C00290000,call,False,290.0,0.0,0.02,0.01,232.8699951171875,0.7187528125,0.0370259995532744,0.0,95.0,9256,2025-11-17 18:09:35+00:00,2.8402777777777777,0.01,0.00821917808219178
2025-11-17 21:00:00+00:00,2025-11-21 00:00:00+00:00,AMZN,AMZN251121C00292500,call,False,292.5,0.0,0.01,0.06,232.8699951171875,0.70312796875,0.0370259995532744,0.0,3.0,211,2025-11-17 19:28:23+00:00,1.5269444444444444,0.005,0.00821917808219178
2025-11-17 21:00:00+00:00,2025-11-21 00:00:00+00:00,AMZN,AMZN251121C00295000,call,False,295.0,0.0,0.01,0.02,232.8699951171875,0.7187528125,0.0370259995532744,0.0,102.0,7295,2025-11-14 17:28:45+00:00,75.52083333333333,0.005,0.00821917808219178
2025-11-17 21:00:00+00:00,2025-11-21 00:00:00+00:00,AMZN,AMZN251121C00297500,call,False,297.5,0.0,0.07,0.01,232.8699951171875,0.8984385156249999,0.0370259995532744,0.0,1.0,556,2025-11-14 14:30:01+00:00,78.49972222222222,0.035,0.00821917808219178
2025-11-17 21:00:00+00:00,2025-11-21 00:00:00+00:00,AMZN,AMZN251121C00300000,call,False,300.0,0.0,0.01,0.01,232.8699951171875,0.7812521875,0.0370259995532744,0.0,37.0,52052,2025-11-17 20:18:37+00:00,0.6897222222222222,0.005,0.00821917808219178
2025-11-17 21:00:00+00:00,2025-11-21 00:00:00+00:00,AMZN,AMZN251121C00305000,call,False,305.0,0.0,0.03,0.01,232.8699951171875,0.8984385156249999,0.0370259995532744,0.0,12.0,1478,2025-11-17 19:52:48+00:00,1.12,0.015,0.00821917808219178
2025-11-17 21:00:00+00:00,2025-11-21 00:00:00+00:00,AMZN,AMZN251121C00310000,call,False,310.0,0.0,0.02,0.01,232.8699951171875,0.9062509375,0.0370259995532744,0.0,13.0,1061,2025-11-17 17:10:38+00:00,3.8227777777777776,0.01,0.00821917808219178
2025-11-17 21:00:00+00:00,2025-11-21 00:00:00+00:00,AMZN,AMZN251121C00315000,call,False,315.0,0.0,0.05,0.05,232.8699951171875,1.0390673046875003,0.0370259995532744,0.0,11.0,1081,2025-11-17 18:19:49+00:00,2.669722222222222,0.025,0.00821917808219178
2025-11-17 21:00:00+00:00,2025-11-21 00:00:00+00:00,AMZN,AMZN251121C00320000,call,False,320.0,0.0,0.01,0.01,232.8699951171875,0.937500625,0.0370259995532744,0.0,6.0,2017,2025-11-17 18:19:49+00:00,2.669722222222222,0.005,0.00821917808219178
2025-11-17 21:00:00+00:00,2025-11-21 00:00:00+00:00,AMZN,AMZN251121C00325000,call,False,325.0,0.0,0.01,0.01,232.8699951171875,0.98437515625,0.0370259995532744,0.0,500.0,1131,2025-11-07 20:12:50+00:00,240.7861111111111,0.005,0.00821917808219178
2025-11-17 21:00:00+00:00,2025-11-21 00:00:00+00:00,AMZN,AMZN251121C00330000,call,False,330.0,0.0,0.01,0.01,232.8699951171875,1.0312548437500002,0.0370259995532744,0.0,4.0,1081,2025-11-14 15:50:13+00:00,77.16305555555556,0.005,0.00821917808219178
2025-11-17 21:00:00+00:00,2025-11-21 00:00:00+00:00,AMZN,AMZN251121C00335000,call,False,335.0,0.0,0.01,0.01,232.8699951171875,1.0625046875000002,0.0370259995532744,0.0,511.0,2706,2025-11-06 20:53:31+00:00,264.10805555555555,0.005,0.00821917808219178
2025-11-17 21:00:00+00:00,2025-11-21 00:00:00+00:00,AMZN,AMZN251121C00340000,call,False,340.0,0.0,0.01,0.01,232.8699951171875,1.125004375,0.0370259995532744,0.0,1.0,902,2025-11-04 20:38:25+00:00,312.3597222222222,0.005,0.00821917808219178
2025-11-17 21:00:00+00:00,2025-11-21 00:00:00+00:00,AMZN,AMZN251121C00345000,call,False,345.0,0.0,0.01,0.01,232.8699951171875,1.15625421875,0.0370259995532744,0.0,1.0,1,2025-11-17 14:30:01+00:00,6.499722222222222,0.005,0.00821917808219178
2025-11-17 21:00:00+00:00,2025-11-21 00:00:00+00:00,AMZN,AMZN251121C00350000,call,False,350.0,0.0,0.01,0.01,232.8699951171875,1.1875040625,0.0370259995532744,0.0,12.0,514,2025-11-17 14:40:32+00:00,6.3244444444444445,0.005,0.00821917808219178
2025-11-17 21:00:00+00:00,2025-11-21 00:00:00+00:00,AMZN,AMZN251121P00085000,put,False,85.0,0.0,0.01,0.02,232.8699951171875,2.8750028125,0.0370259995532744,0.0,1.0,963,2025-10-30 13:56:23+00:00,439.0602777777778,0.005,0.00821917808219178
2025-11-17 21:00:00+00:00,2025-11-21 00:00:00+00:00,AMZN,AMZN251121P00090000,put,False,90.0,0.0,0.01,0.01,232.8699951171875,2.750003125,0.0370259995532744,0.0,90.0,549,2025-11-13 18:49:13+00:00,98.17972222222222,0.005,0.00821917808219178
2025-11-17 21:00:00+00:00,2025-11-21 00:00:00+00:00,AMZN,AMZN251121P00095000,put,False,95.0,0.0,0.01,0.01,232.8699951171875,2.6250034375,0.0370259995532744,0.0,1.0,53,2025-11-07 14:30:09+00:00,246.4975,0.005,0.00821917808219178
2025-11-17 21:00:00+00:00,2025-11-21 00:00:00+00:00,AMZN,AMZN251121P00100000,put,False,100.0,0.0,0.01,0.01,232.8699951171875,2.43750390625,0.0370259995532744,0.0,5.0,221,2025-11-03 15:22:15+00:00,341.62916666666666,0.005,0.00821917808219178
2025-11-17 21:00:00+00:00,2025-11-21 00:00:00+00:00,AMZN,AMZN251121P00105000,put,False,105.0,0.0,0.01,0.01,232.8699951171875,2.3125042187499996,0.0370259995532744,0.0,8.0,1900,2025-11-13 14:43:26+00:00,102.2761111111111,0.005,0.00821917808219178
2025-11-17 21:00:00+00:00,2025-11-21 00:00:00+00:00,AMZN,AMZN251121P00110000,put,False,110.0,0.0,0.01,0.01,232.8699951171875,2.1875045312499997,0.0370259995532744,0.0,6.0,941,2025-11-17 14:58:50+00:00,6.019444444444445,0.005,0.00821917808219178
2025-11-17 21:00:00+00:00,2025-11-21 00:00:00+00:00,AMZN,AMZN251121P00115000,put,False,115.0,0.0,0.01,0.01,232.8699951171875,2.0625048437499998,0.0370259995532744,0.0,1.0,351,2025-11-13 18:12:43+00:00,98.78805555555556,0.005,0.00821917808219178
2025-11-17 21:00:00+00:00,2025-11-21 00:00:00+00:00,AMZN,AMZN251121P00120000,put,False,120.0,0.0,0.01,0.01,232.8699951171875,1.9375003125,0.0370259995532744,0.0,10.0,381,2025-11-13 17:05:10+00:00,99.91388888888889,0.005,0.00821917808219178
2025-11-17 21:00:00+00:00,2025-11-21 00:00:00+00:00,AMZN,AMZN251121P00125000,put,False,125.0,0.0,0.01,0.01,232.8699951171875,1.8125009374999999,0.0370259995532744,0.0,7.0,1205,2025-11-14 20:45:40+00:00,72.2388888888889,0.005,0.00821917808219178
2025-11-17 21:00:00+00:00,2025-11-21 00:00:00+00:00,AMZN,AMZN251121P00130000,put,False,130.0,0.0,0.01,0.01,232.8699951171875,1.71875140625,0.0370259995532744,0.0,4.0,1056,2025-11-14 14:38:43+00:00,78.35472222222222,0.005,0.00821917808219178
2025-11-17 21:00:00+00:00,2025-11-21 00:00:00+00:00,AMZN,AMZN251121P00135000,put,False,135.0,0.0,0.01,0.01,232.8699951171875,1.625001875,0.0370259995532744,0.0,39.0,2227,2025-11-11 15:31:56+00:00,149.46777777777777,0.005,0.00821917808219178
2025-11-17 21:00:00+00:00,2025-11-21 00:00:00+00:00,AMZN,AMZN251121P00140000,put,False,140.0,0.0,0.01,0.01,232.8699951171875,1.5000025,0.0370259995532744,0.0,1.0,5665,2025-11-14 18:05:09+00:00,74.91416666666667,0.005,0.00821917808219178
2025-11-17 21:00:00+00:00,2025-11-21 00:00:00+00:00,AMZN,AMZN251121P00145000,put,False,145.0,0.0,0.01,0.01,232.8699951171875,1.40625296875,0.0370259995532744,0.0,3.0,831,2025-11-13 17:21:52+00:00,99.63555555555556,0.005,0.00821917808219178
2025-11-17 21:00:00+00:00,2025-11-21 00:00:00+00:00,AMZN,AMZN251121P00150000,put,False,150.0,0.0,0.01,0.01,232.8699951171875,1.3125034374999998,0.0370259995532744,0.0,24.0,9655,2025-11-17 15:33:00+00:00,5.45,0.005,0.00821917808219178
2025-11-17 21:00:00+00:00,2025-11-21 00:00:00+00:00,AMZN,AMZN251121P00155000,put,False,155.0,0.0,0.01,0.01,232.8699951171875,1.21875390625,0.0370259995532744,0.0,381.0,7609,2025-11-14 16:08:34+00:00,76.85722222222222,0.005,0.00821917808219178
2025-11-17 21:00:00+00:00,2025-11-21 00:00:00+00:00,AMZN,AMZN251121P00160000,put,False,160.0,0.0,0.01,0.01,232.8699951171875,1.125004375,0.0370259995532744,0.0,180.0,4726,2025-11-17 20:04:45+00:00,0.9208333333333333,0.005,0.00821917808219178
2025-11-17 21:00:00+00:00,2025-11-21 00:00:00+00:00,AMZN,AMZN251121P00165000,put,False,165.0,0.0,0.01,0.01,232.8699951171875,1.0625046875000002,0.0370259995532744,0.0,68.0,1172,2025-11-17 19:16:47+00:00,1.7202777777777778,0.005,0.00821917808219178
2025-11-17 21:00:00+00:00,2025-11-21 00:00:00+00:00,AMZN,AMZN251121P00170000,put,False,170.0,0.0,0.01,0.01,232.8699951171875,0.9687503125,0.0370259995532744,0.0,37.0,5056,2025-11-17 20:20:14+00:00,0.6627777777777778,0.005,0.00821917808219178
2025-11-17 21:00:00+00:00,2025-11-21 00:00:00+00:00,AMZN,AMZN251121P00175000,put,False,175.0,0.01,0.02,0.02,232.8699951171875,0.9687503125,0.0370259995532744,0.0,476.0,9013,2025-11-17 20:34:17+00:00,0.4286111111111111,0.015,0.00821917808219178
2025-11-17 21:00:00+00:00,2025-11-21 00:00:00+00:00,AMZN,AMZN251121P00180000,put,False,180.0,0.01,0.03,0.02,232.8699951171875,0.9062509375,0.0370259995532744,0.0,364.0,7682,2025-11-17 20:26:49+00:00,0.5530555555555555,0.02,0.00821917808219178
2025-11-17 21:00:00+00:00,2025-11-21 00:00:00+00:00,AMZN,AMZN251121P00185000,put,False,185.0,0.02,0.04,0.03,232.8699951171875,0.8554701953125,0.0370259995532744,0.0,446.0,10793,2025-11-17 20:49:36+00:00,0.17333333333333334,0.03,0.00821917808219178
2025-11-17 21:00:00+00:00,2025-11-21 00:00:00+00:00,AMZN,AMZN251121P00190000,put,False,190.0,0.03,0.04,0.05,232.8699951171875,0.7812521875,0.0370259995532744,0.0,1379.0,18221,2025-11-17 20:50:38+00:00,0.15611111111111112,0.035,0.00821917808219178
2025-11-17 21:00:00+00:00,2025-11-21 00:00:00+00:00,AMZN,AMZN251121P00192500,put,False,192.5,0.03,0.05,0.05,232.8699951171875,0.7460962890625,0.0370259995532744,0.0,79.0,2042,2025-11-17 20:36:13+00:00,0.3963888888888889,0.04,0.00821917808219178
2025-11-17 21:00:00+00:00,2025-11-21 00:00:00+00:00,AMZN,AMZN251121P00195000,put,False,195.0,0.05,0.06,0.05,232.8699951171875,0.72851833984375,0.0370259995532744,0.0,1222.0,7045,2025-11-17 20:29:21+00:00,0.5108333333333334,0.055,0.00821917808219178
2025-11-17 21:00:00+00:00,2025-11-21 00:00:00+00:00,AMZN,AMZN251121P00197500,put,False,197.5,0.06,0.07,0.08,232.8699951171875,0.6972686523437501,0.0370259995532744,0.0,1007.0,1623,2025-11-17 20:39:08+00:00,0.3477777777777778,0.065,0.00821917808219178
2025-11-17 21:00:00+00:00,2025-11-21 00:00:00+00:00,AMZN,AMZN251121P00200000,put,False,200.0,0.07,0.08,0.09,232.8699951171875,0.6640658593750002,0.0370259995532744,0.0,2071.0,17911,2025-11-17 20:31:52+00:00,0.4688888888888889,0.07500000000000001,0.00821917808219178
2025-11-17 21:00:00+00:00,2025-11-21 00:00:00+00:00,AMZN,AMZN251121P00202500,put,False,202.5,0.09,0.1,0.11,232.8699951171875,0.6367223828125,0.0370259995532744,0.0,811.0,1723,2025-11-17 20:09:42+00:00,0.8383333333333334,0.095,0.00821917808219178
2025-11-17 21:00:00+00:00,2025-11-21 00:00:00+00:00,AMZN,AMZN251121P00205000,put,False,205.0,0.12,0.13,0.15,232.8699951171875,0.614261669921875,0.0370259995532744,0.0,1761.0,13914,2025-11-17 20:40:04+00:00,0.3322222222222222,0.125,0.00821917808219178
2025-11-17 21:00:00+00:00,2025-11-21 00:00:00+00:00,AMZN,AMZN251121P00207500,put,False,207.5,0.15,0.17,0.16,232.8699951171875,0.58789474609375,0.0370259995532744,0.0,576.0,2612,2025-11-17 20:58:03+00:00,0.0325,0.16,0.00821917808219178
2025-11-17 21:00:00+00:00,2025-11-21 00:00:00+00:00,AMZN,AMZN251121P00210000,put,False,210.0,0.2,0.22,0.21,232.8699951171875,0.5634809277343751,0.0370259995532744,0.0,3268.0,13917,2025-11-17 20:59:32+00:00,0.0077777777777777776,0.21000000000000002,0.00821917808219178
2025-11-17 21:00:00+00:00,2025-11-21 00:00:00+00:00,AMZN,AMZN251121P00212500,put,False,212.5,0.27,0.29,0.3,232.8699951171875,0.5400436621093752,0.0370259995532744,0.0,4134.0,5086,2025-11-17 20:54:41+00:00,0.08861111111111111,0.28,0.00821917808219178
2025-11-17 21:00:00+00:00,2025-11-21 00:00:00+00:00,AMZN,AMZN251121P00215000,put,False,215.0,0.37,0.4,0.4,232.8699951171875,0.5200243310546875,0.0370259995532744,0.0,8563.0,17026,2025-11-17 20:58:51+00:00,0.019166666666666665,0.385,0.00821917808219178
2025-11-17 21:00:00+00:00,2025-11-21 00:00:00+00:00,AMZN,AMZN251121P00217500,put,False,217.5,0.52,0.55,0.54,232.8699951171875,0.5009815527343751,0.0370259995532744,0.0,5701.0,1849,2025-11-17 20:58:07+00:00,0.03138888888888889,0.535,0.00821917808219178
2025-11-17 21:00:00+00:00,2025-11-21 00:00:00+00:00,AMZN,AMZN251121P00220000,put,False,220.0,0.73,0.76,0.73,232.8699951171875,0.485356708984375,0.0370259995532744,0.0,17758.0,26678,2025-11-17 20:59:47+00:00,0.003611111111111111,0.745,0.00821917808219178
2025-11-17 21:00:00+00:00,2025-11-21 00:00:00+00:00,AMZN,AMZN251121P00222500,put,False,222.5,1.02,1.05,1.03,232.8699951171875,0.46631393066406257,0.0370259995532744,0.0,4512.0,3042,2025-11-17 20:59:57+00:00,0.0008333333333333334,1.0350000000000001,0.00821917808219178
2025-11-17 21:00:00+00:00,2025-11-21 00:00:00+00:00,AMZN,AMZN251121P00225000,put,False,225.0,1.41,1.46,1.5,232.8699951171875,0.44946839599609373,0.0370259995532744,0.0,18412.0,11702,2025-11-17 20:59:11+00:00,0.01361111111111111,1.435,0.00821917808219178
2025-11-17 21:00:00+00:00,2025-11-21 00:00:00+00:00,AMZN,AMZN251121P00227500,put,False,227.5,1.96,2.01,2.0,232.8699951171875,0.4321345849609375,0.0370259995532744,0.0,12658.0,4125,2025-11-17 20:59:04+00:00,0.015555555555555555,1.9849999999999999,0.00821917808219178
2025-11-17 21:00:00+00:00,2025-11-21 00:00:00+00:00,AMZN,AMZN251121P00230000,put,False,230.0,2.7,2.76,2.74,232.8699951171875,0.41736422485351554,0.0370259995532744,0.0,27371.0,17724,2025-11-17 20:59:09+00:00,0.014166666666666666,2.73,0.00821917808219178
2025-11-17 21:00:00+00:00,2025-11-21 00:00:00+00:00,AMZN,AMZN251121P00232500,put,False,232.5,3.6,3.75,3.76,232.8699951171875,0.40479110839843746,0.0370259995532744,0.0,9712.0,4976,2025-11-17 20:59:40+00:00,0.005555555555555556,3.675,0.00821917808219178
2025-11-17 21:00:00+00:00,2025-11-21 00:00:00+00:00,AMZN,AMZN251121P00235000,put,True,235.0,4.85,5.05,4.95,232.8699951171875,0.398443515625,0.0370259995532744,0.0,3198.0,9755,2025-11-17 20:59:48+00:00,0.0033333333333333335,4.949999999999999,0.00821917808219178
2025-11-17 21:00:00+00:00,2025-11-21 00:00:00+00:00,AMZN,AMZN251121P00237500,put,True,237.5,6.3,6.55,6.71,232.8699951171875,0.38623660644531244,0.0370259995532744,0.0,1337.0,4514,2025-11-17 20:51:48+00:00,0.13666666666666666,6.425,0.00821917808219178
2025-11-17 21:00:00+00:00,2025-11-21 00:00:00+00:00,AMZN,AMZN251121P00240000,put,True,240.0,8.1,8.35,8.34,232.8699951171875,0.3806214282226562,0.0370259995532744,0.0,1354.0,8146,2025-11-17 20:59:09+00:00,0.014166666666666666,8.225,0.00821917808219178
2025-11-17 21:00:00+00:00,2025-11-21 00:00:00+00:00,AMZN,AMZN251121P00242500,put,True,242.5,10.05,10.55,10.53,232.8699951171875,0.4062559375,0.0370259995532744,0.0,358.0,2388,2025-11-17 20:47:59+00:00,0.20027777777777778,10.3,0.00821917808219178
2025-11-17 21:00:00+00:00,2025-11-21 00:00:00+00:00,AMZN,AMZN251121P00245000,put,True,245.0,12.25,12.75,12.53,232.8699951171875,0.415044912109375,0.0370259995532744,0.0,464.0,9155,2025-11-17 20:36:21+00:00,0.39416666666666667,12.5,0.00821917808219178
2025-11-17 21:00:00+00:00,2025-11-21 00:00:00+00:00,AMZN,AMZN251121P00247500,put,True,247.5,14.65,15.25,14.93,232.8699951171875,0.471684970703125,0.0370259995532744,0.0,394.0,2052,2025-11-17 20:45:52+00:00,0.23555555555555555,14.95,0.00821917808219178
2025-11-17 21:00:00+00:00,2025-11-21 00:00:00+00:00,AMZN,AMZN251121P00250000,put,True,250.0,16.8,17.55,17.8,232.8699951171875,0.476567734375,0.0370259995532744,0.0,374.0,10368,2025-11-17 20:51:09+00:00,0.1475,17.175,0.00821917808219178
2025-11-17 21:00:00+00:00,2025-11-21 00:00:00+00:00,AMZN,AMZN251121P00252500,put,True,252.5,19.15,19.8,20.05,232.8699951171875,0.436529072265625,0.0370259995532744,0.0,282.0,1024,2025-11-17 20:53:00+00:00,0.11666666666666667,19.475,0.00821917808219178
2025-11-17 21:00:00+00:00,2025-11-21 00:00:00+00:00,AMZN,AMZN251121P00255000,put,True,255.0,21.9,22.75,22.84,232.8699951171875,0.629886513671875,0.0370259995532744,0.0,25.0,2610,2025-11-17 18:42:38+00:00,2.2894444444444444,22.325,0.00821917808219178
2025-11-17 21:00:00+00:00,2025-11-21 00:00:00+00:00,AMZN,AMZN251121P00257500,put,True,257.5,24.05,25.2,25.42,232.8699951171875,0.6660189648437502,0.0370259995532744,0.0,85.0,870,2025-11-17 18:39:17+00:00,2.3452777777777776,24.625,0.00821917808219178
2025-11-17 21:00:00+00:00,2025-11-21 00:00:00+00:00,AMZN,AMZN251121P00260000,put,True,260.0,26.0,28.25,27.25,232.8699951171875,0.8471694970703124,0.0370259995532744,0.0,16.0,492,2025-11-17 20:55:19+00:00,0.07805555555555556,27.125,0.00821917808219178
2025-11-17 21:00:00+00:00,2025-11-21 00:00:00+00:00,AMZN,AMZN251121P00262500,put,True,262.5,28.55,30.4,30.27,232.8699951171875,0.8159198095703124,0.0370259995532744,0.0,6.0,41,2025-11-14 15:53:05+00:00,77.11527777777778,29.475,0.00821917808219178
2025-11-17 21:00:00+00:00,2025-11-21 00:00:00+00:00,AMZN,AMZN251121P00265000,put,True,265.0,31.15,33.2,26.72,232.8699951171875,0.5273484765625001,0.0370259995532744,0.0,43.0,6,2025-11-13 18:39:02+00:00,98.34944444444444,32.175,0.00821917808219178
2025-11-17 21:00:00+00:00,2025-11-21 00:00:00+00:00,AMZN,AMZN251121P00267500,put,True,267.5,33.6,36.1,36.8,232.8699951171875,0.708010732421875,0.0370259995532744,0.0,2.0,0,2025-11-13 16:59:33+00:00,100.0075,34.85,0.00821917808219178
2025-11-17 21:00:00+00:00,2025-11-21 00:00:00+00:00,AMZN,AMZN251121P00270000,put,True,270.0,36.0,38.5,36.55,232.8699951171875,0.6777375976562501,0.0370259995532744,0.0,29.0,20,2025-11-17 17:32:23+00:00,3.460277777777778,37.25,0.00821917808219178
2025-11-17 21:00:00+00:00,2025-11-21 00:00:00+00:00,AMZN,AMZN251121P00272500,put,True,272.5,38.65,41.1,36.6,232.8699951171875,0.79883013671875,0.0370259995532744,0.0,37.0,9,2025-11-14 20:10:53+00:00,72.81861111111111,39.875,0.00821917808219178
2025-11-17 21:00:00+00:00,2025-11-21 00:00:00+00:00,AMZN,AMZN251121P00275000,put,True,275.0,42.0,43.6,42.55,232.8699951171875,1.0127002490234376,0.0370259995532744,0.0,3.0,2,2025-11-14 14:57:12+00:00,78.04666666666667,42.8,0.00821917808219178
2025-11-17 21:00:00+00:00,2025-11-21 00:00:00+00:00,AMZN,AMZN251121P00277500,put,True,277.5,43.55,46.1,41.95,232.8699951171875,0.84179845703125,0.0370259995532744,0.0,48.0,1,2025-11-14 20:12:06+00:00,72.79833333333333,44.825,0.00821917808219178
2025-11-17 21:00:00+00:00,2025-11-21 00:00:00+00:00,AMZN,AMZN251121P00280000,put,True,280.0,46.05,48.25,48.85,232.8699951171875,0.6562534375000001,0.0370259995532744,0.0,1.0,0,2025-11-13 20:14:35+00:00,96.75694444444444,47.15,0.00821917808219178
2025-11-17 21:00:00+00:00,2025-11-21 00:00:00+00:00,AMZN,AMZN251121P00282500,put,True,282.5,48.55,51.1,38.7,232.8699951171875,0.91211025390625,0.0370259995532744,0.0,,0,2025-11-06 20:20:07+00:00,264.6647222222222,49.825,0.00821917808219178
2025-11-17 21:00:00+00:00,2025-11-21 00:00:00+00:00,AMZN,AMZN251121P00285000,put,True,285.0,51.0,53.6,53.85,232.8699951171875,0.92773509765625,0.0370259995532744,0.0,4.0,0,2025-11-17 15:47:08+00:00,5.214444444444444,52.3,0.00821917808219178
2025-11-17 21:00:00+00:00,2025-11-21 00:00:00+00:00,AMZN,AMZN251121P00287500,put,True,287.5,53.6,56.1,55.0,232.8699951171875,0.999023447265625,0.0370259995532744,0.0,2.0,0,2025-11-10 14:56:55+00:00,174.05138888888888,54.85,0.00821917808219178
2025-11-17 21:00:00+00:00,2025-11-21 00:00:00+00:00,AMZN,AMZN251121P00290000,put,True,290.0,56.15,58.25,44.75,232.8699951171875,0.8828136718749999,0.0370259995532744,0.0,1.0,0,2025-11-06 15:42:36+00:00,269.29,57.2,0.00821917808219178
2025-11-17 21:00:00+00:00,2025-11-21 00:00:00+00:00,AMZN,AMZN251121P00292500,put,True,292.5,58.55,60.7,52.7,232.8699951171875,1.4257841210937499,0.0370259995532744,0.0,2.0,0,2025-11-13 17:15:32+00:00,99.74111111111111,59.625,0.00821917808219178
2025-11-17 21:00:00+00:00,2025-11-21 00:00:00+00:00,AMZN,AMZN251121P00295000,put,True,295.0,61.05,63.25,45.3,232.8699951171875,0.8203142968749999,0.0370259995532744,0.0,2.0,0,2025-11-04 20:39:29+00:00,312.34194444444444,62.15,0.00821917808219178
2025-11-17 21:00:00+00:00,2025-11-21 00:00:00+00:00,AMZN,AMZN251121P00300000,put,True,300.0,66.05,68.25,54.0,232.8699951171875,0.87500125,0.0370259995532744,0.0,2.0,0,2025-11-10 16:05:12+00:00,172.91333333333333,67.15,0.00821917808219178
2025-11-17 21:00:00+00:00,2025-11-21 00:00:00+00:00,AMZN,AMZN251121P00305000,put,True,305.0,71.05,73.65,48.19,232.8699951171875,1.2265663671875,0.0370259995532744,0.0,1.0,0,2025-11-03 14:33:34+00:00,342.44055555555553,72.35,0.00821917808219178
2025-11-17 21:00:00+00:00,2025-11-21 00:00:00+00:00,AMZN,AMZN251121P00310000,put,True,310.0,75.95,78.55,63.71,232.8699951171875,1.185550947265625,0.0370259995532744,0.0,50.0,0,2025-10-31 15:19:26+00:00,413.6761111111111,77.25,0.00821917808219178
2025-11-17 21:00:00+00:00,2025-11-21 00:00:00+00:00,AMZN,AMZN251121P00320000,put,True,320.0,86.2,88.55,92.32,232.8699951171875,1.4277372363281249,0.0370259995532744,0.0,42.0,0,2025-10-27 18:11:40+00:00,506.80555555555554,87.375,0.00821917808219178
2025-11-17 21:00:00+00:00,2025-11-21 00:00:00+00:00,AMZN,AMZN251121P00325000,put,True,325.0,91.2,93.65,97.7,232.8699951171875,1.5273461132812498,0.0370259995532744,0.0,1.0,0,2025-10-30 14:12:32+00:00,438.7911111111111,92.42500000000001,0.00821917808219178
2025-11-17 21:00:00+00:00,2025-11-21 00:00:00+00:00,AMZN,AMZN251121P00330000,put,True,330.0,96.1,98.55,73.91,232.8699951171875,1.4941431542968748,0.0370259995532744,0.0,6.0,0,2025-11-03 16:18:05+00:00,340.6986111111111,97.32499999999999,0.00821917808219178
2025-11-17 21:00:00+00:00,2025-11-21 00:00:00+00:00,AMZN,AMZN251121P00335000,put,True,335.0,101.2,103.65,88.68,232.8699951171875,1.640626796875,0.0370259995532744,0.0,3.0,1,2025-10-31 19:51:37+00:00,409.13972222222225,102.42500000000001,0.00821917808219178
2025-11-17 21:00:00+00:00,2025-11-21 00:00:00+00:00,AMZN,AMZN251121P00340000,put,True,340.0,106.0,108.55,109.7,232.8699951171875,1.54297103515625,0.0370259995532744,0.0,2.0,0,2025-11-04 14:37:18+00:00,318.37833333333333,107.275,0.00821917808219178
2025-11-17 21:00:00+00:00,2025-11-21 00:00:00+00:00,AMZN,AMZN251121P00345000,put,True,345.0,111.2,113.65,111.72,232.8699951171875,1.75000125,0.0370259995532744,0.0,1.0,0,2025-11-14 20:48:36+00:00,72.19,112.42500000000001,0.00821917808219178
2025-11-17 21:00:00+00:00,2025-11-21 00:00:00+00:00,AMZN,AMZN251121P00350000,put,True,350.0,116.6,117.8,118.4,232.8699951171875,1.5078149609375,0.0370259995532744,0.0,1.0,1,2025-11-17 15:29:45+00:00,5.504166666666666,117.19999999999999,0.00821917808219178
2025-11-17 21:00:00+00:00,2025-11-28 00:00:00+00:00,AMZN,AMZN251128C00120000,call,True,120.0,111.4,114.6,112.85,232.8699951171875,1.5976582617187498,0.0370259995532744,0.0,1.0,12,2025-11-17 18:18:47+00:00,2.6869444444444444,113.0,0.0273972602739726
2025-11-17 21:00:00+00:00,2025-11-28 00:00:00+00:00,AMZN,AMZN251128C00125000,call,True,125.0,106.85,109.25,106.34,232.8699951171875,1.572267763671875,0.0370259995532744,0.0,1.0,2,2025-11-03 17:47:35+00:00,339.20694444444445,108.05,0.0273972602739726
2025-11-17 21:00:00+00:00,2025-11-28 00:00:00+00:00,AMZN,AMZN251128C00130000,call,True,130.0,101.4,104.9,118.52,232.8699951171875,1.5751974365234374,0.0370259995532744,0.0,5.0,5,2025-11-12 14:50:58+00:00,126.15055555555556,103.15,0.0273972602739726
2025-11-17 21:00:00+00:00,2025-11-28 00:00:00+00:00,AMZN,AMZN251128C00135000,call,True,135.0,96.4,99.55,102.63,232.8699951171875,1.3007847460937496,0.0370259995532744,0.0,7.0,7,2025-11-14 15:39:09+00:00,77.3475,97.975,0.0273972602739726
2025-11-17 21:00:00+00:00,2025-11-28 00:00:00+00:00,AMZN,AMZN251128C00140000,call,True,140.0,92.0,94.25,109.93,232.8699951171875,1.3750031249999999,0.0370259995532744,0.0,,13,2025-11-05 19:13:51+00:00,289.76916666666665,93.125,0.0273972602739726
2025-11-17 21:00:00+00:00,2025-11-28 00:00:00+00:00,AMZN,AMZN251128C00145000,call,True,145.0,87.05,89.25,87.05,232.8699951171875,1.3085972070312497,0.0370259995532744,0.0,2.0,1,2025-11-03 17:47:35+00:00,339.20694444444445,88.15,0.0273972602739726
2025-11-17 21:00:00+00:00,2025-11-28 00:00:00+00:00,AMZN,AMZN251128C00150000,call,True,150.0,82.1,85.05,97.6,232.8699951171875,1.429202072753906,0.0370259995532744,0.0,2.0,30,2025-11-06 15:08:04+00:00,269.86555555555555,83.57499999999999,0.0273972602739726
2025-11-17 21:00:00+00:00,2025-11-28 00:00:00+00:00,AMZN,AMZN251128C00155000,call,True,155.0,77.1,79.65,75.6,232.8699951171875,1.259769326171875,0.0370259995532744,0.0,2.0,5,2025-10-29 18:02:48+00:00,458.9533333333333,78.375,0.0273972602739726
2025-11-17 21:00:00+00:00,2025-11-28 00:00:00+00:00,AMZN,AMZN251128C00160000,call,True,160.0,72.1,74.3,89.75,232.8699951171875,1.09375453125,0.0370259995532744,0.0,1.0,8,2025-11-10 15:08:05+00:00,173.86527777777778,73.19999999999999,0.0273972602739726
2025-11-17 21:00:00+00:00,2025-11-28 00:00:00+00:00,AMZN,AMZN251128C00165000,call,True,165.0,67.1,69.35,68.3,232.8699951171875,1.0273486132812502,0.0370259995532744,0.0,2.0,18,2025-11-17 16:14:47+00:00,4.753611111111111,68.225,0.0273972602739726
2025-11-17 21:00:00+00:00,2025-11-28 00:00:00+00:00,AMZN,AMZN251128C00170000,call,True,170.0,62.15,64.35,63.23,232.8699951171875,0.9609378906249999,0.0370259995532744,0.0,1.0,28,2025-11-17 17:06:56+00:00,3.8844444444444446,63.25,0.0273972602739726
2025-11-17 21:00:00+00:00,2025-11-28 00:00:00+00:00,AMZN,AMZN251128C00175000,call,True,175.0,57.15,59.35,58.7,232.8699951171875,0.88476677734375,0.0370259995532744,0.0,2.0,18,2025-11-17 17:26:58+00:00,3.5505555555555555,58.25,0.0273972602739726
2025-11-17 21:00:00+00:00,2025-11-28 00:00:00+00:00,AMZN,AMZN251128C00180000,call,True,180.0,52.2,54.8,51.67,232.8699951171875,0.8911143701171874,0.0370259995532744,0.0,1.0,82,2025-11-17 19:29:43+00:00,1.5047222222222223,53.5,0.0273972602739726
2025-11-17 21:00:00+00:00,2025-11-28 00:00:00+00:00,AMZN,AMZN251128C00185000,call,True,185.0,47.25,49.85,48.45,232.8699951171875,0.8251970605468748,0.0370259995532744,0.0,1.0,4,2025-11-14 18:59:40+00:00,74.00555555555556,48.55,0.0273972602739726
2025-11-17 21:00:00+00:00,2025-11-28 00:00:00+00:00,AMZN,AMZN251128C00190000,call,True,190.0,42.3,44.75,45.2,232.8699951171875,0.7407252490234374,0.0370259995532744,0.0,2.0,85,2025-11-14 14:49:51+00:00,78.16916666666667,43.525,0.0273972602739726
2025-11-17 21:00:00+00:00,2025-11-28 00:00:00+00:00,AMZN,AMZN251128C00195000,call,True,195.0,37.35,39.55,35.7,232.8699951171875,0.64648791015625,0.0370259995532744,0.0,6.0,74,2025-11-17 14:33:25+00:00,6.4430555555555555,38.45,0.0273972602739726
2025-11-17 21:00:00+00:00,2025-11-28 00:00:00+00:00,AMZN,AMZN251128C00200000,call,True,200.0,32.6,34.0,31.94,232.8699951171875,0.5361374511718751,0.0370259995532744,0.0,45.0,341,2025-11-17 20:04:54+00:00,0.9183333333333333,33.3,0.0273972602739726
2025-11-17 21:00:00+00:00,2025-11-28 00:00:00+00:00,AMZN,AMZN251128C00205000,call,True,205.0,27.6,29.9,28.95,232.8699951171875,0.5498091894531252,0.0370259995532744,0.0,10.0,181,2025-11-17 17:09:11+00:00,3.8469444444444445,28.75,0.0273972602739726
2025-11-17 21:00:00+00:00,2025-11-28 00:00:00+00:00,AMZN,AMZN251128C00207500,call,True,207.5,25.85,26.6,24.15,232.8699951171875,0.5061084545898438,0.0370259995532744,0.0,4.0,8,2025-11-14 20:58:07+00:00,72.03138888888888,26.225,0.0273972602739726
2025-11-17 21:00:00+00:00,2025-11-28 00:00:00+00:00,AMZN,AMZN251128C00210000,call,True,210.0,23.55,24.85,24.35,232.8699951171875,0.5297898583984376,0.0370259995532744,0.0,3.0,286,2025-11-17 16:44:06+00:00,4.265,24.200000000000003,0.0273972602739726
2025-11-17 21:00:00+00:00,2025-11-28 00:00:00+00:00,AMZN,AMZN251128C00212500,call,True,212.5,21.3,21.9,19.3,232.8699951171875,0.5092822509765625,0.0370259995532744,0.0,12.0,14,2025-11-17 15:11:31+00:00,5.808055555555556,21.6,0.0273972602739726
2025-11-17 21:00:00+00:00,2025-11-28 00:00:00+00:00,AMZN,AMZN251128C00215000,call,True,215.0,18.85,19.6,17.5,232.8699951171875,0.4849905017089844,0.0370259995532744,0.0,29.0,461,2025-11-17 18:55:51+00:00,2.069166666666667,19.225,0.0273972602739726
2025-11-17 21:00:00+00:00,2025-11-28 00:00:00+00:00,AMZN,AMZN251128C00217500,call,True,217.5,16.8,17.2,17.3,232.8699951171875,0.4480035668945312,0.0370259995532744,0.0,14.0,21,2025-11-17 17:20:04+00:00,3.6655555555555557,17.0,0.0273972602739726
2025-11-17 21:00:00+00:00,2025-11-28 00:00:00+00:00,AMZN,AMZN251128C00220000,call,True,220.0,14.6,15.0,14.73,232.8699951171875,0.42639733764648446,0.0370259995532744,0.0,97.0,515,2025-11-17 20:49:21+00:00,0.1775,14.8,0.0273972602739726
2025-11-17 21:00:00+00:00,2025-11-28 00:00:00+00:00,AMZN,AMZN251128C00222500,call,True,222.5,12.55,12.95,12.7,232.8699951171875,0.4116269775390625,0.0370259995532744,0.0,130.0,23,2025-11-17 20:57:01+00:00,0.04972222222222222,12.75,0.0273972602739726
2025-11-17 21:00:00+00:00,2025-11-28 00:00:00+00:00,AMZN,AMZN251128C00225000,call,True,225.0,10.6,10.95,10.75,232.8699951171875,0.39380489013671877,0.0370259995532744,0.0,459.0,558,2025-11-17 20:59:48+00:00,0.0033333333333333335,10.774999999999999,0.0273972602739726
2025-11-17 21:00:00+00:00,2025-11-28 00:00:00+00:00,AMZN,AMZN251128C00227500,call,True,227.5,8.85,9.15,9.0,232.8699951171875,0.38220832641601554,0.0370259995532744,0.0,519.0,85,2025-11-17 20:58:40+00:00,0.022222222222222223,9.0,0.0273972602739726
2025-11-17 21:00:00+00:00,2025-11-28 00:00:00+00:00,AMZN,AMZN251128C00230000,call,True,230.0,7.2,7.45,7.21,232.8699951171875,0.3684145190429688,0.0370259995532744,0.0,3550.0,1812,2025-11-17 20:56:09+00:00,0.06416666666666666,7.325,0.0273972602739726
2025-11-17 21:00:00+00:00,2025-11-28 00:00:00+00:00,AMZN,AMZN251128C00232500,call,True,232.5,5.75,5.95,5.85,232.8699951171875,0.35767243896484374,0.0370259995532744,0.0,3024.0,217,2025-11-17 20:59:00+00:00,0.016666666666666666,5.85,0.0273972602739726
2025-11-17 21:00:00+00:00,2025-11-28 00:00:00+00:00,AMZN,AMZN251128C00235000,call,False,235.0,4.45,4.6,4.48,232.8699951171875,0.34570966796874997,0.0370259995532744,0.0,5082.0,1651,2025-11-17 20:59:50+00:00,0.002777777777777778,4.525,0.0273972602739726
2025-11-17 21:00:00+00:00,2025-11-28 00:00:00+00:00,AMZN,AMZN251128C00237500,call,False,237.5,3.4,3.55,3.4,232.8699951171875,0.3414372497558594,0.0370259995532744,0.0,2285.0,940,2025-11-17 20:58:52+00:00,0.01888888888888889,3.4749999999999996,0.0273972602739726
2025-11-17 21:00:00+00:00,2025-11-28 00:00:00+00:00,AMZN,AMZN251128C00240000,call,False,240.0,2.51,2.6,2.55,232.8699951171875,0.3321599987792969,0.0370259995532744,0.0,5771.0,6627,2025-11-17 20:59:39+00:00,0.005833333333333334,2.5549999999999997,0.0273972602739726
2025-11-17 21:00:00+00:00,2025-11-28 00:00:00+00:00,AMZN,AMZN251128C00242500,call,False,242.5,1.84,1.93,1.84,232.8699951171875,0.3306951696777344,0.0370259995532744,0.0,821.0,800,2025-11-17 20:59:49+00:00,0.0030555555555555557,1.885,0.0273972602739726
2025-11-17 21:00:00+00:00,2025-11-28 00:00:00+00:00,AMZN,AMZN251128C00245000,call,False,245.0,1.3,1.37,1.36,232.8699951171875,0.3265448205566406,0.0370259995532744,0.0,4231.0,4298,2025-11-17 20:59:00+00:00,0.016666666666666666,1.335,0.0273972602739726
2025-11-17 21:00:00+00:00,2025-11-28 00:00:00+00:00,AMZN,AMZN251128C00247500,call,False,247.5,0.93,0.97,0.92,232.8699951171875,0.3254461987304687,0.0370259995532744,0.0,1136.0,2369,2025-11-17 20:58:25+00:00,0.02638888888888889,0.95,0.0273972602739726
2025-11-17 21:00:00+00:00,2025-11-28 00:00:00+00:00,AMZN,AMZN251128C00250000,call,False,250.0,0.66,0.69,0.67,232.8699951171875,0.3266668896484375,0.0370259995532744,0.0,4953.0,5903,2025-11-17 20:53:18+00:00,0.11166666666666666,0.675,0.0273972602739726
2025-11-17 21:00:00+00:00,2025-11-28 00:00:00+00:00,AMZN,AMZN251128C00252500,call,False,252.5,0.47,0.5,0.47,232.8699951171875,0.33081723876953123,0.0370259995532744,0.0,719.0,754,2025-11-17 20:50:51+00:00,0.1525,0.485,0.0273972602739726
2025-11-17 21:00:00+00:00,2025-11-28 00:00:00+00:00,AMZN,AMZN251128C00255000,call,False,255.0,0.34,0.36,0.34,232.8699951171875,0.334967587890625,0.0370259995532744,0.0,1300.0,5191,2025-11-17 20:59:35+00:00,0.006944444444444444,0.35,0.0273972602739726
2025-11-17 21:00:00+00:00,2025-11-28 00:00:00+00:00,AMZN,AMZN251128C00257500,call,False,257.5,0.25,0.27,0.25,232.8699951171875,0.34180345703125,0.0370259995532744,0.0,911.0,1379,2025-11-17 20:48:44+00:00,0.18777777777777777,0.26,0.0273972602739726
2025-11-17 21:00:00+00:00,2025-11-28 00:00:00+00:00,AMZN,AMZN251128C00260000,call,False,260.0,0.18,0.2,0.19,232.8699951171875,0.3481510498046875,0.0370259995532744,0.0,1379.0,3656,2025-11-17 20:57:37+00:00,0.03972222222222222,0.19,0.0273972602739726
2025-11-17 21:00:00+00:00,2025-11-28 00:00:00+00:00,AMZN,AMZN251128C00262500,call,False,262.5,0.14,0.16,0.15,232.8699951171875,0.358404853515625,0.0370259995532744,0.0,157.0,1015,2025-11-17 20:25:41+00:00,0.5719444444444445,0.15000000000000002,0.0273972602739726
2025-11-17 21:00:00+00:00,2025-11-28 00:00:00+00:00,AMZN,AMZN251128C00265000,call,False,265.0,0.11,0.13,0.12,232.8699951171875,0.36914693359375,0.0370259995532744,0.0,665.0,3743,2025-11-17 20:57:03+00:00,0.049166666666666664,0.12,0.0273972602739726
2025-11-17 21:00:00+00:00,2025-11-28 00:00:00+00:00,AMZN,AMZN251128C00267500,call,False,267.5,0.08,0.1,0.08,232.8699951171875,0.37695935546875,0.0370259995532744,0.0,69.0,417,2025-11-17 20:14:09+00:00,0.7641666666666667,0.09,0.0273972602739726
2025-11-17 21:00:00+00:00,2025-11-28 00:00:00+00:00,AMZN,AMZN251128C00270000,call,False,270.0,0.07,0.08,0.07,232.8699951171875,0.3857483300781249,0.0370259995532744,0.0,432.0,5711,2025-11-17 20:57:22+00:00,0.04388888888888889,0.07500000000000001,0.0273972602739726
2025-11-17 21:00:00+00:00,2025-11-28 00:00:00+00:00,AMZN,AMZN251128C00272500,call,False,272.5,0.05,0.07,0.06,232.8699951171875,0.398443515625,0.0370259995532744,0.0,113.0,117,2025-11-17 15:54:28+00:00,5.092222222222222,0.060000000000000005,0.0273972602739726
2025-11-17 21:00:00+00:00,2025-11-28 00:00:00+00:00,AMZN,AMZN251128C00275000,call,False,275.0,0.04,0.06,0.04,232.8699951171875,0.4101621484375,0.0370259995532744,0.0,113.0,2239,2025-11-17 18:11:49+00:00,2.8030555555555554,0.05,0.0273972602739726
2025-11-17 21:00:00+00:00,2025-11-28 00:00:00+00:00,AMZN,AMZN251128C00277500,call,False,277.5,0.04,0.05,0.04,232.8699951171875,0.41992767578125,0.0370259995532744,0.0,104.0,150,2025-11-17 20:18:45+00:00,0.6875,0.045,0.0273972602739726
2025-11-17 21:00:00+00:00,2025-11-28 00:00:00+00:00,AMZN,AMZN251128C00280000,call,False,280.0,0.03,0.05,0.04,232.8699951171875,0.43945873046875,0.0370259995532744,0.0,237.0,1003,2025-11-17 20:30:55+00:00,0.4847222222222222,0.04,0.0273972602739726
2025-11-17 21:00:00+00:00,2025-11-28 00:00:00+00:00,AMZN,AMZN251128C00282500,call,False,282.5,0.03,0.04,0.03,232.8699951171875,0.445318046875,0.0370259995532744,0.0,1.0,50,2025-11-14 20:54:34+00:00,72.09055555555555,0.035,0.0273972602739726
2025-11-17 21:00:00+00:00,2025-11-28 00:00:00+00:00,AMZN,AMZN251128C00285000,call,False,285.0,0.02,0.04,0.03,232.8699951171875,0.46289599609375004,0.0370259995532744,0.0,61.0,2515,2025-11-17 20:58:04+00:00,0.03222222222222222,0.03,0.0273972602739726
2025-11-17 21:00:00+00:00,2025-11-28 00:00:00+00:00,AMZN,AMZN251128C00287500,call,False,287.5,0.0,0.03,0.03,232.8699951171875,0.46484910156250003,0.0370259995532744,0.0,2.0,48,2025-11-17 18:12:05+00:00,2.798611111111111,0.015,0.0273972602739726
2025-11-17 21:00:00+00:00,2025-11-28 00:00:00+00:00,AMZN,AMZN251128C00290000,call,False,290.0,0.02,0.03,0.02,232.8699951171875,0.48242705078125003,0.0370259995532744,0.0,61.0,868,2025-11-17 18:03:25+00:00,2.9430555555555555,0.025,0.0273972602739726
2025-11-17 21:00:00+00:00,2025-11-28 00:00:00+00:00,AMZN,AMZN251128C00295000,call,False,295.0,0.01,0.03,0.02,232.8699951171875,0.51562984375,0.0370259995532744,0.0,4.0,130,2025-11-14 15:13:06+00:00,77.78166666666667,0.02,0.0273972602739726
2025-11-17 21:00:00+00:00,2025-11-28 00:00:00+00:00,AMZN,AMZN251128C00297500,call,False,297.5,0.01,0.03,0.03,232.8699951171875,0.5117236328125,0.0370259995532744,0.0,45.0,45,2025-11-14 17:21:30+00:00,75.64166666666667,0.02,0.0273972602739726
2025-11-17 21:00:00+00:00,2025-11-28 00:00:00+00:00,AMZN,AMZN251128C00300000,call,False,300.0,0.01,0.02,0.01,232.8699951171875,0.5117236328125,0.0370259995532744,0.0,40.0,968,2025-11-17 19:26:44+00:00,1.5544444444444445,0.015,0.0273972602739726
2025-11-17 21:00:00+00:00,2025-11-28 00:00:00+00:00,AMZN,AMZN251128C00305000,call,False,305.0,0.0,0.03,0.02,232.8699951171875,0.5390671093750001,0.0370259995532744,0.0,1.0,683,2025-11-17 16:17:42+00:00,4.705,0.015,0.0273972602739726
2025-11-17 21:00:00+00:00,2025-11-28 00:00:00+00:00,AMZN,AMZN251128C00310000,call,False,310.0,0.0,0.03,0.02,232.8699951171875,0.570316796875,0.0370259995532744,0.0,17.0,114,2025-11-14 15:35:35+00:00,77.40694444444445,0.015,0.0273972602739726
2025-11-17 21:00:00+00:00,2025-11-28 00:00:00+00:00,AMZN,AMZN251128C00315000,call,False,315.0,0.0,0.02,0.01,232.8699951171875,0.57812921875,0.0370259995532744,0.0,28.0,67,2025-11-13 20:55:53+00:00,96.06861111111111,0.01,0.0273972602739726
2025-11-17 21:00:00+00:00,2025-11-28 00:00:00+00:00,AMZN,AMZN251128C00320000,call,False,320.0,0.0,0.01,0.01,232.8699951171875,0.5625043750000001,0.0370259995532744,0.0,1.0,83,2025-11-11 18:56:10+00:00,146.0638888888889,0.005,0.0273972602739726
2025-11-17 21:00:00+00:00,2025-11-28 00:00:00+00:00,AMZN,AMZN251128C00325000,call,False,325.0,0.0,0.02,0.01,232.8699951171875,0.632816171875,0.0370259995532744,0.0,1.0,5,2025-11-12 17:33:35+00:00,123.44027777777778,0.01,0.0273972602739726
2025-11-17 21:00:00+00:00,2025-11-28 00:00:00+00:00,AMZN,AMZN251128C00330000,call,False,330.0,0.0,0.02,0.01,232.8699951171875,0.6562534375000001,0.0370259995532744,0.0,48.0,486,2025-11-12 20:11:55+00:00,120.8013888888889,0.01,0.0273972602739726
2025-11-17 21:00:00+00:00,2025-11-28 00:00:00+00:00,AMZN,AMZN251128C00335000,call,False,335.0,0.0,0.02,0.01,232.8699951171875,0.6875031250000001,0.0370259995532744,0.0,1.0,386,2025-11-07 20:52:29+00:00,240.12527777777777,0.01,0.0273972602739726
2025-11-17 21:00:00+00:00,2025-11-28 00:00:00+00:00,AMZN,AMZN251128C00340000,call,False,340.0,0.0,0.06,0.01,232.8699951171875,0.7812521875,0.0370259995532744,0.0,50.0,66,2025-11-14 19:46:31+00:00,73.22472222222223,0.03,0.0273972602739726
2025-11-17 21:00:00+00:00,2025-11-28 00:00:00+00:00,AMZN,AMZN251128C00350000,call,False,350.0,0.0,0.06,0.01,232.8699951171875,0.8359391406249999,0.0370259995532744,0.0,10.0,15,2025-11-17 14:30:15+00:00,6.495833333333334,0.03,0.0273972602739726
2025-11-17 21:00:00+00:00,2025-11-28 00:00:00+00:00,AMZN,AMZN251128P00120000,put,False,120.0,0.0,0.06,0.02,232.8699951171875,1.3671906640625,0.0370259995532744,0.0,4.0,29,2025-11-17 17:59:35+00:00,3.0069444444444446,0.03,0.0273972602739726
2025-11-17 21:00:00+00:00,2025-11-28 00:00:00+00:00,AMZN,AMZN251128P00125000,put,False,125.0,0.0,0.07,0.01,232.8699951171875,1.3046909765624997,0.0370259995532744,0.0,1.0,2,2025-11-06 20:02:21+00:00,264.9608333333333,0.035,0.0273972602739726
2025-11-17 21:00:00+00:00,2025-11-28 00:00:00+00:00,AMZN,AMZN251128P00130000,put,False,130.0,0.0,0.02,0.01,232.8699951171875,1.09375453125,0.0370259995532744,0.0,1.0,9,2025-11-14 20:12:14+00:00,72.79611111111112,0.01,0.0273972602739726
2025-11-17 21:00:00+00:00,2025-11-28 00:00:00+00:00,AMZN,AMZN251128P00135000,put,False,135.0,0.0,0.02,0.09,232.8699951171875,1.0312548437500002,0.0370259995532744,0.0,1.0,5,2025-10-24 18:52:01+00:00,578.1330555555555,0.01,0.0273972602739726
2025-11-17 21:00:00+00:00,2025-11-28 00:00:00+00:00,AMZN,AMZN251128P00140000,put,False,140.0,0.0,0.02,0.01,232.8699951171875,0.9687503125,0.0370259995532744,0.0,1.0,29,2025-11-13 17:21:55+00:00,99.63472222222222,0.01,0.0273972602739726
2025-11-17 21:00:00+00:00,2025-11-28 00:00:00+00:00,AMZN,AMZN251128P00145000,put,False,145.0,0.01,0.03,0.01,232.8699951171875,0.9609378906249999,0.0370259995532744,0.0,3.0,35,2025-11-17 14:59:10+00:00,6.013888888888889,0.02,0.0273972602739726
2025-11-17 21:00:00+00:00,2025-11-28 00:00:00+00:00,AMZN,AMZN251128P00150000,put,False,150.0,0.01,0.02,0.02,232.8699951171875,0.87500125,0.0370259995532744,0.0,51.0,126,2025-11-17 18:36:41+00:00,2.388611111111111,0.015,0.0273972602739726
2025-11-17 21:00:00+00:00,2025-11-28 00:00:00+00:00,AMZN,AMZN251128P00155000,put,False,155.0,0.01,0.03,0.03,232.8699951171875,0.8359391406249999,0.0370259995532744,0.0,40.0,45,2025-11-17 20:14:09+00:00,0.7641666666666667,0.02,0.0273972602739726
2025-11-17 21:00:00+00:00,2025-11-28 00:00:00+00:00,AMZN,AMZN251128P00160000,put,False,160.0,0.02,0.03,0.03,232.8699951171875,0.789064609375,0.0370259995532744,0.0,26.0,295,2025-11-14 20:59:26+00:00,72.00944444444444,0.025,0.0273972602739726
2025-11-17 21:00:00+00:00,2025-11-28 00:00:00+00:00,AMZN,AMZN251128P00165000,put,False,165.0,0.02,0.04,0.04,232.8699951171875,0.7421900781249999,0.0370259995532744,0.0,17.0,131,2025-11-17 17:51:11+00:00,3.1469444444444443,0.03,0.0273972602739726
2025-11-17 21:00:00+00:00,2025-11-28 00:00:00+00:00,AMZN,AMZN251128P00170000,put,False,170.0,0.04,0.05,0.05,232.8699951171875,0.7148466015625,0.0370259995532744,0.0,69.0,326,2025-11-17 18:22:22+00:00,2.627222222222222,0.045,0.0273972602739726
2025-11-17 21:00:00+00:00,2025-11-28 00:00:00+00:00,AMZN,AMZN251128P00175000,put,False,175.0,0.05,0.07,0.07,232.8699951171875,0.6796907031250001,0.0370259995532744,0.0,1724.0,2858,2025-11-17 19:21:29+00:00,1.6419444444444444,0.060000000000000005,0.0273972602739726
2025-11-17 21:00:00+00:00,2025-11-28 00:00:00+00:00,AMZN,AMZN251128P00180000,put,False,180.0,0.08,0.09,0.11,232.8699951171875,0.64648791015625,0.0370259995532744,0.0,64.0,1624,2025-11-17 20:24:14+00:00,0.5961111111111111,0.08499999999999999,0.0273972602739726
2025-11-17 21:00:00+00:00,2025-11-28 00:00:00+00:00,AMZN,AMZN251128P00185000,put,False,185.0,0.11,0.13,0.15,232.8699951171875,0.6132851171875001,0.0370259995532744,0.0,507.0,3583,2025-11-17 20:01:36+00:00,0.9733333333333334,0.12,0.0273972602739726
2025-11-17 21:00:00+00:00,2025-11-28 00:00:00+00:00,AMZN,AMZN251128P00190000,put,False,190.0,0.16,0.17,0.2,232.8699951171875,0.577152666015625,0.0370259995532744,0.0,314.0,1321,2025-11-17 20:19:31+00:00,0.6747222222222222,0.165,0.0273972602739726
2025-11-17 21:00:00+00:00,2025-11-28 00:00:00+00:00,AMZN,AMZN251128P00195000,put,False,195.0,0.22,0.23,0.27,232.8699951171875,0.5400436621093752,0.0370259995532744,0.0,830.0,941,2025-11-17 19:56:04+00:00,1.0655555555555556,0.225,0.0273972602739726
2025-11-17 21:00:00+00:00,2025-11-28 00:00:00+00:00,AMZN,AMZN251128P00200000,put,False,200.0,0.31,0.33,0.37,232.8699951171875,0.50586431640625,0.0370259995532744,0.0,708.0,1636,2025-11-17 20:07:10+00:00,0.8805555555555555,0.32,0.0273972602739726
2025-11-17 21:00:00+00:00,2025-11-28 00:00:00+00:00,AMZN,AMZN251128P00202500,put,False,202.5,0.36,0.38,0.4,232.8699951171875,0.48828636718750007,0.0370259995532744,0.0,203.0,233,2025-11-17 17:17:53+00:00,3.7019444444444445,0.37,0.0273972602739726
2025-11-17 21:00:00+00:00,2025-11-28 00:00:00+00:00,AMZN,AMZN251128P00205000,put,False,205.0,0.44,0.45,0.49,232.8699951171875,0.4694877270507813,0.0370259995532744,0.0,979.0,1523,2025-11-17 20:04:55+00:00,0.9180555555555555,0.445,0.0273972602739726
2025-11-17 21:00:00+00:00,2025-11-28 00:00:00+00:00,AMZN,AMZN251128P00207500,put,False,207.5,0.52,0.59,0.54,232.8699951171875,0.46143116699218756,0.0370259995532744,0.0,156.0,277,2025-11-17 20:49:46+00:00,0.17055555555555554,0.5549999999999999,0.0273972602739726
2025-11-17 21:00:00+00:00,2025-11-28 00:00:00+00:00,AMZN,AMZN251128P00210000,put,False,210.0,0.64,0.66,0.65,232.8699951171875,0.43579665771484377,0.0370259995532744,0.0,1052.0,1621,2025-11-17 20:59:00+00:00,0.016666666666666666,0.65,0.0273972602739726
2025-11-17 21:00:00+00:00,2025-11-28 00:00:00+00:00,AMZN,AMZN251128P00212500,put,False,212.5,0.78,0.81,0.9,232.8699951171875,0.41992767578125,0.0370259995532744,0.0,475.0,2252,2025-11-17 20:42:51+00:00,0.28583333333333333,0.795,0.0273972602739726
2025-11-17 21:00:00+00:00,2025-11-28 00:00:00+00:00,AMZN,AMZN251128P00215000,put,False,215.0,0.98,1.0,0.99,232.8699951171875,0.40430283203125,0.0370259995532744,0.0,774.0,954,2025-11-17 20:59:02+00:00,0.01611111111111111,0.99,0.0273972602739726
2025-11-17 21:00:00+00:00,2025-11-28 00:00:00+00:00,AMZN,AMZN251128P00217500,put,False,217.5,1.22,1.3,1.42,232.8699951171875,0.39551385742187506,0.0370259995532744,0.0,375.0,2527,2025-11-17 20:42:06+00:00,0.29833333333333334,1.26,0.0273972602739726
2025-11-17 21:00:00+00:00,2025-11-28 00:00:00+00:00,AMZN,AMZN251128P00220000,put,False,220.0,1.54,1.64,1.61,232.8699951171875,0.3830628100585937,0.0370259995532744,0.0,1808.0,2201,2025-11-17 20:58:19+00:00,0.028055555555555556,1.5899999999999999,0.0273972602739726
2025-11-17 21:00:00+00:00,2025-11-28 00:00:00+00:00,AMZN,AMZN251128P00222500,put,False,222.5,1.94,2.08,2.04,232.8699951171875,0.3719545227050781,0.0370259995532744,0.0,509.0,453,2025-11-17 20:59:52+00:00,0.0022222222222222222,2.01,0.0273972602739726
2025-11-17 21:00:00+00:00,2025-11-28 00:00:00+00:00,AMZN,AMZN251128P00225000,put,False,225.0,2.5,2.62,2.58,232.8699951171875,0.36048002807617185,0.0370259995532744,0.0,1389.0,1875,2025-11-17 20:45:43+00:00,0.23805555555555555,2.56,0.0273972602739726
2025-11-17 21:00:00+00:00,2025-11-28 00:00:00+00:00,AMZN,AMZN251128P00227500,put,False,227.5,3.2,3.3,3.45,232.8699951171875,0.34998208618164056,0.0370259995532744,0.0,583.0,709,2025-11-17 20:54:51+00:00,0.08583333333333333,3.25,0.0273972602739726
2025-11-17 21:00:00+00:00,2025-11-28 00:00:00+00:00,AMZN,AMZN251128P00230000,put,False,230.0,4.0,4.15,4.1,232.8699951171875,0.34107104248046877,0.0370259995532744,0.0,3566.0,2205,2025-11-17 20:56:06+00:00,0.065,4.075,0.0273972602739726
2025-11-17 21:00:00+00:00,2025-11-28 00:00:00+00:00,AMZN,AMZN251128P00232500,put,False,232.5,5.0,5.2,5.22,232.8699951171875,0.33411310424804685,0.0370259995532744,0.0,981.0,1046,2025-11-17 20:57:55+00:00,0.034722222222222224,5.1,0.0273972602739726
2025-11-17 21:00:00+00:00,2025-11-28 00:00:00+00:00,AMZN,AMZN251128P00235000,put,True,235.0,6.2,6.4,6.35,232.8699951171875,0.32520206054687495,0.0370259995532744,0.0,1357.0,2355,2025-11-17 20:57:42+00:00,0.03833333333333333,6.300000000000001,0.0273972602739726
2025-11-17 21:00:00+00:00,2025-11-28 00:00:00+00:00,AMZN,AMZN251128P00237500,put,True,237.5,7.6,7.85,7.83,232.8699951171875,0.3200751586914062,0.0370259995532744,0.0,356.0,630,2025-11-17 20:35:11+00:00,0.4136111111111111,7.725,0.0273972602739726
2025-11-17 21:00:00+00:00,2025-11-28 00:00:00+00:00,AMZN,AMZN251128P00240000,put,True,240.0,9.2,9.45,10.19,232.8699951171875,0.31238480590820306,0.0370259995532744,0.0,348.0,4746,2025-11-17 20:36:21+00:00,0.39416666666666667,9.325,0.0273972602739726
2025-11-17 21:00:00+00:00,2025-11-28 00:00:00+00:00,AMZN,AMZN251128P00242500,put,True,242.5,10.85,11.85,12.48,232.8699951171875,0.3530338134765625,0.0370259995532744,0.0,133.0,399,2025-11-17 19:20:44+00:00,1.6544444444444444,11.35,0.0273972602739726
2025-11-17 21:00:00+00:00,2025-11-28 00:00:00+00:00,AMZN,AMZN251128P00245000,put,True,245.0,12.85,13.45,14.6,232.8699951171875,0.3220282641601562,0.0370259995532744,0.0,130.0,1203,2025-11-17 20:16:36+00:00,0.7233333333333334,13.149999999999999,0.0273972602739726
2025-11-17 21:00:00+00:00,2025-11-28 00:00:00+00:00,AMZN,AMZN251128P00247500,put,True,247.5,14.9,15.65,16.43,232.8699951171875,0.33081723876953123,0.0370259995532744,0.0,103.0,310,2025-11-17 20:30:00+00:00,0.5,15.275,0.0273972602739726
2025-11-17 21:00:00+00:00,2025-11-28 00:00:00+00:00,AMZN,AMZN251128P00250000,put,True,250.0,17.35,18.05,17.59,232.8699951171875,0.3549869189453124,0.0370259995532744,0.0,145.0,1177,2025-11-17 20:50:07+00:00,0.16472222222222221,17.700000000000003,0.0273972602739726
2025-11-17 21:00:00+00:00,2025-11-28 00:00:00+00:00,AMZN,AMZN251128P00252500,put,True,252.5,19.45,20.25,20.0,232.8699951171875,0.3491276025390625,0.0370259995532744,0.0,56.0,77,2025-11-17 20:56:12+00:00,0.06333333333333334,19.85,0.0273972602739726
2025-11-17 21:00:00+00:00,2025-11-28 00:00:00+00:00,AMZN,AMZN251128P00255000,put,True,255.0,21.5,22.95,22.5,232.8699951171875,0.40869731933593745,0.0370259995532744,0.0,117.0,616,2025-11-17 20:47:05+00:00,0.2152777777777778,22.225,0.0273972602739726
2025-11-17 21:00:00+00:00,2025-11-28 00:00:00+00:00,AMZN,AMZN251128P00257500,put,True,257.5,23.5,26.2,24.0,232.8699951171875,0.5302781347656251,0.0370259995532744,0.0,4.0,26,2025-11-17 17:30:00+00:00,3.5,24.85,0.0273972602739726
2025-11-17 21:00:00+00:00,2025-11-28 00:00:00+00:00,AMZN,AMZN251128P00260000,put,True,260.0,26.15,28.6,27.3,232.8699951171875,0.55273884765625,0.0370259995532744,0.0,9.0,293,2025-11-17 15:08:56+00:00,5.851111111111111,27.375,0.0273972602739726
2025-11-17 21:00:00+00:00,2025-11-28 00:00:00+00:00,AMZN,AMZN251128P00262500,put,True,262.5,28.6,30.7,15.65,232.8699951171875,0.5354050366210938,0.0370259995532744,0.0,,17,2025-11-12 14:46:42+00:00,126.22166666666666,29.65,0.0273972602739726
2025-11-17 21:00:00+00:00,2025-11-28 00:00:00+00:00,AMZN,AMZN251128P00265000,put,True,265.0,31.05,33.75,26.3,232.8699951171875,0.6347692773437501,0.0370259995532744,0.0,1.0,25,2025-11-13 18:09:45+00:00,98.8375,32.4,0.0273972602739726
2025-11-17 21:00:00+00:00,2025-11-28 00:00:00+00:00,AMZN,AMZN251128P00270000,put,True,270.0,36.45,37.85,38.8,232.8699951171875,0.567387138671875,0.0370259995532744,0.0,80.0,0,2025-11-17 20:16:19+00:00,0.7280555555555556,37.150000000000006,0.0273972602739726
2025-11-17 21:00:00+00:00,2025-11-28 00:00:00+00:00,AMZN,AMZN251128P00272500,put,True,272.5,38.6,40.75,36.5,232.8699951171875,0.6594272338867189,0.0370259995532744,0.0,2.0,1,2025-11-14 18:35:07+00:00,74.41472222222222,39.675,0.0273972602739726
2025-11-17 21:00:00+00:00,2025-11-28 00:00:00+00:00,AMZN,AMZN251128P00275000,put,True,275.0,41.1,43.75,28.95,232.8699951171875,0.5210008837890624,0.0370259995532744,0.0,7.0,0,2025-11-12 15:16:30+00:00,125.725,42.425,0.0273972602739726
2025-11-17 21:00:00+00:00,2025-11-28 00:00:00+00:00,AMZN,AMZN251128P00280000,put,True,280.0,46.1,48.2,32.25,232.8699951171875,0.7334011035156249,0.0370259995532744,0.0,1.0,0,2025-11-12 14:46:42+00:00,126.22166666666666,47.150000000000006,0.0273972602739726
2025-11-17 21:00:00+00:00,2025-11-28 00:00:00+00:00,AMZN,AMZN251128P00282500,put,True,282.5,48.45,51.25,36.3,232.8699951171875,0.56055126953125,0.0370259995532744,0.0,,0,2025-11-12 15:29:47+00:00,125.50361111111111,49.85,0.0273972602739726
2025-11-17 21:00:00+00:00,2025-11-28 00:00:00+00:00,AMZN,AMZN251128P00285000,put,True,285.0,51.1,53.2,29.0,232.8699951171875,0.7851583984375,0.0370259995532744,0.0,1.0,0,2025-11-03 15:14:49+00:00,341.75305555555553,52.150000000000006,0.0273972602739726
2025-11-17 21:00:00+00:00,2025-11-28 00:00:00+00:00,AMZN,AMZN251128P00290000,put,True,290.0,56.1,58.2,51.65,232.8699951171875,0.8354508642578123,0.0370259995532744,0.0,8.0,0,2025-11-13 20:14:35+00:00,96.75694444444444,57.150000000000006,0.0273972602739726
2025-11-17 21:00:00+00:00,2025-11-28 00:00:00+00:00,AMZN,AMZN251128P00295000,put,True,295.0,61.05,63.75,38.93,232.8699951171875,0.684573466796875,0.0370259995532744,0.0,1.0,0,2025-11-03 14:50:08+00:00,342.1644444444444,62.4,0.0273972602739726
2025-11-17 21:00:00+00:00,2025-11-28 00:00:00+00:00,AMZN,AMZN251128P00300000,put,True,300.0,66.15,68.65,47.4,232.8699951171875,0.7246121289062499,0.0370259995532744,0.0,11.0,0,2025-11-04 15:59:55+00:00,317.00138888888887,67.4,0.0273972602739726
2025-11-17 21:00:00+00:00,2025-11-28 00:00:00+00:00,AMZN,AMZN251128P00305000,put,True,305.0,71.1,73.7,51.82,232.8699951171875,0.762697685546875,0.0370259995532744,0.0,101.0,0,2025-11-03 20:54:40+00:00,336.0888888888889,72.4,0.0273972602739726
2025-11-17 21:00:00+00:00,2025-11-28 00:00:00+00:00,AMZN,AMZN251128P00310000,put,True,310.0,76.15,78.65,55.65,232.8699951171875,0.8007832421875,0.0370259995532744,0.0,1.0,0,2025-11-04 15:08:40+00:00,317.85555555555555,77.4,0.0273972602739726
2025-11-17 21:00:00+00:00,2025-11-28 00:00:00+00:00,AMZN,AMZN251128P00320000,put,True,320.0,86.15,88.2,76.3,232.8699951171875,0.6992217578125001,0.0370259995532744,0.0,2.0,0,2025-11-06 20:52:30+00:00,264.125,87.17500000000001,0.0273972602739726
2025-11-17 21:00:00+00:00,2025-11-28 00:00:00+00:00,AMZN,AMZN251128P00325000,put,True,325.0,91.15,93.4,81.32,232.8699951171875,0.8349625878906248,0.0370259995532744,0.0,,0,2025-11-06 20:52:30+00:00,264.125,92.275,0.0273972602739726
2025-11-17 21:00:00+00:00,2025-11-28 00:00:00+00:00,AMZN,AMZN251128P00350000,put,True,350.0,116.4,118.65,93.45,232.8699951171875,1.1347699511718752,0.0370259995532744,0.0,,0,2025-11-03 18:14:30+00:00,338.7583333333333,117.525,0.0273972602739726
2025-11-17 21:00:00+00:00,2025-12-05 00:00:00+00:00,AMZN,AMZN251205C00120000,call,True,120.0,111.25,114.6,126.7,232.8699951171875,1.1328168359375002,0.0370259995532744,0.0,42.0,9,2025-10-31 19:48:46+00:00,409.1872222222222,112.925,0.04657534246575343
2025-11-17 21:00:00+00:00,2025-12-05 00:00:00+00:00,AMZN,AMZN251205C00135000,call,True,135.0,97.2,100.2,110.95,232.8699951171875,1.3857452587890622,0.0370259995532744,0.0,,2,2025-11-06 15:37:31+00:00,269.3747222222222,98.7,0.04657534246575343
2025-11-17 21:00:00+00:00,2025-12-05 00:00:00+00:00,AMZN,AMZN251205C00140000,call,True,140.0,92.2,93.85,93.67,232.8699951171875,1.0039112304687499,0.0370259995532744,0.0,1.0,10,2025-11-17 16:52:38+00:00,4.122777777777777,93.025,0.04657534246575343
2025-11-17 21:00:00+00:00,2025-12-05 00:00:00+00:00,AMZN,AMZN251205C00145000,call,True,145.0,87.2,90.2,88.47,232.8699951171875,1.2275429248046876,0.0370259995532744,0.0,1.0,0,2025-10-31 13:30:48+00:00,415.4866666666667,88.7,0.04657534246575343
2025-11-17 21:00:00+00:00,2025-12-05 00:00:00+00:00,AMZN,AMZN251205C00155000,call,True,155.0,77.25,79.75,78.6,232.8699951171875,1.023930661621094,0.0370259995532744,0.0,3.0,1,2025-11-17 17:23:24+00:00,3.61,78.5,0.04657534246575343
2025-11-17 21:00:00+00:00,2025-12-05 00:00:00+00:00,AMZN,AMZN251205C00165000,call,True,165.0,67.35,70.35,73.3,232.8699951171875,0.9702151416015624,0.0370259995532744,0.0,2.0,2,2025-11-14 17:06:38+00:00,75.88944444444445,68.85,0.04657534246575343
2025-11-17 21:00:00+00:00,2025-12-05 00:00:00+00:00,AMZN,AMZN251205C00170000,call,True,170.0,62.4,64.45,66.63,232.8699951171875,0.8037129003906249,0.0370259995532744,0.0,2.0,8,2025-11-14 15:24:41+00:00,77.5886111111111,63.425,0.04657534246575343
2025-11-17 21:00:00+00:00,2025-12-05 00:00:00+00:00,AMZN,AMZN251205C00175000,call,True,175.0,57.45,59.9,58.54,232.8699951171875,0.797853583984375,0.0370259995532744,0.0,3.0,1,2025-11-17 16:58:28+00:00,4.025555555555556,58.675,0.04657534246575343
2025-11-17 21:00:00+00:00,2025-12-05 00:00:00+00:00,AMZN,AMZN251205C00180000,call,True,180.0,52.5,54.55,50.69,232.8699951171875,0.702151416015625,0.0370259995532744,0.0,1.0,12,2025-11-17 15:21:30+00:00,5.641666666666667,53.525,0.04657534246575343
2025-11-17 21:00:00+00:00,2025-12-05 00:00:00+00:00,AMZN,AMZN251205C00185000,call,True,185.0,47.6,50.1,48.65,232.8699951171875,0.6987334814453126,0.0370259995532744,0.0,1.0,2,2025-11-17 16:56:25+00:00,4.059722222222222,48.85,0.04657534246575343
2025-11-17 21:00:00+00:00,2025-12-05 00:00:00+00:00,AMZN,AMZN251205C00190000,call,True,190.0,42.7,44.9,41.57,232.8699951171875,0.6259803027343751,0.0370259995532744,0.0,15.0,193,2025-11-17 15:07:26+00:00,5.876111111111111,43.8,0.04657534246575343
2025-11-17 21:00:00+00:00,2025-12-05 00:00:00+00:00,AMZN,AMZN251205C00195000,call,True,195.0,37.8,39.95,36.1,232.8699951171875,0.5730023168945313,0.0370259995532744,0.0,37.0,39,2025-11-17 15:04:13+00:00,5.929722222222222,38.875,0.04657534246575343
2025-11-17 21:00:00+00:00,2025-12-05 00:00:00+00:00,AMZN,AMZN251205C00200000,call,True,200.0,33.0,35.2,32.52,232.8699951171875,0.5366257275390626,0.0370259995532744,0.0,22.0,72,2025-11-17 20:04:54+00:00,0.9183333333333333,34.1,0.04657534246575343
2025-11-17 21:00:00+00:00,2025-12-05 00:00:00+00:00,AMZN,AMZN251205C00205000,call,True,205.0,29.15,30.3,28.8,232.8699951171875,0.5329636547851562,0.0370259995532744,0.0,12.0,731,2025-11-14 20:58:37+00:00,72.02305555555556,29.725,0.04657534246575343
2025-11-17 21:00:00+00:00,2025-12-05 00:00:00+00:00,AMZN,AMZN251205C00210000,call,True,210.0,24.4,25.55,24.87,232.8699951171875,0.5271043383789062,0.0370259995532744,0.0,4.0,115,2025-11-17 16:36:19+00:00,4.394722222222223,24.975,0.04657534246575343
2025-11-17 21:00:00+00:00,2025-12-05 00:00:00+00:00,AMZN,AMZN251205C00215000,call,True,215.0,19.95,20.3,19.92,232.8699951171875,0.4315242395019532,0.0370259995532744,0.0,41.0,178,2025-11-17 20:34:07+00:00,0.4313888888888889,20.125,0.04657534246575343
2025-11-17 21:00:00+00:00,2025-12-05 00:00:00+00:00,AMZN,AMZN251205C00220000,call,True,220.0,15.9,16.25,16.0,232.8699951171875,0.4124814611816406,0.0370259995532744,0.0,466.0,160,2025-11-17 20:22:25+00:00,0.6263888888888889,16.075,0.04657534246575343
2025-11-17 21:00:00+00:00,2025-12-05 00:00:00+00:00,AMZN,AMZN251205C00225000,call,True,225.0,12.05,12.5,12.19,232.8699951171875,0.3922179919433594,0.0370259995532744,0.0,412.0,285,2025-11-17 20:17:43+00:00,0.7047222222222222,12.275,0.04657534246575343
2025-11-17 21:00:00+00:00,2025-12-05 00:00:00+00:00,AMZN,AMZN251205C00230000,call,True,230.0,8.85,9.1,8.95,232.8699951171875,0.3696962445068359,0.0370259995532744,0.0,881.0,502,2025-11-17 20:57:40+00:00,0.03888888888888889,8.975,0.04657534246575343
2025-11-17 21:00:00+00:00,2025-12-05 00:00:00+00:00,AMZN,AMZN251205C00235000,call,False,235.0,6.15,6.35,6.25,232.8699951171875,0.35547519531249994,0.0370259995532744,0.0,1353.0,1512,2025-11-17 20:58:17+00:00,0.02861111111111111,6.25,0.04657534246575343
2025-11-17 21:00:00+00:00,2025-12-05 00:00:00+00:00,AMZN,AMZN251205C00240000,call,False,240.0,4.05,4.2,4.05,232.8699951171875,0.3443669079589844,0.0370259995532744,0.0,2356.0,1541,2025-11-17 20:56:03+00:00,0.06583333333333333,4.125,0.04657534246575343
2025-11-17 21:00:00+00:00,2025-12-05 00:00:00+00:00,AMZN,AMZN251205C00245000,call,False,245.0,2.48,2.65,2.52,232.8699951171875,0.3371648315429688,0.0370259995532744,0.0,2563.0,2350,2025-11-17 20:59:24+00:00,0.01,2.565,0.04657534246575343
2025-11-17 21:00:00+00:00,2025-12-05 00:00:00+00:00,AMZN,AMZN251205C00250000,call,False,250.0,1.54,1.6,1.54,232.8699951171875,0.3327703442382813,0.0370259995532744,0.0,1485.0,4194,2025-11-17 20:59:17+00:00,0.011944444444444445,1.57,0.04657534246575343
2025-11-17 21:00:00+00:00,2025-12-05 00:00:00+00:00,AMZN,AMZN251205C00255000,call,False,255.0,0.92,0.97,0.95,232.8699951171875,0.33447931152343746,0.0370259995532744,0.0,1444.0,2484,2025-11-17 20:58:38+00:00,0.02277777777777778,0.9450000000000001,0.04657534246575343
2025-11-17 21:00:00+00:00,2025-12-05 00:00:00+00:00,AMZN,AMZN251205C00260000,call,False,260.0,0.58,0.6,0.58,232.8699951171875,0.3403386279296875,0.0370259995532744,0.0,1238.0,4306,2025-11-17 20:57:50+00:00,0.03611111111111111,0.59,0.04657534246575343
2025-11-17 21:00:00+00:00,2025-12-05 00:00:00+00:00,AMZN,AMZN251205C00265000,call,False,265.0,0.37,0.38,0.36,232.8699951171875,0.34888346435546874,0.0370259995532744,0.0,1692.0,2539,2025-11-17 20:48:45+00:00,0.1875,0.375,0.04657534246575343
2025-11-17 21:00:00+00:00,2025-12-05 00:00:00+00:00,AMZN,AMZN251205C00270000,call,False,270.0,0.24,0.26,0.25,232.8699951171875,0.362311064453125,0.0370259995532744,0.0,268.0,5159,2025-11-17 20:36:56+00:00,0.3844444444444444,0.25,0.04657534246575343
2025-11-17 21:00:00+00:00,2025-12-05 00:00:00+00:00,AMZN,AMZN251205C00275000,call,False,275.0,0.16,0.18,0.17,232.8699951171875,0.37500625,0.0370259995532744,0.0,95.0,1008,2025-11-17 20:43:25+00:00,0.2763888888888889,0.16999999999999998,0.04657534246575343
2025-11-17 21:00:00+00:00,2025-12-05 00:00:00+00:00,AMZN,AMZN251205C00280000,call,False,280.0,0.11,0.13,0.11,232.8699951171875,0.38867798828125,0.0370259995532744,0.0,69.0,1189,2025-11-17 20:10:19+00:00,0.8280555555555555,0.12,0.04657534246575343
2025-11-17 21:00:00+00:00,2025-12-05 00:00:00+00:00,AMZN,AMZN251205C00285000,call,False,285.0,0.08,0.1,0.1,232.8699951171875,0.405279384765625,0.0370259995532744,0.0,226.0,3035,2025-11-17 20:44:04+00:00,0.26555555555555554,0.09,0.04657534246575343
2025-11-17 21:00:00+00:00,2025-12-05 00:00:00+00:00,AMZN,AMZN251205C00290000,call,False,290.0,0.05,0.07,0.05,232.8699951171875,0.41602146484374997,0.0370259995532744,0.0,31.0,2396,2025-11-17 19:35:10+00:00,1.413888888888889,0.060000000000000005,0.04657534246575343
2025-11-17 21:00:00+00:00,2025-12-05 00:00:00+00:00,AMZN,AMZN251205C00295000,call,False,295.0,0.04,0.05,0.03,232.8699951171875,0.42578699218750005,0.0370259995532744,0.0,4.0,293,2025-11-17 18:03:49+00:00,2.9363888888888887,0.045,0.04657534246575343
2025-11-17 21:00:00+00:00,2025-12-05 00:00:00+00:00,AMZN,AMZN251205C00300000,call,False,300.0,0.03,0.04,0.04,232.8699951171875,0.4414118359375,0.0370259995532744,0.0,103.0,1858,2025-11-17 15:58:25+00:00,5.026388888888889,0.035,0.04657534246575343
2025-11-17 21:00:00+00:00,2025-12-05 00:00:00+00:00,AMZN,AMZN251205C00305000,call,False,305.0,0.02,0.04,0.05,232.8699951171875,0.46680220703125,0.0370259995532744,0.0,1.0,149,2025-11-14 14:38:50+00:00,78.35277777777777,0.03,0.04657534246575343
2025-11-17 21:00:00+00:00,2025-12-05 00:00:00+00:00,AMZN,AMZN251205C00310000,call,False,310.0,0.0,0.21,0.03,232.8699951171875,0.5488326367187502,0.0370259995532744,0.0,373.0,205,2025-11-14 17:03:08+00:00,75.94777777777777,0.105,0.04657534246575343
2025-11-17 21:00:00+00:00,2025-12-05 00:00:00+00:00,AMZN,AMZN251205C00315000,call,False,315.0,0.0,0.23,0.03,232.8699951171875,0.5820354296875,0.0370259995532744,0.0,6.0,33,2025-11-17 20:45:47+00:00,0.23694444444444446,0.115,0.04657534246575343
2025-11-17 21:00:00+00:00,2025-12-05 00:00:00+00:00,AMZN,AMZN251205C00320000,call,False,320.0,0.01,0.02,0.01,232.8699951171875,0.5039112109375,0.0370259995532744,0.0,2.0,105,2025-11-14 15:20:18+00:00,77.66166666666666,0.015,0.04657534246575343
2025-11-17 21:00:00+00:00,2025-12-05 00:00:00+00:00,AMZN,AMZN251205C00325000,call,False,325.0,0.0,0.22,0.01,232.8699951171875,0.629886513671875,0.0370259995532744,0.0,600.0,614,2025-11-14 20:52:00+00:00,72.13333333333334,0.11,0.04657534246575343
2025-11-17 21:00:00+00:00,2025-12-05 00:00:00+00:00,AMZN,AMZN251205C00330000,call,False,330.0,0.0,0.02,0.01,232.8699951171875,0.51562984375,0.0370259995532744,0.0,109.0,159,2025-11-14 20:51:44+00:00,72.13777777777777,0.01,0.04657534246575343
2025-11-17 21:00:00+00:00,2025-12-05 00:00:00+00:00,AMZN,AMZN251205C00335000,call,False,335.0,0.0,0.22,0.01,232.8699951171875,0.6787141503906251,0.0370259995532744,0.0,3.0,80,2025-11-13 16:57:13+00:00,100.04638888888888,0.11,0.04657534246575343
2025-11-17 21:00:00+00:00,2025-12-05 00:00:00+00:00,AMZN,AMZN251205C00345000,call,False,345.0,0.0,0.02,0.01,232.8699951171875,0.570316796875,0.0370259995532744,0.0,,20,2025-11-10 18:14:24+00:00,170.76,0.01,0.04657534246575343
2025-11-17 21:00:00+00:00,2025-12-05 00:00:00+00:00,AMZN,AMZN251205C00350000,call,False,350.0,0.0,0.22,0.01,232.8699951171875,0.7480493945312501,0.0370259995532744,0.0,5.0,1009,2025-11-13 20:45:50+00:00,96.23611111111111,0.11,0.04657534246575343
2025-11-17 21:00:00+00:00,2025-12-05 00:00:00+00:00,AMZN,AMZN251205P00120000,put,False,120.0,0.0,0.22,0.02,232.8699951171875,1.2265663671875,0.0370259995532744,0.0,1.0,2,2025-11-12 14:45:06+00:00,126.24833333333333,0.11,0.04657534246575343
2025-11-17 21:00:00+00:00,2025-12-05 00:00:00+00:00,AMZN,AMZN251205P00125000,put,False,125.0,0.0,0.23,0.01,232.8699951171875,1.162113564453125,0.0370259995532744,0.0,,1,2025-11-11 19:55:26+00:00,145.07611111111112,0.115,0.04657534246575343
2025-11-17 21:00:00+00:00,2025-12-05 00:00:00+00:00,AMZN,AMZN251205P00130000,put,False,130.0,0.0,0.24,0.02,232.8699951171875,1.0996138769531252,0.0370259995532744,0.0,130.0,1,2025-11-17 14:57:14+00:00,6.046111111111111,0.12,0.04657534246575343
2025-11-17 21:00:00+00:00,2025-12-05 00:00:00+00:00,AMZN,AMZN251205P00135000,put,False,135.0,0.0,0.21,0.01,232.8699951171875,1.017583037109375,0.0370259995532744,0.0,,1,2025-11-13 15:33:49+00:00,101.43638888888889,0.105,0.04657534246575343
2025-11-17 21:00:00+00:00,2025-12-05 00:00:00+00:00,AMZN,AMZN251205P00140000,put,False,140.0,0.0,0.18,0.02,232.8699951171875,0.937500625,0.0370259995532744,0.0,1.0,3,2025-11-17 14:30:02+00:00,6.499444444444444,0.09,0.04657534246575343
2025-11-17 21:00:00+00:00,2025-12-05 00:00:00+00:00,AMZN,AMZN251205P00145000,put,False,145.0,0.02,0.05,0.03,232.8699951171875,0.7929708203125,0.0370259995532744,0.0,1.0,8,2025-11-04 14:41:16+00:00,318.3122222222222,0.035,0.04657534246575343
2025-11-17 21:00:00+00:00,2025-12-05 00:00:00+00:00,AMZN,AMZN251205P00150000,put,False,150.0,0.03,0.05,0.05,232.8699951171875,0.7500025,0.0370259995532744,0.0,43.0,13,2025-11-17 15:23:01+00:00,5.616388888888889,0.04,0.04657534246575343
2025-11-17 21:00:00+00:00,2025-12-05 00:00:00+00:00,AMZN,AMZN251205P00155000,put,False,155.0,0.05,0.07,0.07,232.8699951171875,0.7304714453125,0.0370259995532744,0.0,11.0,1234,2025-11-17 16:31:32+00:00,4.474444444444444,0.060000000000000005,0.04657534246575343
2025-11-17 21:00:00+00:00,2025-12-05 00:00:00+00:00,AMZN,AMZN251205P00160000,put,False,160.0,0.06,0.08,0.09,232.8699951171875,0.6914093359375001,0.0370259995532744,0.0,27.0,33,2025-11-17 15:27:40+00:00,5.538888888888889,0.07,0.04657534246575343
2025-11-17 21:00:00+00:00,2025-12-05 00:00:00+00:00,AMZN,AMZN251205P00165000,put,False,165.0,0.09,0.11,0.12,232.8699951171875,0.6679720703125002,0.0370259995532744,0.0,6.0,36,2025-11-17 20:01:41+00:00,0.9719444444444445,0.1,0.04657534246575343
2025-11-17 21:00:00+00:00,2025-12-05 00:00:00+00:00,AMZN,AMZN251205P00170000,put,False,170.0,0.12,0.14,0.17,232.8699951171875,0.63867548828125,0.0370259995532744,0.0,11.0,211,2025-11-17 15:20:54+00:00,5.651666666666666,0.13,0.04657534246575343
2025-11-17 21:00:00+00:00,2025-12-05 00:00:00+00:00,AMZN,AMZN251205P00175000,put,False,175.0,0.16,0.18,0.18,232.8699951171875,0.6093789062500001,0.0370259995532744,0.0,10.0,128,2025-11-17 20:48:21+00:00,0.19416666666666665,0.16999999999999998,0.04657534246575343
2025-11-17 21:00:00+00:00,2025-12-05 00:00:00+00:00,AMZN,AMZN251205P00180000,put,False,180.0,0.21,0.23,0.23,232.8699951171875,0.57812921875,0.0370259995532744,0.0,46.0,469,2025-11-17 17:23:33+00:00,3.6075,0.22,0.04657534246575343
2025-11-17 21:00:00+00:00,2025-12-05 00:00:00+00:00,AMZN,AMZN251205P00185000,put,False,185.0,0.28,0.3,0.32,232.8699951171875,0.5498091894531252,0.0370259995532744,0.0,617.0,107,2025-11-17 20:06:49+00:00,0.8863888888888889,0.29000000000000004,0.04657534246575343
2025-11-17 21:00:00+00:00,2025-12-05 00:00:00+00:00,AMZN,AMZN251205P00190000,put,False,190.0,0.36,0.38,0.4,232.8699951171875,0.5170946728515625,0.0370259995532744,0.0,470.0,550,2025-11-17 20:35:02+00:00,0.4161111111111111,0.37,0.04657534246575343
2025-11-17 21:00:00+00:00,2025-12-05 00:00:00+00:00,AMZN,AMZN251205P00195000,put,False,195.0,0.47,0.49,0.48,232.8699951171875,0.48779809082031256,0.0370259995532744,0.0,414.0,358,2025-11-17 20:39:25+00:00,0.34305555555555556,0.48,0.04657534246575343
2025-11-17 21:00:00+00:00,2025-12-05 00:00:00+00:00,AMZN,AMZN251205P00200000,put,False,200.0,0.63,0.65,0.67,232.8699951171875,0.45825737060546884,0.0370259995532744,0.0,533.0,488,2025-11-17 20:54:50+00:00,0.08611111111111111,0.64,0.04657534246575343
2025-11-17 21:00:00+00:00,2025-12-05 00:00:00+00:00,AMZN,AMZN251205P00205000,put,False,205.0,0.86,0.89,0.88,232.8699951171875,0.43115803222656257,0.0370259995532744,0.0,471.0,397,2025-11-17 20:56:50+00:00,0.05277777777777778,0.875,0.04657534246575343
2025-11-17 21:00:00+00:00,2025-12-05 00:00:00+00:00,AMZN,AMZN251205P00210000,put,False,210.0,1.21,1.28,1.23,232.8699951171875,0.4094297338867187,0.0370259995532744,0.0,482.0,777,2025-11-17 20:49:48+00:00,0.17,1.245,0.04657534246575343
2025-11-17 21:00:00+00:00,2025-12-05 00:00:00+00:00,AMZN,AMZN251205P00215000,put,False,215.0,1.75,1.86,1.82,232.8699951171875,0.38941040283203127,0.0370259995532744,0.0,684.0,3416,2025-11-17 20:49:48+00:00,0.17,1.8050000000000002,0.04657534246575343
2025-11-17 21:00:00+00:00,2025-12-05 00:00:00+00:00,AMZN,AMZN251205P00220000,put,False,220.0,2.57,2.64,2.67,232.8699951171875,0.3667055517578125,0.0370259995532744,0.0,880.0,1521,2025-11-17 20:59:24+00:00,0.01,2.605,0.04657534246575343
2025-11-17 21:00:00+00:00,2025-12-05 00:00:00+00:00,AMZN,AMZN251205P00225000,put,False,225.0,3.75,3.9,3.95,232.8699951171875,0.3530338134765625,0.0370259995532744,0.0,1446.0,1081,2025-11-17 20:40:22+00:00,0.32722222222222225,3.825,0.04657534246575343
2025-11-17 21:00:00+00:00,2025-12-05 00:00:00+00:00,AMZN,AMZN251205P00230000,put,False,230.0,5.45,5.6,5.72,232.8699951171875,0.3386296606445312,0.0370259995532744,0.0,915.0,2284,2025-11-17 20:52:52+00:00,0.11888888888888889,5.525,0.04657534246575343
2025-11-17 21:00:00+00:00,2025-12-05 00:00:00+00:00,AMZN,AMZN251205P00235000,put,True,235.0,7.7,7.95,7.85,232.8699951171875,0.3297796514892578,0.0370259995532744,0.0,282.0,2687,2025-11-17 20:59:49+00:00,0.0030555555555555557,7.825,0.04657534246575343
2025-11-17 21:00:00+00:00,2025-12-05 00:00:00+00:00,AMZN,AMZN251205P00240000,put,True,240.0,10.55,11.15,11.05,232.8699951171875,0.3350896569824219,0.0370259995532744,0.0,519.0,1359,2025-11-17 20:54:15+00:00,0.09583333333333334,10.850000000000001,0.04657534246575343
2025-11-17 21:00:00+00:00,2025-12-05 00:00:00+00:00,AMZN,AMZN251205P00245000,put,True,245.0,14.0,14.3,15.39,232.8699951171875,0.30799031860351556,0.0370259995532744,0.0,137.0,1296,2025-11-17 20:24:36+00:00,0.59,14.15,0.04657534246575343
2025-11-17 21:00:00+00:00,2025-12-05 00:00:00+00:00,AMZN,AMZN251205P00250000,put,True,250.0,17.4,18.55,19.64,232.8699951171875,0.319220675048828,0.0370259995532744,0.0,26.0,974,2025-11-17 20:23:40+00:00,0.6055555555555555,17.975,0.04657534246575343
2025-11-17 21:00:00+00:00,2025-12-05 00:00:00+00:00,AMZN,AMZN251205P00255000,put,True,255.0,22.45,23.05,24.76,232.8699951171875,0.32959654785156245,0.0370259995532744,0.0,14.0,483,2025-11-17 15:53:24+00:00,5.11,22.75,0.04657534246575343
2025-11-17 21:00:00+00:00,2025-12-05 00:00:00+00:00,AMZN,AMZN251205P00260000,put,True,260.0,26.25,28.8,30.61,232.8699951171875,0.44946839599609373,0.0370259995532744,0.0,11.0,68,2025-11-17 15:34:41+00:00,5.421944444444445,27.525,0.04657534246575343
2025-11-17 21:00:00+00:00,2025-12-05 00:00:00+00:00,AMZN,AMZN251205P00265000,put,True,265.0,31.15,33.85,29.25,232.8699951171875,0.5051319018554687,0.0370259995532744,0.0,3.0,30,2025-11-14 18:23:55+00:00,74.60138888888889,32.5,0.04657534246575343
2025-11-17 21:00:00+00:00,2025-12-05 00:00:00+00:00,AMZN,AMZN251205P00270000,put,True,270.0,36.25,38.15,38.88,232.8699951171875,0.4819387744140625,0.0370259995532744,0.0,22.0,90,2025-11-17 14:52:14+00:00,6.129444444444444,37.2,0.04657534246575343
2025-11-17 21:00:00+00:00,2025-12-05 00:00:00+00:00,AMZN,AMZN251205P00275000,put,True,275.0,41.15,44.05,35.7,232.8699951171875,0.6201209863281252,0.0370259995532744,0.0,9.0,3,2025-11-07 17:54:36+00:00,243.09,42.599999999999994,0.04657534246575343
2025-11-17 21:00:00+00:00,2025-12-05 00:00:00+00:00,AMZN,AMZN251205P00280000,put,True,280.0,45.95,48.9,31.18,232.8699951171875,0.6511265356445313,0.0370259995532744,0.0,10.0,0,2025-11-11 20:40:39+00:00,144.3225,47.425,0.04657534246575343
2025-11-17 21:00:00+00:00,2025-12-05 00:00:00+00:00,AMZN,AMZN251205P00285000,put,True,285.0,51.1,54.05,36.35,232.8699951171875,0.5127001855468749,0.0370259995532744,0.0,1.0,0,2025-11-10 19:21:17+00:00,169.64527777777778,52.575,0.04657534246575343
2025-11-17 21:00:00+00:00,2025-12-05 00:00:00+00:00,AMZN,AMZN251205P00290000,put,True,290.0,56.1,58.9,46.6,232.8699951171875,0.5302781347656251,0.0370259995532744,0.0,1.0,0,2025-11-06 17:14:55+00:00,267.75138888888887,57.5,0.04657534246575343
2025-11-17 21:00:00+00:00,2025-12-05 00:00:00+00:00,AMZN,AMZN251205P00295000,put,True,295.0,61.0,64.0,50.2,232.8699951171875,0.5634809277343751,0.0370259995532744,0.0,,0,2025-11-06 20:19:03+00:00,264.6825,62.5,0.04657534246575343
2025-11-17 21:00:00+00:00,2025-12-05 00:00:00+00:00,AMZN,AMZN251205P00300000,put,True,300.0,66.55,68.95,51.05,232.8699951171875,0.6525913647460939,0.0370259995532744,0.0,1.0,0,2025-11-11 14:58:30+00:00,150.025,67.75,0.04657534246575343
2025-11-17 21:00:00+00:00,2025-12-05 00:00:00+00:00,AMZN,AMZN251205P00305000,put,True,305.0,70.95,73.95,48.89,232.8699951171875,0.6127968408203126,0.0370259995532744,0.0,1.0,0,2025-11-03 14:50:26+00:00,342.15944444444443,72.45,0.04657534246575343
2025-11-17 21:00:00+00:00,2025-12-05 00:00:00+00:00,AMZN,AMZN251205P00325000,put,True,325.0,91.0,94.0,70.05,232.8699951171875,0.745119736328125,0.0370259995532744,0.0,,0,2025-11-03 16:51:05+00:00,340.1486111111111,92.5,0.04657534246575343
2025-11-17 21:00:00+00:00,2025-12-12 00:00:00+00:00,AMZN,AMZN251212C00120000,call,True,120.0,112.25,115.25,129.55,232.8699951171875,1.410647478027344,0.0370259995532744,0.0,3.0,2,2025-11-10 15:19:09+00:00,173.68083333333334,113.75,0.06575342465753424
2025-11-17 21:00:00+00:00,2025-12-12 00:00:00+00:00,AMZN,AMZN251212C00135000,call,True,135.0,97.3,99.85,113.5,232.8699951171875,1.1416058544921874,0.0370259995532744,0.0,,1,2025-11-05 15:05:05+00:00,293.91527777777776,98.57499999999999,0.06575342465753424
2025-11-17 21:00:00+00:00,2025-12-12 00:00:00+00:00,AMZN,AMZN251212C00150000,call,True,150.0,82.4,85.3,82.45,232.8699951171875,1.009770576171875,0.0370259995532744,0.0,1.0,1,2025-11-11 19:54:43+00:00,145.08805555555554,83.85,0.06575342465753424
2025-11-17 21:00:00+00:00,2025-12-12 00:00:00+00:00,AMZN,AMZN251212C00155000,call,True,155.0,77.45,80.45,91.57,232.8699951171875,0.9650882397460938,0.0370259995532744,0.0,,2,2025-11-12 17:56:33+00:00,123.0575,78.95,0.06575342465753424
2025-11-17 21:00:00+00:00,2025-12-12 00:00:00+00:00,AMZN,AMZN251212C00160000,call,True,160.0,72.5,74.95,88.71,232.8699951171875,0.8598646826171875,0.0370259995532744,0.0,,20,2025-11-11 14:30:44+00:00,150.48777777777778,73.725,0.06575342465753424
2025-11-17 21:00:00+00:00,2025-12-12 00:00:00+00:00,AMZN,AMZN251212C00170000,call,True,170.0,62.6,65.65,81.58,232.8699951171875,0.8068866967773438,0.0370259995532744,0.0,,2,2025-11-05 20:56:17+00:00,288.06194444444446,64.125,0.06575342465753424
2025-11-17 21:00:00+00:00,2025-12-12 00:00:00+00:00,AMZN,AMZN251212C00175000,call,True,175.0,57.7,60.4,75.55,232.8699951171875,0.7358424853515625,0.0370259995532744,0.0,,1,2025-11-04 18:41:08+00:00,314.31444444444446,59.05,0.06575342465753424
2025-11-17 21:00:00+00:00,2025-12-12 00:00:00+00:00,AMZN,AMZN251212C00180000,call,True,180.0,52.8,55.0,54.35,232.8699951171875,0.6562534375000001,0.0370259995532744,0.0,1.0,15,2025-11-17 14:36:24+00:00,6.3933333333333335,53.9,0.06575342465753424
2025-11-17 21:00:00+00:00,2025-12-12 00:00:00+00:00,AMZN,AMZN251212C00185000,call,True,185.0,47.9,50.1,54.05,232.8699951171875,0.6130409790039064,0.0370259995532744,0.0,2.0,3,2025-11-13 20:53:50+00:00,96.10277777777777,49.0,0.06575342465753424
2025-11-17 21:00:00+00:00,2025-12-12 00:00:00+00:00,AMZN,AMZN251212C00190000,call,True,190.0,43.05,45.25,42.26,232.8699951171875,0.5742230078125,0.0370259995532744,0.0,16.0,1,2025-11-17 18:55:45+00:00,2.0708333333333333,44.15,0.06575342465753424
2025-11-17 21:00:00+00:00,2025-12-12 00:00:00+00:00,AMZN,AMZN251212C00195000,call,True,195.0,38.25,40.7,36.6,232.8699951171875,0.5499312585449221,0.0370259995532744,0.0,32.0,5,2025-11-17 15:04:13+00:00,5.929722222222222,39.475,0.06575342465753424
2025-11-17 21:00:00+00:00,2025-12-12 00:00:00+00:00,AMZN,AMZN251212C00200000,call,True,200.0,34.15,34.95,33.95,232.8699951171875,0.5312546875,0.0370259995532744,0.0,18.0,27,2025-11-17 20:45:38+00:00,0.23944444444444443,34.55,0.06575342465753424
2025-11-17 21:00:00+00:00,2025-12-12 00:00:00+00:00,AMZN,AMZN251212C00205000,call,True,205.0,28.85,30.2,27.65,232.8699951171875,0.48792015991210946,0.0370259995532744,0.0,6.0,15,2025-11-17 15:12:55+00:00,5.784722222222222,29.525,0.06575342465753424
2025-11-17 21:00:00+00:00,2025-12-12 00:00:00+00:00,AMZN,AMZN251212C00210000,call,True,210.0,25.05,26.0,24.65,232.8699951171875,0.47546911254882807,0.0370259995532744,0.0,9.0,92,2025-11-17 16:28:34+00:00,4.523888888888889,25.525,0.06575342465753424
2025-11-17 21:00:00+00:00,2025-12-12 00:00:00+00:00,AMZN,AMZN251212C00215000,call,True,215.0,20.55,21.6,21.33,232.8699951171875,0.4405573522949219,0.0370259995532744,0.0,32.0,42,2025-11-17 16:25:51+00:00,4.569166666666667,21.075000000000003,0.06575342465753424
2025-11-17 21:00:00+00:00,2025-12-12 00:00:00+00:00,AMZN,AMZN251212C00220000,call,True,220.0,17.05,17.4,15.65,232.8699951171875,0.4074766284179688,0.0370259995532744,0.0,67.0,98,2025-11-17 20:09:25+00:00,0.8430555555555556,17.225,0.06575342465753424
2025-11-17 21:00:00+00:00,2025-12-12 00:00:00+00:00,AMZN,AMZN251212C00225000,call,True,225.0,13.35,13.8,13.12,232.8699951171875,0.3909973010253906,0.0370259995532744,0.0,48.0,69,2025-11-17 20:53:56+00:00,0.10111111111111111,13.575,0.06575342465753424
2025-11-17 21:00:00+00:00,2025-12-12 00:00:00+00:00,AMZN,AMZN251212C00230000,call,True,230.0,10.2,10.45,10.2,232.8699951171875,0.3701845208740234,0.0370259995532744,0.0,688.0,186,2025-11-17 20:58:51+00:00,0.019166666666666665,10.325,0.06575342465753424
2025-11-17 21:00:00+00:00,2025-12-12 00:00:00+00:00,AMZN,AMZN251212C00235000,call,False,235.0,7.5,7.7,7.55,232.8699951171875,0.3573062316894531,0.0370259995532744,0.0,747.0,778,2025-11-17 20:47:31+00:00,0.20805555555555555,7.6,0.06575342465753424
2025-11-17 21:00:00+00:00,2025-12-12 00:00:00+00:00,AMZN,AMZN251212C00240000,call,False,240.0,5.3,5.45,5.33,232.8699951171875,0.34632001342773433,0.0370259995532744,0.0,885.0,1298,2025-11-17 20:59:47+00:00,0.003611111111111111,5.375,0.06575342465753424
2025-11-17 21:00:00+00:00,2025-12-12 00:00:00+00:00,AMZN,AMZN251212C00245000,call,False,245.0,3.6,3.75,3.66,232.8699951171875,0.33960621337890623,0.0370259995532744,0.0,427.0,745,2025-11-17 20:56:34+00:00,0.05722222222222222,3.675,0.06575342465753424
2025-11-17 21:00:00+00:00,2025-12-12 00:00:00+00:00,AMZN,AMZN251212C00250000,call,False,250.0,2.4,2.51,2.45,232.8699951171875,0.3355779333496094,0.0370259995532744,0.0,1344.0,1459,2025-11-17 20:55:07+00:00,0.08138888888888889,2.455,0.06575342465753424
2025-11-17 21:00:00+00:00,2025-12-12 00:00:00+00:00,AMZN,AMZN251212C00255000,call,False,255.0,1.59,1.63,1.6,232.8699951171875,0.3327703442382813,0.0370259995532744,0.0,1361.0,1948,2025-11-17 20:52:39+00:00,0.1225,1.6099999999999999,0.06575342465753424
2025-11-17 21:00:00+00:00,2025-12-12 00:00:00+00:00,AMZN,AMZN251212C00260000,call,False,260.0,1.05,1.1,1.08,232.8699951171875,0.3371648315429688,0.0370259995532744,0.0,1597.0,1398,2025-11-17 20:58:30+00:00,0.025,1.0750000000000002,0.06575342465753424
2025-11-17 21:00:00+00:00,2025-12-12 00:00:00+00:00,AMZN,AMZN251212C00265000,call,False,265.0,0.71,0.75,0.71,232.8699951171875,0.34326828613281246,0.0370259995532744,0.0,109.0,1187,2025-11-17 20:51:41+00:00,0.1386111111111111,0.73,0.06575342465753424
2025-11-17 21:00:00+00:00,2025-12-12 00:00:00+00:00,AMZN,AMZN251212C00270000,call,False,270.0,0.5,0.53,0.51,232.8699951171875,0.35205726074218746,0.0370259995532744,0.0,170.0,874,2025-11-17 20:54:53+00:00,0.08527777777777777,0.515,0.06575342465753424
2025-11-17 21:00:00+00:00,2025-12-12 00:00:00+00:00,AMZN,AMZN251212C00275000,call,False,275.0,0.36,0.39,0.36,232.8699951171875,0.3632876171875,0.0370259995532744,0.0,61.0,904,2025-11-17 20:54:25+00:00,0.09305555555555556,0.375,0.06575342465753424
2025-11-17 21:00:00+00:00,2025-12-12 00:00:00+00:00,AMZN,AMZN251212C00280000,call,False,280.0,0.26,0.29,0.23,232.8699951171875,0.3745179736328125,0.0370259995532744,0.0,29.0,986,2025-11-17 18:38:32+00:00,2.3577777777777778,0.275,0.06575342465753424
2025-11-17 21:00:00+00:00,2025-12-12 00:00:00+00:00,AMZN,AMZN251212C00285000,call,False,285.0,0.19,0.22,0.17,232.8699951171875,0.3857483300781249,0.0370259995532744,0.0,26.0,303,2025-11-17 16:48:34+00:00,4.190555555555555,0.20500000000000002,0.06575342465753424
2025-11-17 21:00:00+00:00,2025-12-12 00:00:00+00:00,AMZN,AMZN251212C00290000,call,False,290.0,0.14,0.16,0.14,232.8699951171875,0.393560751953125,0.0370259995532744,0.0,54.0,288,2025-11-17 15:30:52+00:00,5.485555555555556,0.15000000000000002,0.06575342465753424
2025-11-17 21:00:00+00:00,2025-12-12 00:00:00+00:00,AMZN,AMZN251212C00295000,call,False,295.0,0.1,0.13,0.1,232.8699951171875,0.407232490234375,0.0370259995532744,0.0,16.0,103,2025-11-17 14:30:09+00:00,6.4975,0.115,0.06575342465753424
2025-11-17 21:00:00+00:00,2025-12-12 00:00:00+00:00,AMZN,AMZN251212C00300000,call,False,300.0,0.07,0.08,0.07,232.8699951171875,0.4062559375,0.0370259995532744,0.0,46.0,5838,2025-11-17 17:33:00+00:00,3.45,0.07500000000000001,0.06575342465753424
2025-11-17 21:00:00+00:00,2025-12-12 00:00:00+00:00,AMZN,AMZN251212C00305000,call,False,305.0,0.05,0.07,0.07,232.8699951171875,0.42188078125,0.0370259995532744,0.0,4.0,29,2025-11-17 14:30:01+00:00,6.499722222222222,0.060000000000000005,0.06575342465753424
2025-11-17 21:00:00+00:00,2025-12-12 00:00:00+00:00,AMZN,AMZN251212C00310000,call,False,310.0,0.0,0.09,0.06,232.8699951171875,0.45703667968750006,0.0370259995532744,0.0,1.0,17,2025-11-14 19:02:52+00:00,73.95222222222222,0.045,0.06575342465753424
2025-11-17 21:00:00+00:00,2025-12-12 00:00:00+00:00,AMZN,AMZN251212C00315000,call,False,315.0,0.03,0.06,0.12,232.8699951171875,0.45703667968750006,0.0370259995532744,0.0,1.0,19,2025-11-10 20:14:43+00:00,168.75472222222223,0.045,0.06575342465753424
2025-11-17 21:00:00+00:00,2025-12-12 00:00:00+00:00,AMZN,AMZN251212C00320000,call,False,320.0,0.02,0.05,0.05,232.8699951171875,0.4687553125,0.0370259995532744,0.0,3.0,16,2025-11-17 14:42:45+00:00,6.2875,0.035,0.06575342465753424
2025-11-17 21:00:00+00:00,2025-12-12 00:00:00+00:00,AMZN,AMZN251212C00325000,call,False,325.0,0.01,0.23,0.05,232.8699951171875,0.5400436621093752,0.0370259995532744,0.0,8.0,26,2025-11-11 14:42:54+00:00,150.285,0.12000000000000001,0.06575342465753424
2025-11-17 21:00:00+00:00,2025-12-12 00:00:00+00:00,AMZN,AMZN251212C00330000,call,False,330.0,0.01,0.04,0.02,232.8699951171875,0.49609878906250005,0.0370259995532744,0.0,1.0,71,2025-11-17 14:56:08+00:00,6.064444444444445,0.025,0.06575342465753424
2025-11-17 21:00:00+00:00,2025-12-12 00:00:00+00:00,AMZN,AMZN251212C00340000,call,False,340.0,0.0,0.23,0.05,232.8699951171875,0.5996133789062501,0.0370259995532744,0.0,4.0,5,2025-11-10 14:52:11+00:00,174.1302777777778,0.115,0.06575342465753424
2025-11-17 21:00:00+00:00,2025-12-12 00:00:00+00:00,AMZN,AMZN251212P00120000,put,False,120.0,0.0,0.18,0.01,232.8699951171875,1.015629921875,0.0370259995532744,0.0,,1,2025-11-10 17:28:25+00:00,171.5263888888889,0.09,0.06575342465753424
2025-11-17 21:00:00+00:00,2025-12-12 00:00:00+00:00,AMZN,AMZN251212P00125000,put,False,125.0,0.01,0.03,0.01,232.8699951171875,0.8203142968749999,0.0370259995532744,0.0,,1,2025-11-10 17:28:45+00:00,171.52083333333334,0.02,0.06575342465753424
2025-11-17 21:00:00+00:00,2025-12-12 00:00:00+00:00,AMZN,AMZN251212P00150000,put,False,150.0,0.06,0.09,0.09,232.8699951171875,0.6835969140625001,0.0370259995532744,0.0,20.0,9,2025-11-13 16:16:13+00:00,100.72972222222222,0.075,0.06575342465753424
2025-11-17 21:00:00+00:00,2025-12-12 00:00:00+00:00,AMZN,AMZN251212P00160000,put,False,160.0,0.12,0.15,0.14,232.8699951171875,0.6367223828125,0.0370259995532744,0.0,4.0,15,2025-11-14 20:53:22+00:00,72.11055555555555,0.135,0.06575342465753424
2025-11-17 21:00:00+00:00,2025-12-12 00:00:00+00:00,AMZN,AMZN251212P00165000,put,False,165.0,0.16,0.19,0.19,232.8699951171875,0.6113320117187502,0.0370259995532744,0.0,4.0,24,2025-11-17 19:21:48+00:00,1.6366666666666667,0.175,0.06575342465753424
2025-11-17 21:00:00+00:00,2025-12-12 00:00:00+00:00,AMZN,AMZN251212P00170000,put,False,170.0,0.21,0.23,0.26,232.8699951171875,0.5839885351562499,0.0370259995532744,0.0,205.0,394,2025-11-17 16:05:08+00:00,4.914444444444444,0.22,0.06575342465753424
2025-11-17 21:00:00+00:00,2025-12-12 00:00:00+00:00,AMZN,AMZN251212P00175000,put,False,175.0,0.27,0.29,0.33,232.8699951171875,0.5576216113281252,0.0370259995532744,0.0,596.0,1181,2025-11-17 20:01:11+00:00,0.9802777777777778,0.28,0.06575342465753424
2025-11-17 21:00:00+00:00,2025-12-12 00:00:00+00:00,AMZN,AMZN251212P00180000,put,False,180.0,0.34,0.37,0.36,232.8699951171875,0.5312546875,0.0370259995532744,0.0,38.0,22,2025-11-17 20:36:33+00:00,0.3908333333333333,0.355,0.06575342465753424
2025-11-17 21:00:00+00:00,2025-12-12 00:00:00+00:00,AMZN,AMZN251212P00185000,put,False,185.0,0.44,0.46,0.5,232.8699951171875,0.5043994873046875,0.0370259995532744,0.0,3.0,202,2025-11-17 19:16:51+00:00,1.7191666666666667,0.45,0.06575342465753424
2025-11-17 21:00:00+00:00,2025-12-12 00:00:00+00:00,AMZN,AMZN251212P00190000,put,False,190.0,0.56,0.59,0.66,232.8699951171875,0.48071808349609374,0.0370259995532744,0.0,279.0,558,2025-11-17 20:01:25+00:00,0.9763888888888889,0.575,0.06575342465753424
2025-11-17 21:00:00+00:00,2025-12-12 00:00:00+00:00,AMZN,AMZN251212P00195000,put,False,195.0,0.73,0.76,0.82,232.8699951171875,0.45508357421875,0.0370259995532744,0.0,21.0,159,2025-11-17 20:00:00+00:00,1.0,0.745,0.06575342465753424
2025-11-17 21:00:00+00:00,2025-12-12 00:00:00+00:00,AMZN,AMZN251212P00200000,put,False,200.0,0.96,1.0,1.04,232.8699951171875,0.43140217041015627,0.0370259995532744,0.0,64.0,2616,2025-11-17 20:42:20+00:00,0.29444444444444445,0.98,0.06575342465753424
2025-11-17 21:00:00+00:00,2025-12-12 00:00:00+00:00,AMZN,AMZN251212P00205000,put,False,205.0,1.3,1.34,1.42,232.8699951171875,0.4094297338867187,0.0370259995532744,0.0,397.0,2572,2025-11-17 20:41:08+00:00,0.31444444444444447,1.32,0.06575342465753424
2025-11-17 21:00:00+00:00,2025-12-12 00:00:00+00:00,AMZN,AMZN251212P00210000,put,False,210.0,1.78,1.83,1.97,232.8699951171875,0.38977661010742193,0.0370259995532744,0.0,104.0,341,2025-11-17 20:33:08+00:00,0.4477777777777778,1.8050000000000002,0.06575342465753424
2025-11-17 21:00:00+00:00,2025-12-12 00:00:00+00:00,AMZN,AMZN251212P00215000,put,False,215.0,2.46,2.6,2.53,232.8699951171875,0.3764710791015625,0.0370259995532744,0.0,345.0,1099,2025-11-17 20:53:50+00:00,0.10277777777777777,2.5300000000000002,0.06575342465753424
2025-11-17 21:00:00+00:00,2025-12-12 00:00:00+00:00,AMZN,AMZN251212P00220000,put,False,220.0,3.45,3.55,3.55,232.8699951171875,0.3587710607910156,0.0370259995532744,0.0,502.0,3334,2025-11-17 20:53:32+00:00,0.10777777777777778,3.5,0.06575342465753424
2025-11-17 21:00:00+00:00,2025-12-12 00:00:00+00:00,AMZN,AMZN251212P00225000,put,False,225.0,4.8,4.95,4.92,232.8699951171875,0.34729656616210935,0.0370259995532744,0.0,427.0,5728,2025-11-17 20:59:16+00:00,0.012222222222222223,4.875,0.06575342465753424
2025-11-17 21:00:00+00:00,2025-12-12 00:00:00+00:00,AMZN,AMZN251212P00230000,put,False,230.0,6.6,6.75,6.7,232.8699951171875,0.33551689880371094,0.0370259995532744,0.0,265.0,804,2025-11-17 20:59:30+00:00,0.008333333333333333,6.675,0.06575342465753424
2025-11-17 21:00:00+00:00,2025-12-12 00:00:00+00:00,AMZN,AMZN251212P00235000,put,True,235.0,8.85,9.05,9.11,232.8699951171875,0.32520206054687495,0.0370259995532744,0.0,409.0,552,2025-11-17 20:53:11+00:00,0.11361111111111111,8.95,0.06575342465753424
2025-11-17 21:00:00+00:00,2025-12-12 00:00:00+00:00,AMZN,AMZN251212P00240000,put,True,240.0,11.45,12.5,11.74,232.8699951171875,0.3429631134033203,0.0370259995532744,0.0,177.0,580,2025-11-17 20:26:50+00:00,0.5527777777777778,11.975,0.06575342465753424
2025-11-17 21:00:00+00:00,2025-12-12 00:00:00+00:00,AMZN,AMZN251212P00245000,put,True,245.0,14.95,15.2,16.75,232.8699951171875,0.3070137658691406,0.0370259995532744,0.0,124.0,630,2025-11-17 16:25:54+00:00,4.568333333333333,15.075,0.06575342465753424
2025-11-17 21:00:00+00:00,2025-12-12 00:00:00+00:00,AMZN,AMZN251212P00250000,put,True,250.0,18.05,19.6,19.2,232.8699951171875,0.33350275878906255,0.0370259995532744,0.0,85.0,388,2025-11-17 20:47:14+00:00,0.2127777777777778,18.825000000000003,0.06575342465753424
2025-11-17 21:00:00+00:00,2025-12-12 00:00:00+00:00,AMZN,AMZN251212P00255000,put,True,255.0,22.8,23.3,23.42,232.8699951171875,0.2999337585449219,0.0370259995532744,0.0,41.0,106,2025-11-17 20:48:23+00:00,0.19361111111111112,23.05,0.06575342465753424
2025-11-17 21:00:00+00:00,2025-12-12 00:00:00+00:00,AMZN,AMZN251212P00260000,put,True,260.0,27.3,27.95,25.15,232.8699951171875,0.31201859863281245,0.0370259995532744,0.0,250.0,133,2025-11-14 20:13:58+00:00,72.76722222222222,27.625,0.06575342465753424
2025-11-17 21:00:00+00:00,2025-12-12 00:00:00+00:00,AMZN,AMZN251212P00265000,put,True,265.0,32.15,33.55,18.7,232.8699951171875,0.405279384765625,0.0370259995532744,0.0,15.0,30,2025-11-11 17:52:15+00:00,147.12916666666666,32.849999999999994,0.06575342465753424
2025-11-17 21:00:00+00:00,2025-12-12 00:00:00+00:00,AMZN,AMZN251212P00270000,put,True,270.0,36.25,37.4,35.85,232.8699951171875,0.309577216796875,0.0370259995532744,0.0,1.0,73,2025-11-14 14:49:45+00:00,78.17083333333333,36.825,0.06575342465753424
2025-11-17 21:00:00+00:00,2025-12-12 00:00:00+00:00,AMZN,AMZN251212P00275000,put,True,275.0,41.1,44.1,38.97,232.8699951171875,0.5300339965820313,0.0370259995532744,0.0,12.0,81,2025-11-14 18:04:07+00:00,74.93138888888889,42.6,0.06575342465753424
2025-11-17 21:00:00+00:00,2025-12-12 00:00:00+00:00,AMZN,AMZN251212P00280000,put,True,280.0,46.1,49.05,36.9,232.8699951171875,0.5650678259277344,0.0370259995532744,0.0,,3,2025-11-06 15:56:38+00:00,269.05611111111114,47.575,0.06575342465753424
2025-11-17 21:00:00+00:00,2025-12-12 00:00:00+00:00,AMZN,AMZN251212P00285000,put,True,285.0,51.1,54.15,47.27,232.8699951171875,0.6109658044433595,0.0370259995532744,0.0,8.0,0,2025-11-14 17:02:42+00:00,75.955,52.625,0.06575342465753424
2025-11-17 21:00:00+00:00,2025-12-12 00:00:00+00:00,AMZN,AMZN251212P00295000,put,True,295.0,61.1,64.1,39.2,232.8699951171875,0.6782258740234376,0.0370259995532744,0.0,,0,2025-11-03 15:09:38+00:00,341.83944444444444,62.599999999999994,0.06575342465753424
2025-11-17 21:00:00+00:00,2025-12-19 00:00:00+00:00,AMZN,AMZN251219C00050000,call,True,50.0,182.0,183.95,180.32,232.8699951171875,2.031254921875,0.0370259995532744,0.0,6.0,3442,2025-11-17 14:56:18+00:00,6.0616666666666665,182.975,0.08493150684931507
2025-11-17 21:00:00+00:00,2025-12-19 00:00:00+00:00,AMZN,AMZN251219C00055000,call,True,55.0,176.2,179.85,189.2,232.8699951171875,1.99609376953125,0.0370259995532744,0.0,4.0,462,2025-11-07 20:33:11+00:00,240.44694444444445,178.02499999999998,0.08493150684931507
2025-11-17 21:00:00+00:00,2025-12-19 00:00:00+00:00,AMZN,AMZN251219C00060000,call,True,60.0,171.95,174.05,188.35,232.8699951171875,1.8398445507812498,0.0370259995532744,0.0,14.0,1151,2025-11-11 16:09:24+00:00,148.84333333333333,173.0,0.08493150684931507
2025-11-17 21:00:00+00:00,2025-12-19 00:00:00+00:00,AMZN,AMZN251219C00065000,call,True,65.0,167.0,169.05,191.65,232.8699951171875,1.7714855175781248,0.0370259995532744,0.0,2.0,1008,2025-11-03 17:24:30+00:00,339.59166666666664,168.025,0.08493150684931507
2025-11-17 21:00:00+00:00,2025-12-19 00:00:00+00:00,AMZN,AMZN251219C00070000,call,True,70.0,161.25,164.85,161.39,232.8699951171875,1.703126484375,0.0370259995532744,0.0,2.0,659,2025-11-05 15:32:08+00:00,293.46444444444444,163.05,0.08493150684931507
2025-11-17 21:00:00+00:00,2025-12-19 00:00:00+00:00,AMZN,AMZN251219C00075000,call,True,75.0,156.55,159.1,181.72,232.8699951171875,2.1543014892578123,0.0370259995532744,0.0,1.0,889,2025-11-03 17:24:25+00:00,339.59305555555557,157.825,0.08493150684931507
2025-11-17 21:00:00+00:00,2025-12-19 00:00:00+00:00,AMZN,AMZN251219C00080000,call,True,80.0,151.3,154.85,177.0,232.8699951171875,1.5468772656249998,0.0370259995532744,0.0,1.0,288,2025-11-03 14:39:07+00:00,342.34805555555556,153.075,0.08493150684931507
2025-11-17 21:00:00+00:00,2025-12-19 00:00:00+00:00,AMZN,AMZN251219C00085000,call,True,85.0,146.6,149.2,166.05,232.8699951171875,1.1875040625,0.0370259995532744,0.0,125.0,242,2025-11-04 18:02:33+00:00,314.9575,147.89999999999998,0.08493150684931507
2025-11-17 21:00:00+00:00,2025-12-19 00:00:00+00:00,AMZN,AMZN251219C00090000,call,True,90.0,141.6,143.7,141.35,232.8699951171875,1.7070327148437499,0.0370259995532744,0.0,1.0,543,2025-11-11 20:32:41+00:00,144.45527777777778,142.64999999999998,0.08493150684931507
2025-11-17 21:00:00+00:00,2025-12-19 00:00:00+00:00,AMZN,AMZN251219C00095000,call,True,95.0,137.1,138.9,154.6,232.8699951171875,1.2402381738281247,0.0370259995532744,0.0,5.0,1380,2025-11-11 20:33:40+00:00,144.4388888888889,138.0,0.08493150684931507
2025-11-17 21:00:00+00:00,2025-12-19 00:00:00+00:00,AMZN,AMZN251219C00100000,call,True,100.0,132.45,133.95,133.34,232.8699951171875,1.3261752441406247,0.0370259995532744,0.0,21.0,6866,2025-11-17 15:02:55+00:00,5.951388888888889,133.2,0.08493150684931507
2025-11-17 21:00:00+00:00,2025-12-19 00:00:00+00:00,AMZN,AMZN251219C00105000,call,True,105.0,127.05,129.0,145.07,232.8699951171875,1.1347699511718752,0.0370259995532744,0.0,1.0,1618,2025-11-05 19:04:17+00:00,289.92861111111114,128.025,0.08493150684931507
2025-11-17 21:00:00+00:00,2025-12-19 00:00:00+00:00,AMZN,AMZN251219C00110000,call,True,110.0,122.3,124.3,128.9,232.8699951171875,1.2353553857421873,0.0370259995532744,0.0,1.0,3548,2025-11-13 19:50:31+00:00,97.15805555555555,123.3,0.08493150684931507
2025-11-17 21:00:00+00:00,2025-12-19 00:00:00+00:00,AMZN,AMZN251219C00115000,call,True,115.0,117.35,119.2,118.75,232.8699951171875,1.158207333984375,0.0370259995532744,0.0,2.0,762,2025-11-11 15:32:38+00:00,149.4561111111111,118.275,0.08493150684931507
2025-11-17 21:00:00+00:00,2025-12-19 00:00:00+00:00,AMZN,AMZN251219C00120000,call,True,120.0,112.35,114.4,112.96,232.8699951171875,1.1337933935546878,0.0370259995532744,0.0,21.0,2499,2025-11-17 15:16:14+00:00,5.729444444444445,113.375,0.08493150684931507
2025-11-17 21:00:00+00:00,2025-12-19 00:00:00+00:00,AMZN,AMZN251219C00125000,call,True,125.0,107.6,109.3,110.8,232.8699951171875,1.0957076464843751,0.0370259995532744,0.0,1.0,6306,2025-11-14 20:16:18+00:00,72.72833333333334,108.44999999999999,0.08493150684931507
2025-11-17 21:00:00+00:00,2025-12-19 00:00:00+00:00,AMZN,AMZN251219C00130000,call,True,130.0,102.4,104.5,107.76,232.8699951171875,1.0341845166015626,0.0370259995532744,0.0,2.0,1202,2025-11-13 20:54:53+00:00,96.08527777777778,103.45,0.08493150684931507
2025-11-17 21:00:00+00:00,2025-12-19 00:00:00+00:00,AMZN,AMZN251219C00135000,call,True,135.0,97.45,99.5,115.0,232.8699951171875,0.98242205078125,0.0370259995532744,0.0,1.0,878,2025-11-11 18:47:35+00:00,146.20694444444445,98.475,0.08493150684931507
2025-11-17 21:00:00+00:00,2025-12-19 00:00:00+00:00,AMZN,AMZN251219C00140000,call,True,140.0,92.55,94.5,93.19,232.8699951171875,0.937500625,0.0370259995532744,0.0,4.0,2349,2025-11-13 17:07:45+00:00,99.87083333333334,93.525,0.08493150684931507
2025-11-17 21:00:00+00:00,2025-12-19 00:00:00+00:00,AMZN,AMZN251219C00145000,call,True,145.0,87.6,89.55,85.9,232.8699951171875,0.8930674755859375,0.0370259995532744,0.0,1.0,1090,2025-11-17 15:59:20+00:00,5.011111111111111,88.57499999999999,0.08493150684931507
2025-11-17 21:00:00+00:00,2025-12-19 00:00:00+00:00,AMZN,AMZN251219C00150000,call,True,150.0,82.8,84.5,81.7,232.8699951171875,0.8537612280273439,0.0370259995532744,0.0,25.0,10684,2025-11-17 19:54:47+00:00,1.0869444444444445,83.65,0.08493150684931507
2025-11-17 21:00:00+00:00,2025-12-19 00:00:00+00:00,AMZN,AMZN251219C00155000,call,True,155.0,77.7,79.65,79.0,232.8699951171875,0.8042011767578124,0.0370259995532744,0.0,3.0,1431,2025-11-17 17:23:24+00:00,3.61,78.67500000000001,0.08493150684931507
2025-11-17 21:00:00+00:00,2025-12-19 00:00:00+00:00,AMZN,AMZN251219C00160000,call,True,160.0,72.8,74.75,74.34,232.8699951171875,0.7685570019531252,0.0370259995532744,0.0,5.0,1803,2025-11-17 17:32:25+00:00,3.459722222222222,73.775,0.08493150684931507
2025-11-17 21:00:00+00:00,2025-12-19 00:00:00+00:00,AMZN,AMZN251219C00165000,call,True,165.0,67.85,69.8,67.72,232.8699951171875,0.7236355761718749,0.0370259995532744,0.0,9.0,1189,2025-11-17 17:45:10+00:00,3.2472222222222222,68.82499999999999,0.08493150684931507
2025-11-17 21:00:00+00:00,2025-12-19 00:00:00+00:00,AMZN,AMZN251219C00170000,call,True,170.0,62.9,65.05,61.57,232.8699951171875,0.6928741650390625,0.0370259995532744,0.0,15.0,2382,2025-11-13 16:26:54+00:00,100.55166666666666,63.974999999999994,0.08493150684931507
2025-11-17 21:00:00+00:00,2025-12-19 00:00:00+00:00,AMZN,AMZN251219C00175000,call,True,175.0,58.0,60.15,57.1,232.8699951171875,0.6535679174804689,0.0370259995532744,0.0,2.0,2699,2025-11-17 19:02:21+00:00,1.9608333333333334,59.075,0.08493150684931507
2025-11-17 21:00:00+00:00,2025-12-19 00:00:00+00:00,AMZN,AMZN251219C00180000,call,True,180.0,53.35,55.0,53.3,232.8699951171875,0.6130409790039064,0.0370259995532744,0.0,22.0,4973,2025-11-17 18:35:03+00:00,2.4158333333333335,54.175,0.08493150684931507
2025-11-17 21:00:00+00:00,2025-12-19 00:00:00+00:00,AMZN,AMZN251219C00185000,call,True,185.0,48.35,50.25,47.36,232.8699951171875,0.5742230078125,0.0370259995532744,0.0,99.0,1877,2025-11-17 19:13:36+00:00,1.7733333333333334,49.3,0.08493150684931507
2025-11-17 21:00:00+00:00,2025-12-19 00:00:00+00:00,AMZN,AMZN251219C00190000,call,True,190.0,43.55,45.45,42.85,232.8699951171875,0.5407760766601564,0.0370259995532744,0.0,5.0,3189,2025-11-17 19:23:26+00:00,1.6094444444444445,44.5,0.08493150684931507
2025-11-17 21:00:00+00:00,2025-12-19 00:00:00+00:00,AMZN,AMZN251219C00195000,call,True,195.0,39.6,40.0,39.9,232.8699951171875,0.5127001855468749,0.0370259995532744,0.0,38.0,3617,2025-11-17 20:58:55+00:00,0.018055555555555554,39.8,0.08493150684931507
2025-11-17 21:00:00+00:00,2025-12-19 00:00:00+00:00,AMZN,AMZN251219C00200000,call,True,200.0,34.8,35.3,33.6,232.8699951171875,0.4939015454101563,0.0370259995532744,0.0,629.0,8335,2025-11-17 20:19:26+00:00,0.6761111111111111,35.05,0.08493150684931507
2025-11-17 21:00:00+00:00,2025-12-19 00:00:00+00:00,AMZN,AMZN251219C00205000,call,True,205.0,30.4,30.65,29.0,232.8699951171875,0.4591118542480469,0.0370259995532744,0.0,55.0,6511,2025-11-17 18:47:59+00:00,2.200277777777778,30.525,0.08493150684931507
2025-11-17 21:00:00+00:00,2025-12-19 00:00:00+00:00,AMZN,AMZN251219C00210000,call,True,210.0,26.0,26.25,26.1,232.8699951171875,0.4335994140625,0.0370259995532744,0.0,182.0,8563,2025-11-17 20:40:23+00:00,0.3269444444444444,26.125,0.08493150684931507
2025-11-17 21:00:00+00:00,2025-12-19 00:00:00+00:00,AMZN,AMZN251219C00215000,call,True,215.0,21.85,22.1,20.91,232.8699951171875,0.41309180664062495,0.0370259995532744,0.0,123.0,5906,2025-11-17 20:28:47+00:00,0.5202777777777777,21.975,0.08493150684931507
2025-11-17 21:00:00+00:00,2025-12-19 00:00:00+00:00,AMZN,AMZN251219C00220000,call,True,220.0,17.95,18.2,17.95,232.8699951171875,0.3942931665039063,0.0370259995532744,0.0,2331.0,12809,2025-11-17 20:59:26+00:00,0.009444444444444445,18.075,0.08493150684931507
2025-11-17 21:00:00+00:00,2025-12-19 00:00:00+00:00,AMZN,AMZN251219C00225000,call,True,225.0,14.4,14.7,14.55,232.8699951171875,0.38068246276855466,0.0370259995532744,0.0,472.0,9323,2025-11-17 20:59:56+00:00,0.0011111111111111111,14.55,0.08493150684931507
2025-11-17 21:00:00+00:00,2025-12-19 00:00:00+00:00,AMZN,AMZN251219C00230000,call,True,230.0,11.3,11.5,11.29,232.8699951171875,0.36591210266113283,0.0370259995532744,0.0,6618.0,15188,2025-11-17 20:59:11+00:00,0.01361111111111111,11.4,0.08493150684931507
2025-11-17 21:00:00+00:00,2025-12-19 00:00:00+00:00,AMZN,AMZN251219C00235000,call,False,235.0,8.6,8.75,8.62,232.8699951171875,0.3540103662109374,0.0370259995532744,0.0,2769.0,32332,2025-11-17 20:59:43+00:00,0.004722222222222222,8.675,0.08493150684931507
2025-11-17 21:00:00+00:00,2025-12-19 00:00:00+00:00,AMZN,AMZN251219C00240000,call,False,240.0,6.35,6.5,6.35,232.8699951171875,0.34564863342285157,0.0370259995532744,0.0,6950.0,23733,2025-11-17 20:59:43+00:00,0.004722222222222222,6.425,0.08493150684931507
2025-11-17 21:00:00+00:00,2025-12-19 00:00:00+00:00,AMZN,AMZN251219C00245000,call,False,245.0,4.55,4.7,4.58,232.8699951171875,0.3391179370117187,0.0370259995532744,0.0,4170.0,19823,2025-11-17 20:59:32+00:00,0.0077777777777777776,4.625,0.08493150684931507
2025-11-17 21:00:00+00:00,2025-12-19 00:00:00+00:00,AMZN,AMZN251219C00250000,call,False,250.0,3.2,3.3,3.2,232.8699951171875,0.33374689697265625,0.0370259995532744,0.0,6036.0,30670,2025-11-17 20:59:50+00:00,0.002777777777777778,3.25,0.08493150684931507
2025-11-17 21:00:00+00:00,2025-12-19 00:00:00+00:00,AMZN,AMZN251219C00255000,call,False,255.0,2.22,2.29,2.24,232.8699951171875,0.33130551513671874,0.0370259995532744,0.0,6115.0,45034,2025-11-17 20:59:57+00:00,0.0008333333333333334,2.255,0.08493150684931507
2025-11-17 21:00:00+00:00,2025-12-19 00:00:00+00:00,AMZN,AMZN251219C00260000,call,False,260.0,1.54,1.58,1.56,232.8699951171875,0.33130551513671874,0.0370259995532744,0.0,5998.0,28059,2025-11-17 20:59:57+00:00,0.0008333333333333334,1.56,0.08493150684931507
2025-11-17 21:00:00+00:00,2025-12-19 00:00:00+00:00,AMZN,AMZN251219C00265000,call,False,265.0,1.07,1.12,1.1,232.8699951171875,0.3354558642578125,0.0370259995532744,0.0,1297.0,14389,2025-11-17 20:58:33+00:00,0.024166666666666666,1.0950000000000002,0.08493150684931507
2025-11-17 21:00:00+00:00,2025-12-19 00:00:00+00:00,AMZN,AMZN251219C00270000,call,False,270.0,0.76,0.8,0.79,232.8699951171875,0.340826904296875,0.0370259995532744,0.0,1428.0,53645,2025-11-17 20:58:58+00:00,0.017222222222222222,0.78,0.08493150684931507
2025-11-17 21:00:00+00:00,2025-12-19 00:00:00+00:00,AMZN,AMZN251219C00275000,call,False,275.0,0.57,0.59,0.58,232.8699951171875,0.34839518798828123,0.0370259995532744,0.0,829.0,18533,2025-11-17 20:56:49+00:00,0.05305555555555556,0.58,0.08493150684931507
2025-11-17 21:00:00+00:00,2025-12-19 00:00:00+00:00,AMZN,AMZN251219C00280000,call,False,280.0,0.42,0.45,0.4,232.8699951171875,0.3579165771484375,0.0370259995532744,0.0,2118.0,21887,2025-11-17 20:44:32+00:00,0.2577777777777778,0.435,0.08493150684931507
2025-11-17 21:00:00+00:00,2025-12-19 00:00:00+00:00,AMZN,AMZN251219C00285000,call,False,285.0,0.32,0.34,0.33,232.8699951171875,0.366217275390625,0.0370259995532744,0.0,110.0,30128,2025-11-17 20:53:14+00:00,0.11277777777777778,0.33,0.08493150684931507
2025-11-17 21:00:00+00:00,2025-12-19 00:00:00+00:00,AMZN,AMZN251219C00290000,call,False,290.0,0.24,0.26,0.25,232.8699951171875,0.37476211181640623,0.0370259995532744,0.0,234.0,11437,2025-11-17 20:10:32+00:00,0.8244444444444444,0.25,0.08493150684931507
2025-11-17 21:00:00+00:00,2025-12-19 00:00:00+00:00,AMZN,AMZN251219C00295000,call,False,295.0,0.18,0.2,0.17,232.8699951171875,0.38281867187499996,0.0370259995532744,0.0,377.0,5595,2025-11-17 20:10:15+00:00,0.8291666666666667,0.19,0.08493150684931507
2025-11-17 21:00:00+00:00,2025-12-19 00:00:00+00:00,AMZN,AMZN251219C00300000,call,False,300.0,0.15,0.16,0.15,232.8699951171875,0.39258419921875,0.0370259995532744,0.0,5283.0,51459,2025-11-17 20:59:13+00:00,0.013055555555555556,0.155,0.08493150684931507
2025-11-17 21:00:00+00:00,2025-12-19 00:00:00+00:00,AMZN,AMZN251219C00305000,call,False,305.0,0.1,0.13,0.11,232.8699951171875,0.40332627929687503,0.0370259995532744,0.0,31.0,1342,2025-11-17 20:11:32+00:00,0.8077777777777778,0.115,0.08493150684931507
2025-11-17 21:00:00+00:00,2025-12-19 00:00:00+00:00,AMZN,AMZN251219C00310000,call,False,310.0,0.08,0.1,0.06,232.8699951171875,0.40918559570312496,0.0370259995532744,0.0,29.0,7084,2025-11-17 14:57:04+00:00,6.0488888888888885,0.09,0.08493150684931507
2025-11-17 21:00:00+00:00,2025-12-19 00:00:00+00:00,AMZN,AMZN251219C00315000,call,False,315.0,0.06,0.08,0.07,232.8699951171875,0.41797457031249996,0.0370259995532744,0.0,406.0,2101,2025-11-14 19:53:54+00:00,73.10166666666667,0.07,0.08493150684931507
2025-11-17 21:00:00+00:00,2025-12-19 00:00:00+00:00,AMZN,AMZN251219C00320000,call,False,320.0,0.04,0.05,0.05,232.8699951171875,0.414068359375,0.0370259995532744,0.0,88.0,4818,2025-11-17 20:09:17+00:00,0.8452777777777778,0.045,0.08493150684931507
2025-11-17 21:00:00+00:00,2025-12-19 00:00:00+00:00,AMZN,AMZN251219C00325000,call,False,325.0,0.03,0.05,0.06,232.8699951171875,0.43164630859375,0.0370259995532744,0.0,21.0,6461,2025-11-14 16:42:05+00:00,76.29861111111111,0.04,0.08493150684931507
2025-11-17 21:00:00+00:00,2025-12-19 00:00:00+00:00,AMZN,AMZN251219C00330000,call,False,330.0,0.02,0.04,0.03,232.8699951171875,0.437505625,0.0370259995532744,0.0,1.0,2643,2025-11-17 14:56:10+00:00,6.063888888888889,0.03,0.08493150684931507
2025-11-17 21:00:00+00:00,2025-12-19 00:00:00+00:00,AMZN,AMZN251219C00335000,call,False,335.0,0.02,0.04,0.03,232.8699951171875,0.45508357421875,0.0370259995532744,0.0,4.0,317,2025-11-13 14:30:03+00:00,102.49916666666667,0.03,0.08493150684931507
2025-11-17 21:00:00+00:00,2025-12-19 00:00:00+00:00,AMZN,AMZN251219C00340000,call,False,340.0,0.01,0.08,0.03,232.8699951171875,0.507817421875,0.0370259995532744,0.0,100.0,1416,2025-11-17 18:39:58+00:00,2.3338888888888887,0.045,0.08493150684931507
2025-11-17 21:00:00+00:00,2025-12-19 00:00:00+00:00,AMZN,AMZN251219C00345000,call,False,345.0,0.01,0.23,0.01,232.8699951171875,0.5498091894531252,0.0370259995532744,0.0,361.0,881,2025-11-14 20:47:58+00:00,72.20055555555555,0.12000000000000001,0.08493150684931507
2025-11-17 21:00:00+00:00,2025-12-19 00:00:00+00:00,AMZN,AMZN251219C00350000,call,False,350.0,0.01,0.02,0.01,232.8699951171875,0.4726615234375,0.0370259995532744,0.0,3.0,2152,2025-11-17 17:54:59+00:00,3.0836111111111113,0.015,0.08493150684931507
2025-11-17 21:00:00+00:00,2025-12-19 00:00:00+00:00,AMZN,AMZN251219C00355000,call,False,355.0,0.0,0.22,0.03,232.8699951171875,0.57812921875,0.0370259995532744,0.0,1.0,753,2025-11-17 14:30:09+00:00,6.4975,0.11,0.08493150684931507
2025-11-17 21:00:00+00:00,2025-12-19 00:00:00+00:00,AMZN,AMZN251219C00360000,call,False,360.0,0.01,0.02,0.01,232.8699951171875,0.500005,0.0370259995532744,0.0,11.0,4799,2025-11-17 17:37:50+00:00,3.3694444444444445,0.015,0.08493150684931507
2025-11-17 21:00:00+00:00,2025-12-19 00:00:00+00:00,AMZN,AMZN251219P00050000,put,False,50.0,0.0,0.01,0.01,232.8699951171875,1.5625021874999998,0.0370259995532744,0.0,3.0,3160,2025-11-10 19:21:57+00:00,169.63416666666666,0.005,0.08493150684931507
2025-11-17 21:00:00+00:00,2025-12-19 00:00:00+00:00,AMZN,AMZN251219P00055000,put,False,55.0,0.0,0.12,0.02,232.8699951171875,1.7968760156249999,0.0370259995532744,0.0,2.0,1553,2025-09-24 14:09:26+00:00,1302.8427777777779,0.06,0.08493150684931507
2025-11-17 21:00:00+00:00,2025-12-19 00:00:00+00:00,AMZN,AMZN251219P00060000,put,False,60.0,0.0,0.08,0.01,232.8699951171875,1.625001875,0.0370259995532744,0.0,1.0,1647,2025-11-14 18:50:52+00:00,74.15222222222222,0.04,0.08493150684931507
2025-11-17 21:00:00+00:00,2025-12-19 00:00:00+00:00,AMZN,AMZN251219P00065000,put,False,65.0,0.0,0.12,0.02,232.8699951171875,1.5937520312499998,0.0370259995532744,0.0,1.0,3056,2025-10-24 14:50:53+00:00,582.1519444444444,0.06,0.08493150684931507
2025-11-17 21:00:00+00:00,2025-12-19 00:00:00+00:00,AMZN,AMZN251219P00070000,put,False,70.0,0.0,0.1,0.01,232.8699951171875,1.4765651171875,0.0370259995532744,0.0,4.0,1959,2025-11-10 19:15:19+00:00,169.7447222222222,0.05,0.08493150684931507
2025-11-17 21:00:00+00:00,2025-12-19 00:00:00+00:00,AMZN,AMZN251219P00075000,put,False,75.0,0.0,0.08,0.01,232.8699951171875,1.3671906640625,0.0370259995532744,0.0,1.0,2730,2025-11-04 14:30:08+00:00,318.4977777777778,0.04,0.08493150684931507
2025-11-17 21:00:00+00:00,2025-12-19 00:00:00+00:00,AMZN,AMZN251219P00080000,put,False,80.0,0.0,0.08,0.01,232.8699951171875,1.2890660546875,0.0370259995532744,0.0,5.0,4431,2025-11-10 19:15:26+00:00,169.74277777777777,0.04,0.08493150684931507
2025-11-17 21:00:00+00:00,2025-12-19 00:00:00+00:00,AMZN,AMZN251219P00085000,put,False,85.0,0.0,0.05,0.01,232.8699951171875,1.171879140625,0.0370259995532744,0.0,1.0,1760,2025-11-14 18:51:32+00:00,74.14111111111112,0.025,0.08493150684931507
2025-11-17 21:00:00+00:00,2025-12-19 00:00:00+00:00,AMZN,AMZN251219P00090000,put,False,90.0,0.0,0.03,0.01,232.8699951171875,1.0625046875000002,0.0370259995532744,0.0,401.0,4843,2025-11-13 16:49:00+00:00,100.18333333333334,0.015,0.08493150684931507
2025-11-17 21:00:00+00:00,2025-12-19 00:00:00+00:00,AMZN,AMZN251219P00095000,put,False,95.0,0.0,0.05,0.01,232.8699951171875,1.0468797656250002,0.0370259995532744,0.0,2.0,11356,2025-11-10 19:15:50+00:00,169.73611111111111,0.025,0.08493150684931507
2025-11-17 21:00:00+00:00,2025-12-19 00:00:00+00:00,AMZN,AMZN251219P00100000,put,False,100.0,0.01,0.06,0.01,232.8699951171875,1.01953615234375,0.0370259995532744,0.0,4.0,13983,2025-11-14 19:23:43+00:00,73.60472222222222,0.034999999999999996,0.08493150684931507
2025-11-17 21:00:00+00:00,2025-12-19 00:00:00+00:00,AMZN,AMZN251219P00105000,put,False,105.0,0.01,0.07,0.02,232.8699951171875,0.9765627343750001,0.0370259995532744,0.0,1.0,2826,2025-11-17 20:05:27+00:00,0.9091666666666667,0.04,0.08493150684931507
2025-11-17 21:00:00+00:00,2025-12-19 00:00:00+00:00,AMZN,AMZN251219P00110000,put,False,110.0,0.01,0.03,0.02,232.8699951171875,0.867188828125,0.0370259995532744,0.0,58.0,9870,2025-11-12 15:23:40+00:00,125.60555555555555,0.02,0.08493150684931507
2025-11-17 21:00:00+00:00,2025-12-19 00:00:00+00:00,AMZN,AMZN251219P00115000,put,False,115.0,0.02,0.03,0.02,232.8699951171875,0.8359391406249999,0.0370259995532744,0.0,1.0,10512,2025-11-06 19:57:11+00:00,265.0469444444444,0.025,0.08493150684931507
2025-11-17 21:00:00+00:00,2025-12-19 00:00:00+00:00,AMZN,AMZN251219P00120000,put,False,120.0,0.02,0.04,0.03,232.8699951171875,0.8007832421875,0.0370259995532744,0.0,2.0,5564,2025-11-13 18:20:45+00:00,98.65416666666667,0.03,0.08493150684931507
2025-11-17 21:00:00+00:00,2025-12-19 00:00:00+00:00,AMZN,AMZN251219P00125000,put,False,125.0,0.03,0.04,0.03,232.8699951171875,0.7656273437500001,0.0370259995532744,0.0,2.0,7491,2025-11-17 15:02:04+00:00,5.9655555555555555,0.035,0.08493150684931507
2025-11-17 21:00:00+00:00,2025-12-19 00:00:00+00:00,AMZN,AMZN251219P00130000,put,False,130.0,0.04,0.05,0.05,232.8699951171875,0.7382838671874999,0.0370259995532744,0.0,51.0,5674,2025-11-17 14:34:14+00:00,6.429444444444444,0.045,0.08493150684931507
2025-11-17 21:00:00+00:00,2025-12-19 00:00:00+00:00,AMZN,AMZN251219P00135000,put,False,135.0,0.05,0.07,0.07,232.8699951171875,0.7148466015625,0.0370259995532744,0.0,5.0,4361,2025-11-17 18:53:25+00:00,2.109722222222222,0.060000000000000005,0.08493150684931507
2025-11-17 21:00:00+00:00,2025-12-19 00:00:00+00:00,AMZN,AMZN251219P00140000,put,False,140.0,0.06,0.08,0.08,232.8699951171875,0.6835969140625001,0.0370259995532744,0.0,36.0,3318,2025-11-17 19:53:49+00:00,1.1030555555555555,0.07,0.08493150684931507
2025-11-17 21:00:00+00:00,2025-12-19 00:00:00+00:00,AMZN,AMZN251219P00145000,put,False,145.0,0.08,0.1,0.11,232.8699951171875,0.6601596484375001,0.0370259995532744,0.0,1.0,6011,2025-11-17 14:39:33+00:00,6.340833333333333,0.09,0.08493150684931507
2025-11-17 21:00:00+00:00,2025-12-19 00:00:00+00:00,AMZN,AMZN251219P00150000,put,False,150.0,0.11,0.13,0.14,232.8699951171875,0.63867548828125,0.0370259995532744,0.0,5.0,16287,2025-11-17 19:53:10+00:00,1.113888888888889,0.12,0.08493150684931507
2025-11-17 21:00:00+00:00,2025-12-19 00:00:00+00:00,AMZN,AMZN251219P00155000,put,False,155.0,0.15,0.17,0.16,232.8699951171875,0.6191444335937502,0.0370259995532744,0.0,17.0,3849,2025-11-17 19:25:16+00:00,1.5788888888888888,0.16,0.08493150684931507
2025-11-17 21:00:00+00:00,2025-12-19 00:00:00+00:00,AMZN,AMZN251219P00160000,put,False,160.0,0.19,0.21,0.19,232.8699951171875,0.594730615234375,0.0370259995532744,0.0,230.0,6446,2025-11-17 19:36:23+00:00,1.3936111111111111,0.2,0.08493150684931507
2025-11-17 21:00:00+00:00,2025-12-19 00:00:00+00:00,AMZN,AMZN251219P00165000,put,False,165.0,0.25,0.27,0.26,232.8699951171875,0.5732464550781251,0.0370259995532744,0.0,14.0,3626,2025-11-17 20:10:27+00:00,0.8258333333333333,0.26,0.08493150684931507
2025-11-17 21:00:00+00:00,2025-12-19 00:00:00+00:00,AMZN,AMZN251219P00170000,put,False,170.0,0.31,0.33,0.35,232.8699951171875,0.5478560839843751,0.0370259995532744,0.0,19.0,8352,2025-11-17 20:13:49+00:00,0.7697222222222222,0.32,0.08493150684931507
2025-11-17 21:00:00+00:00,2025-12-19 00:00:00+00:00,AMZN,AMZN251219P00175000,put,False,175.0,0.4,0.41,0.44,232.8699951171875,0.5249070947265625,0.0370259995532744,0.0,301.0,7659,2025-11-17 19:47:56+00:00,1.201111111111111,0.405,0.08493150684931507
2025-11-17 21:00:00+00:00,2025-12-19 00:00:00+00:00,AMZN,AMZN251219P00180000,put,False,180.0,0.49,0.51,0.51,232.8699951171875,0.5014698291015626,0.0370259995532744,0.0,396.0,11816,2025-11-17 20:54:37+00:00,0.08972222222222222,0.5,0.08493150684931507
2025-11-17 21:00:00+00:00,2025-12-19 00:00:00+00:00,AMZN,AMZN251219P00185000,put,False,185.0,0.61,0.64,0.67,232.8699951171875,0.4777884252929688,0.0370259995532744,0.0,10.0,6588,2025-11-17 19:53:38+00:00,1.106111111111111,0.625,0.08493150684931507
2025-11-17 21:00:00+00:00,2025-12-19 00:00:00+00:00,AMZN,AMZN251219P00190000,put,False,190.0,0.78,0.8,0.81,232.8699951171875,0.45361874511718747,0.0370259995532744,0.0,339.0,9551,2025-11-17 20:46:52+00:00,0.21888888888888888,0.79,0.08493150684931507
2025-11-17 21:00:00+00:00,2025-12-19 00:00:00+00:00,AMZN,AMZN251219P00195000,put,False,195.0,1.0,1.03,1.08,232.8699951171875,0.43237872314453124,0.0370259995532744,0.0,164.0,7537,2025-11-17 20:19:16+00:00,0.6788888888888889,1.0150000000000001,0.08493150684931507
2025-11-17 21:00:00+00:00,2025-12-19 00:00:00+00:00,AMZN,AMZN251219P00200000,put,False,200.0,1.31,1.34,1.33,232.8699951171875,0.41223732299804683,0.0370259995532744,0.0,666.0,22398,2025-11-17 20:59:06+00:00,0.015,1.3250000000000002,0.08493150684931507
2025-11-17 21:00:00+00:00,2025-12-19 00:00:00+00:00,AMZN,AMZN251219P00205000,put,False,205.0,1.73,1.77,1.75,232.8699951171875,0.39380489013671877,0.0370259995532744,0.0,659.0,13592,2025-11-17 20:58:13+00:00,0.029722222222222223,1.75,0.08493150684931507
2025-11-17 21:00:00+00:00,2025-12-19 00:00:00+00:00,AMZN,AMZN251219P00210000,put,False,210.0,2.31,2.38,2.35,232.8699951171875,0.3781800463867187,0.0370259995532744,0.0,2478.0,15712,2025-11-17 20:57:04+00:00,0.04888888888888889,2.3449999999999998,0.08493150684931507
2025-11-17 21:00:00+00:00,2025-12-19 00:00:00+00:00,AMZN,AMZN251219P00215000,put,False,215.0,3.1,3.2,3.2,232.8699951171875,0.3634707208251954,0.0370259995532744,0.0,2698.0,12076,2025-11-17 20:59:08+00:00,0.014444444444444444,3.1500000000000004,0.08493150684931507
2025-11-17 21:00:00+00:00,2025-12-19 00:00:00+00:00,AMZN,AMZN251219P00220000,put,False,220.0,4.2,4.35,4.3,232.8699951171875,0.35242346801757807,0.0370259995532744,0.0,7750.0,14499,2025-11-17 20:59:00+00:00,0.016666666666666666,4.275,0.08493150684931507
2025-11-17 21:00:00+00:00,2025-12-19 00:00:00+00:00,AMZN,AMZN251219P00225000,put,False,225.0,5.65,5.8,5.75,232.8699951171875,0.34058276611328125,0.0370259995532744,0.0,1639.0,10408,2025-11-17 20:53:50+00:00,0.10277777777777777,5.725,0.08493150684931507
2025-11-17 21:00:00+00:00,2025-12-19 00:00:00+00:00,AMZN,AMZN251219P00230000,put,False,230.0,7.5,7.65,7.5,232.8699951171875,0.3298406860351562,0.0370259995532744,0.0,1784.0,8980,2025-11-17 20:59:59+00:00,0.0002777777777777778,7.575,0.08493150684931507
2025-11-17 21:00:00+00:00,2025-12-19 00:00:00+00:00,AMZN,AMZN251219P00235000,put,True,235.0,9.8,9.95,9.95,232.8699951171875,0.32019722778320303,0.0370259995532744,0.0,1455.0,9498,2025-11-17 20:53:11+00:00,0.11361111111111111,9.875,0.08493150684931507
2025-11-17 21:00:00+00:00,2025-12-19 00:00:00+00:00,AMZN,AMZN251219P00240000,put,True,240.0,12.5,12.75,12.75,232.8699951171875,0.31262894409179687,0.0370259995532744,0.0,688.0,7032,2025-11-17 20:32:58+00:00,0.45055555555555554,12.625,0.08493150684931507
2025-11-17 21:00:00+00:00,2025-12-19 00:00:00+00:00,AMZN,AMZN251219P00245000,put,True,245.0,15.7,16.25,15.9,232.8699951171875,0.3156196368408203,0.0370259995532744,0.0,230.0,7391,2025-11-17 20:57:59+00:00,0.03361111111111111,15.975,0.08493150684931507
2025-11-17 21:00:00+00:00,2025-12-19 00:00:00+00:00,AMZN,AMZN251219P00250000,put,True,250.0,19.35,19.6,19.64,232.8699951171875,0.29480685668945306,0.0370259995532744,0.0,215.0,5469,2025-11-17 20:48:33+00:00,0.19083333333333333,19.475,0.08493150684931507
2025-11-17 21:00:00+00:00,2025-12-19 00:00:00+00:00,AMZN,AMZN251219P00255000,put,True,255.0,23.3,23.7,25.65,232.8699951171875,0.2906565075683593,0.0370259995532744,0.0,33.0,3150,2025-11-17 20:03:47+00:00,0.9369444444444445,23.5,0.08493150684931507
2025-11-17 21:00:00+00:00,2025-12-19 00:00:00+00:00,AMZN,AMZN251219P00260000,put,True,260.0,27.45,28.1,29.56,232.8699951171875,0.2880930566406249,0.0370259995532744,0.0,283.0,1052,2025-11-17 20:17:59+00:00,0.7002777777777778,27.775,0.08493150684931507
2025-11-17 21:00:00+00:00,2025-12-19 00:00:00+00:00,AMZN,AMZN251219P00265000,put,True,265.0,32.25,32.75,34.5,232.8699951171875,0.29053443847656246,0.0370259995532744,0.0,6.0,348,2025-11-17 16:23:40+00:00,4.605555555555555,32.5,0.08493150684931507
2025-11-17 21:00:00+00:00,2025-12-19 00:00:00+00:00,AMZN,AMZN251219P00270000,put,True,270.0,36.15,37.5,39.5,232.8699951171875,0.29004616210937495,0.0370259995532744,0.0,8.0,385,2025-11-17 14:48:46+00:00,6.187222222222222,36.825,0.08493150684931507
2025-11-17 21:00:00+00:00,2025-12-19 00:00:00+00:00,AMZN,AMZN251219P00275000,put,True,275.0,41.5,42.95,43.46,232.8699951171875,0.3745179736328125,0.0370259995532744,0.0,174.0,1346,2025-11-17 18:52:38+00:00,2.122777777777778,42.225,0.08493150684931507
2025-11-17 21:00:00+00:00,2025-12-19 00:00:00+00:00,AMZN,AMZN251219P00280000,put,True,280.0,46.4,48.15,47.8,232.8699951171875,0.42529871582031253,0.0370259995532744,0.0,1.0,597,2025-11-17 14:44:06+00:00,6.265,47.275,0.08493150684931507
2025-11-17 21:00:00+00:00,2025-12-19 00:00:00+00:00,AMZN,AMZN251219P00285000,put,True,285.0,50.95,53.2,47.0,232.8699951171875,0.46057668334960944,0.0370259995532744,0.0,126.0,1,2025-11-14 16:31:41+00:00,76.47194444444445,52.075,0.08493150684931507
2025-11-17 21:00:00+00:00,2025-12-19 00:00:00+00:00,AMZN,AMZN251219P00290000,put,True,290.0,56.0,58.2,60.0,232.8699951171875,0.4899953344726563,0.0370259995532744,0.0,2.0,2,2025-11-17 15:25:04+00:00,5.582222222222223,57.1,0.08493150684931507
2025-11-17 21:00:00+00:00,2025-12-19 00:00:00+00:00,AMZN,AMZN251219P00295000,put,True,295.0,61.0,63.2,59.45,232.8699951171875,0.5185595019531251,0.0370259995532744,0.0,11.0,3,2025-11-14 20:12:06+00:00,72.79833333333333,62.1,0.08493150684931507
2025-11-17 21:00:00+00:00,2025-12-19 00:00:00+00:00,AMZN,AMZN251219P00300000,put,True,300.0,66.55,68.2,51.65,232.8699951171875,0.5461471166992189,0.0370259995532744,0.0,14.0,0,2025-11-10 15:28:10+00:00,173.53055555555557,67.375,0.08493150684931507
2025-11-17 21:00:00+00:00,2025-12-19 00:00:00+00:00,AMZN,AMZN251219P00305000,put,True,305.0,71.0,73.2,57.45,232.8699951171875,0.5730023168945313,0.0370259995532744,0.0,2.0,0,2025-11-10 15:42:12+00:00,173.29666666666665,72.1,0.08493150684931507
2025-11-17 21:00:00+00:00,2025-12-19 00:00:00+00:00,AMZN,AMZN251219P00310000,put,True,310.0,75.95,78.2,55.5,232.8699951171875,0.5991251025390626,0.0370259995532744,0.0,100.0,0,2025-11-03 20:50:08+00:00,336.1644444444444,77.075,0.08493150684931507
2025-11-17 21:00:00+00:00,2025-12-19 00:00:00+00:00,AMZN,AMZN251219P00315000,put,True,315.0,81.0,83.2,85.2,232.8699951171875,0.6247596118164063,0.0370259995532744,0.0,1.0,0,2025-11-17 15:55:53+00:00,5.068611111111111,82.1,0.08493150684931507
2025-11-17 21:00:00+00:00,2025-12-19 00:00:00+00:00,AMZN,AMZN251219P00320000,put,True,320.0,86.0,88.2,79.98,232.8699951171875,0.649417568359375,0.0370259995532744,0.0,5.0,0,2025-11-07 14:45:09+00:00,246.2475,87.1,0.08493150684931507
2025-11-17 21:00:00+00:00,2025-12-19 00:00:00+00:00,AMZN,AMZN251219P00325000,put,True,325.0,90.95,93.2,75.2,232.8699951171875,0.6738313867187502,0.0370259995532744,0.0,1.0,0,2025-10-31 13:56:44+00:00,415.05444444444447,92.075,0.08493150684931507
2025-11-17 21:00:00+00:00,2025-12-19 00:00:00+00:00,AMZN,AMZN251219P00330000,put,True,330.0,95.95,98.2,80.65,232.8699951171875,0.6972686523437501,0.0370259995532744,0.0,,0,2025-11-05 20:50:00+00:00,288.1666666666667,97.075,0.08493150684931507
2025-11-17 21:00:00+00:00,2025-12-19 00:00:00+00:00,AMZN,AMZN251219P00340000,put,True,340.0,105.95,108.2,112.77,232.8699951171875,0.743166630859375,0.0370259995532744,0.0,16.0,0,2025-10-28 14:05:25+00:00,486.90972222222223,107.075,0.08493150684931507
2025-11-17 21:00:00+00:00,2025-12-19 00:00:00+00:00,AMZN,AMZN251219P00345000,put,True,345.0,109.25,111.5,117.57,232.8699951171875,1.0000000000000003e-05,0.0370259995532744,0.0,3.0,0,2025-10-09 19:51:16+00:00,937.1455555555556,110.375,0.08493150684931507
2025-11-17 21:00:00+00:00,2025-12-19 00:00:00+00:00,AMZN,AMZN251219P00350000,put,True,350.0,115.95,118.2,94.79,232.8699951171875,0.7868673657226561,0.0370259995532744,0.0,2.0,0,2025-11-03 15:38:41+00:00,341.35527777777776,117.075,0.08493150684931507
2025-11-17 21:00:00+00:00,2025-12-19 00:00:00+00:00,AMZN,AMZN251219P00355000,put,True,355.0,125.7,126.85,138.17,232.8699951171875,1.0913131372070315,0.0370259995532744,0.0,,0,2025-06-26 19:41:06+00:00,3457.315,126.275,0.08493150684931507
2025-11-17 21:00:00+00:00,2025-12-19 00:00:00+00:00,AMZN,AMZN251219P00360000,put,True,360.0,125.75,128.2,105.65,232.8699951171875,0.8286149951171874,0.0370259995532744,0.0,1.0,0,2025-11-04 15:08:40+00:00,317.85555555555555,126.975,0.08493150684931507
2025-11-17 21:00:00+00:00,2025-12-26 00:00:00+00:00,AMZN,AMZN251226C00125000,call,True,125.0,107.5,109.0,106.54,232.8699951171875,0.92773509765625,0.0370259995532744,0.0,1.0,5,2025-11-17 20:08:51+00:00,0.8525,108.25,0.10410958904109589
2025-11-17 21:00:00+00:00,2025-12-26 00:00:00+00:00,AMZN,AMZN251226C00165000,call,True,165.0,67.95,70.1,76.14,232.8699951171875,0.6826203613281252,0.0370259995532744,0.0,1.0,5,2025-11-13 17:32:44+00:00,99.45444444444445,69.025,0.10410958904109589
2025-11-17 21:00:00+00:00,2025-12-26 00:00:00+00:00,AMZN,AMZN251226C00170000,call,True,170.0,63.05,65.25,68.95,232.8699951171875,0.6489292919921875,0.0370259995532744,0.0,2.0,8,2025-11-14 16:43:58+00:00,76.26722222222222,64.15,0.10410958904109589
2025-11-17 21:00:00+00:00,2025-12-26 00:00:00+00:00,AMZN,AMZN251226C00180000,call,True,180.0,53.35,55.65,54.2,232.8699951171875,0.586918193359375,0.0370259995532744,0.0,1.0,101,2025-11-17 14:38:00+00:00,6.366666666666666,54.5,0.10410958904109589
2025-11-17 21:00:00+00:00,2025-12-26 00:00:00+00:00,AMZN,AMZN251226C00185000,call,True,185.0,48.5,50.85,48.02,232.8699951171875,0.5529829858398438,0.0370259995532744,0.0,1.0,3,2025-11-17 19:29:43+00:00,1.5047222222222223,49.675,0.10410958904109589
2025-11-17 21:00:00+00:00,2025-12-26 00:00:00+00:00,AMZN,AMZN251226C00190000,call,True,190.0,44.5,45.25,56.25,232.8699951171875,0.5192919165039063,0.0370259995532744,0.0,,2,2025-11-06 18:30:26+00:00,266.4927777777778,44.875,0.10410958904109589
2025-11-17 21:00:00+00:00,2025-12-26 00:00:00+00:00,AMZN,AMZN251226C00195000,call,True,195.0,39.8,41.3,40.27,232.8699951171875,0.514531221923828,0.0370259995532744,0.0,4.0,29,2025-11-17 20:58:55+00:00,0.018055555555555554,40.55,0.10410958904109589
2025-11-17 21:00:00+00:00,2025-12-26 00:00:00+00:00,AMZN,AMZN251226C00200000,call,True,200.0,34.55,36.15,33.68,232.8699951171875,0.49670913452148446,0.0370259995532744,0.0,13.0,22,2025-11-17 16:42:22+00:00,4.293888888888889,35.349999999999994,0.10410958904109589
2025-11-17 21:00:00+00:00,2025-12-26 00:00:00+00:00,AMZN,AMZN251226C00205000,call,True,205.0,30.7,31.35,28.85,232.8699951171875,0.4527642614746094,0.0370259995532744,0.0,3.0,3,2025-11-17 15:28:06+00:00,5.531666666666666,31.025,0.10410958904109589
2025-11-17 21:00:00+00:00,2025-12-26 00:00:00+00:00,AMZN,AMZN251226C00210000,call,True,210.0,26.4,27.05,25.23,232.8699951171875,0.43018147949218755,0.0370259995532744,0.0,10.0,5,2025-11-17 19:37:53+00:00,1.368611111111111,26.725,0.10410958904109589
2025-11-17 21:00:00+00:00,2025-12-26 00:00:00+00:00,AMZN,AMZN251226C00215000,call,True,215.0,22.3,22.95,22.15,232.8699951171875,0.4096738720703125,0.0370259995532744,0.0,12.0,7,2025-11-17 18:03:07+00:00,2.9480555555555554,22.625,0.10410958904109589
2025-11-17 21:00:00+00:00,2025-12-26 00:00:00+00:00,AMZN,AMZN251226C00220000,call,True,220.0,18.65,18.9,18.65,232.8699951171875,0.3836731555175781,0.0370259995532744,0.0,124.0,54,2025-11-17 18:56:34+00:00,2.0572222222222223,18.775,0.10410958904109589
2025-11-17 21:00:00+00:00,2025-12-26 00:00:00+00:00,AMZN,AMZN251226C00225000,call,True,225.0,15.2,15.4,14.55,232.8699951171875,0.36939107177734376,0.0370259995532744,0.0,442.0,68,2025-11-17 20:26:46+00:00,0.5538888888888889,15.3,0.10410958904109589
2025-11-17 21:00:00+00:00,2025-12-26 00:00:00+00:00,AMZN,AMZN251226C00230000,call,True,230.0,12.05,12.3,12.07,232.8699951171875,0.35816071533203125,0.0370259995532744,0.0,283.0,272,2025-11-17 20:45:54+00:00,0.235,12.175,0.10410958904109589
2025-11-17 21:00:00+00:00,2025-12-26 00:00:00+00:00,AMZN,AMZN251226C00235000,call,False,235.0,9.4,9.65,9.29,232.8699951171875,0.35028725891113277,0.0370259995532744,0.0,350.0,401,2025-11-17 20:40:08+00:00,0.33111111111111113,9.525,0.10410958904109589
2025-11-17 21:00:00+00:00,2025-12-26 00:00:00+00:00,AMZN,AMZN251226C00240000,call,False,240.0,7.1,7.3,7.16,232.8699951171875,0.34009448974609374,0.0370259995532744,0.0,4217.0,596,2025-11-17 20:59:07+00:00,0.014722222222222222,7.199999999999999,0.10410958904109589
2025-11-17 21:00:00+00:00,2025-12-26 00:00:00+00:00,AMZN,AMZN251226C00245000,call,False,245.0,5.25,5.4,5.32,232.8699951171875,0.3325262060546875,0.0370259995532744,0.0,611.0,643,2025-11-17 20:57:40+00:00,0.03888888888888889,5.325,0.10410958904109589
2025-11-17 21:00:00+00:00,2025-12-26 00:00:00+00:00,AMZN,AMZN251226C00250000,call,False,250.0,3.8,3.95,3.8,232.8699951171875,0.3284979260253906,0.0370259995532744,0.0,2922.0,2646,2025-11-17 20:51:29+00:00,0.14194444444444446,3.875,0.10410958904109589
2025-11-17 21:00:00+00:00,2025-12-26 00:00:00+00:00,AMZN,AMZN251226C00255000,call,False,255.0,2.72,2.81,2.77,232.8699951171875,0.3244696459960937,0.0370259995532744,0.0,642.0,419,2025-11-17 20:53:33+00:00,0.1075,2.765,0.10410958904109589
2025-11-17 21:00:00+00:00,2025-12-26 00:00:00+00:00,AMZN,AMZN251226C00260000,call,False,260.0,1.94,2.01,1.91,232.8699951171875,0.324103438720703,0.0370259995532744,0.0,1012.0,6562,2025-11-17 20:52:08+00:00,0.13111111111111112,1.9749999999999999,0.10410958904109589
2025-11-17 21:00:00+00:00,2025-12-26 00:00:00+00:00,AMZN,AMZN251226C00265000,call,False,265.0,1.38,1.45,1.35,232.8699951171875,0.3263006823730469,0.0370259995532744,0.0,156.0,445,2025-11-17 20:31:23+00:00,0.47694444444444445,1.415,0.10410958904109589
2025-11-17 21:00:00+00:00,2025-12-26 00:00:00+00:00,AMZN,AMZN251226C00270000,call,False,270.0,1.0,1.06,0.96,232.8699951171875,0.3303289624023437,0.0370259995532744,0.0,151.0,249,2025-11-17 20:06:12+00:00,0.8966666666666666,1.03,0.10410958904109589
2025-11-17 21:00:00+00:00,2025-12-26 00:00:00+00:00,AMZN,AMZN251226C00275000,call,False,275.0,0.73,0.78,0.68,232.8699951171875,0.33521172607421873,0.0370259995532744,0.0,198.0,1298,2025-11-17 20:07:36+00:00,0.8733333333333333,0.755,0.10410958904109589
2025-11-17 21:00:00+00:00,2025-12-26 00:00:00+00:00,AMZN,AMZN251226C00280000,call,False,280.0,0.54,0.6,0.53,232.8699951171875,0.3430241479492187,0.0370259995532744,0.0,27.0,186,2025-11-17 18:54:32+00:00,2.091111111111111,0.5700000000000001,0.10410958904109589
2025-11-17 21:00:00+00:00,2025-12-26 00:00:00+00:00,AMZN,AMZN251226C00285000,call,False,285.0,0.4,0.46,0.37,232.8699951171875,0.35034829345703117,0.0370259995532744,0.0,13.0,173,2025-11-17 19:34:55+00:00,1.4180555555555556,0.43000000000000005,0.10410958904109589
2025-11-17 21:00:00+00:00,2025-12-26 00:00:00+00:00,AMZN,AMZN251226C00290000,call,False,290.0,0.3,0.36,0.3,232.8699951171875,0.358404853515625,0.0370259995532744,0.0,8.0,188,2025-11-17 17:31:31+00:00,3.4747222222222223,0.32999999999999996,0.10410958904109589
2025-11-17 21:00:00+00:00,2025-12-26 00:00:00+00:00,AMZN,AMZN251226C00295000,call,False,295.0,0.23,0.28,0.25,232.8699951171875,0.36524072265625,0.0370259995532744,0.0,46.0,286,2025-11-17 20:44:02+00:00,0.26611111111111113,0.255,0.10410958904109589
2025-11-17 21:00:00+00:00,2025-12-26 00:00:00+00:00,AMZN,AMZN251226C00300000,call,False,300.0,0.19,0.22,0.17,232.8699951171875,0.37256486816406253,0.0370259995532744,0.0,757.0,2106,2025-11-17 16:57:51+00:00,4.035833333333334,0.20500000000000002,0.10410958904109589
2025-11-17 21:00:00+00:00,2025-12-26 00:00:00+00:00,AMZN,AMZN251226C00305000,call,False,305.0,0.13,0.18,0.11,232.8699951171875,0.38184211914062494,0.0370259995532744,0.0,23.0,66,2025-11-17 16:16:06+00:00,4.7316666666666665,0.155,0.10410958904109589
2025-11-17 21:00:00+00:00,2025-12-26 00:00:00+00:00,AMZN,AMZN251226C00310000,call,False,310.0,0.1,0.15,0.14,232.8699951171875,0.39063109375,0.0370259995532744,0.0,2.0,5,2025-11-14 15:26:13+00:00,77.56305555555555,0.125,0.10410958904109589
2025-11-17 21:00:00+00:00,2025-12-26 00:00:00+00:00,AMZN,AMZN251226C00315000,call,False,315.0,0.07,0.12,0.16,232.8699951171875,0.397466962890625,0.0370259995532744,0.0,,2,2025-11-12 17:21:02+00:00,123.64944444444444,0.095,0.10410958904109589
2025-11-17 21:00:00+00:00,2025-12-26 00:00:00+00:00,AMZN,AMZN251226C00320000,call,False,320.0,0.05,0.1,0.05,232.8699951171875,0.4062559375,0.0370259995532744,0.0,1.0,367,2025-11-17 14:30:09+00:00,6.4975,0.07500000000000001,0.10410958904109589
2025-11-17 21:00:00+00:00,2025-12-26 00:00:00+00:00,AMZN,AMZN251226C00325000,call,False,325.0,0.04,0.09,0.11,232.8699951171875,0.41797457031249996,0.0370259995532744,0.0,,12,2025-11-12 18:52:08+00:00,122.13111111111111,0.065,0.10410958904109589
2025-11-17 21:00:00+00:00,2025-12-26 00:00:00+00:00,AMZN,AMZN251226C00330000,call,False,330.0,0.03,0.08,0.1,232.8699951171875,0.42774009765625004,0.0370259995532744,0.0,,9,2025-11-11 16:42:36+00:00,148.29,0.055,0.10410958904109589
2025-11-17 21:00:00+00:00,2025-12-26 00:00:00+00:00,AMZN,AMZN251226C00335000,call,False,335.0,0.02,0.07,0.09,232.8699951171875,0.437505625,0.0370259995532744,0.0,,55,2025-11-11 14:47:58+00:00,150.20055555555555,0.045000000000000005,0.10410958904109589
2025-11-17 21:00:00+00:00,2025-12-26 00:00:00+00:00,AMZN,AMZN251226C00340000,call,False,340.0,0.01,0.15,0.05,232.8699951171875,0.49609878906250005,0.0370259995532744,0.0,49.0,22,2025-11-17 17:57:57+00:00,3.0341666666666667,0.08,0.10410958904109589
2025-11-17 21:00:00+00:00,2025-12-26 00:00:00+00:00,AMZN,AMZN251226C00345000,call,False,345.0,0.0,0.26,0.08,232.8699951171875,0.5029346582031251,0.0370259995532744,0.0,1.0,250,2025-11-17 14:30:01+00:00,6.499722222222222,0.13,0.10410958904109589
2025-11-17 21:00:00+00:00,2025-12-26 00:00:00+00:00,AMZN,AMZN251226C00350000,call,False,350.0,0.0,0.27,0.04,232.8699951171875,0.5214891601562499,0.0370259995532744,0.0,1.0,461,2025-11-11 15:05:38+00:00,149.9061111111111,0.135,0.10410958904109589
2025-11-17 21:00:00+00:00,2025-12-26 00:00:00+00:00,AMZN,AMZN251226P00125000,put,False,125.0,0.02,0.27,0.05,232.8699951171875,0.8125018749999999,0.0370259995532744,0.0,1.0,1,2025-11-14 15:29:45+00:00,77.50416666666666,0.14500000000000002,0.10410958904109589
2025-11-17 21:00:00+00:00,2025-12-26 00:00:00+00:00,AMZN,AMZN251226P00145000,put,False,145.0,0.09,0.14,0.11,232.8699951171875,0.6152382226562501,0.0370259995532744,0.0,,2,2025-11-13 19:55:13+00:00,97.07972222222222,0.115,0.10410958904109589
2025-11-17 21:00:00+00:00,2025-12-26 00:00:00+00:00,AMZN,AMZN251226P00150000,put,False,150.0,0.13,0.18,0.16,232.8699951171875,0.5986368261718751,0.0370259995532744,0.0,10.0,2,2025-11-17 19:10:27+00:00,1.8258333333333334,0.155,0.10410958904109589
2025-11-17 21:00:00+00:00,2025-12-26 00:00:00+00:00,AMZN,AMZN251226P00155000,put,False,155.0,0.17,0.22,0.2,232.8699951171875,0.57617611328125,0.0370259995532744,0.0,1.0,2,2025-11-12 20:41:07+00:00,120.31472222222222,0.195,0.10410958904109589
2025-11-17 21:00:00+00:00,2025-12-26 00:00:00+00:00,AMZN,AMZN251226P00160000,put,False,160.0,0.24,0.27,0.26,232.8699951171875,0.5581098876953126,0.0370259995532744,0.0,12.0,55,2025-11-17 18:17:06+00:00,2.715,0.255,0.10410958904109589
2025-11-17 21:00:00+00:00,2025-12-26 00:00:00+00:00,AMZN,AMZN251226P00165000,put,False,165.0,0.29,0.33,0.32,232.8699951171875,0.5336960693359375,0.0370259995532744,0.0,7.0,7,2025-11-17 18:57:25+00:00,2.0430555555555556,0.31,0.10410958904109589
2025-11-17 21:00:00+00:00,2025-12-26 00:00:00+00:00,AMZN,AMZN251226P00170000,put,False,170.0,0.36,0.41,0.44,232.8699951171875,0.5117236328125,0.0370259995532744,0.0,12.0,3,2025-11-17 16:16:55+00:00,4.718055555555556,0.385,0.10410958904109589
2025-11-17 21:00:00+00:00,2025-12-26 00:00:00+00:00,AMZN,AMZN251226P00175000,put,False,175.0,0.45,0.5,0.46,232.8699951171875,0.4936574072265626,0.0370259995532744,0.0,3.0,108,2025-11-17 17:19:04+00:00,3.6822222222222223,0.475,0.10410958904109589
2025-11-17 21:00:00+00:00,2025-12-26 00:00:00+00:00,AMZN,AMZN251226P00180000,put,False,180.0,0.56,0.62,0.6,232.8699951171875,0.471684970703125,0.0370259995532744,0.0,350.0,54,2025-11-17 18:08:09+00:00,2.8641666666666667,0.5900000000000001,0.10410958904109589
2025-11-17 21:00:00+00:00,2025-12-26 00:00:00+00:00,AMZN,AMZN251226P00185000,put,False,185.0,0.72,0.77,0.75,232.8699951171875,0.44995667236328124,0.0370259995532744,0.0,17.0,16,2025-11-17 18:23:23+00:00,2.6102777777777777,0.745,0.10410958904109589
2025-11-17 21:00:00+00:00,2025-12-26 00:00:00+00:00,AMZN,AMZN251226P00190000,put,False,190.0,0.92,0.97,1.03,232.8699951171875,0.42969320312500003,0.0370259995532744,0.0,80.0,152,2025-11-17 20:19:47+00:00,0.6702777777777778,0.9450000000000001,0.10410958904109589
2025-11-17 21:00:00+00:00,2025-12-26 00:00:00+00:00,AMZN,AMZN251226P00195000,put,False,195.0,1.18,1.24,1.35,232.8699951171875,0.4106504248046875,0.0370259995532744,0.0,58.0,112,2025-11-17 20:07:09+00:00,0.8808333333333334,1.21,0.10410958904109589
2025-11-17 21:00:00+00:00,2025-12-26 00:00:00+00:00,AMZN,AMZN251226P00200000,put,False,200.0,1.54,1.6,1.63,232.8699951171875,0.39282833740234374,0.0370259995532744,0.0,107.0,153,2025-11-17 19:37:06+00:00,1.3816666666666666,1.57,0.10410958904109589
2025-11-17 21:00:00+00:00,2025-12-26 00:00:00+00:00,AMZN,AMZN251226P00205000,put,False,205.0,2.01,2.09,2.3,232.8699951171875,0.3765931481933594,0.0370259995532744,0.0,116.0,159,2025-11-17 19:56:22+00:00,1.0605555555555555,2.05,0.10410958904109589
2025-11-17 21:00:00+00:00,2025-12-26 00:00:00+00:00,AMZN,AMZN251226P00210000,put,False,210.0,2.67,2.76,2.74,232.8699951171875,0.362311064453125,0.0370259995532744,0.0,257.0,3827,2025-11-17 20:09:13+00:00,0.8463888888888889,2.715,0.10410958904109589
2025-11-17 21:00:00+00:00,2025-12-26 00:00:00+00:00,AMZN,AMZN251226P00215000,put,False,215.0,3.55,3.65,3.75,232.8699951171875,0.34924967163085935,0.0370259995532744,0.0,161.0,416,2025-11-17 20:45:11+00:00,0.24694444444444444,3.5999999999999996,0.10410958904109589
2025-11-17 21:00:00+00:00,2025-12-26 00:00:00+00:00,AMZN,AMZN251226P00220000,put,False,220.0,4.7,4.85,4.83,232.8699951171875,0.33875172973632806,0.0370259995532744,0.0,270.0,656,2025-11-17 20:58:06+00:00,0.03166666666666667,4.775,0.10410958904109589
2025-11-17 21:00:00+00:00,2025-12-26 00:00:00+00:00,AMZN,AMZN251226P00225000,put,False,225.0,6.2,6.4,6.35,232.8699951171875,0.3297796514892578,0.0370259995532744,0.0,244.0,408,2025-11-17 20:59:28+00:00,0.008888888888888889,6.300000000000001,0.10410958904109589
2025-11-17 21:00:00+00:00,2025-12-26 00:00:00+00:00,AMZN,AMZN251226P00230000,put,False,230.0,8.05,8.3,8.3,232.8699951171875,0.3205024005126953,0.0370259995532744,0.0,221.0,401,2025-11-17 20:59:43+00:00,0.004722222222222222,8.175,0.10410958904109589
2025-11-17 21:00:00+00:00,2025-12-26 00:00:00+00:00,AMZN,AMZN251226P00235000,put,True,235.0,10.35,10.6,10.95,232.8699951171875,0.3114692877197265,0.0370259995532744,0.0,91.0,583,2025-11-17 20:28:00+00:00,0.5333333333333333,10.475,0.10410958904109589
2025-11-17 21:00:00+00:00,2025-12-26 00:00:00+00:00,AMZN,AMZN251226P00240000,put,True,240.0,13.05,14.05,13.82,232.8699951171875,0.32739930419921875,0.0370259995532744,0.0,28.0,206,2025-11-17 20:38:55+00:00,0.35138888888888886,13.55,0.10410958904109589
2025-11-17 21:00:00+00:00,2025-12-26 00:00:00+00:00,AMZN,AMZN251226P00245000,put,True,245.0,16.2,17.0,16.65,232.8699951171875,0.313483427734375,0.0370259995532744,0.0,98.0,116,2025-11-17 18:45:28+00:00,2.2422222222222223,16.6,0.10410958904109589
2025-11-17 21:00:00+00:00,2025-12-26 00:00:00+00:00,AMZN,AMZN251226P00250000,put,True,250.0,18.95,20.3,21.19,232.8699951171875,0.2970041003417968,0.0370259995532744,0.0,40.0,128,2025-11-17 19:39:03+00:00,1.3491666666666666,19.625,0.10410958904109589
2025-11-17 21:00:00+00:00,2025-12-26 00:00:00+00:00,AMZN,AMZN251226P00255000,put,True,255.0,23.7,24.3,21.7,232.8699951171875,0.29444064941406245,0.0370259995532744,0.0,297.0,482,2025-11-14 15:21:43+00:00,77.63805555555555,24.0,0.10410958904109589
2025-11-17 21:00:00+00:00,2025-12-26 00:00:00+00:00,AMZN,AMZN251226P00260000,put,True,260.0,27.1,28.6,28.65,232.8699951171875,0.2937082348632812,0.0370259995532744,0.0,3.0,93,2025-11-17 14:43:02+00:00,6.282777777777778,27.85,0.10410958904109589
2025-11-17 21:00:00+00:00,2025-12-26 00:00:00+00:00,AMZN,AMZN251226P00265000,put,True,265.0,32.4,33.15,34.29,232.8699951171875,0.2967599621582031,0.0370259995532744,0.0,2.0,2,2025-11-17 19:39:03+00:00,1.3491666666666666,32.775,0.10410958904109589
2025-11-17 21:00:00+00:00,2025-12-26 00:00:00+00:00,AMZN,AMZN251226P00270000,put,True,270.0,36.35,38.55,35.61,232.8699951171875,0.35681795532226557,0.0370259995532744,0.0,20.0,1,2025-11-14 20:58:46+00:00,72.02055555555556,37.45,0.10410958904109589
2025-11-17 21:00:00+00:00,2025-12-26 00:00:00+00:00,AMZN,AMZN251226P00285000,put,True,285.0,50.95,53.2,38.5,232.8699951171875,0.4172421557617187,0.0370259995532744,0.0,,1,2025-11-06 15:03:24+00:00,269.9433333333333,52.075,0.10410958904109589
2025-11-17 21:00:00+00:00,2026-01-02 00:00:00+00:00,AMZN,AMZN260102C00125000,call,True,125.0,107.1,109.85,112.5,232.8699951171875,0.9204109521484375,0.0370259995532744,0.0,2.0,2,2025-11-14 19:21:00+00:00,73.65,108.475,0.1232876712328767
2025-11-17 21:00:00+00:00,2026-01-02 00:00:00+00:00,AMZN,AMZN260102C00170000,call,True,170.0,62.45,65.95,67.75,232.8699951171875,0.602787175292969,0.0370259995532744,0.0,12.0,3,2025-11-14 19:00:26+00:00,73.99277777777777,64.2,0.1232876712328767
2025-11-17 21:00:00+00:00,2026-01-02 00:00:00+00:00,AMZN,AMZN260102C00190000,call,True,190.0,44.55,45.95,47.6,232.8699951171875,0.503056727294922,0.0370259995532744,0.0,8.0,8,2025-11-14 20:54:47+00:00,72.08694444444444,45.25,0.1232876712328767
2025-11-17 21:00:00+00:00,2026-01-02 00:00:00+00:00,AMZN,AMZN260102C00205000,call,True,205.0,31.0,32.05,30.7,232.8699951171875,0.44885805053710937,0.0370259995532744,0.0,2.0,4,2025-11-17 20:32:16+00:00,0.4622222222222222,31.525,0.1232876712328767
2025-11-17 21:00:00+00:00,2026-01-02 00:00:00+00:00,AMZN,AMZN260102C00215000,call,True,215.0,22.8,23.75,22.5,232.8699951171875,0.40698835205078127,0.0370259995532744,0.0,13.0,5,2025-11-17 14:40:02+00:00,6.332777777777777,23.275,0.1232876712328767
2025-11-17 21:00:00+00:00,2026-01-02 00:00:00+00:00,AMZN,AMZN260102C00220000,call,True,220.0,19.05,20.05,18.1,232.8699951171875,0.3927062683105469,0.0370259995532744,0.0,109.0,27,2025-11-17 19:07:41+00:00,1.8719444444444444,19.55,0.1232876712328767
2025-11-17 21:00:00+00:00,2026-01-02 00:00:00+00:00,AMZN,AMZN260102C00225000,call,True,225.0,15.65,16.65,15.75,232.8699951171875,0.38013315185546875,0.0370259995532744,0.0,53.0,2,2025-11-17 17:53:33+00:00,3.1075,16.15,0.1232876712328767
2025-11-17 21:00:00+00:00,2026-01-02 00:00:00+00:00,AMZN,AMZN260102C00230000,call,True,230.0,12.6,13.5,13.08,232.8699951171875,0.36664451721191404,0.0370259995532744,0.0,72.0,20,2025-11-17 20:48:32+00:00,0.19111111111111112,13.05,0.1232876712328767
2025-11-17 21:00:00+00:00,2026-01-02 00:00:00+00:00,AMZN,AMZN260102C00235000,call,False,235.0,10.0,10.6,10.45,232.8699951171875,0.3513248461914062,0.0370259995532744,0.0,400.0,36,2025-11-17 20:55:32+00:00,0.07444444444444444,10.3,0.1232876712328767
2025-11-17 21:00:00+00:00,2026-01-02 00:00:00+00:00,AMZN,AMZN260102C00240000,call,False,240.0,7.55,8.45,7.5,232.8699951171875,0.34870036071777344,0.0370259995532744,0.0,291.0,113,2025-11-17 20:28:25+00:00,0.5263888888888889,8.0,0.1232876712328767
2025-11-17 21:00:00+00:00,2026-01-02 00:00:00+00:00,AMZN,AMZN260102C00245000,call,False,245.0,5.6,6.5,6.1,232.8699951171875,0.3421086297607422,0.0370259995532744,0.0,51.0,46,2025-11-17 20:03:57+00:00,0.9341666666666667,6.05,0.1232876712328767
2025-11-17 21:00:00+00:00,2026-01-02 00:00:00+00:00,AMZN,AMZN260102C00250000,call,False,250.0,4.1,4.8,4.41,232.8699951171875,0.3328313787841797,0.0370259995532744,0.0,322.0,264,2025-11-17 20:51:29+00:00,0.14194444444444446,4.449999999999999,0.1232876712328767
2025-11-17 21:00:00+00:00,2026-01-02 00:00:00+00:00,AMZN,AMZN260102C00255000,call,False,255.0,3.0,3.4,3.35,232.8699951171875,0.3227606787109374,0.0370259995532744,0.0,73.0,159,2025-11-17 20:12:30+00:00,0.7916666666666666,3.2,0.1232876712328767
2025-11-17 21:00:00+00:00,2026-01-02 00:00:00+00:00,AMZN,AMZN260102C00260000,call,False,260.0,2.1,2.75,2.25,232.8699951171875,0.33301448242187504,0.0370259995532744,0.0,59.0,113,2025-11-17 20:12:30+00:00,0.7916666666666666,2.425,0.1232876712328767
2025-11-17 21:00:00+00:00,2026-01-02 00:00:00+00:00,AMZN,AMZN260102C00265000,call,False,265.0,1.51,2.07,1.54,232.8699951171875,0.33460138061523437,0.0370259995532744,0.0,26.0,25,2025-11-17 19:29:53+00:00,1.5019444444444445,1.79,0.1232876712328767
2025-11-17 21:00:00+00:00,2026-01-02 00:00:00+00:00,AMZN,AMZN260102C00270000,call,False,270.0,1.05,1.48,1.02,232.8699951171875,0.3321599987792969,0.0370259995532744,0.0,35.0,28,2025-11-17 20:54:48+00:00,0.08666666666666667,1.2650000000000001,0.1232876712328767
2025-11-17 21:00:00+00:00,2026-01-02 00:00:00+00:00,AMZN,AMZN260102C00275000,call,False,275.0,0.73,1.15,0.91,232.8699951171875,0.33814138427734375,0.0370259995532744,0.0,7.0,19,2025-11-17 20:54:25+00:00,0.09305555555555556,0.94,0.1232876712328767
2025-11-17 21:00:00+00:00,2026-01-02 00:00:00+00:00,AMZN,AMZN260102C00280000,call,False,280.0,0.47,1.01,0.59,232.8699951171875,0.3537662280273437,0.0370259995532744,0.0,17.0,20,2025-11-17 16:07:13+00:00,4.879722222222222,0.74,0.1232876712328767
2025-11-17 21:00:00+00:00,2026-01-02 00:00:00+00:00,AMZN,AMZN260102C00285000,call,False,285.0,0.29,0.69,0.72,232.8699951171875,0.3491276025390625,0.0370259995532744,0.0,5.0,15,2025-11-14 14:31:20+00:00,78.47777777777777,0.49,0.1232876712328767
2025-11-17 21:00:00+00:00,2026-01-02 00:00:00+00:00,AMZN,AMZN260102C00290000,call,False,290.0,0.16,0.71,0.36,232.8699951171875,0.3742738354492187,0.0370259995532744,0.0,6.0,3,2025-11-17 16:51:44+00:00,4.137777777777778,0.435,0.1232876712328767
2025-11-17 21:00:00+00:00,2026-01-02 00:00:00+00:00,AMZN,AMZN260102C00295000,call,False,295.0,0.06,0.51,0.27,232.8699951171875,0.37256486816406253,0.0370259995532744,0.0,4.0,2,2025-11-14 17:34:17+00:00,75.42861111111111,0.28500000000000003,0.1232876712328767
2025-11-17 21:00:00+00:00,2026-01-02 00:00:00+00:00,AMZN,AMZN260102C00300000,call,False,300.0,0.15,0.54,0.2,232.8699951171875,0.39771110107421875,0.0370259995532744,0.0,2.0,1,2025-11-14 20:05:49+00:00,72.90305555555555,0.34500000000000003,0.1232876712328767
2025-11-17 21:00:00+00:00,2026-01-02 00:00:00+00:00,AMZN,AMZN260102C00305000,call,False,305.0,0.01,0.4,0.28,232.8699951171875,0.39722282470703124,0.0370259995532744,0.0,1.0,1,2025-11-14 15:15:48+00:00,77.73666666666666,0.20500000000000002,0.1232876712328767
2025-11-17 21:00:00+00:00,2026-01-02 00:00:00+00:00,AMZN,AMZN260102P00155000,put,False,155.0,0.05,0.52,0.24,232.8699951171875,0.561527822265625,0.0370259995532744,0.0,1.0,1,2025-11-14 20:56:17+00:00,72.06194444444445,0.28500000000000003,0.1232876712328767
2025-11-17 21:00:00+00:00,2026-01-02 00:00:00+00:00,AMZN,AMZN260102P00185000,put,False,185.0,0.63,1.17,0.87,232.8699951171875,0.4558159887695313,0.0370259995532744,0.0,8.0,1,2025-11-17 18:40:15+00:00,2.3291666666666666,0.8999999999999999,0.1232876712328767
2025-11-17 21:00:00+00:00,2026-01-02 00:00:00+00:00,AMZN,AMZN260102P00195000,put,False,195.0,1.24,1.73,1.4,232.8699951171875,0.41431249755859373,0.0370259995532744,0.0,1.0,3,2025-11-17 15:34:38+00:00,5.422777777777778,1.4849999999999999,0.1232876712328767
2025-11-17 21:00:00+00:00,2026-01-02 00:00:00+00:00,AMZN,AMZN260102P00200000,put,False,200.0,1.62,2.13,2.06,232.8699951171875,0.3947814428710938,0.0370259995532744,0.0,26.0,67,2025-11-17 20:01:44+00:00,0.9711111111111111,1.875,0.1232876712328767
2025-11-17 21:00:00+00:00,2026-01-02 00:00:00+00:00,AMZN,AMZN260102P00205000,put,False,205.0,2.15,2.73,2.66,232.8699951171875,0.38049935913085936,0.0370259995532744,0.0,234.0,11,2025-11-17 19:20:35+00:00,1.6569444444444446,2.44,0.1232876712328767
2025-11-17 21:00:00+00:00,2026-01-02 00:00:00+00:00,AMZN,AMZN260102P00210000,put,False,210.0,2.86,3.5,3.47,232.8699951171875,0.3670717590332031,0.0370259995532744,0.0,25.0,5,2025-11-17 19:14:29+00:00,1.7586111111111111,3.1799999999999997,0.1232876712328767
2025-11-17 21:00:00+00:00,2026-01-02 00:00:00+00:00,AMZN,AMZN260102P00215000,put,False,215.0,3.8,4.6,4.47,232.8699951171875,0.3590151989746094,0.0370259995532744,0.0,19.0,13,2025-11-17 20:00:00+00:00,1.0,4.199999999999999,0.1232876712328767
2025-11-17 21:00:00+00:00,2026-01-02 00:00:00+00:00,AMZN,AMZN260102P00220000,put,False,220.0,5.15,5.9,5.71,232.8699951171875,0.34882242980957034,0.0370259995532744,0.0,21.0,98,2025-11-17 20:27:28+00:00,0.5422222222222223,5.525,0.1232876712328767
2025-11-17 21:00:00+00:00,2026-01-02 00:00:00+00:00,AMZN,AMZN260102P00225000,put,False,225.0,6.3,7.5,7.42,232.8699951171875,0.33924000610351557,0.0370259995532744,0.0,581.0,9,2025-11-17 20:29:05+00:00,0.5152777777777777,6.9,0.1232876712328767
2025-11-17 21:00:00+00:00,2026-01-02 00:00:00+00:00,AMZN,AMZN260102P00230000,put,False,230.0,8.65,9.4,8.96,232.8699951171875,0.3289251678466796,0.0370259995532744,0.0,126.0,18,2025-11-17 20:07:33+00:00,0.8741666666666666,9.025,0.1232876712328767
2025-11-17 21:00:00+00:00,2026-01-02 00:00:00+00:00,AMZN,AMZN260102P00235000,put,True,235.0,10.85,11.75,11.9,232.8699951171875,0.321723091430664,0.0370259995532744,0.0,39.0,22,2025-11-17 18:45:30+00:00,2.2416666666666667,11.3,0.1232876712328767
2025-11-17 21:00:00+00:00,2026-01-02 00:00:00+00:00,AMZN,AMZN260102P00240000,put,True,240.0,13.5,14.45,13.98,232.8699951171875,0.3138496350097656,0.0370259995532744,0.0,41.0,6,2025-11-17 20:38:55+00:00,0.35138888888888886,13.975,0.1232876712328767
2025-11-17 21:00:00+00:00,2026-01-02 00:00:00+00:00,AMZN,AMZN260102P00250000,put,True,250.0,20.15,21.05,20.6,232.8699951171875,0.30152065673828127,0.0370259995532744,0.0,21.0,11,2025-11-17 20:47:05+00:00,0.2152777777777778,20.6,0.1232876712328767
2025-11-17 21:00:00+00:00,2026-01-16 00:00:00+00:00,AMZN,AMZN260116C00065000,call,True,65.0,167.35,169.35,173.16,232.8699951171875,1.5048852880859376,0.0370259995532744,0.0,2.0,2944,2025-11-14 17:46:02+00:00,75.23277777777778,168.35,0.16164383561643836
2025-11-17 21:00:00+00:00,2026-01-16 00:00:00+00:00,AMZN,AMZN260116C00070000,call,True,70.0,162.3,164.5,161.72,232.8699951171875,1.4428738793945315,0.0370259995532744,0.0,3.0,360,2025-11-17 20:00:39+00:00,0.9891666666666666,163.4,0.16164383561643836
2025-11-17 21:00:00+00:00,2026-01-16 00:00:00+00:00,AMZN,AMZN260116C00075000,call,True,75.0,157.2,159.55,156.67,232.8699951171875,1.3544954150390622,0.0370259995532744,0.0,3.0,472,2025-11-17 20:00:39+00:00,0.9891666666666666,158.375,0.16164383561643836
2025-11-17 21:00:00+00:00,2026-01-16 00:00:00+00:00,AMZN,AMZN260116C00080000,call,True,80.0,151.7,155.35,165.65,232.8699951171875,1.334964262695312,0.0370259995532744,0.0,17.0,464,2025-11-07 20:47:02+00:00,240.2161111111111,153.52499999999998,0.16164383561643836
2025-11-17 21:00:00+00:00,2026-01-16 00:00:00+00:00,AMZN,AMZN260116C00085000,call,True,85.0,146.75,150.35,163.0,232.8699951171875,1.272464575195312,0.0370259995532744,0.0,1.0,434,2025-11-12 15:05:53+00:00,125.90194444444444,148.55,0.16164383561643836
2025-11-17 21:00:00+00:00,2026-01-16 00:00:00+00:00,AMZN,AMZN260116C00090000,call,True,90.0,142.6,144.65,141.53,232.8699951171875,1.2265663671875,0.0370259995532744,0.0,3.0,1354,2025-11-17 20:00:39+00:00,0.9891666666666666,143.625,0.16164383561643836
2025-11-17 21:00:00+00:00,2026-01-16 00:00:00+00:00,AMZN,AMZN260116C00095000,call,True,95.0,137.65,139.75,138.2,232.8699951171875,1.1816447167968749,0.0370259995532744,0.0,6.0,248,2025-11-17 20:54:00+00:00,0.1,138.7,0.16164383561643836
2025-11-17 21:00:00+00:00,2026-01-16 00:00:00+00:00,AMZN,AMZN260116C00100000,call,True,100.0,132.7,134.65,150.3,232.8699951171875,1.1137739624023437,0.0370259995532744,0.0,2.0,868,2025-11-11 19:23:52+00:00,145.60222222222222,133.675,0.16164383561643836
2025-11-17 21:00:00+00:00,2026-01-16 00:00:00+00:00,AMZN,AMZN260116C00105000,call,True,105.0,127.75,129.8,137.6,232.8699951171875,1.0776413305664065,0.0370259995532744,0.0,8.0,451,2025-11-13 14:50:41+00:00,102.15527777777778,128.775,0.16164383561643836
2025-11-17 21:00:00+00:00,2026-01-16 00:00:00+00:00,AMZN,AMZN260116C00110000,call,True,110.0,123.1,124.7,126.25,232.8699951171875,1.045414929199219,0.0370259995532744,0.0,1.0,6797,2025-11-14 15:13:29+00:00,77.77527777777777,123.9,0.16164383561643836
2025-11-17 21:00:00+00:00,2026-01-16 00:00:00+00:00,AMZN,AMZN260116C00115000,call,True,115.0,117.85,119.95,131.35,232.8699951171875,0.99023447265625,0.0370259995532744,0.0,2.0,527,2025-11-06 19:22:14+00:00,265.62944444444446,118.9,0.16164383561643836
2025-11-17 21:00:00+00:00,2026-01-16 00:00:00+00:00,AMZN,AMZN260116C00120000,call,True,120.0,112.9,115.0,126.15,232.8699951171875,0.9460454614257812,0.0370259995532744,0.0,1.0,1351,2025-11-12 16:07:44+00:00,124.8711111111111,113.95,0.16164383561643836
2025-11-17 21:00:00+00:00,2026-01-16 00:00:00+00:00,AMZN,AMZN260116C00125000,call,True,125.0,108.0,110.1,106.9,232.8699951171875,0.9104012866210938,0.0370259995532744,0.0,20.0,1120,2025-11-17 15:02:51+00:00,5.9525,109.05,0.16164383561643836
2025-11-17 21:00:00+00:00,2026-01-16 00:00:00+00:00,AMZN,AMZN260116C00130000,call,True,130.0,103.4,104.95,103.48,232.8699951171875,0.8781750463867187,0.0370259995532744,0.0,3.0,2200,2025-11-17 18:17:40+00:00,2.7055555555555557,104.17500000000001,0.16164383561643836
2025-11-17 21:00:00+00:00,2026-01-16 00:00:00+00:00,AMZN,AMZN260116C00135000,call,True,135.0,98.15,100.3,97.74,232.8699951171875,0.835695002441406,0.0370259995532744,0.0,2.0,1324,2025-11-17 19:23:54+00:00,1.6016666666666666,99.225,0.16164383561643836
2025-11-17 21:00:00+00:00,2026-01-16 00:00:00+00:00,AMZN,AMZN260116C00140000,call,True,140.0,93.2,95.5,103.62,232.8699951171875,0.8032246240234374,0.0370259995532744,0.0,10.0,1264,2025-11-13 15:35:51+00:00,101.4025,94.35,0.16164383561643836
2025-11-17 21:00:00+00:00,2026-01-16 00:00:00+00:00,AMZN,AMZN260116C00145000,call,True,145.0,88.3,90.25,85.89,232.8699951171875,0.7478052563476563,0.0370259995532744,0.0,2.0,1242,2025-11-14 14:47:41+00:00,78.20527777777778,89.275,0.16164383561643836
2025-11-17 21:00:00+00:00,2026-01-16 00:00:00+00:00,AMZN,AMZN260116C00150000,call,True,150.0,83.65,85.25,83.54,232.8699951171875,0.7216824707031251,0.0370259995532744,0.0,10.0,9357,2025-11-17 20:43:38+00:00,0.2727777777777778,84.45,0.16164383561643836
2025-11-17 21:00:00+00:00,2026-01-16 00:00:00+00:00,AMZN,AMZN260116C00155000,call,True,155.0,78.5,80.55,77.95,232.8699951171875,0.6843293286132813,0.0370259995532744,0.0,2.0,1907,2025-11-17 19:41:19+00:00,1.311388888888889,79.525,0.16164383561643836
2025-11-17 21:00:00+00:00,2026-01-16 00:00:00+00:00,AMZN,AMZN260116C00160000,call,True,160.0,73.9,75.65,73.04,232.8699951171875,0.6626010302734376,0.0370259995532744,0.0,2.0,3526,2025-11-14 18:56:36+00:00,74.05666666666667,74.775,0.16164383561643836
2025-11-17 21:00:00+00:00,2026-01-16 00:00:00+00:00,AMZN,AMZN260116C00165000,call,True,165.0,68.8,71.0,69.75,232.8699951171875,0.6289099609375001,0.0370259995532744,0.0,19.0,1659,2025-11-17 20:57:48+00:00,0.03666666666666667,69.9,0.16164383561643836
2025-11-17 21:00:00+00:00,2026-01-16 00:00:00+00:00,AMZN,AMZN260116C00170000,call,True,170.0,64.25,65.8,65.9,232.8699951171875,0.5949747534179688,0.0370259995532744,0.0,39.0,7394,2025-11-17 17:22:36+00:00,3.6233333333333335,65.025,0.16164383561643836
2025-11-17 21:00:00+00:00,2026-01-16 00:00:00+00:00,AMZN,AMZN260116C00175000,call,True,175.0,60.1,60.95,59.2,232.8699951171875,0.5852092260742188,0.0370259995532744,0.0,450.0,4836,2025-11-17 20:09:36+00:00,0.84,60.525000000000006,0.16164383561643836
2025-11-17 21:00:00+00:00,2026-01-16 00:00:00+00:00,AMZN,AMZN260116C00180000,call,True,180.0,54.8,56.2,54.85,232.8699951171875,0.5399215930175782,0.0370259995532744,0.0,20.0,8132,2025-11-17 20:45:47+00:00,0.23694444444444446,55.5,0.16164383561643836
2025-11-17 21:00:00+00:00,2026-01-16 00:00:00+00:00,AMZN,AMZN260116C00185000,call,True,185.0,50.45,51.05,49.6,232.8699951171875,0.5109912182617188,0.0370259995532744,0.0,14.0,4070,2025-11-17 20:28:07+00:00,0.5313888888888889,50.75,0.16164383561643836
2025-11-17 21:00:00+00:00,2026-01-16 00:00:00+00:00,AMZN,AMZN260116C00190000,call,True,190.0,45.95,46.4,45.4,232.8699951171875,0.5004932763671875,0.0370259995532744,0.0,40.0,13410,2025-11-17 20:45:13+00:00,0.24638888888888888,46.175,0.16164383561643836
2025-11-17 21:00:00+00:00,2026-01-16 00:00:00+00:00,AMZN,AMZN260116C00195000,call,True,195.0,41.4,41.8,41.19,232.8699951171875,0.47400428344726564,0.0370259995532744,0.0,17.0,10721,2025-11-17 18:21:53+00:00,2.6352777777777776,41.599999999999994,0.16164383561643836
2025-11-17 21:00:00+00:00,2026-01-16 00:00:00+00:00,AMZN,AMZN260116C00200000,call,True,200.0,36.95,37.3,36.35,232.8699951171875,0.4492852923583984,0.0370259995532744,0.0,171.0,10837,2025-11-17 20:42:32+00:00,0.2911111111111111,37.125,0.16164383561643836
2025-11-17 21:00:00+00:00,2026-01-16 00:00:00+00:00,AMZN,AMZN260116C00205000,call,True,205.0,32.8,33.05,31.12,232.8699951171875,0.43103596313476567,0.0370259995532744,0.0,24.0,7540,2025-11-17 19:24:52+00:00,1.5855555555555556,32.925,0.16164383561643836
2025-11-17 21:00:00+00:00,2026-01-16 00:00:00+00:00,AMZN,AMZN260116C00210000,call,True,210.0,28.7,28.95,28.45,232.8699951171875,0.41358008300781246,0.0370259995532744,0.0,114.0,13255,2025-11-17 20:47:47+00:00,0.2036111111111111,28.825,0.16164383561643836
2025-11-17 21:00:00+00:00,2026-01-16 00:00:00+00:00,AMZN,AMZN260116C00215000,call,True,215.0,24.8,25.05,24.9,232.8699951171875,0.39765006652832036,0.0370259995532744,0.0,140.0,12404,2025-11-17 20:49:06+00:00,0.18166666666666667,24.925,0.16164383561643836
2025-11-17 21:00:00+00:00,2026-01-16 00:00:00+00:00,AMZN,AMZN260116C00220000,call,True,220.0,21.2,21.45,21.23,232.8699951171875,0.38513798461914056,0.0370259995532744,0.0,232.0,22677,2025-11-17 20:56:19+00:00,0.06138888888888889,21.325,0.16164383561643836
2025-11-17 21:00:00+00:00,2026-01-16 00:00:00+00:00,AMZN,AMZN260116C00225000,call,True,225.0,17.85,18.1,17.95,232.8699951171875,0.3732667654418945,0.0370259995532744,0.0,1165.0,13527,2025-11-17 20:55:48+00:00,0.07,17.975,0.16164383561643836
2025-11-17 21:00:00+00:00,2026-01-16 00:00:00+00:00,AMZN,AMZN260116C00230000,call,True,230.0,14.85,15.1,14.98,232.8699951171875,0.3640200317382813,0.0370259995532744,0.0,2260.0,22549,2025-11-17 20:57:59+00:00,0.03361111111111111,14.975,0.16164383561643836
2025-11-17 21:00:00+00:00,2026-01-16 00:00:00+00:00,AMZN,AMZN260116C00235000,call,False,235.0,12.2,12.35,12.26,232.8699951171875,0.35407140075683585,0.0370259995532744,0.0,1863.0,14537,2025-11-17 20:58:33+00:00,0.024166666666666666,12.274999999999999,0.16164383561643836
2025-11-17 21:00:00+00:00,2026-01-16 00:00:00+00:00,AMZN,AMZN260116C00240000,call,False,240.0,9.8,10.0,9.9,232.8699951171875,0.34705242797851554,0.0370259995532744,0.0,3364.0,41441,2025-11-17 20:58:27+00:00,0.025833333333333333,9.9,0.16164383561643836
2025-11-17 21:00:00+00:00,2026-01-16 00:00:00+00:00,AMZN,AMZN260116C00245000,call,False,245.0,7.8,7.95,7.9,232.8699951171875,0.34015552429199214,0.0370259995532744,0.0,975.0,15755,2025-11-17 20:58:51+00:00,0.019166666666666665,7.875,0.16164383561643836
2025-11-17 21:00:00+00:00,2026-01-16 00:00:00+00:00,AMZN,AMZN260116C00250000,call,False,250.0,6.1,6.2,6.13,232.8699951171875,0.33350275878906255,0.0370259995532744,0.0,4673.0,43715,2025-11-17 20:59:47+00:00,0.003611111111111111,6.15,0.16164383561643836
2025-11-17 21:00:00+00:00,2026-01-16 00:00:00+00:00,AMZN,AMZN260116C00255000,call,False,255.0,4.7,4.85,4.76,232.8699951171875,0.33081723876953123,0.0370259995532744,0.0,753.0,14338,2025-11-17 20:56:40+00:00,0.05555555555555555,4.775,0.16164383561643836
2025-11-17 21:00:00+00:00,2026-01-16 00:00:00+00:00,AMZN,AMZN260116C00260000,call,False,260.0,3.6,3.7,3.6,232.8699951171875,0.3267889587402344,0.0370259995532744,0.0,4309.0,28971,2025-11-17 20:59:10+00:00,0.013888888888888888,3.6500000000000004,0.16164383561643836
2025-11-17 21:00:00+00:00,2026-01-16 00:00:00+00:00,AMZN,AMZN260116C00265000,call,False,265.0,2.76,2.84,2.76,232.8699951171875,0.325629302368164,0.0370259995532744,0.0,801.0,10472,2025-11-17 20:58:57+00:00,0.0175,2.8,0.16164383561643836
2025-11-17 21:00:00+00:00,2026-01-16 00:00:00+00:00,AMZN,AMZN260116C00270000,call,False,270.0,2.1,2.15,2.12,232.8699951171875,0.32434757690429683,0.0370259995532744,0.0,1332.0,17865,2025-11-17 20:58:49+00:00,0.01972222222222222,2.125,0.16164383561643836
2025-11-17 21:00:00+00:00,2026-01-16 00:00:00+00:00,AMZN,AMZN260116C00275000,call,False,275.0,1.61,1.65,1.62,232.8699951171875,0.3253851641845703,0.0370259995532744,0.0,716.0,16802,2025-11-17 20:47:36+00:00,0.20666666666666667,1.63,0.16164383561643836
2025-11-17 21:00:00+00:00,2026-01-16 00:00:00+00:00,AMZN,AMZN260116C00280000,call,False,280.0,1.24,1.28,1.26,232.8699951171875,0.3278875805664062,0.0370259995532744,0.0,2333.0,18520,2025-11-17 20:59:57+00:00,0.0008333333333333334,1.26,0.16164383561643836
2025-11-17 21:00:00+00:00,2026-01-16 00:00:00+00:00,AMZN,AMZN260116C00285000,call,False,285.0,0.96,1.0,0.95,232.8699951171875,0.331061376953125,0.0370259995532744,0.0,82.0,6412,2025-11-17 20:47:34+00:00,0.20722222222222222,0.98,0.16164383561643836
2025-11-17 21:00:00+00:00,2026-01-16 00:00:00+00:00,AMZN,AMZN260116C00290000,call,False,290.0,0.75,0.78,0.75,232.8699951171875,0.33411310424804685,0.0370259995532744,0.0,128.0,5967,2025-11-17 20:57:04+00:00,0.04888888888888889,0.765,0.16164383561643836
2025-11-17 21:00:00+00:00,2026-01-16 00:00:00+00:00,AMZN,AMZN260116C00295000,call,False,295.0,0.6,0.62,0.58,232.8699951171875,0.33838552246093745,0.0370259995532744,0.0,257.0,5332,2025-11-17 20:40:43+00:00,0.3213888888888889,0.61,0.16164383561643836
2025-11-17 21:00:00+00:00,2026-01-16 00:00:00+00:00,AMZN,AMZN260116C00300000,call,False,300.0,0.47,0.5,0.49,232.8699951171875,0.3435124243164062,0.0370259995532744,0.0,1668.0,27504,2025-11-17 20:57:40+00:00,0.03888888888888889,0.485,0.16164383561643836
2025-11-17 21:00:00+00:00,2026-01-16 00:00:00+00:00,AMZN,AMZN260116C00305000,call,False,305.0,0.38,0.4,0.38,232.8699951171875,0.34766277343749996,0.0370259995532744,0.0,288.0,10714,2025-11-17 20:23:42+00:00,0.605,0.39,0.16164383561643836
2025-11-17 21:00:00+00:00,2026-01-16 00:00:00+00:00,AMZN,AMZN260116C00310000,call,False,310.0,0.31,0.33,0.28,232.8699951171875,0.35352208984374994,0.0370259995532744,0.0,39.0,3558,2025-11-17 18:52:33+00:00,2.1241666666666665,0.32,0.16164383561643836
2025-11-17 21:00:00+00:00,2026-01-16 00:00:00+00:00,AMZN,AMZN260116C00315000,call,False,315.0,0.24,0.27,0.23,232.8699951171875,0.358404853515625,0.0370259995532744,0.0,6.0,1400,2025-11-17 16:30:54+00:00,4.485,0.255,0.16164383561643836
2025-11-17 21:00:00+00:00,2026-01-16 00:00:00+00:00,AMZN,AMZN260116C00320000,call,False,320.0,0.2,0.22,0.2,232.8699951171875,0.3632876171875,0.0370259995532744,0.0,51.0,3389,2025-11-17 20:34:05+00:00,0.43194444444444446,0.21000000000000002,0.16164383561643836
2025-11-17 21:00:00+00:00,2026-01-16 00:00:00+00:00,AMZN,AMZN260116C00325000,call,False,325.0,0.16,0.18,0.16,232.8699951171875,0.3676821044921875,0.0370259995532744,0.0,4.0,1718,2025-11-17 16:31:21+00:00,4.4775,0.16999999999999998,0.16164383561643836
2025-11-17 21:00:00+00:00,2026-01-16 00:00:00+00:00,AMZN,AMZN260116C00330000,call,False,330.0,0.13,0.15,0.12,232.8699951171875,0.37256486816406253,0.0370259995532744,0.0,140.0,1305,2025-11-17 19:07:04+00:00,1.8822222222222222,0.14,0.16164383561643836
2025-11-17 21:00:00+00:00,2026-01-16 00:00:00+00:00,AMZN,AMZN260116C00335000,call,False,335.0,0.1,0.13,0.11,232.8699951171875,0.3794007373046875,0.0370259995532744,0.0,16.0,850,2025-11-17 20:36:04+00:00,0.3988888888888889,0.115,0.16164383561643836
2025-11-17 21:00:00+00:00,2026-01-16 00:00:00+00:00,AMZN,AMZN260116C00340000,call,False,340.0,0.09,0.11,0.09,232.8699951171875,0.38477177734374995,0.0370259995532744,0.0,3.0,2564,2025-11-17 14:30:03+00:00,6.4991666666666665,0.1,0.16164383561643836
2025-11-17 21:00:00+00:00,2026-01-16 00:00:00+00:00,AMZN,AMZN260116C00345000,call,False,345.0,0.07,0.08,0.09,232.8699951171875,0.38281867187499996,0.0370259995532744,0.0,1.0,1147,2025-11-14 15:34:51+00:00,77.41916666666667,0.07500000000000001,0.16164383561643836
2025-11-17 21:00:00+00:00,2026-01-16 00:00:00+00:00,AMZN,AMZN260116C00350000,call,False,350.0,0.06,0.08,0.05,232.8699951171875,0.39551385742187506,0.0370259995532744,0.0,26.0,5376,2025-11-17 15:45:51+00:00,5.235833333333333,0.07,0.16164383561643836
2025-11-17 21:00:00+00:00,2026-01-16 00:00:00+00:00,AMZN,AMZN260116C00355000,call,False,355.0,0.05,0.07,0.04,232.8699951171875,0.401373173828125,0.0370259995532744,0.0,5.0,818,2025-11-17 20:26:22+00:00,0.5605555555555556,0.060000000000000005,0.16164383561643836
2025-11-17 21:00:00+00:00,2026-01-16 00:00:00+00:00,AMZN,AMZN260116C00360000,call,False,360.0,0.05,0.06,0.06,232.8699951171875,0.4062559375,0.0370259995532744,0.0,660.0,12009,2025-11-17 20:58:36+00:00,0.023333333333333334,0.055,0.16164383561643836
2025-11-17 21:00:00+00:00,2026-01-16 00:00:00+00:00,AMZN,AMZN260116C00370000,call,False,370.0,0.03,0.04,0.03,232.8699951171875,0.4101621484375,0.0370259995532744,0.0,42.0,421,2025-11-17 20:03:02+00:00,0.9494444444444444,0.035,0.16164383561643836
2025-11-17 21:00:00+00:00,2026-01-16 00:00:00+00:00,AMZN,AMZN260116P00065000,put,False,65.0,0.0,0.02,0.01,232.8699951171875,0.98437515625,0.0370259995532744,0.0,2.0,3133,2025-11-17 19:06:21+00:00,1.8941666666666668,0.01,0.16164383561643836
2025-11-17 21:00:00+00:00,2026-01-16 00:00:00+00:00,AMZN,AMZN260116P00070000,put,False,70.0,0.0,0.01,0.01,232.8699951171875,0.87500125,0.0370259995532744,0.0,1.0,1665,2025-11-17 15:31:50+00:00,5.469444444444444,0.005,0.16164383561643836
2025-11-17 21:00:00+00:00,2026-01-16 00:00:00+00:00,AMZN,AMZN260116P00075000,put,False,75.0,0.0,0.05,0.01,232.8699951171875,0.9531254687499999,0.0370259995532744,0.0,4.0,1219,2025-11-13 15:18:50+00:00,101.68611111111112,0.025,0.16164383561643836
2025-11-17 21:00:00+00:00,2026-01-16 00:00:00+00:00,AMZN,AMZN260116P00080000,put,False,80.0,0.0,0.08,0.01,232.8699951171875,0.945313046875,0.0370259995532744,0.0,1.0,3587,2025-11-17 19:19:49+00:00,1.6697222222222223,0.04,0.16164383561643836
2025-11-17 21:00:00+00:00,2026-01-16 00:00:00+00:00,AMZN,AMZN260116P00085000,put,False,85.0,0.0,0.07,0.01,232.8699951171875,0.8828136718749999,0.0370259995532744,0.0,1.0,5563,2025-11-06 19:59:54+00:00,265.00166666666667,0.035,0.16164383561643836
2025-11-17 21:00:00+00:00,2026-01-16 00:00:00+00:00,AMZN,AMZN260116P00090000,put,False,90.0,0.0,0.08,0.01,232.8699951171875,0.8437515624999999,0.0370259995532744,0.0,3.0,4221,2025-11-10 18:49:13+00:00,170.1797222222222,0.04,0.16164383561643836
2025-11-17 21:00:00+00:00,2026-01-16 00:00:00+00:00,AMZN,AMZN260116P00095000,put,False,95.0,0.0,0.23,0.01,232.8699951171875,0.89257919921875,0.0370259995532744,0.0,2.0,3182,2025-11-14 16:55:05+00:00,76.08194444444445,0.115,0.16164383561643836
2025-11-17 21:00:00+00:00,2026-01-16 00:00:00+00:00,AMZN,AMZN260116P00100000,put,False,100.0,0.01,0.04,0.03,232.8699951171875,0.7226590234375,0.0370259995532744,0.0,50.0,7083,2025-11-17 20:09:22+00:00,0.8438888888888889,0.025,0.16164383561643836
2025-11-17 21:00:00+00:00,2026-01-16 00:00:00+00:00,AMZN,AMZN260116P00105000,put,False,105.0,0.02,0.05,0.04,232.8699951171875,0.70312796875,0.0370259995532744,0.0,70.0,2679,2025-11-13 16:35:01+00:00,100.41638888888889,0.035,0.16164383561643836
2025-11-17 21:00:00+00:00,2026-01-16 00:00:00+00:00,AMZN,AMZN260116P00110000,put,False,110.0,0.03,0.06,0.04,232.8699951171875,0.6835969140625001,0.0370259995532744,0.0,2.0,11620,2025-11-17 14:34:31+00:00,6.424722222222222,0.045,0.16164383561643836
2025-11-17 21:00:00+00:00,2026-01-16 00:00:00+00:00,AMZN,AMZN260116P00115000,put,False,115.0,0.04,0.06,0.05,232.8699951171875,0.6523472265625001,0.0370259995532744,0.0,1.0,2503,2025-11-14 19:44:34+00:00,73.25722222222223,0.05,0.16164383561643836
2025-11-17 21:00:00+00:00,2026-01-16 00:00:00+00:00,AMZN,AMZN260116P00120000,put,False,120.0,0.06,0.08,0.08,232.8699951171875,0.6367223828125,0.0370259995532744,0.0,250.0,8088,2025-11-17 15:54:20+00:00,5.094444444444444,0.07,0.16164383561643836
2025-11-17 21:00:00+00:00,2026-01-16 00:00:00+00:00,AMZN,AMZN260116P00125000,put,False,125.0,0.08,0.1,0.11,232.8699951171875,0.6181678808593751,0.0370259995532744,0.0,5.0,6067,2025-11-17 16:09:06+00:00,4.848333333333334,0.09,0.16164383561643836
2025-11-17 21:00:00+00:00,2026-01-16 00:00:00+00:00,AMZN,AMZN260116P00130000,put,False,130.0,0.11,0.13,0.13,232.8699951171875,0.6025430371093752,0.0370259995532744,0.0,2.0,8315,2025-11-17 19:13:41+00:00,1.7719444444444445,0.12,0.16164383561643836
2025-11-17 21:00:00+00:00,2026-01-16 00:00:00+00:00,AMZN,AMZN260116P00135000,put,False,135.0,0.14,0.16,0.17,232.8699951171875,0.5830119824218749,0.0370259995532744,0.0,106.0,5092,2025-11-17 15:54:22+00:00,5.0938888888888885,0.15000000000000002,0.16164383561643836
2025-11-17 21:00:00+00:00,2026-01-16 00:00:00+00:00,AMZN,AMZN260116P00140000,put,False,140.0,0.18,0.2,0.2,232.8699951171875,0.5654340332031251,0.0370259995532744,0.0,149.0,12346,2025-11-17 19:35:53+00:00,1.4019444444444444,0.19,0.16164383561643836
2025-11-17 21:00:00+00:00,2026-01-16 00:00:00+00:00,AMZN,AMZN260116P00145000,put,False,145.0,0.23,0.25,0.23,232.8699951171875,0.5478560839843751,0.0370259995532744,0.0,243.0,6442,2025-11-17 20:10:51+00:00,0.8191666666666667,0.24,0.16164383561643836
2025-11-17 21:00:00+00:00,2026-01-16 00:00:00+00:00,AMZN,AMZN260116P00150000,put,False,150.0,0.3,0.31,0.3,232.8699951171875,0.5317429638671876,0.0370259995532744,0.0,8.0,16652,2025-11-17 19:14:53+00:00,1.7519444444444445,0.305,0.16164383561643836
2025-11-17 21:00:00+00:00,2026-01-16 00:00:00+00:00,AMZN,AMZN260116P00155000,put,False,155.0,0.36,0.39,0.34,232.8699951171875,0.5131884619140624,0.0370259995532744,0.0,61.0,7965,2025-11-14 18:22:52+00:00,74.61888888888889,0.375,0.16164383561643836
2025-11-17 21:00:00+00:00,2026-01-16 00:00:00+00:00,AMZN,AMZN260116P00160000,put,False,160.0,0.44,0.47,0.47,232.8699951171875,0.49658706542968756,0.0370259995532744,0.0,14.0,10596,2025-11-17 19:51:35+00:00,1.1402777777777777,0.45499999999999996,0.16164383561643836
2025-11-17 21:00:00+00:00,2026-01-16 00:00:00+00:00,AMZN,AMZN260116P00165000,put,False,165.0,0.54,0.57,0.6,232.8699951171875,0.4777884252929688,0.0370259995532744,0.0,6.0,4978,2025-11-17 15:14:27+00:00,5.759166666666666,0.5549999999999999,0.16164383561643836
2025-11-17 21:00:00+00:00,2026-01-16 00:00:00+00:00,AMZN,AMZN260116P00170000,put,False,170.0,0.67,0.69,0.69,232.8699951171875,0.45898978515625005,0.0370259995532744,0.0,68.0,11921,2025-11-17 20:54:40+00:00,0.08888888888888889,0.6799999999999999,0.16164383561643836
2025-11-17 21:00:00+00:00,2026-01-16 00:00:00+00:00,AMZN,AMZN260116P00175000,put,False,175.0,0.82,0.85,0.87,232.8699951171875,0.44214425048828127,0.0370259995532744,0.0,457.0,12762,2025-11-17 19:24:42+00:00,1.5883333333333334,0.835,0.16164383561643836
2025-11-17 21:00:00+00:00,2026-01-16 00:00:00+00:00,AMZN,AMZN260116P00180000,put,False,180.0,1.02,1.05,1.11,232.8699951171875,0.4255428540039063,0.0370259995532744,0.0,160.0,19500,2025-11-17 19:47:34+00:00,1.2072222222222222,1.0350000000000001,0.16164383561643836
2025-11-17 21:00:00+00:00,2026-01-16 00:00:00+00:00,AMZN,AMZN260116P00185000,put,False,185.0,1.27,1.31,1.3,232.8699951171875,0.4102842175292969,0.0370259995532744,0.0,48.0,8494,2025-11-17 18:27:32+00:00,2.5411111111111113,1.29,0.16164383561643836
2025-11-17 21:00:00+00:00,2026-01-16 00:00:00+00:00,AMZN,AMZN260116P00190000,put,False,190.0,1.6,1.64,1.64,232.8699951171875,0.3957579956054688,0.0370259995532744,0.0,776.0,27796,2025-11-17 20:15:40+00:00,0.7388888888888889,1.62,0.16164383561643836
2025-11-17 21:00:00+00:00,2026-01-16 00:00:00+00:00,AMZN,AMZN260116P00195000,put,False,195.0,2.0,2.06,2.07,232.8699951171875,0.38184211914062494,0.0370259995532744,0.0,527.0,18320,2025-11-17 20:52:39+00:00,0.1225,2.0300000000000002,0.16164383561643836
2025-11-17 21:00:00+00:00,2026-01-16 00:00:00+00:00,AMZN,AMZN260116P00200000,put,False,200.0,2.54,2.61,2.6,232.8699951171875,0.3695131408691406,0.0370259995532744,0.0,2177.0,26664,2025-11-17 20:59:53+00:00,0.0019444444444444444,2.575,0.16164383561643836
2025-11-17 21:00:00+00:00,2026-01-16 00:00:00+00:00,AMZN,AMZN260116P00205000,put,False,205.0,3.25,3.35,3.29,232.8699951171875,0.3597476135253906,0.0370259995532744,0.0,938.0,14836,2025-11-17 20:59:53+00:00,0.0019444444444444444,3.3,0.16164383561643836
2025-11-17 21:00:00+00:00,2026-01-16 00:00:00+00:00,AMZN,AMZN260116P00210000,put,False,210.0,4.1,4.2,4.17,232.8699951171875,0.34766277343749996,0.0370259995532744,0.0,2514.0,19437,2025-11-17 20:57:39+00:00,0.03916666666666667,4.15,0.16164383561643836
2025-11-17 21:00:00+00:00,2026-01-16 00:00:00+00:00,AMZN,AMZN260116P00215000,put,False,215.0,5.2,5.35,5.3,232.8699951171875,0.33924000610351557,0.0370259995532744,0.0,910.0,10506,2025-11-17 20:25:57+00:00,0.5675,5.275,0.16164383561643836
2025-11-17 21:00:00+00:00,2026-01-16 00:00:00+00:00,AMZN,AMZN260116P00220000,put,False,220.0,6.55,6.7,6.67,232.8699951171875,0.32959654785156245,0.0370259995532744,0.0,552.0,20987,2025-11-17 20:59:34+00:00,0.007222222222222222,6.625,0.16164383561643836
2025-11-17 21:00:00+00:00,2026-01-16 00:00:00+00:00,AMZN,AMZN260116P00225000,put,False,225.0,8.2,8.35,8.5,232.8699951171875,0.32092964233398436,0.0370259995532744,0.0,1190.0,14397,2025-11-17 20:52:39+00:00,0.1225,8.274999999999999,0.16164383561643836
2025-11-17 21:00:00+00:00,2026-01-16 00:00:00+00:00,AMZN,AMZN260116P00230000,put,False,230.0,10.2,10.35,10.38,232.8699951171875,0.3136054968261719,0.0370259995532744,0.0,774.0,18230,2025-11-17 20:52:39+00:00,0.1225,10.274999999999999,0.16164383561643836
2025-11-17 21:00:00+00:00,2026-01-16 00:00:00+00:00,AMZN,AMZN260116P00235000,put,True,235.0,12.5,12.65,12.62,232.8699951171875,0.30560997131347656,0.0370259995532744,0.0,509.0,10950,2025-11-17 20:56:58+00:00,0.050555555555555555,12.575,0.16164383561643836
2025-11-17 21:00:00+00:00,2026-01-16 00:00:00+00:00,AMZN,AMZN260116P00240000,put,True,240.0,15.15,15.4,15.65,232.8699951171875,0.30060513854980464,0.0370259995532744,0.0,216.0,8890,2025-11-17 20:54:30+00:00,0.09166666666666666,15.275,0.16164383561643836
2025-11-17 21:00:00+00:00,2026-01-16 00:00:00+00:00,AMZN,AMZN260116P00245000,put,True,245.0,18.1,18.65,18.25,232.8699951171875,0.3001778967285156,0.0370259995532744,0.0,148.0,3005,2025-11-17 20:56:09+00:00,0.06416666666666666,18.375,0.16164383561643836
2025-11-17 21:00:00+00:00,2026-01-16 00:00:00+00:00,AMZN,AMZN260116P00250000,put,True,250.0,21.25,21.7,23.1,232.8699951171875,0.28449201843261707,0.0370259995532744,0.0,638.0,4910,2025-11-17 19:56:12+00:00,1.0633333333333332,21.475,0.16164383561643836
2025-11-17 21:00:00+00:00,2026-01-16 00:00:00+00:00,AMZN,AMZN260116P00255000,put,True,255.0,25.1,25.4,25.46,232.8699951171875,0.2782054602050781,0.0370259995532744,0.0,83.0,2735,2025-11-17 20:48:23+00:00,0.19361111111111112,25.25,0.16164383561643836
2025-11-17 21:00:00+00:00,2026-01-16 00:00:00+00:00,AMZN,AMZN260116P00260000,put,True,260.0,29.05,29.5,31.2,232.8699951171875,0.2766185620117187,0.0370259995532744,0.0,343.0,813,2025-11-17 19:55:54+00:00,1.0683333333333334,29.275,0.16164383561643836
2025-11-17 21:00:00+00:00,2026-01-16 00:00:00+00:00,AMZN,AMZN260116P00265000,put,True,265.0,33.1,33.6,33.5,232.8699951171875,0.26428958374023437,0.0370259995532744,0.0,31.0,519,2025-11-17 20:47:13+00:00,0.21305555555555555,33.35,0.16164383561643836
2025-11-17 21:00:00+00:00,2026-01-16 00:00:00+00:00,AMZN,AMZN260116P00270000,put,True,270.0,37.4,38.1,38.25,232.8699951171875,0.2608716491699219,0.0370259995532744,0.0,153.0,661,2025-11-17 19:13:59+00:00,1.7669444444444444,37.75,0.16164383561643836
2025-11-17 21:00:00+00:00,2026-01-16 00:00:00+00:00,AMZN,AMZN260116P00275000,put,True,275.0,42.2,43.7,45.1,232.8699951171875,0.32129584960937496,0.0370259995532744,0.0,31.0,664,2025-11-17 15:14:19+00:00,5.761388888888889,42.95,0.16164383561643836
2025-11-17 21:00:00+00:00,2026-01-16 00:00:00+00:00,AMZN,AMZN260116P00280000,put,True,280.0,46.75,47.5,47.72,232.8699951171875,0.25269302001953126,0.0370259995532744,0.0,55.0,872,2025-11-17 17:46:46+00:00,3.2205555555555554,47.125,0.16164383561643836
2025-11-17 21:00:00+00:00,2026-01-16 00:00:00+00:00,AMZN,AMZN260116P00285000,put,True,285.0,51.45,53.0,54.69,232.8699951171875,0.32129584960937496,0.0370259995532744,0.0,51.0,859,2025-11-17 15:05:29+00:00,5.908611111111111,52.225,0.16164383561643836
2025-11-17 21:00:00+00:00,2026-01-16 00:00:00+00:00,AMZN,AMZN260116P00290000,put,True,290.0,56.1,58.2,59.8,232.8699951171875,0.3580386462402344,0.0370259995532744,0.0,7.0,214,2025-11-17 15:21:57+00:00,5.634166666666666,57.150000000000006,0.16164383561643836
2025-11-17 21:00:00+00:00,2026-01-16 00:00:00+00:00,AMZN,AMZN260116P00295000,put,True,295.0,60.95,63.2,56.96,232.8699951171875,0.37879039184570307,0.0370259995532744,0.0,86.0,1,2025-11-13 18:31:11+00:00,98.48027777777777,62.075,0.16164383561643836
2025-11-17 21:00:00+00:00,2026-01-16 00:00:00+00:00,AMZN,AMZN260116P00300000,put,True,300.0,65.95,68.2,64.0,232.8699951171875,0.39905386108398444,0.0370259995532744,0.0,1.0,2,2025-11-14 19:20:25+00:00,73.65972222222223,67.075,0.16164383561643836
2025-11-17 21:00:00+00:00,2026-01-16 00:00:00+00:00,AMZN,AMZN260116P00305000,put,True,305.0,71.1,73.2,71.95,232.8699951171875,0.41870698486328123,0.0370259995532744,0.0,1.0,0,2025-11-17 17:40:11+00:00,3.330277777777778,72.15,0.16164383561643836
2025-11-17 21:00:00+00:00,2026-01-16 00:00:00+00:00,AMZN,AMZN260116P00310000,put,True,310.0,76.1,78.2,61.77,232.8699951171875,0.43774976318359377,0.0370259995532744,0.0,1.0,0,2025-11-11 15:22:05+00:00,149.63194444444446,77.15,0.16164383561643836
2025-11-17 21:00:00+00:00,2026-01-16 00:00:00+00:00,AMZN,AMZN260116P00315000,put,True,315.0,81.1,83.2,66.15,232.8699951171875,0.45642633422851564,0.0370259995532744,0.0,2.0,0,2025-11-10 20:52:00+00:00,168.13333333333333,82.15,0.16164383561643836
2025-11-17 21:00:00+00:00,2026-01-16 00:00:00+00:00,AMZN,AMZN260116P00320000,put,True,320.0,85.95,88.2,73.5,232.8699951171875,0.47461462890625,0.0370259995532744,0.0,4.0,0,2025-10-31 15:00:01+00:00,413.9997222222222,87.075,0.16164383561643836
2025-11-17 21:00:00+00:00,2026-01-16 00:00:00+00:00,AMZN,AMZN260116P00325000,put,True,325.0,90.95,93.2,86.85,232.8699951171875,0.49219257812500006,0.0370259995532744,0.0,1.0,1,2025-11-13 20:52:49+00:00,96.11972222222222,92.075,0.16164383561643836
2025-11-17 21:00:00+00:00,2026-01-16 00:00:00+00:00,AMZN,AMZN260116P00330000,put,True,330.0,96.1,98.2,91.87,232.8699951171875,0.5095263891601562,0.0370259995532744,0.0,1.0,0,2025-11-13 20:52:49+00:00,96.11972222222222,97.15,0.16164383561643836
2025-11-17 21:00:00+00:00,2026-01-16 00:00:00+00:00,AMZN,AMZN260116P00335000,put,True,335.0,101.1,103.2,85.85,232.8699951171875,0.526371923828125,0.0370259995532744,0.0,1.0,0,2025-10-31 13:54:26+00:00,415.09277777777777,102.15,0.16164383561643836
2025-11-17 21:00:00+00:00,2026-01-16 00:00:00+00:00,AMZN,AMZN260116P00340000,put,True,340.0,104.25,106.5,108.6,232.8699951171875,1.0000000000000003e-05,0.0370259995532744,0.0,1.0,0,2025-09-19 19:50:00+00:00,1417.1666666666667,105.375,0.16164383561643836
2025-11-17 21:00:00+00:00,2026-01-16 00:00:00+00:00,AMZN,AMZN260116P00345000,put,True,345.0,110.7,113.2,117.75,232.8699951171875,0.5590864404296876,0.0370259995532744,0.0,1.0,0,2025-10-28 13:56:04+00:00,487.06555555555553,111.95,0.16164383561643836
2025-11-17 21:00:00+00:00,2026-01-16 00:00:00+00:00,AMZN,AMZN260116P00350000,put,True,350.0,116.1,118.2,111.8,232.8699951171875,0.5749554223632812,0.0370259995532744,0.0,1.0,2,2025-11-13 20:52:47+00:00,96.12027777777777,117.15,0.16164383561643836
2025-11-17 21:00:00+00:00,2026-01-16 00:00:00+00:00,AMZN,AMZN260116P00355000,put,True,355.0,120.95,123.2,116.82,232.8699951171875,0.5903361279296876,0.0370259995532744,0.0,1.0,0,2025-11-13 20:52:47+00:00,96.12027777777777,122.075,0.16164383561643836
2025-11-17 21:00:00+00:00,2026-01-16 00:00:00+00:00,AMZN,AMZN260116P00360000,put,True,360.0,126.05,128.2,129.08,232.8699951171875,0.6054726953125001,0.0370259995532744,0.0,1.0,1,2025-11-06 20:52:30+00:00,264.125,127.125,0.16164383561643836
2025-11-17 21:00:00+00:00,2026-01-16 00:00:00+00:00,AMZN,AMZN260116P00370000,put,True,370.0,136.0,138.2,126.27,232.8699951171875,0.6350134155273439,0.0370259995532744,0.0,,0,2025-11-06 20:52:30+00:00,264.125,137.1,0.16164383561643836
2025-11-17 21:00:00+00:00,2026-02-20 00:00:00+00:00,AMZN,AMZN260220C00110000,call,True,110.0,123.35,125.5,122.75,232.8699951171875,0.9006357592773437,0.0370259995532744,0.0,12.0,64,2025-11-17 20:18:22+00:00,0.6938888888888889,124.425,0.25753424657534246
2025-11-17 21:00:00+00:00,2026-02-20 00:00:00+00:00,AMZN,AMZN260220C00115000,call,True,115.0,118.45,120.75,117.85,232.8699951171875,0.8730481445312499,0.0370259995532744,0.0,8.0,87,2025-11-17 20:18:22+00:00,0.6938888888888889,119.6,0.25753424657534246
2025-11-17 21:00:00+00:00,2026-02-20 00:00:00+00:00,AMZN,AMZN260220C00120000,call,True,120.0,113.55,115.85,112.55,232.8699951171875,0.8374039697265624,0.0370259995532744,0.0,2.0,72,2025-11-17 19:04:25+00:00,1.926388888888889,114.69999999999999,0.25753424657534246
2025-11-17 21:00:00+00:00,2026-02-20 00:00:00+00:00,AMZN,AMZN260220C00125000,call,True,125.0,108.7,110.8,106.35,232.8699951171875,0.7977315148925781,0.0370259995532744,0.0,2.0,48,2025-11-17 15:58:06+00:00,5.031666666666666,109.75,0.25753424657534246
2025-11-17 21:00:00+00:00,2026-02-20 00:00:00+00:00,AMZN,AMZN260220C00130000,call,True,130.0,103.8,105.95,110.3,232.8699951171875,0.7658714819335939,0.0370259995532744,0.0,5.0,67,2025-11-13 18:40:24+00:00,98.32666666666667,104.875,0.25753424657534246
2025-11-17 21:00:00+00:00,2026-02-20 00:00:00+00:00,AMZN,AMZN260220C00135000,call,True,135.0,98.95,101.2,98.49,232.8699951171875,0.7403590417480468,0.0370259995532744,0.0,1.0,62,2025-11-14 18:48:42+00:00,74.18833333333333,100.075,0.25753424657534246
2025-11-17 21:00:00+00:00,2026-02-20 00:00:00+00:00,AMZN,AMZN260220C00140000,call,True,140.0,94.1,96.2,93.7,232.8699951171875,0.7048369360351563,0.0370259995532744,0.0,1.0,109,2025-11-17 19:23:54+00:00,1.6016666666666666,95.15,0.25753424657534246
2025-11-17 21:00:00+00:00,2026-02-20 00:00:00+00:00,AMZN,AMZN260220C00145000,call,True,145.0,89.3,91.6,95.61,232.8699951171875,0.685672088623047,0.0370259995532744,0.0,2.0,45,2025-11-14 16:36:37+00:00,76.38972222222222,90.44999999999999,0.25753424657534246
2025-11-17 21:00:00+00:00,2026-02-20 00:00:00+00:00,AMZN,AMZN260220C00150000,call,True,150.0,84.5,86.75,83.16,232.8699951171875,0.6569858520507813,0.0370259995532744,0.0,3.0,101,2025-11-17 15:10:23+00:00,5.826944444444444,85.625,0.25753424657534246
2025-11-17 21:00:00+00:00,2026-02-20 00:00:00+00:00,AMZN,AMZN260220C00155000,call,True,155.0,79.7,81.95,85.74,232.8699951171875,0.6296423754882813,0.0370259995532744,0.0,1.0,90,2025-11-14 15:58:37+00:00,77.02305555555556,80.825,0.25753424657534246
2025-11-17 21:00:00+00:00,2026-02-20 00:00:00+00:00,AMZN,AMZN260220C00160000,call,True,160.0,75.9,77.2,76.65,232.8699951171875,0.6295203063964845,0.0370259995532744,0.0,2.0,148,2025-11-17 17:20:31+00:00,3.6580555555555554,76.55000000000001,0.25753424657534246
2025-11-17 21:00:00+00:00,2026-02-20 00:00:00+00:00,AMZN,AMZN260220C00165000,call,True,165.0,71.25,72.55,84.65,232.8699951171875,0.6068154553222658,0.0370259995532744,0.0,1.0,202,2025-11-12 15:11:09+00:00,125.81416666666667,71.9,0.25753424657534246
2025-11-17 21:00:00+00:00,2026-02-20 00:00:00+00:00,AMZN,AMZN260220C00170000,call,True,170.0,66.2,67.1,65.05,232.8699951171875,0.5560347131347658,0.0370259995532744,0.0,36.0,138,2025-11-17 20:13:14+00:00,0.7794444444444445,66.65,0.25753424657534246
2025-11-17 21:00:00+00:00,2026-02-20 00:00:00+00:00,AMZN,AMZN260220C00175000,call,True,175.0,61.85,62.5,61.55,232.8699951171875,0.5405319384765627,0.0370259995532744,0.0,11.0,217,2025-11-17 18:55:06+00:00,2.0816666666666666,62.175,0.25753424657534246
2025-11-17 21:00:00+00:00,2026-02-20 00:00:00+00:00,AMZN,AMZN260220C00180000,call,True,180.0,57.25,58.0,55.99,232.8699951171875,0.5197801928710937,0.0370259995532744,0.0,21.0,199,2025-11-17 20:13:19+00:00,0.7780555555555555,57.625,0.25753424657534246
2025-11-17 21:00:00+00:00,2026-02-20 00:00:00+00:00,AMZN,AMZN260220C00185000,call,True,185.0,53.1,53.75,53.0,232.8699951171875,0.5100146655273439,0.0370259995532744,0.0,44.0,241,2025-11-17 20:45:12+00:00,0.24666666666666667,53.425,0.25753424657534246
2025-11-17 21:00:00+00:00,2026-02-20 00:00:00+00:00,AMZN,AMZN260220C00190000,call,True,190.0,48.85,49.75,47.4,232.8699951171875,0.5137988073730468,0.0370259995532744,0.0,29.0,476,2025-11-17 16:01:26+00:00,4.976111111111111,49.3,0.25753424657534246
2025-11-17 21:00:00+00:00,2026-02-20 00:00:00+00:00,AMZN,AMZN260220C00195000,call,True,195.0,44.45,45.4,44.35,232.8699951171875,0.4922536126708985,0.0370259995532744,0.0,1.0,366,2025-11-14 20:58:00+00:00,72.03333333333333,44.925,0.25753424657534246
2025-11-17 21:00:00+00:00,2026-02-20 00:00:00+00:00,AMZN,AMZN260220C00200000,call,True,200.0,40.65,41.05,40.7,232.8699951171875,0.46890789886474615,0.0370259995532744,0.0,95.0,1166,2025-11-17 20:57:24+00:00,0.043333333333333335,40.849999999999994,0.25753424657534246
2025-11-17 21:00:00+00:00,2026-02-20 00:00:00+00:00,AMZN,AMZN260220C00205000,call,True,205.0,36.75,37.1,35.47,232.8699951171875,0.45435115966796874,0.0370259995532744,0.0,11.0,776,2025-11-17 19:26:48+00:00,1.5533333333333332,36.925,0.25753424657534246
2025-11-17 21:00:00+00:00,2026-02-20 00:00:00+00:00,AMZN,AMZN260220C00210000,call,True,210.0,33.1,33.5,32.8,232.8699951171875,0.44550115051269534,0.0370259995532744,0.0,50.0,1160,2025-11-17 20:24:47+00:00,0.5869444444444445,33.3,0.25753424657534246
2025-11-17 21:00:00+00:00,2026-02-20 00:00:00+00:00,AMZN,AMZN260220C00215000,call,True,215.0,29.6,29.9,29.6,232.8699951171875,0.4329890686035156,0.0370259995532744,0.0,35.0,1384,2025-11-17 19:25:37+00:00,1.5730555555555557,29.75,0.25753424657534246
2025-11-17 21:00:00+00:00,2026-02-20 00:00:00+00:00,AMZN,AMZN260220C00220000,call,True,220.0,26.4,26.65,26.2,232.8699951171875,0.42496302581787115,0.0370259995532744,0.0,8026.0,40832,2025-11-17 20:51:56+00:00,0.13444444444444445,26.525,0.25753424657534246
2025-11-17 21:00:00+00:00,2026-02-20 00:00:00+00:00,AMZN,AMZN260220C00225000,call,True,225.0,23.35,23.55,23.4,232.8699951171875,0.4162656030273437,0.0370259995532744,0.0,37.0,3976,2025-11-17 20:56:38+00:00,0.05611111111111111,23.450000000000003,0.25753424657534246
2025-11-17 21:00:00+00:00,2026-02-20 00:00:00+00:00,AMZN,AMZN260220C00230000,call,True,230.0,20.5,20.75,20.58,232.8699951171875,0.4100400793457031,0.0370259995532744,0.0,401.0,3822,2025-11-17 20:56:38+00:00,0.05611111111111111,20.625,0.25753424657534246
2025-11-17 21:00:00+00:00,2026-02-20 00:00:00+00:00,AMZN,AMZN260220C00235000,call,False,235.0,17.9,18.1,17.95,232.8699951171875,0.40277696838378907,0.0370259995532744,0.0,461.0,8256,2025-11-17 20:56:38+00:00,0.05611111111111111,18.0,0.25753424657534246
2025-11-17 21:00:00+00:00,2026-02-20 00:00:00+00:00,AMZN,AMZN260220C00240000,call,False,240.0,15.5,15.7,15.58,232.8699951171875,0.3966124792480469,0.0370259995532744,0.0,764.0,4890,2025-11-17 20:59:47+00:00,0.003611111111111111,15.6,0.25753424657534246
2025-11-17 21:00:00+00:00,2026-02-20 00:00:00+00:00,AMZN,AMZN260220C00245000,call,False,245.0,13.35,13.55,13.4,232.8699951171875,0.3914245428466796,0.0370259995532744,0.0,400.0,5060,2025-11-17 20:47:20+00:00,0.2111111111111111,13.45,0.25753424657534246
2025-11-17 21:00:00+00:00,2026-02-20 00:00:00+00:00,AMZN,AMZN260220C00250000,call,False,250.0,11.45,11.6,11.51,232.8699951171875,0.3862976409912109,0.0370259995532744,0.0,449.0,12280,2025-11-17 20:58:02+00:00,0.03277777777777778,11.524999999999999,0.25753424657534246
2025-11-17 21:00:00+00:00,2026-02-20 00:00:00+00:00,AMZN,AMZN260220C00255000,call,False,255.0,9.75,9.9,9.75,232.8699951171875,0.3823914300537109,0.0370259995532744,0.0,643.0,3578,2025-11-17 20:49:28+00:00,0.17555555555555555,9.825,0.25753424657534246
2025-11-17 21:00:00+00:00,2026-02-20 00:00:00+00:00,AMZN,AMZN260220C00260000,call,False,260.0,8.25,8.4,8.2,232.8699951171875,0.37888194366455075,0.0370259995532744,0.0,250.0,4575,2025-11-17 20:54:58+00:00,0.08388888888888889,8.325,0.25753424657534246
2025-11-17 21:00:00+00:00,2026-02-20 00:00:00+00:00,AMZN,AMZN260220C00265000,call,False,265.0,6.95,7.1,6.87,232.8699951171875,0.37604383728027346,0.0370259995532744,0.0,359.0,6137,2025-11-17 20:47:20+00:00,0.2111111111111111,7.025,0.25753424657534246
2025-11-17 21:00:00+00:00,2026-02-20 00:00:00+00:00,AMZN,AMZN260220C00270000,call,False,270.0,5.85,5.95,5.85,232.8699951171875,0.37293107543945314,0.0370259995532744,0.0,281.0,9906,2025-11-17 20:46:13+00:00,0.22972222222222222,5.9,0.25753424657534246
2025-11-17 21:00:00+00:00,2026-02-20 00:00:00+00:00,AMZN,AMZN260220C00275000,call,False,275.0,4.9,5.0,4.95,232.8699951171875,0.37128314270019536,0.0370259995532744,0.0,147.0,3926,2025-11-17 20:59:09+00:00,0.014166666666666666,4.95,0.25753424657534246
2025-11-17 21:00:00+00:00,2026-02-20 00:00:00+00:00,AMZN,AMZN260220C00280000,call,False,280.0,4.1,4.2,4.1,232.8699951171875,0.37036762451171873,0.0370259995532744,0.0,742.0,1726,2025-11-17 20:38:27+00:00,0.3591666666666667,4.15,0.25753424657534246
2025-11-17 21:00:00+00:00,2026-02-20 00:00:00+00:00,AMZN,AMZN260220C00285000,call,False,285.0,3.4,3.5,3.35,232.8699951171875,0.36902486450195315,0.0370259995532744,0.0,119.0,1774,2025-11-17 20:53:24+00:00,0.11,3.45,0.25753424657534246
2025-11-17 21:00:00+00:00,2026-02-20 00:00:00+00:00,AMZN,AMZN260220C00290000,call,False,290.0,2.87,2.95,2.75,232.8699951171875,0.3695131408691406,0.0370259995532744,0.0,150.0,2252,2025-11-17 20:32:54+00:00,0.45166666666666666,2.91,0.25753424657534246
2025-11-17 21:00:00+00:00,2026-02-20 00:00:00+00:00,AMZN,AMZN260220C00295000,call,False,295.0,2.4,2.46,2.26,232.8699951171875,0.36914693359375,0.0370259995532744,0.0,49.0,2405,2025-11-17 20:10:07+00:00,0.8313888888888888,2.4299999999999997,0.25753424657534246
2025-11-17 21:00:00+00:00,2026-02-20 00:00:00+00:00,AMZN,AMZN260220C00300000,call,False,300.0,2.02,2.07,2.0,232.8699951171875,0.37000141723632807,0.0370259995532744,0.0,484.0,5720,2025-11-17 20:55:42+00:00,0.07166666666666667,2.045,0.25753424657534246
2025-11-17 21:00:00+00:00,2026-02-20 00:00:00+00:00,AMZN,AMZN260220C00305000,call,False,305.0,1.7,1.74,1.59,232.8699951171875,0.37085590087890624,0.0370259995532744,0.0,262.0,1193,2025-11-17 19:34:57+00:00,1.4175,1.72,0.25753424657534246
2025-11-17 21:00:00+00:00,2026-02-20 00:00:00+00:00,AMZN,AMZN260220C00310000,call,False,310.0,1.43,1.48,1.39,232.8699951171875,0.3728700408935547,0.0370259995532744,0.0,66.0,723,2025-11-17 20:45:49+00:00,0.2363888888888889,1.455,0.25753424657534246
2025-11-17 21:00:00+00:00,2026-02-20 00:00:00+00:00,AMZN,AMZN260220C00315000,call,False,315.0,1.21,1.32,1.24,232.8699951171875,0.3786683227539062,0.0370259995532744,0.0,4.0,620,2025-11-17 20:55:42+00:00,0.07166666666666667,1.2650000000000001,0.25753424657534246
2025-11-17 21:00:00+00:00,2026-02-20 00:00:00+00:00,AMZN,AMZN260220C00320000,call,False,320.0,1.03,1.07,0.96,232.8699951171875,0.3767152172851562,0.0370259995532744,0.0,885.0,3538,2025-11-17 18:55:04+00:00,2.082222222222222,1.05,0.25753424657534246
2025-11-17 21:00:00+00:00,2026-02-20 00:00:00+00:00,AMZN,AMZN260220C00325000,call,False,325.0,0.87,0.94,0.87,232.8699951171875,0.3809876354980468,0.0370259995532744,0.0,78.0,387,2025-11-17 20:53:26+00:00,0.10944444444444444,0.905,0.25753424657534246
2025-11-17 21:00:00+00:00,2026-02-20 00:00:00+00:00,AMZN,AMZN260220C00330000,call,False,330.0,0.74,0.78,0.73,232.8699951171875,0.3811097045898437,0.0370259995532744,0.0,155.0,624,2025-11-17 17:13:08+00:00,3.781111111111111,0.76,0.25753424657534246
2025-11-17 21:00:00+00:00,2026-02-20 00:00:00+00:00,AMZN,AMZN260220C00335000,call,False,335.0,0.63,0.7,0.63,232.8699951171875,0.3864807446289062,0.0370259995532744,0.0,31.0,400,2025-11-17 20:53:26+00:00,0.10944444444444444,0.665,0.25753424657534246
2025-11-17 21:00:00+00:00,2026-02-20 00:00:00+00:00,AMZN,AMZN260220C00340000,call,False,340.0,0.54,0.63,0.5,232.8699951171875,0.3918517846679687,0.0370259995532744,0.0,30.0,188,2025-11-17 15:51:00+00:00,5.15,0.585,0.25753424657534246
2025-11-17 21:00:00+00:00,2026-02-20 00:00:00+00:00,AMZN,AMZN260220C00350000,call,False,350.0,0.41,0.44,0.37,232.8699951171875,0.39258419921875,0.0370259995532744,0.0,72.0,4996,2025-11-17 16:23:19+00:00,4.6113888888888885,0.425,0.25753424657534246
2025-11-17 21:00:00+00:00,2026-02-20 00:00:00+00:00,AMZN,AMZN260220C00360000,call,False,360.0,0.3,0.34,0.29,232.8699951171875,0.39893179199218753,0.0370259995532744,0.0,7.0,146,2025-11-14 20:47:35+00:00,72.20694444444445,0.32,0.25753424657534246
2025-11-17 21:00:00+00:00,2026-02-20 00:00:00+00:00,AMZN,AMZN260220C00370000,call,False,370.0,0.23,0.26,0.22,232.8699951171875,0.40430283203125,0.0370259995532744,0.0,10.0,278,2025-11-17 18:42:04+00:00,2.298888888888889,0.245,0.25753424657534246
2025-11-17 21:00:00+00:00,2026-02-20 00:00:00+00:00,AMZN,AMZN260220P00110000,put,False,110.0,0.11,0.14,0.14,232.8699951171875,0.6074258007812501,0.0370259995532744,0.0,1.0,695,2025-11-12 17:07:13+00:00,123.87972222222223,0.125,0.25753424657534246
2025-11-17 21:00:00+00:00,2026-02-20 00:00:00+00:00,AMZN,AMZN260220P00115000,put,False,115.0,0.14,0.18,0.14,232.8699951171875,0.5918009570312501,0.0370259995532744,0.0,1.0,166,2025-11-14 18:09:38+00:00,74.83944444444444,0.16,0.25753424657534246
2025-11-17 21:00:00+00:00,2026-02-20 00:00:00+00:00,AMZN,AMZN260220P00120000,put,False,120.0,0.19,0.23,0.1,232.8699951171875,0.579105771484375,0.0370259995532744,0.0,1.0,141,2025-11-03 14:34:59+00:00,342.4169444444444,0.21000000000000002,0.25753424657534246
2025-11-17 21:00:00+00:00,2026-02-20 00:00:00+00:00,AMZN,AMZN260220P00125000,put,False,125.0,0.24,0.28,0.25,232.8699951171875,0.5625043750000001,0.0370259995532744,0.0,1.0,142,2025-11-17 16:53:40+00:00,4.105555555555555,0.26,0.25753424657534246
2025-11-17 21:00:00+00:00,2026-02-20 00:00:00+00:00,AMZN,AMZN260220P00130000,put,False,130.0,0.31,0.35,0.3,232.8699951171875,0.5493209130859377,0.0370259995532744,0.0,6.0,558,2025-11-14 20:25:55+00:00,72.56805555555556,0.32999999999999996,0.25753424657534246
2025-11-17 21:00:00+00:00,2026-02-20 00:00:00+00:00,AMZN,AMZN260220P00135000,put,False,135.0,0.4,0.43,0.19,232.8699951171875,0.5358933129882812,0.0370259995532744,0.0,1.0,530,2025-11-03 15:15:00+00:00,341.75,0.41500000000000004,0.25753424657534246
2025-11-17 21:00:00+00:00,2026-02-20 00:00:00+00:00,AMZN,AMZN260220P00140000,put,False,140.0,0.49,0.53,0.54,232.8699951171875,0.5214891601562499,0.0370259995532744,0.0,8.0,1210,2025-11-17 15:24:55+00:00,5.584722222222222,0.51,0.25753424657534246
2025-11-17 21:00:00+00:00,2026-02-20 00:00:00+00:00,AMZN,AMZN260220P00145000,put,False,145.0,0.61,0.64,0.67,232.8699951171875,0.5073291455078125,0.0370259995532744,0.0,1.0,1096,2025-11-17 16:03:08+00:00,4.947777777777778,0.625,0.25753424657534246
2025-11-17 21:00:00+00:00,2026-02-20 00:00:00+00:00,AMZN,AMZN260220P00150000,put,False,150.0,0.74,0.78,0.81,232.8699951171875,0.49561051269531253,0.0370259995532744,0.0,5.0,1514,2025-11-17 16:03:34+00:00,4.940555555555555,0.76,0.25753424657534246
2025-11-17 21:00:00+00:00,2026-02-20 00:00:00+00:00,AMZN,AMZN260220P00155000,put,False,155.0,0.91,0.95,1.0,232.8699951171875,0.48242705078125003,0.0370259995532744,0.0,12.0,675,2025-11-14 20:59:26+00:00,72.00944444444444,0.9299999999999999,0.25753424657534246
2025-11-17 21:00:00+00:00,2026-02-20 00:00:00+00:00,AMZN,AMZN260220P00160000,put,False,160.0,1.1,1.14,1.14,232.8699951171875,0.4682670361328125,0.0370259995532744,0.0,19.0,722,2025-11-17 20:41:06+00:00,0.315,1.12,0.25753424657534246
2025-11-17 21:00:00+00:00,2026-02-20 00:00:00+00:00,AMZN,AMZN260220P00165000,put,False,165.0,1.34,1.38,1.41,232.8699951171875,0.45532771240234376,0.0370259995532744,0.0,47.0,797,2025-11-17 20:37:10+00:00,0.38055555555555554,1.3599999999999999,0.25753424657534246
2025-11-17 21:00:00+00:00,2026-02-20 00:00:00+00:00,AMZN,AMZN260220P00170000,put,False,170.0,1.63,1.68,1.73,232.8699951171875,0.4437311486816406,0.0370259995532744,0.0,7.0,2213,2025-11-17 18:41:49+00:00,2.3030555555555554,1.6549999999999998,0.25753424657534246
2025-11-17 21:00:00+00:00,2026-02-20 00:00:00+00:00,AMZN,AMZN260220P00175000,put,False,175.0,1.99,2.04,2.07,232.8699951171875,0.43237872314453124,0.0370259995532744,0.0,9.0,3635,2025-11-17 20:39:53+00:00,0.3352777777777778,2.015,0.25753424657534246
2025-11-17 21:00:00+00:00,2026-02-20 00:00:00+00:00,AMZN,AMZN260220P00180000,put,False,180.0,2.43,2.49,2.53,232.8699951171875,0.42236905761718746,0.0370259995532744,0.0,53.0,6461,2025-11-17 20:37:52+00:00,0.3688888888888889,2.46,0.25753424657534246
2025-11-17 21:00:00+00:00,2026-02-20 00:00:00+00:00,AMZN,AMZN260220P00185000,put,False,185.0,2.97,3.05,3.2,232.8699951171875,0.41358008300781246,0.0370259995532744,0.0,135.0,5372,2025-11-17 20:17:04+00:00,0.7155555555555555,3.01,0.25753424657534246
2025-11-17 21:00:00+00:00,2026-02-20 00:00:00+00:00,AMZN,AMZN260220P00190000,put,False,190.0,3.6,3.7,3.68,232.8699951171875,0.40442490112304685,0.0370259995532744,0.0,104.0,3750,2025-11-17 20:54:40+00:00,0.08888888888888889,3.6500000000000004,0.25753424657534246
2025-11-17 21:00:00+00:00,2026-02-20 00:00:00+00:00,AMZN,AMZN260220P00195000,put,False,195.0,4.35,4.45,4.4,232.8699951171875,0.39490351196289064,0.0370259995532744,0.0,77.0,7793,2025-11-17 18:54:03+00:00,2.0991666666666666,4.4,0.25753424657534246
2025-11-17 21:00:00+00:00,2026-02-20 00:00:00+00:00,AMZN,AMZN260220P00200000,put,False,200.0,5.3,5.4,5.38,232.8699951171875,0.3877624700927734,0.0370259995532744,0.0,202.0,7211,2025-11-17 20:19:33+00:00,0.6741666666666667,5.35,0.25753424657534246
2025-11-17 21:00:00+00:00,2026-02-20 00:00:00+00:00,AMZN,AMZN260220P00205000,put,False,205.0,6.4,6.5,6.5,232.8699951171875,0.38052987640380853,0.0370259995532744,0.0,43.0,4051,2025-11-17 20:47:20+00:00,0.2111111111111111,6.45,0.25753424657534246
2025-11-17 21:00:00+00:00,2026-02-20 00:00:00+00:00,AMZN,AMZN260220P00210000,put,False,210.0,7.65,7.8,7.76,232.8699951171875,0.37415176635742187,0.0370259995532744,0.0,178.0,4007,2025-11-17 20:59:41+00:00,0.005277777777777778,7.725,0.25753424657534246
2025-11-17 21:00:00+00:00,2026-02-20 00:00:00+00:00,AMZN,AMZN260220P00215000,put,False,215.0,9.1,9.3,9.45,232.8699951171875,0.36804831176757813,0.0370259995532744,0.0,79.0,1730,2025-11-17 20:43:28+00:00,0.27555555555555555,9.2,0.25753424657534246
2025-11-17 21:00:00+00:00,2026-02-20 00:00:00+00:00,AMZN,AMZN260220P00220000,put,False,220.0,10.8,10.95,10.92,232.8699951171875,0.360785200805664,0.0370259995532744,0.0,233.0,5028,2025-11-17 20:45:00+00:00,0.25,10.875,0.25753424657534246
2025-11-17 21:00:00+00:00,2026-02-20 00:00:00+00:00,AMZN,AMZN260220P00225000,put,False,225.0,12.7,12.9,12.93,232.8699951171875,0.35550571258544916,0.0370259995532744,0.0,106.0,7096,2025-11-17 20:54:08+00:00,0.09777777777777778,12.8,0.25753424657534246
2025-11-17 21:00:00+00:00,2026-02-20 00:00:00+00:00,AMZN,AMZN260220P00230000,put,False,230.0,14.8,15.0,14.9,232.8699951171875,0.34857829162597653,0.0370259995532744,0.0,540.0,7622,2025-11-17 20:46:50+00:00,0.21944444444444444,14.9,0.25753424657534246
2025-11-17 21:00:00+00:00,2026-02-20 00:00:00+00:00,AMZN,AMZN260220P00235000,put,True,235.0,17.15,17.4,17.25,232.8699951171875,0.34314621704101556,0.0370259995532744,0.0,107.0,1770,2025-11-17 20:46:50+00:00,0.21944444444444444,17.275,0.25753424657534246
2025-11-17 21:00:00+00:00,2026-02-20 00:00:00+00:00,AMZN,AMZN260220P00240000,put,True,240.0,19.75,20.0,20.67,232.8699951171875,0.33685965881347657,0.0370259995532744,0.0,189.0,2239,2025-11-17 19:37:36+00:00,1.3733333333333333,19.875,0.25753424657534246
2025-11-17 21:00:00+00:00,2026-02-20 00:00:00+00:00,AMZN,AMZN260220P00245000,put,True,245.0,22.6,22.95,23.55,232.8699951171875,0.3329839651489258,0.0370259995532744,0.0,147.0,1298,2025-11-17 20:03:51+00:00,0.9358333333333333,22.775,0.25753424657534246
2025-11-17 21:00:00+00:00,2026-02-20 00:00:00+00:00,AMZN,AMZN260220P00250000,put,True,250.0,25.2,25.9,26.25,232.8699951171875,0.32392033508300777,0.0370259995532744,0.0,59.0,928,2025-11-17 20:42:47+00:00,0.28694444444444445,25.549999999999997,0.25753424657534246
2025-11-17 21:00:00+00:00,2026-02-20 00:00:00+00:00,AMZN,AMZN260220P00255000,put,True,255.0,28.95,29.35,29.29,232.8699951171875,0.3208380905151367,0.0370259995532744,0.0,81.0,1616,2025-11-17 18:12:50+00:00,2.786111111111111,29.15,0.25753424657534246
2025-11-17 21:00:00+00:00,2026-02-20 00:00:00+00:00,AMZN,AMZN260220P00260000,put,True,260.0,32.45,32.75,33.8,232.8699951171875,0.31116411499023433,0.0370259995532744,0.0,235.0,333,2025-11-17 19:23:56+00:00,1.6011111111111112,32.6,0.25753424657534246
2025-11-17 21:00:00+00:00,2026-02-20 00:00:00+00:00,AMZN,AMZN260220P00265000,put,True,265.0,36.2,37.5,37.5,232.8699951171875,0.33179379150390625,0.0370259995532744,0.0,8.0,290,2025-11-17 19:17:02+00:00,1.7161111111111111,36.85,0.25753424657534246
2025-11-17 21:00:00+00:00,2026-02-20 00:00:00+00:00,AMZN,AMZN260220P00270000,put,True,270.0,40.1,40.6,41.0,232.8699951171875,0.3023751403808594,0.0370259995532744,0.0,22.0,237,2025-11-17 20:44:04+00:00,0.26555555555555554,40.35,0.25753424657534246
2025-11-17 21:00:00+00:00,2026-02-20 00:00:00+00:00,AMZN,AMZN260220P00275000,put,True,275.0,44.15,44.75,45.6,232.8699951171875,0.29651582397460935,0.0370259995532744,0.0,12.0,346,2025-11-17 19:36:02+00:00,1.3994444444444445,44.45,0.25753424657534246
2025-11-17 21:00:00+00:00,2026-02-20 00:00:00+00:00,AMZN,AMZN260220P00280000,put,True,280.0,47.45,49.1,48.95,232.8699951171875,0.29218237121582025,0.0370259995532744,0.0,10.0,262,2025-11-17 20:44:04+00:00,0.26555555555555554,48.275000000000006,0.25753424657534246
2025-11-17 21:00:00+00:00,2026-02-20 00:00:00+00:00,AMZN,AMZN260220P00285000,put,True,285.0,52.85,53.5,50.2,232.8699951171875,0.2836985693359374,0.0370259995532744,0.0,21.0,65,2025-11-14 19:06:31+00:00,73.89138888888888,53.175,0.25753424657534246
2025-11-17 21:00:00+00:00,2026-02-20 00:00:00+00:00,AMZN,AMZN260220P00290000,put,True,290.0,57.45,58.15,59.4,232.8699951171875,0.28162339477539056,0.0370259995532744,0.0,25.0,168,2025-11-17 20:20:08+00:00,0.6644444444444444,57.8,0.25753424657534246
2025-11-17 21:00:00+00:00,2026-02-20 00:00:00+00:00,AMZN,AMZN260220P00295000,put,True,295.0,61.15,63.95,59.45,232.8699951171875,0.3411931115722656,0.0370259995532744,0.0,1.0,75,2025-11-14 18:24:01+00:00,74.59972222222223,62.55,0.25753424657534246
2025-11-17 21:00:00+00:00,2026-02-20 00:00:00+00:00,AMZN,AMZN260220P00300000,put,True,300.0,66.45,68.35,67.75,232.8699951171875,0.3265448205566406,0.0370259995532744,0.0,19.0,129,2025-11-17 18:18:41+00:00,2.6886111111111113,67.4,0.25753424657534246
2025-11-17 21:00:00+00:00,2026-02-20 00:00:00+00:00,AMZN,AMZN260220P00305000,put,True,305.0,70.45,74.2,56.5,232.8699951171875,0.3874572973632812,0.0370259995532744,0.0,3.0,46,2025-11-12 14:36:58+00:00,126.38388888888889,72.325,0.25753424657534246
2025-11-17 21:00:00+00:00,2026-02-20 00:00:00+00:00,AMZN,AMZN260220P00310000,put,True,310.0,75.7,78.65,69.97,232.8699951171875,0.3756165954589844,0.0370259995532744,0.0,12.0,42,2025-11-13 16:06:05+00:00,100.89861111111111,77.17500000000001,0.25753424657534246
2025-11-17 21:00:00+00:00,2026-02-20 00:00:00+00:00,AMZN,AMZN260220P00315000,put,True,315.0,80.35,83.7,70.25,232.8699951171875,0.3939269592285156,0.0370259995532744,0.0,1.0,34,2025-11-12 15:52:41+00:00,125.12194444444444,82.025,0.25753424657534246
2025-11-17 21:00:00+00:00,2026-02-20 00:00:00+00:00,AMZN,AMZN260220P00320000,put,True,320.0,85.7,89.1,70.6,232.8699951171875,0.43079182495117196,0.0370259995532744,0.0,1.0,0,2025-11-10 14:50:50+00:00,174.15277777777777,87.4,0.25753424657534246
2025-11-17 21:00:00+00:00,2026-02-20 00:00:00+00:00,AMZN,AMZN260220P00325000,put,True,325.0,90.75,93.65,82.15,232.8699951171875,0.42090422851562503,0.0370259995532744,0.0,4.0,0,2025-11-06 16:35:52+00:00,268.40222222222224,92.2,0.25753424657534246
2025-11-17 21:00:00+00:00,2026-02-20 00:00:00+00:00,AMZN,AMZN260220P00330000,put,True,330.0,95.75,98.8,88.6,232.8699951171875,0.44421942504882805,0.0370259995532744,0.0,1.0,0,2025-11-13 14:42:34+00:00,102.29055555555556,97.275,0.25753424657534246
2025-11-17 21:00:00+00:00,2026-02-20 00:00:00+00:00,AMZN,AMZN260220P00335000,put,True,335.0,100.75,103.85,80.2,232.8699951171875,0.46130909790039065,0.0370259995532744,0.0,,0,2025-11-03 20:40:52+00:00,336.31888888888886,102.3,0.25753424657534246
2025-11-17 21:00:00+00:00,2026-02-20 00:00:00+00:00,AMZN,AMZN260220P00340000,put,True,340.0,105.75,108.65,119.8,232.8699951171875,0.4630180651855469,0.0370259995532744,0.0,,0,2025-10-23 14:45:16+00:00,606.2455555555556,107.2,0.25753424657534246
2025-11-17 21:00:00+00:00,2026-02-20 00:00:00+00:00,AMZN,AMZN260220P00350000,put,True,350.0,115.75,119.1,120.35,232.8699951171875,0.5169726037597657,0.0370259995532744,0.0,1.0,0,2025-10-29 13:51:19+00:00,463.14472222222224,117.425,0.25753424657534246
2025-11-17 21:00:00+00:00,2026-02-20 00:00:00+00:00,AMZN,AMZN260220P00360000,put,True,360.0,125.2,128.65,129.1,232.8699951171875,0.5148974291992188,0.0370259995532744,0.0,1.0,0,2025-11-03 17:40:51+00:00,339.31916666666666,126.92500000000001,0.25753424657534246
2025-11-17 21:00:00+00:00,2026-03-20 00:00:00+00:00,AMZN,AMZN260320C00085000,call,True,85.0,148.3,150.45,155.93,232.8699951171875,1.0249072192382815,0.0370259995532744,0.0,10.0,205,2025-11-13 16:50:06+00:00,100.165,149.375,0.33424657534246577
2025-11-17 21:00:00+00:00,2026-03-20 00:00:00+00:00,AMZN,AMZN260320C00090000,call,True,90.0,143.4,145.7,142.3,232.8699951171875,0.9934082690429689,0.0370259995532744,0.0,1.0,117,2025-10-30 18:46:14+00:00,434.2294444444444,144.55,0.33424657534246577
2025-11-17 21:00:00+00:00,2026-03-20 00:00:00+00:00,AMZN,AMZN260320C00095000,call,True,95.0,138.5,140.65,139.93,232.8699951171875,0.945313046875,0.0370259995532744,0.0,13.0,124,2025-11-17 16:54:40+00:00,4.088888888888889,139.575,0.33424657534246577
2025-11-17 21:00:00+00:00,2026-03-20 00:00:00+00:00,AMZN,AMZN260320C00100000,call,True,100.0,133.6,135.75,145.25,232.8699951171875,0.9074716284179687,0.0370259995532744,0.0,3.0,169,2025-11-07 20:00:52+00:00,240.98555555555555,134.675,0.33424657534246577
2025-11-17 21:00:00+00:00,2026-03-20 00:00:00+00:00,AMZN,AMZN260320C00105000,call,True,105.0,128.75,130.9,122.1,232.8699951171875,0.8758557336425781,0.0370259995532744,0.0,2.0,43,2025-10-30 18:46:14+00:00,434.2294444444444,129.825,0.33424657534246577
2025-11-17 21:00:00+00:00,2026-03-20 00:00:00+00:00,AMZN,AMZN260320C00110000,call,True,110.0,123.85,126.0,119.43,232.8699951171875,0.8400894897460938,0.0370259995532744,0.0,2.0,47,2025-10-30 16:12:15+00:00,436.79583333333335,124.925,0.33424657534246577
2025-11-17 21:00:00+00:00,2026-03-20 00:00:00+00:00,AMZN,AMZN260320C00115000,call,True,115.0,119.0,121.3,127.7,232.8699951171875,0.8156756713867187,0.0370259995532744,0.0,1.0,46,2025-11-07 14:48:40+00:00,246.1888888888889,120.15,0.33424657534246577
2025-11-17 21:00:00+00:00,2026-03-20 00:00:00+00:00,AMZN,AMZN260320C00120000,call,True,120.0,114.15,116.45,131.73,232.8699951171875,0.7849142602539063,0.0370259995532744,0.0,5.0,243,2025-11-11 19:23:48+00:00,145.60333333333332,115.30000000000001,0.33424657534246577
2025-11-17 21:00:00+00:00,2026-03-20 00:00:00+00:00,AMZN,AMZN260320C00125000,call,True,125.0,109.3,111.4,126.09,232.8699951171875,0.7474390490722658,0.0370259995532744,0.0,1.0,1237,2025-11-11 14:56:10+00:00,150.0638888888889,110.35,0.33424657534246577
2025-11-17 21:00:00+00:00,2026-03-20 00:00:00+00:00,AMZN,AMZN260320C00130000,call,True,130.0,104.5,106.65,110.3,232.8699951171875,0.7230252307128906,0.0370259995532744,0.0,1.0,223,2025-11-14 16:09:46+00:00,76.83722222222222,105.575,0.33424657534246577
2025-11-17 21:00:00+00:00,2026-03-20 00:00:00+00:00,AMZN,AMZN260320C00135000,call,True,135.0,99.35,101.8,97.75,232.8699951171875,0.6839631213378907,0.0370259995532744,0.0,1.0,120,2025-11-17 16:10:19+00:00,4.828055555555555,100.57499999999999,0.33424657534246577
2025-11-17 21:00:00+00:00,2026-03-20 00:00:00+00:00,AMZN,AMZN260320C00140000,call,True,140.0,95.85,97.05,93.1,232.8699951171875,0.696414168701172,0.0370259995532744,0.0,1.0,192,2025-11-17 16:16:05+00:00,4.731944444444444,96.44999999999999,0.33424657534246577
2025-11-17 21:00:00+00:00,2026-03-20 00:00:00+00:00,AMZN,AMZN260320C00145000,call,True,145.0,91.05,92.4,112.97,232.8699951171875,0.6718782812500002,0.0370259995532744,0.0,2.0,153,2025-11-03 19:10:25+00:00,337.8263888888889,91.725,0.33424657534246577
2025-11-17 21:00:00+00:00,2026-03-20 00:00:00+00:00,AMZN,AMZN260320C00150000,call,True,150.0,85.5,87.6,86.4,232.8699951171875,0.6253699572753908,0.0370259995532744,0.0,2.0,1743,2025-11-17 18:10:45+00:00,2.8208333333333333,86.55,0.33424657534246577
2025-11-17 21:00:00+00:00,2026-03-20 00:00:00+00:00,AMZN,AMZN260320C00155000,call,True,155.0,80.7,82.85,83.05,232.8699951171875,0.5992471716308594,0.0370259995532744,0.0,1.0,324,2025-11-14 14:47:23+00:00,78.21027777777778,81.775,0.33424657534246577
2025-11-17 21:00:00+00:00,2026-03-20 00:00:00+00:00,AMZN,AMZN260320C00160000,call,True,160.0,77.05,78.0,79.5,232.8699951171875,0.5949747534179688,0.0370259995532744,0.0,1.0,1918,2025-11-14 18:45:51+00:00,74.23583333333333,77.525,0.33424657534246577
2025-11-17 21:00:00+00:00,2026-03-20 00:00:00+00:00,AMZN,AMZN260320C00165000,call,True,165.0,72.35,73.65,70.85,232.8699951171875,0.5767254241943358,0.0370259995532744,0.0,10.0,3541,2025-11-17 20:13:08+00:00,0.7811111111111111,73.0,0.33424657534246577
2025-11-17 21:00:00+00:00,2026-03-20 00:00:00+00:00,AMZN,AMZN260320C00170000,call,True,170.0,67.8,68.4,66.1,232.8699951171875,0.5438888385009766,0.0370259995532744,0.0,1.0,864,2025-11-17 15:39:20+00:00,5.344444444444444,68.1,0.33424657534246577
2025-11-17 21:00:00+00:00,2026-03-20 00:00:00+00:00,AMZN,AMZN260320C00175000,call,True,175.0,62.35,64.55,64.5,232.8699951171875,0.519963296508789,0.0370259995532744,0.0,2.0,856,2025-11-14 14:35:33+00:00,78.4075,63.45,0.33424657534246577
2025-11-17 21:00:00+00:00,2026-03-20 00:00:00+00:00,AMZN,AMZN260320C00180000,call,True,180.0,58.85,59.5,58.0,232.8699951171875,0.5072681109619142,0.0370259995532744,0.0,11.0,2156,2025-11-17 20:13:36+00:00,0.7733333333333333,59.175,0.33424657534246577
2025-11-17 21:00:00+00:00,2026-03-20 00:00:00+00:00,AMZN,AMZN260320C00185000,call,True,185.0,54.6,55.2,53.65,232.8699951171875,0.5010425872802735,0.0370259995532744,0.0,3.0,1013,2025-11-17 20:29:10+00:00,0.5138888888888888,54.900000000000006,0.33424657534246577
2025-11-17 21:00:00+00:00,2026-03-20 00:00:00+00:00,AMZN,AMZN260320C00190000,call,True,190.0,50.5,50.85,50.25,232.8699951171875,0.48175567077636716,0.0370259995532744,0.0,12.0,1749,2025-11-17 17:46:04+00:00,3.232222222222222,50.675,0.33424657534246577
2025-11-17 21:00:00+00:00,2026-03-20 00:00:00+00:00,AMZN,AMZN260320C00195000,call,True,195.0,46.55,46.8,44.8,232.8699951171875,0.4686332434082031,0.0370259995532744,0.0,12.0,1828,2025-11-17 16:33:16+00:00,4.445555555555556,46.675,0.33424657534246577
2025-11-17 21:00:00+00:00,2026-03-20 00:00:00+00:00,AMZN,AMZN260320C00200000,call,True,200.0,42.6,42.95,41.93,232.8699951171875,0.4580437496948243,0.0370259995532744,0.0,20.0,3914,2025-11-17 20:33:27+00:00,0.4425,42.775000000000006,0.33424657534246577
2025-11-17 21:00:00+00:00,2026-03-20 00:00:00+00:00,AMZN,AMZN260320C00205000,call,True,205.0,38.9,39.25,37.7,232.8699951171875,0.44824770507812495,0.0370259995532744,0.0,18.0,1517,2025-11-17 18:59:11+00:00,2.013611111111111,39.075,0.33424657534246577
2025-11-17 21:00:00+00:00,2026-03-20 00:00:00+00:00,AMZN,AMZN260320C00210000,call,True,210.0,35.35,35.6,34.17,232.8699951171875,0.43683424499511714,0.0370259995532744,0.0,109.0,5632,2025-11-17 20:11:07+00:00,0.8147222222222222,35.475,0.33424657534246577
2025-11-17 21:00:00+00:00,2026-03-20 00:00:00+00:00,AMZN,AMZN260320C00215000,call,True,215.0,32.0,32.25,31.07,232.8699951171875,0.42889975402832037,0.0370259995532744,0.0,21.0,3158,2025-11-17 20:24:47+00:00,0.5869444444444445,32.125,0.33424657534246577
2025-11-17 21:00:00+00:00,2026-03-20 00:00:00+00:00,AMZN,AMZN260320C00220000,call,True,220.0,28.75,29.05,28.83,232.8699951171875,0.4209652630615235,0.0370259995532744,0.0,83.0,5535,2025-11-17 19:20:46+00:00,1.653888888888889,28.9,0.33424657534246577
2025-11-17 21:00:00+00:00,2026-03-20 00:00:00+00:00,AMZN,AMZN260320C00225000,call,True,225.0,25.75,26.0,24.53,232.8699951171875,0.41287818572998036,0.0370259995532744,0.0,121.0,3779,2025-11-17 20:07:22+00:00,0.8772222222222222,25.875,0.33424657534246577
2025-11-17 21:00:00+00:00,2026-03-20 00:00:00+00:00,AMZN,AMZN260320C00230000,call,True,230.0,22.95,23.2,22.98,232.8699951171875,0.4063780065917969,0.0370259995532744,0.0,283.0,7434,2025-11-17 20:58:39+00:00,0.0225,23.075,0.33424657534246577
2025-11-17 21:00:00+00:00,2026-03-20 00:00:00+00:00,AMZN,AMZN260320C00235000,call,False,235.0,20.45,20.6,19.9,232.8699951171875,0.4004271383666992,0.0370259995532744,0.0,438.0,2981,2025-11-17 20:27:27+00:00,0.5425,20.525,0.33424657534246577
2025-11-17 21:00:00+00:00,2026-03-20 00:00:00+00:00,AMZN,AMZN260320C00240000,call,False,240.0,18.05,18.2,18.18,232.8699951171875,0.39490351196289064,0.0370259995532744,0.0,311.0,6075,2025-11-17 20:54:08+00:00,0.09777777777777778,18.125,0.33424657534246577
2025-11-17 21:00:00+00:00,2026-03-20 00:00:00+00:00,AMZN,AMZN260320C00245000,call,False,245.0,15.85,16.0,15.8,232.8699951171875,0.3898376446533204,0.0370259995532744,0.0,539.0,2810,2025-11-17 20:49:28+00:00,0.17555555555555555,15.925,0.33424657534246577
2025-11-17 21:00:00+00:00,2026-03-20 00:00:00+00:00,AMZN,AMZN260320C00250000,call,False,250.0,13.8,14.05,13.85,232.8699951171875,0.38614505462646476,0.0370259995532744,0.0,741.0,11623,2025-11-17 20:59:00+00:00,0.016666666666666666,13.925,0.33424657534246577
2025-11-17 21:00:00+00:00,2026-03-20 00:00:00+00:00,AMZN,AMZN260320C00255000,call,False,255.0,12.0,12.25,12.13,232.8699951171875,0.3820862573242187,0.0370259995532744,0.0,206.0,3418,2025-11-17 20:58:16+00:00,0.028888888888888888,12.125,0.33424657534246577
2025-11-17 21:00:00+00:00,2026-03-20 00:00:00+00:00,AMZN,AMZN260320C00260000,call,False,260.0,10.45,10.6,10.49,232.8699951171875,0.3777528045654296,0.0370259995532744,0.0,542.0,9106,2025-11-17 20:47:28+00:00,0.2088888888888889,10.524999999999999,0.33424657534246577
2025-11-17 21:00:00+00:00,2026-03-20 00:00:00+00:00,AMZN,AMZN260320C00265000,call,False,265.0,9.05,9.2,9.0,232.8699951171875,0.37525038818359374,0.0370259995532744,0.0,114.0,3482,2025-11-17 20:49:28+00:00,0.17555555555555555,9.125,0.33424657534246577
2025-11-17 21:00:00+00:00,2026-03-20 00:00:00+00:00,AMZN,AMZN260320C00270000,call,False,270.0,7.8,7.9,7.75,232.8699951171875,0.37177141906738287,0.0370259995532744,0.0,198.0,5070,2025-11-17 20:48:27+00:00,0.1925,7.85,0.33424657534246577
2025-11-17 21:00:00+00:00,2026-03-20 00:00:00+00:00,AMZN,AMZN260320C00275000,call,False,275.0,6.7,6.8,6.73,232.8699951171875,0.3696657272338867,0.0370259995532744,0.0,75.0,4397,2025-11-17 20:06:27+00:00,0.8925,6.75,0.33424657534246577
2025-11-17 21:00:00+00:00,2026-03-20 00:00:00+00:00,AMZN,AMZN260320C00280000,call,False,280.0,5.75,5.85,5.8,232.8699951171875,0.36817038085937503,0.0370259995532744,0.0,192.0,6780,2025-11-17 20:58:33+00:00,0.024166666666666666,5.8,0.33424657534246577
2025-11-17 21:00:00+00:00,2026-03-20 00:00:00+00:00,AMZN,AMZN260320C00285000,call,False,285.0,4.9,5.05,4.79,232.8699951171875,0.36762106994628907,0.0370259995532744,0.0,92.0,1433,2025-11-17 20:39:33+00:00,0.3408333333333333,4.975,0.33424657534246577
2025-11-17 21:00:00+00:00,2026-03-20 00:00:00+00:00,AMZN,AMZN260320C00290000,call,False,290.0,4.2,4.3,4.08,232.8699951171875,0.3657900335693359,0.0370259995532744,0.0,279.0,6166,2025-11-17 20:37:46+00:00,0.3705555555555556,4.25,0.33424657534246577
2025-11-17 21:00:00+00:00,2026-03-20 00:00:00+00:00,AMZN,AMZN260320C00295000,call,False,295.0,3.6,3.7,3.41,232.8699951171875,0.365667964477539,0.0370259995532744,0.0,32.0,1124,2025-11-17 19:21:56+00:00,1.6344444444444444,3.6500000000000004,0.33424657534246577
2025-11-17 21:00:00+00:00,2026-03-20 00:00:00+00:00,AMZN,AMZN260320C00300000,call,False,300.0,3.1,3.2,3.14,232.8699951171875,0.3663393444824219,0.0370259995532744,0.0,1052.0,17978,2025-11-17 20:46:52+00:00,0.21888888888888888,3.1500000000000004,0.33424657534246577
2025-11-17 21:00:00+00:00,2026-03-20 00:00:00+00:00,AMZN,AMZN260320C00305000,call,False,305.0,2.67,2.73,2.57,232.8699951171875,0.3657289990234375,0.0370259995532744,0.0,884.0,1432,2025-11-17 20:26:43+00:00,0.5547222222222222,2.7,0.33424657534246577
2025-11-17 21:00:00+00:00,2026-03-20 00:00:00+00:00,AMZN,AMZN260320C00310000,call,False,310.0,2.3,2.35,2.18,232.8699951171875,0.366217275390625,0.0370259995532744,0.0,124.0,2622,2025-11-17 19:51:40+00:00,1.1388888888888888,2.325,0.33424657534246577
2025-11-17 21:00:00+00:00,2026-03-20 00:00:00+00:00,AMZN,AMZN260320C00315000,call,False,315.0,1.98,2.03,1.93,232.8699951171875,0.367193828125,0.0370259995532744,0.0,78.0,1169,2025-11-17 15:47:30+00:00,5.208333333333333,2.005,0.33424657534246577
2025-11-17 21:00:00+00:00,2026-03-20 00:00:00+00:00,AMZN,AMZN260320C00320000,call,False,320.0,1.71,1.76,1.61,232.8699951171875,0.3684145190429688,0.0370259995532744,0.0,13.0,809,2025-11-17 20:10:04+00:00,0.8322222222222222,1.7349999999999999,0.33424657534246577
2025-11-17 21:00:00+00:00,2026-03-20 00:00:00+00:00,AMZN,AMZN260320C00325000,call,False,325.0,1.48,1.52,1.39,232.8699951171875,0.36939107177734376,0.0370259995532744,0.0,68.0,1688,2025-11-17 19:37:32+00:00,1.3744444444444444,1.5,0.33424657534246577
2025-11-17 21:00:00+00:00,2026-03-20 00:00:00+00:00,AMZN,AMZN260320C00330000,call,False,330.0,1.28,1.32,1.26,232.8699951171875,0.37085590087890624,0.0370259995532744,0.0,67.0,2128,2025-11-17 20:53:59+00:00,0.10027777777777777,1.3,0.33424657534246577
2025-11-17 21:00:00+00:00,2026-03-20 00:00:00+00:00,AMZN,AMZN260320C00335000,call,False,335.0,1.12,1.15,1.12,232.8699951171875,0.37244279907226563,0.0370259995532744,0.0,177.0,276,2025-11-17 17:51:03+00:00,3.1491666666666664,1.135,0.33424657534246577
2025-11-17 21:00:00+00:00,2026-03-20 00:00:00+00:00,AMZN,AMZN260320C00340000,call,False,340.0,0.97,1.0,0.97,232.8699951171875,0.37390762817382805,0.0370259995532744,0.0,10.0,5511,2025-11-17 20:49:37+00:00,0.17305555555555555,0.985,0.33424657534246577
2025-11-17 21:00:00+00:00,2026-03-20 00:00:00+00:00,AMZN,AMZN260320C00345000,call,False,345.0,0.85,0.89,0.84,232.8699951171875,0.37695935546875,0.0370259995532744,0.0,1.0,231,2025-11-17 14:57:10+00:00,6.0472222222222225,0.87,0.33424657534246577
2025-11-17 21:00:00+00:00,2026-03-20 00:00:00+00:00,AMZN,AMZN260320C00350000,call,False,350.0,0.74,0.77,0.72,232.8699951171875,0.37793590820312495,0.0370259995532744,0.0,178.0,2683,2025-11-17 18:14:40+00:00,2.7555555555555555,0.755,0.33424657534246577
2025-11-17 21:00:00+00:00,2026-03-20 00:00:00+00:00,AMZN,AMZN260320C00355000,call,False,355.0,0.65,0.68,0.66,232.8699951171875,0.38013315185546875,0.0370259995532744,0.0,4.0,651,2025-11-17 20:56:51+00:00,0.0525,0.665,0.33424657534246577
2025-11-17 21:00:00+00:00,2026-03-20 00:00:00+00:00,AMZN,AMZN260320C00360000,call,False,360.0,0.57,0.61,0.57,232.8699951171875,0.3833069482421875,0.0370259995532744,0.0,9.0,4188,2025-11-17 17:37:53+00:00,3.368611111111111,0.59,0.33424657534246577
2025-11-17 21:00:00+00:00,2026-03-20 00:00:00+00:00,AMZN,AMZN260320C00370000,call,False,370.0,0.44,0.47,0.4,232.8699951171875,0.38672488281249995,0.0370259995532744,0.0,17.0,2888,2025-11-17 19:39:32+00:00,1.3411111111111111,0.45499999999999996,0.33424657534246577
2025-11-17 21:00:00+00:00,2026-03-20 00:00:00+00:00,AMZN,AMZN260320P00085000,put,False,85.0,0.04,0.08,0.04,232.8699951171875,0.648441015625,0.0370259995532744,0.0,100.0,730,2025-11-12 17:06:55+00:00,123.88472222222222,0.06,0.33424657534246577
2025-11-17 21:00:00+00:00,2026-03-20 00:00:00+00:00,AMZN,AMZN260320P00090000,put,False,90.0,0.06,0.12,0.05,232.8699951171875,0.64062859375,0.0370259995532744,0.0,1.0,109,2025-11-12 14:30:00+00:00,126.5,0.09,0.33424657534246577
2025-11-17 21:00:00+00:00,2026-03-20 00:00:00+00:00,AMZN,AMZN260320P00095000,put,False,95.0,0.09,0.15,0.05,232.8699951171875,0.6269568554687501,0.0370259995532744,0.0,10.0,354,2025-10-31 18:28:48+00:00,410.52,0.12,0.33424657534246577
2025-11-17 21:00:00+00:00,2026-03-20 00:00:00+00:00,AMZN,AMZN260320P00100000,put,False,100.0,0.12,0.15,0.14,232.8699951171875,0.6015664843750002,0.0370259995532744,0.0,4.0,314,2025-11-17 18:46:21+00:00,2.2275,0.135,0.33424657534246577
2025-11-17 21:00:00+00:00,2026-03-20 00:00:00+00:00,AMZN,AMZN260320P00105000,put,False,105.0,0.16,0.2,0.18,232.8699951171875,0.5898478515625001,0.0370259995532744,0.0,4.0,714,2025-11-17 18:46:03+00:00,2.2325,0.18,0.33424657534246577
2025-11-17 21:00:00+00:00,2026-03-20 00:00:00+00:00,AMZN,AMZN260320P00110000,put,False,110.0,0.21,0.25,0.21,232.8699951171875,0.57617611328125,0.0370259995532744,0.0,1.0,1042,2025-11-17 17:00:36+00:00,3.99,0.22999999999999998,0.33424657534246577
2025-11-17 21:00:00+00:00,2026-03-20 00:00:00+00:00,AMZN,AMZN260320P00115000,put,False,115.0,0.26,0.31,0.18,232.8699951171875,0.561527822265625,0.0370259995532744,0.0,1.0,308,2025-11-12 19:15:04+00:00,121.74888888888889,0.28500000000000003,0.33424657534246577
2025-11-17 21:00:00+00:00,2026-03-20 00:00:00+00:00,AMZN,AMZN260320P00120000,put,False,120.0,0.34,0.38,0.32,232.8699951171875,0.5488326367187502,0.0370259995532744,0.0,2.0,1822,2025-11-14 19:30:29+00:00,73.49194444444444,0.36,0.33424657534246577
2025-11-17 21:00:00+00:00,2026-03-20 00:00:00+00:00,AMZN,AMZN260320P00125000,put,False,125.0,0.42,0.46,0.45,232.8699951171875,0.5346726220703125,0.0370259995532744,0.0,1.0,1413,2025-11-14 14:36:25+00:00,78.39305555555555,0.44,0.33424657534246577
2025-11-17 21:00:00+00:00,2026-03-20 00:00:00+00:00,AMZN,AMZN260320P00130000,put,False,130.0,0.52,0.55,0.47,232.8699951171875,0.5207567456054687,0.0370259995532744,0.0,3.0,1975,2025-11-13 19:56:36+00:00,97.05666666666667,0.535,0.33424657534246577
2025-11-17 21:00:00+00:00,2026-03-20 00:00:00+00:00,AMZN,AMZN260320P00135000,put,False,135.0,0.63,0.67,0.4,232.8699951171875,0.5075732836914062,0.0370259995532744,0.0,454.0,984,2025-11-12 18:40:48+00:00,122.32,0.65,0.33424657534246577
2025-11-17 21:00:00+00:00,2026-03-20 00:00:00+00:00,AMZN,AMZN260320P00140000,put,False,140.0,0.76,0.8,0.8,232.8699951171875,0.49609878906250005,0.0370259995532744,0.0,1.0,2966,2025-11-14 19:42:54+00:00,73.285,0.78,0.33424657534246577
2025-11-17 21:00:00+00:00,2026-03-20 00:00:00+00:00,AMZN,AMZN260320P00145000,put,False,145.0,0.92,0.96,0.86,232.8699951171875,0.4831594653320313,0.0370259995532744,0.0,103.0,3668,2025-11-14 19:55:47+00:00,73.07027777777778,0.94,0.33424657534246577
2025-11-17 21:00:00+00:00,2026-03-20 00:00:00+00:00,AMZN,AMZN260320P00150000,put,False,150.0,1.1,1.14,1.17,232.8699951171875,0.46973186523437505,0.0370259995532744,0.0,13.0,4973,2025-11-17 15:58:05+00:00,5.031944444444444,1.12,0.33424657534246577
2025-11-17 21:00:00+00:00,2026-03-20 00:00:00+00:00,AMZN,AMZN260320P00155000,put,False,155.0,1.32,1.36,1.32,232.8699951171875,0.4572808178710938,0.0370259995532744,0.0,364.0,5445,2025-11-17 20:48:38+00:00,0.18944444444444444,1.34,0.33424657534246577
2025-11-17 21:00:00+00:00,2026-03-20 00:00:00+00:00,AMZN,AMZN260320P00160000,put,False,160.0,1.58,1.63,1.69,232.8699951171875,0.4459283923339844,0.0370259995532744,0.0,39.0,11235,2025-11-17 17:23:24+00:00,3.61,1.605,0.33424657534246577
2025-11-17 21:00:00+00:00,2026-03-20 00:00:00+00:00,AMZN,AMZN260320P00165000,put,False,165.0,1.9,1.95,1.88,232.8699951171875,0.43494217407226565,0.0370259995532744,0.0,1.0,4783,2025-11-17 17:40:58+00:00,3.317222222222222,1.9249999999999998,0.33424657534246577
2025-11-17 21:00:00+00:00,2026-03-20 00:00:00+00:00,AMZN,AMZN260320P00170000,put,False,170.0,2.28,2.33,2.13,232.8699951171875,0.4244442321777344,0.0370259995532744,0.0,8.0,8174,2025-11-14 20:33:16+00:00,72.44555555555556,2.3049999999999997,0.33424657534246577
2025-11-17 21:00:00+00:00,2026-03-20 00:00:00+00:00,AMZN,AMZN260320P00175000,put,False,175.0,2.73,2.79,2.92,232.8699951171875,0.41480077392578124,0.0370259995532744,0.0,1.0,7100,2025-11-17 19:47:42+00:00,1.205,2.76,0.33424657534246577
2025-11-17 21:00:00+00:00,2026-03-20 00:00:00+00:00,AMZN,AMZN260320P00180000,put,False,180.0,3.25,3.35,3.45,232.8699951171875,0.4062559375,0.0370259995532744,0.0,154.0,11661,2025-11-17 20:19:08+00:00,0.6811111111111111,3.3,0.33424657534246577
2025-11-17 21:00:00+00:00,2026-03-20 00:00:00+00:00,AMZN,AMZN260320P00185000,put,False,185.0,3.9,4.0,4.2,232.8699951171875,0.39771110107421875,0.0370259995532744,0.0,26.0,2587,2025-11-17 19:02:17+00:00,1.9619444444444445,3.95,0.33424657534246577
2025-11-17 21:00:00+00:00,2026-03-20 00:00:00+00:00,AMZN,AMZN260320P00190000,put,False,190.0,4.7,4.8,5.0,232.8699951171875,0.3908141973876953,0.0370259995532744,0.0,104.0,7446,2025-11-17 19:53:37+00:00,1.1063888888888889,4.75,0.33424657534246577
2025-11-17 21:00:00+00:00,2026-03-20 00:00:00+00:00,AMZN,AMZN260320P00195000,put,False,195.0,5.6,5.7,5.65,232.8699951171875,0.383245913696289,0.0370259995532744,0.0,165.0,7660,2025-11-17 17:47:21+00:00,3.2108333333333334,5.65,0.33424657534246577
2025-11-17 21:00:00+00:00,2026-03-20 00:00:00+00:00,AMZN,AMZN260320P00200000,put,False,200.0,6.6,6.75,6.74,232.8699951171875,0.37628797546386716,0.0370259995532744,0.0,229.0,12264,2025-11-17 20:52:09+00:00,0.13083333333333333,6.675,0.33424657534246577
2025-11-17 21:00:00+00:00,2026-03-20 00:00:00+00:00,AMZN,AMZN260320P00205000,put,False,205.0,7.8,7.95,8.25,232.8699951171875,0.3694521063232422,0.0370259995532744,0.0,138.0,4637,2025-11-17 19:31:55+00:00,1.4680555555555554,7.875,0.33424657534246577
2025-11-17 21:00:00+00:00,2026-03-20 00:00:00+00:00,AMZN,AMZN260320P00210000,put,False,210.0,9.2,9.35,9.6,232.8699951171875,0.36356227264404295,0.0370259995532744,0.0,252.0,4540,2025-11-17 20:34:00+00:00,0.43333333333333335,9.274999999999999,0.33424657534246577
2025-11-17 21:00:00+00:00,2026-03-20 00:00:00+00:00,AMZN,AMZN260320P00215000,put,False,215.0,10.75,10.95,11.05,232.8699951171875,0.35822174987792965,0.0370259995532744,0.0,53.0,4095,2025-11-17 18:51:36+00:00,2.14,10.85,0.33424657534246577
2025-11-17 21:00:00+00:00,2026-03-20 00:00:00+00:00,AMZN,AMZN260320P00220000,put,False,220.0,12.5,12.65,13.4,232.8699951171875,0.35111122528076166,0.0370259995532744,0.0,108.0,9946,2025-11-17 20:00:32+00:00,0.9911111111111112,12.575,0.33424657534246577
2025-11-17 21:00:00+00:00,2026-03-20 00:00:00+00:00,AMZN,AMZN260320P00225000,put,False,225.0,14.45,14.65,14.6,232.8699951171875,0.3461674270629882,0.0370259995532744,0.0,33.0,2538,2025-11-17 20:36:23+00:00,0.39361111111111113,14.55,0.33424657534246577
2025-11-17 21:00:00+00:00,2026-03-20 00:00:00+00:00,AMZN,AMZN260320P00230000,put,False,230.0,16.65,16.85,16.95,232.8699951171875,0.34113207702636716,0.0370259995532744,0.0,133.0,2281,2025-11-17 20:37:55+00:00,0.3680555555555556,16.75,0.33424657534246577
2025-11-17 21:00:00+00:00,2026-03-20 00:00:00+00:00,AMZN,AMZN260320P00235000,put,True,235.0,19.0,19.2,19.1,232.8699951171875,0.334967587890625,0.0370259995532744,0.0,53.0,3880,2025-11-17 20:47:22+00:00,0.21055555555555555,19.1,0.33424657534246577
2025-11-17 21:00:00+00:00,2026-03-20 00:00:00+00:00,AMZN,AMZN260320P00240000,put,True,240.0,21.6,21.8,21.85,232.8699951171875,0.329535513305664,0.0370259995532744,0.0,25.0,2374,2025-11-17 19:21:23+00:00,1.6436111111111111,21.700000000000003,0.33424657534246577
2025-11-17 21:00:00+00:00,2026-03-20 00:00:00+00:00,AMZN,AMZN260320P00245000,put,True,245.0,24.4,24.6,25.25,232.8699951171875,0.3238593005371093,0.0370259995532744,0.0,40.0,1027,2025-11-17 20:25:49+00:00,0.5697222222222222,24.5,0.33424657534246577
2025-11-17 21:00:00+00:00,2026-03-20 00:00:00+00:00,AMZN,AMZN260320P00250000,put,True,250.0,27.4,27.75,28.56,232.8699951171875,0.3207770559692382,0.0370259995532744,0.0,48.0,4001,2025-11-17 18:47:42+00:00,2.205,27.575,0.33424657534246577
2025-11-17 21:00:00+00:00,2026-03-20 00:00:00+00:00,AMZN,AMZN260320P00255000,put,True,255.0,30.5,31.4,31.38,232.8699951171875,0.32367619689941396,0.0370259995532744,0.0,6.0,655,2025-11-17 19:17:40+00:00,1.7055555555555555,30.95,0.33424657534246577
2025-11-17 21:00:00+00:00,2026-03-20 00:00:00+00:00,AMZN,AMZN260320P00260000,put,True,260.0,34.0,34.25,34.85,232.8699951171875,0.306220316772461,0.0370259995532744,0.0,13.0,299,2025-11-17 20:32:00+00:00,0.4666666666666667,34.125,0.33424657534246577
2025-11-17 21:00:00+00:00,2026-03-20 00:00:00+00:00,AMZN,AMZN260320P00265000,put,True,265.0,37.6,37.9,39.25,232.8699951171875,0.30084927673339845,0.0370259995532744,0.0,6.0,384,2025-11-14 17:10:03+00:00,75.8325,37.75,0.33424657534246577
2025-11-17 21:00:00+00:00,2026-03-20 00:00:00+00:00,AMZN,AMZN260320P00270000,put,True,270.0,41.4,41.95,37.8,232.8699951171875,0.3007882421875,0.0370259995532744,0.0,1.0,312,2025-11-14 16:32:35+00:00,76.45694444444445,41.675,0.33424657534246577
2025-11-17 21:00:00+00:00,2026-03-20 00:00:00+00:00,AMZN,AMZN260320P00275000,put,True,275.0,45.35,45.7,34.39,232.8699951171875,0.2887034020996093,0.0370259995532744,0.0,13.0,139,2025-11-10 15:22:53+00:00,173.6186111111111,45.525000000000006,0.33424657534246577
2025-11-17 21:00:00+00:00,2026-03-20 00:00:00+00:00,AMZN,AMZN260320P00280000,put,True,280.0,49.5,50.7,50.51,232.8699951171875,0.308051353149414,0.0370259995532744,0.0,15.0,265,2025-11-17 20:30:00+00:00,0.5,50.1,0.33424657534246577
2025-11-17 21:00:00+00:00,2026-03-20 00:00:00+00:00,AMZN,AMZN260320P00285000,put,True,285.0,53.75,54.4,43.52,232.8699951171875,0.28479719116210933,0.0370259995532744,0.0,2.0,65,2025-11-10 16:08:33+00:00,172.8575,54.075,0.33424657534246577
2025-11-17 21:00:00+00:00,2026-03-20 00:00:00+00:00,AMZN,AMZN260320P00290000,put,True,290.0,57.55,59.4,59.95,232.8699951171875,0.30152065673828127,0.0370259995532744,0.0,15.0,100,2025-11-17 20:20:13+00:00,0.6630555555555555,58.474999999999994,0.33424657534246577
2025-11-17 21:00:00+00:00,2026-03-20 00:00:00+00:00,AMZN,AMZN260320P00295000,put,True,295.0,61.75,64.35,49.8,232.8699951171875,0.315863775024414,0.0370259995532744,0.0,1.0,12,2025-11-05 20:32:59+00:00,288.4502777777778,63.05,0.33424657534246577
2025-11-17 21:00:00+00:00,2026-03-20 00:00:00+00:00,AMZN,AMZN260320P00300000,put,True,300.0,66.3,69.05,66.15,232.8699951171875,0.31940377868652337,0.0370259995532744,0.0,54.0,115,2025-11-14 20:59:29+00:00,72.00861111111111,67.675,0.33424657534246577
2025-11-17 21:00:00+00:00,2026-03-20 00:00:00+00:00,AMZN,AMZN260320P00305000,put,True,305.0,71.05,73.75,71.25,232.8699951171875,0.32092964233398436,0.0370259995532744,0.0,1.0,16,2025-11-13 16:43:27+00:00,100.27583333333334,72.4,0.33424657534246577
2025-11-17 21:00:00+00:00,2026-03-20 00:00:00+00:00,AMZN,AMZN260320P00310000,put,True,310.0,75.85,78.9,71.03,232.8699951171875,0.34204759521484374,0.0370259995532744,0.0,16.0,26,2025-11-07 14:50:52+00:00,246.15222222222224,77.375,0.33424657534246577
2025-11-17 21:00:00+00:00,2026-03-20 00:00:00+00:00,AMZN,AMZN260320P00315000,put,True,315.0,80.8,84.05,71.4,232.8699951171875,0.3627993408203125,0.0370259995532744,0.0,8.0,17,2025-11-06 17:40:25+00:00,267.3263888888889,82.425,0.33424657534246577
2025-11-17 21:00:00+00:00,2026-03-20 00:00:00+00:00,AMZN,AMZN260320P00320000,put,True,320.0,85.75,88.7,72.05,232.8699951171875,0.35962554443359374,0.0370259995532744,0.0,2.0,12,2025-11-11 14:40:02+00:00,150.33277777777778,87.225,0.33424657534246577
2025-11-17 21:00:00+00:00,2026-03-20 00:00:00+00:00,AMZN,AMZN260320P00325000,put,True,325.0,90.75,93.65,76.1,232.8699951171875,0.37000141723632807,0.0370259995532744,0.0,2.0,0,2025-11-11 20:55:00+00:00,144.08333333333334,92.2,0.33424657534246577
2025-11-17 21:00:00+00:00,2026-03-20 00:00:00+00:00,AMZN,AMZN260320P00330000,put,True,330.0,95.75,99.05,81.55,232.8699951171875,0.4028380029296875,0.0370259995532744,0.0,2.0,0,2025-11-10 18:45:03+00:00,170.24916666666667,97.4,0.33424657534246577
2025-11-17 21:00:00+00:00,2026-03-20 00:00:00+00:00,AMZN,AMZN260320P00335000,put,True,335.0,100.75,103.65,85.85,232.8699951171875,0.39502558105468755,0.0370259995532744,0.0,,0,2025-11-10 15:10:53+00:00,173.81861111111112,102.2,0.33424657534246577
2025-11-17 21:00:00+00:00,2026-03-20 00:00:00+00:00,AMZN,AMZN260320P00340000,put,True,340.0,105.75,108.65,119.8,232.8699951171875,0.40698835205078127,0.0370259995532744,0.0,,0,2025-10-23 14:45:16+00:00,606.2455555555556,107.2,0.33424657534246577
2025-11-17 21:00:00+00:00,2026-03-20 00:00:00+00:00,AMZN,AMZN260320P00345000,put,True,345.0,110.75,113.75,115.4,232.8699951171875,0.42438319763183596,0.0370259995532744,0.0,,0,2025-10-29 13:51:19+00:00,463.14472222222224,112.25,0.33424657534246577
2025-11-17 21:00:00+00:00,2026-03-20 00:00:00+00:00,AMZN,AMZN260320P00350000,put,True,350.0,115.75,118.65,97.02,232.8699951171875,0.43030354858398445,0.0370259995532744,0.0,1.0,0,2025-11-04 15:46:58+00:00,317.21722222222223,117.2,0.33424657534246577
2025-11-17 21:00:00+00:00,2026-03-20 00:00:00+00:00,AMZN,AMZN260320P00360000,put,True,360.0,125.75,128.65,114.3,232.8699951171875,0.45264219238281256,0.0370259995532744,0.0,2.0,0,2025-10-31 19:52:40+00:00,409.1222222222222,127.2,0.33424657534246577
2025-11-17 21:00:00+00:00,2026-04-17 00:00:00+00:00,AMZN,AMZN260417C00110000,call,True,110.0,124.4,126.55,142.51,232.8699951171875,0.8005391040039063,0.0370259995532744,0.0,2.0,4,2025-11-05 20:51:04+00:00,288.1488888888889,125.475,0.410958904109589
2025-11-17 21:00:00+00:00,2026-04-17 00:00:00+00:00,AMZN,AMZN260417C00115000,call,True,115.0,119.6,121.7,143.28,232.8699951171875,0.77148666015625,0.0370259995532744,0.0,1.0,272,2025-11-03 15:26:25+00:00,341.5597222222222,120.65,0.410958904109589
2025-11-17 21:00:00+00:00,2026-04-17 00:00:00+00:00,AMZN,AMZN260417C00120000,call,True,120.0,114.75,117.1,132.26,232.8699951171875,0.749148016357422,0.0370259995532744,0.0,5.0,55,2025-11-11 19:23:48+00:00,145.60333333333332,115.925,0.410958904109589
2025-11-17 21:00:00+00:00,2026-04-17 00:00:00+00:00,AMZN,AMZN260417C00125000,call,True,125.0,109.95,112.3,92.94,232.8699951171875,0.7219266088867188,0.0370259995532744,0.0,2.0,25,2025-10-17 18:20:34+00:00,746.6572222222222,111.125,0.410958904109589
2025-11-17 21:00:00+00:00,2026-04-17 00:00:00+00:00,AMZN,AMZN260417C00130000,call,True,130.0,105.2,107.3,122.06,232.8699951171875,0.6909210595703126,0.0370259995532744,0.0,5.0,37,2025-11-10 20:42:00+00:00,168.3,106.25,0.410958904109589
2025-11-17 21:00:00+00:00,2026-04-17 00:00:00+00:00,AMZN,AMZN260417C00135000,call,True,135.0,100.4,102.5,100.87,232.8699951171875,0.6644320666503909,0.0370259995532744,0.0,1.0,24,2025-11-07 15:03:25+00:00,245.94305555555556,101.45,0.410958904109589
2025-11-17 21:00:00+00:00,2026-04-17 00:00:00+00:00,AMZN,AMZN260417C00140000,call,True,140.0,95.7,97.9,98.9,232.8699951171875,0.6451451501464844,0.0370259995532744,0.0,2.0,34,2025-11-14 20:30:01+00:00,72.49972222222222,96.80000000000001,0.410958904109589
2025-11-17 21:00:00+00:00,2026-04-17 00:00:00+00:00,AMZN,AMZN260417C00145000,call,True,145.0,90.95,93.1,84.66,232.8699951171875,0.6196327099609377,0.0370259995532744,0.0,2.0,19,2025-10-30 17:46:35+00:00,435.2236111111111,92.025,0.410958904109589
2025-11-17 21:00:00+00:00,2026-04-17 00:00:00+00:00,AMZN,AMZN260417C00150000,call,True,150.0,86.3,88.4,86.67,232.8699951171875,0.5982706188964844,0.0370259995532744,0.0,1.0,29,2025-11-14 17:52:24+00:00,75.12666666666667,87.35,0.410958904109589
2025-11-17 21:00:00+00:00,2026-04-17 00:00:00+00:00,AMZN,AMZN260417C00155000,call,True,155.0,81.65,83.8,91.4,232.8699951171875,0.5783733569335938,0.0370259995532744,0.0,1.0,27,2025-11-13 14:58:13+00:00,102.02972222222222,82.725,0.410958904109589
2025-11-17 21:00:00+00:00,2026-04-17 00:00:00+00:00,AMZN,AMZN260417C00160000,call,True,160.0,77.85,78.55,77.95,232.8699951171875,0.5612836840820312,0.0370259995532744,0.0,1.0,3087,2025-11-12 15:32:09+00:00,125.46416666666667,78.19999999999999,0.410958904109589
2025-11-17 21:00:00+00:00,2026-04-17 00:00:00+00:00,AMZN,AMZN260417C00165000,call,True,165.0,73.45,73.85,80.2,232.8699951171875,0.5423019403076172,0.0370259995532744,0.0,1.0,35,2025-11-13 16:12:34+00:00,100.79055555555556,73.65,0.410958904109589
2025-11-17 21:00:00+00:00,2026-04-17 00:00:00+00:00,AMZN,AMZN260417C00170000,call,True,170.0,68.9,70.25,68.25,232.8699951171875,0.5369309002685547,0.0370259995532744,0.0,10.0,111,2025-11-17 14:30:05+00:00,6.498611111111111,69.575,0.410958904109589
2025-11-17 21:00:00+00:00,2026-04-17 00:00:00+00:00,AMZN,AMZN260417C00175000,call,True,175.0,64.7,65.0,76.9,232.8699951171875,0.5105639764404297,0.0370259995532744,0.0,3.0,104,2025-11-12 17:58:01+00:00,123.03305555555555,64.85,0.410958904109589
2025-11-17 21:00:00+00:00,2026-04-17 00:00:00+00:00,AMZN,AMZN260417C00180000,call,True,180.0,60.25,60.75,58.43,232.8699951171875,0.5007984490966797,0.0370259995532744,0.0,8.0,151,2025-11-14 15:22:32+00:00,77.62444444444445,60.5,0.410958904109589
2025-11-17 21:00:00+00:00,2026-04-17 00:00:00+00:00,AMZN,AMZN260417C00185000,call,True,185.0,56.1,56.6,54.7,232.8699951171875,0.4877370562744141,0.0370259995532744,0.0,2.0,135,2025-11-17 19:13:50+00:00,1.7694444444444444,56.35,0.410958904109589
2025-11-17 21:00:00+00:00,2026-04-17 00:00:00+00:00,AMZN,AMZN260417C00190000,call,True,190.0,52.15,52.5,50.5,232.8699951171875,0.47415686981201177,0.0370259995532744,0.0,10.0,221,2025-11-17 19:57:27+00:00,1.0425,52.325,0.410958904109589
2025-11-17 21:00:00+00:00,2026-04-17 00:00:00+00:00,AMZN,AMZN260417C00195000,call,True,195.0,48.15,48.55,46.65,232.8699951171875,0.4622246160888672,0.0370259995532744,0.0,12.0,187,2025-11-17 20:09:28+00:00,0.8422222222222222,48.349999999999994,0.410958904109589
2025-11-17 21:00:00+00:00,2026-04-17 00:00:00+00:00,AMZN,AMZN260417C00200000,call,True,200.0,44.35,44.75,44.5,232.8699951171875,0.4515130532836914,0.0370259995532744,0.0,6.0,895,2025-11-17 20:58:09+00:00,0.030833333333333334,44.55,0.410958904109589
2025-11-17 21:00:00+00:00,2026-04-17 00:00:00+00:00,AMZN,AMZN260417C00205000,call,True,205.0,40.7,41.45,38.4,232.8699951171875,0.448674946899414,0.0370259995532744,0.0,1.0,347,2025-11-17 16:01:03+00:00,4.9825,41.075,0.410958904109589
2025-11-17 21:00:00+00:00,2026-04-17 00:00:00+00:00,AMZN,AMZN260417C00210000,call,True,210.0,37.3,37.75,37.45,232.8699951171875,0.4354609677124024,0.0370259995532744,0.0,4.0,501,2025-11-17 14:48:38+00:00,6.189444444444445,37.525,0.410958904109589
2025-11-17 21:00:00+00:00,2026-04-17 00:00:00+00:00,AMZN,AMZN260417C00215000,call,True,215.0,34.05,34.45,33.42,232.8699951171875,0.42758751129150396,0.0370259995532744,0.0,10.0,314,2025-11-17 18:39:37+00:00,2.339722222222222,34.25,0.410958904109589
2025-11-17 21:00:00+00:00,2026-04-17 00:00:00+00:00,AMZN,AMZN260417C00220000,call,True,220.0,30.9,31.15,29.7,232.8699951171875,0.4173031903076171,0.0370259995532744,0.0,48.0,919,2025-11-17 19:23:34+00:00,1.6072222222222223,31.025,0.410958904109589
2025-11-17 21:00:00+00:00,2026-04-17 00:00:00+00:00,AMZN,AMZN260417C00225000,call,True,225.0,27.85,28.25,26.95,232.8699951171875,0.4115964602661133,0.0370259995532744,0.0,44.0,833,2025-11-17 19:20:08+00:00,1.6644444444444444,28.05,0.410958904109589
2025-11-17 21:00:00+00:00,2026-04-17 00:00:00+00:00,AMZN,AMZN260417C00230000,call,True,230.0,25.2,25.4,25.2,232.8699951171875,0.4041502456665039,0.0370259995532744,0.0,93.0,1524,2025-11-17 20:58:32+00:00,0.024444444444444446,25.299999999999997,0.410958904109589
2025-11-17 21:00:00+00:00,2026-04-17 00:00:00+00:00,AMZN,AMZN260417C00235000,call,False,235.0,22.6,22.8,22.36,232.8699951171875,0.3983214465332031,0.0370259995532744,0.0,218.0,996,2025-11-17 20:42:07+00:00,0.2980555555555556,22.700000000000003,0.410958904109589
2025-11-17 21:00:00+00:00,2026-04-17 00:00:00+00:00,AMZN,AMZN260417C00240000,call,False,240.0,20.2,20.4,20.15,232.8699951171875,0.39322506195068363,0.0370259995532744,0.0,194.0,1077,2025-11-17 20:49:28+00:00,0.17555555555555555,20.299999999999997,0.410958904109589
2025-11-17 21:00:00+00:00,2026-04-17 00:00:00+00:00,AMZN,AMZN260417C00245000,call,False,245.0,18.0,18.15,17.85,232.8699951171875,0.38794557373046873,0.0370259995532744,0.0,138.0,746,2025-11-17 20:54:32+00:00,0.09111111111111111,18.075,0.410958904109589
2025-11-17 21:00:00+00:00,2026-04-17 00:00:00+00:00,AMZN,AMZN260417C00250000,call,False,250.0,16.0,16.15,15.85,232.8699951171875,0.38425298370361327,0.0370259995532744,0.0,212.0,1657,2025-11-17 20:52:33+00:00,0.12416666666666666,16.075,0.410958904109589
2025-11-17 21:00:00+00:00,2026-04-17 00:00:00+00:00,AMZN,AMZN260417C00255000,call,False,255.0,14.15,14.3,14.1,232.8699951171875,0.3804688418579102,0.0370259995532744,0.0,60.0,1388,2025-11-17 20:49:28+00:00,0.17555555555555555,14.225000000000001,0.410958904109589
2025-11-17 21:00:00+00:00,2026-04-17 00:00:00+00:00,AMZN,AMZN260417C00260000,call,False,260.0,12.45,12.6,12.45,232.8699951171875,0.37665418273925777,0.0370259995532744,0.0,163.0,1487,2025-11-17 20:49:15+00:00,0.17916666666666667,12.524999999999999,0.410958904109589
2025-11-17 21:00:00+00:00,2026-04-17 00:00:00+00:00,AMZN,AMZN260417C00265000,call,False,265.0,10.95,11.1,10.85,232.8699951171875,0.3738465936279296,0.0370259995532744,0.0,66.0,832,2025-11-17 20:47:20+00:00,0.2111111111111111,11.024999999999999,0.410958904109589
2025-11-17 21:00:00+00:00,2026-04-17 00:00:00+00:00,AMZN,AMZN260417C00270000,call,False,270.0,9.6,9.75,9.06,232.8699951171875,0.3713136599731446,0.0370259995532744,0.0,116.0,2263,2025-11-17 19:56:08+00:00,1.0644444444444445,9.675,0.410958904109589
2025-11-17 21:00:00+00:00,2026-04-17 00:00:00+00:00,AMZN,AMZN260417C00275000,call,False,275.0,8.4,8.55,8.12,232.8699951171875,0.3692079681396484,0.0370259995532744,0.0,542.0,1265,2025-11-17 20:29:44+00:00,0.5044444444444445,8.475000000000001,0.410958904109589
2025-11-17 21:00:00+00:00,2026-04-17 00:00:00+00:00,AMZN,AMZN260417C00280000,call,False,280.0,7.35,7.45,7.0,232.8699951171875,0.36667503448486327,0.0370259995532744,0.0,32.0,1076,2025-11-17 20:18:47+00:00,0.6869444444444445,7.4,0.410958904109589
2025-11-17 21:00:00+00:00,2026-04-17 00:00:00+00:00,AMZN,AMZN260417C00285000,call,False,285.0,6.4,6.55,6.55,232.8699951171875,0.36606468902587885,0.0370259995532744,0.0,30.0,594,2025-11-17 17:23:26+00:00,3.6094444444444442,6.475,0.410958904109589
2025-11-17 21:00:00+00:00,2026-04-17 00:00:00+00:00,AMZN,AMZN260417C00290000,call,False,290.0,5.6,5.7,5.4,232.8699951171875,0.36438623901367195,0.0370259995532744,0.0,809.0,1471,2025-11-17 20:23:04+00:00,0.6155555555555555,5.65,0.410958904109589
2025-11-17 21:00:00+00:00,2026-04-17 00:00:00+00:00,AMZN,AMZN260417C00295000,call,False,295.0,4.85,5.0,4.95,232.8699951171875,0.36414210083007814,0.0370259995532744,0.0,10.0,214,2025-11-17 17:23:24+00:00,3.61,4.925,0.410958904109589
2025-11-17 21:00:00+00:00,2026-04-17 00:00:00+00:00,AMZN,AMZN260417C00300000,call,False,300.0,4.25,4.35,4.16,232.8699951171875,0.3631655480957031,0.0370259995532744,0.0,231.0,8042,2025-11-17 20:36:19+00:00,0.3947222222222222,4.3,0.410958904109589
2025-11-17 21:00:00+00:00,2026-04-17 00:00:00+00:00,AMZN,AMZN260417C00305000,call,False,305.0,3.7,3.8,3.8,232.8699951171875,0.36286037536621096,0.0370259995532744,0.0,80.0,173,2025-11-17 17:23:54+00:00,3.6016666666666666,3.75,0.410958904109589
2025-11-17 21:00:00+00:00,2026-04-17 00:00:00+00:00,AMZN,AMZN260417C00310000,call,False,310.0,3.25,3.35,3.15,232.8699951171875,0.3637148590087891,0.0370259995532744,0.0,89.0,2587,2025-11-17 20:37:35+00:00,0.3736111111111111,3.3,0.410958904109589
2025-11-17 21:00:00+00:00,2026-04-17 00:00:00+00:00,AMZN,AMZN260417C00315000,call,False,315.0,2.85,2.91,2.7,232.8699951171875,0.36322658264160157,0.0370259995532744,0.0,38.0,164,2025-11-17 19:51:55+00:00,1.1347222222222222,2.88,0.410958904109589
2025-11-17 21:00:00+00:00,2026-04-17 00:00:00+00:00,AMZN,AMZN260417C00320000,call,False,320.0,2.51,2.56,2.39,232.8699951171875,0.3640200317382813,0.0370259995532744,0.0,4.0,330,2025-11-17 20:23:03+00:00,0.6158333333333333,2.535,0.410958904109589
2025-11-17 21:00:00+00:00,2026-04-17 00:00:00+00:00,AMZN,AMZN260417C00325000,call,False,325.0,2.2,2.25,2.2,232.8699951171875,0.36475244628906256,0.0370259995532744,0.0,12.0,269,2025-11-17 14:42:17+00:00,6.295277777777778,2.225,0.410958904109589
2025-11-17 21:00:00+00:00,2026-04-17 00:00:00+00:00,AMZN,AMZN260417C00330000,call,False,330.0,1.94,1.99,1.92,232.8699951171875,0.3660952062988281,0.0370259995532744,0.0,29.0,328,2025-11-17 18:17:50+00:00,2.702777777777778,1.9649999999999999,0.410958904109589
2025-11-17 21:00:00+00:00,2026-04-17 00:00:00+00:00,AMZN,AMZN260417C00340000,call,False,340.0,1.51,1.56,1.43,232.8699951171875,0.3687807263183594,0.0370259995532744,0.0,26.0,430,2025-11-17 20:09:37+00:00,0.8397222222222223,1.5350000000000001,0.410958904109589
2025-11-17 21:00:00+00:00,2026-04-17 00:00:00+00:00,AMZN,AMZN260417C00350000,call,False,350.0,1.19,1.23,1.17,232.8699951171875,0.3717103845214844,0.0370259995532744,0.0,132.0,17005,2025-11-17 20:32:43+00:00,0.45472222222222225,1.21,0.410958904109589
2025-11-17 21:00:00+00:00,2026-04-17 00:00:00+00:00,AMZN,AMZN260417C00360000,call,False,360.0,0.94,0.99,0.9,232.8699951171875,0.3758607336425781,0.0370259995532744,0.0,23.0,263,2025-11-17 16:45:56+00:00,4.234444444444445,0.965,0.410958904109589
2025-11-17 21:00:00+00:00,2026-04-17 00:00:00+00:00,AMZN,AMZN260417C00370000,call,False,370.0,0.75,0.85,0.74,232.8699951171875,0.3839172937011719,0.0370259995532744,0.0,6.0,155,2025-11-14 15:25:02+00:00,77.58277777777778,0.8,0.410958904109589
2025-11-17 21:00:00+00:00,2026-04-17 00:00:00+00:00,AMZN,AMZN260417P00110000,put,False,110.0,0.31,0.4,0.3,232.8699951171875,0.5532271240234375,0.0370259995532744,0.0,1.0,146,2025-11-13 19:06:54+00:00,97.885,0.355,0.410958904109589
2025-11-17 21:00:00+00:00,2026-04-17 00:00:00+00:00,AMZN,AMZN260417P00115000,put,False,115.0,0.39,0.49,0.41,232.8699951171875,0.5405319384765627,0.0370259995532744,0.0,1.0,263,2025-11-17 20:44:48+00:00,0.25333333333333335,0.44,0.410958904109589
2025-11-17 21:00:00+00:00,2026-04-17 00:00:00+00:00,AMZN,AMZN260417P00120000,put,False,120.0,0.48,0.52,0.29,232.8699951171875,0.5212450219726561,0.0370259995532744,0.0,1.0,133,2025-11-06 15:00:23+00:00,269.99361111111114,0.5,0.410958904109589
2025-11-17 21:00:00+00:00,2026-04-17 00:00:00+00:00,AMZN,AMZN260417P00125000,put,False,125.0,0.59,0.63,0.55,232.8699951171875,0.5090381127929688,0.0370259995532744,0.0,1.0,73,2025-11-13 20:48:59+00:00,96.1836111111111,0.61,0.410958904109589
2025-11-17 21:00:00+00:00,2026-04-17 00:00:00+00:00,AMZN,AMZN260417P00130000,put,False,130.0,0.71,0.75,0.45,232.8699951171875,0.49805189453125004,0.0370259995532744,0.0,1.0,120,2025-11-10 14:41:56+00:00,174.3011111111111,0.73,0.410958904109589
2025-11-17 21:00:00+00:00,2026-04-17 00:00:00+00:00,AMZN,AMZN260417P00135000,put,False,135.0,0.85,0.89,0.89,232.8699951171875,0.4848684326171875,0.0370259995532744,0.0,1.0,185,2025-11-13 17:24:03+00:00,99.59916666666666,0.87,0.410958904109589
2025-11-17 21:00:00+00:00,2026-04-17 00:00:00+00:00,AMZN,AMZN260417P00140000,put,False,140.0,1.02,1.06,1.06,232.8699951171875,0.4726615234375,0.0370259995532744,0.0,5.0,1022,2025-11-17 14:59:06+00:00,6.015,1.04,0.410958904109589
2025-11-17 21:00:00+00:00,2026-04-17 00:00:00+00:00,AMZN,AMZN260417P00145000,put,False,145.0,1.21,1.26,1.14,232.8699951171875,0.46082082153320314,0.0370259995532744,0.0,1.0,204,2025-11-14 20:07:28+00:00,72.87555555555555,1.2349999999999999,0.410958904109589
2025-11-17 21:00:00+00:00,2026-04-17 00:00:00+00:00,AMZN,AMZN260417P00150000,put,False,150.0,1.45,1.49,1.42,232.8699951171875,0.44910218872070307,0.0370259995532744,0.0,4.0,724,2025-11-14 14:58:47+00:00,78.02027777777778,1.47,0.410958904109589
2025-11-17 21:00:00+00:00,2026-04-17 00:00:00+00:00,AMZN,AMZN260417P00155000,put,False,155.0,1.72,1.77,1.16,232.8699951171875,0.43836010864257813,0.0370259995532744,0.0,2.0,335,2025-11-10 16:21:05+00:00,172.6486111111111,1.745,0.410958904109589
2025-11-17 21:00:00+00:00,2026-04-17 00:00:00+00:00,AMZN,AMZN260417P00160000,put,False,160.0,2.05,2.1,1.93,232.8699951171875,0.4282283740234375,0.0370259995532744,0.0,1.0,1262,2025-11-14 20:27:22+00:00,72.54388888888889,2.075,0.410958904109589
2025-11-17 21:00:00+00:00,2026-04-17 00:00:00+00:00,AMZN,AMZN260417P00165000,put,False,165.0,2.44,2.49,2.56,232.8699951171875,0.4184628466796875,0.0370259995532744,0.0,48.0,1053,2025-11-17 19:45:13+00:00,1.246388888888889,2.465,0.410958904109589
2025-11-17 21:00:00+00:00,2026-04-17 00:00:00+00:00,AMZN,AMZN260417P00170000,put,False,170.0,2.89,2.95,2.58,232.8699951171875,0.4093686993408203,0.0370259995532744,0.0,27.0,1524,2025-11-14 17:52:58+00:00,75.11722222222222,2.92,0.410958904109589
2025-11-17 21:00:00+00:00,2026-04-17 00:00:00+00:00,AMZN,AMZN260417P00175000,put,False,175.0,3.4,3.5,3.41,232.8699951171875,0.40106800109863283,0.0370259995532744,0.0,6.0,621,2025-11-14 15:43:45+00:00,77.27083333333333,3.45,0.410958904109589
2025-11-17 21:00:00+00:00,2026-04-17 00:00:00+00:00,AMZN,AMZN260417P00180000,put,False,180.0,4.05,4.15,3.99,232.8699951171875,0.3934386828613281,0.0370259995532744,0.0,14.0,1478,2025-11-17 16:39:45+00:00,4.3375,4.1,0.410958904109589
2025-11-17 21:00:00+00:00,2026-04-17 00:00:00+00:00,AMZN,AMZN260417P00185000,put,False,185.0,4.8,4.9,4.8,232.8699951171875,0.3859924682617187,0.0370259995532744,0.0,5.0,1213,2025-11-17 16:52:10+00:00,4.1305555555555555,4.85,0.410958904109589
2025-11-17 21:00:00+00:00,2026-04-17 00:00:00+00:00,AMZN,AMZN260417P00190000,put,False,190.0,5.65,5.75,5.8,232.8699951171875,0.3784852191162109,0.0370259995532744,0.0,50.0,4302,2025-11-17 20:38:46+00:00,0.35388888888888886,5.7,0.410958904109589
2025-11-17 21:00:00+00:00,2026-04-17 00:00:00+00:00,AMZN,AMZN260417P00195000,put,False,195.0,6.65,6.8,6.77,232.8699951171875,0.3731141790771484,0.0370259995532744,0.0,80.0,1668,2025-11-17 20:51:54+00:00,0.135,6.725,0.410958904109589
2025-11-17 21:00:00+00:00,2026-04-17 00:00:00+00:00,AMZN,AMZN260417P00200000,put,False,200.0,7.8,7.9,7.9,232.8699951171875,0.36582055084228515,0.0370259995532744,0.0,102.0,3357,2025-11-17 20:51:54+00:00,0.135,7.85,0.410958904109589
2025-11-17 21:00:00+00:00,2026-04-17 00:00:00+00:00,AMZN,AMZN260417P00205000,put,False,205.0,9.05,9.2,9.27,232.8699951171875,0.35986968261718744,0.0370259995532744,0.0,11.0,1891,2025-11-17 18:33:21+00:00,2.444166666666667,9.125,0.410958904109589
2025-11-17 21:00:00+00:00,2026-04-17 00:00:00+00:00,AMZN,AMZN260417P00210000,put,False,210.0,10.55,10.65,10.65,232.8699951171875,0.35388829711914055,0.0370259995532744,0.0,7.0,1354,2025-11-17 18:11:27+00:00,2.8091666666666666,10.600000000000001,0.410958904109589
2025-11-17 21:00:00+00:00,2026-04-17 00:00:00+00:00,AMZN,AMZN260417P00215000,put,False,215.0,12.15,12.3,12.85,232.8699951171875,0.348639326171875,0.0370259995532744,0.0,107.0,1044,2025-11-17 20:14:13+00:00,0.7630555555555556,12.225000000000001,0.410958904109589
2025-11-17 21:00:00+00:00,2026-04-17 00:00:00+00:00,AMZN,AMZN260417P00220000,put,False,220.0,13.95,14.1,13.85,232.8699951171875,0.3429325961303711,0.0370259995532744,0.0,6.0,1258,2025-11-17 17:23:06+00:00,3.615,14.024999999999999,0.410958904109589
2025-11-17 21:00:00+00:00,2026-04-17 00:00:00+00:00,AMZN,AMZN260417P00225000,put,False,225.0,15.95,16.15,16.43,232.8699951171875,0.3384465570068359,0.0370259995532744,0.0,25.0,1946,2025-11-17 18:40:39+00:00,2.3225,16.049999999999997,0.410958904109589
2025-11-17 21:00:00+00:00,2026-04-17 00:00:00+00:00,AMZN,AMZN260417P00230000,put,False,230.0,18.15,18.3,18.67,232.8699951171875,0.33246517150878907,0.0370259995532744,0.0,38.0,402,2025-11-17 19:43:04+00:00,1.2822222222222222,18.225,0.410958904109589
2025-11-17 21:00:00+00:00,2026-04-17 00:00:00+00:00,AMZN,AMZN260417P00235000,put,True,235.0,20.45,20.7,20.75,232.8699951171875,0.3274908560180664,0.0370259995532744,0.0,17.0,707,2025-11-17 19:43:04+00:00,1.2822222222222222,20.575,0.410958904109589
2025-11-17 21:00:00+00:00,2026-04-17 00:00:00+00:00,AMZN,AMZN260417P00240000,put,True,240.0,23.1,23.3,23.4,232.8699951171875,0.32257757507324214,0.0370259995532744,0.0,44.0,592,2025-11-17 18:23:21+00:00,2.6108333333333333,23.200000000000003,0.410958904109589
2025-11-17 21:00:00+00:00,2026-04-17 00:00:00+00:00,AMZN,AMZN260417P00245000,put,True,245.0,25.85,26.1,26.36,232.8699951171875,0.31772532867431635,0.0370259995532744,0.0,2.0,208,2025-11-17 18:36:07+00:00,2.3980555555555556,25.975,0.410958904109589
2025-11-17 21:00:00+00:00,2026-04-17 00:00:00+00:00,AMZN,AMZN260417P00250000,put,True,250.0,28.85,29.05,29.4,232.8699951171875,0.3120796331787109,0.0370259995532744,0.0,5.0,315,2025-11-17 14:51:40+00:00,6.138888888888889,28.950000000000003,0.410958904109589
2025-11-17 21:00:00+00:00,2026-04-17 00:00:00+00:00,AMZN,AMZN260417P00255000,put,True,255.0,32.0,32.25,32.7,232.8699951171875,0.30741049041748036,0.0370259995532744,0.0,12.0,309,2025-11-17 20:30:08+00:00,0.49777777777777776,32.125,0.410958904109589
2025-11-17 21:00:00+00:00,2026-04-17 00:00:00+00:00,AMZN,AMZN260417P00260000,put,True,260.0,35.3,35.65,34.97,232.8699951171875,0.3029549685668945,0.0370259995532744,0.0,2.0,48,2025-11-14 14:47:23+00:00,78.21027777777778,35.474999999999994,0.410958904109589
2025-11-17 21:00:00+00:00,2026-04-17 00:00:00+00:00,AMZN,AMZN260417P00265000,put,True,265.0,38.85,39.4,40.3,232.8699951171875,0.30179531219482425,0.0370259995532744,0.0,4.0,54,2025-11-17 20:15:26+00:00,0.7427777777777778,39.125,0.410958904109589
2025-11-17 21:00:00+00:00,2026-04-17 00:00:00+00:00,AMZN,AMZN260417P00270000,put,True,270.0,42.5,43.1,31.95,232.8699951171875,0.29645478942871095,0.0370259995532744,0.0,11.0,42,2025-11-11 20:57:47+00:00,144.03694444444446,42.8,0.410958904109589
2025-11-17 21:00:00+00:00,2026-04-17 00:00:00+00:00,AMZN,AMZN260417P00275000,put,True,275.0,46.4,47.0,44.15,232.8699951171875,0.2917856466674803,0.0370259995532744,0.0,4.0,94,2025-11-14 18:51:53+00:00,74.13527777777777,46.7,0.410958904109589
2025-11-17 21:00:00+00:00,2026-04-17 00:00:00+00:00,AMZN,AMZN260417P00280000,put,True,280.0,50.4,51.0,41.9,232.8699951171875,0.28577374389648436,0.0370259995532744,0.0,1.0,11,2025-11-12 20:55:28+00:00,120.07555555555555,50.7,0.410958904109589
2025-11-17 21:00:00+00:00,2026-04-17 00:00:00+00:00,AMZN,AMZN260417P00285000,put,True,285.0,54.55,55.2,40.11,232.8699951171875,0.28113511840820304,0.0370259995532744,0.0,2.0,89,2025-11-04 15:45:09+00:00,317.2475,54.875,0.410958904109589
2025-11-17 21:00:00+00:00,2026-04-17 00:00:00+00:00,AMZN,AMZN260417P00290000,put,True,290.0,58.25,59.5,60.1,232.8699951171875,0.27545890563964837,0.0370259995532744,0.0,12.0,30,2025-11-17 20:26:49+00:00,0.5530555555555555,58.875,0.410958904109589
2025-11-17 21:00:00+00:00,2026-04-17 00:00:00+00:00,AMZN,AMZN260417P00295000,put,True,295.0,63.2,63.95,57.45,232.8699951171875,0.27082028015136717,0.0370259995532744,0.0,15.0,43,2025-11-07 18:50:53+00:00,242.15194444444444,63.575,0.410958904109589
2025-11-17 21:00:00+00:00,2026-04-17 00:00:00+00:00,AMZN,AMZN260417P00300000,put,True,300.0,67.75,68.45,65.1,232.8699951171875,0.26380130737304686,0.0370259995532744,0.0,10.0,44,2025-11-14 18:20:15+00:00,74.6625,68.1,0.410958904109589
2025-11-17 21:00:00+00:00,2026-04-17 00:00:00+00:00,AMZN,AMZN260417P00305000,put,True,305.0,71.35,74.1,58.35,232.8699951171875,0.30371790039062496,0.0370259995532744,0.0,15.0,46,2025-11-11 20:45:09+00:00,144.2475,72.725,0.410958904109589
2025-11-17 21:00:00+00:00,2026-04-17 00:00:00+00:00,AMZN,AMZN260417P00310000,put,True,310.0,76.1,78.95,63.3,232.8699951171875,0.3107979077148437,0.0370259995532744,0.0,1.0,11,2025-11-10 15:15:01+00:00,173.74972222222223,77.525,0.410958904109589
2025-11-17 21:00:00+00:00,2026-04-17 00:00:00+00:00,AMZN,AMZN260417P00315000,put,True,315.0,80.9,83.95,68.2,232.8699951171875,0.3233710241699218,0.0370259995532744,0.0,3.0,7,2025-11-11 14:34:20+00:00,150.42777777777778,82.42500000000001,0.410958904109589
2025-11-17 21:00:00+00:00,2026-04-17 00:00:00+00:00,AMZN,AMZN260417P00320000,put,True,320.0,85.8,89.2,72.55,232.8699951171875,0.3459538061523437,0.0370259995532744,0.0,1.0,17,2025-11-11 14:34:13+00:00,150.4297222222222,87.5,0.410958904109589
2025-11-17 21:00:00+00:00,2026-04-17 00:00:00+00:00,AMZN,AMZN260417P00325000,put,True,325.0,90.7,93.65,77.45,232.8699951171875,0.3340520697021484,0.0370259995532744,0.0,,15,2025-11-11 14:34:20+00:00,150.42777777777778,92.17500000000001,0.410958904109589
2025-11-17 21:00:00+00:00,2026-04-17 00:00:00+00:00,AMZN,AMZN260417P00330000,put,True,330.0,95.75,98.65,82.2,232.8699951171875,0.3454655297851562,0.0370259995532744,0.0,2.0,0,2025-11-11 14:34:19+00:00,150.42805555555555,97.2,0.410958904109589
2025-11-17 21:00:00+00:00,2026-04-17 00:00:00+00:00,AMZN,AMZN260417P00340000,put,True,340.0,105.65,108.7,98.6,232.8699951171875,0.37000141723632807,0.0370259995532744,0.0,1.0,0,2025-11-13 14:42:34+00:00,102.29055555555556,107.17500000000001,0.410958904109589
2025-11-17 21:00:00+00:00,2026-04-17 00:00:00+00:00,AMZN,AMZN260417P00350000,put,True,350.0,0.0,0.0,118.3,232.8699951171875,1.0000000000000003e-05,0.0370259995532744,0.0,,0,2025-09-15 13:34:35+00:00,1519.423611111111,0.0,0.410958904109589
2025-11-17 21:00:00+00:00,2026-04-17 00:00:00+00:00,AMZN,AMZN260417P00370000,put,True,370.0,135.75,138.8,124.95,232.8699951171875,0.4361628649902344,0.0370259995532744,0.0,,0,2025-11-12 19:52:56+00:00,121.11777777777777,137.275,0.410958904109589
2025-11-17 21:00:00+00:00,2026-05-15 00:00:00+00:00,AMZN,AMZN260515C00105000,call,True,105.0,129.8,132.15,138.1,232.8699951171875,0.8079853186035155,0.0370259995532744,0.0,2.0,19,2025-11-13 16:09:02+00:00,100.84944444444444,130.97500000000002,0.4876712328767123
2025-11-17 21:00:00+00:00,2026-05-15 00:00:00+00:00,AMZN,AMZN260515C00110000,call,True,110.0,125.0,127.3,134.0,232.8699951171875,0.7777121838378906,0.0370259995532744,0.0,1.0,26,2025-11-07 15:24:25+00:00,245.59305555555557,126.15,0.4876712328767123
2025-11-17 21:00:00+00:00,2026-05-15 00:00:00+00:00,AMZN,AMZN260515C00115000,call,True,115.0,120.25,122.55,102.76,232.8699951171875,0.7524438818359375,0.0370259995532744,0.0,2.0,39,2025-10-17 18:54:45+00:00,746.0875,121.4,0.4876712328767123
2025-11-17 21:00:00+00:00,2026-05-15 00:00:00+00:00,AMZN,AMZN260515C00120000,call,True,120.0,115.45,117.6,128.82,232.8699951171875,0.72070591796875,0.0370259995532744,0.0,1.0,45,2025-10-31 17:23:34+00:00,411.6072222222222,116.525,0.4876712328767123
2025-11-17 21:00:00+00:00,2026-05-15 00:00:00+00:00,AMZN,AMZN260515C00125000,call,True,125.0,110.7,112.9,116.31,232.8699951171875,0.6972686523437501,0.0370259995532744,0.0,1.0,41,2025-11-14 16:47:56+00:00,76.20111111111112,111.80000000000001,0.4876712328767123
2025-11-17 21:00:00+00:00,2026-05-15 00:00:00+00:00,AMZN,AMZN260515C00130000,call,True,130.0,106.0,108.1,122.79,232.8699951171875,0.6726106958007814,0.0370259995532744,0.0,5.0,58,2025-11-10 20:42:00+00:00,168.3,107.05,0.4876712328767123
2025-11-17 21:00:00+00:00,2026-05-15 00:00:00+00:00,AMZN,AMZN260515C00135000,call,True,135.0,101.3,103.4,125.67,232.8699951171875,0.6501499829101562,0.0370259995532744,0.0,1.0,30,2025-11-03 18:18:17+00:00,338.6952777777778,102.35,0.4876712328767123
2025-11-17 21:00:00+00:00,2026-05-15 00:00:00+00:00,AMZN,AMZN260515C00140000,call,True,140.0,96.6,98.75,104.3,232.8699951171875,0.6286047882080079,0.0370259995532744,0.0,1.0,17,2025-11-13 16:17:34+00:00,100.70722222222223,97.675,0.4876712328767123
2025-11-17 21:00:00+00:00,2026-05-15 00:00:00+00:00,AMZN,AMZN260515C00145000,call,True,145.0,92.0,94.1,93.75,232.8699951171875,0.6085854571533205,0.0370259995532744,0.0,1.0,3,2025-11-17 17:37:31+00:00,3.374722222222222,93.05,0.4876712328767123
2025-11-17 21:00:00+00:00,2026-05-15 00:00:00+00:00,AMZN,AMZN260515C00150000,call,True,150.0,87.4,89.5,93.15,232.8699951171875,0.588993367919922,0.0370259995532744,0.0,5.0,86,2025-11-13 20:29:45+00:00,96.50416666666666,88.45,0.4876712328767123
2025-11-17 21:00:00+00:00,2026-05-15 00:00:00+00:00,AMZN,AMZN260515C00155000,call,True,155.0,83.6,84.35,89.9,232.8699951171875,0.5729412823486328,0.0370259995532744,0.0,2.0,39,2025-11-13 16:25:50+00:00,100.56944444444444,83.975,0.4876712328767123
2025-11-17 21:00:00+00:00,2026-05-15 00:00:00+00:00,AMZN,AMZN260515C00160000,call,True,160.0,79.15,79.9,82.15,232.8699951171875,0.5567060931396486,0.0370259995532744,0.0,1.0,136,2025-11-14 20:06:45+00:00,72.8875,79.525,0.4876712328767123
2025-11-17 21:00:00+00:00,2026-05-15 00:00:00+00:00,AMZN,AMZN260515C00165000,call,True,165.0,74.75,75.5,73.7,232.8699951171875,0.5409591802978517,0.0370259995532744,0.0,1.0,85,2025-11-17 19:36:02+00:00,1.3994444444444445,75.125,0.4876712328767123
2025-11-17 21:00:00+00:00,2026-05-15 00:00:00+00:00,AMZN,AMZN260515C00170000,call,True,170.0,70.45,71.85,68.92,232.8699951171875,0.5353440020751954,0.0370259995532744,0.0,4.0,54,2025-11-17 18:57:04+00:00,2.048888888888889,71.15,0.4876712328767123
2025-11-17 21:00:00+00:00,2026-05-15 00:00:00+00:00,AMZN,AMZN260515C00175000,call,True,175.0,66.2,66.95,66.5,232.8699951171875,0.5127612200927734,0.0370259995532744,0.0,1.0,83,2025-11-14 15:39:52+00:00,77.33555555555556,66.575,0.4876712328767123
2025-11-17 21:00:00+00:00,2026-05-15 00:00:00+00:00,AMZN,AMZN260515C00180000,call,True,180.0,62.05,63.05,61.26,232.8699951171875,0.5027210372924805,0.0370259995532744,0.0,3.0,133,2025-11-17 18:46:43+00:00,2.221388888888889,62.55,0.4876712328767123
2025-11-17 21:00:00+00:00,2026-05-15 00:00:00+00:00,AMZN,AMZN260515C00185000,call,True,185.0,58.05,58.5,57.4,232.8699951171875,0.49042257629394537,0.0370259995532744,0.0,7.0,150,2025-11-17 16:27:24+00:00,4.543333333333333,58.275,0.4876712328767123
2025-11-17 21:00:00+00:00,2026-05-15 00:00:00+00:00,AMZN,AMZN260515C00190000,call,True,190.0,54.15,54.6,53.1,232.8699951171875,0.4797720480346679,0.0370259995532744,0.0,6.0,238,2025-11-17 20:20:57+00:00,0.6508333333333334,54.375,0.4876712328767123
2025-11-17 21:00:00+00:00,2026-05-15 00:00:00+00:00,AMZN,AMZN260515C00195000,call,True,195.0,50.35,51.0,53.4,232.8699951171875,0.4733939379882813,0.0370259995532744,0.0,56.0,122,2025-11-14 18:30:20+00:00,74.49444444444444,50.675,0.4876712328767123
2025-11-17 21:00:00+00:00,2026-05-15 00:00:00+00:00,AMZN,AMZN260515C00200000,call,True,200.0,46.85,47.15,46.95,232.8699951171875,0.4602715106201172,0.0370259995532744,0.0,16.0,527,2025-11-17 20:59:30+00:00,0.008333333333333333,47.0,0.4876712328767123
2025-11-17 21:00:00+00:00,2026-05-15 00:00:00+00:00,AMZN,AMZN260515C00205000,call,True,205.0,43.4,43.65,43.2,232.8699951171875,0.45194029510498046,0.0370259995532744,0.0,4.0,472,2025-11-17 18:46:43+00:00,2.221388888888889,43.525,0.4876712328767123
2025-11-17 21:00:00+00:00,2026-05-15 00:00:00+00:00,AMZN,AMZN260515C00210000,call,True,210.0,40.0,40.3,39.02,232.8699951171875,0.44431097686767573,0.0370259995532744,0.0,5.0,3203,2025-11-14 20:34:19+00:00,72.42805555555556,40.15,0.4876712328767123
2025-11-17 21:00:00+00:00,2026-05-15 00:00:00+00:00,AMZN,AMZN260515C00215000,call,True,215.0,36.85,37.05,35.6,232.8699951171875,0.43637648590087885,0.0370259995532744,0.0,21.0,285,2025-11-17 20:10:44+00:00,0.8211111111111111,36.95,0.4876712328767123
2025-11-17 21:00:00+00:00,2026-05-15 00:00:00+00:00,AMZN,AMZN260515C00220000,call,True,220.0,33.65,34.05,32.75,232.8699951171875,0.4305171694946289,0.0370259995532744,0.0,7.0,718,2025-11-17 19:40:27+00:00,1.3258333333333334,33.849999999999994,0.4876712328767123
2025-11-17 21:00:00+00:00,2026-05-15 00:00:00+00:00,AMZN,AMZN260515C00225000,call,True,225.0,30.75,31.2,31.05,232.8699951171875,0.42496302581787115,0.0370259995532744,0.0,17.0,1280,2025-11-17 18:46:43+00:00,2.221388888888889,30.975,0.4876712328767123
2025-11-17 21:00:00+00:00,2026-05-15 00:00:00+00:00,AMZN,AMZN260515C00230000,call,True,230.0,28.15,28.4,26.93,232.8699951171875,0.41806612213134764,0.0370259995532744,0.0,68.0,1643,2025-11-17 20:06:38+00:00,0.8894444444444445,28.275,0.4876712328767123
2025-11-17 21:00:00+00:00,2026-05-15 00:00:00+00:00,AMZN,AMZN260515C00235000,call,False,235.0,25.55,25.8,25.7,232.8699951171875,0.4122068057250976,0.0370259995532744,0.0,188.0,2665,2025-11-17 20:48:58+00:00,0.18388888888888888,25.675,0.4876712328767123
2025-11-17 21:00:00+00:00,2026-05-15 00:00:00+00:00,AMZN,AMZN260515C00240000,call,False,240.0,23.1,23.45,22.8,232.8699951171875,0.4080564566040039,0.0370259995532744,0.0,105.0,1858,2025-11-17 20:01:27+00:00,0.9758333333333333,23.275,0.4876712328767123
2025-11-17 21:00:00+00:00,2026-05-15 00:00:00+00:00,AMZN,AMZN260515C00245000,call,False,245.0,21.0,21.25,20.55,232.8699951171875,0.40405869384765625,0.0370259995532744,0.0,155.0,2164,2025-11-17 20:36:20+00:00,0.39444444444444443,21.125,0.4876712328767123
2025-11-17 21:00:00+00:00,2026-05-15 00:00:00+00:00,AMZN,AMZN260515C00250000,call,False,250.0,18.95,19.15,18.93,232.8699951171875,0.3994811029052735,0.0370259995532744,0.0,357.0,2877,2025-11-17 20:38:06+00:00,0.365,19.049999999999997,0.4876712328767123
2025-11-17 21:00:00+00:00,2026-05-15 00:00:00+00:00,AMZN,AMZN260515C00255000,call,False,255.0,17.05,17.25,16.46,232.8699951171875,0.39588006469726567,0.0370259995532744,0.0,35.0,740,2025-11-17 16:56:42+00:00,4.055,17.15,0.4876712328767123
2025-11-17 21:00:00+00:00,2026-05-15 00:00:00+00:00,AMZN,AMZN260515C00260000,call,False,260.0,15.3,15.5,15.4,232.8699951171875,0.39255368194580076,0.0370259995532744,0.0,172.0,14532,2025-11-17 20:23:56+00:00,0.6011111111111112,15.4,0.4876712328767123
2025-11-17 21:00:00+00:00,2026-05-15 00:00:00+00:00,AMZN,AMZN260515C00265000,call,False,265.0,13.75,13.9,13.6,232.8699951171875,0.38956298919677734,0.0370259995532744,0.0,45.0,412,2025-11-17 20:44:07+00:00,0.26472222222222225,13.825,0.4876712328767123
2025-11-17 21:00:00+00:00,2026-05-15 00:00:00+00:00,AMZN,AMZN260515C00270000,call,False,270.0,12.3,12.5,12.2,232.8699951171875,0.38788453918457033,0.0370259995532744,0.0,161.0,972,2025-11-17 20:47:51+00:00,0.2025,12.4,0.4876712328767123
2025-11-17 21:00:00+00:00,2026-05-15 00:00:00+00:00,AMZN,AMZN260515C00275000,call,False,275.0,10.95,11.1,10.9,232.8699951171875,0.38422246643066404,0.0370259995532744,0.0,102.0,765,2025-11-17 20:47:50+00:00,0.20277777777777778,11.024999999999999,0.4876712328767123
2025-11-17 21:00:00+00:00,2026-05-15 00:00:00+00:00,AMZN,AMZN260515C00280000,call,False,280.0,9.8,9.9,9.7,232.8699951171875,0.3820557400512695,0.0370259995532744,0.0,214.0,1592,2025-11-17 20:47:34+00:00,0.20722222222222222,9.850000000000001,0.4876712328767123
2025-11-17 21:00:00+00:00,2026-05-15 00:00:00+00:00,AMZN,AMZN260515C00285000,call,False,285.0,8.7,8.85,8.7,232.8699951171875,0.38077401458740234,0.0370259995532744,0.0,52.0,1107,2025-11-17 20:49:15+00:00,0.17916666666666667,8.774999999999999,0.4876712328767123
2025-11-17 21:00:00+00:00,2026-05-15 00:00:00+00:00,AMZN,AMZN260515C00290000,call,False,290.0,7.75,7.9,7.65,232.8699951171875,0.37958384094238284,0.0370259995532744,0.0,35.0,837,2025-11-17 18:03:47+00:00,2.9369444444444444,7.825,0.4876712328767123
2025-11-17 21:00:00+00:00,2026-05-15 00:00:00+00:00,AMZN,AMZN260515C00295000,call,False,295.0,6.9,7.05,6.59,232.8699951171875,0.3786683227539062,0.0370259995532744,0.0,30.0,266,2025-11-14 20:30:13+00:00,72.49638888888889,6.975,0.4876712328767123
2025-11-17 21:00:00+00:00,2026-05-15 00:00:00+00:00,AMZN,AMZN260515C00300000,call,False,300.0,6.15,6.25,5.99,232.8699951171875,0.37711194183349606,0.0370259995532744,0.0,78.0,1402,2025-11-17 20:38:06+00:00,0.365,6.2,0.4876712328767123
2025-11-17 21:00:00+00:00,2026-05-15 00:00:00+00:00,AMZN,AMZN260515C00305000,call,False,305.0,5.45,5.6,5.35,232.8699951171875,0.37720349365234374,0.0370259995532744,0.0,4.0,339,2025-11-14 17:53:52+00:00,75.10222222222222,5.525,0.4876712328767123
2025-11-17 21:00:00+00:00,2026-05-15 00:00:00+00:00,AMZN,AMZN260515C00310000,call,False,310.0,4.85,5.0,4.65,232.8699951171875,0.37698987274169915,0.0370259995532744,0.0,11.0,286,2025-11-17 19:18:52+00:00,1.6855555555555555,4.925,0.4876712328767123
2025-11-17 21:00:00+00:00,2026-05-15 00:00:00+00:00,AMZN,AMZN260515C00315000,call,False,315.0,4.35,4.45,4.15,232.8699951171875,0.376532113647461,0.0370259995532744,0.0,28.0,685,2025-11-17 19:19:06+00:00,1.6816666666666666,4.4,0.4876712328767123
2025-11-17 21:00:00+00:00,2026-05-15 00:00:00+00:00,AMZN,AMZN260515C00320000,call,False,320.0,3.85,4.0,3.65,232.8699951171875,0.3773255627441406,0.0370259995532744,0.0,1.0,510,2025-11-17 15:17:00+00:00,5.716666666666667,3.925,0.4876712328767123
2025-11-17 21:00:00+00:00,2026-05-15 00:00:00+00:00,AMZN,AMZN260515C00325000,call,False,325.0,3.45,3.55,3.65,232.8699951171875,0.3767762518310547,0.0370259995532744,0.0,73.0,363,2025-11-14 20:52:03+00:00,72.1325,3.5,0.4876712328767123
2025-11-17 21:00:00+00:00,2026-05-15 00:00:00+00:00,AMZN,AMZN260515C00330000,call,False,330.0,3.1,3.2,2.95,232.8699951171875,0.3778748736572265,0.0370259995532744,0.0,1.0,518,2025-11-17 19:52:38+00:00,1.1227777777777779,3.1500000000000004,0.4876712328767123
2025-11-17 21:00:00+00:00,2026-05-15 00:00:00+00:00,AMZN,AMZN260515C00340000,call,False,340.0,2.51,2.57,2.74,232.8699951171875,0.3789734954833984,0.0370259995532744,0.0,1.0,305,2025-11-14 20:04:40+00:00,72.92222222222222,2.54,0.4876712328767123
2025-11-17 21:00:00+00:00,2026-05-15 00:00:00+00:00,AMZN,AMZN260515C00350000,call,False,350.0,2.04,2.09,2.04,232.8699951171875,0.3812317736816406,0.0370259995532744,0.0,61.0,1191,2025-11-17 20:52:02+00:00,0.13277777777777777,2.065,0.4876712328767123
2025-11-17 21:00:00+00:00,2026-05-15 00:00:00+00:00,AMZN,AMZN260515C00360000,call,False,360.0,1.65,1.73,1.56,232.8699951171875,0.3846497082519531,0.0370259995532744,0.0,2.0,16,2025-11-14 14:30:11+00:00,78.49694444444444,1.69,0.4876712328767123
2025-11-17 21:00:00+00:00,2026-05-15 00:00:00+00:00,AMZN,AMZN260515C00370000,call,False,370.0,1.37,1.42,1.32,232.8699951171875,0.38721315917968746,0.0370259995532744,0.0,75.0,583,2025-11-17 19:56:12+00:00,1.0633333333333332,1.395,0.4876712328767123
2025-11-17 21:00:00+00:00,2026-05-15 00:00:00+00:00,AMZN,AMZN260515P00105000,put,False,105.0,0.4,0.45,0.3,232.8699951171875,0.5512740185546876,0.0370259995532744,0.0,51.0,511,2025-11-12 17:06:09+00:00,123.8975,0.42500000000000004,0.4876712328767123
2025-11-17 21:00:00+00:00,2026-05-15 00:00:00+00:00,AMZN,AMZN260515P00110000,put,False,110.0,0.49,0.54,0.49,232.8699951171875,0.5376022802734376,0.0370259995532744,0.0,4.0,56,2025-10-30 18:44:35+00:00,434.25694444444446,0.515,0.4876712328767123
2025-11-17 21:00:00+00:00,2026-05-15 00:00:00+00:00,AMZN,AMZN260515P00115000,put,False,115.0,0.6,0.65,0.62,232.8699951171875,0.5251512329101562,0.0370259995532744,0.0,5.0,86,2025-11-17 20:35:39+00:00,0.4058333333333333,0.625,0.4876712328767123
2025-11-17 21:00:00+00:00,2026-05-15 00:00:00+00:00,AMZN,AMZN260515P00120000,put,False,120.0,0.72,0.77,0.75,232.8699951171875,0.5119677709960937,0.0370259995532744,0.0,3.0,64,2025-11-17 20:35:52+00:00,0.4022222222222222,0.745,0.4876712328767123
2025-11-17 21:00:00+00:00,2026-05-15 00:00:00+00:00,AMZN,AMZN260515P00125000,put,False,125.0,0.86,0.91,0.74,232.8699951171875,0.5017139672851563,0.0370259995532744,0.0,2.0,49,2025-11-13 19:45:41+00:00,97.23861111111111,0.885,0.4876712328767123
2025-11-17 21:00:00+00:00,2026-05-15 00:00:00+00:00,AMZN,AMZN260515P00130000,put,False,130.0,1.03,1.08,0.52,232.8699951171875,0.4897511962890626,0.0370259995532744,0.0,11.0,91,2025-11-03 16:03:00+00:00,340.95,1.0550000000000002,0.4876712328767123
2025-11-17 21:00:00+00:00,2026-05-15 00:00:00+00:00,AMZN,AMZN260515P00135000,put,False,135.0,1.22,1.27,1.13,232.8699951171875,0.4776663562011719,0.0370259995532744,0.0,1.0,57,2025-11-14 19:24:16+00:00,73.59555555555555,1.245,0.4876712328767123
2025-11-17 21:00:00+00:00,2026-05-15 00:00:00+00:00,AMZN,AMZN260515P00140000,put,False,140.0,1.44,1.49,1.5,232.8699951171875,0.46594772338867196,0.0370259995532744,0.0,106.0,44,2025-11-17 19:35:50+00:00,1.4027777777777777,1.4649999999999999,0.4876712328767123
2025-11-17 21:00:00+00:00,2026-05-15 00:00:00+00:00,AMZN,AMZN260515P00145000,put,False,145.0,1.71,1.76,1.16,232.8699951171875,0.4554497814941406,0.0370259995532744,0.0,5.0,395,2025-11-11 17:07:54+00:00,147.86833333333334,1.7349999999999999,0.4876712328767123
2025-11-17 21:00:00+00:00,2026-05-15 00:00:00+00:00,AMZN,AMZN260515P00150000,put,False,150.0,2.02,2.07,2.12,232.8699951171875,0.445318046875,0.0370259995532744,0.0,1.0,672,2025-11-17 19:46:20+00:00,1.2277777777777779,2.045,0.4876712328767123
2025-11-17 21:00:00+00:00,2026-05-15 00:00:00+00:00,AMZN,AMZN260515P00155000,put,False,155.0,2.38,2.43,2.49,232.8699951171875,0.43555251953125,0.0370259995532744,0.0,97.0,808,2025-11-17 15:22:52+00:00,5.618888888888889,2.4050000000000002,0.4876712328767123
2025-11-17 21:00:00+00:00,2026-05-15 00:00:00+00:00,AMZN,AMZN260515P00160000,put,False,160.0,2.8,2.86,2.45,232.8699951171875,0.42676354492187507,0.0370259995532744,0.0,1.0,1737,2025-11-13 18:45:44+00:00,98.23777777777778,2.83,0.4876712328767123
2025-11-17 21:00:00+00:00,2026-05-15 00:00:00+00:00,AMZN,AMZN260515P00165000,put,False,165.0,3.25,3.35,3.15,232.8699951171875,0.4180356048583984,0.0370259995532744,0.0,29.0,273,2025-11-14 20:58:41+00:00,72.02194444444444,3.3,0.4876712328767123
2025-11-17 21:00:00+00:00,2026-05-15 00:00:00+00:00,AMZN,AMZN260515P00170000,put,False,170.0,3.85,3.95,4.15,232.8699951171875,0.41089456298828125,0.0370259995532744,0.0,1.0,704,2025-11-14 14:35:16+00:00,78.41222222222223,3.9000000000000004,0.4876712328767123
2025-11-17 21:00:00+00:00,2026-05-15 00:00:00+00:00,AMZN,AMZN260515P00175000,put,False,175.0,4.5,4.6,4.4,232.8699951171875,0.4028380029296875,0.0370259995532744,0.0,7.0,947,2025-11-14 20:59:26+00:00,72.00944444444444,4.55,0.4876712328767123
2025-11-17 21:00:00+00:00,2026-05-15 00:00:00+00:00,AMZN,AMZN260515P00180000,put,False,180.0,5.25,5.4,5.58,232.8699951171875,0.39667351379394533,0.0370259995532744,0.0,8.0,3434,2025-11-17 16:03:37+00:00,4.939722222222223,5.325,0.4876712328767123
2025-11-17 21:00:00+00:00,2026-05-15 00:00:00+00:00,AMZN,AMZN260515P00185000,put,False,185.0,6.15,6.25,6.32,232.8699951171875,0.3892578164672852,0.0370259995532744,0.0,1.0,937,2025-11-17 18:27:16+00:00,2.5455555555555556,6.2,0.4876712328767123
2025-11-17 21:00:00+00:00,2026-05-15 00:00:00+00:00,AMZN,AMZN260515P00190000,put,False,190.0,7.15,7.25,7.6,232.8699951171875,0.3830017755126953,0.0370259995532744,0.0,2.0,991,2025-11-17 16:18:24+00:00,4.693333333333333,7.2,0.4876712328767123
2025-11-17 21:00:00+00:00,2026-05-15 00:00:00+00:00,AMZN,AMZN260515P00195000,put,False,195.0,8.25,8.4,8.8,232.8699951171875,0.37744763183593744,0.0370259995532744,0.0,41.0,4360,2025-11-17 19:52:13+00:00,1.1297222222222223,8.325,0.4876712328767123
2025-11-17 21:00:00+00:00,2026-05-15 00:00:00+00:00,AMZN,AMZN260515P00200000,put,False,200.0,9.5,9.65,10.05,232.8699951171875,0.37134417724609375,0.0370259995532744,0.0,19.0,2975,2025-11-17 18:07:34+00:00,2.8738888888888887,9.575,0.4876712328767123
2025-11-17 21:00:00+00:00,2026-05-15 00:00:00+00:00,AMZN,AMZN260515P00205000,put,False,205.0,10.9,11.05,11.45,232.8699951171875,0.36557641265869145,0.0370259995532744,0.0,77.0,1598,2025-11-17 19:42:12+00:00,1.2966666666666666,10.975000000000001,0.4876712328767123
2025-11-17 21:00:00+00:00,2026-05-15 00:00:00+00:00,AMZN,AMZN260515P00210000,put,False,210.0,12.45,12.65,12.58,232.8699951171875,0.36084623535156246,0.0370259995532744,0.0,58.0,3535,2025-11-17 20:56:48+00:00,0.05333333333333334,12.55,0.4876712328767123
2025-11-17 21:00:00+00:00,2026-05-15 00:00:00+00:00,AMZN,AMZN260515P00215000,put,False,215.0,14.2,14.35,14.15,232.8699951171875,0.3551700225830078,0.0370259995532744,0.0,20.0,741,2025-11-17 16:42:30+00:00,4.291666666666667,14.274999999999999,0.4876712328767123
2025-11-17 21:00:00+00:00,2026-05-15 00:00:00+00:00,AMZN,AMZN260515P00220000,put,False,220.0,16.05,16.25,16.72,232.8699951171875,0.35025674163818354,0.0370259995532744,0.0,22.0,1737,2025-11-17 20:23:42+00:00,0.605,16.15,0.4876712328767123
2025-11-17 21:00:00+00:00,2026-05-15 00:00:00+00:00,AMZN,AMZN260515P00225000,put,False,225.0,18.1,18.3,18.82,232.8699951171875,0.3450993225097656,0.0370259995532744,0.0,25.0,2331,2025-11-17 20:23:42+00:00,0.605,18.200000000000003,0.4876712328767123
2025-11-17 21:00:00+00:00,2026-05-15 00:00:00+00:00,AMZN,AMZN260515P00230000,put,False,230.0,20.3,20.6,21.25,232.8699951171875,0.34125414611816407,0.0370259995532744,0.0,229.0,1180,2025-11-17 20:14:35+00:00,0.7569444444444444,20.450000000000003,0.4876712328767123
2025-11-17 21:00:00+00:00,2026-05-15 00:00:00+00:00,AMZN,AMZN260515P00235000,put,True,235.0,22.7,23.05,22.68,232.8699951171875,0.3370122451782227,0.0370259995532744,0.0,16.0,1675,2025-11-17 17:13:38+00:00,3.772777777777778,22.875,0.4876712328767123
2025-11-17 21:00:00+00:00,2026-05-15 00:00:00+00:00,AMZN,AMZN260515P00240000,put,True,240.0,25.3,25.5,26.18,232.8699951171875,0.3301153414916992,0.0370259995532744,0.0,32.0,592,2025-11-17 18:59:17+00:00,2.0119444444444445,25.4,0.4876712328767123
2025-11-17 21:00:00+00:00,2026-05-15 00:00:00+00:00,AMZN,AMZN260515P00245000,put,True,245.0,28.05,28.4,29.0,232.8699951171875,0.3274908560180664,0.0370259995532744,0.0,16.0,491,2025-11-17 20:20:18+00:00,0.6616666666666666,28.225,0.4876712328767123
2025-11-17 21:00:00+00:00,2026-05-15 00:00:00+00:00,AMZN,AMZN260515P00250000,put,True,250.0,30.95,31.3,31.45,232.8699951171875,0.3221503332519531,0.0370259995532744,0.0,38.0,2415,2025-11-17 20:45:01+00:00,0.24972222222222223,31.125,0.4876712328767123
2025-11-17 21:00:00+00:00,2026-05-15 00:00:00+00:00,AMZN,AMZN260515P00255000,put,True,255.0,34.05,34.3,33.8,232.8699951171875,0.3156501541137695,0.0370259995532744,0.0,9.0,218,2025-11-17 16:42:30+00:00,4.291666666666667,34.175,0.4876712328767123
2025-11-17 21:00:00+00:00,2026-05-15 00:00:00+00:00,AMZN,AMZN260515P00260000,put,True,260.0,37.3,38.45,38.55,232.8699951171875,0.3252325778198242,0.0370259995532744,0.0,8.0,242,2025-11-17 18:55:07+00:00,2.0813888888888887,37.875,0.4876712328767123
2025-11-17 21:00:00+00:00,2026-05-15 00:00:00+00:00,AMZN,AMZN260515P00265000,put,True,265.0,40.7,41.0,41.8,232.8699951171875,0.3055489367675781,0.0370259995532744,0.0,10.0,115,2025-11-17 19:36:02+00:00,1.3994444444444445,40.85,0.4876712328767123
2025-11-17 21:00:00+00:00,2026-05-15 00:00:00+00:00,AMZN,AMZN260515P00270000,put,True,270.0,44.3,44.6,41.9,232.8699951171875,0.30054410400390624,0.0370259995532744,0.0,7.0,127,2025-11-14 18:12:19+00:00,74.79472222222222,44.45,0.4876712328767123
2025-11-17 21:00:00+00:00,2026-05-15 00:00:00+00:00,AMZN,AMZN260515P00275000,put,True,275.0,48.0,48.6,37.45,232.8699951171875,0.3002999658203125,0.0370259995532744,0.0,2.0,138,2025-11-10 15:10:37+00:00,173.82305555555556,48.3,0.4876712328767123
2025-11-17 21:00:00+00:00,2026-05-15 00:00:00+00:00,AMZN,AMZN260515P00280000,put,True,280.0,51.85,52.5,52.95,232.8699951171875,0.29550875396728515,0.0370259995532744,0.0,1.0,18,2025-11-17 20:30:00+00:00,0.5,52.175,0.4876712328767123
2025-11-17 21:00:00+00:00,2026-05-15 00:00:00+00:00,AMZN,AMZN260515P00285000,put,True,285.0,55.9,56.3,56.3,232.8699951171875,0.2852244329833984,0.0370259995532744,0.0,1.0,79,2025-11-17 14:57:23+00:00,6.043611111111111,56.099999999999994,0.4876712328767123
2025-11-17 21:00:00+00:00,2026-05-15 00:00:00+00:00,AMZN,AMZN260515P00290000,put,True,290.0,60.05,60.65,50.2,232.8699951171875,0.28449201843261707,0.0370259995532744,0.0,7.0,50,2025-11-10 16:46:39+00:00,172.2225,60.349999999999994,0.4876712328767123
2025-11-17 21:00:00+00:00,2026-05-15 00:00:00+00:00,AMZN,AMZN260515P00295000,put,True,295.0,64.25,64.95,52.7,232.8699951171875,0.27985339294433587,0.0370259995532744,0.0,10.0,23,2025-11-11 15:36:07+00:00,149.39805555555554,64.6,0.4876712328767123
2025-11-17 21:00:00+00:00,2026-05-15 00:00:00+00:00,AMZN,AMZN260515P00300000,put,True,300.0,68.65,69.65,69.21,232.8699951171875,0.28436994934082027,0.0370259995532744,0.0,3.0,28,2025-11-17 17:46:48+00:00,3.22,69.15,0.4876712328767123
2025-11-17 21:00:00+00:00,2026-05-15 00:00:00+00:00,AMZN,AMZN260515P00305000,put,True,305.0,72.1,74.8,67.15,232.8699951171875,0.3018258294677735,0.0370259995532744,0.0,10.0,13,2025-11-07 18:50:15+00:00,242.1625,73.44999999999999,0.4876712328767123
2025-11-17 21:00:00+00:00,2026-05-15 00:00:00+00:00,AMZN,AMZN260515P00310000,put,True,310.0,77.7,78.35,75.1,232.8699951171875,0.26099371826171874,0.0370259995532744,0.0,48.0,36,2025-11-14 19:05:46+00:00,73.90388888888889,78.025,0.4876712328767123
2025-11-17 21:00:00+00:00,2026-05-15 00:00:00+00:00,AMZN,AMZN260515P00315000,put,True,315.0,81.35,84.1,78.35,232.8699951171875,0.30274134765625,0.0370259995532744,0.0,6.0,10,2025-11-14 17:45:15+00:00,75.24583333333334,82.725,0.4876712328767123
2025-11-17 21:00:00+00:00,2026-05-15 00:00:00+00:00,AMZN,AMZN260515P00320000,put,True,320.0,84.3,87.35,86.0,232.8699951171875,0.21216608154296873,0.0370259995532744,0.0,10.0,0,2025-09-19 15:01:01+00:00,1421.9830555555557,85.82499999999999,0.4876712328767123
2025-11-17 21:00:00+00:00,2026-05-15 00:00:00+00:00,AMZN,AMZN260515P00325000,put,True,325.0,90.75,94.2,76.68,232.8699951171875,0.32898620239257803,0.0370259995532744,0.0,12.0,8,2025-11-11 19:06:05+00:00,145.8986111111111,92.475,0.4876712328767123
2025-11-17 21:00:00+00:00,2026-05-15 00:00:00+00:00,AMZN,AMZN260515P00330000,put,True,330.0,95.65,99.15,86.25,232.8699951171875,0.33801931518554684,0.0370259995532744,0.0,5.0,6,2025-11-07 20:43:38+00:00,240.27277777777778,97.4,0.4876712328767123
2025-11-17 21:00:00+00:00,2026-05-15 00:00:00+00:00,AMZN,AMZN260515P00340000,put,True,340.0,105.75,108.8,85.25,232.8699951171875,0.3443669079589844,0.0370259995532744,0.0,,0,2025-11-03 16:15:04+00:00,340.74888888888887,107.275,0.4876712328767123
2025-11-17 21:00:00+00:00,2026-05-15 00:00:00+00:00,AMZN,AMZN260515P00350000,put,True,350.0,115.75,118.7,104.5,232.8699951171875,0.35938140625,0.0370259995532744,0.0,2.0,0,2025-10-31 16:15:28+00:00,412.7422222222222,117.225,0.4876712328767123
2025-11-17 21:00:00+00:00,2026-06-18 00:00:00+00:00,AMZN,AMZN260618C00075000,call,True,75.0,159.25,161.45,172.15,232.8699951171875,0.9631351342773438,0.0370259995532744,0.0,1.0,2110,2025-11-12 20:54:39+00:00,120.08916666666667,160.35,0.5808219178082191
2025-11-17 21:00:00+00:00,2026-06-18 00:00:00+00:00,AMZN,AMZN260618C00080000,call,True,80.0,154.45,156.85,181.1,232.8699951171875,0.9367682104492188,0.0370259995532744,0.0,10.0,135,2025-11-03 14:35:30+00:00,342.40833333333336,155.64999999999998,0.5808219178082191
2025-11-17 21:00:00+00:00,2026-06-18 00:00:00+00:00,AMZN,AMZN260618C00085000,call,True,85.0,149.6,151.95,154.1,232.8699951171875,0.8974619628906249,0.0370259995532744,0.0,3.0,103,2025-11-14 19:25:24+00:00,73.57666666666667,150.77499999999998,0.5808219178082191
2025-11-17 21:00:00+00:00,2026-06-18 00:00:00+00:00,AMZN,AMZN260618C00090000,call,True,90.0,144.8,147.0,157.56,232.8699951171875,0.8602308898925781,0.0370259995532744,0.0,2.0,38,2025-11-06 19:05:17+00:00,265.91194444444443,145.9,0.5808219178082191
2025-11-17 21:00:00+00:00,2026-06-18 00:00:00+00:00,AMZN,AMZN260618C00095000,call,True,95.0,140.0,142.2,156.2,232.8699951171875,0.8293474096679687,0.0370259995532744,0.0,1.0,163,2025-11-11 16:09:33+00:00,148.84083333333334,141.1,0.5808219178082191
2025-11-17 21:00:00+00:00,2026-06-18 00:00:00+00:00,AMZN,AMZN260618C00100000,call,True,100.0,135.2,137.4,152.1,232.8699951171875,0.7995015167236328,0.0370259995532744,0.0,21.0,1917,2025-11-10 18:32:05+00:00,170.46527777777777,136.3,0.5808219178082191
2025-11-17 21:00:00+00:00,2026-06-18 00:00:00+00:00,AMZN,AMZN260618C00105000,call,True,105.0,130.45,132.65,126.1,232.8699951171875,0.7731956274414062,0.0370259995532744,0.0,2.0,217,2025-10-27 15:58:42+00:00,509.02166666666665,131.55,0.5808219178082191
2025-11-17 21:00:00+00:00,2026-06-18 00:00:00+00:00,AMZN,AMZN260618C00110000,call,True,110.0,125.7,128.0,149.4,232.8699951171875,0.7496973272705079,0.0370259995532744,0.0,1.0,280,2025-11-03 18:52:32+00:00,338.12444444444446,126.85,0.5808219178082191
2025-11-17 21:00:00+00:00,2026-06-18 00:00:00+00:00,AMZN,AMZN260618C00115000,call,True,115.0,120.95,123.1,126.51,232.8699951171875,0.7204007452392578,0.0370259995532744,0.0,1.0,333,2025-11-14 16:47:56+00:00,76.20111111111112,122.025,0.5808219178082191
2025-11-17 21:00:00+00:00,2026-06-18 00:00:00+00:00,AMZN,AMZN260618C00120000,call,True,120.0,116.2,118.35,119.95,232.8699951171875,0.6951934777832032,0.0370259995532744,0.0,1.0,3314,2025-11-14 15:25:48+00:00,77.57,117.275,0.5808219178082191
2025-11-17 21:00:00+00:00,2026-06-18 00:00:00+00:00,AMZN,AMZN260618C00125000,call,True,125.0,111.5,113.55,110.2,232.8699951171875,0.6703524176025393,0.0370259995532744,0.0,6.0,3927,2025-11-17 15:51:03+00:00,5.149166666666667,112.525,0.5808219178082191
2025-11-17 21:00:00+00:00,2026-06-18 00:00:00+00:00,AMZN,AMZN260618C00130000,call,True,130.0,106.85,109.2,117.95,232.8699951171875,0.6554599884033205,0.0370259995532744,0.0,8.0,213,2025-11-07 20:25:26+00:00,240.57611111111112,108.025,0.5808219178082191
2025-11-17 21:00:00+00:00,2026-06-18 00:00:00+00:00,AMZN,AMZN260618C00135000,call,True,135.0,102.2,104.5,109.0,232.8699951171875,0.6333654827880859,0.0370259995532744,0.0,10.0,138,2025-11-13 20:35:26+00:00,96.40944444444445,103.35,0.5808219178082191
2025-11-17 21:00:00+00:00,2026-06-18 00:00:00+00:00,AMZN,AMZN260618C00140000,call,True,140.0,97.75,99.55,96.8,232.8699951171875,0.6103554589843752,0.0370259995532744,0.0,2.0,3630,2025-11-14 16:11:48+00:00,76.80333333333333,98.65,0.5808219178082191
2025-11-17 21:00:00+00:00,2026-06-18 00:00:00+00:00,AMZN,AMZN260618C00145000,call,True,145.0,93.0,95.15,113.8,232.8699951171875,0.5914347497558594,0.0370259995532744,0.0,11.0,604,2025-11-04 15:21:52+00:00,317.6355555555556,94.075,0.5808219178082191
2025-11-17 21:00:00+00:00,2026-06-18 00:00:00+00:00,AMZN,AMZN260618C00150000,call,True,150.0,89.25,90.15,88.6,232.8699951171875,0.57812921875,0.0370259995532744,0.0,1.0,2335,2025-11-14 20:59:37+00:00,72.00638888888889,89.7,0.5808219178082191
2025-11-17 21:00:00+00:00,2026-06-18 00:00:00+00:00,AMZN,AMZN260618C00155000,call,True,155.0,84.95,85.55,90.0,232.8699951171875,0.5616193740844727,0.0370259995532744,0.0,3.0,2813,2025-11-13 20:19:45+00:00,96.67083333333333,85.25,0.5808219178082191
2025-11-17 21:00:00+00:00,2026-06-18 00:00:00+00:00,AMZN,AMZN260618C00160000,call,True,160.0,80.5,81.1,78.15,232.8699951171875,0.5444686666870118,0.0370259995532744,0.0,1.0,2650,2025-11-14 15:24:43+00:00,77.58805555555556,80.8,0.5808219178082191
2025-11-17 21:00:00+00:00,2026-06-18 00:00:00+00:00,AMZN,AMZN260618C00165000,call,True,165.0,76.3,76.65,74.0,232.8699951171875,0.5297898583984376,0.0370259995532744,0.0,2.0,3651,2025-11-14 14:38:04+00:00,78.36555555555556,76.475,0.5808219178082191
2025-11-17 21:00:00+00:00,2026-06-18 00:00:00+00:00,AMZN,AMZN260618C00170000,call,True,170.0,71.15,72.55,72.23,232.8699951171875,0.5072681109619142,0.0370259995532744,0.0,7.0,2914,2025-11-17 17:04:18+00:00,3.9283333333333332,71.85,0.5808219178082191
2025-11-17 21:00:00+00:00,2026-06-18 00:00:00+00:00,AMZN,AMZN260618C00175000,call,True,175.0,67.9,68.25,66.0,232.8699951171875,0.503361900024414,0.0370259995532744,0.0,3.0,4108,2025-11-17 20:04:06+00:00,0.9316666666666666,68.075,0.5808219178082191
2025-11-17 21:00:00+00:00,2026-06-18 00:00:00+00:00,AMZN,AMZN260618C00180000,call,True,180.0,63.8,64.15,63.48,232.8699951171875,0.4942677526855469,0.0370259995532744,0.0,2.0,2904,2025-11-17 18:05:03+00:00,2.9158333333333335,63.975,0.5808219178082191
2025-11-17 21:00:00+00:00,2026-06-18 00:00:00+00:00,AMZN,AMZN260618C00185000,call,True,185.0,59.85,60.2,59.56,232.8699951171875,0.4832204998779297,0.0370259995532744,0.0,6.0,7146,2025-11-17 20:54:11+00:00,0.09694444444444444,60.025000000000006,0.5808219178082191
2025-11-17 21:00:00+00:00,2026-06-18 00:00:00+00:00,AMZN,AMZN260618C00190000,call,True,190.0,56.05,56.4,56.18,232.8699951171875,0.4736075588989258,0.0370259995532744,0.0,30.0,2300,2025-11-17 20:56:41+00:00,0.05527777777777778,56.224999999999994,0.5808219178082191
2025-11-17 21:00:00+00:00,2026-06-18 00:00:00+00:00,AMZN,AMZN260618C00195000,call,True,195.0,52.35,52.65,52.4,232.8699951171875,0.46344530700683595,0.0370259995532744,0.0,4.0,2792,2025-11-17 15:09:55+00:00,5.834722222222222,52.5,0.5808219178082191
2025-11-17 21:00:00+00:00,2026-06-18 00:00:00+00:00,AMZN,AMZN260618C00200000,call,True,200.0,48.75,49.1,48.74,232.8699951171875,0.45526667785644537,0.0370259995532744,0.0,22.0,7442,2025-11-17 20:34:11+00:00,0.43027777777777776,48.925,0.5808219178082191
2025-11-17 21:00:00+00:00,2026-06-18 00:00:00+00:00,AMZN,AMZN260618C00205000,call,True,205.0,45.3,45.65,43.6,232.8699951171875,0.4471185659790039,0.0370259995532744,0.0,4.0,2405,2025-11-17 15:43:00+00:00,5.283333333333333,45.474999999999994,0.5808219178082191
2025-11-17 21:00:00+00:00,2026-06-18 00:00:00+00:00,AMZN,AMZN260618C00210000,call,True,210.0,42.05,42.35,40.62,232.8699951171875,0.439733385925293,0.0370259995532744,0.0,29.0,3275,2025-11-17 20:06:57+00:00,0.8841666666666667,42.2,0.5808219178082191
2025-11-17 21:00:00+00:00,2026-06-18 00:00:00+00:00,AMZN,AMZN260618C00215000,call,True,215.0,38.9,39.2,38.34,232.8699951171875,0.4329585513305664,0.0370259995532744,0.0,17.0,3903,2025-11-17 20:32:24+00:00,0.46,39.05,0.5808219178082191
2025-11-17 21:00:00+00:00,2026-06-18 00:00:00+00:00,AMZN,AMZN260618C00220000,call,True,220.0,35.9,36.15,35.16,232.8699951171875,0.42600061309814463,0.0370259995532744,0.0,151.0,8485,2025-11-17 20:00:15+00:00,0.9958333333333333,36.025,0.5808219178082191
2025-11-17 21:00:00+00:00,2026-06-18 00:00:00+00:00,AMZN,AMZN260618C00225000,call,True,225.0,33.05,33.35,32.55,232.8699951171875,0.42093474578857426,0.0370259995532744,0.0,35.0,7353,2025-11-17 20:36:45+00:00,0.3875,33.2,0.5808219178082191
2025-11-17 21:00:00+00:00,2026-06-18 00:00:00+00:00,AMZN,AMZN260618C00230000,call,True,230.0,30.35,30.6,30.31,232.8699951171875,0.4148312911987304,0.0370259995532744,0.0,149.0,8658,2025-11-17 20:51:37+00:00,0.13972222222222222,30.475,0.5808219178082191
2025-11-17 21:00:00+00:00,2026-06-18 00:00:00+00:00,AMZN,AMZN260618C00235000,call,False,235.0,27.8,28.0,27.46,232.8699951171875,0.4090940438842773,0.0370259995532744,0.0,103.0,4177,2025-11-17 20:53:28+00:00,0.10888888888888888,27.9,0.5808219178082191
2025-11-17 21:00:00+00:00,2026-06-18 00:00:00+00:00,AMZN,AMZN260618C00240000,call,False,240.0,25.4,25.6,24.9,232.8699951171875,0.4043943838500976,0.0370259995532744,0.0,304.0,3872,2025-11-17 20:36:44+00:00,0.3877777777777778,25.5,0.5808219178082191
2025-11-17 21:00:00+00:00,2026-06-18 00:00:00+00:00,AMZN,AMZN260618C00245000,call,False,245.0,23.15,23.35,23.1,232.8699951171875,0.39999989654541024,0.0370259995532744,0.0,95.0,3073,2025-11-17 20:49:28+00:00,0.17555555555555555,23.25,0.5808219178082191
2025-11-17 21:00:00+00:00,2026-06-18 00:00:00+00:00,AMZN,AMZN260618C00250000,call,False,250.0,21.1,21.25,21.13,232.8699951171875,0.3959105819702149,0.0370259995532744,0.0,510.0,11038,2025-11-17 20:59:06+00:00,0.015,21.175,0.5808219178082191
2025-11-17 21:00:00+00:00,2026-06-18 00:00:00+00:00,AMZN,AMZN260618C00255000,call,False,255.0,19.15,19.3,18.75,232.8699951171875,0.39218747467041015,0.0370259995532744,0.0,189.0,5335,2025-11-17 20:34:11+00:00,0.43027777777777776,19.225,0.5808219178082191
2025-11-17 21:00:00+00:00,2026-06-18 00:00:00+00:00,AMZN,AMZN260618C00260000,call,False,260.0,17.35,17.5,17.3,232.8699951171875,0.38886109191894536,0.0370259995532744,0.0,199.0,5077,2025-11-17 20:49:28+00:00,0.17555555555555555,17.425,0.5808219178082191
2025-11-17 21:00:00+00:00,2026-06-18 00:00:00+00:00,AMZN,AMZN260618C00265000,call,False,265.0,15.7,15.85,15.78,232.8699951171875,0.3859619509887695,0.0370259995532744,0.0,46.0,5209,2025-11-17 20:49:28+00:00,0.17555555555555555,15.774999999999999,0.5808219178082191
2025-11-17 21:00:00+00:00,2026-06-18 00:00:00+00:00,AMZN,AMZN260618C00270000,call,False,270.0,14.2,14.35,14.25,232.8699951171875,0.3836121209716796,0.0370259995532744,0.0,247.0,7084,2025-11-17 19:52:23+00:00,1.1269444444444445,14.274999999999999,0.5808219178082191
2025-11-17 21:00:00+00:00,2026-06-18 00:00:00+00:00,AMZN,AMZN260618C00275000,call,False,275.0,12.8,12.95,12.75,232.8699951171875,0.3811097045898437,0.0370259995532744,0.0,133.0,4172,2025-11-17 20:49:28+00:00,0.17555555555555555,12.875,0.5808219178082191
2025-11-17 21:00:00+00:00,2026-06-18 00:00:00+00:00,AMZN,AMZN260618C00280000,call,False,280.0,11.55,11.65,10.92,232.8699951171875,0.37851573638916014,0.0370259995532744,0.0,156.0,5291,2025-11-17 20:07:22+00:00,0.8772222222222222,11.600000000000001,0.5808219178082191
2025-11-17 21:00:00+00:00,2026-06-18 00:00:00+00:00,AMZN,AMZN260618C00285000,call,False,285.0,10.4,10.5,10.35,232.8699951171875,0.3767152172851562,0.0370259995532744,0.0,47.0,1419,2025-11-17 20:49:28+00:00,0.17555555555555555,10.45,0.5808219178082191
2025-11-17 21:00:00+00:00,2026-06-18 00:00:00+00:00,AMZN,AMZN260618C00290000,call,False,290.0,9.35,9.5,8.9,232.8699951171875,0.37592176818847656,0.0370259995532744,0.0,44.0,3171,2025-11-17 19:27:48+00:00,1.5366666666666666,9.425,0.5808219178082191
2025-11-17 21:00:00+00:00,2026-06-18 00:00:00+00:00,AMZN,AMZN260618C00295000,call,False,295.0,8.4,8.55,8.4,232.8699951171875,0.3745179736328125,0.0370259995532744,0.0,74.0,2572,2025-11-17 20:48:59+00:00,0.1836111111111111,8.475000000000001,0.5808219178082191
2025-11-17 21:00:00+00:00,2026-06-18 00:00:00+00:00,AMZN,AMZN260618C00300000,call,False,300.0,7.55,7.7,7.58,232.8699951171875,0.3735109036254882,0.0370259995532744,0.0,556.0,18671,2025-11-17 20:57:40+00:00,0.03888888888888889,7.625,0.5808219178082191
2025-11-17 21:00:00+00:00,2026-06-18 00:00:00+00:00,AMZN,AMZN260618C00305000,call,False,305.0,6.8,6.9,6.25,232.8699951171875,0.37201555725097657,0.0370259995532744,0.0,5.0,6251,2025-11-14 19:25:15+00:00,73.57916666666667,6.85,0.5808219178082191
2025-11-17 21:00:00+00:00,2026-06-18 00:00:00+00:00,AMZN,AMZN260618C00310000,call,False,310.0,6.1,6.25,6.2,232.8699951171875,0.3721681436157227,0.0370259995532744,0.0,166.0,2844,2025-11-17 20:58:41+00:00,0.021944444444444444,6.175,0.5808219178082191
2025-11-17 21:00:00+00:00,2026-06-18 00:00:00+00:00,AMZN,AMZN260618C00315000,call,False,315.0,5.5,5.6,5.52,232.8699951171875,0.37103900451660154,0.0370259995532744,0.0,64.0,5100,2025-11-17 20:59:11+00:00,0.01361111111111111,5.55,0.5808219178082191
2025-11-17 21:00:00+00:00,2026-06-18 00:00:00+00:00,AMZN,AMZN260618C00320000,call,False,320.0,4.95,5.1,4.64,232.8699951171875,0.37201555725097657,0.0370259995532744,0.0,2.0,1349,2025-11-17 15:17:32+00:00,5.707777777777777,5.025,0.5808219178082191
2025-11-17 21:00:00+00:00,2026-06-18 00:00:00+00:00,AMZN,AMZN260618C00325000,call,False,325.0,4.45,4.6,4.35,232.8699951171875,0.37189348815917966,0.0370259995532744,0.0,10.0,572,2025-11-17 14:49:58+00:00,6.167222222222223,4.525,0.5808219178082191
2025-11-17 21:00:00+00:00,2026-06-18 00:00:00+00:00,AMZN,AMZN260618C00330000,call,False,330.0,4.05,4.15,4.43,232.8699951171875,0.37183245361328127,0.0370259995532744,0.0,15.0,876,2025-11-14 18:05:48+00:00,74.90333333333334,4.1,0.5808219178082191
2025-11-17 21:00:00+00:00,2026-06-18 00:00:00+00:00,AMZN,AMZN260618C00335000,call,False,335.0,3.65,3.75,4.03,232.8699951171875,0.372076591796875,0.0370259995532744,0.0,3.0,1486,2025-11-14 19:35:39+00:00,73.40583333333333,3.7,0.5808219178082191
2025-11-17 21:00:00+00:00,2026-06-18 00:00:00+00:00,AMZN,AMZN260618C00340000,call,False,340.0,3.3,3.4,3.36,232.8699951171875,0.372625902709961,0.0370259995532744,0.0,8.0,507,2025-11-17 17:40:51+00:00,3.319166666666667,3.3499999999999996,0.5808219178082191
2025-11-17 21:00:00+00:00,2026-06-18 00:00:00+00:00,AMZN,AMZN260618C00345000,call,False,345.0,3.0,3.1,3.79,232.8699951171875,0.37366348999023435,0.0370259995532744,0.0,1.0,861,2025-11-13 16:03:47+00:00,100.93694444444445,3.05,0.5808219178082191
2025-11-17 21:00:00+00:00,2026-06-18 00:00:00+00:00,AMZN,AMZN260618C00350000,call,False,350.0,2.75,2.8,2.78,232.8699951171875,0.37390762817382805,0.0370259995532744,0.0,183.0,8305,2025-11-17 19:43:52+00:00,1.268888888888889,2.775,0.5808219178082191
2025-11-17 21:00:00+00:00,2026-06-18 00:00:00+00:00,AMZN,AMZN260618C00360000,call,False,360.0,2.27,2.34,2.29,232.8699951171875,0.3763490100097656,0.0370259995532744,0.0,516.0,4105,2025-11-17 20:51:33+00:00,0.14083333333333334,2.3049999999999997,0.5808219178082191
2025-11-17 21:00:00+00:00,2026-06-18 00:00:00+00:00,AMZN,AMZN260618C00370000,call,False,370.0,1.91,1.96,1.95,232.8699951171875,0.37879039184570307,0.0370259995532744,0.0,72.0,438,2025-11-17 19:59:46+00:00,1.0038888888888888,1.935,0.5808219178082191
2025-11-17 21:00:00+00:00,2026-06-18 00:00:00+00:00,AMZN,AMZN260618P00075000,put,False,75.0,0.13,0.18,0.16,232.8699951171875,0.6132851171875001,0.0370259995532744,0.0,5.0,1557,2025-11-17 15:22:53+00:00,5.618611111111111,0.155,0.5808219178082191
2025-11-17 21:00:00+00:00,2026-06-18 00:00:00+00:00,AMZN,AMZN260618P00080000,put,False,80.0,0.18,0.22,0.19,232.8699951171875,0.5986368261718751,0.0370259995532744,0.0,1.0,926,2025-11-11 20:38:18+00:00,144.36166666666668,0.2,0.5808219178082191
2025-11-17 21:00:00+00:00,2026-06-18 00:00:00+00:00,AMZN,AMZN260618P00085000,put,False,85.0,0.22,0.33,0.23,232.8699951171875,0.5903361279296876,0.0370259995532744,0.0,3.0,297,2025-11-17 17:43:35+00:00,3.2736111111111112,0.275,0.5808219178082191
2025-11-17 21:00:00+00:00,2026-06-18 00:00:00+00:00,AMZN,AMZN260618P00090000,put,False,90.0,0.28,0.33,0.23,232.8699951171875,0.5668988623046876,0.0370259995532744,0.0,7.0,232,2025-11-12 15:35:23+00:00,125.41027777777778,0.30500000000000005,0.5808219178082191
2025-11-17 21:00:00+00:00,2026-06-18 00:00:00+00:00,AMZN,AMZN260618P00095000,put,False,95.0,0.36,0.4,0.35,232.8699951171875,0.5542036767578126,0.0370259995532744,0.0,10.0,274,2025-11-03 18:18:21+00:00,338.69416666666666,0.38,0.5808219178082191
2025-11-17 21:00:00+00:00,2026-06-18 00:00:00+00:00,AMZN,AMZN260618P00100000,put,False,100.0,0.45,0.49,0.44,232.8699951171875,0.5417526293945314,0.0370259995532744,0.0,152.0,4010,2025-11-17 17:22:09+00:00,3.6308333333333334,0.47,0.5808219178082191
2025-11-17 21:00:00+00:00,2026-06-18 00:00:00+00:00,AMZN,AMZN260618P00105000,put,False,105.0,0.54,0.59,0.3,232.8699951171875,0.5283250292968751,0.0370259995532744,0.0,2.0,1916,2025-10-31 14:58:15+00:00,414.02916666666664,0.565,0.5808219178082191
2025-11-17 21:00:00+00:00,2026-06-18 00:00:00+00:00,AMZN,AMZN260618P00110000,put,False,110.0,0.66,0.7,0.63,232.8699951171875,0.51562984375,0.0370259995532744,0.0,50.0,3514,2025-11-13 20:29:26+00:00,96.50944444444444,0.6799999999999999,0.5808219178082191
2025-11-17 21:00:00+00:00,2026-06-18 00:00:00+00:00,AMZN,AMZN260618P00115000,put,False,115.0,0.78,0.83,0.83,232.8699951171875,0.5026905200195313,0.0370259995532744,0.0,40.0,913,2025-11-17 20:14:36+00:00,0.7566666666666667,0.8049999999999999,0.5808219178082191
2025-11-17 21:00:00+00:00,2026-06-18 00:00:00+00:00,AMZN,AMZN260618P00120000,put,False,120.0,0.93,0.98,0.92,232.8699951171875,0.4931691308593751,0.0370259995532744,0.0,2.0,2075,2025-11-17 17:22:09+00:00,3.6308333333333334,0.9550000000000001,0.5808219178082191
2025-11-17 21:00:00+00:00,2026-06-18 00:00:00+00:00,AMZN,AMZN260618P00125000,put,False,125.0,1.11,1.16,0.96,232.8699951171875,0.4818167053222656,0.0370259995532744,0.0,1.0,4703,2025-11-07 15:11:21+00:00,245.81083333333333,1.135,0.5808219178082191
2025-11-17 21:00:00+00:00,2026-06-18 00:00:00+00:00,AMZN,AMZN260618P00130000,put,False,130.0,1.31,1.36,1.05,232.8699951171875,0.47022014160156256,0.0370259995532744,0.0,1.0,3924,2025-11-13 14:42:23+00:00,102.2936111111111,1.335,0.5808219178082191
2025-11-17 21:00:00+00:00,2026-06-18 00:00:00+00:00,AMZN,AMZN260618P00135000,put,False,135.0,1.54,1.59,1.58,232.8699951171875,0.4592339233398438,0.0370259995532744,0.0,4.0,4039,2025-11-17 20:36:13+00:00,0.3963888888888889,1.565,0.5808219178082191
2025-11-17 21:00:00+00:00,2026-06-18 00:00:00+00:00,AMZN,AMZN260618P00140000,put,False,140.0,1.81,1.85,1.57,232.8699951171875,0.44824770507812495,0.0370259995532744,0.0,40.0,3202,2025-11-07 15:00:06+00:00,245.99833333333333,1.83,0.5808219178082191
2025-11-17 21:00:00+00:00,2026-06-18 00:00:00+00:00,AMZN,AMZN260618P00145000,put,False,145.0,2.12,2.17,2.02,232.8699951171875,0.4387263159179688,0.0370259995532744,0.0,28.0,3981,2025-11-14 19:51:32+00:00,73.14111111111112,2.145,0.5808219178082191
2025-11-17 21:00:00+00:00,2026-06-18 00:00:00+00:00,AMZN,AMZN260618P00150000,put,False,150.0,2.49,2.55,2.53,232.8699951171875,0.43018147949218755,0.0370259995532744,0.0,5.0,6720,2025-11-17 14:42:55+00:00,6.284722222222222,2.52,0.5808219178082191
2025-11-17 21:00:00+00:00,2026-06-18 00:00:00+00:00,AMZN,AMZN260618P00155000,put,False,155.0,2.9,2.97,2.81,232.8699951171875,0.42127043579101564,0.0370259995532744,0.0,15.0,4769,2025-11-14 15:19:39+00:00,77.6725,2.935,0.5808219178082191
2025-11-17 21:00:00+00:00,2026-06-18 00:00:00+00:00,AMZN,AMZN260618P00160000,put,False,160.0,3.35,3.45,3.2,232.8699951171875,0.4126645648193359,0.0370259995532744,0.0,4.0,10140,2025-11-14 19:48:52+00:00,73.18555555555555,3.4000000000000004,0.5808219178082191
2025-11-17 21:00:00+00:00,2026-06-18 00:00:00+00:00,AMZN,AMZN260618P00165000,put,False,165.0,3.9,4.0,4.11,232.8699951171875,0.40442490112304685,0.0370259995532744,0.0,2.0,5781,2025-11-14 20:40:15+00:00,72.32916666666667,3.95,0.5808219178082191
2025-11-17 21:00:00+00:00,2026-06-18 00:00:00+00:00,AMZN,AMZN260618P00170000,put,False,170.0,4.55,4.65,4.77,232.8699951171875,0.3972533419799804,0.0370259995532744,0.0,5.0,11854,2025-11-17 19:12:16+00:00,1.7955555555555556,4.6,0.5808219178082191
2025-11-17 21:00:00+00:00,2026-06-18 00:00:00+00:00,AMZN,AMZN260618P00175000,put,False,175.0,5.3,5.4,5.6,232.8699951171875,0.39063109375,0.0370259995532744,0.0,2.0,7499,2025-11-17 18:18:04+00:00,2.698888888888889,5.35,0.5808219178082191
2025-11-17 21:00:00+00:00,2026-06-18 00:00:00+00:00,AMZN,AMZN260618P00180000,put,False,180.0,6.15,6.25,6.35,232.8699951171875,0.3843140182495117,0.0370259995532744,0.0,15.0,8928,2025-11-17 19:25:49+00:00,1.5697222222222222,6.2,0.5808219178082191
2025-11-17 21:00:00+00:00,2026-06-18 00:00:00+00:00,AMZN,AMZN260618P00185000,put,False,185.0,7.1,7.2,6.75,232.8699951171875,0.3780884945678711,0.0370259995532744,0.0,61.0,4183,2025-11-14 19:51:10+00:00,73.14722222222223,7.15,0.5808219178082191
2025-11-17 21:00:00+00:00,2026-06-18 00:00:00+00:00,AMZN,AMZN260618P00190000,put,False,190.0,8.15,8.25,8.57,232.8699951171875,0.37177141906738287,0.0370259995532744,0.0,22.0,8162,2025-11-17 19:14:33+00:00,1.7575,8.2,0.5808219178082191
2025-11-17 21:00:00+00:00,2026-06-18 00:00:00+00:00,AMZN,AMZN260618P00195000,put,False,195.0,9.35,9.5,9.8,232.8699951171875,0.3671633108520508,0.0370259995532744,0.0,10.0,4011,2025-11-17 19:49:11+00:00,1.1802777777777778,9.425,0.5808219178082191
2025-11-17 21:00:00+00:00,2026-06-18 00:00:00+00:00,AMZN,AMZN260618P00200000,put,False,200.0,10.65,10.8,10.75,232.8699951171875,0.3611514080810546,0.0370259995532744,0.0,18.0,16066,2025-11-17 20:43:08+00:00,0.2811111111111111,10.725000000000001,0.5808219178082191
2025-11-17 21:00:00+00:00,2026-06-18 00:00:00+00:00,AMZN,AMZN260618P00205000,put,False,205.0,12.15,12.3,12.1,232.8699951171875,0.35642123077392573,0.0370259995532744,0.0,15.0,3219,2025-11-17 17:06:18+00:00,3.895,12.225000000000001,0.5808219178082191
2025-11-17 21:00:00+00:00,2026-06-18 00:00:00+00:00,AMZN,AMZN260618P00210000,put,False,210.0,13.75,13.9,14.1,232.8699951171875,0.3510501907348632,0.0370259995532744,0.0,40.0,10972,2025-11-17 20:36:45+00:00,0.3875,13.825,0.5808219178082191
2025-11-17 21:00:00+00:00,2026-06-18 00:00:00+00:00,AMZN,AMZN260618P00215000,put,False,215.0,15.5,15.65,15.9,232.8699951171875,0.3458012197875976,0.0370259995532744,0.0,23.0,6645,2025-11-17 20:36:45+00:00,0.3875,15.575,0.5808219178082191
2025-11-17 21:00:00+00:00,2026-06-18 00:00:00+00:00,AMZN,AMZN260618P00220000,put,False,220.0,17.45,17.6,18.07,232.8699951171875,0.34134569793701175,0.0370259995532744,0.0,117.0,5777,2025-11-17 19:40:51+00:00,1.3191666666666666,17.525,0.5808219178082191
2025-11-17 21:00:00+00:00,2026-06-18 00:00:00+00:00,AMZN,AMZN260618P00225000,put,False,225.0,19.5,19.7,19.95,232.8699951171875,0.3367986242675781,0.0370259995532744,0.0,39.0,3510,2025-11-17 20:36:54+00:00,0.385,19.6,0.5808219178082191
2025-11-17 21:00:00+00:00,2026-06-18 00:00:00+00:00,AMZN,AMZN260618P00230000,put,False,230.0,21.75,21.95,22.25,232.8699951171875,0.3321599987792969,0.0370259995532744,0.0,51.0,4483,2025-11-17 20:36:23+00:00,0.39361111111111113,21.85,0.5808219178082191
2025-11-17 21:00:00+00:00,2026-06-18 00:00:00+00:00,AMZN,AMZN260618P00235000,put,True,235.0,24.15,24.35,24.35,232.8699951171875,0.32735352828979497,0.0370259995532744,0.0,42.0,5152,2025-11-17 20:36:23+00:00,0.39361111111111113,24.25,0.5808219178082191
2025-11-17 21:00:00+00:00,2026-06-18 00:00:00+00:00,AMZN,AMZN260618P00240000,put,True,240.0,26.7,26.95,26.55,232.8699951171875,0.32309636871337877,0.0370259995532744,0.0,11.0,1171,2025-11-17 17:23:06+00:00,3.615,26.825,0.5808219178082191
2025-11-17 21:00:00+00:00,2026-06-18 00:00:00+00:00,AMZN,AMZN260618P00245000,put,True,245.0,29.4,29.75,29.25,232.8699951171875,0.3193427441406249,0.0370259995532744,0.0,20.0,1282,2025-11-17 15:39:59+00:00,5.333611111111111,29.575,0.5808219178082191
2025-11-17 21:00:00+00:00,2026-06-18 00:00:00+00:00,AMZN,AMZN260618P00250000,put,True,250.0,32.3,32.55,32.4,232.8699951171875,0.3132698068237304,0.0370259995532744,0.0,4.0,2227,2025-11-17 20:04:32+00:00,0.9244444444444444,32.425,0.5808219178082191
2025-11-17 21:00:00+00:00,2026-06-18 00:00:00+00:00,AMZN,AMZN260618P00255000,put,True,255.0,35.35,36.2,33.6,232.8699951171875,0.317191276397705,0.0370259995532744,0.0,17.0,361,2025-11-14 18:22:12+00:00,74.63,35.775000000000006,0.5808219178082191
2025-11-17 21:00:00+00:00,2026-06-18 00:00:00+00:00,AMZN,AMZN260618P00260000,put,True,260.0,38.55,39.45,38.14,232.8699951171875,0.31317825500488283,0.0370259995532744,0.0,5.0,582,2025-11-17 17:20:53+00:00,3.6519444444444447,39.0,0.5808219178082191
2025-11-17 21:00:00+00:00,2026-06-18 00:00:00+00:00,AMZN,AMZN260618P00265000,put,True,265.0,41.9,42.95,38.65,232.8699951171875,0.3106758386230468,0.0370259995532744,0.0,2.0,649,2025-11-14 17:10:03+00:00,75.8325,42.425,0.5808219178082191
2025-11-17 21:00:00+00:00,2026-06-18 00:00:00+00:00,AMZN,AMZN260618P00270000,put,True,270.0,45.4,46.6,43.75,232.8699951171875,0.3083870431518554,0.0370259995532744,0.0,6.0,257,2025-11-14 19:43:09+00:00,73.28083333333333,46.0,0.5808219178082191
2025-11-17 21:00:00+00:00,2026-06-18 00:00:00+00:00,AMZN,AMZN260618P00275000,put,True,275.0,49.05,49.65,38.64,232.8699951171875,0.293677717590332,0.0370259995532744,0.0,1.0,177,2025-11-11 20:23:26+00:00,144.60944444444445,49.349999999999994,0.5808219178082191
2025-11-17 21:00:00+00:00,2026-06-18 00:00:00+00:00,AMZN,AMZN260618P00280000,put,True,280.0,52.85,53.2,51.07,232.8699951171875,0.2841563284301757,0.0370259995532744,0.0,6.0,193,2025-11-14 19:42:04+00:00,73.29888888888888,53.025000000000006,0.5808219178082191
2025-11-17 21:00:00+00:00,2026-06-18 00:00:00+00:00,AMZN,AMZN260618P00285000,put,True,285.0,56.7,57.4,53.02,232.8699951171875,0.284064776611328,0.0370259995532744,0.0,4.0,152,2025-11-13 20:35:24+00:00,96.41,57.05,0.5808219178082191
2025-11-17 21:00:00+00:00,2026-06-18 00:00:00+00:00,AMZN,AMZN260618P00290000,put,True,290.0,60.75,61.45,47.56,232.8699951171875,0.27875477111816405,0.0370259995532744,0.0,2.0,60,2025-11-04 17:01:57+00:00,315.9675,61.1,0.5808219178082191
2025-11-17 21:00:00+00:00,2026-06-18 00:00:00+00:00,AMZN,AMZN260618P00295000,put,True,295.0,64.95,65.65,48.92,232.8699951171875,0.27399407653808594,0.0370259995532744,0.0,10.0,76,2025-11-03 16:47:00+00:00,340.21666666666664,65.30000000000001,0.5808219178082191
2025-11-17 21:00:00+00:00,2026-06-18 00:00:00+00:00,AMZN,AMZN260618P00300000,put,True,300.0,69.25,69.95,68.85,232.8699951171875,0.26892820922851557,0.0370259995532744,0.0,1.0,86,2025-11-14 14:36:09+00:00,78.3975,69.6,0.5808219178082191
2025-11-17 21:00:00+00:00,2026-06-18 00:00:00+00:00,AMZN,AMZN260618P00305000,put,True,305.0,73.6,74.1,56.5,232.8699951171875,0.25586681640625003,0.0370259995532744,0.0,5.0,46,2025-11-03 16:56:09+00:00,340.06416666666667,73.85,0.5808219178082191
2025-11-17 21:00:00+00:00,2026-06-18 00:00:00+00:00,AMZN,AMZN260618P00310000,put,True,310.0,78.15,78.85,72.1,232.8699951171875,0.25843026733398444,0.0370259995532744,0.0,10.0,55,2025-11-07 14:43:39+00:00,246.2725,78.5,0.5808219178082191
2025-11-17 21:00:00+00:00,2026-06-18 00:00:00+00:00,AMZN,AMZN260618P00315000,put,True,315.0,82.75,83.45,71.45,232.8699951171875,0.2536695727539063,0.0370259995532744,0.0,10.0,13,2025-11-10 16:13:39+00:00,172.7725,83.1,0.5808219178082191
2025-11-17 21:00:00+00:00,2026-06-18 00:00:00+00:00,AMZN,AMZN260618P00320000,put,True,320.0,87.4,87.9,68.9,232.8699951171875,0.23706817626953125,0.0370259995532744,0.0,500.0,501,2025-11-03 15:03:21+00:00,341.94416666666666,87.65,0.5808219178082191
2025-11-17 21:00:00+00:00,2026-06-18 00:00:00+00:00,AMZN,AMZN260618P00325000,put,True,325.0,91.1,94.0,88.0,232.8699951171875,0.2946847875976562,0.0370259995532744,0.0,4.0,4,2025-11-14 17:33:19+00:00,75.44472222222223,92.55,0.5808219178082191
2025-11-17 21:00:00+00:00,2026-06-18 00:00:00+00:00,AMZN,AMZN260618P00330000,put,True,330.0,95.75,98.95,86.7,232.8699951171875,0.30274134765625,0.0370259995532744,0.0,8.0,4,2025-11-06 17:40:37+00:00,267.3230555555556,97.35,0.5808219178082191
2025-11-17 21:00:00+00:00,2026-06-18 00:00:00+00:00,AMZN,AMZN260618P00335000,put,True,335.0,100.65,103.8,88.25,232.8699951171875,0.30652548950195313,0.0370259995532744,0.0,5.0,5,2025-10-31 15:26:22+00:00,413.56055555555554,102.225,0.5808219178082191
2025-11-17 21:00:00+00:00,2026-06-18 00:00:00+00:00,AMZN,AMZN260618P00345000,put,True,345.0,110.65,114.1,90.5,232.8699951171875,0.33661552062988287,0.0370259995532744,0.0,4.0,4,2025-11-03 16:38:43+00:00,340.3547222222222,112.375,0.5808219178082191
2025-11-17 21:00:00+00:00,2026-06-18 00:00:00+00:00,AMZN,AMZN260618P00350000,put,True,350.0,115.75,118.65,100.05,232.8699951171875,0.32739930419921875,0.0370259995532744,0.0,,0,2025-11-05 18:19:00+00:00,290.68333333333334,117.2,0.5808219178082191
2025-11-17 21:00:00+00:00,2026-06-18 00:00:00+00:00,AMZN,AMZN260618P00360000,put,True,360.0,161.9,165.85,135.9,232.8699951171875,0.9870301589965821,0.0370259995532744,0.0,,0,2025-02-18 19:16:45+00:00,6529.720833333334,163.875,0.5808219178082191
2025-11-17 21:00:00+00:00,2026-08-21 00:00:00+00:00,AMZN,AMZN260821C00110000,call,True,110.0,126.85,129.1,114.96,232.8699951171875,0.7043486596679689,0.0370259995532744,0.0,,1,2025-10-23 14:10:30+00:00,606.825,127.975,0.7561643835616438
2025-11-17 21:00:00+00:00,2026-08-21 00:00:00+00:00,AMZN,AMZN260821C00115000,call,True,115.0,122.2,124.45,121.9,232.8699951171875,0.6825593267822267,0.0370259995532744,0.0,1.0,11,2025-10-29 15:49:44+00:00,461.1711111111111,123.325,0.7561643835616438
2025-11-17 21:00:00+00:00,2026-08-21 00:00:00+00:00,AMZN,AMZN260821C00120000,call,True,120.0,117.55,119.7,113.33,232.8699951171875,0.659183095703125,0.0370259995532744,0.0,1.0,1319,2025-10-27 18:34:48+00:00,506.42,118.625,0.7561643835616438
2025-11-17 21:00:00+00:00,2026-08-21 00:00:00+00:00,AMZN,AMZN260821C00125000,call,True,125.0,112.95,115.15,118.16,232.8699951171875,0.6402623864746093,0.0370259995532744,0.0,1.0,5,2025-11-13 20:56:11+00:00,96.06361111111111,114.05000000000001,0.7561643835616438
2025-11-17 21:00:00+00:00,2026-08-21 00:00:00+00:00,AMZN,AMZN260821C00130000,call,True,130.0,108.4,110.65,124.42,232.8699951171875,0.6226844372558593,0.0370259995532744,0.0,1.0,60,2025-11-05 15:50:39+00:00,293.1558333333333,109.525,0.7561643835616438
2025-11-17 21:00:00+00:00,2026-08-21 00:00:00+00:00,AMZN,AMZN260821C00135000,call,True,135.0,103.85,106.05,109.08,232.8699951171875,0.6033975207519533,0.0370259995532744,0.0,2.0,13,2025-11-13 20:54:53+00:00,96.08527777777778,104.94999999999999,0.7561643835616438
2025-11-17 21:00:00+00:00,2026-08-21 00:00:00+00:00,AMZN,AMZN260821C00140000,call,True,140.0,99.35,101.55,100.6,232.8699951171875,0.5860637097167969,0.0370259995532744,0.0,2.0,9,2025-11-17 16:55:49+00:00,4.0697222222222225,100.44999999999999,0.7561643835616438
2025-11-17 21:00:00+00:00,2026-08-21 00:00:00+00:00,AMZN,AMZN260821C00145000,call,True,145.0,94.95,96.55,118.37,232.8699951171875,0.5632978240966797,0.0370259995532744,0.0,12.0,26,2025-11-03 15:44:11+00:00,341.2636111111111,95.75,0.7561643835616438
2025-11-17 21:00:00+00:00,2026-08-21 00:00:00+00:00,AMZN,AMZN260821C00150000,call,True,150.0,91.35,92.15,91.07,232.8699951171875,0.5577741976928713,0.0370259995532744,0.0,1.0,49,2025-11-13 18:28:15+00:00,98.52916666666667,91.75,0.7561643835616438
2025-11-17 21:00:00+00:00,2026-08-21 00:00:00+00:00,AMZN,AMZN260821C00155000,call,True,155.0,87.2,87.9,99.25,232.8699951171875,0.5460555648803712,0.0370259995532744,0.0,10.0,26,2025-10-31 17:29:13+00:00,411.5130555555556,87.55000000000001,0.7561643835616438
2025-11-17 21:00:00+00:00,2026-08-21 00:00:00+00:00,AMZN,AMZN260821C00160000,call,True,160.0,82.85,83.7,87.25,232.8699951171875,0.5318650329589845,0.0370259995532744,0.0,1.0,40,2025-11-13 20:55:04+00:00,96.08222222222223,83.275,0.7561643835616438
2025-11-17 21:00:00+00:00,2026-08-21 00:00:00+00:00,AMZN,AMZN260821C00165000,call,True,165.0,77.95,79.55,84.16,232.8699951171875,0.5119982882690429,0.0370259995532744,0.0,5.0,41,2025-11-13 18:46:10+00:00,98.23055555555555,78.75,0.7561643835616438
2025-11-17 21:00:00+00:00,2026-08-21 00:00:00+00:00,AMZN,AMZN260821C00170000,call,True,170.0,74.05,75.45,75.02,232.8699951171875,0.5021412091064454,0.0370259995532744,0.0,3.0,38,2025-11-17 16:39:57+00:00,4.3341666666666665,74.75,0.7561643835616438
2025-11-17 21:00:00+00:00,2026-08-21 00:00:00+00:00,AMZN,AMZN260821C00175000,call,True,175.0,70.7,71.5,73.63,232.8699951171875,0.5048572463989257,0.0370259995532744,0.0,2.0,55,2025-11-14 14:58:16+00:00,78.02888888888889,71.1,0.7561643835616438
2025-11-17 21:00:00+00:00,2026-08-21 00:00:00+00:00,AMZN,AMZN260821C00180000,call,True,180.0,66.85,67.6,70.5,232.8699951171875,0.49408464904785165,0.0370259995532744,0.0,1.0,75,2025-11-14 15:27:53+00:00,77.53527777777778,67.225,0.7561643835616438
2025-11-17 21:00:00+00:00,2026-08-21 00:00:00+00:00,AMZN,AMZN260821C00185000,call,True,185.0,63.05,63.6,61.85,232.8699951171875,0.48071808349609374,0.0370259995532744,0.0,10.0,58,2025-11-17 20:17:07+00:00,0.7147222222222223,63.325,0.7561643835616438
2025-11-17 21:00:00+00:00,2026-08-21 00:00:00+00:00,AMZN,AMZN260821C00190000,call,True,190.0,59.6,59.95,60.37,232.8699951171875,0.47214272979736327,0.0370259995532744,0.0,1.0,83,2025-11-14 14:33:13+00:00,78.44638888888889,59.775000000000006,0.7561643835616438
2025-11-17 21:00:00+00:00,2026-08-21 00:00:00+00:00,AMZN,AMZN260821C00195000,call,True,195.0,56.05,56.65,57.07,232.8699951171875,0.46771772521972654,0.0370259995532744,0.0,1.0,45,2025-11-10 17:18:32+00:00,171.6911111111111,56.349999999999994,0.7561643835616438
2025-11-17 21:00:00+00:00,2026-08-21 00:00:00+00:00,AMZN,AMZN260821C00200000,call,True,200.0,52.65,53.0,50.54,232.8699951171875,0.4567009896850587,0.0370259995532744,0.0,11.0,922,2025-11-17 16:19:55+00:00,4.668055555555555,52.825,0.7561643835616438
2025-11-17 21:00:00+00:00,2026-08-21 00:00:00+00:00,AMZN,AMZN260821C00205000,call,True,205.0,49.35,49.7,49.75,232.8699951171875,0.44968201690673826,0.0370259995532744,0.0,1.0,174,2025-11-17 17:17:38+00:00,3.706111111111111,49.525000000000006,0.7561643835616438
2025-11-17 21:00:00+00:00,2026-08-21 00:00:00+00:00,AMZN,AMZN260821C00210000,call,True,210.0,46.2,46.75,50.25,232.8699951171875,0.44620304779052733,0.0370259995532744,0.0,12.0,418,2025-11-14 15:58:03+00:00,77.0325,46.475,0.7561643835616438
2025-11-17 21:00:00+00:00,2026-08-21 00:00:00+00:00,AMZN,AMZN260821C00215000,call,True,215.0,43.15,43.7,42.5,232.8699951171875,0.43994700683593746,0.0370259995532744,0.0,8.0,210,2025-11-17 20:30:00+00:00,0.5,43.425,0.7561643835616438
2025-11-17 21:00:00+00:00,2026-08-21 00:00:00+00:00,AMZN,AMZN260821C00220000,call,True,220.0,40.25,40.6,39.28,232.8699951171875,0.43173786041259765,0.0370259995532744,0.0,73.0,533,2025-11-17 18:39:03+00:00,2.3491666666666666,40.425,0.7561643835616438
2025-11-17 21:00:00+00:00,2026-08-21 00:00:00+00:00,AMZN,AMZN260821C00225000,call,True,225.0,37.5,37.8,37.1,232.8699951171875,0.4261837167358399,0.0370259995532744,0.0,8.0,606,2025-11-17 17:33:50+00:00,3.436111111111111,37.65,0.7561643835616438
2025-11-17 21:00:00+00:00,2026-08-21 00:00:00+00:00,AMZN,AMZN260821C00230000,call,True,230.0,34.85,35.15,35.0,232.8699951171875,0.42117888397216796,0.0370259995532744,0.0,54.0,670,2025-11-17 20:58:49+00:00,0.01972222222222222,35.0,0.7561643835616438
2025-11-17 21:00:00+00:00,2026-08-21 00:00:00+00:00,AMZN,AMZN260821C00235000,call,False,235.0,32.4,32.6,31.49,232.8699951171875,0.4161130166625976,0.0370259995532744,0.0,9.0,383,2025-11-17 16:19:38+00:00,4.672777777777778,32.5,0.7561643835616438
2025-11-17 21:00:00+00:00,2026-08-21 00:00:00+00:00,AMZN,AMZN260821C00240000,call,False,240.0,30.0,30.3,30.07,232.8699951171875,0.4128324098205566,0.0370259995532744,0.0,79.0,2282,2025-11-17 20:15:25+00:00,0.7430555555555556,30.15,0.7561643835616438
2025-11-17 21:00:00+00:00,2026-08-21 00:00:00+00:00,AMZN,AMZN260821C00245000,call,False,245.0,27.8,28.0,27.15,232.8699951171875,0.4081937843322754,0.0370259995532744,0.0,47.0,475,2025-11-17 19:35:53+00:00,1.4019444444444444,27.9,0.7561643835616438
2025-11-17 21:00:00+00:00,2026-08-21 00:00:00+00:00,AMZN,AMZN260821C00250000,call,False,250.0,25.65,25.85,25.1,232.8699951171875,0.4040892111206055,0.0370259995532744,0.0,48.0,939,2025-11-17 20:28:23+00:00,0.5269444444444444,25.75,0.7561643835616438
2025-11-17 21:00:00+00:00,2026-08-21 00:00:00+00:00,AMZN,AMZN260821C00255000,call,False,255.0,23.65,23.9,23.37,232.8699951171875,0.40114429428100584,0.0370259995532744,0.0,35.0,281,2025-11-17 20:45:03+00:00,0.24916666666666668,23.775,0.7561643835616438
2025-11-17 21:00:00+00:00,2026-08-21 00:00:00+00:00,AMZN,AMZN260821C00260000,call,False,260.0,21.85,22.0,21.84,232.8699951171875,0.39752799743652345,0.0370259995532744,0.0,48.0,808,2025-11-17 20:56:19+00:00,0.06138888888888889,21.925,0.7561643835616438
2025-11-17 21:00:00+00:00,2026-08-21 00:00:00+00:00,AMZN,AMZN260821C00265000,call,False,265.0,20.05,20.3,19.5,232.8699951171875,0.3951171328735352,0.0370259995532744,0.0,14.0,177,2025-11-17 19:38:07+00:00,1.3647222222222222,20.175,0.7561643835616438
2025-11-17 21:00:00+00:00,2026-08-21 00:00:00+00:00,AMZN,AMZN260821C00270000,call,False,270.0,18.45,18.65,17.86,232.8699951171875,0.3921111814880371,0.0370259995532744,0.0,13.0,714,2025-11-17 19:40:19+00:00,1.3280555555555555,18.549999999999997,0.7561643835616438
2025-11-17 21:00:00+00:00,2026-08-21 00:00:00+00:00,AMZN,AMZN260821C00275000,call,False,275.0,16.95,17.15,16.4,232.8699951171875,0.38977661010742193,0.0370259995532744,0.0,14.0,221,2025-11-17 20:18:18+00:00,0.695,17.049999999999997,0.7561643835616438
2025-11-17 21:00:00+00:00,2026-08-21 00:00:00+00:00,AMZN,AMZN260821C00280000,call,False,280.0,15.55,15.75,14.85,232.8699951171875,0.38754884918212884,0.0370259995532744,0.0,21.0,796,2025-11-17 19:34:03+00:00,1.4325,15.65,0.7561643835616438
2025-11-17 21:00:00+00:00,2026-08-21 00:00:00+00:00,AMZN,AMZN260821C00285000,call,False,285.0,14.25,14.45,13.85,232.8699951171875,0.385473674621582,0.0370259995532744,0.0,11.0,270,2025-11-17 19:29:06+00:00,1.515,14.35,0.7561643835616438
2025-11-17 21:00:00+00:00,2026-08-21 00:00:00+00:00,AMZN,AMZN260821C00290000,call,False,290.0,13.05,13.25,12.55,232.8699951171875,0.3836121209716796,0.0370259995532744,0.0,2.0,926,2025-11-17 18:58:49+00:00,2.019722222222222,13.15,0.7561643835616438
2025-11-17 21:00:00+00:00,2026-08-21 00:00:00+00:00,AMZN,AMZN260821C00295000,call,False,295.0,11.95,12.15,11.5,232.8699951171875,0.3820404814147949,0.0370259995532744,0.0,2.0,254,2025-11-17 15:00:45+00:00,5.9875,12.05,0.7561643835616438
2025-11-17 21:00:00+00:00,2026-08-21 00:00:00+00:00,AMZN,AMZN260821C00300000,call,False,300.0,10.95,11.15,10.22,232.8699951171875,0.3808350491333008,0.0370259995532744,0.0,12.0,620,2025-11-17 15:58:29+00:00,5.025277777777778,11.05,0.7561643835616438
2025-11-17 21:00:00+00:00,2026-08-21 00:00:00+00:00,AMZN,AMZN260821C00305000,call,False,305.0,10.05,10.2,12.76,232.8699951171875,0.3793091854858398,0.0370259995532744,0.0,1.0,117,2025-11-13 14:30:00+00:00,102.5,10.125,0.7561643835616438
2025-11-17 21:00:00+00:00,2026-08-21 00:00:00+00:00,AMZN,AMZN260821C00310000,call,False,310.0,9.2,9.35,8.82,232.8699951171875,0.37827159820556633,0.0370259995532744,0.0,10.0,331,2025-11-17 19:47:32+00:00,1.2077777777777778,9.274999999999999,0.7561643835616438
2025-11-17 21:00:00+00:00,2026-08-21 00:00:00+00:00,AMZN,AMZN260821C00315000,call,False,315.0,8.4,8.6,8.02,232.8699951171875,0.3779053909301757,0.0370259995532744,0.0,11.0,70,2025-11-17 17:12:39+00:00,3.7891666666666666,8.5,0.7561643835616438
2025-11-17 21:00:00+00:00,2026-08-21 00:00:00+00:00,AMZN,AMZN260821C00320000,call,False,320.0,7.7,7.85,9.2,232.8699951171875,0.3765626309204102,0.0370259995532744,0.0,13.0,116,2025-11-13 20:44:30+00:00,96.25833333333334,7.775,0.7561643835616438
2025-11-17 21:00:00+00:00,2026-08-21 00:00:00+00:00,AMZN,AMZN260821C00325000,call,False,325.0,7.05,7.2,7.4,232.8699951171875,0.37601332000732424,0.0370259995532744,0.0,6.0,1565,2025-11-14 20:57:12+00:00,72.04666666666667,7.125,0.7561643835616438
2025-11-17 21:00:00+00:00,2026-08-21 00:00:00+00:00,AMZN,AMZN260821C00330000,call,False,330.0,6.45,6.6,6.41,232.8699951171875,0.37546400909423827,0.0370259995532744,0.0,1.0,124,2025-11-17 14:41:47+00:00,6.3036111111111115,6.525,0.7561643835616438
2025-11-17 21:00:00+00:00,2026-08-21 00:00:00+00:00,AMZN,AMZN260821C00335000,call,False,335.0,5.9,6.05,5.65,232.8699951171875,0.37500625,0.0370259995532744,0.0,2.0,217,2025-11-17 15:53:31+00:00,5.108055555555556,5.975,0.7561643835616438
2025-11-17 21:00:00+00:00,2026-08-21 00:00:00+00:00,AMZN,AMZN260821C00340000,call,False,340.0,5.45,5.6,6.4,232.8699951171875,0.37573866455078125,0.0370259995532744,0.0,88.0,539,2025-11-13 19:02:25+00:00,97.95972222222223,5.525,0.7561643835616438
2025-11-17 21:00:00+00:00,2026-08-21 00:00:00+00:00,AMZN,AMZN260821C00350000,call,False,350.0,4.6,4.75,4.64,232.8699951171875,0.37601332000732424,0.0370259995532744,0.0,32.0,1855,2025-11-17 20:52:02+00:00,0.13277777777777777,4.675,0.7561643835616438
2025-11-17 21:00:00+00:00,2026-08-21 00:00:00+00:00,AMZN,AMZN260821C00360000,call,False,360.0,3.9,4.05,4.6,232.8699951171875,0.37686780364990236,0.0370259995532744,0.0,1.0,55,2025-11-13 19:55:11+00:00,97.08027777777778,3.9749999999999996,0.7561643835616438
2025-11-17 21:00:00+00:00,2026-08-21 00:00:00+00:00,AMZN,AMZN260821C00370000,call,False,370.0,3.35,3.45,3.45,232.8699951171875,0.37756970092773434,0.0370259995532744,0.0,3.0,119,2025-11-17 17:16:42+00:00,3.7216666666666667,3.4000000000000004,0.7561643835616438
2025-11-17 21:00:00+00:00,2026-08-21 00:00:00+00:00,AMZN,AMZN260821P00110000,put,False,110.0,0.98,1.06,0.78,232.8699951171875,0.489384989013672,0.0370259995532744,0.0,50.0,64,2025-11-12 17:05:35+00:00,123.90694444444445,1.02,0.7561643835616438
2025-11-17 21:00:00+00:00,2026-08-21 00:00:00+00:00,AMZN,AMZN260821P00115000,put,False,115.0,1.16,1.23,1.25,232.8699951171875,0.4770560107421875,0.0370259995532744,0.0,1.0,192,2025-11-17 19:47:22+00:00,1.2105555555555556,1.1949999999999998,0.7561643835616438
2025-11-17 21:00:00+00:00,2026-08-21 00:00:00+00:00,AMZN,AMZN260821P00120000,put,False,120.0,1.36,1.43,1.33,232.8699951171875,0.46570358520507815,0.0370259995532744,0.0,11.0,71,2025-11-14 20:39:58+00:00,72.3338888888889,1.395,0.7561643835616438
2025-11-17 21:00:00+00:00,2026-08-21 00:00:00+00:00,AMZN,AMZN260821P00125000,put,False,125.0,1.6,1.79,1.17,232.8699951171875,0.4624077197265626,0.0370259995532744,0.0,1.0,16,2025-11-10 15:46:57+00:00,173.2175,1.695,0.7561643835616438
2025-11-17 21:00:00+00:00,2026-08-21 00:00:00+00:00,AMZN,AMZN260821P00130000,put,False,130.0,1.79,2.05,1.68,232.8699951171875,0.4510552941894531,0.0370259995532744,0.0,1.0,65,2025-11-07 14:37:37+00:00,246.37305555555557,1.92,0.7561643835616438
2025-11-17 21:00:00+00:00,2026-08-21 00:00:00+00:00,AMZN,AMZN260821P00135000,put,False,135.0,2.08,2.39,1.68,232.8699951171875,0.4422663195800781,0.0370259995532744,0.0,4.0,169,2025-11-12 15:17:57+00:00,125.70083333333334,2.2350000000000003,0.7561643835616438
2025-11-17 21:00:00+00:00,2026-08-21 00:00:00+00:00,AMZN,AMZN260821P00140000,put,False,140.0,2.45,2.75,2.39,232.8699951171875,0.4327449304199219,0.0370259995532744,0.0,6.0,69,2025-11-13 20:36:57+00:00,96.38416666666667,2.6,0.7561643835616438
2025-11-17 21:00:00+00:00,2026-08-21 00:00:00+00:00,AMZN,AMZN260821P00145000,put,False,145.0,2.96,3.05,2.81,232.8699951171875,0.41968353759765625,0.0370259995532744,0.0,2.0,70,2025-11-14 19:08:07+00:00,73.86472222222223,3.005,0.7561643835616438
2025-11-17 21:00:00+00:00,2026-08-21 00:00:00+00:00,AMZN,AMZN260821P00150000,put,False,150.0,3.45,3.55,3.31,232.8699951171875,0.4126645648193359,0.0370259995532744,0.0,31.0,499,2025-11-14 18:26:47+00:00,74.55361111111111,3.5,0.7561643835616438
2025-11-17 21:00:00+00:00,2026-08-21 00:00:00+00:00,AMZN,AMZN260821P00155000,put,False,155.0,3.95,4.1,3.05,232.8699951171875,0.4054014538574219,0.0370259995532744,0.0,8.0,933,2025-11-12 18:00:37+00:00,122.98972222222223,4.025,0.7561643835616438
2025-11-17 21:00:00+00:00,2026-08-21 00:00:00+00:00,AMZN,AMZN260821P00160000,put,False,160.0,4.6,4.75,4.29,232.8699951171875,0.39920644744873046,0.0370259995532744,0.0,6.0,1129,2025-11-13 20:36:57+00:00,96.38416666666667,4.675,0.7561643835616438
2025-11-17 21:00:00+00:00,2026-08-21 00:00:00+00:00,AMZN,AMZN260821P00165000,put,False,165.0,5.3,5.45,3.59,232.8699951171875,0.39252316467285153,0.0370259995532744,0.0,1.0,430,2025-11-05 19:35:08+00:00,289.4144444444444,5.375,0.7561643835616438
2025-11-17 21:00:00+00:00,2026-08-21 00:00:00+00:00,AMZN,AMZN260821P00170000,put,False,170.0,6.1,6.25,6.1,232.8699951171875,0.3864197100830078,0.0370259995532744,0.0,1.0,1532,2025-11-11 17:23:01+00:00,147.61638888888888,6.175,0.7561643835616438
2025-11-17 21:00:00+00:00,2026-08-21 00:00:00+00:00,AMZN,AMZN260821P00175000,put,False,175.0,7.0,7.15,7.35,232.8699951171875,0.3807129800415039,0.0370259995532744,0.0,2.0,507,2025-11-17 15:23:22+00:00,5.610555555555556,7.075,0.7561643835616438
2025-11-17 21:00:00+00:00,2026-08-21 00:00:00+00:00,AMZN,AMZN260821P00180000,put,False,180.0,8.0,8.15,8.4,232.8699951171875,0.37518935363769534,0.0370259995532744,0.0,1.0,2170,2025-11-17 15:10:32+00:00,5.8244444444444445,8.075,0.7561643835616438
2025-11-17 21:00:00+00:00,2026-08-21 00:00:00+00:00,AMZN,AMZN260821P00185000,put,False,185.0,9.05,9.25,8.57,232.8699951171875,0.3697877963256836,0.0370259995532744,0.0,2.0,210,2025-11-14 18:10:33+00:00,74.82416666666667,9.15,0.7561643835616438
2025-11-17 21:00:00+00:00,2026-08-21 00:00:00+00:00,AMZN,AMZN260821P00190000,put,False,190.0,10.3,10.45,10.38,232.8699951171875,0.3643252044677735,0.0370259995532744,0.0,25.0,859,2025-11-17 19:30:17+00:00,1.4952777777777777,10.375,0.7561643835616438
2025-11-17 21:00:00+00:00,2026-08-21 00:00:00+00:00,AMZN,AMZN260821P00195000,put,False,195.0,11.65,11.8,12.5,232.8699951171875,0.3595645098876953,0.0370259995532744,0.0,1.0,1143,2025-11-17 15:57:49+00:00,5.036388888888889,11.725000000000001,0.7561643835616438
2025-11-17 21:00:00+00:00,2026-08-21 00:00:00+00:00,AMZN,AMZN260821P00200000,put,False,200.0,13.1,13.3,13.03,232.8699951171875,0.3553226089477538,0.0370259995532744,0.0,26.0,2420,2025-11-17 15:19:31+00:00,5.674722222222222,13.2,0.7561643835616438
2025-11-17 21:00:00+00:00,2026-08-21 00:00:00+00:00,AMZN,AMZN260821P00205000,put,False,205.0,14.7,14.85,15.7,232.8699951171875,0.34998208618164056,0.0370259995532744,0.0,1.0,757,2025-11-14 18:10:33+00:00,74.82416666666667,14.774999999999999,0.7561643835616438
2025-11-17 21:00:00+00:00,2026-08-21 00:00:00+00:00,AMZN,AMZN260821P00210000,put,False,210.0,16.45,16.6,17.26,232.8699951171875,0.34577070251464836,0.0370259995532744,0.0,1.0,881,2025-11-17 15:04:32+00:00,5.924444444444444,16.525,0.7561643835616438
2025-11-17 21:00:00+00:00,2026-08-21 00:00:00+00:00,AMZN,AMZN260821P00215000,put,False,215.0,18.3,18.45,17.75,232.8699951171875,0.34113207702636716,0.0370259995532744,0.0,3.0,796,2025-11-14 20:43:03+00:00,72.2825,18.375,0.7561643835616438
2025-11-17 21:00:00+00:00,2026-08-21 00:00:00+00:00,AMZN,AMZN260821P00220000,put,False,220.0,20.3,20.5,19.49,232.8699951171875,0.3373479351806641,0.0370259995532744,0.0,2.0,621,2025-11-14 20:17:11+00:00,72.7136111111111,20.4,0.7561643835616438
2025-11-17 21:00:00+00:00,2026-08-21 00:00:00+00:00,AMZN,AMZN260821P00225000,put,False,225.0,22.45,22.65,22.52,232.8699951171875,0.3331060342407227,0.0370259995532744,0.0,28.0,980,2025-11-17 17:44:47+00:00,3.2536111111111112,22.549999999999997,0.7561643835616438
2025-11-17 21:00:00+00:00,2026-08-21 00:00:00+00:00,AMZN,AMZN260821P00230000,put,False,230.0,24.7,25.05,25.2,232.8699951171875,0.3302374105834961,0.0370259995532744,0.0,160.0,1204,2025-11-17 19:24:46+00:00,1.5872222222222223,24.875,0.7561643835616438
2025-11-17 21:00:00+00:00,2026-08-21 00:00:00+00:00,AMZN,AMZN260821P00235000,put,True,235.0,27.1,27.35,27.85,232.8699951171875,0.32434757690429683,0.0370259995532744,0.0,4.0,276,2025-11-17 15:12:57+00:00,5.784166666666667,27.225,0.7561643835616438
2025-11-17 21:00:00+00:00,2026-08-21 00:00:00+00:00,AMZN,AMZN260821P00240000,put,True,240.0,29.7,29.95,29.95,232.8699951171875,0.3204108486938476,0.0370259995532744,0.0,5.0,406,2025-11-14 15:03:21+00:00,77.94416666666666,29.825,0.7561643835616438
2025-11-17 21:00:00+00:00,2026-08-21 00:00:00+00:00,AMZN,AMZN260821P00245000,put,True,245.0,32.4,32.65,30.2,232.8699951171875,0.3159858441162109,0.0370259995532744,0.0,35.0,254,2025-11-13 20:52:39+00:00,96.1225,32.525,0.7561643835616438
2025-11-17 21:00:00+00:00,2026-08-21 00:00:00+00:00,AMZN,AMZN260821P00250000,put,True,250.0,35.25,35.55,36.35,232.8699951171875,0.31223221954345703,0.0370259995532744,0.0,2.0,46,2025-11-13 20:01:13+00:00,96.97972222222222,35.4,0.7561643835616438
2025-11-17 21:00:00+00:00,2026-08-21 00:00:00+00:00,AMZN,AMZN260821P00255000,put,True,255.0,38.2,39.0,30.25,232.8699951171875,0.31366653137207035,0.0370259995532744,0.0,16.0,82,2025-11-10 18:21:31+00:00,170.64138888888888,38.6,0.7561643835616438
2025-11-17 21:00:00+00:00,2026-08-21 00:00:00+00:00,AMZN,AMZN260821P00260000,put,True,260.0,40.75,41.65,32.95,232.8699951171875,0.3031991067504882,0.0370259995532744,0.0,4.0,44,2025-11-10 18:21:28+00:00,170.64222222222222,41.2,0.7561643835616438
2025-11-17 21:00:00+00:00,2026-08-21 00:00:00+00:00,AMZN,AMZN260821P00265000,put,True,265.0,44.6,44.95,35.9,232.8699951171875,0.29920134399414056,0.0370259995532744,0.0,2.0,163,2025-11-10 15:26:49+00:00,173.55305555555555,44.775000000000006,0.7561643835616438
2025-11-17 21:00:00+00:00,2026-08-21 00:00:00+00:00,AMZN,AMZN260821P00270000,put,True,270.0,48.0,48.3,41.65,232.8699951171875,0.2940439248657226,0.0370259995532744,0.0,2.0,562,2025-11-06 17:26:42+00:00,267.555,48.15,0.7561643835616438
2025-11-17 21:00:00+00:00,2026-08-21 00:00:00+00:00,AMZN,AMZN260821P00275000,put,True,275.0,51.45,51.9,42.05,232.8699951171875,0.2904428866577148,0.0370259995532744,0.0,5.0,23,2025-11-05 15:21:16+00:00,293.6455555555556,51.675,0.7561643835616438
2025-11-17 21:00:00+00:00,2026-08-21 00:00:00+00:00,AMZN,AMZN260821P00280000,put,True,280.0,55.15,55.55,45.49,232.8699951171875,0.2857127093505859,0.0370259995532744,0.0,2.0,224,2025-11-11 17:12:25+00:00,147.79305555555555,55.349999999999994,0.7561643835616438
2025-11-17 21:00:00+00:00,2026-08-21 00:00:00+00:00,AMZN,AMZN260821P00285000,put,True,285.0,58.8,59.3,49.46,232.8699951171875,0.2805247729492187,0.0370259995532744,0.0,7.0,14,2025-10-31 17:44:49+00:00,411.25305555555553,59.05,0.7561643835616438
2025-11-17 21:00:00+00:00,2026-08-21 00:00:00+00:00,AMZN,AMZN260821P00290000,put,True,290.0,62.75,63.2,53.46,232.8699951171875,0.2757030438232422,0.0370259995532744,0.0,8.0,18,2025-10-31 17:41:34+00:00,411.3072222222222,62.975,0.7561643835616438
2025-11-17 21:00:00+00:00,2026-08-21 00:00:00+00:00,AMZN,AMZN260821P00295000,put,True,295.0,66.7,67.45,53.68,232.8699951171875,0.27506218109130853,0.0370259995532744,0.0,2.0,18,2025-11-04 17:03:00+00:00,315.95,67.075,0.7561643835616438
2025-11-17 21:00:00+00:00,2026-08-21 00:00:00+00:00,AMZN,AMZN260821P00300000,put,True,300.0,70.8,71.55,66.0,232.8699951171875,0.2699047619628906,0.0370259995532744,0.0,2.0,56,2025-11-07 16:18:53+00:00,244.68527777777777,71.175,0.7561643835616438
2025-11-17 21:00:00+00:00,2026-08-21 00:00:00+00:00,AMZN,AMZN260821P00305000,put,True,305.0,75.05,75.5,58.55,232.8699951171875,0.2591016473388672,0.0370259995532744,0.0,6.0,68,2025-11-03 15:25:37+00:00,341.5730555555556,75.275,0.7561643835616438
2025-11-17 21:00:00+00:00,2026-08-21 00:00:00+00:00,AMZN,AMZN260821P00310000,put,True,310.0,79.3,79.85,66.65,232.8699951171875,0.2541578491210938,0.0370259995532744,0.0,10.0,31,2025-11-06 14:53:15+00:00,270.1125,79.57499999999999,0.7561643835616438
2025-11-17 21:00:00+00:00,2026-08-21 00:00:00+00:00,AMZN,AMZN260821P00315000,put,True,315.0,83.7,84.5,66.2,232.8699951171875,0.2548292291259766,0.0370259995532744,0.0,3.0,8,2025-11-03 15:24:49+00:00,341.5863888888889,84.1,0.7561643835616438
2025-11-17 21:00:00+00:00,2026-08-21 00:00:00+00:00,AMZN,AMZN260821P00320000,put,True,320.0,88.15,88.7,94.05,232.8699951171875,0.24005886901855467,0.0370259995532744,0.0,2.0,2,2025-10-27 15:41:01+00:00,509.31638888888887,88.42500000000001,0.7561643835616438
2025-11-17 21:00:00+00:00,2026-08-21 00:00:00+00:00,AMZN,AMZN260821P00325000,put,True,325.0,92.8,93.6,80.4,232.8699951171875,0.2452468054199219,0.0370259995532744,0.0,10.0,7,2025-10-31 14:17:14+00:00,414.7127777777778,93.19999999999999,0.7561643835616438
2025-11-17 21:00:00+00:00,2026-08-21 00:00:00+00:00,AMZN,AMZN260821P00335000,put,True,335.0,102.2,102.9,80.9,232.8699951171875,0.231452998046875,0.0370259995532744,0.0,5.0,6,2025-11-03 14:35:43+00:00,342.40472222222223,102.55000000000001,0.7561643835616438
2025-11-17 21:00:00+00:00,2026-08-21 00:00:00+00:00,AMZN,AMZN260821P00340000,put,True,340.0,105.6,109.3,94.87,232.8699951171875,0.29358616577148433,0.0370259995532744,0.0,2.0,0,2025-10-31 17:10:47+00:00,411.8202777777778,107.44999999999999,0.7561643835616438
2025-11-17 21:00:00+00:00,2026-08-21 00:00:00+00:00,AMZN,AMZN260821P00350000,put,True,350.0,115.65,119.1,101.55,232.8699951171875,0.30335169311523436,0.0370259995532744,0.0,15.0,15,2025-11-06 14:53:15+00:00,270.1125,117.375,0.7561643835616438
2025-11-17 21:00:00+00:00,2026-09-18 00:00:00+00:00,AMZN,AMZN260918C00105000,call,True,105.0,132.0,134.45,125.35,232.8699951171875,0.7160062579345703,0.0370259995532744,0.0,7.0,53,2025-10-30 18:40:26+00:00,434.3261111111111,133.225,0.8328767123287671
2025-11-17 21:00:00+00:00,2026-09-18 00:00:00+00:00,AMZN,AMZN260918C00110000,call,True,110.0,127.35,129.6,131.14,232.8699951171875,0.6898224377441409,0.0370259995532744,0.0,1.0,29,2025-11-14 15:05:54+00:00,77.90166666666667,128.475,0.8328767123287671
2025-11-17 21:00:00+00:00,2026-09-18 00:00:00+00:00,AMZN,AMZN260918C00115000,call,True,115.0,122.7,125.0,130.6,232.8699951171875,0.6687044848632814,0.0370259995532744,0.0,1.0,16,2025-11-07 14:38:10+00:00,246.36388888888888,123.85,0.8328767123287671
2025-11-17 21:00:00+00:00,2026-09-18 00:00:00+00:00,AMZN,AMZN260918C00120000,call,True,120.0,118.1,120.4,137.4,232.8699951171875,0.6485630847167969,0.0370259995532744,0.0,6.0,157,2025-11-04 14:30:52+00:00,318.48555555555555,119.25,0.8328767123287671
2025-11-17 21:00:00+00:00,2026-09-18 00:00:00+00:00,AMZN,AMZN260918C00125000,call,True,125.0,113.55,115.8,137.17,232.8699951171875,0.6292151336669922,0.0370259995532744,0.0,5.0,40,2025-11-03 17:31:17+00:00,339.4786111111111,114.675,0.8328767123287671
2025-11-17 21:00:00+00:00,2026-09-18 00:00:00+00:00,AMZN,AMZN260918C00130000,call,True,130.0,109.0,111.25,129.05,232.8699951171875,0.610599597167969,0.0370259995532744,0.0,1.0,21,2025-11-04 15:45:45+00:00,317.2375,110.125,0.8328767123287671
2025-11-17 21:00:00+00:00,2026-09-18 00:00:00+00:00,AMZN,AMZN260918C00135000,call,True,135.0,104.5,106.75,120.76,232.8699951171875,0.5932352688598633,0.0370259995532744,0.0,4.0,63,2025-10-31 13:36:06+00:00,415.3983333333333,105.625,0.8328767123287671
2025-11-17 21:00:00+00:00,2026-09-18 00:00:00+00:00,AMZN,AMZN260918C00140000,call,True,140.0,100.05,102.35,98.27,232.8699951171875,0.5775188732910157,0.0370259995532744,0.0,1.0,73,2025-11-07 20:46:10+00:00,240.23055555555555,101.19999999999999,0.8328767123287671
2025-11-17 21:00:00+00:00,2026-09-18 00:00:00+00:00,AMZN,AMZN260918C00145000,call,True,145.0,96.5,97.35,96.18,232.8699951171875,0.565006791381836,0.0370259995532744,0.0,1.0,44,2025-11-17 18:23:47+00:00,2.6036111111111113,96.925,0.8328767123287671
2025-11-17 21:00:00+00:00,2026-09-18 00:00:00+00:00,AMZN,AMZN260918C00150000,call,True,150.0,92.35,93.0,89.21,232.8699951171875,0.5523116058349609,0.0370259995532744,0.0,1.0,389,2025-11-13 15:54:19+00:00,101.09472222222222,92.675,0.8328767123287671
2025-11-17 21:00:00+00:00,2026-09-18 00:00:00+00:00,AMZN,AMZN260918C00155000,call,True,155.0,88.1,88.8,90.6,232.8699951171875,0.5394333166503908,0.0370259995532744,0.0,1.0,136,2025-11-14 15:00:12+00:00,77.99666666666667,88.44999999999999,0.8328767123287671
2025-11-17 21:00:00+00:00,2026-09-18 00:00:00+00:00,AMZN,AMZN260918C00160000,call,True,160.0,83.8,85.35,85.0,232.8699951171875,0.53281106842041,0.0370259995532744,0.0,2.0,349,2025-11-17 14:33:54+00:00,6.435,84.57499999999999,0.8328767123287671
2025-11-17 21:00:00+00:00,2026-09-18 00:00:00+00:00,AMZN,AMZN260918C00165000,call,True,165.0,79.85,80.25,84.5,232.8699951171875,0.5127001855468749,0.0370259995532744,0.0,1.0,486,2025-11-13 20:23:07+00:00,96.61472222222223,80.05,0.8328767123287671
2025-11-17 21:00:00+00:00,2026-09-18 00:00:00+00:00,AMZN,AMZN260918C00170000,call,True,170.0,75.7,76.5,74.43,232.8699951171875,0.5029346582031251,0.0370259995532744,0.0,3.0,197,2025-11-17 20:11:03+00:00,0.8158333333333333,76.1,0.8328767123287671
2025-11-17 21:00:00+00:00,2026-09-18 00:00:00+00:00,AMZN,AMZN260918C00175000,call,True,175.0,71.95,72.5,72.18,232.8699951171875,0.4981739636230469,0.0370259995532744,0.0,4.0,341,2025-11-17 17:07:41+00:00,3.8719444444444444,72.225,0.8328767123287671
2025-11-17 21:00:00+00:00,2026-09-18 00:00:00+00:00,AMZN,AMZN260918C00180000,call,True,180.0,68.15,68.5,66.93,232.8699951171875,0.48553981262207035,0.0370259995532744,0.0,3.0,499,2025-11-17 19:24:20+00:00,1.5944444444444446,68.325,0.8328767123287671
2025-11-17 21:00:00+00:00,2026-09-18 00:00:00+00:00,AMZN,AMZN260918C00185000,call,True,185.0,64.45,64.95,63.05,232.8699951171875,0.4791922198486328,0.0370259995532744,0.0,10.0,197,2025-11-17 20:17:09+00:00,0.7141666666666666,64.7,0.8328767123287671
2025-11-17 21:00:00+00:00,2026-09-18 00:00:00+00:00,AMZN,AMZN260918C00190000,call,True,190.0,60.85,61.2,61.05,232.8699951171875,0.46866376068115234,0.0370259995532744,0.0,6.0,671,2025-11-17 17:28:06+00:00,3.5316666666666667,61.025000000000006,0.8328767123287671
2025-11-17 21:00:00+00:00,2026-09-18 00:00:00+00:00,AMZN,AMZN260918C00195000,call,True,195.0,57.35,57.75,56.84,232.8699951171875,0.46155323608398446,0.0370259995532744,0.0,7.0,247,2025-11-14 14:32:41+00:00,78.45527777777778,57.55,0.8328767123287671
2025-11-17 21:00:00+00:00,2026-09-18 00:00:00+00:00,AMZN,AMZN260918C00200000,call,True,200.0,54.0,54.3,52.55,232.8699951171875,0.4533135723876953,0.0370259995532744,0.0,13.0,2744,2025-11-17 19:56:10+00:00,1.0638888888888889,54.15,0.8328767123287671
2025-11-17 21:00:00+00:00,2026-09-18 00:00:00+00:00,AMZN,AMZN260918C00205000,call,True,205.0,50.75,51.1,51.0,232.8699951171875,0.44739322143554683,0.0370259995532744,0.0,10.0,423,2025-11-17 17:29:12+00:00,3.513333333333333,50.925,0.8328767123287671
2025-11-17 21:00:00+00:00,2026-09-18 00:00:00+00:00,AMZN,AMZN260918C00210000,call,True,210.0,47.6,47.95,47.65,232.8699951171875,0.4409235595703125,0.0370259995532744,0.0,7.0,559,2025-11-17 17:46:04+00:00,3.232222222222222,47.775000000000006,0.8328767123287671
2025-11-17 21:00:00+00:00,2026-09-18 00:00:00+00:00,AMZN,AMZN260918C00215000,call,True,215.0,44.6,44.95,43.25,232.8699951171875,0.4351863122558594,0.0370259995532744,0.0,14.0,1096,2025-11-17 18:56:20+00:00,2.061111111111111,44.775000000000006,0.8328767123287671
2025-11-17 21:00:00+00:00,2026-09-18 00:00:00+00:00,AMZN,AMZN260918C00220000,call,True,220.0,41.75,42.1,41.25,232.8699951171875,0.4301509622192383,0.0370259995532744,0.0,82.0,2162,2025-11-17 20:42:47+00:00,0.28694444444444445,41.925,0.8328767123287671
2025-11-17 21:00:00+00:00,2026-09-18 00:00:00+00:00,AMZN,AMZN260918C00225000,call,True,225.0,39.0,39.4,39.17,232.8699951171875,0.4257259576416016,0.0370259995532744,0.0,5.0,1406,2025-11-17 17:07:41+00:00,3.8719444444444444,39.2,0.8328767123287671
2025-11-17 21:00:00+00:00,2026-09-18 00:00:00+00:00,AMZN,AMZN260918C00230000,call,True,230.0,36.4,36.7,35.39,232.8699951171875,0.42008026214599614,0.0370259995532744,0.0,37.0,2224,2025-11-17 20:14:31+00:00,0.7580555555555556,36.55,0.8328767123287671
2025-11-17 21:00:00+00:00,2026-09-18 00:00:00+00:00,AMZN,AMZN260918C00235000,call,False,235.0,33.95,34.15,34.0,232.8699951171875,0.415044912109375,0.0370259995532744,0.0,54.0,927,2025-11-17 20:33:36+00:00,0.44,34.05,0.8328767123287671
2025-11-17 21:00:00+00:00,2026-09-18 00:00:00+00:00,AMZN,AMZN260918C00240000,call,False,240.0,31.55,31.8,31.65,232.8699951171875,0.41116921844482424,0.0370259995532744,0.0,78.0,2345,2025-11-17 20:54:19+00:00,0.09472222222222222,31.675,0.8328767123287671
2025-11-17 21:00:00+00:00,2026-09-18 00:00:00+00:00,AMZN,AMZN260918C00245000,call,False,245.0,29.2,29.55,28.85,232.8699951171875,0.40726300750732425,0.0370259995532744,0.0,11.0,982,2025-11-17 20:37:35+00:00,0.3736111111111111,29.375,0.8328767123287671
2025-11-17 21:00:00+00:00,2026-09-18 00:00:00+00:00,AMZN,AMZN260918C00250000,call,False,250.0,27.2,27.4,27.25,232.8699951171875,0.40334153793334965,0.0370259995532744,0.0,43.0,2983,2025-11-17 20:58:21+00:00,0.0275,27.299999999999997,0.8328767123287671
2025-11-17 21:00:00+00:00,2026-09-18 00:00:00+00:00,AMZN,AMZN260918C00255000,call,False,255.0,25.2,25.4,24.75,232.8699951171875,0.39999989654541024,0.0370259995532744,0.0,62.0,970,2025-11-17 20:35:52+00:00,0.4022222222222222,25.299999999999997,0.8328767123287671
2025-11-17 21:00:00+00:00,2026-09-18 00:00:00+00:00,AMZN,AMZN260918C00260000,call,False,260.0,23.35,23.55,22.95,232.8699951171875,0.3972533419799804,0.0370259995532744,0.0,29.0,5076,2025-11-17 20:34:57+00:00,0.4175,23.450000000000003,0.8328767123287671
2025-11-17 21:00:00+00:00,2026-09-18 00:00:00+00:00,AMZN,AMZN260918C00265000,call,False,265.0,21.55,21.75,21.2,232.8699951171875,0.3939269592285156,0.0370259995532744,0.0,31.0,1156,2025-11-17 20:34:11+00:00,0.43027777777777776,21.65,0.8328767123287671
2025-11-17 21:00:00+00:00,2026-09-18 00:00:00+00:00,AMZN,AMZN260918C00270000,call,False,270.0,19.9,20.1,19.6,232.8699951171875,0.3912719564819336,0.0370259995532744,0.0,16.0,2163,2025-11-17 20:37:10+00:00,0.38055555555555554,20.0,0.8328767123287671
2025-11-17 21:00:00+00:00,2026-09-18 00:00:00+00:00,AMZN,AMZN260918C00275000,call,False,275.0,18.35,18.55,18.1,232.8699951171875,0.3887085055541992,0.0370259995532744,0.0,3.0,1840,2025-11-17 20:36:00+00:00,0.4,18.450000000000003,0.8328767123287671
2025-11-17 21:00:00+00:00,2026-09-18 00:00:00+00:00,AMZN,AMZN260918C00280000,call,False,280.0,16.95,17.1,17.2,232.8699951171875,0.3862976409912109,0.0370259995532744,0.0,12.0,2168,2025-11-17 16:51:00+00:00,4.15,17.025,0.8328767123287671
2025-11-17 21:00:00+00:00,2026-09-18 00:00:00+00:00,AMZN,AMZN260918C00285000,call,False,285.0,15.6,15.8,15.2,232.8699951171875,0.38468022552490233,0.0370259995532744,0.0,6.0,941,2025-11-14 19:31:46+00:00,73.47055555555555,15.7,0.8328767123287671
2025-11-17 21:00:00+00:00,2026-09-18 00:00:00+00:00,AMZN,AMZN260918C00290000,call,False,290.0,14.35,14.55,13.87,232.8699951171875,0.38268134414672844,0.0370259995532744,0.0,23.0,3899,2025-11-17 20:11:03+00:00,0.8158333333333333,14.45,0.8328767123287671
2025-11-17 21:00:00+00:00,2026-09-18 00:00:00+00:00,AMZN,AMZN260918C00295000,call,False,295.0,13.2,13.4,13.17,232.8699951171875,0.3809571182250976,0.0370259995532744,0.0,8.0,1502,2025-11-17 18:09:58+00:00,2.8338888888888887,13.3,0.8328767123287671
2025-11-17 21:00:00+00:00,2026-09-18 00:00:00+00:00,AMZN,AMZN260918C00300000,call,False,300.0,12.15,12.3,11.7,232.8699951171875,0.3789124609375,0.0370259995532744,0.0,37.0,4062,2025-11-17 20:11:45+00:00,0.8041666666666667,12.225000000000001,0.8328767123287671
2025-11-17 21:00:00+00:00,2026-09-18 00:00:00+00:00,AMZN,AMZN260918C00305000,call,False,305.0,11.15,11.35,11.16,232.8699951171875,0.3779664254760742,0.0370259995532744,0.0,6.0,86,2025-11-14 18:50:08+00:00,74.16444444444444,11.25,0.8328767123287671
2025-11-17 21:00:00+00:00,2026-09-18 00:00:00+00:00,AMZN,AMZN260918C00310000,call,False,310.0,10.25,10.45,9.9,232.8699951171875,0.37683728637695313,0.0370259995532744,0.0,17.0,733,2025-11-17 19:15:53+00:00,1.7352777777777777,10.35,0.8328767123287671
2025-11-17 21:00:00+00:00,2026-09-18 00:00:00+00:00,AMZN,AMZN260918C00315000,call,False,315.0,9.45,9.6,9.11,232.8699951171875,0.3754945263671875,0.0370259995532744,0.0,10.0,72,2025-11-13 20:54:52+00:00,96.08555555555556,9.524999999999999,0.8328767123287671
2025-11-17 21:00:00+00:00,2026-09-18 00:00:00+00:00,AMZN,AMZN260918C00320000,call,False,320.0,8.7,8.85,8.4,232.8699951171875,0.3748231463623046,0.0370259995532744,0.0,11.0,1100,2025-11-17 19:17:10+00:00,1.7138888888888888,8.774999999999999,0.8328767123287671
2025-11-17 21:00:00+00:00,2026-09-18 00:00:00+00:00,AMZN,AMZN260918C00325000,call,False,325.0,8.0,8.15,7.95,232.8699951171875,0.3740907318115234,0.0370259995532744,0.0,2.0,105,2025-11-17 20:46:55+00:00,0.21805555555555556,8.075,0.8328767123287671
2025-11-17 21:00:00+00:00,2026-09-18 00:00:00+00:00,AMZN,AMZN260918C00330000,call,False,330.0,7.35,7.5,8.7,232.8699951171875,0.3733583172607422,0.0370259995532744,0.0,18.0,1409,2025-11-13 20:49:04+00:00,96.18222222222222,7.425,0.8328767123287671
2025-11-17 21:00:00+00:00,2026-09-18 00:00:00+00:00,AMZN,AMZN260918C00340000,call,False,340.0,6.2,6.4,6.25,232.8699951171875,0.37305314453125,0.0370259995532744,0.0,1.0,386,2025-11-17 14:50:37+00:00,6.1563888888888885,6.300000000000001,0.8328767123287671
2025-11-17 21:00:00+00:00,2026-09-18 00:00:00+00:00,AMZN,AMZN260918C00350000,call,False,350.0,5.3,5.45,5.16,232.8699951171875,0.3726869372558594,0.0370259995532744,0.0,91.0,3029,2025-11-17 18:38:00+00:00,2.3666666666666667,5.375,0.8328767123287671
2025-11-17 21:00:00+00:00,2026-09-18 00:00:00+00:00,AMZN,AMZN260918C00360000,call,False,360.0,4.5,4.7,5.37,232.8699951171875,0.3736940072631836,0.0370259995532744,0.0,25.0,38,2025-11-13 20:51:21+00:00,96.14416666666666,4.6,0.8328767123287671
2025-11-17 21:00:00+00:00,2026-09-18 00:00:00+00:00,AMZN,AMZN260918C00370000,call,False,370.0,3.9,4.0,4.0,232.8699951171875,0.3733583172607422,0.0370259995532744,0.0,3.0,131,2025-11-17 16:38:13+00:00,4.3630555555555555,3.95,0.8328767123287671
2025-11-17 21:00:00+00:00,2026-09-18 00:00:00+00:00,AMZN,AMZN260918P00105000,put,False,105.0,0.93,0.99,0.9,232.8699951171875,0.4859670544433594,0.0370259995532744,0.0,20.0,515,2025-11-14 20:30:14+00:00,72.4961111111111,0.96,0.8328767123287671
2025-11-17 21:00:00+00:00,2026-09-18 00:00:00+00:00,AMZN,AMZN260918P00110000,put,False,110.0,1.09,1.17,1.18,232.8699951171875,0.47522497436523436,0.0370259995532744,0.0,1.0,82,2025-11-10 16:10:49+00:00,172.81972222222223,1.13,0.8328767123287671
2025-11-17 21:00:00+00:00,2026-09-18 00:00:00+00:00,AMZN,AMZN260918P00115000,put,False,115.0,1.29,1.37,1.21,232.8699951171875,0.4644828942871094,0.0370259995532744,0.0,1.0,94,2025-11-14 17:16:32+00:00,75.72444444444444,1.33,0.8328767123287671
2025-11-17 21:00:00+00:00,2026-09-18 00:00:00+00:00,AMZN,AMZN260918P00120000,put,False,120.0,1.51,1.58,1.59,232.8699951171875,0.45300839965820316,0.0370259995532744,0.0,3.0,41,2025-11-06 15:36:56+00:00,269.38444444444445,1.545,0.8328767123287671
2025-11-17 21:00:00+00:00,2026-09-18 00:00:00+00:00,AMZN,AMZN260918P00125000,put,False,125.0,1.76,1.95,1.82,232.8699951171875,0.44910218872070307,0.0370259995532744,0.0,1.0,169,2025-11-14 14:37:03+00:00,78.3825,1.855,0.8328767123287671
2025-11-17 21:00:00+00:00,2026-09-18 00:00:00+00:00,AMZN,AMZN260918P00130000,put,False,130.0,2.08,2.13,1.64,232.8699951171875,0.4336604486083985,0.0370259995532744,0.0,1.0,446,2025-11-12 17:09:29+00:00,123.84194444444445,2.105,0.8328767123287671
2025-11-17 21:00:00+00:00,2026-09-18 00:00:00+00:00,AMZN,AMZN260918P00135000,put,False,135.0,2.42,2.48,2.53,232.8699951171875,0.42529871582031253,0.0370259995532744,0.0,2.0,720,2025-11-10 16:23:09+00:00,172.61416666666668,2.45,0.8328767123287671
2025-11-17 21:00:00+00:00,2026-09-18 00:00:00+00:00,AMZN,AMZN260918P00140000,put,False,140.0,2.82,2.87,2.25,232.8699951171875,0.41699801757812494,0.0370259995532744,0.0,1.0,2484,2025-11-07 20:52:51+00:00,240.11916666666667,2.8449999999999998,0.8328767123287671
2025-11-17 21:00:00+00:00,2026-09-18 00:00:00+00:00,AMZN,AMZN260918P00145000,put,False,145.0,3.25,3.35,3.4,232.8699951171875,0.4102842175292969,0.0370259995532744,0.0,1.0,439,2025-11-14 17:16:27+00:00,75.72583333333333,3.3,0.8328767123287671
2025-11-17 21:00:00+00:00,2026-09-18 00:00:00+00:00,AMZN,AMZN260918P00150000,put,False,150.0,3.75,3.85,3.87,232.8699951171875,0.40253283020019537,0.0370259995532744,0.0,12.0,2131,2025-11-17 16:09:10+00:00,4.847222222222222,3.8,0.8328767123287671
2025-11-17 21:00:00+00:00,2026-09-18 00:00:00+00:00,AMZN,AMZN260918P00155000,put,False,155.0,4.35,4.45,4.56,232.8699951171875,0.3961242028808594,0.0370259995532744,0.0,2.0,1919,2025-11-17 15:04:32+00:00,5.924444444444444,4.4,0.8328767123287671
2025-11-17 21:00:00+00:00,2026-09-18 00:00:00+00:00,AMZN,AMZN260918P00160000,put,False,160.0,5.0,5.15,5.22,232.8699951171875,0.39063109375,0.0370259995532744,0.0,20.0,4294,2025-11-17 18:20:26+00:00,2.6594444444444445,5.075,0.8328767123287671
2025-11-17 21:00:00+00:00,2026-09-18 00:00:00+00:00,AMZN,AMZN260918P00165000,put,False,165.0,5.75,5.9,5.45,232.8699951171875,0.3845276391601562,0.0370259995532744,0.0,7.0,3334,2025-11-14 18:12:40+00:00,74.78888888888889,5.825,0.8328767123287671
2025-11-17 21:00:00+00:00,2026-09-18 00:00:00+00:00,AMZN,AMZN260918P00170000,put,False,170.0,6.6,6.75,6.87,232.8699951171875,0.3789429782104492,0.0370259995532744,0.0,5.0,5459,2025-11-17 20:22:05+00:00,0.6319444444444444,6.675,0.8328767123287671
2025-11-17 21:00:00+00:00,2026-09-18 00:00:00+00:00,AMZN,AMZN260918P00175000,put,False,175.0,7.55,7.7,8.1,232.8699951171875,0.3736940072631836,0.0370259995532744,0.0,6.0,3584,2025-11-17 15:56:57+00:00,5.050833333333333,7.625,0.8328767123287671
2025-11-17 21:00:00+00:00,2026-09-18 00:00:00+00:00,AMZN,AMZN260918P00180000,put,False,180.0,8.6,8.75,9.1,232.8699951171875,0.3685976226806641,0.0370259995532744,0.0,17.0,5443,2025-11-17 15:20:44+00:00,5.654444444444445,8.675,0.8328767123287671
2025-11-17 21:00:00+00:00,2026-09-18 00:00:00+00:00,AMZN,AMZN260918P00185000,put,False,185.0,9.75,9.9,9.95,232.8699951171875,0.3635317553710938,0.0370259995532744,0.0,2.0,1807,2025-11-17 18:23:29+00:00,2.608611111111111,9.825,0.8328767123287671
2025-11-17 21:00:00+00:00,2026-09-18 00:00:00+00:00,AMZN,AMZN260918P00190000,put,False,190.0,11.0,11.15,11.08,232.8699951171875,0.35846588806152346,0.0370259995532744,0.0,50.0,4743,2025-11-17 20:56:29+00:00,0.058611111111111114,11.075,0.8328767123287671
2025-11-17 21:00:00+00:00,2026-09-18 00:00:00+00:00,AMZN,AMZN260918P00195000,put,False,195.0,12.4,12.55,12.46,232.8699951171875,0.35407140075683585,0.0370259995532744,0.0,26.0,4202,2025-11-17 18:57:17+00:00,2.0452777777777778,12.475000000000001,0.8328767123287671
2025-11-17 21:00:00+00:00,2026-09-18 00:00:00+00:00,AMZN,AMZN260918P00200000,put,False,200.0,13.85,14.05,14.75,232.8699951171875,0.3494632925415039,0.0370259995532744,0.0,12.0,4328,2025-11-17 15:56:55+00:00,5.051388888888889,13.95,0.8328767123287671
2025-11-17 21:00:00+00:00,2026-09-18 00:00:00+00:00,AMZN,AMZN260918P00205000,put,False,205.0,15.5,15.65,15.93,232.8699951171875,0.3446110461425781,0.0370259995532744,0.0,4.0,1495,2025-11-17 20:28:23+00:00,0.5269444444444444,15.575,0.8328767123287671
2025-11-17 21:00:00+00:00,2026-09-18 00:00:00+00:00,AMZN,AMZN260918P00210000,put,False,210.0,17.25,17.45,17.39,232.8699951171875,0.340826904296875,0.0370259995532744,0.0,10.0,2701,2025-11-17 19:36:59+00:00,1.3836111111111111,17.35,0.8328767123287671
2025-11-17 21:00:00+00:00,2026-09-18 00:00:00+00:00,AMZN,AMZN260918P00215000,put,False,215.0,19.15,19.35,19.55,232.8699951171875,0.3366460379028321,0.0370259995532744,0.0,3.0,2787,2025-11-17 20:32:40+00:00,0.45555555555555555,19.25,0.8328767123287671
2025-11-17 21:00:00+00:00,2026-09-18 00:00:00+00:00,AMZN,AMZN260918P00220000,put,False,220.0,21.2,21.4,22.5,232.8699951171875,0.3327398269653321,0.0370259995532744,0.0,7.0,4488,2025-11-17 16:09:10+00:00,4.847222222222222,21.299999999999997,0.8328767123287671
2025-11-17 21:00:00+00:00,2026-09-18 00:00:00+00:00,AMZN,AMZN260918P00225000,put,False,225.0,23.3,23.55,24.5,232.8699951171875,0.3284368914794922,0.0370259995532744,0.0,1.0,2034,2025-11-17 15:15:21+00:00,5.744166666666667,23.425,0.8328767123287671
2025-11-17 21:00:00+00:00,2026-09-18 00:00:00+00:00,AMZN,AMZN260918P00230000,put,False,230.0,25.65,25.85,26.15,232.8699951171875,0.3243170596313476,0.0370259995532744,0.0,3.0,1835,2025-11-14 20:51:04+00:00,72.14888888888889,25.75,0.8328767123287671
2025-11-17 21:00:00+00:00,2026-09-18 00:00:00+00:00,AMZN,AMZN260918P00235000,put,True,235.0,28.05,28.3,28.3,232.8699951171875,0.32034981414794916,0.0370259995532744,0.0,6.0,3046,2025-11-17 20:48:22+00:00,0.1938888888888889,28.175,0.8328767123287671
2025-11-17 21:00:00+00:00,2026-09-18 00:00:00+00:00,AMZN,AMZN260918P00240000,put,True,240.0,30.6,30.85,31.25,232.8699951171875,0.3159858441162109,0.0370259995532744,0.0,7.0,1009,2025-11-17 20:34:38+00:00,0.42277777777777775,30.725,0.8328767123287671
2025-11-17 21:00:00+00:00,2026-09-18 00:00:00+00:00,AMZN,AMZN260918P00245000,put,True,245.0,33.3,33.6,31.83,232.8699951171875,0.3123237713623046,0.0370259995532744,0.0,5.0,1363,2025-11-14 19:21:01+00:00,73.64972222222222,33.45,0.8328767123287671
2025-11-17 21:00:00+00:00,2026-09-18 00:00:00+00:00,AMZN,AMZN260918P00250000,put,True,250.0,36.1,36.45,36.4,232.8699951171875,0.308249715423584,0.0370259995532744,0.0,21.0,1418,2025-11-17 20:45:53+00:00,0.23527777777777778,36.275000000000006,0.8328767123287671
2025-11-17 21:00:00+00:00,2026-09-18 00:00:00+00:00,AMZN,AMZN260918P00255000,put,True,255.0,39.1,39.45,39.85,232.8699951171875,0.3043282458496094,0.0370259995532744,0.0,20.0,495,2025-11-17 16:27:40+00:00,4.538888888888889,39.275000000000006,0.8328767123287671
2025-11-17 21:00:00+00:00,2026-09-18 00:00:00+00:00,AMZN,AMZN260918P00260000,put,True,260.0,42.2,42.55,40.72,232.8699951171875,0.2999795344543457,0.0370259995532744,0.0,8.0,151,2025-11-14 20:06:27+00:00,72.8925,42.375,0.8328767123287671
2025-11-17 21:00:00+00:00,2026-09-18 00:00:00+00:00,AMZN,AMZN260918P00265000,put,True,265.0,45.45,45.8,42.2,232.8699951171875,0.2958139266967773,0.0370259995532744,0.0,8.0,131,2025-11-13 18:23:37+00:00,98.60638888888889,45.625,0.8328767123287671
2025-11-17 21:00:00+00:00,2026-09-18 00:00:00+00:00,AMZN,AMZN260918P00270000,put,True,270.0,48.8,49.15,47.7,232.8699951171875,0.29123633575439445,0.0370259995532744,0.0,4.0,1482,2025-11-14 15:04:50+00:00,77.91944444444445,48.974999999999994,0.8328767123287671
2025-11-17 21:00:00+00:00,2026-09-18 00:00:00+00:00,AMZN,AMZN260918P00275000,put,True,275.0,52.3,52.65,44.42,232.8699951171875,0.2869028829956054,0.0370259995532744,0.0,2.0,65,2025-11-12 18:11:45+00:00,122.80416666666666,52.474999999999994,0.8328767123287671
2025-11-17 21:00:00+00:00,2026-09-18 00:00:00+00:00,AMZN,AMZN260918P00280000,put,True,280.0,55.8,56.3,48.26,232.8699951171875,0.2828746029663085,0.0370259995532744,0.0,1.0,229,2025-11-12 16:40:42+00:00,124.32166666666667,56.05,0.8328767123287671
2025-11-17 21:00:00+00:00,2026-09-18 00:00:00+00:00,AMZN,AMZN260918P00285000,put,True,285.0,58.25,60.05,48.6,232.8699951171875,0.27854115020751957,0.0370259995532744,0.0,4.0,78,2025-11-04 18:46:49+00:00,314.21972222222223,59.15,0.8328767123287671
2025-11-17 21:00:00+00:00,2026-09-18 00:00:00+00:00,AMZN,AMZN260918P00290000,put,True,290.0,63.45,63.9,52.15,232.8699951171875,0.27390252471923826,0.0370259995532744,0.0,2.0,136,2025-11-04 19:09:34+00:00,313.84055555555557,63.675,0.8328767123287671
2025-11-17 21:00:00+00:00,2026-09-18 00:00:00+00:00,AMZN,AMZN260918P00295000,put,True,295.0,67.25,67.85,51.83,232.8699951171875,0.26892820922851557,0.0370259995532744,0.0,18.0,51,2025-11-03 19:15:50+00:00,337.7361111111111,67.55,0.8328767123287671
2025-11-17 21:00:00+00:00,2026-09-18 00:00:00+00:00,AMZN,AMZN260918P00300000,put,True,300.0,71.3,71.9,61.99,232.8699951171875,0.2637097555541992,0.0370259995532744,0.0,1.0,83,2025-11-12 18:11:45+00:00,122.80416666666666,71.6,0.8328767123287671
2025-11-17 21:00:00+00:00,2026-09-18 00:00:00+00:00,AMZN,AMZN260918P00305000,put,True,305.0,75.5,76.3,59.18,232.8699951171875,0.2631299273681641,0.0370259995532744,0.0,13.0,20,2025-11-03 19:26:13+00:00,337.56305555555554,75.9,0.8328767123287671
2025-11-17 21:00:00+00:00,2026-09-18 00:00:00+00:00,AMZN,AMZN260918P00310000,put,True,310.0,79.7,80.55,67.25,232.8699951171875,0.25797250823974616,0.0370259995532744,0.0,10.0,140,2025-11-06 14:53:16+00:00,270.1122222222222,80.125,0.8328767123287671
2025-11-17 21:00:00+00:00,2026-09-18 00:00:00+00:00,AMZN,AMZN260918P00315000,put,True,315.0,84.1,84.85,66.65,232.8699951171875,0.2516249154663086,0.0370259995532744,0.0,3.0,8,2025-11-03 15:26:56+00:00,341.5511111111111,84.475,0.8328767123287671
2025-11-17 21:00:00+00:00,2026-09-18 00:00:00+00:00,AMZN,AMZN260918P00320000,put,True,320.0,88.5,89.05,70.65,232.8699951171875,0.2395095581054687,0.0370259995532744,0.0,3.0,95,2025-11-03 15:26:25+00:00,341.5597222222222,88.775,0.8328767123287671
2025-11-17 21:00:00+00:00,2026-09-18 00:00:00+00:00,AMZN,AMZN260918P00325000,put,True,325.0,91.5,95.4,74.45,232.8699951171875,0.2828746029663085,0.0370259995532744,0.0,8.0,12,2025-11-03 18:52:03+00:00,338.1325,93.45,0.8328767123287671
2025-11-17 21:00:00+00:00,2026-09-18 00:00:00+00:00,AMZN,AMZN260918P00330000,put,True,330.0,96.5,99.55,97.95,232.8699951171875,0.270515107421875,0.0370259995532744,0.0,1.0,14,2025-11-17 14:47:47+00:00,6.203611111111111,98.025,0.8328767123287671
2025-11-17 21:00:00+00:00,2026-09-18 00:00:00+00:00,AMZN,AMZN260918P00340000,put,True,340.0,105.55,109.0,90.8,232.8699951171875,0.27069821105957037,0.0370259995532744,0.0,2.0,6,2025-11-04 17:27:08+00:00,315.54777777777775,107.275,0.8328767123287671
2025-11-17 21:00:00+00:00,2026-09-18 00:00:00+00:00,AMZN,AMZN260918P00350000,put,True,350.0,115.3,119.15,99.9,232.8699951171875,0.2907175421142577,0.0370259995532744,0.0,4.0,3,2025-11-04 17:27:18+00:00,315.545,117.225,0.8328767123287671
2025-11-17 21:00:00+00:00,2026-09-18 00:00:00+00:00,AMZN,AMZN260918P00360000,put,True,360.0,125.2,129.15,109.83,232.8699951171875,0.30548790222167965,0.0370259995532744,0.0,,6,2025-11-04 17:24:16+00:00,315.59555555555556,127.17500000000001,0.8328767123287671
2025-11-17 21:00:00+00:00,2026-09-18 00:00:00+00:00,AMZN,AMZN260918P00370000,put,True,370.0,135.35,139.15,119.45,232.8699951171875,0.31958688232421867,0.0370259995532744,0.0,,0,2025-11-04 17:24:10+00:00,315.59722222222223,137.25,0.8328767123287671
2025-11-17 21:00:00+00:00,2026-12-18 00:00:00+00:00,AMZN,AMZN261218C00085000,call,True,85.0,151.1,155.25,159.55,232.8699951171875,0.7686790710449221,0.0370259995532744,0.0,1.0,1311,2025-11-07 17:19:11+00:00,243.68027777777777,153.175,1.082191780821918
2025-11-17 21:00:00+00:00,2026-12-18 00:00:00+00:00,AMZN,AMZN261218C00090000,call,True,90.0,146.55,150.5,160.14,232.8699951171875,0.7434718035888672,0.0370259995532744,0.0,30.0,776,2025-11-07 20:54:05+00:00,240.0986111111111,148.525,1.082191780821918
2025-11-17 21:00:00+00:00,2026-12-18 00:00:00+00:00,AMZN,AMZN261218C00095000,call,True,95.0,141.95,145.9,156.9,232.8699951171875,0.720827987060547,0.0370259995532744,0.0,1.0,63,2025-11-10 16:22:00+00:00,172.63333333333333,143.925,1.082191780821918
2025-11-17 21:00:00+00:00,2026-12-18 00:00:00+00:00,AMZN,AMZN261218C00100000,call,True,100.0,138.15,141.15,138.8,232.8699951171875,0.7092924578857422,0.0370259995532744,0.0,2.0,1129,2025-11-17 20:54:24+00:00,0.09333333333333334,139.65,1.082191780821918
2025-11-17 21:00:00+00:00,2026-12-18 00:00:00+00:00,AMZN,AMZN261218C00105000,call,True,105.0,133.55,136.65,150.73,232.8699951171875,0.6884796777343751,0.0370259995532744,0.0,40.0,236,2025-11-11 19:41:36+00:00,145.30666666666667,135.10000000000002,1.082191780821918
2025-11-17 21:00:00+00:00,2026-12-18 00:00:00+00:00,AMZN,AMZN261218C00110000,call,True,110.0,129.0,131.5,141.97,232.8699951171875,0.659305164794922,0.0370259995532744,0.0,64.0,229,2025-11-12 16:02:26+00:00,124.95944444444444,130.25,1.082191780821918
2025-11-17 21:00:00+00:00,2026-12-18 00:00:00+00:00,AMZN,AMZN261218C00115000,call,True,115.0,124.5,127.0,125.65,232.8699951171875,0.6409337664794923,0.0370259995532744,0.0,2.0,126,2025-11-17 20:56:23+00:00,0.06027777777777778,125.75,1.082191780821918
2025-11-17 21:00:00+00:00,2026-12-18 00:00:00+00:00,AMZN,AMZN261218C00120000,call,True,120.0,120.0,122.5,123.5,232.8699951171875,0.6226234027099609,0.0370259995532744,0.0,5.0,243,2025-11-14 18:40:29+00:00,74.32527777777777,121.25,1.082191780821918
2025-11-17 21:00:00+00:00,2026-12-18 00:00:00+00:00,AMZN,AMZN261218C00125000,call,True,125.0,115.6,118.1,123.55,232.8699951171875,0.606845972595215,0.0370259995532744,0.0,1.0,112,2025-11-13 16:08:58+00:00,100.85055555555556,116.85,1.082191780821918
2025-11-17 21:00:00+00:00,2026-12-18 00:00:00+00:00,AMZN,AMZN261218C00130000,call,True,130.0,111.2,113.65,114.27,232.8699951171875,0.5903056106567384,0.0370259995532744,0.0,2.0,331,2025-11-14 20:31:57+00:00,72.4675,112.42500000000001,1.082191780821918
2025-11-17 21:00:00+00:00,2026-12-18 00:00:00+00:00,AMZN,AMZN261218C00135000,call,True,135.0,106.85,109.5,107.0,232.8699951171875,0.5774578387451172,0.0370259995532744,0.0,1.0,350,2025-11-17 18:51:57+00:00,2.1341666666666668,108.175,1.082191780821918
2025-11-17 21:00:00+00:00,2026-12-18 00:00:00+00:00,AMZN,AMZN261218C00140000,call,True,140.0,102.6,104.25,102.0,232.8699951171875,0.5539290213012696,0.0370259995532744,0.0,1.0,243,2025-11-17 19:17:42+00:00,1.705,103.425,1.082191780821918
2025-11-17 21:00:00+00:00,2026-12-18 00:00:00+00:00,AMZN,AMZN261218C00145000,call,True,145.0,99.4,100.05,100.0,232.8699951171875,0.5513655703735353,0.0370259995532744,0.0,1.0,383,2025-11-14 14:35:41+00:00,78.40527777777778,99.725,1.082191780821918
2025-11-17 21:00:00+00:00,2026-12-18 00:00:00+00:00,AMZN,AMZN261218C00150000,call,True,150.0,95.25,95.9,95.35,232.8699951171875,0.5390671093750001,0.0370259995532744,0.0,6.0,1286,2025-11-17 16:05:23+00:00,4.910277777777778,95.575,1.082191780821918
2025-11-17 21:00:00+00:00,2026-12-18 00:00:00+00:00,AMZN,AMZN261218C00155000,call,True,155.0,91.2,91.85,90.88,232.8699951171875,0.528050373840332,0.0370259995532744,0.0,2.0,380,2025-11-17 17:59:49+00:00,3.0030555555555556,91.525,1.082191780821918
2025-11-17 21:00:00+00:00,2026-12-18 00:00:00+00:00,AMZN,AMZN261218C00160000,call,True,160.0,86.95,87.85,86.5,232.8699951171875,0.5152026019287108,0.0370259995532744,0.0,3.0,1635,2025-11-14 20:53:40+00:00,72.10555555555555,87.4,1.082191780821918
2025-11-17 21:00:00+00:00,2026-12-18 00:00:00+00:00,AMZN,AMZN261218C00165000,call,True,165.0,83.35,83.8,81.32,232.8699951171875,0.5066577655029296,0.0370259995532744,0.0,2.0,3401,2025-11-13 20:01:46+00:00,96.97055555555555,83.57499999999999,1.082191780821918
2025-11-17 21:00:00+00:00,2026-12-18 00:00:00+00:00,AMZN,AMZN261218C00170000,call,True,170.0,79.55,80.0,78.9,232.8699951171875,0.501103621826172,0.0370259995532744,0.0,17.0,7274,2025-11-17 18:31:40+00:00,2.4722222222222223,79.775,1.082191780821918
2025-11-17 21:00:00+00:00,2026-12-18 00:00:00+00:00,AMZN,AMZN261218C00175000,call,True,175.0,75.85,76.25,74.75,232.8699951171875,0.4920094744873047,0.0370259995532744,0.0,1.0,2379,2025-11-17 19:44:55+00:00,1.2513888888888889,76.05,1.082191780821918
2025-11-17 21:00:00+00:00,2026-12-18 00:00:00+00:00,AMZN,AMZN261218C00180000,call,True,180.0,72.2,72.65,70.85,232.8699951171875,0.4842580871582032,0.0370259995532744,0.0,30.0,2573,2025-11-17 19:15:59+00:00,1.7336111111111112,72.42500000000001,1.082191780821918
2025-11-17 21:00:00+00:00,2026-12-18 00:00:00+00:00,AMZN,AMZN261218C00185000,call,True,185.0,68.65,69.15,68.2,232.8699951171875,0.4770560107421875,0.0370259995532744,0.0,13.0,1749,2025-11-17 18:31:31+00:00,2.4747222222222223,68.9,1.082191780821918
2025-11-17 21:00:00+00:00,2026-12-18 00:00:00+00:00,AMZN,AMZN261218C00190000,call,True,190.0,65.25,65.7,63.9,232.8699951171875,0.46962505477905275,0.0370259995532744,0.0,7.0,1479,2025-11-17 19:11:35+00:00,1.8069444444444445,65.475,1.082191780821918
2025-11-17 21:00:00+00:00,2026-12-18 00:00:00+00:00,AMZN,AMZN261218C00195000,call,True,195.0,61.95,62.4,62.15,232.8699951171875,0.46326220336914065,0.0370259995532744,0.0,61.0,820,2025-11-17 16:33:47+00:00,4.436944444444444,62.175,1.082191780821918
2025-11-17 21:00:00+00:00,2026-12-18 00:00:00+00:00,AMZN,AMZN261218C00200000,call,True,200.0,58.7,59.15,57.6,232.8699951171875,0.456609437866211,0.0370259995532744,0.0,200.0,4494,2025-11-17 20:20:00+00:00,0.6666666666666666,58.925,1.082191780821918
2025-11-17 21:00:00+00:00,2026-12-18 00:00:00+00:00,AMZN,AMZN261218C00205000,call,True,205.0,55.6,56.05,53.87,232.8699951171875,0.45087219055175787,0.0370259995532744,0.0,5.0,960,2025-11-17 15:03:39+00:00,5.939166666666667,55.825,1.082191780821918
2025-11-17 21:00:00+00:00,2026-12-18 00:00:00+00:00,AMZN,AMZN261218C00210000,call,True,210.0,52.6,53.05,52.0,232.8699951171875,0.44539434005737305,0.0370259995532744,0.0,10.0,1687,2025-11-17 20:00:08+00:00,0.9977777777777778,52.825,1.082191780821918
2025-11-17 21:00:00+00:00,2026-12-18 00:00:00+00:00,AMZN,AMZN261218C00215000,call,True,215.0,49.75,50.15,48.7,232.8699951171875,0.4401301104736328,0.0370259995532744,0.0,30.0,1307,2025-11-17 19:04:32+00:00,1.9244444444444444,49.95,1.082191780821918
2025-11-17 21:00:00+00:00,2026-12-18 00:00:00+00:00,AMZN,AMZN261218C00220000,call,True,220.0,46.95,47.35,46.25,232.8699951171875,0.4350947604370118,0.0370259995532744,0.0,22.0,2574,2025-11-17 20:39:27+00:00,0.3425,47.150000000000006,1.082191780821918
2025-11-17 21:00:00+00:00,2026-12-18 00:00:00+00:00,AMZN,AMZN261218C00225000,call,True,225.0,44.3,44.7,43.37,232.8699951171875,0.43076130767822274,0.0370259995532744,0.0,19.0,2434,2025-11-17 19:35:17+00:00,1.4119444444444444,44.5,1.082191780821918
2025-11-17 21:00:00+00:00,2026-12-18 00:00:00+00:00,AMZN,AMZN261218C00230000,call,True,230.0,41.75,42.15,42.0,232.8699951171875,0.4265804412841797,0.0370259995532744,0.0,92.0,2595,2025-11-17 20:47:02+00:00,0.21611111111111111,41.95,1.082191780821918
2025-11-17 21:00:00+00:00,2026-12-18 00:00:00+00:00,AMZN,AMZN261218C00235000,call,False,235.0,39.3,39.7,38.27,232.8699951171875,0.4225521612548828,0.0370259995532744,0.0,79.0,5431,2025-11-17 20:07:50+00:00,0.8694444444444445,39.5,1.082191780821918
2025-11-17 21:00:00+00:00,2026-12-18 00:00:00+00:00,AMZN,AMZN261218C00240000,call,False,240.0,37.05,37.3,36.55,232.8699951171875,0.4181424153137207,0.0370259995532744,0.0,183.0,2679,2025-11-17 20:31:55+00:00,0.46805555555555556,37.175,1.082191780821918
2025-11-17 21:00:00+00:00,2026-12-18 00:00:00+00:00,AMZN,AMZN261218C00245000,call,False,245.0,34.8,35.1,33.95,232.8699951171875,0.4149228430175781,0.0370259995532744,0.0,66.0,857,2025-11-17 19:47:02+00:00,1.2161111111111111,34.95,1.082191780821918
2025-11-17 21:00:00+00:00,2026-12-18 00:00:00+00:00,AMZN,AMZN261218C00250000,call,False,250.0,32.7,32.95,32.8,232.8699951171875,0.41132180480957037,0.0370259995532744,0.0,570.0,7447,2025-11-17 20:29:39+00:00,0.5058333333333334,32.825,1.082191780821918
2025-11-17 21:00:00+00:00,2026-12-18 00:00:00+00:00,AMZN,AMZN261218C00255000,call,False,255.0,30.5,30.95,29.95,232.8699951171875,0.4084226638793945,0.0370259995532744,0.0,32.0,1411,2025-11-17 16:03:16+00:00,4.945555555555556,30.725,1.082191780821918
2025-11-17 21:00:00+00:00,2026-12-18 00:00:00+00:00,AMZN,AMZN261218C00260000,call,False,260.0,28.75,29.05,28.1,232.8699951171875,0.4056608506774902,0.0370259995532744,0.0,136.0,1873,2025-11-17 19:33:33+00:00,1.4408333333333334,28.9,1.082191780821918
2025-11-17 21:00:00+00:00,2026-12-18 00:00:00+00:00,AMZN,AMZN261218C00265000,call,False,265.0,26.9,27.2,26.02,232.8699951171875,0.4025633474731446,0.0370259995532744,0.0,50.0,1327,2025-11-17 20:03:04+00:00,0.9488888888888889,27.049999999999997,1.082191780821918
2025-11-17 21:00:00+00:00,2026-12-18 00:00:00+00:00,AMZN,AMZN261218C00270000,call,False,270.0,25.2,25.45,24.38,232.8699951171875,0.3996794651794434,0.0370259995532744,0.0,162.0,4472,2025-11-17 19:59:23+00:00,1.0102777777777778,25.325,1.082191780821918
2025-11-17 21:00:00+00:00,2026-12-18 00:00:00+00:00,AMZN,AMZN261218C00275000,call,False,275.0,23.6,23.85,22.99,232.8699951171875,0.39752799743652345,0.0370259995532744,0.0,8.0,562,2025-11-17 15:55:33+00:00,5.074166666666667,23.725,1.082191780821918
2025-11-17 21:00:00+00:00,2026-12-18 00:00:00+00:00,AMZN,AMZN261218C00280000,call,False,280.0,22.05,22.25,22.45,232.8699951171875,0.39456782196044926,0.0370259995532744,0.0,15.0,3114,2025-11-17 15:52:45+00:00,5.120833333333334,22.15,1.082191780821918
2025-11-17 21:00:00+00:00,2026-12-18 00:00:00+00:00,AMZN,AMZN261218C00285000,call,False,285.0,20.6,20.85,19.6,232.8699951171875,0.392935147857666,0.0370259995532744,0.0,1.0,141,2025-11-17 15:04:18+00:00,5.928333333333334,20.725,1.082191780821918
2025-11-17 21:00:00+00:00,2026-12-18 00:00:00+00:00,AMZN,AMZN261218C00290000,call,False,290.0,19.2,19.45,19.15,232.8699951171875,0.39052428329467775,0.0370259995532744,0.0,37.0,2315,2025-11-17 18:46:21+00:00,2.2275,19.325,1.082191780821918
2025-11-17 21:00:00+00:00,2026-12-18 00:00:00+00:00,AMZN,AMZN261218C00295000,call,False,295.0,17.9,18.15,17.02,232.8699951171875,0.38844910873413085,0.0370259995532744,0.0,4.0,167,2025-11-17 15:17:15+00:00,5.7125,18.025,1.082191780821918
2025-11-17 21:00:00+00:00,2026-12-18 00:00:00+00:00,AMZN,AMZN261218C00300000,call,False,300.0,16.7,16.9,16.7,232.8699951171875,0.386175571899414,0.0370259995532744,0.0,38.0,6017,2025-11-17 20:52:17+00:00,0.12861111111111112,16.799999999999997,1.082191780821918
2025-11-17 21:00:00+00:00,2026-12-18 00:00:00+00:00,AMZN,AMZN261218C00305000,call,False,305.0,15.55,15.8,15.0,232.8699951171875,0.3848633291625976,0.0370259995532744,0.0,17.0,130,2025-11-17 15:27:09+00:00,5.5475,15.675,1.082191780821918
2025-11-17 21:00:00+00:00,2026-12-18 00:00:00+00:00,AMZN,AMZN261218C00310000,call,False,310.0,14.5,14.75,13.8,232.8699951171875,0.3834290173339844,0.0370259995532744,0.0,4.0,814,2025-11-17 15:27:15+00:00,5.545833333333333,14.625,1.082191780821918
2025-11-17 21:00:00+00:00,2026-12-18 00:00:00+00:00,AMZN,AMZN261218C00315000,call,False,315.0,13.55,13.75,13.68,232.8699951171875,0.3819031536865234,0.0370259995532744,0.0,3.0,1780,2025-11-14 19:55:32+00:00,73.07444444444444,13.65,1.082191780821918
2025-11-17 21:00:00+00:00,2026-12-18 00:00:00+00:00,AMZN,AMZN261218C00320000,call,False,320.0,12.6,12.8,12.6,232.8699951171875,0.38028573822021483,0.0370259995532744,0.0,36.0,2590,2025-11-17 20:52:33+00:00,0.12416666666666666,12.7,1.082191780821918
2025-11-17 21:00:00+00:00,2026-12-18 00:00:00+00:00,AMZN,AMZN261218C00325000,call,False,325.0,11.75,11.95,11.97,232.8699951171875,0.3792786682128906,0.0370259995532744,0.0,1.0,161,2025-11-17 17:25:51+00:00,3.569166666666667,11.85,1.082191780821918
2025-11-17 21:00:00+00:00,2026-12-18 00:00:00+00:00,AMZN,AMZN261218C00330000,call,False,330.0,10.9,11.1,10.9,232.8699951171875,0.37760021820068357,0.0370259995532744,0.0,105.0,309,2025-11-17 18:18:15+00:00,2.6958333333333333,11.0,1.082191780821918
2025-11-17 21:00:00+00:00,2026-12-18 00:00:00+00:00,AMZN,AMZN261218C00340000,call,False,340.0,9.45,10.0,9.1,232.8699951171875,0.38052987640380853,0.0370259995532744,0.0,6.0,428,2025-11-17 20:04:40+00:00,0.9222222222222223,9.725,1.082191780821918
2025-11-17 21:00:00+00:00,2026-12-18 00:00:00+00:00,AMZN,AMZN261218C00345000,call,False,345.0,8.8,9.05,8.99,232.8699951171875,0.3755860781860352,0.0370259995532744,0.0,13.0,322,2025-11-17 16:34:18+00:00,4.428333333333334,8.925,1.082191780821918
2025-11-17 21:00:00+00:00,2026-12-18 00:00:00+00:00,AMZN,AMZN261218C00350000,call,False,350.0,8.2,8.4,8.25,232.8699951171875,0.37424331817626955,0.0370259995532744,0.0,6.0,809,2025-11-17 18:24:48+00:00,2.5866666666666664,8.3,1.082191780821918
2025-11-17 21:00:00+00:00,2026-12-18 00:00:00+00:00,AMZN,AMZN261218C00355000,call,False,355.0,7.65,7.85,7.97,232.8699951171875,0.3737855590820312,0.0370259995532744,0.0,14.0,201,2025-11-14 20:48:34+00:00,72.19055555555556,7.75,1.082191780821918
2025-11-17 21:00:00+00:00,2026-12-18 00:00:00+00:00,AMZN,AMZN261218C00360000,call,False,360.0,7.15,7.35,7.1,232.8699951171875,0.3736024554443359,0.0370259995532744,0.0,56.0,2945,2025-11-17 20:23:53+00:00,0.6019444444444444,7.25,1.082191780821918
2025-11-17 21:00:00+00:00,2026-12-18 00:00:00+00:00,AMZN,AMZN261218C00370000,call,False,370.0,6.25,6.4,6.2,232.8699951171875,0.3725038336181641,0.0370259995532744,0.0,26.0,248,2025-11-17 17:20:52+00:00,3.652222222222222,6.325,1.082191780821918
2025-11-17 21:00:00+00:00,2026-12-18 00:00:00+00:00,AMZN,AMZN261218P00085000,put,False,85.0,0.68,0.72,0.7,232.8699951171875,0.500005,0.0370259995532744,0.0,8.0,1234,2025-11-14 17:33:22+00:00,75.44388888888889,0.7,1.082191780821918
2025-11-17 21:00:00+00:00,2026-12-18 00:00:00+00:00,AMZN,AMZN261218P00090000,put,False,90.0,0.82,0.88,0.73,232.8699951171875,0.49023947265625006,0.0370259995532744,0.0,1.0,712,2025-11-13 16:11:26+00:00,100.80944444444444,0.85,1.082191780821918
2025-11-17 21:00:00+00:00,2026-12-18 00:00:00+00:00,AMZN,AMZN261218P00095000,put,False,95.0,0.98,1.04,0.74,232.8699951171875,0.4788870471191406,0.0370259995532744,0.0,2.0,777,2025-11-10 14:33:09+00:00,174.4475,1.01,1.082191780821918
2025-11-17 21:00:00+00:00,2026-12-18 00:00:00+00:00,AMZN,AMZN261218P00100000,put,False,100.0,1.16,1.22,0.68,232.8699951171875,0.467778759765625,0.0370259995532744,0.0,3.0,2109,2025-11-03 15:16:26+00:00,341.7261111111111,1.19,1.082191780821918
2025-11-17 21:00:00+00:00,2026-12-18 00:00:00+00:00,AMZN,AMZN261218P00105000,put,False,105.0,1.36,1.43,1.2,232.8699951171875,0.45752495605468757,0.0370259995532744,0.0,185.0,2180,2025-11-07 17:05:23+00:00,243.91027777777776,1.395,1.082191780821918
2025-11-17 21:00:00+00:00,2026-12-18 00:00:00+00:00,AMZN,AMZN261218P00110000,put,False,110.0,1.61,1.67,1.65,232.8699951171875,0.44788149780273434,0.0370259995532744,0.0,1.0,5052,2025-11-17 20:41:07+00:00,0.31472222222222224,1.6400000000000001,1.082191780821918
2025-11-17 21:00:00+00:00,2026-12-18 00:00:00+00:00,AMZN,AMZN261218P00115000,put,False,115.0,1.86,1.97,1.62,232.8699951171875,0.44006907592773437,0.0370259995532744,0.0,1.0,1393,2025-11-07 18:55:08+00:00,242.0811111111111,1.915,1.082191780821918
2025-11-17 21:00:00+00:00,2026-12-18 00:00:00+00:00,AMZN,AMZN261218P00120000,put,False,120.0,2.19,2.26,1.78,232.8699951171875,0.43030354858398445,0.0370259995532744,0.0,1.0,3077,2025-11-06 20:46:22+00:00,264.2272222222222,2.2249999999999996,1.082191780821918
2025-11-17 21:00:00+00:00,2026-12-18 00:00:00+00:00,AMZN,AMZN261218P00125000,put,False,125.0,2.53,2.64,2.05,232.8699951171875,0.4231625067138671,0.0370259995532744,0.0,1.0,986,2025-11-12 19:18:25+00:00,121.69305555555556,2.585,1.082191780821918
2025-11-17 21:00:00+00:00,2026-12-18 00:00:00+00:00,AMZN,AMZN261218P00130000,put,False,130.0,2.95,3.05,3.05,232.8699951171875,0.41559422302246096,0.0370259995532744,0.0,2.0,5147,2025-11-17 16:24:43+00:00,4.588055555555556,3.0,1.082191780821918
2025-11-17 21:00:00+00:00,2026-12-18 00:00:00+00:00,AMZN,AMZN261218P00135000,put,False,135.0,3.4,3.5,3.55,232.8699951171875,0.40796490478515623,0.0370259995532744,0.0,1.0,2983,2025-11-14 14:34:11+00:00,78.43027777777777,3.45,1.082191780821918
2025-11-17 21:00:00+00:00,2026-12-18 00:00:00+00:00,AMZN,AMZN261218P00140000,put,False,140.0,3.9,4.05,3.9,232.8699951171875,0.40204455383300786,0.0370259995532744,0.0,10.0,4214,2025-11-13 16:57:12+00:00,100.04666666666667,3.9749999999999996,1.082191780821918
2025-11-17 21:00:00+00:00,2026-12-18 00:00:00+00:00,AMZN,AMZN261218P00145000,put,False,145.0,4.5,4.6,4.69,232.8699951171875,0.39465937377929694,0.0370259995532744,0.0,1.0,1721,2025-11-14 14:34:11+00:00,78.43027777777777,4.55,1.082191780821918
2025-11-17 21:00:00+00:00,2026-12-18 00:00:00+00:00,AMZN,AMZN261218P00150000,put,False,150.0,5.15,5.3,5.4,232.8699951171875,0.389654541015625,0.0370259995532744,0.0,52.0,5940,2025-11-17 15:21:57+00:00,5.634166666666666,5.225,1.082191780821918
2025-11-17 21:00:00+00:00,2026-12-18 00:00:00+00:00,AMZN,AMZN261218P00155000,put,False,155.0,5.9,6.05,6.05,232.8699951171875,0.38422246643066404,0.0370259995532744,0.0,20.0,601,2025-11-17 20:41:07+00:00,0.31472222222222224,5.975,1.082191780821918
2025-11-17 21:00:00+00:00,2026-12-18 00:00:00+00:00,AMZN,AMZN261218P00160000,put,False,160.0,6.7,6.85,7.12,232.8699951171875,0.37842418457031246,0.0370259995532744,0.0,25.0,2987,2025-11-17 15:59:20+00:00,5.011111111111111,6.775,1.082191780821918
2025-11-17 21:00:00+00:00,2026-12-18 00:00:00+00:00,AMZN,AMZN261218P00165000,put,False,165.0,7.65,7.8,8.05,232.8699951171875,0.3740907318115234,0.0370259995532744,0.0,32.0,1447,2025-11-17 15:21:21+00:00,5.644166666666667,7.725,1.082191780821918
2025-11-17 21:00:00+00:00,2026-12-18 00:00:00+00:00,AMZN,AMZN261218P00170000,put,False,170.0,8.65,8.8,8.97,232.8699951171875,0.36914693359375,0.0370259995532744,0.0,2.0,10147,2025-11-17 15:05:50+00:00,5.902777777777778,8.725000000000001,1.082191780821918
2025-11-17 21:00:00+00:00,2026-12-18 00:00:00+00:00,AMZN,AMZN261218P00175000,put,False,175.0,9.7,9.9,9.8,232.8699951171875,0.36447779083251963,0.0370259995532744,0.0,53.0,10038,2025-11-17 20:52:30+00:00,0.125,9.8,1.082191780821918
2025-11-17 21:00:00+00:00,2026-12-18 00:00:00+00:00,AMZN,AMZN261218P00180000,put,False,180.0,10.9,11.1,11.12,232.8699951171875,0.35999175170898434,0.0370259995532744,0.0,5.0,9688,2025-11-17 18:39:21+00:00,2.3441666666666667,11.0,1.082191780821918
2025-11-17 21:00:00+00:00,2026-12-18 00:00:00+00:00,AMZN,AMZN261218P00185000,put,False,185.0,12.2,12.4,12.31,232.8699951171875,0.35559726440429684,0.0370259995532744,0.0,80.0,4947,2025-11-17 18:25:09+00:00,2.5808333333333335,12.3,1.082191780821918
2025-11-17 21:00:00+00:00,2026-12-18 00:00:00+00:00,AMZN,AMZN261218P00190000,put,False,190.0,13.6,13.8,13.2,232.8699951171875,0.35120277709960934,0.0370259995532744,0.0,6.0,3395,2025-11-14 20:55:30+00:00,72.075,13.7,1.082191780821918
2025-11-17 21:00:00+00:00,2026-12-18 00:00:00+00:00,AMZN,AMZN261218P00195000,put,False,195.0,15.1,15.3,15.05,232.8699951171875,0.34683880706787107,0.0370259995532744,0.0,10.0,1785,2025-11-17 17:26:03+00:00,3.5658333333333334,15.2,1.082191780821918
2025-11-17 21:00:00+00:00,2026-12-18 00:00:00+00:00,AMZN,AMZN261218P00200000,put,False,200.0,16.75,16.95,16.87,232.8699951171875,0.3430241479492187,0.0370259995532744,0.0,316.0,4202,2025-11-17 20:53:22+00:00,0.11055555555555556,16.85,1.082191780821918
2025-11-17 21:00:00+00:00,2026-12-18 00:00:00+00:00,AMZN,AMZN261218P00205000,put,False,205.0,18.5,18.7,18.65,232.8699951171875,0.3391179370117187,0.0370259995532744,0.0,25.0,2082,2025-11-17 18:10:22+00:00,2.8272222222222223,18.6,1.082191780821918
2025-11-17 21:00:00+00:00,2026-12-18 00:00:00+00:00,AMZN,AMZN261218P00210000,put,False,210.0,20.35,20.55,20.5,232.8699951171875,0.33505913970947265,0.0370259995532744,0.0,700.0,1499,2025-11-17 18:17:54+00:00,2.7016666666666667,20.450000000000003,1.082191780821918
2025-11-17 21:00:00+00:00,2026-12-18 00:00:00+00:00,AMZN,AMZN261218P00215000,put,False,215.0,22.3,22.55,22.97,232.8699951171875,0.3314275842285156,0.0370259995532744,0.0,187.0,2232,2025-11-17 18:10:24+00:00,2.8266666666666667,22.425,1.082191780821918
2025-11-17 21:00:00+00:00,2026-12-18 00:00:00+00:00,AMZN,AMZN261218P00220000,put,False,220.0,24.4,24.65,24.3,232.8699951171875,0.3276129251098633,0.0370259995532744,0.0,31.0,2141,2025-11-17 16:38:15+00:00,4.3625,24.525,1.082191780821918
2025-11-17 21:00:00+00:00,2026-12-18 00:00:00+00:00,AMZN,AMZN261218P00225000,put,False,225.0,26.55,26.85,27.55,232.8699951171875,0.3236151623535155,0.0370259995532744,0.0,3.0,2839,2025-11-17 15:23:11+00:00,5.613611111111111,26.700000000000003,1.082191780821918
2025-11-17 21:00:00+00:00,2026-12-18 00:00:00+00:00,AMZN,AMZN261218P00230000,put,False,230.0,28.9,29.2,29.83,232.8699951171875,0.31995308959960933,0.0370259995532744,0.0,13.0,1247,2025-11-17 19:51:44+00:00,1.1377777777777778,29.049999999999997,1.082191780821918
2025-11-17 21:00:00+00:00,2026-12-18 00:00:00+00:00,AMZN,AMZN261218P00235000,put,True,235.0,31.4,31.7,32.5,232.8699951171875,0.3166114482116699,0.0370259995532744,0.0,13.0,365,2025-11-17 19:24:03+00:00,1.5991666666666666,31.549999999999997,1.082191780821918
2025-11-17 21:00:00+00:00,2026-12-18 00:00:00+00:00,AMZN,AMZN261218P00240000,put,True,240.0,34.0,34.25,34.15,232.8699951171875,0.3125373922729492,0.0370259995532744,0.0,24.0,1182,2025-11-17 20:49:02+00:00,0.1827777777777778,34.125,1.082191780821918
2025-11-17 21:00:00+00:00,2026-12-18 00:00:00+00:00,AMZN,AMZN261218P00245000,put,True,245.0,36.65,37.0,36.72,232.8699951171875,0.30928730270385746,0.0370259995532744,0.0,2.0,328,2025-11-17 17:12:22+00:00,3.793888888888889,36.825,1.082191780821918
2025-11-17 21:00:00+00:00,2026-12-18 00:00:00+00:00,AMZN,AMZN261218P00250000,put,True,250.0,39.45,39.8,40.65,232.8699951171875,0.305320057220459,0.0370259995532744,0.0,1.0,1245,2025-11-17 16:26:36+00:00,4.556666666666667,39.625,1.082191780821918
2025-11-17 21:00:00+00:00,2026-12-18 00:00:00+00:00,AMZN,AMZN261218P00255000,put,True,255.0,42.4,42.75,36.7,232.8699951171875,0.30167324310302734,0.0370259995532744,0.0,2.0,198,2025-11-12 16:48:15+00:00,124.19583333333334,42.575,1.082191780821918
2025-11-17 21:00:00+00:00,2026-12-18 00:00:00+00:00,AMZN,AMZN261218P00260000,put,True,260.0,45.45,45.8,46.95,232.8699951171875,0.2978128080749511,0.0370259995532744,0.0,2.0,519,2025-11-17 15:09:53+00:00,5.835277777777778,45.625,1.082191780821918
2025-11-17 21:00:00+00:00,2026-12-18 00:00:00+00:00,AMZN,AMZN261218P00265000,put,True,265.0,48.55,49.0,45.95,232.8699951171875,0.29430332168579093,0.0370259995532744,0.0,206.0,320,2025-11-13 18:30:02+00:00,98.49944444444445,48.775,1.082191780821918
2025-11-17 21:00:00+00:00,2026-12-18 00:00:00+00:00,AMZN,AMZN261218P00270000,put,True,270.0,51.85,52.25,49.25,232.8699951171875,0.2900766793823242,0.0370259995532744,0.0,2.0,1172,2025-11-14 15:49:06+00:00,77.18166666666667,52.05,1.082191780821918
2025-11-17 21:00:00+00:00,2026-12-18 00:00:00+00:00,AMZN,AMZN261218P00275000,put,True,275.0,55.2,55.6,45.85,232.8699951171875,0.28566693344116206,0.0370259995532744,0.0,125.0,168,2025-11-10 20:54:18+00:00,168.095,55.400000000000006,1.082191780821918
2025-11-17 21:00:00+00:00,2026-12-18 00:00:00+00:00,AMZN,AMZN261218P00280000,put,True,280.0,58.65,59.1,52.65,232.8699951171875,0.2816539120483398,0.0370259995532744,0.0,2.0,183,2025-11-06 16:59:02+00:00,268.0161111111111,58.875,1.082191780821918
2025-11-17 21:00:00+00:00,2026-12-18 00:00:00+00:00,AMZN,AMZN261218P00285000,put,True,285.0,62.3,62.7,55.3,232.8699951171875,0.27747304565429687,0.0370259995532744,0.0,4.0,16,2025-11-06 20:49:53+00:00,264.1686111111111,62.5,1.082191780821918
2025-11-17 21:00:00+00:00,2026-12-18 00:00:00+00:00,AMZN,AMZN261218P00290000,put,True,290.0,65.9,66.45,67.3,232.8699951171875,0.2738109729003906,0.0370259995532744,0.0,3.0,116,2025-11-17 19:31:15+00:00,1.4791666666666667,66.17500000000001,1.082191780821918
2025-11-17 21:00:00+00:00,2026-12-18 00:00:00+00:00,AMZN,AMZN261218P00295000,put,True,295.0,69.75,70.25,61.31,232.8699951171875,0.2694164855957031,0.0370259995532744,0.0,1.0,49,2025-11-12 18:49:14+00:00,122.17944444444444,70.0,1.082191780821918
2025-11-17 21:00:00+00:00,2026-12-18 00:00:00+00:00,AMZN,AMZN261218P00300000,put,True,300.0,73.6,74.15,75.1,232.8699951171875,0.26496096374511713,0.0370259995532744,0.0,2.0,872,2025-11-17 19:31:15+00:00,1.4791666666666667,73.875,1.082191780821918
2025-11-17 21:00:00+00:00,2026-12-18 00:00:00+00:00,AMZN,AMZN261218P00305000,put,True,305.0,77.6,78.25,66.03,232.8699951171875,0.26190923645019537,0.0370259995532744,0.0,2.0,29,2025-10-31 15:31:49+00:00,413.46972222222223,77.925,1.082191780821918
2025-11-17 21:00:00+00:00,2026-12-18 00:00:00+00:00,AMZN,AMZN261218P00310000,put,True,310.0,81.45,82.2,64.75,232.8699951171875,0.25510388458251965,0.0370259995532744,0.0,18.0,225,2025-11-03 18:17:17+00:00,338.71194444444444,81.825,1.082191780821918
2025-11-17 21:00:00+00:00,2026-12-18 00:00:00+00:00,AMZN,AMZN261218P00315000,put,True,315.0,85.6,86.5,68.7,232.8699951171875,0.2523268127441406,0.0370259995532744,0.0,3.0,217,2025-11-03 14:47:37+00:00,342.2063888888889,86.05,1.082191780821918
2025-11-17 21:00:00+00:00,2026-12-18 00:00:00+00:00,AMZN,AMZN261218P00320000,put,True,320.0,89.85,90.6,88.9,232.8699951171875,0.2443007699584961,0.0370259995532744,0.0,5.0,367,2025-11-14 14:30:00+00:00,78.5,90.225,1.082191780821918
2025-11-17 21:00:00+00:00,2026-12-18 00:00:00+00:00,AMZN,AMZN261218P00325000,put,True,325.0,94.2,94.9,83.36,232.8699951171875,0.23792265991210934,0.0370259995532744,0.0,12.0,54,2025-10-31 16:54:16+00:00,412.09555555555556,94.55000000000001,1.082191780821918
2025-11-17 21:00:00+00:00,2026-12-18 00:00:00+00:00,AMZN,AMZN261218P00330000,put,True,330.0,98.6,99.3,80.03,232.8699951171875,0.23151403259277342,0.0370259995532744,0.0,2.0,48,2025-11-03 18:18:50+00:00,338.68611111111113,98.94999999999999,1.082191780821918
2025-11-17 21:00:00+00:00,2026-12-18 00:00:00+00:00,AMZN,AMZN261218P00340000,put,True,340.0,107.65,108.4,95.65,232.8699951171875,0.21955126159667968,0.0370259995532744,0.0,30.0,41,2025-10-31 19:41:24+00:00,409.31,108.025,1.082191780821918
2025-11-17 21:00:00+00:00,2026-12-18 00:00:00+00:00,AMZN,AMZN261218P00345000,put,True,345.0,112.4,113.05,100.82,232.8699951171875,0.21289849609375,0.0370259995532744,0.0,5.0,5,2025-10-31 17:06:58+00:00,411.88388888888886,112.725,1.082191780821918
2025-11-17 21:00:00+00:00,2026-12-18 00:00:00+00:00,AMZN,AMZN261218P00350000,put,True,350.0,117.15,117.9,98.4,232.8699951171875,0.2124102197265625,0.0370259995532744,0.0,10.0,37,2025-11-03 20:31:45+00:00,336.47083333333336,117.525,1.082191780821918
2025-11-17 21:00:00+00:00,2026-12-18 00:00:00+00:00,AMZN,AMZN261218P00355000,put,True,355.0,120.55,124.35,101.9,232.8699951171875,0.26734131103515624,0.0370259995532744,0.0,3.0,31,2025-11-03 20:02:57+00:00,336.9508333333333,122.44999999999999,1.082191780821918
2025-11-17 21:00:00+00:00,2026-12-18 00:00:00+00:00,AMZN,AMZN261218P00360000,put,True,360.0,125.3,129.15,116.0,232.8699951171875,0.2683178637695312,0.0370259995532744,0.0,13.0,30,2025-11-12 16:54:42+00:00,124.08833333333334,127.225,1.082191780821918
2025-11-17 21:00:00+00:00,2026-12-18 00:00:00+00:00,AMZN,AMZN261218P00370000,put,True,370.0,135.15,139.15,125.01,232.8699951171875,0.28076891113281244,0.0370259995532744,0.0,1.0,2,2025-11-12 17:24:33+00:00,123.59083333333334,137.15,1.082191780821918
2025-11-17 21:00:00+00:00,2027-01-15 00:00:00+00:00,AMZN,AMZN270115C00085000,call,True,85.0,151.6,155.55,167.61,232.8699951171875,0.7584252673339844,0.0370259995532744,0.0,1.0,300,2025-11-06 15:17:05+00:00,269.71527777777777,153.575,1.158904109589041
2025-11-17 21:00:00+00:00,2027-01-15 00:00:00+00:00,AMZN,AMZN270115C00090000,call,True,90.0,147.0,150.8,167.4,232.8699951171875,0.7321193780517576,0.0370259995532744,0.0,1.0,158,2025-11-04 14:40:05+00:00,318.33194444444445,148.9,1.158904109589041
2025-11-17 21:00:00+00:00,2027-01-15 00:00:00+00:00,AMZN,AMZN270115C00095000,call,True,95.0,142.4,146.3,167.0,232.8699951171875,0.710940390625,0.0370259995532744,0.0,1.0,179,2025-11-03 14:30:27+00:00,342.4925,144.35000000000002,1.158904109589041
2025-11-17 21:00:00+00:00,2027-01-15 00:00:00+00:00,AMZN,AMZN270115C00100000,call,True,100.0,138.6,141.15,142.1,232.8699951171875,0.6925079577636719,0.0370259995532744,0.0,5.0,1021,2025-11-14 20:54:05+00:00,72.09861111111111,139.875,1.158904109589041
2025-11-17 21:00:00+00:00,2027-01-15 00:00:00+00:00,AMZN,AMZN270115C00105000,call,True,105.0,134.1,136.6,147.2,232.8699951171875,0.6726106958007814,0.0370259995532744,0.0,2.0,352,2025-11-12 20:04:03+00:00,120.9325,135.35,1.158904109589041
2025-11-17 21:00:00+00:00,2027-01-15 00:00:00+00:00,AMZN,AMZN270115C00110000,call,True,110.0,129.55,132.1,145.56,232.8699951171875,0.6530186065673829,0.0370259995532744,0.0,10.0,182,2025-11-06 14:55:03+00:00,270.0825,130.825,1.158904109589041
2025-11-17 21:00:00+00:00,2027-01-15 00:00:00+00:00,AMZN,AMZN270115C00115000,call,True,115.0,125.0,127.65,129.2,232.8699951171875,0.6343115182495118,0.0370259995532744,0.0,1.0,189,2025-11-14 15:17:57+00:00,77.70083333333334,126.325,1.158904109589041
2025-11-17 21:00:00+00:00,2027-01-15 00:00:00+00:00,AMZN,AMZN270115C00120000,call,True,120.0,120.65,123.15,119.0,232.8699951171875,0.61758805267334,0.0370259995532744,0.0,15.0,188,2025-11-17 15:08:35+00:00,5.856944444444444,121.9,1.158904109589041
2025-11-17 21:00:00+00:00,2027-01-15 00:00:00+00:00,AMZN,AMZN270115C00125000,call,True,125.0,116.25,117.75,127.8,232.8699951171875,0.5899088861083985,0.0370259995532744,0.0,1.0,133,2025-11-06 16:10:14+00:00,268.82944444444445,117.0,1.158904109589041
2025-11-17 21:00:00+00:00,2027-01-15 00:00:00+00:00,AMZN,AMZN270115C00130000,call,True,130.0,111.9,114.45,113.2,232.8699951171875,0.5867656069946289,0.0370259995532744,0.0,1.0,573,2025-11-17 20:59:06+00:00,0.015,113.17500000000001,1.158904109589041
2025-11-17 21:00:00+00:00,2027-01-15 00:00:00+00:00,AMZN,AMZN270115C00135000,call,True,135.0,107.6,109.45,108.51,232.8699951171875,0.5652509295654298,0.0370259995532744,0.0,2.0,254,2025-11-17 17:46:02+00:00,3.2327777777777778,108.525,1.158904109589041
2025-11-17 21:00:00+00:00,2027-01-15 00:00:00+00:00,AMZN,AMZN270115C00140000,call,True,140.0,104.4,105.2,103.5,232.8699951171875,0.5621076504516601,0.0370259995532744,0.0,1.0,527,2025-11-17 14:39:57+00:00,6.3341666666666665,104.80000000000001,1.158904109589041
2025-11-17 21:00:00+00:00,2027-01-15 00:00:00+00:00,AMZN,AMZN270115C00145000,call,True,145.0,100.1,101.75,103.85,232.8699951171875,0.554814022216797,0.0370259995532744,0.0,11.0,212,2025-11-14 18:00:13+00:00,74.99638888888889,100.925,1.158904109589041
2025-11-17 21:00:00+00:00,2027-01-15 00:00:00+00:00,AMZN,AMZN270115C00150000,call,True,150.0,96.15,96.75,95.85,232.8699951171875,0.5362290029907227,0.0370259995532744,0.0,6.0,3028,2025-11-17 20:54:24+00:00,0.09333333333333334,96.45,1.158904109589041
2025-11-17 21:00:00+00:00,2027-01-15 00:00:00+00:00,AMZN,AMZN270115C00155000,call,True,155.0,92.15,92.6,93.6,232.8699951171875,0.524418818359375,0.0370259995532744,0.0,1.0,522,2025-11-14 14:49:26+00:00,78.17611111111111,92.375,1.158904109589041
2025-11-17 21:00:00+00:00,2027-01-15 00:00:00+00:00,AMZN,AMZN270115C00160000,call,True,160.0,88.2,88.65,86.86,232.8699951171875,0.5141344973754882,0.0370259995532744,0.0,59.0,2002,2025-11-17 18:48:24+00:00,2.1933333333333334,88.42500000000001,1.158904109589041
2025-11-17 21:00:00+00:00,2027-01-15 00:00:00+00:00,AMZN,AMZN270115C00165000,call,True,165.0,84.35,84.95,82.94,232.8699951171875,0.5058948336791992,0.0370259995532744,0.0,3.0,576,2025-11-17 16:39:40+00:00,4.338888888888889,84.65,1.158904109589041
2025-11-17 21:00:00+00:00,2027-01-15 00:00:00+00:00,AMZN,AMZN270115C00170000,call,True,170.0,80.6,81.05,81.15,232.8699951171875,0.49942517181396484,0.0370259995532744,0.0,17.0,1200,2025-11-17 17:01:54+00:00,3.9683333333333333,80.82499999999999,1.158904109589041
2025-11-17 21:00:00+00:00,2027-01-15 00:00:00+00:00,AMZN,AMZN270115C00175000,call,True,175.0,76.9,77.35,77.6,232.8699951171875,0.4907277490234375,0.0370259995532744,0.0,26.0,2718,2025-11-17 15:51:00+00:00,5.15,77.125,1.158904109589041
2025-11-17 21:00:00+00:00,2027-01-15 00:00:00+00:00,AMZN,AMZN270115C00180000,call,True,180.0,73.35,73.75,73.3,232.8699951171875,0.4826406716918946,0.0370259995532744,0.0,46.0,3908,2025-11-17 20:18:28+00:00,0.6922222222222222,73.55,1.158904109589041
2025-11-17 21:00:00+00:00,2027-01-15 00:00:00+00:00,AMZN,AMZN270115C00185000,call,True,185.0,69.85,70.3,68.3,232.8699951171875,0.47577428527832033,0.0370259995532744,0.0,2.0,1286,2025-11-17 18:06:22+00:00,2.8938888888888887,70.07499999999999,1.158904109589041
2025-11-17 21:00:00+00:00,2027-01-15 00:00:00+00:00,AMZN,AMZN270115C00190000,call,True,190.0,66.45,66.95,65.26,232.8699951171875,0.4693351406860352,0.0370259995532744,0.0,8.0,1686,2025-11-17 15:52:02+00:00,5.132777777777778,66.7,1.158904109589041
2025-11-17 21:00:00+00:00,2027-01-15 00:00:00+00:00,AMZN,AMZN270115C00195000,call,True,195.0,63.2,63.65,63.1,232.8699951171875,0.4626976338195801,0.0370259995532744,0.0,10.0,1337,2025-11-17 17:50:56+00:00,3.151111111111111,63.425,1.158904109589041
2025-11-17 21:00:00+00:00,2027-01-15 00:00:00+00:00,AMZN,AMZN270115C00200000,call,True,200.0,60.0,60.45,59.9,232.8699951171875,0.45642633422851564,0.0370259995532744,0.0,120.0,8154,2025-11-17 20:58:06+00:00,0.03166666666666667,60.225,1.158904109589041
2025-11-17 21:00:00+00:00,2027-01-15 00:00:00+00:00,AMZN,AMZN270115C00205000,call,True,205.0,56.95,57.4,56.95,232.8699951171875,0.4510552941894531,0.0370259995532744,0.0,22.0,809,2025-11-17 20:50:55+00:00,0.15138888888888888,57.175,1.158904109589041
2025-11-17 21:00:00+00:00,2027-01-15 00:00:00+00:00,AMZN,AMZN270115C00210000,call,True,210.0,53.95,54.4,54.04,232.8699951171875,0.44537908142089844,0.0370259995532744,0.0,122.0,3939,2025-11-17 20:56:21+00:00,0.060833333333333336,54.175,1.158904109589041
2025-11-17 21:00:00+00:00,2027-01-15 00:00:00+00:00,AMZN,AMZN270115C00215000,call,True,215.0,51.1,51.65,51.0,232.8699951171875,0.44161019821166997,0.0370259995532744,0.0,60.0,1677,2025-11-17 20:47:04+00:00,0.21555555555555556,51.375,1.158904109589041
2025-11-17 21:00:00+00:00,2027-01-15 00:00:00+00:00,AMZN,AMZN270115C00220000,call,True,220.0,48.35,48.75,48.0,232.8699951171875,0.4353541572570801,0.0370259995532744,0.0,104.0,6300,2025-11-17 19:49:01+00:00,1.1830555555555555,48.55,1.158904109589041
2025-11-17 21:00:00+00:00,2027-01-15 00:00:00+00:00,AMZN,AMZN270115C00225000,call,True,225.0,45.7,46.0,45.25,232.8699951171875,0.4298763067626954,0.0370259995532744,0.0,76.0,2560,2025-11-17 20:32:27+00:00,0.45916666666666667,45.85,1.158904109589041
2025-11-17 21:00:00+00:00,2027-01-15 00:00:00+00:00,AMZN,AMZN270115C00230000,call,True,230.0,43.15,43.55,43.3,232.8699951171875,0.4266719931030274,0.0370259995532744,0.0,101.0,3663,2025-11-17 20:28:50+00:00,0.5194444444444445,43.349999999999994,1.158904109589041
2025-11-17 21:00:00+00:00,2027-01-15 00:00:00+00:00,AMZN,AMZN270115C00235000,call,False,235.0,40.75,41.15,40.28,232.8699951171875,0.4231319894409179,0.0370259995532744,0.0,53.0,1757,2025-11-17 20:43:57+00:00,0.2675,40.95,1.158904109589041
2025-11-17 21:00:00+00:00,2027-01-15 00:00:00+00:00,AMZN,AMZN270115C00240000,call,False,240.0,38.45,38.85,38.35,232.8699951171875,0.41974457214355465,0.0370259995532744,0.0,122.0,3529,2025-11-17 20:52:09+00:00,0.13083333333333333,38.650000000000006,1.158904109589041
2025-11-17 21:00:00+00:00,2027-01-15 00:00:00+00:00,AMZN,AMZN270115C00245000,call,False,245.0,36.25,36.5,35.4,232.8699951171875,0.415044912109375,0.0370259995532744,0.0,138.0,956,2025-11-17 19:41:29+00:00,1.3086111111111112,36.375,1.158904109589041
2025-11-17 21:00:00+00:00,2027-01-15 00:00:00+00:00,AMZN,AMZN270115C00250000,call,False,250.0,34.15,34.4,34.2,232.8699951171875,0.41202370208740235,0.0370259995532744,0.0,859.0,8456,2025-11-17 20:59:06+00:00,0.015,34.275,1.158904109589041
2025-11-17 21:00:00+00:00,2027-01-15 00:00:00+00:00,AMZN,AMZN270115C00255000,call,False,255.0,32.1,32.35,30.55,232.8699951171875,0.4086668020629882,0.0370259995532744,0.0,25.0,878,2025-11-17 16:19:58+00:00,4.667222222222223,32.225,1.158904109589041
2025-11-17 21:00:00+00:00,2027-01-15 00:00:00+00:00,AMZN,AMZN270115C00260000,call,False,260.0,30.15,30.4,30.25,232.8699951171875,0.40552352294921873,0.0370259995532744,0.0,86.0,4170,2025-11-17 20:37:44+00:00,0.3711111111111111,30.275,1.158904109589041
2025-11-17 21:00:00+00:00,2027-01-15 00:00:00+00:00,AMZN,AMZN270115C00265000,call,False,265.0,28.35,28.7,27.95,232.8699951171875,0.4040892111206055,0.0370259995532744,0.0,64.0,1516,2025-11-17 20:37:44+00:00,0.3711111111111111,28.525,1.158904109589041
2025-11-17 21:00:00+00:00,2027-01-15 00:00:00+00:00,AMZN,AMZN270115C00270000,call,False,270.0,26.6,26.85,26.52,232.8699951171875,0.40036610382080084,0.0370259995532744,0.0,31.0,5265,2025-11-17 20:37:13+00:00,0.37972222222222224,26.725,1.158904109589041
2025-11-17 21:00:00+00:00,2027-01-15 00:00:00+00:00,AMZN,AMZN270115C00275000,call,False,275.0,24.95,25.2,24.6,232.8699951171875,0.39787894607543944,0.0370259995532744,0.0,86.0,3310,2025-11-17 20:34:40+00:00,0.4222222222222222,25.075,1.158904109589041
2025-11-17 21:00:00+00:00,2027-01-15 00:00:00+00:00,AMZN,AMZN270115C00280000,call,False,280.0,23.4,23.6,23.4,232.8699951171875,0.39514765014648445,0.0370259995532744,0.0,696.0,3323,2025-11-17 20:56:26+00:00,0.059444444444444446,23.5,1.158904109589041
2025-11-17 21:00:00+00:00,2027-01-15 00:00:00+00:00,AMZN,AMZN270115C00285000,call,False,285.0,21.8,22.15,21.77,232.8699951171875,0.39322506195068363,0.0370259995532744,0.0,37.0,2417,2025-11-17 20:32:53+00:00,0.4519444444444444,21.975,1.158904109589041
2025-11-17 21:00:00+00:00,2027-01-15 00:00:00+00:00,AMZN,AMZN270115C00290000,call,False,290.0,20.5,20.75,20.25,232.8699951171875,0.3910888528442382,0.0370259995532744,0.0,6.0,1490,2025-11-17 16:37:49+00:00,4.369722222222222,20.625,1.158904109589041
2025-11-17 21:00:00+00:00,2027-01-15 00:00:00+00:00,AMZN,AMZN270115C00295000,call,False,295.0,19.2,19.45,18.48,232.8699951171875,0.3892883337402344,0.0370259995532744,0.0,9.0,1422,2025-11-17 15:30:24+00:00,5.493333333333333,19.325,1.158904109589041
2025-11-17 21:00:00+00:00,2027-01-15 00:00:00+00:00,AMZN,AMZN270115C00300000,call,False,300.0,18.0,18.2,17.9,232.8699951171875,0.38733522827148437,0.0370259995532744,0.0,949.0,23651,2025-11-17 20:53:11+00:00,0.11361111111111111,18.1,1.158904109589041
2025-11-17 21:00:00+00:00,2027-01-15 00:00:00+00:00,AMZN,AMZN270115C00305000,call,False,305.0,16.8,17.05,16.4,232.8699951171875,0.38577884735107415,0.0370259995532744,0.0,1.0,1246,2025-11-14 20:43:25+00:00,72.27638888888889,16.925,1.158904109589041
2025-11-17 21:00:00+00:00,2027-01-15 00:00:00+00:00,AMZN,AMZN270115C00310000,call,False,310.0,15.55,15.95,15.3,232.8699951171875,0.38413091461181637,0.0370259995532744,0.0,10.0,1133,2025-11-17 20:05:29+00:00,0.9086111111111111,15.75,1.158904109589041
2025-11-17 21:00:00+00:00,2027-01-15 00:00:00+00:00,AMZN,AMZN270115C00315000,call,False,315.0,14.7,14.9,14.2,232.8699951171875,0.3823914300537109,0.0370259995532744,0.0,27.0,2562,2025-11-17 19:57:49+00:00,1.0363888888888888,14.8,1.158904109589041
2025-11-17 21:00:00+00:00,2027-01-15 00:00:00+00:00,AMZN,AMZN270115C00320000,call,False,320.0,13.75,13.95,13.33,232.8699951171875,0.38115548049926756,0.0370259995532744,0.0,51.0,1985,2025-11-17 18:30:22+00:00,2.493888888888889,13.85,1.158904109589041
2025-11-17 21:00:00+00:00,2027-01-15 00:00:00+00:00,AMZN,AMZN270115C00325000,call,False,325.0,12.8,13.05,12.45,232.8699951171875,0.3799042723083496,0.0370259995532744,0.0,1.0,2035,2025-11-14 18:23:31+00:00,74.60805555555555,12.925,1.158904109589041
2025-11-17 21:00:00+00:00,2027-01-15 00:00:00+00:00,AMZN,AMZN270115C00330000,call,False,330.0,12.0,12.2,12.05,232.8699951171875,0.3786683227539062,0.0370259995532744,0.0,20.0,1287,2025-11-17 16:34:09+00:00,4.430833333333333,12.1,1.158904109589041
2025-11-17 21:00:00+00:00,2027-01-15 00:00:00+00:00,AMZN,AMZN270115C00335000,call,False,335.0,11.2,11.4,11.32,232.8699951171875,0.37744763183593744,0.0370259995532744,0.0,11.0,907,2025-11-17 14:36:28+00:00,6.392222222222222,11.3,1.158904109589041
2025-11-17 21:00:00+00:00,2027-01-15 00:00:00+00:00,AMZN,AMZN270115C00340000,call,False,340.0,10.45,10.65,10.35,232.8699951171875,0.3763032341003418,0.0370259995532744,0.0,8.0,1148,2025-11-17 18:35:12+00:00,2.4133333333333336,10.55,1.158904109589041
2025-11-17 21:00:00+00:00,2027-01-15 00:00:00+00:00,AMZN,AMZN270115C00345000,call,False,345.0,9.75,9.95,9.7,232.8699951171875,0.37525038818359374,0.0370259995532744,0.0,4.0,2094,2025-11-17 20:46:36+00:00,0.22333333333333333,9.85,1.158904109589041
2025-11-17 21:00:00+00:00,2027-01-15 00:00:00+00:00,AMZN,AMZN270115C00350000,call,False,350.0,9.1,9.3,9.15,232.8699951171875,0.3743348699951171,0.0370259995532744,0.0,135.0,3973,2025-11-17 20:32:56+00:00,0.45111111111111113,9.2,1.158904109589041
2025-11-17 21:00:00+00:00,2027-01-15 00:00:00+00:00,AMZN,AMZN270115C00355000,call,False,355.0,8.5,8.7,7.95,232.8699951171875,0.3735719381713867,0.0370259995532744,0.0,14.0,668,2025-11-17 15:04:21+00:00,5.9275,8.6,1.158904109589041
2025-11-17 21:00:00+00:00,2027-01-15 00:00:00+00:00,AMZN,AMZN270115C00360000,call,False,360.0,7.95,8.1,7.84,232.8699951171875,0.3723207299804688,0.0370259995532744,0.0,1308.0,4524,2025-11-17 20:36:07+00:00,0.39805555555555555,8.025,1.158904109589041
2025-11-17 21:00:00+00:00,2027-01-15 00:00:00+00:00,AMZN,AMZN270115C00370000,call,False,370.0,6.95,7.15,6.75,232.8699951171875,0.372076591796875,0.0370259995532744,0.0,127.0,313,2025-11-17 19:23:09+00:00,1.6141666666666667,7.050000000000001,1.158904109589041
2025-11-17 21:00:00+00:00,2027-01-15 00:00:00+00:00,AMZN,AMZN270115P00085000,put,False,85.0,0.77,0.8,0.8,232.8699951171875,0.4919484399414063,0.0370259995532744,0.0,5.0,2243,2025-11-17 18:52:47+00:00,2.120277777777778,0.785,1.158904109589041
2025-11-17 21:00:00+00:00,2027-01-15 00:00:00+00:00,AMZN,AMZN270115P00090000,put,False,90.0,0.89,1.08,0.86,232.8699951171875,0.4914601635742188,0.0370259995532744,0.0,4.0,368,2025-11-14 17:17:16+00:00,75.71222222222222,0.9850000000000001,1.158904109589041
2025-11-17 21:00:00+00:00,2027-01-15 00:00:00+00:00,AMZN,AMZN270115P00095000,put,False,95.0,1.08,1.15,0.95,232.8699951171875,0.4714408325195312,0.0370259995532744,0.0,2.0,875,2025-11-13 16:06:46+00:00,100.88722222222222,1.115,1.158904109589041
2025-11-17 21:00:00+00:00,2027-01-15 00:00:00+00:00,AMZN,AMZN270115P00100000,put,False,100.0,1.28,1.34,1.3,232.8699951171875,0.4603325451660156,0.0370259995532744,0.0,11.0,2936,2025-11-17 17:46:28+00:00,3.2255555555555557,1.31,1.158904109589041
2025-11-17 21:00:00+00:00,2027-01-15 00:00:00+00:00,AMZN,AMZN270115P00105000,put,False,105.0,1.48,1.58,1.43,232.8699951171875,0.4512994323730469,0.0370259995532744,0.0,1.0,184,2025-11-14 17:26:10+00:00,75.56388888888888,1.53,1.158904109589041
2025-11-17 21:00:00+00:00,2027-01-15 00:00:00+00:00,AMZN,AMZN270115P00110000,put,False,110.0,1.74,1.83,1.81,232.8699951171875,0.4414118359375,0.0370259995532744,0.0,12.0,1335,2025-11-17 16:26:08+00:00,4.564444444444445,1.7850000000000001,1.158904109589041
2025-11-17 21:00:00+00:00,2027-01-15 00:00:00+00:00,AMZN,AMZN270115P00115000,put,False,115.0,2.04,2.12,2.11,232.8699951171875,0.43231768859863284,0.0370259995532744,0.0,6.0,680,2025-11-14 19:56:42+00:00,73.055,2.08,1.158904109589041
2025-11-17 21:00:00+00:00,2027-01-15 00:00:00+00:00,AMZN,AMZN270115P00120000,put,False,120.0,2.38,2.46,2.48,232.8699951171875,0.4242000939941406,0.0370259995532744,0.0,10.0,1128,2025-11-17 19:55:06+00:00,1.0816666666666668,2.42,1.158904109589041
2025-11-17 21:00:00+00:00,2027-01-15 00:00:00+00:00,AMZN,AMZN270115P00125000,put,False,125.0,2.75,2.84,2.71,232.8699951171875,0.4163876721191406,0.0370259995532744,0.0,10.0,1077,2025-11-14 19:44:19+00:00,73.26138888888889,2.795,1.158904109589041
2025-11-17 21:00:00+00:00,2027-01-15 00:00:00+00:00,AMZN,AMZN270115P00130000,put,False,130.0,3.15,3.3,3.25,232.8699951171875,0.40991801025390623,0.0370259995532744,0.0,50.0,1884,2025-11-17 18:23:17+00:00,2.6119444444444446,3.2249999999999996,1.158904109589041
2025-11-17 21:00:00+00:00,2027-01-15 00:00:00+00:00,AMZN,AMZN270115P00135000,put,False,135.0,3.65,3.8,3.45,232.8699951171875,0.40332627929687503,0.0370259995532744,0.0,61.0,1659,2025-11-14 20:16:07+00:00,72.73138888888889,3.7249999999999996,1.158904109589041
2025-11-17 21:00:00+00:00,2027-01-15 00:00:00+00:00,AMZN,AMZN270115P00140000,put,False,140.0,4.2,4.35,4.25,232.8699951171875,0.39670403106689456,0.0370259995532744,0.0,24.0,6522,2025-11-17 20:46:27+00:00,0.22583333333333333,4.275,1.158904109589041
2025-11-17 21:00:00+00:00,2027-01-15 00:00:00+00:00,AMZN,AMZN270115P00145000,put,False,145.0,4.85,4.95,4.9,232.8699951171875,0.3900817828369141,0.0370259995532744,0.0,130.0,3283,2025-11-17 20:33:40+00:00,0.4388888888888889,4.9,1.158904109589041
2025-11-17 21:00:00+00:00,2027-01-15 00:00:00+00:00,AMZN,AMZN270115P00150000,put,False,150.0,5.5,5.65,5.66,232.8699951171875,0.38446660461425775,0.0370259995532744,0.0,90.0,8179,2025-11-17 18:38:48+00:00,2.3533333333333335,5.575,1.158904109589041
2025-11-17 21:00:00+00:00,2027-01-15 00:00:00+00:00,AMZN,AMZN270115P00155000,put,False,155.0,6.3,6.45,6.6,232.8699951171875,0.37961435821533207,0.0370259995532744,0.0,1.0,4203,2025-11-17 16:12:09+00:00,4.7975,6.375,1.158904109589041
2025-11-17 21:00:00+00:00,2027-01-15 00:00:00+00:00,AMZN,AMZN270115P00160000,put,False,160.0,7.15,7.3,7.47,232.8699951171875,0.3743348699951171,0.0370259995532744,0.0,2.0,8260,2025-11-17 19:53:00+00:00,1.1166666666666667,7.225,1.158904109589041
2025-11-17 21:00:00+00:00,2027-01-15 00:00:00+00:00,AMZN,AMZN270115P00165000,put,False,165.0,8.1,8.25,8.24,232.8699951171875,0.3695131408691406,0.0370259995532744,0.0,40.0,2134,2025-11-17 18:38:48+00:00,2.3533333333333335,8.175,1.158904109589041
2025-11-17 21:00:00+00:00,2027-01-15 00:00:00+00:00,AMZN,AMZN270115P00170000,put,False,170.0,9.1,9.3,9.45,232.8699951171875,0.3650271017456055,0.0370259995532744,0.0,101.0,9118,2025-11-17 19:37:57+00:00,1.3675,9.2,1.158904109589041
2025-11-17 21:00:00+00:00,2027-01-15 00:00:00+00:00,AMZN,AMZN270115P00175000,put,False,175.0,10.25,10.45,9.95,232.8699951171875,0.3607546835327148,0.0370259995532744,0.0,237.0,5641,2025-11-14 20:50:36+00:00,72.15666666666667,10.35,1.158904109589041
2025-11-17 21:00:00+00:00,2027-01-15 00:00:00+00:00,AMZN,AMZN270115P00180000,put,False,180.0,11.45,11.65,11.85,232.8699951171875,0.3559329544067382,0.0370259995532744,0.0,534.0,11561,2025-11-17 19:29:42+00:00,1.505,11.55,1.158904109589041
2025-11-17 21:00:00+00:00,2027-01-15 00:00:00+00:00,AMZN,AMZN270115P00185000,put,False,185.0,12.8,13.0,13.15,232.8699951171875,0.35190467437744133,0.0370259995532744,0.0,19.0,2333,2025-11-17 20:30:00+00:00,0.5,12.9,1.158904109589041
2025-11-17 21:00:00+00:00,2027-01-15 00:00:00+00:00,AMZN,AMZN270115P00190000,put,False,190.0,14.2,14.45,14.65,232.8699951171875,0.3479374288940429,0.0370259995532744,0.0,67.0,7140,2025-11-17 20:30:00+00:00,0.5,14.325,1.158904109589041
2025-11-17 21:00:00+00:00,2027-01-15 00:00:00+00:00,AMZN,AMZN270115P00195000,put,False,195.0,15.75,16.0,16.37,232.8699951171875,0.34393966613769533,0.0370259995532744,0.0,39.0,2618,2025-11-17 19:56:10+00:00,1.0638888888888889,15.875,1.158904109589041
2025-11-17 21:00:00+00:00,2027-01-15 00:00:00+00:00,AMZN,AMZN270115P00200000,put,False,200.0,17.45,17.65,17.58,232.8699951171875,0.3398961274719238,0.0370259995532744,0.0,45.0,7873,2025-11-17 20:05:07+00:00,0.9147222222222222,17.549999999999997,1.158904109589041
2025-11-17 21:00:00+00:00,2027-01-15 00:00:00+00:00,AMZN,AMZN270115P00205000,put,False,205.0,19.2,19.4,19.65,232.8699951171875,0.33579155426025387,0.0370259995532744,0.0,2.0,2177,2025-11-17 20:27:13+00:00,0.5463888888888889,19.299999999999997,1.158904109589041
2025-11-17 21:00:00+00:00,2027-01-15 00:00:00+00:00,AMZN,AMZN270115P00210000,put,False,210.0,21.05,21.3,21.72,232.8699951171875,0.33217525741577153,0.0370259995532744,0.0,3.0,7706,2025-11-17 18:55:06+00:00,2.0816666666666666,21.175,1.158904109589041
2025-11-17 21:00:00+00:00,2027-01-15 00:00:00+00:00,AMZN,AMZN270115P00215000,put,False,215.0,23.05,23.3,22.33,232.8699951171875,0.3284368914794922,0.0370259995532744,0.0,2.0,1878,2025-11-14 15:35:52+00:00,77.40222222222222,23.175,1.158904109589041
2025-11-17 21:00:00+00:00,2027-01-15 00:00:00+00:00,AMZN,AMZN270115P00220000,put,False,220.0,25.2,25.45,25.57,232.8699951171875,0.32507999145507804,0.0370259995532744,0.0,6.0,7433,2025-11-17 18:32:26+00:00,2.4594444444444443,25.325,1.158904109589041
2025-11-17 21:00:00+00:00,2027-01-15 00:00:00+00:00,AMZN,AMZN270115P00225000,put,False,225.0,27.25,27.65,27.58,232.8699951171875,0.3210364527893066,0.0370259995532744,0.0,6.0,1781,2025-11-17 20:51:41+00:00,0.1386111111111111,27.45,1.158904109589041
2025-11-17 21:00:00+00:00,2027-01-15 00:00:00+00:00,AMZN,AMZN270115P00230000,put,False,230.0,29.75,30.0,30.14,232.8699951171875,0.31737438003540036,0.0370259995532744,0.0,22.0,2868,2025-11-17 17:54:06+00:00,3.098333333333333,29.875,1.158904109589041
2025-11-17 21:00:00+00:00,2027-01-15 00:00:00+00:00,AMZN,AMZN270115P00235000,put,True,235.0,32.2,32.5,33.01,232.8699951171875,0.31404799728393556,0.0370259995532744,0.0,12.0,1273,2025-11-17 20:19:33+00:00,0.6741666666666667,32.35,1.158904109589041
2025-11-17 21:00:00+00:00,2027-01-15 00:00:00+00:00,AMZN,AMZN270115P00240000,put,True,240.0,34.75,35.05,35.65,232.8699951171875,0.3100654931640625,0.0370259995532744,0.0,12.0,1290,2025-11-17 20:20:45+00:00,0.6541666666666667,34.9,1.158904109589041
2025-11-17 21:00:00+00:00,2027-01-15 00:00:00+00:00,AMZN,AMZN270115P00245000,put,True,245.0,37.45,37.75,38.35,232.8699951171875,0.3064034204101562,0.0370259995532744,0.0,2.0,535,2025-11-17 19:33:56+00:00,1.4344444444444444,37.6,1.158904109589041
2025-11-17 21:00:00+00:00,2027-01-15 00:00:00+00:00,AMZN,AMZN270115P00250000,put,True,250.0,40.25,40.55,40.82,232.8699951171875,0.3025887612915039,0.0370259995532744,0.0,8.0,2116,2025-11-17 15:31:08+00:00,5.481111111111111,40.4,1.158904109589041
2025-11-17 21:00:00+00:00,2027-01-15 00:00:00+00:00,AMZN,AMZN270115P00255000,put,True,255.0,43.15,43.5,43.75,232.8699951171875,0.2990945335388183,0.0370259995532744,0.0,4.0,648,2025-11-17 20:42:46+00:00,0.2872222222222222,43.325,1.158904109589041
2025-11-17 21:00:00+00:00,2027-01-15 00:00:00+00:00,AMZN,AMZN270115P00260000,put,True,260.0,46.15,46.55,43.85,232.8699951171875,0.2954629780578613,0.0370259995532744,0.0,180.0,1060,2025-11-13 20:19:29+00:00,96.67527777777778,46.349999999999994,1.158904109589041
2025-11-17 21:00:00+00:00,2027-01-15 00:00:00+00:00,AMZN,AMZN270115P00265000,put,True,265.0,49.3,49.7,50.71,232.8699951171875,0.2916635775756835,0.0370259995532744,0.0,2.0,177,2025-11-17 19:01:51+00:00,1.9691666666666667,49.5,1.158904109589041
2025-11-17 21:00:00+00:00,2027-01-15 00:00:00+00:00,AMZN,AMZN270115P00270000,put,True,270.0,52.55,52.95,49.35,232.8699951171875,0.2877268493652343,0.0370259995532744,0.0,1.0,247,2025-11-13 18:03:38+00:00,98.93944444444445,52.75,1.158904109589041
2025-11-17 21:00:00+00:00,2027-01-15 00:00:00+00:00,AMZN,AMZN270115P00275000,put,True,275.0,55.9,56.35,49.37,232.8699951171875,0.2842021043395995,0.0370259995532744,0.0,39.0,254,2025-11-12 20:56:47+00:00,120.05361111111111,56.125,1.158904109589041
2025-11-17 21:00:00+00:00,2027-01-15 00:00:00+00:00,AMZN,AMZN270115P00280000,put,True,280.0,59.35,59.8,49.44,232.8699951171875,0.280005979309082,0.0370259995532744,0.0,1.0,1188,2025-11-11 19:29:18+00:00,145.51166666666666,59.575,1.158904109589041
2025-11-17 21:00:00+00:00,2027-01-15 00:00:00+00:00,AMZN,AMZN270115P00285000,put,True,285.0,62.9,63.35,64.58,232.8699951171875,0.2757030438232422,0.0370259995532744,0.0,2.0,88,2025-11-07 17:08:08+00:00,243.86444444444444,63.125,1.158904109589041
2025-11-17 21:00:00+00:00,2027-01-15 00:00:00+00:00,AMZN,AMZN270115P00290000,put,True,290.0,66.45,67.05,52.66,232.8699951171875,0.2718578674316406,0.0370259995532744,0.0,4.0,190,2025-11-03 20:18:15+00:00,336.6958333333333,66.75,1.158904109589041
2025-11-17 21:00:00+00:00,2027-01-15 00:00:00+00:00,AMZN,AMZN270115P00295000,put,True,295.0,70.3,70.9,59.67,232.8699951171875,0.2686230364990234,0.0370259995532744,0.0,2.0,54,2025-11-05 15:04:15+00:00,293.9291666666667,70.6,1.158904109589041
2025-11-17 21:00:00+00:00,2027-01-15 00:00:00+00:00,AMZN,AMZN270115P00300000,put,True,300.0,74.05,74.75,71.93,232.8699951171875,0.264106480102539,0.0370259995532744,0.0,160.0,314,2025-11-14 18:23:01+00:00,74.61638888888889,74.4,1.158904109589041
2025-11-17 21:00:00+00:00,2027-01-15 00:00:00+00:00,AMZN,AMZN270115P00305000,put,True,305.0,78.0,78.7,68.11,232.8699951171875,0.25952888916015626,0.0370259995532744,0.0,3.0,182,2025-10-31 16:55:55+00:00,412.06805555555553,78.35,1.158904109589041
2025-11-17 21:00:00+00:00,2027-01-15 00:00:00+00:00,AMZN,AMZN270115P00310000,put,True,310.0,82.05,82.7,82.21,232.8699951171875,0.2542188836669922,0.0370259995532744,0.0,2.0,271,2025-11-14 14:53:09+00:00,78.11416666666666,82.375,1.158904109589041
2025-11-17 21:00:00+00:00,2027-01-15 00:00:00+00:00,AMZN,AMZN270115P00315000,put,True,315.0,86.15,86.85,77.45,232.8699951171875,0.24967180999755856,0.0370259995532744,0.0,1.0,339,2025-11-06 18:37:44+00:00,266.37111111111113,86.5,1.158904109589041
2025-11-17 21:00:00+00:00,2027-01-15 00:00:00+00:00,AMZN,AMZN270115P00320000,put,True,320.0,90.3,91.05,78.73,232.8699951171875,0.24436180450439454,0.0370259995532744,0.0,2.0,429,2025-11-10 20:22:13+00:00,168.62972222222223,90.675,1.158904109589041
2025-11-17 21:00:00+00:00,2027-01-15 00:00:00+00:00,AMZN,AMZN270115P00325000,put,True,325.0,94.6,95.3,77.33,232.8699951171875,0.2381362808227539,0.0370259995532744,0.0,201.0,571,2025-11-03 19:23:15+00:00,337.6125,94.94999999999999,1.158904109589041
2025-11-17 21:00:00+00:00,2027-01-15 00:00:00+00:00,AMZN,AMZN270115P00330000,put,True,330.0,98.95,99.7,80.8,232.8699951171875,0.23300937896728519,0.0370259995532744,0.0,5.0,273,2025-11-03 14:33:06+00:00,342.4483333333333,99.325,1.158904109589041
2025-11-17 21:00:00+00:00,2027-01-15 00:00:00+00:00,AMZN,AMZN270115P00335000,put,True,335.0,103.4,105.85,94.16,232.8699951171875,0.2638318246459961,0.0370259995532744,0.0,2.0,57,2025-11-07 20:41:38+00:00,240.3061111111111,104.625,1.158904109589041
2025-11-17 21:00:00+00:00,2027-01-15 00:00:00+00:00,AMZN,AMZN270115P00340000,put,True,340.0,108.0,108.7,108.7,232.8699951171875,0.22150436706542967,0.0370259995532744,0.0,5.0,34,2025-11-03 16:12:12+00:00,340.7966666666667,108.35,1.158904109589041
2025-11-17 21:00:00+00:00,2027-01-15 00:00:00+00:00,AMZN,AMZN270115P00345000,put,True,345.0,112.55,113.25,102.9,232.8699951171875,0.21332573791503906,0.0370259995532744,0.0,2.0,27,2025-11-07 20:41:38+00:00,240.3061111111111,112.9,1.158904109589041
2025-11-17 21:00:00+00:00,2027-01-15 00:00:00+00:00,AMZN,AMZN270115P00350000,put,True,350.0,117.25,117.95,107.6,232.8699951171875,0.20752745605468748,0.0370259995532744,0.0,1.0,31,2025-11-06 15:53:36+00:00,269.1066666666667,117.6,1.158904109589041
2025-11-17 21:00:00+00:00,2027-01-15 00:00:00+00:00,AMZN,AMZN270115P00355000,put,True,355.0,122.05,124.45,108.95,232.8699951171875,0.26099371826171874,0.0370259995532744,0.0,10.0,15,2025-10-31 13:48:15+00:00,415.1958333333333,123.25,1.158904109589041
2025-11-17 21:00:00+00:00,2027-01-15 00:00:00+00:00,AMZN,AMZN270115P00360000,put,True,360.0,126.9,129.25,112.03,232.8699951171875,0.2620923400878906,0.0370259995532744,0.0,6.0,41,2025-11-04 19:56:23+00:00,313.0602777777778,128.075,1.158904109589041
2025-11-17 21:00:00+00:00,2027-01-15 00:00:00+00:00,AMZN,AMZN270115P00370000,put,True,370.0,135.15,139.15,140.11,232.8699951171875,0.27140010833740236,0.0370259995532744,0.0,1.0,14,2025-11-17 16:04:35+00:00,4.923611111111111,137.15,1.158904109589041
2025-11-17 21:00:00+00:00,2027-06-17 00:00:00+00:00,AMZN,AMZN270617C00085000,call,True,85.0,153.6,157.55,139.5,232.8699951171875,0.7122221160888673,0.0370259995532744,0.0,1.0,93,2025-10-20 19:34:04+00:00,673.4322222222222,155.575,1.5780821917808219
2025-11-17 21:00:00+00:00,2027-06-17 00:00:00+00:00,AMZN,AMZN270617C00090000,call,True,90.0,149.15,153.05,157.86,232.8699951171875,0.6912872668457033,0.0370259995532744,0.0,1.0,10,2025-11-07 17:39:52+00:00,243.33555555555554,151.10000000000002,1.5780821917808219
2025-11-17 21:00:00+00:00,2027-06-17 00:00:00+00:00,AMZN,AMZN270617C00095000,call,True,95.0,144.75,148.6,160.65,232.8699951171875,0.6722139712524416,0.0370259995532744,0.0,5.0,24,2025-11-10 17:23:08+00:00,171.61444444444444,146.675,1.5780821917808219
2025-11-17 21:00:00+00:00,2027-06-17 00:00:00+00:00,AMZN,AMZN270617C00100000,call,True,100.0,140.35,144.2,148.22,232.8699951171875,0.6541172283935548,0.0370259995532744,0.0,1.0,165,2025-11-07 16:15:52+00:00,244.73555555555555,142.27499999999998,1.5780821917808219
2025-11-17 21:00:00+00:00,2027-06-17 00:00:00+00:00,AMZN,AMZN270617C00105000,call,True,105.0,136.65,139.35,147.93,232.8699951171875,0.6391637646484375,0.0370259995532744,0.0,2.0,118,2025-11-06 20:57:29+00:00,264.0419444444444,138.0,1.5780821917808219
2025-11-17 21:00:00+00:00,2027-06-17 00:00:00+00:00,AMZN,AMZN270617C00110000,call,True,110.0,132.3,135.0,138.6,232.8699951171875,0.6225318508911133,0.0370259995532744,0.0,1.0,235,2025-11-13 20:03:43+00:00,96.93805555555555,133.65,1.5780821917808219
2025-11-17 21:00:00+00:00,2027-06-17 00:00:00+00:00,AMZN,AMZN270617C00115000,call,True,115.0,128.05,131.25,145.27,232.8699951171875,0.6130714962768556,0.0370259995532744,0.0,16.0,112,2025-11-04 19:54:54+00:00,313.085,129.65,1.5780821917808219
2025-11-17 21:00:00+00:00,2027-06-17 00:00:00+00:00,AMZN,AMZN270617C00120000,call,True,120.0,123.15,127.0,127.35,232.8699951171875,0.5921366470336916,0.0370259995532744,0.0,2.0,56,2025-11-14 14:30:10+00:00,78.49722222222222,125.075,1.5780821917808219
2025-11-17 21:00:00+00:00,2027-06-17 00:00:00+00:00,AMZN,AMZN270617C00125000,call,True,125.0,119.6,122.3,134.55,232.8699951171875,0.5798992205810547,0.0370259995532744,0.0,1.0,116,2025-11-05 15:22:21+00:00,293.6275,120.94999999999999,1.5780821917808219
2025-11-17 21:00:00+00:00,2027-06-17 00:00:00+00:00,AMZN,AMZN270617C00130000,call,True,130.0,116.45,117.55,126.3,232.8699951171875,0.5704083486938477,0.0370259995532744,0.0,50.0,286,2025-11-07 20:05:03+00:00,240.91583333333332,117.0,1.5780821917808219
2025-11-17 21:00:00+00:00,2027-06-17 00:00:00+00:00,AMZN,AMZN270617C00135000,call,True,135.0,112.4,113.1,133.3,232.8699951171875,0.5555464367675782,0.0370259995532744,0.0,7.0,117,2025-11-03 16:43:21+00:00,340.2775,112.75,1.5780821917808219
2025-11-17 21:00:00+00:00,2027-06-17 00:00:00+00:00,AMZN,AMZN270617C00140000,call,True,140.0,108.5,109.45,117.44,232.8699951171875,0.5480391876220705,0.0370259995532744,0.0,2.0,1367,2025-11-13 15:06:36+00:00,101.89,108.975,1.5780821917808219
2025-11-17 21:00:00+00:00,2027-06-17 00:00:00+00:00,AMZN,AMZN270617C00145000,call,True,145.0,104.55,105.55,117.6,232.8699951171875,0.5376938320922852,0.0370259995532744,0.0,1.0,224,2025-11-06 15:06:10+00:00,269.89722222222224,105.05,1.5780821917808219
2025-11-17 21:00:00+00:00,2027-06-17 00:00:00+00:00,AMZN,AMZN270617C00150000,call,True,150.0,100.65,101.75,97.9,232.8699951171875,0.528050373840332,0.0370259995532744,0.0,3.0,356,2025-11-14 15:17:34+00:00,77.70722222222223,101.2,1.5780821917808219
2025-11-17 21:00:00+00:00,2027-06-17 00:00:00+00:00,AMZN,AMZN270617C00155000,call,True,155.0,96.95,98.4,104.35,232.8699951171875,0.522343643798828,0.0370259995532744,0.0,6.0,206,2025-11-07 18:45:56+00:00,242.23444444444445,97.67500000000001,1.5780821917808219
2025-11-17 21:00:00+00:00,2027-06-17 00:00:00+00:00,AMZN,AMZN270617C00160000,call,True,160.0,93.3,93.9,96.12,232.8699951171875,0.5088550091552735,0.0370259995532744,0.0,4.0,230,2025-11-14 18:26:39+00:00,74.55583333333334,93.6,1.5780821917808219
2025-11-17 21:00:00+00:00,2027-06-17 00:00:00+00:00,AMZN,AMZN270617C00165000,call,True,165.0,89.6,90.3,95.5,232.8699951171875,0.5005390522766113,0.0370259995532744,0.0,11.0,167,2025-11-13 16:18:08+00:00,100.69777777777777,89.94999999999999,1.5780821917808219
2025-11-17 21:00:00+00:00,2027-06-17 00:00:00+00:00,AMZN,AMZN270617C00170000,call,True,170.0,86.15,86.75,87.0,232.8699951171875,0.4971211177062989,0.0370259995532744,0.0,1.0,270,2025-11-17 16:39:16+00:00,4.345555555555555,86.45,1.5780821917808219
2025-11-17 21:00:00+00:00,2027-06-17 00:00:00+00:00,AMZN,AMZN270617C00175000,call,True,175.0,82.7,83.6,87.55,232.8699951171875,0.49347430358886724,0.0370259995532744,0.0,5.0,170,2025-11-13 18:56:07+00:00,98.06472222222222,83.15,1.5780821917808219
2025-11-17 21:00:00+00:00,2027-06-17 00:00:00+00:00,AMZN,AMZN270617C00180000,call,True,180.0,79.4,79.9,79.35,232.8699951171875,0.48291532714843755,0.0370259995532744,0.0,9.0,5391,2025-11-17 19:34:57+00:00,1.4175,79.65,1.5780821917808219
2025-11-17 21:00:00+00:00,2027-06-17 00:00:00+00:00,AMZN,AMZN270617C00185000,call,True,185.0,76.1,76.7,76.0,232.8699951171875,0.47745273529052734,0.0370259995532744,0.0,1.0,608,2025-11-17 18:12:42+00:00,2.7883333333333336,76.4,1.5780821917808219
2025-11-17 21:00:00+00:00,2027-06-17 00:00:00+00:00,AMZN,AMZN270617C00190000,call,True,190.0,72.9,73.5,71.98,232.8699951171875,0.47137979797363283,0.0370259995532744,0.0,18.0,788,2025-11-17 19:09:29+00:00,1.8419444444444444,73.2,1.5780821917808219
2025-11-17 21:00:00+00:00,2027-06-17 00:00:00+00:00,AMZN,AMZN270617C00195000,call,True,195.0,69.85,70.4,69.2,232.8699951171875,0.465749361114502,0.0370259995532744,0.0,5.0,457,2025-11-12 20:12:14+00:00,120.79611111111112,70.125,1.5780821917808219
2025-11-17 21:00:00+00:00,2027-06-17 00:00:00+00:00,AMZN,AMZN270617C00200000,call,True,200.0,66.9,67.4,67.2,232.8699951171875,0.4605461660766602,0.0370259995532744,0.0,40.0,4592,2025-11-17 20:51:38+00:00,0.13944444444444445,67.15,1.5780821917808219
2025-11-17 21:00:00+00:00,2027-06-17 00:00:00+00:00,AMZN,AMZN270617C00205000,call,True,205.0,63.9,64.5,68.0,232.8699951171875,0.45570917831420904,0.0370259995532744,0.0,4.0,468,2025-11-14 16:36:48+00:00,76.38666666666667,64.2,1.5780821917808219
2025-11-17 21:00:00+00:00,2027-06-17 00:00:00+00:00,AMZN,AMZN270617C00210000,call,True,210.0,61.1,61.7,60.65,232.8699951171875,0.45122313919067386,0.0370259995532744,0.0,3.0,847,2025-11-17 20:33:46+00:00,0.43722222222222223,61.400000000000006,1.5780821917808219
2025-11-17 21:00:00+00:00,2027-06-17 00:00:00+00:00,AMZN,AMZN270617C00215000,call,True,215.0,58.45,58.95,57.41,232.8699951171875,0.44659977233886716,0.0370259995532744,0.0,9.0,587,2025-11-17 16:26:25+00:00,4.559722222222222,58.7,1.5780821917808219
2025-11-17 21:00:00+00:00,2027-06-17 00:00:00+00:00,AMZN,AMZN270617C00220000,call,True,220.0,55.8,56.35,56.0,232.8699951171875,0.44278511322021485,0.0370259995532744,0.0,22.0,1404,2025-11-17 20:49:40+00:00,0.17222222222222222,56.075,1.5780821917808219
2025-11-17 21:00:00+00:00,2027-06-17 00:00:00+00:00,AMZN,AMZN270617C00225000,call,True,225.0,53.3,53.8,52.36,232.8699951171875,0.4387873504638672,0.0370259995532744,0.0,18.0,1510,2025-11-17 20:18:20+00:00,0.6944444444444444,53.55,1.5780821917808219
2025-11-17 21:00:00+00:00,2027-06-17 00:00:00+00:00,AMZN,AMZN270617C00230000,call,True,230.0,50.8,51.35,49.92,232.8699951171875,0.4351100190734864,0.0370259995532744,0.0,48.0,1709,2025-11-17 20:13:52+00:00,0.7688888888888888,51.075,1.5780821917808219
2025-11-17 21:00:00+00:00,2027-06-17 00:00:00+00:00,AMZN,AMZN270617C00235000,call,False,235.0,48.45,49.0,47.6,232.8699951171875,0.43172260177612304,0.0370259995532744,0.0,16.0,578,2025-11-17 20:13:52+00:00,0.7688888888888888,48.725,1.5780821917808219
2025-11-17 21:00:00+00:00,2027-06-17 00:00:00+00:00,AMZN,AMZN270617C00240000,call,False,240.0,46.2,46.75,46.51,232.8699951171875,0.42862509857177733,0.0370259995532744,0.0,5.0,1621,2025-11-17 17:42:09+00:00,3.2975,46.475,1.5780821917808219
2025-11-17 21:00:00+00:00,2027-06-17 00:00:00+00:00,AMZN,AMZN270617C00245000,call,False,245.0,44.05,44.45,46.0,232.8699951171875,0.42450526672363287,0.0370259995532744,0.0,3.0,397,2025-11-14 18:23:30+00:00,74.60833333333333,44.25,1.5780821917808219
2025-11-17 21:00:00+00:00,2027-06-17 00:00:00+00:00,AMZN,AMZN270617C00250000,call,False,250.0,42.0,42.35,41.23,232.8699951171875,0.4215603498840332,0.0370259995532744,0.0,35.0,3137,2025-11-17 15:28:21+00:00,5.5275,42.175,1.5780821917808219
2025-11-17 21:00:00+00:00,2027-06-17 00:00:00+00:00,AMZN,AMZN270617C00255000,call,False,255.0,40.05,40.35,40.05,232.8699951171875,0.41890534713745115,0.0370259995532744,0.0,141.0,2354,2025-11-17 20:38:46+00:00,0.35388888888888886,40.2,1.5780821917808219
2025-11-17 21:00:00+00:00,2027-06-17 00:00:00+00:00,AMZN,AMZN270617C00260000,call,False,260.0,38.05,38.35,37.0,232.8699951171875,0.41568577484130853,0.0370259995532744,0.0,3.0,592,2025-11-17 20:00:00+00:00,1.0,38.2,1.5780821917808219
2025-11-17 21:00:00+00:00,2027-06-17 00:00:00+00:00,AMZN,AMZN270617C00265000,call,False,265.0,36.2,36.55,35.6,232.8699951171875,0.4136258589172363,0.0370259995532744,0.0,4.0,846,2025-11-17 20:21:00+00:00,0.65,36.375,1.5780821917808219
2025-11-17 21:00:00+00:00,2027-06-17 00:00:00+00:00,AMZN,AMZN270617C00270000,call,False,270.0,34.4,34.7,33.95,232.8699951171875,0.41058939025878904,0.0370259995532744,0.0,5.0,2305,2025-11-17 20:21:00+00:00,0.65,34.55,1.5780821917808219
2025-11-17 21:00:00+00:00,2027-06-17 00:00:00+00:00,AMZN,AMZN270617C00275000,call,False,275.0,32.5,33.1,32.8,232.8699951171875,0.40918559570312496,0.0370259995532744,0.0,78.0,430,2025-11-17 20:13:08+00:00,0.7811111111111111,32.8,1.5780821917808219
2025-11-17 21:00:00+00:00,2027-06-17 00:00:00+00:00,AMZN,AMZN270617C00280000,call,False,280.0,31.1,31.35,30.6,232.8699951171875,0.40595076477050784,0.0370259995532744,0.0,6.0,5622,2025-11-17 17:25:28+00:00,3.5755555555555554,31.225,1.5780821917808219
2025-11-17 21:00:00+00:00,2027-06-17 00:00:00+00:00,AMZN,AMZN270617C00285000,call,False,285.0,29.5,29.85,30.3,232.8699951171875,0.4043638665771484,0.0370259995532744,0.0,13.0,436,2025-11-14 20:40:41+00:00,72.32194444444444,29.675,1.5780821917808219
2025-11-17 21:00:00+00:00,2027-06-17 00:00:00+00:00,AMZN,AMZN270617C00290000,call,False,290.0,28.05,28.3,28.15,232.8699951171875,0.40183093292236327,0.0370259995532744,0.0,5.0,346,2025-11-17 17:50:58+00:00,3.1505555555555556,28.175,1.5780821917808219
2025-11-17 21:00:00+00:00,2027-06-17 00:00:00+00:00,AMZN,AMZN270617C00295000,call,False,295.0,26.6,26.95,27.95,232.8699951171875,0.4005492074584961,0.0370259995532744,0.0,204.0,913,2025-11-14 18:09:14+00:00,74.84611111111111,26.775,1.5780821917808219
2025-11-17 21:00:00+00:00,2027-06-17 00:00:00+00:00,AMZN,AMZN270617C00300000,call,False,300.0,25.25,25.5,24.37,232.8699951171875,0.3979247219848633,0.0370259995532744,0.0,63.0,4465,2025-11-17 20:01:59+00:00,0.9669444444444445,25.375,1.5780821917808219
2025-11-17 21:00:00+00:00,2027-06-17 00:00:00+00:00,AMZN,AMZN270617C00305000,call,False,305.0,23.95,24.2,22.89,232.8699951171875,0.3961242028808594,0.0370259995532744,0.0,100.0,450,2025-11-17 15:22:15+00:00,5.629166666666666,24.075,1.5780821917808219
2025-11-17 21:00:00+00:00,2027-06-17 00:00:00+00:00,AMZN,AMZN270617C00310000,call,False,310.0,22.7,23.0,22.8,232.8699951171875,0.3947661842346192,0.0370259995532744,0.0,21.0,731,2025-11-17 17:44:07+00:00,3.2647222222222223,22.85,1.5780821917808219
2025-11-17 21:00:00+00:00,2027-06-17 00:00:00+00:00,AMZN,AMZN270617C00315000,call,False,315.0,21.5,21.75,20.9,232.8699951171875,0.3924926473999023,0.0370259995532744,0.0,25.0,202,2025-11-17 19:13:02+00:00,1.7827777777777778,21.625,1.5780821917808219
2025-11-17 21:00:00+00:00,2027-06-17 00:00:00+00:00,AMZN,AMZN270617C00320000,call,False,320.0,20.25,20.65,19.8,232.8699951171875,0.3911498873901367,0.0370259995532744,0.0,39.0,646,2025-11-17 19:56:12+00:00,1.0633333333333332,20.45,1.5780821917808219
2025-11-17 21:00:00+00:00,2027-06-17 00:00:00+00:00,AMZN,AMZN270617C00325000,call,False,325.0,19.3,19.55,18.75,232.8699951171875,0.38934936828613287,0.0370259995532744,0.0,16.0,586,2025-11-17 19:13:02+00:00,1.7827777777777778,19.425,1.5780821917808219
2025-11-17 21:00:00+00:00,2027-06-17 00:00:00+00:00,AMZN,AMZN270617C00330000,call,False,330.0,18.25,18.55,17.8,232.8699951171875,0.3880829014587402,0.0370259995532744,0.0,49.0,3880,2025-11-17 15:24:06+00:00,5.598333333333334,18.4,1.5780821917808219
2025-11-17 21:00:00+00:00,2027-06-17 00:00:00+00:00,AMZN,AMZN270617C00335000,call,False,335.0,17.3,17.55,16.3,232.8699951171875,0.38638919281005857,0.0370259995532744,0.0,5.0,325,2025-11-17 15:57:28+00:00,5.042222222222223,17.425,1.5780821917808219
2025-11-17 21:00:00+00:00,2027-06-17 00:00:00+00:00,AMZN,AMZN270617C00340000,call,False,340.0,16.35,16.6,17.3,232.8699951171875,0.38475651870727534,0.0370259995532744,0.0,1.0,964,2025-11-14 18:26:24+00:00,74.56,16.475,1.5780821917808219
2025-11-17 21:00:00+00:00,2027-06-17 00:00:00+00:00,AMZN,AMZN270617C00350000,call,False,350.0,14.65,14.9,14.85,232.8699951171875,0.3822846195983886,0.0370259995532744,0.0,28.0,6887,2025-11-17 16:28:55+00:00,4.518055555555556,14.775,1.5780821917808219
2025-11-17 21:00:00+00:00,2027-06-17 00:00:00+00:00,AMZN,AMZN270617C00360000,call,False,360.0,13.15,13.35,13.15,232.8699951171875,0.37982797912597654,0.0370259995532744,0.0,21.0,4384,2025-11-17 17:56:12+00:00,3.0633333333333335,13.25,1.5780821917808219
2025-11-17 21:00:00+00:00,2027-06-17 00:00:00+00:00,AMZN,AMZN270617C00370000,call,False,370.0,11.75,12.0,11.77,232.8699951171875,0.37804271865844724,0.0370259995532744,0.0,17.0,551,2025-11-17 18:24:47+00:00,2.5869444444444443,11.875,1.5780821917808219
2025-11-17 21:00:00+00:00,2027-06-17 00:00:00+00:00,AMZN,AMZN270617P00085000,put,False,85.0,1.24,1.35,1.25,232.8699951171875,0.4635063415527344,0.0370259995532744,0.0,1.0,341,2025-11-14 20:59:20+00:00,72.0111111111111,1.295,1.5780821917808219
2025-11-17 21:00:00+00:00,2027-06-17 00:00:00+00:00,AMZN,AMZN270617P00090000,put,False,90.0,1.46,1.58,1.01,232.8699951171875,0.45325253784179687,0.0370259995532744,0.0,6.0,104,2025-10-31 15:28:54+00:00,413.5183333333333,1.52,1.5780821917808219
2025-11-17 21:00:00+00:00,2027-06-17 00:00:00+00:00,AMZN,AMZN270617P00095000,put,False,95.0,1.74,1.83,1.74,232.8699951171875,0.44312080322265623,0.0370259995532744,0.0,10.0,774,2025-11-14 17:55:53+00:00,75.06861111111111,1.7850000000000001,1.5780821917808219
2025-11-17 21:00:00+00:00,2027-06-17 00:00:00+00:00,AMZN,AMZN270617P00100000,put,False,100.0,2.0,2.12,1.5,232.8699951171875,0.43396562133789063,0.0370259995532744,0.0,5.0,180,2025-11-05 16:32:42+00:00,292.455,2.06,1.5780821917808219
2025-11-17 21:00:00+00:00,2027-06-17 00:00:00+00:00,AMZN,AMZN270617P00105000,put,False,105.0,2.33,2.45,2.04,232.8699951171875,0.4255428540039063,0.0370259995532744,0.0,2.0,115,2025-11-07 17:21:07+00:00,243.64805555555554,2.39,1.5780821917808219
2025-11-17 21:00:00+00:00,2027-06-17 00:00:00+00:00,AMZN,AMZN270617P00110000,put,False,110.0,2.69,2.82,2.08,232.8699951171875,0.4175473284912109,0.0370259995532744,0.0,2.0,508,2025-11-10 18:29:51+00:00,170.5025,2.755,1.5780821917808219
2025-11-17 21:00:00+00:00,2027-06-17 00:00:00+00:00,AMZN,AMZN270617P00115000,put,False,115.0,3.1,3.25,3.3,232.8699951171875,0.4105283557128906,0.0370259995532744,0.0,1.0,97,2025-11-13 15:22:53+00:00,101.61861111111111,3.175,1.5780821917808219
2025-11-17 21:00:00+00:00,2027-06-17 00:00:00+00:00,AMZN,AMZN270617P00120000,put,False,120.0,3.6,3.75,3.04,232.8699951171875,0.40442490112304685,0.0370259995532744,0.0,1.0,781,2025-11-06 20:58:18+00:00,264.0283333333333,3.675,1.5780821917808219
2025-11-17 21:00:00+00:00,2027-06-17 00:00:00+00:00,AMZN,AMZN270617P00125000,put,False,125.0,4.1,4.25,2.89,232.8699951171875,0.3971007556152344,0.0370259995532744,0.0,2.0,291,2025-10-31 15:27:26+00:00,413.54277777777776,4.175,1.5780821917808219
2025-11-17 21:00:00+00:00,2027-06-17 00:00:00+00:00,AMZN,AMZN270617P00130000,put,False,130.0,4.7,4.85,3.1,232.8699951171875,0.3913024737548828,0.0370259995532744,0.0,2.0,540,2025-11-03 18:01:14+00:00,338.9794444444444,4.775,1.5780821917808219
2025-11-17 21:00:00+00:00,2027-06-17 00:00:00+00:00,AMZN,AMZN270617P00135000,put,False,135.0,5.4,5.55,4.93,232.8699951171875,0.3865417791748046,0.0370259995532744,0.0,2.0,611,2025-11-13 18:24:14+00:00,98.59611111111111,5.475,1.5780821917808219
2025-11-17 21:00:00+00:00,2027-06-17 00:00:00+00:00,AMZN,AMZN270617P00140000,put,False,140.0,6.1,6.25,6.35,232.8699951171875,0.380590910949707,0.0370259995532744,0.0,26.0,749,2025-11-17 15:21:12+00:00,5.6466666666666665,6.175,1.5780821917808219
2025-11-17 21:00:00+00:00,2027-06-17 00:00:00+00:00,AMZN,AMZN270617P00145000,put,False,145.0,6.9,7.1,5.6,232.8699951171875,0.37641004455566407,0.0370259995532744,0.0,2.0,323,2025-11-12 20:41:17+00:00,120.31194444444445,7.0,1.5780821917808219
2025-11-17 21:00:00+00:00,2027-06-17 00:00:00+00:00,AMZN,AMZN270617P00150000,put,False,150.0,7.8,7.95,7.92,232.8699951171875,0.37106952178955077,0.0370259995532744,0.0,88.0,2635,2025-11-17 14:42:04+00:00,6.2988888888888885,7.875,1.5780821917808219
2025-11-17 21:00:00+00:00,2027-06-17 00:00:00+00:00,AMZN,AMZN270617P00155000,put,False,155.0,8.75,8.95,7.72,232.8699951171875,0.36710227630615233,0.0370259995532744,0.0,1.0,751,2025-11-07 16:10:23+00:00,244.82694444444445,8.85,1.5780821917808219
2025-11-17 21:00:00+00:00,2027-06-17 00:00:00+00:00,AMZN,AMZN270617P00160000,put,False,160.0,9.8,9.95,9.85,232.8699951171875,0.36200589172363284,0.0370259995532744,0.0,1.0,1828,2025-11-17 17:10:00+00:00,3.8333333333333335,9.875,1.5780821917808219
2025-11-17 21:00:00+00:00,2027-06-17 00:00:00+00:00,AMZN,AMZN270617P00165000,put,False,165.0,10.9,11.1,10.3,232.8699951171875,0.35806916351318363,0.0370259995532744,0.0,1.0,2388,2025-11-14 16:20:42+00:00,76.655,11.0,1.5780821917808219
2025-11-17 21:00:00+00:00,2027-06-17 00:00:00+00:00,AMZN,AMZN270617P00170000,put,False,170.0,12.15,12.35,12.05,232.8699951171875,0.354376573486328,0.0370259995532744,0.0,25.0,1420,2025-11-17 14:56:09+00:00,6.064166666666667,12.25,1.5780821917808219
2025-11-17 21:00:00+00:00,2027-06-17 00:00:00+00:00,AMZN,AMZN270617P00175000,put,False,175.0,13.45,13.7,13.5,232.8699951171875,0.3508976043701171,0.0370259995532744,0.0,7.0,1782,2025-11-17 16:32:30+00:00,4.458333333333333,13.575,1.5780821917808219
2025-11-17 21:00:00+00:00,2027-06-17 00:00:00+00:00,AMZN,AMZN270617P00180000,put,False,180.0,14.85,15.05,15.1,232.8699951171875,0.3463810479736328,0.0370259995532744,0.0,11.0,2385,2025-11-17 18:39:21+00:00,2.3441666666666667,14.95,1.5780821917808219
2025-11-17 21:00:00+00:00,2027-06-17 00:00:00+00:00,AMZN,AMZN270617P00185000,put,False,185.0,16.35,16.6,16.4,232.8699951171875,0.343207251586914,0.0370259995532744,0.0,6.0,784,2025-11-17 16:32:30+00:00,4.458333333333333,16.475,1.5780821917808219
2025-11-17 21:00:00+00:00,2027-06-17 00:00:00+00:00,AMZN,AMZN270617P00190000,put,False,190.0,17.9,18.2,18.39,232.8699951171875,0.33956043746948245,0.0370259995532744,0.0,1.0,2020,2025-11-17 16:26:25+00:00,4.559722222222222,18.049999999999997,1.5780821917808219
2025-11-17 21:00:00+00:00,2027-06-17 00:00:00+00:00,AMZN,AMZN270617P00195000,put,False,195.0,19.6,19.85,16.5,232.8699951171875,0.3355016401672363,0.0370259995532744,0.0,14.0,1247,2025-11-12 19:56:24+00:00,121.06,19.725,1.5780821917808219
2025-11-17 21:00:00+00:00,2027-06-17 00:00:00+00:00,AMZN,AMZN270617P00200000,put,False,200.0,21.4,21.65,22.14,232.8699951171875,0.3320379296875,0.0370259995532744,0.0,1.0,3128,2025-11-14 15:44:15+00:00,77.2625,21.525,1.5780821917808219
2025-11-17 21:00:00+00:00,2027-06-17 00:00:00+00:00,AMZN,AMZN270617P00205000,put,False,205.0,23.3,23.55,22.35,232.8699951171875,0.32863525375366204,0.0370259995532744,0.0,2.0,408,2025-11-14 15:44:38+00:00,77.25611111111111,23.425,1.5780821917808219
2025-11-17 21:00:00+00:00,2027-06-17 00:00:00+00:00,AMZN,AMZN270617P00210000,put,False,210.0,25.25,25.55,26.4,232.8699951171875,0.325278353729248,0.0370259995532744,0.0,3.0,1481,2025-11-17 16:17:11+00:00,4.713611111111111,25.4,1.5780821917808219
2025-11-17 21:00:00+00:00,2027-06-17 00:00:00+00:00,AMZN,AMZN270617P00215000,put,False,215.0,27.35,27.65,28.0,232.8699951171875,0.3219367123413085,0.0370259995532744,0.0,2.0,507,2025-11-12 16:19:18+00:00,124.67833333333333,27.5,1.5780821917808219
2025-11-17 21:00:00+00:00,2027-06-17 00:00:00+00:00,AMZN,AMZN270617P00220000,put,False,220.0,29.45,29.85,29.48,232.8699951171875,0.3186103295898437,0.0370259995532744,0.0,3.0,1827,2025-11-14 15:28:02+00:00,77.53277777777778,29.65,1.5780821917808219
2025-11-17 21:00:00+00:00,2027-06-17 00:00:00+00:00,AMZN,AMZN270617P00225000,put,False,225.0,31.85,32.15,30.0,232.8699951171875,0.3152992054748534,0.0370259995532744,0.0,2.0,546,2025-11-14 17:14:37+00:00,75.75638888888889,32.0,1.5780821917808219
2025-11-17 21:00:00+00:00,2027-06-17 00:00:00+00:00,AMZN,AMZN270617P00230000,put,False,230.0,34.15,34.55,34.65,232.8699951171875,0.31200333999633784,0.0370259995532744,0.0,10.0,697,2025-11-11 16:39:17+00:00,148.34527777777777,34.349999999999994,1.5780821917808219
2025-11-17 21:00:00+00:00,2027-06-17 00:00:00+00:00,AMZN,AMZN270617P00235000,put,True,235.0,36.65,37.05,37.92,232.8699951171875,0.30870747451782227,0.0370259995532744,0.0,2.0,543,2025-11-17 16:22:04+00:00,4.6322222222222225,36.849999999999994,1.5780821917808219
2025-11-17 21:00:00+00:00,2027-06-17 00:00:00+00:00,AMZN,AMZN270617P00240000,put,True,240.0,39.25,39.65,32.59,232.8699951171875,0.30541160903930664,0.0370259995532744,0.0,4.0,762,2025-11-10 19:40:13+00:00,169.32972222222222,39.45,1.5780821917808219
2025-11-17 21:00:00+00:00,2027-06-17 00:00:00+00:00,AMZN,AMZN270617P00245000,put,True,245.0,41.9,42.35,36.46,232.8699951171875,0.302115743560791,0.0370259995532744,0.0,1.0,441,2025-11-12 15:41:24+00:00,125.31,42.125,1.5780821917808219
2025-11-17 21:00:00+00:00,2027-06-17 00:00:00+00:00,AMZN,AMZN270617P00250000,put,True,250.0,44.75,45.15,45.78,232.8699951171875,0.29883513671874995,0.0370259995532744,0.0,25.0,739,2025-11-17 20:20:14+00:00,0.6627777777777778,44.95,1.5780821917808219
2025-11-17 21:00:00+00:00,2027-06-17 00:00:00+00:00,AMZN,AMZN270617P00255000,put,True,255.0,46.85,48.1,40.05,232.8699951171875,0.29599703033447267,0.0370259995532744,0.0,3.0,198,2025-11-10 15:29:28+00:00,173.5088888888889,47.475,1.5780821917808219
2025-11-17 21:00:00+00:00,2027-06-17 00:00:00+00:00,AMZN,AMZN270617P00260000,put,True,260.0,50.55,51.05,42.54,232.8699951171875,0.29230444030761704,0.0370259995532744,0.0,1.0,349,2025-11-11 18:33:45+00:00,146.4375,50.8,1.5780821917808219
2025-11-17 21:00:00+00:00,2027-06-17 00:00:00+00:00,AMZN,AMZN270617P00265000,put,True,265.0,53.65,54.1,45.3,232.8699951171875,0.28864236755371087,0.0370259995532744,0.0,3.0,318,2025-11-10 18:21:35+00:00,170.64027777777778,53.875,1.5780821917808219
2025-11-17 21:00:00+00:00,2027-06-17 00:00:00+00:00,AMZN,AMZN270617P00270000,put,True,270.0,56.8,57.35,54.45,232.8699951171875,0.28586529571533204,0.0370259995532744,0.0,90.0,487,2025-11-13 20:05:10+00:00,96.91388888888889,57.075,1.5780821917808219
2025-11-17 21:00:00+00:00,2027-06-17 00:00:00+00:00,AMZN,AMZN270617P00275000,put,True,275.0,60.05,60.6,51.1,232.8699951171875,0.2822489988708496,0.0370259995532744,0.0,3.0,188,2025-11-10 18:21:32+00:00,170.64111111111112,60.325,1.5780821917808219
2025-11-17 21:00:00+00:00,2027-06-17 00:00:00+00:00,AMZN,AMZN270617P00280000,put,True,280.0,63.4,63.95,52.1,232.8699951171875,0.27866321929931637,0.0370259995532744,0.0,2.0,340,2025-11-04 15:52:44+00:00,317.12111111111113,63.675,1.5780821917808219
2025-11-17 21:00:00+00:00,2027-06-17 00:00:00+00:00,AMZN,AMZN270617P00285000,put,True,285.0,66.8,67.35,53.25,232.8699951171875,0.27466545654296876,0.0370259995532744,0.0,19.0,199,2025-11-03 15:42:14+00:00,341.2961111111111,67.07499999999999,1.5780821917808219
2025-11-17 21:00:00+00:00,2027-06-17 00:00:00+00:00,AMZN,AMZN270617P00290000,put,True,290.0,68.6,72.5,56.25,232.8699951171875,0.28635357208251955,0.0370259995532744,0.0,26.0,140,2025-11-03 14:39:43+00:00,342.33805555555557,70.55,1.5780821917808219
2025-11-17 21:00:00+00:00,2027-06-17 00:00:00+00:00,AMZN,AMZN270617P00295000,put,True,295.0,73.9,74.5,75.52,232.8699951171875,0.2672955351257324,0.0370259995532744,0.0,1.0,71,2025-11-17 15:31:53+00:00,5.4686111111111115,74.2,1.5780821917808219
2025-11-17 21:00:00+00:00,2027-06-17 00:00:00+00:00,AMZN,AMZN270617P00300000,put,True,300.0,77.6,78.2,79.31,232.8699951171875,0.2634808760070801,0.0370259995532744,0.0,7.0,129,2025-11-10 20:22:32+00:00,168.62444444444444,77.9,1.5780821917808219
2025-11-17 21:00:00+00:00,2027-06-17 00:00:00+00:00,AMZN,AMZN270617P00305000,put,True,305.0,81.35,81.95,75.74,232.8699951171875,0.2592389750671387,0.0370259995532744,0.0,2.0,101,2025-11-07 19:02:10+00:00,241.9638888888889,81.65,1.5780821917808219
2025-11-17 21:00:00+00:00,2027-06-17 00:00:00+00:00,AMZN,AMZN270617P00310000,put,True,310.0,85.0,86.0,79.44,232.8699951171875,0.2573011282348633,0.0370259995532744,0.0,2.0,313,2025-11-07 19:02:03+00:00,241.96583333333334,85.5,1.5780821917808219
2025-11-17 21:00:00+00:00,2027-06-17 00:00:00+00:00,AMZN,AMZN270617P00315000,put,True,315.0,89.1,89.9,78.15,232.8699951171875,0.2527998304748535,0.0370259995532744,0.0,4.0,85,2025-11-11 17:06:08+00:00,147.89777777777778,89.5,1.5780821917808219
2025-11-17 21:00:00+00:00,2027-06-17 00:00:00+00:00,AMZN,AMZN270617P00320000,put,True,320.0,92.9,93.9,77.2,232.8699951171875,0.24842060180664063,0.0370259995532744,0.0,1.0,179,2025-11-03 15:35:14+00:00,341.41277777777776,93.4,1.5780821917808219
2025-11-17 21:00:00+00:00,2027-06-17 00:00:00+00:00,AMZN,AMZN270617P00325000,put,True,325.0,97.0,97.95,103.2,232.8699951171875,0.24353783813476562,0.0370259995532744,0.0,4.0,77,2025-10-30 16:35:39+00:00,436.4058333333333,97.475,1.5780821917808219
2025-11-17 21:00:00+00:00,2027-06-17 00:00:00+00:00,AMZN,AMZN270617P00330000,put,True,330.0,101.15,102.1,84.67,232.8699951171875,0.23880766082763671,0.0370259995532744,0.0,2.0,49,2025-11-03 15:03:31+00:00,341.94138888888887,101.625,1.5780821917808219
2025-11-17 21:00:00+00:00,2027-06-17 00:00:00+00:00,AMZN,AMZN270617P00335000,put,True,335.0,105.55,106.4,114.0,232.8699951171875,0.23508455352783203,0.0370259995532744,0.0,18.0,115,2025-10-30 19:56:02+00:00,433.0661111111111,105.975,1.5780821917808219
2025-11-17 21:00:00+00:00,2027-06-17 00:00:00+00:00,AMZN,AMZN270617P00340000,put,True,340.0,109.65,110.65,92.0,232.8699951171875,0.2293167889404297,0.0370259995532744,0.0,4.0,152,2025-11-03 16:16:20+00:00,340.72777777777776,110.15,1.5780821917808219
2025-11-17 21:00:00+00:00,2027-06-17 00:00:00+00:00,AMZN,AMZN270617P00350000,put,True,350.0,118.45,119.45,109.17,232.8699951171875,0.21851367431640623,0.0370259995532744,0.0,2.0,25,2025-11-07 20:41:03+00:00,240.31583333333333,118.95,1.5780821917808219
2025-11-17 21:00:00+00:00,2027-06-17 00:00:00+00:00,AMZN,AMZN270617P00360000,put,True,360.0,127.55,128.55,118.0,232.8699951171875,0.2074359042358398,0.0370259995532744,0.0,2.0,28,2025-11-07 20:41:03+00:00,240.31583333333333,128.05,1.5780821917808219
2025-11-17 21:00:00+00:00,2027-12-17 00:00:00+00:00,AMZN,AMZN271217C00085000,call,True,85.0,156.0,161.0,161.05,232.8699951171875,0.6918060604858399,0.0370259995532744,0.0,4.0,299,2025-11-14 15:23:20+00:00,77.61111111111111,158.5,2.0794520547945203
2025-11-17 21:00:00+00:00,2027-12-17 00:00:00+00:00,AMZN,AMZN271217C00090000,call,True,90.0,151.5,156.5,171.0,232.8699951171875,0.6685213812255861,0.0370259995532744,0.0,3.0,421,2025-11-04 17:49:56+00:00,315.16777777777776,154.0,2.0794520547945203
2025-11-17 21:00:00+00:00,2027-12-17 00:00:00+00:00,AMZN,AMZN271217C00095000,call,True,95.0,148.0,150.85,147.35,232.8699951171875,0.6447484255981445,0.0370259995532744,0.0,1.0,319,2025-11-04 17:49:56+00:00,315.16777777777776,149.425,2.0794520547945203
2025-11-17 21:00:00+00:00,2027-12-17 00:00:00+00:00,AMZN,AMZN271217C00100000,call,True,100.0,143.75,146.65,143.8,232.8699951171875,0.6289099609375001,0.0370259995532744,0.0,39.0,3469,2025-11-17 20:33:51+00:00,0.43583333333333335,145.2,2.0794520547945203
2025-11-17 21:00:00+00:00,2027-12-17 00:00:00+00:00,AMZN,AMZN271217C00105000,call,True,105.0,139.6,142.45,143.0,232.8699951171875,0.6142006353759766,0.0370259995532744,0.0,1.0,202,2025-11-14 14:53:11+00:00,78.11361111111111,141.02499999999998,2.0794520547945203
2025-11-17 21:00:00+00:00,2027-12-17 00:00:00+00:00,AMZN,AMZN271217C00110000,call,True,110.0,135.5,138.35,151.7,232.8699951171875,0.6009561389160158,0.0370259995532744,0.0,2.0,264,2025-11-10 18:14:52+00:00,170.75222222222223,136.925,2.0794520547945203
2025-11-17 21:00:00+00:00,2027-12-17 00:00:00+00:00,AMZN,AMZN271217C00115000,call,True,115.0,131.45,134.3,132.96,232.8699951171875,0.5884745742797851,0.0370259995532744,0.0,4.0,181,2025-11-11 16:28:49+00:00,148.5197222222222,132.875,2.0794520547945203
2025-11-17 21:00:00+00:00,2027-12-17 00:00:00+00:00,AMZN,AMZN271217C00120000,call,True,120.0,127.45,130.3,126.25,232.8699951171875,0.5767254241943358,0.0370259995532744,0.0,9.0,689,2025-11-12 16:02:26+00:00,124.95944444444444,128.875,2.0794520547945203
2025-11-17 21:00:00+00:00,2027-12-17 00:00:00+00:00,AMZN,AMZN271217C00125000,call,True,125.0,124.55,125.75,136.28,232.8699951171875,0.5689130023193358,0.0370259995532744,0.0,1.0,319,2025-11-12 19:43:56+00:00,121.26777777777778,125.15,2.0794520547945203
2025-11-17 21:00:00+00:00,2027-12-17 00:00:00+00:00,AMZN,AMZN271217C00130000,call,True,130.0,120.65,121.85,124.61,232.8699951171875,0.558170922241211,0.0370259995532744,0.0,11.0,222,2025-11-14 17:51:12+00:00,75.14666666666666,121.25,2.0794520547945203
2025-11-17 21:00:00+00:00,2027-12-17 00:00:00+00:00,AMZN,AMZN271217C00135000,call,True,135.0,115.9,118.05,128.75,232.8699951171875,0.5422103884887697,0.0370259995532744,0.0,3.0,232,2025-11-12 15:13:59+00:00,125.76694444444445,116.975,2.0794520547945203
2025-11-17 21:00:00+00:00,2027-12-17 00:00:00+00:00,AMZN,AMZN271217C00140000,call,True,140.0,113.1,115.5,112.2,232.8699951171875,0.54707789352417,0.0370259995532744,0.0,24.0,363,2025-11-17 19:46:58+00:00,1.2172222222222222,114.3,2.0794520547945203
2025-11-17 21:00:00+00:00,2027-12-17 00:00:00+00:00,AMZN,AMZN271217C00145000,call,True,145.0,107.5,112.5,109.47,232.8699951171875,0.5304917556762696,0.0370259995532744,0.0,2.0,199,2025-11-17 18:15:13+00:00,2.7463888888888888,110.0,2.0794520547945203
2025-11-17 21:00:00+00:00,2027-12-17 00:00:00+00:00,AMZN,AMZN271217C00150000,call,True,150.0,105.85,107.0,106.9,232.8699951171875,0.5228014028930664,0.0370259995532744,0.0,23.0,845,2025-11-17 16:38:25+00:00,4.3597222222222225,106.425,2.0794520547945203
2025-11-17 21:00:00+00:00,2027-12-17 00:00:00+00:00,AMZN,AMZN271217C00155000,call,True,155.0,102.35,103.5,101.5,232.8699951171875,0.5155688092041015,0.0370259995532744,0.0,2.0,258,2025-11-14 18:00:13+00:00,74.99638888888889,102.925,2.0794520547945203
2025-11-17 21:00:00+00:00,2027-12-17 00:00:00+00:00,AMZN,AMZN271217C00160000,call,True,160.0,98.95,100.05,99.25,232.8699951171875,0.5087787159729005,0.0370259995532744,0.0,8.0,832,2025-11-17 20:50:56+00:00,0.1511111111111111,99.5,2.0794520547945203
2025-11-17 21:00:00+00:00,2027-12-17 00:00:00+00:00,AMZN,AMZN271217C00165000,call,True,165.0,95.55,96.7,95.25,232.8699951171875,0.5021106918334962,0.0370259995532744,0.0,1.0,575,2025-11-14 18:48:42+00:00,74.18833333333333,96.125,2.0794520547945203
2025-11-17 21:00:00+00:00,2027-12-17 00:00:00+00:00,AMZN,AMZN271217C00170000,call,True,170.0,92.4,93.4,92.65,232.8699951171875,0.501683450012207,0.0370259995532744,0.0,1.0,839,2025-11-14 14:48:06+00:00,78.19833333333334,92.9,2.0794520547945203
2025-11-17 21:00:00+00:00,2027-12-17 00:00:00+00:00,AMZN,AMZN271217C00175000,call,True,175.0,89.2,90.15,88.0,232.8699951171875,0.49527482269287115,0.0370259995532744,0.0,8.0,664,2025-11-17 19:01:28+00:00,1.9755555555555555,89.67500000000001,2.0794520547945203
2025-11-17 21:00:00+00:00,2027-12-17 00:00:00+00:00,AMZN,AMZN271217C00180000,call,True,180.0,86.05,86.8,85.0,232.8699951171875,0.487508176727295,0.0370259995532744,0.0,39.0,1299,2025-11-17 16:09:24+00:00,4.843333333333334,86.425,2.0794520547945203
2025-11-17 21:00:00+00:00,2027-12-17 00:00:00+00:00,AMZN,AMZN271217C00185000,call,True,185.0,83.0,83.75,81.95,232.8699951171875,0.4822439471435547,0.0370259995532744,0.0,11.0,797,2025-11-14 20:52:56+00:00,72.11777777777777,83.375,2.0794520547945203
2025-11-17 21:00:00+00:00,2027-12-17 00:00:00+00:00,AMZN,AMZN271217C00190000,call,True,190.0,80.05,80.75,79.25,232.8699951171875,0.47699497619628906,0.0370259995532744,0.0,1.0,917,2025-11-14 20:15:21+00:00,72.74416666666667,80.4,2.0794520547945203
2025-11-17 21:00:00+00:00,2027-12-17 00:00:00+00:00,AMZN,AMZN271217C00195000,call,True,195.0,77.15,77.85,77.95,232.8699951171875,0.47221902297973634,0.0370259995532744,0.0,31.0,427,2025-11-17 17:21:58+00:00,3.633888888888889,77.5,2.0794520547945203
2025-11-17 21:00:00+00:00,2027-12-17 00:00:00+00:00,AMZN,AMZN271217C00200000,call,True,200.0,74.25,75.05,74.47,232.8699951171875,0.4678855702209473,0.0370259995532744,0.0,68.0,5561,2025-11-17 20:52:05+00:00,0.13194444444444445,74.65,2.0794520547945203
2025-11-17 21:00:00+00:00,2027-12-17 00:00:00+00:00,AMZN,AMZN271217C00205000,call,True,205.0,71.5,72.3,71.0,232.8699951171875,0.463521600189209,0.0370259995532744,0.0,3.0,758,2025-11-17 20:29:41+00:00,0.5052777777777778,71.9,2.0794520547945203
2025-11-17 21:00:00+00:00,2027-12-17 00:00:00+00:00,AMZN,AMZN271217C00210000,call,True,210.0,68.85,69.65,68.27,232.8699951171875,0.4595543547058106,0.0370259995532744,0.0,12.0,1749,2025-11-17 18:31:31+00:00,2.4747222222222223,69.25,2.0794520547945203
2025-11-17 21:00:00+00:00,2027-12-17 00:00:00+00:00,AMZN,AMZN271217C00215000,call,True,215.0,66.35,67.3,66.2,232.8699951171875,0.45763176651000986,0.0370259995532744,0.0,1.0,1114,2025-11-17 18:39:27+00:00,2.3425,66.82499999999999,2.0794520547945203
2025-11-17 21:00:00+00:00,2027-12-17 00:00:00+00:00,AMZN,AMZN271217C00220000,call,True,220.0,63.75,64.55,64.22,232.8699951171875,0.4519555537414551,0.0370259995532744,0.0,54.0,3683,2025-11-17 20:56:21+00:00,0.060833333333333336,64.15,2.0794520547945203
2025-11-17 21:00:00+00:00,2027-12-17 00:00:00+00:00,AMZN,AMZN271217C00225000,call,True,225.0,61.3,62.1,60.64,232.8699951171875,0.4483087396240234,0.0370259995532744,0.0,8.0,4069,2025-11-17 19:31:42+00:00,1.4716666666666667,61.7,2.0794520547945203
2025-11-17 21:00:00+00:00,2027-12-17 00:00:00+00:00,AMZN,AMZN271217C00230000,call,True,230.0,58.95,59.85,59.31,232.8699951171875,0.4458063232421875,0.0370259995532744,0.0,7.0,1596,2025-11-17 20:48:52+00:00,0.18555555555555556,59.400000000000006,2.0794520547945203
2025-11-17 21:00:00+00:00,2027-12-17 00:00:00+00:00,AMZN,AMZN271217C00235000,call,False,235.0,56.65,57.65,56.85,232.8699951171875,0.44325813095092775,0.0370259995532744,0.0,22.0,859,2025-11-17 17:46:04+00:00,3.232222222222222,57.15,2.0794520547945203
2025-11-17 21:00:00+00:00,2027-12-17 00:00:00+00:00,AMZN,AMZN271217C00240000,call,False,240.0,54.45,55.3,54.79,232.8699951171875,0.43912304046630857,0.0370259995532744,0.0,33.0,1012,2025-11-17 20:34:44+00:00,0.4211111111111111,54.875,2.0794520547945203
2025-11-17 21:00:00+00:00,2027-12-17 00:00:00+00:00,AMZN,AMZN271217C00245000,call,False,245.0,52.4,53.25,51.0,232.8699951171875,0.4368952795410156,0.0370259995532744,0.0,6.0,620,2025-11-17 15:17:15+00:00,5.7125,52.825,2.0794520547945203
2025-11-17 21:00:00+00:00,2027-12-17 00:00:00+00:00,AMZN,AMZN271217C00250000,call,False,250.0,50.25,51.05,50.0,232.8699951171875,0.4330958790588379,0.0370259995532744,0.0,22.0,2607,2025-11-17 16:27:06+00:00,4.548333333333333,50.65,2.0794520547945203
2025-11-17 21:00:00+00:00,2027-12-17 00:00:00+00:00,AMZN,AMZN271217C00255000,call,False,255.0,48.25,49.1,49.0,232.8699951171875,0.43079182495117196,0.0370259995532744,0.0,1.0,858,2025-11-17 17:29:32+00:00,3.5077777777777777,48.675,2.0794520547945203
2025-11-17 21:00:00+00:00,2027-12-17 00:00:00+00:00,AMZN,AMZN271217C00260000,call,False,260.0,45.55,47.05,45.73,232.8699951171875,0.42734337310791026,0.0370259995532744,0.0,52.0,2368,2025-11-17 19:02:31+00:00,1.9580555555555557,46.3,2.0794520547945203
2025-11-17 21:00:00+00:00,2027-12-17 00:00:00+00:00,AMZN,AMZN271217C00265000,call,False,265.0,43.7,45.2,45.08,232.8699951171875,0.425008801727295,0.0370259995532744,0.0,28.0,386,2025-11-17 17:14:20+00:00,3.761111111111111,44.45,2.0794520547945203
2025-11-17 21:00:00+00:00,2027-12-17 00:00:00+00:00,AMZN,AMZN271217C00270000,call,False,270.0,41.95,43.4,42.4,232.8699951171875,0.4226742303466796,0.0370259995532744,0.0,18.0,982,2025-11-17 20:24:08+00:00,0.5977777777777777,42.675,2.0794520547945203
2025-11-17 21:00:00+00:00,2027-12-17 00:00:00+00:00,AMZN,AMZN271217C00275000,call,False,275.0,40.25,42.7,43.2,232.8699951171875,0.42815208084106443,0.0370259995532744,0.0,8.0,828,2025-11-14 17:54:26+00:00,75.09277777777778,41.475,2.0794520547945203
2025-11-17 21:00:00+00:00,2027-12-17 00:00:00+00:00,AMZN,AMZN271217C00280000,call,False,280.0,38.6,41.0,39.55,232.8699951171875,0.42578699218750005,0.0370259995532744,0.0,45.0,646,2025-11-17 20:53:06+00:00,0.115,39.8,2.0794520547945203
2025-11-17 21:00:00+00:00,2027-12-17 00:00:00+00:00,AMZN,AMZN271217C00285000,call,False,285.0,38.0,38.4,36.67,232.8699951171875,0.4163571548461914,0.0370259995532744,0.0,1.0,510,2025-11-17 16:16:53+00:00,4.7186111111111115,38.2,2.0794520547945203
2025-11-17 21:00:00+00:00,2027-12-17 00:00:00+00:00,AMZN,AMZN271217C00290000,call,False,290.0,35.45,37.75,36.5,232.8699951171875,0.4211178494262696,0.0370259995532744,0.0,2.0,2598,2025-11-17 14:56:23+00:00,6.060277777777777,36.6,2.0794520547945203
2025-11-17 21:00:00+00:00,2027-12-17 00:00:00+00:00,AMZN,AMZN271217C00295000,call,False,295.0,34.45,37.4,33.72,232.8699951171875,0.42780113220214844,0.0370259995532744,0.0,1.0,291,2025-11-17 16:16:53+00:00,4.7186111111111115,35.925,2.0794520547945203
2025-11-17 21:00:00+00:00,2027-12-17 00:00:00+00:00,AMZN,AMZN271217C00300000,call,False,300.0,33.0,35.95,33.0,232.8699951171875,0.4259395785522462,0.0370259995532744,0.0,100.0,5403,2025-11-17 19:04:00+00:00,1.9333333333333333,34.475,2.0794520547945203
2025-11-17 21:00:00+00:00,2027-12-17 00:00:00+00:00,AMZN,AMZN271217C00305000,call,False,305.0,32.15,33.55,36.6,232.8699951171875,0.4166012930297851,0.0370259995532744,0.0,21.0,260,2025-11-06 19:48:29+00:00,265.19194444444446,32.849999999999994,2.0794520547945203
2025-11-17 21:00:00+00:00,2027-12-17 00:00:00+00:00,AMZN,AMZN271217C00310000,call,False,310.0,28.85,31.45,31.2,232.8699951171875,0.4091245611572265,0.0370259995532744,0.0,4.0,1220,2025-11-17 16:52:57+00:00,4.1175,30.15,2.0794520547945203
2025-11-17 21:00:00+00:00,2027-12-17 00:00:00+00:00,AMZN,AMZN271217C00315000,call,False,315.0,28.55,30.9,29.15,232.8699951171875,0.41307654800415033,0.0370259995532744,0.0,2.0,873,2025-11-12 20:56:34+00:00,120.05722222222222,29.725,2.0794520547945203
2025-11-17 21:00:00+00:00,2027-12-17 00:00:00+00:00,AMZN,AMZN271217C00320000,call,False,320.0,27.35,29.75,28.02,232.8699951171875,0.412191547088623,0.0370259995532744,0.0,157.0,2608,2025-11-17 18:29:08+00:00,2.5144444444444445,28.55,2.0794520547945203
2025-11-17 21:00:00+00:00,2027-12-17 00:00:00+00:00,AMZN,AMZN271217C00325000,call,False,325.0,26.15,28.55,26.52,232.8699951171875,0.41060464889526366,0.0370259995532744,0.0,1.0,19,2025-11-13 17:53:56+00:00,99.10111111111111,27.35,2.0794520547945203
2025-11-17 21:00:00+00:00,2027-12-17 00:00:00+00:00,AMZN,AMZN271217C00330000,call,False,330.0,25.05,27.45,25.63,232.8699951171875,0.4095060270690917,0.0370259995532744,0.0,16.0,1253,2025-11-17 15:27:58+00:00,5.533888888888889,26.25,2.0794520547945203
2025-11-17 21:00:00+00:00,2027-12-17 00:00:00+00:00,AMZN,AMZN271217C00340000,call,False,340.0,23.9,24.3,23.28,232.8699951171875,0.3988860160827637,0.0370259995532744,0.0,50.0,1625,2025-11-17 15:50:19+00:00,5.161388888888889,24.1,2.0794520547945203
2025-11-17 21:00:00+00:00,2027-12-17 00:00:00+00:00,AMZN,AMZN271217C00350000,call,False,350.0,20.95,22.3,21.6,232.8699951171875,0.3961089442443848,0.0370259995532744,0.0,15.0,4308,2025-11-17 18:53:23+00:00,2.1102777777777777,21.625,2.0794520547945203
2025-11-17 21:00:00+00:00,2027-12-17 00:00:00+00:00,AMZN,AMZN271217C00360000,call,False,360.0,19.1,20.5,20.65,232.8699951171875,0.39385066604614255,0.0370259995532744,0.0,50.0,163,2025-11-14 18:42:52+00:00,74.28555555555556,19.8,2.0794520547945203
2025-11-17 21:00:00+00:00,2027-12-17 00:00:00+00:00,AMZN,AMZN271217C00370000,call,False,370.0,18.55,18.8,18.65,232.8699951171875,0.3913787669372558,0.0370259995532744,0.0,31.0,138,2025-11-17 20:57:44+00:00,0.03777777777777778,18.675,2.0794520547945203
2025-11-17 21:00:00+00:00,2027-12-17 00:00:00+00:00,AMZN,AMZN271217P00085000,put,False,85.0,1.56,1.89,1.72,232.8699951171875,0.43207355041503903,0.0370259995532744,0.0,1.0,914,2025-11-14 16:03:51+00:00,76.93583333333333,1.725,2.0794520547945203
2025-11-17 21:00:00+00:00,2027-12-17 00:00:00+00:00,AMZN,AMZN271217P00090000,put,False,90.0,1.88,2.42,1.97,232.8699951171875,0.43243975769042964,0.0370259995532744,0.0,1.0,131,2025-11-13 20:00:00+00:00,97.0,2.15,2.0794520547945203
2025-11-17 21:00:00+00:00,2027-12-17 00:00:00+00:00,AMZN,AMZN271217P00095000,put,False,95.0,2.23,2.78,2.21,232.8699951171875,0.42377285217285154,0.0370259995532744,0.0,2.0,303,2025-11-13 17:08:18+00:00,99.86166666666666,2.505,2.0794520547945203
2025-11-17 21:00:00+00:00,2027-12-17 00:00:00+00:00,AMZN,AMZN271217P00100000,put,False,100.0,2.63,2.98,2.83,232.8699951171875,0.40906352661132805,0.0370259995532744,0.0,1.0,505,2025-11-14 16:03:51+00:00,76.93583333333333,2.8049999999999997,2.0794520547945203
2025-11-17 21:00:00+00:00,2027-12-17 00:00:00+00:00,AMZN,AMZN271217P00105000,put,False,105.0,3.25,3.55,3.4,232.8699951171875,0.4057676611328125,0.0370259995532744,0.0,2.0,158,2025-11-14 18:42:27+00:00,74.2925,3.4,2.0794520547945203
2025-11-17 21:00:00+00:00,2027-12-17 00:00:00+00:00,AMZN,AMZN271217P00110000,put,False,110.0,3.75,6.5,3.38,232.8699951171875,0.45740288696289066,0.0370259995532744,0.0,10.0,462,2025-11-07 17:11:53+00:00,243.80194444444444,5.125,2.0794520547945203
2025-11-17 21:00:00+00:00,2027-12-17 00:00:00+00:00,AMZN,AMZN271217P00115000,put,False,115.0,4.2,4.55,2.91,232.8699951171875,0.3913024737548828,0.0370259995532744,0.0,1.0,980,2025-11-03 14:34:46+00:00,342.42055555555555,4.375,2.0794520547945203
2025-11-17 21:00:00+00:00,2027-12-17 00:00:00+00:00,AMZN,AMZN271217P00120000,put,False,120.0,4.9,5.2,5.1,232.8699951171875,0.3862976409912109,0.0370259995532744,0.0,2.0,6518,2025-11-17 14:58:39+00:00,6.0225,5.050000000000001,2.0794520547945203
2025-11-17 21:00:00+00:00,2027-12-17 00:00:00+00:00,AMZN,AMZN271217P00125000,put,False,125.0,5.65,5.9,3.82,232.8699951171875,0.3812012564086914,0.0370259995532744,0.0,20.0,437,2025-11-03 18:39:00+00:00,338.35,5.775,2.0794520547945203
2025-11-17 21:00:00+00:00,2027-12-17 00:00:00+00:00,AMZN,AMZN271217P00130000,put,False,130.0,6.45,6.7,6.11,232.8699951171875,0.3770203900146484,0.0370259995532744,0.0,1.0,791,2025-11-13 20:01:58+00:00,96.96722222222222,6.575,2.0794520547945203
2025-11-17 21:00:00+00:00,2027-12-17 00:00:00+00:00,AMZN,AMZN271217P00135000,put,False,135.0,5.0,7.55,7.4,232.8699951171875,0.37259538543701176,0.0370259995532744,0.0,3.0,4185,2025-11-17 14:58:50+00:00,6.019444444444445,6.275,2.0794520547945203
2025-11-17 21:00:00+00:00,2027-12-17 00:00:00+00:00,AMZN,AMZN271217P00140000,put,False,140.0,8.25,8.5,8.65,232.8699951171875,0.36881124359130857,0.0370259995532744,0.0,14.0,9253,2025-11-17 20:08:12+00:00,0.8633333333333333,8.375,2.0794520547945203
2025-11-17 21:00:00+00:00,2027-12-17 00:00:00+00:00,AMZN,AMZN271217P00145000,put,False,145.0,9.05,9.5,9.01,232.8699951171875,0.36475244628906256,0.0370259995532744,0.0,1.0,1017,2025-11-14 20:44:15+00:00,72.2625,9.275,2.0794520547945203
2025-11-17 21:00:00+00:00,2027-12-17 00:00:00+00:00,AMZN,AMZN271217P00150000,put,False,150.0,10.3,10.6,10.61,232.8699951171875,0.3611514080810546,0.0370259995532744,0.0,51.0,3010,2025-11-17 20:35:47+00:00,0.4036111111111111,10.45,2.0794520547945203
2025-11-17 21:00:00+00:00,2027-12-17 00:00:00+00:00,AMZN,AMZN271217P00155000,put,False,155.0,11.45,11.75,11.89,232.8699951171875,0.35727571441650385,0.0370259995532744,0.0,37.0,1068,2025-11-17 20:01:58+00:00,0.9672222222222222,11.6,2.0794520547945203
2025-11-17 21:00:00+00:00,2027-12-17 00:00:00+00:00,AMZN,AMZN271217P00160000,put,False,160.0,11.75,13.0,13.04,232.8699951171875,0.3537357107543945,0.0370259995532744,0.0,4.0,1971,2025-11-17 20:35:47+00:00,0.4036111111111111,12.375,2.0794520547945203
2025-11-17 21:00:00+00:00,2027-12-17 00:00:00+00:00,AMZN,AMZN271217P00165000,put,False,165.0,14.0,14.3,14.65,232.8699951171875,0.34992105163574216,0.0370259995532744,0.0,3.0,689,2025-11-17 16:07:36+00:00,4.873333333333333,14.15,2.0794520547945203
2025-11-17 21:00:00+00:00,2027-12-17 00:00:00+00:00,AMZN,AMZN271217P00170000,put,False,170.0,14.4,15.7,15.55,232.8699951171875,0.3463810479736328,0.0370259995532744,0.0,2.0,3477,2025-11-17 16:41:32+00:00,4.307777777777778,15.05,2.0794520547945203
2025-11-17 21:00:00+00:00,2027-12-17 00:00:00+00:00,AMZN,AMZN271217P00175000,put,False,175.0,16.85,17.2,17.55,232.8699951171875,0.3431004411315917,0.0370259995532744,0.0,6.0,3423,2025-11-17 20:04:41+00:00,0.9219444444444445,17.025,2.0794520547945203
2025-11-17 21:00:00+00:00,2027-12-17 00:00:00+00:00,AMZN,AMZN271217P00180000,put,False,180.0,18.4,18.8,18.64,232.8699951171875,0.34001819656372073,0.0370259995532744,0.0,8.0,3187,2025-11-17 20:04:41+00:00,0.9219444444444445,18.6,2.0794520547945203
2025-11-17 21:00:00+00:00,2027-12-17 00:00:00+00:00,AMZN,AMZN271217P00185000,put,False,185.0,20.05,20.45,19.65,232.8699951171875,0.33661552062988287,0.0370259995532744,0.0,2.0,3963,2025-11-14 20:46:50+00:00,72.21944444444445,20.25,2.0794520547945203
2025-11-17 21:00:00+00:00,2027-12-17 00:00:00+00:00,AMZN,AMZN271217P00190000,put,False,190.0,21.75,22.2,20.65,232.8699951171875,0.33341120697021487,0.0370259995532744,0.0,3.0,3317,2025-11-13 20:51:05+00:00,96.14861111111111,21.975,2.0794520547945203
2025-11-17 21:00:00+00:00,2027-12-17 00:00:00+00:00,AMZN,AMZN271217P00195000,put,False,195.0,23.7,24.0,23.8,232.8699951171875,0.3299017205810546,0.0370259995532744,0.0,18.0,664,2025-11-17 20:57:34+00:00,0.04055555555555555,23.85,2.0794520547945203
2025-11-17 21:00:00+00:00,2027-12-17 00:00:00+00:00,AMZN,AMZN271217P00200000,put,False,200.0,25.6,25.9,25.7,232.8699951171875,0.3265600791931152,0.0370259995532744,0.0,24.0,2072,2025-11-17 20:57:34+00:00,0.04055555555555555,25.75,2.0794520547945203
2025-11-17 21:00:00+00:00,2027-12-17 00:00:00+00:00,AMZN,AMZN271217P00205000,put,False,205.0,27.45,27.9,23.9,232.8699951171875,0.3233557655334472,0.0370259995532744,0.0,1.0,651,2025-11-12 16:44:14+00:00,124.26277777777777,27.674999999999997,2.0794520547945203
2025-11-17 21:00:00+00:00,2027-12-17 00:00:00+00:00,AMZN,AMZN271217P00210000,put,False,210.0,29.55,30.0,25.65,232.8699951171875,0.3202887796020507,0.0370259995532744,0.0,4.0,1468,2025-11-12 17:45:56+00:00,123.23444444444445,29.775,2.0794520547945203
2025-11-17 21:00:00+00:00,2027-12-17 00:00:00+00:00,AMZN,AMZN271217P00215000,put,False,215.0,31.7,32.2,26.4,232.8699951171875,0.31734386276245113,0.0370259995532744,0.0,2.0,422,2025-11-11 19:17:22+00:00,145.71055555555554,31.950000000000003,2.0794520547945203
2025-11-17 21:00:00+00:00,2027-12-17 00:00:00+00:00,AMZN,AMZN271217P00220000,put,False,220.0,33.95,34.45,35.1,232.8699951171875,0.31410903182983396,0.0370259995532744,0.0,3.0,3968,2025-11-17 19:58:03+00:00,1.0325,34.2,2.0794520547945203
2025-11-17 21:00:00+00:00,2027-12-17 00:00:00+00:00,AMZN,AMZN271217P00225000,put,False,225.0,36.3,36.8,36.78,232.8699951171875,0.3109962699890136,0.0370259995532744,0.0,1.0,446,2025-11-17 14:45:06+00:00,6.248333333333333,36.55,2.0794520547945203
2025-11-17 21:00:00+00:00,2027-12-17 00:00:00+00:00,AMZN,AMZN271217P00230000,put,False,230.0,37.7,39.25,40.12,232.8699951171875,0.30797505996704094,0.0370259995532744,0.0,6.0,1024,2025-11-17 15:59:35+00:00,5.006944444444445,38.475,2.0794520547945203
2025-11-17 21:00:00+00:00,2027-12-17 00:00:00+00:00,AMZN,AMZN271217P00235000,put,True,235.0,41.2,41.8,42.73,232.8699951171875,0.3050759190368652,0.0370259995532744,0.0,5.0,549,2025-11-17 15:59:35+00:00,5.006944444444445,41.5,2.0794520547945203
2025-11-17 21:00:00+00:00,2027-12-17 00:00:00+00:00,AMZN,AMZN271217P00240000,put,True,240.0,43.8,44.4,42.1,232.8699951171875,0.30190212265014654,0.0370259995532744,0.0,7.0,1272,2025-11-14 16:15:47+00:00,76.73694444444445,44.099999999999994,2.0794520547945203
2025-11-17 21:00:00+00:00,2027-12-17 00:00:00+00:00,AMZN,AMZN271217P00245000,put,True,245.0,46.5,47.1,46.88,232.8699951171875,0.29885039535522456,0.0370259995532744,0.0,4.0,308,2025-11-17 20:49:28+00:00,0.17555555555555555,46.8,2.0794520547945203
2025-11-17 21:00:00+00:00,2027-12-17 00:00:00+00:00,AMZN,AMZN271217P00250000,put,True,250.0,49.3,49.9,49.0,232.8699951171875,0.2958902198791504,0.0370259995532744,0.0,3.0,453,2025-11-14 14:37:03+00:00,78.3825,49.599999999999994,2.0794520547945203
2025-11-17 21:00:00+00:00,2027-12-17 00:00:00+00:00,AMZN,AMZN271217P00255000,put,True,255.0,52.15,52.75,51.1,232.8699951171875,0.2926859062194824,0.0370259995532744,0.0,6.0,443,2025-11-14 15:33:31+00:00,77.4413888888889,52.45,2.0794520547945203
2025-11-17 21:00:00+00:00,2027-12-17 00:00:00+00:00,AMZN,AMZN271217P00260000,put,True,260.0,55.1,55.75,54.2,232.8699951171875,0.28995461029052727,0.0370259995532744,0.0,4.0,491,2025-11-14 20:43:06+00:00,72.28166666666667,55.425,2.0794520547945203
2025-11-17 21:00:00+00:00,2027-12-17 00:00:00+00:00,AMZN,AMZN271217P00265000,put,True,265.0,56.0,58.75,49.0,232.8699951171875,0.28659771026611325,0.0370259995532744,0.0,2.0,267,2025-11-05 17:30:10+00:00,291.4972222222222,57.375,2.0794520547945203
2025-11-17 21:00:00+00:00,2027-12-17 00:00:00+00:00,AMZN,AMZN271217P00270000,put,True,270.0,59.5,61.9,56.64,232.8699951171875,0.28374434524536124,0.0370259995532744,0.0,1.0,1249,2025-11-13 15:53:38+00:00,101.1061111111111,60.7,2.0794520547945203
2025-11-17 21:00:00+00:00,2027-12-17 00:00:00+00:00,AMZN,AMZN271217P00275000,put,True,275.0,64.4,67.0,57.55,232.8699951171875,0.2950662535095215,0.0370259995532744,0.0,1.0,142,2025-11-06 15:46:37+00:00,269.22305555555556,65.7,2.0794520547945203
2025-11-17 21:00:00+00:00,2027-12-17 00:00:00+00:00,AMZN,AMZN271217P00280000,put,True,280.0,66.0,68.35,62.61,232.8699951171875,0.2772746833801269,0.0370259995532744,0.0,2.0,937,2025-11-07 19:02:10+00:00,241.9638888888889,67.175,2.0794520547945203
2025-11-17 21:00:00+00:00,2027-12-17 00:00:00+00:00,AMZN,AMZN271217P00285000,put,True,285.0,70.95,71.65,59.85,232.8699951171875,0.27365838653564456,0.0370259995532744,0.0,1.0,335,2025-11-04 15:53:55+00:00,317.1013888888889,71.30000000000001,2.0794520547945203
2025-11-17 21:00:00+00:00,2027-12-17 00:00:00+00:00,AMZN,AMZN271217P00290000,put,True,290.0,72.0,75.15,68.4,232.8699951171875,0.2709881251525879,0.0370259995532744,0.0,6.0,1309,2025-11-07 19:38:50+00:00,241.3527777777778,73.575,2.0794520547945203
2025-11-17 21:00:00+00:00,2027-12-17 00:00:00+00:00,AMZN,AMZN271217P00295000,put,True,295.0,74.5,77.4,81.61,232.8699951171875,0.2574231973266602,0.0370259995532744,0.0,2.0,15,2025-09-30 18:53:28+00:00,1154.108888888889,75.95,2.0794520547945203
2025-11-17 21:00:00+00:00,2027-12-17 00:00:00+00:00,AMZN,AMZN271217P00300000,put,True,300.0,81.4,82.2,77.5,232.8699951171875,0.264106480102539,0.0370259995532744,0.0,2.0,274,2025-11-13 17:46:09+00:00,99.23083333333334,81.80000000000001,2.0794520547945203
2025-11-17 21:00:00+00:00,2027-12-17 00:00:00+00:00,AMZN,AMZN271217P00305000,put,True,305.0,81.5,84.55,94.5,232.8699951171875,0.24944293045043942,0.0370259995532744,0.0,1.0,177,2025-10-16 13:30:48+00:00,775.4866666666667,83.025,2.0794520547945203
2025-11-17 21:00:00+00:00,2027-12-17 00:00:00+00:00,AMZN,AMZN271217P00310000,put,True,310.0,88.75,89.55,73.9,232.8699951171875,0.2570569900512696,0.0370259995532744,0.0,8.0,24,2025-11-03 17:55:05+00:00,339.08194444444445,89.15,2.0794520547945203
2025-11-17 21:00:00+00:00,2027-12-17 00:00:00+00:00,AMZN,AMZN271217P00315000,put,True,315.0,90.5,93.35,101.3,232.8699951171875,0.2536085382080079,0.0370259995532744,0.0,1.0,48,2025-10-22 16:30:39+00:00,628.4891666666666,91.925,2.0794520547945203
2025-11-17 21:00:00+00:00,2027-12-17 00:00:00+00:00,AMZN,AMZN271217P00320000,put,True,320.0,94.0,97.15,82.5,232.8699951171875,0.2494276718139648,0.0370259995532744,0.0,1.0,332,2025-11-04 15:31:55+00:00,317.46805555555557,95.575,2.0794520547945203
2025-11-17 21:00:00+00:00,2027-12-17 00:00:00+00:00,AMZN,AMZN271217P00325000,put,True,325.0,100.25,101.1,100.75,232.8699951171875,0.2459181854248047,0.0370259995532744,0.0,1.0,2,2025-10-28 19:34:37+00:00,481.42305555555555,100.675,2.0794520547945203
2025-11-17 21:00:00+00:00,2027-12-17 00:00:00+00:00,AMZN,AMZN271217P00330000,put,True,330.0,104.2,105.25,112.7,232.8699951171875,0.24375145904541018,0.0370259995532744,0.0,1.0,25,2025-10-23 17:08:01+00:00,603.8663888888889,104.725,2.0794520547945203
2025-11-17 21:00:00+00:00,2027-12-17 00:00:00+00:00,AMZN,AMZN271217P00340000,put,True,340.0,112.35,113.4,103.47,232.8699951171875,0.2356033471679687,0.0370259995532744,0.0,2.0,4,2025-11-12 20:12:46+00:00,120.78722222222223,112.875,2.0794520547945203
2025-11-17 21:00:00+00:00,2027-12-17 00:00:00+00:00,AMZN,AMZN271217P00350000,put,True,350.0,120.6,121.8,103.7,232.8699951171875,0.22686014846801755,0.0370259995532744,0.0,1.0,104,2025-11-03 17:06:46+00:00,339.88722222222225,121.19999999999999,2.0794520547945203
2025-11-17 21:00:00+00:00,2027-12-17 00:00:00+00:00,AMZN,AMZN271217P00370000,put,True,370.0,138.25,139.45,126.35,232.8699951171875,0.2093890097045898,0.0370259995532744,0.0,1.0,4002,2025-11-12 15:05:48+00:00,125.90333333333334,138.85,2.0794520547945203
2025-11-17 21:00:00+00:00,2028-01-21 00:00:00+00:00,AMZN,AMZN280121C00110000,call,True,110.0,135.5,140.5,136.55,232.8699951171875,0.6056252816772462,0.0370259995532744,0.0,7.0,127,2025-11-17 16:49:54+00:00,4.168333333333333,138.0,2.175342465753425
2025-11-17 21:00:00+00:00,2028-01-21 00:00:00+00:00,AMZN,AMZN280121C00115000,call,True,115.0,131.5,136.45,130.9,232.8699951171875,0.5928995788574221,0.0370259995532744,0.0,1.0,167,2025-11-10 14:51:20+00:00,174.14444444444445,133.975,2.175342465753425
2025-11-17 21:00:00+00:00,2028-01-21 00:00:00+00:00,AMZN,AMZN280121C00120000,call,True,120.0,129.3,130.35,134.49,232.8699951171875,0.5782512878417969,0.0370259995532744,0.0,4.0,137,2025-11-13 18:35:35+00:00,98.40694444444445,129.825,2.175342465753425
2025-11-17 21:00:00+00:00,2028-01-21 00:00:00+00:00,AMZN,AMZN280121C00125000,call,True,125.0,123.5,127.2,122.75,232.8699951171875,0.559147474975586,0.0370259995532744,0.0,1.0,73,2025-11-10 18:34:25+00:00,170.42638888888888,125.35,2.175342465753425
2025-11-17 21:00:00+00:00,2028-01-21 00:00:00+00:00,AMZN,AMZN280121C00130000,call,True,130.0,121.45,123.3,119.2,232.8699951171875,0.5611616149902343,0.0370259995532744,0.0,2.0,82,2025-11-13 20:54:45+00:00,96.0875,122.375,2.175342465753425
2025-11-17 21:00:00+00:00,2028-01-21 00:00:00+00:00,AMZN,AMZN280121C00135000,call,True,135.0,116.0,119.4,118.0,232.8699951171875,0.5396469375610352,0.0370259995532744,0.0,1.0,64,2025-11-17 14:37:25+00:00,6.376388888888889,117.7,2.175342465753425
2025-11-17 21:00:00+00:00,2028-01-21 00:00:00+00:00,AMZN,AMZN280121C00140000,call,True,140.0,113.9,115.7,113.2,232.8699951171875,0.5411422839355471,0.0370259995532744,0.0,1.0,181,2025-11-17 19:08:32+00:00,1.8577777777777778,114.80000000000001,2.175342465753425
2025-11-17 21:00:00+00:00,2028-01-21 00:00:00+00:00,AMZN,AMZN280121C00145000,call,True,145.0,110.4,111.5,107.85,232.8699951171875,0.5300950311279298,0.0370259995532744,0.0,2.0,132,2025-11-17 15:21:30+00:00,5.641666666666667,110.95,2.175342465753425
2025-11-17 21:00:00+00:00,2028-01-21 00:00:00+00:00,AMZN,AMZN280121C00150000,call,True,150.0,106.9,107.95,106.92,232.8699951171875,0.5226945924377442,0.0370259995532744,0.0,26.0,454,2025-11-17 18:15:13+00:00,2.7463888888888888,107.42500000000001,2.175342465753425
2025-11-17 21:00:00+00:00,2028-01-21 00:00:00+00:00,AMZN,AMZN280121C00155000,call,True,155.0,103.4,104.45,109.61,232.8699951171875,0.5152026019287108,0.0370259995532744,0.0,2.0,64,2025-11-13 17:40:16+00:00,99.32888888888888,103.92500000000001,2.175342465753425
2025-11-17 21:00:00+00:00,2028-01-21 00:00:00+00:00,AMZN,AMZN280121C00160000,call,True,160.0,100.05,101.25,99.5,232.8699951171875,0.5097705273437501,0.0370259995532744,0.0,8.0,111,2025-11-17 20:27:14+00:00,0.5461111111111111,100.65,2.175342465753425
2025-11-17 21:00:00+00:00,2028-01-21 00:00:00+00:00,AMZN,AMZN280121C00165000,call,True,165.0,96.7,97.7,95.95,232.8699951171875,0.5020496572875978,0.0370259995532744,0.0,26.0,86,2025-11-17 18:53:09+00:00,2.1141666666666667,97.2,2.175342465753425
2025-11-17 21:00:00+00:00,2028-01-21 00:00:00+00:00,AMZN,AMZN280121C00170000,call,True,170.0,93.45,94.2,94.0,232.8699951171875,0.4985249122619629,0.0370259995532744,0.0,9.0,286,2025-11-17 16:32:29+00:00,4.458611111111111,93.825,2.175342465753425
2025-11-17 21:00:00+00:00,2028-01-21 00:00:00+00:00,AMZN,AMZN280121C00175000,call,True,175.0,90.3,91.0,89.2,232.8699951171875,0.4924977508544922,0.0370259995532744,0.0,6.0,127,2025-11-17 16:05:45+00:00,4.904166666666667,90.65,2.175342465753425
2025-11-17 21:00:00+00:00,2028-01-21 00:00:00+00:00,AMZN,AMZN280121C00180000,call,True,180.0,87.2,88.15,90.3,232.8699951171875,0.489384989013672,0.0370259995532744,0.0,12.0,178,2025-11-14 19:24:42+00:00,73.58833333333334,87.67500000000001,2.175342465753425
2025-11-17 21:00:00+00:00,2028-01-21 00:00:00+00:00,AMZN,AMZN280121C00185000,call,True,185.0,84.15,84.9,83.15,232.8699951171875,0.4820608435058594,0.0370259995532744,0.0,1.0,217,2025-11-17 15:48:23+00:00,5.193611111111111,84.525,2.175342465753425
2025-11-17 21:00:00+00:00,2028-01-21 00:00:00+00:00,AMZN,AMZN280121C00190000,call,True,190.0,81.2,82.2,80.45,232.8699951171875,0.47936006484985344,0.0370259995532744,0.0,1.0,342,2025-11-17 14:39:58+00:00,6.333888888888889,81.7,2.175342465753425
2025-11-17 21:00:00+00:00,2028-01-21 00:00:00+00:00,AMZN,AMZN280121C00195000,call,True,195.0,78.35,79.05,78.25,232.8699951171875,0.4722037643432617,0.0370259995532744,0.0,5.0,243,2025-11-17 20:52:19+00:00,0.12805555555555556,78.69999999999999,2.175342465753425
2025-11-17 21:00:00+00:00,2028-01-21 00:00:00+00:00,AMZN,AMZN280121C00200000,call,True,200.0,75.55,76.25,74.5,232.8699951171875,0.46771772521972654,0.0370259995532744,0.0,52.0,1366,2025-11-17 19:13:53+00:00,1.7686111111111111,75.9,2.175342465753425
2025-11-17 21:00:00+00:00,2028-01-21 00:00:00+00:00,AMZN,AMZN280121C00210000,call,True,210.0,70.2,70.9,69.0,232.8699951171875,0.4596001306152344,0.0370259995532744,0.0,3.0,666,2025-11-17 19:23:28+00:00,1.6088888888888888,70.55000000000001,2.175342465753425
2025-11-17 21:00:00+00:00,2028-01-21 00:00:00+00:00,AMZN,AMZN280121C00220000,call,True,220.0,65.15,65.85,64.53,232.8699951171875,0.4522149505615235,0.0370259995532744,0.0,54.0,2611,2025-11-17 20:24:09+00:00,0.5975,65.5,2.175342465753425
2025-11-17 21:00:00+00:00,2028-01-21 00:00:00+00:00,AMZN,AMZN280121C00230000,call,True,230.0,60.45,61.05,60.24,232.8699951171875,0.44516546051025385,0.0370259995532744,0.0,47.0,2252,2025-11-17 19:17:07+00:00,1.7147222222222223,60.75,2.175342465753425
2025-11-17 21:00:00+00:00,2028-01-21 00:00:00+00:00,AMZN,AMZN280121C00240000,call,False,240.0,56.0,56.55,56.26,232.8699951171875,0.4388026091003418,0.0370259995532744,0.0,91.0,873,2025-11-17 20:55:55+00:00,0.06805555555555555,56.275,2.175342465753425
2025-11-17 21:00:00+00:00,2028-01-21 00:00:00+00:00,AMZN,AMZN280121C00250000,call,False,250.0,51.85,52.5,52.12,232.8699951171875,0.43424027679443367,0.0370259995532744,0.0,218.0,1937,2025-11-17 20:53:05+00:00,0.11527777777777778,52.175,2.175342465753425
2025-11-17 21:00:00+00:00,2028-01-21 00:00:00+00:00,AMZN,AMZN280121C00260000,call,False,260.0,48.05,48.5,48.25,232.8699951171875,0.4285030294799804,0.0370259995532744,0.0,27.0,709,2025-11-17 20:19:09+00:00,0.6808333333333333,48.275,2.175342465753425
2025-11-17 21:00:00+00:00,2028-01-21 00:00:00+00:00,AMZN,AMZN280121C00270000,call,False,270.0,44.4,45.15,43.7,232.8699951171875,0.4260463890075684,0.0370259995532744,0.0,9.0,571,2025-11-17 19:15:37+00:00,1.7397222222222222,44.775,2.175342465753425
2025-11-17 21:00:00+00:00,2028-01-21 00:00:00+00:00,AMZN,AMZN280121C00280000,call,False,280.0,41.05,41.5,40.33,232.8699951171875,0.41995819305419924,0.0370259995532744,0.0,153.0,1229,2025-11-17 17:03:17+00:00,3.9452777777777777,41.275,2.175342465753425
2025-11-17 21:00:00+00:00,2028-01-21 00:00:00+00:00,AMZN,AMZN280121C00290000,call,False,290.0,37.9,38.35,37.85,232.8699951171875,0.4161282752990722,0.0370259995532744,0.0,8.0,633,2025-11-17 20:46:50+00:00,0.21944444444444444,38.125,2.175342465753425
2025-11-17 21:00:00+00:00,2028-01-21 00:00:00+00:00,AMZN,AMZN280121C00300000,call,False,300.0,35.0,35.4,35.2,232.8699951171875,0.4124204266357422,0.0370259995532744,0.0,42.0,1016,2025-11-17 20:50:04+00:00,0.16555555555555557,35.2,2.175342465753425
2025-11-17 21:00:00+00:00,2028-01-21 00:00:00+00:00,AMZN,AMZN280121C00310000,call,False,310.0,32.25,32.7,31.9,232.8699951171875,0.40927714752197264,0.0370259995532744,0.0,14.0,199,2025-11-17 15:02:07+00:00,5.964722222222222,32.475,2.175342465753425
2025-11-17 21:00:00+00:00,2028-01-21 00:00:00+00:00,AMZN,AMZN280121C00320000,call,False,320.0,29.75,30.35,29.75,232.8699951171875,0.40750714569091795,0.0370259995532744,0.0,30.0,982,2025-11-17 20:46:57+00:00,0.2175,30.05,2.175342465753425
2025-11-17 21:00:00+00:00,2028-01-21 00:00:00+00:00,AMZN,AMZN280121C00330000,call,False,330.0,27.4,27.8,27.55,232.8699951171875,0.4030516238403321,0.0370259995532744,0.0,105.0,298,2025-11-17 20:43:30+00:00,0.275,27.6,2.175342465753425
2025-11-17 21:00:00+00:00,2028-01-21 00:00:00+00:00,AMZN,AMZN280121C00340000,call,False,340.0,25.25,26.6,24.6,232.8699951171875,0.40782757705688477,0.0370259995532744,0.0,55.0,3466,2025-11-17 20:00:26+00:00,0.9927777777777778,25.925,2.175342465753425
2025-11-17 21:00:00+00:00,2028-01-21 00:00:00+00:00,AMZN,AMZN280121C00350000,call,False,350.0,22.3,23.6,23.25,232.8699951171875,0.3976042906188965,0.0370259995532744,0.0,51.0,184,2025-11-17 20:46:50+00:00,0.21944444444444444,22.950000000000003,2.175342465753425
2025-11-17 21:00:00+00:00,2028-01-21 00:00:00+00:00,AMZN,AMZN280121C00360000,call,False,360.0,21.4,21.8,21.0,232.8699951171875,0.3956664437866212,0.0370259995532744,0.0,19.0,44,2025-11-17 18:57:42+00:00,2.0383333333333336,21.6,2.175342465753425
2025-11-17 21:00:00+00:00,2028-01-21 00:00:00+00:00,AMZN,AMZN280121C00370000,call,False,370.0,19.7,20.05,19.7,232.8699951171875,0.39311825149536134,0.0370259995532744,0.0,351.0,629,2025-11-17 20:47:55+00:00,0.2013888888888889,19.875,2.175342465753425
2025-11-17 21:00:00+00:00,2028-01-21 00:00:00+00:00,AMZN,AMZN280121P00110000,put,False,110.0,3.15,4.25,4.2,232.8699951171875,0.3952086846923829,0.0370259995532744,0.0,8.0,185,2025-11-17 18:56:22+00:00,2.0605555555555557,3.7,2.175342465753425
2025-11-17 21:00:00+00:00,2028-01-21 00:00:00+00:00,AMZN,AMZN280121P00115000,put,False,115.0,4.3,4.85,4.85,232.8699951171875,0.38959350646972657,0.0370259995532744,0.0,8.0,203,2025-11-17 15:56:59+00:00,5.050277777777778,4.574999999999999,2.175342465753425
2025-11-17 21:00:00+00:00,2028-01-21 00:00:00+00:00,AMZN,AMZN280121P00120000,put,False,120.0,5.3,5.5,5.45,232.8699951171875,0.38403936279296874,0.0370259995532744,0.0,2.0,44,2025-11-17 14:58:41+00:00,6.021944444444444,5.4,2.175342465753425
2025-11-17 21:00:00+00:00,2028-01-21 00:00:00+00:00,AMZN,AMZN280121P00125000,put,False,125.0,6.0,6.25,5.82,232.8699951171875,0.3795228063964844,0.0370259995532744,0.0,10.0,173,2025-11-14 18:33:21+00:00,74.44416666666666,6.125,2.175342465753425
2025-11-17 21:00:00+00:00,2028-01-21 00:00:00+00:00,AMZN,AMZN280121P00130000,put,False,130.0,6.8,7.05,5.75,232.8699951171875,0.37485366363525385,0.0370259995532744,0.0,1.0,46,2025-11-12 17:13:42+00:00,123.77166666666666,6.925,2.175342465753425
2025-11-17 21:00:00+00:00,2028-01-21 00:00:00+00:00,AMZN,AMZN280121P00135000,put,False,135.0,6.7,7.95,6.64,232.8699951171875,0.37091693542480464,0.0370259995532744,0.0,10.0,132,2025-11-07 15:19:52+00:00,245.6688888888889,7.325,2.175342465753425
2025-11-17 21:00:00+00:00,2028-01-21 00:00:00+00:00,AMZN,AMZN280121P00140000,put,False,140.0,8.6,8.85,8.87,232.8699951171875,0.36597313720703123,0.0370259995532744,0.0,10.0,293,2025-11-17 20:37:29+00:00,0.37527777777777777,8.725,2.175342465753425
2025-11-17 21:00:00+00:00,2028-01-21 00:00:00+00:00,AMZN,AMZN280121P00145000,put,False,145.0,9.3,9.9,9.89,232.8699951171875,0.3623415817260742,0.0370259995532744,0.0,4.0,107,2025-11-17 20:35:47+00:00,0.4036111111111111,9.600000000000001,2.175342465753425
2025-11-17 21:00:00+00:00,2028-01-21 00:00:00+00:00,AMZN,AMZN280121P00150000,put,False,150.0,10.7,11.0,11.05,232.8699951171875,0.35846588806152346,0.0370259995532744,0.0,47.0,1687,2025-11-17 18:29:57+00:00,2.5008333333333335,10.85,2.175342465753425
2025-11-17 21:00:00+00:00,2028-01-21 00:00:00+00:00,AMZN,AMZN280121P00155000,put,False,155.0,11.9,12.2,12.18,232.8699951171875,0.3549869189453124,0.0370259995532744,0.0,38.0,1082,2025-11-17 20:35:47+00:00,0.4036111111111111,12.05,2.175342465753425
2025-11-17 21:00:00+00:00,2028-01-21 00:00:00+00:00,AMZN,AMZN280121P00160000,put,False,160.0,13.15,13.45,13.6,232.8699951171875,0.35120277709960934,0.0370259995532744,0.0,2.0,534,2025-11-17 20:19:09+00:00,0.6808333333333333,13.3,2.175342465753425
2025-11-17 21:00:00+00:00,2028-01-21 00:00:00+00:00,AMZN,AMZN280121P00165000,put,False,165.0,14.45,14.8,14.6,232.8699951171875,0.34775432525634764,0.0370259995532744,0.0,65.0,353,2025-11-17 18:51:38+00:00,2.1394444444444445,14.625,2.175342465753425
2025-11-17 21:00:00+00:00,2028-01-21 00:00:00+00:00,AMZN,AMZN280121P00170000,put,False,170.0,15.85,16.2,16.06,232.8699951171875,0.3440464765930175,0.0370259995532744,0.0,8.0,1472,2025-11-17 16:28:45+00:00,4.520833333333333,16.025,2.175342465753425
2025-11-17 21:00:00+00:00,2028-01-21 00:00:00+00:00,AMZN,AMZN280121P00175000,put,False,175.0,17.4,17.7,17.75,232.8699951171875,0.34058276611328125,0.0370259995532744,0.0,2.0,493,2025-11-17 16:28:45+00:00,4.520833333333333,17.549999999999997,2.175342465753425
2025-11-17 21:00:00+00:00,2028-01-21 00:00:00+00:00,AMZN,AMZN280121P00180000,put,False,180.0,18.9,19.3,19.55,232.8699951171875,0.3373479351806641,0.0370259995532744,0.0,4.0,1741,2025-11-17 19:46:31+00:00,1.2247222222222223,19.1,2.175342465753425
2025-11-17 21:00:00+00:00,2028-01-21 00:00:00+00:00,AMZN,AMZN280121P00185000,put,False,185.0,20.55,20.95,21.32,232.8699951171875,0.33383844879150393,0.0370259995532744,0.0,5.0,35,2025-11-17 17:16:50+00:00,3.7194444444444446,20.75,2.175342465753425
2025-11-17 21:00:00+00:00,2028-01-21 00:00:00+00:00,AMZN,AMZN280121P00190000,put,False,190.0,22.35,22.75,23.0,232.8699951171875,0.3309850837707519,0.0370259995532744,0.0,7.0,938,2025-11-17 19:53:20+00:00,1.1111111111111112,22.55,2.175342465753425
2025-11-17 21:00:00+00:00,2028-01-21 00:00:00+00:00,AMZN,AMZN280121P00195000,put,False,195.0,24.2,25.6,24.82,232.8699951171875,0.33661552062988287,0.0370259995532744,0.0,60.0,172,2025-11-17 19:30:47+00:00,1.4869444444444444,24.9,2.175342465753425
2025-11-17 21:00:00+00:00,2028-01-21 00:00:00+00:00,AMZN,AMZN280121P00200000,put,False,200.0,26.05,26.5,26.5,232.8699951171875,0.3244086114501953,0.0370259995532744,0.0,11.0,1060,2025-11-17 18:20:19+00:00,2.661388888888889,26.275,2.175342465753425
2025-11-17 21:00:00+00:00,2028-01-21 00:00:00+00:00,AMZN,AMZN280121P00210000,put,False,210.0,30.2,30.65,30.8,232.8699951171875,0.31842722595214834,0.0370259995532744,0.0,4.0,330,2025-11-17 18:10:03+00:00,2.8325,30.424999999999997,2.175342465753425
2025-11-17 21:00:00+00:00,2028-01-21 00:00:00+00:00,AMZN,AMZN280121P00220000,put,False,220.0,34.65,35.1,35.5,232.8699951171875,0.3121711849975586,0.0370259995532744,0.0,3.0,1734,2025-11-14 20:25:08+00:00,72.58111111111111,34.875,2.175342465753425
2025-11-17 21:00:00+00:00,2028-01-21 00:00:00+00:00,AMZN,AMZN280121P00230000,put,False,230.0,39.45,39.95,39.7,232.8699951171875,0.3064034204101562,0.0370259995532744,0.0,396.0,938,2025-11-17 20:49:28+00:00,0.17555555555555555,39.7,2.175342465753425
2025-11-17 21:00:00+00:00,2028-01-21 00:00:00+00:00,AMZN,AMZN280121P00240000,put,True,240.0,44.55,45.1,45.5,232.8699951171875,0.30036100036621094,0.0370259995532744,0.0,14.0,668,2025-11-17 19:05:59+00:00,1.9002777777777777,44.825,2.175342465753425
2025-11-17 21:00:00+00:00,2028-01-21 00:00:00+00:00,AMZN,AMZN280121P00250000,put,True,250.0,50.05,50.6,51.25,232.8699951171875,0.29442539077758784,0.0370259995532744,0.0,62.0,580,2025-11-17 19:06:04+00:00,1.8988888888888888,50.325,2.175342465753425
2025-11-17 21:00:00+00:00,2028-01-21 00:00:00+00:00,AMZN,AMZN280121P00260000,put,True,260.0,55.8,56.4,56.95,232.8699951171875,0.28826090164184565,0.0370259995532744,0.0,16.0,107,2025-11-17 20:19:09+00:00,0.6808333333333333,56.099999999999994,2.175342465753425
2025-11-17 21:00:00+00:00,2028-01-21 00:00:00+00:00,AMZN,AMZN280121P00270000,put,True,270.0,61.95,62.55,59.3,232.8699951171875,0.282233740234375,0.0370259995532744,0.0,38.0,489,2025-11-14 17:13:28+00:00,75.77555555555556,62.25,2.175342465753425
2025-11-17 21:00:00+00:00,2028-01-21 00:00:00+00:00,AMZN,AMZN280121P00280000,put,True,280.0,68.3,69.0,70.45,232.8699951171875,0.27600821655273433,0.0370259995532744,0.0,2.0,73,2025-11-17 15:59:10+00:00,5.013888888888889,68.65,2.175342465753425
2025-11-17 21:00:00+00:00,2028-01-21 00:00:00+00:00,AMZN,AMZN280121P00290000,put,True,290.0,75.05,75.75,77.26,232.8699951171875,0.26963010650634767,0.0370259995532744,0.0,1.0,70,2025-11-14 20:33:45+00:00,72.4375,75.4,2.175342465753425
2025-11-17 21:00:00+00:00,2028-01-21 00:00:00+00:00,AMZN,AMZN280121P00300000,put,True,300.0,82.1,82.8,82.0,232.8699951171875,0.2631299273681641,0.0370259995532744,0.0,6.0,45,2025-11-17 15:59:43+00:00,5.004722222222222,82.44999999999999,2.175342465753425
2025-11-17 21:00:00+00:00,2028-01-21 00:00:00+00:00,AMZN,AMZN280121P00310000,put,True,310.0,89.35,90.15,79.83,232.8699951171875,0.25652293777465823,0.0370259995532744,0.0,300.0,358,2025-11-10 17:13:15+00:00,171.77916666666667,89.75,2.175342465753425
2025-11-17 21:00:00+00:00,2028-01-21 00:00:00+00:00,AMZN,AMZN280121P00320000,put,True,320.0,96.9,97.7,87.63,232.8699951171875,0.2490004299926758,0.0370259995532744,0.0,2.0,52,2025-11-10 16:11:24+00:00,172.81,97.30000000000001,2.175342465753425
2025-11-17 21:00:00+00:00,2028-01-21 00:00:00+00:00,AMZN,AMZN280121P00330000,put,True,330.0,104.75,105.6,93.49,232.8699951171875,0.2418746467590332,0.0370259995532744,0.0,2.0,108,2025-11-10 19:05:17+00:00,169.91194444444446,105.175,2.175342465753425
2025-11-17 21:00:00+00:00,2028-01-21 00:00:00+00:00,AMZN,AMZN280121P00340000,put,True,340.0,112.9,113.8,101.1,232.8699951171875,0.2348861912536621,0.0370259995532744,0.0,301.0,551,2025-11-10 19:04:33+00:00,169.92416666666668,113.35,2.175342465753425
2025-11-17 21:00:00+00:00,2028-01-21 00:00:00+00:00,AMZN,AMZN280121P00350000,put,True,350.0,121.1,122.3,116.15,232.8699951171875,0.22824868438720702,0.0370259995532744,0.0,3.0,1,2025-11-07 17:30:22+00:00,243.49388888888888,121.69999999999999,2.175342465753425
2025-11-17 21:00:00+00:00,2028-01-21 00:00:00+00:00,AMZN,AMZN280121P00370000,put,True,370.0,138.6,139.75,140.75,232.8699951171875,0.21030452789306642,0.0370259995532744,0.0,15.0,12,2025-11-17 18:56:09+00:00,2.0641666666666665,139.175,2.175342465753425
