date,expiry,symbol,contractSymbol,type,inTheMoney,strike,bid,ask,last,underlying,iv_mkt,rate,div_yield,volume,openInterest,lastTradeDate,quote_age_hours,mid,T
2025-11-26 21:00:00+00:00,2025-11-28 00:00:00+00:00,ANET,ANET251128C00080000,call,True,80.0,46.3,49.0,47.12,125.04000091552734,0.500005,0.036842886271592254,0.0,3.0,10.0,2025-11-26 16:58:59+00:00,4.016944444444444,47.65,0.0027397260273972603
2025-11-26 21:00:00+00:00,2025-11-28 00:00:00+00:00,ANET,ANET251128C00085000,call,True,85.0,41.3,44.4,36.25,125.04000091552734,2.7968780078125004,0.036842886271592254,0.0,,0.0,2025-11-24 20:41:47+00:00,48.30361111111111,42.849999999999994,0.0027397260273972603
2025-11-26 21:00:00+00:00,2025-11-28 00:00:00+00:00,ANET,ANET251128C00090000,call,True,90.0,36.3,39.0,37.56,125.04000091552734,0.500005,0.036842886271592254,0.0,4.0,5.0,2025-11-26 20:23:59+00:00,0.6002777777777778,37.65,0.0027397260273972603
2025-11-26 21:00:00+00:00,2025-11-28 00:00:00+00:00,ANET,ANET251128C00095000,call,True,95.0,31.3,34.0,25.75,125.04000091552734,0.500005,0.036842886271592254,0.0,2.0,2.0,2025-11-24 16:10:32+00:00,52.824444444444445,32.65,0.0027397260273972603
2025-11-26 21:00:00+00:00,2025-11-28 00:00:00+00:00,ANET,ANET251128C00100000,call,True,100.0,26.3,29.0,16.55,125.04000091552734,0.500005,0.036842886271592254,0.0,2.0,6.0,2025-11-21 15:37:41+00:00,125.37194444444444,27.65,0.0027397260273972603
2025-11-26 21:00:00+00:00,2025-11-28 00:00:00+00:00,ANET,ANET251128C00103000,call,True,103.0,23.3,26.3,24.14,125.04000091552734,1.5390648046875,0.036842886271592254,0.0,8.0,1.0,2025-11-26 19:17:19+00:00,1.7113888888888888,24.8,0.0027397260273972603
2025-11-26 21:00:00+00:00,2025-11-28 00:00:00+00:00,ANET,ANET251128C00104000,call,True,104.0,22.3,24.9,23.07,125.04000091552734,2.394535263671875,0.036842886271592254,0.0,1.0,1.0,2025-11-26 16:41:36+00:00,4.306666666666667,23.6,0.0027397260273972603
2025-11-26 21:00:00+00:00,2025-11-28 00:00:00+00:00,ANET,ANET251128C00105000,call,True,105.0,21.3,24.3,22.15,125.04000091552734,1.421877890625,0.036842886271592254,0.0,1.0,5.0,2025-11-26 19:17:19+00:00,1.7113888888888888,22.8,0.0027397260273972603
2025-11-26 21:00:00+00:00,2025-11-28 00:00:00+00:00,ANET,ANET251128C00106000,call,True,106.0,20.3,23.3,15.0,125.04000091552734,1.36328443359375,0.036842886271592254,0.0,1.0,0.0,2025-11-24 16:07:02+00:00,52.882777777777775,21.8,0.0027397260273972603
2025-11-26 21:00:00+00:00,2025-11-28 00:00:00+00:00,ANET,ANET251128C00108000,call,True,108.0,18.3,20.9,19.14,125.04000091552734,2.0673876440429684,0.036842886271592254,0.0,6.0,4.0,2025-11-26 19:17:45+00:00,1.7041666666666666,19.6,0.0027397260273972603
2025-11-26 21:00:00+00:00,2025-11-28 00:00:00+00:00,ANET,ANET251128C00109000,call,True,109.0,17.3,19.9,17.85,125.04000091552734,1.986328193359375,0.036842886271592254,0.0,4.0,3.0,2025-11-26 15:45:54+00:00,5.235,18.6,0.0027397260273972603
2025-11-26 21:00:00+00:00,2025-11-28 00:00:00+00:00,ANET,ANET251128C00110000,call,True,110.0,16.3,19.3,17.16,125.04000091552734,1.1308637207031251,0.036842886271592254,0.0,3.0,16.0,2025-11-26 19:17:45+00:00,1.7041666666666666,17.8,0.0027397260273972603
2025-11-26 21:00:00+00:00,2025-11-28 00:00:00+00:00,ANET,ANET251128C00111000,call,True,111.0,15.3,18.3,15.99,125.04000091552734,1.0742233789062503,0.036842886271592254,0.0,2.0,6.0,2025-11-26 16:41:11+00:00,4.313611111111111,16.8,0.0027397260273972603
2025-11-26 21:00:00+00:00,2025-11-28 00:00:00+00:00,ANET,ANET251128C00112000,call,True,112.0,14.3,16.9,15.1,125.04000091552734,1.7431653466796875,0.036842886271592254,0.0,3.0,6.0,2025-11-26 17:24:51+00:00,3.5858333333333334,15.6,0.0027397260273972603
2025-11-26 21:00:00+00:00,2025-11-28 00:00:00+00:00,ANET,ANET251128C00114000,call,True,114.0,12.3,14.7,10.7,125.04000091552734,1.4873072509765624,0.036842886271592254,0.0,1.0,1.0,2025-11-25 17:24:08+00:00,27.59777777777778,13.5,0.0027397260273972603
2025-11-26 21:00:00+00:00,2025-11-28 00:00:00+00:00,ANET,ANET251128C00115000,call,True,115.0,11.8,14.0,12.65,125.04000091552734,0.9423833886718749,0.036842886271592254,0.0,1.0,30.0,2025-11-26 20:29:07+00:00,0.5147222222222222,12.9,0.0027397260273972603
2025-11-26 21:00:00+00:00,2025-11-28 00:00:00+00:00,ANET,ANET251128C00116000,call,True,116.0,10.3,13.2,9.31,125.04000091552734,0.72851833984375,0.036842886271592254,0.0,11.0,41.0,2025-11-25 17:30:09+00:00,27.4975,11.75,0.0027397260273972603
2025-11-26 21:00:00+00:00,2025-11-28 00:00:00+00:00,ANET,ANET251128C00117000,call,True,117.0,9.8,11.6,10.64,125.04000091552734,0.5976602734375001,0.036842886271592254,0.0,2.0,77.0,2025-11-26 16:43:32+00:00,4.274444444444445,10.7,0.0027397260273972603
2025-11-26 21:00:00+00:00,2025-11-28 00:00:00+00:00,ANET,ANET251128C00118000,call,True,118.0,8.5,10.8,9.18,125.04000091552734,1.2099648876953122,0.036842886271592254,0.0,12.0,66.0,2025-11-26 18:15:03+00:00,2.7491666666666665,9.65,0.0027397260273972603
2025-11-26 21:00:00+00:00,2025-11-28 00:00:00+00:00,ANET,ANET251128C00119000,call,True,119.0,7.7,10.0,8.33,125.04000091552734,0.657229990234375,0.036842886271592254,0.0,22.0,175.0,2025-11-26 18:15:03+00:00,2.7491666666666665,8.85,0.0027397260273972603
2025-11-26 21:00:00+00:00,2025-11-28 00:00:00+00:00,ANET,ANET251128C00120000,call,True,120.0,6.4,8.9,7.52,125.04000091552734,1.0810592822265626,0.036842886271592254,0.0,124.0,219.0,2025-11-26 20:11:32+00:00,0.8077777777777778,7.65,0.0027397260273972603
2025-11-26 21:00:00+00:00,2025-11-28 00:00:00+00:00,ANET,ANET251128C00121000,call,True,121.0,6.1,7.9,6.96,125.04000091552734,0.624027197265625,0.036842886271592254,0.0,56.0,120.0,2025-11-26 20:49:16+00:00,0.17888888888888888,7.0,0.0027397260273972603
2025-11-26 21:00:00+00:00,2025-11-28 00:00:00+00:00,ANET,ANET251128C00122000,call,True,122.0,4.4,7.1,5.7,125.04000091552734,0.9741213525390625,0.036842886271592254,0.0,18.0,93.0,2025-11-26 18:03:19+00:00,2.944722222222222,5.75,0.0027397260273972603
2025-11-26 21:00:00+00:00,2025-11-28 00:00:00+00:00,ANET,ANET251128C00123000,call,True,123.0,4.4,6.5,5.36,125.04000091552734,0.6635775830078127,0.036842886271592254,0.0,24.0,196.0,2025-11-26 20:26:15+00:00,0.5625,5.45,0.0027397260273972603
2025-11-26 21:00:00+00:00,2025-11-28 00:00:00+00:00,ANET,ANET251128C00124000,call,True,124.0,3.7,6.0,5.0,125.04000091552734,0.7084990087890625,0.036842886271592254,0.0,37.0,362.0,2025-11-26 20:28:59+00:00,0.5169444444444444,4.85,0.0027397260273972603
2025-11-26 21:00:00+00:00,2025-11-28 00:00:00+00:00,ANET,ANET251128C00125000,call,True,125.0,2.95,3.7,3.3,125.04000091552734,0.567387138671875,0.036842886271592254,0.0,304.0,1598.0,2025-11-26 20:51:54+00:00,0.135,3.325,0.0027397260273972603
2025-11-26 21:00:00+00:00,2025-11-28 00:00:00+00:00,ANET,ANET251128C00126000,call,True,126.0,2.15,3.0,2.92,125.04000091552734,0.5532271240234375,0.036842886271592254,0.0,243.0,910.0,2025-11-26 20:28:43+00:00,0.5213888888888889,2.575,0.0027397260273972603
2025-11-26 21:00:00+00:00,2025-11-28 00:00:00+00:00,ANET,ANET251128C00127000,call,True,127.0,1.05,2.3,1.97,125.04000091552734,0.5205126074218749,0.036842886271592254,0.0,165.0,309.0,2025-11-26 20:40:04+00:00,0.3322222222222222,1.6749999999999998,0.0027397260273972603
2025-11-26 21:00:00+00:00,2025-11-28 00:00:00+00:00,ANET,ANET251128C00128000,call,False,128.0,0.8,1.45,1.35,125.04000091552734,0.428716650390625,0.036842886271592254,0.0,143.0,366.0,2025-11-26 20:39:51+00:00,0.3358333333333333,1.125,0.0027397260273972603
2025-11-26 21:00:00+00:00,2025-11-28 00:00:00+00:00,ANET,ANET251128C00129000,call,False,129.0,0.55,0.7,0.7,125.04000091552734,0.33301448242187504,0.036842886271592254,0.0,46.0,608.0,2025-11-26 20:55:16+00:00,0.07888888888888888,0.625,0.0027397260273972603
2025-11-26 21:00:00+00:00,2025-11-28 00:00:00+00:00,ANET,ANET251128C00130000,call,False,130.0,0.3,0.45,0.36,125.04000091552734,0.34180345703125,0.036842886271592254,0.0,268.0,947.0,2025-11-26 20:57:08+00:00,0.04777777777777778,0.375,0.0027397260273972603
2025-11-26 21:00:00+00:00,2025-11-28 00:00:00+00:00,ANET,ANET251128C00131000,call,False,131.0,0.15,0.25,0.2,125.04000091552734,0.336920693359375,0.036842886271592254,0.0,161.0,112.0,2025-11-26 20:59:57+00:00,0.0008333333333333334,0.2,0.0027397260273972603
2025-11-26 21:00:00+00:00,2025-11-28 00:00:00+00:00,ANET,ANET251128C00132000,call,False,132.0,0.05,0.5,0.15,125.04000091552734,0.508793974609375,0.036842886271592254,0.0,15.0,181.0,2025-11-26 20:43:15+00:00,0.2791666666666667,0.275,0.0027397260273972603
2025-11-26 21:00:00+00:00,2025-11-28 00:00:00+00:00,ANET,ANET251128C00133000,call,False,133.0,0.05,0.1,0.05,125.04000091552734,0.366217275390625,0.036842886271592254,0.0,89.0,148.0,2025-11-26 20:56:02+00:00,0.0661111111111111,0.07500000000000001,0.0027397260273972603
2025-11-26 21:00:00+00:00,2025-11-28 00:00:00+00:00,ANET,ANET251128C00134000,call,False,134.0,0.0,0.15,0.08,125.04000091552734,0.45703667968750006,0.036842886271592254,0.0,2.0,125.0,2025-11-26 19:46:14+00:00,1.2294444444444443,0.075,0.0027397260273972603
2025-11-26 21:00:00+00:00,2025-11-28 00:00:00+00:00,ANET,ANET251128C00135000,call,False,135.0,0.0,0.05,0.04,125.04000091552734,0.4101621484375,0.036842886271592254,0.0,14.0,272.0,2025-11-26 16:51:23+00:00,4.143611111111111,0.025,0.0027397260273972603
2025-11-26 21:00:00+00:00,2025-11-28 00:00:00+00:00,ANET,ANET251128C00136000,call,False,136.0,0.0,0.15,0.01,125.04000091552734,0.56055126953125,0.036842886271592254,0.0,4.0,42.0,2025-11-26 18:42:45+00:00,2.2875,0.075,0.0027397260273972603
2025-11-26 21:00:00+00:00,2025-11-28 00:00:00+00:00,ANET,ANET251128C00137000,call,False,137.0,0.0,0.3,0.05,125.04000091552734,0.6093789062500001,0.036842886271592254,0.0,28.0,46.0,2025-11-26 20:13:10+00:00,0.7805555555555556,0.15,0.0027397260273972603
2025-11-26 21:00:00+00:00,2025-11-28 00:00:00+00:00,ANET,ANET251128C00138000,call,False,138.0,0.0,0.05,0.05,125.04000091552734,0.5390671093750001,0.036842886271592254,0.0,5.0,306.0,2025-11-25 15:13:29+00:00,29.775277777777777,0.025,0.0027397260273972603
2025-11-26 21:00:00+00:00,2025-11-28 00:00:00+00:00,ANET,ANET251128C00139000,call,False,139.0,0.0,0.65,0.06,125.04000091552734,0.8398453515625,0.036842886271592254,0.0,1.0,224.0,2025-11-26 18:13:11+00:00,2.7802777777777776,0.325,0.0027397260273972603
2025-11-26 21:00:00+00:00,2025-11-28 00:00:00+00:00,ANET,ANET251128C00140000,call,False,140.0,0.0,0.05,0.03,125.04000091552734,0.5625043750000001,0.036842886271592254,0.0,49.0,317.0,2025-11-26 20:17:34+00:00,0.7072222222222222,0.025,0.0027397260273972603
2025-11-26 21:00:00+00:00,2025-11-28 00:00:00+00:00,ANET,ANET251128C00141000,call,False,141.0,0.0,0.15,0.05,125.04000091552734,0.70312796875,0.036842886271592254,0.0,1.0,40.0,2025-11-26 19:02:44+00:00,1.9544444444444444,0.075,0.0027397260273972603
2025-11-26 21:00:00+00:00,2025-11-28 00:00:00+00:00,ANET,ANET251128C00142000,call,False,142.0,0.0,0.1,0.08,125.04000091552734,0.6992217578125001,0.036842886271592254,0.0,32.0,79.0,2025-11-25 19:05:28+00:00,25.90888888888889,0.05,0.0027397260273972603
2025-11-26 21:00:00+00:00,2025-11-28 00:00:00+00:00,ANET,ANET251128C00143000,call,False,143.0,0.0,0.05,0.05,125.04000091552734,0.6718782812500002,0.036842886271592254,0.0,10.0,23.0,2025-11-24 19:29:49+00:00,49.503055555555555,0.025,0.0027397260273972603
2025-11-26 21:00:00+00:00,2025-11-28 00:00:00+00:00,ANET,ANET251128C00144000,call,False,144.0,0.0,0.15,0.08,125.04000091552734,0.8242205078124999,0.036842886271592254,0.0,17.0,140.0,2025-11-21 15:23:49+00:00,125.60305555555556,0.075,0.0027397260273972603
2025-11-26 21:00:00+00:00,2025-11-28 00:00:00+00:00,ANET,ANET251128C00145000,call,False,145.0,0.0,0.05,0.05,125.04000091552734,0.7421900781249999,0.036842886271592254,0.0,3.0,157.0,2025-11-25 17:33:11+00:00,27.446944444444444,0.025,0.0027397260273972603
2025-11-26 21:00:00+00:00,2025-11-28 00:00:00+00:00,ANET,ANET251128C00146000,call,False,146.0,0.0,0.1,0.05,125.04000091552734,0.8476577734374999,0.036842886271592254,0.0,1.0,42.0,2025-11-26 20:00:02+00:00,0.9994444444444445,0.05,0.0027397260273972603
2025-11-26 21:00:00+00:00,2025-11-28 00:00:00+00:00,ANET,ANET251128C00147000,call,False,147.0,0.0,0.1,0.09,125.04000091552734,0.8867198828124999,0.036842886271592254,0.0,8.0,57.0,2025-11-20 17:48:26+00:00,147.1927777777778,0.05,0.0027397260273972603
2025-11-26 21:00:00+00:00,2025-11-28 00:00:00+00:00,ANET,ANET251128C00148000,call,False,148.0,0.0,0.3,2.04,125.04000091552734,1.0957076464843751,0.036842886271592254,0.0,1.0,84.0,2025-11-24 18:01:06+00:00,50.98166666666667,0.15,0.0027397260273972603
2025-11-26 21:00:00+00:00,2025-11-28 00:00:00+00:00,ANET,ANET251128C00149000,call,False,149.0,0.0,0.75,0.34,125.04000091552734,1.361331318359375,0.036842886271592254,0.0,1.0,7.0,2025-11-17 18:52:05+00:00,218.13194444444446,0.375,0.0027397260273972603
2025-11-26 21:00:00+00:00,2025-11-28 00:00:00+00:00,ANET,ANET251128C00150000,call,False,150.0,0.0,0.05,0.05,125.04000091552734,0.9062509375,0.036842886271592254,0.0,4.0,345.0,2025-11-26 19:31:34+00:00,1.4738888888888888,0.025,0.0027397260273972603
2025-11-26 21:00:00+00:00,2025-11-28 00:00:00+00:00,ANET,ANET251128C00152500,call,False,152.5,0.0,0.3,0.02,125.04000091552734,1.2734411328124997,0.036842886271592254,0.0,14.0,89.0,2025-11-24 17:20:53+00:00,51.651944444444446,0.15,0.0027397260273972603
2025-11-26 21:00:00+00:00,2025-11-28 00:00:00+00:00,ANET,ANET251128C00155000,call,False,155.0,0.0,0.7,0.03,125.04000091552734,1.5976582617187498,0.036842886271592254,0.0,31.0,110.0,2025-11-26 20:21:13+00:00,0.6463888888888889,0.35,0.0027397260273972603
2025-11-26 21:00:00+00:00,2025-11-28 00:00:00+00:00,ANET,ANET251128C00157500,call,False,157.5,0.0,0.3,0.1,125.04000091552734,1.4589870800781248,0.036842886271592254,0.0,1.0,51.0,2025-11-20 15:47:22+00:00,149.21055555555554,0.15,0.0027397260273972603
2025-11-26 21:00:00+00:00,2025-11-28 00:00:00+00:00,ANET,ANET251128C00160000,call,False,160.0,0.0,0.05,0.02,125.04000091552734,1.21875390625,0.036842886271592254,0.0,1.0,82.0,2025-11-26 20:36:19+00:00,0.3947222222222222,0.025,0.0027397260273972603
2025-11-26 21:00:00+00:00,2025-11-28 00:00:00+00:00,ANET,ANET251128C00162500,call,False,162.5,0.0,0.05,0.02,125.04000091552734,1.2890660546875,0.036842886271592254,0.0,1.0,154.0,2025-11-25 16:48:32+00:00,28.191111111111113,0.025,0.0027397260273972603
2025-11-26 21:00:00+00:00,2025-11-28 00:00:00+00:00,ANET,ANET251128C00165000,call,False,165.0,0.0,0.1,0.05,125.04000091552734,1.4765651171875,0.036842886271592254,0.0,6.0,96.0,2025-11-26 18:02:15+00:00,2.9625,0.05,0.0027397260273972603
2025-11-26 21:00:00+00:00,2025-11-28 00:00:00+00:00,ANET,ANET251128C00167500,call,False,167.5,0.0,2.15,0.3,125.04000091552734,2.6445346386718755,0.036842886271592254,0.0,40.0,53.0,2025-11-10 15:55:13+00:00,389.07972222222224,1.075,0.0027397260273972603
2025-11-26 21:00:00+00:00,2025-11-28 00:00:00+00:00,ANET,ANET251128C00170000,call,False,170.0,0.0,0.1,0.05,125.04000091552734,1.625001875,0.036842886271592254,0.0,1.0,274.0,2025-11-25 19:34:29+00:00,25.42527777777778,0.05,0.0027397260273972603
2025-11-26 21:00:00+00:00,2025-11-28 00:00:00+00:00,ANET,ANET251128C00172500,call,False,172.5,0.0,0.3,0.4,125.04000091552734,1.9609376953125,0.036842886271592254,0.0,1.0,24.0,2025-11-07 18:41:14+00:00,458.3127777777778,0.15,0.0027397260273972603
2025-11-26 21:00:00+00:00,2025-11-28 00:00:00+00:00,ANET,ANET251128C00175000,call,False,175.0,0.0,0.1,0.05,125.04000091552734,1.765626171875,0.036842886271592254,0.0,1.0,48.0,2025-11-20 19:34:38+00:00,145.42277777777778,0.05,0.0027397260273972603
2025-11-26 21:00:00+00:00,2025-11-28 00:00:00+00:00,ANET,ANET251128C00177500,call,False,177.5,0.0,0.1,0.03,125.04000091552734,1.8281258593749998,0.036842886271592254,0.0,1.0,23.0,2025-11-20 20:25:07+00:00,144.58138888888888,0.05,0.0027397260273972603
2025-11-26 21:00:00+00:00,2025-11-28 00:00:00+00:00,ANET,ANET251128C00180000,call,False,180.0,0.0,0.05,0.05,125.04000091552734,1.75000125,0.036842886271592254,0.0,9.0,118.0,2025-11-12 14:56:16+00:00,342.0622222222222,0.025,0.0027397260273972603
2025-11-26 21:00:00+00:00,2025-11-28 00:00:00+00:00,ANET,ANET251128C00182500,call,False,182.5,0.0,0.1,0.4,125.04000091552734,1.9609376953125,0.036842886271592254,0.0,16.0,2.0,2025-11-05 19:22:47+00:00,505.6202777777778,0.05,0.0027397260273972603
2025-11-26 21:00:00+00:00,2025-11-28 00:00:00+00:00,ANET,ANET251128C00185000,call,False,185.0,0.0,0.15,0.05,125.04000091552734,2.1250046874999997,0.036842886271592254,0.0,10.0,43.0,2025-11-26 15:00:36+00:00,5.99,0.075,0.0027397260273972603
2025-11-26 21:00:00+00:00,2025-11-28 00:00:00+00:00,ANET,ANET251128C00190000,call,False,190.0,0.0,0.1,0.1,125.04000091552734,2.156254609375,0.036842886271592254,0.0,11.0,37.0,2025-11-06 16:53:20+00:00,484.1111111111111,0.05,0.0027397260273972603
2025-11-26 21:00:00+00:00,2025-11-28 00:00:00+00:00,ANET,ANET251128C00195000,call,False,195.0,0.0,2.15,0.26,125.04000091552734,3.6601570996093757,0.036842886271592254,0.0,3.0,20.0,2025-11-10 17:45:16+00:00,387.24555555555554,1.075,0.0027397260273972603
2025-11-26 21:00:00+00:00,2025-11-28 00:00:00+00:00,ANET,ANET251128C00200000,call,False,200.0,0.0,0.1,0.11,125.04000091552734,2.3906290234374996,0.036842886271592254,0.0,1.0,8.0,2025-11-13 14:49:28+00:00,318.17555555555555,0.05,0.0027397260273972603
2025-11-26 21:00:00+00:00,2025-11-28 00:00:00+00:00,ANET,ANET251128C00205000,call,False,205.0,0.0,0.5,2.15,125.04000091552734,3.0742210644531247,0.036842886271592254,0.0,1.0,33.0,2025-11-21 16:20:07+00:00,124.66472222222222,0.25,0.0027397260273972603
2025-11-26 21:00:00+00:00,2025-11-28 00:00:00+00:00,ANET,ANET251128C00210000,call,False,210.0,0.0,0.1,2.15,125.04000091552734,2.6093784765625,0.036842886271592254,0.0,1.0,4.0,2025-11-21 16:20:07+00:00,124.66472222222222,0.05,0.0027397260273972603
2025-11-26 21:00:00+00:00,2025-11-28 00:00:00+00:00,ANET,ANET251128C00215000,call,False,215.0,0.0,0.1,0.05,125.04000091552734,2.718753203125,0.036842886271592254,0.0,1.0,7.0,2025-11-21 20:18:16+00:00,120.69555555555556,0.05,0.0027397260273972603
2025-11-26 21:00:00+00:00,2025-11-28 00:00:00+00:00,ANET,ANET251128P00080000,put,False,80.0,0.0,2.1,0.08,125.04000091552734,4.345707692871093,0.036842886271592254,0.0,1.0,1.0,2025-11-17 14:36:24+00:00,222.39333333333335,1.05,0.0027397260273972603
2025-11-26 21:00:00+00:00,2025-11-28 00:00:00+00:00,ANET,ANET251128P00090000,put,False,90.0,0.0,0.1,0.06,125.04000091552734,2.00781748046875,0.036842886271592254,0.0,67.0,67.0,2025-11-21 17:50:48+00:00,123.15333333333334,0.05,0.0027397260273972603
2025-11-26 21:00:00+00:00,2025-11-28 00:00:00+00:00,ANET,ANET251128P00095000,put,False,95.0,0.0,0.05,0.05,125.04000091552734,1.5937520312499998,0.036842886271592254,0.0,2.0,30.0,2025-11-24 14:59:59+00:00,54.000277777777775,0.025,0.0027397260273972603
2025-11-26 21:00:00+00:00,2025-11-28 00:00:00+00:00,ANET,ANET251128P00100000,put,False,100.0,0.0,0.1,0.05,125.04000091552734,1.4609401953124999,0.036842886271592254,0.0,1.0,392.0,2025-11-25 19:58:50+00:00,25.019444444444446,0.05,0.0027397260273972603
2025-11-26 21:00:00+00:00,2025-11-28 00:00:00+00:00,ANET,ANET251128P00101000,put,False,101.0,0.0,0.1,0.24,125.04000091552734,1.40625296875,0.036842886271592254,0.0,128.0,128.0,2025-11-21 20:44:15+00:00,120.2625,0.05,0.0027397260273972603
2025-11-26 21:00:00+00:00,2025-11-28 00:00:00+00:00,ANET,ANET251128P00103000,put,False,103.0,0.0,0.1,0.05,125.04000091552734,1.3046909765624997,0.036842886271592254,0.0,3.0,15.0,2025-11-24 19:36:59+00:00,49.38361111111111,0.05,0.0027397260273972603
2025-11-26 21:00:00+00:00,2025-11-28 00:00:00+00:00,ANET,ANET251128P00104000,put,False,104.0,0.0,0.1,0.3,125.04000091552734,1.2500037499999999,0.036842886271592254,0.0,,52.0,2025-11-19 19:40:28+00:00,169.32555555555555,0.05,0.0027397260273972603
2025-11-26 21:00:00+00:00,2025-11-28 00:00:00+00:00,ANET,ANET251128P00105000,put,False,105.0,0.0,0.15,0.05,125.04000091552734,1.2695349023437497,0.036842886271592254,0.0,1.0,1210.0,2025-11-26 14:43:07+00:00,6.2813888888888885,0.075,0.0027397260273972603
2025-11-26 21:00:00+00:00,2025-11-28 00:00:00+00:00,ANET,ANET251128P00106000,put,False,106.0,0.0,0.15,0.03,125.04000091552734,1.21875390625,0.036842886271592254,0.0,1.0,121.0,2025-11-25 20:47:20+00:00,24.211111111111112,0.075,0.0027397260273972603
2025-11-26 21:00:00+00:00,2025-11-28 00:00:00+00:00,ANET,ANET251128P00107000,put,False,107.0,0.0,0.15,0.05,125.04000091552734,1.1640666796875,0.036842886271592254,0.0,16.0,89.0,2025-11-25 18:58:39+00:00,26.0225,0.075,0.0027397260273972603
2025-11-26 21:00:00+00:00,2025-11-28 00:00:00+00:00,ANET,ANET251128P00108000,put,False,108.0,0.0,0.2,0.05,125.04000091552734,1.1640666796875,0.036842886271592254,0.0,36.0,98.0,2025-11-25 19:33:58+00:00,25.433888888888887,0.1,0.0027397260273972603
2025-11-26 21:00:00+00:00,2025-11-28 00:00:00+00:00,ANET,ANET251128P00109000,put,False,109.0,0.0,0.25,0.04,125.04000091552734,1.15234798828125,0.036842886271592254,0.0,1.0,53.0,2025-11-26 15:47:45+00:00,5.204166666666667,0.125,0.0027397260273972603
2025-11-26 21:00:00+00:00,2025-11-28 00:00:00+00:00,ANET,ANET251128P00110000,put,False,110.0,0.0,0.1,0.01,125.04000091552734,0.945313046875,0.036842886271592254,0.0,8.0,493.0,2025-11-26 18:42:45+00:00,2.2875,0.05,0.0027397260273972603
2025-11-26 21:00:00+00:00,2025-11-28 00:00:00+00:00,ANET,ANET251128P00111000,put,False,111.0,0.0,1.05,0.02,125.04000091552734,1.4140654296875002,0.036842886271592254,0.0,1.0,67.0,2025-11-26 18:49:45+00:00,2.1708333333333334,0.525,0.0027397260273972603
2025-11-26 21:00:00+00:00,2025-11-28 00:00:00+00:00,ANET,ANET251128P00112000,put,False,112.0,0.0,0.1,0.05,125.04000091552734,0.8437515624999999,0.036842886271592254,0.0,1.0,54.0,2025-11-26 16:55:25+00:00,4.076388888888889,0.05,0.0027397260273972603
2025-11-26 21:00:00+00:00,2025-11-28 00:00:00+00:00,ANET,ANET251128P00113000,put,False,113.0,0.0,0.1,0.05,125.04000091552734,0.79687703125,0.036842886271592254,0.0,3.0,33.0,2025-11-26 14:35:49+00:00,6.4030555555555555,0.05,0.0027397260273972603
2025-11-26 21:00:00+00:00,2025-11-28 00:00:00+00:00,ANET,ANET251128P00114000,put,False,114.0,0.0,0.1,0.1,125.04000091552734,0.7460962890625,0.036842886271592254,0.0,3.0,54.0,2025-11-26 15:00:24+00:00,5.993333333333333,0.05,0.0027397260273972603
2025-11-26 21:00:00+00:00,2025-11-28 00:00:00+00:00,ANET,ANET251128P00115000,put,False,115.0,0.0,0.05,0.03,125.04000091552734,0.632816171875,0.036842886271592254,0.0,62.0,344.0,2025-11-26 20:52:11+00:00,0.13027777777777777,0.025,0.0027397260273972603
2025-11-26 21:00:00+00:00,2025-11-28 00:00:00+00:00,ANET,ANET251128P00116000,put,False,116.0,0.0,0.3,0.04,125.04000091552734,0.789064609375,0.036842886271592254,0.0,22.0,232.0,2025-11-26 20:34:38+00:00,0.42277777777777775,0.15,0.0027397260273972603
2025-11-26 21:00:00+00:00,2025-11-28 00:00:00+00:00,ANET,ANET251128P00117000,put,False,117.0,0.0,0.05,0.03,125.04000091552734,0.5390671093750001,0.036842886271592254,0.0,59.0,236.0,2025-11-26 20:53:41+00:00,0.10527777777777778,0.025,0.0027397260273972603
2025-11-26 21:00:00+00:00,2025-11-28 00:00:00+00:00,ANET,ANET251128P00118000,put,False,118.0,0.0,0.15,0.09,125.04000091552734,0.58789474609375,0.036842886271592254,0.0,99.0,138.0,2025-11-26 18:59:25+00:00,2.0097222222222224,0.075,0.0027397260273972603
2025-11-26 21:00:00+00:00,2025-11-28 00:00:00+00:00,ANET,ANET251128P00119000,put,False,119.0,0.0,0.2,0.06,125.04000091552734,0.5664105859375,0.036842886271592254,0.0,28.0,401.0,2025-11-26 18:32:51+00:00,2.4525,0.1,0.0027397260273972603
2025-11-26 21:00:00+00:00,2025-11-28 00:00:00+00:00,ANET,ANET251128P00120000,put,False,120.0,0.0,0.15,0.05,125.04000091552734,0.5566450585937501,0.036842886271592254,0.0,51.0,453.0,2025-11-26 20:33:18+00:00,0.445,0.075,0.0027397260273972603
2025-11-26 21:00:00+00:00,2025-11-28 00:00:00+00:00,ANET,ANET251128P00121000,put,False,121.0,0.0,0.2,0.12,125.04000091552734,0.534184345703125,0.036842886271592254,0.0,14.0,43.0,2025-11-26 19:07:17+00:00,1.878611111111111,0.1,0.0027397260273972603
2025-11-26 21:00:00+00:00,2025-11-28 00:00:00+00:00,ANET,ANET251128P00122000,put,False,122.0,0.05,0.2,0.07,125.04000091552734,0.471684970703125,0.036842886271592254,0.0,114.0,344.0,2025-11-26 20:14:15+00:00,0.7625,0.125,0.0027397260273972603
2025-11-26 21:00:00+00:00,2025-11-28 00:00:00+00:00,ANET,ANET251128P00123000,put,False,123.0,0.05,0.3,0.2,125.04000091552734,0.46094289062500005,0.036842886271592254,0.0,67.0,149.0,2025-11-26 20:31:32+00:00,0.47444444444444445,0.175,0.0027397260273972603
2025-11-26 21:00:00+00:00,2025-11-28 00:00:00+00:00,ANET,ANET251128P00124000,put,False,124.0,0.05,0.25,0.3,125.04000091552734,0.367193828125,0.036842886271592254,0.0,44.0,66.0,2025-11-26 19:18:30+00:00,1.6916666666666667,0.15,0.0027397260273972603
2025-11-26 21:00:00+00:00,2025-11-28 00:00:00+00:00,ANET,ANET251128P00125000,put,False,125.0,0.25,0.6,0.35,125.04000091552734,0.424810439453125,0.036842886271592254,0.0,430.0,702.0,2025-11-26 20:52:57+00:00,0.1175,0.425,0.0027397260273972603
2025-11-26 21:00:00+00:00,2025-11-28 00:00:00+00:00,ANET,ANET251128P00126000,put,False,126.0,0.05,0.8,0.85,125.04000091552734,0.39551385742187506,0.036842886271592254,0.0,32.0,80.0,2025-11-26 19:14:31+00:00,1.7580555555555555,0.42500000000000004,0.0027397260273972603
2025-11-26 21:00:00+00:00,2025-11-28 00:00:00+00:00,ANET,ANET251128P00127000,put,False,127.0,0.45,1.15,0.77,125.04000091552734,0.38623660644531244,0.036842886271592254,0.0,28.0,660.0,2025-11-26 20:19:57+00:00,0.6675,0.7999999999999999,0.0027397260273972603
2025-11-26 21:00:00+00:00,2025-11-28 00:00:00+00:00,ANET,ANET251128P00128000,put,True,128.0,0.85,1.45,1.15,125.04000091552734,0.335944140625,0.036842886271592254,0.0,25.0,173.0,2025-11-26 20:19:57+00:00,0.6675,1.15,0.0027397260273972603
2025-11-26 21:00:00+00:00,2025-11-28 00:00:00+00:00,ANET,ANET251128P00129000,put,True,129.0,1.25,2.3,1.6,125.04000091552734,0.40430283203125,0.036842886271592254,0.0,6.0,168.0,2025-11-26 20:11:07+00:00,0.8147222222222222,1.775,0.0027397260273972603
2025-11-26 21:00:00+00:00,2025-11-28 00:00:00+00:00,ANET,ANET251128P00130000,put,True,130.0,2.05,3.0,2.41,125.04000091552734,0.407232490234375,0.036842886271592254,0.0,17.0,240.0,2025-11-26 20:25:53+00:00,0.5686111111111111,2.525,0.0027397260273972603
2025-11-26 21:00:00+00:00,2025-11-28 00:00:00+00:00,ANET,ANET251128P00131000,put,True,131.0,2.55,3.8,4.0,125.04000091552734,0.41797457031249996,0.036842886271592254,0.0,1.0,855.0,2025-11-26 16:06:18+00:00,4.895,3.175,0.0027397260273972603
2025-11-26 21:00:00+00:00,2025-11-28 00:00:00+00:00,ANET,ANET251128P00132000,put,True,132.0,3.1,5.2,5.15,125.04000091552734,0.6337927246093751,0.036842886271592254,0.0,4.0,10.0,2025-11-26 19:04:41+00:00,1.9219444444444445,4.15,0.0027397260273972603
2025-11-26 21:00:00+00:00,2025-11-28 00:00:00+00:00,ANET,ANET251128P00133000,put,True,133.0,4.1,6.1,5.91,125.04000091552734,0.6738313867187502,0.036842886271592254,0.0,6.0,43.0,2025-11-26 16:06:16+00:00,4.895555555555555,5.1,0.0027397260273972603
2025-11-26 21:00:00+00:00,2025-11-28 00:00:00+00:00,ANET,ANET251128P00134000,put,True,134.0,5.3,7.1,7.1,125.04000091552734,0.745119736328125,0.036842886271592254,0.0,30.0,51.0,2025-11-26 18:58:38+00:00,2.022777777777778,6.199999999999999,0.0027397260273972603
2025-11-26 21:00:00+00:00,2025-11-28 00:00:00+00:00,ANET,ANET251128P00135000,put,True,135.0,6.3,9.1,7.75,125.04000091552734,0.6337927246093751,0.036842886271592254,0.0,19.0,32.0,2025-11-26 19:24:18+00:00,1.595,7.699999999999999,0.0027397260273972603
2025-11-26 21:00:00+00:00,2025-11-28 00:00:00+00:00,ANET,ANET251128P00136000,put,True,136.0,7.1,9.7,10.35,125.04000091552734,1.1035201074218752,0.036842886271592254,0.0,1.0,5.0,2025-11-26 15:16:51+00:00,5.719166666666666,8.399999999999999,0.0027397260273972603
2025-11-26 21:00:00+00:00,2025-11-28 00:00:00+00:00,ANET,ANET251128P00137000,put,True,137.0,7.9,10.7,18.06,125.04000091552734,1.1748088134765624,0.036842886271592254,0.0,4.0,0.0,2025-11-21 15:00:08+00:00,125.99777777777778,9.3,0.0027397260273972603
2025-11-26 21:00:00+00:00,2025-11-28 00:00:00+00:00,ANET,ANET251128P00138000,put,True,138.0,9.3,11.5,11.35,125.04000091552734,0.5390671093750001,0.036842886271592254,0.0,2.0,2.0,2025-11-26 14:43:49+00:00,6.269722222222223,10.4,0.0027397260273972603
2025-11-26 21:00:00+00:00,2025-11-28 00:00:00+00:00,ANET,ANET251128P00139000,put,True,139.0,10.2,12.7,11.56,125.04000091552734,0.6523472265625001,0.036842886271592254,0.0,1.0,0.0,2025-11-26 18:01:37+00:00,2.9730555555555553,11.45,0.0027397260273972603
2025-11-26 21:00:00+00:00,2025-11-28 00:00:00+00:00,ANET,ANET251128P00140000,put,True,140.0,11.1,12.7,12.0,125.04000091552734,0.9091805957031249,0.036842886271592254,0.0,7.0,1.0,2025-11-26 19:45:51+00:00,1.2358333333333333,11.899999999999999,0.0027397260273972603
2025-11-26 21:00:00+00:00,2025-11-28 00:00:00+00:00,ANET,ANET251128P00141000,put,True,141.0,12.1,14.7,17.33,125.04000091552734,0.6601596484375001,0.036842886271592254,0.0,2.0,0.0,2025-11-25 14:47:27+00:00,30.20916666666667,13.399999999999999,0.0027397260273972603
2025-11-26 21:00:00+00:00,2025-11-28 00:00:00+00:00,ANET,ANET251128P00142000,put,True,142.0,12.7,15.5,14.23,125.04000091552734,1.4209013330078126,0.036842886271592254,0.0,2.0,0.0,2025-11-20 16:25:11+00:00,148.58027777777778,14.1,0.0027397260273972603
2025-11-26 21:00:00+00:00,2025-11-28 00:00:00+00:00,ANET,ANET251128P00143000,put,True,143.0,13.7,16.7,15.7,125.04000091552734,1.5639670239257812,0.036842886271592254,0.0,15.0,2.0,2025-11-26 19:45:51+00:00,1.2358333333333333,15.2,0.0027397260273972603
2025-11-26 21:00:00+00:00,2025-11-28 00:00:00+00:00,ANET,ANET251128P00144000,put,True,144.0,14.7,17.7,17.22,125.04000091552734,1.6240253173828125,0.036842886271592254,0.0,2.0,1.0,2025-11-26 16:31:51+00:00,4.469166666666666,16.2,0.0027397260273972603
2025-11-26 21:00:00+00:00,2025-11-28 00:00:00+00:00,ANET,ANET251128P00145000,put,True,145.0,15.8,18.5,23.95,125.04000091552734,1.5966817041015622,0.036842886271592254,0.0,5.0,0.0,2025-11-24 16:45:57+00:00,52.23416666666667,17.15,0.0027397260273972603
2025-11-26 21:00:00+00:00,2025-11-28 00:00:00+00:00,ANET,ANET251128P00146000,put,True,146.0,16.6,19.5,22.4,125.04000091552734,1.6533220458984377,0.036842886271592254,0.0,1.0,0.0,2025-11-18 20:05:49+00:00,192.90305555555557,18.05,0.0027397260273972603
2025-11-26 21:00:00+00:00,2025-11-28 00:00:00+00:00,ANET,ANET251128P00147000,put,True,147.0,17.7,20.5,14.28,125.04000091552734,1.7084975512695313,0.036842886271592254,0.0,21.0,0.0,2025-11-14 16:28:47+00:00,292.5202777777778,19.1,0.0027397260273972603
2025-11-26 21:00:00+00:00,2025-11-28 00:00:00+00:00,ANET,ANET251128P00148000,put,True,148.0,18.7,21.5,23.61,125.04000091552734,1.7626964990234375,0.036842886271592254,0.0,1.0,0.0,2025-11-25 17:28:38+00:00,27.522777777777776,20.1,0.0027397260273972603
2025-11-26 21:00:00+00:00,2025-11-28 00:00:00+00:00,ANET,ANET251128P00149000,put,True,149.0,20.1,22.7,21.7,125.04000091552734,0.9570316796874999,0.036842886271592254,0.0,20.0,6.0,2025-11-26 19:45:51+00:00,1.2358333333333333,21.4,0.0027397260273972603
2025-11-26 21:00:00+00:00,2025-11-28 00:00:00+00:00,ANET,ANET251128P00150000,put,True,150.0,21.0,23.5,24.8,125.04000091552734,1.8691412792968751,0.036842886271592254,0.0,1.0,0.0,2025-11-25 19:34:29+00:00,25.42527777777778,22.25,0.0027397260273972603
2025-11-26 21:00:00+00:00,2025-11-28 00:00:00+00:00,ANET,ANET251128P00152500,put,True,152.5,23.5,26.5,24.8,125.04000091552734,1.2734411328124997,0.036842886271592254,0.0,26.0,4.0,2025-11-26 20:16:21+00:00,0.7275,25.0,0.0027397260273972603
2025-11-26 21:00:00+00:00,2025-11-28 00:00:00+00:00,ANET,ANET251128P00155000,put,True,155.0,26.0,28.5,33.4,125.04000091552734,2.123051567382812,0.036842886271592254,0.0,185.0,1.0,2025-11-20 19:39:27+00:00,145.3425,27.25,0.0027397260273972603
2025-11-26 21:00:00+00:00,2025-11-28 00:00:00+00:00,ANET,ANET251128P00157500,put,True,157.5,28.5,31.2,30.1,125.04000091552734,0.500005,0.036842886271592254,0.0,6.0,1.0,2025-11-26 19:45:51+00:00,1.2358333333333333,29.85,0.0027397260273972603
2025-11-26 21:00:00+00:00,2025-11-28 00:00:00+00:00,ANET,ANET251128P00160000,put,True,160.0,30.9,33.5,38.4,125.04000091552734,2.3593791015624994,0.036842886271592254,0.0,183.0,0.0,2025-11-20 19:39:27+00:00,145.3425,32.2,0.0027397260273972603
2025-11-26 21:00:00+00:00,2025-11-28 00:00:00+00:00,ANET,ANET251128P00162500,put,True,162.5,33.7,36.2,15.8,125.04000091552734,1.5390648046875,0.036842886271592254,0.0,4.0,0.0,2025-11-04 19:38:06+00:00,529.365,34.95,0.0027397260273972603
2025-11-26 21:00:00+00:00,2025-11-28 00:00:00+00:00,ANET,ANET251128P00165000,put,True,165.0,36.0,38.7,24.01,125.04000091552734,0.500005,0.036842886271592254,0.0,1.0,0.0,2025-11-05 17:34:51+00:00,507.4191666666667,37.35,0.0027397260273972603
2025-11-26 21:00:00+00:00,2025-11-28 00:00:00+00:00,ANET,ANET251128P00170000,put,True,170.0,41.4,43.5,44.92,125.04000091552734,1.7734386328124998,0.036842886271592254,0.0,10.0,0.0,2025-11-25 20:02:32+00:00,24.95777777777778,42.45,0.0027397260273972603
2025-11-26 21:00:00+00:00,2025-11-28 00:00:00+00:00,ANET,ANET251128P00172500,put,True,172.5,43.6,46.2,28.01,125.04000091552734,1.6953140234375002,0.036842886271592254,0.0,1.0,0.0,2025-11-05 15:49:05+00:00,509.18194444444447,44.900000000000006,0.0027397260273972603
2025-11-26 21:00:00+00:00,2025-11-28 00:00:00+00:00,ANET,ANET251128P00177500,put,True,177.5,48.6,51.2,32.34,125.04000091552734,1.8281258593749998,0.036842886271592254,0.0,,0.0,2025-11-05 15:50:27+00:00,509.1591666666667,49.900000000000006,0.0027397260273972603
2025-11-26 21:00:00+00:00,2025-11-28 00:00:00+00:00,ANET,ANET251128P00180000,put,True,180.0,51.0,53.7,22.15,125.04000091552734,1.000005,0.036842886271592254,0.0,3.0,0.0,2025-10-30 14:05:28+00:00,654.9088888888889,52.35,0.0027397260273972603
2025-11-26 21:00:00+00:00,2025-11-28 00:00:00+00:00,ANET,ANET251128P00185000,put,True,185.0,56.1,58.7,39.83,125.04000091552734,2.031254921875,0.036842886271592254,0.0,,0.0,2025-11-05 15:52:10+00:00,509.13055555555553,57.400000000000006,0.0027397260273972603
2025-11-26 21:00:00+00:00,2025-11-28 00:00:00+00:00,ANET,ANET251128P00200000,put,True,200.0,70.9,73.7,58.34,125.04000091552734,4.017583103027344,0.036842886271592254,0.0,,0.0,2025-11-05 15:03:20+00:00,509.94444444444446,72.30000000000001,0.0027397260273972603
2025-11-26 21:00:00+00:00,2025-11-28 00:00:00+00:00,ANET,ANET251128P00210000,put,True,210.0,81.2,83.7,68.3,125.04000091552734,2.8281279296874997,0.036842886271592254,0.0,,0.0,2025-11-05 15:03:20+00:00,509.94444444444446,82.45,0.0027397260273972603
2025-11-26 21:00:00+00:00,2025-12-05 00:00:00+00:00,ANET,ANET251205C00080000,call,True,80.0,46.4,49.3,47.19,125.04000091552734,1.4882838085937498,0.036842886271592254,0.0,3.0,1.0,2025-11-26 16:58:59+00:00,4.016944444444444,47.849999999999994,0.021917808219178082
2025-11-26 21:00:00+00:00,2025-12-05 00:00:00+00:00,ANET,ANET251205C00085000,call,True,85.0,41.4,44.4,51.32,125.04000091552734,1.3671906640625,0.036842886271592254,0.0,1.0,1.0,2025-11-07 19:38:05+00:00,457.3652777777778,42.9,0.021917808219178082
2025-11-26 21:00:00+00:00,2025-12-05 00:00:00+00:00,ANET,ANET251205C00090000,call,True,90.0,36.4,39.4,37.64,125.04000091552734,1.19922275390625,0.036842886271592254,0.0,4.0,1.0,2025-11-26 20:23:59+00:00,0.6002777777777778,37.9,0.021917808219178082
2025-11-26 21:00:00+00:00,2025-12-05 00:00:00+00:00,ANET,ANET251205C00095000,call,True,95.0,31.4,34.5,25.05,125.04000091552734,1.0751999365234377,0.036842886271592254,0.0,,4.0,2025-11-20 20:51:55+00:00,144.13472222222222,32.95,0.021917808219178082
2025-11-26 21:00:00+00:00,2025-12-05 00:00:00+00:00,ANET,ANET251205C00100000,call,True,100.0,26.4,29.5,19.7,125.04000091552734,0.9169930175781251,0.036842886271592254,0.0,1.0,2.0,2025-11-21 14:39:56+00:00,126.33444444444444,27.95,0.021917808219178082
2025-11-26 21:00:00+00:00,2025-12-05 00:00:00+00:00,ANET,ANET251205C00105000,call,True,105.0,21.5,24.5,19.33,125.04000091552734,0.788088056640625,0.036842886271592254,0.0,1.0,1.0,2025-11-25 16:56:32+00:00,28.057777777777776,23.0,0.021917808219178082
2025-11-26 21:00:00+00:00,2025-12-05 00:00:00+00:00,ANET,ANET251205C00110000,call,True,110.0,16.6,19.3,14.25,125.04000091552734,0.6123085644531252,0.036842886271592254,0.0,1.0,2.0,2025-11-25 15:02:23+00:00,29.960277777777776,17.950000000000003,0.021917808219178082
2025-11-26 21:00:00+00:00,2025-12-05 00:00:00+00:00,ANET,ANET251205C00115000,call,True,115.0,12.3,14.2,13.15,125.04000091552734,0.5561567822265626,0.036842886271592254,0.0,1.0,38.0,2025-11-26 20:29:07+00:00,0.5147222222222222,13.25,0.021917808219178082
2025-11-26 21:00:00+00:00,2025-12-05 00:00:00+00:00,ANET,ANET251205C00116000,call,True,116.0,11.5,13.5,10.5,125.04000091552734,0.5830119824218749,0.036842886271592254,0.0,25.0,11.0,2025-11-25 17:31:34+00:00,27.47388888888889,12.5,0.021917808219178082
2025-11-26 21:00:00+00:00,2025-12-05 00:00:00+00:00,ANET,ANET251205C00117000,call,True,117.0,10.5,12.2,11.3,125.04000091552734,0.5127001855468749,0.036842886271592254,0.0,1.0,70.0,2025-11-26 20:36:47+00:00,0.3869444444444444,11.35,0.021917808219178082
2025-11-26 21:00:00+00:00,2025-12-05 00:00:00+00:00,ANET,ANET251205C00118000,call,True,118.0,9.5,11.2,10.15,125.04000091552734,0.6435582519531251,0.036842886271592254,0.0,1.0,91.0,2025-11-25 14:43:50+00:00,30.269444444444446,10.35,0.021917808219178082
2025-11-26 21:00:00+00:00,2025-12-05 00:00:00+00:00,ANET,ANET251205C00119000,call,True,119.0,8.6,11.3,9.35,125.04000091552734,0.5585981640625001,0.036842886271592254,0.0,1.0,7.0,2025-11-25 14:43:50+00:00,30.269444444444446,9.95,0.021917808219178082
2025-11-26 21:00:00+00:00,2025-12-05 00:00:00+00:00,ANET,ANET251205C00120000,call,True,120.0,8.1,9.7,9.5,125.04000091552734,0.5097705273437501,0.036842886271592254,0.0,1.0,92.0,2025-11-26 20:13:10+00:00,0.7805555555555556,8.899999999999999,0.021917808219178082
2025-11-26 21:00:00+00:00,2025-12-05 00:00:00+00:00,ANET,ANET251205C00121000,call,True,121.0,7.6,9.3,7.75,125.04000091552734,0.5571333349609376,0.036842886271592254,0.0,6.0,48.0,2025-11-26 20:11:32+00:00,0.8077777777777778,8.45,0.021917808219178082
2025-11-26 21:00:00+00:00,2025-12-05 00:00:00+00:00,ANET,ANET251205C00122000,call,True,122.0,7.0,8.9,7.5,125.04000091552734,0.5861857788085938,0.036842886271592254,0.0,2.0,152.0,2025-11-26 20:40:56+00:00,0.31777777777777777,7.95,0.021917808219178082
2025-11-26 21:00:00+00:00,2025-12-05 00:00:00+00:00,ANET,ANET251205C00123000,call,True,123.0,6.4,7.2,4.95,125.04000091552734,0.5170946728515625,0.036842886271592254,0.0,65.0,184.0,2025-11-25 20:32:58+00:00,24.450555555555557,6.800000000000001,0.021917808219178082
2025-11-26 21:00:00+00:00,2025-12-05 00:00:00+00:00,ANET,ANET251205C00124000,call,True,124.0,5.7,6.4,6.2,125.04000091552734,0.5024463818359376,0.036842886271592254,0.0,82.0,64.0,2025-11-26 20:22:57+00:00,0.6175,6.050000000000001,0.021917808219178082
2025-11-26 21:00:00+00:00,2025-12-05 00:00:00+00:00,ANET,ANET251205C00125000,call,True,125.0,5.1,5.4,5.4,125.04000091552734,0.4973194799804688,0.036842886271592254,0.0,69.0,141.0,2025-11-26 20:58:59+00:00,0.016944444444444446,5.25,0.021917808219178082
2025-11-26 21:00:00+00:00,2025-12-05 00:00:00+00:00,ANET,ANET251205C00126000,call,True,126.0,4.5,4.8,4.7,125.04000091552734,0.49341326904296884,0.036842886271592254,0.0,65.0,61.0,2025-11-26 20:59:24+00:00,0.01,4.65,0.021917808219178082
2025-11-26 21:00:00+00:00,2025-12-05 00:00:00+00:00,ANET,ANET251205C00127000,call,True,127.0,3.9,4.2,4.1,125.04000091552734,0.4848684326171875,0.036842886271592254,0.0,84.0,275.0,2025-11-26 20:58:05+00:00,0.03194444444444444,4.05,0.021917808219178082
2025-11-26 21:00:00+00:00,2025-12-05 00:00:00+00:00,ANET,ANET251205C00128000,call,False,128.0,3.4,3.7,3.74,125.04000091552734,0.4836477416992188,0.036842886271592254,0.0,191.0,106.0,2025-11-26 20:40:50+00:00,0.3194444444444444,3.55,0.021917808219178082
2025-11-26 21:00:00+00:00,2025-12-05 00:00:00+00:00,ANET,ANET251205C00129000,call,False,129.0,2.9,3.5,3.2,125.04000091552734,0.5151415673828125,0.036842886271592254,0.0,310.0,66.0,2025-11-26 20:40:05+00:00,0.33194444444444443,3.2,0.021917808219178082
2025-11-26 21:00:00+00:00,2025-12-05 00:00:00+00:00,ANET,ANET251205C00130000,call,False,130.0,2.4,2.55,2.75,125.04000091552734,0.44653873779296877,0.036842886271592254,0.0,261.0,386.0,2025-11-26 20:40:50+00:00,0.3194444444444444,2.4749999999999996,0.021917808219178082
2025-11-26 21:00:00+00:00,2025-12-05 00:00:00+00:00,ANET,ANET251205C00131000,call,False,131.0,2.05,2.2,2.15,125.04000091552734,0.4484918432617187,0.036842886271592254,0.0,232.0,347.0,2025-11-26 20:59:42+00:00,0.005,2.125,0.021917808219178082
2025-11-26 21:00:00+00:00,2025-12-05 00:00:00+00:00,ANET,ANET251205C00132000,call,False,132.0,1.7,1.95,2.0,125.04000091552734,0.4585015087890626,0.036842886271592254,0.0,89.0,269.0,2025-11-26 20:10:24+00:00,0.8266666666666667,1.825,0.021917808219178082
2025-11-26 21:00:00+00:00,2025-12-05 00:00:00+00:00,ANET,ANET251205C00133000,call,False,133.0,1.4,1.5,1.6,125.04000091552734,0.43530838134765626,0.036842886271592254,0.0,26.0,208.0,2025-11-26 20:41:47+00:00,0.3036111111111111,1.45,0.021917808219178082
2025-11-26 21:00:00+00:00,2025-12-05 00:00:00+00:00,ANET,ANET251205C00134000,call,False,134.0,1.05,1.25,1.4,125.04000091552734,0.43457596679687505,0.036842886271592254,0.0,64.0,35.0,2025-11-26 20:13:09+00:00,0.7808333333333334,1.15,0.021917808219178082
2025-11-26 21:00:00+00:00,2025-12-05 00:00:00+00:00,ANET,ANET251205C00135000,call,False,135.0,0.5,1.15,1.11,125.04000091552734,0.45337460693359377,0.036842886271592254,0.0,75.0,259.0,2025-11-26 20:46:18+00:00,0.22833333333333333,0.825,0.021917808219178082
2025-11-26 21:00:00+00:00,2025-12-05 00:00:00+00:00,ANET,ANET251205C00136000,call,False,136.0,0.7,0.9,0.8,125.04000091552734,0.4426325268554688,0.036842886271592254,0.0,5.0,77.0,2025-11-26 20:09:35+00:00,0.8402777777777778,0.8,0.021917808219178082
2025-11-26 21:00:00+00:00,2025-12-05 00:00:00+00:00,ANET,ANET251205C00137000,call,False,137.0,0.55,0.9,0.67,125.04000091552734,0.47363807617187503,0.036842886271592254,0.0,58.0,131.0,2025-11-26 20:24:16+00:00,0.5955555555555555,0.7250000000000001,0.021917808219178082
2025-11-26 21:00:00+00:00,2025-12-05 00:00:00+00:00,ANET,ANET251205C00138000,call,False,138.0,0.4,0.7,0.6,125.04000091552734,0.4633842724609375,0.036842886271592254,0.0,80.0,63.0,2025-11-26 20:16:06+00:00,0.7316666666666667,0.55,0.021917808219178082
2025-11-26 21:00:00+00:00,2025-12-05 00:00:00+00:00,ANET,ANET251205C00139000,call,False,139.0,0.35,0.7,0.32,125.04000091552734,0.49170430175781255,0.036842886271592254,0.0,30.0,99.0,2025-11-25 20:49:28+00:00,24.175555555555555,0.5249999999999999,0.021917808219178082
2025-11-26 21:00:00+00:00,2025-12-05 00:00:00+00:00,ANET,ANET251205C00140000,call,False,140.0,0.1,0.4,0.38,125.04000091552734,0.44336494140625,0.036842886271592254,0.0,170.0,113.0,2025-11-26 20:23:56+00:00,0.6011111111111112,0.25,0.021917808219178082
2025-11-26 21:00:00+00:00,2025-12-05 00:00:00+00:00,ANET,ANET251205C00141000,call,False,141.0,0.15,0.85,0.4,125.04000091552734,0.5795940478515625,0.036842886271592254,0.0,1.0,96.0,2025-11-26 16:36:40+00:00,4.388888888888889,0.5,0.021917808219178082
2025-11-26 21:00:00+00:00,2025-12-05 00:00:00+00:00,ANET,ANET251205C00142000,call,False,142.0,0.1,0.5,0.22,125.04000091552734,0.5214891601562499,0.036842886271592254,0.0,5.0,53.0,2025-11-26 19:34:12+00:00,1.43,0.3,0.021917808219178082
2025-11-26 21:00:00+00:00,2025-12-05 00:00:00+00:00,ANET,ANET251205C00143000,call,False,143.0,0.05,0.6,0.5,125.04000091552734,0.5732464550781251,0.036842886271592254,0.0,8.0,46.0,2025-11-26 15:13:23+00:00,5.776944444444444,0.325,0.021917808219178082
2025-11-26 21:00:00+00:00,2025-12-05 00:00:00+00:00,ANET,ANET251205C00144000,call,False,144.0,0.0,0.4,0.16,125.04000091552734,0.5390671093750001,0.036842886271592254,0.0,15.0,68.0,2025-11-26 20:05:12+00:00,0.9133333333333333,0.2,0.021917808219178082
2025-11-26 21:00:00+00:00,2025-12-05 00:00:00+00:00,ANET,ANET251205C00145000,call,False,145.0,0.1,0.2,0.15,125.04000091552734,0.48438015625,0.036842886271592254,0.0,25.0,98.0,2025-11-26 20:46:18+00:00,0.22833333333333333,0.15000000000000002,0.021917808219178082
2025-11-26 21:00:00+00:00,2025-12-05 00:00:00+00:00,ANET,ANET251205C00146000,call,False,146.0,0.0,0.35,0.15,125.04000091552734,0.567387138671875,0.036842886271592254,0.0,2.0,8.0,2025-11-25 15:07:03+00:00,29.8825,0.175,0.021917808219178082
2025-11-26 21:00:00+00:00,2025-12-05 00:00:00+00:00,ANET,ANET251205C00147000,call,False,147.0,0.0,0.35,0.14,125.04000091552734,0.5117236328125,0.036842886271592254,0.0,2.0,32.0,2025-11-26 20:43:20+00:00,0.2777777777777778,0.175,0.021917808219178082
2025-11-26 21:00:00+00:00,2025-12-05 00:00:00+00:00,ANET,ANET251205C00148000,call,False,148.0,0.0,0.15,0.15,125.04000091552734,0.516606396484375,0.036842886271592254,0.0,1.0,8.0,2025-11-26 15:01:51+00:00,5.969166666666666,0.075,0.021917808219178082
2025-11-26 21:00:00+00:00,2025-12-05 00:00:00+00:00,ANET,ANET251205C00149000,call,False,149.0,0.0,0.1,0.35,125.04000091552734,0.500005,0.036842886271592254,0.0,5.0,16.0,2025-11-20 17:31:21+00:00,147.4775,0.05,0.021917808219178082
2025-11-26 21:00:00+00:00,2025-12-05 00:00:00+00:00,ANET,ANET251205C00150000,call,False,150.0,0.0,0.1,0.07,125.04000091552734,0.51758294921875,0.036842886271592254,0.0,2.0,326.0,2025-11-26 18:37:57+00:00,2.3675,0.05,0.021917808219178082
2025-11-26 21:00:00+00:00,2025-12-05 00:00:00+00:00,ANET,ANET251205C00152500,call,False,152.5,0.0,0.05,0.07,125.04000091552734,0.507817421875,0.036842886271592254,0.0,4.0,79.0,2025-11-26 15:45:30+00:00,5.241666666666666,0.025,0.021917808219178082
2025-11-26 21:00:00+00:00,2025-12-05 00:00:00+00:00,ANET,ANET251205C00155000,call,False,155.0,0.0,0.05,0.05,125.04000091552734,0.500005,0.036842886271592254,0.0,1.0,75.0,2025-11-26 19:10:10+00:00,1.8305555555555555,0.025,0.021917808219178082
2025-11-26 21:00:00+00:00,2025-12-05 00:00:00+00:00,ANET,ANET251205C00157500,call,False,157.5,0.0,0.05,0.05,125.04000091552734,0.5390671093750001,0.036842886271592254,0.0,3.0,22.0,2025-11-20 20:34:56+00:00,144.4177777777778,0.025,0.021917808219178082
2025-11-26 21:00:00+00:00,2025-12-05 00:00:00+00:00,ANET,ANET251205C00160000,call,False,160.0,0.0,0.4,0.05,125.04000091552734,0.7656273437500001,0.036842886271592254,0.0,1.0,127.0,2025-11-24 16:08:39+00:00,52.85583333333334,0.2,0.021917808219178082
2025-11-26 21:00:00+00:00,2025-12-05 00:00:00+00:00,ANET,ANET251205C00162500,call,False,162.5,0.0,0.05,0.15,125.04000091552734,0.6093789062500001,0.036842886271592254,0.0,1.0,30.0,2025-11-19 15:19:23+00:00,173.67694444444444,0.025,0.021917808219178082
2025-11-26 21:00:00+00:00,2025-12-05 00:00:00+00:00,ANET,ANET251205C00165000,call,False,165.0,0.0,0.25,0.1,125.04000091552734,0.789064609375,0.036842886271592254,0.0,2.0,34.0,2025-11-26 14:30:10+00:00,6.497222222222222,0.125,0.021917808219178082
2025-11-26 21:00:00+00:00,2025-12-05 00:00:00+00:00,ANET,ANET251205C00167500,call,False,167.5,0.0,0.25,0.1,125.04000091552734,0.8261736132812498,0.036842886271592254,0.0,1.0,34.0,2025-11-20 15:48:32+00:00,149.1911111111111,0.125,0.021917808219178082
2025-11-26 21:00:00+00:00,2025-12-05 00:00:00+00:00,ANET,ANET251205C00170000,call,False,170.0,0.0,0.15,0.05,125.04000091552734,0.804689453125,0.036842886271592254,0.0,8.0,37.0,2025-11-26 16:46:39+00:00,4.2225,0.075,0.021917808219178082
2025-11-26 21:00:00+00:00,2025-12-05 00:00:00+00:00,ANET,ANET251205C00172500,call,False,172.5,0.0,0.05,0.1,125.04000091552734,0.73437765625,0.036842886271592254,0.0,1.0,5.0,2025-11-20 15:49:05+00:00,149.18194444444444,0.025,0.021917808219178082
2025-11-26 21:00:00+00:00,2025-12-05 00:00:00+00:00,ANET,ANET251205C00175000,call,False,175.0,0.0,0.15,0.27,125.04000091552734,0.87500125,0.036842886271592254,0.0,1.0,52.0,2025-11-12 20:24:28+00:00,336.59222222222223,0.075,0.021917808219178082
2025-11-26 21:00:00+00:00,2025-12-05 00:00:00+00:00,ANET,ANET251205C00180000,call,False,180.0,0.0,0.35,0.2,125.04000091552734,1.056645341796875,0.036842886271592254,0.0,2.0,48.0,2025-11-10 15:15:15+00:00,389.74583333333334,0.175,0.021917808219178082
2025-11-26 21:00:00+00:00,2025-12-05 00:00:00+00:00,ANET,ANET251205C00182500,call,False,182.5,0.0,0.4,0.05,125.04000091552734,1.11328568359375,0.036842886271592254,0.0,1.0,7.0,2025-11-07 19:13:50+00:00,457.76944444444445,0.2,0.021917808219178082
2025-11-26 21:00:00+00:00,2025-12-05 00:00:00+00:00,ANET,ANET251205C00185000,call,False,185.0,0.0,1.2,0.5,125.04000091552734,1.3852569799804684,0.036842886271592254,0.0,1.0,1.0,2025-11-06 14:37:45+00:00,486.37083333333334,0.6,0.021917808219178082
2025-11-26 21:00:00+00:00,2025-12-05 00:00:00+00:00,ANET,ANET251205C00190000,call,False,190.0,0.0,0.4,0.04,125.04000091552734,1.2148476757812499,0.036842886271592254,0.0,5.0,21.0,2025-11-19 15:51:23+00:00,173.1436111111111,0.2,0.021917808219178082
2025-11-26 21:00:00+00:00,2025-12-05 00:00:00+00:00,ANET,ANET251205C00195000,call,False,195.0,0.0,0.15,0.6,125.04000091552734,1.125004375,0.036842886271592254,0.0,1.0,8.0,2025-11-05 14:30:03+00:00,510.49916666666667,0.075,0.021917808219178082
2025-11-26 21:00:00+00:00,2025-12-05 00:00:00+00:00,ANET,ANET251205C00200000,call,False,200.0,0.0,0.15,1.11,125.04000091552734,1.1796916015624999,0.036842886271592254,0.0,5.0,3.0,2025-11-04 15:51:03+00:00,533.1491666666667,0.075,0.021917808219178082
2025-11-26 21:00:00+00:00,2025-12-05 00:00:00+00:00,ANET,ANET251205C00210000,call,False,210.0,0.0,0.15,0.04,125.04000091552734,1.2890660546875,0.036842886271592254,0.0,1.0,39.0,2025-11-11 18:45:16+00:00,362.24555555555554,0.075,0.021917808219178082
2025-11-26 21:00:00+00:00,2025-12-05 00:00:00+00:00,ANET,ANET251205C00215000,call,False,215.0,0.0,0.15,0.1,125.04000091552734,1.3398470507812497,0.036842886271592254,0.0,1.0,2.0,2025-11-07 15:24:09+00:00,461.5975,0.075,0.021917808219178082
2025-11-26 21:00:00+00:00,2025-12-05 00:00:00+00:00,ANET,ANET251205P00085000,put,False,85.0,0.0,0.05,0.1,125.04000091552734,1.000005,0.036842886271592254,0.0,,16.0,2025-11-20 19:23:29+00:00,145.60861111111112,0.025,0.021917808219178082
2025-11-26 21:00:00+00:00,2025-12-05 00:00:00+00:00,ANET,ANET251205P00090000,put,False,90.0,0.0,0.2,0.35,125.04000091552734,1.0390673046875003,0.036842886271592254,0.0,1.0,2.0,2025-11-21 16:13:46+00:00,124.77055555555556,0.1,0.021917808219178082
2025-11-26 21:00:00+00:00,2025-12-05 00:00:00+00:00,ANET,ANET251205P00095000,put,False,95.0,0.0,0.2,0.1,125.04000091552734,0.8964854101562498,0.036842886271592254,0.0,13.0,22.0,2025-11-24 18:44:58+00:00,50.25055555555556,0.1,0.021917808219178082
2025-11-26 21:00:00+00:00,2025-12-05 00:00:00+00:00,ANET,ANET251205P00099000,put,False,99.0,0.0,0.25,0.18,125.04000091552734,0.8125018749999999,0.036842886271592254,0.0,,3.0,2025-11-24 20:37:16+00:00,48.37888888888889,0.125,0.021917808219178082
2025-11-26 21:00:00+00:00,2025-12-05 00:00:00+00:00,ANET,ANET251205P00100000,put,False,100.0,0.0,0.25,0.27,125.04000091552734,0.7851583984375,0.036842886271592254,0.0,10.0,104.0,2025-11-24 17:33:28+00:00,51.44222222222222,0.125,0.021917808219178082
2025-11-26 21:00:00+00:00,2025-12-05 00:00:00+00:00,ANET,ANET251205P00103000,put,False,103.0,0.0,0.3,0.31,125.04000091552734,0.7246121289062499,0.036842886271592254,0.0,,28.0,2025-11-24 19:56:24+00:00,49.06,0.15,0.021917808219178082
2025-11-26 21:00:00+00:00,2025-12-05 00:00:00+00:00,ANET,ANET251205P00105000,put,False,105.0,0.0,0.35,0.1,125.04000091552734,0.6875031250000001,0.036842886271592254,0.0,22.0,74.0,2025-11-26 20:59:00+00:00,0.016666666666666666,0.175,0.021917808219178082
2025-11-26 21:00:00+00:00,2025-12-05 00:00:00+00:00,ANET,ANET251205P00106000,put,False,106.0,0.0,0.25,0.45,125.04000091552734,0.62305064453125,0.036842886271592254,0.0,,22.0,2025-11-24 20:49:34+00:00,48.17388888888889,0.125,0.021917808219178082
2025-11-26 21:00:00+00:00,2025-12-05 00:00:00+00:00,ANET,ANET251205P00107000,put,False,107.0,0.0,0.3,0.25,125.04000091552734,0.6152382226562501,0.036842886271592254,0.0,1.0,1.0,2025-11-25 19:49:08+00:00,25.18111111111111,0.15,0.021917808219178082
2025-11-26 21:00:00+00:00,2025-12-05 00:00:00+00:00,ANET,ANET251205P00108000,put,False,108.0,0.05,0.45,0.15,125.04000091552734,0.647464462890625,0.036842886271592254,0.0,4.0,37.0,2025-11-26 15:45:30+00:00,5.241666666666666,0.25,0.021917808219178082
2025-11-26 21:00:00+00:00,2025-12-05 00:00:00+00:00,ANET,ANET251205P00109000,put,False,109.0,0.05,0.5,0.55,125.04000091552734,0.63086306640625,0.036842886271592254,0.0,100.0,102.0,2025-11-25 14:46:45+00:00,30.220833333333335,0.275,0.021917808219178082
2025-11-26 21:00:00+00:00,2025-12-05 00:00:00+00:00,ANET,ANET251205P00110000,put,False,110.0,0.15,0.3,0.19,125.04000091552734,0.577152666015625,0.036842886271592254,0.0,114.0,300.0,2025-11-26 20:26:47+00:00,0.5536111111111112,0.22499999999999998,0.021917808219178082
2025-11-26 21:00:00+00:00,2025-12-05 00:00:00+00:00,ANET,ANET251205P00111000,put,False,111.0,0.1,0.65,0.3,125.04000091552734,0.6132851171875001,0.036842886271592254,0.0,13.0,8.0,2025-11-26 20:26:01+00:00,0.5663888888888889,0.375,0.021917808219178082
2025-11-26 21:00:00+00:00,2025-12-05 00:00:00+00:00,ANET,ANET251205P00112000,put,False,112.0,0.0,0.35,0.26,125.04000091552734,0.5732464550781251,0.036842886271592254,0.0,17.0,1.0,2025-11-26 20:26:48+00:00,0.5533333333333333,0.175,0.021917808219178082
2025-11-26 21:00:00+00:00,2025-12-05 00:00:00+00:00,ANET,ANET251205P00113000,put,False,113.0,0.2,0.75,0.85,125.04000091552734,0.5854533642578125,0.036842886271592254,0.0,1.0,7.0,2025-11-25 14:42:05+00:00,30.29861111111111,0.475,0.021917808219178082
2025-11-26 21:00:00+00:00,2025-12-05 00:00:00+00:00,ANET,ANET251205P00114000,put,False,114.0,0.05,0.5,0.43,125.04000091552734,0.5610395458984375,0.036842886271592254,0.0,28.0,33.0,2025-11-26 18:10:18+00:00,2.828333333333333,0.275,0.021917808219178082
2025-11-26 21:00:00+00:00,2025-12-05 00:00:00+00:00,ANET,ANET251205P00115000,put,False,115.0,0.1,0.6,0.45,125.04000091552734,0.5561567822265626,0.036842886271592254,0.0,83.0,227.0,2025-11-26 20:53:16+00:00,0.11222222222222222,0.35,0.021917808219178082
2025-11-26 21:00:00+00:00,2025-12-05 00:00:00+00:00,ANET,ANET251205P00116000,put,False,116.0,0.35,0.65,0.5,125.04000091552734,0.5351608984375,0.036842886271592254,0.0,7.0,201.0,2025-11-26 20:26:01+00:00,0.5663888888888889,0.5,0.021917808219178082
2025-11-26 21:00:00+00:00,2025-12-05 00:00:00+00:00,ANET,ANET251205P00117000,put,False,117.0,0.4,1.15,0.78,125.04000091552734,0.5302781347656251,0.036842886271592254,0.0,13.0,262.0,2025-11-26 19:10:52+00:00,1.818888888888889,0.7749999999999999,0.021917808219178082
2025-11-26 21:00:00+00:00,2025-12-05 00:00:00+00:00,ANET,ANET251205P00118000,put,False,118.0,0.2,1.15,0.7,125.04000091552734,0.5705609350585938,0.036842886271592254,0.0,38.0,254.0,2025-11-26 20:42:33+00:00,0.29083333333333333,0.6749999999999999,0.021917808219178082
2025-11-26 21:00:00+00:00,2025-12-05 00:00:00+00:00,ANET,ANET251205P00119000,put,False,119.0,0.35,1.0,1.0,125.04000091552734,0.5034229345703125,0.036842886271592254,0.0,42.0,177.0,2025-11-26 18:07:29+00:00,2.875277777777778,0.675,0.021917808219178082
2025-11-26 21:00:00+00:00,2025-12-05 00:00:00+00:00,ANET,ANET251205P00120000,put,False,120.0,0.8,1.15,1.05,125.04000091552734,0.49219257812500006,0.036842886271592254,0.0,130.0,313.0,2025-11-26 20:55:55+00:00,0.06805555555555555,0.975,0.021917808219178082
2025-11-26 21:00:00+00:00,2025-12-05 00:00:00+00:00,ANET,ANET251205P00121000,put,False,121.0,1.05,1.35,1.16,125.04000091552734,0.48560084716796875,0.036842886271592254,0.0,27.0,780.0,2025-11-26 20:37:08+00:00,0.3811111111111111,1.2000000000000002,0.021917808219178082
2025-11-26 21:00:00+00:00,2025-12-05 00:00:00+00:00,ANET,ANET251205P00122000,put,False,122.0,1.3,1.55,1.4,125.04000091552734,0.47461462890625,0.036842886271592254,0.0,78.0,17.0,2025-11-26 20:34:46+00:00,0.42055555555555557,1.425,0.021917808219178082
2025-11-26 21:00:00+00:00,2025-12-05 00:00:00+00:00,ANET,ANET251205P00123000,put,False,123.0,1.6,1.85,1.62,125.04000091552734,0.47412635253906255,0.036842886271592254,0.0,107.0,254.0,2025-11-26 20:24:07+00:00,0.5980555555555556,1.725,0.021917808219178082
2025-11-26 21:00:00+00:00,2025-12-05 00:00:00+00:00,ANET,ANET251205P00124000,put,False,124.0,1.9,2.1,1.85,125.04000091552734,0.4616753051757813,0.036842886271592254,0.0,106.0,177.0,2025-11-26 20:16:48+00:00,0.72,2.0,0.021917808219178082
2025-11-26 21:00:00+00:00,2025-12-05 00:00:00+00:00,ANET,ANET251205P00125000,put,False,125.0,2.25,2.45,2.4,125.04000091552734,0.4577690942382813,0.036842886271592254,0.0,167.0,248.0,2025-11-26 20:46:46+00:00,0.22055555555555556,2.35,0.021917808219178082
2025-11-26 21:00:00+00:00,2025-12-05 00:00:00+00:00,ANET,ANET251205P00126000,put,False,126.0,2.6,2.8,3.1,125.04000091552734,0.44873598144531246,0.036842886271592254,0.0,85.0,120.0,2025-11-26 19:11:13+00:00,1.8130555555555556,2.7,0.021917808219178082
2025-11-26 21:00:00+00:00,2025-12-05 00:00:00+00:00,ANET,ANET251205P00127000,put,False,127.0,3.0,3.3,3.04,125.04000091552734,0.45337460693359377,0.036842886271592254,0.0,32.0,26.0,2025-11-26 20:37:23+00:00,0.37694444444444447,3.15,0.021917808219178082
2025-11-26 21:00:00+00:00,2025-12-05 00:00:00+00:00,ANET,ANET251205P00128000,put,True,128.0,3.4,3.7,3.4,125.04000091552734,0.43994700683593746,0.036842886271592254,0.0,132.0,116.0,2025-11-26 20:45:45+00:00,0.2375,3.55,0.021917808219178082
2025-11-26 21:00:00+00:00,2025-12-05 00:00:00+00:00,ANET,ANET251205P00129000,put,True,129.0,4.0,4.2,4.0,125.04000091552734,0.43335527587890627,0.036842886271592254,0.0,10.0,84.0,2025-11-26 20:58:59+00:00,0.016944444444444446,4.1,0.021917808219178082
2025-11-26 21:00:00+00:00,2025-12-05 00:00:00+00:00,ANET,ANET251205P00130000,put,True,130.0,4.5,4.8,5.25,125.04000091552734,0.4338435522460938,0.036842886271592254,0.0,12.0,311.0,2025-11-26 16:20:54+00:00,4.651666666666666,4.65,0.021917808219178082
2025-11-26 21:00:00+00:00,2025-12-05 00:00:00+00:00,ANET,ANET251205P00131000,put,True,131.0,5.1,5.5,5.8,125.04000091552734,0.4419001123046875,0.036842886271592254,0.0,2.0,35.0,2025-11-26 16:06:18+00:00,4.895,5.3,0.021917808219178082
2025-11-26 21:00:00+00:00,2025-12-05 00:00:00+00:00,ANET,ANET251205P00132000,put,True,132.0,5.6,6.2,5.8,125.04000091552734,0.44482977050781247,0.036842886271592254,0.0,4.0,51.0,2025-11-26 20:53:06+00:00,0.115,5.9,0.021917808219178082
2025-11-26 21:00:00+00:00,2025-12-05 00:00:00+00:00,ANET,ANET251205P00133000,put,True,133.0,5.3,7.0,7.23,125.04000091552734,0.45703667968750006,0.036842886271592254,0.0,39.0,48.0,2025-11-26 18:58:38+00:00,2.022777777777778,6.15,0.021917808219178082
2025-11-26 21:00:00+00:00,2025-12-05 00:00:00+00:00,ANET,ANET251205P00134000,put,True,134.0,6.9,8.1,8.21,125.04000091552734,0.5102588037109376,0.036842886271592254,0.0,1.0,26.0,2025-11-25 14:39:22+00:00,30.343888888888888,7.5,0.021917808219178082
2025-11-26 21:00:00+00:00,2025-12-05 00:00:00+00:00,ANET,ANET251205P00135000,put,True,135.0,6.5,9.4,8.01,125.04000091552734,0.5920450952148439,0.036842886271592254,0.0,42.0,78.0,2025-11-26 20:47:45+00:00,0.20416666666666666,7.95,0.021917808219178082
2025-11-26 21:00:00+00:00,2025-12-05 00:00:00+00:00,ANET,ANET251205P00136000,put,True,136.0,8.2,9.7,8.6,125.04000091552734,0.5202684692382812,0.036842886271592254,0.0,10.0,7.0,2025-11-26 20:44:16+00:00,0.26222222222222225,8.95,0.021917808219178082
2025-11-26 21:00:00+00:00,2025-12-05 00:00:00+00:00,ANET,ANET251205P00137000,put,True,137.0,9.0,10.7,21.42,125.04000091552734,0.5537154003906251,0.036842886271592254,0.0,8.0,16.0,2025-11-21 16:02:40+00:00,124.95555555555555,9.85,0.021917808219178082
2025-11-26 21:00:00+00:00,2025-12-05 00:00:00+00:00,ANET,ANET251205P00138000,put,True,138.0,9.9,11.6,21.33,125.04000091552734,0.5688519677734375,0.036842886271592254,0.0,1.0,12.0,2025-11-21 15:34:35+00:00,125.42361111111111,10.75,0.021917808219178082
2025-11-26 21:00:00+00:00,2025-12-05 00:00:00+00:00,ANET,ANET251205P00139000,put,True,139.0,10.4,12.3,11.36,125.04000091552734,0.5434615966796876,0.036842886271592254,0.0,10.0,19.0,2025-11-26 20:22:27+00:00,0.6258333333333334,11.350000000000001,0.021917808219178082
2025-11-26 21:00:00+00:00,2025-12-05 00:00:00+00:00,ANET,ANET251205P00140000,put,True,140.0,11.4,13.4,13.2,125.04000091552734,0.5925333715820313,0.036842886271592254,0.0,7.0,110.0,2025-11-26 18:44:07+00:00,2.2647222222222223,12.4,0.021917808219178082
2025-11-26 21:00:00+00:00,2025-12-05 00:00:00+00:00,ANET,ANET251205P00141000,put,True,141.0,12.3,14.3,21.23,125.04000091552734,0.6010782080078126,0.036842886271592254,0.0,5.0,6.0,2025-11-24 14:42:22+00:00,54.29388888888889,13.3,0.021917808219178082
2025-11-26 21:00:00+00:00,2025-12-05 00:00:00+00:00,ANET,ANET251205P00142000,put,True,142.0,13.2,15.2,20.55,125.04000091552734,0.6071816625976563,0.036842886271592254,0.0,2.0,9.0,2025-11-24 20:02:14+00:00,48.96277777777778,14.2,0.021917808219178082
2025-11-26 21:00:00+00:00,2025-12-05 00:00:00+00:00,ANET,ANET251205P00143000,put,True,143.0,13.8,16.3,22.1,125.04000091552734,0.6562534375000001,0.036842886271592254,0.0,1.0,5.0,2025-11-24 17:35:10+00:00,51.41388888888889,15.05,0.021917808219178082
2025-11-26 21:00:00+00:00,2025-12-05 00:00:00+00:00,ANET,ANET251205P00144000,put,True,144.0,14.8,17.3,17.25,125.04000091552734,0.6828644995117189,0.036842886271592254,0.0,1.0,3.0,2025-11-26 16:31:51+00:00,4.469166666666666,16.05,0.021917808219178082
2025-11-26 21:00:00+00:00,2025-12-05 00:00:00+00:00,ANET,ANET251205P00145000,put,True,145.0,15.9,18.9,17.0,125.04000091552734,0.8320329296874999,0.036842886271592254,0.0,5.0,43.0,2025-11-26 20:01:47+00:00,0.9702777777777778,17.4,0.021917808219178082
2025-11-26 21:00:00+00:00,2025-12-05 00:00:00+00:00,ANET,ANET251205P00146000,put,True,146.0,16.8,19.2,19.42,125.04000091552734,0.7114286669921875,0.036842886271592254,0.0,1.0,3.0,2025-11-25 14:30:08+00:00,30.497777777777777,18.0,0.021917808219178082
2025-11-26 21:00:00+00:00,2025-12-05 00:00:00+00:00,ANET,ANET251205P00147000,put,True,147.0,18.3,20.2,7.34,125.04000091552734,0.73633076171875,0.036842886271592254,0.0,,0.0,2025-11-03 15:08:04+00:00,557.8655555555556,19.25,0.021917808219178082
2025-11-26 21:00:00+00:00,2025-12-05 00:00:00+00:00,ANET,ANET251205P00148000,put,True,148.0,19.2,21.2,25.3,125.04000091552734,0.7607445800781252,0.036842886271592254,0.0,1.0,7.0,2025-11-25 14:30:08+00:00,30.497777777777777,20.2,0.021917808219178082
2025-11-26 21:00:00+00:00,2025-12-05 00:00:00+00:00,ANET,ANET251205P00149000,put,True,149.0,20.1,22.2,25.82,125.04000091552734,0.7851583984375,0.036842886271592254,0.0,1.0,0.0,2025-11-18 16:01:11+00:00,196.9802777777778,21.15,0.021917808219178082
2025-11-26 21:00:00+00:00,2025-12-05 00:00:00+00:00,ANET,ANET251205P00150000,put,True,150.0,21.2,23.1,26.28,125.04000091552734,0.782228740234375,0.036842886271592254,0.0,1.0,3.0,2025-11-20 18:32:18+00:00,146.46166666666667,22.15,0.021917808219178082
2025-11-26 21:00:00+00:00,2025-12-05 00:00:00+00:00,ANET,ANET251205P00152500,put,True,152.5,23.6,26.2,28.79,125.04000091552734,0.507817421875,0.036842886271592254,0.0,3.0,0.0,2025-11-19 17:39:43+00:00,171.33805555555554,24.9,0.021917808219178082
2025-11-26 21:00:00+00:00,2025-12-05 00:00:00+00:00,ANET,ANET251205P00155000,put,True,155.0,26.2,28.7,37.6,125.04000091552734,0.6054726953125001,0.036842886271592254,0.0,1.0,2.0,2025-11-21 19:34:56+00:00,121.41777777777777,27.45,0.021917808219178082
2025-11-26 21:00:00+00:00,2025-12-05 00:00:00+00:00,ANET,ANET251205P00157500,put,True,157.5,28.5,30.7,25.72,125.04000091552734,0.9770510107421876,0.036842886271592254,0.0,1.0,1.0,2025-11-14 15:30:59+00:00,293.4836111111111,29.6,0.021917808219178082
2025-11-26 21:00:00+00:00,2025-12-05 00:00:00+00:00,ANET,ANET251205P00160000,put,True,160.0,30.9,33.2,25.47,125.04000091552734,1.0293017285156252,0.036842886271592254,0.0,1.0,0.0,2025-11-12 15:08:47+00:00,341.8536111111111,32.05,0.021917808219178082
2025-11-26 21:00:00+00:00,2025-12-05 00:00:00+00:00,ANET,ANET251205P00162500,put,True,162.5,33.8,36.2,30.83,125.04000091552734,0.77148666015625,0.036842886271592254,0.0,1.0,0.0,2025-11-14 15:30:59+00:00,293.4836111111111,35.0,0.021917808219178082
2025-11-26 21:00:00+00:00,2025-12-05 00:00:00+00:00,ANET,ANET251205P00165000,put,True,165.0,36.1,38.7,40.57,125.04000091552734,0.6953155468750001,0.036842886271592254,0.0,30.0,0.0,2025-11-18 20:03:46+00:00,192.93722222222223,37.400000000000006,0.021917808219178082
2025-11-26 21:00:00+00:00,2025-12-05 00:00:00+00:00,ANET,ANET251205P00170000,put,True,170.0,41.4,43.2,27.62,125.04000091552734,1.2255898095703124,0.036842886271592254,0.0,,0.0,2025-11-05 15:28:12+00:00,509.53,42.3,0.021917808219178082
2025-11-26 21:00:00+00:00,2025-12-12 00:00:00+00:00,ANET,ANET251212C00100000,call,True,100.0,26.7,29.5,21.82,125.04000091552734,0.747072841796875,0.036842886271592254,0.0,1.0,2.0,2025-11-24 16:32:08+00:00,52.464444444444446,28.1,0.0410958904109589
2025-11-26 21:00:00+00:00,2025-12-12 00:00:00+00:00,ANET,ANET251212C00105000,call,True,105.0,21.8,24.5,20.0,125.04000091552734,0.6401403173828125,0.036842886271592254,0.0,2.0,5.0,2025-11-25 15:17:37+00:00,29.70638888888889,23.15,0.0410958904109589
2025-11-26 21:00:00+00:00,2025-12-12 00:00:00+00:00,ANET,ANET251212C00110000,call,True,110.0,17.3,19.9,10.95,125.04000091552734,0.6176796044921876,0.036842886271592254,0.0,1.0,4.0,2025-11-21 17:17:06+00:00,123.715,18.6,0.0410958904109589
2025-11-26 21:00:00+00:00,2025-12-12 00:00:00+00:00,ANET,ANET251212C00114000,call,True,114.0,13.7,15.8,10.1,125.04000091552734,0.534184345703125,0.036842886271592254,0.0,2.0,1.0,2025-11-24 19:06:24+00:00,49.89333333333333,14.75,0.0410958904109589
2025-11-26 21:00:00+00:00,2025-12-12 00:00:00+00:00,ANET,ANET251212C00115000,call,True,115.0,13.2,16.1,14.28,125.04000091552734,0.6369665209960937,0.036842886271592254,0.0,4.0,7.0,2025-11-26 20:23:56+00:00,0.6011111111111112,14.65,0.0410958904109589
2025-11-26 21:00:00+00:00,2025-12-12 00:00:00+00:00,ANET,ANET251212C00116000,call,True,116.0,12.1,14.2,8.7,125.04000091552734,0.5368698657226563,0.036842886271592254,0.0,4.0,2.0,2025-11-24 19:04:49+00:00,49.91972222222222,13.149999999999999,0.0410958904109589
2025-11-26 21:00:00+00:00,2025-12-12 00:00:00+00:00,ANET,ANET251212C00117000,call,True,117.0,11.2,13.6,8.36,125.04000091552734,0.540287800292969,0.036842886271592254,0.0,8.0,33.0,2025-11-24 20:48:52+00:00,48.18555555555555,12.399999999999999,0.0410958904109589
2025-11-26 21:00:00+00:00,2025-12-12 00:00:00+00:00,ANET,ANET251212C00118000,call,True,118.0,10.4,12.4,8.88,125.04000091552734,0.508793974609375,0.036842886271592254,0.0,1.0,7.0,2025-11-25 15:22:25+00:00,29.62638888888889,11.4,0.0410958904109589
2025-11-26 21:00:00+00:00,2025-12-12 00:00:00+00:00,ANET,ANET251212C00119000,call,True,119.0,9.4,11.8,8.69,125.04000091552734,0.5014698291015626,0.036842886271592254,0.0,6.0,3.0,2025-11-25 15:27:00+00:00,29.55,10.600000000000001,0.0410958904109589
2025-11-26 21:00:00+00:00,2025-12-12 00:00:00+00:00,ANET,ANET251212C00120000,call,True,120.0,8.5,12.1,10.1,125.04000091552734,0.549076774902344,0.036842886271592254,0.0,15.0,49.0,2025-11-26 19:32:52+00:00,1.4522222222222223,10.3,0.0410958904109589
2025-11-26 21:00:00+00:00,2025-12-12 00:00:00+00:00,ANET,ANET251212C00121000,call,True,121.0,9.1,10.0,7.97,125.04000091552734,0.5405319384765627,0.036842886271592254,0.0,15.0,38.0,2025-11-25 20:51:24+00:00,24.143333333333334,9.55,0.0410958904109589
2025-11-26 21:00:00+00:00,2025-12-12 00:00:00+00:00,ANET,ANET251212C00122000,call,True,122.0,8.0,9.7,8.0,125.04000091552734,0.5351608984375,0.036842886271592254,0.0,19.0,39.0,2025-11-26 18:48:56+00:00,2.1844444444444444,8.85,0.0410958904109589
2025-11-26 21:00:00+00:00,2025-12-12 00:00:00+00:00,ANET,ANET251212C00123000,call,True,123.0,7.7,8.5,6.4,125.04000091552734,0.5222215747070311,0.036842886271592254,0.0,25.0,13.0,2025-11-25 15:47:29+00:00,29.20861111111111,8.1,0.0410958904109589
2025-11-26 21:00:00+00:00,2025-12-12 00:00:00+00:00,ANET,ANET251212C00124000,call,True,124.0,7.1,8.0,7.21,125.04000091552734,0.5268602001953125,0.036842886271592254,0.0,2.0,21.0,2025-11-26 20:05:17+00:00,0.9119444444444444,7.55,0.0410958904109589
2025-11-26 21:00:00+00:00,2025-12-12 00:00:00+00:00,ANET,ANET251212C00125000,call,True,125.0,6.5,7.2,7.1,125.04000091552734,0.5141650146484374,0.036842886271592254,0.0,42.0,86.0,2025-11-26 20:10:09+00:00,0.8308333333333333,6.85,0.0410958904109589
2025-11-26 21:00:00+00:00,2025-12-12 00:00:00+00:00,ANET,ANET251212C00126000,call,True,126.0,5.9,6.5,6.3,125.04000091552734,0.5037891418457032,0.036842886271592254,0.0,23.0,45.0,2025-11-26 20:19:14+00:00,0.6794444444444444,6.2,0.0410958904109589
2025-11-26 21:00:00+00:00,2025-12-12 00:00:00+00:00,ANET,ANET251212C00127000,call,True,127.0,5.3,6.2,5.5,125.04000091552734,0.5097705273437501,0.036842886271592254,0.0,9.0,22.0,2025-11-26 19:57:28+00:00,1.0422222222222222,5.75,0.0410958904109589
2025-11-26 21:00:00+00:00,2025-12-12 00:00:00+00:00,ANET,ANET251212C00128000,call,False,128.0,4.9,5.2,5.1,125.04000091552734,0.5034229345703125,0.036842886271592254,0.0,55.0,45.0,2025-11-26 20:56:50+00:00,0.05277777777777778,5.050000000000001,0.0410958904109589
2025-11-26 21:00:00+00:00,2025-12-12 00:00:00+00:00,ANET,ANET251212C00129000,call,False,129.0,4.4,4.7,4.55,125.04000091552734,0.4991505163574219,0.036842886271592254,0.0,21.0,37.0,2025-11-26 20:57:09+00:00,0.0475,4.550000000000001,0.0410958904109589
2025-11-26 21:00:00+00:00,2025-12-12 00:00:00+00:00,ANET,ANET251212C00130000,call,False,130.0,3.9,4.3,4.2,125.04000091552734,0.5014698291015626,0.036842886271592254,0.0,30.0,37.0,2025-11-26 20:25:52+00:00,0.5688888888888889,4.1,0.0410958904109589
2025-11-26 21:00:00+00:00,2025-12-12 00:00:00+00:00,ANET,ANET251212C00131000,call,False,131.0,3.6,3.8,3.65,125.04000091552734,0.49158223266601564,0.036842886271592254,0.0,317.0,74.0,2025-11-26 20:59:57+00:00,0.0008333333333333334,3.7,0.0410958904109589
2025-11-26 21:00:00+00:00,2025-12-12 00:00:00+00:00,ANET,ANET251212C00132000,call,False,132.0,3.1,3.4,3.25,125.04000091552734,0.48828636718750007,0.036842886271592254,0.0,50.0,38.0,2025-11-26 20:57:08+00:00,0.04777777777777778,3.25,0.0410958904109589
2025-11-26 21:00:00+00:00,2025-12-12 00:00:00+00:00,ANET,ANET251212C00133000,call,False,133.0,2.75,2.85,2.62,125.04000091552734,0.4672904833984375,0.036842886271592254,0.0,6.0,28.0,2025-11-26 18:47:39+00:00,2.2058333333333335,2.8,0.0410958904109589
2025-11-26 21:00:00+00:00,2025-12-12 00:00:00+00:00,ANET,ANET251212C00134000,call,False,134.0,2.4,2.5,2.58,125.04000091552734,0.4626518579101563,0.036842886271592254,0.0,3.0,52.0,2025-11-26 19:58:51+00:00,1.0191666666666668,2.45,0.0410958904109589
2025-11-26 21:00:00+00:00,2025-12-12 00:00:00+00:00,ANET,ANET251212C00135000,call,False,135.0,2.05,2.2,2.32,125.04000091552734,0.4603325451660156,0.036842886271592254,0.0,97.0,288.0,2025-11-26 20:44:30+00:00,0.25833333333333336,2.125,0.0410958904109589
2025-11-26 21:00:00+00:00,2025-12-12 00:00:00+00:00,ANET,ANET251212C00136000,call,False,136.0,1.75,2.0,1.83,125.04000091552734,0.46631393066406257,0.036842886271592254,0.0,2.0,32.0,2025-11-26 15:51:24+00:00,5.1433333333333335,1.875,0.0410958904109589
2025-11-26 21:00:00+00:00,2025-12-12 00:00:00+00:00,ANET,ANET251212C00137000,call,False,137.0,1.5,1.7,1.7,125.04000091552734,0.4580132324218751,0.036842886271592254,0.0,6.0,25.0,2025-11-26 20:53:52+00:00,0.10222222222222223,1.6,0.0410958904109589
2025-11-26 21:00:00+00:00,2025-12-12 00:00:00+00:00,ANET,ANET251212C00138000,call,False,138.0,1.3,1.45,1.52,125.04000091552734,0.4523980541992188,0.036842886271592254,0.0,24.0,44.0,2025-11-26 20:44:30+00:00,0.25833333333333336,1.375,0.0410958904109589
2025-11-26 21:00:00+00:00,2025-12-12 00:00:00+00:00,ANET,ANET251212C00139000,call,False,139.0,0.95,1.3,1.2,125.04000091552734,0.4567925415039063,0.036842886271592254,0.0,15.0,20.0,2025-11-26 15:48:15+00:00,5.195833333333334,1.125,0.0410958904109589
2025-11-26 21:00:00+00:00,2025-12-12 00:00:00+00:00,ANET,ANET251212C00140000,call,False,140.0,0.9,1.1,1.15,125.04000091552734,0.45166563964843753,0.036842886271592254,0.0,37.0,909.0,2025-11-26 20:43:44+00:00,0.27111111111111114,1.0,0.0410958904109589
2025-11-26 21:00:00+00:00,2025-12-12 00:00:00+00:00,ANET,ANET251212C00141000,call,False,141.0,0.85,0.95,0.85,125.04000091552734,0.4506890869140625,0.036842886271592254,0.0,5.0,7.0,2025-11-26 19:53:25+00:00,1.1097222222222223,0.8999999999999999,0.0410958904109589
2025-11-26 21:00:00+00:00,2025-12-12 00:00:00+00:00,ANET,ANET251212C00142000,call,False,142.0,0.05,0.85,0.8,125.04000091552734,0.45532771240234376,0.036842886271592254,0.0,24.0,5.0,2025-11-26 15:38:40+00:00,5.355555555555555,0.45,0.0410958904109589
2025-11-26 21:00:00+00:00,2025-12-12 00:00:00+00:00,ANET,ANET251212C00143000,call,False,143.0,0.5,0.7,0.7,125.04000091552734,0.44873598144531246,0.036842886271592254,0.0,2.0,11.0,2025-11-26 20:14:10+00:00,0.7638888888888888,0.6,0.0410958904109589
2025-11-26 21:00:00+00:00,2025-12-12 00:00:00+00:00,ANET,ANET251212C00144000,call,False,144.0,0.25,0.65,0.55,125.04000091552734,0.4585015087890626,0.036842886271592254,0.0,6.0,7.0,2025-11-26 18:02:15+00:00,2.9625,0.45,0.0410958904109589
2025-11-26 21:00:00+00:00,2025-12-12 00:00:00+00:00,ANET,ANET251212C00145000,call,False,145.0,0.25,0.55,0.51,125.04000091552734,0.4563042651367188,0.036842886271592254,0.0,67.0,127.0,2025-11-26 20:04:30+00:00,0.925,0.4,0.0410958904109589
2025-11-26 21:00:00+00:00,2025-12-12 00:00:00+00:00,ANET,ANET251212C00146000,call,False,146.0,0.3,0.9,0.27,125.04000091552734,0.5424850439453126,0.036842886271592254,0.0,11.0,32.0,2025-11-21 20:01:43+00:00,120.9713888888889,0.6,0.0410958904109589
2025-11-26 21:00:00+00:00,2025-12-12 00:00:00+00:00,ANET,ANET251212C00147000,call,False,147.0,0.25,0.85,0.75,125.04000091552734,0.5522505712890625,0.036842886271592254,0.0,4.0,2.0,2025-11-20 18:56:58+00:00,146.05055555555555,0.55,0.0410958904109589
2025-11-26 21:00:00+00:00,2025-12-12 00:00:00+00:00,ANET,ANET251212C00148000,call,False,148.0,0.0,0.75,0.38,125.04000091552734,0.5512740185546876,0.036842886271592254,0.0,1.0,92.0,2025-11-26 15:02:27+00:00,5.9591666666666665,0.375,0.0410958904109589
2025-11-26 21:00:00+00:00,2025-12-12 00:00:00+00:00,ANET,ANET251212C00149000,call,False,149.0,0.0,0.75,0.25,125.04000091552734,0.5688519677734375,0.036842886271592254,0.0,4.0,2.0,2025-11-24 18:48:27+00:00,50.1925,0.375,0.0410958904109589
2025-11-26 21:00:00+00:00,2025-12-12 00:00:00+00:00,ANET,ANET251212C00150000,call,False,150.0,0.15,0.3,0.39,125.04000091552734,0.47412635253906255,0.036842886271592254,0.0,536.0,567.0,2025-11-25 16:52:05+00:00,28.131944444444443,0.22499999999999998,0.0410958904109589
2025-11-26 21:00:00+00:00,2025-12-12 00:00:00+00:00,ANET,ANET251212C00152500,call,False,152.5,0.0,0.5,0.19,125.04000091552734,0.570316796875,0.036842886271592254,0.0,5.0,28.0,2025-11-24 15:09:16+00:00,53.845555555555556,0.25,0.0410958904109589
2025-11-26 21:00:00+00:00,2025-12-12 00:00:00+00:00,ANET,ANET251212C00155000,call,False,155.0,0.0,0.45,0.13,125.04000091552734,0.5185595019531251,0.036842886271592254,0.0,1.0,48.0,2025-11-21 19:26:47+00:00,121.55361111111111,0.225,0.0410958904109589
2025-11-26 21:00:00+00:00,2025-12-12 00:00:00+00:00,ANET,ANET251212C00157500,call,False,157.5,0.0,0.55,0.11,125.04000091552734,0.5732464550781251,0.036842886271592254,0.0,42.0,59.0,2025-11-25 19:15:30+00:00,25.741666666666667,0.275,0.0410958904109589
2025-11-26 21:00:00+00:00,2025-12-12 00:00:00+00:00,ANET,ANET251212C00160000,call,False,160.0,0.0,0.5,0.05,125.04000091552734,0.596683720703125,0.036842886271592254,0.0,2.0,50.0,2025-11-20 19:57:22+00:00,145.0438888888889,0.25,0.0410958904109589
2025-11-26 21:00:00+00:00,2025-12-12 00:00:00+00:00,ANET,ANET251212C00162500,call,False,162.5,0.0,0.05,0.51,125.04000091552734,0.49609878906250005,0.036842886271592254,0.0,5.0,35.0,2025-11-17 16:57:52+00:00,220.03555555555556,0.025,0.0410958904109589
2025-11-26 21:00:00+00:00,2025-12-12 00:00:00+00:00,ANET,ANET251212C00165000,call,False,165.0,0.0,0.35,0.15,125.04000091552734,0.62305064453125,0.036842886271592254,0.0,1.0,47.0,2025-11-26 18:43:24+00:00,2.276666666666667,0.175,0.0410958904109589
2025-11-26 21:00:00+00:00,2025-12-12 00:00:00+00:00,ANET,ANET251212C00167500,call,False,167.5,0.0,0.4,0.15,125.04000091552734,0.6669955175781253,0.036842886271592254,0.0,25.0,27.0,2025-11-18 15:51:04+00:00,197.14888888888888,0.2,0.0410958904109589
2025-11-26 21:00:00+00:00,2025-12-12 00:00:00+00:00,ANET,ANET251212C00170000,call,False,170.0,0.0,0.6,0.33,125.04000091552734,0.7460962890625,0.036842886271592254,0.0,1.0,47.0,2025-11-17 17:30:23+00:00,219.4936111111111,0.3,0.0410958904109589
2025-11-26 21:00:00+00:00,2025-12-12 00:00:00+00:00,ANET,ANET251212C00175000,call,False,175.0,0.0,1.0,7.5,125.04000091552734,0.88476677734375,0.036842886271592254,0.0,3.0,11.0,2025-11-03 19:51:03+00:00,553.1491666666667,0.5,0.0410958904109589
2025-11-26 21:00:00+00:00,2025-12-12 00:00:00+00:00,ANET,ANET251212C00177500,call,False,177.5,0.0,1.0,6.4,125.04000091552734,0.9150399121093751,0.036842886271592254,0.0,,1.0,2025-11-03 17:21:17+00:00,555.6452777777778,0.5,0.0410958904109589
2025-11-26 21:00:00+00:00,2025-12-12 00:00:00+00:00,ANET,ANET251212C00182500,call,False,182.5,0.0,0.6,0.15,125.04000091552734,0.8906260937499999,0.036842886271592254,0.0,,16.0,2025-11-12 16:59:57+00:00,340.00083333333333,0.3,0.0410958904109589
2025-11-26 21:00:00+00:00,2025-12-12 00:00:00+00:00,ANET,ANET251212C00185000,call,False,185.0,0.0,0.6,1.21,125.04000091552734,0.9179695703125,0.036842886271592254,0.0,1.0,5.0,2025-11-05 16:44:30+00:00,508.2583333333333,0.3,0.0410958904109589
2025-11-26 21:00:00+00:00,2025-12-12 00:00:00+00:00,ANET,ANET251212C00195000,call,False,195.0,0.0,2.15,0.1,125.04000091552734,1.294437121582031,0.036842886271592254,0.0,3.0,2.0,2025-11-11 19:43:00+00:00,361.28333333333336,1.075,0.0410958904109589
2025-11-26 21:00:00+00:00,2025-12-12 00:00:00+00:00,ANET,ANET251212C00200000,call,False,200.0,0.0,0.15,2.1,125.04000091552734,0.88476677734375,0.036842886271592254,0.0,,4.0,2025-11-04 17:42:22+00:00,531.2938888888889,0.075,0.0410958904109589
2025-11-26 21:00:00+00:00,2025-12-12 00:00:00+00:00,ANET,ANET251212C00205000,call,False,205.0,0.0,0.45,2.6,125.04000091552734,1.0703171484375003,0.036842886271592254,0.0,,1.0,2025-11-03 14:30:03+00:00,558.4991666666666,0.225,0.0410958904109589
2025-11-26 21:00:00+00:00,2025-12-12 00:00:00+00:00,ANET,ANET251212C00210000,call,False,210.0,0.0,0.15,2.15,125.04000091552734,0.96679720703125,0.036842886271592254,0.0,,1.0,2025-11-03 14:30:03+00:00,558.4991666666666,0.075,0.0410958904109589
2025-11-26 21:00:00+00:00,2025-12-12 00:00:00+00:00,ANET,ANET251212C00215000,call,False,215.0,0.0,0.15,0.95,125.04000091552734,1.0058643457031249,0.036842886271592254,0.0,,7.0,2025-11-05 15:05:26+00:00,509.90944444444443,0.075,0.0410958904109589
2025-11-26 21:00:00+00:00,2025-12-12 00:00:00+00:00,ANET,ANET251212P00080000,put,False,80.0,0.0,0.4,0.1,125.04000091552734,1.1171919140625,0.036842886271592254,0.0,1.0,3.0,2025-11-18 20:58:26+00:00,192.0261111111111,0.2,0.0410958904109589
2025-11-26 21:00:00+00:00,2025-12-12 00:00:00+00:00,ANET,ANET251212P00085000,put,False,85.0,0.0,0.4,0.5,125.04000091552734,0.9882813671875,0.036842886271592254,0.0,,3.0,2025-11-24 16:20:49+00:00,52.653055555555554,0.2,0.0410958904109589
2025-11-26 21:00:00+00:00,2025-12-12 00:00:00+00:00,ANET,ANET251212P00095000,put,False,95.0,0.0,0.5,0.67,125.04000091552734,0.77929908203125,0.036842886271592254,0.0,,3.0,2025-11-24 16:20:49+00:00,52.653055555555554,0.25,0.0410958904109589
2025-11-26 21:00:00+00:00,2025-12-12 00:00:00+00:00,ANET,ANET251212P00100000,put,False,100.0,0.0,0.45,0.55,125.04000091552734,0.6513706738281251,0.036842886271592254,0.0,1.0,31.0,2025-11-24 20:37:48+00:00,48.37,0.225,0.0410958904109589
2025-11-26 21:00:00+00:00,2025-12-12 00:00:00+00:00,ANET,ANET251212P00105000,put,False,105.0,0.0,0.35,0.2,125.04000091552734,0.51562984375,0.036842886271592254,0.0,2.0,503.0,2025-11-26 20:59:08+00:00,0.014444444444444444,0.175,0.0410958904109589
2025-11-26 21:00:00+00:00,2025-12-12 00:00:00+00:00,ANET,ANET251212P00106000,put,False,106.0,0.1,0.75,0.35,125.04000091552734,0.5927775097656252,0.036842886271592254,0.0,1.0,1.0,2025-11-26 16:50:21+00:00,4.160833333333334,0.425,0.0410958904109589
2025-11-26 21:00:00+00:00,2025-12-12 00:00:00+00:00,ANET,ANET251212P00108000,put,False,108.0,0.35,0.9,0.94,125.04000091552734,0.5991251025390626,0.036842886271592254,0.0,1.0,0.0,2025-11-25 14:41:53+00:00,30.301944444444445,0.625,0.0410958904109589
2025-11-26 21:00:00+00:00,2025-12-12 00:00:00+00:00,ANET,ANET251212P00109000,put,False,109.0,0.0,0.75,0.57,125.04000091552734,0.5063525927734375,0.036842886271592254,0.0,2.0,103.0,2025-11-26 17:53:44+00:00,3.1044444444444443,0.375,0.0410958904109589
2025-11-26 21:00:00+00:00,2025-12-12 00:00:00+00:00,ANET,ANET251212P00110000,put,False,110.0,0.1,0.85,0.46,125.04000091552734,0.5112353564453125,0.036842886271592254,0.0,7.0,704.0,2025-11-26 20:59:08+00:00,0.014444444444444444,0.475,0.0410958904109589
2025-11-26 21:00:00+00:00,2025-12-12 00:00:00+00:00,ANET,ANET251212P00111000,put,False,111.0,0.15,0.8,0.79,125.04000091552734,0.5610395458984375,0.036842886271592254,0.0,1.0,184.0,2025-11-26 16:58:18+00:00,4.028333333333333,0.47500000000000003,0.0410958904109589
2025-11-26 21:00:00+00:00,2025-12-12 00:00:00+00:00,ANET,ANET251212P00112000,put,False,112.0,0.05,1.05,0.83,125.04000091552734,0.5815471533203125,0.036842886271592254,0.0,4.0,7.0,2025-11-26 18:10:18+00:00,2.828333333333333,0.55,0.0410958904109589
2025-11-26 21:00:00+00:00,2025-12-12 00:00:00+00:00,ANET,ANET251212P00113000,put,False,113.0,0.8,1.1,1.22,125.04000091552734,0.5361374511718751,0.036842886271592254,0.0,2.0,4.0,2025-11-26 15:06:24+00:00,5.8933333333333335,0.9500000000000001,0.0410958904109589
2025-11-26 21:00:00+00:00,2025-12-12 00:00:00+00:00,ANET,ANET251212P00114000,put,False,114.0,0.05,1.5,1.09,125.04000091552734,0.5971719970703125,0.036842886271592254,0.0,2.0,91.0,2025-11-26 17:53:44+00:00,3.1044444444444443,0.775,0.0410958904109589
2025-11-26 21:00:00+00:00,2025-12-12 00:00:00+00:00,ANET,ANET251212P00115000,put,False,115.0,0.6,1.25,1.1,125.04000091552734,0.5297898583984376,0.036842886271592254,0.0,13.0,1131.0,2025-11-26 20:50:54+00:00,0.15166666666666667,0.925,0.0410958904109589
2025-11-26 21:00:00+00:00,2025-12-12 00:00:00+00:00,ANET,ANET251212P00116000,put,False,116.0,1.1,1.4,2.39,125.04000091552734,0.5007374145507812,0.036842886271592254,0.0,3.0,445.0,2025-11-25 16:35:04+00:00,28.415555555555557,1.25,0.0410958904109589
2025-11-26 21:00:00+00:00,2025-12-12 00:00:00+00:00,ANET,ANET251212P00117000,put,False,117.0,1.3,1.65,1.49,125.04000091552734,0.5034229345703125,0.036842886271592254,0.0,4.0,220.0,2025-11-26 19:53:06+00:00,1.115,1.475,0.0410958904109589
2025-11-26 21:00:00+00:00,2025-12-12 00:00:00+00:00,ANET,ANET251212P00118000,put,False,118.0,1.45,1.85,1.7,125.04000091552734,0.5214891601562499,0.036842886271592254,0.0,7.0,9.0,2025-11-26 19:53:06+00:00,1.115,1.65,0.0410958904109589
2025-11-26 21:00:00+00:00,2025-12-12 00:00:00+00:00,ANET,ANET251212P00119000,put,False,119.0,1.65,2.0,2.0,125.04000091552734,0.507817421875,0.036842886271592254,0.0,1.0,2.0,2025-11-26 17:51:10+00:00,3.147222222222222,1.825,0.0410958904109589
2025-11-26 21:00:00+00:00,2025-12-12 00:00:00+00:00,ANET,ANET251212P00120000,put,False,120.0,1.65,2.2,2.2,125.04000091552734,0.4978077563476563,0.036842886271592254,0.0,31.0,451.0,2025-11-26 19:30:21+00:00,1.4941666666666666,1.925,0.0410958904109589
2025-11-26 21:00:00+00:00,2025-12-12 00:00:00+00:00,ANET,ANET251212P00121000,put,False,121.0,2.15,2.55,2.75,125.04000091552734,0.5024463818359376,0.036842886271592254,0.0,5.0,636.0,2025-11-21 16:04:31+00:00,124.92472222222223,2.3499999999999996,0.0410958904109589
2025-11-26 21:00:00+00:00,2025-12-12 00:00:00+00:00,ANET,ANET251212P00122000,put,False,122.0,2.45,2.8,3.8,125.04000091552734,0.4931691308593751,0.036842886271592254,0.0,2.0,13.0,2025-11-25 20:57:31+00:00,24.04138888888889,2.625,0.0410958904109589
2025-11-26 21:00:00+00:00,2025-12-12 00:00:00+00:00,ANET,ANET251212P00123000,put,False,123.0,2.1,3.6,3.3,125.04000091552734,0.5373581420898439,0.036842886271592254,0.0,2.0,19.0,2025-11-26 17:30:59+00:00,3.483611111111111,2.85,0.0410958904109589
2025-11-26 21:00:00+00:00,2025-12-12 00:00:00+00:00,ANET,ANET251212P00124000,put,False,124.0,2.0,3.6,3.68,125.04000091552734,0.4973194799804688,0.036842886271592254,0.0,1.0,11.0,2025-11-26 17:03:50+00:00,3.936111111111111,2.8,0.0410958904109589
2025-11-26 21:00:00+00:00,2025-12-12 00:00:00+00:00,ANET,ANET251212P00125000,put,False,125.0,3.5,4.6,3.95,125.04000091552734,0.55273884765625,0.036842886271592254,0.0,6.0,231.0,2025-11-26 20:06:00+00:00,0.9,4.05,0.0410958904109589
2025-11-26 21:00:00+00:00,2025-12-12 00:00:00+00:00,ANET,ANET251212P00126000,put,False,126.0,3.7,4.5,4.35,125.04000091552734,0.499028447265625,0.036842886271592254,0.0,3.0,11.0,2025-11-26 16:22:26+00:00,4.626111111111111,4.1,0.0410958904109589
2025-11-26 21:00:00+00:00,2025-12-12 00:00:00+00:00,ANET,ANET251212P00127000,put,False,127.0,2.6,5.5,5.05,125.04000091552734,0.5474898767089844,0.036842886271592254,0.0,8.0,6.0,2025-11-26 17:15:21+00:00,3.7441666666666666,4.05,0.0410958904109589
2025-11-26 21:00:00+00:00,2025-12-12 00:00:00+00:00,ANET,ANET251212P00128000,put,True,128.0,4.8,5.2,5.44,125.04000091552734,0.47070841796875,0.036842886271592254,0.0,10.0,20.0,2025-11-26 16:19:22+00:00,4.677222222222222,5.0,0.0410958904109589
2025-11-26 21:00:00+00:00,2025-12-12 00:00:00+00:00,ANET,ANET251212P00129000,put,True,129.0,5.3,5.7,5.8,125.04000091552734,0.46631393066406257,0.036842886271592254,0.0,1.0,15.0,2025-11-26 17:36:37+00:00,3.3897222222222223,5.5,0.0410958904109589
2025-11-26 21:00:00+00:00,2025-12-12 00:00:00+00:00,ANET,ANET251212P00130000,put,True,130.0,4.7,6.5,6.6,125.04000091552734,0.48730981445312505,0.036842886271592254,0.0,11.0,99.0,2025-11-26 16:20:01+00:00,4.666388888888889,5.6,0.0410958904109589
2025-11-26 21:00:00+00:00,2025-12-12 00:00:00+00:00,ANET,ANET251212P00131000,put,True,131.0,6.1,7.3,9.39,125.04000091552734,0.5059863854980469,0.036842886271592254,0.0,1.0,6.0,2025-11-25 14:48:11+00:00,30.196944444444444,6.699999999999999,0.0410958904109589
2025-11-26 21:00:00+00:00,2025-12-12 00:00:00+00:00,ANET,ANET251212P00132000,put,True,132.0,6.8,7.6,10.65,125.04000091552734,0.47376014526367194,0.036842886271592254,0.0,1.0,8.0,2025-11-25 16:11:49+00:00,28.803055555555556,7.199999999999999,0.0410958904109589
2025-11-26 21:00:00+00:00,2025-12-12 00:00:00+00:00,ANET,ANET251212P00133000,put,True,133.0,5.8,8.9,8.7,125.04000091552734,0.5368698657226563,0.036842886271592254,0.0,5.0,29.0,2025-11-26 15:42:04+00:00,5.2988888888888885,7.35,0.0410958904109589
2025-11-26 21:00:00+00:00,2025-12-12 00:00:00+00:00,ANET,ANET251212P00134000,put,True,134.0,8.0,8.9,12.05,125.04000091552734,0.4679008288574219,0.036842886271592254,0.0,8.0,27.0,2025-11-25 14:59:02+00:00,30.016111111111112,8.45,0.0410958904109589
2025-11-26 21:00:00+00:00,2025-12-12 00:00:00+00:00,ANET,ANET251212P00135000,put,True,135.0,8.6,10.2,9.99,125.04000091552734,0.5290574438476563,0.036842886271592254,0.0,8.0,42.0,2025-11-26 17:25:51+00:00,3.569166666666667,9.399999999999999,0.0410958904109589
2025-11-26 21:00:00+00:00,2025-12-12 00:00:00+00:00,ANET,ANET251212P00136000,put,True,136.0,8.5,10.4,18.21,125.04000091552734,0.47192910888671874,0.036842886271592254,0.0,1.0,4.0,2025-11-21 14:52:02+00:00,126.13277777777778,9.45,0.0410958904109589
2025-11-26 21:00:00+00:00,2025-12-12 00:00:00+00:00,ANET,ANET251212P00137000,put,True,137.0,9.8,11.6,15.94,125.04000091552734,0.5214891601562499,0.036842886271592254,0.0,1.0,5.0,2025-11-24 20:35:32+00:00,48.40777777777778,10.7,0.0410958904109589
2025-11-26 21:00:00+00:00,2025-12-12 00:00:00+00:00,ANET,ANET251212P00138000,put,True,138.0,10.4,12.5,14.32,125.04000091552734,0.5366257275390626,0.036842886271592254,0.0,1.0,18.0,2025-11-25 20:42:24+00:00,24.293333333333333,11.45,0.0410958904109589
2025-11-26 21:00:00+00:00,2025-12-12 00:00:00+00:00,ANET,ANET251212P00139000,put,True,139.0,11.1,13.2,22.04,125.04000091552734,0.5266160620117188,0.036842886271592254,0.0,1.0,21.0,2025-11-21 20:44:42+00:00,120.255,12.149999999999999,0.0410958904109589
2025-11-26 21:00:00+00:00,2025-12-12 00:00:00+00:00,ANET,ANET251212P00140000,put,True,140.0,12.5,13.9,13.25,125.04000091552734,0.5131884619140624,0.036842886271592254,0.0,6.0,38.0,2025-11-26 20:06:00+00:00,0.9,13.2,0.0410958904109589
2025-11-26 21:00:00+00:00,2025-12-12 00:00:00+00:00,ANET,ANET251212P00141000,put,True,141.0,12.9,14.9,11.3,125.04000091552734,0.5361374511718751,0.036842886271592254,0.0,2.0,2.0,2025-11-07 19:47:51+00:00,457.2025,13.9,0.0410958904109589
2025-11-26 21:00:00+00:00,2025-12-12 00:00:00+00:00,ANET,ANET251212P00142000,put,True,142.0,13.5,15.8,16.04,125.04000091552734,0.5451705639648439,0.036842886271592254,0.0,2.0,9.0,2025-11-26 14:31:52+00:00,6.4688888888888885,14.65,0.0410958904109589
2025-11-26 21:00:00+00:00,2025-12-12 00:00:00+00:00,ANET,ANET251212P00143000,put,True,143.0,14.3,16.7,18.95,125.04000091552734,0.5529829858398438,0.036842886271592254,0.0,,2.0,2025-11-19 16:00:33+00:00,172.99083333333334,15.5,0.0410958904109589
2025-11-26 21:00:00+00:00,2025-12-12 00:00:00+00:00,ANET,ANET251212P00144000,put,True,144.0,15.4,17.6,24.6,125.04000091552734,0.559574716796875,0.036842886271592254,0.0,3.0,3.0,2025-11-20 20:55:18+00:00,144.07833333333335,16.5,0.0410958904109589
2025-11-26 21:00:00+00:00,2025-12-12 00:00:00+00:00,ANET,ANET251212P00145000,put,True,145.0,16.2,18.5,27.9,125.04000091552734,0.5644574804687501,0.036842886271592254,0.0,1.0,14.0,2025-11-21 20:54:19+00:00,120.09472222222222,17.35,0.0410958904109589
2025-11-26 21:00:00+00:00,2025-12-12 00:00:00+00:00,ANET,ANET251212P00147000,put,True,147.0,18.1,20.4,24.02,125.04000091552734,0.5874064697265625,0.036842886271592254,0.0,1.0,2.0,2025-11-20 17:46:05+00:00,147.23194444444445,19.25,0.0410958904109589
2025-11-26 21:00:00+00:00,2025-12-12 00:00:00+00:00,ANET,ANET251212P00148000,put,True,148.0,18.9,21.3,16.67,125.04000091552734,0.5888712988281251,0.036842886271592254,0.0,10.0,12.0,2025-11-14 16:44:44+00:00,292.25444444444446,20.1,0.0410958904109589
2025-11-26 21:00:00+00:00,2025-12-12 00:00:00+00:00,ANET,ANET251212P00149000,put,True,149.0,20.0,22.3,24.17,125.04000091552734,0.6074258007812501,0.036842886271592254,0.0,12.0,13.0,2025-11-19 15:19:21+00:00,173.6775,21.15,0.0410958904109589
2025-11-26 21:00:00+00:00,2025-12-12 00:00:00+00:00,ANET,ANET251212P00150000,put,True,150.0,21.0,23.3,15.89,125.04000091552734,0.6254920263671876,0.036842886271592254,0.0,1.0,4.0,2025-11-10 20:48:02+00:00,384.19944444444445,22.15,0.0410958904109589
2025-11-26 21:00:00+00:00,2025-12-12 00:00:00+00:00,ANET,ANET251212P00152500,put,True,152.5,23.5,25.7,35.14,125.04000091552734,0.6499058447265625,0.036842886271592254,0.0,1.0,0.0,2025-11-21 19:34:56+00:00,121.41777777777777,24.6,0.0410958904109589
2025-11-26 21:00:00+00:00,2025-12-12 00:00:00+00:00,ANET,ANET251212P00155000,put,True,155.0,25.8,28.2,23.6,125.04000091552734,0.6918976123046876,0.036842886271592254,0.0,1.0,0.0,2025-11-17 14:39:08+00:00,222.34777777777776,27.0,0.0410958904109589
2025-11-26 21:00:00+00:00,2025-12-12 00:00:00+00:00,ANET,ANET251212P00157500,put,True,157.5,28.3,31.2,11.45,125.04000091552734,0.8295915478515624,0.036842886271592254,0.0,1.0,0.0,2025-10-31 14:56:12+00:00,630.0633333333334,29.75,0.0410958904109589
2025-11-26 21:00:00+00:00,2025-12-12 00:00:00+00:00,ANET,ANET251212P00160000,put,True,160.0,31.0,33.2,29.45,125.04000091552734,0.7722190747070312,0.036842886271592254,0.0,20.0,0.0,2025-11-14 15:23:03+00:00,293.61583333333334,32.1,0.0410958904109589
2025-11-26 21:00:00+00:00,2025-12-12 00:00:00+00:00,ANET,ANET251212P00162500,put,True,162.5,33.4,36.2,40.81,125.04000091552734,0.9128426684570312,0.036842886271592254,0.0,2.0,0.0,2025-11-20 20:02:22+00:00,144.96055555555554,34.8,0.0410958904109589
2025-11-26 21:00:00+00:00,2025-12-12 00:00:00+00:00,ANET,ANET251212P00170000,put,True,170.0,40.7,43.7,45.7,125.04000091552734,1.0293017285156252,0.036842886271592254,0.0,1.0,0.0,2025-11-20 17:14:02+00:00,147.76611111111112,42.2,0.0410958904109589
2025-11-26 21:00:00+00:00,2025-12-19 00:00:00+00:00,ANET,ANET251219C00035000,call,True,35.0,91.4,94.3,95.64,125.04000091552734,2.3671915820312495,0.036842886271592254,0.0,1.0,4.0,2025-11-13 20:39:02+00:00,312.34944444444443,92.85,0.06027397260273973
2025-11-26 21:00:00+00:00,2025-12-19 00:00:00+00:00,ANET,ANET251219C00040000,call,True,40.0,96.6,97.9,84.5,125.04000091552734,5.504397650756835,0.036842886271592254,0.0,1.0,4.0,2025-07-31 18:19:25+00:00,2834.676388888889,97.25,0.06027397260273973
2025-11-26 21:00:00+00:00,2025-12-19 00:00:00+00:00,ANET,ANET251219C00045000,call,True,45.0,98.2,99.9,94.52,125.04000091552734,6.509279207153321,0.036842886271592254,0.0,16.0,27.0,2025-08-07 14:26:56+00:00,2670.551111111111,99.05000000000001,0.06027397260273973
2025-11-26 21:00:00+00:00,2025-12-19 00:00:00+00:00,ANET,ANET251219C00050000,call,True,50.0,76.4,78.8,75.05,125.04000091552734,2.377933742675781,0.036842886271592254,0.0,4.0,10.0,2025-11-25 20:57:04+00:00,24.04888888888889,77.6,0.06027397260273973
2025-11-26 21:00:00+00:00,2025-12-19 00:00:00+00:00,ANET,ANET251219C00055000,call,True,55.0,74.8,78.4,95.03,125.04000091552734,2.9907251794433596,0.036842886271592254,0.0,4.0,7.0,2025-09-19 18:27:36+00:00,1634.54,76.6,0.06027397260273973
2025-11-26 21:00:00+00:00,2025-12-19 00:00:00+00:00,ANET,ANET251219C00060000,call,True,60.0,66.5,69.2,83.05,125.04000091552734,1.431643466796875,0.036842886271592254,0.0,1.0,71.0,2025-11-05 18:08:23+00:00,506.86027777777775,67.85,0.06027397260273973
2025-11-26 21:00:00+00:00,2025-12-19 00:00:00+00:00,ANET,ANET251219C00065000,call,True,65.0,61.6,64.5,52.55,125.04000091552734,1.4453152734375,0.036842886271592254,0.0,144.0,185.0,2025-11-21 19:02:14+00:00,121.96277777777777,63.05,0.06027397260273973
2025-11-26 21:00:00+00:00,2025-12-19 00:00:00+00:00,ANET,ANET251219C00070000,call,True,70.0,53.9,56.5,83.01,125.04000091552734,1.0000000000000003e-05,0.036842886271592254,0.0,2.0,78.0,2025-10-23 14:31:02+00:00,822.4827777777778,55.2,0.06027397260273973
2025-11-26 21:00:00+00:00,2025-12-19 00:00:00+00:00,ANET,ANET251219C00075000,call,True,75.0,51.7,54.4,42.65,125.04000091552734,1.171879140625,0.036842886271592254,0.0,4.0,86.0,2025-11-21 20:53:32+00:00,120.10777777777778,53.05,0.06027397260273973
2025-11-26 21:00:00+00:00,2025-12-19 00:00:00+00:00,ANET,ANET251219C00080000,call,True,80.0,46.7,49.3,37.57,125.04000091552734,1.0224658251953125,0.036842886271592254,0.0,6.0,102.0,2025-11-21 18:38:09+00:00,122.36416666666666,48.0,0.06027397260273973
2025-11-26 21:00:00+00:00,2025-12-19 00:00:00+00:00,ANET,ANET251219C00085000,call,True,85.0,41.7,44.5,40.47,125.04000091552734,0.9511723632812499,0.036842886271592254,0.0,1.0,510.0,2025-11-19 20:47:02+00:00,168.2161111111111,43.1,0.06027397260273973
2025-11-26 21:00:00+00:00,2025-12-19 00:00:00+00:00,ANET,ANET251219C00090000,call,True,90.0,36.8,39.4,35.96,125.04000091552734,0.8374039697265624,0.036842886271592254,0.0,1.0,304.0,2025-11-25 18:06:56+00:00,26.884444444444444,38.099999999999994,0.06027397260273973
2025-11-26 21:00:00+00:00,2025-12-19 00:00:00+00:00,ANET,ANET251219C00095000,call,True,95.0,31.9,34.9,30.0,125.04000091552734,0.8159198095703124,0.036842886271592254,0.0,11.0,330.0,2025-11-25 16:46:57+00:00,28.2175,33.4,0.06027397260273973
2025-11-26 21:00:00+00:00,2025-12-19 00:00:00+00:00,ANET,ANET251219C00100000,call,True,100.0,27.3,29.7,27.8,125.04000091552734,0.7241238525390624,0.036842886271592254,0.0,7.0,316.0,2025-11-26 15:53:47+00:00,5.103611111111111,28.5,0.06027397260273973
2025-11-26 21:00:00+00:00,2025-12-19 00:00:00+00:00,ANET,ANET251219C00105000,call,True,105.0,23.1,25.0,23.1,125.04000091552734,0.7060576269531251,0.036842886271592254,0.0,1.0,276.0,2025-11-26 19:30:55+00:00,1.4847222222222223,24.05,0.06027397260273973
2025-11-26 21:00:00+00:00,2025-12-19 00:00:00+00:00,ANET,ANET251219C00108000,call,True,108.0,19.4,22.4,15.5,125.04000091552734,0.6096230444335939,0.036842886271592254,0.0,,4.0,2025-11-24 15:16:37+00:00,53.723055555555554,20.9,0.06027397260273973
2025-11-26 21:00:00+00:00,2025-12-19 00:00:00+00:00,ANET,ANET251219C00110000,call,True,110.0,18.7,20.0,14.0,125.04000091552734,0.6245154736328126,0.036842886271592254,0.0,5.0,463.0,2025-11-24 17:48:15+00:00,51.19583333333333,19.35,0.06027397260273973
2025-11-26 21:00:00+00:00,2025-12-19 00:00:00+00:00,ANET,ANET251219C00115000,call,True,115.0,14.6,15.8,15.6,125.04000091552734,0.5910685424804689,0.036842886271592254,0.0,36.0,403.0,2025-11-26 20:16:31+00:00,0.7247222222222223,15.2,0.06027397260273973
2025-11-26 21:00:00+00:00,2025-12-19 00:00:00+00:00,ANET,ANET251219C00119000,call,True,119.0,10.8,12.5,7.94,125.04000091552734,0.5202684692382812,0.036842886271592254,0.0,,9.0,2025-11-24 18:02:00+00:00,50.96666666666667,11.65,0.06027397260273973
2025-11-26 21:00:00+00:00,2025-12-19 00:00:00+00:00,ANET,ANET251219C00120000,call,True,120.0,10.8,11.7,11.1,125.04000091552734,0.5445602185058593,0.036842886271592254,0.0,10.0,980.0,2025-11-26 20:03:16+00:00,0.9455555555555556,11.25,0.06027397260273973
2025-11-26 21:00:00+00:00,2025-12-19 00:00:00+00:00,ANET,ANET251219C00121000,call,True,121.0,9.4,11.4,6.59,125.04000091552734,0.5261277856445312,0.036842886271592254,0.0,,23.0,2025-11-24 15:58:45+00:00,53.020833333333336,10.4,0.06027397260273973
2025-11-26 21:00:00+00:00,2025-12-19 00:00:00+00:00,ANET,ANET251219C00122000,call,True,122.0,8.8,10.3,8.41,125.04000091552734,0.5065967309570312,0.036842886271592254,0.0,10.0,291.0,2025-11-25 18:16:01+00:00,26.733055555555556,9.55,0.06027397260273973
2025-11-26 21:00:00+00:00,2025-12-19 00:00:00+00:00,ANET,ANET251219C00123000,call,True,123.0,8.7,9.6,9.05,125.04000091552734,0.523442265625,0.036842886271592254,0.0,1.0,20.0,2025-11-26 15:42:59+00:00,5.283611111111111,9.149999999999999,0.06027397260273973
2025-11-26 21:00:00+00:00,2025-12-19 00:00:00+00:00,ANET,ANET251219C00124000,call,True,124.0,7.3,9.1,8.25,125.04000091552734,0.5660443786621094,0.036842886271592254,0.0,1.0,39.0,2025-11-26 15:42:32+00:00,5.291111111111111,8.2,0.06027397260273973
2025-11-26 21:00:00+00:00,2025-12-19 00:00:00+00:00,ANET,ANET251219C00125000,call,True,125.0,7.6,8.4,8.0,125.04000091552734,0.5212450219726561,0.036842886271592254,0.0,35.0,901.0,2025-11-26 20:47:17+00:00,0.21194444444444444,8.0,0.06027397260273973
2025-11-26 21:00:00+00:00,2025-12-19 00:00:00+00:00,ANET,ANET251219C00126000,call,True,126.0,7.1,7.4,7.4,125.04000091552734,0.5035450036621094,0.036842886271592254,0.0,47.0,83.0,2025-11-26 20:05:59+00:00,0.9002777777777777,7.25,0.06027397260273973
2025-11-26 21:00:00+00:00,2025-12-19 00:00:00+00:00,ANET,ANET251219C00127000,call,True,127.0,6.6,6.8,6.8,125.04000091552734,0.5076953527832031,0.036842886271592254,0.0,99.0,53.0,2025-11-26 20:03:37+00:00,0.9397222222222222,6.699999999999999,0.06027397260273973
2025-11-26 21:00:00+00:00,2025-12-19 00:00:00+00:00,ANET,ANET251219C00128000,call,False,128.0,6.0,6.3,6.4,125.04000091552734,0.5059863854980469,0.036842886271592254,0.0,78.0,35.0,2025-11-26 20:32:11+00:00,0.4636111111111111,6.15,0.06027397260273973
2025-11-26 21:00:00+00:00,2025-12-19 00:00:00+00:00,ANET,ANET251219C00129000,call,False,129.0,5.5,5.7,5.8,125.04000091552734,0.4946339599609375,0.036842886271592254,0.0,139.0,63.0,2025-11-26 20:53:40+00:00,0.10555555555555556,5.6,0.06027397260273973
2025-11-26 21:00:00+00:00,2025-12-19 00:00:00+00:00,ANET,ANET251219C00130000,call,False,130.0,5.1,5.3,5.2,125.04000091552734,0.4968312036132813,0.036842886271592254,0.0,174.0,1219.0,2025-11-26 20:59:43+00:00,0.004722222222222222,5.199999999999999,0.06027397260273973
2025-11-26 21:00:00+00:00,2025-12-19 00:00:00+00:00,ANET,ANET251219C00135000,call,False,135.0,3.1,3.4,3.2,125.04000091552734,0.48828636718750007,0.036842886271592254,0.0,226.0,2146.0,2025-11-26 20:59:56+00:00,0.0011111111111111111,3.25,0.06027397260273973
2025-11-26 21:00:00+00:00,2025-12-19 00:00:00+00:00,ANET,ANET251219C00140000,call,False,140.0,1.85,2.05,1.95,125.04000091552734,0.47986359985351557,0.036842886271592254,0.0,89.0,3807.0,2025-11-26 20:56:28+00:00,0.058888888888888886,1.95,0.06027397260273973
2025-11-26 21:00:00+00:00,2025-12-19 00:00:00+00:00,ANET,ANET251219C00145000,call,False,145.0,1.0,1.25,1.14,125.04000091552734,0.4836477416992188,0.036842886271592254,0.0,198.0,3110.0,2025-11-26 20:57:16+00:00,0.04555555555555556,1.125,0.06027397260273973
2025-11-26 21:00:00+00:00,2025-12-19 00:00:00+00:00,ANET,ANET251219C00150000,call,False,150.0,0.55,0.7,0.61,125.04000091552734,0.4804739453125,0.036842886271592254,0.0,153.0,1268.0,2025-11-26 20:57:32+00:00,0.04111111111111111,0.625,0.06027397260273973
2025-11-26 21:00:00+00:00,2025-12-19 00:00:00+00:00,ANET,ANET251219C00155000,call,False,155.0,0.05,0.7,0.38,125.04000091552734,0.5498091894531252,0.036842886271592254,0.0,12.0,1480.0,2025-11-26 16:00:48+00:00,4.986666666666666,0.375,0.06027397260273973
2025-11-26 21:00:00+00:00,2025-12-19 00:00:00+00:00,ANET,ANET251219C00160000,call,False,160.0,0.0,0.25,0.23,125.04000091552734,0.49805189453125004,0.036842886271592254,0.0,54.0,2322.0,2025-11-26 18:38:55+00:00,2.3513888888888888,0.125,0.06027397260273973
2025-11-26 21:00:00+00:00,2025-12-19 00:00:00+00:00,ANET,ANET251219C00165000,call,False,165.0,0.0,0.4,0.12,125.04000091552734,0.5312546875,0.036842886271592254,0.0,24.0,804.0,2025-11-26 18:06:38+00:00,2.8894444444444445,0.2,0.06027397260273973
2025-11-26 21:00:00+00:00,2025-12-19 00:00:00+00:00,ANET,ANET251219C00170000,call,False,170.0,0.05,0.15,0.07,125.04000091552734,0.523442265625,0.036842886271592254,0.0,20.0,8425.0,2025-11-26 20:18:39+00:00,0.6891666666666667,0.1,0.06027397260273973
2025-11-26 21:00:00+00:00,2025-12-19 00:00:00+00:00,ANET,ANET251219C00175000,call,False,175.0,0.0,0.2,0.1,125.04000091552734,0.56836369140625,0.036842886271592254,0.0,11.0,1342.0,2025-11-26 19:22:51+00:00,1.6191666666666666,0.1,0.06027397260273973
2025-11-26 21:00:00+00:00,2025-12-19 00:00:00+00:00,ANET,ANET251219C00180000,call,False,180.0,0.0,0.05,0.05,125.04000091552734,0.51562984375,0.036842886271592254,0.0,2.0,395.0,2025-11-20 18:30:36+00:00,146.49,0.025,0.06027397260273973
2025-11-26 21:00:00+00:00,2025-12-19 00:00:00+00:00,ANET,ANET251219C00185000,call,False,185.0,0.0,0.05,0.04,125.04000091552734,0.5546919531250001,0.036842886271592254,0.0,1.0,943.0,2025-11-26 19:11:01+00:00,1.8163888888888888,0.025,0.06027397260273973
2025-11-26 21:00:00+00:00,2025-12-19 00:00:00+00:00,ANET,ANET251219C00190000,call,False,190.0,0.0,0.05,0.01,125.04000091552734,0.5898478515625001,0.036842886271592254,0.0,1.0,1868.0,2025-11-25 20:52:17+00:00,24.128611111111113,0.025,0.06027397260273973
2025-11-26 21:00:00+00:00,2025-12-19 00:00:00+00:00,ANET,ANET251219C00195000,call,False,195.0,0.0,0.05,0.15,125.04000091552734,0.6210975390625001,0.036842886271592254,0.0,5.0,497.0,2025-11-14 16:58:53+00:00,292.0186111111111,0.025,0.06027397260273973
2025-11-26 21:00:00+00:00,2025-12-19 00:00:00+00:00,ANET,ANET251219C00200000,call,False,200.0,0.0,0.1,0.05,125.04000091552734,0.70312796875,0.036842886271592254,0.0,2.0,368.0,2025-11-26 16:13:02+00:00,4.782777777777778,0.05,0.06027397260273973
2025-11-26 21:00:00+00:00,2025-12-19 00:00:00+00:00,ANET,ANET251219C00210000,call,False,210.0,0.0,0.15,0.08,125.04000091552734,0.80664255859375,0.036842886271592254,0.0,50.0,1067.0,2025-11-24 20:56:22+00:00,48.06055555555555,0.075,0.06027397260273973
2025-11-26 21:00:00+00:00,2025-12-19 00:00:00+00:00,ANET,ANET251219C00220000,call,False,220.0,0.0,0.15,0.07,125.04000091552734,0.8710950390625,0.036842886271592254,0.0,1.0,543.0,2025-11-18 16:59:24+00:00,196.01,0.075,0.06027397260273973
2025-11-26 21:00:00+00:00,2025-12-19 00:00:00+00:00,ANET,ANET251219C00230000,call,False,230.0,0.0,0.1,0.05,125.04000091552734,0.8906260937499999,0.036842886271592254,0.0,2.0,929.0,2025-11-26 16:24:26+00:00,4.592777777777778,0.05,0.06027397260273973
2025-11-26 21:00:00+00:00,2025-12-19 00:00:00+00:00,ANET,ANET251219C00240000,call,False,240.0,0.0,0.05,0.05,125.04000091552734,0.8828136718749999,0.036842886271592254,0.0,2.0,10.0,2025-11-18 16:07:33+00:00,196.87416666666667,0.025,0.06027397260273973
2025-11-26 21:00:00+00:00,2025-12-19 00:00:00+00:00,ANET,ANET251219P00035000,put,False,35.0,0.0,0.15,0.1,125.04000091552734,2.0859422851562495,0.036842886271592254,0.0,1.0,2.0,2025-11-06 18:01:58+00:00,482.96722222222223,0.075,0.06027397260273973
2025-11-26 21:00:00+00:00,2025-12-19 00:00:00+00:00,ANET,ANET251219P00040000,put,False,40.0,0.0,0.15,0.08,125.04000091552734,1.8828130859374999,0.036842886271592254,0.0,1.0,9.0,2025-11-20 19:21:39+00:00,145.63916666666665,0.075,0.06027397260273973
2025-11-26 21:00:00+00:00,2025-12-19 00:00:00+00:00,ANET,ANET251219P00045000,put,False,45.0,0.0,0.25,0.29,125.04000091552734,1.8085947070312498,0.036842886271592254,0.0,1.0,3.0,2025-08-20 18:04:36+00:00,2354.923333333333,0.125,0.06027397260273973
2025-11-26 21:00:00+00:00,2025-12-19 00:00:00+00:00,ANET,ANET251219P00050000,put,False,50.0,0.0,0.15,0.06,125.04000091552734,1.53515857421875,0.036842886271592254,0.0,10.0,13.0,2025-10-24 16:56:47+00:00,796.0536111111111,0.075,0.06027397260273973
2025-11-26 21:00:00+00:00,2025-12-19 00:00:00+00:00,ANET,ANET251219P00055000,put,False,55.0,0.0,0.15,0.01,125.04000091552734,1.3906280468749999,0.036842886271592254,0.0,10.0,51.0,2025-11-07 16:30:57+00:00,460.4841666666667,0.075,0.06027397260273973
2025-11-26 21:00:00+00:00,2025-12-19 00:00:00+00:00,ANET,ANET251219P00060000,put,False,60.0,0.0,0.15,0.05,125.04000091552734,1.25390998046875,0.036842886271592254,0.0,10.0,341.0,2025-11-20 20:36:06+00:00,144.39833333333334,0.075,0.06027397260273973
2025-11-26 21:00:00+00:00,2025-12-19 00:00:00+00:00,ANET,ANET251219P00065000,put,False,65.0,0.0,0.2,0.15,125.04000091552734,1.173832255859375,0.036842886271592254,0.0,3.0,105.0,2025-10-20 17:46:09+00:00,891.2308333333333,0.1,0.06027397260273973
2025-11-26 21:00:00+00:00,2025-12-19 00:00:00+00:00,ANET,ANET251219P00070000,put,False,70.0,0.0,0.25,0.1,125.04000091552734,1.087895185546875,0.036842886271592254,0.0,1.0,381.0,2025-11-24 14:51:27+00:00,54.1425,0.125,0.06027397260273973
2025-11-26 21:00:00+00:00,2025-12-19 00:00:00+00:00,ANET,ANET251219P00075000,put,False,75.0,0.0,0.2,0.2,125.04000091552734,0.945313046875,0.036842886271592254,0.0,1.0,749.0,2025-11-21 20:26:51+00:00,120.5525,0.1,0.06027397260273973
2025-11-26 21:00:00+00:00,2025-12-19 00:00:00+00:00,ANET,ANET251219P00080000,put,False,80.0,0.0,0.25,0.1,125.04000091552734,0.867188828125,0.036842886271592254,0.0,1.0,211.0,2025-11-10 15:59:02+00:00,389.0161111111111,0.125,0.06027397260273973
2025-11-26 21:00:00+00:00,2025-12-19 00:00:00+00:00,ANET,ANET251219P00085000,put,False,85.0,0.0,0.25,0.13,125.04000091552734,0.7675804492187501,0.036842886271592254,0.0,3.0,2247.0,2025-11-26 15:22:43+00:00,5.621388888888889,0.125,0.06027397260273973
2025-11-26 21:00:00+00:00,2025-12-19 00:00:00+00:00,ANET,ANET251219P00090000,put,False,90.0,0.1,0.35,0.12,125.04000091552734,0.737307314453125,0.036842886271592254,0.0,3.0,492.0,2025-11-26 19:32:47+00:00,1.4536111111111112,0.22499999999999998,0.06027397260273973
2025-11-26 21:00:00+00:00,2025-12-19 00:00:00+00:00,ANET,ANET251219P00095000,put,False,95.0,0.15,0.45,0.21,125.04000091552734,0.6728548339843752,0.036842886271592254,0.0,7.0,249.0,2025-11-26 20:53:56+00:00,0.10111111111111111,0.3,0.06027397260273973
2025-11-26 21:00:00+00:00,2025-12-19 00:00:00+00:00,ANET,ANET251219P00100000,put,False,100.0,0.25,0.7,0.35,125.04000091552734,0.63086306640625,0.036842886271592254,0.0,146.0,1433.0,2025-11-26 20:31:07+00:00,0.48138888888888887,0.475,0.06027397260273973
2025-11-26 21:00:00+00:00,2025-12-19 00:00:00+00:00,ANET,ANET251219P00105000,put,False,105.0,0.5,0.75,0.61,125.04000091552734,0.5634809277343751,0.036842886271592254,0.0,381.0,2889.0,2025-11-26 20:59:56+00:00,0.0011111111111111111,0.625,0.06027397260273973
2025-11-26 21:00:00+00:00,2025-12-19 00:00:00+00:00,ANET,ANET251219P00107000,put,False,107.0,0.55,1.05,0.98,125.04000091552734,0.5561567822265626,0.036842886271592254,0.0,1.0,1.0,2025-11-26 14:31:40+00:00,6.472222222222222,0.8,0.06027397260273973
2025-11-26 21:00:00+00:00,2025-12-19 00:00:00+00:00,ANET,ANET251219P00108000,put,False,108.0,0.65,1.0,0.9,125.04000091552734,0.5385788330078126,0.036842886271592254,0.0,5.0,1.0,2025-11-26 20:32:03+00:00,0.4658333333333333,0.825,0.06027397260273973
2025-11-26 21:00:00+00:00,2025-12-19 00:00:00+00:00,ANET,ANET251219P00109000,put,False,109.0,0.8,1.15,1.07,125.04000091552734,0.5422409057617189,0.036842886271592254,0.0,2.0,4.0,2025-11-26 16:58:18+00:00,4.028333333333333,0.975,0.06027397260273973
2025-11-26 21:00:00+00:00,2025-12-19 00:00:00+00:00,ANET,ANET251219P00110000,put,False,110.0,0.85,1.15,1.02,125.04000091552734,0.523442265625,0.036842886271592254,0.0,60.0,10147.0,2025-11-26 20:57:16+00:00,0.04555555555555556,1.0,0.06027397260273973
2025-11-26 21:00:00+00:00,2025-12-19 00:00:00+00:00,ANET,ANET251219P00111000,put,False,111.0,0.9,1.5,1.33,125.04000091552734,0.5307664111328125,0.036842886271592254,0.0,1.0,3.0,2025-11-26 18:24:02+00:00,2.5994444444444444,1.2,0.06027397260273973
2025-11-26 21:00:00+00:00,2025-12-19 00:00:00+00:00,ANET,ANET251219P00112000,put,False,112.0,1.1,1.4,1.28,125.04000091552734,0.5139208764648437,0.036842886271592254,0.0,16.0,4.0,2025-11-26 20:18:46+00:00,0.6872222222222222,1.25,0.06027397260273973
2025-11-26 21:00:00+00:00,2025-12-19 00:00:00+00:00,ANET,ANET251219P00113000,put,False,113.0,0.9,2.0,1.36,125.04000091552734,0.516606396484375,0.036842886271592254,0.0,17.0,14.0,2025-11-26 20:36:55+00:00,0.38472222222222224,1.45,0.06027397260273973
2025-11-26 21:00:00+00:00,2025-12-19 00:00:00+00:00,ANET,ANET251219P00114000,put,False,114.0,1.45,1.75,1.6,125.04000091552734,0.5105029418945313,0.036842886271592254,0.0,17.0,25.0,2025-11-26 20:58:08+00:00,0.03111111111111111,1.6,0.06027397260273973
2025-11-26 21:00:00+00:00,2025-12-19 00:00:00+00:00,ANET,ANET251219P00115000,put,False,115.0,1.75,1.85,1.81,125.04000091552734,0.5085498364257812,0.036842886271592254,0.0,120.0,1717.0,2025-11-26 20:59:56+00:00,0.0011111111111111111,1.8,0.06027397260273973
2025-11-26 21:00:00+00:00,2025-12-19 00:00:00+00:00,ANET,ANET251219P00116000,put,False,116.0,1.85,2.1,2.2,125.04000091552734,0.5019581054687501,0.036842886271592254,0.0,5.0,5.0,2025-11-26 18:52:28+00:00,2.1255555555555556,1.975,0.06027397260273973
2025-11-26 21:00:00+00:00,2025-12-19 00:00:00+00:00,ANET,ANET251219P00117000,put,False,117.0,2.05,2.25,2.46,125.04000091552734,0.5041553491210937,0.036842886271592254,0.0,5.0,2.0,2025-11-26 17:34:50+00:00,3.4194444444444443,2.15,0.06027397260273973
2025-11-26 21:00:00+00:00,2025-12-19 00:00:00+00:00,ANET,ANET251219P00118000,put,False,118.0,2.3,2.55,2.7,125.04000091552734,0.5063525927734375,0.036842886271592254,0.0,1.0,19.0,2025-11-26 15:36:22+00:00,5.393888888888889,2.425,0.06027397260273973
2025-11-26 21:00:00+00:00,2025-12-19 00:00:00+00:00,ANET,ANET251219P00120000,put,False,120.0,2.8,3.1,2.94,125.04000091552734,0.4995167236328125,0.036842886271592254,0.0,58.0,1788.0,2025-11-26 20:57:14+00:00,0.04611111111111111,2.95,0.06027397260273973
2025-11-26 21:00:00+00:00,2025-12-19 00:00:00+00:00,ANET,ANET251219P00121000,put,False,121.0,3.0,3.4,3.27,125.04000091552734,0.4953663745117188,0.036842886271592254,0.0,2.0,6.0,2025-11-26 20:49:41+00:00,0.17194444444444446,3.2,0.06027397260273973
2025-11-26 21:00:00+00:00,2025-12-19 00:00:00+00:00,ANET,ANET251219P00122000,put,False,122.0,3.3,4.2,3.94,125.04000091552734,0.532231240234375,0.036842886271592254,0.0,3.0,73.0,2025-11-26 17:34:50+00:00,3.4194444444444443,3.75,0.06027397260273973
2025-11-26 21:00:00+00:00,2025-12-19 00:00:00+00:00,ANET,ANET251219P00123000,put,False,123.0,3.7,4.1,3.95,125.04000091552734,0.49023947265625006,0.036842886271592254,0.0,4.0,24.0,2025-11-26 19:50:01+00:00,1.166388888888889,3.9,0.06027397260273973
2025-11-26 21:00:00+00:00,2025-12-19 00:00:00+00:00,ANET,ANET251219P00124000,put,False,124.0,4.1,4.6,4.4,125.04000091552734,0.4968312036132813,0.036842886271592254,0.0,4.0,17.0,2025-11-26 19:50:01+00:00,1.166388888888889,4.35,0.06027397260273973
2025-11-26 21:00:00+00:00,2025-12-19 00:00:00+00:00,ANET,ANET251219P00125000,put,False,125.0,4.5,4.9,4.56,125.04000091552734,0.4852346398925781,0.036842886271592254,0.0,52.0,1846.0,2025-11-26 20:22:27+00:00,0.6258333333333334,4.7,0.06027397260273973
2025-11-26 21:00:00+00:00,2025-12-19 00:00:00+00:00,ANET,ANET251219P00126000,put,False,126.0,4.9,5.3,5.05,125.04000091552734,0.4797415307617187,0.036842886271592254,0.0,57.0,52.0,2025-11-26 20:51:52+00:00,0.13555555555555557,5.1,0.06027397260273973
2025-11-26 21:00:00+00:00,2025-12-19 00:00:00+00:00,ANET,ANET251219P00127000,put,False,127.0,5.4,5.7,5.47,125.04000091552734,0.47241738525390625,0.036842886271592254,0.0,83.0,6.0,2025-11-26 20:05:51+00:00,0.9025,5.550000000000001,0.06027397260273973
2025-11-26 21:00:00+00:00,2025-12-19 00:00:00+00:00,ANET,ANET251219P00130000,put,True,130.0,6.9,7.2,7.45,125.04000091552734,0.4616753051757813,0.036842886271592254,0.0,204.0,1522.0,2025-11-26 19:16:46+00:00,1.7205555555555556,7.050000000000001,0.06027397260273973
2025-11-26 21:00:00+00:00,2025-12-19 00:00:00+00:00,ANET,ANET251219P00135000,put,True,135.0,9.7,10.5,10.15,125.04000091552734,0.4670463452148438,0.036842886271592254,0.0,12.0,1358.0,2025-11-26 20:57:47+00:00,0.036944444444444446,10.1,0.06027397260273973
2025-11-26 21:00:00+00:00,2025-12-19 00:00:00+00:00,ANET,ANET251219P00140000,put,True,140.0,13.2,14.3,13.68,125.04000091552734,0.46985393432617195,0.036842886271592254,0.0,19.0,905.0,2025-11-26 20:57:47+00:00,0.036944444444444446,13.75,0.06027397260273973
2025-11-26 21:00:00+00:00,2025-12-19 00:00:00+00:00,ANET,ANET251219P00145000,put,True,145.0,16.9,18.8,20.77,125.04000091552734,0.5085498364257812,0.036842886271592254,0.0,3.0,798.0,2025-11-25 19:04:21+00:00,25.9275,17.85,0.06027397260273973
2025-11-26 21:00:00+00:00,2025-12-19 00:00:00+00:00,ANET,ANET251219P00150000,put,True,150.0,21.8,23.6,23.96,125.04000091552734,0.5654340332031251,0.036842886271592254,0.0,1.0,636.0,2025-11-26 14:58:04+00:00,6.032222222222222,22.700000000000003,0.06027397260273973
2025-11-26 21:00:00+00:00,2025-12-19 00:00:00+00:00,ANET,ANET251219P00155000,put,True,155.0,26.5,28.3,31.2,125.04000091552734,0.5942423388671876,0.036842886271592254,0.0,1.0,172.0,2025-11-25 14:32:00+00:00,30.466666666666665,27.4,0.06027397260273973
2025-11-26 21:00:00+00:00,2025-12-19 00:00:00+00:00,ANET,ANET251219P00160000,put,True,160.0,31.1,33.1,27.43,125.04000091552734,0.6250037500000001,0.036842886271592254,0.0,21.0,52.0,2025-11-14 20:32:23+00:00,288.4602777777778,32.1,0.06027397260273973
2025-11-26 21:00:00+00:00,2025-12-19 00:00:00+00:00,ANET,ANET251219P00165000,put,True,165.0,36.1,38.4,37.5,125.04000091552734,0.7443873217773438,0.036842886271592254,0.0,69.0,88.0,2025-11-26 19:45:51+00:00,1.2358333333333333,37.25,0.06027397260273973
2025-11-26 21:00:00+00:00,2025-12-19 00:00:00+00:00,ANET,ANET251219P00170000,put,True,170.0,41.2,43.7,49.15,125.04000091552734,0.524418818359375,0.036842886271592254,0.0,15.0,0.0,2025-11-24 15:34:01+00:00,53.433055555555555,42.45,0.06027397260273973
2025-11-26 21:00:00+00:00,2025-12-19 00:00:00+00:00,ANET,ANET251219P00175000,put,True,175.0,46.3,48.7,38.71,125.04000091552734,0.6025430371093752,0.036842886271592254,0.0,1.0,0.0,2025-11-06 15:29:56+00:00,485.50111111111113,47.5,0.06027397260273973
2025-11-26 21:00:00+00:00,2025-12-19 00:00:00+00:00,ANET,ANET251219P00180000,put,True,180.0,51.4,53.7,43.59,125.04000091552734,0.6748079394531252,0.036842886271592254,0.0,3.0,0.0,2025-11-06 15:30:55+00:00,485.4847222222222,52.55,0.06027397260273973
2025-11-26 21:00:00+00:00,2025-12-19 00:00:00+00:00,ANET,ANET251219P00185000,put,True,185.0,56.4,58.1,29.8,125.04000091552734,0.9062509375,0.036842886271592254,0.0,2.0,0.0,2025-10-30 18:41:11+00:00,650.3136111111111,57.25,0.06027397260273973
2025-11-26 21:00:00+00:00,2025-12-19 00:00:00+00:00,ANET,ANET251219P00190000,put,True,190.0,61.4,63.7,33.3,125.04000091552734,0.7607445800781252,0.036842886271592254,0.0,3.0,0.0,2025-10-31 15:22:40+00:00,629.6222222222223,62.55,0.06027397260273973
2025-11-26 21:00:00+00:00,2025-12-26 00:00:00+00:00,ANET,ANET251226C00095000,call,True,95.0,31.9,35.2,30.5,125.04000091552734,0.7465845654296875,0.036842886271592254,0.0,,0.0,2025-11-20 17:13:06+00:00,147.78166666666667,33.55,0.07945205479452055
2025-11-26 21:00:00+00:00,2025-12-26 00:00:00+00:00,ANET,ANET251226C00100000,call,True,100.0,27.2,30.1,26.06,125.04000091552734,0.6616244775390626,0.036842886271592254,0.0,2.0,2.0,2025-11-25 19:41:52+00:00,25.302222222222223,28.65,0.07945205479452055
2025-11-26 21:00:00+00:00,2025-12-26 00:00:00+00:00,ANET,ANET251226C00115000,call,True,115.0,13.9,16.3,14.03,125.04000091552734,0.5081836291503907,0.036842886271592254,0.0,,1.0,2025-11-19 19:09:45+00:00,169.8375,15.100000000000001,0.07945205479452055
2025-11-26 21:00:00+00:00,2025-12-26 00:00:00+00:00,ANET,ANET251226C00116000,call,True,116.0,13.3,15.4,8.35,125.04000091552734,0.5063525927734375,0.036842886271592254,0.0,4.0,4.0,2025-11-21 20:27:03+00:00,120.54916666666666,14.350000000000001,0.07945205479452055
2025-11-26 21:00:00+00:00,2025-12-26 00:00:00+00:00,ANET,ANET251226C00117000,call,True,117.0,12.5,15.0,8.4,125.04000091552734,0.5158739819335938,0.036842886271592254,0.0,,1.0,2025-11-24 14:30:01+00:00,54.499722222222225,13.75,0.07945205479452055
2025-11-26 21:00:00+00:00,2025-12-26 00:00:00+00:00,ANET,ANET251226C00118000,call,True,118.0,12.1,13.8,8.94,125.04000091552734,0.5065967309570312,0.036842886271592254,0.0,,1.0,2025-11-24 19:51:16+00:00,49.14555555555555,12.95,0.07945205479452055
2025-11-26 21:00:00+00:00,2025-12-26 00:00:00+00:00,ANET,ANET251226C00120000,call,True,120.0,10.3,12.8,9.3,125.04000091552734,0.5002491381835938,0.036842886271592254,0.0,2.0,13.0,2025-11-25 20:44:34+00:00,24.25722222222222,11.55,0.07945205479452055
2025-11-26 21:00:00+00:00,2025-12-26 00:00:00+00:00,ANET,ANET251226C00121000,call,True,121.0,9.6,12.0,6.1,125.04000091552734,0.5810588769531251,0.036842886271592254,0.0,1.0,11.0,2025-11-24 14:50:20+00:00,54.16111111111111,10.8,0.07945205479452055
2025-11-26 21:00:00+00:00,2025-12-26 00:00:00+00:00,ANET,ANET251226C00122000,call,True,122.0,9.8,11.0,6.82,125.04000091552734,0.5065967309570312,0.036842886271592254,0.0,1.0,2.0,2025-11-24 16:55:55+00:00,52.06805555555555,10.4,0.07945205479452055
2025-11-26 21:00:00+00:00,2025-12-26 00:00:00+00:00,ANET,ANET251226C00123000,call,True,123.0,9.3,10.7,6.44,125.04000091552734,0.5199022619628906,0.036842886271592254,0.0,3.0,9.0,2025-11-24 19:51:16+00:00,49.14555555555555,10.0,0.07945205479452055
2025-11-26 21:00:00+00:00,2025-12-26 00:00:00+00:00,ANET,ANET251226C00124000,call,True,124.0,8.0,9.9,5.44,125.04000091552734,0.5524947094726562,0.036842886271592254,0.0,5.0,6.0,2025-11-24 17:22:46+00:00,51.620555555555555,8.95,0.07945205479452055
2025-11-26 21:00:00+00:00,2025-12-26 00:00:00+00:00,ANET,ANET251226C00125000,call,True,125.0,7.9,9.3,8.58,125.04000091552734,0.5476119458007813,0.036842886271592254,0.0,5.0,19.0,2025-11-26 20:23:56+00:00,0.6011111111111112,8.600000000000001,0.07945205479452055
2025-11-26 21:00:00+00:00,2025-12-26 00:00:00+00:00,ANET,ANET251226C00126000,call,True,126.0,7.5,8.7,4.69,125.04000091552734,0.5415084912109377,0.036842886271592254,0.0,1.0,3.0,2025-11-24 17:09:23+00:00,51.84361111111111,8.1,0.07945205479452055
2025-11-26 21:00:00+00:00,2025-12-26 00:00:00+00:00,ANET,ANET251226C00127000,call,True,127.0,5.4,8.3,7.4,125.04000091552734,0.5478560839843751,0.036842886271592254,0.0,3.0,1.0,2025-11-26 20:47:45+00:00,0.20416666666666666,6.8500000000000005,0.07945205479452055
2025-11-26 21:00:00+00:00,2025-12-26 00:00:00+00:00,ANET,ANET251226C00128000,call,False,128.0,6.5,7.6,6.97,125.04000091552734,0.532231240234375,0.036842886271592254,0.0,8.0,3.0,2025-11-26 20:17:59+00:00,0.7002777777777778,7.05,0.07945205479452055
2025-11-26 21:00:00+00:00,2025-12-26 00:00:00+00:00,ANET,ANET251226C00129000,call,False,129.0,5.0,6.7,6.48,125.04000091552734,0.5015918981933594,0.036842886271592254,0.0,,2.0,2025-11-18 17:08:31+00:00,195.85805555555555,5.85,0.07945205479452055
2025-11-26 21:00:00+00:00,2025-12-26 00:00:00+00:00,ANET,ANET251226C00130000,call,False,130.0,5.1,6.2,5.1,125.04000091552734,0.4968312036132813,0.036842886271592254,0.0,29.0,597.0,2025-11-26 20:53:37+00:00,0.1063888888888889,5.65,0.07945205479452055
2025-11-26 21:00:00+00:00,2025-12-26 00:00:00+00:00,ANET,ANET251226C00131000,call,False,131.0,5.0,6.0,5.47,125.04000091552734,0.5113574255371094,0.036842886271592254,0.0,2.0,2.0,2025-11-26 20:17:59+00:00,0.7002777777777778,5.5,0.07945205479452055
2025-11-26 21:00:00+00:00,2025-12-26 00:00:00+00:00,ANET,ANET251226C00132000,call,False,132.0,4.4,5.5,4.7,125.04000091552734,0.5037891418457032,0.036842886271592254,0.0,1.0,6.0,2025-11-26 19:22:45+00:00,1.6208333333333333,4.95,0.07945205479452055
2025-11-26 21:00:00+00:00,2025-12-26 00:00:00+00:00,ANET,ANET251226C00133000,call,False,133.0,4.0,5.2,4.45,125.04000091552734,0.508793974609375,0.036842886271592254,0.0,1.0,13.0,2025-11-26 17:01:15+00:00,3.9791666666666665,4.6,0.07945205479452055
2025-11-26 21:00:00+00:00,2025-12-26 00:00:00+00:00,ANET,ANET251226C00134000,call,False,134.0,3.7,4.4,2.85,125.04000091552734,0.4769339416503906,0.036842886271592254,0.0,1.0,3.0,2025-11-25 14:30:06+00:00,30.498333333333335,4.050000000000001,0.07945205479452055
2025-11-26 21:00:00+00:00,2025-12-26 00:00:00+00:00,ANET,ANET251226C00135000,call,False,135.0,1.9,3.9,4.0,125.04000091552734,0.4642387561035156,0.036842886271592254,0.0,15.0,571.0,2025-11-26 20:13:35+00:00,0.7736111111111111,2.9,0.07945205479452055
2025-11-26 21:00:00+00:00,2025-12-26 00:00:00+00:00,ANET,ANET251226C00136000,call,False,136.0,1.5,3.6,3.2,125.04000091552734,0.4644828942871094,0.036842886271592254,0.0,4.0,66.0,2025-11-26 15:25:14+00:00,5.579444444444444,2.55,0.07945205479452055
2025-11-26 21:00:00+00:00,2025-12-26 00:00:00+00:00,ANET,ANET251226C00137000,call,False,137.0,2.7,3.3,2.85,125.04000091552734,0.4633842724609375,0.036842886271592254,0.0,1.0,8.0,2025-11-26 18:06:25+00:00,2.8930555555555557,3.0,0.07945205479452055
2025-11-26 21:00:00+00:00,2025-12-26 00:00:00+00:00,ANET,ANET251226C00138000,call,False,138.0,0.85,3.0,2.75,125.04000091552734,0.4606987524414063,0.036842886271592254,0.0,2.0,108.0,2025-11-26 16:59:36+00:00,4.006666666666667,1.925,0.07945205479452055
2025-11-26 21:00:00+00:00,2025-12-26 00:00:00+00:00,ANET,ANET251226C00139000,call,False,139.0,0.8,2.75,2.25,125.04000091552734,0.46045461425781253,0.036842886271592254,0.0,1.0,8.0,2025-11-26 16:02:32+00:00,4.957777777777777,1.775,0.07945205479452055
2025-11-26 21:00:00+00:00,2025-12-26 00:00:00+00:00,ANET,ANET251226C00140000,call,False,140.0,2.25,2.45,2.45,125.04000091552734,0.4545952978515625,0.036842886271592254,0.0,26.0,130.0,2025-11-26 20:56:38+00:00,0.05611111111111111,2.35,0.07945205479452055
2025-11-26 21:00:00+00:00,2025-12-26 00:00:00+00:00,ANET,ANET251226C00141000,call,False,141.0,0.95,2.25,2.0,125.04000091552734,0.4555718505859375,0.036842886271592254,0.0,1.0,67.0,2025-11-26 14:56:26+00:00,6.059444444444445,1.6,0.07945205479452055
2025-11-26 21:00:00+00:00,2025-12-26 00:00:00+00:00,ANET,ANET251226C00142000,call,False,142.0,1.7,2.05,1.8,125.04000091552734,0.45532771240234376,0.036842886271592254,0.0,2.0,2.0,2025-11-26 18:16:42+00:00,2.7216666666666667,1.875,0.07945205479452055
2025-11-26 21:00:00+00:00,2025-12-26 00:00:00+00:00,ANET,ANET251226C00143000,call,False,143.0,1.4,1.9,1.02,125.04000091552734,0.45825737060546884,0.036842886271592254,0.0,12.0,15.0,2025-11-24 18:26:02+00:00,50.56611111111111,1.65,0.07945205479452055
2025-11-26 21:00:00+00:00,2025-12-26 00:00:00+00:00,ANET,ANET251226C00144000,call,False,144.0,1.3,1.85,1.3,125.04000091552734,0.4699760034179688,0.036842886271592254,0.0,2.0,23.0,2025-11-25 19:29:17+00:00,25.511944444444445,1.5750000000000002,0.07945205479452055
2025-11-26 21:00:00+00:00,2025-12-26 00:00:00+00:00,ANET,ANET251226C00145000,call,False,145.0,0.25,1.6,1.45,125.04000091552734,0.46094289062500005,0.036842886271592254,0.0,33.0,36.0,2025-11-26 20:51:32+00:00,0.1411111111111111,0.925,0.07945205479452055
2025-11-26 21:00:00+00:00,2025-12-26 00:00:00+00:00,ANET,ANET251226C00146000,call,False,146.0,0.1,1.65,1.18,125.04000091552734,0.481450498046875,0.036842886271592254,0.0,4.0,7.0,2025-11-26 19:18:09+00:00,1.6975,0.875,0.07945205479452055
2025-11-26 21:00:00+00:00,2025-12-26 00:00:00+00:00,ANET,ANET251226C00147000,call,False,147.0,0.8,1.55,1.06,125.04000091552734,0.48608912353515626,0.036842886271592254,0.0,3.0,4.0,2025-11-25 17:57:28+00:00,27.04222222222222,1.175,0.07945205479452055
2025-11-26 21:00:00+00:00,2025-12-26 00:00:00+00:00,ANET,ANET251226C00148000,call,False,148.0,0.8,1.2,1.01,125.04000091552734,0.4611870288085938,0.036842886271592254,0.0,4.0,22.0,2025-11-26 18:32:50+00:00,2.452777777777778,1.0,0.07945205479452055
2025-11-26 21:00:00+00:00,2025-12-26 00:00:00+00:00,ANET,ANET251226C00149000,call,False,149.0,0.45,1.1,0.92,125.04000091552734,0.46289599609375004,0.036842886271592254,0.0,3.0,1.0,2025-11-26 16:42:57+00:00,4.284166666666667,0.775,0.07945205479452055
2025-11-26 21:00:00+00:00,2025-12-26 00:00:00+00:00,ANET,ANET251226C00150000,call,False,150.0,0.45,1.0,0.8,125.04000091552734,0.4633842724609375,0.036842886271592254,0.0,11.0,38.0,2025-11-26 18:20:20+00:00,2.661111111111111,0.725,0.07945205479452055
2025-11-26 21:00:00+00:00,2025-12-26 00:00:00+00:00,ANET,ANET251226C00152500,call,False,152.5,0.0,0.8,0.6,125.04000091552734,0.4672904833984375,0.036842886271592254,0.0,2.0,8.0,2025-11-26 18:46:53+00:00,2.218611111111111,0.4,0.07945205479452055
2025-11-26 21:00:00+00:00,2025-12-26 00:00:00+00:00,ANET,ANET251226C00155000,call,False,155.0,0.2,1.1,0.55,125.04000091552734,0.541264353027344,0.036842886271592254,0.0,6.0,56.0,2025-11-26 20:11:22+00:00,0.8105555555555556,0.65,0.07945205479452055
2025-11-26 21:00:00+00:00,2025-12-26 00:00:00+00:00,ANET,ANET251226C00157500,call,False,157.5,0.05,0.5,0.65,125.04000091552734,0.4726615234375,0.036842886271592254,0.0,7.0,9.0,2025-11-20 16:15:59+00:00,148.73361111111112,0.275,0.07945205479452055
2025-11-26 21:00:00+00:00,2025-12-26 00:00:00+00:00,ANET,ANET251226C00160000,call,False,160.0,0.0,0.6,0.24,125.04000091552734,0.5195360546875,0.036842886271592254,0.0,4.0,4.0,2025-11-24 17:11:36+00:00,51.806666666666665,0.3,0.07945205479452055
2025-11-26 21:00:00+00:00,2025-12-26 00:00:00+00:00,ANET,ANET251226C00162500,call,False,162.5,0.0,1.35,0.65,125.04000091552734,0.5607954077148438,0.036842886271592254,0.0,2.0,8.0,2025-11-18 19:25:20+00:00,193.57777777777778,0.675,0.07945205479452055
2025-11-26 21:00:00+00:00,2025-12-26 00:00:00+00:00,ANET,ANET251226C00165000,call,False,165.0,0.05,0.45,0.22,125.04000091552734,0.5390671093750001,0.036842886271592254,0.0,1.0,12.0,2025-11-25 14:33:38+00:00,30.439444444444444,0.25,0.07945205479452055
2025-11-26 21:00:00+00:00,2025-12-26 00:00:00+00:00,ANET,ANET251226C00167500,call,False,167.5,0.0,0.65,0.5,125.04000091552734,0.5297898583984376,0.036842886271592254,0.0,,1.0,2025-11-18 17:44:19+00:00,195.2613888888889,0.325,0.07945205479452055
2025-11-26 21:00:00+00:00,2025-12-26 00:00:00+00:00,ANET,ANET251226C00170000,call,False,170.0,0.0,0.3,1.85,125.04000091552734,0.5449264257812501,0.036842886271592254,0.0,,1.0,2025-11-10 15:57:18+00:00,389.045,0.15,0.07945205479452055
2025-11-26 21:00:00+00:00,2025-12-26 00:00:00+00:00,ANET,ANET251226C00175000,call,False,175.0,0.0,0.5,0.75,125.04000091552734,0.570316796875,0.036842886271592254,0.0,,2.0,2025-11-12 16:21:05+00:00,340.6486111111111,0.25,0.07945205479452055
2025-11-26 21:00:00+00:00,2025-12-26 00:00:00+00:00,ANET,ANET251226C00180000,call,False,180.0,0.0,0.45,0.15,125.04000091552734,0.6015664843750002,0.036842886271592254,0.0,1.0,4.0,2025-11-20 20:18:59+00:00,144.6836111111111,0.225,0.07945205479452055
2025-11-26 21:00:00+00:00,2025-12-26 00:00:00+00:00,ANET,ANET251226C00190000,call,False,190.0,0.0,0.6,0.3,125.04000091552734,0.70898728515625,0.036842886271592254,0.0,,2.0,2025-11-13 15:18:33+00:00,317.69083333333333,0.3,0.07945205479452055
2025-11-26 21:00:00+00:00,2025-12-26 00:00:00+00:00,ANET,ANET251226C00200000,call,False,200.0,0.0,0.75,0.15,125.04000091552734,0.8105487695312499,0.036842886271592254,0.0,,3.0,2025-11-18 19:48:49+00:00,193.1863888888889,0.375,0.07945205479452055
2025-11-26 21:00:00+00:00,2025-12-26 00:00:00+00:00,ANET,ANET251226P00080000,put,False,80.0,0.0,1.2,0.15,125.04000091552734,0.992187578125,0.036842886271592254,0.0,1.0,4.0,2025-11-17 14:49:34+00:00,222.17388888888888,0.6,0.07945205479452055
2025-11-26 21:00:00+00:00,2025-12-26 00:00:00+00:00,ANET,ANET251226P00090000,put,False,90.0,0.05,0.4,0.88,125.04000091552734,0.6455113574218749,0.036842886271592254,0.0,2.0,2.0,2025-11-21 17:37:04+00:00,123.38222222222223,0.225,0.07945205479452055
2025-11-26 21:00:00+00:00,2025-12-26 00:00:00+00:00,ANET,ANET251226P00095000,put,False,95.0,0.0,0.95,0.32,125.04000091552734,0.6450230810546875,0.036842886271592254,0.0,2.0,16.0,2025-11-26 20:13:56+00:00,0.7677777777777778,0.475,0.07945205479452055
2025-11-26 21:00:00+00:00,2025-12-26 00:00:00+00:00,ANET,ANET251226P00100000,put,False,100.0,0.0,1.0,0.45,125.04000091552734,0.5585981640625001,0.036842886271592254,0.0,18.0,41.0,2025-11-26 19:52:10+00:00,1.1305555555555555,0.5,0.07945205479452055
2025-11-26 21:00:00+00:00,2025-12-26 00:00:00+00:00,ANET,ANET251226P00105000,put,False,105.0,0.05,1.6,0.85,125.04000091552734,0.5302781347656251,0.036842886271592254,0.0,3.0,92.0,2025-11-26 16:34:55+00:00,4.418055555555555,0.8250000000000001,0.07945205479452055
2025-11-26 21:00:00+00:00,2025-12-26 00:00:00+00:00,ANET,ANET251226P00110000,put,False,110.0,0.6,1.8,1.5,125.04000091552734,0.5583540258789064,0.036842886271592254,0.0,20.0,7049.0,2025-11-26 20:26:22+00:00,0.5605555555555556,1.2,0.07945205479452055
2025-11-26 21:00:00+00:00,2025-12-26 00:00:00+00:00,ANET,ANET251226P00114000,put,False,114.0,0.65,2.5,1.99,125.04000091552734,0.5373581420898439,0.036842886271592254,0.0,2.0,4.0,2025-11-26 19:52:03+00:00,1.1325,1.575,0.07945205479452055
2025-11-26 21:00:00+00:00,2025-12-26 00:00:00+00:00,ANET,ANET251226P00115000,put,False,115.0,1.15,3.7,2.15,125.04000091552734,0.50586431640625,0.036842886271592254,0.0,14.0,86.0,2025-11-26 20:47:43+00:00,0.20472222222222222,2.425,0.07945205479452055
2025-11-26 21:00:00+00:00,2025-12-26 00:00:00+00:00,ANET,ANET251226P00116000,put,False,116.0,1.2,2.6,3.25,125.04000091552734,0.4975636181640626,0.036842886271592254,0.0,3.0,16.0,2025-11-25 20:19:11+00:00,24.68027777777778,1.9,0.07945205479452055
2025-11-26 21:00:00+00:00,2025-12-26 00:00:00+00:00,ANET,ANET251226P00117000,put,False,117.0,0.7,3.3,8.15,125.04000091552734,0.5329636547851562,0.036842886271592254,0.0,3.0,3.0,2025-11-21 15:52:32+00:00,125.12444444444445,2.0,0.07945205479452055
2025-11-26 21:00:00+00:00,2025-12-26 00:00:00+00:00,ANET,ANET251226P00118000,put,False,118.0,2.55,4.0,4.28,125.04000091552734,0.5046436254882812,0.036842886271592254,0.0,1.0,1.0,2025-11-25 16:56:05+00:00,28.065277777777776,3.275,0.07945205479452055
2025-11-26 21:00:00+00:00,2025-12-26 00:00:00+00:00,ANET,ANET251226P00119000,put,False,119.0,1.7,5.0,3.32,125.04000091552734,0.6140175317382813,0.036842886271592254,0.0,5.0,2.0,2025-11-26 18:28:36+00:00,2.5233333333333334,3.35,0.07945205479452055
2025-11-26 21:00:00+00:00,2025-12-26 00:00:00+00:00,ANET,ANET251226P00120000,put,False,120.0,2.55,4.2,3.4,125.04000091552734,0.5235643347167969,0.036842886271592254,0.0,22.0,57.0,2025-11-26 20:29:15+00:00,0.5125,3.375,0.07945205479452055
2025-11-26 21:00:00+00:00,2025-12-26 00:00:00+00:00,ANET,ANET251226P00121000,put,False,121.0,3.5,5.7,8.29,125.04000091552734,0.5251512329101562,0.036842886271592254,0.0,,6.0,2025-11-20 20:43:26+00:00,144.2761111111111,4.6,0.07945205479452055
2025-11-26 21:00:00+00:00,2025-12-26 00:00:00+00:00,ANET,ANET251226P00122000,put,False,122.0,3.8,4.9,5.8,125.04000091552734,0.5178270874023438,0.036842886271592254,0.0,13.0,9.0,2025-11-25 16:56:05+00:00,28.065277777777776,4.35,0.07945205479452055
2025-11-26 21:00:00+00:00,2025-12-26 00:00:00+00:00,ANET,ANET251226P00123000,put,False,123.0,2.4,5.2,4.7,125.04000091552734,0.5091601818847658,0.036842886271592254,0.0,8.0,1.0,2025-11-26 18:51:17+00:00,2.145277777777778,3.8,0.07945205479452055
2025-11-26 21:00:00+00:00,2025-12-26 00:00:00+00:00,ANET,ANET251226P00124000,put,False,124.0,4.4,6.8,4.62,125.04000091552734,0.5063525927734375,0.036842886271592254,0.0,1.0,3.0,2025-11-26 20:26:57+00:00,0.5508333333333333,5.6,0.07945205479452055
2025-11-26 21:00:00+00:00,2025-12-26 00:00:00+00:00,ANET,ANET251226P00125000,put,False,125.0,4.5,5.8,5.45,125.04000091552734,0.48816429809570316,0.036842886271592254,0.0,16.0,33.0,2025-11-26 18:49:05+00:00,2.1819444444444445,5.15,0.07945205479452055
2025-11-26 21:00:00+00:00,2025-12-26 00:00:00+00:00,ANET,ANET251226P00126000,put,False,126.0,5.2,6.4,7.0,125.04000091552734,0.49646499633789065,0.036842886271592254,0.0,2.0,3.0,2025-11-25 20:56:38+00:00,24.05611111111111,5.800000000000001,0.07945205479452055
2025-11-26 21:00:00+00:00,2025-12-26 00:00:00+00:00,ANET,ANET251226P00127000,put,False,127.0,5.6,7.1,6.5,125.04000091552734,0.5100146655273439,0.036842886271592254,0.0,1.0,9.0,2025-11-26 16:20:54+00:00,4.651666666666666,6.35,0.07945205479452055
2025-11-26 21:00:00+00:00,2025-12-26 00:00:00+00:00,ANET,ANET251226P00128000,put,True,128.0,6.1,7.0,8.95,125.04000091552734,0.46716841430664063,0.036842886271592254,0.0,2.0,10.0,2025-11-25 15:35:22+00:00,29.410555555555554,6.55,0.07945205479452055
2025-11-26 21:00:00+00:00,2025-12-26 00:00:00+00:00,ANET,ANET251226P00129000,put,True,129.0,6.6,7.2,12.0,125.04000091552734,0.44336494140625,0.036842886271592254,0.0,2.0,24.0,2025-11-24 16:25:07+00:00,52.58138888888889,6.9,0.07945205479452055
2025-11-26 21:00:00+00:00,2025-12-26 00:00:00+00:00,ANET,ANET251226P00130000,put,True,130.0,6.8,8.0,8.7,125.04000091552734,0.4592339233398438,0.036842886271592254,0.0,25.0,93.0,2025-11-26 15:22:20+00:00,5.627777777777778,7.4,0.07945205479452055
2025-11-26 21:00:00+00:00,2025-12-26 00:00:00+00:00,ANET,ANET251226P00131000,put,True,131.0,7.6,8.7,14.65,125.04000091552734,0.4666801379394532,0.036842886271592254,0.0,1.0,4.0,2025-11-24 14:30:01+00:00,54.499722222222225,8.149999999999999,0.07945205479452055
2025-11-26 21:00:00+00:00,2025-12-26 00:00:00+00:00,ANET,ANET251226P00132000,put,True,132.0,8.2,9.9,16.99,125.04000091552734,0.5073291455078125,0.036842886271592254,0.0,17.0,29.0,2025-11-21 19:20:37+00:00,121.65638888888888,9.05,0.07945205479452055
2025-11-26 21:00:00+00:00,2025-12-26 00:00:00+00:00,ANET,ANET251226P00133000,put,True,133.0,8.5,10.2,9.74,125.04000091552734,0.48438015625,0.036842886271592254,0.0,1.0,11.0,2025-11-26 18:13:52+00:00,2.7688888888888887,9.35,0.07945205479452055
2025-11-26 21:00:00+00:00,2025-12-26 00:00:00+00:00,ANET,ANET251226P00134000,put,True,134.0,8.8,10.6,13.2,125.04000091552734,0.46631393066406257,0.036842886271592254,0.0,1.0,15.0,2025-11-25 16:06:28+00:00,28.892222222222223,9.7,0.07945205479452055
2025-11-26 21:00:00+00:00,2025-12-26 00:00:00+00:00,ANET,ANET251226P00135000,put,True,135.0,9.0,11.6,11.16,125.04000091552734,0.4897511962890626,0.036842886271592254,0.0,2.0,35.0,2025-11-26 17:00:43+00:00,3.9880555555555555,10.3,0.07945205479452055
2025-11-26 21:00:00+00:00,2025-12-26 00:00:00+00:00,ANET,ANET251226P00136000,put,True,136.0,10.4,11.9,16.4,125.04000091552734,0.46094289062500005,0.036842886271592254,0.0,,1.0,2025-11-24 15:54:10+00:00,53.09722222222222,11.15,0.07945205479452055
2025-11-26 21:00:00+00:00,2025-12-26 00:00:00+00:00,ANET,ANET251226P00137000,put,True,137.0,10.4,13.1,14.57,125.04000091552734,0.4974415490722657,0.036842886271592254,0.0,2.0,11.0,2025-11-25 20:42:24+00:00,24.293333333333333,11.75,0.07945205479452055
2025-11-26 21:00:00+00:00,2025-12-26 00:00:00+00:00,ANET,ANET251226P00138000,put,True,138.0,10.6,14.5,9.0,125.04000091552734,0.5485884985351563,0.036842886271592254,0.0,3.0,10.0,2025-11-10 19:20:48+00:00,385.6533333333333,12.55,0.07945205479452055
2025-11-26 21:00:00+00:00,2025-12-26 00:00:00+00:00,ANET,ANET251226P00139000,put,True,139.0,12.5,14.5,13.14,125.04000091552734,0.4924367163085938,0.036842886271592254,0.0,,1.0,2025-11-20 14:56:18+00:00,150.06166666666667,13.5,0.07945205479452055
2025-11-26 21:00:00+00:00,2025-12-26 00:00:00+00:00,ANET,ANET251226P00140000,put,True,140.0,12.4,15.1,15.4,125.04000091552734,0.47961946166992186,0.036842886271592254,0.0,25.0,13.0,2025-11-26 15:22:20+00:00,5.627777777777778,13.75,0.07945205479452055
2025-11-26 21:00:00+00:00,2025-12-26 00:00:00+00:00,ANET,ANET251226P00141000,put,True,141.0,14.0,16.1,19.35,125.04000091552734,0.4982960327148438,0.036842886271592254,0.0,,1.0,2025-11-18 15:34:44+00:00,197.42111111111112,15.05,0.07945205479452055
2025-11-26 21:00:00+00:00,2025-12-26 00:00:00+00:00,ANET,ANET251226P00143000,put,True,143.0,15.5,18.4,23.0,125.04000091552734,0.559574716796875,0.036842886271592254,0.0,1.0,16.0,2025-11-24 17:35:10+00:00,51.41388888888889,16.95,0.07945205479452055
2025-11-26 21:00:00+00:00,2025-12-26 00:00:00+00:00,ANET,ANET251226P00144000,put,True,144.0,16.3,18.5,25.74,125.04000091552734,0.4982960327148438,0.036842886271592254,0.0,2.0,2.0,2025-11-21 14:48:45+00:00,126.1875,17.4,0.07945205479452055
2025-11-26 21:00:00+00:00,2025-12-26 00:00:00+00:00,ANET,ANET251226P00145000,put,True,145.0,17.1,20.1,18.35,125.04000091552734,0.5688519677734375,0.036842886271592254,0.0,1.0,11.0,2025-11-17 17:27:57+00:00,219.53416666666666,18.6,0.07945205479452055
2025-11-26 21:00:00+00:00,2025-12-26 00:00:00+00:00,ANET,ANET251226P00147000,put,True,147.0,18.4,21.9,20.03,125.04000091552734,0.5842326733398437,0.036842886271592254,0.0,1.0,11.0,2025-11-26 20:12:05+00:00,0.7986111111111112,20.15,0.07945205479452055
2025-11-26 21:00:00+00:00,2025-12-26 00:00:00+00:00,ANET,ANET251226P00148000,put,True,148.0,19.6,22.0,30.98,125.04000091552734,0.5117236328125,0.036842886271592254,0.0,17.0,17.0,2025-11-21 17:18:29+00:00,123.69194444444445,20.8,0.07945205479452055
2025-11-26 21:00:00+00:00,2025-12-26 00:00:00+00:00,ANET,ANET251226P00150000,put,True,150.0,21.9,23.8,26.78,125.04000091552734,0.5185595019531251,0.036842886271592254,0.0,1.0,21.0,2025-11-25 14:59:17+00:00,30.011944444444445,22.85,0.07945205479452055
2025-11-26 21:00:00+00:00,2025-12-26 00:00:00+00:00,ANET,ANET251226P00152500,put,True,152.5,23.1,26.0,28.0,125.04000091552734,0.5161181201171875,0.036842886271592254,0.0,1.0,3.0,2025-11-25 14:41:45+00:00,30.304166666666667,24.55,0.07945205479452055
2025-11-26 21:00:00+00:00,2025-12-26 00:00:00+00:00,ANET,ANET251226P00155000,put,True,155.0,25.8,28.4,31.8,125.04000091552734,0.5346726220703125,0.036842886271592254,0.0,2.0,3.0,2025-11-18 15:53:54+00:00,197.10166666666666,27.1,0.07945205479452055
2025-11-26 21:00:00+00:00,2025-12-26 00:00:00+00:00,ANET,ANET251226P00157500,put,True,157.5,28.3,30.7,25.8,125.04000091552734,0.5351608984375,0.036842886271592254,0.0,1.0,2.0,2025-11-14 20:28:46+00:00,288.5205555555556,29.5,0.07945205479452055
2025-11-26 21:00:00+00:00,2025-12-26 00:00:00+00:00,ANET,ANET251226P00160000,put,True,160.0,30.2,34.1,28.0,125.04000091552734,0.6867707104492189,0.036842886271592254,0.0,1.0,1.0,2025-11-14 20:19:34+00:00,288.6738888888889,32.15,0.07945205479452055
2025-11-26 21:00:00+00:00,2026-01-02 00:00:00+00:00,ANET,ANET260102C00090000,call,True,90.0,36.5,40.5,36.21,125.04000091552734,0.7583031982421876,0.036842886271592254,0.0,1.0,3.0,2025-11-25 18:03:39+00:00,26.939166666666665,38.5,0.09863013698630137
2025-11-26 21:00:00+00:00,2026-01-02 00:00:00+00:00,ANET,ANET260102C00100000,call,True,100.0,27.0,30.5,22.5,125.04000091552734,0.6113320117187502,0.036842886271592254,0.0,7.0,8.0,2025-11-24 16:13:49+00:00,52.76972222222222,28.75,0.09863013698630137
2025-11-26 21:00:00+00:00,2026-01-02 00:00:00+00:00,ANET,ANET260102C00110000,call,True,110.0,19.0,20.8,17.0,125.04000091552734,0.5473678076171876,0.036842886271592254,0.0,2.0,3.0,2025-11-25 14:53:22+00:00,30.110555555555557,19.9,0.09863013698630137
2025-11-26 21:00:00+00:00,2026-01-02 00:00:00+00:00,ANET,ANET260102C00115000,call,True,115.0,14.0,18.0,14.03,125.04000091552734,0.5307664111328125,0.036842886271592254,0.0,1.0,2.0,2025-11-26 15:00:53+00:00,5.985277777777778,16.0,0.09863013698630137
2025-11-26 21:00:00+00:00,2026-01-02 00:00:00+00:00,ANET,ANET260102C00117000,call,True,117.0,12.5,16.5,14.59,125.04000091552734,0.5211229528808592,0.036842886271592254,0.0,1.0,1.0,2025-11-26 20:02:36+00:00,0.9566666666666667,14.5,0.09863013698630137
2025-11-26 21:00:00+00:00,2026-01-02 00:00:00+00:00,ANET,ANET260102C00119000,call,True,119.0,12.7,13.8,7.9,125.04000091552734,0.5249070947265625,0.036842886271592254,0.0,,1.0,2025-11-24 14:30:06+00:00,54.498333333333335,13.25,0.09863013698630137
2025-11-26 21:00:00+00:00,2026-01-02 00:00:00+00:00,ANET,ANET260102C00120000,call,True,120.0,11.6,14.0,12.27,125.04000091552734,0.5366257275390626,0.036842886271592254,0.0,,1.0,2025-11-19 16:11:37+00:00,172.80638888888888,12.8,0.09863013698630137
2025-11-26 21:00:00+00:00,2026-01-02 00:00:00+00:00,ANET,ANET260102C00121000,call,True,121.0,10.6,12.6,7.26,125.04000091552734,0.5632367895507813,0.036842886271592254,0.0,,1.0,2025-11-24 17:55:53+00:00,51.06861111111111,11.6,0.09863013698630137
2025-11-26 21:00:00+00:00,2026-01-02 00:00:00+00:00,ANET,ANET260102C00123000,call,True,123.0,9.9,11.1,7.1,125.04000091552734,0.5006153454589843,0.036842886271592254,0.0,,2.0,2025-11-24 15:48:59+00:00,53.18361111111111,10.5,0.09863013698630137
2025-11-26 21:00:00+00:00,2026-01-02 00:00:00+00:00,ANET,ANET260102C00124000,call,True,124.0,8.7,10.9,8.4,125.04000091552734,0.5611616149902343,0.036842886271592254,0.0,3.0,129.0,2025-11-25 18:56:28+00:00,26.058888888888887,9.8,0.09863013698630137
2025-11-26 21:00:00+00:00,2026-01-02 00:00:00+00:00,ANET,ANET260102C00125000,call,True,125.0,8.4,10.7,8.0,125.04000091552734,0.5089160437011719,0.036842886271592254,0.0,1.0,25.0,2025-11-26 15:00:04+00:00,5.998888888888889,9.55,0.09863013698630137
2025-11-26 21:00:00+00:00,2026-01-02 00:00:00+00:00,ANET,ANET260102C00126000,call,True,126.0,8.1,9.2,6.9,125.04000091552734,0.5188036401367188,0.036842886271592254,0.0,,7.0,2025-11-20 19:54:26+00:00,145.09277777777777,8.649999999999999,0.09863013698630137
2025-11-26 21:00:00+00:00,2026-01-02 00:00:00+00:00,ANET,ANET260102C00127000,call,True,127.0,7.1,10.1,8.2,125.04000091552734,0.5119677709960937,0.036842886271592254,0.0,,3.0,2025-11-18 17:12:03+00:00,195.79916666666668,8.6,0.09863013698630137
2025-11-26 21:00:00+00:00,2026-01-02 00:00:00+00:00,ANET,ANET260102C00128000,call,False,128.0,5.8,8.3,7.3,125.04000091552734,0.5224657128906249,0.036842886271592254,0.0,6.0,8.0,2025-11-26 20:17:58+00:00,0.7005555555555556,7.050000000000001,0.09863013698630137
2025-11-26 21:00:00+00:00,2026-01-02 00:00:00+00:00,ANET,ANET260102C00129000,call,False,129.0,6.5,8.0,5.4,125.04000091552734,0.5317429638671876,0.036842886271592254,0.0,1.0,2.0,2025-11-25 14:42:43+00:00,30.288055555555555,7.25,0.09863013698630137
2025-11-26 21:00:00+00:00,2026-01-02 00:00:00+00:00,ANET,ANET260102C00130000,call,False,130.0,5.7,7.4,6.27,125.04000091552734,0.5214891601562499,0.036842886271592254,0.0,8.0,1.0,2025-11-26 19:15:45+00:00,1.7375,6.550000000000001,0.09863013698630137
2025-11-26 21:00:00+00:00,2026-01-02 00:00:00+00:00,ANET,ANET260102C00131000,call,False,131.0,5.4,7.5,6.0,125.04000091552734,0.5532271240234375,0.036842886271592254,0.0,,13.0,2025-11-20 17:50:05+00:00,147.1652777777778,6.45,0.09863013698630137
2025-11-26 21:00:00+00:00,2026-01-02 00:00:00+00:00,ANET,ANET260102C00133000,call,False,133.0,4.3,6.0,3.8,125.04000091552734,0.5083056982421875,0.036842886271592254,0.0,1.0,6.0,2025-11-25 14:30:01+00:00,30.49972222222222,5.15,0.09863013698630137
2025-11-26 21:00:00+00:00,2026-01-02 00:00:00+00:00,ANET,ANET260102C00134000,call,False,134.0,4.2,5.3,2.75,125.04000091552734,0.48682153808593753,0.036842886271592254,0.0,1.0,3.0,2025-11-21 18:37:34+00:00,122.37388888888889,4.75,0.09863013698630137
2025-11-26 21:00:00+00:00,2026-01-02 00:00:00+00:00,ANET,ANET260102C00135000,call,False,135.0,2.95,5.2,4.2,125.04000091552734,0.5022022436523439,0.036842886271592254,0.0,11.0,26.0,2025-11-26 17:23:37+00:00,3.606388888888889,4.075,0.09863013698630137
2025-11-26 21:00:00+00:00,2026-01-02 00:00:00+00:00,ANET,ANET260102C00137000,call,False,137.0,3.1,4.5,3.32,125.04000091552734,0.4978077563476563,0.036842886271592254,0.0,1.0,1.0,2025-11-25 18:01:09+00:00,26.980833333333333,3.8,0.09863013698630137
2025-11-26 21:00:00+00:00,2026-01-02 00:00:00+00:00,ANET,ANET260102C00138000,call,False,138.0,3.1,4.2,6.0,125.04000091552734,0.4973194799804688,0.036842886271592254,0.0,,1.0,2025-11-20 14:56:14+00:00,150.06277777777777,3.6500000000000004,0.09863013698630137
2025-11-26 21:00:00+00:00,2026-01-02 00:00:00+00:00,ANET,ANET260102C00139000,call,False,139.0,1.7,4.0,3.28,125.04000091552734,0.5025684509277344,0.036842886271592254,0.0,3.0,1.0,2025-11-26 16:02:30+00:00,4.958333333333333,2.85,0.09863013698630137
2025-11-26 21:00:00+00:00,2026-01-02 00:00:00+00:00,ANET,ANET260102C00140000,call,False,140.0,2.8,3.3,3.17,125.04000091552734,0.471684970703125,0.036842886271592254,0.0,3.0,18.0,2025-11-26 20:58:24+00:00,0.02666666666666667,3.05,0.09863013698630137
2025-11-26 21:00:00+00:00,2026-01-02 00:00:00+00:00,ANET,ANET260102C00142000,call,False,142.0,2.35,2.8,2.4,125.04000091552734,0.4687553125,0.036842886271592254,0.0,12.0,106.0,2025-11-26 17:19:25+00:00,3.676388888888889,2.575,0.09863013698630137
2025-11-26 21:00:00+00:00,2026-01-02 00:00:00+00:00,ANET,ANET260102C00143000,call,False,143.0,1.95,2.85,2.25,125.04000091552734,0.4886525744628907,0.036842886271592254,0.0,1.0,2.0,2025-11-26 15:54:28+00:00,5.092222222222222,2.4,0.09863013698630137
2025-11-26 21:00:00+00:00,2026-01-02 00:00:00+00:00,ANET,ANET260102C00144000,call,False,144.0,1.9,2.8,2.82,125.04000091552734,0.5006153454589843,0.036842886271592254,0.0,,126.0,2025-11-18 20:57:31+00:00,192.0413888888889,2.3499999999999996,0.09863013698630137
2025-11-26 21:00:00+00:00,2026-01-02 00:00:00+00:00,ANET,ANET260102C00145000,call,False,145.0,0.75,2.55,2.22,125.04000091552734,0.4963429272460938,0.036842886271592254,0.0,3.0,59.0,2025-11-26 20:58:24+00:00,0.02666666666666667,1.65,0.09863013698630137
2025-11-26 21:00:00+00:00,2026-01-02 00:00:00+00:00,ANET,ANET260102C00146000,call,False,146.0,0.95,3.7,1.3,125.04000091552734,0.6002237243652344,0.036842886271592254,0.0,2.0,6.0,2025-11-24 14:32:36+00:00,54.45666666666666,2.325,0.09863013698630137
2025-11-26 21:00:00+00:00,2026-01-02 00:00:00+00:00,ANET,ANET260102C00147000,call,False,147.0,1.25,3.6,2.17,125.04000091552734,0.51562984375,0.036842886271592254,0.0,1.0,1.0,2025-11-25 17:33:16+00:00,27.445555555555554,2.425,0.09863013698630137
2025-11-26 21:00:00+00:00,2026-01-02 00:00:00+00:00,ANET,ANET260102C00148000,call,False,148.0,0.35,2.9,1.56,125.04000091552734,0.5689740368652343,0.036842886271592254,0.0,68.0,2.0,2025-11-26 19:31:20+00:00,1.4777777777777779,1.625,0.09863013698630137
2025-11-26 21:00:00+00:00,2026-01-02 00:00:00+00:00,ANET,ANET260102C00150000,call,False,150.0,0.05,3.3,1.4,125.04000091552734,0.629886513671875,0.036842886271592254,0.0,2.0,35.0,2025-11-26 14:30:01+00:00,6.499722222222222,1.6749999999999998,0.09863013698630137
2025-11-26 21:00:00+00:00,2026-01-02 00:00:00+00:00,ANET,ANET260102C00152500,call,False,152.5,0.5,3.1,1.7,125.04000091552734,0.5335740002441407,0.036842886271592254,0.0,,6.0,2025-11-18 17:54:00+00:00,195.1,1.8,0.09863013698630137
2025-11-26 21:00:00+00:00,2026-01-02 00:00:00+00:00,ANET,ANET260102C00155000,call,False,155.0,0.05,1.05,0.7,125.04000091552734,0.48120635986328125,0.036842886271592254,0.0,1.0,2.0,2025-11-26 15:11:02+00:00,5.816111111111111,0.55,0.09863013698630137
2025-11-26 21:00:00+00:00,2026-01-02 00:00:00+00:00,ANET,ANET260102C00160000,call,False,160.0,0.0,1.35,0.72,125.04000091552734,0.5732464550781251,0.036842886271592254,0.0,1.0,14.0,2025-11-26 15:33:19+00:00,5.4447222222222225,0.675,0.09863013698630137
2025-11-26 21:00:00+00:00,2026-01-02 00:00:00+00:00,ANET,ANET260102C00162500,call,False,162.5,0.35,0.8,0.85,125.04000091552734,0.5251512329101562,0.036842886271592254,0.0,,1.0,2025-11-18 14:30:03+00:00,198.49916666666667,0.575,0.09863013698630137
2025-11-26 21:00:00+00:00,2026-01-02 00:00:00+00:00,ANET,ANET260102C00165000,call,False,165.0,0.05,0.8,0.42,125.04000091552734,0.5495650512695314,0.036842886271592254,0.0,1.0,1.0,2025-11-26 20:56:49+00:00,0.05305555555555556,0.42500000000000004,0.09863013698630137
2025-11-26 21:00:00+00:00,2026-01-02 00:00:00+00:00,ANET,ANET260102C00170000,call,False,170.0,0.0,1.2,0.55,125.04000091552734,0.5600629931640625,0.036842886271592254,0.0,,1.0,2025-11-18 14:30:03+00:00,198.49916666666667,0.6,0.09863013698630137
2025-11-26 21:00:00+00:00,2026-01-02 00:00:00+00:00,ANET,ANET260102C00172500,call,False,172.5,0.0,1.95,0.5,125.04000091552734,0.6472203247070312,0.036842886271592254,0.0,,1.0,2025-11-18 14:30:03+00:00,198.49916666666667,0.975,0.09863013698630137
2025-11-26 21:00:00+00:00,2026-01-02 00:00:00+00:00,ANET,ANET260102C00175000,call,False,175.0,0.0,0.95,0.45,125.04000091552734,0.5756878369140624,0.036842886271592254,0.0,,1.0,2025-11-18 14:30:04+00:00,198.4988888888889,0.475,0.09863013698630137
2025-11-26 21:00:00+00:00,2026-01-02 00:00:00+00:00,ANET,ANET260102C00177500,call,False,177.5,0.0,2.3,0.4,125.04000091552734,0.7189969506835938,0.036842886271592254,0.0,,1.0,2025-11-18 14:30:04+00:00,198.4988888888889,1.15,0.09863013698630137
2025-11-26 21:00:00+00:00,2026-01-02 00:00:00+00:00,ANET,ANET260102C00180000,call,False,180.0,0.0,0.75,0.17,125.04000091552734,0.5898478515625001,0.036842886271592254,0.0,1.0,2.0,2025-11-24 19:26:01+00:00,49.56638888888889,0.375,0.09863013698630137
2025-11-26 21:00:00+00:00,2026-01-02 00:00:00+00:00,ANET,ANET260102C00182500,call,False,182.5,0.0,0.7,0.45,125.04000091552734,0.6010782080078126,0.036842886271592254,0.0,1.0,1.0,2025-11-18 14:30:04+00:00,198.4988888888889,0.35,0.09863013698630137
2025-11-26 21:00:00+00:00,2026-01-02 00:00:00+00:00,ANET,ANET260102C00190000,call,False,190.0,0.0,1.45,0.35,125.04000091552734,0.7480493945312501,0.036842886271592254,0.0,,1.0,2025-11-18 14:30:16+00:00,198.49555555555557,0.725,0.09863013698630137
2025-11-26 21:00:00+00:00,2026-01-02 00:00:00+00:00,ANET,ANET260102C00195000,call,False,195.0,0.0,2.2,0.35,125.04000091552734,0.8554701953125,0.036842886271592254,0.0,,1.0,2025-11-18 14:30:16+00:00,198.49555555555557,1.1,0.09863013698630137
2025-11-26 21:00:00+00:00,2026-01-02 00:00:00+00:00,ANET,ANET260102C00200000,call,False,200.0,0.0,2.15,0.35,125.04000091552734,0.8886729882812499,0.036842886271592254,0.0,,1.0,2025-11-18 14:30:16+00:00,198.49555555555557,1.075,0.09863013698630137
2025-11-26 21:00:00+00:00,2026-01-02 00:00:00+00:00,ANET,ANET260102P00085000,put,False,85.0,0.0,0.75,1.13,125.04000091552734,0.7246121289062499,0.036842886271592254,0.0,1.0,1.0,2025-11-21 16:16:30+00:00,124.725,0.375,0.09863013698630137
2025-11-26 21:00:00+00:00,2026-01-02 00:00:00+00:00,ANET,ANET260102P00090000,put,False,90.0,0.0,0.7,0.36,125.04000091552734,0.6289099609375001,0.036842886271592254,0.0,,2.0,2025-11-20 17:52:11+00:00,147.1302777777778,0.35,0.09863013698630137
2025-11-26 21:00:00+00:00,2026-01-02 00:00:00+00:00,ANET,ANET260102P00095000,put,False,95.0,0.0,0.7,1.41,125.04000091552734,0.5459029785156251,0.036842886271592254,0.0,21.0,11.0,2025-11-21 17:46:55+00:00,123.21805555555555,0.35,0.09863013698630137
2025-11-26 21:00:00+00:00,2026-01-02 00:00:00+00:00,ANET,ANET260102P00100000,put,False,100.0,0.0,1.25,0.53,125.04000091552734,0.5293015820312501,0.036842886271592254,0.0,1.0,3.0,2025-11-26 19:33:51+00:00,1.4358333333333333,0.625,0.09863013698630137
2025-11-26 21:00:00+00:00,2026-01-02 00:00:00+00:00,ANET,ANET260102P00105000,put,False,105.0,0.1,2.15,1.2,125.04000091552734,0.5210008837890624,0.036842886271592254,0.0,2.0,72.0,2025-11-26 14:56:52+00:00,6.052222222222222,1.125,0.09863013698630137
2025-11-26 21:00:00+00:00,2026-01-02 00:00:00+00:00,ANET,ANET260102P00110000,put,False,110.0,0.6,2.05,1.65,125.04000091552734,0.5278367529296876,0.036842886271592254,0.0,8.0,43.0,2025-11-26 17:16:32+00:00,3.7244444444444444,1.325,0.09863013698630137
2025-11-26 21:00:00+00:00,2026-01-02 00:00:00+00:00,ANET,ANET260102P00114000,put,False,114.0,1.85,3.3,4.61,125.04000091552734,0.5501753967285157,0.036842886271592254,0.0,,2.0,2025-11-24 16:50:51+00:00,52.1525,2.575,0.09863013698630137
2025-11-26 21:00:00+00:00,2026-01-02 00:00:00+00:00,ANET,ANET260102P00115000,put,False,115.0,1.3,3.1,2.76,125.04000091552734,0.5109912182617188,0.036842886271592254,0.0,8.0,46.0,2025-11-26 16:02:30+00:00,4.958333333333333,2.2,0.09863013698630137
2025-11-26 21:00:00+00:00,2026-01-02 00:00:00+00:00,ANET,ANET260102P00117000,put,False,117.0,2.8,3.8,4.4,125.04000091552734,0.5174608801269531,0.036842886271592254,0.0,1.0,2.0,2025-11-25 15:43:57+00:00,29.2675,3.3,0.09863013698630137
2025-11-26 21:00:00+00:00,2026-01-02 00:00:00+00:00,ANET,ANET260102P00118000,put,False,118.0,2.95,4.0,4.85,125.04000091552734,0.5075732836914062,0.036842886271592254,0.0,1.0,1.0,2025-11-25 15:43:57+00:00,29.2675,3.475,0.09863013698630137
2025-11-26 21:00:00+00:00,2026-01-02 00:00:00+00:00,ANET,ANET260102P00119000,put,False,119.0,2.2,4.7,5.21,125.04000091552734,0.5319871020507813,0.036842886271592254,0.0,24.0,24.0,2025-11-25 18:39:07+00:00,26.348055555555554,3.45,0.09863013698630137
2025-11-26 21:00:00+00:00,2026-01-02 00:00:00+00:00,ANET,ANET260102P00120000,put,False,120.0,2.1,4.7,4.05,125.04000091552734,0.5059863854980469,0.036842886271592254,0.0,2.0,24.0,2025-11-26 19:41:06+00:00,1.315,3.4000000000000004,0.09863013698630137
2025-11-26 21:00:00+00:00,2026-01-02 00:00:00+00:00,ANET,ANET260102P00121000,put,False,121.0,3.9,5.1,5.93,125.04000091552734,0.5065967309570312,0.036842886271592254,0.0,24.0,24.0,2025-11-25 18:39:07+00:00,26.348055555555554,4.5,0.09863013698630137
2025-11-26 21:00:00+00:00,2026-01-02 00:00:00+00:00,ANET,ANET260102P00122000,put,False,122.0,4.3,5.8,7.17,125.04000091552734,0.5256395092773438,0.036842886271592254,0.0,,1.0,2025-11-19 14:49:48+00:00,174.17,5.05,0.09863013698630137
2025-11-26 21:00:00+00:00,2026-01-02 00:00:00+00:00,ANET,ANET260102P00124000,put,False,124.0,5.0,6.2,7.12,125.04000091552734,0.4943898217773438,0.036842886271592254,0.0,,1.0,2025-11-18 14:30:09+00:00,198.4975,5.6,0.09863013698630137
2025-11-26 21:00:00+00:00,2026-01-02 00:00:00+00:00,ANET,ANET260102P00125000,put,False,125.0,5.3,6.8,12.4,125.04000091552734,0.5026905200195313,0.036842886271592254,0.0,6.0,9.0,2025-11-21 20:41:28+00:00,120.30888888888889,6.05,0.09863013698630137
2025-11-26 21:00:00+00:00,2026-01-02 00:00:00+00:00,ANET,ANET260102P00126000,put,False,126.0,5.6,7.0,6.25,125.04000091552734,0.4845022253417969,0.036842886271592254,0.0,1.0,2.0,2025-11-20 15:48:11+00:00,149.19694444444445,6.3,0.09863013698630137
2025-11-26 21:00:00+00:00,2026-01-02 00:00:00+00:00,ANET,ANET260102P00128000,put,True,128.0,6.6,8.2,9.26,125.04000091552734,0.4947560290527344,0.036842886271592254,0.0,1.0,1.0,2025-11-25 17:46:09+00:00,27.230833333333333,7.3999999999999995,0.09863013698630137
2025-11-26 21:00:00+00:00,2026-01-02 00:00:00+00:00,ANET,ANET260102P00129000,put,True,129.0,7.1,8.5,14.05,125.04000091552734,0.47949739257812496,0.036842886271592254,0.0,1.0,1.0,2025-11-21 15:06:20+00:00,125.89444444444445,7.8,0.09863013698630137
2025-11-26 21:00:00+00:00,2026-01-02 00:00:00+00:00,ANET,ANET260102P00130000,put,True,130.0,7.7,9.5,10.67,125.04000091552734,0.5061084545898438,0.036842886271592254,0.0,1.0,7.0,2025-11-25 14:35:24+00:00,30.41,8.6,0.09863013698630137
2025-11-26 21:00:00+00:00,2026-01-02 00:00:00+00:00,ANET,ANET260102P00131000,put,True,131.0,8.2,9.7,13.62,125.04000091552734,0.4821829125976563,0.036842886271592254,0.0,,3.0,2025-11-20 19:25:37+00:00,145.57305555555556,8.95,0.09863013698630137
2025-11-26 21:00:00+00:00,2026-01-02 00:00:00+00:00,ANET,ANET260102P00132000,put,True,132.0,8.8,10.1,13.53,125.04000091552734,0.46936565795898444,0.036842886271592254,0.0,2.0,3.0,2025-11-20 17:52:11+00:00,147.1302777777778,9.45,0.09863013698630137
2025-11-26 21:00:00+00:00,2026-01-02 00:00:00+00:00,ANET,ANET260102P00133000,put,True,133.0,9.4,10.9,13.36,125.04000091552734,0.4802298071289062,0.036842886271592254,0.0,1.0,1.0,2025-11-18 14:56:20+00:00,198.0611111111111,10.15,0.09863013698630137
2025-11-26 21:00:00+00:00,2026-01-02 00:00:00+00:00,ANET,ANET260102P00134000,put,True,134.0,10.0,11.3,13.7,125.04000091552734,0.4647270324707031,0.036842886271592254,0.0,1.0,2.0,2025-11-19 17:44:45+00:00,171.25416666666666,10.65,0.09863013698630137
2025-11-26 21:00:00+00:00,2026-01-02 00:00:00+00:00,ANET,ANET260102P00135000,put,True,135.0,10.7,13.0,11.79,125.04000091552734,0.5310105493164063,0.036842886271592254,0.0,1.0,12.0,2025-11-26 20:57:47+00:00,0.036944444444444446,11.85,0.09863013698630137
2025-11-26 21:00:00+00:00,2026-01-02 00:00:00+00:00,ANET,ANET260102P00137000,put,True,137.0,11.7,13.2,21.18,125.04000091552734,0.4547173669433594,0.036842886271592254,0.0,3.0,3.0,2025-11-21 18:12:59+00:00,122.78361111111111,12.45,0.09863013698630137
2025-11-26 21:00:00+00:00,2026-01-02 00:00:00+00:00,ANET,ANET260102P00138000,put,True,138.0,11.1,14.3,17.28,125.04000091552734,0.4804739453125,0.036842886271592254,0.0,1.0,2.0,2025-11-18 15:53:31+00:00,197.10805555555555,12.7,0.09863013698630137
2025-11-26 21:00:00+00:00,2026-01-02 00:00:00+00:00,ANET,ANET260102P00148000,put,True,148.0,19.2,22.5,31.23,125.04000091552734,0.5063525927734375,0.036842886271592254,0.0,17.0,17.0,2025-11-21 17:18:29+00:00,123.69194444444445,20.85,0.09863013698630137
2025-11-26 21:00:00+00:00,2026-01-02 00:00:00+00:00,ANET,ANET260102P00150000,put,True,150.0,21.0,24.9,26.31,125.04000091552734,0.5687298986816407,0.036842886271592254,0.0,,1.0,2025-11-18 18:20:39+00:00,194.65583333333333,22.95,0.09863013698630137
2025-11-26 21:00:00+00:00,2026-01-02 00:00:00+00:00,ANET,ANET260102P00155000,put,True,155.0,25.6,29.5,34.8,125.04000091552734,0.5988809643554689,0.036842886271592254,0.0,,3.0,2025-11-20 20:32:51+00:00,144.4525,27.55,0.09863013698630137
2025-11-26 21:00:00+00:00,2026-01-02 00:00:00+00:00,ANET,ANET260102P00157500,put,True,157.5,28.0,31.9,27.34,125.04000091552734,0.6198768481445314,0.036842886271592254,0.0,1.0,1.0,2025-11-14 15:30:59+00:00,293.4836111111111,29.95,0.09863013698630137
2025-11-26 21:00:00+00:00,2026-01-02 00:00:00+00:00,ANET,ANET260102P00162500,put,True,162.5,32.8,36.0,31.85,125.04000091552734,0.5751995605468749,0.036842886271592254,0.0,1.0,1.0,2025-11-14 15:30:59+00:00,293.4836111111111,34.4,0.09863013698630137
2025-11-26 21:00:00+00:00,2026-01-16 00:00:00+00:00,ANET,ANET260116C00022500,call,True,22.5,103.6,107.5,99.8,125.04000091552734,2.3535197412109365,0.036842886271592254,0.0,1.0,474.0,2025-11-24 21:01:39+00:00,47.9725,105.55,0.136986301369863
2025-11-26 21:00:00+00:00,2026-01-16 00:00:00+00:00,ANET,ANET260116C00023750,call,True,23.75,54.1,56.0,56.8,125.04000091552734,1.0000000000000003e-05,0.036842886271592254,0.0,1.0,5.0,2025-03-27 19:34:57+00:00,5857.4175,55.05,0.136986301369863
2025-11-26 21:00:00+00:00,2026-01-16 00:00:00+00:00,ANET,ANET260116C00025000,call,True,25.0,101.1,105.0,96.1,125.04000091552734,2.2109419726562494,0.036842886271592254,0.0,1.0,96.0,2025-11-24 20:59:48+00:00,48.00333333333333,103.05,0.136986301369863
2025-11-26 21:00:00+00:00,2026-01-16 00:00:00+00:00,ANET,ANET260116C00027500,call,True,27.5,113.6,116.4,109.0,125.04000091552734,6.2685568518066415,0.036842886271592254,0.0,3.0,96.0,2025-08-29 15:24:23+00:00,2141.593611111111,115.0,0.136986301369863
2025-11-26 21:00:00+00:00,2026-01-16 00:00:00+00:00,ANET,ANET260116C00030000,call,True,30.0,43.6,45.1,52.75,125.04000091552734,1.0000000000000003e-05,0.036842886271592254,0.0,1.0,25.0,2025-03-12 13:52:16+00:00,6223.1288888888885,44.35,0.136986301369863
2025-11-26 21:00:00+00:00,2026-01-16 00:00:00+00:00,ANET,ANET260116C00031250,call,True,31.25,98.5,102.2,114.69,125.04000091552734,3.200197312011718,0.036842886271592254,0.0,1.0,27.0,2025-09-23 14:54:36+00:00,1542.09,100.35,0.136986301369863
2025-11-26 21:00:00+00:00,2026-01-16 00:00:00+00:00,ANET,ANET260116C00032500,call,True,32.5,,,30.5,125.04000091552734,0.0,0.036842886271592254,0.0,,,2024-12-16 05:10:54+00:00,8295.818333333333,30.5,0.136986301369863
2025-11-26 21:00:00+00:00,2026-01-16 00:00:00+00:00,ANET,ANET260116C00033750,call,True,33.75,0.0,0.0,86.0,125.04000091552734,1.0000000000000003e-05,0.036842886271592254,0.0,1.0,8.0,2025-01-06 14:50:59+00:00,7782.150277777778,0.0,0.136986301369863
2025-11-26 21:00:00+00:00,2026-01-16 00:00:00+00:00,ANET,ANET260116C00035000,call,True,35.0,88.2,92.1,117.5,125.04000091552734,1.0000000000000003e-05,0.036842886271592254,0.0,4.0,22.0,2025-10-23 15:12:27+00:00,821.7925,90.15,0.136986301369863
2025-11-26 21:00:00+00:00,2026-01-16 00:00:00+00:00,ANET,ANET260116C00036250,call,True,36.25,89.9,93.9,108.8,125.04000091552734,1.7861338818359376,0.036842886271592254,0.0,1.0,49.0,2025-11-05 14:37:47+00:00,510.3702777777778,91.9,0.136986301369863
2025-11-26 21:00:00+00:00,2026-01-16 00:00:00+00:00,ANET,ANET260116C00037500,call,True,37.5,88.7,92.6,105.0,125.04000091552734,1.7402356738281248,0.036842886271592254,0.0,2.0,91.0,2025-11-05 18:36:48+00:00,506.38666666666666,90.65,0.136986301369863
2025-11-26 21:00:00+00:00,2026-01-16 00:00:00+00:00,ANET,ANET260116C00038750,call,True,38.75,84.5,88.5,113.7,125.04000091552734,1.0000000000000003e-05,0.036842886271592254,0.0,72.0,96.0,2025-10-23 15:11:43+00:00,821.8047222222223,86.5,0.136986301369863
2025-11-26 21:00:00+00:00,2026-01-16 00:00:00+00:00,ANET,ANET260116C00040000,call,True,40.0,83.2,87.3,112.9,125.04000091552734,1.0000000000000003e-05,0.036842886271592254,0.0,2.0,95.0,2025-10-23 14:29:17+00:00,822.5119444444445,85.25,0.136986301369863
2025-11-26 21:00:00+00:00,2026-01-16 00:00:00+00:00,ANET,ANET260116C00041250,call,True,41.25,81.9,85.9,111.8,125.04000091552734,1.0000000000000003e-05,0.036842886271592254,0.0,2.0,95.0,2025-10-23 14:29:27+00:00,822.5091666666667,83.9,0.136986301369863
2025-11-26 21:00:00+00:00,2026-01-16 00:00:00+00:00,ANET,ANET260116C00042500,call,True,42.5,80.6,84.9,110.58,125.04000091552734,1.0000000000000003e-05,0.036842886271592254,0.0,20.0,60.0,2025-10-23 14:29:40+00:00,822.5055555555556,82.75,0.136986301369863
2025-11-26 21:00:00+00:00,2026-01-16 00:00:00+00:00,ANET,ANET260116C00043750,call,True,43.75,82.5,86.4,91.12,125.04000091552734,1.5605490722656248,0.036842886271592254,0.0,12.0,49.0,2025-11-14 16:48:12+00:00,292.19666666666666,84.45,0.136986301369863
2025-11-26 21:00:00+00:00,2026-01-16 00:00:00+00:00,ANET,ANET260116C00045000,call,True,45.0,78.2,82.3,107.6,125.04000091552734,1.0000000000000003e-05,0.036842886271592254,0.0,4.0,200.0,2025-10-23 15:12:44+00:00,821.7877777777778,80.25,0.136986301369863
2025-11-26 21:00:00+00:00,2026-01-16 00:00:00+00:00,ANET,ANET260116C00046250,call,True,46.25,77.0,81.0,106.25,125.04000091552734,1.0000000000000003e-05,0.036842886271592254,0.0,40.0,36.0,2025-10-23 15:24:37+00:00,821.5897222222222,79.0,0.136986301369863
2025-11-26 21:00:00+00:00,2026-01-16 00:00:00+00:00,ANET,ANET260116C00047500,call,True,47.5,78.8,82.6,110.5,125.04000091552734,1.4492215039062502,0.036842886271592254,0.0,1.0,195.0,2025-11-03 19:44:11+00:00,553.2636111111111,80.69999999999999,0.136986301369863
2025-11-26 21:00:00+00:00,2026-01-16 00:00:00+00:00,ANET,ANET260116C00048750,call,True,48.75,77.5,81.4,108.06,125.04000091552734,1.4140654296875002,0.036842886271592254,0.0,8.0,17.0,2025-11-03 16:31:02+00:00,556.4827777777778,79.45,0.136986301369863
2025-11-26 21:00:00+00:00,2026-01-16 00:00:00+00:00,ANET,ANET260116C00050000,call,True,50.0,76.3,79.6,75.2,125.04000091552734,1.2460975195312498,0.036842886271592254,0.0,4.0,160.0,2025-11-25 20:57:04+00:00,24.04888888888889,77.94999999999999,0.136986301369863
2025-11-26 21:00:00+00:00,2026-01-16 00:00:00+00:00,ANET,ANET260116C00052500,call,True,52.5,73.8,77.8,104.9,125.04000091552734,1.3554719726562499,0.036842886271592254,0.0,8.0,120.0,2025-11-03 15:11:38+00:00,557.8061111111111,75.8,0.136986301369863
2025-11-26 21:00:00+00:00,2026-01-16 00:00:00+00:00,ANET,ANET260116C00055000,call,True,55.0,71.3,75.3,66.51,125.04000091552734,1.2915074487304685,0.036842886271592254,0.0,1.0,275.0,2025-11-20 20:28:10+00:00,144.53055555555557,73.3,0.136986301369863
2025-11-26 21:00:00+00:00,2026-01-16 00:00:00+00:00,ANET,ANET260116C00057500,call,True,57.5,69.3,72.1,69.6,125.04000091552734,1.1923868505859376,0.036842886271592254,0.0,48.0,260.0,2025-11-20 16:45:03+00:00,148.24916666666667,70.69999999999999,0.136986301369863
2025-11-26 21:00:00+00:00,2026-01-16 00:00:00+00:00,ANET,ANET260116C00060000,call,True,60.0,66.4,70.3,57.98,125.04000091552734,1.1884806201171876,0.036842886271592254,0.0,1.0,590.0,2025-11-21 17:26:32+00:00,123.55777777777777,68.35,0.136986301369863
2025-11-26 21:00:00+00:00,2026-01-16 00:00:00+00:00,ANET,ANET260116C00062500,call,True,62.5,64.4,67.8,81.1,125.04000091552734,1.205082099609375,0.036842886271592254,0.0,20.0,417.0,2025-11-05 14:59:49+00:00,510.00305555555553,66.1,0.136986301369863
2025-11-26 21:00:00+00:00,2026-01-16 00:00:00+00:00,ANET,ANET260116C00065000,call,True,65.0,61.4,65.5,57.3,125.04000091552734,1.1064497802734377,0.036842886271592254,0.0,87.0,2329.0,2025-11-24 19:04:05+00:00,49.93194444444445,63.45,0.136986301369863
2025-11-26 21:00:00+00:00,2026-01-16 00:00:00+00:00,ANET,ANET260116C00067500,call,True,67.5,77.3,80.3,76.75,125.04000091552734,3.1618673297119146,0.036842886271592254,0.0,40.0,407.0,2025-09-05 16:49:09+00:00,1972.1808333333333,78.8,0.136986301369863
2025-11-26 21:00:00+00:00,2026-01-16 00:00:00+00:00,ANET,ANET260116C00070000,call,True,70.0,57.0,60.2,66.45,125.04000091552734,1.0380907470703127,0.036842886271592254,0.0,1.0,736.0,2025-11-10 16:06:46+00:00,388.88722222222225,58.6,0.136986301369863
2025-11-26 21:00:00+00:00,2026-01-16 00:00:00+00:00,ANET,ANET260116C00072500,call,True,72.5,54.5,58.0,49.7,125.04000091552734,1.01953615234375,0.036842886271592254,0.0,6.0,343.0,2025-11-20 20:03:04+00:00,144.9488888888889,56.25,0.136986301369863
2025-11-26 21:00:00+00:00,2026-01-16 00:00:00+00:00,ANET,ANET260116C00075000,call,True,75.0,51.6,55.4,52.4,125.04000091552734,0.9135750830078125,0.036842886271592254,0.0,4.0,5816.0,2025-11-26 14:34:40+00:00,6.4222222222222225,53.5,0.136986301369863
2025-11-26 21:00:00+00:00,2026-01-16 00:00:00+00:00,ANET,ANET260116C00077500,call,True,77.5,49.1,51.9,41.96,125.04000091552734,0.726565234375,0.036842886271592254,0.0,1.0,789.0,2025-11-21 15:14:56+00:00,125.75111111111111,50.5,0.136986301369863
2025-11-26 21:00:00+00:00,2026-01-16 00:00:00+00:00,ANET,ANET260116C00080000,call,True,80.0,47.2,50.6,38.65,125.04000091552734,0.897217824707031,0.036842886271592254,0.0,2.0,1130.0,2025-11-21 20:30:04+00:00,120.49888888888889,48.900000000000006,0.136986301369863
2025-11-26 21:00:00+00:00,2026-01-16 00:00:00+00:00,ANET,ANET260116C00082500,call,True,82.5,44.7,47.3,35.63,125.04000091552734,0.7744163183593751,0.036842886271592254,0.0,5.0,500.0,2025-11-21 20:51:40+00:00,120.13888888888889,46.0,0.136986301369863
2025-11-26 21:00:00+00:00,2026-01-16 00:00:00+00:00,ANET,ANET260116C00085000,call,True,85.0,42.3,45.0,41.3,125.04000091552734,0.7587914746093751,0.036842886271592254,0.0,2.0,1609.0,2025-11-25 14:35:10+00:00,30.413888888888888,43.65,0.136986301369863
2025-11-26 21:00:00+00:00,2026-01-16 00:00:00+00:00,ANET,ANET260116C00087500,call,True,87.5,39.9,42.5,34.04,125.04000091552734,0.7233914379882812,0.036842886271592254,0.0,1.0,1000.0,2025-11-24 15:08:02+00:00,53.86611111111111,41.2,0.136986301369863
2025-11-26 21:00:00+00:00,2026-01-16 00:00:00+00:00,ANET,ANET260116C00090000,call,True,90.0,38.4,39.6,36.57,125.04000091552734,0.7258328198242188,0.036842886271592254,0.0,4.0,1449.0,2025-11-25 18:49:28+00:00,26.175555555555555,39.0,0.136986301369863
2025-11-26 21:00:00+00:00,2026-01-16 00:00:00+00:00,ANET,ANET260116C00092500,call,True,92.5,34.8,37.9,51.77,125.04000091552734,0.6599155102539063,0.036842886271592254,0.0,2.0,445.0,2025-11-05 16:59:39+00:00,508.0058333333333,36.349999999999994,0.136986301369863
2025-11-26 21:00:00+00:00,2026-01-16 00:00:00+00:00,ANET,ANET260116C00095000,call,True,95.0,32.6,35.4,34.0,125.04000091552734,0.6374547973632813,0.036842886271592254,0.0,3.0,1060.0,2025-11-26 20:53:51+00:00,0.1025,34.0,0.136986301369863
2025-11-26 21:00:00+00:00,2026-01-16 00:00:00+00:00,ANET,ANET260116C00097500,call,True,97.5,30.5,33.2,26.1,125.04000091552734,0.6364782446289063,0.036842886271592254,0.0,22.0,526.0,2025-11-24 17:57:57+00:00,51.034166666666664,31.85,0.136986301369863
2025-11-26 21:00:00+00:00,2026-01-16 00:00:00+00:00,ANET,ANET260116C00100000,call,True,100.0,28.3,30.4,26.01,125.04000091552734,0.5920450952148439,0.036842886271592254,0.0,52.0,3568.0,2025-11-25 16:49:29+00:00,28.17527777777778,29.35,0.136986301369863
2025-11-26 21:00:00+00:00,2026-01-16 00:00:00+00:00,ANET,ANET260116C00102500,call,True,102.5,25.7,28.7,26.7,125.04000091552734,0.5837443969726561,0.036842886271592254,0.0,10.0,1113.0,2025-11-26 15:32:52+00:00,5.452222222222222,27.2,0.136986301369863
2025-11-26 21:00:00+00:00,2026-01-16 00:00:00+00:00,ANET,ANET260116C00105000,call,True,105.0,24.0,27.2,24.92,125.04000091552734,0.6176796044921876,0.036842886271592254,0.0,1.0,3510.0,2025-11-26 20:34:51+00:00,0.4191666666666667,25.6,0.136986301369863
2025-11-26 21:00:00+00:00,2026-01-16 00:00:00+00:00,ANET,ANET260116C00107500,call,True,107.5,21.8,24.0,16.75,125.04000091552734,0.5532271240234375,0.036842886271592254,0.0,1.0,2171.0,2025-11-21 14:31:25+00:00,126.47638888888889,22.9,0.136986301369863
2025-11-26 21:00:00+00:00,2026-01-16 00:00:00+00:00,ANET,ANET260116C00110000,call,True,110.0,19.1,22.4,21.15,125.04000091552734,0.5325974475097657,0.036842886271592254,0.0,3.0,2173.0,2025-11-26 20:47:50+00:00,0.20277777777777778,20.75,0.136986301369863
2025-11-26 21:00:00+00:00,2026-01-16 00:00:00+00:00,ANET,ANET260116C00112500,call,True,112.5,17.5,19.9,18.6,125.04000091552734,0.5157519128417969,0.036842886271592254,0.0,3.0,1161.0,2025-11-26 15:32:52+00:00,5.452222222222222,18.7,0.136986301369863
2025-11-26 21:00:00+00:00,2026-01-16 00:00:00+00:00,ANET,ANET260116C00115000,call,True,115.0,16.1,18.1,17.2,125.04000091552734,0.5240526110839843,0.036842886271592254,0.0,8.0,778.0,2025-11-26 20:32:36+00:00,0.45666666666666667,17.1,0.136986301369863
2025-11-26 21:00:00+00:00,2026-01-16 00:00:00+00:00,ANET,ANET260116C00117500,call,True,117.5,13.9,16.1,15.4,125.04000091552734,0.5611616149902343,0.036842886271592254,0.0,2.0,707.0,2025-11-26 20:49:22+00:00,0.17722222222222223,15.0,0.136986301369863
2025-11-26 21:00:00+00:00,2026-01-16 00:00:00+00:00,ANET,ANET260116C00120000,call,True,120.0,13.6,14.8,14.0,125.04000091552734,0.5376022802734376,0.036842886271592254,0.0,56.0,2688.0,2025-11-26 20:38:36+00:00,0.3566666666666667,14.2,0.136986301369863
2025-11-26 21:00:00+00:00,2026-01-16 00:00:00+00:00,ANET,ANET260116C00122500,call,True,122.5,10.6,13.3,11.67,125.04000091552734,0.5653729986572267,0.036842886271592254,0.0,4.0,589.0,2025-11-26 16:23:31+00:00,4.608055555555556,11.95,0.136986301369863
2025-11-26 21:00:00+00:00,2026-01-16 00:00:00+00:00,ANET,ANET260116C00125000,call,True,125.0,10.6,10.9,10.9,125.04000091552734,0.50586431640625,0.036842886271592254,0.0,24.0,2294.0,2025-11-26 20:58:18+00:00,0.028333333333333332,10.75,0.136986301369863
2025-11-26 21:00:00+00:00,2026-01-16 00:00:00+00:00,ANET,ANET260116C00130000,call,False,130.0,8.0,8.3,8.4,125.04000091552734,0.4914601635742188,0.036842886271592254,0.0,68.0,2685.0,2025-11-26 20:38:05+00:00,0.36527777777777776,8.15,0.136986301369863
2025-11-26 21:00:00+00:00,2026-01-16 00:00:00+00:00,ANET,ANET260116C00135000,call,False,135.0,5.9,6.2,6.23,125.04000091552734,0.48187773986816407,0.036842886271592254,0.0,58.0,1189.0,2025-11-26 20:15:08+00:00,0.7477777777777778,6.050000000000001,0.136986301369863
2025-11-26 21:00:00+00:00,2026-01-16 00:00:00+00:00,ANET,ANET260116C00140000,call,False,140.0,4.3,4.6,4.39,125.04000091552734,0.47839877075195314,0.036842886271592254,0.0,626.0,2165.0,2025-11-26 20:59:31+00:00,0.008055555555555555,4.449999999999999,0.136986301369863
2025-11-26 21:00:00+00:00,2026-01-16 00:00:00+00:00,ANET,ANET260116C00145000,call,False,145.0,3.0,3.3,3.2,125.04000091552734,0.4722953161621094,0.036842886271592254,0.0,68.0,1795.0,2025-11-26 20:41:01+00:00,0.3163888888888889,3.15,0.136986301369863
2025-11-26 21:00:00+00:00,2026-01-16 00:00:00+00:00,ANET,ANET260116C00150000,call,False,150.0,2.1,2.3,2.2,125.04000091552734,0.46582565429687506,0.036842886271592254,0.0,815.0,2658.0,2025-11-26 20:57:07+00:00,0.04805555555555555,2.2,0.136986301369863
2025-11-26 21:00:00+00:00,2026-01-16 00:00:00+00:00,ANET,ANET260116C00155000,call,False,155.0,1.5,1.7,1.65,125.04000091552734,0.4721732470703125,0.036842886271592254,0.0,31.0,3000.0,2025-11-26 20:32:42+00:00,0.455,1.6,0.136986301369863
2025-11-26 21:00:00+00:00,2026-01-16 00:00:00+00:00,ANET,ANET260116C00160000,call,False,160.0,1.05,1.2,1.2,125.04000091552734,0.4726615234375,0.036842886271592254,0.0,26.0,2960.0,2025-11-26 20:25:29+00:00,0.5752777777777778,1.125,0.136986301369863
2025-11-26 21:00:00+00:00,2026-01-16 00:00:00+00:00,ANET,ANET260116C00165000,call,False,165.0,0.75,1.35,0.8,125.04000091552734,0.5334519311523438,0.036842886271592254,0.0,9.0,1429.0,2025-11-26 16:49:25+00:00,4.176388888888889,1.05,0.136986301369863
2025-11-26 21:00:00+00:00,2026-01-16 00:00:00+00:00,ANET,ANET260116C00170000,call,False,170.0,0.45,0.7,0.5,125.04000091552734,0.4931691308593751,0.036842886271592254,0.0,5.0,1076.0,2025-11-26 17:51:32+00:00,3.141111111111111,0.575,0.136986301369863
2025-11-26 21:00:00+00:00,2026-01-16 00:00:00+00:00,ANET,ANET260116C00175000,call,False,175.0,0.3,0.7,0.4,125.04000091552734,0.5302781347656251,0.036842886271592254,0.0,23.0,1358.0,2025-11-26 17:49:57+00:00,3.1675,0.5,0.136986301369863
2025-11-26 21:00:00+00:00,2026-01-16 00:00:00+00:00,ANET,ANET260116C00180000,call,False,180.0,0.15,0.5,0.35,125.04000091552734,0.5293015820312501,0.036842886271592254,0.0,6.0,1427.0,2025-11-26 20:42:40+00:00,0.28888888888888886,0.325,0.136986301369863
2025-11-26 21:00:00+00:00,2026-01-16 00:00:00+00:00,ANET,ANET260116C00185000,call,False,185.0,0.1,0.55,0.22,125.04000091552734,0.5210008837890624,0.036842886271592254,0.0,60.0,379.0,2025-11-25 16:17:40+00:00,28.705555555555556,0.325,0.136986301369863
2025-11-26 21:00:00+00:00,2026-01-16 00:00:00+00:00,ANET,ANET260116C00190000,call,False,190.0,0.05,0.45,0.22,125.04000091552734,0.5283250292968751,0.036842886271592254,0.0,8.0,1443.0,2025-11-24 17:28:05+00:00,51.53194444444444,0.25,0.136986301369863
2025-11-26 21:00:00+00:00,2026-01-16 00:00:00+00:00,ANET,ANET260116C00195000,call,False,195.0,0.0,0.35,0.15,125.04000091552734,0.5273484765625001,0.036842886271592254,0.0,1.0,946.0,2025-11-24 15:20:59+00:00,53.65027777777778,0.175,0.136986301369863
2025-11-26 21:00:00+00:00,2026-01-16 00:00:00+00:00,ANET,ANET260116C00200000,call,False,200.0,0.05,0.4,0.14,125.04000091552734,0.5742230078125,0.036842886271592254,0.0,8.0,1434.0,2025-11-26 20:30:54+00:00,0.485,0.225,0.136986301369863
2025-11-26 21:00:00+00:00,2026-01-16 00:00:00+00:00,ANET,ANET260116C00210000,call,False,210.0,0.0,0.35,0.1,125.04000091552734,0.6025430371093752,0.036842886271592254,0.0,6.0,1069.0,2025-11-26 20:26:34+00:00,0.5572222222222222,0.175,0.136986301369863
2025-11-26 21:00:00+00:00,2026-01-16 00:00:00+00:00,ANET,ANET260116C00220000,call,False,220.0,0.0,0.15,0.11,125.04000091552734,0.5839885351562499,0.036842886271592254,0.0,114.0,437.0,2025-11-26 20:42:44+00:00,0.2877777777777778,0.075,0.136986301369863
2025-11-26 21:00:00+00:00,2026-01-16 00:00:00+00:00,ANET,ANET260116C00230000,call,False,230.0,0.0,0.2,0.05,125.04000091552734,0.64648791015625,0.036842886271592254,0.0,15.0,149.0,2025-11-25 17:58:06+00:00,27.031666666666666,0.1,0.136986301369863
2025-11-26 21:00:00+00:00,2026-01-16 00:00:00+00:00,ANET,ANET260116C00240000,call,False,240.0,0.0,0.1,0.05,125.04000091552734,0.6347692773437501,0.036842886271592254,0.0,3.0,247.0,2025-11-26 14:33:06+00:00,6.448333333333333,0.05,0.136986301369863
2025-11-26 21:00:00+00:00,2026-01-16 00:00:00+00:00,ANET,ANET260116C00250000,call,False,250.0,0.0,0.0,186.0,125.04000091552734,0.2500075,0.036842886271592254,0.0,4.0,115.0,2024-12-02 17:48:15+00:00,8619.195833333333,0.0,0.136986301369863
2025-11-26 21:00:00+00:00,2026-01-16 00:00:00+00:00,ANET,ANET260116C00260000,call,False,260.0,0.0,0.0,140.5,125.04000091552734,0.500005,0.036842886271592254,0.0,3.0,578.0,2024-11-18 18:16:15+00:00,8954.729166666666,0.0,0.136986301369863
2025-11-26 21:00:00+00:00,2026-01-16 00:00:00+00:00,ANET,ANET260116C00270000,call,False,270.0,0.0,0.0,169.4,125.04000091552734,0.500005,0.036842886271592254,0.0,4.0,107.0,2024-12-03 16:56:50+00:00,8596.052777777777,0.0,0.136986301369863
2025-11-26 21:00:00+00:00,2026-01-16 00:00:00+00:00,ANET,ANET260116C00280000,call,False,280.0,0.0,0.0,149.3,125.04000091552734,0.500005,0.036842886271592254,0.0,1.0,77.0,2024-11-12 14:30:02+00:00,9102.499444444444,0.0,0.136986301369863
2025-11-26 21:00:00+00:00,2026-01-16 00:00:00+00:00,ANET,ANET260116C00290000,call,False,290.0,0.0,0.0,145.17,125.04000091552734,0.500005,0.036842886271592254,0.0,1.0,44.0,2024-11-05 14:30:02+00:00,9270.499444444444,0.0,0.136986301369863
2025-11-26 21:00:00+00:00,2026-01-16 00:00:00+00:00,ANET,ANET260116C00300000,call,False,300.0,0.0,0.0,144.9,125.04000091552734,0.500005,0.036842886271592254,0.0,1.0,1439.0,2024-12-03 16:30:42+00:00,8596.488333333333,0.0,0.136986301369863
2025-11-26 21:00:00+00:00,2026-01-16 00:00:00+00:00,ANET,ANET260116C00310000,call,False,310.0,0.0,0.0,130.0,125.04000091552734,0.500005,0.036842886271592254,0.0,3.0,121.0,2024-11-22 16:34:17+00:00,8860.42861111111,0.0,0.136986301369863
2025-11-26 21:00:00+00:00,2026-01-16 00:00:00+00:00,ANET,ANET260116C00320000,call,False,320.0,0.0,0.0,134.7,125.04000091552734,0.500005,0.036842886271592254,0.0,3.0,119.0,2024-12-02 15:20:50+00:00,8621.652777777777,0.0,0.136986301369863
2025-11-26 21:00:00+00:00,2026-01-16 00:00:00+00:00,ANET,ANET260116C00330000,call,False,330.0,0.0,0.0,96.5,125.04000091552734,0.500005,0.036842886271592254,0.0,1.0,136.0,2024-11-19 15:58:56+00:00,8933.017777777777,0.0,0.136986301369863
2025-11-26 21:00:00+00:00,2026-01-16 00:00:00+00:00,ANET,ANET260116C00340000,call,False,340.0,0.0,0.0,119.0,125.04000091552734,0.500005,0.036842886271592254,0.0,1.0,223.0,2024-12-02 16:08:09+00:00,8620.864166666666,0.0,0.136986301369863
2025-11-26 21:00:00+00:00,2026-01-16 00:00:00+00:00,ANET,ANET260116C00350000,call,False,350.0,0.0,0.0,115.83,125.04000091552734,0.500005,0.036842886271592254,0.0,1.0,118.0,2024-12-02 15:06:37+00:00,8621.889722222222,0.0,0.136986301369863
2025-11-26 21:00:00+00:00,2026-01-16 00:00:00+00:00,ANET,ANET260116C00360000,call,False,360.0,0.0,0.0,109.95,125.04000091552734,0.500005,0.036842886271592254,0.0,3.0,97.0,2024-12-02 15:05:58+00:00,8621.900555555556,0.0,0.136986301369863
2025-11-26 21:00:00+00:00,2026-01-16 00:00:00+00:00,ANET,ANET260116C00370000,call,False,370.0,0.0,0.0,102.0,125.04000091552734,0.500005,0.036842886271592254,0.0,3.0,85.0,2024-12-03 18:19:19+00:00,8594.678055555556,0.0,0.136986301369863
2025-11-26 21:00:00+00:00,2026-01-16 00:00:00+00:00,ANET,ANET260116C00380000,call,False,380.0,0.0,0.0,93.0,125.04000091552734,0.500005,0.036842886271592254,0.0,1.0,234.0,2024-12-02 20:50:33+00:00,8616.1575,0.0,0.136986301369863
2025-11-26 21:00:00+00:00,2026-01-16 00:00:00+00:00,ANET,ANET260116C00390000,call,False,390.0,0.0,0.0,92.4,125.04000091552734,0.500005,0.036842886271592254,0.0,1.0,104.0,2024-12-02 16:53:06+00:00,8620.115,0.0,0.136986301369863
2025-11-26 21:00:00+00:00,2026-01-16 00:00:00+00:00,ANET,ANET260116C00400000,call,False,400.0,0.0,0.0,87.46,125.04000091552734,0.500005,0.036842886271592254,0.0,72.0,569.0,2024-12-03 20:45:29+00:00,8592.241944444444,0.0,0.136986301369863
2025-11-26 21:00:00+00:00,2026-01-16 00:00:00+00:00,ANET,ANET260116C00410000,call,False,410.0,0.0,0.0,81.93,125.04000091552734,0.500005,0.036842886271592254,0.0,2.0,91.0,2024-12-03 20:07:04+00:00,8592.882222222222,0.0,0.136986301369863
2025-11-26 21:00:00+00:00,2026-01-16 00:00:00+00:00,ANET,ANET260116C00420000,call,False,420.0,0.0,0.0,76.1,125.04000091552734,0.500005,0.036842886271592254,0.0,2.0,370.0,2024-12-03 18:32:02+00:00,8594.46611111111,0.0,0.136986301369863
2025-11-26 21:00:00+00:00,2026-01-16 00:00:00+00:00,ANET,ANET260116C00430000,call,False,430.0,0.0,0.0,72.44,125.04000091552734,0.500005,0.036842886271592254,0.0,1.0,0.0,2024-11-08 17:10:40+00:00,9195.822222222223,0.0,0.136986301369863
2025-11-26 21:00:00+00:00,2026-01-16 00:00:00+00:00,ANET,ANET260116C00440000,call,False,440.0,0.0,0.0,69.0,125.04000091552734,0.500005,0.036842886271592254,0.0,20.0,0.0,2024-11-07 16:24:06+00:00,9220.598333333333,0.0,0.136986301369863
2025-11-26 21:00:00+00:00,2026-01-16 00:00:00+00:00,ANET,ANET260116C00450000,call,False,450.0,0.0,0.0,64.0,125.04000091552734,0.500005,0.036842886271592254,0.0,16.0,140.0,2024-12-03 19:24:34+00:00,8593.590555555556,0.0,0.136986301369863
2025-11-26 21:00:00+00:00,2026-01-16 00:00:00+00:00,ANET,ANET260116C00460000,call,False,460.0,0.0,0.0,52.5,125.04000091552734,0.500005,0.036842886271592254,0.0,11.0,62.0,2024-11-25 17:21:48+00:00,8787.636666666667,0.0,0.136986301369863
2025-11-26 21:00:00+00:00,2026-01-16 00:00:00+00:00,ANET,ANET260116C00470000,call,False,470.0,0.0,0.0,56.2,125.04000091552734,0.500005,0.036842886271592254,0.0,4.0,131.0,2024-11-26 17:28:26+00:00,8763.52611111111,0.0,0.136986301369863
2025-11-26 21:00:00+00:00,2026-01-16 00:00:00+00:00,ANET,ANET260116C00480000,call,False,480.0,0.0,0.0,54.16,125.04000091552734,0.500005,0.036842886271592254,0.0,3.0,89.0,2024-12-03 20:07:05+00:00,8592.881944444445,0.0,0.136986301369863
2025-11-26 21:00:00+00:00,2026-01-16 00:00:00+00:00,ANET,ANET260116C00490000,call,False,490.0,0.0,0.0,50.85,125.04000091552734,0.500005,0.036842886271592254,0.0,4.0,12.0,2024-12-02 15:20:50+00:00,8621.652777777777,0.0,0.136986301369863
2025-11-26 21:00:00+00:00,2026-01-16 00:00:00+00:00,ANET,ANET260116C00500000,call,False,500.0,0.0,0.0,47.75,125.04000091552734,0.500005,0.036842886271592254,0.0,2.0,132.0,2024-12-02 15:33:58+00:00,8621.433888888889,0.0,0.136986301369863
2025-11-26 21:00:00+00:00,2026-01-16 00:00:00+00:00,ANET,ANET260116C00520000,call,False,520.0,0.0,0.0,35.5,125.04000091552734,0.500005,0.036842886271592254,0.0,31.0,53.0,2024-11-27 18:14:32+00:00,8738.757777777777,0.0,0.136986301369863
2025-11-26 21:00:00+00:00,2026-01-16 00:00:00+00:00,ANET,ANET260116C00540000,call,False,540.0,0.0,0.0,34.0,125.04000091552734,0.500005,0.036842886271592254,0.0,3.0,0.0,2024-11-18 20:39:53+00:00,8952.335277777778,0.0,0.136986301369863
2025-11-26 21:00:00+00:00,2026-01-16 00:00:00+00:00,ANET,ANET260116C00560000,call,False,560.0,0.0,0.0,27.47,125.04000091552734,0.500005,0.036842886271592254,0.0,1.0,35.0,2024-11-25 18:02:12+00:00,8786.963333333333,0.0,0.136986301369863
2025-11-26 21:00:00+00:00,2026-01-16 00:00:00+00:00,ANET,ANET260116C00580000,call,False,580.0,0.0,0.0,27.0,125.04000091552734,0.500005,0.036842886271592254,0.0,1.0,81.0,2024-11-21 18:50:49+00:00,8882.153055555556,0.0,0.136986301369863
2025-11-26 21:00:00+00:00,2026-01-16 00:00:00+00:00,ANET,ANET260116C00600000,call,False,600.0,0.0,0.0,23.75,125.04000091552734,0.500005,0.036842886271592254,0.0,1.0,13.0,2024-11-25 15:35:50+00:00,8789.402777777777,0.0,0.136986301369863
2025-11-26 21:00:00+00:00,2026-01-16 00:00:00+00:00,ANET,ANET260116C00620000,call,False,620.0,0.0,0.0,22.4,125.04000091552734,0.500005,0.036842886271592254,0.0,1.0,54.0,2024-12-03 18:05:19+00:00,8594.91138888889,0.0,0.136986301369863
2025-11-26 21:00:00+00:00,2026-01-16 00:00:00+00:00,ANET,ANET260116C00640000,call,False,640.0,0.0,0.0,19.4,125.04000091552734,0.500005,0.036842886271592254,0.0,1.0,14.0,2024-12-03 15:18:06+00:00,8597.698333333334,0.0,0.136986301369863
2025-11-26 21:00:00+00:00,2026-01-16 00:00:00+00:00,ANET,ANET260116P00022500,put,False,22.5,0.0,2.15,0.05,125.04000091552734,2.8281279296874997,0.036842886271592254,0.0,200.0,398.0,2025-08-28 16:55:46+00:00,2164.0705555555555,1.075,0.136986301369863
2025-11-26 21:00:00+00:00,2026-01-16 00:00:00+00:00,ANET,ANET260116P00023750,put,False,23.75,0.0,0.4,0.95,125.04000091552734,2.0546923632812497,0.036842886271592254,0.0,4.0,12.0,2025-04-09 19:22:50+00:00,5545.6194444444445,0.2,0.136986301369863
2025-11-26 21:00:00+00:00,2026-01-16 00:00:00+00:00,ANET,ANET260116P00025000,put,False,25.0,0.0,0.4,0.03,125.04000091552734,1.9921875390625,0.036842886271592254,0.0,2.0,83.0,2025-10-14 17:58:24+00:00,1035.0266666666666,0.2,0.136986301369863
2025-11-26 21:00:00+00:00,2026-01-16 00:00:00+00:00,ANET,ANET260116P00026250,put,False,26.25,0.0,0.75,0.05,125.04000091552734,2.1250046874999997,0.036842886271592254,0.0,1.0,41.0,2025-11-14 19:23:30+00:00,289.60833333333335,0.375,0.136986301369863
2025-11-26 21:00:00+00:00,2026-01-16 00:00:00+00:00,ANET,ANET260116P00027500,put,False,27.5,0.0,0.2,0.05,125.04000091552734,1.71484517578125,0.036842886271592254,0.0,2.0,7.0,2025-07-24 19:40:09+00:00,3001.3308333333334,0.1,0.136986301369863
2025-11-26 21:00:00+00:00,2026-01-16 00:00:00+00:00,ANET,ANET260116P00028750,put,False,28.75,0.0,0.2,0.05,125.04000091552734,1.6640641796875002,0.036842886271592254,0.0,2.0,48.0,2025-07-24 19:40:48+00:00,3001.32,0.1,0.136986301369863
2025-11-26 21:00:00+00:00,2026-01-16 00:00:00+00:00,ANET,ANET260116P00030000,put,False,30.0,0.0,2.15,0.1,125.04000091552734,2.362308781738281,0.036842886271592254,0.0,30.0,44.0,2025-11-20 19:15:26+00:00,145.74277777777777,1.075,0.136986301369863
2025-11-26 21:00:00+00:00,2026-01-16 00:00:00+00:00,ANET,ANET260116P00031250,put,False,31.25,0.1,0.55,0.2,125.04000091552734,1.853516357421875,0.036842886271592254,0.0,,28.0,2024-11-26 15:32:56+00:00,8765.451111111111,0.325,0.136986301369863
2025-11-26 21:00:00+00:00,2026-01-16 00:00:00+00:00,ANET,ANET260116P00032500,put,False,32.5,0.0,0.6,0.1,125.04000091552734,1.78125109375,0.036842886271592254,0.0,16.0,62.0,2025-07-17 15:23:53+00:00,3173.6019444444446,0.3,0.136986301369863
2025-11-26 21:00:00+00:00,2026-01-16 00:00:00+00:00,ANET,ANET260116P00033750,put,False,33.75,0.0,0.0,0.08,125.04000091552734,0.500005,0.036842886271592254,0.0,8.0,14.0,2025-08-11 15:23:38+00:00,2573.606111111111,0.0,0.136986301369863
2025-11-26 21:00:00+00:00,2026-01-16 00:00:00+00:00,ANET,ANET260116P00035000,put,False,35.0,0.0,2.15,0.04,125.04000091552734,2.1201218872070307,0.036842886271592254,0.0,1.0,77.0,2025-08-27 15:45:08+00:00,2189.2477777777776,1.075,0.136986301369863
2025-11-26 21:00:00+00:00,2026-01-16 00:00:00+00:00,ANET,ANET260116P00036250,put,False,36.25,,,1.38,125.04000091552734,0.0,0.036842886271592254,0.0,,,2024-12-16 05:11:02+00:00,8295.816111111111,1.38,0.136986301369863
2025-11-26 21:00:00+00:00,2026-01-16 00:00:00+00:00,ANET,ANET260116P00037500,put,False,37.5,0.0,0.2,0.04,125.04000091552734,1.376956240234375,0.036842886271592254,0.0,1.0,187.0,2025-09-04 16:59:04+00:00,1996.0155555555555,0.1,0.136986301369863
2025-11-26 21:00:00+00:00,2026-01-16 00:00:00+00:00,ANET,ANET260116P00038750,put,False,38.75,0.0,0.4,0.1,125.04000091552734,1.470705771484375,0.036842886271592254,0.0,4.0,21.0,2025-08-05 19:17:43+00:00,2713.7047222222222,0.2,0.136986301369863
2025-11-26 21:00:00+00:00,2026-01-16 00:00:00+00:00,ANET,ANET260116P00040000,put,False,40.0,0.0,0.15,0.13,125.04000091552734,1.26172244140625,0.036842886271592254,0.0,30.0,175.0,2025-11-20 19:15:26+00:00,145.74277777777777,0.075,0.136986301369863
2025-11-26 21:00:00+00:00,2026-01-16 00:00:00+00:00,ANET,ANET260116P00041250,put,False,41.25,0.0,2.1,1.18,125.04000091552734,1.857422587890625,0.036842886271592254,0.0,8.0,300.0,2025-04-28 17:49:12+00:00,5091.18,1.05,0.136986301369863
2025-11-26 21:00:00+00:00,2026-01-16 00:00:00+00:00,ANET,ANET260116P00042500,put,False,42.5,0.0,0.3,0.07,125.04000091552734,1.3085972070312497,0.036842886271592254,0.0,8.0,996.0,2025-08-28 14:41:00+00:00,2166.3166666666666,0.15,0.136986301369863
2025-11-26 21:00:00+00:00,2026-01-16 00:00:00+00:00,ANET,ANET260116P00043750,put,False,43.75,0.0,0.0,0.09,125.04000091552734,0.500005,0.036842886271592254,0.0,2.0,45.0,2025-08-18 16:20:07+00:00,2404.6647222222223,0.0,0.136986301369863
2025-11-26 21:00:00+00:00,2026-01-16 00:00:00+00:00,ANET,ANET260116P00045000,put,False,45.0,0.0,1.25,0.09,125.04000091552734,1.5576193994140621,0.036842886271592254,0.0,1.0,146.0,2025-09-04 17:02:22+00:00,1995.9605555555556,0.625,0.136986301369863
2025-11-26 21:00:00+00:00,2026-01-16 00:00:00+00:00,ANET,ANET260116P00046250,put,False,46.25,0.0,0.5,0.14,125.04000091552734,1.3056675341796873,0.036842886271592254,0.0,10.0,443.0,2025-08-07 19:21:46+00:00,2665.637222222222,0.25,0.136986301369863
2025-11-26 21:00:00+00:00,2026-01-16 00:00:00+00:00,ANET,ANET260116P00047500,put,False,47.5,0.0,0.0,0.2,125.04000091552734,0.500005,0.036842886271592254,0.0,30.0,109.0,2025-07-29 19:09:34+00:00,2881.8405555555555,0.0,0.136986301369863
2025-11-26 21:00:00+00:00,2026-01-16 00:00:00+00:00,ANET,ANET260116P00048750,put,False,48.75,0.0,2.25,0.03,125.04000091552734,1.6279315478515624,0.036842886271592254,0.0,1.0,303.0,2025-11-26 16:09:11+00:00,4.8469444444444445,1.125,0.136986301369863
2025-11-26 21:00:00+00:00,2026-01-16 00:00:00+00:00,ANET,ANET260116P00050000,put,False,50.0,0.0,0.7,0.1,125.04000091552734,1.2773473632812498,0.036842886271592254,0.0,4.0,1749.0,2025-11-17 18:40:35+00:00,218.32361111111112,0.35,0.136986301369863
2025-11-26 21:00:00+00:00,2026-01-16 00:00:00+00:00,ANET,ANET260116P00052500,put,False,52.5,0.0,2.15,0.07,125.04000091552734,1.5000025,0.036842886271592254,0.0,1.0,427.0,2025-10-09 18:35:50+00:00,1154.4027777777778,1.075,0.136986301369863
2025-11-26 21:00:00+00:00,2026-01-16 00:00:00+00:00,ANET,ANET260116P00055000,put,False,55.0,0.0,0.8,0.64,125.04000091552734,1.1845743896484375,0.036842886271592254,0.0,2.0,1588.0,2025-11-07 18:57:50+00:00,458.0361111111111,0.4,0.136986301369863
2025-11-26 21:00:00+00:00,2026-01-16 00:00:00+00:00,ANET,ANET260116P00057500,put,False,57.5,0.0,0.2,0.14,125.04000091552734,0.9179695703125,0.036842886271592254,0.0,1.0,388.0,2025-10-20 17:47:12+00:00,891.2133333333334,0.1,0.136986301369863
2025-11-26 21:00:00+00:00,2026-01-16 00:00:00+00:00,ANET,ANET260116P00060000,put,False,60.0,0.0,0.2,0.1,125.04000091552734,0.8730481445312499,0.036842886271592254,0.0,2.0,1399.0,2025-11-19 20:39:02+00:00,168.34944444444446,0.1,0.136986301369863
2025-11-26 21:00:00+00:00,2026-01-16 00:00:00+00:00,ANET,ANET260116P00062500,put,False,62.5,0.0,0.2,0.1,125.04000091552734,0.8300798242187499,0.036842886271592254,0.0,1.0,1519.0,2025-11-24 19:47:48+00:00,49.20333333333333,0.1,0.136986301369863
2025-11-26 21:00:00+00:00,2026-01-16 00:00:00+00:00,ANET,ANET260116P00065000,put,False,65.0,0.0,0.35,0.23,125.04000091552734,0.851563984375,0.036842886271592254,0.0,6.0,2412.0,2025-11-05 19:25:48+00:00,505.57,0.175,0.136986301369863
2025-11-26 21:00:00+00:00,2026-01-16 00:00:00+00:00,ANET,ANET260116P00067500,put,False,67.5,0.05,1.2,0.35,125.04000091552734,1.001958115234375,0.036842886271592254,0.0,19.0,2534.0,2025-10-15 13:53:24+00:00,1015.11,0.625,0.136986301369863
2025-11-26 21:00:00+00:00,2026-01-16 00:00:00+00:00,ANET,ANET260116P00070000,put,False,70.0,0.0,0.4,0.09,125.04000091552734,0.7812521875,0.036842886271592254,0.0,1.0,2123.0,2025-11-26 15:27:45+00:00,5.5375,0.2,0.136986301369863
2025-11-26 21:00:00+00:00,2026-01-16 00:00:00+00:00,ANET,ANET260116P00072500,put,False,72.5,0.0,0.3,0.15,125.04000091552734,0.709963837890625,0.036842886271592254,0.0,1.0,1016.0,2025-11-17 19:37:09+00:00,217.38083333333333,0.15,0.136986301369863
2025-11-26 21:00:00+00:00,2026-01-16 00:00:00+00:00,ANET,ANET260116P00075000,put,False,75.0,0.05,0.3,0.21,125.04000091552734,0.6875031250000001,0.036842886271592254,0.0,3.0,1928.0,2025-11-20 20:03:05+00:00,144.94861111111112,0.175,0.136986301369863
2025-11-26 21:00:00+00:00,2026-01-16 00:00:00+00:00,ANET,ANET260116P00077500,put,False,77.5,0.15,0.4,0.3,125.04000091552734,0.6972686523437501,0.036842886271592254,0.0,2.0,1074.0,2025-11-05 15:29:49+00:00,509.50305555555553,0.275,0.136986301369863
2025-11-26 21:00:00+00:00,2026-01-16 00:00:00+00:00,ANET,ANET260116P00080000,put,False,80.0,0.1,0.4,0.61,125.04000091552734,0.648441015625,0.036842886271592254,0.0,3.0,2916.0,2025-11-21 19:43:08+00:00,121.28111111111112,0.25,0.136986301369863
2025-11-26 21:00:00+00:00,2026-01-16 00:00:00+00:00,ANET,ANET260116P00082500,put,False,82.5,0.0,0.5,0.46,125.04000091552734,0.6108437353515627,0.036842886271592254,0.0,1.0,1606.0,2025-11-11 17:42:24+00:00,363.29333333333335,0.25,0.136986301369863
2025-11-26 21:00:00+00:00,2026-01-16 00:00:00+00:00,ANET,ANET260116P00085000,put,False,85.0,0.2,0.35,0.42,125.04000091552734,0.5839885351562499,0.036842886271592254,0.0,4.0,1201.0,2025-11-25 18:22:27+00:00,26.625833333333333,0.275,0.136986301369863
2025-11-26 21:00:00+00:00,2026-01-16 00:00:00+00:00,ANET,ANET260116P00087500,put,False,87.5,0.1,0.65,1.25,125.04000091552734,0.5795940478515625,0.036842886271592254,0.0,10.0,2135.0,2025-11-21 16:20:17+00:00,124.66194444444444,0.375,0.136986301369863
2025-11-26 21:00:00+00:00,2026-01-16 00:00:00+00:00,ANET,ANET260116P00090000,put,False,90.0,0.25,0.9,0.45,125.04000091552734,0.5918009570312501,0.036842886271592254,0.0,3.0,1439.0,2025-11-26 16:09:50+00:00,4.836111111111111,0.575,0.136986301369863
2025-11-26 21:00:00+00:00,2026-01-16 00:00:00+00:00,ANET,ANET260116P00092500,put,False,92.5,0.4,0.95,1.95,125.04000091552734,0.5732464550781251,0.036842886271592254,0.0,17.0,652.0,2025-11-21 18:40:41+00:00,122.32194444444444,0.675,0.136986301369863
2025-11-26 21:00:00+00:00,2026-01-16 00:00:00+00:00,ANET,ANET260116P00095000,put,False,95.0,0.45,0.85,0.72,125.04000091552734,0.5300339965820313,0.036842886271592254,0.0,22.0,1654.0,2025-11-26 19:32:21+00:00,1.4608333333333334,0.65,0.136986301369863
2025-11-26 21:00:00+00:00,2026-01-16 00:00:00+00:00,ANET,ANET260116P00097500,put,False,97.5,0.8,1.3,1.17,125.04000091552734,0.5546919531250001,0.036842886271592254,0.0,20.0,1735.0,2025-11-25 20:19:18+00:00,24.678333333333335,1.05,0.136986301369863
2025-11-26 21:00:00+00:00,2026-01-16 00:00:00+00:00,ANET,ANET260116P00100000,put,False,100.0,0.95,1.4,1.05,125.04000091552734,0.5305222729492188,0.036842886271592254,0.0,7.0,2576.0,2025-11-26 20:46:13+00:00,0.22972222222222222,1.1749999999999998,0.136986301369863
2025-11-26 21:00:00+00:00,2026-01-16 00:00:00+00:00,ANET,ANET260116P00102500,put,False,102.5,1.0,1.85,1.4,125.04000091552734,0.5188036401367188,0.036842886271592254,0.0,2.0,1274.0,2025-11-26 20:25:29+00:00,0.5752777777777778,1.425,0.136986301369863
2025-11-26 21:00:00+00:00,2026-01-16 00:00:00+00:00,ANET,ANET260116P00105000,put,False,105.0,1.15,1.85,1.7,125.04000091552734,0.5197801928710937,0.036842886271592254,0.0,14.0,2022.0,2025-11-26 20:06:00+00:00,0.9,1.5,0.136986301369863
2025-11-26 21:00:00+00:00,2026-01-16 00:00:00+00:00,ANET,ANET260116P00107500,put,False,107.5,1.95,2.25,2.05,125.04000091552734,0.5116015637207032,0.036842886271592254,0.0,3.0,698.0,2025-11-26 20:25:32+00:00,0.5744444444444444,2.1,0.136986301369863
2025-11-26 21:00:00+00:00,2026-01-16 00:00:00+00:00,ANET,ANET260116P00110000,put,False,110.0,2.4,2.6,2.43,125.04000091552734,0.4942677526855469,0.036842886271592254,0.0,23.0,1451.0,2025-11-26 20:20:19+00:00,0.6613888888888889,2.5,0.136986301369863
2025-11-26 21:00:00+00:00,2026-01-16 00:00:00+00:00,ANET,ANET260116P00112500,put,False,112.5,2.9,3.2,3.1,125.04000091552734,0.49121602539062503,0.036842886271592254,0.0,10.0,554.0,2025-11-26 16:43:04+00:00,4.282222222222222,3.05,0.136986301369863
2025-11-26 21:00:00+00:00,2026-01-16 00:00:00+00:00,ANET,ANET260116P00115000,put,False,115.0,3.4,3.8,3.6,125.04000091552734,0.4820608435058594,0.036842886271592254,0.0,69.0,1055.0,2025-11-26 20:28:11+00:00,0.5302777777777777,3.5999999999999996,0.136986301369863
2025-11-26 21:00:00+00:00,2026-01-16 00:00:00+00:00,ANET,ANET260116P00117500,put,False,117.5,4.2,4.5,4.3,125.04000091552734,0.47376014526367194,0.036842886271592254,0.0,10.0,1890.0,2025-11-26 20:28:29+00:00,0.5252777777777777,4.35,0.136986301369863
2025-11-26 21:00:00+00:00,2026-01-16 00:00:00+00:00,ANET,ANET260116P00120000,put,False,120.0,5.0,5.3,5.13,125.04000091552734,0.46582565429687506,0.036842886271592254,0.0,47.0,1284.0,2025-11-26 20:12:19+00:00,0.7947222222222222,5.15,0.136986301369863
2025-11-26 21:00:00+00:00,2026-01-16 00:00:00+00:00,ANET,ANET260116P00122500,put,False,122.5,5.9,6.2,6.2,125.04000091552734,0.4578911633300782,0.036842886271592254,0.0,6.0,600.0,2025-11-26 19:30:37+00:00,1.4897222222222222,6.050000000000001,0.136986301369863
2025-11-26 21:00:00+00:00,2026-01-16 00:00:00+00:00,ANET,ANET260116P00125000,put,False,125.0,6.9,7.3,7.0,125.04000091552734,0.4549615051269531,0.036842886271592254,0.0,79.0,1366.0,2025-11-26 20:16:47+00:00,0.7202777777777778,7.1,0.136986301369863
2025-11-26 21:00:00+00:00,2026-01-16 00:00:00+00:00,ANET,ANET260116P00130000,put,True,130.0,9.4,9.7,9.9,125.04000091552734,0.44165597412109375,0.036842886271592254,0.0,20.0,1562.0,2025-11-26 18:38:00+00:00,2.3666666666666667,9.55,0.136986301369863
2025-11-26 21:00:00+00:00,2026-01-16 00:00:00+00:00,ANET,ANET260116P00135000,put,True,135.0,12.3,12.6,12.4,125.04000091552734,0.43054768676757815,0.036842886271592254,0.0,4.0,786.0,2025-11-26 19:52:43+00:00,1.121388888888889,12.45,0.136986301369863
2025-11-26 21:00:00+00:00,2026-01-16 00:00:00+00:00,ANET,ANET260116P00140000,put,True,140.0,15.2,16.9,16.68,125.04000091552734,0.4757132507324219,0.036842886271592254,0.0,1.0,720.0,2025-11-26 18:49:16+00:00,2.178888888888889,16.049999999999997,0.136986301369863
2025-11-26 21:00:00+00:00,2026-01-16 00:00:00+00:00,ANET,ANET260116P00145000,put,True,145.0,18.9,19.8,20.4,125.04000091552734,0.41602146484374997,0.036842886271592254,0.0,1.0,407.0,2025-11-26 19:21:45+00:00,1.6375,19.35,0.136986301369863
2025-11-26 21:00:00+00:00,2026-01-16 00:00:00+00:00,ANET,ANET260116P00150000,put,True,150.0,22.9,24.8,25.21,125.04000091552734,0.4771780798339844,0.036842886271592254,0.0,2.0,288.0,2025-11-26 14:32:47+00:00,6.453611111111111,23.85,0.136986301369863
2025-11-26 21:00:00+00:00,2026-01-16 00:00:00+00:00,ANET,ANET260116P00155000,put,True,155.0,27.0,29.1,28.1,125.04000091552734,0.47681187255859375,0.036842886271592254,0.0,4.0,260.0,2025-11-26 16:31:08+00:00,4.481111111111111,28.05,0.136986301369863
2025-11-26 21:00:00+00:00,2026-01-16 00:00:00+00:00,ANET,ANET260116P00160000,put,True,160.0,32.0,33.7,42.4,125.04000091552734,0.4885305053710938,0.036842886271592254,0.0,3.0,201.0,2025-11-21 15:25:12+00:00,125.58,32.85,0.136986301369863
2025-11-26 21:00:00+00:00,2026-01-16 00:00:00+00:00,ANET,ANET260116P00165000,put,True,165.0,36.5,38.5,44.0,125.04000091552734,0.5117236328125,0.036842886271592254,0.0,8.0,74.0,2025-11-24 16:17:19+00:00,52.71138888888889,37.5,0.136986301369863
2025-11-26 21:00:00+00:00,2026-01-16 00:00:00+00:00,ANET,ANET260116P00170000,put,True,170.0,40.8,43.3,45.0,125.04000091552734,0.5285691674804689,0.036842886271592254,0.0,10.0,59.0,2025-11-25 20:02:32+00:00,24.95777777777778,42.05,0.136986301369863
2025-11-26 21:00:00+00:00,2026-01-16 00:00:00+00:00,ANET,ANET260116P00175000,put,True,175.0,45.2,49.1,26.4,125.04000091552734,0.6606479248046876,0.036842886271592254,0.0,2.0,2.0,2025-10-31 19:56:51+00:00,625.0525,47.150000000000006,0.136986301369863
2025-11-26 21:00:00+00:00,2026-01-16 00:00:00+00:00,ANET,ANET260116P00180000,put,True,180.0,50.2,54.1,40.0,125.04000091552734,0.7008086560058593,0.036842886271592254,0.0,3.0,0.0,2025-11-05 15:04:34+00:00,509.9238888888889,52.150000000000006,0.136986301369863
2025-11-26 21:00:00+00:00,2026-01-16 00:00:00+00:00,ANET,ANET260116P00185000,put,True,185.0,52.0,54.6,43.7,125.04000091552734,1.0000000000000003e-05,0.036842886271592254,0.0,4.0,20.0,2025-10-15 15:47:08+00:00,1013.2144444444444,53.3,0.136986301369863
2025-11-26 21:00:00+00:00,2026-01-16 00:00:00+00:00,ANET,ANET260116P00190000,put,True,190.0,60.2,64.1,56.0,125.04000091552734,0.7761252856445313,0.036842886271592254,0.0,1.0,0.0,2025-11-06 17:44:53+00:00,483.25194444444446,62.15,0.136986301369863
2025-11-26 21:00:00+00:00,2026-01-16 00:00:00+00:00,ANET,ANET260116P00195000,put,True,195.0,52.4,56.0,54.9,125.04000091552734,1.0000000000000003e-05,0.036842886271592254,0.0,10.0,0.0,2025-09-16 18:25:06+00:00,1706.5816666666667,54.2,0.136986301369863
2025-11-26 21:00:00+00:00,2026-01-16 00:00:00+00:00,ANET,ANET260116P00200000,put,True,200.0,66.8,70.4,45.6,125.04000091552734,1.0000000000000003e-05,0.036842886271592254,0.0,1.0,0.0,2025-10-09 19:50:12+00:00,1153.1633333333334,68.6,0.136986301369863
2025-11-26 21:00:00+00:00,2026-01-16 00:00:00+00:00,ANET,ANET260116P00210000,put,True,210.0,0.0,0.0,5.7,125.04000091552734,1.0000000000000003e-05,0.036842886271592254,0.0,1.0,123.0,2024-11-15 14:40:04+00:00,9030.332222222221,0.0,0.136986301369863
2025-11-26 21:00:00+00:00,2026-01-16 00:00:00+00:00,ANET,ANET260116P00220000,put,True,220.0,86.8,90.4,82.0,125.04000091552734,1.0000000000000003e-05,0.036842886271592254,0.0,2.0,0.0,2025-10-14 13:40:10+00:00,1039.3305555555555,88.6,0.136986301369863
2025-11-26 21:00:00+00:00,2026-01-16 00:00:00+00:00,ANET,ANET260116P00230000,put,True,230.0,0.0,0.0,6.84,125.04000091552734,1.0000000000000003e-05,0.036842886271592254,0.0,1.0,41.0,2024-11-25 19:22:14+00:00,8785.629444444445,0.0,0.136986301369863
2025-11-26 21:00:00+00:00,2026-01-16 00:00:00+00:00,ANET,ANET260116P00240000,put,True,240.0,0.0,0.0,9.0,125.04000091552734,1.0000000000000003e-05,0.036842886271592254,0.0,10.0,374.0,2024-11-08 14:53:12+00:00,9198.113333333333,0.0,0.136986301369863
2025-11-26 21:00:00+00:00,2026-01-16 00:00:00+00:00,ANET,ANET260116P00250000,put,True,250.0,0.0,0.0,8.08,125.04000091552734,1.0000000000000003e-05,0.036842886271592254,0.0,12.0,206.0,2024-12-02 15:07:19+00:00,8621.878055555555,0.0,0.136986301369863
2025-11-26 21:00:00+00:00,2026-01-16 00:00:00+00:00,ANET,ANET260116P00260000,put,True,260.0,0.0,0.0,10.0,125.04000091552734,1.0000000000000003e-05,0.036842886271592254,0.0,1.0,63.0,2024-12-03 14:30:49+00:00,8598.486388888889,0.0,0.136986301369863
2025-11-26 21:00:00+00:00,2026-01-16 00:00:00+00:00,ANET,ANET260116P00270000,put,True,270.0,0.0,0.0,15.9,125.04000091552734,1.0000000000000003e-05,0.036842886271592254,0.0,1.0,124.0,2024-11-20 16:00:56+00:00,8908.984444444444,0.0,0.136986301369863
2025-11-26 21:00:00+00:00,2026-01-16 00:00:00+00:00,ANET,ANET260116P00280000,put,True,280.0,0.0,0.0,14.6,125.04000091552734,1.0000000000000003e-05,0.036842886271592254,0.0,1.0,53.0,2024-11-25 16:09:24+00:00,8788.843333333334,0.0,0.136986301369863
2025-11-26 21:00:00+00:00,2026-01-16 00:00:00+00:00,ANET,ANET260116P00290000,put,True,290.0,0.0,0.0,17.66,125.04000091552734,1.0000000000000003e-05,0.036842886271592254,0.0,2.0,0.0,2024-11-18 20:39:53+00:00,8952.335277777778,0.0,0.136986301369863
2025-11-26 21:00:00+00:00,2026-01-16 00:00:00+00:00,ANET,ANET260116P00300000,put,True,300.0,0.0,0.0,17.73,125.04000091552734,1.0000000000000003e-05,0.036842886271592254,0.0,1.0,277.0,2024-11-26 16:40:26+00:00,8764.326111111111,0.0,0.136986301369863
2025-11-26 21:00:00+00:00,2026-01-16 00:00:00+00:00,ANET,ANET260116P00310000,put,True,310.0,0.0,0.0,20.4,125.04000091552734,1.0000000000000003e-05,0.036842886271592254,0.0,7.0,155.0,2024-12-02 20:52:35+00:00,8616.12361111111,0.0,0.136986301369863
2025-11-26 21:00:00+00:00,2026-01-16 00:00:00+00:00,ANET,ANET260116P00320000,put,True,320.0,0.0,0.0,23.1,125.04000091552734,1.0000000000000003e-05,0.036842886271592254,0.0,3.0,121.0,2024-12-03 14:31:05+00:00,8598.481944444444,0.0,0.136986301369863
2025-11-26 21:00:00+00:00,2026-01-16 00:00:00+00:00,ANET,ANET260116P00330000,put,True,330.0,0.0,0.0,25.98,125.04000091552734,1.0000000000000003e-05,0.036842886271592254,0.0,1.0,96.0,2024-12-03 18:43:22+00:00,8594.277222222223,0.0,0.136986301369863
2025-11-26 21:00:00+00:00,2026-01-16 00:00:00+00:00,ANET,ANET260116P00340000,put,True,340.0,0.0,0.0,28.74,125.04000091552734,1.0000000000000003e-05,0.036842886271592254,0.0,1.0,38.0,2024-12-02 16:49:10+00:00,8620.180555555555,0.0,0.136986301369863
2025-11-26 21:00:00+00:00,2026-01-16 00:00:00+00:00,ANET,ANET260116P00350000,put,True,350.0,0.0,0.0,32.1,125.04000091552734,1.0000000000000003e-05,0.036842886271592254,0.0,1.0,134.0,2024-12-02 16:50:39+00:00,8620.155833333334,0.0,0.136986301369863
2025-11-26 21:00:00+00:00,2026-01-16 00:00:00+00:00,ANET,ANET260116P00360000,put,True,360.0,0.0,0.0,36.0,125.04000091552734,1.0000000000000003e-05,0.036842886271592254,0.0,1.0,8.0,2024-12-02 16:37:36+00:00,8620.373333333333,0.0,0.136986301369863
2025-11-26 21:00:00+00:00,2026-01-16 00:00:00+00:00,ANET,ANET260116P00370000,put,True,370.0,0.0,0.0,45.66,125.04000091552734,1.0000000000000003e-05,0.036842886271592254,0.0,1.0,44.0,2024-11-21 15:00:06+00:00,8885.998333333333,0.0,0.136986301369863
2025-11-26 21:00:00+00:00,2026-01-16 00:00:00+00:00,ANET,ANET260116P00380000,put,True,380.0,0.0,0.0,55.1,125.04000091552734,1.0000000000000003e-05,0.036842886271592254,0.0,4.0,25.0,2024-11-20 19:18:06+00:00,8905.698333333334,0.0,0.136986301369863
2025-11-26 21:00:00+00:00,2026-01-16 00:00:00+00:00,ANET,ANET260116P00390000,put,True,390.0,0.0,0.0,50.9,125.04000091552734,1.0000000000000003e-05,0.036842886271592254,0.0,20.0,84.0,2024-12-03 14:58:22+00:00,8598.027222222223,0.0,0.136986301369863
2025-11-26 21:00:00+00:00,2026-01-16 00:00:00+00:00,ANET,ANET260116P00400000,put,True,400.0,0.0,0.0,55.05,125.04000091552734,1.0000000000000003e-05,0.036842886271592254,0.0,1.0,363.0,2024-12-03 14:51:20+00:00,8598.144444444444,0.0,0.136986301369863
2025-11-26 21:00:00+00:00,2026-01-16 00:00:00+00:00,ANET,ANET260116P00410000,put,True,410.0,0.0,0.0,58.3,125.04000091552734,1.0000000000000003e-05,0.036842886271592254,0.0,5.0,38.0,2024-12-03 18:00:55+00:00,8594.984722222222,0.0,0.136986301369863
2025-11-26 21:00:00+00:00,2026-01-16 00:00:00+00:00,ANET,ANET260116P00420000,put,True,420.0,0.0,0.0,63.6,125.04000091552734,1.0000000000000003e-05,0.036842886271592254,0.0,1.0,18.0,2024-12-02 19:20:46+00:00,8617.653888888888,0.0,0.136986301369863
2025-11-26 21:00:00+00:00,2026-01-16 00:00:00+00:00,ANET,ANET260116P00430000,put,True,430.0,0.0,0.0,69.4,125.04000091552734,1.0000000000000003e-05,0.036842886271592254,0.0,5.0,16.0,2024-12-02 19:29:18+00:00,8617.511666666667,0.0,0.136986301369863
2025-11-26 21:00:00+00:00,2026-01-16 00:00:00+00:00,ANET,ANET260116P00440000,put,True,440.0,0.0,0.0,74.8,125.04000091552734,1.0000000000000003e-05,0.036842886271592254,0.0,2.0,15.0,2024-12-02 15:51:13+00:00,8621.146388888888,0.0,0.136986301369863
2025-11-26 21:00:00+00:00,2026-01-16 00:00:00+00:00,ANET,ANET260116P00450000,put,True,450.0,0.0,0.0,87.5,125.04000091552734,1.0000000000000003e-05,0.036842886271592254,0.0,5.0,6.0,2024-11-08 19:48:44+00:00,9193.187777777777,0.0,0.136986301369863
2025-11-26 21:00:00+00:00,2026-01-16 00:00:00+00:00,ANET,ANET260116P00460000,put,True,460.0,101.4,104.2,106.7,125.04000091552734,1.0000000000000003e-05,0.036842886271592254,0.0,,11.0,2024-09-26 15:50:18+00:00,10229.161666666667,102.80000000000001,0.136986301369863
2025-11-26 21:00:00+00:00,2026-01-16 00:00:00+00:00,ANET,ANET260116P00470000,put,True,470.0,0.0,0.0,98.5,125.04000091552734,1.0000000000000003e-05,0.036842886271592254,0.0,10.0,10.0,2024-11-22 19:33:21+00:00,8857.444166666666,0.0,0.136986301369863
2025-11-26 21:00:00+00:00,2026-01-16 00:00:00+00:00,ANET,ANET260116P00480000,put,True,480.0,0.0,0.0,105.7,125.04000091552734,1.0000000000000003e-05,0.036842886271592254,0.0,,6.0,2024-11-25 16:16:45+00:00,8788.720833333333,0.0,0.136986301369863
2025-11-26 21:00:00+00:00,2026-01-16 00:00:00+00:00,ANET,ANET260116P00490000,put,True,490.0,0.0,0.0,103.4,125.04000091552734,1.0000000000000003e-05,0.036842886271592254,0.0,5.0,37.0,2024-11-07 16:59:44+00:00,9220.004444444445,0.0,0.136986301369863
2025-11-26 21:00:00+00:00,2026-01-16 00:00:00+00:00,ANET,ANET260116P00500000,put,True,500.0,0.0,0.0,126.0,125.04000091552734,1.0000000000000003e-05,0.036842886271592254,0.0,5.0,5.0,2024-11-11 18:01:41+00:00,9122.971944444444,0.0,0.136986301369863
2025-11-26 21:00:00+00:00,2026-01-16 00:00:00+00:00,ANET,ANET260116P00520000,put,True,520.0,168.0,171.0,177.93,125.04000091552734,1.0000000000000003e-05,0.036842886271592254,0.0,9.0,48.0,2024-08-19 17:13:04+00:00,11139.782222222222,169.5,0.136986301369863
2025-11-26 21:00:00+00:00,2026-01-16 00:00:00+00:00,ANET,ANET260116P00540000,put,True,540.0,167.1,170.5,156.65,125.04000091552734,1.0000000000000003e-05,0.036842886271592254,0.0,1.0,31.0,2024-10-18 16:40:59+00:00,9700.316944444445,168.8,0.136986301369863
2025-11-26 21:00:00+00:00,2026-01-16 00:00:00+00:00,ANET,ANET260116P00560000,put,True,560.0,186.6,190.4,212.65,125.04000091552734,1.0000000000000003e-05,0.036842886271592254,0.0,,10.0,2024-08-29 17:27:52+00:00,10899.535555555556,188.5,0.136986301369863
2025-11-26 21:00:00+00:00,2026-01-16 00:00:00+00:00,ANET,ANET260116P00580000,put,True,580.0,180.8,184.5,189.9,125.04000091552734,1.0000000000000003e-05,0.036842886271592254,0.0,,0.0,2024-10-29 18:45:02+00:00,9434.249444444444,182.65,0.136986301369863
2025-11-26 21:00:00+00:00,2026-02-20 00:00:00+00:00,ANET,ANET260220C00080000,call,True,80.0,48.2,49.9,39.64,125.04000091552734,0.710940390625,0.036842886271592254,0.0,2.0,2.0,2025-11-21 20:05:37+00:00,120.90638888888888,49.05,0.2328767123287671
2025-11-26 21:00:00+00:00,2026-02-20 00:00:00+00:00,ANET,ANET260220C00085000,call,True,85.0,43.3,46.1,35.21,125.04000091552734,0.7070341796875,0.036842886271592254,0.0,2.0,2.0,2025-11-21 19:07:18+00:00,121.87833333333333,44.7,0.2328767123287671
2025-11-26 21:00:00+00:00,2026-02-20 00:00:00+00:00,ANET,ANET260220C00090000,call,True,90.0,38.7,41.6,33.2,125.04000091552734,0.6704134521484376,0.036842886271592254,0.0,1.0,3.0,2025-11-24 14:43:35+00:00,54.27361111111111,40.150000000000006,0.2328767123287671
2025-11-26 21:00:00+00:00,2026-02-20 00:00:00+00:00,ANET,ANET260220C00095000,call,True,95.0,34.4,37.3,38.63,125.04000091552734,0.6470982556152343,0.036842886271592254,0.0,,6.0,2025-11-13 18:30:29+00:00,314.49194444444447,35.849999999999994,0.2328767123287671
2025-11-26 21:00:00+00:00,2026-02-20 00:00:00+00:00,ANET,ANET260220C00100000,call,True,100.0,30.4,32.5,26.0,125.04000091552734,0.6081582153320313,0.036842886271592254,0.0,1.0,15.0,2025-11-24 17:12:18+00:00,51.795,31.45,0.2328767123287671
2025-11-26 21:00:00+00:00,2026-02-20 00:00:00+00:00,ANET,ANET260220C00105000,call,True,105.0,26.4,29.0,19.75,125.04000091552734,0.6009561389160158,0.036842886271592254,0.0,2.0,8.0,2025-11-21 20:39:44+00:00,120.33777777777777,27.7,0.2328767123287671
2025-11-26 21:00:00+00:00,2026-02-20 00:00:00+00:00,ANET,ANET260220C00110000,call,True,110.0,23.6,24.3,22.3,125.04000091552734,0.5810588769531251,0.036842886271592254,0.0,1.0,34.0,2025-11-26 14:59:02+00:00,6.016111111111111,23.950000000000003,0.2328767123287671
2025-11-26 21:00:00+00:00,2026-02-20 00:00:00+00:00,ANET,ANET260220C00115000,call,True,115.0,20.2,21.0,20.77,125.04000091552734,0.5697064514160157,0.036842886271592254,0.0,12.0,8.0,2025-11-26 20:55:04+00:00,0.08222222222222222,20.6,0.2328767123287671
2025-11-26 21:00:00+00:00,2026-02-20 00:00:00+00:00,ANET,ANET260220C00120000,call,True,120.0,17.0,17.9,17.5,125.04000091552734,0.5554243676757813,0.036842886271592254,0.0,1.0,98.0,2025-11-26 19:57:39+00:00,1.0391666666666666,17.45,0.2328767123287671
2025-11-26 21:00:00+00:00,2026-02-20 00:00:00+00:00,ANET,ANET260220C00125000,call,True,125.0,14.5,14.8,14.9,125.04000091552734,0.5445602185058593,0.036842886271592254,0.0,66.0,114.0,2025-11-26 20:47:50+00:00,0.20277777777777778,14.65,0.2328767123287671
2025-11-26 21:00:00+00:00,2026-02-20 00:00:00+00:00,ANET,ANET260220C00130000,call,False,130.0,12.0,12.3,12.1,125.04000091552734,0.5343064147949219,0.036842886271592254,0.0,103.0,72.0,2025-11-26 19:25:01+00:00,1.5830555555555557,12.15,0.2328767123287671
2025-11-26 21:00:00+00:00,2026-02-20 00:00:00+00:00,ANET,ANET260220C00135000,call,False,135.0,9.8,10.2,10.05,125.04000091552734,0.5266160620117188,0.036842886271592254,0.0,100.0,82.0,2025-11-26 20:00:46+00:00,0.9872222222222222,10.0,0.2328767123287671
2025-11-26 21:00:00+00:00,2026-02-20 00:00:00+00:00,ANET,ANET260220C00140000,call,False,140.0,8.2,8.3,8.19,125.04000091552734,0.5241746801757812,0.036842886271592254,0.0,1281.0,120.0,2025-11-26 20:03:12+00:00,0.9466666666666667,8.25,0.2328767123287671
2025-11-26 21:00:00+00:00,2026-02-20 00:00:00+00:00,ANET,ANET260220C00145000,call,False,145.0,6.5,6.8,6.5,125.04000091552734,0.5172167419433593,0.036842886271592254,0.0,39.0,1475.0,2025-11-26 18:49:16+00:00,2.178888888888889,6.65,0.2328767123287671
2025-11-26 21:00:00+00:00,2026-02-20 00:00:00+00:00,ANET,ANET260220C00150000,call,False,150.0,5.3,5.5,5.4,125.04000091552734,0.5153246710205077,0.036842886271592254,0.0,60.0,91.0,2025-11-26 19:55:46+00:00,1.0705555555555555,5.4,0.2328767123287671
2025-11-26 21:00:00+00:00,2026-02-20 00:00:00+00:00,ANET,ANET260220C00155000,call,False,155.0,4.1,4.5,4.18,125.04000091552734,0.5107470800781251,0.036842886271592254,0.0,34.0,78.0,2025-11-26 18:43:25+00:00,2.276388888888889,4.3,0.2328767123287671
2025-11-26 21:00:00+00:00,2026-02-20 00:00:00+00:00,ANET,ANET260220C00160000,call,False,160.0,3.3,3.6,3.3,125.04000091552734,0.5096484582519532,0.036842886271592254,0.0,7.0,80.0,2025-11-26 17:17:09+00:00,3.714166666666667,3.45,0.2328767123287671
2025-11-26 21:00:00+00:00,2026-02-20 00:00:00+00:00,ANET,ANET260220C00165000,call,False,165.0,2.65,2.85,2.7,125.04000091552734,0.5084277673339843,0.036842886271592254,0.0,6.0,47.0,2025-11-26 17:41:52+00:00,3.3022222222222224,2.75,0.2328767123287671
2025-11-26 21:00:00+00:00,2026-02-20 00:00:00+00:00,ANET,ANET260220C00170000,call,False,170.0,2.05,3.4,2.2,125.04000091552734,0.5434615966796876,0.036842886271592254,0.0,3.0,204.0,2025-11-26 17:07:37+00:00,3.8730555555555557,2.7249999999999996,0.2328767123287671
2025-11-26 21:00:00+00:00,2026-02-20 00:00:00+00:00,ANET,ANET260220C00175000,call,False,175.0,1.15,2.5,1.78,125.04000091552734,0.5144091528320311,0.036842886271592254,0.0,3.0,7.0,2025-11-26 17:03:49+00:00,3.9363888888888887,1.825,0.2328767123287671
2025-11-26 21:00:00+00:00,2026-02-20 00:00:00+00:00,ANET,ANET260220C00180000,call,False,180.0,1.2,2.4,1.35,125.04000091552734,0.5434615966796876,0.036842886271592254,0.0,4.0,5.0,2025-11-26 16:08:49+00:00,4.853055555555556,1.7999999999999998,0.2328767123287671
2025-11-26 21:00:00+00:00,2026-02-20 00:00:00+00:00,ANET,ANET260220C00190000,call,False,190.0,0.6,1.3,0.75,125.04000091552734,0.5185595019531251,0.036842886271592254,0.0,4.0,4.0,2025-11-24 17:28:05+00:00,51.53194444444444,0.95,0.2328767123287671
2025-11-26 21:00:00+00:00,2026-02-20 00:00:00+00:00,ANET,ANET260220C00195000,call,False,195.0,0.4,1.3,0.88,125.04000091552734,0.5314988256835937,0.036842886271592254,0.0,1.0,4.0,2025-11-26 18:46:20+00:00,2.227777777777778,0.8500000000000001,0.2328767123287671
2025-11-26 21:00:00+00:00,2026-02-20 00:00:00+00:00,ANET,ANET260220C00200000,call,False,200.0,0.45,0.8,0.61,125.04000091552734,0.523442265625,0.036842886271592254,0.0,1.0,5.0,2025-11-21 14:33:53+00:00,126.43527777777778,0.625,0.2328767123287671
2025-11-26 21:00:00+00:00,2026-02-20 00:00:00+00:00,ANET,ANET260220P00070000,put,False,70.0,0.15,0.6,0.4,125.04000091552734,0.6669955175781253,0.036842886271592254,0.0,20.0,22.0,2025-11-25 14:50:36+00:00,30.156666666666666,0.375,0.2328767123287671
2025-11-26 21:00:00+00:00,2026-02-20 00:00:00+00:00,ANET,ANET260220P00075000,put,False,75.0,0.3,1.6,0.72,125.04000091552734,0.7211941943359376,0.036842886271592254,0.0,,1.0,2025-11-18 19:38:32+00:00,193.35777777777778,0.9500000000000001,0.2328767123287671
2025-11-26 21:00:00+00:00,2026-02-20 00:00:00+00:00,ANET,ANET260220P00080000,put,False,80.0,0.55,1.05,1.16,125.04000091552734,0.62305064453125,0.036842886271592254,0.0,,1.0,2025-11-24 15:19:14+00:00,53.67944444444444,0.8,0.2328767123287671
2025-11-26 21:00:00+00:00,2026-02-20 00:00:00+00:00,ANET,ANET260220P00090000,put,False,90.0,0.8,2.15,1.51,125.04000091552734,0.5727581787109376,0.036842886271592254,0.0,1.0,174.0,2025-11-26 16:41:41+00:00,4.3052777777777775,1.475,0.2328767123287671
2025-11-26 21:00:00+00:00,2026-02-20 00:00:00+00:00,ANET,ANET260220P00095000,put,False,95.0,1.0,3.2,2.27,125.04000091552734,0.5604292004394531,0.036842886271592254,0.0,25.0,82.0,2025-11-26 19:06:41+00:00,1.888611111111111,2.1,0.2328767123287671
2025-11-26 21:00:00+00:00,2026-02-20 00:00:00+00:00,ANET,ANET260220P00100000,put,False,100.0,2.55,2.9,2.87,125.04000091552734,0.5351608984375,0.036842886271592254,0.0,52.0,254.0,2025-11-26 19:06:41+00:00,1.888611111111111,2.7249999999999996,0.2328767123287671
2025-11-26 21:00:00+00:00,2026-02-20 00:00:00+00:00,ANET,ANET260220P00105000,put,False,105.0,3.6,4.0,3.9,125.04000091552734,0.528447098388672,0.036842886271592254,0.0,10.0,157.0,2025-11-26 16:34:11+00:00,4.4302777777777775,3.8,0.2328767123287671
2025-11-26 21:00:00+00:00,2026-02-20 00:00:00+00:00,ANET,ANET260220P00110000,put,False,110.0,4.9,5.2,5.0,125.04000091552734,0.5169726037597657,0.036842886271592254,0.0,8.0,80.0,2025-11-26 20:19:42+00:00,0.6716666666666666,5.050000000000001,0.2328767123287671
2025-11-26 21:00:00+00:00,2026-02-20 00:00:00+00:00,ANET,ANET260220P00115000,put,False,115.0,6.4,6.8,6.5,125.04000091552734,0.5069629382324219,0.036842886271592254,0.0,288.0,560.0,2025-11-26 20:23:11+00:00,0.6136111111111111,6.6,0.2328767123287671
2025-11-26 21:00:00+00:00,2026-02-20 00:00:00+00:00,ANET,ANET260220P00120000,put,False,120.0,8.2,8.6,8.3,125.04000091552734,0.5036060382080079,0.036842886271592254,0.0,9.0,410.0,2025-11-26 20:15:46+00:00,0.7372222222222222,8.399999999999999,0.2328767123287671
2025-11-26 21:00:00+00:00,2026-02-20 00:00:00+00:00,ANET,ANET260220P00125000,put,False,125.0,10.3,10.8,10.8,125.04000091552734,0.4950001672363281,0.036842886271592254,0.0,13.0,389.0,2025-11-26 17:34:49+00:00,3.419722222222222,10.55,0.2328767123287671
2025-11-26 21:00:00+00:00,2026-02-20 00:00:00+00:00,ANET,ANET260220P00130000,put,True,130.0,12.8,13.3,12.9,125.04000091552734,0.48578395080566406,0.036842886271592254,0.0,13.0,49.0,2025-11-26 20:21:58+00:00,0.6338888888888888,13.05,0.2328767123287671
2025-11-26 21:00:00+00:00,2026-02-20 00:00:00+00:00,ANET,ANET260220P00135000,put,True,135.0,15.6,16.1,15.7,125.04000091552734,0.4758963543701171,0.036842886271592254,0.0,13.0,50.0,2025-11-26 20:27:33+00:00,0.5408333333333334,15.850000000000001,0.2328767123287671
2025-11-26 21:00:00+00:00,2026-02-20 00:00:00+00:00,ANET,ANET260220P00140000,put,True,140.0,18.8,19.2,20.75,125.04000091552734,0.4656425506591797,0.036842886271592254,0.0,6.0,12.0,2025-11-25 18:47:16+00:00,26.212222222222223,19.0,0.2328767123287671
2025-11-26 21:00:00+00:00,2026-02-20 00:00:00+00:00,ANET,ANET260220P00145000,put,True,145.0,21.4,23.6,22.48,125.04000091552734,0.4998829309082031,0.036842886271592254,0.0,1.0,6.0,2025-11-26 20:12:05+00:00,0.7986111111111112,22.5,0.2328767123287671
2025-11-26 21:00:00+00:00,2026-02-20 00:00:00+00:00,ANET,ANET260220P00150000,put,True,150.0,25.2,27.3,29.84,125.04000091552734,0.49451189086914066,0.036842886271592254,0.0,1.0,12.0,2025-11-25 14:59:17+00:00,30.011944444444445,26.25,0.2328767123287671
2025-11-26 21:00:00+00:00,2026-02-20 00:00:00+00:00,ANET,ANET260220P00155000,put,True,155.0,29.0,31.2,39.2,125.04000091552734,0.4880422290039063,0.036842886271592254,0.0,3.0,4.0,2025-11-21 20:32:53+00:00,120.45194444444445,30.1,0.2328767123287671
2025-11-26 21:00:00+00:00,2026-02-20 00:00:00+00:00,ANET,ANET260220P00160000,put,True,160.0,33.5,35.4,40.21,125.04000091552734,0.48730981445312505,0.036842886271592254,0.0,1.0,11.0,2025-11-20 20:16:17+00:00,144.72861111111112,34.45,0.2328767123287671
2025-11-26 21:00:00+00:00,2026-03-20 00:00:00+00:00,ANET,ANET260320C00035000,call,True,35.0,91.5,95.4,95.69,125.04000091552734,1.3359408203124996,0.036842886271592254,0.0,2.0,17.0,2025-11-20 14:41:55+00:00,150.30138888888888,93.45,0.3095890410958904
2025-11-26 21:00:00+00:00,2026-03-20 00:00:00+00:00,ANET,ANET260320C00040000,call,True,40.0,87.0,90.5,80.3,125.04000091552734,1.2856481030273437,0.036842886271592254,0.0,4.0,36.0,2025-11-20 20:38:21+00:00,144.36083333333335,88.75,0.3095890410958904
2025-11-26 21:00:00+00:00,2026-03-20 00:00:00+00:00,ANET,ANET260320C00045000,call,True,45.0,78.8,82.9,108.3,125.04000091552734,0.8945323046874999,0.036842886271592254,0.0,24.0,13.0,2025-10-23 15:10:43+00:00,821.8213888888889,80.85,0.3095890410958904
2025-11-26 21:00:00+00:00,2026-03-20 00:00:00+00:00,ANET,ANET260320C00050000,call,True,50.0,76.8,80.7,70.88,125.04000091552734,1.0576218994140625,0.036842886271592254,0.0,1.0,71.0,2025-11-24 14:54:52+00:00,54.08555555555556,78.75,0.3095890410958904
2025-11-26 21:00:00+00:00,2026-03-20 00:00:00+00:00,ANET,ANET260320C00055000,call,True,55.0,71.9,75.8,80.62,125.04000091552734,0.9794923925781251,0.036842886271592254,0.0,12.0,34.0,2025-11-06 15:49:25+00:00,485.1763888888889,73.85,0.3095890410958904
2025-11-26 21:00:00+00:00,2026-03-20 00:00:00+00:00,ANET,ANET260320C00060000,call,True,60.0,67.1,71.1,84.06,125.04000091552734,0.9299323413085938,0.036842886271592254,0.0,1.0,116.0,2025-11-05 18:08:23+00:00,506.86027777777775,69.1,0.3095890410958904
2025-11-26 21:00:00+00:00,2026-03-20 00:00:00+00:00,ANET,ANET260320C00065000,call,True,65.0,62.6,65.6,70.9,125.04000091552734,0.8447281152343749,0.036842886271592254,0.0,1.0,177.0,2025-11-07 16:10:02+00:00,460.8327777777778,64.1,0.3095890410958904
2025-11-26 21:00:00+00:00,2026-03-20 00:00:00+00:00,ANET,ANET260320C00070000,call,True,70.0,57.9,60.8,92.98,125.04000091552734,0.7971211694335938,0.036842886271592254,0.0,2.0,82.0,2025-10-31 14:45:51+00:00,630.2358333333333,59.349999999999994,0.3095890410958904
2025-11-26 21:00:00+00:00,2026-03-20 00:00:00+00:00,ANET,ANET260320C00075000,call,True,75.0,53.2,56.2,47.0,125.04000091552734,0.7585473364257813,0.036842886271592254,0.0,1.0,583.0,2025-11-21 14:36:55+00:00,126.38472222222222,54.7,0.3095890410958904
2025-11-26 21:00:00+00:00,2026-03-20 00:00:00+00:00,ANET,ANET260320C00080000,call,True,80.0,48.6,51.4,44.4,125.04000091552734,0.7121610815429689,0.036842886271592254,0.0,1.0,109.0,2025-11-24 20:25:02+00:00,48.58277777777778,50.0,0.3095890410958904
2025-11-26 21:00:00+00:00,2026-03-20 00:00:00+00:00,ANET,ANET260320C00085000,call,True,85.0,44.0,46.9,42.1,125.04000091552734,0.6761506994628907,0.036842886271592254,0.0,1.0,157.0,2025-11-18 15:17:12+00:00,197.71333333333334,45.45,0.3095890410958904
2025-11-26 21:00:00+00:00,2026-03-20 00:00:00+00:00,ANET,ANET260320C00090000,call,True,90.0,39.8,42.7,32.05,125.04000091552734,0.6599155102539063,0.036842886271592254,0.0,3.0,606.0,2025-11-21 20:55:19+00:00,120.07805555555555,41.25,0.3095890410958904
2025-11-26 21:00:00+00:00,2026-03-20 00:00:00+00:00,ANET,ANET260320C00095000,call,True,95.0,35.7,38.3,32.0,125.04000091552734,0.6323278955078125,0.036842886271592254,0.0,6.0,478.0,2025-11-24 19:00:21+00:00,49.994166666666665,37.0,0.3095890410958904
2025-11-26 21:00:00+00:00,2026-03-20 00:00:00+00:00,ANET,ANET260320C00100000,call,True,100.0,31.8,34.2,30.67,125.04000091552734,0.6119423571777345,0.036842886271592254,0.0,1.0,1518.0,2025-11-25 20:45:23+00:00,24.24361111111111,33.0,0.3095890410958904
2025-11-26 21:00:00+00:00,2026-03-20 00:00:00+00:00,ANET,ANET260320C00105000,call,True,105.0,27.7,30.4,26.0,125.04000091552734,0.5865519860839843,0.036842886271592254,0.0,4.0,868.0,2025-11-25 15:14:07+00:00,29.764722222222222,29.049999999999997,0.3095890410958904
2025-11-26 21:00:00+00:00,2026-03-20 00:00:00+00:00,ANET,ANET260320C00110000,call,True,110.0,25.0,26.2,25.3,125.04000091552734,0.576054044189453,0.036842886271592254,0.0,5.0,2150.0,2025-11-26 18:52:46+00:00,2.1205555555555557,25.6,0.3095890410958904
2025-11-26 21:00:00+00:00,2026-03-20 00:00:00+00:00,ANET,ANET260320C00115000,call,True,115.0,21.6,23.7,22.2,125.04000091552734,0.5763592169189453,0.036842886271592254,0.0,3.0,1513.0,2025-11-26 18:11:30+00:00,2.808333333333333,22.65,0.3095890410958904
2025-11-26 21:00:00+00:00,2026-03-20 00:00:00+00:00,ANET,ANET260320C00120000,call,True,120.0,19.0,20.2,19.6,125.04000091552734,0.5629926513671876,0.036842886271592254,0.0,26.0,1310.0,2025-11-26 20:47:43+00:00,0.20472222222222222,19.6,0.3095890410958904
2025-11-26 21:00:00+00:00,2026-03-20 00:00:00+00:00,ANET,ANET260320C00125000,call,True,125.0,16.6,16.9,16.8,125.04000091552734,0.5484664294433594,0.036842886271592254,0.0,29.0,710.0,2025-11-26 20:48:00+00:00,0.2,16.75,0.3095890410958904
2025-11-26 21:00:00+00:00,2026-03-20 00:00:00+00:00,ANET,ANET260320C00130000,call,False,130.0,14.2,14.5,14.58,125.04000091552734,0.541569525756836,0.036842886271592254,0.0,23.0,1095.0,2025-11-26 20:46:39+00:00,0.2225,14.35,0.3095890410958904
2025-11-26 21:00:00+00:00,2026-03-20 00:00:00+00:00,ANET,ANET260320C00135000,call,False,135.0,12.0,12.4,11.9,125.04000091552734,0.5348557257080078,0.036842886271592254,0.0,5.0,298.0,2025-11-26 18:42:25+00:00,2.2930555555555556,12.2,0.3095890410958904
2025-11-26 21:00:00+00:00,2026-03-20 00:00:00+00:00,ANET,ANET260320C00140000,call,False,140.0,10.1,10.5,10.3,125.04000091552734,0.5286912365722658,0.036842886271592254,0.0,64.0,3436.0,2025-11-26 20:49:22+00:00,0.17722222222222223,10.3,0.3095890410958904
2025-11-26 21:00:00+00:00,2026-03-20 00:00:00+00:00,ANET,ANET260320C00145000,call,False,145.0,8.5,8.9,8.6,125.04000091552734,0.52539537109375,0.036842886271592254,0.0,5.0,524.0,2025-11-26 19:41:36+00:00,1.3066666666666666,8.7,0.3095890410958904
2025-11-26 21:00:00+00:00,2026-03-20 00:00:00+00:00,ANET,ANET260320C00150000,call,False,150.0,7.1,7.4,7.3,125.04000091552734,0.519963296508789,0.036842886271592254,0.0,32.0,2393.0,2025-11-26 20:49:16+00:00,0.17888888888888888,7.25,0.3095890410958904
2025-11-26 21:00:00+00:00,2026-03-20 00:00:00+00:00,ANET,ANET260320C00155000,call,False,155.0,5.9,6.3,6.1,125.04000091552734,0.5188646746826171,0.036842886271592254,0.0,5.0,576.0,2025-11-26 16:46:17+00:00,4.228611111111111,6.1,0.3095890410958904
2025-11-26 21:00:00+00:00,2026-03-20 00:00:00+00:00,ANET,ANET260320C00160000,call,False,160.0,4.9,5.3,4.9,125.04000091552734,0.5172167419433593,0.036842886271592254,0.0,12.0,1504.0,2025-11-26 18:48:04+00:00,2.198888888888889,5.1,0.3095890410958904
2025-11-26 21:00:00+00:00,2026-03-20 00:00:00+00:00,ANET,ANET260320C00165000,call,False,165.0,4.0,4.4,4.0,125.04000091552734,0.5134326000976561,0.036842886271592254,0.0,1.0,326.0,2025-11-26 15:13:29+00:00,5.775277777777778,4.2,0.3095890410958904
2025-11-26 21:00:00+00:00,2026-03-20 00:00:00+00:00,ANET,ANET260320C00170000,call,False,170.0,3.4,3.7,3.6,125.04000091552734,0.5155077746582031,0.036842886271592254,0.0,35.0,521.0,2025-11-26 20:11:37+00:00,0.8063888888888889,3.55,0.3095890410958904
2025-11-26 21:00:00+00:00,2026-03-20 00:00:00+00:00,ANET,ANET260320C00175000,call,False,175.0,2.9,3.1,2.5,125.04000091552734,0.5174608801269531,0.036842886271592254,0.0,1.0,588.0,2025-11-25 14:45:58+00:00,30.233888888888888,3.0,0.3095890410958904
2025-11-26 21:00:00+00:00,2026-03-20 00:00:00+00:00,ANET,ANET260320C00180000,call,False,180.0,2.25,2.8,2.57,125.04000091552734,0.5189257092285156,0.036842886271592254,0.0,1.0,2516.0,2025-11-26 19:33:35+00:00,1.4402777777777778,2.525,0.3095890410958904
2025-11-26 21:00:00+00:00,2026-03-20 00:00:00+00:00,ANET,ANET260320C00185000,call,False,185.0,1.85,2.45,2.51,125.04000091552734,0.5219774365234374,0.036842886271592254,0.0,8.0,194.0,2025-11-20 19:14:18+00:00,145.76166666666666,2.1500000000000004,0.3095890410958904
2025-11-26 21:00:00+00:00,2026-03-20 00:00:00+00:00,ANET,ANET260320C00190000,call,False,190.0,1.6,1.95,1.78,125.04000091552734,0.5207567456054687,0.036842886271592254,0.0,2.0,326.0,2025-11-26 20:57:07+00:00,0.04805555555555555,1.775,0.3095890410958904
2025-11-26 21:00:00+00:00,2026-03-20 00:00:00+00:00,ANET,ANET260320C00195000,call,False,195.0,1.4,2.25,1.5,125.04000091552734,0.5482222912597658,0.036842886271592254,0.0,1.0,472.0,2025-11-26 15:08:30+00:00,5.858333333333333,1.825,0.3095890410958904
2025-11-26 21:00:00+00:00,2026-03-20 00:00:00+00:00,ANET,ANET260320C00200000,call,False,200.0,1.15,1.8,1.2,125.04000091552734,0.5429733203125001,0.036842886271592254,0.0,3.0,927.0,2025-11-25 17:25:28+00:00,27.575555555555557,1.475,0.3095890410958904
2025-11-26 21:00:00+00:00,2026-03-20 00:00:00+00:00,ANET,ANET260320C00210000,call,False,210.0,0.75,1.35,1.05,125.04000091552734,0.543949873046875,0.036842886271592254,0.0,3.0,206.0,2025-11-25 17:21:48+00:00,27.636666666666667,1.05,0.3095890410958904
2025-11-26 21:00:00+00:00,2026-03-20 00:00:00+00:00,ANET,ANET260320C00220000,call,False,220.0,0.4,0.9,0.75,125.04000091552734,0.5317429638671876,0.036842886271592254,0.0,55.0,435.0,2025-11-26 19:33:14+00:00,1.4461111111111111,0.65,0.3095890410958904
2025-11-26 21:00:00+00:00,2026-03-20 00:00:00+00:00,ANET,ANET260320C00230000,call,False,230.0,0.25,0.9,0.6,125.04000091552734,0.5534712622070312,0.036842886271592254,0.0,1.0,267.0,2025-11-26 17:33:42+00:00,3.4383333333333335,0.575,0.3095890410958904
2025-11-26 21:00:00+00:00,2026-03-20 00:00:00+00:00,ANET,ANET260320C00240000,call,False,240.0,0.2,0.75,0.4,125.04000091552734,0.5668988623046876,0.036842886271592254,0.0,14.0,51.0,2025-11-25 14:43:35+00:00,30.273611111111112,0.475,0.3095890410958904
2025-11-26 21:00:00+00:00,2026-03-20 00:00:00+00:00,ANET,ANET260320P00035000,put,False,35.0,0.0,0.35,0.04,125.04000091552734,1.0439500927734378,0.036842886271592254,0.0,11.0,5.0,2025-11-17 19:16:19+00:00,217.72805555555556,0.175,0.3095890410958904
2025-11-26 21:00:00+00:00,2026-03-20 00:00:00+00:00,ANET,ANET260320P00040000,put,False,40.0,0.0,2.15,0.2,125.04000091552734,1.2797887573242184,0.036842886271592254,0.0,1.0,52.0,2025-10-02 15:49:38+00:00,1325.1727777777778,1.075,0.3095890410958904
2025-11-26 21:00:00+00:00,2026-03-20 00:00:00+00:00,ANET,ANET260320P00045000,put,False,45.0,0.0,0.45,0.25,125.04000091552734,0.8808605664062499,0.036842886271592254,0.0,2.0,80.0,2025-10-17 14:02:03+00:00,966.9658333333333,0.225,0.3095890410958904
2025-11-26 21:00:00+00:00,2026-03-20 00:00:00+00:00,ANET,ANET260320P00050000,put,False,50.0,0.0,0.5,0.19,125.04000091552734,0.8105487695312499,0.036842886271592254,0.0,3.0,418.0,2025-11-21 20:23:11+00:00,120.61361111111111,0.25,0.3095890410958904
2025-11-26 21:00:00+00:00,2026-03-20 00:00:00+00:00,ANET,ANET260320P00055000,put,False,55.0,0.0,0.35,0.1,125.04000091552734,0.6972686523437501,0.036842886271592254,0.0,2.0,1197.0,2025-11-11 15:28:43+00:00,365.5213888888889,0.175,0.3095890410958904
2025-11-26 21:00:00+00:00,2026-03-20 00:00:00+00:00,ANET,ANET260320P00060000,put,False,60.0,0.15,0.5,0.38,125.04000091552734,0.69336244140625,0.036842886271592254,0.0,3.0,109.0,2025-11-18 20:14:45+00:00,192.75416666666666,0.325,0.3095890410958904
2025-11-26 21:00:00+00:00,2026-03-20 00:00:00+00:00,ANET,ANET260320P00065000,put,False,65.0,0.35,0.6,0.52,125.04000091552734,0.6694368994140626,0.036842886271592254,0.0,1.0,576.0,2025-11-18 18:41:15+00:00,194.3125,0.475,0.3095890410958904
2025-11-26 21:00:00+00:00,2026-03-20 00:00:00+00:00,ANET,ANET260320P00070000,put,False,70.0,0.35,0.85,0.65,125.04000091552734,0.6315954809570312,0.036842886271592254,0.0,3.0,2434.0,2025-11-18 16:47:40+00:00,196.20555555555555,0.6,0.3095890410958904
2025-11-26 21:00:00+00:00,2026-03-20 00:00:00+00:00,ANET,ANET260320P00075000,put,False,75.0,0.7,1.1,1.05,125.04000091552734,0.6189002954101563,0.036842886271592254,0.0,5.0,627.0,2025-11-25 14:57:13+00:00,30.046388888888888,0.9,0.3095890410958904
2025-11-26 21:00:00+00:00,2026-03-20 00:00:00+00:00,ANET,ANET260320P00080000,put,False,80.0,0.7,1.2,1.25,125.04000091552734,0.5622602368164062,0.036842886271592254,0.0,8.0,2403.0,2025-11-26 15:01:02+00:00,5.982777777777778,0.95,0.3095890410958904
2025-11-26 21:00:00+00:00,2026-03-20 00:00:00+00:00,ANET,ANET260320P00085000,put,False,85.0,1.45,1.75,2.29,125.04000091552734,0.5725140405273439,0.036842886271592254,0.0,8.0,939.0,2025-11-24 18:40:58+00:00,50.31722222222222,1.6,0.3095890410958904
2025-11-26 21:00:00+00:00,2026-03-20 00:00:00+00:00,ANET,ANET260320P00090000,put,False,90.0,1.95,2.7,2.3,125.04000091552734,0.5690961059570312,0.036842886271592254,0.0,2.0,3106.0,2025-11-26 15:30:23+00:00,5.493611111111111,2.325,0.3095890410958904
2025-11-26 21:00:00+00:00,2026-03-20 00:00:00+00:00,ANET,ANET260320P00095000,put,False,95.0,2.65,3.5,4.15,125.04000091552734,0.5540816076660158,0.036842886271592254,0.0,301.0,803.0,2025-11-24 15:41:30+00:00,53.30833333333333,3.075,0.3095890410958904
2025-11-26 21:00:00+00:00,2026-03-20 00:00:00+00:00,ANET,ANET260320P00100000,put,False,100.0,3.6,4.0,4.8,125.04000091552734,0.528447098388672,0.036842886271592254,0.0,5.0,594.0,2025-11-25 15:05:30+00:00,29.908333333333335,3.8,0.3095890410958904
2025-11-26 21:00:00+00:00,2026-03-20 00:00:00+00:00,ANET,ANET260320P00105000,put,False,105.0,4.8,5.2,5.0,125.04000091552734,0.5196581237792968,0.036842886271592254,0.0,3.0,1574.0,2025-11-26 20:02:19+00:00,0.9613888888888888,5.0,0.3095890410958904
2025-11-26 21:00:00+00:00,2026-03-20 00:00:00+00:00,ANET,ANET260320P00110000,put,False,110.0,6.2,6.6,6.9,125.04000091552734,0.5092212164306642,0.036842886271592254,0.0,16.0,1083.0,2025-11-26 15:17:46+00:00,5.703888888888889,6.4,0.3095890410958904
2025-11-26 21:00:00+00:00,2026-03-20 00:00:00+00:00,ANET,ANET260320P00115000,put,False,115.0,7.9,8.3,8.0,125.04000091552734,0.5009205181884766,0.036842886271592254,0.0,9.0,3163.0,2025-11-26 20:21:32+00:00,0.6411111111111111,8.100000000000001,0.3095890410958904
2025-11-26 21:00:00+00:00,2026-03-20 00:00:00+00:00,ANET,ANET260320P00120000,put,False,120.0,10.0,10.3,10.0,125.04000091552734,0.5013477600097658,0.036842886271592254,0.0,32.0,5162.0,2025-11-26 20:47:27+00:00,0.20916666666666667,10.15,0.3095890410958904
2025-11-26 21:00:00+00:00,2026-03-20 00:00:00+00:00,ANET,ANET260320P00125000,put,False,125.0,12.1,12.6,12.4,125.04000091552734,0.4946339599609375,0.036842886271592254,0.0,29.0,1075.0,2025-11-26 20:51:12+00:00,0.14666666666666667,12.35,0.3095890410958904
2025-11-26 21:00:00+00:00,2026-03-20 00:00:00+00:00,ANET,ANET260320P00130000,put,True,130.0,14.6,15.1,15.2,125.04000091552734,0.48529567443847654,0.036842886271592254,0.0,3.0,2551.0,2025-11-26 16:37:53+00:00,4.368611111111111,14.85,0.3095890410958904
2025-11-26 21:00:00+00:00,2026-03-20 00:00:00+00:00,ANET,ANET260320P00135000,put,True,135.0,17.5,18.1,20.3,125.04000091552734,0.4840139489746094,0.036842886271592254,0.0,4.0,790.0,2025-11-25 15:17:26+00:00,29.709444444444443,17.8,0.3095890410958904
2025-11-26 21:00:00+00:00,2026-03-20 00:00:00+00:00,ANET,ANET260320P00140000,put,True,140.0,20.6,20.9,21.2,125.04000091552734,0.46619186157226566,0.036842886271592254,0.0,14.0,922.0,2025-11-26 15:36:17+00:00,5.395277777777777,20.75,0.3095890410958904
2025-11-26 21:00:00+00:00,2026-03-20 00:00:00+00:00,ANET,ANET260320P00145000,put,True,145.0,23.9,24.3,25.95,125.04000091552734,0.4606987524414063,0.036842886271592254,0.0,8.0,376.0,2025-11-25 18:45:21+00:00,26.24416666666667,24.1,0.3095890410958904
2025-11-26 21:00:00+00:00,2026-03-20 00:00:00+00:00,ANET,ANET260320P00150000,put,True,150.0,27.1,28.8,35.9,125.04000091552734,0.4892629199218751,0.036842886271592254,0.0,1.0,483.0,2025-11-21 20:58:05+00:00,120.03194444444445,27.950000000000003,0.3095890410958904
2025-11-26 21:00:00+00:00,2026-03-20 00:00:00+00:00,ANET,ANET260320P00155000,put,True,155.0,30.9,32.5,27.97,125.04000091552734,0.4801077380371094,0.036842886271592254,0.0,2.0,50.0,2025-11-12 19:58:30+00:00,337.025,31.7,0.3095890410958904
2025-11-26 21:00:00+00:00,2026-03-20 00:00:00+00:00,ANET,ANET260320P00160000,put,True,160.0,34.5,36.6,45.23,125.04000091552734,0.47998566894531247,0.036842886271592254,0.0,2.0,142.0,2025-11-21 18:13:55+00:00,122.76805555555555,35.55,0.3095890410958904
2025-11-26 21:00:00+00:00,2026-03-20 00:00:00+00:00,ANET,ANET260320P00165000,put,True,165.0,38.4,40.7,41.0,125.04000091552734,0.4727835925292969,0.036842886271592254,0.0,2.0,27.0,2025-11-26 14:46:08+00:00,6.231111111111111,39.55,0.3095890410958904
2025-11-26 21:00:00+00:00,2026-03-20 00:00:00+00:00,ANET,ANET260320P00170000,put,True,170.0,42.9,45.1,51.94,125.04000091552734,0.47363807617187503,0.036842886271592254,0.0,30.0,132.0,2025-11-20 20:48:15+00:00,144.19583333333333,44.0,0.3095890410958904
2025-11-26 21:00:00+00:00,2026-03-20 00:00:00+00:00,ANET,ANET260320P00175000,put,True,175.0,47.1,49.6,44.23,125.04000091552734,0.47437049072265625,0.036842886271592254,0.0,1.0,28.0,2025-11-14 20:03:11+00:00,288.94694444444445,48.35,0.3095890410958904
2025-11-26 21:00:00+00:00,2026-03-20 00:00:00+00:00,ANET,ANET260320P00180000,put,True,180.0,51.8,54.1,57.21,125.04000091552734,0.4689994506835938,0.036842886271592254,0.0,6.0,81.0,2025-11-18 15:37:00+00:00,197.38333333333333,52.95,0.3095890410958904
2025-11-26 21:00:00+00:00,2026-03-20 00:00:00+00:00,ANET,ANET260320P00185000,put,True,185.0,56.6,58.8,36.98,125.04000091552734,0.47192910888671874,0.036842886271592254,0.0,2.0,22.0,2025-10-31 13:46:22+00:00,631.2272222222222,57.7,0.3095890410958904
2025-11-26 21:00:00+00:00,2026-03-20 00:00:00+00:00,ANET,ANET260320P00190000,put,True,190.0,61.3,63.6,64.5,125.04000091552734,0.47913118530273435,0.036842886271592254,0.0,2.0,10.0,2025-11-26 15:02:24+00:00,5.96,62.45,0.3095890410958904
2025-11-26 21:00:00+00:00,2026-03-20 00:00:00+00:00,ANET,ANET260320P00195000,put,True,195.0,66.1,68.4,55.05,125.04000091552734,0.48291532714843755,0.036842886271592254,0.0,1.0,7.0,2025-11-05 20:02:08+00:00,504.96444444444444,67.25,0.3095890410958904
2025-11-26 21:00:00+00:00,2026-03-20 00:00:00+00:00,ANET,ANET260320P00200000,put,True,200.0,70.8,73.3,59.52,125.04000091552734,0.4939015454101563,0.036842886271592254,0.0,1.0,2.0,2025-11-05 20:02:08+00:00,504.96444444444444,72.05,0.3095890410958904
2025-11-26 21:00:00+00:00,2026-03-20 00:00:00+00:00,ANET,ANET260320P00210000,put,True,210.0,59.7,62.4,61.6,125.04000091552734,1.0000000000000003e-05,0.036842886271592254,0.0,,1.0,2025-09-10 15:10:36+00:00,1853.8233333333333,61.05,0.3095890410958904
2025-11-26 21:00:00+00:00,2026-03-20 00:00:00+00:00,ANET,ANET260320P00220000,put,True,220.0,86.9,90.4,66.0,125.04000091552734,1.0000000000000003e-05,0.036842886271592254,0.0,,4.0,2025-10-13 14:19:36+00:00,1062.6733333333334,88.65,0.3095890410958904
2025-11-26 21:00:00+00:00,2026-03-20 00:00:00+00:00,ANET,ANET260320P00230000,put,True,230.0,96.8,100.4,74.05,125.04000091552734,1.0000000000000003e-05,0.036842886271592254,0.0,,0.0,2025-10-13 14:19:04+00:00,1062.6822222222222,98.6,0.3095890410958904
2025-11-26 21:00:00+00:00,2026-04-17 00:00:00+00:00,ANET,ANET260417C00070000,call,True,70.0,58.2,61.1,70.3,125.04000091552734,0.7454859436035157,0.036842886271592254,0.0,,1.0,2025-11-10 20:01:03+00:00,384.9825,59.650000000000006,0.3863013698630137
2025-11-26 21:00:00+00:00,2026-04-17 00:00:00+00:00,ANET,ANET260417C00090000,call,True,90.0,40.5,43.4,48.0,125.04000091552734,0.6319616882324219,0.036842886271592254,0.0,1.0,0.0,2025-11-14 16:23:21+00:00,292.61083333333335,41.95,0.3863013698630137
2025-11-26 21:00:00+00:00,2026-04-17 00:00:00+00:00,ANET,ANET260417C00095000,call,True,95.0,36.5,39.3,32.12,125.04000091552734,0.6126747717285157,0.036842886271592254,0.0,31.0,35.0,2025-11-24 16:17:26+00:00,52.70944444444444,37.9,0.3863013698630137
2025-11-26 21:00:00+00:00,2026-04-17 00:00:00+00:00,ANET,ANET260417C00100000,call,True,100.0,33.8,35.3,34.11,125.04000091552734,0.6185340881347658,0.036842886271592254,0.0,3.0,29.0,2025-11-26 19:54:03+00:00,1.0991666666666666,34.55,0.3863013698630137
2025-11-26 21:00:00+00:00,2026-04-17 00:00:00+00:00,ANET,ANET260417C00105000,call,True,105.0,29.0,31.6,39.96,125.04000091552734,0.5772747351074219,0.036842886271592254,0.0,,7.0,2025-11-10 20:01:17+00:00,384.9786111111111,30.3,0.3863013698630137
2025-11-26 21:00:00+00:00,2026-04-17 00:00:00+00:00,ANET,ANET260417C00110000,call,True,110.0,25.6,28.3,28.9,125.04000091552734,0.567265069580078,0.036842886271592254,0.0,,1.0,2025-11-17 17:02:34+00:00,219.9572222222222,26.950000000000003,0.3863013698630137
2025-11-26 21:00:00+00:00,2026-04-17 00:00:00+00:00,ANET,ANET260417C00115000,call,True,115.0,22.8,25.3,22.75,125.04000091552734,0.5658002404785156,0.036842886271592254,0.0,10.0,11.0,2025-11-19 17:05:51+00:00,171.9025,24.05,0.3863013698630137
2025-11-26 21:00:00+00:00,2026-04-17 00:00:00+00:00,ANET,ANET260417C00120000,call,True,120.0,20.0,21.9,20.85,125.04000091552734,0.5496260858154298,0.036842886271592254,0.0,10.0,48.0,2025-11-26 16:08:55+00:00,4.851388888888889,20.95,0.3863013698630137
2025-11-26 21:00:00+00:00,2026-04-17 00:00:00+00:00,ANET,ANET260417C00125000,call,True,125.0,16.8,18.9,18.39,125.04000091552734,0.5269212347412109,0.036842886271592254,0.0,14.0,28.0,2025-11-26 20:49:16+00:00,0.17888888888888888,17.85,0.3863013698630137
2025-11-26 21:00:00+00:00,2026-04-17 00:00:00+00:00,ANET,ANET260417C00130000,call,False,130.0,15.1,16.2,16.0,125.04000091552734,0.526371923828125,0.036842886271592254,0.0,10.0,27.0,2025-11-26 20:05:59+00:00,0.9002777777777777,15.649999999999999,0.3863013698630137
2025-11-26 21:00:00+00:00,2026-04-17 00:00:00+00:00,ANET,ANET260417C00135000,call,False,135.0,13.1,14.3,13.3,125.04000091552734,0.5264939929199219,0.036842886271592254,0.0,15.0,18.0,2025-11-26 18:44:35+00:00,2.2569444444444446,13.7,0.3863013698630137
2025-11-26 21:00:00+00:00,2026-04-17 00:00:00+00:00,ANET,ANET260417C00140000,call,False,140.0,10.8,12.4,11.71,125.04000091552734,0.5150805328369141,0.036842886271592254,0.0,28.0,50.0,2025-11-26 20:00:46+00:00,0.9872222222222222,11.600000000000001,0.3863013698630137
2025-11-26 21:00:00+00:00,2026-04-17 00:00:00+00:00,ANET,ANET260417C00145000,call,False,145.0,9.7,10.7,10.02,125.04000091552734,0.5195360546875,0.036842886271592254,0.0,8.0,38.0,2025-11-26 20:03:12+00:00,0.9466666666666667,10.2,0.3863013698630137
2025-11-26 21:00:00+00:00,2026-04-17 00:00:00+00:00,ANET,ANET260417C00150000,call,False,150.0,7.9,9.2,7.9,125.04000091552734,0.5098315618896485,0.036842886271592254,0.0,6.0,113.0,2025-11-26 15:12:48+00:00,5.786666666666667,8.55,0.3863013698630137
2025-11-26 21:00:00+00:00,2026-04-17 00:00:00+00:00,ANET,ANET260417C00155000,call,False,155.0,6.7,7.9,6.9,125.04000091552734,0.5074512145996093,0.036842886271592254,0.0,1.0,27.0,2025-11-26 15:18:08+00:00,5.697777777777778,7.300000000000001,0.3863013698630137
2025-11-26 21:00:00+00:00,2026-04-17 00:00:00+00:00,ANET,ANET260417C00160000,call,False,160.0,6.1,6.8,6.3,125.04000091552734,0.5139819110107422,0.036842886271592254,0.0,1.0,56.0,2025-11-26 20:51:20+00:00,0.14444444444444443,6.449999999999999,0.3863013698630137
2025-11-26 21:00:00+00:00,2026-04-17 00:00:00+00:00,ANET,ANET260417C00165000,call,False,165.0,4.9,6.9,5.25,125.04000091552734,0.5275315802001954,0.036842886271592254,0.0,6.0,80.0,2025-11-26 18:25:06+00:00,2.5816666666666666,5.9,0.3863013698630137
2025-11-26 21:00:00+00:00,2026-04-17 00:00:00+00:00,ANET,ANET260417C00170000,call,False,170.0,4.2,5.9,4.3,125.04000091552734,0.5257615783691407,0.036842886271592254,0.0,6.0,19.0,2025-11-26 15:10:27+00:00,5.825833333333334,5.050000000000001,0.3863013698630137
2025-11-26 21:00:00+00:00,2026-04-17 00:00:00+00:00,ANET,ANET260417C00175000,call,False,175.0,3.6,4.2,3.9,125.04000091552734,0.50586431640625,0.036842886271592254,0.0,23.0,130.0,2025-11-26 18:23:58+00:00,2.6005555555555557,3.9000000000000004,0.3863013698630137
2025-11-26 21:00:00+00:00,2026-04-17 00:00:00+00:00,ANET,ANET260417C00180000,call,False,180.0,3.0,3.6,3.3,125.04000091552734,0.5045825909423829,0.036842886271592254,0.0,1.0,47.0,2025-11-26 15:16:42+00:00,5.721666666666667,3.3,0.3863013698630137
2025-11-26 21:00:00+00:00,2026-04-17 00:00:00+00:00,ANET,ANET260417C00185000,call,False,185.0,2.45,3.6,2.8,125.04000091552734,0.5158739819335938,0.036842886271592254,0.0,4.0,8.0,2025-11-26 15:13:35+00:00,5.773611111111111,3.0250000000000004,0.3863013698630137
2025-11-26 21:00:00+00:00,2026-04-17 00:00:00+00:00,ANET,ANET260417C00190000,call,False,190.0,1.65,3.3,2.75,125.04000091552734,0.5095263891601562,0.036842886271592254,0.0,2.0,4.0,2025-11-26 16:53:39+00:00,4.105833333333333,2.4749999999999996,0.3863013698630137
2025-11-26 21:00:00+00:00,2026-04-17 00:00:00+00:00,ANET,ANET260417C00195000,call,False,195.0,1.75,2.45,1.85,125.04000091552734,0.5090381127929688,0.036842886271592254,0.0,1.0,4.0,2025-11-21 14:30:13+00:00,126.49638888888889,2.1,0.3863013698630137
2025-11-26 21:00:00+00:00,2026-04-17 00:00:00+00:00,ANET,ANET260417C00200000,call,False,200.0,1.6,2.2,1.74,125.04000091552734,0.5167284655761719,0.036842886271592254,0.0,2.0,9.0,2025-11-25 17:26:12+00:00,27.563333333333333,1.9000000000000001,0.3863013698630137
2025-11-26 21:00:00+00:00,2026-04-17 00:00:00+00:00,ANET,ANET260417P00075000,put,False,75.0,0.85,1.5,1.31,125.04000091552734,0.5893595751953126,0.036842886271592254,0.0,10.0,10.0,2025-11-25 19:34:48+00:00,25.42,1.175,0.3863013698630137
2025-11-26 21:00:00+00:00,2026-04-17 00:00:00+00:00,ANET,ANET260417P00080000,put,False,80.0,1.0,1.95,1.35,125.04000091552734,0.5607954077148438,0.036842886271592254,0.0,,75.0,2025-11-11 16:59:57+00:00,364.00083333333333,1.475,0.3863013698630137
2025-11-26 21:00:00+00:00,2026-04-17 00:00:00+00:00,ANET,ANET260417P00085000,put,False,85.0,1.65,2.55,2.68,125.04000091552734,0.5543257458496094,0.036842886271592254,0.0,1.0,83.0,2025-11-19 17:15:14+00:00,171.7461111111111,2.0999999999999996,0.3863013698630137
2025-11-26 21:00:00+00:00,2026-04-17 00:00:00+00:00,ANET,ANET260417P00090000,put,False,90.0,2.3,3.1,4.0,125.04000091552734,0.5352829675292969,0.036842886271592254,0.0,6.0,81.0,2025-11-24 15:11:41+00:00,53.805277777777775,2.7,0.3863013698630137
2025-11-26 21:00:00+00:00,2026-04-17 00:00:00+00:00,ANET,ANET260417P00095000,put,False,95.0,3.3,4.4,4.2,125.04000091552734,0.5400436621093752,0.036842886271592254,0.0,26.0,182.0,2025-11-25 16:15:55+00:00,28.73472222222222,3.85,0.3863013698630137
2025-11-26 21:00:00+00:00,2026-04-17 00:00:00+00:00,ANET,ANET260417P00100000,put,False,100.0,3.6,5.5,4.56,125.04000091552734,0.5105029418945313,0.036842886271592254,0.0,15.0,219.0,2025-11-26 20:22:27+00:00,0.6258333333333334,4.55,0.3863013698630137
2025-11-26 21:00:00+00:00,2026-04-17 00:00:00+00:00,ANET,ANET260417P00105000,put,False,105.0,4.3,6.2,5.9,125.04000091552734,0.5172777764892578,0.036842886271592254,0.0,5.0,250.0,2025-11-26 16:57:40+00:00,4.038888888888889,5.25,0.3863013698630137
2025-11-26 21:00:00+00:00,2026-04-17 00:00:00+00:00,ANET,ANET260417P00110000,put,False,110.0,6.1,8.7,7.4,125.04000091552734,0.5448043566894532,0.036842886271592254,0.0,18.0,488.0,2025-11-26 18:00:47+00:00,2.9869444444444446,7.3999999999999995,0.3863013698630137
2025-11-26 21:00:00+00:00,2026-04-17 00:00:00+00:00,ANET,ANET260417P00115000,put,False,115.0,8.4,9.6,9.3,125.04000091552734,0.5023853472900393,0.036842886271592254,0.0,8.0,56.0,2025-11-26 17:23:10+00:00,3.613888888888889,9.0,0.3863013698630137
2025-11-26 21:00:00+00:00,2026-04-17 00:00:00+00:00,ANET,ANET260417P00120000,put,False,120.0,10.9,11.7,11.3,125.04000091552734,0.4961598236083985,0.036842886271592254,0.0,13.0,10.0,2025-11-26 17:36:38+00:00,3.3894444444444445,11.3,0.3863013698630137
2025-11-26 21:00:00+00:00,2026-04-17 00:00:00+00:00,ANET,ANET260417P00125000,put,False,125.0,12.7,14.9,13.28,125.04000091552734,0.5173998455810547,0.036842886271592254,0.0,3.0,20.0,2025-11-26 20:48:00+00:00,0.2,13.8,0.3863013698630137
2025-11-26 21:00:00+00:00,2026-04-17 00:00:00+00:00,ANET,ANET260417P00130000,put,True,130.0,15.7,16.4,19.3,125.04000091552734,0.4758963543701171,0.036842886271592254,0.0,4.0,28.0,2025-11-24 18:57:18+00:00,50.045,16.049999999999997,0.3863013698630137
2025-11-26 21:00:00+00:00,2026-04-17 00:00:00+00:00,ANET,ANET260417P00135000,put,True,135.0,18.0,19.2,19.85,125.04000091552734,0.4683891052246094,0.036842886271592254,0.0,2.0,19.0,2025-11-26 14:40:34+00:00,6.323888888888889,18.6,0.3863013698630137
2025-11-26 21:00:00+00:00,2026-04-17 00:00:00+00:00,ANET,ANET260417P00140000,put,True,140.0,21.4,22.2,23.5,125.04000091552734,0.45953909606933596,0.036842886271592254,0.0,16.0,16.0,2025-11-25 19:00:17+00:00,25.995277777777776,21.799999999999997,0.3863013698630137
2025-11-26 21:00:00+00:00,2026-04-17 00:00:00+00:00,ANET,ANET260417P00145000,put,True,145.0,24.4,26.4,22.0,125.04000091552734,0.4823660162353516,0.036842886271592254,0.0,,19.0,2025-11-12 20:38:15+00:00,336.3625,25.4,0.3863013698630137
2025-11-26 21:00:00+00:00,2026-04-17 00:00:00+00:00,ANET,ANET260417P00150000,put,True,150.0,27.2,29.8,30.4,125.04000091552734,0.47290566162109376,0.036842886271592254,0.0,2.0,20.0,2025-11-26 14:40:34+00:00,6.323888888888889,28.5,0.3863013698630137
2025-11-26 21:00:00+00:00,2026-04-17 00:00:00+00:00,ANET,ANET260417P00155000,put,True,155.0,31.5,33.5,30.0,125.04000091552734,0.4669242761230469,0.036842886271592254,0.0,5.0,7.0,2025-11-14 18:45:03+00:00,290.24916666666667,32.5,0.3863013698630137
2025-11-26 21:00:00+00:00,2026-05-15 00:00:00+00:00,ANET,ANET260515C00060000,call,True,60.0,68.0,71.0,78.8,125.04000091552734,0.8083515258789062,0.036842886271592254,0.0,1.0,8.0,2025-11-10 15:29:58+00:00,389.50055555555554,69.5,0.46301369863013697
2025-11-26 21:00:00+00:00,2026-05-15 00:00:00+00:00,ANET,ANET260515C00065000,call,True,65.0,63.4,66.2,61.53,125.04000091552734,0.7648949291992189,0.036842886271592254,0.0,1.0,9.0,2025-11-18 15:36:49+00:00,197.3863888888889,64.8,0.46301369863013697
2025-11-26 21:00:00+00:00,2026-05-15 00:00:00+00:00,ANET,ANET260515C00070000,call,True,70.0,56.3,59.2,85.57,125.04000091552734,0.637576866455078,0.036842886271592254,0.0,,9.0,2025-10-23 15:07:40+00:00,821.8722222222223,57.75,0.46301369863013697
2025-11-26 21:00:00+00:00,2026-05-15 00:00:00+00:00,ANET,ANET260515C00075000,call,True,75.0,52.0,54.8,80.75,125.04000091552734,0.6295203063964845,0.036842886271592254,0.0,,1.0,2025-10-23 14:35:16+00:00,822.4122222222222,53.4,0.46301369863013697
2025-11-26 21:00:00+00:00,2026-05-15 00:00:00+00:00,ANET,ANET260515C00080000,call,True,80.0,50.1,52.8,66.25,125.04000091552734,0.6804231176757813,0.036842886271592254,0.0,34.0,38.0,2025-11-05 18:56:31+00:00,506.05805555555554,51.45,0.46301369863013697
2025-11-26 21:00:00+00:00,2026-05-15 00:00:00+00:00,ANET,ANET260515C00085000,call,True,85.0,45.9,48.6,53.56,125.04000091552734,0.6589389575195312,0.036842886271592254,0.0,1.0,17.0,2025-11-13 15:34:52+00:00,317.4188888888889,47.25,0.46301369863013697
2025-11-26 21:00:00+00:00,2026-05-15 00:00:00+00:00,ANET,ANET260515C00090000,call,True,90.0,41.8,44.6,40.32,125.04000091552734,0.6399572137451173,0.036842886271592254,0.0,3.0,37.0,2025-11-25 16:53:06+00:00,28.115,43.2,0.46301369863013697
2025-11-26 21:00:00+00:00,2026-05-15 00:00:00+00:00,ANET,ANET260515C00095000,call,True,95.0,37.9,40.7,37.19,125.04000091552734,0.6223182299804688,0.036842886271592254,0.0,1.0,10.0,2025-11-18 17:24:51+00:00,195.58583333333334,39.3,0.46301369863013697
2025-11-26 21:00:00+00:00,2026-05-15 00:00:00+00:00,ANET,ANET260515C00100000,call,True,100.0,34.2,37.8,35.0,125.04000091552734,0.6229896099853516,0.036842886271592254,0.0,2.0,27.0,2025-11-26 14:38:50+00:00,6.352777777777778,36.0,0.46301369863013697
2025-11-26 21:00:00+00:00,2026-05-15 00:00:00+00:00,ANET,ANET260515C00105000,call,True,105.0,31.2,33.2,25.07,125.04000091552734,0.5975382043457032,0.036842886271592254,0.0,1.0,97.0,2025-11-21 20:18:01+00:00,120.69972222222222,32.2,0.46301369863013697
2025-11-26 21:00:00+00:00,2026-05-15 00:00:00+00:00,ANET,ANET260515C00110000,call,True,110.0,27.8,30.3,26.0,125.04000091552734,0.5900919897460939,0.036842886271592254,0.0,10.0,19.0,2025-11-25 15:53:44+00:00,29.104444444444443,29.05,0.46301369863013697
2025-11-26 21:00:00+00:00,2026-05-15 00:00:00+00:00,ANET,ANET260515C00115000,call,True,115.0,25.0,27.0,25.79,125.04000091552734,0.5796550823974609,0.036842886271592254,0.0,3.0,66.0,2025-11-26 16:41:49+00:00,4.303055555555556,26.0,0.46301369863013697
2025-11-26 21:00:00+00:00,2026-05-15 00:00:00+00:00,ANET,ANET260515C00120000,call,True,120.0,22.3,24.1,22.6,125.04000091552734,0.5711712805175782,0.036842886271592254,0.0,1.0,42.0,2025-11-26 17:19:38+00:00,3.6727777777777777,23.200000000000003,0.46301369863013697
2025-11-26 21:00:00+00:00,2026-05-15 00:00:00+00:00,ANET,ANET260515C00125000,call,True,125.0,20.1,21.6,20.68,125.04000091552734,0.5703778314208985,0.036842886271592254,0.0,47.0,57.0,2025-11-26 20:50:37+00:00,0.15638888888888888,20.85,0.46301369863013697
2025-11-26 21:00:00+00:00,2026-05-15 00:00:00+00:00,ANET,ANET260515C00130000,call,False,130.0,17.9,19.9,18.5,125.04000091552734,0.5753826641845703,0.036842886271592254,0.0,23.0,105.0,2025-11-26 20:52:02+00:00,0.13277777777777777,18.9,0.46301369863013697
2025-11-26 21:00:00+00:00,2026-05-15 00:00:00+00:00,ANET,ANET260515C00135000,call,False,135.0,15.2,18.2,16.08,125.04000091552734,0.5675092077636719,0.036842886271592254,0.0,45.0,214.0,2025-11-26 20:50:37+00:00,0.15638888888888888,16.7,0.46301369863013697
2025-11-26 21:00:00+00:00,2026-05-15 00:00:00+00:00,ANET,ANET260515C00140000,call,False,140.0,13.3,14.6,14.04,125.04000091552734,0.5387009020996094,0.036842886271592254,0.0,5.0,143.0,2025-11-26 15:47:16+00:00,5.2122222222222225,13.95,0.46301369863013697
2025-11-26 21:00:00+00:00,2026-05-15 00:00:00+00:00,ANET,ANET260515C00145000,call,False,145.0,11.6,12.9,12.2,125.04000091552734,0.5349777947998047,0.036842886271592254,0.0,7.0,123.0,2025-11-26 16:18:22+00:00,4.693888888888889,12.25,0.46301369863013697
2025-11-26 21:00:00+00:00,2026-05-15 00:00:00+00:00,ANET,ANET260515C00150000,call,False,150.0,10.5,11.3,10.64,125.04000091552734,0.5367477966308594,0.036842886271592254,0.0,2.0,221.0,2025-11-26 17:36:29+00:00,3.3919444444444444,10.9,0.46301369863013697
2025-11-26 21:00:00+00:00,2026-05-15 00:00:00+00:00,ANET,ANET260515C00155000,call,False,155.0,8.8,11.6,9.44,125.04000091552734,0.5537764349365235,0.036842886271592254,0.0,5.0,55.0,2025-11-26 19:25:34+00:00,1.573888888888889,10.2,0.46301369863013697
2025-11-26 21:00:00+00:00,2026-05-15 00:00:00+00:00,ANET,ANET260515C00160000,call,False,160.0,7.7,8.8,8.49,125.04000091552734,0.5282639947509766,0.036842886271592254,0.0,12.0,217.0,2025-11-26 20:59:25+00:00,0.009722222222222222,8.25,0.46301369863013697
2025-11-26 21:00:00+00:00,2026-05-15 00:00:00+00:00,ANET,ANET260515C00165000,call,False,165.0,6.8,9.3,7.0,125.04000091552734,0.5541426422119142,0.036842886271592254,0.0,5.0,85.0,2025-11-26 15:18:18+00:00,5.695,8.05,0.46301369863013697
2025-11-26 21:00:00+00:00,2026-05-15 00:00:00+00:00,ANET,ANET260515C00170000,call,False,170.0,6.0,6.8,5.9,125.04000091552734,0.5288133056640626,0.036842886271592254,0.0,3.0,24.0,2025-11-25 16:44:01+00:00,28.26638888888889,6.4,0.46301369863013697
2025-11-26 21:00:00+00:00,2026-05-15 00:00:00+00:00,ANET,ANET260515C00175000,call,False,175.0,5.2,6.0,5.4,125.04000091552734,0.5279588220214844,0.036842886271592254,0.0,1.0,37.0,2025-11-26 15:18:18+00:00,5.695,5.6,0.46301369863013697
2025-11-26 21:00:00+00:00,2026-05-15 00:00:00+00:00,ANET,ANET260515C00180000,call,False,180.0,4.4,5.3,4.8,125.04000091552734,0.52539537109375,0.036842886271592254,0.0,8.0,89.0,2025-11-26 17:15:26+00:00,3.742777777777778,4.85,0.46301369863013697
2025-11-26 21:00:00+00:00,2026-05-15 00:00:00+00:00,ANET,ANET260515C00185000,call,False,185.0,4.0,4.8,5.91,125.04000091552734,0.5315598602294922,0.036842886271592254,0.0,29.0,46.0,2025-11-13 20:58:03+00:00,312.0325,4.4,0.46301369863013697
2025-11-26 21:00:00+00:00,2026-05-15 00:00:00+00:00,ANET,ANET260515C00190000,call,False,190.0,3.4,4.5,5.3,125.04000091552734,0.5352829675292969,0.036842886271592254,0.0,10.0,163.0,2025-11-13 18:44:31+00:00,314.25805555555553,3.95,0.46301369863013697
2025-11-26 21:00:00+00:00,2026-05-15 00:00:00+00:00,ANET,ANET260515C00195000,call,False,195.0,3.1,3.8,3.62,125.04000091552734,0.5343064147949219,0.036842886271592254,0.0,1.0,99.0,2025-11-19 15:14:10+00:00,173.76388888888889,3.45,0.46301369863013697
2025-11-26 21:00:00+00:00,2026-05-15 00:00:00+00:00,ANET,ANET260515C00200000,call,False,200.0,2.6,4.3,3.04,125.04000091552734,0.5546919531250001,0.036842886271592254,0.0,1.0,160.0,2025-11-26 15:59:30+00:00,5.008333333333334,3.45,0.46301369863013697
2025-11-26 21:00:00+00:00,2026-05-15 00:00:00+00:00,ANET,ANET260515C00210000,call,False,210.0,2.0,2.65,2.0,125.04000091552734,0.5336960693359375,0.036842886271592254,0.0,1.0,200.0,2025-11-21 14:30:13+00:00,126.49638888888889,2.325,0.46301369863013697
2025-11-26 21:00:00+00:00,2026-05-15 00:00:00+00:00,ANET,ANET260515C00220000,call,False,220.0,1.6,2.2,3.05,125.04000091552734,0.5410202148437502,0.036842886271592254,0.0,1.0,45.0,2025-11-14 19:30:41+00:00,289.4886111111111,1.9000000000000001,0.46301369863013697
2025-11-26 21:00:00+00:00,2026-05-15 00:00:00+00:00,ANET,ANET260515C00230000,call,False,230.0,1.25,2.05,2.0,125.04000091552734,0.5545698840332032,0.036842886271592254,0.0,2.0,29.0,2025-11-17 20:58:59+00:00,216.01694444444445,1.65,0.46301369863013697
2025-11-26 21:00:00+00:00,2026-05-15 00:00:00+00:00,ANET,ANET260515C00240000,call,False,240.0,1.15,1.45,1.2,125.04000091552734,0.5553022985839844,0.036842886271592254,0.0,4.0,21.0,2025-11-25 17:18:45+00:00,27.6875,1.2999999999999998,0.46301369863013697
2025-11-26 21:00:00+00:00,2026-05-15 00:00:00+00:00,ANET,ANET260515P00060000,put,False,60.0,0.25,0.95,0.74,125.04000091552734,0.6323278955078125,0.036842886271592254,0.0,1.0,17.0,2025-11-24 19:51:25+00:00,49.143055555555556,0.6,0.46301369863013697
2025-11-26 21:00:00+00:00,2026-05-15 00:00:00+00:00,ANET,ANET260515P00065000,put,False,65.0,0.0,1.95,0.9,125.04000091552734,0.6320837573242188,0.036842886271592254,0.0,3.0,4.0,2025-08-14 19:57:33+00:00,2497.0408333333335,0.975,0.46301369863013697
2025-11-26 21:00:00+00:00,2026-05-15 00:00:00+00:00,ANET,ANET260515P00070000,put,False,70.0,0.85,1.6,1.56,125.04000091552734,0.6025430371093752,0.036842886271592254,0.0,1.0,13.0,2025-11-24 18:06:38+00:00,50.88944444444444,1.225,0.46301369863013697
2025-11-26 21:00:00+00:00,2026-05-15 00:00:00+00:00,ANET,ANET260515P00075000,put,False,75.0,1.35,2.05,2.41,125.04000091552734,0.5908244042968751,0.036842886271592254,0.0,1.0,69.0,2025-11-21 20:11:04+00:00,120.81555555555556,1.7,0.46301369863013697
2025-11-26 21:00:00+00:00,2026-05-15 00:00:00+00:00,ANET,ANET260515P00080000,put,False,80.0,1.5,2.5,2.77,125.04000091552734,0.5566450585937501,0.036842886271592254,0.0,2.0,10.0,2025-11-20 20:26:31+00:00,144.55805555555557,2.0,0.46301369863013697
2025-11-26 21:00:00+00:00,2026-05-15 00:00:00+00:00,ANET,ANET260515P00085000,put,False,85.0,2.0,3.5,2.55,125.04000091552734,0.5506636730957033,0.036842886271592254,0.0,14.0,34.0,2025-11-06 18:42:09+00:00,482.2975,2.75,0.46301369863013697
2025-11-26 21:00:00+00:00,2026-05-15 00:00:00+00:00,ANET,ANET260515P00090000,put,False,90.0,2.8,4.0,4.75,125.04000091552734,0.5295457202148439,0.036842886271592254,0.0,1.0,301.0,2025-11-24 19:51:25+00:00,49.143055555555556,3.4,0.46301369863013697
2025-11-26 21:00:00+00:00,2026-05-15 00:00:00+00:00,ANET,ANET260515P00095000,put,False,95.0,4.4,5.1,5.55,125.04000091552734,0.5369919348144532,0.036842886271592254,0.0,2.0,172.0,2025-11-25 16:42:22+00:00,28.29388888888889,4.75,0.46301369863013697
2025-11-26 21:00:00+00:00,2026-05-15 00:00:00+00:00,ANET,ANET260515P00100000,put,False,100.0,4.8,6.3,5.98,125.04000091552734,0.5097705273437501,0.036842886271592254,0.0,1.0,450.0,2025-11-26 17:31:50+00:00,3.4694444444444446,5.55,0.46301369863013697
2025-11-26 21:00:00+00:00,2026-05-15 00:00:00+00:00,ANET,ANET260515P00105000,put,False,105.0,7.1,7.7,8.7,125.04000091552734,0.5184374328613282,0.036842886271592254,0.0,6.0,289.0,2025-11-25 15:08:12+00:00,29.863333333333333,7.4,0.46301369863013697
2025-11-26 21:00:00+00:00,2026-05-15 00:00:00+00:00,ANET,ANET260515P00110000,put,False,110.0,7.7,9.5,11.3,125.04000091552734,0.5255174401855469,0.036842886271592254,0.0,3.0,478.0,2025-11-24 18:26:58+00:00,50.550555555555555,8.6,0.46301369863013697
2025-11-26 21:00:00+00:00,2026-05-15 00:00:00+00:00,ANET,ANET260515P00115000,put,False,115.0,9.5,12.1,10.9,125.04000091552734,0.5397995239257813,0.036842886271592254,0.0,1.0,141.0,2025-11-26 20:22:17+00:00,0.6286111111111111,10.8,0.46301369863013697
2025-11-26 21:00:00+00:00,2026-05-15 00:00:00+00:00,ANET,ANET260515P00120000,put,False,120.0,11.5,13.6,18.1,125.04000091552734,0.5116625982666017,0.036842886271592254,0.0,1.0,317.0,2025-11-21 15:13:29+00:00,125.77527777777777,12.55,0.46301369863013697
2025-11-26 21:00:00+00:00,2026-05-15 00:00:00+00:00,ANET,ANET260515P00125000,put,False,125.0,13.8,16.0,15.5,125.04000091552734,0.5053760400390624,0.036842886271592254,0.0,4.0,860.0,2025-11-26 16:03:50+00:00,4.936111111111111,14.9,0.46301369863013697
2025-11-26 21:00:00+00:00,2026-05-15 00:00:00+00:00,ANET,ANET260515P00130000,put,True,130.0,17.7,18.6,20.4,125.04000091552734,0.49860120544433595,0.036842886271592254,0.0,9.0,117.0,2025-11-25 15:35:14+00:00,29.412777777777777,18.15,0.46301369863013697
2025-11-26 21:00:00+00:00,2026-05-15 00:00:00+00:00,ANET,ANET260515P00135000,put,True,135.0,19.2,21.5,21.1,125.04000091552734,0.4942677526855469,0.036842886271592254,0.0,2.0,135.0,2025-11-26 16:50:04+00:00,4.165555555555556,20.35,0.46301369863013697
2025-11-26 21:00:00+00:00,2026-05-15 00:00:00+00:00,ANET,ANET260515P00140000,put,True,140.0,23.5,24.6,24.4,125.04000091552734,0.4897511962890626,0.036842886271592254,0.0,4.0,744.0,2025-11-26 17:15:21+00:00,3.7441666666666666,24.05,0.46301369863013697
2025-11-26 21:00:00+00:00,2026-05-15 00:00:00+00:00,ANET,ANET260515P00145000,put,True,145.0,26.4,28.3,29.83,125.04000091552734,0.4971363763427735,0.036842886271592254,0.0,1.0,28.0,2025-11-25 15:46:27+00:00,29.225833333333334,27.35,0.46301369863013697
2025-11-26 21:00:00+00:00,2026-05-15 00:00:00+00:00,ANET,ANET260515P00150000,put,True,150.0,29.8,31.7,27.5,125.04000091552734,0.4904836108398438,0.036842886271592254,0.0,7.0,52.0,2025-11-12 20:28:24+00:00,336.52666666666664,30.75,0.46301369863013697
2025-11-26 21:00:00+00:00,2026-05-15 00:00:00+00:00,ANET,ANET260515P00155000,put,True,155.0,33.5,35.2,27.0,125.04000091552734,0.481450498046875,0.036842886271592254,0.0,1.0,56.0,2025-11-05 16:13:37+00:00,508.7730555555556,34.35,0.46301369863013697
2025-11-26 21:00:00+00:00,2026-05-15 00:00:00+00:00,ANET,ANET260515P00160000,put,True,160.0,36.5,39.1,39.0,125.04000091552734,0.47998566894531247,0.036842886271592254,0.0,1.0,36.0,2025-11-26 15:03:41+00:00,5.938611111111111,37.8,0.46301369863013697
2025-11-26 21:00:00+00:00,2026-05-15 00:00:00+00:00,ANET,ANET260515P00165000,put,True,165.0,41.2,43.1,29.4,125.04000091552734,0.4771780798339844,0.036842886271592254,0.0,3.0,5.0,2025-11-04 15:13:04+00:00,533.7822222222222,42.150000000000006,0.46301369863013697
2025-11-26 21:00:00+00:00,2026-05-15 00:00:00+00:00,ANET,ANET260515P00170000,put,True,170.0,45.1,47.2,40.4,125.04000091552734,0.4733939379882813,0.036842886271592254,0.0,5.0,26.0,2025-11-10 14:55:23+00:00,390.07694444444445,46.150000000000006,0.46301369863013697
2025-11-26 21:00:00+00:00,2026-05-15 00:00:00+00:00,ANET,ANET260515P00175000,put,True,175.0,49.2,51.3,35.7,125.04000091552734,0.4647270324707031,0.036842886271592254,0.0,1.0,12.0,2025-11-04 15:12:18+00:00,533.795,50.25,0.46301369863013697
2025-11-26 21:00:00+00:00,2026-05-15 00:00:00+00:00,ANET,ANET260515P00180000,put,True,180.0,50.9,53.1,41.22,125.04000091552734,0.31519239501953117,0.036842886271592254,0.0,2.0,15.0,2025-10-06 19:34:05+00:00,1225.4319444444445,52.0,0.46301369863013697
2025-11-26 21:00:00+00:00,2026-05-15 00:00:00+00:00,ANET,ANET260515P00185000,put,True,185.0,43.2,45.9,44.6,125.04000091552734,1.0000000000000003e-05,0.036842886271592254,0.0,4.0,4.0,2025-09-10 13:44:38+00:00,1855.256111111111,44.55,0.46301369863013697
2025-11-26 21:00:00+00:00,2026-05-15 00:00:00+00:00,ANET,ANET260515P00190000,put,True,190.0,45.9,49.1,44.8,125.04000091552734,1.0000000000000003e-05,0.036842886271592254,0.0,,4.0,2025-09-11 13:52:11+00:00,1831.1302777777778,47.5,0.46301369863013697
2025-11-26 21:00:00+00:00,2026-05-15 00:00:00+00:00,ANET,ANET260515P00195000,put,True,195.0,63.9,66.7,47.4,125.04000091552734,1.0000000000000003e-05,0.036842886271592254,0.0,4.0,8.0,2025-10-10 13:50:20+00:00,1135.161111111111,65.3,0.46301369863013697
2025-11-26 21:00:00+00:00,2026-05-15 00:00:00+00:00,ANET,ANET260515P00200000,put,True,200.0,68.4,71.4,51.2,125.04000091552734,1.0000000000000003e-05,0.036842886271592254,0.0,4.0,4.0,2025-10-10 13:49:43+00:00,1135.171388888889,69.9,0.46301369863013697
2025-11-26 21:00:00+00:00,2026-05-15 00:00:00+00:00,ANET,ANET260515P00210000,put,True,210.0,81.2,83.5,84.9,125.04000091552734,0.4547173669433594,0.036842886271592254,0.0,4.0,5.0,2025-11-17 19:42:29+00:00,217.29194444444445,82.35,0.46301369863013697
2025-11-26 21:00:00+00:00,2026-05-15 00:00:00+00:00,ANET,ANET260515P00220000,put,True,220.0,91.1,93.3,88.3,125.04000091552734,0.46802289794921875,0.036842886271592254,0.0,4.0,0.0,2025-11-13 17:57:05+00:00,315.0486111111111,92.19999999999999,0.46301369863013697
2025-11-26 21:00:00+00:00,2026-05-15 00:00:00+00:00,ANET,ANET260515P00230000,put,True,230.0,100.2,104.1,97.78,125.04000091552734,0.5625043750000001,0.036842886271592254,0.0,4.0,0.0,2025-11-13 17:55:55+00:00,315.06805555555553,102.15,0.46301369863013697
2025-11-26 21:00:00+00:00,2026-06-18 00:00:00+00:00,ANET,ANET260618C00035000,call,True,35.0,89.2,92.8,118.65,125.04000091552734,0.76367423828125,0.036842886271592254,0.0,12.0,56.0,2025-10-23 15:09:03+00:00,821.8491666666666,91.0,0.5561643835616439
2025-11-26 21:00:00+00:00,2026-06-18 00:00:00+00:00,ANET,ANET260618C00040000,call,True,40.0,84.0,88.1,113.7,125.04000091552734,0.8115253222656249,0.036842886271592254,0.0,48.0,43.0,2025-10-23 15:08:44+00:00,821.8544444444444,86.05,0.5561643835616439
2025-11-26 21:00:00+00:00,2026-06-18 00:00:00+00:00,ANET,ANET260618C00045000,call,True,45.0,79.5,83.2,108.4,125.04000091552734,0.7607445800781252,0.036842886271592254,0.0,22.0,15.0,2025-10-23 14:56:24+00:00,822.06,81.35,0.5561643835616439
2025-11-26 21:00:00+00:00,2026-06-18 00:00:00+00:00,ANET,ANET260618C00050000,call,True,50.0,77.5,81.4,85.88,125.04000091552734,0.8850109155273438,0.036842886271592254,0.0,3.0,77.0,2025-11-07 17:50:37+00:00,459.1563888888889,79.45,0.5561643835616439
2025-11-26 21:00:00+00:00,2026-06-18 00:00:00+00:00,ANET,ANET260618C00055000,call,True,55.0,73.2,76.7,106.1,125.04000091552734,0.8579115771484375,0.036842886271592254,0.0,4.0,20.0,2025-10-29 15:17:40+00:00,677.7055555555555,74.95,0.5561643835616439
2025-11-26 21:00:00+00:00,2026-06-18 00:00:00+00:00,ANET,ANET260618C00060000,call,True,60.0,66.0,68.8,94.94,125.04000091552734,0.6589389575195312,0.036842886271592254,0.0,4.0,30.0,2025-10-23 14:29:57+00:00,822.5008333333334,67.4,0.5561643835616439
2025-11-26 21:00:00+00:00,2026-06-18 00:00:00+00:00,ANET,ANET260618C00065000,call,True,65.0,63.9,66.9,96.9,125.04000091552734,0.7482935327148439,0.036842886271592254,0.0,16.0,58.0,2025-10-29 15:12:23+00:00,677.7936111111111,65.4,0.5561643835616439
2025-11-26 21:00:00+00:00,2026-06-18 00:00:00+00:00,ANET,ANET260618C00070000,call,True,70.0,59.5,62.5,67.6,125.04000091552734,0.7231472998046875,0.036842886271592254,0.0,1.0,271.0,2025-11-06 17:50:35+00:00,483.15694444444443,61.0,0.5561643835616439
2025-11-26 21:00:00+00:00,2026-06-18 00:00:00+00:00,ANET,ANET260618C00075000,call,True,75.0,55.1,58.3,59.48,125.04000091552734,0.6999541723632813,0.036842886271592254,0.0,1.0,714.0,2025-11-13 20:15:12+00:00,312.74666666666667,56.7,0.5561643835616439
2025-11-26 21:00:00+00:00,2026-06-18 00:00:00+00:00,ANET,ANET260618C00080000,call,True,80.0,50.8,53.7,44.65,125.04000091552734,0.6649203430175783,0.036842886271592254,0.0,4.0,163.0,2025-11-21 15:16:24+00:00,125.72666666666667,52.25,0.5561643835616439
2025-11-26 21:00:00+00:00,2026-06-18 00:00:00+00:00,ANET,ANET260618C00085000,call,True,85.0,46.7,49.7,53.64,125.04000091552734,0.647464462890625,0.036842886271592254,0.0,2.0,477.0,2025-11-13 16:38:28+00:00,316.3588888888889,48.2,0.5561643835616439
2025-11-26 21:00:00+00:00,2026-06-18 00:00:00+00:00,ANET,ANET260618C00090000,call,True,90.0,42.8,45.6,38.5,125.04000091552734,0.6274451318359376,0.036842886271592254,0.0,1.0,937.0,2025-11-24 15:16:35+00:00,53.72361111111111,44.2,0.5561643835616439
2025-11-26 21:00:00+00:00,2026-06-18 00:00:00+00:00,ANET,ANET260618C00095000,call,True,95.0,39.2,41.5,38.2,125.04000091552734,0.6090737335205079,0.036842886271592254,0.0,3.0,494.0,2025-11-25 18:27:53+00:00,26.53527777777778,40.35,0.5561643835616439
2025-11-26 21:00:00+00:00,2026-06-18 00:00:00+00:00,ANET,ANET260618C00100000,call,True,100.0,35.5,38.2,36.1,125.04000091552734,0.5988809643554689,0.036842886271592254,0.0,3.0,2055.0,2025-11-26 17:15:17+00:00,3.745277777777778,36.85,0.5561643835616439
2025-11-26 21:00:00+00:00,2026-06-18 00:00:00+00:00,ANET,ANET260618C00105000,call,True,105.0,32.0,34.5,35.7,125.04000091552734,0.5800823242187501,0.036842886271592254,0.0,2.0,286.0,2025-11-20 14:44:33+00:00,150.2575,33.25,0.5561643835616439
2025-11-26 21:00:00+00:00,2026-06-18 00:00:00+00:00,ANET,ANET260618C00110000,call,True,110.0,29.3,31.4,27.1,125.04000091552734,0.5787395642089843,0.036842886271592254,0.0,1.0,856.0,2025-11-24 19:42:19+00:00,49.29472222222222,30.35,0.5561643835616439
2025-11-26 21:00:00+00:00,2026-06-18 00:00:00+00:00,ANET,ANET260618C00115000,call,True,115.0,26.0,28.4,24.0,125.04000091552734,0.5641523077392578,0.036842886271592254,0.0,8.0,657.0,2025-11-24 20:57:17+00:00,48.04527777777778,27.2,0.5561643835616439
2025-11-26 21:00:00+00:00,2026-06-18 00:00:00+00:00,ANET,ANET260618C00120000,call,True,120.0,24.5,26.2,24.5,125.04000091552734,0.5816081878662109,0.036842886271592254,0.0,11.0,949.0,2025-11-26 19:54:07+00:00,1.0980555555555556,25.35,0.5561643835616439
2025-11-26 21:00:00+00:00,2026-06-18 00:00:00+00:00,ANET,ANET260618C00125000,call,True,125.0,21.4,24.4,22.5,125.04000091552734,0.5762981823730469,0.036842886271592254,0.0,2.0,503.0,2025-11-26 18:22:36+00:00,2.6233333333333335,22.9,0.5561643835616439
2025-11-26 21:00:00+00:00,2026-06-18 00:00:00+00:00,ANET,ANET260618C00130000,call,False,130.0,19.2,21.0,19.9,125.04000091552734,0.5571333349609376,0.036842886271592254,0.0,22.0,1354.0,2025-11-26 16:21:16+00:00,4.645555555555555,20.1,0.5561643835616439
2025-11-26 21:00:00+00:00,2026-06-18 00:00:00+00:00,ANET,ANET260618C00135000,call,False,135.0,16.5,20.0,17.5,125.04000091552734,0.5588423022460938,0.036842886271592254,0.0,6.0,181.0,2025-11-26 17:08:35+00:00,3.8569444444444443,18.25,0.5561643835616439
2025-11-26 21:00:00+00:00,2026-06-18 00:00:00+00:00,ANET,ANET260618C00140000,call,False,140.0,15.5,17.3,16.29,125.04000091552734,0.5561567822265626,0.036842886271592254,0.0,62.0,383.0,2025-11-26 20:13:59+00:00,0.7669444444444444,16.4,0.5561643835616439
2025-11-26 21:00:00+00:00,2026-06-18 00:00:00+00:00,ANET,ANET260618C00145000,call,False,145.0,13.0,16.3,14.1,125.04000091552734,0.5520064331054688,0.036842886271592254,0.0,2.0,455.0,2025-11-26 16:16:34+00:00,4.723888888888889,14.65,0.5561643835616439
2025-11-26 21:00:00+00:00,2026-06-18 00:00:00+00:00,ANET,ANET260618C00150000,call,False,150.0,12.2,13.3,12.7,125.04000091552734,0.5397995239257813,0.036842886271592254,0.0,5.0,299.0,2025-11-26 19:09:32+00:00,1.8411111111111111,12.75,0.5561643835616439
2025-11-26 21:00:00+00:00,2026-06-18 00:00:00+00:00,ANET,ANET260618C00155000,call,False,155.0,10.6,11.6,11.2,125.04000091552734,0.5302781347656251,0.036842886271592254,0.0,1.0,230.0,2025-11-26 15:58:08+00:00,5.0311111111111115,11.1,0.5561643835616439
2025-11-26 21:00:00+00:00,2026-06-18 00:00:00+00:00,ANET,ANET260618C00160000,call,False,160.0,9.2,11.0,9.0,125.04000091552734,0.5349777947998047,0.036842886271592254,0.0,1.0,191.0,2025-11-25 14:55:31+00:00,30.07472222222222,10.1,0.5561643835616439
2025-11-26 21:00:00+00:00,2026-06-18 00:00:00+00:00,ANET,ANET260618C00165000,call,False,165.0,8.0,9.5,8.0,125.04000091552734,0.5264329583740235,0.036842886271592254,0.0,2.0,300.0,2025-11-25 14:52:48+00:00,30.12,8.75,0.5561643835616439
2025-11-26 21:00:00+00:00,2026-06-18 00:00:00+00:00,ANET,ANET260618C00170000,call,False,170.0,7.2,9.8,7.31,125.04000091552734,0.547001600341797,0.036842886271592254,0.0,1.0,167.0,2025-11-25 20:56:19+00:00,24.06138888888889,8.5,0.5561643835616439
2025-11-26 21:00:00+00:00,2026-06-18 00:00:00+00:00,ANET,ANET260618C00175000,call,False,175.0,6.5,7.3,6.53,125.04000091552734,0.5241746801757812,0.036842886271592254,0.0,2.0,71.0,2025-11-25 15:00:19+00:00,29.994722222222222,6.9,0.5561643835616439
2025-11-26 21:00:00+00:00,2026-06-18 00:00:00+00:00,ANET,ANET260618C00180000,call,False,180.0,5.6,8.2,6.7,125.04000091552734,0.5485884985351563,0.036842886271592254,0.0,5.0,612.0,2025-11-26 17:50:58+00:00,3.1505555555555556,6.8999999999999995,0.5561643835616439
2025-11-26 21:00:00+00:00,2026-06-18 00:00:00+00:00,ANET,ANET260618C00185000,call,False,185.0,4.9,7.1,5.7,125.04000091552734,0.5419967675781252,0.036842886271592254,0.0,2.0,364.0,2025-11-19 16:03:18+00:00,172.945,6.0,0.5561643835616439
2025-11-26 21:00:00+00:00,2026-06-18 00:00:00+00:00,ANET,ANET260618C00190000,call,False,190.0,4.4,5.5,5.27,125.04000091552734,0.5266160620117188,0.036842886271592254,0.0,1.0,22.0,2025-11-19 15:14:10+00:00,173.76388888888889,4.95,0.5561643835616439
2025-11-26 21:00:00+00:00,2026-06-18 00:00:00+00:00,ANET,ANET260618C00195000,call,False,195.0,3.8,4.9,4.75,125.04000091552734,0.5242357147216796,0.036842886271592254,0.0,1.0,181.0,2025-11-18 17:01:13+00:00,195.97972222222222,4.35,0.5561643835616439
2025-11-26 21:00:00+00:00,2026-06-18 00:00:00+00:00,ANET,ANET260618C00200000,call,False,200.0,3.6,4.2,3.25,125.04000091552734,0.5252733020019531,0.036842886271592254,0.0,50.0,659.0,2025-11-25 14:30:01+00:00,30.49972222222222,3.9000000000000004,0.5561643835616439
2025-11-26 21:00:00+00:00,2026-06-18 00:00:00+00:00,ANET,ANET260618C00210000,call,False,210.0,2.85,3.8,3.2,125.04000091552734,0.5358933129882812,0.036842886271592254,0.0,53.0,222.0,2025-11-25 17:26:53+00:00,27.551944444444445,3.325,0.5561643835616439
2025-11-26 21:00:00+00:00,2026-06-18 00:00:00+00:00,ANET,ANET260618C00220000,call,False,220.0,2.2,2.95,2.09,125.04000091552734,0.5316208947753907,0.036842886271592254,0.0,1.0,719.0,2025-11-21 18:30:33+00:00,122.49083333333333,2.575,0.5561643835616439
2025-11-26 21:00:00+00:00,2026-06-18 00:00:00+00:00,ANET,ANET260618C00230000,call,False,230.0,1.85,2.55,2.19,125.04000091552734,0.540287800292969,0.036842886271592254,0.0,2.0,139.0,2025-11-26 19:51:04+00:00,1.1488888888888888,2.2,0.5561643835616439
2025-11-26 21:00:00+00:00,2026-06-18 00:00:00+00:00,ANET,ANET260618C00240000,call,False,240.0,1.45,2.2,1.7,125.04000091552734,0.5441940112304688,0.036842886271592254,0.0,1.0,62.0,2025-11-25 20:19:16+00:00,24.67888888888889,1.8250000000000002,0.5561643835616439
2025-11-26 21:00:00+00:00,2026-06-18 00:00:00+00:00,ANET,ANET260618P00035000,put,False,35.0,0.05,2.35,0.3,125.04000091552734,1.0849655126953124,0.036842886271592254,0.0,3.0,3.0,2025-09-05 15:54:47+00:00,1973.0869444444445,1.2,0.5561643835616439
2025-11-26 21:00:00+00:00,2026-06-18 00:00:00+00:00,ANET,ANET260618P00040000,put,False,40.0,0.0,0.6,0.25,125.04000091552734,0.7607445800781252,0.036842886271592254,0.0,2.0,46.0,2025-11-21 14:30:13+00:00,126.49638888888889,0.3,0.5561643835616439
2025-11-26 21:00:00+00:00,2026-06-18 00:00:00+00:00,ANET,ANET260618P00045000,put,False,45.0,0.0,2.5,0.5,125.04000091552734,0.8955088574218748,0.036842886271592254,0.0,1.0,259.0,2025-09-04 19:28:13+00:00,1993.5297222222223,1.25,0.5561643835616439
2025-11-26 21:00:00+00:00,2026-06-18 00:00:00+00:00,ANET,ANET260618P00050000,put,False,50.0,0.0,0.0,0.7,125.04000091552734,0.2500075,0.036842886271592254,0.0,1.0,0.0,2025-09-15 19:47:32+00:00,1729.2077777777777,0.0,0.5561643835616439
2025-11-26 21:00:00+00:00,2026-06-18 00:00:00+00:00,ANET,ANET260618P00055000,put,False,55.0,0.4,1.3,0.6,125.04000091552734,0.6806672558593752,0.036842886271592254,0.0,10.0,450.0,2025-11-13 18:31:13+00:00,314.4797222222222,0.8500000000000001,0.5561643835616439
2025-11-26 21:00:00+00:00,2026-06-18 00:00:00+00:00,ANET,ANET260618P00060000,put,False,60.0,0.4,1.55,0.76,125.04000091552734,0.6359899682617188,0.036842886271592254,0.0,1.0,293.0,2025-11-20 16:51:45+00:00,148.1375,0.9750000000000001,0.5561643835616439
2025-11-26 21:00:00+00:00,2026-06-18 00:00:00+00:00,ANET,ANET260618P00065000,put,False,65.0,0.7,1.2,1.3,125.04000091552734,0.5737347314453125,0.036842886271592254,0.0,5.0,559.0,2025-11-25 14:59:48+00:00,30.003333333333334,0.95,0.5561643835616439
2025-11-26 21:00:00+00:00,2026-06-18 00:00:00+00:00,ANET,ANET260618P00070000,put,False,70.0,1.25,1.75,2.24,125.04000091552734,0.5776409423828125,0.036842886271592254,0.0,1.0,526.0,2025-11-21 18:06:51+00:00,122.88583333333334,1.5,0.5561643835616439
2025-11-26 21:00:00+00:00,2026-06-18 00:00:00+00:00,ANET,ANET260618P00075000,put,False,75.0,1.75,2.1,2.45,125.04000091552734,0.5576216113281252,0.036842886271592254,0.0,4.0,360.0,2025-11-18 20:03:18+00:00,192.945,1.925,0.5561643835616439
2025-11-26 21:00:00+00:00,2026-06-18 00:00:00+00:00,ANET,ANET260618P00080000,put,False,80.0,2.3,3.2,2.81,125.04000091552734,0.5587202331542969,0.036842886271592254,0.0,1.0,1905.0,2025-11-26 14:37:58+00:00,6.367222222222222,2.75,0.5561643835616439
2025-11-26 21:00:00+00:00,2026-06-18 00:00:00+00:00,ANET,ANET260618P00085000,put,False,85.0,3.3,3.8,5.2,125.04000091552734,0.5476119458007813,0.036842886271592254,0.0,51.0,447.0,2025-11-21 18:23:45+00:00,122.60416666666667,3.55,0.5561643835616439
2025-11-26 21:00:00+00:00,2026-06-18 00:00:00+00:00,ANET,ANET260618P00090000,put,False,90.0,4.1,4.8,5.11,125.04000091552734,0.5345505529785157,0.036842886271592254,0.0,18.0,448.0,2025-11-25 15:40:44+00:00,29.32111111111111,4.449999999999999,0.5561643835616439
2025-11-26 21:00:00+00:00,2026-06-18 00:00:00+00:00,ANET,ANET260618P00095000,put,False,95.0,5.3,6.7,6.35,125.04000091552734,0.5421798712158206,0.036842886271592254,0.0,3.0,465.0,2025-11-25 16:13:25+00:00,28.77638888888889,6.0,0.5561643835616439
2025-11-26 21:00:00+00:00,2026-06-18 00:00:00+00:00,ANET,ANET260618P00100000,put,False,100.0,6.2,7.7,7.75,125.04000091552734,0.5180712255859375,0.036842886271592254,0.0,3.0,1837.0,2025-11-25 16:13:25+00:00,28.77638888888889,6.95,0.5561643835616439
2025-11-26 21:00:00+00:00,2026-06-18 00:00:00+00:00,ANET,ANET260618P00105000,put,False,105.0,7.5,9.1,9.5,125.04000091552734,0.5038501763916017,0.036842886271592254,0.0,20.0,516.0,2025-11-25 15:07:48+00:00,29.87,8.3,0.5561643835616439
2025-11-26 21:00:00+00:00,2026-06-18 00:00:00+00:00,ANET,ANET260618P00110000,put,False,110.0,9.9,11.0,12.05,125.04000091552734,0.5094043200683593,0.036842886271592254,0.0,5.0,1181.0,2025-11-24 19:25:53+00:00,49.56861111111111,10.45,0.5561643835616439
2025-11-26 21:00:00+00:00,2026-06-18 00:00:00+00:00,ANET,ANET260618P00115000,put,False,115.0,11.1,12.9,13.49,125.04000091552734,0.5161791546630858,0.036842886271592254,0.0,1.0,184.0,2025-11-25 14:51:46+00:00,30.13722222222222,12.0,0.5561643835616439
2025-11-26 21:00:00+00:00,2026-06-18 00:00:00+00:00,ANET,ANET260618P00120000,put,False,120.0,14.1,14.8,17.1,125.04000091552734,0.5006153454589843,0.036842886271592254,0.0,2.0,815.0,2025-11-24 19:13:10+00:00,49.78055555555556,14.45,0.5561643835616439
2025-11-26 21:00:00+00:00,2026-06-18 00:00:00+00:00,ANET,ANET260618P00125000,put,False,125.0,16.4,17.2,19.8,125.04000091552734,0.49377947631835944,0.036842886271592254,0.0,3.0,395.0,2025-11-24 19:13:10+00:00,49.78055555555556,16.799999999999997,0.5561643835616439
2025-11-26 21:00:00+00:00,2026-06-18 00:00:00+00:00,ANET,ANET260618P00130000,put,True,130.0,18.9,20.2,22.5,125.04000091552734,0.4975636181640626,0.036842886271592254,0.0,25.0,670.0,2025-11-24 19:33:28+00:00,49.44222222222222,19.549999999999997,0.5561643835616439
2025-11-26 21:00:00+00:00,2026-06-18 00:00:00+00:00,ANET,ANET260618P00135000,put,True,135.0,21.7,23.6,28.7,125.04000091552734,0.5064136273193358,0.036842886271592254,0.0,5.0,1427.0,2025-11-21 16:01:58+00:00,124.96722222222222,22.65,0.5561643835616439
2025-11-26 21:00:00+00:00,2026-06-18 00:00:00+00:00,ANET,ANET260618P00140000,put,True,140.0,24.0,25.8,25.4,125.04000091552734,0.47876497802734375,0.036842886271592254,0.0,10.0,525.0,2025-11-26 18:12:33+00:00,2.7908333333333335,24.9,0.5561643835616439
2025-11-26 21:00:00+00:00,2026-06-18 00:00:00+00:00,ANET,ANET260618P00145000,put,True,145.0,27.7,29.5,32.4,125.04000091552734,0.48590601989746096,0.036842886271592254,0.0,17.0,54.0,2025-11-24 19:34:33+00:00,49.424166666666665,28.6,0.5561643835616439
2025-11-26 21:00:00+00:00,2026-06-18 00:00:00+00:00,ANET,ANET260618P00150000,put,True,150.0,30.9,33.2,35.6,125.04000091552734,0.48883567810058604,0.036842886271592254,0.0,38.0,145.0,2025-11-24 20:22:34+00:00,48.62388888888889,32.05,0.5561643835616439
2025-11-26 21:00:00+00:00,2026-06-18 00:00:00+00:00,ANET,ANET260618P00155000,put,True,155.0,34.6,36.5,44.05,125.04000091552734,0.4764761825561523,0.036842886271592254,0.0,4.0,80.0,2025-11-21 15:40:34+00:00,125.32388888888889,35.55,0.5561643835616439
2025-11-26 21:00:00+00:00,2026-06-18 00:00:00+00:00,ANET,ANET260618P00160000,put,True,160.0,38.3,40.4,44.5,125.04000091552734,0.4766898034667969,0.036842886271592254,0.0,3.0,137.0,2025-11-24 17:29:47+00:00,51.50361111111111,39.349999999999994,0.5561643835616439
2025-11-26 21:00:00+00:00,2026-06-18 00:00:00+00:00,ANET,ANET260618P00165000,put,True,165.0,42.1,44.3,27.8,125.04000091552734,0.47308876525878907,0.036842886271592254,0.0,65.0,69.0,2025-10-30 15:00:34+00:00,653.9905555555556,43.2,0.5561643835616439
2025-11-26 21:00:00+00:00,2026-06-18 00:00:00+00:00,ANET,ANET260618P00170000,put,True,170.0,46.1,48.2,51.5,125.04000091552734,0.465398412475586,0.036842886271592254,0.0,2.0,5.0,2025-11-24 20:22:40+00:00,48.62222222222222,47.150000000000006,0.5561643835616439
2025-11-26 21:00:00+00:00,2026-06-18 00:00:00+00:00,ANET,ANET260618P00175000,put,True,175.0,47.4,49.5,47.3,125.04000091552734,0.3501041552734374,0.036842886271592254,0.0,4.0,4.0,2025-10-14 13:43:34+00:00,1039.273888888889,48.45,0.5561643835616439
2025-11-26 21:00:00+00:00,2026-06-18 00:00:00+00:00,ANET,ANET260618P00180000,put,True,180.0,54.3,56.6,65.01,125.04000091552734,0.45819633605957044,0.036842886271592254,0.0,6.0,12.0,2025-11-21 18:11:58+00:00,122.80055555555556,55.45,0.5561643835616439
2025-11-26 21:00:00+00:00,2026-06-18 00:00:00+00:00,ANET,ANET260618P00185000,put,True,185.0,44.0,46.7,45.69,125.04000091552734,1.0000000000000003e-05,0.036842886271592254,0.0,4.0,8.0,2025-09-10 13:44:57+00:00,1855.2508333333333,45.35,0.5561643835616439
2025-11-26 21:00:00+00:00,2026-06-18 00:00:00+00:00,ANET,ANET260618P00190000,put,True,190.0,48.1,50.1,46.5,125.04000091552734,1.0000000000000003e-05,0.036842886271592254,0.0,4.0,8.0,2025-09-11 13:53:24+00:00,1831.11,49.1,0.5561643835616439
2025-11-26 21:00:00+00:00,2026-06-18 00:00:00+00:00,ANET,ANET260618P00195000,put,True,195.0,64.5,67.0,48.25,125.04000091552734,1.0000000000000003e-05,0.036842886271592254,0.0,4.0,4.0,2025-10-10 14:17:59+00:00,1134.7002777777777,65.75,0.5561643835616439
2025-11-26 21:00:00+00:00,2026-06-18 00:00:00+00:00,ANET,ANET260618P00200000,put,True,200.0,71.5,74.5,75.4,125.04000091552734,0.445318046875,0.036842886271592254,0.0,1.0,18.0,2025-11-17 20:12:36+00:00,216.79,73.0,0.5561643835616439
2025-11-26 21:00:00+00:00,2026-06-18 00:00:00+00:00,ANET,ANET260618P00210000,put,True,210.0,80.8,83.9,85.4,125.04000091552734,0.44287666503906253,0.036842886271592254,0.0,4.0,14.0,2025-11-17 19:45:31+00:00,217.24138888888888,82.35,0.5561643835616439
2025-11-26 21:00:00+00:00,2026-06-18 00:00:00+00:00,ANET,ANET260618P00220000,put,True,220.0,91.0,93.5,88.7,125.04000091552734,0.44385321777343745,0.036842886271592254,0.0,4.0,8.0,2025-11-13 17:59:02+00:00,315.0161111111111,92.25,0.5561643835616439
2025-11-26 21:00:00+00:00,2026-06-18 00:00:00+00:00,ANET,ANET260618P00230000,put,True,230.0,100.2,104.1,98.3,125.04000091552734,0.5136767382812499,0.036842886271592254,0.0,4.0,0.0,2025-11-13 18:01:54+00:00,314.9683333333333,102.15,0.5561643835616439
2025-11-26 21:00:00+00:00,2026-09-18 00:00:00+00:00,ANET,ANET260918C00050000,call,True,50.0,78.5,82.0,85.65,125.04000091552734,0.8083515258789062,0.036842886271592254,0.0,1.0,30.0,2025-11-14 16:08:12+00:00,292.86333333333334,80.25,0.8082191780821918
2025-11-26 21:00:00+00:00,2026-09-18 00:00:00+00:00,ANET,ANET260918C00055000,call,True,55.0,71.5,74.7,100.7,125.04000091552734,0.5007374145507812,0.036842886271592254,0.0,20.0,10.0,2025-10-23 14:33:42+00:00,822.4383333333334,73.1,0.8082191780821918
2025-11-26 21:00:00+00:00,2026-09-18 00:00:00+00:00,ANET,ANET260918C00060000,call,True,60.0,67.0,70.2,96.05,125.04000091552734,0.5246629565429688,0.036842886271592254,0.0,72.0,55.0,2025-10-23 14:34:11+00:00,822.4302777777777,68.6,0.8082191780821918
2025-11-26 21:00:00+00:00,2026-09-18 00:00:00+00:00,ANET,ANET260918C00065000,call,True,65.0,62.8,65.8,93.3,125.04000091552734,0.5410202148437502,0.036842886271592254,0.0,1.0,17.0,2025-10-24 18:41:45+00:00,794.3041666666667,64.3,0.8082191780821918
2025-11-26 21:00:00+00:00,2026-09-18 00:00:00+00:00,ANET,ANET260918C00070000,call,True,70.0,61.0,64.1,62.58,125.04000091552734,0.6821320849609377,0.036842886271592254,0.0,2.0,80.0,2025-11-17 18:12:59+00:00,218.7836111111111,62.55,0.8082191780821918
2025-11-26 21:00:00+00:00,2026-09-18 00:00:00+00:00,ANET,ANET260918C00075000,call,True,75.0,57.0,60.1,64.14,125.04000091552734,0.6668734484863283,0.036842886271592254,0.0,2.0,19.0,2025-11-14 20:03:31+00:00,288.94138888888887,58.55,0.8082191780821918
2025-11-26 21:00:00+00:00,2026-09-18 00:00:00+00:00,ANET,ANET260918C00080000,call,True,80.0,53.0,56.1,52.19,125.04000091552734,0.6476475665283203,0.036842886271592254,0.0,1.0,13.0,2025-11-25 20:56:47+00:00,24.05361111111111,54.55,0.8082191780821918
2025-11-26 21:00:00+00:00,2026-09-18 00:00:00+00:00,ANET,ANET260918C00085000,call,True,85.0,49.2,52.9,50.37,125.04000091552734,0.6434361828613282,0.036842886271592254,0.0,3.0,72.0,2025-11-26 16:42:37+00:00,4.289722222222222,51.05,0.8082191780821918
2025-11-26 21:00:00+00:00,2026-09-18 00:00:00+00:00,ANET,ANET260918C00090000,call,True,90.0,45.5,48.6,46.7,125.04000091552734,0.6174965008544924,0.036842886271592254,0.0,1.0,140.0,2025-11-26 16:42:37+00:00,4.289722222222222,47.05,0.8082191780821918
2025-11-26 21:00:00+00:00,2026-09-18 00:00:00+00:00,ANET,ANET260918C00095000,call,True,95.0,41.5,45.7,42.8,125.04000091552734,0.6066323516845704,0.036842886271592254,0.0,2.0,87.0,2025-11-17 19:02:43+00:00,217.95472222222222,43.6,0.8082191780821918
2025-11-26 21:00:00+00:00,2026-09-18 00:00:00+00:00,ANET,ANET260918C00100000,call,True,100.0,39.1,41.5,40.1,125.04000091552734,0.5963175134277343,0.036842886271592254,0.0,12.0,603.0,2025-11-26 16:59:21+00:00,4.010833333333333,40.3,0.8082191780821918
2025-11-26 21:00:00+00:00,2026-09-18 00:00:00+00:00,ANET,ANET260918C00105000,call,True,105.0,36.0,38.1,35.53,125.04000091552734,0.5837443969726561,0.036842886271592254,0.0,5.0,178.0,2025-11-25 14:36:52+00:00,30.385555555555555,37.05,0.8082191780821918
2025-11-26 21:00:00+00:00,2026-09-18 00:00:00+00:00,ANET,ANET260918C00110000,call,True,110.0,33.0,35.8,27.95,125.04000091552734,0.5831950860595703,0.036842886271592254,0.0,12.0,71.0,2025-11-21 18:56:19+00:00,122.06138888888889,34.4,0.8082191780821918
2025-11-26 21:00:00+00:00,2026-09-18 00:00:00+00:00,ANET,ANET260918C00115000,call,True,115.0,29.8,32.4,29.2,125.04000091552734,0.5627485131835939,0.036842886271592254,0.0,2.0,332.0,2025-11-25 16:48:46+00:00,28.18722222222222,31.1,0.8082191780821918
2025-11-26 21:00:00+00:00,2026-09-18 00:00:00+00:00,ANET,ANET260918C00120000,call,True,120.0,27.4,30.2,27.2,125.04000091552734,0.5632673068237305,0.036842886271592254,0.0,1.0,113.0,2025-11-25 19:04:06+00:00,25.93166666666667,28.799999999999997,0.8082191780821918
2025-11-26 21:00:00+00:00,2026-09-18 00:00:00+00:00,ANET,ANET260918C00125000,call,True,125.0,25.0,28.2,27.26,125.04000091552734,0.5623212713623047,0.036842886271592254,0.0,4.0,241.0,2025-11-26 20:16:49+00:00,0.7197222222222223,26.6,0.8082191780821918
2025-11-26 21:00:00+00:00,2026-09-18 00:00:00+00:00,ANET,ANET260918C00130000,call,False,130.0,22.6,25.1,24.4,125.04000091552734,0.5457198748779297,0.036842886271592254,0.0,1.0,122.0,2025-11-26 16:13:12+00:00,4.78,23.85,0.8082191780821918
2025-11-26 21:00:00+00:00,2026-09-18 00:00:00+00:00,ANET,ANET260918C00135000,call,False,135.0,21.1,24.0,22.0,125.04000091552734,0.5582319567871095,0.036842886271592254,0.0,18.0,141.0,2025-11-26 20:30:11+00:00,0.49694444444444447,22.55,0.8082191780821918
2025-11-26 21:00:00+00:00,2026-09-18 00:00:00+00:00,ANET,ANET260918C00140000,call,False,140.0,20.0,21.3,20.33,125.04000091552734,0.554417297668457,0.036842886271592254,0.0,2.0,421.0,2025-11-26 18:46:20+00:00,2.227777777777778,20.65,0.8082191780821918
2025-11-26 21:00:00+00:00,2026-09-18 00:00:00+00:00,ANET,ANET260918C00145000,call,False,145.0,17.7,19.3,18.32,125.04000091552734,0.5423324575805665,0.036842886271592254,0.0,18.0,522.0,2025-11-26 16:53:22+00:00,4.110555555555556,18.5,0.8082191780821918
2025-11-26 21:00:00+00:00,2026-09-18 00:00:00+00:00,ANET,ANET260918C00150000,call,False,150.0,16.3,18.5,17.4,125.04000091552734,0.5505110867309572,0.036842886271592254,0.0,20.0,309.0,2025-11-26 20:26:27+00:00,0.5591666666666667,17.4,0.8082191780821918
2025-11-26 21:00:00+00:00,2026-09-18 00:00:00+00:00,ANET,ANET260918C00155000,call,False,155.0,14.4,16.1,12.9,125.04000091552734,0.5330857238769531,0.036842886271592254,0.0,2.0,99.0,2025-11-24 18:01:24+00:00,50.97666666666667,15.25,0.8082191780821918
2025-11-26 21:00:00+00:00,2026-09-18 00:00:00+00:00,ANET,ANET260918C00160000,call,False,160.0,13.4,15.6,10.88,125.04000091552734,0.5441634939575196,0.036842886271592254,0.0,58.0,480.0,2025-11-21 18:28:00+00:00,122.53333333333333,14.5,0.8082191780821918
2025-11-26 21:00:00+00:00,2026-09-18 00:00:00+00:00,ANET,ANET260918C00165000,call,False,165.0,12.1,14.4,12.0,125.04000091552734,0.5419357330322268,0.036842886271592254,0.0,1.0,58.0,2025-11-25 18:58:15+00:00,26.029166666666665,13.25,0.8082191780821918
2025-11-26 21:00:00+00:00,2026-09-18 00:00:00+00:00,ANET,ANET260918C00170000,call,False,170.0,11.2,13.4,11.0,125.04000091552734,0.5444381494140625,0.036842886271592254,0.0,1.0,130.0,2025-11-18 16:07:42+00:00,196.87166666666667,12.3,0.8082191780821918
2025-11-26 21:00:00+00:00,2026-09-18 00:00:00+00:00,ANET,ANET260918C00175000,call,False,175.0,9.3,11.6,9.3,125.04000091552734,0.5236864038085938,0.036842886271592254,0.0,15.0,306.0,2025-11-24 19:03:15+00:00,49.94583333333333,10.45,0.8082191780821918
2025-11-26 21:00:00+00:00,2026-09-18 00:00:00+00:00,ANET,ANET260918C00180000,call,False,180.0,8.3,11.5,9.8,125.04000091552734,0.5316514120483399,0.036842886271592254,0.0,5.0,273.0,2025-11-19 15:51:01+00:00,173.1497222222222,9.9,0.8082191780821918
2025-11-26 21:00:00+00:00,2026-09-18 00:00:00+00:00,ANET,ANET260918C00185000,call,False,185.0,7.6,9.9,8.6,125.04000091552734,0.5230760583496092,0.036842886271592254,0.0,1.0,52.0,2025-11-18 15:22:38+00:00,197.62277777777777,8.75,0.8082191780821918
2025-11-26 21:00:00+00:00,2026-09-18 00:00:00+00:00,ANET,ANET260918C00190000,call,False,190.0,8.0,8.8,6.7,125.04000091552734,0.5330552066040039,0.036842886271592254,0.0,2.0,263.0,2025-11-24 17:28:17+00:00,51.52861111111111,8.4,0.8082191780821918
2025-11-26 21:00:00+00:00,2026-09-18 00:00:00+00:00,ANET,ANET260918C00195000,call,False,195.0,6.8,8.2,10.5,125.04000091552734,0.5272264074707032,0.036842886271592254,0.0,6.0,140.0,2025-11-11 17:10:10+00:00,363.8305555555556,7.5,0.8082191780821918
2025-11-26 21:00:00+00:00,2026-09-18 00:00:00+00:00,ANET,ANET260918C00200000,call,False,200.0,6.3,7.5,5.4,125.04000091552734,0.5277757183837892,0.036842886271592254,0.0,4.0,287.0,2025-11-21 17:27:29+00:00,123.54194444444444,6.9,0.8082191780821918
2025-11-26 21:00:00+00:00,2026-09-18 00:00:00+00:00,ANET,ANET260918C00210000,call,False,210.0,5.0,6.7,5.0,125.04000091552734,0.5288743402099609,0.036842886271592254,0.0,2.0,124.0,2025-11-24 21:01:39+00:00,47.9725,5.85,0.8082191780821918
2025-11-26 21:00:00+00:00,2026-09-18 00:00:00+00:00,ANET,ANET260918C00220000,call,False,220.0,4.5,5.8,4.7,125.04000091552734,0.5358322784423828,0.036842886271592254,0.0,516.0,580.0,2025-11-20 20:52:33+00:00,144.12416666666667,5.15,0.8082191780821918
2025-11-26 21:00:00+00:00,2026-09-18 00:00:00+00:00,ANET,ANET260918C00230000,call,False,230.0,3.6,5.6,5.8,125.04000091552734,0.5440719421386719,0.036842886271592254,0.0,2.0,78.0,2025-11-14 15:46:18+00:00,293.22833333333335,4.6,0.8082191780821918
2025-11-26 21:00:00+00:00,2026-09-18 00:00:00+00:00,ANET,ANET260918C00240000,call,False,240.0,3.0,4.9,4.0,125.04000091552734,0.5452315985107423,0.036842886271592254,0.0,1.0,62.0,2025-11-18 14:55:56+00:00,198.0677777777778,3.95,0.8082191780821918
2025-11-26 21:00:00+00:00,2026-09-18 00:00:00+00:00,ANET,ANET260918P00050000,put,False,50.0,0.05,1.05,1.05,125.04000091552734,0.5730023168945313,0.036842886271592254,0.0,2.0,18.0,2025-11-21 18:52:55+00:00,122.11805555555556,0.55,0.8082191780821918
2025-11-26 21:00:00+00:00,2026-09-18 00:00:00+00:00,ANET,ANET260918P00055000,put,False,55.0,0.75,1.3,0.85,125.04000091552734,0.5876506079101562,0.036842886271592254,0.0,29.0,70.0,2025-10-10 19:03:15+00:00,1129.9458333333334,1.025,0.8082191780821918
2025-11-26 21:00:00+00:00,2026-09-18 00:00:00+00:00,ANET,ANET260918P00060000,put,False,60.0,0.95,1.9,1.7,125.04000091552734,0.5749554223632812,0.036842886271592254,0.0,5.0,102.0,2025-11-18 14:30:03+00:00,198.49916666666667,1.4249999999999998,0.8082191780821918
2025-11-26 21:00:00+00:00,2026-09-18 00:00:00+00:00,ANET,ANET260918P00065000,put,False,65.0,1.7,2.85,1.9,125.04000091552734,0.588993367919922,0.036842886271592254,0.0,4.0,81.0,2025-11-26 17:28:34+00:00,3.523888888888889,2.275,0.8082191780821918
2025-11-26 21:00:00+00:00,2026-09-18 00:00:00+00:00,ANET,ANET260918P00070000,put,False,70.0,2.25,3.1,2.3,125.04000091552734,0.5606733386230469,0.036842886271592254,0.0,2.0,25.0,2025-11-07 17:23:09+00:00,459.6141666666667,2.675,0.8082191780821918
2025-11-26 21:00:00+00:00,2026-09-18 00:00:00+00:00,ANET,ANET260918P00075000,put,False,75.0,2.35,4.5,3.4,125.04000091552734,0.5496871203613283,0.036842886271592254,0.0,2.0,154.0,2025-11-26 15:29:52+00:00,5.502222222222223,3.425,0.8082191780821918
2025-11-26 21:00:00+00:00,2026-09-18 00:00:00+00:00,ANET,ANET260918P00080000,put,False,80.0,3.8,4.5,4.95,125.04000091552734,0.5319871020507813,0.036842886271592254,0.0,4.0,354.0,2025-11-18 17:19:34+00:00,195.67388888888888,4.15,0.8082191780821918
2025-11-26 21:00:00+00:00,2026-09-18 00:00:00+00:00,ANET,ANET260918P00085000,put,False,85.0,4.9,5.5,6.7,125.04000091552734,0.5239305419921875,0.036842886271592254,0.0,1.0,86.0,2025-11-21 18:38:05+00:00,122.36527777777778,5.2,0.8082191780821918
2025-11-26 21:00:00+00:00,2026-09-18 00:00:00+00:00,ANET,ANET260918P00090000,put,False,90.0,4.8,7.8,8.3,125.04000091552734,0.5122119091796875,0.036842886271592254,0.0,1.0,168.0,2025-11-21 18:38:05+00:00,122.36527777777778,6.3,0.8082191780821918
2025-11-26 21:00:00+00:00,2026-09-18 00:00:00+00:00,ANET,ANET260918P00095000,put,False,95.0,7.4,8.4,8.8,125.04000091552734,0.5122119091796875,0.036842886271592254,0.0,19.0,460.0,2025-11-20 18:31:41+00:00,146.47194444444443,7.9,0.8082191780821918
2025-11-26 21:00:00+00:00,2026-09-18 00:00:00+00:00,ANET,ANET260918P00100000,put,False,100.0,8.0,9.7,10.9,125.04000091552734,0.5119677709960937,0.036842886271592254,0.0,175.0,244.0,2025-11-24 19:39:57+00:00,49.33416666666667,8.85,0.8082191780821918
2025-11-26 21:00:00+00:00,2026-09-18 00:00:00+00:00,ANET,ANET260918P00105000,put,False,105.0,10.7,11.5,13.69,125.04000091552734,0.5061694891357422,0.036842886271592254,0.0,2.0,132.0,2025-11-24 14:49:17+00:00,54.17861111111111,11.1,0.8082191780821918
2025-11-26 21:00:00+00:00,2026-09-18 00:00:00+00:00,ANET,ANET260918P00110000,put,False,110.0,11.9,14.1,14.18,125.04000091552734,0.5162707064819335,0.036842886271592254,0.0,1.0,489.0,2025-11-25 16:08:29+00:00,28.85861111111111,13.0,0.8082191780821918
2025-11-26 21:00:00+00:00,2026-09-18 00:00:00+00:00,ANET,ANET260918P00115000,put,False,115.0,14.0,16.0,16.32,125.04000091552734,0.5036670727539063,0.036842886271592254,0.0,1.0,529.0,2025-11-25 14:51:46+00:00,30.13722222222222,15.0,0.8082191780821918
2025-11-26 21:00:00+00:00,2026-09-18 00:00:00+00:00,ANET,ANET260918P00120000,put,False,120.0,16.2,18.5,17.51,125.04000091552734,0.5016529327392578,0.036842886271592254,0.0,4.0,1132.0,2025-11-25 20:57:03+00:00,24.049166666666668,17.35,0.8082191780821918
2025-11-26 21:00:00+00:00,2026-09-18 00:00:00+00:00,ANET,ANET260918P00125000,put,False,125.0,18.8,21.6,21.1,125.04000091552734,0.5091601818847658,0.036842886271592254,0.0,1.0,132.0,2025-11-25 17:34:39+00:00,27.4225,20.200000000000003,0.8082191780821918
2025-11-26 21:00:00+00:00,2026-09-18 00:00:00+00:00,ANET,ANET260918P00130000,put,True,130.0,22.2,24.3,28.05,125.04000091552734,0.5036670727539063,0.036842886271592254,0.0,5.0,1165.0,2025-11-21 16:01:58+00:00,124.96722222222222,23.25,0.8082191780821918
2025-11-26 21:00:00+00:00,2026-09-18 00:00:00+00:00,ANET,ANET260918P00135000,put,True,135.0,24.4,27.1,28.69,125.04000091552734,0.4969837899780274,0.036842886271592254,0.0,7.0,370.0,2025-11-24 20:07:42+00:00,48.87166666666667,25.75,0.8082191780821918
2025-11-26 21:00:00+00:00,2026-09-18 00:00:00+00:00,ANET,ANET260918P00140000,put,True,140.0,27.1,30.1,30.0,125.04000091552734,0.49136861175537117,0.036842886271592254,0.0,1.0,1005.0,2025-11-25 19:30:06+00:00,25.498333333333335,28.6,0.8082191780821918
2025-11-26 21:00:00+00:00,2026-09-18 00:00:00+00:00,ANET,ANET260918P00145000,put,True,145.0,30.5,33.1,37.85,125.04000091552734,0.48254911987304694,0.036842886271592254,0.0,1.0,245.0,2025-11-21 19:28:29+00:00,121.52527777777777,31.8,0.8082191780821918
2025-11-26 21:00:00+00:00,2026-09-18 00:00:00+00:00,ANET,ANET260918P00150000,put,True,150.0,34.1,36.1,34.6,125.04000091552734,0.47058634887695316,0.036842886271592254,0.0,7.0,109.0,2025-11-20 16:00:23+00:00,148.9936111111111,35.1,0.8082191780821918
2025-11-26 21:00:00+00:00,2026-09-18 00:00:00+00:00,ANET,ANET260918P00155000,put,True,155.0,37.5,39.9,40.6,125.04000091552734,0.4732718688964844,0.036842886271592254,0.0,10.0,37.0,2025-11-19 19:24:27+00:00,169.5925,38.7,0.8082191780821918
2025-11-26 21:00:00+00:00,2026-09-18 00:00:00+00:00,ANET,ANET260918P00160000,put,True,160.0,40.8,43.4,39.43,125.04000091552734,0.46640548248291025,0.036842886271592254,0.0,1.0,34.0,2025-11-13 18:18:44+00:00,314.6877777777778,42.099999999999994,0.8082191780821918
2025-11-26 21:00:00+00:00,2026-09-18 00:00:00+00:00,ANET,ANET260918P00165000,put,True,165.0,43.5,47.2,50.45,125.04000091552734,0.46362841064453125,0.036842886271592254,0.0,2.0,25.0,2025-11-20 19:17:46+00:00,145.70388888888888,45.35,0.8082191780821918
2025-11-26 21:00:00+00:00,2026-09-18 00:00:00+00:00,ANET,ANET260918P00170000,put,True,170.0,47.6,51.1,35.7,125.04000091552734,0.46057668334960944,0.036842886271592254,0.0,9.0,9.0,2025-10-28 15:03:54+00:00,701.935,49.35,0.8082191780821918
2025-11-26 21:00:00+00:00,2026-09-18 00:00:00+00:00,ANET,ANET260918P00175000,put,True,175.0,51.5,55.1,39.9,125.04000091552734,0.4574639215087891,0.036842886271592254,0.0,4.0,5.0,2025-10-27 19:23:06+00:00,721.615,53.3,0.8082191780821918
2025-11-26 21:00:00+00:00,2026-09-18 00:00:00+00:00,ANET,ANET260918P00180000,put,True,180.0,56.1,59.1,65.97,125.04000091552734,0.45178770874023444,0.036842886271592254,0.0,6.0,15.0,2025-11-21 18:11:58+00:00,122.80055555555556,57.6,0.8082191780821918
2025-11-26 21:00:00+00:00,2026-09-18 00:00:00+00:00,ANET,ANET260918P00190000,put,True,190.0,64.3,67.4,49.8,125.04000091552734,0.44067942138671873,0.036842886271592254,0.0,1.0,1.0,2025-10-31 17:48:36+00:00,627.19,65.85,0.8082191780821918
2025-11-26 21:00:00+00:00,2026-09-18 00:00:00+00:00,ANET,ANET260918P00195000,put,True,195.0,69.3,71.9,72.22,125.04000091552734,0.44208321594238287,0.036842886271592254,0.0,2.0,3.0,2025-11-14 14:34:20+00:00,294.4277777777778,70.6,0.8082191780821918
2025-11-26 21:00:00+00:00,2026-09-18 00:00:00+00:00,ANET,ANET260918P00200000,put,True,200.0,72.7,76.1,58.7,125.04000091552734,0.4314632049560547,0.036842886271592254,0.0,2.0,3.0,2025-11-04 20:50:48+00:00,528.1533333333333,74.4,0.8082191780821918
2025-11-26 21:00:00+00:00,2026-09-18 00:00:00+00:00,ANET,ANET260918P00210000,put,True,210.0,82.9,85.1,62.11,125.04000091552734,0.42310147216796873,0.036842886271592254,0.0,1.0,23.0,2025-10-31 13:41:07+00:00,631.3147222222223,84.0,0.8082191780821918
2025-11-26 21:00:00+00:00,2026-09-18 00:00:00+00:00,ANET,ANET260918P00220000,put,True,220.0,92.1,94.3,100.79,125.04000091552734,0.4133359448242187,0.036842886271592254,0.0,4.0,4.0,2025-11-20 20:33:38+00:00,144.43944444444443,93.19999999999999,0.8082191780821918
2025-11-26 21:00:00+00:00,2026-09-18 00:00:00+00:00,ANET,ANET260918P00230000,put,True,230.0,100.9,104.5,105.0,125.04000091552734,0.4470270141601562,0.036842886271592254,0.0,4.0,4.0,2025-11-17 19:53:14+00:00,217.11277777777778,102.7,0.8082191780821918
2025-11-26 21:00:00+00:00,2026-12-18 00:00:00+00:00,ANET,ANET261218C00080000,call,True,80.0,55.0,58.5,54.8,125.04000091552734,0.6402623864746093,0.036842886271592254,0.0,1.0,2.0,2025-11-19 20:58:11+00:00,168.03027777777777,56.75,1.0575342465753426
2025-11-26 21:00:00+00:00,2026-12-18 00:00:00+00:00,ANET,ANET261218C00085000,call,True,85.0,51.5,54.5,50.59,125.04000091552734,0.6223182299804688,0.036842886271592254,0.0,1.0,1.0,2025-11-20 18:14:01+00:00,146.76638888888888,53.0,1.0575342465753426
2025-11-26 21:00:00+00:00,2026-12-18 00:00:00+00:00,ANET,ANET261218C00090000,call,True,90.0,48.0,52.5,44.72,125.04000091552734,0.6300696173095703,0.036842886271592254,0.0,2.0,2.0,2025-11-20 19:36:24+00:00,145.39333333333335,50.25,1.0575342465753426
2025-11-26 21:00:00+00:00,2026-12-18 00:00:00+00:00,ANET,ANET261218C00095000,call,True,95.0,44.5,49.0,46.3,125.04000091552734,0.6130409790039064,0.036842886271592254,0.0,2.0,3.0,2025-11-17 19:33:19+00:00,217.44472222222223,46.75,1.0575342465753426
2025-11-26 21:00:00+00:00,2026-12-18 00:00:00+00:00,ANET,ANET261218C00100000,call,True,100.0,41.5,45.1,38.86,125.04000091552734,0.5952494088745117,0.036842886271592254,0.0,8.0,9.0,2025-11-24 19:19:32+00:00,49.67444444444445,43.3,1.0575342465753426
2025-11-26 21:00:00+00:00,2026-12-18 00:00:00+00:00,ANET,ANET261218C00105000,call,True,105.0,39.4,43.0,39.53,125.04000091552734,0.6069375244140626,0.036842886271592254,0.0,2.0,4.0,2025-11-26 15:23:45+00:00,5.604166666666667,41.2,1.0575342465753426
2025-11-26 21:00:00+00:00,2026-12-18 00:00:00+00:00,ANET,ANET261218C00110000,call,True,110.0,36.6,40.5,34.6,125.04000091552734,0.6019326916503909,0.036842886271592254,0.0,5.0,15.0,2025-11-25 14:53:55+00:00,30.101388888888888,38.55,1.0575342465753426
2025-11-26 21:00:00+00:00,2026-12-18 00:00:00+00:00,ANET,ANET261218C00115000,call,True,115.0,33.0,37.5,35.34,125.04000091552734,0.5803264624023439,0.036842886271592254,0.0,22.0,28.0,2025-11-26 19:46:12+00:00,1.23,35.25,1.0575342465753426
2025-11-26 21:00:00+00:00,2026-12-18 00:00:00+00:00,ANET,ANET261218C00120000,call,True,120.0,31.6,33.5,28.93,125.04000091552734,0.5696454168701173,0.036842886271592254,0.0,2.0,9.0,2025-11-24 17:50:31+00:00,51.158055555555556,32.55,1.0575342465753426
2025-11-26 21:00:00+00:00,2026-12-18 00:00:00+00:00,ANET,ANET261218C00125000,call,True,125.0,28.2,33.0,28.83,125.04000091552734,0.5718426605224609,0.036842886271592254,0.0,32.0,25.0,2025-11-25 18:22:39+00:00,26.6225,30.6,1.0575342465753426
2025-11-26 21:00:00+00:00,2026-12-18 00:00:00+00:00,ANET,ANET261218C00130000,call,False,130.0,26.5,30.4,27.8,125.04000091552734,0.5674176559448242,0.036842886271592254,0.0,7.0,70.0,2025-11-26 17:08:28+00:00,3.858888888888889,28.45,1.0575342465753426
2025-11-26 21:00:00+00:00,2026-12-18 00:00:00+00:00,ANET,ANET261218C00135000,call,False,135.0,24.3,27.6,25.0,125.04000091552734,0.5538985040283204,0.036842886271592254,0.0,2.0,38.0,2025-11-25 16:33:25+00:00,28.443055555555556,25.950000000000003,1.0575342465753426
2025-11-26 21:00:00+00:00,2026-12-18 00:00:00+00:00,ANET,ANET261218C00140000,call,False,140.0,23.3,25.1,20.25,125.04000091552734,0.5528609167480469,0.036842886271592254,0.0,1.0,62.0,2025-11-24 14:51:21+00:00,54.14416666666666,24.200000000000003,1.0575342465753426
2025-11-26 21:00:00+00:00,2026-12-18 00:00:00+00:00,ANET,ANET261218C00145000,call,False,145.0,21.5,24.2,22.5,125.04000091552734,0.5572859213256837,0.036842886271592254,0.0,5.0,20.0,2025-11-25 19:30:16+00:00,25.495555555555555,22.85,1.0575342465753426
2025-11-26 21:00:00+00:00,2026-12-18 00:00:00+00:00,ANET,ANET261218C00150000,call,False,150.0,20.0,22.9,19.75,125.04000091552734,0.5587202331542969,0.036842886271592254,0.0,2.0,29.0,2025-11-26 16:25:02+00:00,4.582777777777777,21.45,1.0575342465753426
2025-11-26 21:00:00+00:00,2026-12-18 00:00:00+00:00,ANET,ANET261218C00155000,call,False,155.0,17.9,20.3,23.8,125.04000091552734,0.5401352139282228,0.036842886271592254,0.0,1.0,12.0,2025-11-12 14:52:55+00:00,342.11805555555554,19.1,1.0575342465753426
2025-11-26 21:00:00+00:00,2026-12-18 00:00:00+00:00,ANET,ANET261218C00160000,call,False,160.0,16.8,18.9,16.4,125.04000091552734,0.5407150421142579,0.036842886271592254,0.0,1.0,24.0,2025-11-25 14:32:28+00:00,30.45888888888889,17.85,1.0575342465753426
2025-11-26 21:00:00+00:00,2026-12-18 00:00:00+00:00,ANET,ANET261218C00165000,call,False,165.0,14.0,18.1,12.8,125.04000091552734,0.5289048574829102,0.036842886271592254,0.0,2.0,5.0,2025-11-21 17:31:10+00:00,123.48055555555555,16.05,1.0575342465753426
2025-11-26 21:00:00+00:00,2026-12-18 00:00:00+00:00,ANET,ANET261218C00170000,call,False,170.0,13.0,16.7,18.3,125.04000091552734,0.5269822692871093,0.036842886271592254,0.0,16.0,25.0,2025-11-14 18:06:45+00:00,290.8875,14.85,1.0575342465753426
2025-11-26 21:00:00+00:00,2026-12-18 00:00:00+00:00,ANET,ANET261218C00175000,call,False,175.0,12.5,15.8,13.7,125.04000091552734,0.5334214138793946,0.036842886271592254,0.0,1.0,116.0,2025-11-17 19:39:51+00:00,217.33583333333334,14.15,1.0575342465753426
2025-11-26 21:00:00+00:00,2026-12-18 00:00:00+00:00,ANET,ANET261218C00180000,call,False,180.0,11.9,14.7,13.2,125.04000091552734,0.5355271057128907,0.036842886271592254,0.0,1.0,93.0,2025-11-26 16:10:30+00:00,4.825,13.3,1.0575342465753426
2025-11-26 21:00:00+00:00,2026-12-18 00:00:00+00:00,ANET,ANET261218C00185000,call,False,185.0,11.4,14.1,11.6,125.04000091552734,0.5425155612182618,0.036842886271592254,0.0,1.0,8.0,2025-11-25 18:18:24+00:00,26.69333333333333,12.75,1.0575342465753426
2025-11-26 21:00:00+00:00,2026-12-18 00:00:00+00:00,ANET,ANET261218C00190000,call,False,190.0,10.2,12.9,11.59,125.04000091552734,0.5347946911621093,0.036842886271592254,0.0,1.0,25.0,2025-11-26 20:56:26+00:00,0.059444444444444446,11.55,1.0575342465753426
2025-11-26 21:00:00+00:00,2026-12-18 00:00:00+00:00,ANET,ANET261218C00195000,call,False,195.0,9.6,12.1,12.2,125.04000091552734,0.536259520263672,0.036842886271592254,0.0,2.0,3.0,2025-11-17 14:45:06+00:00,222.24833333333333,10.85,1.0575342465753426
2025-11-26 21:00:00+00:00,2026-12-18 00:00:00+00:00,ANET,ANET261218C00200000,call,False,200.0,8.9,11.4,10.0,125.04000091552734,0.5366257275390626,0.036842886271592254,0.0,1.0,209.0,2025-11-26 16:06:09+00:00,4.8975,10.15,1.0575342465753426
2025-11-26 21:00:00+00:00,2026-12-18 00:00:00+00:00,ANET,ANET261218C00210000,call,False,210.0,7.6,10.0,11.9,125.04000091552734,0.5351608984375,0.036842886271592254,0.0,11.0,82.0,2025-11-07 17:12:22+00:00,459.7938888888889,8.8,1.0575342465753426
2025-11-26 21:00:00+00:00,2026-12-18 00:00:00+00:00,ANET,ANET261218C00220000,call,False,220.0,6.5,8.4,9.0,125.04000091552734,0.5292405474853517,0.036842886271592254,0.0,1.0,18.0,2025-11-14 20:38:00+00:00,288.3666666666667,7.45,1.0575342465753426
2025-11-26 21:00:00+00:00,2026-12-18 00:00:00+00:00,ANET,ANET261218C00230000,call,False,230.0,5.6,7.4,5.69,125.04000091552734,0.5291795129394532,0.036842886271592254,0.0,20.0,64.0,2025-11-21 19:12:32+00:00,121.7911111111111,6.5,1.0575342465753426
2025-11-26 21:00:00+00:00,2026-12-18 00:00:00+00:00,ANET,ANET261218C00240000,call,False,240.0,4.9,7.2,5.7,125.04000091552734,0.5394943511962893,0.036842886271592254,0.0,2.0,129.0,2025-11-26 16:21:48+00:00,4.636666666666667,6.050000000000001,1.0575342465753426
2025-11-26 21:00:00+00:00,2026-12-18 00:00:00+00:00,ANET,ANET261218P00060000,put,False,60.0,0.9,2.7,2.5,125.04000091552734,0.5323533093261719,0.036842886271592254,0.0,5.0,5.0,2025-11-25 15:41:49+00:00,29.303055555555556,1.8,1.0575342465753426
2025-11-26 21:00:00+00:00,2026-12-18 00:00:00+00:00,ANET,ANET261218P00070000,put,False,70.0,1.55,4.0,4.66,125.04000091552734,0.5564009204101563,0.036842886271592254,0.0,32.0,32.0,2025-11-21 15:39:37+00:00,125.33972222222222,2.775,1.0575342465753426
2025-11-26 21:00:00+00:00,2026-12-18 00:00:00+00:00,ANET,ANET261218P00075000,put,False,75.0,4.2,4.9,4.68,125.04000091552734,0.5296067547607424,0.036842886271592254,0.0,1.0,26.0,2025-11-25 20:48:40+00:00,24.18888888888889,4.550000000000001,1.0575342465753426
2025-11-26 21:00:00+00:00,2026-12-18 00:00:00+00:00,ANET,ANET261218P00080000,put,False,80.0,4.0,6.6,5.55,125.04000091552734,0.5094653546142578,0.036842886271592254,0.0,5.0,18.0,2025-11-17 17:33:42+00:00,219.43833333333333,5.3,1.0575342465753426
2025-11-26 21:00:00+00:00,2026-12-18 00:00:00+00:00,ANET,ANET261218P00085000,put,False,85.0,5.8,7.9,6.3,125.04000091552734,0.5136157037353515,0.036842886271592254,0.0,,9.0,2025-11-06 16:32:17+00:00,484.46194444444444,6.85,1.0575342465753426
2025-11-26 21:00:00+00:00,2026-12-18 00:00:00+00:00,ANET,ANET261218P00090000,put,False,90.0,6.7,9.4,9.28,125.04000091552734,0.5009205181884766,0.036842886271592254,0.0,1.0,8.0,2025-11-24 20:42:33+00:00,48.29083333333333,8.05,1.0575342465753426
2025-11-26 21:00:00+00:00,2026-12-18 00:00:00+00:00,ANET,ANET261218P00095000,put,False,95.0,8.5,12.0,9.9,125.04000091552734,0.5120898400878906,0.036842886271592254,0.0,7.0,64.0,2025-11-17 18:07:46+00:00,218.87055555555557,10.25,1.0575342465753426
2025-11-26 21:00:00+00:00,2026-12-18 00:00:00+00:00,ANET,ANET261218P00100000,put,False,100.0,11.1,12.5,13.5,125.04000091552734,0.5006153454589843,0.036842886271592254,0.0,1.0,12.0,2025-11-20 20:41:05+00:00,144.31527777777777,11.8,1.0575342465753426
2025-11-26 21:00:00+00:00,2026-12-18 00:00:00+00:00,ANET,ANET261218P00105000,put,False,105.0,12.2,15.1,15.53,125.04000091552734,0.527073821105957,0.036842886271592254,0.0,1.0,73.0,2025-11-21 14:30:20+00:00,126.49444444444444,13.649999999999999,1.0575342465753426
2025-11-26 21:00:00+00:00,2026-12-18 00:00:00+00:00,ANET,ANET261218P00110000,put,False,110.0,14.3,16.9,16.4,125.04000091552734,0.5136157037353515,0.036842886271592254,0.0,3.0,9.0,2025-11-25 18:21:29+00:00,26.641944444444444,15.6,1.0575342465753426
2025-11-26 21:00:00+00:00,2026-12-18 00:00:00+00:00,ANET,ANET261218P00115000,put,False,115.0,16.6,19.2,21.8,125.04000091552734,0.5083056982421875,0.036842886271592254,0.0,2.0,6.0,2025-11-21 16:16:40+00:00,124.72222222222223,17.9,1.0575342465753426
2025-11-26 21:00:00+00:00,2026-12-18 00:00:00+00:00,ANET,ANET261218P00120000,put,False,120.0,18.9,21.6,22.15,125.04000091552734,0.5020496572875978,0.036842886271592254,0.0,1.0,7.0,2025-11-20 19:20:54+00:00,145.65166666666667,20.25,1.0575342465753426
2025-11-26 21:00:00+00:00,2026-12-18 00:00:00+00:00,ANET,ANET261218P00125000,put,False,125.0,21.5,23.4,23.9,125.04000091552734,0.4810842907714844,0.036842886271592254,0.0,43.0,209.0,2025-11-25 15:15:33+00:00,29.740833333333335,22.45,1.0575342465753426
2025-11-26 21:00:00+00:00,2026-12-18 00:00:00+00:00,ANET,ANET261218P00130000,put,True,130.0,24.3,26.4,26.8,125.04000091552734,0.48138946350097656,0.036842886271592254,0.0,36.0,108.0,2025-11-25 15:15:18+00:00,29.745,25.35,1.0575342465753426
2025-11-26 21:00:00+00:00,2026-12-18 00:00:00+00:00,ANET,ANET261218P00135000,put,True,135.0,26.5,29.8,32.06,125.04000091552734,0.4865468826293946,0.036842886271592254,0.0,20.0,21.0,2025-11-24 16:45:30+00:00,52.24166666666667,28.15,1.0575342465753426
2025-11-26 21:00:00+00:00,2026-12-18 00:00:00+00:00,ANET,ANET261218P00140000,put,True,140.0,30.1,32.8,36.94,125.04000091552734,0.4812979116821289,0.036842886271592254,0.0,32.0,44.0,2025-11-21 15:39:37+00:00,125.33972222222222,31.45,1.0575342465753426
2025-11-26 21:00:00+00:00,2026-12-18 00:00:00+00:00,ANET,ANET261218P00145000,put,True,145.0,33.1,35.4,40.1,125.04000091552734,0.4660087579345704,0.036842886271592254,0.0,2.0,4.0,2025-11-21 20:25:16+00:00,120.57888888888888,34.25,1.0575342465753426
2025-11-26 21:00:00+00:00,2026-12-18 00:00:00+00:00,ANET,ANET261218P00150000,put,True,150.0,36.5,39.1,40.33,125.04000091552734,0.469304623413086,0.036842886271592254,0.0,3.0,8.0,2025-11-18 20:23:26+00:00,192.60944444444445,37.8,1.0575342465753426
2025-11-26 21:00:00+00:00,2026-12-18 00:00:00+00:00,ANET,ANET261218P00155000,put,True,155.0,38.9,42.5,37.8,125.04000091552734,0.4645744461059571,0.036842886271592254,0.0,,1.0,2025-11-11 16:55:08+00:00,364.0811111111111,40.7,1.0575342465753426
2025-11-26 21:00:00+00:00,2026-12-18 00:00:00+00:00,ANET,ANET261218P00185000,put,True,185.0,61.5,66.0,55.61,125.04000091552734,0.4556634024047852,0.036842886271592254,0.0,,1.0,2025-11-05 14:35:46+00:00,510.4038888888889,63.75,1.0575342465753426
2025-11-26 21:00:00+00:00,2026-12-18 00:00:00+00:00,ANET,ANET261218P00200000,put,True,200.0,74.0,78.5,78.3,125.04000091552734,0.44336494140625,0.036842886271592254,0.0,4.0,8.0,2025-11-26 14:32:53+00:00,6.451944444444444,76.25,1.0575342465753426
2025-11-26 21:00:00+00:00,2026-12-18 00:00:00+00:00,ANET,ANET261218P00210000,put,True,210.0,83.5,87.0,85.58,125.04000091552734,0.43018147949218755,0.036842886271592254,0.0,4.0,4.0,2025-11-26 18:43:56+00:00,2.267777777777778,85.25,1.0575342465753426
2025-11-26 21:00:00+00:00,2026-12-18 00:00:00+00:00,ANET,ANET261218P00220000,put,True,220.0,92.5,96.5,90.63,125.04000091552734,0.43994700683593746,0.036842886271592254,0.0,,4.0,2025-11-13 17:57:28+00:00,315.0422222222222,94.5,1.0575342465753426
2025-11-26 21:00:00+00:00,2026-12-18 00:00:00+00:00,ANET,ANET261218P00230000,put,True,230.0,101.0,105.3,97.3,125.04000091552734,0.42236905761718746,0.036842886271592254,0.0,,4.0,2025-11-12 20:59:50+00:00,336.0027777777778,103.15,1.0575342465753426
2025-11-26 21:00:00+00:00,2027-01-15 00:00:00+00:00,ANET,ANET270115C00035000,call,True,35.0,93.0,97.5,91.95,125.04000091552734,0.916138533935547,0.036842886271592254,0.0,1.0,72.0,2025-11-20 18:15:43+00:00,146.73805555555555,95.25,1.1342465753424658
2025-11-26 21:00:00+00:00,2027-01-15 00:00:00+00:00,ANET,ANET270115C00040000,call,True,40.0,88.5,93.0,79.0,125.04000091552734,0.8688977954101562,0.036842886271592254,0.0,22.0,67.0,2025-11-21 16:48:13+00:00,124.19638888888889,90.75,1.1342465753424658
2025-11-26 21:00:00+00:00,2027-01-15 00:00:00+00:00,ANET,ANET270115C00045000,call,True,45.0,87.0,91.5,114.99,125.04000091552734,1.0098926458740234,0.036842886271592254,0.0,4.0,47.0,2025-10-09 17:42:23+00:00,1155.2936111111112,89.25,1.1342465753424658
2025-11-26 21:00:00+00:00,2027-01-15 00:00:00+00:00,ANET,ANET270115C00047500,call,True,47.5,98.3,100.6,92.3,125.04000091552734,1.6066914196777344,0.036842886271592254,0.0,15.0,45.0,2025-08-28 17:36:11+00:00,2163.3969444444447,99.44999999999999,1.1342465753424658
2025-11-26 21:00:00+00:00,2027-01-15 00:00:00+00:00,ANET,ANET270115C00048750,call,True,48.75,78.5,82.0,101.0,125.04000091552734,0.5935099243164064,0.036842886271592254,0.0,2.0,18.0,2025-10-21 19:12:53+00:00,865.7852777777778,80.25,1.1342465753424658
2025-11-26 21:00:00+00:00,2027-01-15 00:00:00+00:00,ANET,ANET270115C00050000,call,True,50.0,80.0,83.0,74.15,125.04000091552734,0.7655052746582032,0.036842886271592254,0.0,4.0,328.0,2025-11-20 20:47:20+00:00,144.2111111111111,81.5,1.1342465753424658
2025-11-26 21:00:00+00:00,2027-01-15 00:00:00+00:00,ANET,ANET270115C00052500,call,True,52.5,77.5,81.0,108.0,125.04000091552734,0.7456080126953125,0.036842886271592254,0.0,1.0,89.0,2025-11-03 15:26:16+00:00,557.5622222222222,79.25,1.1342465753424658
2025-11-26 21:00:00+00:00,2027-01-15 00:00:00+00:00,ANET,ANET270115C00055000,call,True,55.0,102.5,106.0,101.0,125.04000091552734,1.9782105581665044,0.036842886271592254,0.0,1.0,86.0,2025-09-10 15:01:25+00:00,1853.9763888888888,104.25,1.1342465753424658
2025-11-26 21:00:00+00:00,2027-01-15 00:00:00+00:00,ANET,ANET270115C00057500,call,True,57.5,73.5,76.5,64.75,125.04000091552734,0.7196072961425781,0.036842886271592254,0.0,4.0,69.0,2025-11-21 16:44:29+00:00,124.25861111111111,75.0,1.1342465753424658
2025-11-26 21:00:00+00:00,2027-01-15 00:00:00+00:00,ANET,ANET270115C00060000,call,True,60.0,71.0,74.5,66.26,125.04000091552734,0.7000762414550781,0.036842886271592254,0.0,4.0,289.0,2025-11-24 16:40:32+00:00,52.324444444444445,72.75,1.1342465753424658
2025-11-26 21:00:00+00:00,2027-01-15 00:00:00+00:00,ANET,ANET270115C00062500,call,True,62.5,69.0,72.4,69.9,125.04000091552734,0.6898224377441409,0.036842886271592254,0.0,48.0,97.0,2025-11-20 16:45:03+00:00,148.24916666666667,70.7,1.1342465753424658
2025-11-26 21:00:00+00:00,2027-01-15 00:00:00+00:00,ANET,ANET270115C00065000,call,True,65.0,67.0,70.5,71.25,125.04000091552734,0.683291741333008,0.036842886271592254,0.0,1.0,158.0,2025-11-13 18:38:42+00:00,314.355,68.75,1.1342465753424658
2025-11-26 21:00:00+00:00,2027-01-15 00:00:00+00:00,ANET,ANET270115C00067500,call,True,67.5,65.0,68.5,100.37,125.04000091552734,0.6737093176269533,0.036842886271592254,0.0,20.0,726.0,2025-10-29 18:54:24+00:00,674.0933333333334,66.75,1.1342465753424658
2025-11-26 21:00:00+00:00,2027-01-15 00:00:00+00:00,ANET,ANET270115C00070000,call,True,70.0,63.0,66.6,65.0,125.04000091552734,0.6654086193847659,0.036842886271592254,0.0,1.0,321.0,2025-11-26 16:06:51+00:00,4.885833333333333,64.8,1.1342465753424658
2025-11-26 21:00:00+00:00,2027-01-15 00:00:00+00:00,ANET,ANET270115C00072500,call,True,72.5,61.0,65.5,63.0,125.04000091552734,0.6707796594238282,0.036842886271592254,0.0,1.0,472.0,2025-11-14 14:35:00+00:00,294.4166666666667,63.25,1.1342465753424658
2025-11-26 21:00:00+00:00,2027-01-15 00:00:00+00:00,ANET,ANET270115C00075000,call,True,75.0,59.0,63.5,58.88,125.04000091552734,0.6588168884277343,0.036842886271592254,0.0,1.0,667.0,2025-11-18 17:04:26+00:00,195.9261111111111,61.25,1.1342465753424658
2025-11-26 21:00:00+00:00,2027-01-15 00:00:00+00:00,ANET,ANET270115C00077500,call,True,77.5,57.7,60.5,57.81,125.04000091552734,0.641605146484375,0.036842886271592254,0.0,1.0,132.0,2025-11-17 19:34:06+00:00,217.43166666666667,59.1,1.1342465753424658
2025-11-26 21:00:00+00:00,2027-01-15 00:00:00+00:00,ANET,ANET270115C00080000,call,True,80.0,56.1,58.9,56.25,125.04000091552734,0.6417882501220704,0.036842886271592254,0.0,4.0,859.0,2025-11-26 15:46:19+00:00,5.228055555555556,57.5,1.1342465753424658
2025-11-26 21:00:00+00:00,2027-01-15 00:00:00+00:00,ANET,ANET270115C00082500,call,True,82.5,54.0,57.0,47.02,125.04000091552734,0.6287268572998048,0.036842886271592254,0.0,4.0,707.0,2025-11-21 20:15:18+00:00,120.745,55.5,1.1342465753424658
2025-11-26 21:00:00+00:00,2027-01-15 00:00:00+00:00,ANET,ANET270115C00085000,call,True,85.0,52.0,55.5,51.2,125.04000091552734,0.6226234027099609,0.036842886271592254,0.0,6.0,720.0,2025-11-25 17:11:52+00:00,27.802222222222223,53.75,1.1342465753424658
2025-11-26 21:00:00+00:00,2027-01-15 00:00:00+00:00,ANET,ANET270115C00087500,call,True,87.5,50.5,54.5,48.94,125.04000091552734,0.6296423754882813,0.036842886271592254,0.0,1.0,254.0,2025-11-18 16:23:16+00:00,196.61222222222221,52.5,1.1342465753424658
2025-11-26 21:00:00+00:00,2027-01-15 00:00:00+00:00,ANET,ANET270115C00090000,call,True,90.0,48.5,52.1,50.5,125.04000091552734,0.6097756307983401,0.036842886271592254,0.0,2.0,1083.0,2025-11-25 17:33:57+00:00,27.434166666666666,50.3,1.1342465753424658
2025-11-26 21:00:00+00:00,2027-01-15 00:00:00+00:00,ANET,ANET270115C00092500,call,True,92.5,47.9,51.1,47.03,125.04000091552734,0.6262244409179689,0.036842886271592254,0.0,1.0,166.0,2025-11-25 20:59:29+00:00,24.00861111111111,49.5,1.1342465753424658
2025-11-26 21:00:00+00:00,2027-01-15 00:00:00+00:00,ANET,ANET270115C00095000,call,True,95.0,45.5,50.0,45.99,125.04000091552734,0.6169471899414063,0.036842886271592254,0.0,5.0,451.0,2025-11-26 15:02:38+00:00,5.956111111111111,47.75,1.1342465753424658
2025-11-26 21:00:00+00:00,2027-01-15 00:00:00+00:00,ANET,ANET270115C00097500,call,True,97.5,44.0,48.0,42.34,125.04000091552734,0.6073037316894532,0.036842886271592254,0.0,1.0,255.0,2025-11-25 16:26:26+00:00,28.559444444444445,46.0,1.1342465753424658
2025-11-26 21:00:00+00:00,2027-01-15 00:00:00+00:00,ANET,ANET270115C00100000,call,True,100.0,43.6,45.1,43.0,125.04000091552734,0.5995523443603517,0.036842886271592254,0.0,7.0,1378.0,2025-11-26 19:41:08+00:00,1.3144444444444445,44.35,1.1342465753424658
2025-11-26 21:00:00+00:00,2027-01-15 00:00:00+00:00,ANET,ANET270115C00102500,call,True,102.5,41.7,45.0,49.76,125.04000091552734,0.6062661444091797,0.036842886271592254,0.0,1.0,244.0,2025-11-10 17:02:01+00:00,387.9663888888889,43.35,1.1342465753424658
2025-11-26 21:00:00+00:00,2027-01-15 00:00:00+00:00,ANET,ANET270115C00105000,call,True,105.0,39.5,42.9,41.0,125.04000091552734,0.5860637097167969,0.036842886271592254,0.0,1.0,305.0,2025-11-26 19:22:42+00:00,1.6216666666666666,41.2,1.1342465753424658
2025-11-26 21:00:00+00:00,2027-01-15 00:00:00+00:00,ANET,ANET270115C00107500,call,True,107.5,38.9,41.5,37.0,125.04000091552734,0.5911295770263674,0.036842886271592254,0.0,1.0,134.0,2025-11-25 16:28:50+00:00,28.519444444444446,40.2,1.1342465753424658
2025-11-26 21:00:00+00:00,2027-01-15 00:00:00+00:00,ANET,ANET270115C00110000,call,True,110.0,36.6,40.8,39.05,125.04000091552734,0.5844768115234374,0.036842886271592254,0.0,3.0,1042.0,2025-11-26 20:39:22+00:00,0.3438888888888889,38.7,1.1342465753424658
2025-11-26 21:00:00+00:00,2027-01-15 00:00:00+00:00,ANET,ANET270115C00112500,call,True,112.5,36.1,40.0,32.72,125.04000091552734,0.5951883743286133,0.036842886271592254,0.0,1.0,88.0,2025-11-24 15:39:34+00:00,53.340555555555554,38.05,1.1342465753424658
2025-11-26 21:00:00+00:00,2027-01-15 00:00:00+00:00,ANET,ANET270115C00115000,call,True,115.0,34.0,38.5,35.5,125.04000091552734,0.5810588769531251,0.036842886271592254,0.0,2.0,149.0,2025-11-25 18:33:17+00:00,26.44527777777778,36.25,1.1342465753424658
2025-11-26 21:00:00+00:00,2027-01-15 00:00:00+00:00,ANET,ANET270115C00117500,call,True,117.5,32.5,37.5,30.3,125.04000091552734,0.5778240460205077,0.036842886271592254,0.0,72.0,163.0,2025-11-20 20:27:38+00:00,144.53944444444446,35.0,1.1342465753424658
2025-11-26 21:00:00+00:00,2027-01-15 00:00:00+00:00,ANET,ANET270115C00120000,call,True,120.0,32.6,36.0,33.65,125.04000091552734,0.5850871569824219,0.036842886271592254,0.0,6.0,589.0,2025-11-26 19:44:21+00:00,1.2608333333333333,34.3,1.1342465753424658
2025-11-26 21:00:00+00:00,2027-01-15 00:00:00+00:00,ANET,ANET270115C00122500,call,True,122.5,31.4,33.1,32.29,125.04000091552734,0.5647931704711916,0.036842886271592254,0.0,1.0,493.0,2025-11-26 19:31:30+00:00,1.475,32.25,1.1342465753424658
2025-11-26 21:00:00+00:00,2027-01-15 00:00:00+00:00,ANET,ANET270115C00125000,call,True,125.0,30.3,33.9,31.07,125.04000091552734,0.5814556015014648,0.036842886271592254,0.0,12.0,662.0,2025-11-26 20:34:51+00:00,0.4191666666666667,32.1,1.1342465753424658
2025-11-26 21:00:00+00:00,2027-01-15 00:00:00+00:00,ANET,ANET270115C00127500,call,True,127.5,29.5,30.9,31.1,125.04000091552734,0.5633588586425782,0.036842886271592254,0.0,15.0,282.0,2025-11-26 20:56:19+00:00,0.06138888888888889,30.2,1.1342465753424658
2025-11-26 21:00:00+00:00,2027-01-15 00:00:00+00:00,ANET,ANET270115C00130000,call,False,130.0,28.1,29.7,28.75,125.04000091552734,0.5565229895019532,0.036842886271592254,0.0,6.0,1229.0,2025-11-26 19:48:09+00:00,1.1975,28.9,1.1342465753424658
2025-11-26 21:00:00+00:00,2027-01-15 00:00:00+00:00,ANET,ANET270115C00135000,call,False,135.0,26.1,28.8,24.3,125.04000091552734,0.5630536859130859,0.036842886271592254,0.0,2.0,1200.0,2025-11-25 14:51:12+00:00,30.14666666666667,27.450000000000003,1.1342465753424658
2025-11-26 21:00:00+00:00,2027-01-15 00:00:00+00:00,ANET,ANET270115C00140000,call,False,140.0,23.8,26.7,25.2,125.04000091552734,0.5533797103881836,0.036842886271592254,0.0,3.0,1333.0,2025-11-26 20:49:24+00:00,0.17666666666666667,25.25,1.1342465753424658
2025-11-26 21:00:00+00:00,2027-01-15 00:00:00+00:00,ANET,ANET270115C00145000,call,False,145.0,22.6,25.0,23.5,125.04000091552734,0.5556990231323243,0.036842886271592254,0.0,15.0,3340.0,2025-11-26 19:41:16+00:00,1.3122222222222222,23.8,1.1342465753424658
2025-11-26 21:00:00+00:00,2027-01-15 00:00:00+00:00,ANET,ANET270115C00150000,call,False,150.0,20.8,24.0,21.4,125.04000091552734,0.5570417831420901,0.036842886271592254,0.0,10.0,1290.0,2025-11-26 19:48:09+00:00,1.1975,22.4,1.1342465753424658
2025-11-26 21:00:00+00:00,2027-01-15 00:00:00+00:00,ANET,ANET270115C00155000,call,False,155.0,19.4,20.7,19.41,125.04000091552734,0.5391281439208986,0.036842886271592254,0.0,1.0,474.0,2025-11-26 17:15:59+00:00,3.733611111111111,20.049999999999997,1.1342465753424658
2025-11-26 21:00:00+00:00,2027-01-15 00:00:00+00:00,ANET,ANET270115C00160000,call,False,160.0,18.0,19.3,18.3,125.04000091552734,0.5369919348144532,0.036842886271592254,0.0,18.0,930.0,2025-11-26 14:33:59+00:00,6.433611111111111,18.65,1.1342465753424658
2025-11-26 21:00:00+00:00,2027-01-15 00:00:00+00:00,ANET,ANET270115C00165000,call,False,165.0,16.6,17.9,15.95,125.04000091552734,0.53320779296875,0.036842886271592254,0.0,1.0,116.0,2025-11-25 16:01:15+00:00,28.979166666666668,17.25,1.1342465753424658
2025-11-26 21:00:00+00:00,2027-01-15 00:00:00+00:00,ANET,ANET270115C00170000,call,False,170.0,15.1,17.2,14.4,125.04000091552734,0.5335129656982422,0.036842886271592254,0.0,58.0,366.0,2025-11-25 16:05:50+00:00,28.90277777777778,16.15,1.1342465753424658
2025-11-26 21:00:00+00:00,2027-01-15 00:00:00+00:00,ANET,ANET270115C00175000,call,False,175.0,14.0,15.6,14.55,125.04000091552734,0.5275926147460939,0.036842886271592254,0.0,2.0,1040.0,2025-11-26 15:33:09+00:00,5.4475,14.8,1.1342465753424658
2025-11-26 21:00:00+00:00,2027-01-15 00:00:00+00:00,ANET,ANET270115C00180000,call,False,180.0,12.1,16.5,10.6,125.04000091552734,0.5365952102661133,0.036842886271592254,0.0,4.0,254.0,2025-11-21 18:16:20+00:00,122.72777777777777,14.3,1.1342465753424658
2025-11-26 21:00:00+00:00,2027-01-15 00:00:00+00:00,ANET,ANET270115C00185000,call,False,185.0,12.0,13.6,12.83,125.04000091552734,0.5248765774536133,0.036842886271592254,0.0,8.0,227.0,2025-11-26 16:11:50+00:00,4.802777777777778,12.8,1.1342465753424658
2025-11-26 21:00:00+00:00,2027-01-15 00:00:00+00:00,ANET,ANET270115C00190000,call,False,190.0,11.3,14.5,12.28,125.04000091552734,0.5436141830444338,0.036842886271592254,0.0,4.0,1589.0,2025-11-26 20:32:18+00:00,0.46166666666666667,12.9,1.1342465753424658
2025-11-26 21:00:00+00:00,2027-01-15 00:00:00+00:00,ANET,ANET270115C00195000,call,False,195.0,10.7,12.4,10.5,125.04000091552734,0.5322922747802734,0.036842886271592254,0.0,29.0,607.0,2025-11-25 17:31:38+00:00,27.47277777777778,11.55,1.1342465753424658
2025-11-26 21:00:00+00:00,2027-01-15 00:00:00+00:00,ANET,ANET270115C00200000,call,False,200.0,9.9,11.1,10.5,125.04000091552734,0.5256089920043946,0.036842886271592254,0.0,4.0,406.0,2025-11-26 19:41:46+00:00,1.3038888888888889,10.5,1.1342465753424658
2025-11-26 21:00:00+00:00,2027-01-15 00:00:00+00:00,ANET,ANET270115C00210000,call,False,210.0,8.2,10.8,9.1,125.04000091552734,0.5322922747802734,0.036842886271592254,0.0,1.0,351.0,2025-11-26 19:29:29+00:00,1.5086111111111111,9.5,1.1342465753424658
2025-11-26 21:00:00+00:00,2027-01-15 00:00:00+00:00,ANET,ANET270115C00220000,call,False,220.0,7.1,8.5,7.44,125.04000091552734,0.5194139855957032,0.036842886271592254,0.0,11.0,483.0,2025-11-25 20:56:07+00:00,24.064722222222223,7.8,1.1342465753424658
2025-11-26 21:00:00+00:00,2027-01-15 00:00:00+00:00,ANET,ANET270115C00230000,call,False,230.0,6.2,9.5,7.1,125.04000091552734,0.5443160803222657,0.036842886271592254,0.0,2.0,65.0,2025-11-26 16:21:48+00:00,4.636666666666667,7.85,1.1342465753424658
2025-11-26 21:00:00+00:00,2027-01-15 00:00:00+00:00,ANET,ANET270115C00240000,call,False,240.0,5.3,6.6,5.75,125.04000091552734,0.5183153637695312,0.036842886271592254,0.0,10.0,142.0,2025-11-25 18:31:22+00:00,26.477222222222224,5.949999999999999,1.1342465753424658
2025-11-26 21:00:00+00:00,2027-01-15 00:00:00+00:00,ANET,ANET270115C00250000,call,False,250.0,0.0,0.0,194.4,125.04000091552734,0.12500875,0.036842886271592254,0.0,5.0,5.0,2024-11-08 17:49:45+00:00,9195.170833333334,0.0,1.1342465753424658
2025-11-26 21:00:00+00:00,2027-01-15 00:00:00+00:00,ANET,ANET270115C00260000,call,False,260.0,0.0,0.0,200.05,125.04000091552734,0.12500875,0.036842886271592254,0.0,1.0,5.0,2024-12-02 15:21:24+00:00,8621.643333333333,0.0,1.1342465753424658
2025-11-26 21:00:00+00:00,2027-01-15 00:00:00+00:00,ANET,ANET270115C00270000,call,False,270.0,169.0,172.6,195.7,125.04000091552734,0.0,0.036842886271592254,0.0,,37.0,2024-10-14 19:53:49+00:00,9793.103055555555,170.8,1.1342465753424658
2025-11-26 21:00:00+00:00,2027-01-15 00:00:00+00:00,ANET,ANET270115C00290000,call,False,290.0,0.0,0.0,177.71,125.04000091552734,0.12500875,0.036842886271592254,0.0,1.0,4.0,2024-12-02 18:35:31+00:00,8618.408055555556,0.0,1.1342465753424658
2025-11-26 21:00:00+00:00,2027-01-15 00:00:00+00:00,ANET,ANET270115C00300000,call,False,300.0,0.0,0.0,171.0,125.04000091552734,0.12500875,0.036842886271592254,0.0,1.0,34.0,2024-12-03 16:53:28+00:00,8596.108888888888,0.0,1.1342465753424658
2025-11-26 21:00:00+00:00,2027-01-15 00:00:00+00:00,ANET,ANET270115C00310000,call,False,310.0,158.0,160.9,156.1,125.04000091552734,0.0,0.036842886271592254,0.0,1.0,19.0,2024-10-22 14:27:02+00:00,9606.549444444445,159.45,1.1342465753424658
2025-11-26 21:00:00+00:00,2027-01-15 00:00:00+00:00,ANET,ANET270115C00320000,call,False,320.0,0.0,0.0,150.0,125.04000091552734,0.12500875,0.036842886271592254,0.0,5.0,33.0,2024-11-08 17:15:02+00:00,9195.749444444444,0.0,1.1342465753424658
2025-11-26 21:00:00+00:00,2027-01-15 00:00:00+00:00,ANET,ANET270115C00330000,call,False,330.0,0.0,0.0,150.0,125.04000091552734,0.12500875,0.036842886271592254,0.0,1.0,6.0,2024-11-26 19:26:25+00:00,8761.559722222222,0.0,1.1342465753424658
2025-11-26 21:00:00+00:00,2027-01-15 00:00:00+00:00,ANET,ANET270115C00340000,call,False,340.0,0.0,0.0,147.6,125.04000091552734,0.12500875,0.036842886271592254,0.0,1.0,3.0,2024-12-03 16:12:05+00:00,8596.798611111111,0.0,1.1342465753424658
2025-11-26 21:00:00+00:00,2027-01-15 00:00:00+00:00,ANET,ANET270115C00350000,call,False,350.0,0.0,0.0,135.0,125.04000091552734,0.12500875,0.036842886271592254,0.0,5.0,13.0,2024-11-27 14:31:19+00:00,8742.478055555555,0.0,1.1342465753424658
2025-11-26 21:00:00+00:00,2027-01-15 00:00:00+00:00,ANET,ANET270115C00360000,call,False,360.0,0.0,0.0,135.9,125.04000091552734,0.2500075,0.036842886271592254,0.0,1.0,15.0,2024-12-03 16:30:42+00:00,8596.488333333333,0.0,1.1342465753424658
2025-11-26 21:00:00+00:00,2027-01-15 00:00:00+00:00,ANET,ANET270115C00370000,call,False,370.0,0.0,0.0,133.27,125.04000091552734,0.2500075,0.036842886271592254,0.0,1.0,7.0,2024-12-02 17:58:11+00:00,8619.030277777778,0.0,1.1342465753424658
2025-11-26 21:00:00+00:00,2027-01-15 00:00:00+00:00,ANET,ANET270115C00380000,call,False,380.0,0.0,0.0,115.29,125.04000091552734,0.2500075,0.036842886271592254,0.0,1.0,13.0,2024-11-21 15:02:57+00:00,8885.950833333334,0.0,1.1342465753424658
2025-11-26 21:00:00+00:00,2027-01-15 00:00:00+00:00,ANET,ANET270115C00390000,call,False,390.0,0.0,0.0,111.14,125.04000091552734,0.2500075,0.036842886271592254,0.0,1.0,18.0,2024-11-25 17:22:36+00:00,8787.623333333333,0.0,1.1342465753424658
2025-11-26 21:00:00+00:00,2027-01-15 00:00:00+00:00,ANET,ANET270115C00400000,call,False,400.0,0.0,0.0,119.92,125.04000091552734,0.2500075,0.036842886271592254,0.0,2.0,71.0,2024-12-02 15:14:45+00:00,8621.754166666668,0.0,1.1342465753424658
2025-11-26 21:00:00+00:00,2027-01-15 00:00:00+00:00,ANET,ANET270115C00410000,call,False,410.0,0.0,0.0,113.4,125.04000091552734,0.2500075,0.036842886271592254,0.0,3.0,50.0,2024-12-02 16:34:11+00:00,8620.430277777778,0.0,1.1342465753424658
2025-11-26 21:00:00+00:00,2027-01-15 00:00:00+00:00,ANET,ANET270115C00420000,call,False,420.0,0.0,0.0,111.54,125.04000091552734,0.2500075,0.036842886271592254,0.0,1.0,13.0,2024-12-02 15:13:41+00:00,8621.771944444445,0.0,1.1342465753424658
2025-11-26 21:00:00+00:00,2027-01-15 00:00:00+00:00,ANET,ANET270115C00430000,call,False,430.0,0.0,0.0,99.13,125.04000091552734,0.2500075,0.036842886271592254,0.0,1.0,18.0,2024-11-22 19:23:18+00:00,8857.611666666666,0.0,1.1342465753424658
2025-11-26 21:00:00+00:00,2027-01-15 00:00:00+00:00,ANET,ANET270115C00440000,call,False,440.0,0.0,0.0,93.0,125.04000091552734,0.2500075,0.036842886271592254,0.0,2.0,13.0,2024-11-27 20:02:26+00:00,8736.959444444445,0.0,1.1342465753424658
2025-11-26 21:00:00+00:00,2027-01-15 00:00:00+00:00,ANET,ANET270115C00450000,call,False,450.0,0.0,0.0,83.3,125.04000091552734,0.2500075,0.036842886271592254,0.0,1.0,12.0,2024-11-14 14:41:54+00:00,9054.301666666666,0.0,1.1342465753424658
2025-11-26 21:00:00+00:00,2027-01-15 00:00:00+00:00,ANET,ANET270115C00460000,call,False,460.0,0.0,0.0,83.14,125.04000091552734,0.2500075,0.036842886271592254,0.0,1.0,5.0,2024-11-27 17:13:32+00:00,8739.774444444445,0.0,1.1342465753424658
2025-11-26 21:00:00+00:00,2027-01-15 00:00:00+00:00,ANET,ANET270115C00470000,call,False,470.0,0.0,0.0,82.1,125.04000091552734,0.2500075,0.036842886271592254,0.0,1.0,11.0,2024-11-13 16:01:25+00:00,9076.976388888888,0.0,1.1342465753424658
2025-11-26 21:00:00+00:00,2027-01-15 00:00:00+00:00,ANET,ANET270115C00480000,call,False,480.0,71.5,74.3,93.78,125.04000091552734,2.1923262965393064,0.036842886271592254,0.0,,2.0,2024-10-14 15:51:31+00:00,9797.14138888889,72.9,1.1342465753424658
2025-11-26 21:00:00+00:00,2027-01-15 00:00:00+00:00,ANET,ANET270115C00490000,call,False,490.0,0.0,0.0,74.0,125.04000091552734,0.2500075,0.036842886271592254,0.0,5.0,38.0,2024-11-21 15:37:20+00:00,8885.377777777778,0.0,1.1342465753424658
2025-11-26 21:00:00+00:00,2027-01-15 00:00:00+00:00,ANET,ANET270115C00500000,call,False,500.0,0.0,0.0,76.6,125.04000091552734,0.2500075,0.036842886271592254,0.0,7.0,107.0,2024-12-03 14:57:55+00:00,8598.034722222223,0.0,1.1342465753424658
2025-11-26 21:00:00+00:00,2027-01-15 00:00:00+00:00,ANET,ANET270115C00510000,call,False,510.0,0.0,0.0,70.0,125.04000091552734,0.2500075,0.036842886271592254,0.0,1.0,2.0,2024-11-13 16:03:28+00:00,9076.942222222222,0.0,1.1342465753424658
2025-11-26 21:00:00+00:00,2027-01-15 00:00:00+00:00,ANET,ANET270115C00520000,call,False,520.0,0.0,0.0,74.39,125.04000091552734,0.2500075,0.036842886271592254,0.0,4.0,4.0,2024-11-25 14:35:27+00:00,8790.409166666666,0.0,1.1342465753424658
2025-11-26 21:00:00+00:00,2027-01-15 00:00:00+00:00,ANET,ANET270115C00540000,call,False,540.0,0.0,0.0,80.55,125.04000091552734,0.2500075,0.036842886271592254,0.0,2.0,3.0,2024-11-07 20:26:21+00:00,9216.560833333333,0.0,1.1342465753424658
2025-11-26 21:00:00+00:00,2027-01-15 00:00:00+00:00,ANET,ANET270115C00560000,call,False,560.0,0.0,0.0,45.64,125.04000091552734,0.2500075,0.036842886271592254,0.0,1.0,20.0,2024-11-18 17:09:10+00:00,8955.847222222223,0.0,1.1342465753424658
2025-11-26 21:00:00+00:00,2027-01-15 00:00:00+00:00,ANET,ANET270115C00580000,call,False,580.0,0.0,0.0,52.7,125.04000091552734,0.2500075,0.036842886271592254,0.0,1.0,2.0,2024-11-13 16:13:10+00:00,9076.780555555555,0.0,1.1342465753424658
2025-11-26 21:00:00+00:00,2027-01-15 00:00:00+00:00,ANET,ANET270115C00600000,call,False,600.0,0.0,0.0,53.1,125.04000091552734,0.2500075,0.036842886271592254,0.0,12.0,44.0,2024-12-02 19:44:58+00:00,8617.250555555556,0.0,1.1342465753424658
2025-11-26 21:00:00+00:00,2027-01-15 00:00:00+00:00,ANET,ANET270115C00620000,call,False,620.0,0.0,0.0,49.5,125.04000091552734,0.2500075,0.036842886271592254,0.0,1.0,3.0,2024-11-26 15:30:49+00:00,8765.486388888889,0.0,1.1342465753424658
2025-11-26 21:00:00+00:00,2027-01-15 00:00:00+00:00,ANET,ANET270115C00640000,call,False,640.0,0.0,0.0,46.9,125.04000091552734,0.2500075,0.036842886271592254,0.0,2.0,81.0,2024-12-03 18:19:19+00:00,8594.678055555556,0.0,1.1342465753424658
2025-11-26 21:00:00+00:00,2027-01-15 00:00:00+00:00,ANET,ANET270115P00035000,put,False,35.0,0.0,0.0,0.45,125.04000091552734,0.2500075,0.036842886271592254,0.0,11.0,354.0,2025-08-19 18:18:38+00:00,2378.6894444444442,0.0,1.1342465753424658
2025-11-26 21:00:00+00:00,2027-01-15 00:00:00+00:00,ANET,ANET270115P00040000,put,False,40.0,0.0,2.15,0.75,125.04000091552734,0.6709017285156251,0.036842886271592254,0.0,1.0,40.0,2025-10-08 13:45:51+00:00,1183.2358333333334,1.075,1.1342465753424658
2025-11-26 21:00:00+00:00,2027-01-15 00:00:00+00:00,ANET,ANET270115P00045000,put,False,45.0,0.0,5.0,1.5,125.04000091552734,0.7429224926757811,0.036842886271592254,0.0,1.0,23.0,2025-10-15 15:26:52+00:00,1013.5522222222222,2.5,1.1342465753424658
2025-11-26 21:00:00+00:00,2027-01-15 00:00:00+00:00,ANET,ANET270115P00047500,put,False,47.5,0.0,2.75,1.15,125.04000091552734,0.6110878735351564,0.036842886271592254,0.0,11.0,81.0,2025-09-29 16:33:13+00:00,1396.4463888888888,1.375,1.1342465753424658
2025-11-26 21:00:00+00:00,2027-01-15 00:00:00+00:00,ANET,ANET270115P00048750,put,False,48.75,0.1,2.75,1.1,125.04000091552734,0.6014444152832032,0.036842886271592254,0.0,1.0,38.0,2025-08-14 17:14:57+00:00,2499.7508333333335,1.425,1.1342465753424658
2025-11-26 21:00:00+00:00,2027-01-15 00:00:00+00:00,ANET,ANET270115P00050000,put,False,50.0,0.05,1.75,1.26,125.04000091552734,0.5317429638671876,0.036842886271592254,0.0,12.0,313.0,2025-11-07 15:32:17+00:00,461.46194444444444,0.9,1.1342465753424658
2025-11-26 21:00:00+00:00,2027-01-15 00:00:00+00:00,ANET,ANET270115P00052500,put,False,52.5,0.35,2.0,1.55,125.04000091552734,0.5361374511718751,0.036842886271592254,0.0,4.0,16.0,2025-11-06 15:15:25+00:00,485.74305555555554,1.175,1.1342465753424658
2025-11-26 21:00:00+00:00,2027-01-15 00:00:00+00:00,ANET,ANET270115P00055000,put,False,55.0,0.55,2.25,1.67,125.04000091552734,0.5318650329589845,0.036842886271592254,0.0,2.0,183.0,2025-11-10 19:52:37+00:00,385.12305555555554,1.4,1.1342465753424658
2025-11-26 21:00:00+00:00,2027-01-15 00:00:00+00:00,ANET,ANET270115P00057500,put,False,57.5,1.8,2.55,2.25,125.04000091552734,0.5658002404785156,0.036842886271592254,0.0,25.0,64.0,2025-11-25 18:04:09+00:00,26.930833333333332,2.175,1.1342465753424658
2025-11-26 21:00:00+00:00,2027-01-15 00:00:00+00:00,ANET,ANET270115P00060000,put,False,60.0,1.25,3.8,2.07,125.04000091552734,0.5623823059082032,0.036842886271592254,0.0,5.0,1139.0,2025-11-04 19:43:03+00:00,529.2825,2.525,1.1342465753424658
2025-11-26 21:00:00+00:00,2027-01-15 00:00:00+00:00,ANET,ANET270115P00062500,put,False,62.5,2.0,3.6,0.65,125.04000091552734,0.55273884765625,0.036842886271592254,0.0,1.0,277.0,2025-10-13 19:58:32+00:00,1057.0244444444445,2.8,1.1342465753424658
2025-11-26 21:00:00+00:00,2027-01-15 00:00:00+00:00,ANET,ANET270115P00065000,put,False,65.0,1.7,4.4,2.98,125.04000091552734,0.5411422839355471,0.036842886271592254,0.0,1.0,2032.0,2025-11-20 14:46:25+00:00,150.2263888888889,3.0500000000000003,1.1342465753424658
2025-11-26 21:00:00+00:00,2027-01-15 00:00:00+00:00,ANET,ANET270115P00067500,put,False,67.5,3.1,4.9,3.5,125.04000091552734,0.5627485131835939,0.036842886271592254,0.0,10.0,267.0,2025-11-20 14:30:24+00:00,150.49333333333334,4.0,1.1342465753424658
2025-11-26 21:00:00+00:00,2027-01-15 00:00:00+00:00,ANET,ANET270115P00070000,put,False,70.0,3.5,5.2,4.7,125.04000091552734,0.55273884765625,0.036842886271592254,0.0,1.0,873.0,2025-11-21 14:30:13+00:00,126.49638888888889,4.35,1.1342465753424658
2025-11-26 21:00:00+00:00,2027-01-15 00:00:00+00:00,ANET,ANET270115P00072500,put,False,72.5,4.0,5.8,3.3,125.04000091552734,0.5504195349121095,0.036842886271592254,0.0,4.0,56.0,2025-11-03 17:31:38+00:00,555.4727777777778,4.9,1.1342465753424658
2025-11-26 21:00:00+00:00,2027-01-15 00:00:00+00:00,ANET,ANET270115P00075000,put,False,75.0,4.6,5.1,4.8,125.04000091552734,0.523320196533203,0.036842886271592254,0.0,3.0,415.0,2025-11-26 18:10:54+00:00,2.8183333333333334,4.85,1.1342465753424658
2025-11-26 21:00:00+00:00,2027-01-15 00:00:00+00:00,ANET,ANET270115P00077500,put,False,77.5,5.1,6.0,6.9,125.04000091552734,0.5252122674560546,0.036842886271592254,0.0,25.0,134.0,2025-11-21 16:23:52+00:00,124.60222222222222,5.55,1.1342465753424658
2025-11-26 21:00:00+00:00,2027-01-15 00:00:00+00:00,ANET,ANET270115P00080000,put,False,80.0,5.5,6.7,6.33,125.04000091552734,0.5200243310546875,0.036842886271592254,0.0,2.0,340.0,2025-11-25 18:20:52+00:00,26.65222222222222,6.1,1.1342465753424658
2025-11-26 21:00:00+00:00,2027-01-15 00:00:00+00:00,ANET,ANET270115P00082500,put,False,82.5,6.1,7.4,8.0,125.04000091552734,0.5171557073974609,0.036842886271592254,0.0,6.0,172.0,2025-11-24 14:39:34+00:00,54.340555555555554,6.75,1.1342465753424658
2025-11-26 21:00:00+00:00,2027-01-15 00:00:00+00:00,ANET,ANET270115P00085000,put,False,85.0,6.8,8.0,7.4,125.04000091552734,0.5131274273681641,0.036842886271592254,0.0,173.0,316.0,2025-11-25 18:23:48+00:00,26.60333333333333,7.4,1.1342465753424658
2025-11-26 21:00:00+00:00,2027-01-15 00:00:00+00:00,ANET,ANET270115P00087500,put,False,87.5,5.0,9.1,7.35,125.04000091552734,0.538639867553711,0.036842886271592254,0.0,2.0,351.0,2025-10-13 19:39:06+00:00,1057.3483333333334,7.05,1.1342465753424658
2025-11-26 21:00:00+00:00,2027-01-15 00:00:00+00:00,ANET,ANET270115P00090000,put,False,90.0,8.3,9.5,9.3,125.04000091552734,0.5077563873291016,0.036842886271592254,0.0,59.0,940.0,2025-11-25 18:22:18+00:00,26.628333333333334,8.9,1.1342465753424658
2025-11-26 21:00:00+00:00,2027-01-15 00:00:00+00:00,ANET,ANET270115P00092500,put,False,92.5,9.0,10.3,10.2,125.04000091552734,0.5035450036621094,0.036842886271592254,0.0,3.0,132.0,2025-11-19 15:20:57+00:00,173.65083333333334,9.65,1.1342465753424658
2025-11-26 21:00:00+00:00,2027-01-15 00:00:00+00:00,ANET,ANET270115P00095000,put,False,95.0,9.8,11.7,10.5,125.04000091552734,0.5074206973266601,0.036842886271592254,0.0,2.0,655.0,2025-11-26 16:33:34+00:00,4.440555555555555,10.75,1.1342465753424658
2025-11-26 21:00:00+00:00,2027-01-15 00:00:00+00:00,ANET,ANET270115P00097500,put,False,97.5,10.7,11.9,12.0,125.04000091552734,0.5111132873535156,0.036842886271592254,0.0,1.0,879.0,2025-11-25 16:36:12+00:00,28.39666666666667,11.3,1.1342465753424658
2025-11-26 21:00:00+00:00,2027-01-15 00:00:00+00:00,ANET,ANET270115P00100000,put,False,100.0,11.5,13.5,12.2,125.04000091552734,0.5002491381835938,0.036842886271592254,0.0,3.0,544.0,2025-11-26 16:25:27+00:00,4.575833333333334,12.5,1.1342465753424658
2025-11-26 21:00:00+00:00,2027-01-15 00:00:00+00:00,ANET,ANET270115P00102500,put,False,102.5,11.8,15.4,13.7,125.04000091552734,0.5006458627319336,0.036842886271592254,0.0,2.0,165.0,2025-11-25 18:21:11+00:00,26.646944444444443,13.600000000000001,1.1342465753424658
2025-11-26 21:00:00+00:00,2027-01-15 00:00:00+00:00,ANET,ANET270115P00105000,put,False,105.0,12.7,16.4,14.2,125.04000091552734,0.5381821084594728,0.036842886271592254,0.0,1.0,103.0,2025-11-26 14:38:07+00:00,6.364722222222222,14.549999999999999,1.1342465753424658
2025-11-26 21:00:00+00:00,2027-01-15 00:00:00+00:00,ANET,ANET270115P00107500,put,False,107.5,12.9,16.5,10.77,125.04000091552734,0.5137377728271484,0.036842886271592254,0.0,1.0,143.0,2025-10-10 14:50:26+00:00,1134.1594444444445,14.7,1.1342465753424658
2025-11-26 21:00:00+00:00,2027-01-15 00:00:00+00:00,ANET,ANET270115P00110000,put,False,110.0,15.5,17.1,17.17,125.04000091552734,0.5002491381835938,0.036842886271592254,0.0,5.0,643.0,2025-11-25 16:44:42+00:00,28.255,16.3,1.1342465753424658
2025-11-26 21:00:00+00:00,2027-01-15 00:00:00+00:00,ANET,ANET270115P00112500,put,False,112.5,14.9,18.3,13.3,125.04000091552734,0.499028447265625,0.036842886271592254,0.0,1.0,86.0,2025-09-29 15:29:08+00:00,1397.5144444444445,16.6,1.1342465753424658
2025-11-26 21:00:00+00:00,2027-01-15 00:00:00+00:00,ANET,ANET270115P00115000,put,False,115.0,16.9,19.0,18.4,125.04000091552734,0.4867605035400391,0.036842886271592254,0.0,12.0,619.0,2025-11-26 16:58:03+00:00,4.0325,17.95,1.1342465753424658
2025-11-26 21:00:00+00:00,2027-01-15 00:00:00+00:00,ANET,ANET270115P00117500,put,False,117.5,18.3,21.0,23.5,125.04000091552734,0.5002796554565431,0.036842886271592254,0.0,1.0,50.0,2025-11-21 20:53:24+00:00,120.11,19.65,1.1342465753424658
2025-11-26 21:00:00+00:00,2027-01-15 00:00:00+00:00,ANET,ANET270115P00120000,put,False,120.0,19.5,23.0,20.97,125.04000091552734,0.512578116455078,0.036842886271592254,0.0,3.0,437.0,2025-11-26 16:58:18+00:00,4.028333333333333,21.25,1.1342465753424658
2025-11-26 21:00:00+00:00,2027-01-15 00:00:00+00:00,ANET,ANET270115P00122500,put,False,122.5,20.6,23.5,22.19,125.04000091552734,0.49445085632324226,0.036842886271592254,0.0,54.0,21.0,2025-11-26 16:58:33+00:00,4.024166666666667,22.05,1.1342465753424658
2025-11-26 21:00:00+00:00,2027-01-15 00:00:00+00:00,ANET,ANET270115P00125000,put,False,125.0,22.8,24.8,24.45,125.04000091552734,0.4915211981201172,0.036842886271592254,0.0,3.0,160.0,2025-11-25 14:53:58+00:00,30.100555555555555,23.8,1.1342465753424658
2025-11-26 21:00:00+00:00,2027-01-15 00:00:00+00:00,ANET,ANET270115P00127500,put,False,127.5,23.0,25.3,23.1,125.04000091552734,0.47269204071044923,0.036842886271592254,0.0,3.0,133.0,2025-11-07 17:20:21+00:00,459.66083333333336,24.15,1.1342465753424658
2025-11-26 21:00:00+00:00,2027-01-15 00:00:00+00:00,ANET,ANET270115P00130000,put,True,130.0,25.5,26.8,28.54,125.04000091552734,0.47241738525390625,0.036842886271592254,0.0,5.0,457.0,2025-11-19 14:30:09+00:00,174.4975,26.15,1.1342465753424658
2025-11-26 21:00:00+00:00,2027-01-15 00:00:00+00:00,ANET,ANET270115P00135000,put,True,135.0,27.5,29.6,29.22,125.04000091552734,0.4661308270263672,0.036842886271592254,0.0,10.0,744.0,2025-11-26 18:24:09+00:00,2.5975,28.55,1.1342465753424658
2025-11-26 21:00:00+00:00,2027-01-15 00:00:00+00:00,ANET,ANET270115P00140000,put,True,140.0,30.1,33.3,36.23,125.04000091552734,0.47403480072021487,0.036842886271592254,0.0,1.0,558.0,2025-11-24 14:41:18+00:00,54.31166666666667,31.7,1.1342465753424658
2025-11-26 21:00:00+00:00,2027-01-15 00:00:00+00:00,ANET,ANET270115P00145000,put,True,145.0,34.4,36.4,36.95,125.04000091552734,0.46845013977050787,0.036842886271592254,0.0,3.0,46.0,2025-11-25 14:53:58+00:00,30.100555555555555,35.4,1.1342465753424658
2025-11-26 21:00:00+00:00,2027-01-15 00:00:00+00:00,ANET,ANET270115P00150000,put,True,150.0,37.4,39.6,43.06,125.04000091552734,0.4624382369995118,0.036842886271592254,0.0,10.0,40.0,2025-11-24 16:45:30+00:00,52.24166666666667,38.5,1.1342465753424658
2025-11-26 21:00:00+00:00,2027-01-15 00:00:00+00:00,ANET,ANET270115P00155000,put,True,155.0,40.8,43.0,46.5,125.04000091552734,0.45798271514892586,0.036842886271592254,0.0,6.0,64.0,2025-11-24 14:39:34+00:00,54.340555555555554,41.9,1.1342465753424658
2025-11-26 21:00:00+00:00,2027-01-15 00:00:00+00:00,ANET,ANET270115P00160000,put,True,160.0,43.8,46.5,42.5,125.04000091552734,0.4532830551147461,0.036842886271592254,0.0,10.0,22.0,2025-11-11 15:37:55+00:00,365.36805555555554,45.15,1.1342465753424658
2025-11-26 21:00:00+00:00,2027-01-15 00:00:00+00:00,ANET,ANET270115P00165000,put,True,165.0,47.1,50.1,57.2,125.04000091552734,0.4484308087158203,0.036842886271592254,0.0,2.0,28.0,2025-11-21 15:43:54+00:00,125.26833333333333,48.6,1.1342465753424658
2025-11-26 21:00:00+00:00,2027-01-15 00:00:00+00:00,ANET,ANET270115P00170000,put,True,170.0,51.2,53.8,60.0,125.04000091552734,0.44351752777099607,0.036842886271592254,0.0,2.0,22.0,2025-11-21 15:29:34+00:00,125.50722222222223,52.5,1.1342465753424658
2025-11-26 21:00:00+00:00,2027-01-15 00:00:00+00:00,ANET,ANET270115P00175000,put,True,175.0,54.0,57.6,52.53,125.04000091552734,0.43860424682617194,0.036842886271592254,0.0,1.0,14.0,2025-11-10 16:08:50+00:00,388.85277777777776,55.8,1.1342465753424658
2025-11-26 21:00:00+00:00,2027-01-15 00:00:00+00:00,ANET,ANET270115P00180000,put,True,180.0,57.8,61.6,56.03,125.04000091552734,0.43588820953369145,0.036842886271592254,0.0,1.0,13.0,2025-11-10 16:08:50+00:00,388.85277777777776,59.7,1.1342465753424658
2025-11-26 21:00:00+00:00,2027-01-15 00:00:00+00:00,ANET,ANET270115P00185000,put,True,185.0,0.0,0.0,52.57,125.04000091552734,1.0000000000000003e-05,0.036842886271592254,0.0,1.0,0.0,2025-09-15 18:25:55+00:00,1730.5680555555555,0.0,1.1342465753424658
2025-11-26 21:00:00+00:00,2027-01-15 00:00:00+00:00,ANET,ANET270115P00190000,put,True,190.0,0.0,0.0,56.31,125.04000091552734,1.0000000000000003e-05,0.036842886271592254,0.0,1.0,0.0,2025-09-15 18:25:55+00:00,1730.5680555555555,0.0,1.1342465753424658
2025-11-26 21:00:00+00:00,2027-01-15 00:00:00+00:00,ANET,ANET270115P00195000,put,True,195.0,72.6,76.5,62.15,125.04000091552734,0.48233549896240235,0.036842886271592254,0.0,11.0,4.0,2025-10-22 19:34:11+00:00,841.4302777777777,74.55,1.1342465753424658
2025-11-26 21:00:00+00:00,2027-01-15 00:00:00+00:00,ANET,ANET270115P00200000,put,True,200.0,74.5,78.5,77.6,125.04000091552734,0.42819785675048827,0.036842886271592254,0.0,4.0,24.0,2025-11-26 18:04:30+00:00,2.925,76.5,1.1342465753424658
2025-11-26 21:00:00+00:00,2027-01-15 00:00:00+00:00,ANET,ANET270115P00210000,put,True,210.0,83.2,86.0,85.9,125.04000091552734,0.3865417791748046,0.036842886271592254,0.0,4.0,32.0,2025-11-26 18:46:54+00:00,2.2183333333333333,84.6,1.1342465753424658
2025-11-26 21:00:00+00:00,2027-01-15 00:00:00+00:00,ANET,ANET270115P00220000,put,True,220.0,93.0,95.6,91.12,125.04000091552734,0.39685661743164063,0.036842886271592254,0.0,4.0,404.0,2025-11-13 18:03:42+00:00,314.93833333333333,94.3,1.1342465753424658
2025-11-26 21:00:00+00:00,2027-01-15 00:00:00+00:00,ANET,ANET270115P00230000,put,True,230.0,102.0,104.8,111.7,125.04000091552734,0.389654541015625,0.036842886271592254,0.0,4.0,4.0,2025-11-20 20:36:06+00:00,144.39833333333334,103.4,1.1342465753424658
2025-11-26 21:00:00+00:00,2027-01-15 00:00:00+00:00,ANET,ANET270115P00240000,put,True,240.0,0.0,0.0,16.0,125.04000091552734,1.0000000000000003e-05,0.036842886271592254,0.0,,1.0,2024-11-25 14:50:24+00:00,8790.16,0.0,1.1342465753424658
2025-11-26 21:00:00+00:00,2027-01-15 00:00:00+00:00,ANET,ANET270115P00250000,put,True,250.0,0.0,0.0,18.0,125.04000091552734,1.0000000000000003e-05,0.036842886271592254,0.0,1.0,8.0,2024-12-02 16:14:43+00:00,8620.754722222222,0.0,1.1342465753424658
2025-11-26 21:00:00+00:00,2027-01-15 00:00:00+00:00,ANET,ANET270115P00260000,put,True,260.0,24.8,27.5,25.2,125.04000091552734,1.0000000000000003e-05,0.036842886271592254,0.0,,3.0,2024-10-16 19:56:11+00:00,9745.06361111111,26.15,1.1342465753424658
2025-11-26 21:00:00+00:00,2027-01-15 00:00:00+00:00,ANET,ANET270115P00280000,put,True,280.0,30.9,32.5,32.02,125.04000091552734,1.0000000000000003e-05,0.036842886271592254,0.0,1.0,3.0,2024-10-16 18:10:47+00:00,9746.820277777777,31.7,1.1342465753424658
2025-11-26 21:00:00+00:00,2027-01-15 00:00:00+00:00,ANET,ANET270115P00290000,put,True,290.0,0.0,0.0,31.57,125.04000091552734,1.0000000000000003e-05,0.036842886271592254,0.0,2.0,5.0,2024-11-21 15:05:35+00:00,8885.906944444445,0.0,1.1342465753424658
2025-11-26 21:00:00+00:00,2027-01-15 00:00:00+00:00,ANET,ANET270115P00300000,put,True,300.0,0.0,0.0,33.21,125.04000091552734,1.0000000000000003e-05,0.036842886271592254,0.0,1.0,35.0,2024-11-27 18:45:59+00:00,8738.23361111111,0.0,1.1342465753424658
2025-11-26 21:00:00+00:00,2027-01-15 00:00:00+00:00,ANET,ANET270115P00310000,put,True,310.0,0.0,0.0,35.8,125.04000091552734,1.0000000000000003e-05,0.036842886271592254,0.0,50.0,50.0,2024-11-25 15:49:51+00:00,8789.169166666667,0.0,1.1342465753424658
2025-11-26 21:00:00+00:00,2027-01-15 00:00:00+00:00,ANET,ANET270115P00320000,put,True,320.0,0.0,0.0,39.2,125.04000091552734,1.0000000000000003e-05,0.036842886271592254,0.0,58.0,60.0,2024-11-25 15:49:51+00:00,8789.169166666667,0.0,1.1342465753424658
2025-11-26 21:00:00+00:00,2027-01-15 00:00:00+00:00,ANET,ANET270115P00330000,put,True,330.0,0.0,0.0,44.92,125.04000091552734,1.0000000000000003e-05,0.036842886271592254,0.0,1.0,5.0,2024-11-25 18:46:35+00:00,8786.22361111111,0.0,1.1342465753424658
2025-11-26 21:00:00+00:00,2027-01-15 00:00:00+00:00,ANET,ANET270115P00340000,put,True,340.0,0.0,0.0,48.48,125.04000091552734,1.0000000000000003e-05,0.036842886271592254,0.0,,2.0,2024-11-06 14:45:02+00:00,9246.249444444444,0.0,1.1342465753424658
2025-11-26 21:00:00+00:00,2027-01-15 00:00:00+00:00,ANET,ANET270115P00350000,put,True,350.0,0.0,0.0,48.99,125.04000091552734,1.0000000000000003e-05,0.036842886271592254,0.0,1.0,55.0,2024-12-02 19:52:43+00:00,8617.121388888889,0.0,1.1342465753424658
2025-11-26 21:00:00+00:00,2027-01-15 00:00:00+00:00,ANET,ANET270115P00370000,put,True,370.0,0.0,0.0,56.97,125.04000091552734,1.0000000000000003e-05,0.036842886271592254,0.0,2.0,10.0,2024-12-02 17:58:11+00:00,8619.030277777778,0.0,1.1342465753424658
2025-11-26 21:00:00+00:00,2027-01-15 00:00:00+00:00,ANET,ANET270115P00380000,put,True,380.0,67.8,69.9,68.42,125.04000091552734,1.0000000000000003e-05,0.036842886271592254,0.0,2.0,0.0,2024-10-11 13:58:52+00:00,9871.01888888889,68.85,1.1342465753424658
2025-11-26 21:00:00+00:00,2027-01-15 00:00:00+00:00,ANET,ANET270115P00390000,put,True,390.0,77.1,81.5,80.45,125.04000091552734,1.0000000000000003e-05,0.036842886271592254,0.0,,1.0,2024-10-03 14:57:54+00:00,10062.035,79.3,1.1342465753424658
2025-11-26 21:00:00+00:00,2027-01-15 00:00:00+00:00,ANET,ANET270115P00400000,put,True,400.0,0.0,0.0,72.19,125.04000091552734,1.0000000000000003e-05,0.036842886271592254,0.0,2.0,12.0,2024-11-26 14:46:57+00:00,8766.2175,0.0,1.1342465753424658
2025-11-26 21:00:00+00:00,2027-01-15 00:00:00+00:00,ANET,ANET270115P00410000,put,True,410.0,0.0,0.0,77.46,125.04000091552734,1.0000000000000003e-05,0.036842886271592254,0.0,2.0,6.0,2024-11-26 14:46:50+00:00,8766.219444444445,0.0,1.1342465753424658
2025-11-26 21:00:00+00:00,2027-01-15 00:00:00+00:00,ANET,ANET270115P00420000,put,True,420.0,88.1,91.9,86.7,125.04000091552734,1.0000000000000003e-05,0.036842886271592254,0.0,1.0,1.0,2024-10-14 15:34:46+00:00,9797.420555555556,90.0,1.1342465753424658
2025-11-26 21:00:00+00:00,2027-01-15 00:00:00+00:00,ANET,ANET270115P00430000,put,True,430.0,0.0,0.0,90.08,125.04000091552734,1.0000000000000003e-05,0.036842886271592254,0.0,61.0,32.0,2024-11-21 20:46:09+00:00,8880.230833333333,0.0,1.1342465753424658
2025-11-26 21:00:00+00:00,2027-01-15 00:00:00+00:00,ANET,ANET270115P00440000,put,True,440.0,0.0,0.0,98.1,125.04000091552734,1.0000000000000003e-05,0.036842886271592254,0.0,1.0,2.0,2024-11-21 16:38:53+00:00,8884.351944444445,0.0,1.1342465753424658
2025-11-26 21:00:00+00:00,2027-01-15 00:00:00+00:00,ANET,ANET270115P00480000,put,True,480.0,0.0,0.0,121.75,125.04000091552734,1.0000000000000003e-05,0.036842886271592254,0.0,1.0,1.0,2024-11-08 15:15:08+00:00,9197.747777777779,0.0,1.1342465753424658
2025-11-26 21:00:00+00:00,2027-01-15 00:00:00+00:00,ANET,ANET270115P00500000,put,True,500.0,0.0,0.0,126.0,125.04000091552734,1.0000000000000003e-05,0.036842886271592254,0.0,,2.0,2024-11-07 18:55:01+00:00,9218.083055555555,0.0,1.1342465753424658
2025-11-26 21:00:00+00:00,2027-01-15 00:00:00+00:00,ANET,ANET270115P00600000,put,True,600.0,218.3,221.8,206.79,125.04000091552734,1.0000000000000003e-05,0.036842886271592254,0.0,,0.0,2024-10-11 15:15:48+00:00,9869.736666666666,220.05,1.1342465753424658
2025-11-26 21:00:00+00:00,2027-01-15 00:00:00+00:00,ANET,ANET270115P00620000,put,True,620.0,0.0,0.0,239.75,125.04000091552734,1.0000000000000003e-05,0.036842886271592254,0.0,1.0,0.0,2024-10-28 19:00:08+00:00,9457.997777777779,0.0,1.1342465753424658
2025-11-26 21:00:00+00:00,2028-01-21 00:00:00+00:00,ANET,ANET280121C00060000,call,True,60.0,76.0,79.0,73.5,125.04000091552734,0.659305164794922,0.036842886271592254,0.0,50.0,50.0,2025-11-25 15:56:27+00:00,29.059166666666666,77.5,2.1506849315068495
2025-11-26 21:00:00+00:00,2028-01-21 00:00:00+00:00,ANET,ANET280121C00065000,call,True,65.0,72.0,76.5,68.0,125.04000091552734,0.6525913647460939,0.036842886271592254,0.0,100.0,107.0,2025-11-24 15:19:12+00:00,53.68,74.25,2.1506849315068495
2025-11-26 21:00:00+00:00,2028-01-21 00:00:00+00:00,ANET,ANET280121C00070000,call,True,70.0,69.0,72.5,68.86,125.04000091552734,0.6370275555419922,0.036842886271592254,0.0,1.0,3.0,2025-11-25 19:45:34+00:00,25.240555555555556,70.75,2.1506849315068495
2025-11-26 21:00:00+00:00,2028-01-21 00:00:00+00:00,ANET,ANET280121C00075000,call,True,75.0,66.0,69.5,61.0,125.04000091552734,0.631839619140625,0.036842886271592254,0.0,1.0,113.0,2025-11-24 14:47:55+00:00,54.201388888888886,67.75,2.1506849315068495
2025-11-26 21:00:00+00:00,2028-01-21 00:00:00+00:00,ANET,ANET280121C00080000,call,True,80.0,63.3,67.0,56.5,125.04000091552734,0.6329077236938477,0.036842886271592254,0.0,4.0,66.0,2025-11-21 20:59:22+00:00,120.01055555555556,65.15,2.1506849315068495
2025-11-26 21:00:00+00:00,2028-01-21 00:00:00+00:00,ANET,ANET280121C00085000,call,True,85.0,60.0,63.4,52.8,125.04000091552734,0.6140175317382813,0.036842886271592254,0.0,3.0,8.0,2025-11-21 20:00:46+00:00,120.98722222222223,61.7,2.1506849315068495
2025-11-26 21:00:00+00:00,2028-01-21 00:00:00+00:00,ANET,ANET280121C00090000,call,True,90.0,56.5,61.0,58.0,125.04000091552734,0.6042825216674806,0.036842886271592254,0.0,1.0,19.0,2025-11-26 14:31:16+00:00,6.478888888888889,58.75,2.1506849315068495
2025-11-26 21:00:00+00:00,2028-01-21 00:00:00+00:00,ANET,ANET280121C00095000,call,True,95.0,54.0,58.1,55.87,125.04000091552734,0.597782342529297,0.036842886271592254,0.0,2.0,27.0,2025-11-26 16:39:54+00:00,4.335,56.05,2.1506849315068495
2025-11-26 21:00:00+00:00,2028-01-21 00:00:00+00:00,ANET,ANET280121C00100000,call,True,100.0,51.5,55.0,53.6,125.04000091552734,0.5880778497314454,0.036842886271592254,0.0,6.0,177.0,2025-11-26 18:38:08+00:00,2.3644444444444446,53.25,2.1506849315068495
2025-11-26 21:00:00+00:00,2028-01-21 00:00:00+00:00,ANET,ANET280121C00105000,call,True,105.0,49.0,52.4,46.5,125.04000091552734,0.5814250842285156,0.036842886271592254,0.0,1.0,148.0,2025-11-24 18:08:07+00:00,50.86472222222222,50.7,2.1506849315068495
2025-11-26 21:00:00+00:00,2028-01-21 00:00:00+00:00,ANET,ANET280121C00110000,call,True,110.0,46.5,50.3,48.62,125.04000091552734,0.5774883560180665,0.036842886271592254,0.0,4.0,148.0,2025-11-26 19:32:05+00:00,1.4652777777777777,48.4,2.1506849315068495
2025-11-26 21:00:00+00:00,2028-01-21 00:00:00+00:00,ANET,ANET280121C00115000,call,True,115.0,44.5,49.0,46.37,125.04000091552734,0.5823100851440429,0.036842886271592254,0.0,4.0,22.0,2025-11-26 19:32:05+00:00,1.4652777777777777,46.75,2.1506849315068495
2025-11-26 21:00:00+00:00,2028-01-21 00:00:00+00:00,ANET,ANET280121C00120000,call,True,120.0,42.0,46.5,44.0,125.04000091552734,0.5725140405273439,0.036842886271592254,0.0,2.0,97.0,2025-11-26 16:17:02+00:00,4.716111111111111,44.25,2.1506849315068495
2025-11-26 21:00:00+00:00,2028-01-21 00:00:00+00:00,ANET,ANET280121C00125000,call,True,125.0,40.6,44.5,42.7,125.04000091552734,0.5736431796264648,0.036842886271592254,0.0,3.0,139.0,2025-11-26 18:36:59+00:00,2.383611111111111,42.55,2.1506849315068495
2025-11-26 21:00:00+00:00,2028-01-21 00:00:00+00:00,ANET,ANET280121C00130000,call,False,130.0,39.3,43.0,40.8,125.04000091552734,0.5778240460205077,0.036842886271592254,0.0,3.0,124.0,2025-11-26 20:12:36+00:00,0.79,41.15,2.1506849315068495
2025-11-26 21:00:00+00:00,2028-01-21 00:00:00+00:00,ANET,ANET280121C00135000,call,False,135.0,36.5,40.5,38.0,125.04000091552734,0.5628705822753908,0.036842886271592254,0.0,2.0,44.0,2025-11-26 20:53:51+00:00,0.1025,38.5,2.1506849315068495
2025-11-26 21:00:00+00:00,2028-01-21 00:00:00+00:00,ANET,ANET280121C00140000,call,False,140.0,35.0,38.2,35.0,125.04000091552734,0.5578047149658205,0.036842886271592254,0.0,5.0,104.0,2025-11-25 14:36:04+00:00,30.398888888888887,36.6,2.1506849315068495
2025-11-26 21:00:00+00:00,2028-01-21 00:00:00+00:00,ANET,ANET280121C00145000,call,False,145.0,33.0,36.6,33.4,125.04000091552734,0.5531966067504883,0.036842886271592254,0.0,2.0,168.0,2025-11-25 17:33:18+00:00,27.445,34.8,2.1506849315068495
2025-11-26 21:00:00+00:00,2028-01-21 00:00:00+00:00,ANET,ANET280121C00150000,call,False,150.0,31.0,35.4,32.0,125.04000091552734,0.5504500521850587,0.036842886271592254,0.0,3.0,175.0,2025-11-26 20:34:49+00:00,0.4197222222222222,33.2,2.1506849315068495
2025-11-26 21:00:00+00:00,2028-01-21 00:00:00+00:00,ANET,ANET280121C00155000,call,False,155.0,29.5,34.0,33.46,125.04000091552734,0.5488326367187502,0.036842886271592254,0.0,4.0,66.0,2025-11-20 16:08:13+00:00,148.86305555555555,31.75,2.1506849315068495
2025-11-26 21:00:00+00:00,2028-01-21 00:00:00+00:00,ANET,ANET280121C00160000,call,False,160.0,28.0,31.8,30.25,125.04000091552734,0.540989697570801,0.036842886271592254,0.0,3.0,77.0,2025-11-26 17:34:35+00:00,3.423611111111111,29.9,2.1506849315068495
2025-11-26 21:00:00+00:00,2028-01-21 00:00:00+00:00,ANET,ANET280121C00165000,call,False,165.0,28.2,29.4,26.5,125.04000091552734,0.5424545266723634,0.036842886271592254,0.0,37.0,133.0,2025-11-20 19:52:16+00:00,145.1288888888889,28.799999999999997,2.1506849315068495
2025-11-26 21:00:00+00:00,2028-01-21 00:00:00+00:00,ANET,ANET280121C00170000,call,False,170.0,26.7,29.3,22.13,125.04000091552734,0.5471236694335939,0.036842886271592254,0.0,12.0,81.0,2025-11-21 18:20:46+00:00,122.65388888888889,28.0,2.1506849315068495
2025-11-26 21:00:00+00:00,2028-01-21 00:00:00+00:00,ANET,ANET280121C00175000,call,False,175.0,24.0,28.5,24.79,125.04000091552734,0.5383499534606935,0.036842886271592254,0.0,3.0,31.0,2025-11-18 20:17:49+00:00,192.70305555555555,26.25,2.1506849315068495
2025-11-26 21:00:00+00:00,2028-01-21 00:00:00+00:00,ANET,ANET280121C00180000,call,False,180.0,23.0,26.2,22.5,125.04000091552734,0.5302018415832521,0.036842886271592254,0.0,2.0,66.0,2025-11-24 20:24:27+00:00,48.5925,24.6,2.1506849315068495
2025-11-26 21:00:00+00:00,2028-01-21 00:00:00+00:00,ANET,ANET280121C00185000,call,False,185.0,21.5,25.5,19.5,125.04000091552734,0.5287370124816897,0.036842886271592254,0.0,17.0,27.0,2025-11-21 18:50:07+00:00,122.16472222222222,23.5,2.1506849315068495
2025-11-26 21:00:00+00:00,2028-01-21 00:00:00+00:00,ANET,ANET280121C00190000,call,False,190.0,20.5,23.9,21.1,125.04000091552734,0.5239152833557128,0.036842886271592254,0.0,2.0,86.0,2025-11-25 15:45:04+00:00,29.24888888888889,22.2,2.1506849315068495
2025-11-26 21:00:00+00:00,2028-01-21 00:00:00+00:00,ANET,ANET280121C00195000,call,False,195.0,19.5,23.1,21.6,125.04000091552734,0.5238695074462891,0.036842886271592254,0.0,14.0,97.0,2025-11-26 19:48:49+00:00,1.186388888888889,21.3,2.1506849315068495
2025-11-26 21:00:00+00:00,2028-01-21 00:00:00+00:00,ANET,ANET280121C00200000,call,False,200.0,18.6,21.8,17.7,125.04000091552734,0.5204820901489257,0.036842886271592254,0.0,4.0,104.0,2025-11-24 14:49:17+00:00,54.17861111111111,20.200000000000003,2.1506849315068495
2025-11-26 21:00:00+00:00,2028-01-21 00:00:00+00:00,ANET,ANET280121C00210000,call,False,210.0,16.5,20.2,19.1,125.04000091552734,0.5167589828491211,0.036842886271592254,0.0,1.0,233.0,2025-11-26 16:50:08+00:00,4.164444444444444,18.35,2.1506849315068495
2025-11-26 21:00:00+00:00,2028-01-21 00:00:00+00:00,ANET,ANET280121C00220000,call,False,220.0,15.0,19.7,17.6,125.04000091552734,0.5228624374389649,0.036842886271592254,0.0,1.0,130.0,2025-11-26 17:11:02+00:00,3.8161111111111112,17.35,2.1506849315068495
2025-11-26 21:00:00+00:00,2028-01-21 00:00:00+00:00,ANET,ANET280121C00230000,call,False,230.0,15.0,17.2,12.4,125.04000091552734,0.523716921081543,0.036842886271592254,0.0,1.0,145.0,2025-11-21 16:38:50+00:00,124.35277777777777,16.1,2.1506849315068495
2025-11-26 21:00:00+00:00,2028-01-21 00:00:00+00:00,ANET,ANET280121C00240000,call,False,240.0,14.0,15.9,14.5,125.04000091552734,0.5243883010864258,0.036842886271592254,0.0,27.0,94.0,2025-11-26 20:04:07+00:00,0.9313888888888889,14.95,2.1506849315068495
2025-11-26 21:00:00+00:00,2028-01-21 00:00:00+00:00,ANET,ANET280121P00065000,put,False,65.0,4.0,6.9,6.6,125.04000091552734,0.5210008837890624,0.036842886271592254,0.0,1.0,6.0,2025-11-24 15:04:17+00:00,53.92861111111111,5.45,2.1506849315068495
2025-11-26 21:00:00+00:00,2028-01-21 00:00:00+00:00,ANET,ANET280121P00070000,put,False,70.0,5.0,8.5,8.5,125.04000091552734,0.5202074346923828,0.036842886271592254,0.0,10.0,17.0,2025-11-26 18:34:11+00:00,2.430277777777778,6.75,2.1506849315068495
2025-11-26 21:00:00+00:00,2028-01-21 00:00:00+00:00,ANET,ANET280121P00075000,put,False,75.0,6.5,11.5,9.04,125.04000091552734,0.5487716021728517,0.036842886271592254,0.0,10.0,54.0,2025-11-26 18:34:11+00:00,2.430277777777778,9.0,2.1506849315068495
2025-11-26 21:00:00+00:00,2028-01-21 00:00:00+00:00,ANET,ANET280121P00080000,put,False,80.0,9.9,11.5,10.9,125.04000091552734,0.503483969116211,0.036842886271592254,0.0,1.0,31.0,2025-11-24 16:45:56+00:00,52.23444444444444,10.7,2.1506849315068495
2025-11-26 21:00:00+00:00,2028-01-21 00:00:00+00:00,ANET,ANET280121P00085000,put,False,85.0,10.0,13.3,11.75,125.04000091552734,0.4981739636230469,0.036842886271592254,0.0,6.0,0.0,2025-10-14 14:09:01+00:00,1038.8497222222222,11.65,2.1506849315068495
2025-11-26 21:00:00+00:00,2028-01-21 00:00:00+00:00,ANET,ANET280121P00090000,put,False,90.0,11.5,16.5,12.05,125.04000091552734,0.5172777764892578,0.036842886271592254,0.0,2.0,9.0,2025-11-05 16:54:57+00:00,508.08416666666665,14.0,2.1506849315068495
2025-11-26 21:00:00+00:00,2028-01-21 00:00:00+00:00,ANET,ANET280121P00095000,put,False,95.0,15.3,16.9,16.9,125.04000091552734,0.4810842907714844,0.036842886271592254,0.0,1.0,172.0,2025-11-25 15:50:20+00:00,29.16111111111111,16.1,2.1506849315068495
2025-11-26 21:00:00+00:00,2028-01-21 00:00:00+00:00,ANET,ANET280121P00100000,put,False,100.0,16.0,20.5,18.2,125.04000091552734,0.5008900009155274,0.036842886271592254,0.0,1.0,92.0,2025-11-26 17:21:27+00:00,3.6425,18.25,2.1506849315068495
2025-11-26 21:00:00+00:00,2028-01-21 00:00:00+00:00,ANET,ANET280121P00105000,put,False,105.0,19.6,22.0,25.5,125.04000091552734,0.48233549896240235,0.036842886271592254,0.0,4.0,143.0,2025-11-21 20:58:26+00:00,120.0261111111111,20.8,2.1506849315068495
2025-11-26 21:00:00+00:00,2028-01-21 00:00:00+00:00,ANET,ANET280121P00110000,put,False,110.0,20.5,24.3,24.43,125.04000091552734,0.4757437680053711,0.036842886271592254,0.0,5.0,293.0,2025-11-18 17:27:24+00:00,195.54333333333332,22.4,2.1506849315068495
2025-11-26 21:00:00+00:00,2028-01-21 00:00:00+00:00,ANET,ANET280121P00115000,put,False,115.0,23.0,26.8,28.54,125.04000091552734,0.47070841796875,0.036842886271592254,0.0,1.0,7.0,2025-11-21 17:18:01+00:00,123.69972222222222,24.9,2.1506849315068495
2025-11-26 21:00:00+00:00,2028-01-21 00:00:00+00:00,ANET,ANET280121P00120000,put,False,120.0,25.5,29.4,29.6,125.04000091552734,0.4656425506591797,0.036842886271592254,0.0,2.0,85.0,2025-11-24 15:53:02+00:00,53.11611111111111,27.45,2.1506849315068495
2025-11-26 21:00:00+00:00,2028-01-21 00:00:00+00:00,ANET,ANET280121P00125000,put,False,125.0,28.5,32.1,31.1,125.04000091552734,0.46060720062255867,0.036842886271592254,0.0,1.0,16.0,2025-11-25 20:24:42+00:00,24.588333333333335,30.3,2.1506849315068495
2025-11-26 21:00:00+00:00,2028-01-21 00:00:00+00:00,ANET,ANET280121P00130000,put,True,130.0,31.0,34.9,32.75,125.04000091552734,0.45560236785888675,0.036842886271592254,0.0,1.0,6.0,2025-11-17 16:05:46+00:00,220.9038888888889,32.95,2.1506849315068495
2025-11-26 21:00:00+00:00,2028-01-21 00:00:00+00:00,ANET,ANET280121P00135000,put,True,135.0,34.0,38.5,34.68,125.04000091552734,0.4603325451660156,0.036842886271592254,0.0,21.0,161.0,2025-11-14 14:53:36+00:00,294.1066666666667,36.25,2.1506849315068495
2025-11-26 21:00:00+00:00,2028-01-21 00:00:00+00:00,ANET,ANET280121P00140000,put,True,140.0,37.0,40.8,42.66,125.04000091552734,0.4458368405151367,0.036842886271592254,0.0,1.0,225.0,2025-11-24 14:41:18+00:00,54.31166666666667,38.9,2.1506849315068495
2025-11-26 21:00:00+00:00,2028-01-21 00:00:00+00:00,ANET,ANET280121P00145000,put,True,145.0,40.0,44.5,43.11,125.04000091552734,0.4492547750854492,0.036842886271592254,0.0,10.0,408.0,2025-11-26 18:34:11+00:00,2.430277777777778,42.25,2.1506849315068495
2025-11-26 21:00:00+00:00,2028-01-21 00:00:00+00:00,ANET,ANET280121P00150000,put,True,150.0,43.5,47.1,46.18,125.04000091552734,0.43662062408447266,0.036842886271592254,0.0,10.0,152.0,2025-11-26 18:34:11+00:00,2.430277777777778,45.3,2.1506849315068495
2025-11-26 21:00:00+00:00,2028-01-21 00:00:00+00:00,ANET,ANET280121P00155000,put,True,155.0,47.6,50.4,45.63,125.04000091552734,0.4322871713256836,0.036842886271592254,0.0,1.0,3.0,2025-11-10 15:40:52+00:00,389.31888888888886,49.0,2.1506849315068495
2025-11-26 21:00:00+00:00,2028-01-21 00:00:00+00:00,ANET,ANET280121P00160000,put,True,160.0,50.0,54.5,54.2,125.04000091552734,0.43756665954589846,0.036842886271592254,0.0,1.0,66.0,2025-11-19 16:00:46+00:00,172.98722222222221,52.25,2.1506849315068495
2025-11-26 21:00:00+00:00,2028-01-21 00:00:00+00:00,ANET,ANET280121P00165000,put,True,165.0,53.5,58.0,51.9,125.04000091552734,0.43375200042724615,0.036842886271592254,0.0,,18.0,2025-11-06 15:00:41+00:00,485.9886111111111,55.75,2.1506849315068495
2025-11-26 21:00:00+00:00,2028-01-21 00:00:00+00:00,ANET,ANET280121P00170000,put,True,170.0,57.0,61.5,47.8,125.04000091552734,0.42889975402832037,0.036842886271592254,0.0,,20.0,2025-11-03 19:32:56+00:00,553.4511111111111,59.25,2.1506849315068495
2025-11-26 21:00:00+00:00,2028-01-21 00:00:00+00:00,ANET,ANET280121P00175000,put,True,175.0,62.0,67.0,54.76,125.04000091552734,0.4502313278198242,0.036842886271592254,0.0,,10.0,2025-10-22 19:21:44+00:00,841.6377777777777,64.5,2.1506849315068495
2025-11-26 21:00:00+00:00,2028-01-21 00:00:00+00:00,ANET,ANET280121P00180000,put,True,180.0,64.0,68.5,68.55,125.04000091552734,0.41617405120849604,0.036842886271592254,0.0,1.0,6.0,2025-11-18 17:11:26+00:00,195.80944444444444,66.25,2.1506849315068495
2025-11-26 21:00:00+00:00,2028-01-21 00:00:00+00:00,ANET,ANET280121P00190000,put,True,190.0,71.5,76.5,70.13,125.04000091552734,0.4134885311889648,0.036842886271592254,0.0,1.0,1.0,2025-11-06 15:21:47+00:00,485.63694444444445,74.0,2.1506849315068495
2025-11-26 21:00:00+00:00,2028-01-21 00:00:00+00:00,ANET,ANET280121P00200000,put,True,200.0,79.5,84.0,78.43,125.04000091552734,0.3999388619995118,0.036842886271592254,0.0,,4.0,2025-11-13 15:58:01+00:00,317.03305555555556,81.75,2.1506849315068495
2025-11-26 21:00:00+00:00,2028-01-21 00:00:00+00:00,ANET,ANET280121P00210000,put,True,210.0,88.5,91.3,74.1,125.04000091552734,0.37863780548095705,0.036842886271592254,0.0,,1.0,2025-10-28 16:20:44+00:00,700.6544444444445,89.9,2.1506849315068495
2025-11-26 21:00:00+00:00,2028-01-21 00:00:00+00:00,ANET,ANET280121P00220000,put,True,220.0,96.0,100.5,98.75,125.04000091552734,0.38413091461181637,0.036842886271592254,0.0,8.0,27.0,2025-11-26 18:46:39+00:00,2.2225,98.25,2.1506849315068495
2025-11-26 21:00:00+00:00,2028-01-21 00:00:00+00:00,ANET,ANET280121P00230000,put,True,230.0,104.5,109.0,107.5,125.04000091552734,0.37494521545410153,0.036842886271592254,0.0,8.0,11.0,2025-11-26 18:45:18+00:00,2.245,106.75,2.1506849315068495
2025-11-26 21:00:00+00:00,2028-01-21 00:00:00+00:00,ANET,ANET280121P00240000,put,True,240.0,114.0,118.0,116.3,125.04000091552734,0.3717103845214844,0.036842886271592254,0.0,8.0,25.0,2025-11-26 18:45:04+00:00,2.2488888888888887,116.0,2.1506849315068495
