date,expiry,symbol,contractSymbol,type,inTheMoney,strike,bid,ask,last,underlying,iv_mkt,rate,div_yield,volume,openInterest,lastTradeDate,quote_age_hours,mid,T
2025-11-17 21:00:00+00:00,2025-11-21 00:00:00+00:00,AVGO,AVGO251121C00125000,call,True,125.0,216.25,218.6,221.7,342.6499938964844,4.889652325439453,0.0370259995532744,0.00688749465062872,6.0,78.0,2025-11-17 15:26:38+00:00,5.556111111111111,217.425,0.00821917808219178
2025-11-17 21:00:00+00:00,2025-11-21 00:00:00+00:00,AVGO,AVGO251121C00130000,call,True,130.0,211.0,213.65,216.75,342.6499938964844,4.75293374633789,0.0370259995532744,0.00688749465062872,6.0,17.0,2025-11-17 15:26:38+00:00,5.556111111111111,212.325,0.00821917808219178
2025-11-17 21:00:00+00:00,2025-11-21 00:00:00+00:00,AVGO,AVGO251121C00135000,call,True,135.0,206.25,208.7,207.32,342.6499938964844,4.619144851074219,0.0370259995532744,0.00688749465062872,6.0,62.0,2025-11-14 20:31:44+00:00,72.47111111111111,207.475,0.00821917808219178
2025-11-17 21:00:00+00:00,2025-11-21 00:00:00+00:00,AVGO,AVGO251121C00140000,call,True,140.0,201.25,203.75,205.39,342.6499938964844,4.488285639648437,0.0370259995532744,0.00688749465062872,3.0,24.0,2025-10-23 13:53:01+00:00,607.1163888888889,202.5,0.00821917808219178
2025-11-17 21:00:00+00:00,2025-11-21 00:00:00+00:00,AVGO,AVGO251121C00145000,call,True,145.0,196.25,198.8,196.82,342.6499938964844,4.3613326733398425,0.0370259995532744,0.00688749465062872,1.0,28.0,2025-11-17 20:04:36+00:00,0.9233333333333333,197.525,0.00821917808219178
2025-11-17 21:00:00+00:00,2025-11-21 00:00:00+00:00,AVGO,AVGO251121C00150000,call,True,150.0,191.35,193.35,191.9,342.6499938964844,3.8779299926757815,0.0370259995532744,0.00688749465062872,3.0,115.0,2025-11-17 20:04:36+00:00,0.9233333333333333,192.35,0.00821917808219178
2025-11-17 21:00:00+00:00,2025-11-21 00:00:00+00:00,AVGO,AVGO251121C00155000,call,True,155.0,185.6,188.8,184.31,342.6499938964844,4.053715870361328,0.0370259995532744,0.00688749465062872,4.0,13.0,2025-10-06 15:38:43+00:00,1013.3547222222222,187.2,0.00821917808219178
2025-11-17 21:00:00+00:00,2025-11-21 00:00:00+00:00,AVGO,AVGO251121C00160000,call,True,160.0,181.3,183.8,179.25,342.6499938964844,3.907226794433594,0.0370259995532744,0.00688749465062872,2.0,50.0,2025-11-17 20:05:04+00:00,0.9155555555555556,182.55,0.00821917808219178
2025-11-17 21:00:00+00:00,2025-11-21 00:00:00+00:00,AVGO,AVGO251121C00165000,call,True,165.0,175.8,178.55,174.26,342.6499938964844,3.611329096679688,0.0370259995532744,0.00688749465062872,12.0,40.0,2025-11-17 20:05:04+00:00,0.9155555555555556,177.175,0.00821917808219178
2025-11-17 21:00:00+00:00,2025-11-21 00:00:00+00:00,AVGO,AVGO251121C00170000,call,True,170.0,171.3,173.75,181.58,342.6499938964844,3.599610375976563,0.0370259995532744,0.00688749465062872,1.0,46.0,2025-11-17 14:53:32+00:00,6.107777777777778,172.525,0.00821917808219178
2025-11-17 21:00:00+00:00,2025-11-21 00:00:00+00:00,AVGO,AVGO251121C00175000,call,True,175.0,166.3,168.5,171.25,342.6499938964844,3.318361079101562,0.0370259995532744,0.00688749465062872,5.0,13.0,2025-11-17 18:42:18+00:00,2.295,167.4,0.00821917808219178
2025-11-17 21:00:00+00:00,2025-11-21 00:00:00+00:00,AVGO,AVGO251121C00180000,call,True,180.0,161.3,163.8,166.33,342.6499938964844,3.3642594018554686,0.0370259995532744,0.00688749465062872,7.0,19.0,2025-11-17 18:42:18+00:00,2.295,162.55,0.00821917808219178
2025-11-17 21:00:00+00:00,2025-11-21 00:00:00+00:00,AVGO,AVGO251121C00185000,call,True,185.0,156.3,158.6,160.21,342.6499938964844,3.1308615478515627,0.0370259995532744,0.00688749465062872,3.0,21.0,2025-11-17 16:58:10+00:00,4.030555555555556,157.45,0.00821917808219178
2025-11-17 21:00:00+00:00,2025-11-21 00:00:00+00:00,AVGO,AVGO251121C00190000,call,True,190.0,151.3,153.6,152.19,342.6499938964844,3.010744660644531,0.0370259995532744,0.00688749465062872,1.0,44.0,2025-11-14 18:39:28+00:00,74.34222222222222,152.45,0.00821917808219178
2025-11-17 21:00:00+00:00,2025-11-21 00:00:00+00:00,AVGO,AVGO251121C00195000,call,True,195.0,146.25,148.8,145.85,342.6499938964844,2.994143139648437,0.0370259995532744,0.00688749465062872,1.0,34.0,2025-11-17 14:31:10+00:00,6.480555555555555,147.525,0.00821917808219178
2025-11-17 21:00:00+00:00,2025-11-21 00:00:00+00:00,AVGO,AVGO251121C00200000,call,True,200.0,141.3,143.5,147.25,342.6499938964844,2.72656568359375,0.0370259995532744,0.00688749465062872,1.0,280.0,2025-11-14 16:39:45+00:00,76.3375,142.4,0.00821917808219178
2025-11-17 21:00:00+00:00,2025-11-21 00:00:00+00:00,AVGO,AVGO251121C00210000,call,True,210.0,131.3,133.75,134.47,342.6499938964844,2.6279331176757816,0.0370259995532744,0.00688749465062872,6.0,145.0,2025-11-17 18:56:21+00:00,2.0608333333333335,132.525,0.00821917808219178
2025-11-17 21:00:00+00:00,2025-11-21 00:00:00+00:00,AVGO,AVGO251121C00220000,call,True,220.0,121.25,123.5,124.67,342.6499938964844,2.3007854980468747,0.0370259995532744,0.00688749465062872,7.0,283.0,2025-11-17 16:18:36+00:00,4.69,122.375,0.00821917808219178
2025-11-17 21:00:00+00:00,2025-11-21 00:00:00+00:00,AVGO,AVGO251121C00230000,call,True,230.0,111.35,113.55,110.9,342.6499938964844,2.122563287353515,0.0370259995532744,0.00688749465062872,1.0,176.0,2025-11-17 14:31:10+00:00,6.480555555555555,112.44999999999999,0.00821917808219178
2025-11-17 21:00:00+00:00,2025-11-21 00:00:00+00:00,AVGO,AVGO251121C00240000,call,True,240.0,101.3,103.75,104.24,342.6499938964844,2.0029346801757812,0.0370259995532744,0.00688749465062872,53.0,327.0,2025-11-14 19:56:37+00:00,73.05638888888889,102.525,0.00821917808219178
2025-11-17 21:00:00+00:00,2025-11-21 00:00:00+00:00,AVGO,AVGO251121C00250000,call,True,250.0,91.3,93.65,90.95,342.6499938964844,1.7749034692382812,0.0370259995532744,0.00688749465062872,16.0,785.0,2025-11-17 18:48:49+00:00,2.1863888888888887,92.475,0.00821917808219178
2025-11-17 21:00:00+00:00,2025-11-21 00:00:00+00:00,AVGO,AVGO251121C00255000,call,True,255.0,86.4,88.85,91.01,342.6499938964844,1.7446301831054685,0.0370259995532744,0.00688749465062872,6.0,2.0,2025-11-17 18:48:49+00:00,2.1863888888888887,87.625,0.00821917808219178
2025-11-17 21:00:00+00:00,2025-11-21 00:00:00+00:00,AVGO,AVGO251121C00260000,call,True,260.0,81.3,83.7,84.57,342.6499938964844,1.604982443847656,0.0370259995532744,0.00688749465062872,10.0,723.0,2025-11-17 17:37:32+00:00,3.3744444444444444,82.5,0.00821917808219178
2025-11-17 21:00:00+00:00,2025-11-21 00:00:00+00:00,AVGO,AVGO251121C00265000,call,True,265.0,76.4,78.7,91.99,342.6499938964844,1.513186027832031,0.0370259995532744,0.00688749465062872,,1.0,2025-11-06 17:06:48+00:00,267.88666666666666,77.55000000000001,0.00821917808219178
2025-11-17 21:00:00+00:00,2025-11-21 00:00:00+00:00,AVGO,AVGO251121C00270000,call,True,270.0,71.45,73.85,75.0,342.6499938964844,0.500005,0.0370259995532744,0.00688749465062872,6.0,801.0,2025-11-14 17:10:37+00:00,75.82305555555556,72.65,0.00821917808219178
2025-11-17 21:00:00+00:00,2025-11-21 00:00:00+00:00,AVGO,AVGO251121C00275000,call,True,275.0,66.2,68.75,68.6,342.6499938964844,1.3461946752929683,0.0370259995532744,0.00688749465062872,1.0,5.0,2025-11-13 14:46:50+00:00,102.21944444444445,67.475,0.00821917808219178
2025-11-17 21:00:00+00:00,2025-11-21 00:00:00+00:00,AVGO,AVGO251121C00280000,call,True,280.0,61.5,63.9,60.32,342.6499938964844,0.7695335546875001,0.0370259995532744,0.00688749465062872,16.0,844.0,2025-11-17 20:40:21+00:00,0.3275,62.7,0.00821917808219178
2025-11-17 21:00:00+00:00,2025-11-21 00:00:00+00:00,AVGO,AVGO251121C00285000,call,True,285.0,56.05,58.9,59.05,342.6499938964844,1.2021524267578125,0.0370259995532744,0.00688749465062872,3.0,4.0,2025-11-14 20:12:57+00:00,72.78416666666666,57.474999999999994,0.00821917808219178
2025-11-17 21:00:00+00:00,2025-11-21 00:00:00+00:00,AVGO,AVGO251121C00290000,call,True,290.0,51.6,54.0,50.0,342.6499938964844,0.7500025,0.0370259995532744,0.00688749465062872,129.0,1685.0,2025-11-17 20:43:36+00:00,0.2733333333333333,52.8,0.00821917808219178
2025-11-17 21:00:00+00:00,2025-11-21 00:00:00+00:00,AVGO,AVGO251121C00295000,call,True,295.0,46.25,49.25,46.75,342.6499938964844,0.6445348046875,0.0370259995532744,0.00688749465062872,115.0,37.0,2025-11-17 19:41:46+00:00,1.3038888888888889,47.75,0.00821917808219178
2025-11-17 21:00:00+00:00,2025-11-21 00:00:00+00:00,AVGO,AVGO251121C00300000,call,True,300.0,41.85,44.1,40.5,342.6499938964844,0.700198310546875,0.0370259995532744,0.00688749465062872,33.0,3360.0,2025-11-17 19:05:00+00:00,1.9166666666666667,42.975,0.00821917808219178
2025-11-17 21:00:00+00:00,2025-11-21 00:00:00+00:00,AVGO,AVGO251121C00305000,call,True,305.0,36.55,39.25,38.75,342.6499938964844,0.5986368261718751,0.0370259995532744,0.00688749465062872,8.0,73.0,2025-11-14 18:19:51+00:00,74.66916666666667,37.9,0.00821917808219178
2025-11-17 21:00:00+00:00,2025-11-21 00:00:00+00:00,AVGO,AVGO251121C00310000,call,True,310.0,32.1,34.8,31.69,342.6499938964844,0.6723665576171877,0.0370259995532744,0.00688749465062872,9.0,2053.0,2025-11-17 20:36:09+00:00,0.3975,33.45,0.00821917808219178
2025-11-17 21:00:00+00:00,2025-11-21 00:00:00+00:00,AVGO,AVGO251121C00315000,call,True,315.0,28.1,29.85,32.42,342.6499938964844,0.6748079394531252,0.0370259995532744,0.00688749465062872,1.0,60.0,2025-11-14 20:53:09+00:00,72.11416666666666,28.975,0.00821917808219178
2025-11-17 21:00:00+00:00,2025-11-21 00:00:00+00:00,AVGO,AVGO251121C00320000,call,True,320.0,24.15,25.3,24.13,342.6499938964844,0.6754182849121095,0.0370259995532744,0.00688749465062872,27.0,3144.0,2025-11-17 20:53:09+00:00,0.11416666666666667,24.725,0.00821917808219178
2025-11-17 21:00:00+00:00,2025-11-21 00:00:00+00:00,AVGO,AVGO251121C00322500,call,True,322.5,21.5,23.3,21.15,342.6499938964844,0.6435582519531251,0.0370259995532744,0.00688749465062872,2.0,41.0,2025-11-17 20:31:04+00:00,0.4822222222222222,22.4,0.00821917808219178
2025-11-17 21:00:00+00:00,2025-11-21 00:00:00+00:00,AVGO,AVGO251121C00325000,call,True,325.0,20.45,20.95,20.0,342.6499938964844,0.6701693139648439,0.0370259995532744,0.00688749465062872,48.0,4235.0,2025-11-17 20:53:09+00:00,0.11416666666666667,20.7,0.00821917808219178
2025-11-17 21:00:00+00:00,2025-11-21 00:00:00+00:00,AVGO,AVGO251121C00327500,call,True,327.5,18.45,18.95,17.6,342.6499938964844,0.6584506811523438,0.0370259995532744,0.00688749465062872,43.0,132.0,2025-11-17 20:45:34+00:00,0.24055555555555555,18.7,0.00821917808219178
2025-11-17 21:00:00+00:00,2025-11-21 00:00:00+00:00,AVGO,AVGO251121C00330000,call,True,330.0,16.55,17.0,15.8,342.6499938964844,0.6468541174316407,0.0370259995532744,0.00688749465062872,171.0,2901.0,2025-11-17 20:46:40+00:00,0.2222222222222222,16.775,0.00821917808219178
2025-11-17 21:00:00+00:00,2025-11-21 00:00:00+00:00,AVGO,AVGO251121C00332500,call,True,332.5,14.8,15.2,14.05,342.6499938964844,0.6408727319335938,0.0370259995532744,0.00688749465062872,131.0,57.0,2025-11-17 20:15:39+00:00,0.7391666666666666,15.0,0.00821917808219178
2025-11-17 21:00:00+00:00,2025-11-21 00:00:00+00:00,AVGO,AVGO251121C00335000,call,True,335.0,13.05,13.45,12.35,342.6499938964844,0.6296423754882813,0.0370259995532744,0.00688749465062872,176.0,533.0,2025-11-17 20:51:18+00:00,0.145,13.25,0.00821917808219178
2025-11-17 21:00:00+00:00,2025-11-21 00:00:00+00:00,AVGO,AVGO251121C00337500,call,True,337.5,11.5,11.75,11.35,342.6499938964844,0.6204871936035157,0.0370259995532744,0.00688749465062872,134.0,343.0,2025-11-17 20:57:21+00:00,0.04416666666666667,11.625,0.00821917808219178
2025-11-17 21:00:00+00:00,2025-11-21 00:00:00+00:00,AVGO,AVGO251121C00340000,call,True,340.0,10.05,10.25,9.87,342.6499938964844,0.6147499462890625,0.0370259995532744,0.00688749465062872,841.0,3402.0,2025-11-17 20:59:31+00:00,0.008055555555555555,10.15,0.00821917808219178
2025-11-17 21:00:00+00:00,2025-11-21 00:00:00+00:00,AVGO,AVGO251121C00342500,call,True,342.5,8.65,8.9,8.4,342.6499938964844,0.6081582153320313,0.0370259995532744,0.00688749465062872,447.0,861.0,2025-11-17 20:50:46+00:00,0.15388888888888888,8.775,0.00821917808219178
2025-11-17 21:00:00+00:00,2025-11-21 00:00:00+00:00,AVGO,AVGO251121C00345000,call,False,345.0,7.4,7.6,7.15,342.6499938964844,0.600712000732422,0.0370259995532744,0.00688749465062872,1892.0,6105.0,2025-11-17 20:58:40+00:00,0.022222222222222223,7.5,0.00821917808219178
2025-11-17 21:00:00+00:00,2025-11-21 00:00:00+00:00,AVGO,AVGO251121C00347500,call,False,347.5,6.25,6.55,6.05,342.6499938964844,0.5974161352539062,0.0370259995532744,0.00688749465062872,1019.0,360.0,2025-11-17 20:59:16+00:00,0.012222222222222223,6.4,0.00821917808219178
2025-11-17 21:00:00+00:00,2025-11-21 00:00:00+00:00,AVGO,AVGO251121C00350000,call,False,350.0,5.25,5.45,5.2,342.6499938964844,0.5896037133789063,0.0370259995532744,0.00688749465062872,3206.0,8961.0,2025-11-17 20:59:53+00:00,0.0019444444444444444,5.35,0.00821917808219178
2025-11-17 21:00:00+00:00,2025-11-21 00:00:00+00:00,AVGO,AVGO251121C00352500,call,False,352.5,4.4,4.6,4.1,342.6499938964844,0.5881388842773438,0.0370259995532744,0.00688749465062872,965.0,960.0,2025-11-17 20:58:25+00:00,0.02638888888888889,4.5,0.00821917808219178
2025-11-17 21:00:00+00:00,2025-11-21 00:00:00+00:00,AVGO,AVGO251121C00355000,call,False,355.0,3.6,3.8,3.45,342.6499938964844,0.5825237060546875,0.0370259995532744,0.00688749465062872,1722.0,1888.0,2025-11-17 20:56:47+00:00,0.05361111111111111,3.7,0.00821917808219178
2025-11-17 21:00:00+00:00,2025-11-21 00:00:00+00:00,AVGO,AVGO251121C00357500,call,False,357.5,2.96,3.1,2.85,342.6499938964844,0.5788616333007812,0.0370259995532744,0.00688749465062872,1322.0,687.0,2025-11-17 20:59:15+00:00,0.0125,3.0300000000000002,0.00821917808219178
2025-11-17 21:00:00+00:00,2025-11-21 00:00:00+00:00,AVGO,AVGO251121C00360000,call,False,360.0,2.44,2.53,2.39,342.6499938964844,0.5783733569335938,0.0370259995532744,0.00688749465062872,5885.0,11532.0,2025-11-17 20:58:27+00:00,0.025833333333333333,2.485,0.00821917808219178
2025-11-17 21:00:00+00:00,2025-11-21 00:00:00+00:00,AVGO,AVGO251121C00362500,call,False,362.5,1.97,2.06,1.88,342.6499938964844,0.577152666015625,0.0370259995532744,0.00688749465062872,962.0,1098.0,2025-11-17 20:54:07+00:00,0.09805555555555556,2.015,0.00821917808219178
2025-11-17 21:00:00+00:00,2025-11-21 00:00:00+00:00,AVGO,AVGO251121C00365000,call,False,365.0,1.59,1.67,1.61,342.6499938964844,0.577152666015625,0.0370259995532744,0.00688749465062872,2501.0,2511.0,2025-11-17 20:58:23+00:00,0.026944444444444444,1.63,0.00821917808219178
2025-11-17 21:00:00+00:00,2025-11-21 00:00:00+00:00,AVGO,AVGO251121C00367500,call,False,367.5,1.26,1.33,1.25,342.6499938964844,0.5754436987304687,0.0370259995532744,0.00688749465062872,639.0,696.0,2025-11-17 20:59:39+00:00,0.005833333333333334,1.295,0.00821917808219178
2025-11-17 21:00:00+00:00,2025-11-21 00:00:00+00:00,AVGO,AVGO251121C00370000,call,False,370.0,1.01,1.06,1.0,342.6499938964844,0.57617611328125,0.0370259995532744,0.00688749465062872,2359.0,4012.0,2025-11-17 20:59:38+00:00,0.006111111111111111,1.0350000000000001,0.00821917808219178
2025-11-17 21:00:00+00:00,2025-11-21 00:00:00+00:00,AVGO,AVGO251121C00372500,call,False,372.5,0.8,0.86,0.68,342.6499938964844,0.5786174951171875,0.0370259995532744,0.00688749465062872,959.0,423.0,2025-11-17 20:30:00+00:00,0.5,0.8300000000000001,0.00821917808219178
2025-11-17 21:00:00+00:00,2025-11-21 00:00:00+00:00,AVGO,AVGO251121C00375000,call,False,375.0,0.63,0.69,0.69,342.6499938964844,0.5803264624023439,0.0370259995532744,0.00688749465062872,2522.0,1795.0,2025-11-17 20:56:21+00:00,0.060833333333333336,0.6599999999999999,0.00821917808219178
2025-11-17 21:00:00+00:00,2025-11-21 00:00:00+00:00,AVGO,AVGO251121C00377500,call,False,377.5,0.49,0.54,0.58,342.6499938964844,0.5805706005859376,0.0370259995532744,0.00688749465062872,448.0,1089.0,2025-11-17 20:34:06+00:00,0.43166666666666664,0.515,0.00821917808219178
2025-11-17 21:00:00+00:00,2025-11-21 00:00:00+00:00,AVGO,AVGO251121C00380000,call,False,380.0,0.39,0.43,0.41,342.6499938964844,0.5839885351562499,0.0370259995532744,0.00688749465062872,1985.0,7214.0,2025-11-17 20:59:54+00:00,0.0016666666666666668,0.41000000000000003,0.00821917808219178
2025-11-17 21:00:00+00:00,2025-11-21 00:00:00+00:00,AVGO,AVGO251121C00382500,call,False,382.5,0.3,0.34,0.27,342.6499938964844,0.584965087890625,0.0370259995532744,0.00688749465062872,252.0,1333.0,2025-11-17 19:44:08+00:00,1.2644444444444445,0.32,0.00821917808219178
2025-11-17 21:00:00+00:00,2025-11-21 00:00:00+00:00,AVGO,AVGO251121C00385000,call,False,385.0,0.24,0.33,0.24,342.6499938964844,0.6005899316406251,0.0370259995532744,0.00688749465062872,637.0,1296.0,2025-11-17 20:59:19+00:00,0.01138888888888889,0.28500000000000003,0.00821917808219178
2025-11-17 21:00:00+00:00,2025-11-21 00:00:00+00:00,AVGO,AVGO251121C00387500,call,False,387.5,0.18,0.22,0.19,342.6499938964844,0.5918009570312501,0.0370259995532744,0.00688749465062872,148.0,175.0,2025-11-17 20:24:38+00:00,0.5894444444444444,0.2,0.00821917808219178
2025-11-17 21:00:00+00:00,2025-11-21 00:00:00+00:00,AVGO,AVGO251121C00390000,call,False,390.0,0.16,0.18,0.17,342.6499938964844,0.6025430371093752,0.0370259995532744,0.00688749465062872,605.0,5820.0,2025-11-17 20:58:14+00:00,0.029444444444444443,0.16999999999999998,0.00821917808219178
2025-11-17 21:00:00+00:00,2025-11-21 00:00:00+00:00,AVGO,AVGO251121C00392500,call,False,392.5,0.11,0.15,0.12,342.6499938964844,0.6035195898437502,0.0370259995532744,0.00688749465062872,181.0,332.0,2025-11-17 20:52:54+00:00,0.11833333333333333,0.13,0.00821917808219178
2025-11-17 21:00:00+00:00,2025-11-21 00:00:00+00:00,AVGO,AVGO251121C00395000,call,False,395.0,0.09,0.13,0.11,342.6499938964844,0.6132851171875001,0.0370259995532744,0.00688749465062872,928.0,2525.0,2025-11-17 20:59:44+00:00,0.0044444444444444444,0.11,0.00821917808219178
2025-11-17 21:00:00+00:00,2025-11-21 00:00:00+00:00,AVGO,AVGO251121C00397500,call,False,397.5,0.06,0.11,0.07,342.6499938964844,0.6152382226562501,0.0370259995532744,0.00688749465062872,120.0,161.0,2025-11-17 20:19:09+00:00,0.6808333333333333,0.08499999999999999,0.00821917808219178
2025-11-17 21:00:00+00:00,2025-11-21 00:00:00+00:00,AVGO,AVGO251121C00400000,call,False,400.0,0.06,0.09,0.06,342.6499938964844,0.6269568554687501,0.0370259995532744,0.00688749465062872,768.0,9789.0,2025-11-17 20:54:39+00:00,0.08916666666666667,0.075,0.00821917808219178
2025-11-17 21:00:00+00:00,2025-11-21 00:00:00+00:00,AVGO,AVGO251121C00402500,call,False,402.5,0.04,0.08,0.07,342.6499938964844,0.63086306640625,0.0370259995532744,0.00688749465062872,26.0,280.0,2025-11-17 18:57:01+00:00,2.049722222222222,0.06,0.00821917808219178
2025-11-17 21:00:00+00:00,2025-11-21 00:00:00+00:00,AVGO,AVGO251121C00405000,call,False,405.0,0.03,0.07,0.05,342.6499938964844,0.63867548828125,0.0370259995532744,0.00688749465062872,94.0,483.0,2025-11-17 20:59:44+00:00,0.0044444444444444444,0.05,0.00821917808219178
2025-11-17 21:00:00+00:00,2025-11-21 00:00:00+00:00,AVGO,AVGO251121C00407500,call,False,407.5,0.02,0.06,0.03,342.6499938964844,0.6445348046875,0.0370259995532744,0.00688749465062872,19.0,65.0,2025-11-17 14:54:10+00:00,6.097222222222222,0.04,0.00821917808219178
2025-11-17 21:00:00+00:00,2025-11-21 00:00:00+00:00,AVGO,AVGO251121C00410000,call,False,410.0,0.01,0.06,0.02,342.6499938964844,0.6523472265625001,0.0370259995532744,0.00688749465062872,427.0,2196.0,2025-11-17 20:13:38+00:00,0.7727777777777778,0.034999999999999996,0.00821917808219178
2025-11-17 21:00:00+00:00,2025-11-21 00:00:00+00:00,AVGO,AVGO251121C00412500,call,False,412.5,0.0,0.04,0.02,342.6499938964844,0.6367223828125,0.0370259995532744,0.00688749465062872,23.0,98.0,2025-11-17 20:56:55+00:00,0.05138888888888889,0.02,0.00821917808219178
2025-11-17 21:00:00+00:00,2025-11-21 00:00:00+00:00,AVGO,AVGO251121C00415000,call,False,415.0,0.0,0.04,0.05,342.6499938964844,0.6562534375000001,0.0370259995532744,0.00688749465062872,8.0,584.0,2025-11-17 14:57:33+00:00,6.0408333333333335,0.02,0.00821917808219178
2025-11-17 21:00:00+00:00,2025-11-21 00:00:00+00:00,AVGO,AVGO251121C00417500,call,False,417.5,0.0,0.04,0.04,342.6499938964844,0.6718782812500002,0.0370259995532744,0.00688749465062872,6.0,32.0,2025-11-17 14:37:49+00:00,6.369722222222222,0.02,0.00821917808219178
2025-11-17 21:00:00+00:00,2025-11-21 00:00:00+00:00,AVGO,AVGO251121C00420000,call,False,420.0,0.01,0.03,0.03,342.6499938964844,0.6914093359375001,0.0370259995532744,0.00688749465062872,194.0,4758.0,2025-11-17 19:05:43+00:00,1.9047222222222222,0.02,0.00821917808219178
2025-11-17 21:00:00+00:00,2025-11-21 00:00:00+00:00,AVGO,AVGO251121C00422500,call,False,422.5,0.01,0.21,0.02,342.6499938964844,0.8535170898437501,0.0370259995532744,0.00688749465062872,2.0,128.0,2025-11-17 14:59:08+00:00,6.014444444444444,0.11,0.00821917808219178
2025-11-17 21:00:00+00:00,2025-11-21 00:00:00+00:00,AVGO,AVGO251121C00425000,call,False,425.0,0.01,0.04,0.01,342.6499938964844,0.7421900781249999,0.0370259995532744,0.00688749465062872,169.0,10530.0,2025-11-17 20:03:02+00:00,0.9494444444444444,0.025,0.00821917808219178
2025-11-17 21:00:00+00:00,2025-11-21 00:00:00+00:00,AVGO,AVGO251121C00427500,call,False,427.5,0.0,0.04,0.01,342.6499938964844,0.7421900781249999,0.0370259995532744,0.00688749465062872,1.0,12.0,2025-11-14 15:22:18+00:00,77.62833333333333,0.02,0.00821917808219178
2025-11-17 21:00:00+00:00,2025-11-21 00:00:00+00:00,AVGO,AVGO251121C00430000,call,False,430.0,0.01,0.03,0.02,342.6499938964844,0.7656273437500001,0.0370259995532744,0.00688749465062872,141.0,1707.0,2025-11-17 20:07:07+00:00,0.8813888888888889,0.02,0.00821917808219178
2025-11-17 21:00:00+00:00,2025-11-21 00:00:00+00:00,AVGO,AVGO251121C00432500,call,False,432.5,0.0,0.03,0.02,342.6499938964844,0.7578149218750001,0.0370259995532744,0.00688749465062872,1.0,67.0,2025-11-14 19:02:58+00:00,73.95055555555555,0.015,0.00821917808219178
2025-11-17 21:00:00+00:00,2025-11-21 00:00:00+00:00,AVGO,AVGO251121C00435000,call,False,435.0,0.0,0.03,0.02,342.6499938964844,0.773439765625,0.0370259995532744,0.00688749465062872,2.0,2915.0,2025-11-14 15:45:50+00:00,77.23611111111111,0.015,0.00821917808219178
2025-11-17 21:00:00+00:00,2025-11-21 00:00:00+00:00,AVGO,AVGO251121C00437500,call,False,437.5,0.0,0.23,0.02,342.6499938964844,0.9804689453125001,0.0370259995532744,0.00688749465062872,1.0,37.0,2025-11-14 19:02:58+00:00,73.95055555555555,0.115,0.00821917808219178
2025-11-17 21:00:00+00:00,2025-11-21 00:00:00+00:00,AVGO,AVGO251121C00440000,call,False,440.0,0.01,0.03,0.02,342.6499938964844,0.8281267187499999,0.0370259995532744,0.00688749465062872,335.0,1835.0,2025-11-17 20:07:45+00:00,0.8708333333333333,0.02,0.00821917808219178
2025-11-17 21:00:00+00:00,2025-11-21 00:00:00+00:00,AVGO,AVGO251121C00442500,call,False,442.5,0.0,0.21,0.02,342.6499938964844,1.009770576171875,0.0370259995532744,0.00688749465062872,1.0,13.0,2025-11-13 20:14:10+00:00,96.76388888888889,0.105,0.00821917808219178
2025-11-17 21:00:00+00:00,2025-11-21 00:00:00+00:00,AVGO,AVGO251121C00445000,call,False,445.0,0.0,0.03,0.02,342.6499938964844,0.8437515624999999,0.0370259995532744,0.00688749465062872,252.0,337.0,2025-11-12 20:01:01+00:00,120.98305555555555,0.015,0.00821917808219178
2025-11-17 21:00:00+00:00,2025-11-21 00:00:00+00:00,AVGO,AVGO251121C00447500,call,False,447.5,0.0,0.21,0.06,342.6499938964844,1.0468797656250002,0.0370259995532744,0.00688749465062872,1.0,20.0,2025-11-13 20:13:33+00:00,96.77416666666667,0.105,0.00821917808219178
2025-11-17 21:00:00+00:00,2025-11-21 00:00:00+00:00,AVGO,AVGO251121C00450000,call,False,450.0,0.01,0.02,0.02,342.6499938964844,0.87500125,0.0370259995532744,0.00688749465062872,28.0,3613.0,2025-11-17 20:00:43+00:00,0.9880555555555556,0.015,0.00821917808219178
2025-11-17 21:00:00+00:00,2025-11-21 00:00:00+00:00,AVGO,AVGO251121C00452500,call,False,452.5,0.01,0.03,0.05,342.6499938964844,0.914063359375,0.0370259995532744,0.00688749465062872,1.0,27.0,2025-11-13 20:10:16+00:00,96.82888888888888,0.02,0.00821917808219178
2025-11-17 21:00:00+00:00,2025-11-21 00:00:00+00:00,AVGO,AVGO251121C00455000,call,False,455.0,0.01,0.02,0.02,342.6499938964844,0.9062509375,0.0370259995532744,0.00688749465062872,2.0,24.0,2025-11-13 20:09:57+00:00,96.83416666666666,0.015,0.00821917808219178
2025-11-17 21:00:00+00:00,2025-11-21 00:00:00+00:00,AVGO,AVGO251121C00460000,call,False,460.0,0.0,0.03,0.01,342.6499938964844,0.937500625,0.0370259995532744,0.00688749465062872,33.0,1956.0,2025-11-17 14:38:10+00:00,6.363888888888889,0.015,0.00821917808219178
2025-11-17 21:00:00+00:00,2025-11-21 00:00:00+00:00,AVGO,AVGO251121C00465000,call,False,465.0,0.0,0.03,0.03,342.6499938964844,0.9687503125,0.0370259995532744,0.00688749465062872,2.0,21.0,2025-11-17 14:42:33+00:00,6.2908333333333335,0.015,0.00821917808219178
2025-11-17 21:00:00+00:00,2025-11-21 00:00:00+00:00,AVGO,AVGO251121C00470000,call,False,470.0,0.0,0.21,0.01,342.6499938964844,1.2109414453124998,0.0370259995532744,0.00688749465062872,180.0,799.0,2025-11-17 20:59:17+00:00,0.011944444444444445,0.105,0.00821917808219178
2025-11-17 21:00:00+00:00,2025-11-21 00:00:00+00:00,AVGO,AVGO251121C00475000,call,False,475.0,0.0,0.01,0.04,342.6499938964844,0.937500625,0.0370259995532744,0.00688749465062872,1.0,56.0,2025-11-10 15:58:11+00:00,173.03027777777777,0.005,0.00821917808219178
2025-11-17 21:00:00+00:00,2025-11-21 00:00:00+00:00,AVGO,AVGO251121C00480000,call,False,480.0,0.0,0.01,0.01,342.6499938964844,0.9687503125,0.0370259995532744,0.00688749465062872,17.0,388.0,2025-11-17 18:47:13+00:00,2.2130555555555556,0.005,0.00821917808219178
2025-11-17 21:00:00+00:00,2025-11-21 00:00:00+00:00,AVGO,AVGO251121C00485000,call,False,485.0,0.0,0.01,0.01,342.6499938964844,0.98437515625,0.0370259995532744,0.00688749465062872,2.0,15.0,2025-11-14 17:53:21+00:00,75.11083333333333,0.005,0.00821917808219178
2025-11-17 21:00:00+00:00,2025-11-21 00:00:00+00:00,AVGO,AVGO251121C00490000,call,False,490.0,0.0,0.02,0.01,342.6499938964844,1.0781296093750001,0.0370259995532744,0.00688749465062872,110.0,2508.0,2025-11-17 18:45:10+00:00,2.2472222222222222,0.01,0.00821917808219178
2025-11-17 21:00:00+00:00,2025-11-21 00:00:00+00:00,AVGO,AVGO251121C00495000,call,False,495.0,0.0,0.02,0.01,342.6499938964844,1.109379453125,0.0370259995532744,0.00688749465062872,187.0,60.0,2025-11-17 15:23:01+00:00,5.616388888888889,0.01,0.00821917808219178
2025-11-17 21:00:00+00:00,2025-11-21 00:00:00+00:00,AVGO,AVGO251121C00500000,call,False,500.0,0.0,0.01,0.01,342.6499938964844,1.0625046875000002,0.0370259995532744,0.00688749465062872,40.0,935.0,2025-11-17 14:44:38+00:00,6.256111111111111,0.005,0.00821917808219178
2025-11-17 21:00:00+00:00,2025-11-21 00:00:00+00:00,AVGO,AVGO251121C00510000,call,False,510.0,0.0,0.03,0.02,342.6499938964844,1.2343788281249999,0.0370259995532744,0.00688749465062872,10.0,735.0,2025-11-13 14:54:07+00:00,102.09805555555556,0.015,0.00821917808219178
2025-11-17 21:00:00+00:00,2025-11-21 00:00:00+00:00,AVGO,AVGO251121C00515000,call,False,515.0,0.0,0.22,0.06,342.6499938964844,1.5195336523437497,0.0370259995532744,0.00688749465062872,1.0,3.0,2025-11-11 15:08:39+00:00,149.85583333333332,0.11,0.00821917808219178
2025-11-17 21:00:00+00:00,2025-11-21 00:00:00+00:00,AVGO,AVGO251121C00520000,call,False,520.0,0.0,0.01,0.01,342.6499938964844,1.1875040625,0.0370259995532744,0.00688749465062872,1.0,3784.0,2025-11-14 20:41:26+00:00,72.30944444444444,0.005,0.00821917808219178
2025-11-17 21:00:00+00:00,2025-11-21 00:00:00+00:00,AVGO,AVGO251121C00525000,call,False,525.0,0.0,0.22,0.05,342.6499938964844,1.5820333398437496,0.0370259995532744,0.00688749465062872,1.0,5.0,2025-11-11 15:07:57+00:00,149.8675,0.11,0.00821917808219178
2025-11-17 21:00:00+00:00,2025-11-21 00:00:00+00:00,AVGO,AVGO251121C00530000,call,False,530.0,0.0,0.1,0.01,342.6499938964844,1.484377578125,0.0370259995532744,0.00688749465062872,11.0,2134.0,2025-11-17 20:23:02+00:00,0.6161111111111112,0.05,0.00821917808219178
2025-11-17 21:00:00+00:00,2025-11-21 00:00:00+00:00,AVGO,AVGO251121P00125000,put,False,125.0,0.0,0.03,0.01,342.6499938964844,3.06250234375,0.0370259995532744,0.00688749465062872,31.0,505.0,2025-11-11 20:41:18+00:00,144.31166666666667,0.015,0.00821917808219178
2025-11-17 21:00:00+00:00,2025-11-21 00:00:00+00:00,AVGO,AVGO251121P00130000,put,False,130.0,0.0,0.22,0.03,342.6499938964844,3.5468761328125,0.0370259995532744,0.00688749465062872,1.0,115.0,2025-10-28 18:18:47+00:00,482.68694444444446,0.11,0.00821917808219178
2025-11-17 21:00:00+00:00,2025-11-21 00:00:00+00:00,AVGO,AVGO251121P00135000,put,False,135.0,0.0,0.22,0.05,342.6499938964844,3.4179702050781247,0.0370259995532744,0.00688749465062872,1.0,55.0,2025-11-13 18:05:49+00:00,98.90305555555555,0.11,0.00821917808219178
2025-11-17 21:00:00+00:00,2025-11-21 00:00:00+00:00,AVGO,AVGO251121P00140000,put,False,140.0,0.0,0.03,0.01,342.6499938964844,2.718753203125,0.0370259995532744,0.00688749465062872,10.0,82.0,2025-10-29 15:52:52+00:00,461.1188888888889,0.015,0.00821917808219178
2025-11-17 21:00:00+00:00,2025-11-21 00:00:00+00:00,AVGO,AVGO251121P00145000,put,False,145.0,0.0,0.22,0.01,342.6499938964844,3.1718770703125,0.0370259995532744,0.00688749465062872,20.0,202.0,2025-11-10 19:04:58+00:00,169.91722222222222,0.11,0.00821917808219178
2025-11-17 21:00:00+00:00,2025-11-21 00:00:00+00:00,AVGO,AVGO251121P00150000,put,False,150.0,0.0,0.01,0.04,342.6499938964844,2.3125042187499996,0.0370259995532744,0.00688749465062872,1.0,87.0,2025-11-13 16:41:04+00:00,100.31555555555556,0.005,0.00821917808219178
2025-11-17 21:00:00+00:00,2025-11-21 00:00:00+00:00,AVGO,AVGO251121P00155000,put,False,155.0,0.0,0.08,0.01,342.6499938964844,2.6562533593750004,0.0370259995532744,0.00688749465062872,1.0,407.0,2025-11-12 19:09:42+00:00,121.83833333333334,0.04,0.00821917808219178
2025-11-17 21:00:00+00:00,2025-11-21 00:00:00+00:00,AVGO,AVGO251121P00160000,put,False,160.0,0.0,0.03,0.01,342.6499938964844,2.3437541406249993,0.0370259995532744,0.00688749465062872,1.0,199.0,2025-11-12 19:04:57+00:00,121.9175,0.015,0.00821917808219178
2025-11-17 21:00:00+00:00,2025-11-21 00:00:00+00:00,AVGO,AVGO251121P00165000,put,False,165.0,0.0,0.03,0.01,342.6499938964844,2.2500043749999996,0.0370259995532744,0.00688749465062872,19.0,268.0,2025-11-12 16:34:15+00:00,124.42916666666666,0.015,0.00821917808219178
2025-11-17 21:00:00+00:00,2025-11-21 00:00:00+00:00,AVGO,AVGO251121P00170000,put,False,170.0,0.0,0.03,0.02,342.6499938964844,2.156254609375,0.0370259995532744,0.00688749465062872,2.0,168.0,2025-11-05 17:09:02+00:00,291.84944444444443,0.015,0.00821917808219178
2025-11-17 21:00:00+00:00,2025-11-21 00:00:00+00:00,AVGO,AVGO251121P00175000,put,False,175.0,0.0,0.03,0.03,342.6499938964844,2.0781298046874994,0.0370259995532744,0.00688749465062872,200.0,1014.0,2025-11-13 18:29:04+00:00,98.51555555555555,0.015,0.00821917808219178
2025-11-17 21:00:00+00:00,2025-11-21 00:00:00+00:00,AVGO,AVGO251121P00180000,put,False,180.0,0.0,0.01,0.05,342.6499938964844,1.8125009374999999,0.0370259995532744,0.00688749465062872,1.0,901.0,2025-11-13 15:03:56+00:00,101.93444444444444,0.005,0.00821917808219178
2025-11-17 21:00:00+00:00,2025-11-21 00:00:00+00:00,AVGO,AVGO251121P00185000,put,False,185.0,0.0,0.02,0.05,342.6499938964844,1.8437507812499998,0.0370259995532744,0.00688749465062872,2.0,67.0,2025-11-13 15:07:45+00:00,101.87083333333334,0.01,0.00821917808219178
2025-11-17 21:00:00+00:00,2025-11-21 00:00:00+00:00,AVGO,AVGO251121P00190000,put,False,190.0,0.0,0.02,0.01,342.6499938964844,1.78125109375,0.0370259995532744,0.00688749465062872,20.0,888.0,2025-11-14 16:39:17+00:00,76.34527777777778,0.01,0.00821917808219178
2025-11-17 21:00:00+00:00,2025-11-21 00:00:00+00:00,AVGO,AVGO251121P00195000,put,False,195.0,0.0,0.01,0.01,342.6499938964844,1.625001875,0.0370259995532744,0.00688749465062872,21.0,1665.0,2025-11-14 16:17:19+00:00,76.71138888888889,0.005,0.00821917808219178
2025-11-17 21:00:00+00:00,2025-11-21 00:00:00+00:00,AVGO,AVGO251121P00200000,put,False,200.0,0.0,0.03,0.01,342.6499938964844,1.6875015625,0.0370259995532744,0.00688749465062872,11.0,2628.0,2025-11-17 17:46:49+00:00,3.2197222222222224,0.015,0.00821917808219178
2025-11-17 21:00:00+00:00,2025-11-21 00:00:00+00:00,AVGO,AVGO251121P00210000,put,False,210.0,0.0,0.02,0.01,342.6499938964844,1.5000025,0.0370259995532744,0.00688749465062872,4.0,1955.0,2025-11-17 19:55:13+00:00,1.0797222222222222,0.01,0.00821917808219178
2025-11-17 21:00:00+00:00,2025-11-21 00:00:00+00:00,AVGO,AVGO251121P00220000,put,False,220.0,0.01,0.02,0.03,342.6499938964844,1.40625296875,0.0370259995532744,0.00688749465062872,31.0,2382.0,2025-11-17 14:49:34+00:00,6.1738888888888885,0.015,0.00821917808219178
2025-11-17 21:00:00+00:00,2025-11-21 00:00:00+00:00,AVGO,AVGO251121P00230000,put,False,230.0,0.01,0.03,0.01,342.6499938964844,1.3125034374999998,0.0370259995532744,0.00688749465062872,15.0,2715.0,2025-11-17 15:06:08+00:00,5.897777777777778,0.02,0.00821917808219178
2025-11-17 21:00:00+00:00,2025-11-21 00:00:00+00:00,AVGO,AVGO251121P00240000,put,False,240.0,0.02,0.03,0.02,342.6499938964844,1.203128984375,0.0370259995532744,0.00688749465062872,9.0,3234.0,2025-11-17 20:56:33+00:00,0.0575,0.025,0.00821917808219178
2025-11-17 21:00:00+00:00,2025-11-21 00:00:00+00:00,AVGO,AVGO251121P00250000,put,False,250.0,0.02,0.04,0.03,342.6499938964844,1.09375453125,0.0370259995532744,0.00688749465062872,5.0,5270.0,2025-11-17 14:31:31+00:00,6.474722222222222,0.03,0.00821917808219178
2025-11-17 21:00:00+00:00,2025-11-21 00:00:00+00:00,AVGO,AVGO251121P00255000,put,False,255.0,0.01,0.04,0.05,342.6499938964844,1.015629921875,0.0370259995532744,0.00688749465062872,106.0,178.0,2025-11-14 19:29:58+00:00,73.50055555555555,0.025,0.00821917808219178
2025-11-17 21:00:00+00:00,2025-11-21 00:00:00+00:00,AVGO,AVGO251121P00260000,put,False,260.0,0.02,0.06,0.05,342.6499938964844,0.9960937890625,0.0370259995532744,0.00688749465062872,11.0,3606.0,2025-11-14 19:30:41+00:00,73.48861111111111,0.04,0.00821917808219178
2025-11-17 21:00:00+00:00,2025-11-21 00:00:00+00:00,AVGO,AVGO251121P00265000,put,False,265.0,0.03,0.06,0.06,342.6499938964844,0.945313046875,0.0370259995532744,0.00688749465062872,21.0,180.0,2025-11-17 20:53:53+00:00,0.10194444444444445,0.045,0.00821917808219178
2025-11-17 21:00:00+00:00,2025-11-21 00:00:00+00:00,AVGO,AVGO251121P00270000,put,False,270.0,0.05,0.07,0.06,342.6499938964844,0.914063359375,0.0370259995532744,0.00688749465062872,498.0,2175.0,2025-11-17 20:53:37+00:00,0.1063888888888889,0.060000000000000005,0.00821917808219178
2025-11-17 21:00:00+00:00,2025-11-21 00:00:00+00:00,AVGO,AVGO251121P00275000,put,False,275.0,0.08,0.1,0.11,342.6499938964844,0.89257919921875,0.0370259995532744,0.00688749465062872,67.0,549.0,2025-11-17 20:46:56+00:00,0.21777777777777776,0.09,0.00821917808219178
2025-11-17 21:00:00+00:00,2025-11-21 00:00:00+00:00,AVGO,AVGO251121P00280000,put,False,280.0,0.12,0.14,0.14,342.6499938964844,0.86914193359375,0.0370259995532744,0.00688749465062872,196.0,3340.0,2025-11-17 20:27:36+00:00,0.54,0.13,0.00821917808219178
2025-11-17 21:00:00+00:00,2025-11-21 00:00:00+00:00,AVGO,AVGO251121P00285000,put,False,285.0,0.17,0.2,0.24,342.6499938964844,0.8437515624999999,0.0370259995532744,0.00688749465062872,363.0,2899.0,2025-11-17 19:27:50+00:00,1.5361111111111112,0.185,0.00821917808219178
2025-11-17 21:00:00+00:00,2025-11-21 00:00:00+00:00,AVGO,AVGO251121P00290000,put,False,290.0,0.24,0.28,0.29,342.6499938964844,0.8164080859374999,0.0370259995532744,0.00688749465062872,396.0,4578.0,2025-11-17 20:59:35+00:00,0.006944444444444444,0.26,0.00821917808219178
2025-11-17 21:00:00+00:00,2025-11-21 00:00:00+00:00,AVGO,AVGO251121P00295000,put,False,295.0,0.34,0.39,0.4,342.6499938964844,0.790041162109375,0.0370259995532744,0.00688749465062872,181.0,2100.0,2025-11-17 19:56:13+00:00,1.0630555555555556,0.365,0.00821917808219178
2025-11-17 21:00:00+00:00,2025-11-21 00:00:00+00:00,AVGO,AVGO251121P00300000,put,False,300.0,0.5,0.54,0.52,342.6499938964844,0.7656273437500001,0.0370259995532744,0.00688749465062872,3053.0,10833.0,2025-11-17 20:59:24+00:00,0.01,0.52,0.00821917808219178
2025-11-17 21:00:00+00:00,2025-11-21 00:00:00+00:00,AVGO,AVGO251121P00305000,put,False,305.0,0.7,0.75,0.78,342.6499938964844,0.7390162817382812,0.0370259995532744,0.00688749465062872,518.0,1967.0,2025-11-17 20:52:15+00:00,0.12916666666666668,0.725,0.00821917808219178
2025-11-17 21:00:00+00:00,2025-11-21 00:00:00+00:00,AVGO,AVGO251121P00310000,put,False,310.0,0.96,1.05,1.03,342.6499938964844,0.7116728051757812,0.0370259995532744,0.00688749465062872,1155.0,5492.0,2025-11-17 20:52:29+00:00,0.12527777777777777,1.005,0.00821917808219178
2025-11-17 21:00:00+00:00,2025-11-21 00:00:00+00:00,AVGO,AVGO251121P00315000,put,False,315.0,1.36,1.47,1.47,342.6499938964844,0.6879914013671876,0.0370259995532744,0.00688749465062872,633.0,1207.0,2025-11-17 20:53:09+00:00,0.11416666666666667,1.415,0.00821917808219178
2025-11-17 21:00:00+00:00,2025-11-21 00:00:00+00:00,AVGO,AVGO251121P00320000,put,False,320.0,1.92,2.04,2.06,342.6499938964844,0.664309997558594,0.0370259995532744,0.00688749465062872,1780.0,10958.0,2025-11-17 20:59:32+00:00,0.0077777777777777776,1.98,0.00821917808219178
2025-11-17 21:00:00+00:00,2025-11-21 00:00:00+00:00,AVGO,AVGO251121P00322500,put,False,322.5,2.28,2.42,2.7,342.6499938964844,0.6543003320312502,0.0370259995532744,0.00688749465062872,307.0,516.0,2025-11-17 20:53:44+00:00,0.10444444444444445,2.3499999999999996,0.00821917808219178
2025-11-17 21:00:00+00:00,2025-11-21 00:00:00+00:00,AVGO,AVGO251121P00325000,put,False,325.0,2.7,2.88,2.86,342.6499938964844,0.6451451501464844,0.0370259995532744,0.00688749465062872,506.0,5909.0,2025-11-17 20:54:45+00:00,0.0875,2.79,0.00821917808219178
2025-11-17 21:00:00+00:00,2025-11-21 00:00:00+00:00,AVGO,AVGO251121P00327500,put,False,327.5,3.2,3.35,3.41,342.6499938964844,0.6337927246093751,0.0370259995532744,0.00688749465062872,286.0,870.0,2025-11-17 20:56:56+00:00,0.051111111111111114,3.2750000000000004,0.00821917808219178
2025-11-17 21:00:00+00:00,2025-11-21 00:00:00+00:00,AVGO,AVGO251121P00330000,put,False,330.0,3.8,3.95,4.1,342.6499938964844,0.6259803027343751,0.0370259995532744,0.00688749465062872,1462.0,7378.0,2025-11-17 20:59:09+00:00,0.014166666666666666,3.875,0.00821917808219178
2025-11-17 21:00:00+00:00,2025-11-21 00:00:00+00:00,AVGO,AVGO251121P00332500,put,False,332.5,4.45,4.65,4.9,342.6499938964844,0.6171913281250001,0.0370259995532744,0.00688749465062872,248.0,828.0,2025-11-17 20:50:28+00:00,0.15888888888888889,4.550000000000001,0.00821917808219178
2025-11-17 21:00:00+00:00,2025-11-21 00:00:00+00:00,AVGO,AVGO251121P00335000,put,False,335.0,5.2,5.45,5.35,342.6499938964844,0.6088906298828126,0.0370259995532744,0.00688749465062872,674.0,1771.0,2025-11-17 20:59:54+00:00,0.0016666666666666668,5.325,0.00821917808219178
2025-11-17 21:00:00+00:00,2025-11-21 00:00:00+00:00,AVGO,AVGO251121P00337500,put,False,337.5,6.1,6.35,6.35,342.6499938964844,0.6024209680175783,0.0370259995532744,0.00688749465062872,290.0,893.0,2025-11-17 20:57:37+00:00,0.03972222222222222,6.225,0.00821917808219178
2025-11-17 21:00:00+00:00,2025-11-21 00:00:00+00:00,AVGO,AVGO251121P00340000,put,False,340.0,7.1,7.35,7.62,342.6499938964844,0.5953409606933593,0.0370259995532744,0.00688749465062872,1455.0,7009.0,2025-11-17 20:54:17+00:00,0.09527777777777778,7.225,0.00821917808219178
2025-11-17 21:00:00+00:00,2025-11-21 00:00:00+00:00,AVGO,AVGO251121P00342500,put,False,342.5,8.2,8.45,8.73,342.6499938964844,0.5871623315429688,0.0370259995532744,0.00688749465062872,734.0,1041.0,2025-11-17 20:57:55+00:00,0.034722222222222224,8.325,0.00821917808219178
2025-11-17 21:00:00+00:00,2025-11-21 00:00:00+00:00,AVGO,AVGO251121P00345000,put,True,345.0,9.4,9.7,10.0,342.6499938964844,0.5797161169433593,0.0370259995532744,0.00688749465062872,793.0,1432.0,2025-11-17 20:43:34+00:00,0.2738888888888889,9.55,0.00821917808219178
2025-11-17 21:00:00+00:00,2025-11-21 00:00:00+00:00,AVGO,AVGO251121P00347500,put,True,347.5,10.8,11.1,11.4,342.6499938964844,0.576054044189453,0.0370259995532744,0.00688749465062872,894.0,427.0,2025-11-17 20:50:36+00:00,0.15666666666666668,10.95,0.00821917808219178
2025-11-17 21:00:00+00:00,2025-11-21 00:00:00+00:00,AVGO,AVGO251121P00350000,put,True,350.0,12.3,12.6,12.7,342.6499938964844,0.5711712805175782,0.0370259995532744,0.00688749465062872,615.0,6937.0,2025-11-17 20:54:30+00:00,0.09166666666666666,12.45,0.00821917808219178
2025-11-17 21:00:00+00:00,2025-11-21 00:00:00+00:00,AVGO,AVGO251121P00352500,put,True,352.5,13.9,14.2,14.6,342.6499938964844,0.5651898950195313,0.0370259995532744,0.00688749465062872,75.0,387.0,2025-11-17 19:35:38+00:00,1.406111111111111,14.05,0.00821917808219178
2025-11-17 21:00:00+00:00,2025-11-21 00:00:00+00:00,AVGO,AVGO251121P00355000,put,True,355.0,15.65,16.0,17.8,342.6499938964844,0.5640912731933594,0.0370259995532744,0.00688749465062872,103.0,1437.0,2025-11-17 20:42:29+00:00,0.29194444444444445,15.825,0.00821917808219178
2025-11-17 21:00:00+00:00,2025-11-21 00:00:00+00:00,AVGO,AVGO251121P00357500,put,True,357.5,17.35,17.85,19.37,342.6499938964844,0.5542036767578126,0.0370259995532744,0.00688749465062872,58.0,702.0,2025-11-17 19:23:55+00:00,1.601388888888889,17.6,0.00821917808219178
2025-11-17 21:00:00+00:00,2025-11-21 00:00:00+00:00,AVGO,AVGO251121P00360000,put,True,360.0,19.3,19.85,20.77,342.6499938964844,0.5532271240234375,0.0370259995532744,0.00688749465062872,125.0,4070.0,2025-11-17 20:54:09+00:00,0.0975,19.575000000000003,0.00821917808219178
2025-11-17 21:00:00+00:00,2025-11-21 00:00:00+00:00,AVGO,AVGO251121P00362500,put,True,362.5,20.9,22.85,24.0,342.6499938964844,0.57812921875,0.0370259995532744,0.00688749465062872,11.0,184.0,2025-11-17 20:42:44+00:00,0.2877777777777778,21.875,0.00821917808219178
2025-11-17 21:00:00+00:00,2025-11-21 00:00:00+00:00,AVGO,AVGO251121P00365000,put,True,365.0,23.0,25.8,26.0,342.6499938964844,0.6242713354492189,0.0370259995532744,0.00688749465062872,13.0,698.0,2025-11-17 17:58:59+00:00,3.0169444444444444,24.4,0.00821917808219178
2025-11-17 21:00:00+00:00,2025-11-21 00:00:00+00:00,AVGO,AVGO251121P00367500,put,True,367.5,25.25,27.35,25.28,342.6499938964844,0.59570716796875,0.0370259995532744,0.00688749465062872,9.0,119.0,2025-11-17 18:10:10+00:00,2.8305555555555557,26.3,0.00821917808219178
2025-11-17 21:00:00+00:00,2025-11-21 00:00:00+00:00,AVGO,AVGO251121P00370000,put,True,370.0,27.45,30.25,28.62,342.6499938964844,0.6411168701171875,0.0370259995532744,0.00688749465062872,62.0,712.0,2025-11-17 18:38:17+00:00,2.3619444444444446,28.85,0.00821917808219178
2025-11-17 21:00:00+00:00,2025-11-21 00:00:00+00:00,AVGO,AVGO251121P00372500,put,True,372.5,29.7,31.9,30.1,342.6499938964844,0.5986368261718751,0.0370259995532744,0.00688749465062872,3.0,119.0,2025-11-14 19:59:30+00:00,73.00833333333334,30.799999999999997,0.00821917808219178
2025-11-17 21:00:00+00:00,2025-11-21 00:00:00+00:00,AVGO,AVGO251121P00375000,put,True,375.0,32.0,34.85,29.65,342.6499938964844,0.6540561938476563,0.0370259995532744,0.00688749465062872,1.0,231.0,2025-11-17 17:37:46+00:00,3.3705555555555557,33.425,0.00821917808219178
2025-11-17 21:00:00+00:00,2025-11-21 00:00:00+00:00,AVGO,AVGO251121P00377500,put,True,377.5,34.25,36.75,31.03,342.6499938964844,0.610599597167969,0.0370259995532744,0.00688749465062872,4.0,101.0,2025-11-17 15:04:46+00:00,5.920555555555556,35.5,0.00821917808219178
2025-11-17 21:00:00+00:00,2025-11-21 00:00:00+00:00,AVGO,AVGO251121P00380000,put,True,380.0,36.65,39.2,37.9,342.6499938964844,0.6254920263671876,0.0370259995532744,0.00688749465062872,15.0,512.0,2025-11-17 15:04:46+00:00,5.920555555555556,37.925,0.00821917808219178
2025-11-17 21:00:00+00:00,2025-11-21 00:00:00+00:00,AVGO,AVGO251121P00382500,put,True,382.5,39.0,41.55,44.01,342.6499938964844,0.6171913281250001,0.0370259995532744,0.00688749465062872,1.0,69.0,2025-11-13 17:49:25+00:00,99.1763888888889,40.275,0.00821917808219178
2025-11-17 21:00:00+00:00,2025-11-21 00:00:00+00:00,AVGO,AVGO251121P00385000,put,True,385.0,41.7,44.0,40.2,342.6499938964844,0.6669955175781253,0.0370259995532744,0.00688749465062872,3.0,93.0,2025-11-17 16:10:07+00:00,4.831388888888889,42.85,0.00821917808219178
2025-11-17 21:00:00+00:00,2025-11-21 00:00:00+00:00,AVGO,AVGO251121P00387500,put,True,387.5,44.2,46.45,50.63,342.6499938964844,0.6894562304687502,0.0370259995532744,0.00688749465062872,1.0,26.0,2025-11-13 16:13:27+00:00,100.77583333333334,45.325,0.00821917808219178
2025-11-17 21:00:00+00:00,2025-11-21 00:00:00+00:00,AVGO,AVGO251121P00390000,put,True,390.0,46.35,48.95,42.93,342.6499938964844,0.6606479248046876,0.0370259995532744,0.00688749465062872,2.0,159.0,2025-11-17 14:31:31+00:00,6.474722222222222,47.650000000000006,0.00821917808219178
2025-11-17 21:00:00+00:00,2025-11-21 00:00:00+00:00,AVGO,AVGO251121P00392500,put,True,392.5,48.8,51.4,59.75,342.6499938964844,0.6669955175781253,0.0370259995532744,0.00688749465062872,1.0,22.0,2025-11-14 14:30:11+00:00,78.49694444444444,50.099999999999994,0.00821917808219178
2025-11-17 21:00:00+00:00,2025-11-21 00:00:00+00:00,AVGO,AVGO251121P00395000,put,True,395.0,51.6,53.9,31.74,342.6499938964844,0.7500025,0.0370259995532744,0.00688749465062872,3.0,39.0,2025-10-31 16:13:16+00:00,412.7788888888889,52.75,0.00821917808219178
2025-11-17 21:00:00+00:00,2025-11-21 00:00:00+00:00,AVGO,AVGO251121P00397500,put,True,397.5,54.1,56.4,28.36,342.6499938964844,0.7763694238281251,0.0370259995532744,0.00688749465062872,,0.0,2025-10-30 18:22:17+00:00,434.6286111111111,55.25,0.00821917808219178
2025-11-17 21:00:00+00:00,2025-11-21 00:00:00+00:00,AVGO,AVGO251121P00400000,put,True,400.0,56.6,58.9,62.0,342.6499938964844,0.8027363476562499,0.0370259995532744,0.00688749465062872,1.0,0.0,2025-11-14 15:06:59+00:00,77.88361111111111,57.75,0.00821917808219178
2025-11-17 21:00:00+00:00,2025-11-21 00:00:00+00:00,AVGO,AVGO251121P00402500,put,True,402.5,59.0,61.4,34.6,342.6499938964844,0.8105487695312499,0.0370259995532744,0.00688749465062872,2.0,0.0,2025-10-31 15:40:54+00:00,413.3183333333333,60.2,0.00821917808219178
2025-11-17 21:00:00+00:00,2025-11-21 00:00:00+00:00,AVGO,AVGO251121P00405000,put,True,405.0,61.3,63.9,67.15,342.6499938964844,0.7919942675781251,0.0370259995532744,0.00688749465062872,16.0,0.0,2025-11-13 20:06:23+00:00,96.89361111111111,62.599999999999994,0.00821917808219178
2025-11-17 21:00:00+00:00,2025-11-21 00:00:00+00:00,AVGO,AVGO251121P00407500,put,True,407.5,64.1,66.4,53.0,342.6499938964844,0.8808605664062499,0.0370259995532744,0.00688749465062872,1.0,0.0,2025-11-06 18:23:32+00:00,266.60777777777776,65.25,0.00821917808219178
2025-11-17 21:00:00+00:00,2025-11-21 00:00:00+00:00,AVGO,AVGO251121P00410000,put,True,410.0,66.6,68.9,72.2,342.6499938964844,0.9057626611328125,0.0370259995532744,0.00688749465062872,404.0,0.0,2025-11-13 20:06:23+00:00,96.89361111111111,67.75,0.00821917808219178
2025-11-17 21:00:00+00:00,2025-11-21 00:00:00+00:00,AVGO,AVGO251121P00415000,put,True,415.0,71.6,73.9,77.1,342.6499938964844,0.9555668505859375,0.0370259995532744,0.00688749465062872,22.0,0.0,2025-11-13 20:06:23+00:00,96.89361111111111,72.75,0.00821917808219178
2025-11-17 21:00:00+00:00,2025-11-21 00:00:00+00:00,AVGO,AVGO251121P00420000,put,True,420.0,76.5,78.9,62.98,342.6499938964844,0.98242205078125,0.0370259995532744,0.00688749465062872,13.0,0.0,2025-11-10 14:57:51+00:00,174.03583333333333,77.7,0.00821917808219178
2025-11-17 21:00:00+00:00,2025-11-21 00:00:00+00:00,AVGO,AVGO251121P00422500,put,True,422.5,79.0,81.4,75.32,342.6499938964844,1.0058643457031249,0.0370259995532744,0.00688749465062872,26.0,0.0,2025-11-17 15:23:48+00:00,5.6033333333333335,80.2,0.00821917808219178
2025-11-17 21:00:00+00:00,2025-11-21 00:00:00+00:00,AVGO,AVGO251121P00425000,put,True,425.0,81.3,83.9,49.15,342.6499938964844,0.9785158398437501,0.0370259995532744,0.00688749465062872,,0.0,2025-10-30 17:50:29+00:00,435.1586111111111,82.6,0.00821917808219178
2025-11-17 21:00:00+00:00,2025-11-21 00:00:00+00:00,AVGO,AVGO251121P00430000,put,True,430.0,86.6,89.55,82.63,342.6499938964844,1.2158242333984375,0.0370259995532744,0.00688749465062872,12.0,0.0,2025-09-18 13:34:01+00:00,1447.4330555555555,88.07499999999999,0.00821917808219178
2025-11-17 21:00:00+00:00,2025-11-21 00:00:00+00:00,AVGO,AVGO251121P00435000,put,True,435.0,91.6,93.9,57.5,342.6499938964844,1.1445355273437499,0.0370259995532744,0.00688749465062872,,0.0,2025-10-30 13:32:48+00:00,439.4533333333333,92.75,0.00821917808219178
2025-11-17 21:00:00+00:00,2025-11-21 00:00:00+00:00,AVGO,AVGO251121P00440000,put,True,440.0,96.6,99.55,86.1,342.6499938964844,1.3134799951171874,0.0370259995532744,0.00688749465062872,1.0,0.0,2025-10-13 17:41:19+00:00,843.3113888888889,98.07499999999999,0.00821917808219178
2025-11-17 21:00:00+00:00,2025-11-21 00:00:00+00:00,AVGO,AVGO251121P00450000,put,True,450.0,106.1,109.5,114.05,342.6499938964844,1.3007847460937496,0.0370259995532744,0.00688749465062872,1.0,0.0,2025-09-24 16:12:18+00:00,1300.795,107.8,0.00821917808219178
2025-11-17 21:00:00+00:00,2025-11-21 00:00:00+00:00,AVGO,AVGO251121P00452500,put,True,452.5,108.8,111.4,72.27,342.6499938964844,1.2128945605468748,0.0370259995532744,0.00688749465062872,,0.0,2025-10-29 14:16:37+00:00,462.72305555555556,110.1,0.00821917808219178
2025-11-17 21:00:00+00:00,2025-11-21 00:00:00+00:00,AVGO,AVGO251121P00460000,put,True,460.0,116.1,119.5,103.55,342.6499938964844,1.3857452587890622,0.0370259995532744,0.00688749465062872,7.0,0.0,2025-10-13 13:58:55+00:00,847.0180555555555,117.8,0.00821917808219178
2025-11-17 21:00:00+00:00,2025-11-21 00:00:00+00:00,AVGO,AVGO251121P00470000,put,True,470.0,126.4,128.9,114.5,342.6499938964844,1.3847687011718748,0.0370259995532744,0.00688749465062872,2.0,0.0,2025-10-27 14:21:44+00:00,510.6377777777778,127.65,0.00821917808219178
2025-11-17 21:00:00+00:00,2025-11-21 00:00:00+00:00,AVGO,AVGO251121P00475000,put,True,475.0,131.3,133.9,98.22,342.6499938964844,1.3886749316406248,0.0370259995532744,0.00688749465062872,,0.0,2025-10-30 17:28:12+00:00,435.53,132.60000000000002,0.00821917808219178
2025-11-17 21:00:00+00:00,2025-11-21 00:00:00+00:00,AVGO,AVGO251121P00480000,put,True,480.0,136.6,139.55,125.1,342.6499938964844,1.669923525390625,0.0370259995532744,0.00688749465062872,,0.0,2025-10-13 13:50:42+00:00,847.155,138.075,0.00821917808219178
2025-11-17 21:00:00+00:00,2025-11-21 00:00:00+00:00,AVGO,AVGO251121P00490000,put,True,490.0,146.45,149.2,123.6,342.6499938964844,1.640626796875,0.0370259995532744,0.00688749465062872,,0.0,2025-11-03 16:25:05+00:00,340.58194444444445,147.825,0.00821917808219178
2025-11-17 21:00:00+00:00,2025-11-21 00:00:00+00:00,AVGO,AVGO251121P00495000,put,True,495.0,151.45,153.9,118.19,342.6499938964844,1.5908223583984373,0.0370259995532744,0.00688749465062872,,0.0,2025-10-30 17:28:12+00:00,435.53,152.675,0.00821917808219178
2025-11-17 21:00:00+00:00,2025-11-21 00:00:00+00:00,AVGO,AVGO251121P00500000,put,True,500.0,149.0,152.25,155.0,342.6499938964844,1.0000000000000003e-05,0.0370259995532744,0.00688749465062872,10.0,0.0,2025-09-17 16:32:07+00:00,1468.4647222222222,150.625,0.00821917808219178
2025-11-17 21:00:00+00:00,2025-11-21 00:00:00+00:00,AVGO,AVGO251121P00510000,put,True,510.0,166.4,168.9,143.58,342.6499938964844,1.6796891015625,0.0370259995532744,0.00688749465062872,4.0,0.0,2025-11-03 16:25:05+00:00,340.58194444444445,167.65,0.00821917808219178
2025-11-17 21:00:00+00:00,2025-11-21 00:00:00+00:00,AVGO,AVGO251121P00520000,put,True,520.0,176.6,179.55,170.2,342.6499938964844,1.984375078125,0.0370259995532744,0.00688749465062872,6.0,0.0,2025-10-13 13:33:02+00:00,847.4494444444445,178.075,0.00821917808219178
2025-11-17 21:00:00+00:00,2025-11-21 00:00:00+00:00,AVGO,AVGO251121P00530000,put,True,530.0,186.6,189.55,195.73,342.6499938964844,2.057622043457031,0.0370259995532744,0.00688749465062872,3.0,0.0,2025-09-26 19:52:32+00:00,1249.1244444444444,188.075,0.00821917808219178
2025-11-17 21:00:00+00:00,2025-11-28 00:00:00+00:00,AVGO,AVGO251128C00185000,call,True,185.0,156.0,158.75,153.7,342.6499938964844,1.9370120336914063,0.0370259995532744,0.00688749465062872,2.0,6.0,2025-11-07 17:10:24+00:00,243.82666666666665,157.375,0.0273972602739726
2025-11-17 21:00:00+00:00,2025-11-28 00:00:00+00:00,AVGO,AVGO251128C00190000,call,True,190.0,151.0,154.0,172.94,342.6499938964844,1.9340823608398439,0.0370259995532744,0.00688749465062872,,11.0,2025-11-05 17:17:40+00:00,291.7055555555556,152.5,0.0273972602739726
2025-11-17 21:00:00+00:00,2025-11-28 00:00:00+00:00,AVGO,AVGO251128C00200000,call,True,200.0,141.0,143.8,143.24,342.6499938964844,1.734376328125,0.0370259995532744,0.00688749465062872,1.0,6.0,2025-11-07 18:18:02+00:00,242.69944444444445,142.4,0.0273972602739726
2025-11-17 21:00:00+00:00,2025-11-28 00:00:00+00:00,AVGO,AVGO251128C00205000,call,True,205.0,136.3,138.8,137.0,342.6499938964844,1.6650407373046878,0.0370259995532744,0.00688749465062872,1.0,6.0,2025-11-17 20:39:53+00:00,0.3352777777777778,137.55,0.0273972602739726
2025-11-17 21:00:00+00:00,2025-11-28 00:00:00+00:00,AVGO,AVGO251128C00210000,call,True,210.0,131.0,133.9,138.6,342.6499938964844,1.622560480957031,0.0370259995532744,0.00688749465062872,2.0,7.0,2025-11-07 14:50:40+00:00,246.15555555555557,132.45,0.0273972602739726
2025-11-17 21:00:00+00:00,2025-11-28 00:00:00+00:00,AVGO,AVGO251128C00215000,call,True,215.0,126.05,129.1,127.3,342.6499938964844,1.601076213378906,0.0370259995532744,0.00688749465062872,2.0,3.0,2025-11-14 20:57:44+00:00,72.03777777777778,127.57499999999999,0.0273972602739726
2025-11-17 21:00:00+00:00,2025-11-28 00:00:00+00:00,AVGO,AVGO251128C00220000,call,True,220.0,121.05,123.85,121.96,342.6499938964844,1.4780299536132815,0.0370259995532744,0.00688749465062872,1.0,3.0,2025-10-23 13:30:08+00:00,607.4977777777777,122.44999999999999,0.0273972602739726
2025-11-17 21:00:00+00:00,2025-11-28 00:00:00+00:00,AVGO,AVGO251128C00230000,call,True,230.0,111.05,114.05,113.0,342.6499938964844,1.3930694409179685,0.0370259995532744,0.00688749465062872,4.0,1.0,2025-11-14 16:47:15+00:00,76.2125,112.55,0.0273972602739726
2025-11-17 21:00:00+00:00,2025-11-28 00:00:00+00:00,AVGO,AVGO251128C00235000,call,True,235.0,106.1,108.9,109.31,342.6499938964844,1.2998081884765622,0.0370259995532744,0.00688749465062872,,1.0,2025-10-21 18:23:13+00:00,650.6130555555555,107.5,0.0273972602739726
2025-11-17 21:00:00+00:00,2025-11-28 00:00:00+00:00,AVGO,AVGO251128C00240000,call,True,240.0,101.1,104.05,138.8,342.6499938964844,1.2675817871093749,0.0370259995532744,0.00688749465062872,1.0,2.0,2025-10-30 18:45:46+00:00,434.2372222222222,102.57499999999999,0.0273972602739726
2025-11-17 21:00:00+00:00,2025-11-28 00:00:00+00:00,AVGO,AVGO251128C00250000,call,True,250.0,91.15,94.15,111.9,342.6499938964844,1.1633342614746094,0.0370259995532744,0.00688749465062872,,1.0,2025-10-27 13:45:40+00:00,511.2388888888889,92.65,0.0273972602739726
2025-11-17 21:00:00+00:00,2025-11-28 00:00:00+00:00,AVGO,AVGO251128C00255000,call,True,255.0,86.2,89.0,84.31,342.6499938964844,1.0783737487792968,0.0370259995532744,0.00688749465062872,2.0,2.0,2025-11-07 16:58:51+00:00,244.01916666666668,87.6,0.0273972602739726
2025-11-17 21:00:00+00:00,2025-11-28 00:00:00+00:00,AVGO,AVGO251128C00260000,call,True,260.0,81.25,84.35,79.86,342.6499938964844,0.70312796875,0.0370259995532744,0.00688749465062872,10.0,6.0,2025-11-14 15:42:42+00:00,77.28833333333333,82.8,0.0273972602739726
2025-11-17 21:00:00+00:00,2025-11-28 00:00:00+00:00,AVGO,AVGO251128C00265000,call,True,265.0,76.35,79.25,93.7,342.6499938964844,0.6601596484375001,0.0370259995532744,0.00688749465062872,,1.0,2025-10-13 14:21:17+00:00,846.6452777777778,77.8,0.0273972602739726
2025-11-17 21:00:00+00:00,2025-11-28 00:00:00+00:00,AVGO,AVGO251128C00270000,call,True,270.0,71.4,74.2,74.58,342.6499938964844,0.6171913281250001,0.0370259995532744,0.00688749465062872,562.0,6.0,2025-11-17 18:10:57+00:00,2.8175,72.80000000000001,0.0273972602739726
2025-11-17 21:00:00+00:00,2025-11-28 00:00:00+00:00,AVGO,AVGO251128C00275000,call,True,275.0,66.55,69.45,69.73,342.6499938964844,0.6543003320312502,0.0370259995532744,0.00688749465062872,562.0,1.0,2025-11-17 18:10:57+00:00,2.8175,68.0,0.0273972602739726
2025-11-17 21:00:00+00:00,2025-11-28 00:00:00+00:00,AVGO,AVGO251128C00280000,call,True,280.0,61.6,64.6,60.25,342.6499938964844,0.6347692773437501,0.0370259995532744,0.00688749465062872,1.0,2.0,2025-11-14 14:56:57+00:00,78.05083333333333,63.099999999999994,0.0273972602739726
2025-11-17 21:00:00+00:00,2025-11-28 00:00:00+00:00,AVGO,AVGO251128C00285000,call,True,285.0,56.7,59.75,76.43,342.6499938964844,0.6152382226562501,0.0370259995532744,0.00688749465062872,,1.0,2025-10-13 17:35:09+00:00,843.4141666666667,58.225,0.0273972602739726
2025-11-17 21:00:00+00:00,2025-11-28 00:00:00+00:00,AVGO,AVGO251128C00290000,call,True,290.0,51.95,54.85,62.97,342.6499938964844,0.5981485498046876,0.0370259995532744,0.00688749465062872,3.0,8.0,2025-11-17 14:54:15+00:00,6.095833333333333,53.400000000000006,0.0273972602739726
2025-11-17 21:00:00+00:00,2025-11-28 00:00:00+00:00,AVGO,AVGO251128C00295000,call,True,295.0,47.2,49.9,46.2,342.6499938964844,0.5708050732421875,0.0370259995532744,0.00688749465062872,10.0,12.0,2025-11-14 14:56:58+00:00,78.05055555555556,48.55,0.0273972602739726
2025-11-17 21:00:00+00:00,2025-11-28 00:00:00+00:00,AVGO,AVGO251128C00300000,call,True,300.0,42.65,45.2,43.1,342.6499938964844,0.5654340332031251,0.0370259995532744,0.00688749465062872,15.0,28.0,2025-11-17 19:51:35+00:00,1.1402777777777777,43.925,0.0273972602739726
2025-11-17 21:00:00+00:00,2025-11-28 00:00:00+00:00,AVGO,AVGO251128C00302500,call,True,302.5,40.25,43.15,35.35,342.6499938964844,0.5671430004882813,0.0370259995532744,0.00688749465062872,2.0,3.0,2025-11-14 14:43:58+00:00,78.26722222222222,41.7,0.0273972602739726
2025-11-17 21:00:00+00:00,2025-11-28 00:00:00+00:00,AVGO,AVGO251128C00305000,call,True,305.0,38.0,40.65,42.75,342.6499938964844,0.5510298803710938,0.0370259995532744,0.00688749465062872,3.0,12.0,2025-11-13 18:22:37+00:00,98.62305555555555,39.325,0.0273972602739726
2025-11-17 21:00:00+00:00,2025-11-28 00:00:00+00:00,AVGO,AVGO251128C00307500,call,True,307.5,36.35,38.6,34.85,342.6499938964844,0.5776409423828125,0.0370259995532744,0.00688749465062872,4.0,4.0,2025-11-14 14:56:24+00:00,78.06,37.475,0.0273972602739726
2025-11-17 21:00:00+00:00,2025-11-28 00:00:00+00:00,AVGO,AVGO251128C00310000,call,True,310.0,33.5,36.15,38.11,342.6499938964844,0.5356491748046875,0.0370259995532744,0.00688749465062872,7.0,90.0,2025-11-17 17:44:45+00:00,3.254166666666667,34.825,0.0273972602739726
2025-11-17 21:00:00+00:00,2025-11-28 00:00:00+00:00,AVGO,AVGO251128C00312500,call,True,312.5,31.35,34.25,34.04,342.6499938964844,0.5406540075683595,0.0370259995532744,0.00688749465062872,5.0,6.0,2025-11-14 18:15:23+00:00,74.74361111111111,32.8,0.0273972602739726
2025-11-17 21:00:00+00:00,2025-11-28 00:00:00+00:00,AVGO,AVGO251128C00315000,call,True,315.0,29.65,31.85,32.0,342.6499938964844,0.5395553857421876,0.0370259995532744,0.00688749465062872,8.0,32.0,2025-11-14 18:15:23+00:00,74.74361111111111,30.75,0.0273972602739726
2025-11-17 21:00:00+00:00,2025-11-28 00:00:00+00:00,AVGO,AVGO251128C00317500,call,True,317.5,27.9,29.35,30.35,342.6499938964844,0.5305222729492188,0.0370259995532744,0.00688749465062872,3.0,7.0,2025-11-14 16:26:24+00:00,76.56,28.625,0.0273972602739726
2025-11-17 21:00:00+00:00,2025-11-28 00:00:00+00:00,AVGO,AVGO251128C00320000,call,True,320.0,25.85,28.25,26.0,342.6499938964844,0.5504195349121095,0.0370259995532744,0.00688749465062872,2.0,197.0,2025-11-17 14:30:43+00:00,6.4880555555555555,27.05,0.0273972602739726
2025-11-17 21:00:00+00:00,2025-11-28 00:00:00+00:00,AVGO,AVGO251128C00322500,call,True,322.5,23.9,26.3,24.65,342.6499938964844,0.5444381494140625,0.0370259995532744,0.00688749465062872,1.0,7.0,2025-11-14 17:03:59+00:00,75.9336111111111,25.1,0.0273972602739726
2025-11-17 21:00:00+00:00,2025-11-28 00:00:00+00:00,AVGO,AVGO251128C00325000,call,True,325.0,22.0,23.4,21.91,342.6499938964844,0.5124560473632812,0.0370259995532744,0.00688749465062872,13.0,108.0,2025-11-17 18:45:57+00:00,2.234166666666667,22.7,0.0273972602739726
2025-11-17 21:00:00+00:00,2025-11-28 00:00:00+00:00,AVGO,AVGO251128C00327500,call,True,327.5,20.15,22.5,22.92,342.6499938964844,0.5300339965820313,0.0370259995532744,0.00688749465062872,3.0,13.0,2025-11-17 16:35:07+00:00,4.414722222222222,21.325,0.0273972602739726
2025-11-17 21:00:00+00:00,2025-11-28 00:00:00+00:00,AVGO,AVGO251128C00330000,call,True,330.0,18.4,19.75,18.45,342.6499938964844,0.5014698291015626,0.0370259995532744,0.00688749465062872,66.0,431.0,2025-11-17 20:38:57+00:00,0.35083333333333333,19.075,0.0273972602739726
2025-11-17 21:00:00+00:00,2025-11-28 00:00:00+00:00,AVGO,AVGO251128C00332500,call,True,332.5,16.7,18.05,17.0,342.6499938964844,0.5269822692871093,0.0370259995532744,0.00688749465062872,12.0,23.0,2025-11-17 20:02:33+00:00,0.9575,17.375,0.0273972602739726
2025-11-17 21:00:00+00:00,2025-11-28 00:00:00+00:00,AVGO,AVGO251128C00335000,call,True,335.0,15.35,17.15,14.55,342.6499938964844,0.5132494964599608,0.0370259995532744,0.00688749465062872,119.0,377.0,2025-11-17 20:02:33+00:00,0.9575,16.25,0.0273972602739726
2025-11-17 21:00:00+00:00,2025-11-28 00:00:00+00:00,AVGO,AVGO251128C00337500,call,True,337.5,14.6,14.85,13.86,342.6499938964844,0.5085498364257812,0.0370259995532744,0.00688749465062872,43.0,60.0,2025-11-17 20:54:11+00:00,0.09694444444444444,14.725,0.0273972602739726
2025-11-17 21:00:00+00:00,2025-11-28 00:00:00+00:00,AVGO,AVGO251128C00340000,call,True,340.0,13.15,13.45,13.05,342.6499938964844,0.504765694580078,0.0370259995532744,0.00688749465062872,295.0,1456.0,2025-11-17 20:59:31+00:00,0.008055555555555555,13.3,0.0273972602739726
2025-11-17 21:00:00+00:00,2025-11-28 00:00:00+00:00,AVGO,AVGO251128C00342500,call,True,342.5,11.8,12.05,11.55,342.6499938964844,0.5048877636718749,0.0370259995532744,0.00688749465062872,114.0,207.0,2025-11-17 20:59:01+00:00,0.01638888888888889,11.925,0.0273972602739726
2025-11-17 21:00:00+00:00,2025-11-28 00:00:00+00:00,AVGO,AVGO251128C00345000,call,False,345.0,10.55,10.8,9.8,342.6499938964844,0.5014698291015626,0.0370259995532744,0.00688749465062872,374.0,642.0,2025-11-17 20:31:25+00:00,0.47638888888888886,10.675,0.0273972602739726
2025-11-17 21:00:00+00:00,2025-11-28 00:00:00+00:00,AVGO,AVGO251128C00347500,call,False,347.5,9.35,9.6,8.6,342.6499938964844,0.49670913452148446,0.0370259995532744,0.00688749465062872,144.0,108.0,2025-11-17 20:42:40+00:00,0.28888888888888886,9.475,0.0273972602739726
2025-11-17 21:00:00+00:00,2025-11-28 00:00:00+00:00,AVGO,AVGO251128C00350000,call,False,350.0,8.25,8.55,8.2,342.6499938964844,0.49481706359863287,0.0370259995532744,0.00688749465062872,551.0,1085.0,2025-11-17 20:59:42+00:00,0.005,8.4,0.0273972602739726
2025-11-17 21:00:00+00:00,2025-11-28 00:00:00+00:00,AVGO,AVGO251128C00352500,call,False,352.5,7.3,7.55,6.63,342.6499938964844,0.4915211981201172,0.0370259995532744,0.00688749465062872,77.0,120.0,2025-11-17 20:19:27+00:00,0.6758333333333333,7.425,0.0273972602739726
2025-11-17 21:00:00+00:00,2025-11-28 00:00:00+00:00,AVGO,AVGO251128C00355000,call,False,355.0,6.4,6.75,6.25,342.6499938964844,0.4936574072265626,0.0370259995532744,0.00688749465062872,257.0,1514.0,2025-11-17 20:58:09+00:00,0.030833333333333334,6.575,0.0273972602739726
2025-11-17 21:00:00+00:00,2025-11-28 00:00:00+00:00,AVGO,AVGO251128C00357500,call,False,357.5,5.6,5.8,5.1,342.6499938964844,0.48541774353027345,0.0370259995532744,0.00688749465062872,72.0,104.0,2025-11-17 20:19:30+00:00,0.675,5.699999999999999,0.0273972602739726
2025-11-17 21:00:00+00:00,2025-11-28 00:00:00+00:00,AVGO,AVGO251128C00360000,call,False,360.0,4.85,5.0,4.79,342.6499938964844,0.4803518762207031,0.0370259995532744,0.00688749465062872,5184.0,1615.0,2025-11-17 20:59:02+00:00,0.01611111111111111,4.925,0.0273972602739726
2025-11-17 21:00:00+00:00,2025-11-28 00:00:00+00:00,AVGO,AVGO251128C00362500,call,False,362.5,4.2,4.4,4.3,342.6499938964844,0.4815725671386719,0.0370259995532744,0.00688749465062872,70.0,174.0,2025-11-17 20:51:14+00:00,0.1461111111111111,4.300000000000001,0.0273972602739726
2025-11-17 21:00:00+00:00,2025-11-28 00:00:00+00:00,AVGO,AVGO251128C00365000,call,False,365.0,3.65,3.8,3.67,342.6499938964844,0.47949739257812496,0.0370259995532744,0.00688749465062872,170.0,548.0,2025-11-17 20:58:43+00:00,0.021388888888888888,3.7249999999999996,0.0273972602739726
2025-11-17 21:00:00+00:00,2025-11-28 00:00:00+00:00,AVGO,AVGO251128C00367500,call,False,367.5,3.15,3.3,2.98,342.6499938964844,0.47949739257812496,0.0370259995532744,0.00688749465062872,40.0,40.0,2025-11-17 20:48:39+00:00,0.18916666666666668,3.2249999999999996,0.0273972602739726
2025-11-17 21:00:00+00:00,2025-11-28 00:00:00+00:00,AVGO,AVGO251128C00370000,call,False,370.0,2.7,2.81,2.65,342.6499938964844,0.4766898034667969,0.0370259995532744,0.00688749465062872,457.0,628.0,2025-11-17 20:22:36+00:00,0.6233333333333333,2.755,0.0273972602739726
2025-11-17 21:00:00+00:00,2025-11-28 00:00:00+00:00,AVGO,AVGO251128C00372500,call,False,372.5,2.2,2.41,2.05,342.6499938964844,0.4760794580078125,0.0370259995532744,0.00688749465062872,30.0,39.0,2025-11-17 20:43:33+00:00,0.27416666666666667,2.305,0.0273972602739726
2025-11-17 21:00:00+00:00,2025-11-28 00:00:00+00:00,AVGO,AVGO251128C00375000,call,False,375.0,1.77,2.05,1.9,342.6499938964844,0.47485876708984376,0.0370259995532744,0.00688749465062872,245.0,746.0,2025-11-17 20:59:26+00:00,0.009444444444444445,1.91,0.0273972602739726
2025-11-17 21:00:00+00:00,2025-11-28 00:00:00+00:00,AVGO,AVGO251128C00377500,call,False,377.5,1.45,1.75,1.63,342.6499938964844,0.47485876708984376,0.0370259995532744,0.00688749465062872,80.0,105.0,2025-11-17 20:58:55+00:00,0.018055555555555554,1.6,0.0273972602739726
2025-11-17 21:00:00+00:00,2025-11-28 00:00:00+00:00,AVGO,AVGO251128C00380000,call,False,380.0,1.26,1.49,1.41,342.6499938964844,0.47510290527343746,0.0370259995532744,0.00688749465062872,1060.0,708.0,2025-11-17 20:52:50+00:00,0.11944444444444445,1.375,0.0273972602739726
2025-11-17 21:00:00+00:00,2025-11-28 00:00:00+00:00,AVGO,AVGO251128C00382500,call,False,382.5,1.18,1.26,1.13,342.6499938964844,0.47473669799804685,0.0370259995532744,0.00688749465062872,43.0,47.0,2025-11-17 20:08:57+00:00,0.8508333333333333,1.22,0.0273972602739726
2025-11-17 21:00:00+00:00,2025-11-28 00:00:00+00:00,AVGO,AVGO251128C00385000,call,False,385.0,0.99,1.07,0.91,342.6499938964844,0.4753470434570312,0.0370259995532744,0.00688749465062872,322.0,983.0,2025-11-17 20:22:15+00:00,0.6291666666666667,1.03,0.0273972602739726
2025-11-17 21:00:00+00:00,2025-11-28 00:00:00+00:00,AVGO,AVGO251128C00387500,call,False,387.5,0.83,0.9,0.88,342.6499938964844,0.4753470434570312,0.0370259995532744,0.00688749465062872,28.0,77.0,2025-11-17 19:59:04+00:00,1.0155555555555555,0.865,0.0273972602739726
2025-11-17 21:00:00+00:00,2025-11-28 00:00:00+00:00,AVGO,AVGO251128C00390000,call,False,390.0,0.69,0.75,0.71,342.6499938964844,0.47485876708984376,0.0370259995532744,0.00688749465062872,123.0,679.0,2025-11-17 20:59:30+00:00,0.008333333333333333,0.72,0.0273972602739726
2025-11-17 21:00:00+00:00,2025-11-28 00:00:00+00:00,AVGO,AVGO251128C00392500,call,False,392.5,0.57,0.63,0.62,342.6499938964844,0.4753470434570312,0.0370259995532744,0.00688749465062872,14.0,53.0,2025-11-17 15:05:41+00:00,5.905277777777778,0.6,0.0273972602739726
2025-11-17 21:00:00+00:00,2025-11-28 00:00:00+00:00,AVGO,AVGO251128C00395000,call,False,395.0,0.47,0.52,0.45,342.6499938964844,0.47461462890625,0.0370259995532744,0.00688749465062872,84.0,2008.0,2025-11-17 20:09:19+00:00,0.8447222222222223,0.495,0.0273972602739726
2025-11-17 21:00:00+00:00,2025-11-28 00:00:00+00:00,AVGO,AVGO251128C00397500,call,False,397.5,0.39,0.43,0.47,342.6499938964844,0.47412635253906255,0.0370259995532744,0.00688749465062872,32.0,4.0,2025-11-17 16:07:10+00:00,4.8805555555555555,0.41000000000000003,0.0273972602739726
2025-11-17 21:00:00+00:00,2025-11-28 00:00:00+00:00,AVGO,AVGO251128C00400000,call,False,400.0,0.32,0.36,0.35,342.6499938964844,0.47559118164062497,0.0370259995532744,0.00688749465062872,222.0,1474.0,2025-11-17 20:58:51+00:00,0.019166666666666665,0.33999999999999997,0.0273972602739726
2025-11-17 21:00:00+00:00,2025-11-28 00:00:00+00:00,AVGO,AVGO251128C00402500,call,False,402.5,0.27,0.31,0.28,342.6499938964844,0.47900911621093745,0.0370259995532744,0.00688749465062872,6.0,14.0,2025-11-17 17:47:45+00:00,3.2041666666666666,0.29000000000000004,0.0273972602739726
2025-11-17 21:00:00+00:00,2025-11-28 00:00:00+00:00,AVGO,AVGO251128C00405000,call,False,405.0,0.22,0.26,0.21,342.6499938964844,0.4804739453125,0.0370259995532744,0.00688749465062872,16.0,415.0,2025-11-17 20:29:15+00:00,0.5125,0.24,0.0273972602739726
2025-11-17 21:00:00+00:00,2025-11-28 00:00:00+00:00,AVGO,AVGO251128C00407500,call,False,407.5,0.18,0.22,0.29,342.6499938964844,0.48242705078125003,0.0370259995532744,0.00688749465062872,65.0,8.0,2025-11-17 16:31:38+00:00,4.472777777777778,0.2,0.0273972602739726
2025-11-17 21:00:00+00:00,2025-11-28 00:00:00+00:00,AVGO,AVGO251128C00410000,call,False,410.0,0.15,0.19,0.16,342.6499938964844,0.48633326171875,0.0370259995532744,0.00688749465062872,47.0,741.0,2025-11-17 20:14:09+00:00,0.7641666666666667,0.16999999999999998,0.0273972602739726
2025-11-17 21:00:00+00:00,2025-11-28 00:00:00+00:00,AVGO,AVGO251128C00412500,call,False,412.5,0.12,0.16,0.2,342.6499938964844,0.48828636718750007,0.0370259995532744,0.00688749465062872,2.0,5.0,2025-11-14 14:34:33+00:00,78.42416666666666,0.14,0.0273972602739726
2025-11-17 21:00:00+00:00,2025-11-28 00:00:00+00:00,AVGO,AVGO251128C00415000,call,False,415.0,0.1,0.15,0.19,342.6499938964844,0.49707534179687507,0.0370259995532744,0.00688749465062872,65.0,856.0,2025-11-17 16:30:05+00:00,4.498611111111111,0.125,0.0273972602739726
2025-11-17 21:00:00+00:00,2025-11-28 00:00:00+00:00,AVGO,AVGO251128C00417500,call,False,417.5,0.08,0.13,0.12,342.6499938964844,0.5009815527343751,0.0370259995532744,0.00688749465062872,1.0,4.0,2025-11-17 19:59:32+00:00,1.0077777777777779,0.10500000000000001,0.0273972602739726
2025-11-17 21:00:00+00:00,2025-11-28 00:00:00+00:00,AVGO,AVGO251128C00420000,call,False,420.0,0.06,0.12,0.09,342.6499938964844,0.507817421875,0.0370259995532744,0.00688749465062872,73.0,226.0,2025-11-17 20:07:23+00:00,0.8769444444444444,0.09,0.0273972602739726
2025-11-17 21:00:00+00:00,2025-11-28 00:00:00+00:00,AVGO,AVGO251128C00422500,call,False,422.5,0.05,0.11,0.11,342.6499938964844,0.51562984375,0.0370259995532744,0.00688749465062872,15.0,1.0,2025-11-17 16:32:26+00:00,4.459444444444444,0.08,0.0273972602739726
2025-11-17 21:00:00+00:00,2025-11-28 00:00:00+00:00,AVGO,AVGO251128C00425000,call,False,425.0,0.04,0.07,0.07,342.6499938964844,0.500005,0.0370259995532744,0.00688749465062872,16.0,290.0,2025-11-17 20:03:02+00:00,0.9494444444444444,0.05500000000000001,0.0273972602739726
2025-11-17 21:00:00+00:00,2025-11-28 00:00:00+00:00,AVGO,AVGO251128C00427500,call,False,427.5,0.02,0.06,0.12,342.6499938964844,0.5019581054687501,0.0370259995532744,0.00688749465062872,1.0,1.0,2025-11-14 15:42:47+00:00,77.28694444444444,0.04,0.0273972602739726
2025-11-17 21:00:00+00:00,2025-11-28 00:00:00+00:00,AVGO,AVGO251128C00430000,call,False,430.0,0.02,0.07,0.05,342.6499938964844,0.523442265625,0.0370259995532744,0.00688749465062872,21.0,224.0,2025-11-17 19:03:23+00:00,1.9436111111111112,0.045000000000000005,0.0273972602739726
2025-11-17 21:00:00+00:00,2025-11-28 00:00:00+00:00,AVGO,AVGO251128C00432500,call,False,432.5,0.01,0.05,0.07,342.6499938964844,0.51562984375,0.0370259995532744,0.00688749465062872,2.0,4.0,2025-11-12 15:03:55+00:00,125.93472222222222,0.030000000000000002,0.0273972602739726
2025-11-17 21:00:00+00:00,2025-11-28 00:00:00+00:00,AVGO,AVGO251128C00435000,call,False,435.0,0.0,0.07,0.06,342.6499938964844,0.507817421875,0.0370259995532744,0.00688749465062872,110.0,100.0,2025-11-17 15:03:50+00:00,5.936111111111111,0.035,0.0273972602739726
2025-11-17 21:00:00+00:00,2025-11-28 00:00:00+00:00,AVGO,AVGO251128C00437500,call,False,437.5,0.0,0.06,0.44,342.6499938964844,0.5117236328125,0.0370259995532744,0.00688749465062872,,1.0,2025-11-11 14:35:29+00:00,150.4086111111111,0.03,0.0273972602739726
2025-11-17 21:00:00+00:00,2025-11-28 00:00:00+00:00,AVGO,AVGO251128C00440000,call,False,440.0,0.0,0.03,0.03,342.6499938964844,0.5195360546875,0.0370259995532744,0.00688749465062872,21.0,209.0,2025-11-14 15:38:10+00:00,77.3638888888889,0.015,0.0273972602739726
2025-11-17 21:00:00+00:00,2025-11-28 00:00:00+00:00,AVGO,AVGO251128C00445000,call,False,445.0,0.0,0.03,0.07,342.6499938964844,0.507817421875,0.0370259995532744,0.00688749465062872,1.0,113.0,2025-11-17 15:12:08+00:00,5.797777777777778,0.015,0.0273972602739726
2025-11-17 21:00:00+00:00,2025-11-28 00:00:00+00:00,AVGO,AVGO251128C00447500,call,False,447.5,0.0,0.03,0.2,342.6499938964844,0.51562984375,0.0370259995532744,0.00688749465062872,,4.0,2025-11-12 19:39:11+00:00,121.34694444444445,0.015,0.0273972602739726
2025-11-17 21:00:00+00:00,2025-11-28 00:00:00+00:00,AVGO,AVGO251128C00450000,call,False,450.0,0.0,0.05,0.05,342.6499938964844,0.5546919531250001,0.0370259995532744,0.00688749465062872,54.0,138.0,2025-11-17 15:05:26+00:00,5.9094444444444445,0.025,0.0273972602739726
2025-11-17 21:00:00+00:00,2025-11-28 00:00:00+00:00,AVGO,AVGO251128C00455000,call,False,455.0,0.0,0.04,0.01,342.6499938964844,0.5625043750000001,0.0370259995532744,0.00688749465062872,6.0,134.0,2025-11-14 19:08:16+00:00,73.86222222222223,0.02,0.0273972602739726
2025-11-17 21:00:00+00:00,2025-11-28 00:00:00+00:00,AVGO,AVGO251128C00460000,call,False,460.0,0.01,0.04,0.01,342.6499938964844,0.5937540625000001,0.0370259995532744,0.00688749465062872,1.0,205.0,2025-11-14 19:09:42+00:00,73.83833333333334,0.025,0.0273972602739726
2025-11-17 21:00:00+00:00,2025-11-28 00:00:00+00:00,AVGO,AVGO251128C00465000,call,False,465.0,0.0,0.03,0.01,342.6499938964844,0.585941640625,0.0370259995532744,0.00688749465062872,5.0,129.0,2025-11-14 19:07:22+00:00,73.87722222222222,0.015,0.0273972602739726
2025-11-17 21:00:00+00:00,2025-11-28 00:00:00+00:00,AVGO,AVGO251128C00470000,call,False,470.0,0.0,0.04,0.03,342.6499938964844,0.6171913281250001,0.0370259995532744,0.00688749465062872,11.0,25.0,2025-11-17 19:04:31+00:00,1.9247222222222222,0.02,0.0273972602739726
2025-11-17 21:00:00+00:00,2025-11-28 00:00:00+00:00,AVGO,AVGO251128C00475000,call,False,475.0,0.01,0.03,0.03,342.6499938964844,0.6367223828125,0.0370259995532744,0.00688749465062872,1.0,35.0,2025-11-14 20:54:34+00:00,72.09055555555555,0.02,0.0273972602739726
2025-11-17 21:00:00+00:00,2025-11-28 00:00:00+00:00,AVGO,AVGO251128C00480000,call,False,480.0,0.0,0.04,0.02,342.6499938964844,0.6562534375000001,0.0370259995532744,0.00688749465062872,10.0,150.0,2025-11-14 19:06:26+00:00,73.89277777777778,0.02,0.0273972602739726
2025-11-17 21:00:00+00:00,2025-11-28 00:00:00+00:00,AVGO,AVGO251128C00485000,call,False,485.0,0.0,0.23,0.01,342.6499938964844,0.8017597949218749,0.0370259995532744,0.00688749465062872,1.0,7.0,2025-11-14 19:07:01+00:00,73.88305555555556,0.115,0.0273972602739726
2025-11-17 21:00:00+00:00,2025-11-28 00:00:00+00:00,AVGO,AVGO251128C00490000,call,False,490.0,0.0,0.03,0.01,342.6499938964844,0.6718782812500002,0.0370259995532744,0.00688749465062872,1.0,179.0,2025-11-14 19:08:47+00:00,73.8536111111111,0.015,0.0273972602739726
2025-11-17 21:00:00+00:00,2025-11-28 00:00:00+00:00,AVGO,AVGO251128C00495000,call,False,495.0,0.0,0.03,0.02,342.6499938964844,0.6914093359375001,0.0370259995532744,0.00688749465062872,4.0,30.0,2025-11-14 14:40:10+00:00,78.33055555555555,0.015,0.0273972602739726
2025-11-17 21:00:00+00:00,2025-11-28 00:00:00+00:00,AVGO,AVGO251128C00500000,call,False,500.0,0.01,0.02,0.02,342.6499938964844,0.710940390625,0.0370259995532744,0.00688749465062872,4.0,112.0,2025-11-17 15:32:50+00:00,5.4527777777777775,0.015,0.0273972602739726
2025-11-17 21:00:00+00:00,2025-11-28 00:00:00+00:00,AVGO,AVGO251128C00505000,call,False,505.0,0.0,0.03,0.13,342.6499938964844,0.726565234375,0.0370259995532744,0.00688749465062872,5.0,11.0,2025-11-05 19:41:46+00:00,289.3038888888889,0.015,0.0273972602739726
2025-11-17 21:00:00+00:00,2025-11-28 00:00:00+00:00,AVGO,AVGO251128C00510000,call,False,510.0,0.0,0.03,0.03,342.6499938964844,0.7421900781249999,0.0370259995532744,0.00688749465062872,10.0,19.0,2025-11-17 16:04:19+00:00,4.928055555555556,0.015,0.0273972602739726
2025-11-17 21:00:00+00:00,2025-11-28 00:00:00+00:00,AVGO,AVGO251128C00515000,call,False,515.0,0.0,0.03,0.02,342.6499938964844,0.7578149218750001,0.0370259995532744,0.00688749465062872,4.0,14.0,2025-11-14 14:46:17+00:00,78.2286111111111,0.015,0.0273972602739726
2025-11-17 21:00:00+00:00,2025-11-28 00:00:00+00:00,AVGO,AVGO251128C00520000,call,False,520.0,0.0,0.03,0.1,342.6499938964844,0.773439765625,0.0370259995532744,0.00688749465062872,10.0,34.0,2025-11-07 16:58:30+00:00,244.025,0.015,0.0273972602739726
2025-11-17 21:00:00+00:00,2025-11-28 00:00:00+00:00,AVGO,AVGO251128C00525000,call,False,525.0,0.0,0.03,0.01,342.6499938964844,0.789064609375,0.0370259995532744,0.00688749465062872,23.0,105.0,2025-11-13 20:48:55+00:00,96.18472222222222,0.015,0.0273972602739726
2025-11-17 21:00:00+00:00,2025-11-28 00:00:00+00:00,AVGO,AVGO251128P00185000,put,False,185.0,0.0,0.03,0.01,342.6499938964844,1.15625421875,0.0370259995532744,0.00688749465062872,6.0,18.0,2025-11-14 15:12:11+00:00,77.79694444444445,0.015,0.0273972602739726
2025-11-17 21:00:00+00:00,2025-11-28 00:00:00+00:00,AVGO,AVGO251128P00190000,put,False,190.0,0.0,0.04,0.03,342.6499938964844,1.140629296875,0.0370259995532744,0.00688749465062872,2.0,11.0,2025-11-13 15:52:05+00:00,101.13194444444444,0.02,0.0273972602739726
2025-11-17 21:00:00+00:00,2025-11-28 00:00:00+00:00,AVGO,AVGO251128P00195000,put,False,195.0,0.0,0.24,0.07,342.6499938964844,1.3046909765624997,0.0370259995532744,0.00688749465062872,,19.0,2025-11-13 20:51:30+00:00,96.14166666666667,0.12,0.0273972602739726
2025-11-17 21:00:00+00:00,2025-11-28 00:00:00+00:00,AVGO,AVGO251128P00200000,put,False,200.0,0.0,0.03,0.05,342.6499938964844,1.015629921875,0.0370259995532744,0.00688749465062872,302.0,329.0,2025-11-14 18:45:30+00:00,74.24166666666666,0.015,0.0273972602739726
2025-11-17 21:00:00+00:00,2025-11-28 00:00:00+00:00,AVGO,AVGO251128P00205000,put,False,205.0,0.0,0.04,0.03,342.6499938964844,0.9960937890625,0.0370259995532744,0.00688749465062872,605.0,601.0,2025-11-14 19:08:47+00:00,73.8536111111111,0.02,0.0273972602739726
2025-11-17 21:00:00+00:00,2025-11-28 00:00:00+00:00,AVGO,AVGO251128P00210000,put,False,210.0,0.0,0.03,0.02,342.6499938964844,0.929688203125,0.0370259995532744,0.00688749465062872,14.0,27.0,2025-11-14 19:07:01+00:00,73.88305555555556,0.015,0.0273972602739726
2025-11-17 21:00:00+00:00,2025-11-28 00:00:00+00:00,AVGO,AVGO251128P00215000,put,False,215.0,0.0,0.03,0.02,342.6499938964844,0.8906260937499999,0.0370259995532744,0.00688749465062872,2.0,44.0,2025-11-17 20:31:10+00:00,0.48055555555555557,0.015,0.0273972602739726
2025-11-17 21:00:00+00:00,2025-11-28 00:00:00+00:00,AVGO,AVGO251128P00220000,put,False,220.0,0.01,0.04,0.04,342.6499938964844,0.8906260937499999,0.0370259995532744,0.00688749465062872,1.0,104.0,2025-11-14 19:09:42+00:00,73.83833333333334,0.025,0.0273972602739726
2025-11-17 21:00:00+00:00,2025-11-28 00:00:00+00:00,AVGO,AVGO251128P00225000,put,False,225.0,0.0,0.06,0.1,342.6499938964844,0.85937640625,0.0370259995532744,0.00688749465062872,7.0,10.0,2025-11-13 17:15:53+00:00,99.73527777777778,0.03,0.0273972602739726
2025-11-17 21:00:00+00:00,2025-11-28 00:00:00+00:00,AVGO,AVGO251128P00230000,put,False,230.0,0.02,0.05,0.03,342.6499938964844,0.8320329296874999,0.0370259995532744,0.00688749465062872,3.0,515.0,2025-11-14 20:57:53+00:00,72.03527777777778,0.035,0.0273972602739726
2025-11-17 21:00:00+00:00,2025-11-28 00:00:00+00:00,AVGO,AVGO251128P00235000,put,False,235.0,0.02,0.05,0.05,342.6499938964844,0.789064609375,0.0370259995532744,0.00688749465062872,1.0,40.0,2025-11-13 15:50:54+00:00,101.15166666666667,0.035,0.0273972602739726
2025-11-17 21:00:00+00:00,2025-11-28 00:00:00+00:00,AVGO,AVGO251128P00240000,put,False,240.0,0.03,0.1,0.08,342.6499938964844,0.8007832421875,0.0370259995532744,0.00688749465062872,28.0,59.0,2025-11-14 16:59:20+00:00,76.0111111111111,0.065,0.0273972602739726
2025-11-17 21:00:00+00:00,2025-11-28 00:00:00+00:00,AVGO,AVGO251128P00245000,put,False,245.0,0.05,0.1,0.08,342.6499938964844,0.7695335546875001,0.0370259995532744,0.00688749465062872,10.0,70.0,2025-11-17 17:12:51+00:00,3.785833333333333,0.07500000000000001,0.0273972602739726
2025-11-17 21:00:00+00:00,2025-11-28 00:00:00+00:00,AVGO,AVGO251128P00250000,put,False,250.0,0.07,0.14,0.08,342.6499938964844,0.7578149218750001,0.0370259995532744,0.00688749465062872,10.0,156.0,2025-11-17 17:15:18+00:00,3.745,0.10500000000000001,0.0273972602739726
2025-11-17 21:00:00+00:00,2025-11-28 00:00:00+00:00,AVGO,AVGO251128P00255000,put,False,255.0,0.1,0.16,0.14,342.6499938964844,0.73437765625,0.0370259995532744,0.00688749465062872,10.0,41.0,2025-11-17 20:41:40+00:00,0.3055555555555556,0.13,0.0273972602739726
2025-11-17 21:00:00+00:00,2025-11-28 00:00:00+00:00,AVGO,AVGO251128P00260000,put,False,260.0,0.14,0.2,0.19,342.6499938964844,0.7158231542968749,0.0370259995532744,0.00688749465062872,8.0,50.0,2025-11-17 18:39:28+00:00,2.3422222222222224,0.17,0.0273972602739726
2025-11-17 21:00:00+00:00,2025-11-28 00:00:00+00:00,AVGO,AVGO251128P00265000,put,False,265.0,0.19,0.22,0.27,342.6499938964844,0.6894562304687502,0.0370259995532744,0.00688749465062872,50.0,105.0,2025-11-17 19:48:21+00:00,1.1941666666666666,0.20500000000000002,0.0273972602739726
2025-11-17 21:00:00+00:00,2025-11-28 00:00:00+00:00,AVGO,AVGO251128P00270000,put,False,270.0,0.26,0.29,0.29,342.6499938964844,0.6748079394531252,0.0370259995532744,0.00688749465062872,96.0,177.0,2025-11-17 19:10:54+00:00,1.8183333333333334,0.275,0.0273972602739726
2025-11-17 21:00:00+00:00,2025-11-28 00:00:00+00:00,AVGO,AVGO251128P00275000,put,False,275.0,0.34,0.4,0.47,342.6499938964844,0.6601596484375001,0.0370259995532744,0.00688749465062872,13.0,182.0,2025-11-17 20:38:25+00:00,0.3597222222222222,0.37,0.0273972602739726
2025-11-17 21:00:00+00:00,2025-11-28 00:00:00+00:00,AVGO,AVGO251128P00280000,put,False,280.0,0.46,0.51,0.49,342.6499938964844,0.6435582519531251,0.0370259995532744,0.00688749465062872,61.0,192.0,2025-11-17 20:59:45+00:00,0.004166666666666667,0.485,0.0273972602739726
2025-11-17 21:00:00+00:00,2025-11-28 00:00:00+00:00,AVGO,AVGO251128P00285000,put,False,285.0,0.61,0.67,0.74,342.6499938964844,0.6284216845703126,0.0370259995532744,0.00688749465062872,24.0,762.0,2025-11-17 20:37:47+00:00,0.37027777777777776,0.64,0.0273972602739726
2025-11-17 21:00:00+00:00,2025-11-28 00:00:00+00:00,AVGO,AVGO251128P00290000,put,False,290.0,0.8,0.87,0.88,342.6499938964844,0.6123085644531252,0.0370259995532744,0.00688749465062872,12.0,504.0,2025-11-17 20:31:10+00:00,0.48055555555555557,0.835,0.0273972602739726
2025-11-17 21:00:00+00:00,2025-11-28 00:00:00+00:00,AVGO,AVGO251128P00295000,put,False,295.0,1.04,1.12,1.22,342.6499938964844,0.5952188916015625,0.0370259995532744,0.00688749465062872,95.0,212.0,2025-11-17 20:31:10+00:00,0.48055555555555557,1.08,0.0273972602739726
2025-11-17 21:00:00+00:00,2025-11-28 00:00:00+00:00,AVGO,AVGO251128P00297500,put,False,297.5,1.19,1.27,1.34,342.6499938964844,0.5874064697265625,0.0370259995532744,0.00688749465062872,73.0,52.0,2025-11-17 20:00:00+00:00,1.0,1.23,0.0273972602739726
2025-11-17 21:00:00+00:00,2025-11-28 00:00:00+00:00,AVGO,AVGO251128P00300000,put,False,300.0,1.36,1.44,1.44,342.6499938964844,0.5793499096679688,0.0370259995532744,0.00688749465062872,169.0,997.0,2025-11-17 20:47:40+00:00,0.20555555555555555,1.4,0.0273972602739726
2025-11-17 21:00:00+00:00,2025-11-28 00:00:00+00:00,AVGO,AVGO251128P00302500,put,False,302.5,1.55,1.62,1.75,342.6499938964844,0.5705609350585938,0.0370259995532744,0.00688749465062872,11.0,5.0,2025-11-17 19:27:32+00:00,1.541111111111111,1.585,0.0273972602739726
2025-11-17 21:00:00+00:00,2025-11-28 00:00:00+00:00,AVGO,AVGO251128P00305000,put,False,305.0,1.76,1.85,2.14,342.6499938964844,0.5629926513671876,0.0370259995532744,0.00688749465062872,16.0,343.0,2025-11-17 20:45:00+00:00,0.25,1.8050000000000002,0.0273972602739726
2025-11-17 21:00:00+00:00,2025-11-28 00:00:00+00:00,AVGO,AVGO251128P00307500,put,False,307.5,2.01,2.1,2.39,342.6499938964844,0.5556685058593751,0.0370259995532744,0.00688749465062872,6.0,37.0,2025-11-17 19:52:05+00:00,1.1319444444444444,2.0549999999999997,0.0273972602739726
2025-11-17 21:00:00+00:00,2025-11-28 00:00:00+00:00,AVGO,AVGO251128P00310000,put,False,310.0,2.29,2.39,2.59,342.6499938964844,0.5485884985351563,0.0370259995532744,0.00688749465062872,123.0,622.0,2025-11-17 20:59:11+00:00,0.01361111111111111,2.34,0.0273972602739726
2025-11-17 21:00:00+00:00,2025-11-28 00:00:00+00:00,AVGO,AVGO251128P00312500,put,False,312.5,2.6,2.71,2.66,342.6499938964844,0.5410202148437502,0.0370259995532744,0.00688749465062872,30.0,66.0,2025-11-17 16:03:19+00:00,4.9447222222222225,2.6550000000000002,0.0273972602739726
2025-11-17 21:00:00+00:00,2025-11-28 00:00:00+00:00,AVGO,AVGO251128P00315000,put,False,315.0,2.84,3.1,3.1,342.6499938964844,0.5310105493164063,0.0370259995532744,0.00688749465062872,105.0,499.0,2025-11-17 20:43:14+00:00,0.27944444444444444,2.9699999999999998,0.0273972602739726
2025-11-17 21:00:00+00:00,2025-11-28 00:00:00+00:00,AVGO,AVGO251128P00317500,put,False,317.5,3.35,3.55,4.07,342.6499938964844,0.5290574438476563,0.0370259995532744,0.00688749465062872,12.0,101.0,2025-11-17 20:38:06+00:00,0.365,3.45,0.0273972602739726
2025-11-17 21:00:00+00:00,2025-11-28 00:00:00+00:00,AVGO,AVGO251128P00320000,put,False,320.0,3.8,4.0,4.68,342.6499938964844,0.5218553674316406,0.0370259995532744,0.00688749465062872,139.0,781.0,2025-11-17 20:43:44+00:00,0.27111111111111114,3.9,0.0273972602739726
2025-11-17 21:00:00+00:00,2025-11-28 00:00:00+00:00,AVGO,AVGO251128P00322500,put,False,322.5,4.3,4.5,5.14,342.6499938964844,0.5147753601074219,0.0370259995532744,0.00688749465062872,60.0,87.0,2025-11-17 20:38:06+00:00,0.365,4.4,0.0273972602739726
2025-11-17 21:00:00+00:00,2025-11-28 00:00:00+00:00,AVGO,AVGO251128P00325000,put,False,325.0,4.9,5.05,5.81,342.6499938964844,0.5085498364257812,0.0370259995532744,0.00688749465062872,230.0,915.0,2025-11-17 20:12:52+00:00,0.7855555555555556,4.975,0.0273972602739726
2025-11-17 21:00:00+00:00,2025-11-28 00:00:00+00:00,AVGO,AVGO251128P00327500,put,False,327.5,5.55,5.75,5.8,342.6499938964844,0.5043384527587891,0.0370259995532744,0.00688749465062872,11.0,182.0,2025-11-17 18:53:55+00:00,2.1013888888888888,5.65,0.0273972602739726
2025-11-17 21:00:00+00:00,2025-11-28 00:00:00+00:00,AVGO,AVGO251128P00330000,put,False,330.0,6.25,6.45,6.59,342.6499938964844,0.5026905200195313,0.0370259995532744,0.00688749465062872,158.0,505.0,2025-11-17 20:57:59+00:00,0.03361111111111111,6.35,0.0273972602739726
2025-11-17 21:00:00+00:00,2025-11-28 00:00:00+00:00,AVGO,AVGO251128P00332500,put,False,332.5,7.05,7.25,8.1,342.6499938964844,0.4975636181640626,0.0370259995532744,0.00688749465062872,23.0,206.0,2025-11-17 20:23:31+00:00,0.6080555555555556,7.15,0.0273972602739726
2025-11-17 21:00:00+00:00,2025-11-28 00:00:00+00:00,AVGO,AVGO251128P00335000,put,False,335.0,7.9,8.15,8.53,342.6499938964844,0.49347430358886724,0.0370259995532744,0.00688749465062872,136.0,438.0,2025-11-17 20:44:02+00:00,0.26611111111111113,8.025,0.0273972602739726
2025-11-17 21:00:00+00:00,2025-11-28 00:00:00+00:00,AVGO,AVGO251128P00337500,put,False,337.5,8.85,9.1,9.42,342.6499938964844,0.4881032635498047,0.0370259995532744,0.00688749465062872,162.0,314.0,2025-11-17 18:59:28+00:00,2.008888888888889,8.975,0.0273972602739726
2025-11-17 21:00:00+00:00,2025-11-28 00:00:00+00:00,AVGO,AVGO251128P00340000,put,False,340.0,9.9,10.2,10.9,342.6499938964844,0.48566188171386715,0.0370259995532744,0.00688749465062872,279.0,627.0,2025-11-17 20:38:55+00:00,0.35138888888888886,10.05,0.0273972602739726
2025-11-17 21:00:00+00:00,2025-11-28 00:00:00+00:00,AVGO,AVGO251128P00342500,put,False,342.5,11.05,12.35,11.6,342.6499938964844,0.5239305419921875,0.0370259995532744,0.00688749465062872,111.0,113.0,2025-11-17 20:57:55+00:00,0.034722222222222224,11.7,0.0273972602739726
2025-11-17 21:00:00+00:00,2025-11-28 00:00:00+00:00,AVGO,AVGO251128P00345000,put,True,345.0,12.3,12.6,13.6,342.6499938964844,0.4783377362060547,0.0370259995532744,0.00688749465062872,199.0,508.0,2025-11-17 20:31:42+00:00,0.4716666666666667,12.45,0.0273972602739726
2025-11-17 21:00:00+00:00,2025-11-28 00:00:00+00:00,AVGO,AVGO251128P00347500,put,True,347.5,13.6,13.95,14.18,342.6499938964844,0.4755301470947265,0.0370259995532744,0.00688749465062872,150.0,97.0,2025-11-17 19:18:11+00:00,1.6969444444444444,13.774999999999999,0.0273972602739726
2025-11-17 21:00:00+00:00,2025-11-28 00:00:00+00:00,AVGO,AVGO251128P00350000,put,True,350.0,15.05,15.35,15.75,342.6499938964844,0.47119669433593747,0.0370259995532744,0.00688749465062872,235.0,579.0,2025-11-17 20:58:30+00:00,0.025,15.2,0.0273972602739726
2025-11-17 21:00:00+00:00,2025-11-28 00:00:00+00:00,AVGO,AVGO251128P00352500,put,True,352.5,16.55,17.85,13.45,342.6499938964844,0.5113574255371094,0.0370259995532744,0.00688749465062872,13.0,77.0,2025-11-17 16:58:12+00:00,4.03,17.200000000000003,0.0273972602739726
2025-11-17 21:00:00+00:00,2025-11-28 00:00:00+00:00,AVGO,AVGO251128P00355000,put,True,355.0,18.15,18.55,17.26,342.6499938964844,0.4687553125,0.0370259995532744,0.00688749465062872,13.0,400.0,2025-11-17 18:02:03+00:00,2.9658333333333333,18.35,0.0273972602739726
2025-11-17 21:00:00+00:00,2025-11-28 00:00:00+00:00,AVGO,AVGO251128P00357500,put,True,357.5,19.8,20.2,20.79,342.6499938964844,0.4642387561035156,0.0370259995532744,0.00688749465062872,32.0,18.0,2025-11-17 15:06:46+00:00,5.887222222222222,20.0,0.0273972602739726
2025-11-17 21:00:00+00:00,2025-11-28 00:00:00+00:00,AVGO,AVGO251128P00360000,put,True,360.0,21.6,22.05,23.75,342.6499938964844,0.4655815161132813,0.0370259995532744,0.00688749465062872,48.0,435.0,2025-11-17 18:28:34+00:00,2.523888888888889,21.825000000000003,0.0273972602739726
2025-11-17 21:00:00+00:00,2025-11-28 00:00:00+00:00,AVGO,AVGO251128P00362500,put,True,362.5,22.5,24.9,20.23,342.6499938964844,0.514653291015625,0.0370259995532744,0.00688749465062872,1.0,4.0,2025-11-17 17:13:26+00:00,3.776111111111111,23.7,0.0273972602739726
2025-11-17 21:00:00+00:00,2025-11-28 00:00:00+00:00,AVGO,AVGO251128P00365000,put,True,365.0,24.4,26.8,26.88,342.6499938964844,0.5142870837402342,0.0370259995532744,0.00688749465062872,24.0,240.0,2025-11-17 19:41:52+00:00,1.3022222222222222,25.6,0.0273972602739726
2025-11-17 21:00:00+00:00,2025-11-28 00:00:00+00:00,AVGO,AVGO251128P00367500,put,True,367.5,26.55,28.8,29.3,342.6499938964844,0.5163622583007812,0.0370259995532744,0.00688749465062872,1.0,6.0,2025-11-14 16:25:37+00:00,76.57305555555556,27.675,0.0273972602739726
2025-11-17 21:00:00+00:00,2025-11-28 00:00:00+00:00,AVGO,AVGO251128P00370000,put,True,370.0,28.8,31.65,31.25,342.6499938964844,0.5637861004638673,0.0370259995532744,0.00688749465062872,5.0,119.0,2025-11-17 16:40:55+00:00,4.3180555555555555,30.225,0.0273972602739726
2025-11-17 21:00:00+00:00,2025-11-28 00:00:00+00:00,AVGO,AVGO251128P00372500,put,True,372.5,31.05,33.8,29.3,342.6499938964844,0.571415418701172,0.0370259995532744,0.00688749465062872,4.0,2.0,2025-11-14 15:58:35+00:00,77.02361111111111,32.425,0.0273972602739726
2025-11-17 21:00:00+00:00,2025-11-28 00:00:00+00:00,AVGO,AVGO251128P00375000,put,True,375.0,33.1,35.95,35.36,342.6499938964844,0.577152666015625,0.0370259995532744,0.00688749465062872,10.0,76.0,2025-11-17 19:41:52+00:00,1.3022222222222222,34.525000000000006,0.0273972602739726
2025-11-17 21:00:00+00:00,2025-11-28 00:00:00+00:00,AVGO,AVGO251128P00377500,put,True,377.5,35.5,38.15,32.45,342.6499938964844,0.5839885351562499,0.0370259995532744,0.00688749465062872,3.0,6.0,2025-11-14 14:41:22+00:00,78.31055555555555,36.825,0.0273972602739726
2025-11-17 21:00:00+00:00,2025-11-28 00:00:00+00:00,AVGO,AVGO251128P00380000,put,True,380.0,37.65,40.4,35.62,342.6499938964844,0.5921671643066408,0.0370259995532744,0.00688749465062872,4.0,59.0,2025-11-17 15:59:22+00:00,5.010555555555555,39.025,0.0273972602739726
2025-11-17 21:00:00+00:00,2025-11-28 00:00:00+00:00,AVGO,AVGO251128P00385000,put,True,385.0,42.05,45.05,43.92,342.6499938964844,0.6148720153808593,0.0370259995532744,0.00688749465062872,2.0,7.0,2025-11-17 19:27:17+00:00,1.5452777777777778,43.55,0.0273972602739726
2025-11-17 21:00:00+00:00,2025-11-28 00:00:00+00:00,AVGO,AVGO251128P00387500,put,True,387.5,44.7,47.4,51.2,342.6499938964844,0.5090381127929688,0.0370259995532744,0.00688749465062872,1.0,1.0,2025-11-14 14:49:43+00:00,78.17138888888888,46.05,0.0273972602739726
2025-11-17 21:00:00+00:00,2025-11-28 00:00:00+00:00,AVGO,AVGO251128P00390000,put,True,390.0,47.05,49.4,42.4,342.6499938964844,0.6081582153320313,0.0370259995532744,0.00688749465062872,10.0,3.0,2025-11-17 15:23:42+00:00,5.605,48.224999999999994,0.0273972602739726
2025-11-17 21:00:00+00:00,2025-11-28 00:00:00+00:00,AVGO,AVGO251128P00392500,put,True,392.5,49.25,51.9,58.6,342.6499938964844,0.6291540991210938,0.0370259995532744,0.00688749465062872,1.0,1.0,2025-11-14 14:43:58+00:00,78.26722222222222,50.575,0.0273972602739726
2025-11-17 21:00:00+00:00,2025-11-28 00:00:00+00:00,AVGO,AVGO251128P00395000,put,True,395.0,51.55,54.3,36.35,342.6499938964844,0.6408727319335938,0.0370259995532744,0.00688749465062872,10.0,11.0,2025-11-05 16:34:15+00:00,292.4291666666667,52.925,0.0273972602739726
2025-11-17 21:00:00+00:00,2025-11-28 00:00:00+00:00,AVGO,AVGO251128P00400000,put,True,400.0,56.65,59.2,55.81,342.6499938964844,0.51758294921875,0.0370259995532744,0.00688749465062872,13.0,20.0,2025-11-17 16:25:04+00:00,4.582222222222223,57.925,0.0273972602739726
2025-11-17 21:00:00+00:00,2025-11-28 00:00:00+00:00,AVGO,AVGO251128P00405000,put,True,405.0,61.65,64.1,37.75,342.6499938964844,0.541264353027344,0.0370259995532744,0.00688749465062872,6.0,6.0,2025-10-31 13:55:22+00:00,415.07722222222225,62.875,0.0273972602739726
2025-11-17 21:00:00+00:00,2025-11-28 00:00:00+00:00,AVGO,AVGO251128P00410000,put,True,410.0,66.3,69.1,54.98,342.6499938964844,0.534184345703125,0.0370259995532744,0.00688749465062872,,5.0,2025-11-12 15:17:28+00:00,125.7088888888889,67.69999999999999,0.0273972602739726
2025-11-17 21:00:00+00:00,2025-11-28 00:00:00+00:00,AVGO,AVGO251128P00415000,put,True,415.0,71.35,74.4,69.15,342.6499938964844,0.6040078662109377,0.0370259995532744,0.00688749465062872,2.0,0.0,2025-10-17 16:38:59+00:00,748.3502777777778,72.875,0.0273972602739726
2025-11-17 21:00:00+00:00,2025-11-28 00:00:00+00:00,AVGO,AVGO251128P00420000,put,True,420.0,76.3,79.4,82.25,342.6499938964844,0.6289099609375001,0.0370259995532744,0.00688749465062872,197.0,0.0,2025-11-13 20:06:23+00:00,96.89361111111111,77.85,0.0273972602739726
2025-11-17 21:00:00+00:00,2025-11-28 00:00:00+00:00,AVGO,AVGO251128P00425000,put,True,425.0,81.6,84.2,87.15,342.6499938964844,0.6691927612304689,0.0370259995532744,0.00688749465062872,50.0,0.0,2025-11-13 20:06:23+00:00,96.89361111111111,82.9,0.0273972602739726
2025-11-17 21:00:00+00:00,2025-11-28 00:00:00+00:00,AVGO,AVGO251128P00430000,put,True,430.0,86.3,89.4,92.15,342.6499938964844,0.6872589868164063,0.0370259995532744,0.00688749465062872,42.0,0.0,2025-11-13 20:06:23+00:00,96.89361111111111,87.85,0.0273972602739726
2025-11-17 21:00:00+00:00,2025-11-28 00:00:00+00:00,AVGO,AVGO251128P00440000,put,True,440.0,96.3,99.2,75.0,342.6499938964844,0.7172879833984375,0.0370259995532744,0.00688749465062872,1.0,0.0,2025-10-31 17:04:28+00:00,411.92555555555555,97.75,0.0273972602739726
2025-11-17 21:00:00+00:00,2025-11-28 00:00:00+00:00,AVGO,AVGO251128P00450000,put,True,450.0,106.4,109.4,83.78,342.6499938964844,0.8100604931640624,0.0370259995532744,0.00688749465062872,5.0,0.0,2025-11-03 17:00:55+00:00,339.9847222222222,107.9,0.0273972602739726
2025-11-17 21:00:00+00:00,2025-11-28 00:00:00+00:00,AVGO,AVGO251128P00460000,put,True,460.0,116.35,119.4,93.5,342.6499938964844,0.8564467480468749,0.0370259995532744,0.00688749465062872,5.0,0.0,2025-11-03 17:00:55+00:00,339.9847222222222,117.875,0.0273972602739726
2025-11-17 21:00:00+00:00,2025-11-28 00:00:00+00:00,AVGO,AVGO251128P00480000,put,True,480.0,136.3,139.2,115.12,342.6499938964844,0.9184578466796876,0.0370259995532744,0.00688749465062872,,0.0,2025-11-03 17:33:28+00:00,339.4422222222222,137.75,0.0273972602739726
2025-11-17 21:00:00+00:00,2025-11-28 00:00:00+00:00,AVGO,AVGO251128P00500000,put,True,500.0,156.3,159.2,135.11,342.6499938964844,1.009770576171875,0.0370259995532744,0.00688749465062872,,0.0,2025-11-03 17:33:28+00:00,339.4422222222222,157.75,0.0273972602739726
2025-11-17 21:00:00+00:00,2025-11-28 00:00:00+00:00,AVGO,AVGO251128P00520000,put,True,520.0,176.6,179.2,153.26,342.6499938964844,1.1474652001953123,0.0370259995532744,0.00688749465062872,,0.0,2025-11-03 16:57:04+00:00,340.0488888888889,177.89999999999998,0.0273972602739726
2025-11-17 21:00:00+00:00,2025-11-28 00:00:00+00:00,AVGO,AVGO251128P00525000,put,True,525.0,181.3,184.2,165.98,342.6499938964844,1.1176801928710938,0.0370259995532744,0.00688749465062872,,0.0,2025-11-04 16:58:59+00:00,316.01694444444445,182.75,0.0273972602739726
2025-11-17 21:00:00+00:00,2025-12-05 00:00:00+00:00,AVGO,AVGO251205C00185000,call,True,185.0,156.2,159.2,150.67,342.6499938964844,1.0078174609375,0.0370259995532744,0.00688749465062872,8.0,21.0,2025-11-13 16:42:35+00:00,100.29027777777777,157.7,0.04657534246575343
2025-11-17 21:00:00+00:00,2025-12-05 00:00:00+00:00,AVGO,AVGO251205C00200000,call,True,200.0,141.25,144.1,174.6,342.6499938964844,0.8281267187499999,0.0370259995532744,0.00688749465062872,35.0,35.0,2025-10-31 14:09:27+00:00,414.8425,142.675,0.04657534246575343
2025-11-17 21:00:00+00:00,2025-12-05 00:00:00+00:00,AVGO,AVGO251205C00230000,call,True,230.0,111.4,114.4,145.0,342.6499938964844,0.8164080859374999,0.0370259995532744,0.00688749465062872,10.0,10.0,2025-10-31 14:14:06+00:00,414.765,112.9,0.04657534246575343
2025-11-17 21:00:00+00:00,2025-12-05 00:00:00+00:00,AVGO,AVGO251205C00240000,call,True,240.0,101.5,104.6,97.85,342.6499938964844,0.7919942675781251,0.0370259995532744,0.00688749465062872,1.0,12.0,2025-11-13 16:18:58+00:00,100.68388888888889,103.05,0.04657534246575343
2025-11-17 21:00:00+00:00,2025-12-05 00:00:00+00:00,AVGO,AVGO251205C00245000,call,True,245.0,96.55,99.55,129.97,342.6499938964844,0.7514673291015624,0.0370259995532744,0.00688749465062872,14.0,14.0,2025-10-31 14:17:21+00:00,414.7108333333333,98.05,0.04657534246575343
2025-11-17 21:00:00+00:00,2025-12-05 00:00:00+00:00,AVGO,AVGO251205C00250000,call,True,250.0,91.65,94.6,117.03,342.6499938964844,0.7319362744140624,0.0370259995532744,0.00688749465062872,1.0,2.0,2025-11-03 15:34:50+00:00,341.4194444444444,93.125,0.04657534246575343
2025-11-17 21:00:00+00:00,2025-12-05 00:00:00+00:00,AVGO,AVGO251205C00255000,call,True,255.0,86.7,89.75,120.83,342.6499938964844,0.7153348779296875,0.0370259995532744,0.00688749465062872,5.0,5.0,2025-10-31 14:50:43+00:00,414.15472222222223,88.225,0.04657534246575343
2025-11-17 21:00:00+00:00,2025-12-05 00:00:00+00:00,AVGO,AVGO251205C00260000,call,True,260.0,82.15,84.9,81.97,342.6499938964844,0.729494892578125,0.0370259995532744,0.00688749465062872,,1.0,2025-11-13 15:46:48+00:00,101.22,83.525,0.04657534246575343
2025-11-17 21:00:00+00:00,2025-12-05 00:00:00+00:00,AVGO,AVGO251205C00265000,call,True,265.0,76.9,79.9,111.29,342.6499938964844,0.667239655761719,0.0370259995532744,0.00688749465062872,1.0,1.0,2025-10-31 14:53:24+00:00,414.11,78.4,0.04657534246575343
2025-11-17 21:00:00+00:00,2025-12-05 00:00:00+00:00,AVGO,AVGO251205C00270000,call,True,270.0,72.05,75.05,67.26,342.6499938964844,0.649417568359375,0.0370259995532744,0.00688749465062872,2.0,11.0,2025-11-13 18:41:15+00:00,98.3125,73.55,0.04657534246575343
2025-11-17 21:00:00+00:00,2025-12-05 00:00:00+00:00,AVGO,AVGO251205C00275000,call,True,275.0,67.25,70.25,94.6,342.6499938964844,0.6342810009765626,0.0370259995532744,0.00688749465062872,,1.0,2025-10-28 14:02:07+00:00,486.96472222222224,68.75,0.04657534246575343
2025-11-17 21:00:00+00:00,2025-12-05 00:00:00+00:00,AVGO,AVGO251205C00280000,call,True,280.0,62.8,65.6,60.17,342.6499938964844,0.6408727319335938,0.0370259995532744,0.00688749465062872,5.0,7.0,2025-11-13 19:50:13+00:00,97.16305555555556,64.19999999999999,0.04657534246575343
2025-11-17 21:00:00+00:00,2025-12-05 00:00:00+00:00,AVGO,AVGO251205C00285000,call,True,285.0,58.0,60.7,72.63,342.6499938964844,0.610599597167969,0.0370259995532744,0.00688749465062872,,2.0,2025-11-06 16:59:12+00:00,268.0133333333333,59.35,0.04657534246575343
2025-11-17 21:00:00+00:00,2025-12-05 00:00:00+00:00,AVGO,AVGO251205C00290000,call,True,290.0,53.35,56.05,56.5,342.6499938964844,0.5949747534179688,0.0370259995532744,0.00688749465062872,2.0,12.0,2025-11-14 16:41:34+00:00,76.30722222222222,54.7,0.04657534246575343
2025-11-17 21:00:00+00:00,2025-12-05 00:00:00+00:00,AVGO,AVGO251205C00295000,call,True,295.0,49.0,51.4,67.5,342.6499938964844,0.5850871569824219,0.0370259995532744,0.00688749465062872,15.0,16.0,2025-11-04 14:30:01+00:00,318.4997222222222,50.2,0.04657534246575343
2025-11-17 21:00:00+00:00,2025-12-05 00:00:00+00:00,AVGO,AVGO251205C00300000,call,True,300.0,44.15,46.8,44.41,342.6499938964844,0.5549360913085939,0.0370259995532744,0.00688749465062872,18.0,36.0,2025-11-17 19:40:06+00:00,1.3316666666666668,45.474999999999994,0.04657534246575343
2025-11-17 21:00:00+00:00,2025-12-05 00:00:00+00:00,AVGO,AVGO251205C00305000,call,True,305.0,40.0,42.6,39.03,342.6499938964844,0.5532271240234375,0.0370259995532744,0.00688749465062872,7.0,8.0,2025-11-14 14:54:00+00:00,78.1,41.3,0.04657534246575343
2025-11-17 21:00:00+00:00,2025-12-05 00:00:00+00:00,AVGO,AVGO251205C00310000,call,True,310.0,35.9,38.35,37.95,342.6499938964844,0.5430953894042969,0.0370259995532744,0.00688749465062872,1.0,6.0,2025-11-17 19:14:25+00:00,1.7597222222222222,37.125,0.04657534246575343
2025-11-17 21:00:00+00:00,2025-12-05 00:00:00+00:00,AVGO,AVGO251205C00315000,call,True,315.0,32.1,33.65,33.4,342.6499938964844,0.5229539892578124,0.0370259995532744,0.00688749465062872,2.0,27.0,2025-11-17 19:04:07+00:00,1.9313888888888888,32.875,0.04657534246575343
2025-11-17 21:00:00+00:00,2025-12-05 00:00:00+00:00,AVGO,AVGO251205C00320000,call,True,320.0,28.3,29.8,30.4,342.6499938964844,0.5148363946533203,0.0370259995532744,0.00688749465062872,3.0,172.0,2025-11-17 19:11:44+00:00,1.8044444444444445,29.05,0.04657534246575343
2025-11-17 21:00:00+00:00,2025-12-05 00:00:00+00:00,AVGO,AVGO251205C00325000,call,True,325.0,24.65,26.15,25.8,342.6499938964844,0.505742247314453,0.0370259995532744,0.00688749465062872,10.0,54.0,2025-11-17 14:38:35+00:00,6.356944444444444,25.4,0.04657534246575343
2025-11-17 21:00:00+00:00,2025-12-05 00:00:00+00:00,AVGO,AVGO251205C00330000,call,True,330.0,22.35,23.7,23.22,342.6499938964844,0.534184345703125,0.0370259995532744,0.00688749465062872,38.0,281.0,2025-11-17 18:59:24+00:00,2.01,23.025,0.04657534246575343
2025-11-17 21:00:00+00:00,2025-12-05 00:00:00+00:00,AVGO,AVGO251205C00335000,call,True,335.0,18.4,19.6,21.27,342.6499938964844,0.5158129473876953,0.0370259995532744,0.00688749465062872,49.0,165.0,2025-11-17 18:45:53+00:00,2.2352777777777777,19.0,0.04657534246575343
2025-11-17 21:00:00+00:00,2025-12-05 00:00:00+00:00,AVGO,AVGO251205C00340000,call,True,340.0,16.4,16.9,15.69,342.6499938964844,0.5058032818603515,0.0370259995532744,0.00688749465062872,88.0,617.0,2025-11-17 20:54:39+00:00,0.08916666666666667,16.65,0.04657534246575343
2025-11-17 21:00:00+00:00,2025-12-05 00:00:00+00:00,AVGO,AVGO251205C00345000,call,False,345.0,13.8,14.1,13.2,342.6499938964844,0.5007374145507812,0.0370259995532744,0.00688749465062872,159.0,847.0,2025-11-17 20:54:39+00:00,0.08916666666666667,13.95,0.04657534246575343
2025-11-17 21:00:00+00:00,2025-12-05 00:00:00+00:00,AVGO,AVGO251205C00350000,call,False,350.0,11.45,11.75,11.75,342.6499938964844,0.49377947631835944,0.0370259995532744,0.00688749465062872,85.0,1093.0,2025-11-17 20:26:50+00:00,0.5527777777777778,11.6,0.04657534246575343
2025-11-17 21:00:00+00:00,2025-12-05 00:00:00+00:00,AVGO,AVGO251205C00355000,call,False,355.0,9.25,9.9,9.0,342.6499938964844,0.4950001672363281,0.0370259995532744,0.00688749465062872,123.0,383.0,2025-11-17 19:15:29+00:00,1.7419444444444445,9.575,0.04657534246575343
2025-11-17 21:00:00+00:00,2025-12-05 00:00:00+00:00,AVGO,AVGO251205C00360000,call,False,360.0,7.75,7.9,6.95,342.6499938964844,0.48242705078125003,0.0370259995532744,0.00688749465062872,116.0,334.0,2025-11-17 20:43:31+00:00,0.2747222222222222,7.825,0.04657534246575343
2025-11-17 21:00:00+00:00,2025-12-05 00:00:00+00:00,AVGO,AVGO251205C00365000,call,False,365.0,6.05,6.5,6.2,342.6499938964844,0.4827322235107422,0.0370259995532744,0.00688749465062872,735.0,468.0,2025-11-17 20:36:57+00:00,0.38416666666666666,6.275,0.04657534246575343
2025-11-17 21:00:00+00:00,2025-12-05 00:00:00+00:00,AVGO,AVGO251205C00370000,call,False,370.0,5.05,5.25,4.95,342.6499938964844,0.48065704895019534,0.0370259995532744,0.00688749465062872,120.0,862.0,2025-11-17 20:59:49+00:00,0.0030555555555555557,5.15,0.04657534246575343
2025-11-17 21:00:00+00:00,2025-12-05 00:00:00+00:00,AVGO,AVGO251205C00375000,call,False,375.0,4.0,4.2,4.01,342.6499938964844,0.4788260125732422,0.0370259995532744,0.00688749465062872,201.0,638.0,2025-11-17 20:48:00+00:00,0.2,4.1,0.04657534246575343
2025-11-17 21:00:00+00:00,2025-12-05 00:00:00+00:00,AVGO,AVGO251205C00380000,call,False,380.0,3.15,3.35,3.25,342.6499938964844,0.47827670166015623,0.0370259995532744,0.00688749465062872,702.0,936.0,2025-11-17 20:51:18+00:00,0.145,3.25,0.04657534246575343
2025-11-17 21:00:00+00:00,2025-12-05 00:00:00+00:00,AVGO,AVGO251205C00385000,call,False,385.0,2.5,2.63,2.55,342.6499938964844,0.476567734375,0.0370259995532744,0.00688749465062872,49.0,921.0,2025-11-17 20:52:33+00:00,0.12416666666666666,2.565,0.04657534246575343
2025-11-17 21:00:00+00:00,2025-12-05 00:00:00+00:00,AVGO,AVGO251205C00390000,call,False,390.0,1.95,2.07,2.01,342.6499938964844,0.4766898034667969,0.0370259995532744,0.00688749465062872,145.0,606.0,2025-11-17 20:52:33+00:00,0.12416666666666666,2.01,0.04657534246575343
2025-11-17 21:00:00+00:00,2025-12-05 00:00:00+00:00,AVGO,AVGO251205C00395000,call,False,395.0,1.52,1.63,1.48,342.6499938964844,0.4777884252929688,0.0370259995532744,0.00688749465062872,26.0,647.0,2025-11-17 20:23:51+00:00,0.6025,1.575,0.04657534246575343
2025-11-17 21:00:00+00:00,2025-12-05 00:00:00+00:00,AVGO,AVGO251205C00400000,call,False,400.0,1.17,1.28,1.2,342.6499938964844,0.4792532543945312,0.0370259995532744,0.00688749465062872,156.0,516.0,2025-11-17 20:59:44+00:00,0.0044444444444444444,1.225,0.04657534246575343
2025-11-17 21:00:00+00:00,2025-12-05 00:00:00+00:00,AVGO,AVGO251205C00405000,call,False,405.0,0.9,1.0,0.94,342.6499938964844,0.48071808349609374,0.0370259995532744,0.00688749465062872,831.0,502.0,2025-11-17 20:56:50+00:00,0.05277777777777778,0.95,0.04657534246575343
2025-11-17 21:00:00+00:00,2025-12-05 00:00:00+00:00,AVGO,AVGO251205C00410000,call,False,410.0,0.7,0.77,0.74,342.6499938964844,0.48120635986328125,0.0370259995532744,0.00688749465062872,2258.0,293.0,2025-11-17 19:03:06+00:00,1.9483333333333333,0.735,0.04657534246575343
2025-11-17 21:00:00+00:00,2025-12-05 00:00:00+00:00,AVGO,AVGO251205C00415000,call,False,415.0,0.54,0.62,0.6,342.6499938964844,0.48633326171875,0.0370259995532744,0.00688749465062872,2236.0,474.0,2025-11-17 20:46:41+00:00,0.22194444444444444,0.5800000000000001,0.04657534246575343
2025-11-17 21:00:00+00:00,2025-12-05 00:00:00+00:00,AVGO,AVGO251205C00420000,call,False,420.0,0.41,0.48,0.4,342.6499938964844,0.48779809082031256,0.0370259995532744,0.00688749465062872,34.0,442.0,2025-11-17 20:46:41+00:00,0.22194444444444444,0.44499999999999995,0.04657534246575343
2025-11-17 21:00:00+00:00,2025-12-05 00:00:00+00:00,AVGO,AVGO251205C00425000,call,False,425.0,0.32,0.37,0.41,342.6499938964844,0.48950705810546885,0.0370259995532744,0.00688749465062872,638.0,797.0,2025-11-17 19:10:06+00:00,1.8316666666666668,0.345,0.04657534246575343
2025-11-17 21:00:00+00:00,2025-12-05 00:00:00+00:00,AVGO,AVGO251205C00430000,call,False,430.0,0.24,0.29,0.32,342.6499938964844,0.49268085449218757,0.0370259995532744,0.00688749465062872,1.0,47.0,2025-11-14 18:06:28+00:00,74.89222222222222,0.265,0.04657534246575343
2025-11-17 21:00:00+00:00,2025-12-05 00:00:00+00:00,AVGO,AVGO251205C00435000,call,False,435.0,0.18,0.24,0.27,342.6499938964844,0.4995167236328125,0.0370259995532744,0.00688749465062872,25.0,157.0,2025-11-14 20:27:58+00:00,72.5338888888889,0.21,0.04657534246575343
2025-11-17 21:00:00+00:00,2025-12-05 00:00:00+00:00,AVGO,AVGO251205C00440000,call,False,440.0,0.13,0.2,0.23,342.6499938964844,0.506840869140625,0.0370259995532744,0.00688749465062872,2.0,87.0,2025-11-17 16:38:25+00:00,4.3597222222222225,0.165,0.04657534246575343
2025-11-17 21:00:00+00:00,2025-12-05 00:00:00+00:00,AVGO,AVGO251205C00445000,call,False,445.0,0.1,0.16,0.18,342.6499938964844,0.5107470800781251,0.0370259995532744,0.00688749465062872,2.0,25.0,2025-11-17 16:37:49+00:00,4.369722222222222,0.13,0.04657534246575343
2025-11-17 21:00:00+00:00,2025-12-05 00:00:00+00:00,AVGO,AVGO251205C00450000,call,False,450.0,0.07,0.14,0.14,342.6499938964844,0.5029346582031251,0.0370259995532744,0.00688749465062872,4.0,188.0,2025-11-17 16:37:18+00:00,4.378333333333333,0.10500000000000001,0.04657534246575343
2025-11-17 21:00:00+00:00,2025-12-05 00:00:00+00:00,AVGO,AVGO251205C00455000,call,False,455.0,0.04,0.12,0.11,342.6499938964844,0.5039112109375,0.0370259995532744,0.00688749465062872,3.0,37.0,2025-11-17 16:39:03+00:00,4.349166666666667,0.08,0.04657534246575343
2025-11-17 21:00:00+00:00,2025-12-05 00:00:00+00:00,AVGO,AVGO251205C00460000,call,False,460.0,0.03,0.11,0.08,342.6499938964844,0.5136767382812499,0.0370259995532744,0.00688749465062872,7.0,113.0,2025-11-17 18:50:17+00:00,2.1619444444444444,0.07,0.04657534246575343
2025-11-17 21:00:00+00:00,2025-12-05 00:00:00+00:00,AVGO,AVGO251205C00465000,call,False,465.0,0.0,0.09,0.09,342.6499938964844,0.50586431640625,0.0370259995532744,0.00688749465062872,2.0,66.0,2025-11-13 19:37:54+00:00,97.36833333333334,0.045,0.04657534246575343
2025-11-17 21:00:00+00:00,2025-12-05 00:00:00+00:00,AVGO,AVGO251205C00470000,call,False,470.0,0.0,0.08,0.22,342.6499938964844,0.51562984375,0.0370259995532744,0.00688749465062872,1.0,32.0,2025-11-12 14:43:45+00:00,126.27083333333333,0.04,0.04657534246575343
2025-11-17 21:00:00+00:00,2025-12-05 00:00:00+00:00,AVGO,AVGO251205C00475000,call,False,475.0,0.0,0.28,0.05,342.6499938964844,0.6084023535156251,0.0370259995532744,0.00688749465062872,15.0,32.0,2025-11-14 15:25:12+00:00,77.58,0.14,0.04657534246575343
2025-11-17 21:00:00+00:00,2025-12-05 00:00:00+00:00,AVGO,AVGO251205C00480000,call,False,480.0,0.0,0.3,0.05,342.6499938964844,0.629886513671875,0.0370259995532744,0.00688749465062872,1.0,101.0,2025-11-12 16:47:17+00:00,124.21194444444444,0.15,0.04657534246575343
2025-11-17 21:00:00+00:00,2025-12-05 00:00:00+00:00,AVGO,AVGO251205C00485000,call,False,485.0,0.0,0.06,0.09,342.6499938964844,0.5468795312500001,0.0370259995532744,0.00688749465062872,1.0,4.0,2025-11-12 19:13:51+00:00,121.76916666666666,0.03,0.04657534246575343
2025-11-17 21:00:00+00:00,2025-12-05 00:00:00+00:00,AVGO,AVGO251205C00490000,call,False,490.0,0.0,0.06,0.11,342.6499938964844,0.5585981640625001,0.0370259995532744,0.00688749465062872,1.0,15.0,2025-11-12 16:46:48+00:00,124.22,0.03,0.04657534246575343
2025-11-17 21:00:00+00:00,2025-12-05 00:00:00+00:00,AVGO,AVGO251205C00495000,call,False,495.0,0.0,0.26,0.05,342.6499938964844,0.6679720703125002,0.0370259995532744,0.00688749465062872,25.0,17.0,2025-11-14 15:17:10+00:00,77.71388888888889,0.13,0.04657534246575343
2025-11-17 21:00:00+00:00,2025-12-05 00:00:00+00:00,AVGO,AVGO251205C00500000,call,False,500.0,0.0,0.25,0.01,342.6499938964844,0.6806672558593752,0.0370259995532744,0.00688749465062872,1.0,67.0,2025-11-14 16:09:54+00:00,76.835,0.125,0.04657534246575343
2025-11-17 21:00:00+00:00,2025-12-05 00:00:00+00:00,AVGO,AVGO251205C00505000,call,False,505.0,0.0,0.25,0.03,342.6499938964844,0.6962920996093751,0.0370259995532744,0.00688749465062872,3.0,4.0,2025-11-13 17:09:50+00:00,99.83611111111111,0.125,0.04657534246575343
2025-11-17 21:00:00+00:00,2025-12-05 00:00:00+00:00,AVGO,AVGO251205C00510000,call,False,510.0,0.0,0.3,0.3,342.6499938964844,0.726565234375,0.0370259995532744,0.00688749465062872,40.0,41.0,2025-11-04 17:04:21+00:00,315.9275,0.15,0.04657534246575343
2025-11-17 21:00:00+00:00,2025-12-05 00:00:00+00:00,AVGO,AVGO251205C00515000,call,False,515.0,0.0,0.25,0.04,342.6499938964844,0.726565234375,0.0370259995532744,0.00688749465062872,2.0,13.0,2025-11-14 19:43:29+00:00,73.27527777777777,0.125,0.04657534246575343
2025-11-17 21:00:00+00:00,2025-12-05 00:00:00+00:00,AVGO,AVGO251205P00185000,put,False,185.0,0.0,0.28,0.04,342.6499938964844,1.126957490234375,0.0370259995532744,0.00688749465062872,2.0,7.0,2025-11-14 14:46:53+00:00,78.21861111111112,0.14,0.04657534246575343
2025-11-17 21:00:00+00:00,2025-12-05 00:00:00+00:00,AVGO,AVGO251205P00200000,put,False,200.0,0.02,0.1,0.15,342.6499938964844,0.9062509375,0.0370259995532744,0.00688749465062872,,2.0,2025-10-28 19:29:39+00:00,481.5058333333333,0.060000000000000005,0.04657534246575343
2025-11-17 21:00:00+00:00,2025-12-05 00:00:00+00:00,AVGO,AVGO251205P00205000,put,False,205.0,0.03,0.11,0.08,342.6499938964844,0.8828136718749999,0.0370259995532744,0.00688749465062872,2.0,0.0,2025-11-14 20:35:10+00:00,72.41388888888889,0.07,0.04657534246575343
2025-11-17 21:00:00+00:00,2025-12-05 00:00:00+00:00,AVGO,AVGO251205P00210000,put,False,210.0,0.03,0.12,0.09,342.6499938964844,0.84961087890625,0.0370259995532744,0.00688749465062872,1705.0,1715.0,2025-11-14 18:05:57+00:00,74.90083333333334,0.075,0.04657534246575343
2025-11-17 21:00:00+00:00,2025-12-05 00:00:00+00:00,AVGO,AVGO251205P00215000,put,False,215.0,0.05,0.13,0.12,342.6499938964844,0.8281267187499999,0.0370259995532744,0.00688749465062872,,2.0,2025-11-13 17:27:36+00:00,99.54,0.09,0.04657534246575343
2025-11-17 21:00:00+00:00,2025-12-05 00:00:00+00:00,AVGO,AVGO251205P00220000,put,False,220.0,0.07,0.15,0.1,342.6499938964844,0.8095722167968749,0.0370259995532744,0.00688749465062872,4.0,20.0,2025-11-11 20:59:39+00:00,144.00583333333333,0.11,0.04657534246575343
2025-11-17 21:00:00+00:00,2025-12-05 00:00:00+00:00,AVGO,AVGO251205P00225000,put,False,225.0,0.08,0.16,0.14,342.6499938964844,0.780275634765625,0.0370259995532744,0.00688749465062872,2.0,3.0,2025-11-13 20:59:25+00:00,96.00972222222222,0.12,0.04657534246575343
2025-11-17 21:00:00+00:00,2025-12-05 00:00:00+00:00,AVGO,AVGO251205P00230000,put,False,230.0,0.1,0.19,0.14,342.6499938964844,0.7607445800781252,0.0370259995532744,0.00688749465062872,5.0,19.0,2025-11-17 16:41:47+00:00,4.3036111111111115,0.14500000000000002,0.04657534246575343
2025-11-17 21:00:00+00:00,2025-12-05 00:00:00+00:00,AVGO,AVGO251205P00235000,put,False,235.0,0.13,0.21,0.17,342.6499938964844,0.7382838671874999,0.0370259995532744,0.00688749465062872,11.0,32.0,2025-11-17 16:51:34+00:00,4.140555555555555,0.16999999999999998,0.04657534246575343
2025-11-17 21:00:00+00:00,2025-12-05 00:00:00+00:00,AVGO,AVGO251205P00240000,put,False,240.0,0.16,0.25,0.37,342.6499938964844,0.7187528125,0.0370259995532744,0.00688749465062872,2.0,8.0,2025-11-05 20:56:22+00:00,288.06055555555554,0.20500000000000002,0.04657534246575343
2025-11-17 21:00:00+00:00,2025-12-05 00:00:00+00:00,AVGO,AVGO251205P00245000,put,False,245.0,0.22,0.29,0.26,342.6499938964844,0.70312796875,0.0370259995532744,0.00688749465062872,1.0,45.0,2025-11-14 17:06:43+00:00,75.88805555555555,0.255,0.04657534246575343
2025-11-17 21:00:00+00:00,2025-12-05 00:00:00+00:00,AVGO,AVGO251205P00250000,put,False,250.0,0.27,0.34,0.36,342.6499938964844,0.6835969140625001,0.0370259995532744,0.00688749465062872,5.0,33.0,2025-11-14 16:45:11+00:00,76.24694444444444,0.30500000000000005,0.04657534246575343
2025-11-17 21:00:00+00:00,2025-12-05 00:00:00+00:00,AVGO,AVGO251205P00255000,put,False,255.0,0.34,0.41,0.39,342.6499938964844,0.6665072412109377,0.0370259995532744,0.00688749465062872,1.0,29.0,2025-11-17 16:22:47+00:00,4.620277777777778,0.375,0.04657534246575343
2025-11-17 21:00:00+00:00,2025-12-05 00:00:00+00:00,AVGO,AVGO251205P00260000,put,False,260.0,0.43,0.49,0.32,342.6499938964844,0.6499058447265625,0.0370259995532744,0.00688749465062872,15.0,222.0,2025-11-17 14:55:00+00:00,6.083333333333333,0.45999999999999996,0.04657534246575343
2025-11-17 21:00:00+00:00,2025-12-05 00:00:00+00:00,AVGO,AVGO251205P00265000,put,False,265.0,0.53,0.6,0.59,342.6499938964844,0.6335485864257813,0.0370259995532744,0.00688749465062872,28.0,30.0,2025-11-17 17:07:44+00:00,3.871111111111111,0.565,0.04657534246575343
2025-11-17 21:00:00+00:00,2025-12-05 00:00:00+00:00,AVGO,AVGO251205P00270000,put,False,270.0,0.67,0.73,0.86,342.6499938964844,0.6184120190429689,0.0370259995532744,0.00688749465062872,35.0,232.0,2025-11-17 19:57:04+00:00,1.048888888888889,0.7,0.04657534246575343
2025-11-17 21:00:00+00:00,2025-12-05 00:00:00+00:00,AVGO,AVGO251205P00275000,put,False,275.0,0.82,0.91,0.94,342.6499938964844,0.6035195898437502,0.0370259995532744,0.00688749465062872,81.0,98.0,2025-11-17 19:03:25+00:00,1.9430555555555555,0.865,0.04657534246575343
2025-11-17 21:00:00+00:00,2025-12-05 00:00:00+00:00,AVGO,AVGO251205P00280000,put,False,280.0,1.05,1.12,1.1,342.6499938964844,0.5905802661132813,0.0370259995532744,0.00688749465062872,2300.0,121.0,2025-11-17 20:56:32+00:00,0.057777777777777775,1.085,0.04657534246575343
2025-11-17 21:00:00+00:00,2025-12-05 00:00:00+00:00,AVGO,AVGO251205P00285000,put,False,285.0,1.31,1.39,1.35,342.6499938964844,0.577152666015625,0.0370259995532744,0.00688749465062872,2257.0,83.0,2025-11-17 20:56:32+00:00,0.057777777777777775,1.35,0.04657534246575343
2025-11-17 21:00:00+00:00,2025-12-05 00:00:00+00:00,AVGO,AVGO251205P00290000,put,False,290.0,1.63,1.73,1.98,342.6499938964844,0.5643354113769532,0.0370259995532744,0.00688749465062872,35.0,359.0,2025-11-17 19:48:20+00:00,1.1944444444444444,1.68,0.04657534246575343
2025-11-17 21:00:00+00:00,2025-12-05 00:00:00+00:00,AVGO,AVGO251205P00295000,put,False,295.0,2.04,2.15,2.17,342.6499938964844,0.5524947094726562,0.0370259995532744,0.00688749465062872,34.0,194.0,2025-11-17 20:52:33+00:00,0.12416666666666666,2.0949999999999998,0.04657534246575343
2025-11-17 21:00:00+00:00,2025-12-05 00:00:00+00:00,AVGO,AVGO251205P00300000,put,False,300.0,2.55,2.67,2.7,342.6499938964844,0.541264353027344,0.0370259995532744,0.00688749465062872,46.0,519.0,2025-11-17 20:52:33+00:00,0.12416666666666666,2.61,0.04657534246575343
2025-11-17 21:00:00+00:00,2025-12-05 00:00:00+00:00,AVGO,AVGO251205P00305000,put,False,305.0,3.15,3.3,3.6,342.6499938964844,0.5295457202148439,0.0370259995532744,0.00688749465062872,44.0,447.0,2025-11-17 15:53:12+00:00,5.113333333333333,3.2249999999999996,0.04657534246575343
2025-11-17 21:00:00+00:00,2025-12-05 00:00:00+00:00,AVGO,AVGO251205P00310000,put,False,310.0,3.9,4.1,4.17,342.6499938964844,0.5195360546875,0.0370259995532744,0.00688749465062872,165.0,710.0,2025-11-17 19:59:00+00:00,1.0166666666666666,4.0,0.04657534246575343
2025-11-17 21:00:00+00:00,2025-12-05 00:00:00+00:00,AVGO,AVGO251205P00315000,put,False,315.0,4.85,5.05,5.42,342.6499938964844,0.5106250109863282,0.0370259995532744,0.00688749465062872,40.0,363.0,2025-11-17 20:45:12+00:00,0.24666666666666667,4.949999999999999,0.04657534246575343
2025-11-17 21:00:00+00:00,2025-12-05 00:00:00+00:00,AVGO,AVGO251205P00320000,put,False,320.0,6.0,6.2,6.32,342.6499938964844,0.5025684509277344,0.0370259995532744,0.00688749465062872,90.0,1082.0,2025-11-17 20:45:47+00:00,0.23694444444444446,6.1,0.04657534246575343
2025-11-17 21:00:00+00:00,2025-12-05 00:00:00+00:00,AVGO,AVGO251205P00325000,put,False,325.0,7.35,7.55,7.62,342.6499938964844,0.4981739636230469,0.0370259995532744,0.00688749465062872,279.0,837.0,2025-11-17 20:33:57+00:00,0.43416666666666665,7.449999999999999,0.04657534246575343
2025-11-17 21:00:00+00:00,2025-12-05 00:00:00+00:00,AVGO,AVGO251205P00330000,put,False,330.0,8.9,9.1,9.25,342.6499938964844,0.48895774719238294,0.0370259995532744,0.00688749465062872,82.0,942.0,2025-11-17 20:54:53+00:00,0.08527777777777777,9.0,0.04657534246575343
2025-11-17 21:00:00+00:00,2025-12-05 00:00:00+00:00,AVGO,AVGO251205P00335000,put,False,335.0,10.75,10.95,11.15,342.6499938964844,0.4818167053222656,0.0370259995532744,0.00688749465062872,33.0,282.0,2025-11-17 20:17:41+00:00,0.7052777777777778,10.85,0.04657534246575343
2025-11-17 21:00:00+00:00,2025-12-05 00:00:00+00:00,AVGO,AVGO251205P00340000,put,False,340.0,12.85,13.15,14.1,342.6499938964844,0.4776663562011719,0.0370259995532744,0.00688749465062872,66.0,409.0,2025-11-17 19:50:06+00:00,1.165,13.0,0.04657534246575343
2025-11-17 21:00:00+00:00,2025-12-05 00:00:00+00:00,AVGO,AVGO251205P00345000,put,True,345.0,15.25,16.15,15.34,342.6499938964844,0.4909108526611329,0.0370259995532744,0.00688749465062872,127.0,298.0,2025-11-17 20:43:53+00:00,0.26861111111111113,15.7,0.04657534246575343
2025-11-17 21:00:00+00:00,2025-12-05 00:00:00+00:00,AVGO,AVGO251205P00350000,put,True,350.0,17.9,18.3,18.81,342.6499938964844,0.46716841430664063,0.0370259995532744,0.00688749465062872,56.0,580.0,2025-11-17 18:45:03+00:00,2.2491666666666665,18.1,0.04657534246575343
2025-11-17 21:00:00+00:00,2025-12-05 00:00:00+00:00,AVGO,AVGO251205P00355000,put,True,355.0,20.9,21.3,21.99,342.6499938964844,0.46246875427246104,0.0370259995532744,0.00688749465062872,4.0,244.0,2025-11-17 20:54:09+00:00,0.0975,21.1,0.04657534246575343
2025-11-17 21:00:00+00:00,2025-12-05 00:00:00+00:00,AVGO,AVGO251205P00360000,put,True,360.0,24.15,24.6,21.1,342.6499938964844,0.4591118542480469,0.0370259995532744,0.00688749465062872,1.0,147.0,2025-11-17 14:40:38+00:00,6.322777777777778,24.375,0.04657534246575343
2025-11-17 21:00:00+00:00,2025-12-05 00:00:00+00:00,AVGO,AVGO251205P00365000,put,True,365.0,27.65,29.2,28.9,342.6499938964844,0.4960377545166016,0.0370259995532744,0.00688749465062872,2.0,85.0,2025-11-14 18:49:11+00:00,74.18027777777777,28.424999999999997,0.04657534246575343
2025-11-17 21:00:00+00:00,2025-12-05 00:00:00+00:00,AVGO,AVGO251205P00370000,put,True,370.0,30.6,33.05,32.45,342.6499938964844,0.49908948181152346,0.0370259995532744,0.00688749465062872,1.0,78.0,2025-11-14 19:08:41+00:00,73.85527777777777,31.825,0.04657534246575343
2025-11-17 21:00:00+00:00,2025-12-05 00:00:00+00:00,AVGO,AVGO251205P00375000,put,True,375.0,34.9,37.05,32.35,342.6499938964844,0.501103621826172,0.0370259995532744,0.00688749465062872,7.0,26.0,2025-11-17 15:24:06+00:00,5.598333333333334,35.974999999999994,0.04657534246575343
2025-11-17 21:00:00+00:00,2025-12-05 00:00:00+00:00,AVGO,AVGO251205P00380000,put,True,380.0,39.3,41.4,40.05,342.6499938964844,0.5124560473632812,0.0370259995532744,0.00688749465062872,3.0,42.0,2025-11-14 20:08:58+00:00,72.85055555555556,40.349999999999994,0.04657534246575343
2025-11-17 21:00:00+00:00,2025-12-05 00:00:00+00:00,AVGO,AVGO251205P00385000,put,True,385.0,43.7,46.2,34.32,342.6499938964844,0.5413864221191409,0.0370259995532744,0.00688749465062872,2.0,7.0,2025-11-10 17:17:06+00:00,171.715,44.95,0.04657534246575343
2025-11-17 21:00:00+00:00,2025-12-05 00:00:00+00:00,AVGO,AVGO251205P00390000,put,True,390.0,48.15,50.65,45.65,342.6499938964844,0.5494429821777345,0.0370259995532744,0.00688749465062872,1.0,9.0,2025-11-07 14:54:37+00:00,246.08972222222224,49.4,0.04657534246575343
2025-11-17 21:00:00+00:00,2025-12-05 00:00:00+00:00,AVGO,AVGO251205P00395000,put,True,395.0,52.8,55.3,49.4,342.6499938964844,0.5644574804687501,0.0370259995532744,0.00688749465062872,7.0,10.0,2025-11-17 15:24:06+00:00,5.598333333333334,54.05,0.04657534246575343
2025-11-17 21:00:00+00:00,2025-12-05 00:00:00+00:00,AVGO,AVGO251205P00400000,put,True,400.0,57.45,60.0,64.75,342.6499938964844,0.5792278405761719,0.0370259995532744,0.00688749465062872,5.0,6.0,2025-11-14 15:15:07+00:00,77.74805555555555,58.725,0.04657534246575343
2025-11-17 21:00:00+00:00,2025-12-05 00:00:00+00:00,AVGO,AVGO251205P00410000,put,True,410.0,66.95,69.65,55.21,342.6499938964844,0.5024463818359376,0.0370259995532744,0.00688749465062872,5.0,5.0,2025-11-04 17:19:30+00:00,315.675,68.30000000000001,0.04657534246575343
2025-11-17 21:00:00+00:00,2025-12-05 00:00:00+00:00,AVGO,AVGO251205P00415000,put,True,415.0,71.45,74.5,42.51,342.6499938964844,0.6364782446289063,0.0370259995532744,0.00688749465062872,,2.0,2025-10-29 15:28:04+00:00,461.53222222222223,72.975,0.04657534246575343
2025-11-17 21:00:00+00:00,2025-12-05 00:00:00+00:00,AVGO,AVGO251205P00420000,put,True,420.0,76.4,79.45,76.6,342.6499938964844,0.5039112109375,0.0370259995532744,0.00688749465062872,1.0,1.0,2025-11-14 16:26:02+00:00,76.56611111111111,77.92500000000001,0.04657534246575343
2025-11-17 21:00:00+00:00,2025-12-05 00:00:00+00:00,AVGO,AVGO251205P00425000,put,True,425.0,81.35,84.4,69.31,342.6499938964844,0.5190477783203125,0.0370259995532744,0.00688749465062872,2.0,3.0,2025-11-10 17:17:06+00:00,171.715,82.875,0.04657534246575343
2025-11-17 21:00:00+00:00,2025-12-05 00:00:00+00:00,AVGO,AVGO251205P00430000,put,True,430.0,86.45,89.4,64.6,342.6499938964844,0.5502974658203126,0.0370259995532744,0.00688749465062872,1.0,0.0,2025-10-31 18:06:02+00:00,410.89944444444444,87.92500000000001,0.04657534246575343
2025-11-17 21:00:00+00:00,2025-12-12 00:00:00+00:00,AVGO,AVGO251212C00200000,call,True,200.0,141.75,144.65,169.73,342.6499938964844,1.015629921875,0.0370259995532744,0.00688749465062872,2.0,2.0,2025-10-31 18:08:37+00:00,410.8563888888889,143.2,0.06575342465753424
2025-11-17 21:00:00+00:00,2025-12-12 00:00:00+00:00,AVGO,AVGO251212C00210000,call,True,210.0,131.7,134.8,143.74,342.6499938964844,0.9467778759765625,0.0370259995532744,0.00688749465062872,2.0,10.0,2025-11-12 20:10:46+00:00,120.82055555555556,133.25,0.06575342465753424
2025-11-17 21:00:00+00:00,2025-12-12 00:00:00+00:00,AVGO,AVGO251212C00235000,call,True,235.0,107.4,110.3,104.55,342.6499938964844,0.8549819189453125,0.0370259995532744,0.00688749465062872,,1.0,2025-11-13 20:21:25+00:00,96.64305555555555,108.85,0.06575342465753424
2025-11-17 21:00:00+00:00,2025-12-12 00:00:00+00:00,AVGO,AVGO251212C00240000,call,True,240.0,102.65,105.2,98.85,342.6499938964844,0.8247087841796874,0.0370259995532744,0.00688749465062872,,1.0,2025-11-13 16:18:58+00:00,100.68388888888889,103.92500000000001,0.06575342465753424
2025-11-17 21:00:00+00:00,2025-12-12 00:00:00+00:00,AVGO,AVGO251212C00250000,call,True,250.0,92.75,95.75,98.0,342.6499938964844,0.7824728784179689,0.0370259995532744,0.00688749465062872,2.0,1.0,2025-11-17 15:19:02+00:00,5.682777777777778,94.25,0.06575342465753424
2025-11-17 21:00:00+00:00,2025-12-12 00:00:00+00:00,AVGO,AVGO251212C00265000,call,True,265.0,79.0,81.25,75.87,342.6499938964844,0.7379176599121093,0.0370259995532744,0.00688749465062872,2.0,5.0,2025-11-13 19:28:49+00:00,97.51972222222223,80.125,0.06575342465753424
2025-11-17 21:00:00+00:00,2025-12-12 00:00:00+00:00,AVGO,AVGO251212C00270000,call,True,270.0,74.05,76.85,100.0,342.6499938964844,0.7196072961425781,0.0370259995532744,0.00688749465062872,,1.0,2025-11-03 17:56:18+00:00,339.06166666666667,75.44999999999999,0.06575342465753424
2025-11-17 21:00:00+00:00,2025-12-12 00:00:00+00:00,AVGO,AVGO251212C00280000,call,True,280.0,65.6,67.85,63.4,342.6499938964844,0.7116728051757812,0.0370259995532744,0.00688749465062872,,2.0,2025-11-13 18:08:48+00:00,98.85333333333334,66.725,0.06575342465753424
2025-11-17 21:00:00+00:00,2025-12-12 00:00:00+00:00,AVGO,AVGO251212C00285000,call,True,285.0,61.2,63.55,57.23,342.6499938964844,0.7008086560058593,0.0370259995532744,0.00688749465062872,,1.0,2025-11-13 19:16:19+00:00,97.72805555555556,62.375,0.06575342465753424
2025-11-17 21:00:00+00:00,2025-12-12 00:00:00+00:00,AVGO,AVGO251212C00290000,call,True,290.0,56.9,59.2,89.04,342.6499938964844,0.6872589868164063,0.0370259995532744,0.00688749465062872,1.0,1.0,2025-10-31 13:51:18+00:00,415.145,58.05,0.06575342465753424
2025-11-17 21:00:00+00:00,2025-12-12 00:00:00+00:00,AVGO,AVGO251212C00295000,call,True,295.0,52.95,55.05,64.8,342.6499938964844,0.681887946777344,0.0370259995532744,0.00688749465062872,3.0,5.0,2025-11-11 16:20:03+00:00,148.66583333333332,54.0,0.06575342465753424
2025-11-17 21:00:00+00:00,2025-12-12 00:00:00+00:00,AVGO,AVGO251212C00300000,call,True,300.0,48.95,51.0,50.49,342.6499938964844,0.6727327648925783,0.0370259995532744,0.00688749465062872,6.0,53.0,2025-11-17 16:12:21+00:00,4.7941666666666665,49.975,0.06575342465753424
2025-11-17 21:00:00+00:00,2025-12-12 00:00:00+00:00,AVGO,AVGO251212C00305000,call,True,305.0,44.9,46.65,46.36,342.6499938964844,0.6526523992919924,0.0370259995532744,0.00688749465062872,2.0,7.0,2025-11-17 19:03:53+00:00,1.9352777777777779,45.775,0.06575342465753424
2025-11-17 21:00:00+00:00,2025-12-12 00:00:00+00:00,AVGO,AVGO251212C00310000,call,True,310.0,41.15,43.8,41.4,342.6499938964844,0.6610751666259767,0.0370259995532744,0.00688749465062872,1.0,15.0,2025-11-13 15:06:42+00:00,101.88833333333334,42.474999999999994,0.06575342465753424
2025-11-17 21:00:00+00:00,2025-12-12 00:00:00+00:00,AVGO,AVGO251212C00315000,call,True,315.0,38.75,39.3,38.5,342.6499938964844,0.6581455084228516,0.0370259995532744,0.00688749465062872,11.0,20.0,2025-11-17 20:51:59+00:00,0.13361111111111112,39.025,0.06575342465753424
2025-11-17 21:00:00+00:00,2025-12-12 00:00:00+00:00,AVGO,AVGO251212C00320000,call,True,320.0,34.15,35.8,35.5,342.6499938964844,0.6312292736816407,0.0370259995532744,0.00688749465062872,4.0,53.0,2025-11-17 19:06:13+00:00,1.896388888888889,34.974999999999994,0.06575342465753424
2025-11-17 21:00:00+00:00,2025-12-12 00:00:00+00:00,AVGO,AVGO251212C00325000,call,True,325.0,31.05,32.55,31.55,342.6499938964844,0.6276892700195313,0.0370259995532744,0.00688749465062872,3.0,30.0,2025-11-17 20:49:40+00:00,0.17222222222222222,31.799999999999997,0.06575342465753424
2025-11-17 21:00:00+00:00,2025-12-12 00:00:00+00:00,AVGO,AVGO251212C00330000,call,True,330.0,29.05,30.15,29.5,342.6499938964844,0.647739118347168,0.0370259995532744,0.00688749465062872,30.0,62.0,2025-11-17 19:14:02+00:00,1.7661111111111112,29.6,0.06575342465753424
2025-11-17 21:00:00+00:00,2025-12-12 00:00:00+00:00,AVGO,AVGO251212C00335000,call,True,335.0,26.2,27.05,26.25,342.6499938964844,0.6394079028320312,0.0370259995532744,0.00688749465062872,22.0,118.0,2025-11-17 20:51:18+00:00,0.145,26.625,0.06575342465753424
2025-11-17 21:00:00+00:00,2025-12-12 00:00:00+00:00,AVGO,AVGO251212C00340000,call,True,340.0,23.5,23.9,22.45,342.6499938964844,0.6278113391113282,0.0370259995532744,0.00688749465062872,100.0,604.0,2025-11-17 20:28:38+00:00,0.5227777777777778,23.7,0.06575342465753424
2025-11-17 21:00:00+00:00,2025-12-12 00:00:00+00:00,AVGO,AVGO251212C00345000,call,False,345.0,21.05,21.4,20.26,342.6499938964844,0.6240882318115235,0.0370259995532744,0.00688749465062872,93.0,383.0,2025-11-17 20:48:15+00:00,0.19583333333333333,21.225,0.06575342465753424
2025-11-17 21:00:00+00:00,2025-12-12 00:00:00+00:00,AVGO,AVGO251212C00350000,call,False,350.0,18.75,19.1,17.76,342.6499938964844,0.6203956417846681,0.0370259995532744,0.00688749465062872,57.0,469.0,2025-11-17 20:46:40+00:00,0.2222222222222222,18.925,0.06575342465753424
2025-11-17 21:00:00+00:00,2025-12-12 00:00:00+00:00,AVGO,AVGO251212C00355000,call,False,355.0,16.65,17.0,16.5,342.6499938964844,0.6174354663085939,0.0370259995532744,0.00688749465062872,25.0,287.0,2025-11-17 19:32:04+00:00,1.4655555555555555,16.825,0.06575342465753424
2025-11-17 21:00:00+00:00,2025-12-12 00:00:00+00:00,AVGO,AVGO251212C00360000,call,False,360.0,14.7,14.9,14.75,342.6499938964844,0.6118202880859377,0.0370259995532744,0.00688749465062872,52.0,491.0,2025-11-17 20:44:27+00:00,0.25916666666666666,14.8,0.06575342465753424
2025-11-17 21:00:00+00:00,2025-12-12 00:00:00+00:00,AVGO,AVGO251212C00365000,call,False,365.0,13.0,13.3,12.73,342.6499938964844,0.6122475299072268,0.0370259995532744,0.00688749465062872,52.0,228.0,2025-11-17 20:07:13+00:00,0.8797222222222222,13.15,0.06575342465753424
2025-11-17 21:00:00+00:00,2025-12-12 00:00:00+00:00,AVGO,AVGO251212C00370000,call,False,370.0,11.4,11.75,10.93,342.6499938964844,0.6104164935302736,0.0370259995532744,0.00688749465062872,64.0,209.0,2025-11-17 20:18:00+00:00,0.7,11.575,0.06575342465753424
2025-11-17 21:00:00+00:00,2025-12-12 00:00:00+00:00,AVGO,AVGO251212C00375000,call,False,375.0,10.0,10.35,9.45,342.6499938964844,0.6093789062500001,0.0370259995532744,0.00688749465062872,111.0,94.0,2025-11-17 20:18:00+00:00,0.7,10.175,0.06575342465753424
2025-11-17 21:00:00+00:00,2025-12-12 00:00:00+00:00,AVGO,AVGO251212C00380000,call,False,380.0,8.75,9.05,8.27,342.6499938964844,0.6079140771484376,0.0370259995532744,0.00688749465062872,150.0,226.0,2025-11-17 19:51:09+00:00,1.1475,8.9,0.06575342465753424
2025-11-17 21:00:00+00:00,2025-12-12 00:00:00+00:00,AVGO,AVGO251212C00385000,call,False,385.0,7.65,7.9,8.67,342.6499938964844,0.6071206280517578,0.0370259995532744,0.00688749465062872,69.0,96.0,2025-11-17 17:28:32+00:00,3.5244444444444443,7.775,0.06575342465753424
2025-11-17 21:00:00+00:00,2025-12-12 00:00:00+00:00,AVGO,AVGO251212C00390000,call,False,390.0,6.65,6.9,6.7,342.6499938964844,0.6065102825927735,0.0370259995532744,0.00688749465062872,90.0,550.0,2025-11-17 20:57:18+00:00,0.045,6.775,0.06575342465753424
2025-11-17 21:00:00+00:00,2025-12-12 00:00:00+00:00,AVGO,AVGO251212C00395000,call,False,395.0,5.75,6.0,5.51,342.6499938964844,0.6055337298583985,0.0370259995532744,0.00688749465062872,16.0,78.0,2025-11-17 20:20:18+00:00,0.6616666666666666,5.875,0.06575342465753424
2025-11-17 21:00:00+00:00,2025-12-12 00:00:00+00:00,AVGO,AVGO251212C00400000,call,False,400.0,5.0,5.25,4.75,342.6499938964844,0.606571317138672,0.0370259995532744,0.00688749465062872,54.0,350.0,2025-11-17 20:14:16+00:00,0.7622222222222222,5.125,0.06575342465753424
2025-11-17 21:00:00+00:00,2025-12-12 00:00:00+00:00,AVGO,AVGO251212C00405000,call,False,405.0,4.3,4.55,4.6,342.6499938964844,0.6058999371337892,0.0370259995532744,0.00688749465062872,22.0,217.0,2025-11-17 17:59:29+00:00,3.008611111111111,4.425,0.06575342465753424
2025-11-17 21:00:00+00:00,2025-12-12 00:00:00+00:00,AVGO,AVGO251212C00410000,call,False,410.0,3.7,3.95,4.22,342.6499938964844,0.6060830407714846,0.0370259995532744,0.00688749465062872,8.0,157.0,2025-11-17 16:33:18+00:00,4.445,3.825,0.06575342465753424
2025-11-17 21:00:00+00:00,2025-12-12 00:00:00+00:00,AVGO,AVGO251212C00415000,call,False,415.0,3.2,3.4,3.7,342.6499938964844,0.6063271789550781,0.0370259995532744,0.00688749465062872,2.0,27.0,2025-11-14 17:01:15+00:00,75.97916666666667,3.3,0.06575342465753424
2025-11-17 21:00:00+00:00,2025-12-12 00:00:00+00:00,AVGO,AVGO251212C00420000,call,False,420.0,2.76,2.96,2.77,342.6499938964844,0.6076699389648439,0.0370259995532744,0.00688749465062872,4.0,255.0,2025-11-17 14:50:32+00:00,6.157777777777778,2.86,0.06575342465753424
2025-11-17 21:00:00+00:00,2025-12-12 00:00:00+00:00,AVGO,AVGO251212C00425000,call,False,425.0,2.37,2.54,2.38,342.6499938964844,0.6077920080566408,0.0370259995532744,0.00688749465062872,9.0,38.0,2025-11-17 19:51:08+00:00,1.1477777777777778,2.455,0.06575342465753424
2025-11-17 21:00:00+00:00,2025-12-12 00:00:00+00:00,AVGO,AVGO251212C00430000,call,False,430.0,2.03,2.2,2.04,342.6499938964844,0.6086464916992189,0.0370259995532744,0.00688749465062872,2.0,30.0,2025-11-17 19:51:08+00:00,1.1477777777777778,2.115,0.06575342465753424
2025-11-17 21:00:00+00:00,2025-12-12 00:00:00+00:00,AVGO,AVGO251212C00435000,call,False,435.0,1.74,1.91,1.82,342.6499938964844,0.6101113208007813,0.0370259995532744,0.00688749465062872,2.0,11.0,2025-11-17 19:17:28+00:00,1.708888888888889,1.825,0.06575342465753424
2025-11-17 21:00:00+00:00,2025-12-12 00:00:00+00:00,AVGO,AVGO251212C00440000,call,False,440.0,1.49,1.66,1.56,342.6499938964844,0.611576149902344,0.0370259995532744,0.00688749465062872,2.0,59.0,2025-11-17 14:31:52+00:00,6.4688888888888885,1.575,0.06575342465753424
2025-11-17 21:00:00+00:00,2025-12-12 00:00:00+00:00,AVGO,AVGO251212C00445000,call,False,445.0,1.27,1.41,1.32,342.6499938964844,0.611576149902344,0.0370259995532744,0.00688749465062872,11.0,127.0,2025-11-17 18:28:14+00:00,2.5294444444444446,1.3399999999999999,0.06575342465753424
2025-11-17 21:00:00+00:00,2025-12-12 00:00:00+00:00,AVGO,AVGO251212C00450000,call,False,450.0,1.11,1.23,1.41,342.6499938964844,0.6147499462890625,0.0370259995532744,0.00688749465062872,2.0,34.0,2025-11-17 17:26:00+00:00,3.566666666666667,1.17,0.06575342465753424
2025-11-17 21:00:00+00:00,2025-12-12 00:00:00+00:00,AVGO,AVGO251212C00455000,call,False,455.0,0.93,1.09,0.98,342.6499938964844,0.6167030517578126,0.0370259995532744,0.00688749465062872,1.0,4.0,2025-11-14 16:42:46+00:00,76.28722222222223,1.01,0.06575342465753424
2025-11-17 21:00:00+00:00,2025-12-12 00:00:00+00:00,AVGO,AVGO251212C00460000,call,False,460.0,0.81,0.93,0.85,342.6499938964844,0.6184120190429689,0.0370259995532744,0.00688749465062872,2.0,37.0,2025-11-17 18:06:53+00:00,2.8852777777777776,0.8700000000000001,0.06575342465753424
2025-11-17 21:00:00+00:00,2025-12-12 00:00:00+00:00,AVGO,AVGO251212C00465000,call,False,465.0,0.7,0.81,0.81,342.6499938964844,0.6208534008789064,0.0370259995532744,0.00688749465062872,2.0,6.0,2025-11-17 18:06:53+00:00,2.8852777777777776,0.755,0.06575342465753424
2025-11-17 21:00:00+00:00,2025-12-12 00:00:00+00:00,AVGO,AVGO251212C00470000,call,False,470.0,0.6,0.71,0.8,342.6499938964844,0.6232947827148438,0.0370259995532744,0.00688749465062872,2.0,152.0,2025-11-17 17:14:10+00:00,3.763888888888889,0.655,0.06575342465753424
2025-11-17 21:00:00+00:00,2025-12-12 00:00:00+00:00,AVGO,AVGO251212C00475000,call,False,475.0,0.52,0.62,0.67,342.6499938964844,0.6259803027343751,0.0370259995532744,0.00688749465062872,1.0,79.0,2025-11-14 14:36:41+00:00,78.38861111111112,0.5700000000000001,0.06575342465753424
2025-11-17 21:00:00+00:00,2025-12-12 00:00:00+00:00,AVGO,AVGO251212C00480000,call,False,480.0,0.42,0.55,0.58,342.6499938964844,0.6264685791015626,0.0370259995532744,0.00688749465062872,2.0,23.0,2025-11-17 16:57:57+00:00,4.034166666666667,0.485,0.06575342465753424
2025-11-17 21:00:00+00:00,2025-12-12 00:00:00+00:00,AVGO,AVGO251212C00485000,call,False,485.0,0.35,0.48,0.6,342.6499938964844,0.6279334082031252,0.0370259995532744,0.00688749465062872,1.0,8.0,2025-11-17 14:55:44+00:00,6.071111111111111,0.415,0.06575342465753424
2025-11-17 21:00:00+00:00,2025-12-12 00:00:00+00:00,AVGO,AVGO251212C00490000,call,False,490.0,0.3,0.43,0.58,342.6499938964844,0.6313513427734375,0.0370259995532744,0.00688749465062872,2.0,11.0,2025-11-13 18:50:45+00:00,98.15416666666667,0.365,0.06575342465753424
2025-11-17 21:00:00+00:00,2025-12-12 00:00:00+00:00,AVGO,AVGO251212C00495000,call,False,495.0,0.25,0.38,0.46,342.6499938964844,0.6333044482421876,0.0370259995532744,0.00688749465062872,1.0,2.0,2025-11-17 14:55:43+00:00,6.0713888888888885,0.315,0.06575342465753424
2025-11-17 21:00:00+00:00,2025-12-12 00:00:00+00:00,AVGO,AVGO251212C00500000,call,False,500.0,0.2,0.34,0.4,342.6499938964844,0.6347692773437501,0.0370259995532744,0.00688749465062872,2.0,45.0,2025-11-14 16:42:16+00:00,76.29555555555555,0.27,0.06575342465753424
2025-11-17 21:00:00+00:00,2025-12-12 00:00:00+00:00,AVGO,AVGO251212C00505000,call,False,505.0,0.17,0.31,0.31,342.6499938964844,0.63867548828125,0.0370259995532744,0.00688749465062872,10.0,18.0,2025-11-17 14:50:56+00:00,6.151111111111111,0.24,0.06575342465753424
2025-11-17 21:00:00+00:00,2025-12-12 00:00:00+00:00,AVGO,AVGO251212C00510000,call,False,510.0,0.14,0.28,0.26,342.6499938964844,0.641605146484375,0.0370259995532744,0.00688749465062872,2.0,103.0,2025-11-17 14:40:15+00:00,6.329166666666667,0.21000000000000002,0.06575342465753424
2025-11-17 21:00:00+00:00,2025-12-12 00:00:00+00:00,AVGO,AVGO251212C00515000,call,False,515.0,0.11,0.25,0.41,342.6499938964844,0.6430699755859376,0.0370259995532744,0.00688749465062872,22.0,23.0,2025-11-13 14:30:18+00:00,102.495,0.18,0.06575342465753424
2025-11-17 21:00:00+00:00,2025-12-12 00:00:00+00:00,AVGO,AVGO251212C00520000,call,False,520.0,0.08,0.22,0.19,342.6499938964844,0.6425816992187501,0.0370259995532744,0.00688749465062872,11.0,161.0,2025-11-17 17:38:32+00:00,3.3577777777777778,0.15,0.06575342465753424
2025-11-17 21:00:00+00:00,2025-12-12 00:00:00+00:00,AVGO,AVGO251212P00190000,put,False,190.0,0.1,0.25,0.14,342.6499938964844,0.9423833886718749,0.0370259995532744,0.00688749465062872,1.0,11.0,2025-11-17 19:34:03+00:00,1.4325,0.175,0.06575342465753424
2025-11-17 21:00:00+00:00,2025-12-12 00:00:00+00:00,AVGO,AVGO251212P00200000,put,False,200.0,0.16,0.31,0.28,342.6499938964844,0.9003916210937499,0.0370259995532744,0.00688749465062872,25.0,27.0,2025-11-13 18:05:11+00:00,98.91361111111111,0.235,0.06575342465753424
2025-11-17 21:00:00+00:00,2025-12-12 00:00:00+00:00,AVGO,AVGO251212P00205000,put,False,205.0,0.19,0.35,0.31,342.6499938964844,0.8789074609374999,0.0370259995532744,0.00688749465062872,1.0,1.0,2025-10-31 14:26:28+00:00,414.5588888888889,0.27,0.06575342465753424
2025-11-17 21:00:00+00:00,2025-12-12 00:00:00+00:00,AVGO,AVGO251212P00210000,put,False,210.0,0.23,0.39,0.33,342.6499938964844,0.858399853515625,0.0370259995532744,0.00688749465062872,2.0,26.0,2025-11-11 18:28:37+00:00,146.52305555555554,0.31,0.06575342465753424
2025-11-17 21:00:00+00:00,2025-12-12 00:00:00+00:00,AVGO,AVGO251212P00215000,put,False,215.0,0.29,0.44,0.5,342.6499938964844,0.840821904296875,0.0370259995532744,0.00688749465062872,1.0,10.0,2025-11-13 18:22:44+00:00,98.6211111111111,0.365,0.06575342465753424
2025-11-17 21:00:00+00:00,2025-12-12 00:00:00+00:00,AVGO,AVGO251212P00220000,put,False,220.0,0.39,0.5,0.57,342.6499938964844,0.8276384423828124,0.0370259995532744,0.00688749465062872,7.0,21.0,2025-11-13 16:09:09+00:00,100.8475,0.445,0.06575342465753424
2025-11-17 21:00:00+00:00,2025-12-12 00:00:00+00:00,AVGO,AVGO251212P00225000,put,False,225.0,0.43,0.58,0.61,342.6499938964844,0.80664255859375,0.0370259995532744,0.00688749465062872,20.0,25.0,2025-11-13 16:50:39+00:00,100.15583333333333,0.505,0.06575342465753424
2025-11-17 21:00:00+00:00,2025-12-12 00:00:00+00:00,AVGO,AVGO251212P00230000,put,False,230.0,0.53,0.67,0.62,342.6499938964844,0.7915059912109376,0.0370259995532744,0.00688749465062872,3.0,56.0,2025-11-17 18:58:34+00:00,2.023888888888889,0.6000000000000001,0.06575342465753424
2025-11-17 21:00:00+00:00,2025-12-12 00:00:00+00:00,AVGO,AVGO251212P00235000,put,False,235.0,0.68,0.78,0.74,342.6499938964844,0.7797873583984375,0.0370259995532744,0.00688749465062872,2.0,18.0,2025-11-14 17:29:45+00:00,75.50416666666666,0.73,0.06575342465753424
2025-11-17 21:00:00+00:00,2025-12-12 00:00:00+00:00,AVGO,AVGO251212P00240000,put,False,240.0,0.85,0.92,0.98,342.6499938964844,0.7688011401367189,0.0370259995532744,0.00688749465062872,9.0,15.0,2025-11-14 18:51:00+00:00,74.15,0.885,0.06575342465753424
2025-11-17 21:00:00+00:00,2025-12-12 00:00:00+00:00,AVGO,AVGO251212P00245000,put,False,245.0,0.96,1.08,1.42,342.6499938964844,0.7509790527343749,0.0370259995532744,0.00688749465062872,,10.0,2025-11-13 19:09:23+00:00,97.84361111111112,1.02,0.06575342465753424
2025-11-17 21:00:00+00:00,2025-12-12 00:00:00+00:00,AVGO,AVGO251212P00250000,put,False,250.0,1.15,1.27,1.27,342.6499938964844,0.7375514526367187,0.0370259995532744,0.00688749465062872,26.0,76.0,2025-11-17 20:36:49+00:00,0.3863888888888889,1.21,0.06575342465753424
2025-11-17 21:00:00+00:00,2025-12-12 00:00:00+00:00,AVGO,AVGO251212P00255000,put,False,255.0,1.4,1.51,1.24,342.6499938964844,0.7270535107421875,0.0370259995532744,0.00688749465062872,12.0,2062.0,2025-11-17 15:13:57+00:00,5.7675,1.455,0.06575342465753424
2025-11-17 21:00:00+00:00,2025-12-12 00:00:00+00:00,AVGO,AVGO251212P00260000,put,False,260.0,1.65,1.79,1.57,342.6499938964844,0.7143583251953125,0.0370259995532744,0.00688749465062872,21.0,99.0,2025-11-17 16:29:23+00:00,4.510277777777778,1.72,0.06575342465753424
2025-11-17 21:00:00+00:00,2025-12-12 00:00:00+00:00,AVGO,AVGO251212P00265000,put,False,265.0,1.96,2.12,1.99,342.6499938964844,0.7028838305664062,0.0370259995532744,0.00688749465062872,17.0,238.0,2025-11-14 17:29:45+00:00,75.50416666666666,2.04,0.06575342465753424
2025-11-17 21:00:00+00:00,2025-12-12 00:00:00+00:00,AVGO,AVGO251212P00270000,put,False,270.0,2.33,2.5,2.19,342.6499938964844,0.6917755432128907,0.0370259995532744,0.00688749465062872,1.0,100.0,2025-11-17 15:51:43+00:00,5.138055555555556,2.415,0.06575342465753424
2025-11-17 21:00:00+00:00,2025-12-12 00:00:00+00:00,AVGO,AVGO251212P00275000,put,False,275.0,2.78,2.96,3.1,342.6499938964844,0.6821320849609377,0.0370259995532744,0.00688749465062872,16.0,314.0,2025-11-17 16:29:23+00:00,4.510277777777778,2.87,0.06575342465753424
2025-11-17 21:00:00+00:00,2025-12-12 00:00:00+00:00,AVGO,AVGO251212P00280000,put,False,280.0,3.3,3.5,3.4,342.6499938964844,0.6727327648925783,0.0370259995532744,0.00688749465062872,11.0,277.0,2025-11-17 17:58:53+00:00,3.018611111111111,3.4,0.06575342465753424
2025-11-17 21:00:00+00:00,2025-12-12 00:00:00+00:00,AVGO,AVGO251212P00285000,put,False,285.0,3.9,4.15,4.27,342.6499938964844,0.664309997558594,0.0370259995532744,0.00688749465062872,6.0,151.0,2025-11-17 18:34:53+00:00,2.4186111111111113,4.025,0.06575342465753424
2025-11-17 21:00:00+00:00,2025-12-12 00:00:00+00:00,AVGO,AVGO251212P00290000,put,False,290.0,4.65,4.85,5.16,342.6499938964844,0.6562534375000001,0.0370259995532744,0.00688749465062872,12.0,224.0,2025-11-17 20:09:26+00:00,0.8427777777777777,4.75,0.06575342465753424
2025-11-17 21:00:00+00:00,2025-12-12 00:00:00+00:00,AVGO,AVGO251212P00295000,put,False,295.0,5.45,5.7,6.05,342.6499938964844,0.6480748083496093,0.0370259995532744,0.00688749465062872,5.0,516.0,2025-11-17 20:36:11+00:00,0.39694444444444443,5.575,0.06575342465753424
2025-11-17 21:00:00+00:00,2025-12-12 00:00:00+00:00,AVGO,AVGO251212P00300000,put,False,300.0,6.4,6.65,7.0,342.6499938964844,0.6404454901123047,0.0370259995532744,0.00688749465062872,42.0,307.0,2025-11-17 20:20:55+00:00,0.6513888888888889,6.525,0.06575342465753424
2025-11-17 21:00:00+00:00,2025-12-12 00:00:00+00:00,AVGO,AVGO251212P00305000,put,False,305.0,7.55,7.75,7.56,342.6499938964844,0.6347692773437501,0.0370259995532744,0.00688749465062872,46.0,246.0,2025-11-17 19:30:20+00:00,1.4944444444444445,7.65,0.06575342465753424
2025-11-17 21:00:00+00:00,2025-12-12 00:00:00+00:00,AVGO,AVGO251212P00310000,put,False,310.0,8.7,8.95,9.5,342.6499938964844,0.6259803027343751,0.0370259995532744,0.00688749465062872,18.0,370.0,2025-11-17 20:20:35+00:00,0.6569444444444444,8.825,0.06575342465753424
2025-11-17 21:00:00+00:00,2025-12-12 00:00:00+00:00,AVGO,AVGO251212P00315000,put,False,315.0,10.15,10.35,10.8,342.6499938964844,0.6208534008789064,0.0370259995532744,0.00688749465062872,13.0,160.0,2025-11-17 15:51:06+00:00,5.148333333333333,10.25,0.06575342465753424
2025-11-17 21:00:00+00:00,2025-12-12 00:00:00+00:00,AVGO,AVGO251212P00320000,put,False,320.0,11.65,11.9,12.55,342.6499938964844,0.6138344281005861,0.0370259995532744,0.00688749465062872,56.0,336.0,2025-11-17 20:45:47+00:00,0.23694444444444446,11.775,0.06575342465753424
2025-11-17 21:00:00+00:00,2025-12-12 00:00:00+00:00,AVGO,AVGO251212P00325000,put,False,325.0,13.45,13.65,13.7,342.6499938964844,0.6095620098876955,0.0370259995532744,0.00688749465062872,35.0,155.0,2025-11-17 20:51:14+00:00,0.1461111111111111,13.55,0.06575342465753424
2025-11-17 21:00:00+00:00,2025-12-12 00:00:00+00:00,AVGO,AVGO251212P00330000,put,False,330.0,15.35,15.55,15.9,342.6499938964844,0.603763728027344,0.0370259995532744,0.00688749465062872,19.0,146.0,2025-11-17 20:09:26+00:00,0.8427777777777777,15.45,0.06575342465753424
2025-11-17 21:00:00+00:00,2025-12-12 00:00:00+00:00,AVGO,AVGO251212P00335000,put,False,335.0,17.4,17.7,17.9,342.6499938964844,0.5986978607177735,0.0370259995532744,0.00688749465062872,18.0,147.0,2025-11-17 20:58:34+00:00,0.02388888888888889,17.549999999999997,0.06575342465753424
2025-11-17 21:00:00+00:00,2025-12-12 00:00:00+00:00,AVGO,AVGO251212P00340000,put,False,340.0,19.75,20.0,21.0,342.6499938964844,0.5947916497802734,0.0370259995532744,0.00688749465062872,85.0,178.0,2025-11-17 20:46:46+00:00,0.22055555555555556,19.875,0.06575342465753424
2025-11-17 21:00:00+00:00,2025-12-12 00:00:00+00:00,AVGO,AVGO251212P00345000,put,True,345.0,22.2,22.85,22.75,342.6499938964844,0.5947916497802734,0.0370259995532744,0.00688749465062872,70.0,142.0,2025-11-17 19:27:13+00:00,1.5463888888888888,22.525,0.06575342465753424
2025-11-17 21:00:00+00:00,2025-12-12 00:00:00+00:00,AVGO,AVGO251212P00350000,put,True,350.0,24.85,25.2,26.19,342.6499938964844,0.5854533642578125,0.0370259995532744,0.00688749465062872,39.0,87.0,2025-11-17 19:48:34+00:00,1.1905555555555556,25.025,0.06575342465753424
2025-11-17 21:00:00+00:00,2025-12-12 00:00:00+00:00,AVGO,AVGO251212P00355000,put,True,355.0,27.7,28.1,23.92,342.6499938964844,0.581486118774414,0.0370259995532744,0.00688749465062872,4.0,55.0,2025-11-14 17:32:19+00:00,75.46138888888889,27.9,0.06575342465753424
2025-11-17 21:00:00+00:00,2025-12-12 00:00:00+00:00,AVGO,AVGO251212P00360000,put,True,360.0,30.8,31.2,30.19,342.6499938964844,0.5788005987548828,0.0370259995532744,0.00688749465062872,6.0,192.0,2025-11-17 17:38:06+00:00,3.365,31.0,0.06575342465753424
2025-11-17 21:00:00+00:00,2025-12-12 00:00:00+00:00,AVGO,AVGO251212P00365000,put,True,365.0,33.65,34.45,32.74,342.6499938964844,0.5695233477783204,0.0370259995532744,0.00688749465062872,4.0,80.0,2025-11-17 17:51:32+00:00,3.141111111111111,34.05,0.06575342465753424
2025-11-17 21:00:00+00:00,2025-12-12 00:00:00+00:00,AVGO,AVGO251212P00370000,put,True,370.0,36.8,37.85,38.95,342.6499938964844,0.561527822265625,0.0370259995532744,0.00688749465062872,19.0,93.0,2025-11-17 18:16:06+00:00,2.7316666666666665,37.325,0.06575342465753424
2025-11-17 21:00:00+00:00,2025-12-12 00:00:00+00:00,AVGO,AVGO251212P00375000,put,True,375.0,40.25,41.45,39.58,342.6499938964844,0.5559736785888674,0.0370259995532744,0.00688749465062872,2.0,115.0,2025-11-17 17:51:32+00:00,3.141111111111111,40.85,0.06575342465753424
2025-11-17 21:00:00+00:00,2025-12-12 00:00:00+00:00,AVGO,AVGO251212P00380000,put,True,380.0,44.0,45.2,42.4,342.6499938964844,0.5525557440185547,0.0370259995532744,0.00688749465062872,1.0,15.0,2025-11-17 14:36:40+00:00,6.388888888888889,44.6,0.06575342465753424
2025-11-17 21:00:00+00:00,2025-12-12 00:00:00+00:00,AVGO,AVGO251212P00385000,put,True,385.0,47.6,49.15,49.51,342.6499938964844,0.5447433221435547,0.0370259995532744,0.00688749465062872,2.0,4.0,2025-11-14 19:08:41+00:00,73.85527777777777,48.375,0.06575342465753424
2025-11-17 21:00:00+00:00,2025-12-12 00:00:00+00:00,AVGO,AVGO251212P00390000,put,True,390.0,51.9,53.1,38.0,342.6499938964844,0.5448043566894532,0.0370259995532744,0.00688749465062872,1.0,1.0,2025-10-31 18:34:54+00:00,410.41833333333335,52.5,0.06575342465753424
2025-11-17 21:00:00+00:00,2025-12-12 00:00:00+00:00,AVGO,AVGO251212P00395000,put,True,395.0,55.75,57.2,47.8,342.6499938964844,0.5335740002441407,0.0370259995532744,0.00688749465062872,,1.0,2025-11-06 15:49:52+00:00,269.1688888888889,56.475,0.06575342465753424
2025-11-17 21:00:00+00:00,2025-12-12 00:00:00+00:00,AVGO,AVGO251212P00400000,put,True,400.0,59.9,63.2,68.5,342.6499938964844,0.5667767932128907,0.0370259995532744,0.00688749465062872,2.0,3.0,2025-11-13 19:05:04+00:00,97.91555555555556,61.55,0.06575342465753424
2025-11-17 21:00:00+00:00,2025-12-12 00:00:00+00:00,AVGO,AVGO251212P00450000,put,True,450.0,106.8,109.65,106.34,342.6499938964844,0.5822795678710937,0.0370259995532744,0.00688749465062872,1.0,1.0,2025-11-14 17:41:08+00:00,75.31444444444445,108.225,0.06575342465753424
2025-11-17 21:00:00+00:00,2025-12-19 00:00:00+00:00,AVGO,AVGO251219C00031000,call,True,31.0,309.8,313.3,322.98,342.6499938964844,4.503910620117187,0.0370259995532744,0.00688749465062872,1.0,11.0,2025-11-06 15:49:49+00:00,269.1697222222222,311.55,0.08493150684931507
2025-11-17 21:00:00+00:00,2025-12-19 00:00:00+00:00,AVGO,AVGO251219C00032000,call,True,32.0,308.8,311.9,302.95,342.6499938964844,4.2187547265625,0.0370259995532744,0.00688749465062872,10.0,36.0,2025-11-13 16:44:02+00:00,100.26611111111112,310.35,0.08493150684931507
2025-11-17 21:00:00+00:00,2025-12-19 00:00:00+00:00,AVGO,AVGO251219C00033000,call,True,33.0,174.6,176.15,130.35,342.6499938964844,1.0000000000000003e-05,0.0370259995532744,0.00688749465062872,1.0,4.0,2025-04-09 17:18:43+00:00,5331.688055555555,175.375,0.08493150684931507
2025-11-17 21:00:00+00:00,2025-12-19 00:00:00+00:00,AVGO,AVGO251219C00034000,call,True,34.0,0.0,0.0,119.5,342.6499938964844,1.0000000000000003e-05,0.0370259995532744,0.00688749465062872,7.0,0.0,2025-04-07 19:28:07+00:00,5377.531388888889,0.0,0.08493150684931507
2025-11-17 21:00:00+00:00,2025-12-19 00:00:00+00:00,AVGO,AVGO251219C00035000,call,True,35.0,305.75,309.1,309.5,342.6499938964844,4.155278243408203,0.0370259995532744,0.00688749465062872,10.0,49.0,2025-10-08 19:54:17+00:00,961.0952777777778,307.425,0.08493150684931507
2025-11-17 21:00:00+00:00,2025-12-19 00:00:00+00:00,AVGO,AVGO251219C00036000,call,True,36.0,304.75,307.95,309.7,342.6499938964844,4.020512786865234,0.0370259995532744,0.00688749465062872,25.0,18.0,2025-09-19 17:43:53+00:00,1419.268611111111,306.35,0.08493150684931507
2025-11-17 21:00:00+00:00,2025-12-19 00:00:00+00:00,AVGO,AVGO251219C00037000,call,True,37.0,0.0,0.0,112.8,342.6499938964844,1.0000000000000003e-05,0.0370259995532744,0.00688749465062872,,0.0,2025-04-07 16:08:11+00:00,5380.863611111111,0.0,0.08493150684931507
2025-11-17 21:00:00+00:00,2025-12-19 00:00:00+00:00,AVGO,AVGO251219C00038000,call,True,38.0,0.0,0.0,115.2,342.6499938964844,1.0000000000000003e-05,0.0370259995532744,0.00688749465062872,2.0,0.0,2025-04-07 19:09:43+00:00,5377.838055555556,0.0,0.08493150684931507
2025-11-17 21:00:00+00:00,2025-12-19 00:00:00+00:00,AVGO,AVGO251219C00039000,call,True,39.0,0.0,0.0,114.7,342.6499938964844,1.0000000000000003e-05,0.0370259995532744,0.00688749465062872,,0.0,2025-04-07 19:28:14+00:00,5377.529444444444,0.0,0.08493150684931507
2025-11-17 21:00:00+00:00,2025-12-19 00:00:00+00:00,AVGO,AVGO251219C00040000,call,True,40.0,301.0,303.95,337.82,342.6499938964844,3.821289509277344,0.0370259995532744,0.00688749465062872,2.0,124.0,2025-10-29 13:30:22+00:00,463.4938888888889,302.475,0.08493150684931507
2025-11-17 21:00:00+00:00,2025-12-19 00:00:00+00:00,AVGO,AVGO251219C00041000,call,True,41.0,200.35,201.95,151.5,342.6499938964844,1.0000000000000003e-05,0.0370259995532744,0.00688749465062872,2.0,5.0,2025-04-29 17:40:03+00:00,4851.3325,201.14999999999998,0.08493150684931507
2025-11-17 21:00:00+00:00,2025-12-19 00:00:00+00:00,AVGO,AVGO251219C00042000,call,True,42.0,235.15,239.0,208.93,342.6499938964844,1.0000000000000003e-05,0.0370259995532744,0.00688749465062872,1.0,7.0,2025-06-18 19:13:26+00:00,3649.7761111111113,237.075,0.08493150684931507
2025-11-17 21:00:00+00:00,2025-12-19 00:00:00+00:00,AVGO,AVGO251219C00043000,call,True,43.0,164.85,166.35,120.7,342.6499938964844,1.0000000000000003e-05,0.0370259995532744,0.00688749465062872,1.0,16.0,2025-04-09 17:18:43+00:00,5331.688055555555,165.6,0.08493150684931507
2025-11-17 21:00:00+00:00,2025-12-19 00:00:00+00:00,AVGO,AVGO251219C00044000,call,True,44.0,296.85,299.95,308.45,342.6499938964844,3.643555578613282,0.0370259995532744,0.00688749465062872,1.0,17.0,2025-11-07 14:30:08+00:00,246.49777777777777,298.4,0.08493150684931507
2025-11-17 21:00:00+00:00,2025-12-19 00:00:00+00:00,AVGO,AVGO251219C00045000,call,True,45.0,295.9,299.0,297.27,342.6499938964844,3.625977497558594,0.0370259995532744,0.00688749465062872,1.0,70.0,2025-11-14 20:28:32+00:00,72.52444444444444,297.45,0.08493150684931507
2025-11-17 21:00:00+00:00,2025-12-19 00:00:00+00:00,AVGO,AVGO251219C00046000,call,True,46.0,0.0,0.0,108.65,342.6499938964844,1.0000000000000003e-05,0.0370259995532744,0.00688749465062872,15.0,0.0,2025-04-07 19:17:59+00:00,5377.700277777778,0.0,0.08493150684931507
2025-11-17 21:00:00+00:00,2025-12-19 00:00:00+00:00,AVGO,AVGO251219C00047000,call,True,47.0,293.7,297.0,297.0,342.6499938964844,3.544923012695312,0.0370259995532744,0.00688749465062872,1.0,11.0,2025-09-22 16:05:33+00:00,1348.9075,295.35,0.08493150684931507
2025-11-17 21:00:00+00:00,2025-12-19 00:00:00+00:00,AVGO,AVGO251219C00048000,call,True,48.0,193.95,194.8,144.36,342.6499938964844,1.0000000000000003e-05,0.0370259995532744,0.00688749465062872,20.0,22.0,2025-04-29 15:28:15+00:00,4853.529166666666,194.375,0.08493150684931507
2025-11-17 21:00:00+00:00,2025-12-19 00:00:00+00:00,AVGO,AVGO251219C00049000,call,True,49.0,291.85,294.7,295.0,342.6499938964844,3.3242204394531245,0.0370259995532744,0.00688749465062872,,2.0,2025-09-22 16:05:33+00:00,1348.9075,293.275,0.08493150684931507
2025-11-17 21:00:00+00:00,2025-12-19 00:00:00+00:00,AVGO,AVGO251219C00050000,call,True,50.0,290.7,294.0,293.79,342.6499938964844,3.4311537658691402,0.0370259995532744,0.00688749465062872,8.0,41.0,2025-09-22 15:16:56+00:00,1349.7177777777779,292.35,0.08493150684931507
2025-11-17 21:00:00+00:00,2025-12-19 00:00:00+00:00,AVGO,AVGO251219C00051000,call,True,51.0,0.0,0.0,103.9,342.6499938964844,1.0000000000000003e-05,0.0370259995532744,0.00688749465062872,1.0,0.0,2025-04-07 18:51:08+00:00,5378.147777777778,0.0,0.08493150684931507
2025-11-17 21:00:00+00:00,2025-12-19 00:00:00+00:00,AVGO,AVGO251219C00052000,call,True,52.0,0.0,0.0,102.05,342.6499938964844,1.0000000000000003e-05,0.0370259995532744,0.00688749465062872,10.0,0.0,2025-04-07 18:54:47+00:00,5378.086944444444,0.0,0.08493150684931507
2025-11-17 21:00:00+00:00,2025-12-19 00:00:00+00:00,AVGO,AVGO251219C00053000,call,True,53.0,0.0,0.0,101.6,342.6499938964844,1.0000000000000003e-05,0.0370259995532744,0.00688749465062872,,0.0,2025-04-07 19:29:56+00:00,5377.501111111111,0.0,0.08493150684931507
2025-11-17 21:00:00+00:00,2025-12-19 00:00:00+00:00,AVGO,AVGO251219C00054000,call,True,54.0,0.0,0.0,125.0,342.6499938964844,1.0000000000000003e-05,0.0370259995532744,0.00688749465062872,1.0,0.0,2025-04-11 15:00:07+00:00,5285.998055555556,0.0,0.08493150684931507
2025-11-17 21:00:00+00:00,2025-12-19 00:00:00+00:00,AVGO,AVGO251219C00055000,call,True,55.0,285.95,289.0,320.77,342.6499938964844,3.2578143554687498,0.0370259995532744,0.00688749465062872,1.0,48.0,2025-10-30 19:42:29+00:00,433.2919444444444,287.475,0.08493150684931507
2025-11-17 21:00:00+00:00,2025-12-19 00:00:00+00:00,AVGO,AVGO251219C00056000,call,True,56.0,284.75,287.9,277.73,342.6499938964844,3.182619230957031,0.0370259995532744,0.00688749465062872,237.0,907.0,2025-09-26 15:20:50+00:00,1253.6527777777778,286.325,0.08493150684931507
2025-11-17 21:00:00+00:00,2025-12-19 00:00:00+00:00,AVGO,AVGO251219C00057000,call,True,57.0,283.9,287.15,299.28,342.6499938964844,3.252931555175781,0.0370259995532744,0.00688749465062872,30.0,1653.0,2025-11-12 15:50:05+00:00,125.16527777777777,285.525,0.08493150684931507
2025-11-17 21:00:00+00:00,2025-12-19 00:00:00+00:00,AVGO,AVGO251219C00058000,call,True,58.0,0.0,0.0,98.0,342.6499938964844,1.0000000000000003e-05,0.0370259995532744,0.00688749465062872,3.0,0.0,2025-04-07 17:56:32+00:00,5379.057777777778,0.0,0.08493150684931507
2025-11-17 21:00:00+00:00,2025-12-19 00:00:00+00:00,AVGO,AVGO251219C00059000,call,True,59.0,282.25,285.0,288.17,342.6499938964844,3.1308615478515627,0.0370259995532744,0.00688749465062872,140.0,392.0,2025-11-17 15:16:59+00:00,5.716944444444445,283.625,0.08493150684931507
2025-11-17 21:00:00+00:00,2025-12-19 00:00:00+00:00,AVGO,AVGO251219C00060000,call,True,60.0,280.95,284.05,315.78,342.6499938964844,3.1206076672363277,0.0370259995532744,0.00688749465062872,1.0,470.0,2025-10-30 19:42:29+00:00,433.2919444444444,282.5,0.08493150684931507
2025-11-17 21:00:00+00:00,2025-12-19 00:00:00+00:00,AVGO,AVGO251219C00061000,call,True,61.0,279.95,283.0,291.3,342.6499938964844,3.0712913842773437,0.0370259995532744,0.00688749465062872,1.0,217.0,2025-11-07 14:34:45+00:00,246.42083333333332,281.475,0.08493150684931507
2025-11-17 21:00:00+00:00,2025-12-19 00:00:00+00:00,AVGO,AVGO251219C00062000,call,True,62.0,0.0,0.0,303.01,342.6499938964844,1.0000000000000003e-05,0.0370259995532744,0.00688749465062872,1.0,0.0,2025-09-15 19:01:31+00:00,1513.9747222222222,0.0,0.08493150684931507
2025-11-17 21:00:00+00:00,2025-12-19 00:00:00+00:00,AVGO,AVGO251219C00063000,call,True,63.0,0.0,0.0,86.8,342.6499938964844,1.0000000000000003e-05,0.0370259995532744,0.00688749465062872,1.0,0.0,2025-04-07 14:29:06+00:00,5382.515,0.0,0.08493150684931507
2025-11-17 21:00:00+00:00,2025-12-19 00:00:00+00:00,AVGO,AVGO251219C00064000,call,True,64.0,0.0,0.0,91.05,342.6499938964844,1.0000000000000003e-05,0.0370259995532744,0.00688749465062872,1.0,0.0,2025-04-07 18:55:41+00:00,5378.071944444445,0.0,0.08493150684931507
2025-11-17 21:00:00+00:00,2025-12-19 00:00:00+00:00,AVGO,AVGO251219C00065000,call,True,65.0,275.85,279.05,277.68,342.6499938964844,2.9770533386230467,0.0370259995532744,0.00688749465062872,1.0,1013.0,2025-10-21 18:46:34+00:00,650.2238888888888,277.45000000000005,0.08493150684931507
2025-11-17 21:00:00+00:00,2025-12-19 00:00:00+00:00,AVGO,AVGO251219C00066000,call,True,66.0,0.0,0.0,84.2,342.6499938964844,1.0000000000000003e-05,0.0370259995532744,0.00688749465062872,10.0,0.0,2025-04-07 14:29:05+00:00,5382.515277777778,0.0,0.08493150684931507
2025-11-17 21:00:00+00:00,2025-12-19 00:00:00+00:00,AVGO,AVGO251219C00067000,call,True,67.0,273.8,276.75,272.55,342.6499938964844,2.8066436083984376,0.0370259995532744,0.00688749465062872,2.0,103.0,2025-10-02 15:03:35+00:00,1109.9402777777777,275.275,0.08493150684931507
2025-11-17 21:00:00+00:00,2025-12-19 00:00:00+00:00,AVGO,AVGO251219C00068000,call,True,68.0,273.0,276.1,278.15,342.6499938964844,2.914553494873047,0.0370259995532744,0.00688749465062872,10.0,194.0,2025-10-21 13:47:04+00:00,655.2155555555555,274.55,0.08493150684931507
2025-11-17 21:00:00+00:00,2025-12-19 00:00:00+00:00,AVGO,AVGO251219C00069000,call,True,69.0,0.0,0.0,86.85,342.6499938964844,1.0000000000000003e-05,0.0370259995532744,0.00688749465062872,1.0,0.0,2025-04-07 18:54:28+00:00,5378.0922222222225,0.0,0.08493150684931507
2025-11-17 21:00:00+00:00,2025-12-19 00:00:00+00:00,AVGO,AVGO251219C00070000,call,True,70.0,270.8,273.85,275.07,342.6499938964844,2.771487446289063,0.0370259995532744,0.00688749465062872,10.0,464.0,2025-09-19 19:50:10+00:00,1417.1638888888888,272.32500000000005,0.08493150684931507
2025-11-17 21:00:00+00:00,2025-12-19 00:00:00+00:00,AVGO,AVGO251219C00071000,call,True,71.0,0.0,0.0,83.3,342.6499938964844,1.0000000000000003e-05,0.0370259995532744,0.00688749465062872,1.0,0.0,2025-04-07 16:42:31+00:00,5380.291388888889,0.0,0.08493150684931507
2025-11-17 21:00:00+00:00,2025-12-19 00:00:00+00:00,AVGO,AVGO251219C00072000,call,True,72.0,0.0,0.0,83.8,342.6499938964844,1.0000000000000003e-05,0.0370259995532744,0.00688749465062872,,0.0,2025-04-07 18:56:19+00:00,5378.061388888889,0.0,0.08493150684931507
2025-11-17 21:00:00+00:00,2025-12-19 00:00:00+00:00,AVGO,AVGO251219C00073000,call,True,73.0,268.0,271.1,283.0,342.6499938964844,2.788088967285157,0.0370259995532744,0.00688749465062872,20.0,60.0,2025-11-06 16:49:40+00:00,268.1722222222222,269.55,0.08493150684931507
2025-11-17 21:00:00+00:00,2025-12-19 00:00:00+00:00,AVGO,AVGO251219C00074000,call,True,74.0,267.0,270.1,272.45,342.6499938964844,2.7641632458496095,0.0370259995532744,0.00688749465062872,5.0,58.0,2025-10-17 15:55:04+00:00,749.0822222222222,268.55,0.08493150684931507
2025-11-17 21:00:00+00:00,2025-12-19 00:00:00+00:00,AVGO,AVGO251219C00075000,call,True,75.0,266.05,269.1,275.04,342.6499938964844,2.740237524414063,0.0370259995532744,0.00688749465062872,20.0,459.0,2025-10-20 18:57:30+00:00,674.0416666666666,267.57500000000005,0.08493150684931507
2025-11-17 21:00:00+00:00,2025-12-19 00:00:00+00:00,AVGO,AVGO251219C00076000,call,True,76.0,133.3,134.8,90.75,342.6499938964844,1.0000000000000003e-05,0.0370259995532744,0.00688749465062872,1.0,115.0,2025-04-09 17:18:43+00:00,5331.688055555555,134.05,0.08493150684931507
2025-11-17 21:00:00+00:00,2025-12-19 00:00:00+00:00,AVGO,AVGO251219C00077000,call,True,77.0,197.8,199.4,180.94,342.6499938964844,1.0000000000000003e-05,0.0370259995532744,0.00688749465062872,10.0,54.0,2025-06-12 14:30:26+00:00,3798.492777777778,198.60000000000002,0.08493150684931507
2025-11-17 21:00:00+00:00,2025-12-19 00:00:00+00:00,AVGO,AVGO251219C00078000,call,True,78.0,281.95,283.4,230.3,342.6499938964844,5.115726261596679,0.0370259995532744,0.00688749465062872,10.0,339.0,2025-08-13 19:49:59+00:00,2305.1669444444447,282.67499999999995,0.08493150684931507
2025-11-17 21:00:00+00:00,2025-12-19 00:00:00+00:00,AVGO,AVGO251219C00079000,call,True,79.0,262.05,265.15,284.65,342.6499938964844,2.6645541198730474,0.0370259995532744,0.00688749465062872,1.0,63.0,2025-11-03 19:46:42+00:00,337.2216666666667,263.6,0.08493150684931507
2025-11-17 21:00:00+00:00,2025-12-19 00:00:00+00:00,AVGO,AVGO251219C00080000,call,True,80.0,261.05,264.15,267.11,342.6499938964844,2.642093238525391,0.0370259995532744,0.00688749465062872,4.0,5354.0,2025-11-07 14:37:54+00:00,246.36833333333334,262.6,0.08493150684931507
2025-11-17 21:00:00+00:00,2025-12-19 00:00:00+00:00,AVGO,AVGO251219C00081000,call,True,81.0,260.05,263.1,249.15,342.6499938964844,2.604495676269531,0.0370259995532744,0.00688749465062872,4.0,122.0,2025-11-14 14:32:25+00:00,78.45972222222223,261.57500000000005,0.08493150684931507
2025-11-17 21:00:00+00:00,2025-12-19 00:00:00+00:00,AVGO,AVGO251219C00082000,call,True,82.0,212.35,213.5,198.35,342.6499938964844,1.0000000000000003e-05,0.0370259995532744,0.00688749465062872,10.0,636.0,2025-07-22 16:39:22+00:00,2836.343888888889,212.925,0.08493150684931507
2025-11-17 21:00:00+00:00,2025-12-19 00:00:00+00:00,AVGO,AVGO251219C00083000,call,True,83.0,257.9,260.9,275.0,342.6499938964844,2.4975623498535158,0.0370259995532744,0.00688749465062872,3.0,187.0,2025-10-13 13:58:03+00:00,847.0325,259.4,0.08493150684931507
2025-11-17 21:00:00+00:00,2025-12-19 00:00:00+00:00,AVGO,AVGO251219C00084000,call,True,84.0,250.7,251.95,225.1,342.6499938964844,1.0000000000000003e-05,0.0370259995532744,0.00688749465062872,10.0,647.0,2025-08-28 16:06:15+00:00,1948.8958333333333,251.325,0.08493150684931507
2025-11-17 21:00:00+00:00,2025-12-19 00:00:00+00:00,AVGO,AVGO251219C00085000,call,True,85.0,256.05,259.15,270.52,342.6499938964844,2.5356481921386718,0.0370259995532744,0.00688749465062872,3.0,266.0,2025-10-20 13:31:00+00:00,679.4833333333333,257.6,0.08493150684931507
2025-11-17 21:00:00+00:00,2025-12-19 00:00:00+00:00,AVGO,AVGO251219C00086000,call,True,86.0,255.05,258.15,263.4,342.6499938964844,2.5146521508789057,0.0370259995532744,0.00688749465062872,1.0,470.0,2025-11-07 14:36:35+00:00,246.39027777777778,256.6,0.08493150684931507
2025-11-17 21:00:00+00:00,2025-12-19 00:00:00+00:00,AVGO,AVGO251219C00087000,call,True,87.0,253.9,257.05,244.38,342.6499938964844,2.464847587890625,0.0370259995532744,0.00688749465062872,3.0,180.0,2025-10-10 18:31:52+00:00,914.4688888888888,255.47500000000002,0.08493150684931507
2025-11-17 21:00:00+00:00,2025-12-19 00:00:00+00:00,AVGO,AVGO251219C00088000,call,True,88.0,253.1,256.15,294.94,342.6499938964844,2.474613188476563,0.0370259995532744,0.00688749465062872,25.0,546.0,2025-10-29 19:23:49+00:00,457.60305555555556,254.625,0.08493150684931507
2025-11-17 21:00:00+00:00,2025-12-19 00:00:00+00:00,AVGO,AVGO251219C00089000,call,True,89.0,205.45,206.5,200.0,342.6499938964844,1.0000000000000003e-05,0.0370259995532744,0.00688749465062872,75.0,246.0,2025-07-21 14:01:34+00:00,2862.9738888888887,205.975,0.08493150684931507
2025-11-17 21:00:00+00:00,2025-12-19 00:00:00+00:00,AVGO,AVGO251219C00090000,call,True,90.0,250.9,253.9,268.69,342.6499938964844,2.3598673815917963,0.0370259995532744,0.00688749465062872,15.0,603.0,2025-10-15 14:57:02+00:00,798.0494444444445,252.4,0.08493150684931507
2025-11-17 21:00:00+00:00,2025-12-19 00:00:00+00:00,AVGO,AVGO251219C00091000,call,True,91.0,184.35,185.75,155.21,342.6499938964844,1.0000000000000003e-05,0.0370259995532744,0.00688749465062872,1.0,89.0,2025-06-10 19:55:15+00:00,3841.079166666667,185.05,0.08493150684931507
2025-11-17 21:00:00+00:00,2025-12-19 00:00:00+00:00,AVGO,AVGO251219C00092000,call,True,92.0,248.95,251.9,239.6,342.6499938964844,2.3222698193359372,0.0370259995532744,0.00688749465062872,20.0,224.0,2025-10-07 18:01:48+00:00,986.97,250.425,0.08493150684931507
2025-11-17 21:00:00+00:00,2025-12-19 00:00:00+00:00,AVGO,AVGO251219C00093000,call,True,93.0,0.0,0.0,67.95,342.6499938964844,1.0000000000000003e-05,0.0370259995532744,0.00688749465062872,7.0,0.0,2025-04-07 18:48:02+00:00,5378.199444444444,0.0,0.08493150684931507
2025-11-17 21:00:00+00:00,2025-12-19 00:00:00+00:00,AVGO,AVGO251219C00094000,call,True,94.0,200.4,201.65,182.32,342.6499938964844,1.0000000000000003e-05,0.0370259995532744,0.00688749465062872,10.0,234.0,2025-07-11 19:45:55+00:00,3097.2347222222224,201.025,0.08493150684931507
2025-11-17 21:00:00+00:00,2025-12-19 00:00:00+00:00,AVGO,AVGO251219C00095000,call,True,95.0,246.15,249.15,249.0,342.6499938964844,0.500005,0.0370259995532744,0.00688749465062872,1.0,347.0,2025-11-17 16:16:05+00:00,4.731944444444444,247.65,0.08493150684931507
2025-11-17 21:00:00+00:00,2025-12-19 00:00:00+00:00,AVGO,AVGO251219C00096000,call,True,96.0,239.0,240.25,202.3,342.6499938964844,1.0000000000000003e-05,0.0370259995532744,0.00688749465062872,10.0,265.0,2025-08-29 14:38:11+00:00,1926.3636111111111,239.625,0.08493150684931507
2025-11-17 21:00:00+00:00,2025-12-19 00:00:00+00:00,AVGO,AVGO251219C00098000,call,True,98.0,243.25,246.25,269.27,342.6499938964844,1.5859395703124997,0.0370259995532744,0.00688749465062872,2.0,308.0,2025-11-03 14:43:25+00:00,342.2763888888889,244.75,0.08493150684931507
2025-11-17 21:00:00+00:00,2025-12-19 00:00:00+00:00,AVGO,AVGO251219C00100000,call,True,100.0,241.15,244.35,254.0,342.6499938964844,1.5605490722656248,0.0370259995532744,0.00688749465062872,10.0,1000.0,2025-11-12 20:27:41+00:00,120.53861111111111,242.75,0.08493150684931507
2025-11-17 21:00:00+00:00,2025-12-19 00:00:00+00:00,AVGO,AVGO251219C00101000,call,True,101.0,240.3,243.2,241.52,342.6499938964844,1.5468772656249998,0.0370259995532744,0.00688749465062872,1.0,110.0,2025-11-07 16:11:27+00:00,244.80916666666667,241.75,0.08493150684931507
2025-11-17 21:00:00+00:00,2025-12-19 00:00:00+00:00,AVGO,AVGO251219C00102000,call,True,102.0,239.15,242.2,275.75,342.6499938964844,1.3437532812499997,0.0370259995532744,0.00688749465062872,3.0,306.0,2025-10-29 18:35:29+00:00,458.4086111111111,240.675,0.08493150684931507
2025-11-17 21:00:00+00:00,2025-12-19 00:00:00+00:00,AVGO,AVGO251219C00103000,call,True,103.0,0.0,0.0,62.15,342.6499938964844,1.0000000000000003e-05,0.0370259995532744,0.00688749465062872,1.0,0.0,2025-04-07 14:18:59+00:00,5382.6836111111115,0.0,0.08493150684931507
2025-11-17 21:00:00+00:00,2025-12-19 00:00:00+00:00,AVGO,AVGO251219C00104000,call,True,104.0,171.5,173.65,142.71,342.6499938964844,1.0000000000000003e-05,0.0370259995532744,0.00688749465062872,2.0,505.0,2025-06-10 19:44:57+00:00,3841.2508333333335,172.575,0.08493150684931507
2025-11-17 21:00:00+00:00,2025-12-19 00:00:00+00:00,AVGO,AVGO251219C00105000,call,True,105.0,233.55,235.4,231.59,342.6499938964844,1.0000000000000003e-05,0.0370259995532744,0.00688749465062872,5.0,100.0,2025-09-05 19:04:09+00:00,1753.9308333333333,234.47500000000002,0.08493150684931507
2025-11-17 21:00:00+00:00,2025-12-19 00:00:00+00:00,AVGO,AVGO251219C00106000,call,True,106.0,125.2,126.65,88.15,342.6499938964844,1.0000000000000003e-05,0.0370259995532744,0.00688749465062872,1.0,21.0,2025-04-25 16:22:45+00:00,4948.620833333333,125.92500000000001,0.08493150684931507
2025-11-17 21:00:00+00:00,2025-12-19 00:00:00+00:00,AVGO,AVGO251219C00107000,call,True,107.0,125.2,126.5,79.35,342.6499938964844,1.0000000000000003e-05,0.0370259995532744,0.00688749465062872,1.0,54.0,2025-04-14 19:36:22+00:00,5209.393888888889,125.85,0.08493150684931507
2025-11-17 21:00:00+00:00,2025-12-19 00:00:00+00:00,AVGO,AVGO251219C00108000,call,True,108.0,,,32.09,342.6499938964844,0.0,0.0370259995532744,0.00688749465062872,,,2024-12-16 05:01:12+00:00,8079.98,32.09,0.08493150684931507
2025-11-17 21:00:00+00:00,2025-12-19 00:00:00+00:00,AVGO,AVGO251219C00109000,call,True,109.0,232.05,235.0,237.49,342.6499938964844,2.064457963867187,0.0370259995532744,0.00688749465062872,10.0,43.0,2025-09-18 18:35:26+00:00,1442.4094444444445,233.525,0.08493150684931507
2025-11-17 21:00:00+00:00,2025-12-19 00:00:00+00:00,AVGO,AVGO251219C00110000,call,True,110.0,231.2,234.15,273.35,342.6499938964844,1.2656286718749998,0.0370259995532744,0.00688749465062872,10.0,617.0,2025-10-29 14:52:36+00:00,462.12333333333333,232.675,0.08493150684931507
2025-11-17 21:00:00+00:00,2025-12-19 00:00:00+00:00,AVGO,AVGO251219C00111000,call,True,111.0,101.3,102.4,59.2,342.6499938964844,1.0000000000000003e-05,0.0370259995532744,0.00688749465062872,3.0,15.0,2025-04-09 14:44:22+00:00,5334.260555555556,101.85,0.08493150684931507
2025-11-17 21:00:00+00:00,2025-12-19 00:00:00+00:00,AVGO,AVGO251219C00112000,call,True,112.0,146.95,148.25,122.56,342.6499938964844,1.0000000000000003e-05,0.0370259995532744,0.00688749465062872,30.0,78.0,2025-05-13 15:09:17+00:00,4517.8452777777775,147.6,0.08493150684931507
2025-11-17 21:00:00+00:00,2025-12-19 00:00:00+00:00,AVGO,AVGO251219C00113000,call,True,113.0,181.7,183.1,158.2,342.6499938964844,1.0000000000000003e-05,0.0370259995532744,0.00688749465062872,1.0,46.0,2025-06-26 14:25:08+00:00,3462.581111111111,182.39999999999998,0.08493150684931507
2025-11-17 21:00:00+00:00,2025-12-19 00:00:00+00:00,AVGO,AVGO251219C00114000,call,True,114.0,227.15,230.5,219.0,342.6499938964844,1.4902369238281248,0.0370259995532744,0.00688749465062872,1.0,69.0,2025-09-25 14:27:59+00:00,1278.5336111111112,228.825,0.08493150684931507
2025-11-17 21:00:00+00:00,2025-12-19 00:00:00+00:00,AVGO,AVGO251219C00115000,call,True,115.0,226.15,229.1,217.24,342.6499938964844,1.9990234423828124,0.0370259995532744,0.00688749465062872,1.0,935.0,2025-10-10 18:26:47+00:00,914.5536111111111,227.625,0.08493150684931507
2025-11-17 21:00:00+00:00,2025-12-19 00:00:00+00:00,AVGO,AVGO251219C00116000,call,True,116.0,225.25,228.25,236.85,342.6499938964844,1.3789093554687497,0.0370259995532744,0.00688749465062872,1.0,122.0,2025-11-07 14:30:08+00:00,246.49777777777777,226.75,0.08493150684931507
2025-11-17 21:00:00+00:00,2025-12-19 00:00:00+00:00,AVGO,AVGO251219C00117000,call,True,117.0,95.9,96.85,57.05,342.6499938964844,1.0000000000000003e-05,0.0370259995532744,0.00688749465062872,2.0,67.0,2025-04-08 17:48:58+00:00,5355.183888888889,96.375,0.08493150684931507
2025-11-17 21:00:00+00:00,2025-12-19 00:00:00+00:00,AVGO,AVGO251219C00118000,call,True,118.0,0.0,0.0,69.7,342.6499938964844,1.0000000000000003e-05,0.0370259995532744,0.00688749465062872,1.0,0.0,2025-04-15 17:27:16+00:00,5187.545555555555,0.0,0.08493150684931507
2025-11-17 21:00:00+00:00,2025-12-19 00:00:00+00:00,AVGO,AVGO251219C00119000,call,True,119.0,222.25,225.3,253.64,342.6499938964844,1.3808624707031247,0.0370259995532744,0.00688749465062872,1.0,75.0,2025-10-31 19:44:16+00:00,409.26222222222225,223.775,0.08493150684931507
2025-11-17 21:00:00+00:00,2025-12-19 00:00:00+00:00,AVGO,AVGO251219C00120000,call,True,120.0,221.25,224.35,256.24,342.6499938964844,1.3984405078125,0.0370259995532744,0.00688749465062872,1.0,208.0,2025-10-31 15:22:10+00:00,413.63055555555553,222.8,0.08493150684931507
2025-11-17 21:00:00+00:00,2025-12-19 00:00:00+00:00,AVGO,AVGO251219C00121000,call,True,121.0,220.1,223.4,231.12,342.6499938964844,1.3281283593749997,0.0370259995532744,0.00688749465062872,5.0,90.0,2025-10-16 18:23:43+00:00,770.6047222222222,221.75,0.08493150684931507
2025-11-17 21:00:00+00:00,2025-12-19 00:00:00+00:00,AVGO,AVGO251219C00122000,call,True,122.0,219.15,222.55,226.5,342.6499938964844,1.423831005859375,0.0370259995532744,0.00688749465062872,2.0,39.0,2025-10-14 15:54:22+00:00,821.0938888888888,220.85000000000002,0.08493150684931507
2025-11-17 21:00:00+00:00,2025-12-19 00:00:00+00:00,AVGO,AVGO251219C00124000,call,True,124.0,217.35,220.3,228.9,342.6499938964844,1.3808624707031247,0.0370259995532744,0.00688749465062872,1.0,293.0,2025-11-07 14:30:08+00:00,246.49777777777777,218.825,0.08493150684931507
2025-11-17 21:00:00+00:00,2025-12-19 00:00:00+00:00,AVGO,AVGO251219C00125000,call,True,125.0,216.3,219.3,239.43,342.6499938964844,1.3476595117187498,0.0370259995532744,0.00688749465062872,1.0,49.0,2025-11-03 19:42:42+00:00,337.28833333333336,217.8,0.08493150684931507
2025-11-17 21:00:00+00:00,2025-12-19 00:00:00+00:00,AVGO,AVGO251219C00126000,call,True,126.0,215.2,218.1,213.54,342.6499938964844,1.8437507812499998,0.0370259995532744,0.00688749465062872,10.0,94.0,2025-10-06 15:39:56+00:00,1013.3344444444444,216.64999999999998,0.08493150684931507
2025-11-17 21:00:00+00:00,2025-12-19 00:00:00+00:00,AVGO,AVGO251219C00128000,call,True,128.0,213.2,216.6,211.55,342.6499938964844,1.3994170654296876,0.0370259995532744,0.00688749465062872,10.0,704.0,2025-10-06 15:39:56+00:00,1013.3344444444444,214.89999999999998,0.08493150684931507
2025-11-17 21:00:00+00:00,2025-12-19 00:00:00+00:00,AVGO,AVGO251219C00130000,call,True,130.0,211.3,214.4,206.8,342.6499938964844,1.3418001660156247,0.0370259995532744,0.00688749465062872,1.0,269.0,2025-11-13 16:08:14+00:00,100.86277777777778,212.85000000000002,0.08493150684931507
2025-11-17 21:00:00+00:00,2025-12-19 00:00:00+00:00,AVGO,AVGO251219C00132000,call,True,132.0,192.7,195.95,229.0,342.6499938964844,1.0000000000000003e-05,0.0370259995532744,0.00688749465062872,3.0,682.0,2025-09-12 16:08:10+00:00,1588.8638888888888,194.325,0.08493150684931507
2025-11-17 21:00:00+00:00,2025-12-19 00:00:00+00:00,AVGO,AVGO251219C00134000,call,True,134.0,207.45,210.45,241.73,342.6499938964844,1.369143779296875,0.0370259995532744,0.00688749465062872,1.0,207.0,2025-10-30 15:27:06+00:00,437.54833333333335,208.95,0.08493150684931507
2025-11-17 21:00:00+00:00,2025-12-19 00:00:00+00:00,AVGO,AVGO251219C00135000,call,True,135.0,206.35,209.35,247.6,342.6499938964844,1.29297228515625,0.0370259995532744,0.00688749465062872,2.0,131.0,2025-10-29 19:20:57+00:00,457.6508333333333,207.85,0.08493150684931507
2025-11-17 21:00:00+00:00,2025-12-19 00:00:00+00:00,AVGO,AVGO251219C00136000,call,True,136.0,205.35,208.35,247.55,342.6499938964844,1.2832067089843748,0.0370259995532744,0.00688749465062872,1.0,335.0,2025-10-29 19:29:22+00:00,457.5105555555556,206.85,0.08493150684931507
2025-11-17 21:00:00+00:00,2025-12-19 00:00:00+00:00,AVGO,AVGO251219C00138000,call,True,138.0,203.35,206.4,207.25,342.6499938964844,1.2812535937499998,0.0370259995532744,0.00688749465062872,1.0,498.0,2025-11-17 16:23:27+00:00,4.609166666666667,204.875,0.08493150684931507
2025-11-17 21:00:00+00:00,2025-12-19 00:00:00+00:00,AVGO,AVGO251219C00140000,call,True,140.0,201.65,204.4,190.5,342.6499938964844,1.3486360693359374,0.0370259995532744,0.00688749465062872,1.0,676.0,2025-11-14 14:31:49+00:00,78.46972222222222,203.025,0.08493150684931507
2025-11-17 21:00:00+00:00,2025-12-19 00:00:00+00:00,AVGO,AVGO251219C00142000,call,True,142.0,111.15,111.75,93.1,342.6499938964844,1.0000000000000003e-05,0.0370259995532744,0.00688749465062872,1.0,257.0,2025-05-16 18:16:44+00:00,4442.721111111111,111.45,0.08493150684931507
2025-11-17 21:00:00+00:00,2025-12-19 00:00:00+00:00,AVGO,AVGO251219C00144000,call,True,144.0,197.3,200.2,199.75,342.6499938964844,1.1171919140625,0.0370259995532744,0.00688749465062872,2.0,115.0,2025-09-19 13:30:04+00:00,1423.4988888888888,198.75,0.08493150684931507
2025-11-17 21:00:00+00:00,2025-12-19 00:00:00+00:00,AVGO,AVGO251219C00145000,call,True,145.0,196.4,199.35,214.23,342.6499938964844,1.2168007910156249,0.0370259995532744,0.00688749465062872,1.0,114.0,2025-11-06 19:06:05+00:00,265.8986111111111,197.875,0.08493150684931507
2025-11-17 21:00:00+00:00,2025-12-19 00:00:00+00:00,AVGO,AVGO251219C00146000,call,True,146.0,195.3,198.1,212.8,342.6499938964844,1.0234423828125,0.0370259995532744,0.00688749465062872,5.0,181.0,2025-10-15 14:28:15+00:00,798.5291666666667,196.7,0.08493150684931507
2025-11-17 21:00:00+00:00,2025-12-19 00:00:00+00:00,AVGO,AVGO251219C00148000,call,True,148.0,193.4,196.45,232.67,342.6499938964844,1.2197304638671875,0.0370259995532744,0.00688749465062872,1.0,477.0,2025-10-29 15:12:05+00:00,461.7986111111111,194.925,0.08493150684931507
2025-11-17 21:00:00+00:00,2025-12-19 00:00:00+00:00,AVGO,AVGO251219C00150000,call,True,150.0,191.9,194.85,192.13,342.6499938964844,1.3779327978515623,0.0370259995532744,0.00688749465062872,5.0,1147.0,2025-11-17 19:46:41+00:00,1.2219444444444445,193.375,0.08493150684931507
2025-11-17 21:00:00+00:00,2025-12-19 00:00:00+00:00,AVGO,AVGO251219C00152000,call,True,152.0,189.55,192.45,184.0,342.6499938964844,1.2216835791015623,0.0370259995532744,0.00688749465062872,1.0,185.0,2025-11-14 15:14:45+00:00,77.75416666666666,191.0,0.08493150684931507
2025-11-17 21:00:00+00:00,2025-12-19 00:00:00+00:00,AVGO,AVGO251219C00154000,call,True,154.0,142.2,143.45,101.3,342.6499938964844,1.0000000000000003e-05,0.0370259995532744,0.00688749465062872,3.0,264.0,2025-06-23 13:36:11+00:00,3535.3969444444447,142.825,0.08493150684931507
2025-11-17 21:00:00+00:00,2025-12-19 00:00:00+00:00,AVGO,AVGO251219C00155000,call,True,155.0,186.35,189.35,202.5,342.6499938964844,1.1123091259765625,0.0370259995532744,0.00688749465062872,2.0,128.0,2025-10-13 17:39:30+00:00,843.3416666666667,187.85,0.08493150684931507
2025-11-17 21:00:00+00:00,2025-12-19 00:00:00+00:00,AVGO,AVGO251219C00156000,call,True,156.0,185.35,188.3,208.8,342.6499938964844,1.0859420703125,0.0370259995532744,0.00688749465062872,1.0,197.0,2025-10-16 14:44:00+00:00,774.2666666666667,186.825,0.08493150684931507
2025-11-17 21:00:00+00:00,2025-12-19 00:00:00+00:00,AVGO,AVGO251219C00158000,call,True,158.0,0.0,0.0,207.22,342.6499938964844,1.0000000000000003e-05,0.0370259995532744,0.00688749465062872,100.0,0.0,2025-09-15 14:21:40+00:00,1518.638888888889,0.0,0.08493150684931507
2025-11-17 21:00:00+00:00,2025-12-19 00:00:00+00:00,AVGO,AVGO251219C00160000,call,True,160.0,181.5,184.5,197.41,342.6499938964844,1.150394873046875,0.0370259995532744,0.00688749465062872,1.0,639.0,2025-10-27 14:29:08+00:00,510.51444444444445,183.0,0.08493150684931507
2025-11-17 21:00:00+00:00,2025-12-19 00:00:00+00:00,AVGO,AVGO251219C00162000,call,True,162.0,179.5,182.55,190.85,342.6499938964844,1.1445355273437499,0.0370259995532744,0.00688749465062872,1.0,131.0,2025-11-07 14:34:46+00:00,246.42055555555555,181.025,0.08493150684931507
2025-11-17 21:00:00+00:00,2025-12-19 00:00:00+00:00,AVGO,AVGO251219C00164000,call,True,164.0,0.0,0.0,143.45,342.6499938964844,1.0000000000000003e-05,0.0370259995532744,0.00688749465062872,1.0,193.0,2025-08-18 13:40:26+00:00,2191.326111111111,0.0,0.08493150684931507
2025-11-17 21:00:00+00:00,2025-12-19 00:00:00+00:00,AVGO,AVGO251219C00165000,call,True,165.0,176.65,179.55,202.25,342.6499938964844,1.1474652001953123,0.0370259995532744,0.00688749465062872,1.0,152.0,2025-11-04 15:29:23+00:00,317.5102777777778,178.10000000000002,0.08493150684931507
2025-11-17 21:00:00+00:00,2025-12-19 00:00:00+00:00,AVGO,AVGO251219C00166000,call,True,166.0,175.55,178.65,197.22,342.6499938964844,1.138676181640625,0.0370259995532744,0.00688749465062872,4.0,119.0,2025-10-27 19:43:39+00:00,505.2725,177.10000000000002,0.08493150684931507
2025-11-17 21:00:00+00:00,2025-12-19 00:00:00+00:00,AVGO,AVGO251219C00168000,call,True,168.0,173.55,176.6,171.8,342.6499938964844,1.1123091259765625,0.0370259995532744,0.00688749465062872,1.0,205.0,2025-10-22 16:30:39+00:00,628.4891666666666,175.075,0.08493150684931507
2025-11-17 21:00:00+00:00,2025-12-19 00:00:00+00:00,AVGO,AVGO251219C00170000,call,True,170.0,171.55,174.65,182.5,342.6499938964844,1.1044966650390626,0.0370259995532744,0.00688749465062872,1.0,521.0,2025-11-17 14:53:32+00:00,6.107777777777778,173.10000000000002,0.08493150684931507
2025-11-17 21:00:00+00:00,2025-12-19 00:00:00+00:00,AVGO,AVGO251219C00172000,call,True,172.0,169.6,172.6,213.55,342.6499938964844,1.087895185546875,0.0370259995532744,0.00688749465062872,2.0,265.0,2025-10-29 19:38:17+00:00,457.3619444444444,171.1,0.08493150684931507
2025-11-17 21:00:00+00:00,2025-12-19 00:00:00+00:00,AVGO,AVGO251219C00174000,call,True,174.0,151.9,154.9,196.75,342.6499938964844,1.0000000000000003e-05,0.0370259995532744,0.00688749465062872,3.0,211.0,2025-09-10 14:45:52+00:00,1638.2355555555555,153.4,0.08493150684931507
2025-11-17 21:00:00+00:00,2025-12-19 00:00:00+00:00,AVGO,AVGO251219C00175000,call,True,175.0,166.7,169.5,170.6,342.6499938964844,1.062992966308594,0.0370259995532744,0.00688749465062872,6.0,593.0,2025-11-13 14:40:56+00:00,102.31777777777778,168.1,0.08493150684931507
2025-11-17 21:00:00+00:00,2025-12-19 00:00:00+00:00,AVGO,AVGO251219C00176000,call,True,176.0,165.8,168.65,178.62,342.6499938964844,1.09375453125,0.0370259995532744,0.00688749465062872,105.0,214.0,2025-11-11 20:50:42+00:00,144.155,167.22500000000002,0.08493150684931507
2025-11-17 21:00:00+00:00,2025-12-19 00:00:00+00:00,AVGO,AVGO251219C00178000,call,True,178.0,163.6,166.65,164.87,342.6499938964844,1.0468797656250002,0.0370259995532744,0.00688749465062872,1.0,402.0,2025-11-14 20:28:32+00:00,72.52444444444444,165.125,0.08493150684931507
2025-11-17 21:00:00+00:00,2025-12-19 00:00:00+00:00,AVGO,AVGO251219C00180000,call,True,180.0,161.65,164.7,164.96,342.6499938964844,1.0459032080078128,0.0370259995532744,0.00688749465062872,1.0,1260.0,2025-11-14 19:44:16+00:00,73.26222222222222,163.175,0.08493150684931507
2025-11-17 21:00:00+00:00,2025-12-19 00:00:00+00:00,AVGO,AVGO251219C00182000,call,True,182.0,159.85,162.7,158.1,342.6499938964844,1.0576218994140625,0.0370259995532744,0.00688749465062872,1.0,306.0,2025-10-22 16:30:39+00:00,628.4891666666666,161.27499999999998,0.08493150684931507
2025-11-17 21:00:00+00:00,2025-12-19 00:00:00+00:00,AVGO,AVGO251219C00184000,call,True,184.0,157.7,160.75,193.46,342.6499938964844,1.0283251708984378,0.0370259995532744,0.00688749465062872,1.0,320.0,2025-10-30 13:48:29+00:00,439.19194444444446,159.225,0.08493150684931507
2025-11-17 21:00:00+00:00,2025-12-19 00:00:00+00:00,AVGO,AVGO251219C00185000,call,True,185.0,156.7,159.75,163.27,342.6499938964844,1.0200244311523439,0.0370259995532744,0.00688749465062872,1.0,770.0,2025-11-12 15:06:01+00:00,125.89972222222222,158.225,0.08493150684931507
2025-11-17 21:00:00+00:00,2025-12-19 00:00:00+00:00,AVGO,AVGO251219C00186000,call,True,186.0,155.7,158.75,171.22,342.6499938964844,1.0122119702148438,0.0370259995532744,0.00688749465062872,1.0,3048.0,2025-10-24 18:38:06+00:00,578.365,157.225,0.08493150684931507
2025-11-17 21:00:00+00:00,2025-12-19 00:00:00+00:00,AVGO,AVGO251219C00188000,call,True,188.0,138.45,141.45,152.0,342.6499938964844,1.0000000000000003e-05,0.0370259995532744,0.00688749465062872,1.0,430.0,2025-09-09 19:23:59+00:00,1657.6002777777778,139.95,0.08493150684931507
2025-11-17 21:00:00+00:00,2025-12-19 00:00:00+00:00,AVGO,AVGO251219C00190000,call,True,190.0,151.75,154.8,162.82,342.6499938964844,0.993164130859375,0.0370259995532744,0.00688749465062872,1.0,1190.0,2025-11-17 14:57:32+00:00,6.041111111111111,153.275,0.08493150684931507
2025-11-17 21:00:00+00:00,2025-12-19 00:00:00+00:00,AVGO,AVGO251219C00192000,call,True,192.0,149.8,152.8,149.02,342.6499938964844,0.9838868798828125,0.0370259995532744,0.00688749465062872,10.0,441.0,2025-11-13 20:47:35+00:00,96.20694444444445,151.3,0.08493150684931507
2025-11-17 21:00:00+00:00,2025-12-19 00:00:00+00:00,AVGO,AVGO251219C00194000,call,True,194.0,0.0,0.0,104.48,342.6499938964844,1.0000000000000003e-05,0.0370259995532744,0.00688749465062872,1.0,339.0,2025-08-25 13:30:02+00:00,2023.4994444444444,0.0,0.08493150684931507
2025-11-17 21:00:00+00:00,2025-12-19 00:00:00+00:00,AVGO,AVGO251219C00195000,call,True,195.0,146.8,149.85,160.97,342.6499938964844,0.965820654296875,0.0370259995532744,0.00688749465062872,1.0,475.0,2025-11-11 20:10:53+00:00,144.81861111111112,148.325,0.08493150684931507
2025-11-17 21:00:00+00:00,2025-12-19 00:00:00+00:00,AVGO,AVGO251219C00196000,call,True,196.0,145.85,148.85,170.0,342.6499938964844,0.963867548828125,0.0370259995532744,0.00688749465062872,1.0,187.0,2025-11-03 19:10:36+00:00,337.8233333333333,147.35,0.08493150684931507
2025-11-17 21:00:00+00:00,2025-12-19 00:00:00+00:00,AVGO,AVGO251219C00198000,call,True,198.0,143.8,146.9,170.81,342.6499938964844,0.948242705078125,0.0370259995532744,0.00688749465062872,1.0,331.0,2025-10-28 14:15:57+00:00,486.7341666666667,145.35000000000002,0.08493150684931507
2025-11-17 21:00:00+00:00,2025-12-19 00:00:00+00:00,AVGO,AVGO251219C00200000,call,True,200.0,141.9,145.3,143.6,342.6499938964844,0.98242205078125,0.0370259995532744,0.00688749465062872,2.0,1761.0,2025-11-14 18:36:47+00:00,74.38694444444444,143.60000000000002,0.08493150684931507
2025-11-17 21:00:00+00:00,2025-12-19 00:00:00+00:00,AVGO,AVGO251219C00205000,call,True,205.0,137.65,140.0,138.59,342.6499938964844,0.9799806689453125,0.0370259995532744,0.00688749465062872,2.0,1248.0,2025-11-14 18:37:58+00:00,74.36722222222222,138.825,0.08493150684931507
2025-11-17 21:00:00+00:00,2025-12-19 00:00:00+00:00,AVGO,AVGO251219C00210000,call,True,210.0,132.0,135.45,135.9,342.6499938964844,0.9248054394531251,0.0370259995532744,0.00688749465062872,6.0,1472.0,2025-11-17 18:41:35+00:00,2.3069444444444445,133.725,0.08493150684931507
2025-11-17 21:00:00+00:00,2025-12-19 00:00:00+00:00,AVGO,AVGO251219C00215000,call,True,215.0,127.2,130.05,132.02,342.6499938964844,0.8706067626953125,0.0370259995532744,0.00688749465062872,1.0,590.0,2025-11-11 17:03:52+00:00,147.93555555555557,128.625,0.08493150684931507
2025-11-17 21:00:00+00:00,2025-12-19 00:00:00+00:00,AVGO,AVGO251219C00220000,call,True,220.0,122.25,125.25,126.07,342.6499938964844,0.8522963989257812,0.0370259995532744,0.00688749465062872,4.0,2339.0,2025-11-17 14:41:21+00:00,6.310833333333333,123.75,0.08493150684931507
2025-11-17 21:00:00+00:00,2025-12-19 00:00:00+00:00,AVGO,AVGO251219C00225000,call,True,225.0,117.65,120.4,107.0,342.6499938964844,0.8513198461914062,0.0370259995532744,0.00688749465062872,1.0,585.0,2025-11-14 14:31:48+00:00,78.47,119.025,0.08493150684931507
2025-11-17 21:00:00+00:00,2025-12-19 00:00:00+00:00,AVGO,AVGO251219C00230000,call,True,230.0,112.5,115.55,116.0,342.6499938964844,0.8137225659179688,0.0370259995532744,0.00688749465062872,1.0,1273.0,2025-11-17 18:16:59+00:00,2.7169444444444446,114.025,0.08493150684931507
2025-11-17 21:00:00+00:00,2025-12-19 00:00:00+00:00,AVGO,AVGO251219C00235000,call,True,235.0,108.4,111.1,118.8,342.6499938964844,0.8508315698242188,0.0370259995532744,0.00688749465062872,1.0,1245.0,2025-11-13 20:36:00+00:00,96.4,109.75,0.08493150684931507
2025-11-17 21:00:00+00:00,2025-12-19 00:00:00+00:00,AVGO,AVGO251219C00240000,call,True,240.0,103.65,106.3,104.75,342.6499938964844,0.8314225842285154,0.0370259995532744,0.00688749465062872,1.0,1123.0,2025-11-14 19:56:37+00:00,73.05638888888889,104.975,0.08493150684931507
2025-11-17 21:00:00+00:00,2025-12-19 00:00:00+00:00,AVGO,AVGO251219C00245000,call,True,245.0,98.1,101.15,93.16,342.6499938964844,0.762697685546875,0.0370259995532744,0.00688749465062872,1.0,953.0,2025-11-13 16:41:53+00:00,100.30194444444444,99.625,0.08493150684931507
2025-11-17 21:00:00+00:00,2025-12-19 00:00:00+00:00,AVGO,AVGO251219C00250000,call,True,250.0,93.3,96.4,93.32,342.6499938964844,0.7440211145019531,0.0370259995532744,0.00688749465062872,758.0,3083.0,2025-11-17 20:23:27+00:00,0.6091666666666666,94.85,0.08493150684931507
2025-11-17 21:00:00+00:00,2025-12-19 00:00:00+00:00,AVGO,AVGO251219C00255000,call,True,255.0,88.6,91.75,93.05,342.6499938964844,0.7310817907714844,0.0370259995532744,0.00688749465062872,2.0,1051.0,2025-11-17 18:51:00+00:00,2.15,90.175,0.08493150684931507
2025-11-17 21:00:00+00:00,2025-12-19 00:00:00+00:00,AVGO,AVGO251219C00260000,call,True,260.0,84.25,87.0,83.7,342.6499938964844,0.7236355761718749,0.0370259995532744,0.00688749465062872,255.0,1508.0,2025-11-17 20:38:17+00:00,0.36194444444444446,85.625,0.08493150684931507
2025-11-17 21:00:00+00:00,2025-12-19 00:00:00+00:00,AVGO,AVGO251219C00265000,call,True,265.0,80.1,82.5,82.5,342.6499938964844,0.7257107507324219,0.0370259995532744,0.00688749465062872,5.0,1194.0,2025-11-17 19:12:04+00:00,1.798888888888889,81.3,0.08493150684931507
2025-11-17 21:00:00+00:00,2025-12-19 00:00:00+00:00,AVGO,AVGO251219C00270000,call,True,270.0,75.55,77.85,81.2,342.6499938964844,0.7077665942382813,0.0370259995532744,0.00688749465062872,1.0,1815.0,2025-11-14 20:48:51+00:00,72.18583333333333,76.69999999999999,0.08493150684931507
2025-11-17 21:00:00+00:00,2025-12-19 00:00:00+00:00,AVGO,AVGO251219C00275000,call,True,275.0,70.6,73.5,75.05,342.6499938964844,0.6853058813476562,0.0370259995532744,0.00688749465062872,3.0,1361.0,2025-11-17 18:46:25+00:00,2.2263888888888888,72.05,0.08493150684931507
2025-11-17 21:00:00+00:00,2025-12-19 00:00:00+00:00,AVGO,AVGO251219C00280000,call,True,280.0,66.25,69.05,67.71,342.6499938964844,0.6729769030761721,0.0370259995532744,0.00688749465062872,7.0,2131.0,2025-11-17 19:19:08+00:00,1.681111111111111,67.65,0.08493150684931507
2025-11-17 21:00:00+00:00,2025-12-19 00:00:00+00:00,AVGO,AVGO251219C00290000,call,True,290.0,57.7,60.5,57.73,342.6499938964844,0.6497837756347657,0.0370259995532744,0.00688749465062872,10.0,6590.0,2025-11-17 20:02:09+00:00,0.9641666666666666,59.1,0.08493150684931507
2025-11-17 21:00:00+00:00,2025-12-19 00:00:00+00:00,AVGO,AVGO251219C00300000,call,True,300.0,50.6,52.45,50.25,342.6499938964844,0.6479527392578125,0.0370259995532744,0.00688749465062872,164.0,15283.0,2025-11-17 19:20:39+00:00,1.6558333333333333,51.525000000000006,0.08493150684931507
2025-11-17 21:00:00+00:00,2025-12-19 00:00:00+00:00,AVGO,AVGO251219C00310000,call,True,310.0,43.0,44.85,43.95,342.6499938964844,0.628482719116211,0.0370259995532744,0.00688749465062872,49.0,33316.0,2025-11-17 20:56:25+00:00,0.059722222222222225,43.925,0.08493150684931507
2025-11-17 21:00:00+00:00,2025-12-19 00:00:00+00:00,AVGO,AVGO251219C00320000,call,True,320.0,37.15,37.65,37.1,342.6499938964844,0.6250953018188478,0.0370259995532744,0.00688749465062872,99.0,3924.0,2025-11-17 20:56:24+00:00,0.06,37.4,0.08493150684931507
2025-11-17 21:00:00+00:00,2025-12-19 00:00:00+00:00,AVGO,AVGO251219C00330000,call,True,330.0,31.0,31.45,30.95,342.6499938964844,0.6145363253784181,0.0370259995532744,0.00688749465062872,483.0,19055.0,2025-11-17 20:56:24+00:00,0.06,31.225,0.08493150684931507
2025-11-17 21:00:00+00:00,2025-12-19 00:00:00+00:00,AVGO,AVGO251219C00340000,call,True,340.0,25.5,25.8,25.55,342.6499938964844,0.6035195898437502,0.0370259995532744,0.00688749465062872,393.0,5928.0,2025-11-17 20:56:25+00:00,0.059722222222222225,25.65,0.08493150684931507
2025-11-17 21:00:00+00:00,2025-12-19 00:00:00+00:00,AVGO,AVGO251219C00350000,call,False,350.0,20.7,21.1,20.6,342.6499938964844,0.5971719970703125,0.0370259995532744,0.00688749465062872,1119.0,10019.0,2025-11-17 20:52:34+00:00,0.1238888888888889,20.9,0.08493150684931507
2025-11-17 21:00:00+00:00,2025-12-19 00:00:00+00:00,AVGO,AVGO251219C00360000,call,False,360.0,16.6,16.9,16.57,342.6499938964844,0.5900309552001954,0.0370259995532744,0.00688749465062872,353.0,5185.0,2025-11-17 20:56:47+00:00,0.05361111111111111,16.75,0.08493150684931507
2025-11-17 21:00:00+00:00,2025-12-19 00:00:00+00:00,AVGO,AVGO251219C00370000,call,False,370.0,13.15,13.45,13.1,342.6499938964844,0.5852702606201172,0.0370259995532744,0.00688749465062872,164.0,13690.0,2025-11-17 20:43:31+00:00,0.2747222222222222,13.3,0.08493150684931507
2025-11-17 21:00:00+00:00,2025-12-19 00:00:00+00:00,AVGO,AVGO251219C00380000,call,False,380.0,10.35,10.6,10.16,342.6499938964844,0.5823711196899414,0.0370259995532744,0.00688749465062872,185.0,8862.0,2025-11-17 20:53:29+00:00,0.10861111111111112,10.475,0.08493150684931507
2025-11-17 21:00:00+00:00,2025-12-19 00:00:00+00:00,AVGO,AVGO251219C00390000,call,False,390.0,8.05,8.3,8.18,342.6499938964844,0.5803264624023439,0.0370259995532744,0.00688749465062872,211.0,6654.0,2025-11-17 20:48:48+00:00,0.18666666666666668,8.175,0.08493150684931507
2025-11-17 21:00:00+00:00,2025-12-19 00:00:00+00:00,AVGO,AVGO251219C00400000,call,False,400.0,6.25,6.45,6.2,342.6499938964844,0.5797161169433593,0.0370259995532744,0.00688749465062872,359.0,8933.0,2025-11-17 20:54:59+00:00,0.08361111111111111,6.35,0.08493150684931507
2025-11-17 21:00:00+00:00,2025-12-19 00:00:00+00:00,AVGO,AVGO251219C00410000,call,False,410.0,4.8,5.0,4.8,342.6499938964844,0.5796550823974609,0.0370259995532744,0.00688749465062872,198.0,5541.0,2025-11-17 20:51:18+00:00,0.145,4.9,0.08493150684931507
2025-11-17 21:00:00+00:00,2025-12-19 00:00:00+00:00,AVGO,AVGO251219C00420000,call,False,420.0,3.65,3.85,3.75,342.6499938964844,0.5795940478515625,0.0370259995532744,0.00688749465062872,220.0,3463.0,2025-11-17 20:56:43+00:00,0.05472222222222222,3.75,0.08493150684931507
2025-11-17 21:00:00+00:00,2025-12-19 00:00:00+00:00,AVGO,AVGO251219C00430000,call,False,430.0,2.8,2.96,2.87,342.6499938964844,0.5813030151367188,0.0370259995532744,0.00688749465062872,222.0,3218.0,2025-11-17 20:51:18+00:00,0.145,2.88,0.08493150684931507
2025-11-17 21:00:00+00:00,2025-12-19 00:00:00+00:00,AVGO,AVGO251219C00440000,call,False,440.0,2.13,2.28,2.08,342.6499938964844,0.5832561206054687,0.0370259995532744,0.00688749465062872,160.0,2909.0,2025-11-17 20:45:49+00:00,0.2363888888888889,2.205,0.08493150684931507
2025-11-17 21:00:00+00:00,2025-12-19 00:00:00+00:00,AVGO,AVGO251219C00450000,call,False,450.0,1.64,1.76,1.65,342.6499938964844,0.5866740551757812,0.0370259995532744,0.00688749465062872,52.0,2413.0,2025-11-17 20:54:50+00:00,0.08611111111111111,1.7,0.08493150684931507
2025-11-17 21:00:00+00:00,2025-12-19 00:00:00+00:00,AVGO,AVGO251219C00460000,call,False,460.0,1.25,1.37,1.29,342.6499938964844,0.5900919897460939,0.0370259995532744,0.00688749465062872,6.0,1478.0,2025-11-17 18:33:55+00:00,2.4347222222222222,1.31,0.08493150684931507
2025-11-17 21:00:00+00:00,2025-12-19 00:00:00+00:00,AVGO,AVGO251219C00470000,call,False,470.0,0.95,1.05,0.93,342.6499938964844,0.5925333715820313,0.0370259995532744,0.00688749465062872,239.0,678.0,2025-11-17 20:44:28+00:00,0.2588888888888889,1.0,0.08493150684931507
2025-11-17 21:00:00+00:00,2025-12-19 00:00:00+00:00,AVGO,AVGO251219C00480000,call,False,480.0,0.72,0.82,0.86,342.6499938964844,0.5961954443359375,0.0370259995532744,0.00688749465062872,93.0,776.0,2025-11-17 14:56:53+00:00,6.051944444444445,0.77,0.08493150684931507
2025-11-17 21:00:00+00:00,2025-12-19 00:00:00+00:00,AVGO,AVGO251219C00490000,call,False,490.0,0.57,0.65,0.58,342.6499938964844,0.6025430371093752,0.0370259995532744,0.00688749465062872,47.0,310.0,2025-11-17 15:50:53+00:00,5.151944444444444,0.61,0.08493150684931507
2025-11-17 21:00:00+00:00,2025-12-19 00:00:00+00:00,AVGO,AVGO251219C00500000,call,False,500.0,0.41,0.52,0.46,342.6499938964844,0.6049844189453126,0.0370259995532744,0.00688749465062872,14.0,993.0,2025-11-17 19:28:28+00:00,1.5255555555555556,0.46499999999999997,0.08493150684931507
2025-11-17 21:00:00+00:00,2025-12-19 00:00:00+00:00,AVGO,AVGO251219C00510000,call,False,510.0,0.31,0.42,0.57,342.6499938964844,0.6098671826171876,0.0370259995532744,0.00688749465062872,6.0,268.0,2025-11-13 19:06:16+00:00,97.89555555555556,0.365,0.08493150684931507
2025-11-17 21:00:00+00:00,2025-12-19 00:00:00+00:00,AVGO,AVGO251219C00520000,call,False,520.0,0.23,0.35,0.35,342.6499938964844,0.6152382226562501,0.0370259995532744,0.00688749465062872,23.0,239.0,2025-11-14 19:21:58+00:00,73.63388888888889,0.29,0.08493150684931507
2025-11-17 21:00:00+00:00,2025-12-19 00:00:00+00:00,AVGO,AVGO251219C00530000,call,False,530.0,0.2,0.29,0.3,342.6499938964844,0.6254920263671876,0.0370259995532744,0.00688749465062872,9.0,2825.0,2025-11-17 14:49:25+00:00,6.176388888888889,0.245,0.08493150684931507
2025-11-17 21:00:00+00:00,2025-12-19 00:00:00+00:00,AVGO,AVGO251219C00540000,call,False,540.0,0.12,0.24,0.2,342.6499938964844,0.6250037500000001,0.0370259995532744,0.00688749465062872,5.0,329.0,2025-11-14 20:38:14+00:00,72.36277777777778,0.18,0.08493150684931507
2025-11-17 21:00:00+00:00,2025-12-19 00:00:00+00:00,AVGO,AVGO251219C00550000,call,False,550.0,728.0,748.0,700.0,342.6499938964844,0.0,0.0370259995532744,0.00688749465062872,1.0,5.0,2024-02-13 14:30:08+00:00,15438.497777777779,738.0,0.08493150684931507
2025-11-17 21:00:00+00:00,2025-12-19 00:00:00+00:00,AVGO,AVGO251219C00560000,call,False,560.0,806.0,826.0,765.95,342.6499938964844,0.0,0.0370259995532744,0.00688749465062872,1.0,88.0,2024-02-23 18:31:32+00:00,15194.474444444444,816.0,0.08493150684931507
2025-11-17 21:00:00+00:00,2025-12-19 00:00:00+00:00,AVGO,AVGO251219C00570000,call,False,570.0,315.3,332.9,372.4,342.6499938964844,13.720704549560546,0.0370259995532744,0.00688749465062872,1.0,285.0,2023-08-30 14:45:59+00:00,19446.23361111111,324.1,0.08493150684931507
2025-11-17 21:00:00+00:00,2025-12-19 00:00:00+00:00,AVGO,AVGO251219C00580000,call,False,580.0,0.0,0.0,145.91,342.6499938964844,0.2500075,0.0370259995532744,0.00688749465062872,3.0,0.0,2023-05-08 19:27:10+00:00,22177.547222222223,0.0,0.08493150684931507
2025-11-17 21:00:00+00:00,2025-12-19 00:00:00+00:00,AVGO,AVGO251219C00590000,call,False,590.0,350.0,368.0,342.13,342.6499938964844,0.0,0.0370259995532744,0.00688749465062872,1.0,42.0,2023-09-14 15:00:54+00:00,19085.985,359.0,0.08493150684931507
2025-11-17 21:00:00+00:00,2025-12-19 00:00:00+00:00,AVGO,AVGO251219C00600000,call,False,600.0,750.0,770.0,763.05,342.6499938964844,0.0,0.0370259995532744,0.00688749465062872,1.0,48.0,2024-04-10 13:51:53+00:00,14071.135277777777,760.0,0.08493150684931507
2025-11-17 21:00:00+00:00,2025-12-19 00:00:00+00:00,AVGO,AVGO251219C00610000,call,False,610.0,742.0,760.0,750.99,342.6499938964844,0.0,0.0370259995532744,0.00688749465062872,1.0,21.0,2024-04-10 14:25:42+00:00,14070.571666666667,751.0,0.08493150684931507
2025-11-17 21:00:00+00:00,2025-12-19 00:00:00+00:00,AVGO,AVGO251219C00620000,call,False,620.0,734.0,751.9,745.95,342.6499938964844,0.0,0.0370259995532744,0.00688749465062872,3.0,10.0,2024-04-10 13:51:53+00:00,14071.135277777777,742.95,0.08493150684931507
2025-11-17 21:00:00+00:00,2025-12-19 00:00:00+00:00,AVGO,AVGO251219C00630000,call,False,630.0,1090.0,1108.0,813.11,342.6499938964844,0.0,0.0370259995532744,0.00688749465062872,1.0,41.0,2024-06-07 17:12:00+00:00,12675.8,1099.0,0.08493150684931507
2025-11-17 21:00:00+00:00,2025-12-19 00:00:00+00:00,AVGO,AVGO251219C00640000,call,False,640.0,716.0,736.0,729.05,342.6499938964844,0.0,0.0370259995532744,0.00688749465062872,10.0,5.0,2024-04-10 13:51:53+00:00,14071.135277777777,726.0,0.08493150684931507
2025-11-17 21:00:00+00:00,2025-12-19 00:00:00+00:00,AVGO,AVGO251219C00650000,call,False,650.0,1068.0,1086.0,1007.04,342.6499938964844,0.0,0.0370259995532744,0.00688749465062872,1.0,118.0,2024-07-01 18:32:52+00:00,12098.452222222222,1077.0,0.08493150684931507
2025-11-17 21:00:00+00:00,2025-12-19 00:00:00+00:00,AVGO,AVGO251219C00660000,call,False,660.0,716.0,734.0,616.0,342.6499938964844,0.0,0.0370259995532744,0.00688749465062872,1.0,15.0,2024-03-15 19:35:01+00:00,14689.416388888889,725.0,0.08493150684931507
2025-11-17 21:00:00+00:00,2025-12-19 00:00:00+00:00,AVGO,AVGO251219C00670000,call,False,670.0,698.0,718.0,767.0,342.6499938964844,0.0,0.0370259995532744,0.00688749465062872,5.0,11.0,2024-03-07 15:38:55+00:00,14885.351388888888,708.0,0.08493150684931507
2025-11-17 21:00:00+00:00,2025-12-19 00:00:00+00:00,AVGO,AVGO251219C00680000,call,False,680.0,1050.0,1068.0,786.25,342.6499938964844,0.0,0.0370259995532744,0.00688749465062872,1.0,21.0,2024-06-11 14:26:15+00:00,12582.5625,1059.0,0.08493150684931507
2025-11-17 21:00:00+00:00,2025-12-19 00:00:00+00:00,AVGO,AVGO251219C00690000,call,False,690.0,594.0,614.0,494.1,342.6499938964844,0.0,0.0370259995532744,0.00688749465062872,2.0,7.0,2024-01-18 17:07:03+00:00,16059.8825,604.0,0.08493150684931507
2025-11-17 21:00:00+00:00,2025-12-19 00:00:00+00:00,AVGO,AVGO251219C00700000,call,False,700.0,724.0,742.0,616.0,342.6499938964844,0.0,0.0370259995532744,0.00688749465062872,1.0,61.0,2024-04-18 18:02:50+00:00,13874.952777777778,733.0,0.08493150684931507
2025-11-17 21:00:00+00:00,2025-12-19 00:00:00+00:00,AVGO,AVGO251219C00710000,call,False,710.0,920.0,938.0,719.0,342.6499938964844,0.0,0.0370259995532744,0.00688749465062872,1.0,20.0,2024-05-29 17:34:50+00:00,12891.419444444444,929.0,0.08493150684931507
2025-11-17 21:00:00+00:00,2025-12-19 00:00:00+00:00,AVGO,AVGO251219C00720000,call,False,720.0,642.0,660.0,633.6,342.6499938964844,0.0,0.0370259995532744,0.00688749465062872,1.0,6.0,2024-02-29 14:30:05+00:00,15054.49861111111,651.0,0.08493150684931507
2025-11-17 21:00:00+00:00,2025-12-19 00:00:00+00:00,AVGO,AVGO251219C00730000,call,False,730.0,1024.0,1044.0,627.0,342.6499938964844,0.0,0.0370259995532744,0.00688749465062872,2.0,9.0,2024-06-04 14:11:36+00:00,12750.806666666667,1034.0,0.08493150684931507
2025-11-17 21:00:00+00:00,2025-12-19 00:00:00+00:00,AVGO,AVGO251219C00740000,call,False,740.0,640.0,660.0,717.0,342.6499938964844,0.0,0.0370259995532744,0.00688749465062872,1.0,5.0,2024-03-08 14:30:22+00:00,14862.493888888888,650.0,0.08493150684931507
2025-11-17 21:00:00+00:00,2025-12-19 00:00:00+00:00,AVGO,AVGO251219C00750000,call,False,750.0,976.0,994.0,904.83,342.6499938964844,0.0,0.0370259995532744,0.00688749465062872,2.0,46.0,2024-06-24 16:09:10+00:00,12268.847222222223,985.0,0.08493150684931507
2025-11-17 21:00:00+00:00,2025-12-19 00:00:00+00:00,AVGO,AVGO251219C00760000,call,False,760.0,674.0,692.0,511.82,342.6499938964844,0.0,0.0370259995532744,0.00688749465062872,1.0,12.0,2024-04-19 19:09:07+00:00,13849.848055555556,683.0,0.08493150684931507
2025-11-17 21:00:00+00:00,2025-12-19 00:00:00+00:00,AVGO,AVGO251219C00770000,call,False,770.0,958.0,976.0,1068.01,342.6499938964844,0.0,0.0370259995532744,0.00688749465062872,3.0,7.0,2024-06-18 14:47:54+00:00,12414.201666666666,967.0,0.08493150684931507
2025-11-17 21:00:00+00:00,2025-12-19 00:00:00+00:00,AVGO,AVGO251219C00780000,call,False,780.0,956.0,974.0,681.11,342.6499938964844,0.0,0.0370259995532744,0.00688749465062872,1.0,32.0,2024-06-07 16:28:58+00:00,12676.517222222223,965.0,0.08493150684931507
2025-11-17 21:00:00+00:00,2025-12-19 00:00:00+00:00,AVGO,AVGO251219C00790000,call,False,790.0,260.1,270.5,292.5,342.6499938964844,9.657230526733397,0.0370259995532744,0.00688749465062872,2.0,6.0,2023-11-10 20:57:30+00:00,17712.041666666668,265.3,0.08493150684931507
2025-11-17 21:00:00+00:00,2025-12-19 00:00:00+00:00,AVGO,AVGO251219C00800000,call,False,800.0,932.0,950.0,843.0,342.6499938964844,0.0,0.0370259995532744,0.00688749465062872,1.0,531.0,2024-06-28 16:25:51+00:00,12172.569166666666,941.0,0.08493150684931507
2025-11-17 21:00:00+00:00,2025-12-19 00:00:00+00:00,AVGO,AVGO251219C00810000,call,False,810.0,930.0,948.0,644.93,342.6499938964844,0.0,0.0370259995532744,0.00688749465062872,2.0,13.0,2024-06-06 13:51:59+00:00,12703.13361111111,939.0,0.08493150684931507
2025-11-17 21:00:00+00:00,2025-12-19 00:00:00+00:00,AVGO,AVGO251219C00820000,call,False,820.0,914.0,932.0,905.0,342.6499938964844,0.0,0.0370259995532744,0.00688749465062872,1.0,66.0,2024-06-13 19:20:23+00:00,12529.660277777777,923.0,0.08493150684931507
2025-11-17 21:00:00+00:00,2025-12-19 00:00:00+00:00,AVGO,AVGO251219C00830000,call,False,830.0,906.0,924.0,888.0,342.6499938964844,0.0,0.0370259995532744,0.00688749465062872,1.0,18.0,2024-07-11 18:01:47+00:00,11858.970277777778,915.0,0.08493150684931507
2025-11-17 21:00:00+00:00,2025-12-19 00:00:00+00:00,AVGO,AVGO251219C00840000,call,False,840.0,480.0,498.0,431.9,342.6499938964844,0.0,0.0370259995532744,0.00688749465062872,3.0,85.0,2024-01-19 15:15:42+00:00,16037.738333333333,489.0,0.08493150684931507
2025-11-17 21:00:00+00:00,2025-12-19 00:00:00+00:00,AVGO,AVGO251219C00850000,call,False,850.0,910.0,927.9,688.02,342.6499938964844,0.0,0.0370259995532744,0.00688749465062872,1.0,26.0,2024-06-12 13:52:50+00:00,12559.119444444445,918.95,0.08493150684931507
2025-11-17 21:00:00+00:00,2025-12-19 00:00:00+00:00,AVGO,AVGO251219C00860000,call,False,860.0,352.0,372.0,216.98,342.6499938964844,0.0,0.0370259995532744,0.00688749465062872,1.0,37.0,2023-11-30 17:00:56+00:00,17235.984444444446,362.0,0.08493150684931507
2025-11-17 21:00:00+00:00,2025-12-19 00:00:00+00:00,AVGO,AVGO251219C00870000,call,False,870.0,450.0,468.0,478.3,342.6499938964844,0.0,0.0370259995532744,0.00688749465062872,2.0,12.0,2024-02-15 17:01:17+00:00,15387.978611111112,459.0,0.08493150684931507
2025-11-17 21:00:00+00:00,2025-12-19 00:00:00+00:00,AVGO,AVGO251219C00880000,call,False,880.0,862.0,880.0,904.0,342.6499938964844,0.0,0.0370259995532744,0.00688749465062872,1.0,54.0,2024-06-20 19:59:16+00:00,12361.012222222222,871.0,0.08493150684931507
2025-11-17 21:00:00+00:00,2025-12-19 00:00:00+00:00,AVGO,AVGO251219C00890000,call,False,890.0,343.8,356.3,247.0,342.6499938964844,0.0,0.0370259995532744,0.00688749465062872,5.0,31.0,2023-11-22 15:52:24+00:00,17429.126666666667,350.05,0.08493150684931507
2025-11-17 21:00:00+00:00,2025-12-19 00:00:00+00:00,AVGO,AVGO251219C00900000,call,False,900.0,844.0,864.0,811.3,342.6499938964844,0.0,0.0370259995532744,0.00688749465062872,5.0,58.0,2024-07-02 18:50:40+00:00,12074.155555555555,854.0,0.08493150684931507
2025-11-17 21:00:00+00:00,2025-12-19 00:00:00+00:00,AVGO,AVGO251219C00910000,call,False,910.0,396.0,412.0,505.47,342.6499938964844,0.0,0.0370259995532744,0.00688749465062872,2.0,10.0,2024-03-21 13:30:18+00:00,14551.495,404.0,0.08493150684931507
2025-11-17 21:00:00+00:00,2025-12-19 00:00:00+00:00,AVGO,AVGO251219C00920000,call,False,920.0,828.0,846.0,816.53,342.6499938964844,0.0,0.0370259995532744,0.00688749465062872,1.0,29.0,2024-06-21 19:50:43+00:00,12337.154722222222,837.0,0.08493150684931507
2025-11-17 21:00:00+00:00,2025-12-19 00:00:00+00:00,AVGO,AVGO251219C00930000,call,False,930.0,394.0,410.6,271.91,342.6499938964844,0.0,0.0370259995532744,0.00688749465062872,13.0,7.0,2024-01-04 19:02:42+00:00,16393.955,402.3,0.08493150684931507
2025-11-17 21:00:00+00:00,2025-12-19 00:00:00+00:00,AVGO,AVGO251219C00940000,call,False,940.0,498.0,515.0,435.0,342.6499938964844,0.0,0.0370259995532744,0.00688749465062872,1.0,26.0,2024-03-14 17:44:50+00:00,14715.252777777778,506.5,0.08493150684931507
2025-11-17 21:00:00+00:00,2025-12-19 00:00:00+00:00,AVGO,AVGO251219C00950000,call,False,950.0,802.0,820.0,921.02,342.6499938964844,0.0,0.0370259995532744,0.00688749465062872,1.0,38.0,2024-06-18 18:18:14+00:00,12410.69611111111,811.0,0.08493150684931507
2025-11-17 21:00:00+00:00,2025-12-19 00:00:00+00:00,AVGO,AVGO251219C00960000,call,False,960.0,794.1,812.0,925.46,342.6499938964844,0.0,0.0370259995532744,0.00688749465062872,35.0,27.0,2024-06-18 16:57:32+00:00,12412.041111111112,803.05,0.08493150684931507
2025-11-17 21:00:00+00:00,2025-12-19 00:00:00+00:00,AVGO,AVGO251219C00980000,call,False,980.0,690.0,708.0,484.49,342.6499938964844,0.0,0.0370259995532744,0.00688749465062872,5.0,35.0,2024-05-30 18:21:04+00:00,12866.648888888889,699.0,0.08493150684931507
2025-11-17 21:00:00+00:00,2025-12-19 00:00:00+00:00,AVGO,AVGO251219C01000000,call,False,1000.0,762.0,778.9,793.0,342.6499938964844,0.0,0.0370259995532744,0.00688749465062872,2.0,64.0,2024-07-03 16:52:38+00:00,12052.122777777779,770.45,0.08493150684931507
2025-11-17 21:00:00+00:00,2025-12-19 00:00:00+00:00,AVGO,AVGO251219C01010000,call,False,1010.0,454.0,472.0,347.8,342.6499938964844,0.0,0.0370259995532744,0.00688749465062872,1.0,6.0,2024-02-21 19:03:32+00:00,15241.941111111111,463.0,0.08493150684931507
2025-11-17 21:00:00+00:00,2025-12-19 00:00:00+00:00,AVGO,AVGO251219C01020000,call,False,1020.0,744.0,762.0,717.25,342.6499938964844,0.0,0.0370259995532744,0.00688749465062872,9.0,30.0,2024-07-02 19:36:14+00:00,12073.396111111111,753.0,0.08493150684931507
2025-11-17 21:00:00+00:00,2025-12-19 00:00:00+00:00,AVGO,AVGO251219C01030000,call,False,1030.0,650.0,668.0,448.64,342.6499938964844,0.0,0.0370259995532744,0.00688749465062872,5.0,39.0,2024-05-30 18:21:04+00:00,12866.648888888889,659.0,0.08493150684931507
2025-11-17 21:00:00+00:00,2025-12-19 00:00:00+00:00,AVGO,AVGO251219C01040000,call,False,1040.0,764.0,780.0,493.13,342.6499938964844,0.0,0.0370259995532744,0.00688749465062872,13.0,50.0,2024-05-15 17:46:00+00:00,13227.233333333334,772.0,0.08493150684931507
2025-11-17 21:00:00+00:00,2025-12-19 00:00:00+00:00,AVGO,AVGO251219C01050000,call,False,1050.0,370.2,387.4,240.07,342.6499938964844,0.0,0.0370259995532744,0.00688749465062872,1.0,7.0,2024-01-12 17:01:31+00:00,16203.974722222221,378.79999999999995,0.08493150684931507
2025-11-17 21:00:00+00:00,2025-12-19 00:00:00+00:00,AVGO,AVGO251219C01060000,call,False,1060.0,336.0,350.4,264.14,342.6499938964844,0.0,0.0370259995532744,0.00688749465062872,1.0,2.0,2024-01-18 16:01:14+00:00,16060.979444444445,343.2,0.08493150684931507
2025-11-17 21:00:00+00:00,2025-12-19 00:00:00+00:00,AVGO,AVGO251219C01070000,call,False,1070.0,706.0,722.0,734.34,342.6499938964844,0.0,0.0370259995532744,0.00688749465062872,1.0,3.0,2024-06-13 13:41:27+00:00,12535.309166666666,714.0,0.08493150684931507
2025-11-17 21:00:00+00:00,2025-12-19 00:00:00+00:00,AVGO,AVGO251219C01080000,call,False,1080.0,294.2,311.4,320.94,342.6499938964844,12.332765963897707,0.0370259995532744,0.00688749465062872,2.0,7.0,2024-01-22 17:06:20+00:00,15963.894444444444,302.79999999999995,0.08493150684931507
2025-11-17 21:00:00+00:00,2025-12-19 00:00:00+00:00,AVGO,AVGO251219C01090000,call,False,1090.0,290.0,304.8,313.84,342.6499938964844,11.948488860321046,0.0370259995532744,0.00688749465062872,1.0,4.0,2024-01-22 17:07:22+00:00,15963.877222222221,297.4,0.08493150684931507
2025-11-17 21:00:00+00:00,2025-12-19 00:00:00+00:00,AVGO,AVGO251219C01100000,call,False,1100.0,682.0,700.0,705.4,342.6499938964844,0.0,0.0370259995532744,0.00688749465062872,3.0,66.0,2024-07-03 15:42:44+00:00,12053.287777777778,691.0,0.08493150684931507
2025-11-17 21:00:00+00:00,2025-12-19 00:00:00+00:00,AVGO,AVGO251219C01110000,call,False,1110.0,279.1,293.7,302.52,342.6499938964844,11.270632838668824,0.0370259995532744,0.00688749465062872,1.0,2.0,2024-01-22 17:07:26+00:00,15963.87611111111,286.4,0.08493150684931507
2025-11-17 21:00:00+00:00,2025-12-19 00:00:00+00:00,AVGO,AVGO251219C01120000,call,False,1120.0,302.1,316.2,275.46,342.6499938964844,12.907716776428224,0.0370259995532744,0.00688749465062872,1.0,9.0,2024-01-19 18:08:19+00:00,16034.861388888889,309.15,0.08493150684931507
2025-11-17 21:00:00+00:00,2025-12-19 00:00:00+00:00,AVGO,AVGO251219C01130000,call,False,1130.0,660.0,676.0,566.1,342.6499938964844,0.0,0.0370259995532744,0.00688749465062872,2.0,6.0,2024-06-27 19:31:32+00:00,12193.474444444444,668.0,0.08493150684931507
2025-11-17 21:00:00+00:00,2025-12-19 00:00:00+00:00,AVGO,AVGO251219C01140000,call,False,1140.0,366.0,379.4,350.29,342.6499938964844,0.0,0.0370259995532744,0.00688749465062872,5.0,7.0,2024-03-28 18:11:24+00:00,14378.81,372.7,0.08493150684931507
2025-11-17 21:00:00+00:00,2025-12-19 00:00:00+00:00,AVGO,AVGO251219C01150000,call,False,1150.0,644.0,661.8,644.02,342.6499938964844,0.0,0.0370259995532744,0.00688749465062872,1.0,95.0,2024-06-13 15:22:56+00:00,12533.617777777778,652.9,0.08493150684931507
2025-11-17 21:00:00+00:00,2025-12-19 00:00:00+00:00,AVGO,AVGO251219C01160000,call,False,1160.0,636.0,656.0,741.5,342.6499938964844,0.0,0.0370259995532744,0.00688749465062872,1.0,11.0,2024-06-17 14:31:13+00:00,12438.479722222222,646.0,0.08493150684931507
2025-11-17 21:00:00+00:00,2025-12-19 00:00:00+00:00,AVGO,AVGO251219C01170000,call,False,1170.0,630.0,648.0,733.5,342.6499938964844,0.0,0.0370259995532744,0.00688749465062872,1.0,5.0,2024-06-17 14:31:13+00:00,12438.479722222222,639.0,0.08493150684931507
2025-11-17 21:00:00+00:00,2025-12-19 00:00:00+00:00,AVGO,AVGO251219C01180000,call,False,1180.0,167.0,182.0,144.7,342.6499938964844,7.1484385644531265,0.0370259995532744,0.00688749465062872,9.0,18.0,2023-12-11 20:50:03+00:00,16968.165833333333,174.5,0.08493150684931507
2025-11-17 21:00:00+00:00,2025-12-19 00:00:00+00:00,AVGO,AVGO251219C01190000,call,False,1190.0,616.0,631.0,564.7,342.6499938964844,0.0,0.0370259995532744,0.00688749465062872,2.0,8.0,2024-07-01 18:00:59+00:00,12098.98361111111,623.5,0.08493150684931507
2025-11-17 21:00:00+00:00,2025-12-19 00:00:00+00:00,AVGO,AVGO251219C01200000,call,False,1200.0,608.0,623.2,544.0,342.6499938964844,0.0,0.0370259995532744,0.00688749465062872,1.0,28.0,2024-06-27 13:37:13+00:00,12199.379722222222,615.6,0.08493150684931507
2025-11-17 21:00:00+00:00,2025-12-19 00:00:00+00:00,AVGO,AVGO251219C01210000,call,False,1210.0,634.0,652.0,395.0,342.6499938964844,0.0,0.0370259995532744,0.00688749465062872,1.0,9.0,2024-05-16 14:29:17+00:00,13206.511944444444,643.0,0.08493150684931507
2025-11-17 21:00:00+00:00,2025-12-19 00:00:00+00:00,AVGO,AVGO251219C01220000,call,False,1220.0,594.0,612.0,615.39,342.6499938964844,0.0,0.0370259995532744,0.00688749465062872,1.0,5.0,2024-06-14 14:12:46+00:00,12510.787222222221,603.0,0.08493150684931507
2025-11-17 21:00:00+00:00,2025-12-19 00:00:00+00:00,AVGO,AVGO251219C01240000,call,False,1240.0,580.0,595.6,411.7,342.6499938964844,0.0,0.0370259995532744,0.00688749465062872,1.0,34.0,2024-06-12 16:55:08+00:00,12556.08111111111,587.8,0.08493150684931507
2025-11-17 21:00:00+00:00,2025-12-19 00:00:00+00:00,AVGO,AVGO251219C01260000,call,False,1260.0,566.2,581.0,570.0,342.6499938964844,0.0,0.0370259995532744,0.00688749465062872,1.0,10.0,2024-06-13 15:06:53+00:00,12533.885277777777,573.6,0.08493150684931507
2025-11-17 21:00:00+00:00,2025-12-19 00:00:00+00:00,AVGO,AVGO251219C01280000,call,False,1280.0,552.0,567.6,631.9,342.6499938964844,0.0,0.0370259995532744,0.00688749465062872,1.0,75.0,2024-07-10 18:58:11+00:00,11882.030277777778,559.8,0.08493150684931507
2025-11-17 21:00:00+00:00,2025-12-19 00:00:00+00:00,AVGO,AVGO251219C01300000,call,False,1300.0,540.1,555.3,455.5,342.6499938964844,0.0,0.0370259995532744,0.00688749465062872,2.0,64.0,2024-06-27 18:50:37+00:00,12194.156388888889,547.7,0.08493150684931507
2025-11-17 21:00:00+00:00,2025-12-19 00:00:00+00:00,AVGO,AVGO251219C01320000,call,False,1320.0,526.0,541.5,538.53,342.6499938964844,0.0,0.0370259995532744,0.00688749465062872,1.0,71.0,2024-06-21 14:11:33+00:00,12342.8075,533.75,0.08493150684931507
2025-11-17 21:00:00+00:00,2025-12-19 00:00:00+00:00,AVGO,AVGO251219C01340000,call,False,1340.0,514.0,529.2,538.28,342.6499938964844,0.0,0.0370259995532744,0.00688749465062872,1.0,32.0,2024-07-11 15:01:34+00:00,11861.97388888889,521.6,0.08493150684931507
2025-11-17 21:00:00+00:00,2025-12-19 00:00:00+00:00,AVGO,AVGO251219C01360000,call,False,1360.0,500.0,517.5,415.2,342.6499938964844,0.0,0.0370259995532744,0.00688749465062872,2.0,43.0,2024-06-27 17:35:53+00:00,12195.401944444444,508.75,0.08493150684931507
2025-11-17 21:00:00+00:00,2025-12-19 00:00:00+00:00,AVGO,AVGO251219C01380000,call,False,1380.0,488.1,504.0,519.0,342.6499938964844,0.0,0.0370259995532744,0.00688749465062872,1.0,16.0,2024-07-12 17:59:02+00:00,11835.016111111112,496.05,0.08493150684931507
2025-11-17 21:00:00+00:00,2025-12-19 00:00:00+00:00,AVGO,AVGO251219C01400000,call,False,1400.0,476.0,493.4,521.25,342.6499938964844,0.0,0.0370259995532744,0.00688749465062872,2.0,23.0,2024-07-05 14:03:31+00:00,12006.941388888888,484.7,0.08493150684931507
2025-11-17 21:00:00+00:00,2025-12-19 00:00:00+00:00,AVGO,AVGO251219C01420000,call,False,1420.0,464.0,481.1,381.9,342.6499938964844,0.0,0.0370259995532744,0.00688749465062872,2.0,27.0,2024-06-27 18:25:28+00:00,12194.575555555555,472.55,0.08493150684931507
2025-11-17 21:00:00+00:00,2025-12-19 00:00:00+00:00,AVGO,AVGO251219C01440000,call,False,1440.0,452.0,468.9,489.0,342.6499938964844,0.0,0.0370259995532744,0.00688749465062872,1.0,22.0,2024-07-03 16:00:56+00:00,12052.984444444444,460.45,0.08493150684931507
2025-11-17 21:00:00+00:00,2025-12-19 00:00:00+00:00,AVGO,AVGO251219C01460000,call,False,1460.0,440.0,457.3,367.6,342.6499938964844,0.0,0.0370259995532744,0.00688749465062872,2.0,23.0,2024-06-27 19:26:18+00:00,12193.561666666666,448.65,0.08493150684931507
2025-11-17 21:00:00+00:00,2025-12-19 00:00:00+00:00,AVGO,AVGO251219C01480000,call,False,1480.0,430.0,445.4,424.65,342.6499938964844,0.0,0.0370259995532744,0.00688749465062872,20.0,33.0,2024-07-03 13:36:57+00:00,12055.384166666667,437.7,0.08493150684931507
2025-11-17 21:00:00+00:00,2025-12-19 00:00:00+00:00,AVGO,AVGO251219C01500000,call,False,1500.0,418.0,435.1,444.0,342.6499938964844,0.0,0.0370259995532744,0.00688749465062872,4.0,18.0,2024-07-11 14:16:41+00:00,11862.721944444444,426.55,0.08493150684931507
2025-11-17 21:00:00+00:00,2025-12-19 00:00:00+00:00,AVGO,AVGO251219C01520000,call,False,1520.0,408.0,425.2,428.0,342.6499938964844,0.0,0.0370259995532744,0.00688749465062872,1.0,16.0,2024-07-11 16:21:45+00:00,11860.6375,416.6,0.08493150684931507
2025-11-17 21:00:00+00:00,2025-12-19 00:00:00+00:00,AVGO,AVGO251219C01540000,call,False,1540.0,398.0,413.9,462.0,342.6499938964844,0.0,0.0370259995532744,0.00688749465062872,3.0,20.0,2024-07-10 19:05:59+00:00,11881.900277777779,405.95,0.08493150684931507
2025-11-17 21:00:00+00:00,2025-12-19 00:00:00+00:00,AVGO,AVGO251219C01560000,call,False,1560.0,389.0,403.8,396.85,342.6499938964844,0.0,0.0370259995532744,0.00688749465062872,8.0,21.0,2024-07-11 18:41:18+00:00,11858.311666666666,396.4,0.08493150684931507
2025-11-17 21:00:00+00:00,2025-12-19 00:00:00+00:00,AVGO,AVGO251219C01580000,call,False,1580.0,378.0,393.8,428.5,342.6499938964844,0.0,0.0370259995532744,0.00688749465062872,4.0,44.0,2024-07-09 14:26:05+00:00,11910.565277777778,385.9,0.08493150684931507
2025-11-17 21:00:00+00:00,2025-12-19 00:00:00+00:00,AVGO,AVGO251219C01600000,call,False,1600.0,368.0,384.0,397.9,342.6499938964844,0.0,0.0370259995532744,0.00688749465062872,1.0,11.0,2024-07-11 15:17:06+00:00,11861.715,376.0,0.08493150684931507
2025-11-17 21:00:00+00:00,2025-12-19 00:00:00+00:00,AVGO,AVGO251219C01620000,call,False,1620.0,358.0,373.7,382.2,342.6499938964844,0.0,0.0370259995532744,0.00688749465062872,2.0,2.0,2024-07-11 19:15:08+00:00,11857.747777777779,365.85,0.08493150684931507
2025-11-17 21:00:00+00:00,2025-12-19 00:00:00+00:00,AVGO,AVGO251219C01640000,call,False,1640.0,348.0,365.7,300.6,342.6499938964844,0.0,0.0370259995532744,0.00688749465062872,2.0,11.0,2024-07-01 14:41:59+00:00,12102.300277777778,356.85,0.08493150684931507
2025-11-17 21:00:00+00:00,2025-12-19 00:00:00+00:00,AVGO,AVGO251219C01660000,call,False,1660.0,338.0,356.0,361.25,342.6499938964844,0.0,0.0370259995532744,0.00688749465062872,1.0,5.0,2024-07-11 16:17:27+00:00,11860.709166666667,347.0,0.08493150684931507
2025-11-17 21:00:00+00:00,2025-12-19 00:00:00+00:00,AVGO,AVGO251219C01680000,call,False,1680.0,330.0,347.7,372.2,342.6499938964844,18.88379316131592,0.0370259995532744,0.00688749465062872,1.0,5.0,2024-07-09 14:58:37+00:00,11910.023055555555,338.85,0.08493150684931507
2025-11-17 21:00:00+00:00,2025-12-19 00:00:00+00:00,AVGO,AVGO251219C01700000,call,False,1700.0,322.1,337.9,334.2,342.6499938964844,16.072758883514403,0.0370259995532744,0.00688749465062872,4.0,45.0,2024-07-12 18:28:26+00:00,11834.52611111111,330.0,0.08493150684931507
2025-11-17 21:00:00+00:00,2025-12-19 00:00:00+00:00,AVGO,AVGO251219C01720000,call,False,1720.0,312.1,329.2,326.6,342.6499938964844,14.638184444885255,0.0370259995532744,0.00688749465062872,3.0,15.0,2024-07-12 19:35:39+00:00,11833.405833333334,320.65,0.08493150684931507
2025-11-17 21:00:00+00:00,2025-12-19 00:00:00+00:00,AVGO,AVGO251219C01740000,call,False,1740.0,304.0,320.9,340.79,342.6499938964844,13.768311941680908,0.0370259995532744,0.00688749465062872,2.0,21.0,2024-07-11 14:05:47+00:00,11862.90361111111,312.45,0.08493150684931507
2025-11-17 21:00:00+00:00,2025-12-19 00:00:00+00:00,AVGO,AVGO251219C01760000,call,False,1760.0,296.5,311.4,318.31,342.6499938964844,13.05725281578064,0.0370259995532744,0.00688749465062872,1.0,6.0,2024-07-10 19:45:30+00:00,11881.241666666667,303.95,0.08493150684931507
2025-11-17 21:00:00+00:00,2025-12-19 00:00:00+00:00,AVGO,AVGO251219C01780000,call,False,1780.0,288.0,301.0,308.0,342.6499938964844,12.404909473495483,0.0370259995532744,0.00688749465062872,9.0,61.0,2024-07-11 16:20:18+00:00,11860.661666666667,294.5,0.08493150684931507
2025-11-17 21:00:00+00:00,2025-12-19 00:00:00+00:00,AVGO,AVGO251219C01800000,call,False,1800.0,280.1,292.6,298.79,342.6499938964844,11.924074813079834,0.0370259995532744,0.00688749465062872,1.0,78.0,2024-07-12 19:24:52+00:00,11833.585555555555,286.35,0.08493150684931507
2025-11-17 21:00:00+00:00,2025-12-19 00:00:00+00:00,AVGO,AVGO251219C01820000,call,False,1820.0,272.0,285.0,327.9,342.6499938964844,11.512453976593019,0.0370259995532744,0.00688749465062872,1.0,16.0,2024-07-10 18:19:27+00:00,11882.675833333333,278.5,0.08493150684931507
2025-11-17 21:00:00+00:00,2025-12-19 00:00:00+00:00,AVGO,AVGO251219C01840000,call,False,1840.0,266.0,277.7,287.65,342.6499938964844,11.19641413505554,0.0370259995532744,0.00688749465062872,5.0,33.0,2024-07-12 19:15:59+00:00,11833.73361111111,271.85,0.08493150684931507
2025-11-17 21:00:00+00:00,2025-12-19 00:00:00+00:00,AVGO,AVGO251219C01860000,call,False,1860.0,258.0,273.5,295.85,342.6499938964844,10.927859615402223,0.0370259995532744,0.00688749465062872,1.0,310.0,2024-07-09 15:53:54+00:00,11909.101666666667,265.75,0.08493150684931507
2025-11-17 21:00:00+00:00,2025-12-19 00:00:00+00:00,AVGO,AVGO251219C01880000,call,False,1880.0,252.0,263.5,307.2,342.6499938964844,10.59552339733124,0.0370259995532744,0.00688749465062872,1.0,34.0,2024-07-10 16:35:48+00:00,11884.403333333334,257.75,0.08493150684931507
2025-11-17 21:00:00+00:00,2025-12-19 00:00:00+00:00,AVGO,AVGO251219C01900000,call,False,1900.0,244.0,256.2,251.15,342.6499938964844,10.300052390594484,0.0370259995532744,0.00688749465062872,6.0,81.0,2024-07-12 19:50:34+00:00,11833.157222222222,250.1,0.08493150684931507
2025-11-17 21:00:00+00:00,2025-12-19 00:00:00+00:00,AVGO,AVGO251219C01920000,call,False,1920.0,238.0,251.1,263.17,342.6499938964844,10.100955835342411,0.0370259995532744,0.00688749465062872,1.0,29.0,2024-07-12 17:52:06+00:00,11835.131666666666,244.55,0.08493150684931507
2025-11-17 21:00:00+00:00,2025-12-19 00:00:00+00:00,AVGO,AVGO251219C01940000,call,False,1940.0,232.0,242.8,255.4,342.6499938964844,9.852481869544986,0.0370259995532744,0.00688749465062872,52.0,31.0,2024-07-05 16:45:25+00:00,12004.243055555555,237.4,0.08493150684931507
2025-11-17 21:00:00+00:00,2025-12-19 00:00:00+00:00,AVGO,AVGO251219C01960000,call,False,1960.0,224.0,236.9,260.1,342.6499938964844,9.622745685005189,0.0370259995532744,0.00688749465062872,1.0,6.0,2024-07-08 16:57:47+00:00,11932.036944444444,230.45,0.08493150684931507
2025-11-17 21:00:00+00:00,2025-12-19 00:00:00+00:00,AVGO,AVGO251219C01980000,call,False,1980.0,218.1,235.0,245.8,342.6499938964844,9.504520661239624,0.0370259995532744,0.00688749465062872,1.0,4.0,2024-07-12 18:19:18+00:00,11834.678333333333,226.55,0.08493150684931507
2025-11-17 21:00:00+00:00,2025-12-19 00:00:00+00:00,AVGO,AVGO251219C02000000,call,False,2000.0,212.0,225.8,230.0,342.6499938964844,9.267094051818848,0.0370259995532744,0.00688749465062872,10.0,89.0,2024-07-12 19:26:20+00:00,11833.56111111111,218.9,0.08493150684931507
2025-11-17 21:00:00+00:00,2025-12-19 00:00:00+00:00,AVGO,AVGO251219C02050000,call,False,2050.0,200.0,210.7,221.0,342.6499938964844,8.879704157218933,0.0370259995532744,0.00688749465062872,1.0,2.0,2024-07-12 17:32:43+00:00,11835.454722222223,205.35,0.08493150684931507
2025-11-17 21:00:00+00:00,2025-12-19 00:00:00+00:00,AVGO,AVGO251219C02100000,call,False,2100.0,187.0,201.1,143.9,342.6499938964844,8.5806931136322,0.0370259995532744,0.00688749465062872,2.0,100.0,2024-06-27 19:45:16+00:00,12193.245555555555,194.05,0.08493150684931507
2025-11-17 21:00:00+00:00,2025-12-19 00:00:00+00:00,AVGO,AVGO251219C02150000,call,False,2150.0,174.0,188.0,190.0,342.6499938964844,8.24658687713623,0.0370259995532744,0.00688749465062872,1.0,3.0,2024-07-05 18:32:12+00:00,12002.463333333333,181.0,0.08493150684931507
2025-11-17 21:00:00+00:00,2025-12-19 00:00:00+00:00,AVGO,AVGO251219C02200000,call,False,2200.0,163.0,175.0,169.67,342.6499938964844,7.954589900512696,0.0370259995532744,0.00688749465062872,3.0,12.0,2024-07-11 18:16:23+00:00,11858.726944444445,169.0,0.08493150684931507
2025-11-17 21:00:00+00:00,2025-12-19 00:00:00+00:00,AVGO,AVGO251219C02250000,call,False,2250.0,152.0,165.4,125.1,342.6499938964844,7.716064808044433,0.0370259995532744,0.00688749465062872,6.0,5.0,2024-06-26 17:20:15+00:00,12219.6625,158.7,0.08493150684931507
2025-11-17 21:00:00+00:00,2025-12-19 00:00:00+00:00,AVGO,AVGO251219C02300000,call,False,2300.0,142.0,155.1,117.7,342.6499938964844,7.486572907409668,0.0370259995532744,0.00688749465062872,2.0,7.0,2024-06-28 16:26:44+00:00,12172.554444444444,148.55,0.08493150684931507
2025-11-17 21:00:00+00:00,2025-12-19 00:00:00+00:00,AVGO,AVGO251219C02350000,call,False,2350.0,132.0,145.9,188.09,342.6499938964844,7.274689627342225,0.0370259995532744,0.00688749465062872,,10.0,2024-06-20 15:09:08+00:00,12365.847777777777,138.95,0.08493150684931507
2025-11-17 21:00:00+00:00,2025-12-19 00:00:00+00:00,AVGO,AVGO251219C02400000,call,False,2400.0,123.0,137.0,209.53,342.6499938964844,7.0812389414215104,0.0370259995532744,0.00688749465062872,,5.0,2024-06-18 17:29:44+00:00,12411.504444444445,130.0,0.08493150684931507
2025-11-17 21:00:00+00:00,2025-12-19 00:00:00+00:00,AVGO,AVGO251219C02450000,call,False,2450.0,115.0,128.7,134.09,342.6499938964844,6.90857070022583,0.0370259995532744,0.00688749465062872,2.0,4.0,2024-07-12 15:56:44+00:00,11837.054444444444,121.85,0.08493150684931507
2025-11-17 21:00:00+00:00,2025-12-19 00:00:00+00:00,AVGO,AVGO251219C02500000,call,False,2500.0,107.0,120.8,124.38,342.6499938964844,6.740907335586549,0.0370259995532744,0.00688749465062872,15.0,85.0,2024-07-12 18:22:45+00:00,11834.620833333332,113.9,0.08493150684931507
2025-11-17 21:00:00+00:00,2025-12-19 00:00:00+00:00,AVGO,AVGO251219C02600000,call,False,2600.0,96.0,106.0,144.0,342.6499938964844,6.4774188954162595,0.0370259995532744,0.00688749465062872,,3.0,2024-06-17 15:15:45+00:00,12437.7375,101.0,0.08493150684931507
2025-11-17 21:00:00+00:00,2025-12-19 00:00:00+00:00,AVGO,AVGO251219C02650000,call,False,2650.0,90.0,99.0,157.3,342.6499938964844,6.342470333633423,0.0370259995532744,0.00688749465062872,,1.0,2024-06-18 14:24:38+00:00,12414.589444444444,94.5,0.08493150684931507
2025-11-17 21:00:00+00:00,2025-12-19 00:00:00+00:00,AVGO,AVGO251219C02700000,call,False,2700.0,84.0,93.0,73.1,342.6499938964844,6.2181723933029165,0.0370259995532744,0.00688749465062872,2.0,2.0,2024-07-01 17:23:10+00:00,12099.613888888889,88.5,0.08493150684931507
2025-11-17 21:00:00+00:00,2025-12-19 00:00:00+00:00,AVGO,AVGO251219C02750000,call,False,2750.0,79.0,87.9,90.4,342.6499938964844,6.115908116836547,0.0370259995532744,0.00688749465062872,10.0,68.0,2024-07-12 18:22:45+00:00,11834.620833333332,83.45,0.08493150684931507
2025-11-17 21:00:00+00:00,2025-12-19 00:00:00+00:00,AVGO,AVGO251219P00031000,put,False,31.0,0.0,0.47,0.04,342.6499938964844,3.3515641210937495,0.0370259995532744,0.00688749465062872,1.0,1631.0,2025-11-06 16:17:23+00:00,268.7102777777778,0.235,0.08493150684931507
2025-11-17 21:00:00+00:00,2025-12-19 00:00:00+00:00,AVGO,AVGO251219P00032000,put,False,32.0,0.0,0.05,0.02,342.6499938964844,2.6250034375,0.0370259995532744,0.00688749465062872,1.0,349.0,2025-07-07 15:25:53+00:00,3197.5686111111113,0.025,0.08493150684931507
2025-11-17 21:00:00+00:00,2025-12-19 00:00:00+00:00,AVGO,AVGO251219P00033000,put,False,33.0,0.0,0.05,0.02,342.6499938964844,2.593753515625,0.0370259995532744,0.00688749465062872,1.0,216.0,2025-07-07 15:26:13+00:00,3197.5630555555554,0.025,0.08493150684931507
2025-11-17 21:00:00+00:00,2025-12-19 00:00:00+00:00,AVGO,AVGO251219P00034000,put,False,34.0,0.0,0.25,0.02,342.6499938964844,2.99219001953125,0.0370259995532744,0.00688749465062872,36.0,245.0,2025-09-26 19:06:49+00:00,1249.8863888888889,0.125,0.08493150684931507
2025-11-17 21:00:00+00:00,2025-12-19 00:00:00+00:00,AVGO,AVGO251219P00035000,put,False,35.0,0.0,0.1,0.01,342.6499938964844,2.68750328125,0.0370259995532744,0.00688749465062872,9.0,859.0,2025-10-29 13:31:52+00:00,463.4688888888889,0.05,0.08493150684931507
2025-11-17 21:00:00+00:00,2025-12-19 00:00:00+00:00,AVGO,AVGO251219P00036000,put,False,36.0,0.0,0.64,0.01,342.6499938964844,3.2578143554687498,0.0370259995532744,0.00688749465062872,1.0,225.0,2025-09-11 19:08:13+00:00,1609.8630555555555,0.32,0.08493150684931507
2025-11-17 21:00:00+00:00,2025-12-19 00:00:00+00:00,AVGO,AVGO251219P00037000,put,False,37.0,0.0,0.27,0.07,342.6499938964844,2.902346494140625,0.0370259995532744,0.00688749465062872,1.0,102.0,2025-11-13 20:19:45+00:00,96.67083333333333,0.135,0.08493150684931507
2025-11-17 21:00:00+00:00,2025-12-19 00:00:00+00:00,AVGO,AVGO251219P00038000,put,False,38.0,0.0,0.07,0.07,342.6499938964844,2.50781623046875,0.0370259995532744,0.00688749465062872,1.0,152.0,2025-11-13 20:19:53+00:00,96.6686111111111,0.035,0.08493150684931507
2025-11-17 21:00:00+00:00,2025-12-19 00:00:00+00:00,AVGO,AVGO251219P00039000,put,False,39.0,0.0,0.07,0.07,342.6499938964844,2.4843787890625,0.0370259995532744,0.00688749465062872,1.0,160.0,2025-11-13 20:20:09+00:00,96.66416666666667,0.035,0.08493150684931507
2025-11-17 21:00:00+00:00,2025-12-19 00:00:00+00:00,AVGO,AVGO251219P00040000,put,False,40.0,0.0,0.07,0.07,342.6499938964844,2.4531288671875,0.0370259995532744,0.00688749465062872,1.0,477.0,2025-11-13 20:21:55+00:00,96.63472222222222,0.035,0.08493150684931507
2025-11-17 21:00:00+00:00,2025-12-19 00:00:00+00:00,AVGO,AVGO251219P00041000,put,False,41.0,0.0,0.14,0.08,342.6499938964844,2.582034794921875,0.0370259995532744,0.00688749465062872,38.0,78.0,2025-01-17 20:55:47+00:00,7296.070277777778,0.07,0.08493150684931507
2025-11-17 21:00:00+00:00,2025-12-19 00:00:00+00:00,AVGO,AVGO251219P00042000,put,False,42.0,0.0,0.05,0.06,342.6499938964844,2.328129179687499,0.0370259995532744,0.00688749465062872,2.0,352.0,2025-06-25 14:13:04+00:00,3486.782222222222,0.025,0.08493150684931507
2025-11-17 21:00:00+00:00,2025-12-19 00:00:00+00:00,AVGO,AVGO251219P00043000,put,False,43.0,0.0,0.07,0.03,342.6499938964844,2.3593791015624994,0.0370259995532744,0.00688749465062872,1.0,43.0,2025-11-17 15:18:11+00:00,5.696944444444444,0.035,0.08493150684931507
2025-11-17 21:00:00+00:00,2025-12-19 00:00:00+00:00,AVGO,AVGO251219P00044000,put,False,44.0,0.0,0.35,0.01,342.6499938964844,2.750003125,0.0370259995532744,0.00688749465062872,1201.0,1232.0,2025-07-03 15:13:03+00:00,3293.7825,0.175,0.08493150684931507
2025-11-17 21:00:00+00:00,2025-12-19 00:00:00+00:00,AVGO,AVGO251219P00045000,put,False,45.0,0.0,0.27,0.07,342.6499938964844,2.6406283984375003,0.0370259995532744,0.00688749465062872,1.0,319.0,2025-11-13 20:24:07+00:00,96.59805555555556,0.135,0.08493150684931507
2025-11-17 21:00:00+00:00,2025-12-19 00:00:00+00:00,AVGO,AVGO251219P00046000,put,False,46.0,0.0,0.05,0.02,342.6499938964844,2.2187544531249994,0.0370259995532744,0.00688749465062872,1.0,104.0,2025-11-13 20:18:37+00:00,96.68972222222222,0.025,0.08493150684931507
2025-11-17 21:00:00+00:00,2025-12-19 00:00:00+00:00,AVGO,AVGO251219P00047000,put,False,47.0,0.0,0.0,0.03,342.6499938964844,0.500005,0.0370259995532744,0.00688749465062872,4.0,165.0,2025-08-26 14:15:18+00:00,1998.745,0.0,0.08493150684931507
2025-11-17 21:00:00+00:00,2025-12-19 00:00:00+00:00,AVGO,AVGO251219P00048000,put,False,48.0,0.0,0.05,0.02,342.6499938964844,2.1718795703125,0.0370259995532744,0.00688749465062872,2.0,87.0,2025-11-13 20:21:06+00:00,96.64833333333333,0.025,0.08493150684931507
2025-11-17 21:00:00+00:00,2025-12-19 00:00:00+00:00,AVGO,AVGO251219P00049000,put,False,49.0,0.0,0.25,0.01,342.6499938964844,2.50781623046875,0.0370259995532744,0.00688749465062872,2.0,943.0,2025-09-30 13:54:46+00:00,1159.0872222222222,0.125,0.08493150684931507
2025-11-17 21:00:00+00:00,2025-12-19 00:00:00+00:00,AVGO,AVGO251219P00050000,put,False,50.0,0.01,0.05,0.03,342.6499938964844,2.16406708984375,0.0370259995532744,0.00688749465062872,3.0,537.0,2025-11-13 20:24:18+00:00,96.595,0.030000000000000002,0.08493150684931507
2025-11-17 21:00:00+00:00,2025-12-19 00:00:00+00:00,AVGO,AVGO251219P00051000,put,False,51.0,0.0,0.07,0.05,342.6499938964844,2.1718795703125,0.0370259995532744,0.00688749465062872,10.0,281.0,2025-06-06 15:14:21+00:00,3941.7608333333333,0.035,0.08493150684931507
2025-11-17 21:00:00+00:00,2025-12-19 00:00:00+00:00,AVGO,AVGO251219P00052000,put,False,52.0,0.0,0.07,0.09,342.6499938964844,2.14844212890625,0.0370259995532744,0.00688749465062872,4.0,164.0,2025-06-02 13:56:02+00:00,4039.0661111111112,0.035,0.08493150684931507
2025-11-17 21:00:00+00:00,2025-12-19 00:00:00+00:00,AVGO,AVGO251219P00053000,put,False,53.0,0.0,0.25,0.02,342.6499938964844,2.4062539843749997,0.0370259995532744,0.00688749465062872,1.0,323.0,2025-09-30 13:55:31+00:00,1159.0747222222221,0.125,0.08493150684931507
2025-11-17 21:00:00+00:00,2025-12-19 00:00:00+00:00,AVGO,AVGO251219P00054000,put,False,54.0,0.0,0.34,0.02,342.6499938964844,2.464847587890625,0.0370259995532744,0.00688749465062872,1.0,155.0,2025-09-24 15:09:04+00:00,1301.848888888889,0.17,0.08493150684931507
2025-11-17 21:00:00+00:00,2025-12-19 00:00:00+00:00,AVGO,AVGO251219P00055000,put,False,55.0,0.0,0.25,0.03,342.6499938964844,2.3593791015624994,0.0370259995532744,0.00688749465062872,16.0,294.0,2025-09-26 19:05:13+00:00,1249.9130555555555,0.125,0.08493150684931507
2025-11-17 21:00:00+00:00,2025-12-19 00:00:00+00:00,AVGO,AVGO251219P00056000,put,False,56.0,0.0,0.26,0.02,342.6499938964844,2.3437541406249993,0.0370259995532744,0.00688749465062872,1.0,23.0,2025-09-30 13:55:50+00:00,1159.0694444444443,0.13,0.08493150684931507
2025-11-17 21:00:00+00:00,2025-12-19 00:00:00+00:00,AVGO,AVGO251219P00057000,put,False,57.0,0.0,0.08,0.11,342.6499938964844,2.0625048437499998,0.0370259995532744,0.00688749465062872,5.0,127.0,2025-06-09 16:11:44+00:00,3868.8044444444445,0.04,0.08493150684931507
2025-11-17 21:00:00+00:00,2025-12-19 00:00:00+00:00,AVGO,AVGO251219P00058000,put,False,58.0,0.0,0.25,0.02,342.6499938964844,2.28906677734375,0.0370259995532744,0.00688749465062872,1.0,274.0,2025-10-02 16:15:50+00:00,1108.736111111111,0.125,0.08493150684931507
2025-11-17 21:00:00+00:00,2025-12-19 00:00:00+00:00,AVGO,AVGO251219P00059000,put,False,59.0,0.0,0.05,0.04,342.6499938964844,1.9453127734375002,0.0370259995532744,0.00688749465062872,1.0,182.0,2025-09-23 19:46:45+00:00,1321.2208333333333,0.025,0.08493150684931507
2025-11-17 21:00:00+00:00,2025-12-19 00:00:00+00:00,AVGO,AVGO251219P00060000,put,False,60.0,0.0,0.05,0.02,342.6499938964844,1.9218753906250001,0.0370259995532744,0.00688749465062872,1.0,361.0,2025-10-07 19:12:29+00:00,985.7919444444444,0.025,0.08493150684931507
2025-11-17 21:00:00+00:00,2025-12-19 00:00:00+00:00,AVGO,AVGO251219P00061000,put,False,61.0,0.0,0.25,0.04,342.6499938964844,2.2265669335937495,0.0370259995532744,0.00688749465062872,1.0,1024.0,2025-09-24 13:48:16+00:00,1303.1955555555555,0.125,0.08493150684931507
2025-11-17 21:00:00+00:00,2025-12-19 00:00:00+00:00,AVGO,AVGO251219P00062000,put,False,62.0,0.0,0.0,0.04,342.6499938964844,0.500005,0.0370259995532744,0.00688749465062872,1.0,118.0,2025-08-18 18:51:08+00:00,2186.1477777777777,0.0,0.08493150684931507
2025-11-17 21:00:00+00:00,2025-12-19 00:00:00+00:00,AVGO,AVGO251219P00063000,put,False,63.0,0.17,0.22,0.47,342.6499938964844,2.2949261376953123,0.0370259995532744,0.00688749465062872,19.0,451.0,2025-05-01 13:30:05+00:00,4807.498611111111,0.195,0.08493150684931507
2025-11-17 21:00:00+00:00,2025-12-19 00:00:00+00:00,AVGO,AVGO251219P00064000,put,False,64.0,0.01,0.1,0.05,342.6499938964844,1.9921875390625,0.0370259995532744,0.00688749465062872,2.0,271.0,2025-10-23 16:53:12+00:00,604.1133333333333,0.055,0.08493150684931507
2025-11-17 21:00:00+00:00,2025-12-19 00:00:00+00:00,AVGO,AVGO251219P00065000,put,False,65.0,0.01,0.12,0.02,342.6499938964844,2.00781748046875,0.0370259995532744,0.00688749465062872,3.0,2409.0,2025-09-08 13:57:12+00:00,1687.0466666666666,0.065,0.08493150684931507
2025-11-17 21:00:00+00:00,2025-12-19 00:00:00+00:00,AVGO,AVGO251219P00066000,put,False,66.0,0.0,0.1,0.04,342.6499938964844,1.9375003125,0.0370259995532744,0.00688749465062872,1.0,467.0,2025-10-01 13:53:58+00:00,1135.1005555555555,0.05,0.08493150684931507
2025-11-17 21:00:00+00:00,2025-12-19 00:00:00+00:00,AVGO,AVGO251219P00067000,put,False,67.0,0.0,0.26,0.02,342.6499938964844,2.113285966796875,0.0370259995532744,0.00688749465062872,7.0,263.0,2025-10-01 14:11:43+00:00,1134.8047222222222,0.13,0.08493150684931507
2025-11-17 21:00:00+00:00,2025-12-19 00:00:00+00:00,AVGO,AVGO251219P00068000,put,False,68.0,0.0,0.04,0.04,342.6499938964844,1.75000125,0.0370259995532744,0.00688749465062872,1.0,490.0,2025-08-29 14:24:22+00:00,1926.5938888888888,0.02,0.08493150684931507
2025-11-17 21:00:00+00:00,2025-12-19 00:00:00+00:00,AVGO,AVGO251219P00069000,put,False,69.0,0.01,0.1,0.04,342.6499938964844,1.9062504687500001,0.0370259995532744,0.00688749465062872,2.0,422.0,2025-10-31 17:45:50+00:00,411.2361111111111,0.055,0.08493150684931507
2025-11-17 21:00:00+00:00,2025-12-19 00:00:00+00:00,AVGO,AVGO251219P00070000,put,False,70.0,0.01,0.07,0.02,342.6499938964844,1.8281258593749998,0.0370259995532744,0.00688749465062872,1.0,857.0,2025-10-21 19:38:22+00:00,649.3605555555556,0.04,0.08493150684931507
2025-11-17 21:00:00+00:00,2025-12-19 00:00:00+00:00,AVGO,AVGO251219P00071000,put,False,71.0,0.0,0.08,0.09,342.6499938964844,1.8125009374999999,0.0370259995532744,0.00688749465062872,10.0,155.0,2025-08-05 18:14:07+00:00,2498.764722222222,0.04,0.08493150684931507
2025-11-17 21:00:00+00:00,2025-12-19 00:00:00+00:00,AVGO,AVGO251219P00072000,put,False,72.0,0.01,0.06,0.02,342.6499938964844,1.78125109375,0.0370259995532744,0.00688749465062872,1.0,123.0,2025-10-03 18:53:39+00:00,1082.1058333333333,0.034999999999999996,0.08493150684931507
2025-11-17 21:00:00+00:00,2025-12-19 00:00:00+00:00,AVGO,AVGO251219P00073000,put,False,73.0,0.0,0.08,0.09,342.6499938964844,1.78125109375,0.0370259995532744,0.00688749465062872,1.0,508.0,2025-08-06 13:37:37+00:00,2479.3730555555558,0.04,0.08493150684931507
2025-11-17 21:00:00+00:00,2025-12-19 00:00:00+00:00,AVGO,AVGO251219P00074000,put,False,74.0,0.01,0.1,0.09,342.6499938964844,1.8203133984375,0.0370259995532744,0.00688749465062872,1.0,306.0,2025-11-03 16:14:33+00:00,340.7575,0.055,0.08493150684931507
2025-11-17 21:00:00+00:00,2025-12-19 00:00:00+00:00,AVGO,AVGO251219P00075000,put,False,75.0,0.0,0.27,0.04,342.6499938964844,1.9765626171875001,0.0370259995532744,0.00688749465062872,2.0,320.0,2025-10-20 15:14:50+00:00,677.7527777777777,0.135,0.08493150684931507
2025-11-17 21:00:00+00:00,2025-12-19 00:00:00+00:00,AVGO,AVGO251219P00076000,put,False,76.0,0.0,0.07,0.03,342.6499938964844,1.71875140625,0.0370259995532744,0.00688749465062872,1.0,1071.0,2025-10-03 13:41:49+00:00,1087.3030555555556,0.035,0.08493150684931507
2025-11-17 21:00:00+00:00,2025-12-19 00:00:00+00:00,AVGO,AVGO251219P00077000,put,False,77.0,0.0,0.07,0.05,342.6499938964844,1.703126484375,0.0370259995532744,0.00688749465062872,10.0,483.0,2025-10-15 17:29:06+00:00,795.515,0.035,0.08493150684931507
2025-11-17 21:00:00+00:00,2025-12-19 00:00:00+00:00,AVGO,AVGO251219P00078000,put,False,78.0,0.0,0.0,0.08,342.6499938964844,0.500005,0.0370259995532744,0.00688749465062872,10.0,1518.0,2025-08-13 13:30:00+00:00,2311.5,0.0,0.08493150684931507
2025-11-17 21:00:00+00:00,2025-12-19 00:00:00+00:00,AVGO,AVGO251219P00079000,put,False,79.0,0.0,0.07,0.03,342.6499938964844,1.671876640625,0.0370259995532744,0.00688749465062872,1.0,625.0,2025-10-10 13:34:23+00:00,919.4269444444444,0.035,0.08493150684931507
2025-11-17 21:00:00+00:00,2025-12-19 00:00:00+00:00,AVGO,AVGO251219P00080000,put,False,80.0,0.0,0.26,0.02,342.6499938964844,1.88671931640625,0.0370259995532744,0.00688749465062872,10.0,1675.0,2025-10-24 16:31:40+00:00,580.4722222222222,0.13,0.08493150684931507
2025-11-17 21:00:00+00:00,2025-12-19 00:00:00+00:00,AVGO,AVGO251219P00081000,put,False,81.0,0.0,0.06,0.02,342.6499938964844,1.625001875,0.0370259995532744,0.00688749465062872,1.0,124.0,2025-10-02 13:39:45+00:00,1111.3375,0.03,0.08493150684931507
2025-11-17 21:00:00+00:00,2025-12-19 00:00:00+00:00,AVGO,AVGO251219P00082000,put,False,82.0,0.0,0.07,0.02,342.6499938964844,1.6328143359374998,0.0370259995532744,0.00688749465062872,1.0,929.0,2025-10-02 13:40:14+00:00,1111.3294444444443,0.035,0.08493150684931507
2025-11-17 21:00:00+00:00,2025-12-19 00:00:00+00:00,AVGO,AVGO251219P00083000,put,False,83.0,0.0,0.26,0.03,342.6499938964844,1.8398445507812498,0.0370259995532744,0.00688749465062872,1.0,222.0,2025-10-10 13:34:29+00:00,919.4252777777778,0.13,0.08493150684931507
2025-11-17 21:00:00+00:00,2025-12-19 00:00:00+00:00,AVGO,AVGO251219P00084000,put,False,84.0,0.01,0.29,0.05,342.6499938964844,1.85546947265625,0.0370259995532744,0.00688749465062872,2.0,681.0,2025-09-08 14:12:22+00:00,1686.793888888889,0.15,0.08493150684931507
2025-11-17 21:00:00+00:00,2025-12-19 00:00:00+00:00,AVGO,AVGO251219P00085000,put,False,85.0,0.0,0.26,0.04,342.6499938964844,1.8105478222656248,0.0370259995532744,0.00688749465062872,1.0,472.0,2025-10-03 13:42:00+00:00,1087.3,0.13,0.08493150684931507
2025-11-17 21:00:00+00:00,2025-12-19 00:00:00+00:00,AVGO,AVGO251219P00086000,put,False,86.0,0.0,0.07,0.03,342.6499938964844,1.5781271093749998,0.0370259995532744,0.00688749465062872,1.0,389.0,2025-10-03 13:42:51+00:00,1087.2858333333334,0.035,0.08493150684931507
2025-11-17 21:00:00+00:00,2025-12-19 00:00:00+00:00,AVGO,AVGO251219P00087000,put,False,87.0,0.0,0.07,0.06,342.6499938964844,1.5703146484375,0.0370259995532744,0.00688749465062872,1.0,289.0,2025-09-24 13:49:23+00:00,1303.1769444444444,0.035,0.08493150684931507
2025-11-17 21:00:00+00:00,2025-12-19 00:00:00+00:00,AVGO,AVGO251219P00088000,put,False,88.0,0.02,0.27,0.04,342.6499938964844,1.7890635546875,0.0370259995532744,0.00688749465062872,2.0,355.0,2025-09-08 18:21:53+00:00,1682.6352777777777,0.14500000000000002,0.08493150684931507
2025-11-17 21:00:00+00:00,2025-12-19 00:00:00+00:00,AVGO,AVGO251219P00089000,put,False,89.0,0.02,0.26,0.04,342.6499938964844,1.767579287109375,0.0370259995532744,0.00688749465062872,2.0,354.0,2025-09-08 13:51:36+00:00,1687.14,0.14,0.08493150684931507
2025-11-17 21:00:00+00:00,2025-12-19 00:00:00+00:00,AVGO,AVGO251219P00090000,put,False,90.0,0.0,0.08,0.02,342.6499938964844,1.5468772656249998,0.0370259995532744,0.00688749465062872,1.0,381.0,2025-09-29 14:04:15+00:00,1182.9291666666666,0.04,0.08493150684931507
2025-11-17 21:00:00+00:00,2025-12-19 00:00:00+00:00,AVGO,AVGO251219P00091000,put,False,91.0,0.01,0.27,0.06,342.6499938964844,1.7382825585937498,0.0370259995532744,0.00688749465062872,2.0,139.0,2025-09-08 14:11:59+00:00,1686.8002777777779,0.14,0.08493150684931507
2025-11-17 21:00:00+00:00,2025-12-19 00:00:00+00:00,AVGO,AVGO251219P00092000,put,False,92.0,0.01,0.08,0.04,342.6499938964844,1.5390648046875,0.0370259995532744,0.00688749465062872,1.0,567.0,2025-10-10 13:34:36+00:00,919.4233333333333,0.045,0.08493150684931507
2025-11-17 21:00:00+00:00,2025-12-19 00:00:00+00:00,AVGO,AVGO251219P00093000,put,False,93.0,0.96,1.0,1.88,342.6499938964844,2.2138716528320304,0.0370259995532744,0.00688749465062872,10.0,477.0,2025-04-25 17:06:56+00:00,4947.884444444445,0.98,0.08493150684931507
2025-11-17 21:00:00+00:00,2025-12-19 00:00:00+00:00,AVGO,AVGO251219P00094000,put,False,94.0,0.04,0.32,0.05,342.6499938964844,1.74609501953125,0.0370259995532744,0.00688749465062872,1.0,241.0,2025-09-08 13:44:37+00:00,1687.256388888889,0.18,0.08493150684931507
2025-11-17 21:00:00+00:00,2025-12-19 00:00:00+00:00,AVGO,AVGO251219P00095000,put,False,95.0,0.01,0.08,0.09,342.6499938964844,1.5000025,0.0370259995532744,0.00688749465062872,1.0,196.0,2025-10-15 17:34:57+00:00,795.4175,0.045,0.08493150684931507
2025-11-17 21:00:00+00:00,2025-12-19 00:00:00+00:00,AVGO,AVGO251219P00096000,put,False,96.0,0.0,0.08,0.02,342.6499938964844,1.4765651171875,0.0370259995532744,0.00688749465062872,1.0,279.0,2025-10-10 13:35:10+00:00,919.4138888888889,0.04,0.08493150684931507
2025-11-17 21:00:00+00:00,2025-12-19 00:00:00+00:00,AVGO,AVGO251219P00098000,put,False,98.0,0.0,0.27,0.03,342.6499938964844,1.6386736816406249,0.0370259995532744,0.00688749465062872,20.0,163.0,2025-11-17 20:10:02+00:00,0.8327777777777777,0.135,0.08493150684931507
2025-11-17 21:00:00+00:00,2025-12-19 00:00:00+00:00,AVGO,AVGO251219P00100000,put,False,100.0,0.01,0.1,0.02,342.6499938964844,1.47265888671875,0.0370259995532744,0.00688749465062872,5.0,1356.0,2025-11-03 14:30:06+00:00,342.49833333333333,0.055,0.08493150684931507
2025-11-17 21:00:00+00:00,2025-12-19 00:00:00+00:00,AVGO,AVGO251219P00101000,put,False,101.0,0.01,0.09,0.07,342.6499938964844,1.4453152734375,0.0370259995532744,0.00688749465062872,1.0,96.0,2025-09-29 16:30:16+00:00,1180.4955555555555,0.049999999999999996,0.08493150684931507
2025-11-17 21:00:00+00:00,2025-12-19 00:00:00+00:00,AVGO,AVGO251219P00102000,put,False,102.0,0.0,0.29,0.08,342.6499938964844,1.5996113769531248,0.0370259995532744,0.00688749465062872,100.0,513.0,2025-10-29 13:53:41+00:00,463.10527777777776,0.145,0.08493150684931507
2025-11-17 21:00:00+00:00,2025-12-19 00:00:00+00:00,AVGO,AVGO251219P00103000,put,False,103.0,0.07,0.29,0.05,342.6499938964844,1.626954990234375,0.0370259995532744,0.00688749465062872,2.0,322.0,2025-09-08 13:51:01+00:00,1687.1497222222222,0.18,0.08493150684931507
2025-11-17 21:00:00+00:00,2025-12-19 00:00:00+00:00,AVGO,AVGO251219P00104000,put,False,104.0,0.08,0.37,0.08,342.6499938964844,1.6582048339843751,0.0370259995532744,0.00688749465062872,1.0,78.0,2025-09-08 14:19:05+00:00,1686.6819444444445,0.225,0.08493150684931507
2025-11-17 21:00:00+00:00,2025-12-19 00:00:00+00:00,AVGO,AVGO251219P00105000,put,False,105.0,0.04,0.1,0.05,342.6499938964844,1.4492215039062502,0.0370259995532744,0.00688749465062872,3.0,977.0,2025-11-14 20:23:29+00:00,72.60861111111112,0.07,0.08493150684931507
2025-11-17 21:00:00+00:00,2025-12-19 00:00:00+00:00,AVGO,AVGO251219P00106000,put,False,106.0,0.0,0.09,0.04,342.6499938964844,1.3789093554687497,0.0370259995532744,0.00688749465062872,1.0,157.0,2025-10-08 14:32:52+00:00,966.4522222222222,0.045,0.08493150684931507
2025-11-17 21:00:00+00:00,2025-12-19 00:00:00+00:00,AVGO,AVGO251219P00107000,put,False,107.0,0.02,0.18,0.2,342.6499938964844,1.48047134765625,0.0370259995532744,0.00688749465062872,20.0,241.0,2025-08-13 18:21:29+00:00,2306.6419444444446,0.09999999999999999,0.08493150684931507
2025-11-17 21:00:00+00:00,2025-12-19 00:00:00+00:00,AVGO,AVGO251219P00108000,put,False,108.0,0.0,0.28,0.04,342.6499938964844,1.5214867675781247,0.0370259995532744,0.00688749465062872,2.0,217.0,2025-11-05 17:21:28+00:00,291.64222222222224,0.14,0.08493150684931507
2025-11-17 21:00:00+00:00,2025-12-19 00:00:00+00:00,AVGO,AVGO251219P00109000,put,False,109.0,0.0,0.09,0.1,342.6499938964844,1.3437532812499997,0.0370259995532744,0.00688749465062872,1.0,65.0,2025-10-03 17:36:33+00:00,1083.3908333333334,0.045,0.08493150684931507
2025-11-17 21:00:00+00:00,2025-12-19 00:00:00+00:00,AVGO,AVGO251219P00110000,put,False,110.0,0.0,0.07,0.04,342.6499938964844,1.3046909765624997,0.0370259995532744,0.00688749465062872,1.0,1426.0,2025-11-17 15:16:04+00:00,5.732222222222222,0.035,0.08493150684931507
2025-11-17 21:00:00+00:00,2025-12-19 00:00:00+00:00,AVGO,AVGO251219P00111000,put,False,111.0,0.0,0.1,0.14,342.6499938964844,1.3398470507812497,0.0370259995532744,0.00688749465062872,6.0,160.0,2025-10-10 18:14:02+00:00,914.7661111111111,0.05,0.08493150684931507
2025-11-17 21:00:00+00:00,2025-12-19 00:00:00+00:00,AVGO,AVGO251219P00112000,put,False,112.0,0.05,0.16,0.1,342.6499938964844,1.4296903515625,0.0370259995532744,0.00688749465062872,2.0,2085.0,2025-09-05 16:26:22+00:00,1756.5605555555555,0.10500000000000001,0.08493150684931507
2025-11-17 21:00:00+00:00,2025-12-19 00:00:00+00:00,AVGO,AVGO251219P00113000,put,False,113.0,0.23,0.31,0.42,342.6499938964844,1.5820333398437496,0.0370259995532744,0.00688749465062872,10.0,492.0,2025-07-21 17:20:02+00:00,2859.666111111111,0.27,0.08493150684931507
2025-11-17 21:00:00+00:00,2025-12-19 00:00:00+00:00,AVGO,AVGO251219P00114000,put,False,114.0,0.0,0.1,0.11,342.6499938964844,1.3085972070312497,0.0370259995532744,0.00688749465062872,1.0,296.0,2025-09-18 19:42:25+00:00,1441.2930555555556,0.05,0.08493150684931507
2025-11-17 21:00:00+00:00,2025-12-19 00:00:00+00:00,AVGO,AVGO251219P00115000,put,False,115.0,0.0,0.22,0.1,342.6499938964844,1.40625296875,0.0370259995532744,0.00688749465062872,4.0,297.0,2025-11-10 18:59:25+00:00,170.00972222222222,0.11,0.08493150684931507
2025-11-17 21:00:00+00:00,2025-12-19 00:00:00+00:00,AVGO,AVGO251219P00116000,put,False,116.0,0.0,0.1,0.12,342.6499938964844,1.2890660546875,0.0370259995532744,0.00688749465062872,1.0,54.0,2025-10-16 13:30:14+00:00,775.4961111111111,0.05,0.08493150684931507
2025-11-17 21:00:00+00:00,2025-12-19 00:00:00+00:00,AVGO,AVGO251219P00117000,put,False,117.0,0.07,0.19,0.1,342.6499938964844,1.41015919921875,0.0370259995532744,0.00688749465062872,10.0,426.0,2025-09-05 19:33:09+00:00,1753.4475,0.13,0.08493150684931507
2025-11-17 21:00:00+00:00,2025-12-19 00:00:00+00:00,AVGO,AVGO251219P00118000,put,False,118.0,0.0,0.11,0.08,342.6499938964844,1.2812535937499998,0.0370259995532744,0.00688749465062872,1.0,186.0,2025-10-31 18:35:16+00:00,410.4122222222222,0.055,0.08493150684931507
2025-11-17 21:00:00+00:00,2025-12-19 00:00:00+00:00,AVGO,AVGO251219P00119000,put,False,119.0,0.0,0.11,0.14,342.6499938964844,1.2695349023437497,0.0370259995532744,0.00688749465062872,1.0,479.0,2025-10-14 19:59:13+00:00,817.0130555555555,0.055,0.08493150684931507
2025-11-17 21:00:00+00:00,2025-12-19 00:00:00+00:00,AVGO,AVGO251219P00120000,put,False,120.0,0.0,0.11,0.01,342.6499938964844,1.26172244140625,0.0370259995532744,0.00688749465062872,5.0,1286.0,2025-11-14 20:19:06+00:00,72.68166666666667,0.055,0.08493150684931507
2025-11-17 21:00:00+00:00,2025-12-19 00:00:00+00:00,AVGO,AVGO251219P00121000,put,False,121.0,0.0,0.0,0.14,342.6499938964844,0.500005,0.0370259995532744,0.00688749465062872,1.0,0.0,2025-09-15 15:55:02+00:00,1517.0827777777777,0.0,0.08493150684931507
2025-11-17 21:00:00+00:00,2025-12-19 00:00:00+00:00,AVGO,AVGO251219P00122000,put,False,122.0,0.0,0.11,0.09,342.6499938964844,1.2421912890624998,0.0370259995532744,0.00688749465062872,3.0,801.0,2025-11-05 19:26:41+00:00,289.5552777777778,0.055,0.08493150684931507
2025-11-17 21:00:00+00:00,2025-12-19 00:00:00+00:00,AVGO,AVGO251219P00124000,put,False,124.0,0.13,0.19,0.33,342.6499938964844,1.369143779296875,0.0370259995532744,0.00688749465062872,1.0,373.0,2025-08-29 14:20:24+00:00,1926.66,0.16,0.08493150684931507
2025-11-17 21:00:00+00:00,2025-12-19 00:00:00+00:00,AVGO,AVGO251219P00125000,put,False,125.0,0.0,0.12,0.1,342.6499938964844,1.2265663671875,0.0370259995532744,0.00688749465062872,10.0,355.0,2025-11-06 16:53:07+00:00,268.1147222222222,0.06,0.08493150684931507
2025-11-17 21:00:00+00:00,2025-12-19 00:00:00+00:00,AVGO,AVGO251219P00126000,put,False,126.0,0.05,0.32,0.1,342.6499938964844,1.37109689453125,0.0370259995532744,0.00688749465062872,141.0,470.0,2025-11-13 19:11:13+00:00,97.81305555555555,0.185,0.08493150684931507
2025-11-17 21:00:00+00:00,2025-12-19 00:00:00+00:00,AVGO,AVGO251219P00128000,put,False,128.0,0.0,0.12,0.14,342.6499938964844,1.1953165234375,0.0370259995532744,0.00688749465062872,3.0,675.0,2025-10-10 14:58:25+00:00,918.0263888888888,0.06,0.08493150684931507
2025-11-17 21:00:00+00:00,2025-12-19 00:00:00+00:00,AVGO,AVGO251219P00130000,put,False,130.0,0.0,0.1,0.05,342.6499938964844,1.16016044921875,0.0370259995532744,0.00688749465062872,2.0,613.0,2025-11-11 18:21:26+00:00,146.64277777777778,0.05,0.08493150684931507
2025-11-17 21:00:00+00:00,2025-12-19 00:00:00+00:00,AVGO,AVGO251219P00132000,put,False,132.0,0.0,0.13,0.15,342.6499938964844,1.171879140625,0.0370259995532744,0.00688749465062872,75.0,251.0,2025-10-21 19:40:26+00:00,649.3261111111111,0.065,0.08493150684931507
2025-11-17 21:00:00+00:00,2025-12-19 00:00:00+00:00,AVGO,AVGO251219P00134000,put,False,134.0,0.0,0.13,0.1,342.6499938964844,1.15234798828125,0.0370259995532744,0.00688749465062872,3.0,455.0,2025-11-05 17:29:04+00:00,291.5155555555556,0.065,0.08493150684931507
2025-11-17 21:00:00+00:00,2025-12-19 00:00:00+00:00,AVGO,AVGO251219P00135000,put,False,135.0,0.01,0.13,0.12,342.6499938964844,1.15234798828125,0.0370259995532744,0.00688749465062872,1.0,603.0,2025-10-27 16:24:23+00:00,508.5936111111111,0.07,0.08493150684931507
2025-11-17 21:00:00+00:00,2025-12-19 00:00:00+00:00,AVGO,AVGO251219P00136000,put,False,136.0,0.0,0.12,0.01,342.6499938964844,1.126957490234375,0.0370259995532744,0.00688749465062872,3.0,245.0,2025-11-06 19:39:34+00:00,265.34055555555557,0.06,0.08493150684931507
2025-11-17 21:00:00+00:00,2025-12-19 00:00:00+00:00,AVGO,AVGO251219P00138000,put,False,138.0,0.0,0.14,0.12,342.6499938964844,1.126957490234375,0.0370259995532744,0.00688749465062872,1.0,515.0,2025-11-13 20:10:56+00:00,96.81777777777778,0.07,0.08493150684931507
2025-11-17 21:00:00+00:00,2025-12-19 00:00:00+00:00,AVGO,AVGO251219P00140000,put,False,140.0,0.02,0.14,0.09,342.6499938964844,1.125004375,0.0370259995532744,0.00688749465062872,2.0,1422.0,2025-11-03 14:43:03+00:00,342.2825,0.08,0.08493150684931507
2025-11-17 21:00:00+00:00,2025-12-19 00:00:00+00:00,AVGO,AVGO251219P00142000,put,False,142.0,0.01,0.15,0.07,342.6499938964844,1.109379453125,0.0370259995532744,0.00688749465062872,1.0,271.0,2025-10-31 16:28:28+00:00,412.52555555555557,0.08,0.08493150684931507
2025-11-17 21:00:00+00:00,2025-12-19 00:00:00+00:00,AVGO,AVGO251219P00144000,put,False,144.0,0.24,0.36,0.51,342.6499938964844,1.2714880175781247,0.0370259995532744,0.00688749465062872,1.0,336.0,2025-09-03 18:14:23+00:00,1802.7602777777777,0.3,0.08493150684931507
2025-11-17 21:00:00+00:00,2025-12-19 00:00:00+00:00,AVGO,AVGO251219P00145000,put,False,145.0,0.02,0.16,0.14,342.6499938964844,1.0976607617187502,0.0370259995532744,0.00688749465062872,1.0,609.0,2025-11-06 15:49:21+00:00,269.1775,0.09,0.08493150684931507
2025-11-17 21:00:00+00:00,2025-12-19 00:00:00+00:00,AVGO,AVGO251219P00146000,put,False,146.0,0.02,0.16,0.1,342.6499938964844,1.08984830078125,0.0370259995532744,0.00688749465062872,15.0,211.0,2025-11-04 20:55:19+00:00,312.0780555555556,0.09,0.08493150684931507
2025-11-17 21:00:00+00:00,2025-12-19 00:00:00+00:00,AVGO,AVGO251219P00148000,put,False,148.0,0.03,0.16,0.1,342.6499938964844,1.0781296093750001,0.0370259995532744,0.00688749465062872,1.0,585.0,2025-11-11 19:49:06+00:00,145.18166666666667,0.095,0.08493150684931507
2025-11-17 21:00:00+00:00,2025-12-19 00:00:00+00:00,AVGO,AVGO251219P00150000,put,False,150.0,0.05,0.17,0.13,342.6499938964844,1.0800827246093752,0.0370259995532744,0.00688749465062872,356.0,2888.0,2025-11-13 19:59:36+00:00,97.00666666666666,0.11000000000000001,0.08493150684931507
2025-11-17 21:00:00+00:00,2025-12-19 00:00:00+00:00,AVGO,AVGO251219P00152000,put,False,152.0,0.04,0.17,0.17,342.6499938964844,1.05859845703125,0.0370259995532744,0.00688749465062872,1.0,511.0,2025-10-31 18:38:50+00:00,410.35277777777776,0.10500000000000001,0.08493150684931507
2025-11-17 21:00:00+00:00,2025-12-19 00:00:00+00:00,AVGO,AVGO251219P00154000,put,False,154.0,0.04,0.18,0.15,342.6499938964844,1.0468797656250002,0.0370259995532744,0.00688749465062872,1.0,308.0,2025-11-05 17:36:35+00:00,291.3902777777778,0.11,0.08493150684931507
2025-11-17 21:00:00+00:00,2025-12-19 00:00:00+00:00,AVGO,AVGO251219P00155000,put,False,155.0,0.05,0.18,0.27,342.6499938964844,1.0449266503906252,0.0370259995532744,0.00688749465062872,1.0,649.0,2025-10-27 13:30:03+00:00,511.49916666666667,0.11499999999999999,0.08493150684931507
2025-11-17 21:00:00+00:00,2025-12-19 00:00:00+00:00,AVGO,AVGO251219P00156000,put,False,156.0,0.04,0.18,0.08,342.6499938964844,1.0312548437500002,0.0370259995532744,0.00688749465062872,23.0,367.0,2025-11-12 17:27:25+00:00,123.54305555555555,0.11,0.08493150684931507
2025-11-17 21:00:00+00:00,2025-12-19 00:00:00+00:00,AVGO,AVGO251219P00158000,put,False,158.0,0.07,0.19,0.15,342.6499938964844,1.0351610742187503,0.0370259995532744,0.00688749465062872,5.0,403.0,2025-11-06 17:12:08+00:00,267.79777777777775,0.13,0.08493150684931507
2025-11-17 21:00:00+00:00,2025-12-19 00:00:00+00:00,AVGO,AVGO251219P00160000,put,False,160.0,0.06,0.19,0.18,342.6499938964844,1.013676806640625,0.0370259995532744,0.00688749465062872,3.0,1032.0,2025-11-14 18:49:28+00:00,74.17555555555556,0.125,0.08493150684931507
2025-11-17 21:00:00+00:00,2025-12-19 00:00:00+00:00,AVGO,AVGO251219P00162000,put,False,162.0,0.07,0.2,0.26,342.6499938964844,1.0078174609375,0.0370259995532744,0.00688749465062872,4.0,482.0,2025-11-07 20:38:18+00:00,240.36166666666668,0.135,0.08493150684931507
2025-11-17 21:00:00+00:00,2025-12-19 00:00:00+00:00,AVGO,AVGO251219P00164000,put,False,164.0,0.07,0.21,0.17,342.6499938964844,0.9960937890625,0.0370259995532744,0.00688749465062872,2.0,424.0,2025-11-05 15:49:24+00:00,293.1766666666667,0.14,0.08493150684931507
2025-11-17 21:00:00+00:00,2025-12-19 00:00:00+00:00,AVGO,AVGO251219P00165000,put,False,165.0,0.08,0.21,0.1,342.6499938964844,0.992187578125,0.0370259995532744,0.00688749465062872,5.0,707.0,2025-11-11 14:30:04+00:00,150.4988888888889,0.145,0.08493150684931507
2025-11-17 21:00:00+00:00,2025-12-19 00:00:00+00:00,AVGO,AVGO251219P00166000,put,False,166.0,0.11,0.22,0.55,342.6499938964844,1.000005,0.0370259995532744,0.00688749465062872,1.0,196.0,2025-10-14 17:20:29+00:00,819.6586111111111,0.165,0.08493150684931507
2025-11-17 21:00:00+00:00,2025-12-19 00:00:00+00:00,AVGO,AVGO251219P00168000,put,False,168.0,0.08,0.22,0.46,342.6499938964844,0.97460962890625,0.0370259995532744,0.00688749465062872,2.0,927.0,2025-10-23 18:05:16+00:00,602.9122222222222,0.15,0.08493150684931507
2025-11-17 21:00:00+00:00,2025-12-19 00:00:00+00:00,AVGO,AVGO251219P00170000,put,False,170.0,0.08,0.23,0.16,342.6499938964844,0.96289099609375,0.0370259995532744,0.00688749465062872,2.0,3101.0,2025-11-17 16:56:50+00:00,4.052777777777778,0.155,0.08493150684931507
2025-11-17 21:00:00+00:00,2025-12-19 00:00:00+00:00,AVGO,AVGO251219P00172000,put,False,172.0,0.1,0.24,0.2,342.6499938964844,0.9580082324218748,0.0370259995532744,0.00688749465062872,1.0,914.0,2025-11-05 16:43:47+00:00,292.2702777777778,0.16999999999999998,0.08493150684931507
2025-11-17 21:00:00+00:00,2025-12-19 00:00:00+00:00,AVGO,AVGO251219P00174000,put,False,174.0,0.11,0.25,0.25,342.6499938964844,0.9492192578124999,0.0370259995532744,0.00688749465062872,1.0,269.0,2025-11-05 16:43:47+00:00,292.2702777777778,0.18,0.08493150684931507
2025-11-17 21:00:00+00:00,2025-12-19 00:00:00+00:00,AVGO,AVGO251219P00175000,put,False,175.0,0.12,0.25,0.19,342.6499938964844,0.945313046875,0.0370259995532744,0.00688749465062872,30.0,1583.0,2025-11-13 20:13:27+00:00,96.77583333333334,0.185,0.08493150684931507
2025-11-17 21:00:00+00:00,2025-12-19 00:00:00+00:00,AVGO,AVGO251219P00176000,put,False,176.0,0.08,0.26,0.76,342.6499938964844,0.928711650390625,0.0370259995532744,0.00688749465062872,2.0,501.0,2025-10-15 17:11:22+00:00,795.8105555555555,0.17,0.08493150684931507
2025-11-17 21:00:00+00:00,2025-12-19 00:00:00+00:00,AVGO,AVGO251219P00178000,put,False,178.0,0.13,0.26,0.19,342.6499938964844,0.929688203125,0.0370259995532744,0.00688749465062872,7.0,358.0,2025-11-06 16:48:05+00:00,268.1986111111111,0.195,0.08493150684931507
2025-11-17 21:00:00+00:00,2025-12-19 00:00:00+00:00,AVGO,AVGO251219P00180000,put,False,180.0,0.13,0.27,0.23,342.6499938964844,0.9179695703125,0.0370259995532744,0.00688749465062872,94.0,1593.0,2025-11-14 19:21:40+00:00,73.63888888888889,0.2,0.08493150684931507
2025-11-17 21:00:00+00:00,2025-12-19 00:00:00+00:00,AVGO,AVGO251219P00182000,put,False,182.0,0.15,0.28,0.44,342.6499938964844,0.911133701171875,0.0370259995532744,0.00688749465062872,5.0,682.0,2025-11-07 19:12:50+00:00,241.7861111111111,0.21500000000000002,0.08493150684931507
2025-11-17 21:00:00+00:00,2025-12-19 00:00:00+00:00,AVGO,AVGO251219P00184000,put,False,184.0,0.11,0.3,0.29,342.6499938964844,0.8916026464843749,0.0370259995532744,0.00688749465062872,22.0,481.0,2025-11-10 15:52:08+00:00,173.13111111111112,0.205,0.08493150684931507
2025-11-17 21:00:00+00:00,2025-12-19 00:00:00+00:00,AVGO,AVGO251219P00185000,put,False,185.0,0.16,0.3,0.25,342.6499938964844,0.8974619628906249,0.0370259995532744,0.00688749465062872,1.0,792.0,2025-11-14 20:58:06+00:00,72.03166666666667,0.22999999999999998,0.08493150684931507
2025-11-17 21:00:00+00:00,2025-12-19 00:00:00+00:00,AVGO,AVGO251219P00186000,put,False,186.0,0.17,0.31,0.24,342.6499938964844,0.8955088574218748,0.0370259995532744,0.00688749465062872,2.0,667.0,2025-11-17 17:00:42+00:00,3.9883333333333333,0.24,0.08493150684931507
2025-11-17 21:00:00+00:00,2025-12-19 00:00:00+00:00,AVGO,AVGO251219P00188000,put,False,188.0,0.18,0.32,0.2,342.6499938964844,0.885743330078125,0.0370259995532744,0.00688749465062872,1.0,514.0,2025-11-11 14:30:02+00:00,150.49944444444444,0.25,0.08493150684931507
2025-11-17 21:00:00+00:00,2025-12-19 00:00:00+00:00,AVGO,AVGO251219P00190000,put,False,190.0,0.2,0.33,0.23,342.6499938964844,0.877930908203125,0.0370259995532744,0.00688749465062872,1.0,1502.0,2025-11-17 19:49:20+00:00,1.1777777777777778,0.265,0.08493150684931507
2025-11-17 21:00:00+00:00,2025-12-19 00:00:00+00:00,AVGO,AVGO251219P00192000,put,False,192.0,0.21,0.35,0.38,342.6499938964844,0.870118486328125,0.0370259995532744,0.00688749465062872,11.0,254.0,2025-11-06 16:16:36+00:00,268.72333333333336,0.27999999999999997,0.08493150684931507
2025-11-17 21:00:00+00:00,2025-12-19 00:00:00+00:00,AVGO,AVGO251219P00194000,put,False,194.0,0.23,0.36,0.31,342.6499938964844,0.8623060644531251,0.0370259995532744,0.00688749465062872,4.0,230.0,2025-11-14 17:22:18+00:00,75.62833333333333,0.295,0.08493150684931507
2025-11-17 21:00:00+00:00,2025-12-19 00:00:00+00:00,AVGO,AVGO251219P00195000,put,False,195.0,0.23,0.37,0.32,342.6499938964844,0.85742330078125,0.0370259995532744,0.00688749465062872,6.0,1044.0,2025-11-13 15:49:32+00:00,101.17444444444445,0.3,0.08493150684931507
2025-11-17 21:00:00+00:00,2025-12-19 00:00:00+00:00,AVGO,AVGO251219P00196000,put,False,196.0,0.24,0.38,0.59,342.6499938964844,0.8540053662109376,0.0370259995532744,0.00688749465062872,4.0,502.0,2025-11-07 20:16:26+00:00,240.72611111111112,0.31,0.08493150684931507
2025-11-17 21:00:00+00:00,2025-12-19 00:00:00+00:00,AVGO,AVGO251219P00198000,put,False,198.0,0.26,0.39,0.33,342.6499938964844,0.8457046679687499,0.0370259995532744,0.00688749465062872,2.0,749.0,2025-11-14 14:48:28+00:00,78.19222222222223,0.325,0.08493150684931507
2025-11-17 21:00:00+00:00,2025-12-19 00:00:00+00:00,AVGO,AVGO251219P00200000,put,False,200.0,0.3,0.41,0.33,342.6499938964844,0.84179845703125,0.0370259995532744,0.00688749465062872,25.0,3071.0,2025-11-17 15:04:14+00:00,5.929444444444444,0.355,0.08493150684931507
2025-11-17 21:00:00+00:00,2025-12-19 00:00:00+00:00,AVGO,AVGO251219P00205000,put,False,205.0,0.33,0.46,0.5,342.6499938964844,0.8198260205078124,0.0370259995532744,0.00688749465062872,1.0,1443.0,2025-11-13 19:28:01+00:00,97.53305555555555,0.395,0.08493150684931507
2025-11-17 21:00:00+00:00,2025-12-19 00:00:00+00:00,AVGO,AVGO251219P00210000,put,False,210.0,0.4,0.52,0.48,342.6499938964844,0.8032246240234374,0.0370259995532744,0.00688749465062872,12.0,2012.0,2025-11-17 20:41:58+00:00,0.3005555555555556,0.46,0.08493150684931507
2025-11-17 21:00:00+00:00,2025-12-19 00:00:00+00:00,AVGO,AVGO251219P00215000,put,False,215.0,0.46,0.59,0.6,342.6499938964844,0.7846701220703125,0.0370259995532744,0.00688749465062872,3.0,1593.0,2025-11-14 19:01:51+00:00,73.96916666666667,0.525,0.08493150684931507
2025-11-17 21:00:00+00:00,2025-12-19 00:00:00+00:00,AVGO,AVGO251219P00220000,put,False,220.0,0.55,0.67,0.58,342.6499938964844,0.7690452783203126,0.0370259995532744,0.00688749465062872,16.0,2315.0,2025-11-17 17:43:07+00:00,3.281388888888889,0.6100000000000001,0.08493150684931507
2025-11-17 21:00:00+00:00,2025-12-19 00:00:00+00:00,AVGO,AVGO251219P00225000,put,False,225.0,0.65,0.77,0.71,342.6499938964844,0.7539087109375,0.0370259995532744,0.00688749465062872,7.0,2161.0,2025-11-17 18:22:14+00:00,2.6294444444444443,0.71,0.08493150684931507
2025-11-17 21:00:00+00:00,2025-12-19 00:00:00+00:00,AVGO,AVGO251219P00230000,put,False,230.0,0.8,0.89,0.83,342.6499938964844,0.7419459399414061,0.0370259995532744,0.00688749465062872,4.0,2789.0,2025-11-17 18:17:03+00:00,2.7158333333333333,0.845,0.08493150684931507
2025-11-17 21:00:00+00:00,2025-12-19 00:00:00+00:00,AVGO,AVGO251219P00235000,put,False,235.0,0.91,1.03,0.97,342.6499938964844,0.7258328198242188,0.0370259995532744,0.00688749465062872,53.0,902.0,2025-11-17 19:21:23+00:00,1.6436111111111111,0.97,0.08493150684931507
2025-11-17 21:00:00+00:00,2025-12-19 00:00:00+00:00,AVGO,AVGO251219P00240000,put,False,240.0,1.09,1.19,1.22,342.6499938964844,0.7131376342773439,0.0370259995532744,0.00688749465062872,71.0,1228.0,2025-11-17 17:46:34+00:00,3.223888888888889,1.1400000000000001,0.08493150684931507
2025-11-17 21:00:00+00:00,2025-12-19 00:00:00+00:00,AVGO,AVGO251219P00245000,put,False,245.0,1.29,1.41,1.46,342.6499938964844,0.702151416015625,0.0370259995532744,0.00688749465062872,30.0,1123.0,2025-11-17 20:48:15+00:00,0.19583333333333333,1.35,0.08493150684931507
2025-11-17 21:00:00+00:00,2025-12-19 00:00:00+00:00,AVGO,AVGO251219P00250000,put,False,250.0,1.54,1.65,1.75,342.6499938964844,0.6912872668457033,0.0370259995532744,0.00688749465062872,789.0,7544.0,2025-11-17 20:23:27+00:00,0.6091666666666666,1.595,0.08493150684931507
2025-11-17 21:00:00+00:00,2025-12-19 00:00:00+00:00,AVGO,AVGO251219P00255000,put,False,255.0,1.83,1.94,2.02,342.6499938964844,0.6811555322265627,0.0370259995532744,0.00688749465062872,6.0,1771.0,2025-11-17 18:29:31+00:00,2.5080555555555555,1.885,0.08493150684931507
2025-11-17 21:00:00+00:00,2025-12-19 00:00:00+00:00,AVGO,AVGO251219P00260000,put,False,260.0,2.16,2.28,2.26,342.6499938964844,0.6711458666992189,0.0370259995532744,0.00688749465062872,451.0,3781.0,2025-11-17 20:51:18+00:00,0.145,2.2199999999999998,0.08493150684931507
2025-11-17 21:00:00+00:00,2025-12-19 00:00:00+00:00,AVGO,AVGO251219P00265000,put,False,265.0,2.55,2.68,2.72,342.6499938964844,0.6618686157226563,0.0370259995532744,0.00688749465062872,50.0,2260.0,2025-11-17 19:45:52+00:00,1.2355555555555555,2.615,0.08493150684931507
2025-11-17 21:00:00+00:00,2025-12-19 00:00:00+00:00,AVGO,AVGO251219P00270000,put,False,270.0,3.0,3.15,3.1,342.6499938964844,0.6529575720214844,0.0370259995532744,0.00688749465062872,379.0,3685.0,2025-11-17 20:49:40+00:00,0.17222222222222222,3.075,0.08493150684931507
2025-11-17 21:00:00+00:00,2025-12-19 00:00:00+00:00,AVGO,AVGO251219P00275000,put,False,275.0,3.55,3.7,3.87,342.6499938964844,0.645389288330078,0.0370259995532744,0.00688749465062872,20.0,6757.0,2025-11-17 20:01:44+00:00,0.9711111111111111,3.625,0.08493150684931507
2025-11-17 21:00:00+00:00,2025-12-19 00:00:00+00:00,AVGO,AVGO251219P00280000,put,False,280.0,4.15,4.35,4.3,342.6499938964844,0.637698935546875,0.0370259995532744,0.00688749465062872,113.0,3903.0,2025-11-17 20:51:18+00:00,0.145,4.25,0.08493150684931507
2025-11-17 21:00:00+00:00,2025-12-19 00:00:00+00:00,AVGO,AVGO251219P00290000,put,False,290.0,5.65,5.85,5.75,342.6499938964844,0.6218909881591796,0.0370259995532744,0.00688749465062872,383.0,6950.0,2025-11-17 20:58:45+00:00,0.020833333333333332,5.75,0.08493150684931507
2025-11-17 21:00:00+00:00,2025-12-19 00:00:00+00:00,AVGO,AVGO251219P00300000,put,False,300.0,7.6,7.85,7.89,342.6499938964844,0.6087075262451174,0.0370259995532744,0.00688749465062872,251.0,10314.0,2025-11-17 20:44:50+00:00,0.25277777777777777,7.725,0.08493150684931507
2025-11-17 21:00:00+00:00,2025-12-19 00:00:00+00:00,AVGO,AVGO251219P00310000,put,False,310.0,10.1,10.4,10.4,342.6499938964844,0.5974161352539062,0.0370259995532744,0.00688749465062872,1191.0,8813.0,2025-11-17 20:30:04+00:00,0.4988888888888889,10.25,0.08493150684931507
2025-11-17 21:00:00+00:00,2025-12-19 00:00:00+00:00,AVGO,AVGO251219P00320000,put,False,320.0,13.25,13.5,13.55,342.6499938964844,0.5872233660888673,0.0370259995532744,0.00688749465062872,173.0,6219.0,2025-11-17 20:18:29+00:00,0.6919444444444445,13.375,0.08493150684931507
2025-11-17 21:00:00+00:00,2025-12-19 00:00:00+00:00,AVGO,AVGO251219P00330000,put,False,330.0,17.05,17.25,17.72,342.6499938964844,0.5777630114746093,0.0370259995532744,0.00688749465062872,404.0,5898.0,2025-11-17 20:54:17+00:00,0.09527777777777778,17.15,0.08493150684931507
2025-11-17 21:00:00+00:00,2025-12-19 00:00:00+00:00,AVGO,AVGO251219P00340000,put,False,340.0,21.4,21.8,22.03,342.6499938964844,0.5686993814086915,0.0370259995532744,0.00688749465062872,593.0,4863.0,2025-11-17 20:45:04+00:00,0.24888888888888888,21.6,0.08493150684931507
2025-11-17 21:00:00+00:00,2025-12-19 00:00:00+00:00,AVGO,AVGO251219P00350000,put,True,350.0,26.6,27.6,28.06,342.6499938964844,0.5688519677734375,0.0370259995532744,0.00688749465062872,441.0,3730.0,2025-11-17 20:05:08+00:00,0.9144444444444444,27.1,0.08493150684931507
2025-11-17 21:00:00+00:00,2025-12-19 00:00:00+00:00,AVGO,AVGO251219P00360000,put,True,360.0,32.4,33.8,33.0,342.6499938964844,0.5648847222900393,0.0370259995532744,0.00688749465062872,26.0,1589.0,2025-11-17 17:32:19+00:00,3.461388888888889,33.099999999999994,0.08493150684931507
2025-11-17 21:00:00+00:00,2025-12-19 00:00:00+00:00,AVGO,AVGO251219P00370000,put,True,370.0,38.95,39.4,39.81,342.6499938964844,0.5462691857910158,0.0370259995532744,0.00688749465062872,16.0,2749.0,2025-11-17 20:53:09+00:00,0.11416666666666667,39.175,0.08493150684931507
2025-11-17 21:00:00+00:00,2025-12-19 00:00:00+00:00,AVGO,AVGO251219P00380000,put,True,380.0,46.1,46.65,47.95,342.6499938964844,0.5410202148437502,0.0370259995532744,0.00688749465062872,4.0,520.0,2025-11-17 20:05:09+00:00,0.9141666666666667,46.375,0.08493150684931507
2025-11-17 21:00:00+00:00,2025-12-19 00:00:00+00:00,AVGO,AVGO251219P00390000,put,True,390.0,53.6,55.45,55.8,342.6499938964844,0.549076774902344,0.0370259995532744,0.00688749465062872,2.0,156.0,2025-11-17 20:05:08+00:00,0.9144444444444444,54.525000000000006,0.08493150684931507
2025-11-17 21:00:00+00:00,2025-12-19 00:00:00+00:00,AVGO,AVGO251219P00400000,put,True,400.0,61.6,63.95,63.7,342.6499938964844,0.5471847039794924,0.0370259995532744,0.00688749465062872,35.0,525.0,2025-11-17 20:18:50+00:00,0.6861111111111111,62.775000000000006,0.08493150684931507
2025-11-17 21:00:00+00:00,2025-12-19 00:00:00+00:00,AVGO,AVGO251219P00410000,put,True,410.0,70.15,72.75,58.93,342.6499938964844,0.5474898767089844,0.0370259995532744,0.00688749465062872,10.0,50.0,2025-11-10 18:09:31+00:00,170.8413888888889,71.45,0.08493150684931507
2025-11-17 21:00:00+00:00,2025-12-19 00:00:00+00:00,AVGO,AVGO251219P00420000,put,True,420.0,79.05,81.25,79.65,342.6499938964844,0.534184345703125,0.0370259995532744,0.00688749465062872,10.0,64.0,2025-11-13 14:47:33+00:00,102.2075,80.15,0.08493150684931507
2025-11-17 21:00:00+00:00,2025-12-19 00:00:00+00:00,AVGO,AVGO251219P00430000,put,True,430.0,88.25,90.95,80.03,342.6499938964844,0.5463912548828126,0.0370259995532744,0.00688749465062872,3.0,55.0,2025-11-11 14:52:34+00:00,150.1238888888889,89.6,0.08493150684931507
2025-11-17 21:00:00+00:00,2025-12-19 00:00:00+00:00,AVGO,AVGO251219P00440000,put,True,440.0,97.65,100.35,98.65,342.6499938964844,0.5463912548828126,0.0370259995532744,0.00688749465062872,16.0,63.0,2025-11-14 16:44:16+00:00,76.26222222222222,99.0,0.08493150684931507
2025-11-17 21:00:00+00:00,2025-12-19 00:00:00+00:00,AVGO,AVGO251219P00450000,put,True,450.0,106.85,109.95,95.48,342.6499938964844,0.5324753784179688,0.0370259995532744,0.00688749465062872,1.0,292.0,2025-11-12 16:40:10+00:00,124.33055555555555,108.4,0.08493150684931507
2025-11-17 21:00:00+00:00,2025-12-19 00:00:00+00:00,AVGO,AVGO251219P00460000,put,True,460.0,116.7,119.65,117.9,342.6499938964844,0.5418746984863283,0.0370259995532744,0.00688749465062872,15.0,73.0,2025-11-14 16:44:16+00:00,76.26222222222222,118.17500000000001,0.08493150684931507
2025-11-17 21:00:00+00:00,2025-12-19 00:00:00+00:00,AVGO,AVGO251219P00470000,put,True,470.0,126.55,129.5,96.95,342.6499938964844,0.5542036767578126,0.0370259995532744,0.00688749465062872,14.0,134.0,2025-10-30 17:03:00+00:00,435.95,128.025,0.08493150684931507
2025-11-17 21:00:00+00:00,2025-12-19 00:00:00+00:00,AVGO,AVGO251219P00480000,put,True,480.0,136.4,139.4,135.46,342.6499938964844,0.5654340332031251,0.0370259995532744,0.00688749465062872,12.0,14.0,2025-11-07 20:25:03+00:00,240.5825,137.9,0.08493150684931507
2025-11-17 21:00:00+00:00,2025-12-19 00:00:00+00:00,AVGO,AVGO251219P00490000,put,True,490.0,146.3,149.4,136.65,342.6499938964844,0.584965087890625,0.0370259995532744,0.00688749465062872,3.0,0.0,2025-11-11 14:52:34+00:00,150.1238888888889,147.85000000000002,0.08493150684931507
2025-11-17 21:00:00+00:00,2025-12-19 00:00:00+00:00,AVGO,AVGO251219P00500000,put,True,500.0,156.25,159.55,144.2,342.6499938964844,0.6208534008789064,0.0370259995532744,0.00688749465062872,37.0,0.0,2025-10-13 13:59:04+00:00,847.0155555555556,157.9,0.08493150684931507
2025-11-17 21:00:00+00:00,2025-12-19 00:00:00+00:00,AVGO,AVGO251219P00510000,put,True,510.0,0.25,6.2,4.5,342.6499938964844,1.0000000000000003e-05,0.0370259995532744,0.00688749465062872,1.0,17.0,2024-06-13 15:18:49+00:00,12533.68638888889,3.225,0.08493150684931507
2025-11-17 21:00:00+00:00,2025-12-19 00:00:00+00:00,AVGO,AVGO251219P00520000,put,True,520.0,176.6,179.4,145.5,342.6499938964844,0.6904327832031252,0.0370259995532744,0.00688749465062872,2.0,0.0,2025-10-30 14:47:38+00:00,438.2061111111111,178.0,0.08493150684931507
2025-11-17 21:00:00+00:00,2025-12-19 00:00:00+00:00,AVGO,AVGO251219P00530000,put,True,530.0,186.3,189.4,181.39,342.6499938964844,0.6889679541015626,0.0370259995532744,0.00688749465062872,6.0,0.0,2025-10-17 16:29:35+00:00,748.5069444444445,187.85000000000002,0.08493150684931507
2025-11-17 21:00:00+00:00,2025-12-19 00:00:00+00:00,AVGO,AVGO251219P00540000,put,True,540.0,3.0,12.0,6.65,342.6499938964844,1.0000000000000003e-05,0.0370259995532744,0.00688749465062872,1.0,15.0,2024-03-28 16:48:41+00:00,14380.18861111111,7.5,0.08493150684931507
2025-11-17 21:00:00+00:00,2025-12-19 00:00:00+00:00,AVGO,AVGO251219P00550000,put,True,550.0,0.25,6.9,3.3,342.6499938964844,1.0000000000000003e-05,0.0370259995532744,0.00688749465062872,1.0,23.0,2024-06-20 18:07:59+00:00,12362.866944444444,3.575,0.08493150684931507
2025-11-17 21:00:00+00:00,2025-12-19 00:00:00+00:00,AVGO,AVGO251219P00560000,put,True,560.0,0.25,7.1,3.5,342.6499938964844,1.0000000000000003e-05,0.0370259995532744,0.00688749465062872,2.0,2.0,2024-06-20 18:08:24+00:00,12362.86,3.675,0.08493150684931507
2025-11-17 21:00:00+00:00,2025-12-19 00:00:00+00:00,AVGO,AVGO251219P00570000,put,True,570.0,42.4,50.2,35.0,342.6499938964844,1.0000000000000003e-05,0.0370259995532744,0.00688749465062872,1.0,12.0,2023-07-14 14:05:23+00:00,20574.910277777777,46.3,0.08493150684931507
2025-11-17 21:00:00+00:00,2025-12-19 00:00:00+00:00,AVGO,AVGO251219P00580000,put,True,580.0,0.25,7.5,5.0,342.6499938964844,1.0000000000000003e-05,0.0370259995532744,0.00688749465062872,2.0,24.0,2024-07-11 14:39:42+00:00,11862.338333333333,3.875,0.08493150684931507
2025-11-17 21:00:00+00:00,2025-12-19 00:00:00+00:00,AVGO,AVGO251219P00590000,put,True,590.0,0.25,7.7,5.07,342.6499938964844,1.0000000000000003e-05,0.0370259995532744,0.00688749465062872,6.0,14.0,2024-06-26 15:07:46+00:00,12221.870555555555,3.975,0.08493150684931507
2025-11-17 21:00:00+00:00,2025-12-19 00:00:00+00:00,AVGO,AVGO251219P00600000,put,True,600.0,0.25,10.0,4.4,342.6499938964844,1.0000000000000003e-05,0.0370259995532744,0.00688749465062872,6.0,37.0,2024-07-05 14:24:20+00:00,12006.594444444445,5.125,0.08493150684931507
2025-11-17 21:00:00+00:00,2025-12-19 00:00:00+00:00,AVGO,AVGO251219P00610000,put,True,610.0,5.0,14.0,11.85,342.6499938964844,1.0000000000000003e-05,0.0370259995532744,0.00688749465062872,1.0,102.0,2024-04-24 19:03:58+00:00,13729.933888888889,9.5,0.08493150684931507
2025-11-17 21:00:00+00:00,2025-12-19 00:00:00+00:00,AVGO,AVGO251219P00620000,put,True,620.0,10.0,20.0,18.49,342.6499938964844,1.0000000000000003e-05,0.0370259995532744,0.00688749465062872,1.0,10.0,2024-02-13 20:01:40+00:00,15432.972222222223,15.0,0.08493150684931507
2025-11-17 21:00:00+00:00,2025-12-19 00:00:00+00:00,AVGO,AVGO251219P00630000,put,True,630.0,12.8,21.0,20.9,342.6499938964844,1.0000000000000003e-05,0.0370259995532744,0.00688749465062872,40.0,46.0,2024-01-30 17:36:25+00:00,15771.393055555556,16.9,0.08493150684931507
2025-11-17 21:00:00+00:00,2025-12-19 00:00:00+00:00,AVGO,AVGO251219P00640000,put,True,640.0,0.25,10.0,4.4,342.6499938964844,1.0000000000000003e-05,0.0370259995532744,0.00688749465062872,10.0,27.0,2024-06-28 18:25:17+00:00,12170.578611111112,5.125,0.08493150684931507
2025-11-17 21:00:00+00:00,2025-12-19 00:00:00+00:00,AVGO,AVGO251219P00650000,put,True,650.0,0.25,10.0,5.0,342.6499938964844,1.0000000000000003e-05,0.0370259995532744,0.00688749465062872,1.0,238.0,2024-06-20 19:39:59+00:00,12361.333611111111,5.125,0.08493150684931507
2025-11-17 21:00:00+00:00,2025-12-19 00:00:00+00:00,AVGO,AVGO251219P00660000,put,True,660.0,0.25,10.0,5.8,342.6499938964844,1.0000000000000003e-05,0.0370259995532744,0.00688749465062872,2.0,42.0,2024-06-28 16:34:29+00:00,12172.425277777778,5.125,0.08493150684931507
2025-11-17 21:00:00+00:00,2025-12-19 00:00:00+00:00,AVGO,AVGO251219P00670000,put,True,670.0,1.0,10.0,5.6,342.6499938964844,1.0000000000000003e-05,0.0370259995532744,0.00688749465062872,1.0,31.0,2024-07-12 18:08:17+00:00,11834.861944444445,5.5,0.08493150684931507
2025-11-17 21:00:00+00:00,2025-12-19 00:00:00+00:00,AVGO,AVGO251219P00680000,put,True,680.0,0.25,10.0,6.0,342.6499938964844,1.0000000000000003e-05,0.0370259995532744,0.00688749465062872,2.0,50.0,2024-06-18 15:47:24+00:00,12413.21,5.125,0.08493150684931507
2025-11-17 21:00:00+00:00,2025-12-19 00:00:00+00:00,AVGO,AVGO251219P00690000,put,True,690.0,0.25,10.0,8.0,342.6499938964844,1.0000000000000003e-05,0.0370259995532744,0.00688749465062872,1.0,43.0,2024-06-13 15:32:43+00:00,12533.454722222223,5.125,0.08493150684931507
2025-11-17 21:00:00+00:00,2025-12-19 00:00:00+00:00,AVGO,AVGO251219P00700000,put,True,700.0,15.5,22.9,21.0,342.6499938964844,1.0000000000000003e-05,0.0370259995532744,0.00688749465062872,1.0,39.0,2024-03-06 16:33:19+00:00,14908.444722222222,19.2,0.08493150684931507
2025-11-17 21:00:00+00:00,2025-12-19 00:00:00+00:00,AVGO,AVGO251219P00710000,put,True,710.0,1.0,11.0,6.6,342.6499938964844,1.0000000000000003e-05,0.0370259995532744,0.00688749465062872,4.0,12.0,2024-06-28 16:28:03+00:00,12172.5325,6.0,0.08493150684931507
2025-11-17 21:00:00+00:00,2025-12-19 00:00:00+00:00,AVGO,AVGO251219P00720000,put,True,720.0,2.0,12.0,15.8,342.6499938964844,1.0000000000000003e-05,0.0370259995532744,0.00688749465062872,2.0,10.0,2024-06-05 19:55:01+00:00,12721.083055555555,7.0,0.08493150684931507
2025-11-17 21:00:00+00:00,2025-12-19 00:00:00+00:00,AVGO,AVGO251219P00730000,put,True,730.0,26.9,33.0,48.4,342.6499938964844,1.0000000000000003e-05,0.0370259995532744,0.00688749465062872,1.0,52.0,2024-01-03 20:40:19+00:00,16416.328055555554,29.95,0.08493150684931507
2025-11-17 21:00:00+00:00,2025-12-19 00:00:00+00:00,AVGO,AVGO251219P00740000,put,True,740.0,2.0,12.0,9.0,342.6499938964844,1.0000000000000003e-05,0.0370259995532744,0.00688749465062872,5.0,31.0,2024-06-25 18:53:14+00:00,12242.112777777778,7.0,0.08493150684931507
2025-11-17 21:00:00+00:00,2025-12-19 00:00:00+00:00,AVGO,AVGO251219P00750000,put,True,750.0,2.0,12.0,9.25,342.6499938964844,1.0000000000000003e-05,0.0370259995532744,0.00688749465062872,2.0,37.0,2024-06-28 19:45:34+00:00,12169.240555555556,7.0,0.08493150684931507
2025-11-17 21:00:00+00:00,2025-12-19 00:00:00+00:00,AVGO,AVGO251219P00760000,put,True,760.0,26.0,30.9,23.21,342.6499938964844,1.0000000000000003e-05,0.0370259995532744,0.00688749465062872,1.0,107.0,2024-04-03 15:39:48+00:00,14237.336666666666,28.45,0.08493150684931507
2025-11-17 21:00:00+00:00,2025-12-19 00:00:00+00:00,AVGO,AVGO251219P00770000,put,True,770.0,3.0,13.0,9.8,342.6499938964844,1.0000000000000003e-05,0.0370259995532744,0.00688749465062872,2.0,48.0,2024-06-28 16:17:12+00:00,12172.713333333333,8.0,0.08493150684931507
2025-11-17 21:00:00+00:00,2025-12-19 00:00:00+00:00,AVGO,AVGO251219P00780000,put,True,780.0,3.0,13.0,9.0,342.6499938964844,1.0000000000000003e-05,0.0370259995532744,0.00688749465062872,1.0,153.0,2024-07-09 19:58:08+00:00,11905.031111111111,8.0,0.08493150684931507
2025-11-17 21:00:00+00:00,2025-12-19 00:00:00+00:00,AVGO,AVGO251219P00790000,put,True,790.0,4.0,14.0,11.7,342.6499938964844,1.0000000000000003e-05,0.0370259995532744,0.00688749465062872,8.0,57.0,2024-06-28 19:47:14+00:00,12169.212777777779,9.0,0.08493150684931507
2025-11-17 21:00:00+00:00,2025-12-19 00:00:00+00:00,AVGO,AVGO251219P00800000,put,True,800.0,4.0,14.0,9.8,342.6499938964844,1.0000000000000003e-05,0.0370259995532744,0.00688749465062872,1.0,153.0,2024-07-03 13:48:25+00:00,12055.193055555555,9.0,0.08493150684931507
2025-11-17 21:00:00+00:00,2025-12-19 00:00:00+00:00,AVGO,AVGO251219P00810000,put,True,810.0,5.0,15.0,12.8,342.6499938964844,1.0000000000000003e-05,0.0370259995532744,0.00688749465062872,4.0,9.0,2024-06-28 15:01:30+00:00,12173.975,10.0,0.08493150684931507
2025-11-17 21:00:00+00:00,2025-12-19 00:00:00+00:00,AVGO,AVGO251219P00820000,put,True,820.0,5.0,15.0,13.6,342.6499938964844,1.0000000000000003e-05,0.0370259995532744,0.00688749465062872,2.0,90.0,2024-06-28 19:46:04+00:00,12169.232222222223,10.0,0.08493150684931507
2025-11-17 21:00:00+00:00,2025-12-19 00:00:00+00:00,AVGO,AVGO251219P00830000,put,True,830.0,6.0,16.0,15.0,342.6499938964844,1.0000000000000003e-05,0.0370259995532744,0.00688749465062872,6.0,18.0,2024-06-28 16:18:07+00:00,12172.698055555555,11.0,0.08493150684931507
2025-11-17 21:00:00+00:00,2025-12-19 00:00:00+00:00,AVGO,AVGO251219P00840000,put,True,840.0,6.0,16.0,15.2,342.6499938964844,1.0000000000000003e-05,0.0370259995532744,0.00688749465062872,4.0,71.0,2024-06-28 19:46:00+00:00,12169.233333333334,11.0,0.08493150684931507
2025-11-17 21:00:00+00:00,2025-12-19 00:00:00+00:00,AVGO,AVGO251219P00850000,put,True,850.0,7.0,17.0,15.7,342.6499938964844,1.0000000000000003e-05,0.0370259995532744,0.00688749465062872,2.0,49.0,2024-06-14 14:13:02+00:00,12510.782777777778,12.0,0.08493150684931507
2025-11-17 21:00:00+00:00,2025-12-19 00:00:00+00:00,AVGO,AVGO251219P00860000,put,True,860.0,8.0,18.0,14.4,342.6499938964844,1.0000000000000003e-05,0.0370259995532744,0.00688749465062872,2.0,12.0,2024-06-28 14:18:26+00:00,12174.692777777778,13.0,0.08493150684931507
2025-11-17 21:00:00+00:00,2025-12-19 00:00:00+00:00,AVGO,AVGO251219P00870000,put,True,870.0,39.0,44.8,45.0,342.6499938964844,1.0000000000000003e-05,0.0370259995532744,0.00688749465062872,25.0,30.0,2024-03-06 14:30:03+00:00,14910.499166666666,41.9,0.08493150684931507
2025-11-17 21:00:00+00:00,2025-12-19 00:00:00+00:00,AVGO,AVGO251219P00880000,put,True,880.0,9.0,19.0,18.2,342.6499938964844,1.0000000000000003e-05,0.0370259995532744,0.00688749465062872,3.0,34.0,2024-06-28 19:38:38+00:00,12169.35611111111,14.0,0.08493150684931507
2025-11-17 21:00:00+00:00,2025-12-19 00:00:00+00:00,AVGO,AVGO251219P00890000,put,True,890.0,10.0,20.0,19.3,342.6499938964844,1.0000000000000003e-05,0.0370259995532744,0.00688749465062872,2.0,36.0,2024-06-28 18:48:58+00:00,12170.183888888889,15.0,0.08493150684931507
2025-11-17 21:00:00+00:00,2025-12-19 00:00:00+00:00,AVGO,AVGO251219P00900000,put,True,900.0,11.0,21.0,16.0,342.6499938964844,1.0000000000000003e-05,0.0370259995532744,0.00688749465062872,5.0,34.0,2024-07-03 15:00:48+00:00,12053.986666666666,16.0,0.08493150684931507
2025-11-17 21:00:00+00:00,2025-12-19 00:00:00+00:00,AVGO,AVGO251219P00910000,put,True,910.0,12.0,21.0,21.8,342.6499938964844,1.0000000000000003e-05,0.0370259995532744,0.00688749465062872,2.0,12.0,2024-06-28 19:49:01+00:00,12169.183055555555,16.5,0.08493150684931507
2025-11-17 21:00:00+00:00,2025-12-19 00:00:00+00:00,AVGO,AVGO251219P00920000,put,True,920.0,13.0,22.0,22.2,342.6499938964844,1.0000000000000003e-05,0.0370259995532744,0.00688749465062872,2.0,56.0,2024-06-28 15:18:23+00:00,12173.693611111112,17.5,0.08493150684931507
2025-11-17 21:00:00+00:00,2025-12-19 00:00:00+00:00,AVGO,AVGO251219P00930000,put,True,930.0,13.0,23.0,23.5,342.6499938964844,1.0000000000000003e-05,0.0370259995532744,0.00688749465062872,4.0,9.0,2024-06-28 19:47:25+00:00,12169.209722222222,18.0,0.08493150684931507
2025-11-17 21:00:00+00:00,2025-12-19 00:00:00+00:00,AVGO,AVGO251219P00940000,put,True,940.0,45.0,55.0,57.55,342.6499938964844,1.0000000000000003e-05,0.0370259995532744,0.00688749465062872,14.0,31.0,2024-04-30 19:54:49+00:00,13585.086388888889,50.0,0.08493150684931507
2025-11-17 21:00:00+00:00,2025-12-19 00:00:00+00:00,AVGO,AVGO251219P00950000,put,True,950.0,16.5,25.0,19.0,342.6499938964844,1.0000000000000003e-05,0.0370259995532744,0.00688749465062872,10.0,32.0,2024-06-17 14:52:43+00:00,12438.121388888889,20.75,0.08493150684931507
2025-11-17 21:00:00+00:00,2025-12-19 00:00:00+00:00,AVGO,AVGO251219P00960000,put,True,960.0,22.7,25.8,55.8,342.6499938964844,1.0000000000000003e-05,0.0370259995532744,0.00688749465062872,5.0,32.0,2024-05-14 18:00:38+00:00,13250.989444444445,24.25,0.08493150684931507
2025-11-17 21:00:00+00:00,2025-12-19 00:00:00+00:00,AVGO,AVGO251219P00980000,put,True,980.0,19.8,29.0,25.1,342.6499938964844,1.0000000000000003e-05,0.0370259995532744,0.00688749465062872,2.0,18.0,2024-07-05 17:05:01+00:00,12003.916388888889,24.4,0.08493150684931507
2025-11-17 21:00:00+00:00,2025-12-19 00:00:00+00:00,AVGO,AVGO251219P01000000,put,True,1000.0,21.0,31.0,23.0,342.6499938964844,1.0000000000000003e-05,0.0370259995532744,0.00688749465062872,2.0,15.0,2024-06-18 13:30:32+00:00,12415.49111111111,26.0,0.08493150684931507
2025-11-17 21:00:00+00:00,2025-12-19 00:00:00+00:00,AVGO,AVGO251219P01010000,put,True,1010.0,23.3,32.0,28.5,342.6499938964844,1.0000000000000003e-05,0.0370259995532744,0.00688749465062872,1.0,12.0,2024-07-08 13:35:19+00:00,11935.41138888889,27.65,0.08493150684931507
2025-11-17 21:00:00+00:00,2025-12-19 00:00:00+00:00,AVGO,AVGO251219P01020000,put,True,1020.0,30.0,40.0,75.3,342.6499938964844,1.0000000000000003e-05,0.0370259995532744,0.00688749465062872,3.0,9.0,2024-05-31 18:26:44+00:00,12842.554444444444,35.0,0.08493150684931507
2025-11-17 21:00:00+00:00,2025-12-19 00:00:00+00:00,AVGO,AVGO251219P01030000,put,True,1030.0,25.9,35.0,35.0,342.6499938964844,1.0000000000000003e-05,0.0370259995532744,0.00688749465062872,1.0,33.0,2024-06-20 13:38:14+00:00,12367.362777777778,30.45,0.08493150684931507
2025-11-17 21:00:00+00:00,2025-12-19 00:00:00+00:00,AVGO,AVGO251219P01040000,put,True,1040.0,33.0,43.0,71.0,342.6499938964844,1.0000000000000003e-05,0.0370259995532744,0.00688749465062872,1.0,6.0,2024-05-30 14:50:53+00:00,12870.151944444444,38.0,0.08493150684931507
2025-11-17 21:00:00+00:00,2025-12-19 00:00:00+00:00,AVGO,AVGO251219P01050000,put,True,1050.0,28.8,38.0,33.0,342.6499938964844,1.0000000000000003e-05,0.0370259995532744,0.00688749465062872,6.0,18.0,2024-07-03 14:59:24+00:00,12054.01,33.4,0.08493150684931507
2025-11-17 21:00:00+00:00,2025-12-19 00:00:00+00:00,AVGO,AVGO251219P01060000,put,True,1060.0,36.0,46.0,85.8,342.6499938964844,1.0000000000000003e-05,0.0370259995532744,0.00688749465062872,3.0,4.0,2024-05-31 17:06:09+00:00,12843.8975,41.0,0.08493150684931507
2025-11-17 21:00:00+00:00,2025-12-19 00:00:00+00:00,AVGO,AVGO251219P01070000,put,True,1070.0,31.6,41.0,41.46,342.6499938964844,1.0000000000000003e-05,0.0370259995532744,0.00688749465062872,,1.0,2024-07-02 15:48:44+00:00,12077.187777777777,36.3,0.08493150684931507
2025-11-17 21:00:00+00:00,2025-12-19 00:00:00+00:00,AVGO,AVGO251219P01080000,put,True,1080.0,33.1,42.0,43.27,342.6499938964844,1.0000000000000003e-05,0.0370259995532744,0.00688749465062872,2.0,10.0,2024-07-02 15:48:21+00:00,12077.194166666666,37.55,0.08493150684931507
2025-11-17 21:00:00+00:00,2025-12-19 00:00:00+00:00,AVGO,AVGO251219P01090000,put,True,1090.0,34.7,44.0,48.9,342.6499938964844,1.0000000000000003e-05,0.0370259995532744,0.00688749465062872,1.0,5.0,2024-06-28 18:28:40+00:00,12170.522222222222,39.35,0.08493150684931507
2025-11-17 21:00:00+00:00,2025-12-19 00:00:00+00:00,AVGO,AVGO251219P01100000,put,True,1100.0,40.4,45.0,42.37,342.6499938964844,1.0000000000000003e-05,0.0370259995532744,0.00688749465062872,7.0,62.0,2024-07-05 19:49:29+00:00,12001.175277777778,42.7,0.08493150684931507
2025-11-17 21:00:00+00:00,2025-12-19 00:00:00+00:00,AVGO,AVGO251219P01110000,put,True,1110.0,38.4,47.0,43.6,342.6499938964844,1.0000000000000003e-05,0.0370259995532744,0.00688749465062872,1.0,5.0,2024-07-12 19:43:06+00:00,11833.281666666666,42.7,0.08493150684931507
2025-11-17 21:00:00+00:00,2025-12-19 00:00:00+00:00,AVGO,AVGO251219P01120000,put,True,1120.0,40.1,49.0,47.29,342.6499938964844,1.0000000000000003e-05,0.0370259995532744,0.00688749465062872,1.0,259.0,2024-07-05 19:20:28+00:00,12001.65888888889,44.55,0.08493150684931507
2025-11-17 21:00:00+00:00,2025-12-19 00:00:00+00:00,AVGO,AVGO251219P01140000,put,True,1140.0,43.5,53.0,48.0,342.6499938964844,1.0000000000000003e-05,0.0370259995532744,0.00688749465062872,10.0,12.0,2024-07-09 15:44:35+00:00,11909.256944444445,48.25,0.08493150684931507
2025-11-17 21:00:00+00:00,2025-12-19 00:00:00+00:00,AVGO,AVGO251219P01150000,put,True,1150.0,45.3,55.0,57.0,342.6499938964844,1.0000000000000003e-05,0.0370259995532744,0.00688749465062872,1.0,11.0,2024-07-02 15:44:41+00:00,12077.255277777778,50.15,0.08493150684931507
2025-11-17 21:00:00+00:00,2025-12-19 00:00:00+00:00,AVGO,AVGO251219P01160000,put,True,1160.0,47.3,57.0,59.4,342.6499938964844,1.0000000000000003e-05,0.0370259995532744,0.00688749465062872,1.0,2.0,2024-07-02 15:45:16+00:00,12077.245555555555,52.15,0.08493150684931507
2025-11-17 21:00:00+00:00,2025-12-19 00:00:00+00:00,AVGO,AVGO251219P01170000,put,True,1170.0,49.3,59.0,60.9,342.6499938964844,1.0000000000000003e-05,0.0370259995532744,0.00688749465062872,1.0,31.0,2024-07-02 15:40:30+00:00,12077.325,54.15,0.08493150684931507
2025-11-17 21:00:00+00:00,2025-12-19 00:00:00+00:00,AVGO,AVGO251219P01180000,put,True,1180.0,51.4,61.0,70.9,342.6499938964844,1.0000000000000003e-05,0.0370259995532744,0.00688749465062872,2.0,2.0,2024-06-27 14:48:53+00:00,12198.185277777779,56.2,0.08493150684931507
2025-11-17 21:00:00+00:00,2025-12-19 00:00:00+00:00,AVGO,AVGO251219P01190000,put,True,1190.0,54.0,63.0,66.5,342.6499938964844,1.0000000000000003e-05,0.0370259995532744,0.00688749465062872,2.0,6.0,2024-07-02 15:46:59+00:00,12077.216944444444,58.5,0.08493150684931507
2025-11-17 21:00:00+00:00,2025-12-19 00:00:00+00:00,AVGO,AVGO251219P01200000,put,True,1200.0,56.0,65.0,62.5,342.6499938964844,1.0000000000000003e-05,0.0370259995532744,0.00688749465062872,3.0,30.0,2024-07-12 15:28:46+00:00,11837.520555555555,60.5,0.08493150684931507
2025-11-17 21:00:00+00:00,2025-12-19 00:00:00+00:00,AVGO,AVGO251219P01210000,put,True,1210.0,58.0,68.0,65.2,342.6499938964844,1.0000000000000003e-05,0.0370259995532744,0.00688749465062872,5.0,22.0,2024-07-05 19:38:42+00:00,12001.355,63.0,0.08493150684931507
2025-11-17 21:00:00+00:00,2025-12-19 00:00:00+00:00,AVGO,AVGO251219P01220000,put,True,1220.0,61.0,70.0,79.2,342.6499938964844,1.0000000000000003e-05,0.0370259995532744,0.00688749465062872,4.0,4.0,2024-06-28 17:39:54+00:00,12171.335,65.5,0.08493150684931507
2025-11-17 21:00:00+00:00,2025-12-19 00:00:00+00:00,AVGO,AVGO251219P01240000,put,True,1240.0,65.3,75.0,86.7,342.6499938964844,1.0000000000000003e-05,0.0370259995532744,0.00688749465062872,2.0,2.0,2024-06-28 16:33:19+00:00,12172.444722222222,70.15,0.08493150684931507
2025-11-17 21:00:00+00:00,2025-12-19 00:00:00+00:00,AVGO,AVGO251219P01260000,put,True,1260.0,71.0,80.0,85.3,342.6499938964844,1.0000000000000003e-05,0.0370259995532744,0.00688749465062872,1.0,12.0,2024-07-02 15:46:37+00:00,12077.223055555556,75.5,0.08493150684931507
2025-11-17 21:00:00+00:00,2025-12-19 00:00:00+00:00,AVGO,AVGO251219P01280000,put,True,1280.0,76.0,85.0,100.1,342.6499938964844,1.0000000000000003e-05,0.0370259995532744,0.00688749465062872,1.0,8.0,2024-06-27 19:36:40+00:00,12193.388888888889,80.5,0.08493150684931507
2025-11-17 21:00:00+00:00,2025-12-19 00:00:00+00:00,AVGO,AVGO251219P01300000,put,True,1300.0,82.2,91.0,106.9,342.6499938964844,1.0000000000000003e-05,0.0370259995532744,0.00688749465062872,2.0,24.0,2024-06-27 17:43:04+00:00,12195.282222222222,86.6,0.08493150684931507
2025-11-17 21:00:00+00:00,2025-12-19 00:00:00+00:00,AVGO,AVGO251219P01320000,put,True,1320.0,88.2,97.0,89.1,342.6499938964844,1.0000000000000003e-05,0.0370259995532744,0.00688749465062872,2.0,8.0,2024-07-08 16:25:18+00:00,11932.578333333333,92.6,0.08493150684931507
2025-11-17 21:00:00+00:00,2025-12-19 00:00:00+00:00,AVGO,AVGO251219P01340000,put,True,1340.0,94.0,103.0,93.15,342.6499938964844,1.0000000000000003e-05,0.0370259995532744,0.00688749465062872,1.0,24.0,2024-07-08 18:21:30+00:00,11930.641666666666,98.5,0.08493150684931507
2025-11-17 21:00:00+00:00,2025-12-19 00:00:00+00:00,AVGO,AVGO251219P01360000,put,True,1360.0,100.0,109.0,119.5,342.6499938964844,1.0000000000000003e-05,0.0370259995532744,0.00688749465062872,2.0,13.0,2024-07-01 18:27:57+00:00,12098.534166666666,104.5,0.08493150684931507
2025-11-17 21:00:00+00:00,2025-12-19 00:00:00+00:00,AVGO,AVGO251219P01380000,put,True,1380.0,104.0,118.8,113.8,342.6499938964844,1.0000000000000003e-05,0.0370259995532744,0.00688749465062872,1.0,17.0,2024-07-12 14:41:47+00:00,11838.30361111111,111.4,0.08493150684931507
2025-11-17 21:00:00+00:00,2025-12-19 00:00:00+00:00,AVGO,AVGO251219P01400000,put,True,1400.0,111.0,126.0,120.7,342.6499938964844,1.0000000000000003e-05,0.0370259995532744,0.00688749465062872,1.0,109.0,2024-07-12 14:41:47+00:00,11838.30361111111,118.5,0.08493150684931507
2025-11-17 21:00:00+00:00,2025-12-19 00:00:00+00:00,AVGO,AVGO251219P01420000,put,True,1420.0,118.0,132.7,140.0,342.6499938964844,1.0000000000000003e-05,0.0370259995532744,0.00688749465062872,2.0,4.0,2024-06-28 14:13:45+00:00,12174.770833333334,125.35,0.08493150684931507
2025-11-17 21:00:00+00:00,2025-12-19 00:00:00+00:00,AVGO,AVGO251219P01440000,put,True,1440.0,125.0,140.0,149.6,342.6499938964844,1.0000000000000003e-05,0.0370259995532744,0.00688749465062872,2.0,3.0,2024-07-01 17:56:25+00:00,12099.059722222222,132.5,0.08493150684931507
2025-11-17 21:00:00+00:00,2025-12-19 00:00:00+00:00,AVGO,AVGO251219P01460000,put,True,1460.0,133.7,148.0,162.85,342.6499938964844,1.0000000000000003e-05,0.0370259995532744,0.00688749465062872,1.0,14.0,2024-06-28 13:47:12+00:00,12175.213333333333,140.85,0.08493150684931507
2025-11-17 21:00:00+00:00,2025-12-19 00:00:00+00:00,AVGO,AVGO251219P01480000,put,True,1480.0,141.2,155.0,175.8,342.6499938964844,1.0000000000000003e-05,0.0370259995532744,0.00688749465062872,2.0,10.0,2024-06-28 16:13:23+00:00,12172.776944444444,148.1,0.08493150684931507
2025-11-17 21:00:00+00:00,2025-12-19 00:00:00+00:00,AVGO,AVGO251219P01500000,put,True,1500.0,149.0,163.0,154.0,342.6499938964844,1.0000000000000003e-05,0.0370259995532744,0.00688749465062872,1.0,31.0,2024-07-09 16:34:19+00:00,11908.428055555556,156.0,0.08493150684931507
2025-11-17 21:00:00+00:00,2025-12-19 00:00:00+00:00,AVGO,AVGO251219P01520000,put,True,1520.0,157.0,172.0,167.0,342.6499938964844,1.0000000000000003e-05,0.0370259995532744,0.00688749465062872,1.0,3.0,2024-07-09 18:06:11+00:00,11906.896944444445,164.5,0.08493150684931507
2025-11-17 21:00:00+00:00,2025-12-19 00:00:00+00:00,AVGO,AVGO251219P01540000,put,True,1540.0,165.0,179.9,194.3,342.6499938964844,1.0000000000000003e-05,0.0370259995532744,0.00688749465062872,2.0,4.0,2024-07-01 17:59:33+00:00,12099.0075,172.45,0.08493150684931507
2025-11-17 21:00:00+00:00,2025-12-19 00:00:00+00:00,AVGO,AVGO251219P01560000,put,True,1560.0,174.0,188.9,177.7,342.6499938964844,1.0000000000000003e-05,0.0370259995532744,0.00688749465062872,1.0,13.0,2024-07-03 15:15:16+00:00,12053.745555555555,181.45,0.08493150684931507
2025-11-17 21:00:00+00:00,2025-12-19 00:00:00+00:00,AVGO,AVGO251219P01580000,put,True,1580.0,183.0,193.1,201.11,342.6499938964844,1.0000000000000003e-05,0.0370259995532744,0.00688749465062872,3.0,8.0,2024-07-11 18:20:48+00:00,11858.653333333334,188.05,0.08493150684931507
2025-11-17 21:00:00+00:00,2025-12-19 00:00:00+00:00,AVGO,AVGO251219P01600000,put,True,1600.0,192.0,200.0,222.0,342.6499938964844,1.0000000000000003e-05,0.0370259995532744,0.00688749465062872,1.0,10.0,2024-07-02 13:35:07+00:00,12079.414722222222,196.0,0.08493150684931507
2025-11-17 21:00:00+00:00,2025-12-19 00:00:00+00:00,AVGO,AVGO251219P01620000,put,True,1620.0,201.3,218.0,251.2,342.6499938964844,1.0000000000000003e-05,0.0370259995532744,0.00688749465062872,,1.0,2024-06-25 19:41:44+00:00,12241.304444444444,209.65,0.08493150684931507
2025-11-17 21:00:00+00:00,2025-12-19 00:00:00+00:00,AVGO,AVGO251219P01640000,put,True,1640.0,211.0,226.0,244.43,342.6499938964844,1.0000000000000003e-05,0.0370259995532744,0.00688749465062872,1.0,2.0,2024-06-28 14:02:13+00:00,12174.963055555556,218.5,0.08493150684931507
2025-11-17 21:00:00+00:00,2025-12-19 00:00:00+00:00,AVGO,AVGO251219P01700000,put,True,1700.0,240.0,252.3,245.35,342.6499938964844,1.0000000000000003e-05,0.0370259995532744,0.00688749465062872,3.0,11.0,2024-07-12 19:35:39+00:00,11833.405833333334,246.15,0.08493150684931507
2025-11-17 21:00:00+00:00,2025-12-19 00:00:00+00:00,AVGO,AVGO251219P01720000,put,True,1720.0,250.0,262.5,270.0,342.6499938964844,1.0000000000000003e-05,0.0370259995532744,0.00688749465062872,1.0,27.0,2024-07-11 18:35:13+00:00,11858.413055555555,256.25,0.08493150684931507
2025-11-17 21:00:00+00:00,2025-12-19 00:00:00+00:00,AVGO,AVGO251219P01780000,put,True,1780.0,284.0,296.2,279.6,342.6499938964844,1.0000000000000003e-05,0.0370259995532744,0.00688749465062872,1.0,6.0,2024-07-08 16:15:18+00:00,11932.745,290.1,0.08493150684931507
2025-11-17 21:00:00+00:00,2025-12-19 00:00:00+00:00,AVGO,AVGO251219P01800000,put,True,1800.0,296.0,312.0,298.1,342.6499938964844,1.0000000000000003e-05,0.0370259995532744,0.00688749465062872,1.0,11.0,2024-07-09 16:34:19+00:00,11908.428055555556,304.0,0.08493150684931507
2025-11-17 21:00:00+00:00,2025-12-19 00:00:00+00:00,AVGO,AVGO251219P01820000,put,True,1820.0,308.0,324.0,337.9,342.6499938964844,1.0000000000000003e-05,0.0370259995532744,0.00688749465062872,1.0,3.0,2024-07-02 17:14:09+00:00,12075.764166666666,316.0,0.08493150684931507
2025-11-17 21:00:00+00:00,2025-12-19 00:00:00+00:00,AVGO,AVGO251219P01840000,put,True,1840.0,320.0,336.0,316.04,342.6499938964844,1.0000000000000003e-05,0.0370259995532744,0.00688749465062872,4.0,7.0,2024-07-08 18:31:25+00:00,11930.476388888888,328.0,0.08493150684931507
2025-11-17 21:00:00+00:00,2025-12-19 00:00:00+00:00,AVGO,AVGO251219P01860000,put,True,1860.0,332.0,348.0,337.9,342.6499938964844,1.0000000000000003e-05,0.0370259995532744,0.00688749465062872,6.0,6.0,2024-06-13 18:14:15+00:00,12530.7625,340.0,0.08493150684931507
2025-11-17 21:00:00+00:00,2025-12-19 00:00:00+00:00,AVGO,AVGO251219P01880000,put,True,1880.0,344.0,360.0,335.0,342.6499938964844,1.0000000000000003e-05,0.0370259995532744,0.00688749465062872,1.0,23.0,2024-06-14 19:31:50+00:00,12505.469444444445,352.0,0.08493150684931507
2025-11-17 21:00:00+00:00,2025-12-19 00:00:00+00:00,AVGO,AVGO251219P01900000,put,True,1900.0,356.0,372.0,365.77,342.6499938964844,1.0000000000000003e-05,0.0370259995532744,0.00688749465062872,1.0,2.0,2024-07-08 13:34:22+00:00,11935.427222222223,364.0,0.08493150684931507
2025-11-17 21:00:00+00:00,2025-12-19 00:00:00+00:00,AVGO,AVGO251219P02400000,put,True,2400.0,732.0,747.7,668.0,342.6499938964844,1.0000000000000003e-05,0.0370259995532744,0.00688749465062872,,6.0,2024-06-17 14:02:36+00:00,12438.956666666667,739.85,0.08493150684931507
2025-11-17 21:00:00+00:00,2025-12-19 00:00:00+00:00,AVGO,AVGO251219P02500000,put,True,2500.0,818.0,833.9,748.8,342.6499938964844,1.0000000000000003e-05,0.0370259995532744,0.00688749465062872,,2.0,2024-06-17 17:19:05+00:00,12435.681944444445,825.95,0.08493150684931507
2025-11-17 21:00:00+00:00,2025-12-19 00:00:00+00:00,AVGO,AVGO251219P02600000,put,True,2600.0,908.0,924.0,841.5,342.6499938964844,1.0000000000000003e-05,0.0370259995532744,0.00688749465062872,,1.0,2024-06-17 14:17:26+00:00,12438.709444444445,916.0,0.08493150684931507
2025-11-17 21:00:00+00:00,2025-12-26 00:00:00+00:00,AVGO,AVGO251226C00190000,call,True,190.0,151.95,154.9,146.32,342.6499938964844,0.9313971704101562,0.0370259995532744,0.00688749465062872,,8.0,2025-11-13 16:42:35+00:00,100.29027777777777,153.425,0.10410958904109589
2025-11-17 21:00:00+00:00,2025-12-26 00:00:00+00:00,AVGO,AVGO251226C00205000,call,True,205.0,137.0,140.1,132.97,342.6499938964844,0.8461929443359374,0.0370259995532744,0.00688749465062872,,17.0,2025-11-13 16:53:04+00:00,100.11555555555556,138.55,0.10410958904109589
2025-11-17 21:00:00+00:00,2025-12-26 00:00:00+00:00,AVGO,AVGO251226C00215000,call,True,215.0,127.25,130.8,139.24,342.6499938964844,0.8413101806640625,0.0370259995532744,0.00688749465062872,,3.0,2025-11-12 20:10:46+00:00,120.82055555555556,129.025,0.10410958904109589
2025-11-17 21:00:00+00:00,2025-12-26 00:00:00+00:00,AVGO,AVGO251226C00235000,call,True,235.0,107.8,111.25,107.7,342.6499938964844,0.7513452600097656,0.0370259995532744,0.00688749465062872,1.0,1.0,2025-11-14 15:46:25+00:00,77.22638888888889,109.525,0.10410958904109589
2025-11-17 21:00:00+00:00,2025-12-26 00:00:00+00:00,AVGO,AVGO251226C00260000,call,True,260.0,84.25,87.15,86.6,342.6499938964844,0.6599155102539063,0.0370259995532744,0.00688749465062872,1.0,1.0,2025-11-07 17:25:12+00:00,243.58,85.7,0.10410958904109589
2025-11-17 21:00:00+00:00,2025-12-26 00:00:00+00:00,AVGO,AVGO251226C00270000,call,True,270.0,75.2,77.9,72.67,342.6499938964844,0.6337927246093751,0.0370259995532744,0.00688749465062872,,3.0,2025-11-13 19:47:30+00:00,97.20833333333333,76.55000000000001,0.10410958904109589
2025-11-17 21:00:00+00:00,2025-12-26 00:00:00+00:00,AVGO,AVGO251226C00280000,call,True,280.0,66.45,69.35,63.0,342.6499938964844,0.6198768481445314,0.0370259995532744,0.00688749465062872,1.0,3.0,2025-11-13 19:20:18+00:00,97.66166666666666,67.9,0.10410958904109589
2025-11-17 21:00:00+00:00,2025-12-26 00:00:00+00:00,AVGO,AVGO251226C00300000,call,True,300.0,50.5,53.35,54.4,342.6499938964844,0.5990640679931643,0.0370259995532744,0.00688749465062872,1.0,50.0,2025-11-14 19:04:00+00:00,73.93333333333334,51.925,0.10410958904109589
2025-11-17 21:00:00+00:00,2025-12-26 00:00:00+00:00,AVGO,AVGO251226C00305000,call,True,305.0,47.05,49.6,48.35,342.6499938964844,0.5969278588867188,0.0370259995532744,0.00688749465062872,5.0,4.0,2025-11-17 20:51:18+00:00,0.145,48.325,0.10410958904109589
2025-11-17 21:00:00+00:00,2025-12-26 00:00:00+00:00,AVGO,AVGO251226C00310000,call,True,310.0,43.3,45.45,48.2,342.6499938964844,0.5815471533203125,0.0370259995532744,0.00688749465062872,1.0,4.0,2025-11-17 14:38:39+00:00,6.355833333333333,44.375,0.10410958904109589
2025-11-17 21:00:00+00:00,2025-12-26 00:00:00+00:00,AVGO,AVGO251226C00315000,call,True,315.0,40.0,42.35,40.95,342.6499938964844,0.5830119824218749,0.0370259995532744,0.00688749465062872,10.0,4.0,2025-11-17 20:51:59+00:00,0.13361111111111112,41.175,0.10410958904109589
2025-11-17 21:00:00+00:00,2025-12-26 00:00:00+00:00,AVGO,AVGO251226C00320000,call,True,320.0,38.0,39.3,35.84,342.6499938964844,0.5972330316162109,0.0370259995532744,0.00688749465062872,,9.0,2025-11-13 19:47:07+00:00,97.21472222222222,38.65,0.10410958904109589
2025-11-17 21:00:00+00:00,2025-12-26 00:00:00+00:00,AVGO,AVGO251226C00325000,call,True,325.0,33.7,36.05,34.55,342.6499938964844,0.5767864587402343,0.0370259995532744,0.00688749465062872,5.0,14.0,2025-11-17 20:51:59+00:00,0.13361111111111112,34.875,0.10410958904109589
2025-11-17 21:00:00+00:00,2025-12-26 00:00:00+00:00,AVGO,AVGO251226C00330000,call,True,330.0,31.9,33.25,30.95,342.6499938964844,0.5881999188232423,0.0370259995532744,0.00688749465062872,1.0,134.0,2025-11-14 20:40:56+00:00,72.31777777777778,32.575,0.10410958904109589
2025-11-17 21:00:00+00:00,2025-12-26 00:00:00+00:00,AVGO,AVGO251226C00335000,call,True,335.0,27.95,30.4,28.46,342.6499938964844,0.5703473141479493,0.0370259995532744,0.00688749465062872,32.0,73.0,2025-11-17 19:51:08+00:00,1.1477777777777778,29.174999999999997,0.10410958904109589
2025-11-17 21:00:00+00:00,2025-12-26 00:00:00+00:00,AVGO,AVGO251226C00340000,call,True,340.0,25.3,27.75,26.75,342.6499938964844,0.5664105859375,0.0370259995532744,0.00688749465062872,153.0,122.0,2025-11-17 19:54:11+00:00,1.0969444444444445,26.525,0.10410958904109589
2025-11-17 21:00:00+00:00,2025-12-26 00:00:00+00:00,AVGO,AVGO251226C00345000,call,False,345.0,24.0,25.3,23.82,342.6499938964844,0.5764202514648438,0.0370259995532744,0.00688749465062872,63.0,130.0,2025-11-17 20:46:40+00:00,0.2222222222222222,24.65,0.10410958904109589
2025-11-17 21:00:00+00:00,2025-12-26 00:00:00+00:00,AVGO,AVGO251226C00350000,call,False,350.0,20.95,23.15,21.45,342.6499938964844,0.566685241394043,0.0370259995532744,0.00688749465062872,28.0,150.0,2025-11-17 20:58:19+00:00,0.028055555555555556,22.049999999999997,0.10410958904109589
2025-11-17 21:00:00+00:00,2025-12-26 00:00:00+00:00,AVGO,AVGO251226C00355000,call,False,355.0,19.55,20.0,18.98,342.6499938964844,0.5608564422607423,0.0370259995532744,0.00688749465062872,9.0,76.0,2025-11-17 20:48:11+00:00,0.19694444444444445,19.775,0.10410958904109589
2025-11-17 21:00:00+00:00,2025-12-26 00:00:00+00:00,AVGO,AVGO251226C00360000,call,False,360.0,16.55,19.05,16.95,342.6499938964844,0.5583845431518556,0.0370259995532744,0.00688749465062872,36.0,95.0,2025-11-17 20:25:59+00:00,0.5669444444444445,17.8,0.10410958904109589
2025-11-17 21:00:00+00:00,2025-12-26 00:00:00+00:00,AVGO,AVGO251226C00365000,call,False,365.0,14.85,16.2,15.78,342.6499938964844,0.5455978057861328,0.0370259995532744,0.00688749465062872,29.0,27.0,2025-11-17 19:21:38+00:00,1.6394444444444445,15.524999999999999,0.10410958904109589
2025-11-17 21:00:00+00:00,2025-12-26 00:00:00+00:00,AVGO,AVGO251226C00370000,call,False,370.0,13.65,14.55,14.6,342.6499938964844,0.5491988439941409,0.0370259995532744,0.00688749465062872,28.0,43.0,2025-11-17 17:21:18+00:00,3.645,14.100000000000001,0.10410958904109589
2025-11-17 21:00:00+00:00,2025-12-26 00:00:00+00:00,AVGO,AVGO251226C00375000,call,False,375.0,12.6,13.0,14.3,342.6499938964844,0.5527693649291993,0.0370259995532744,0.00688749465062872,92.0,32.0,2025-11-17 15:14:32+00:00,5.757777777777778,12.8,0.10410958904109589
2025-11-17 21:00:00+00:00,2025-12-26 00:00:00+00:00,AVGO,AVGO251226C00380000,call,False,380.0,11.25,11.65,11.0,342.6499938964844,0.5522200540161133,0.0370259995532744,0.00688749465062872,12.0,69.0,2025-11-17 20:05:13+00:00,0.9130555555555555,11.45,0.10410958904109589
2025-11-17 21:00:00+00:00,2025-12-26 00:00:00+00:00,AVGO,AVGO251226C00385000,call,False,385.0,9.6,10.4,10.03,342.6499938964844,0.5459640130615235,0.0370259995532744,0.00688749465062872,5.0,22.0,2025-11-17 17:30:15+00:00,3.495833333333333,10.0,0.10410958904109589
2025-11-17 21:00:00+00:00,2025-12-26 00:00:00+00:00,AVGO,AVGO251226C00390000,call,False,390.0,8.9,9.25,8.64,342.6499938964844,0.5504805694580079,0.0370259995532744,0.00688749465062872,42.0,234.0,2025-11-17 20:01:19+00:00,0.9780555555555556,9.075,0.10410958904109589
2025-11-17 21:00:00+00:00,2025-12-26 00:00:00+00:00,AVGO,AVGO251226C00395000,call,False,395.0,7.9,8.25,7.71,342.6499938964844,0.550358500366211,0.0370259995532744,0.00688749465062872,142.0,28.0,2025-11-17 20:49:31+00:00,0.17472222222222222,8.075,0.10410958904109589
2025-11-17 21:00:00+00:00,2025-12-26 00:00:00+00:00,AVGO,AVGO251226C00400000,call,False,400.0,7.0,7.3,6.85,342.6499938964844,0.5496260858154298,0.0370259995532744,0.00688749465062872,30.0,289.0,2025-11-17 20:47:24+00:00,0.21,7.15,0.10410958904109589
2025-11-17 21:00:00+00:00,2025-12-26 00:00:00+00:00,AVGO,AVGO251226C00405000,call,False,405.0,5.6,6.5,5.66,342.6499938964844,0.5403488348388674,0.0370259995532744,0.00688749465062872,1.0,25.0,2025-11-17 14:30:03+00:00,6.4991666666666665,6.05,0.10410958904109589
2025-11-17 21:00:00+00:00,2025-12-26 00:00:00+00:00,AVGO,AVGO251226C00410000,call,False,410.0,5.45,5.75,6.5,342.6499938964844,0.5493209130859377,0.0370259995532744,0.00688749465062872,6.0,59.0,2025-11-17 15:12:57+00:00,5.784166666666667,5.6,0.10410958904109589
2025-11-17 21:00:00+00:00,2025-12-26 00:00:00+00:00,AVGO,AVGO251226C00415000,call,False,415.0,4.8,5.1,4.71,342.6499938964844,0.5494429821777345,0.0370259995532744,0.00688749465062872,2.0,27.0,2025-11-17 20:34:48+00:00,0.42,4.949999999999999,0.10410958904109589
2025-11-17 21:00:00+00:00,2025-12-26 00:00:00+00:00,AVGO,AVGO251226C00420000,call,False,420.0,4.25,4.55,4.15,342.6499938964844,0.5507857421875001,0.0370259995532744,0.00688749465062872,7.0,10.0,2025-11-17 20:34:48+00:00,0.42,4.4,0.10410958904109589
2025-11-17 21:00:00+00:00,2025-12-26 00:00:00+00:00,AVGO,AVGO251226C00425000,call,False,425.0,3.75,4.05,3.94,342.6499938964844,0.5518843640136719,0.0370259995532744,0.00688749465062872,2.0,6.0,2025-11-13 15:51:03+00:00,101.14916666666667,3.9,0.10410958904109589
2025-11-17 21:00:00+00:00,2025-12-26 00:00:00+00:00,AVGO,AVGO251226C00430000,call,False,430.0,3.3,3.55,3.71,342.6499938964844,0.5516402258300781,0.0370259995532744,0.00688749465062872,2.0,36.0,2025-11-17 17:46:36+00:00,3.223333333333333,3.425,0.10410958904109589
2025-11-17 21:00:00+00:00,2025-12-26 00:00:00+00:00,AVGO,AVGO251226C00435000,call,False,435.0,2.92,3.15,3.37,342.6499938964844,0.5529829858398438,0.0370259995532744,0.00688749465062872,14.0,2.0,2025-11-17 14:42:18+00:00,6.295,3.035,0.10410958904109589
2025-11-17 21:00:00+00:00,2025-12-26 00:00:00+00:00,AVGO,AVGO251226C00440000,call,False,440.0,2.57,2.8,2.94,342.6499938964844,0.5542036767578126,0.0370259995532744,0.00688749465062872,2.0,33.0,2025-11-17 17:46:36+00:00,3.223333333333333,2.6849999999999996,0.10410958904109589
2025-11-17 21:00:00+00:00,2025-12-26 00:00:00+00:00,AVGO,AVGO251226C00445000,call,False,445.0,2.26,2.47,2.5,342.6499938964844,0.5549360913085939,0.0370259995532744,0.00688749465062872,,1.0,2025-11-13 17:08:12+00:00,99.86333333333333,2.365,0.10410958904109589
2025-11-17 21:00:00+00:00,2025-12-26 00:00:00+00:00,AVGO,AVGO251226C00450000,call,False,450.0,1.99,2.2,2.22,342.6499938964844,0.5564009204101563,0.0370259995532744,0.00688749465062872,2.0,49.0,2025-11-17 16:13:59+00:00,4.766944444444444,2.095,0.10410958904109589
2025-11-17 21:00:00+00:00,2025-12-26 00:00:00+00:00,AVGO,AVGO251226C00455000,call,False,455.0,1.75,1.95,1.85,342.6499938964844,0.5576216113281252,0.0370259995532744,0.00688749465062872,10.0,2.0,2025-11-17 20:00:47+00:00,0.9869444444444444,1.85,0.10410958904109589
2025-11-17 21:00:00+00:00,2025-12-26 00:00:00+00:00,AVGO,AVGO251226C00460000,call,False,460.0,1.54,1.76,1.67,342.6499938964844,0.5600629931640625,0.0370259995532744,0.00688749465062872,1.0,36.0,2025-11-17 14:34:27+00:00,6.425833333333333,1.65,0.10410958904109589
2025-11-17 21:00:00+00:00,2025-12-26 00:00:00+00:00,AVGO,AVGO251226C00470000,call,False,470.0,1.18,1.38,1.54,342.6499938964844,0.5620160986328125,0.0370259995532744,0.00688749465062872,,7.0,2025-11-13 19:11:29+00:00,97.8086111111111,1.2799999999999998,0.10410958904109589
2025-11-17 21:00:00+00:00,2025-12-26 00:00:00+00:00,AVGO,AVGO251226C00475000,call,False,475.0,1.04,1.23,1.21,342.6499938964844,0.5638471350097658,0.0370259995532744,0.00688749465062872,1.0,6.0,2025-11-14 19:10:09+00:00,73.83083333333333,1.135,0.10410958904109589
2025-11-17 21:00:00+00:00,2025-12-26 00:00:00+00:00,AVGO,AVGO251226C00480000,call,False,480.0,0.91,1.12,2.2,342.6499938964844,0.5664105859375,0.0370259995532744,0.00688749465062872,,1.0,2025-11-10 20:34:09+00:00,168.43083333333334,1.0150000000000001,0.10410958904109589
2025-11-17 21:00:00+00:00,2025-12-26 00:00:00+00:00,AVGO,AVGO251226C00485000,call,False,485.0,0.8,0.99,1.5,342.6499938964844,0.5676312768554688,0.0370259995532744,0.00688749465062872,,2.0,2025-11-13 14:30:20+00:00,102.49444444444444,0.895,0.10410958904109589
2025-11-17 21:00:00+00:00,2025-12-26 00:00:00+00:00,AVGO,AVGO251226C00490000,call,False,490.0,0.7,0.89,0.91,342.6499938964844,0.5695843823242188,0.0370259995532744,0.00688749465062872,1.0,3.0,2025-11-17 15:50:53+00:00,5.151944444444444,0.7949999999999999,0.10410958904109589
2025-11-17 21:00:00+00:00,2025-12-26 00:00:00+00:00,AVGO,AVGO251226C00500000,call,False,500.0,0.55,0.73,0.75,342.6499938964844,0.5749554223632812,0.0370259995532744,0.00688749465062872,,1.0,2025-11-13 16:10:28+00:00,100.82555555555555,0.64,0.10410958904109589
2025-11-17 21:00:00+00:00,2025-12-26 00:00:00+00:00,AVGO,AVGO251226C00510000,call,False,510.0,0.42,0.59,0.56,342.6499938964844,0.5786174951171875,0.0370259995532744,0.00688749465062872,,22.0,2025-11-13 19:03:53+00:00,97.93527777777778,0.505,0.10410958904109589
2025-11-17 21:00:00+00:00,2025-12-26 00:00:00+00:00,AVGO,AVGO251226C00515000,call,False,515.0,0.37,0.53,0.51,342.6499938964844,0.5805706005859376,0.0370259995532744,0.00688749465062872,1.0,1.0,2025-11-17 16:58:41+00:00,4.021944444444444,0.45,0.10410958904109589
2025-11-17 21:00:00+00:00,2025-12-26 00:00:00+00:00,AVGO,AVGO251226C00520000,call,False,520.0,0.32,0.49,0.75,342.6499938964844,0.5830119824218749,0.0370259995532744,0.00688749465062872,8.0,11.0,2025-11-13 14:30:20+00:00,102.49444444444444,0.405,0.10410958904109589
2025-11-17 21:00:00+00:00,2025-12-26 00:00:00+00:00,AVGO,AVGO251226P00190000,put,False,190.0,0.05,0.4,0.31,342.6499938964844,0.778322529296875,0.0370259995532744,0.00688749465062872,1.0,1.0,2025-11-17 18:02:03+00:00,2.9658333333333333,0.225,0.10410958904109589
2025-11-17 21:00:00+00:00,2025-12-26 00:00:00+00:00,AVGO,AVGO251226P00200000,put,False,200.0,0.31,0.49,0.55,342.6499938964844,0.7758811474609376,0.0370259995532744,0.00688749465062872,,9.0,2025-11-13 18:35:52+00:00,98.40222222222222,0.4,0.10410958904109589
2025-11-17 21:00:00+00:00,2025-12-26 00:00:00+00:00,AVGO,AVGO251226P00205000,put,False,205.0,0.37,0.55,0.39,342.6499938964844,0.7592797509765626,0.0370259995532744,0.00688749465062872,1.0,2.0,2025-11-17 14:41:12+00:00,6.3133333333333335,0.46,0.10410958904109589
2025-11-17 21:00:00+00:00,2025-12-26 00:00:00+00:00,AVGO,AVGO251226P00210000,put,False,210.0,0.44,0.62,0.71,342.6499938964844,0.7436549072265625,0.0370259995532744,0.00688749465062872,,17.0,2025-11-13 19:03:15+00:00,97.94583333333334,0.53,0.10410958904109589
2025-11-17 21:00:00+00:00,2025-12-26 00:00:00+00:00,AVGO,AVGO251226P00215000,put,False,215.0,0.33,0.9,0.59,342.6499938964844,0.7290066162109375,0.0370259995532744,0.00688749465062872,,21.0,2025-11-11 18:17:00+00:00,146.71666666666667,0.615,0.10410958904109589
2025-11-17 21:00:00+00:00,2025-12-26 00:00:00+00:00,AVGO,AVGO251226P00220000,put,False,220.0,0.63,0.81,0.7,342.6499938964844,0.7160672924804687,0.0370259995532744,0.00688749465062872,3.0,6.0,2025-11-13 14:52:06+00:00,102.13166666666666,0.72,0.10410958904109589
2025-11-17 21:00:00+00:00,2025-12-26 00:00:00+00:00,AVGO,AVGO251226P00225000,put,False,225.0,0.74,0.93,0.79,342.6499938964844,0.7023955541992188,0.0370259995532744,0.00688749465062872,11.0,11.0,2025-11-17 15:40:08+00:00,5.331111111111111,0.835,0.10410958904109589
2025-11-17 21:00:00+00:00,2025-12-26 00:00:00+00:00,AVGO,AVGO251226P00230000,put,False,230.0,0.88,1.07,1.02,342.6499938964844,0.6899445068359377,0.0370259995532744,0.00688749465062872,12.0,3.0,2025-11-17 20:38:25+00:00,0.3597222222222222,0.9750000000000001,0.10410958904109589
2025-11-17 21:00:00+00:00,2025-12-26 00:00:00+00:00,AVGO,AVGO251226P00235000,put,False,235.0,1.05,1.44,1.08,342.6499938964844,0.6899445068359377,0.0370259995532744,0.00688749465062872,,2.0,2025-11-11 15:37:43+00:00,149.3713888888889,1.245,0.10410958904109589
2025-11-17 21:00:00+00:00,2025-12-26 00:00:00+00:00,AVGO,AVGO251226P00240000,put,False,240.0,1.24,1.43,1.7,342.6499938964844,0.6667513793945314,0.0370259995532744,0.00688749465062872,1.0,5.0,2025-11-14 14:45:39+00:00,78.23916666666666,1.335,0.10410958904109589
2025-11-17 21:00:00+00:00,2025-12-26 00:00:00+00:00,AVGO,AVGO251226P00245000,put,False,245.0,1.47,1.67,1.48,342.6499938964844,0.6566196447753907,0.0370259995532744,0.00688749465062872,25.0,10.0,2025-11-17 16:39:19+00:00,4.344722222222222,1.5699999999999998,0.10410958904109589
2025-11-17 21:00:00+00:00,2025-12-26 00:00:00+00:00,AVGO,AVGO251226P00250000,put,False,250.0,1.74,2.16,1.98,342.6499938964844,0.6552768847656252,0.0370259995532744,0.00688749465062872,21.0,18.0,2025-11-17 17:12:51+00:00,3.785833333333333,1.9500000000000002,0.10410958904109589
2025-11-17 21:00:00+00:00,2025-12-26 00:00:00+00:00,AVGO,AVGO251226P00260000,put,False,260.0,2.44,2.65,2.62,342.6499938964844,0.6292761682128907,0.0370259995532744,0.00688749465062872,2.0,11.0,2025-11-14 19:33:57+00:00,73.43416666666667,2.545,0.10410958904109589
2025-11-17 21:00:00+00:00,2025-12-26 00:00:00+00:00,AVGO,AVGO251226P00265000,put,False,265.0,2.88,3.1,3.3,342.6499938964844,0.6214637463378907,0.0370259995532744,0.00688749465062872,3.0,6.0,2025-11-17 19:00:27+00:00,1.9925,2.99,0.10410958904109589
2025-11-17 21:00:00+00:00,2025-12-26 00:00:00+00:00,AVGO,AVGO251226P00270000,put,False,270.0,3.4,3.65,3.43,342.6499938964844,0.6151161535644531,0.0370259995532744,0.00688749465062872,2.0,70.0,2025-11-17 18:02:03+00:00,2.9658333333333333,3.525,0.10410958904109589
2025-11-17 21:00:00+00:00,2025-12-26 00:00:00+00:00,AVGO,AVGO251226P00275000,put,False,275.0,3.95,4.2,3.6,342.6499938964844,0.6060220062255861,0.0370259995532744,0.00688749465062872,25.0,23.0,2025-11-17 16:41:51+00:00,4.3025,4.075,0.10410958904109589
2025-11-17 21:00:00+00:00,2025-12-26 00:00:00+00:00,AVGO,AVGO251226P00280000,put,False,280.0,4.65,4.9,5.0,342.6499938964844,0.6003457934570313,0.0370259995532744,0.00688749465062872,5.0,24.0,2025-11-17 14:31:10+00:00,6.480555555555555,4.775,0.10410958904109589
2025-11-17 21:00:00+00:00,2025-12-26 00:00:00+00:00,AVGO,AVGO251226P00285000,put,False,285.0,5.4,5.7,5.17,342.6499938964844,0.5939982006835938,0.0370259995532744,0.00688749465062872,1.0,18.0,2025-11-14 18:50:50+00:00,74.15277777777777,5.550000000000001,0.10410958904109589
2025-11-17 21:00:00+00:00,2025-12-26 00:00:00+00:00,AVGO,AVGO251226P00290000,put,False,290.0,5.9,7.0,5.0,342.6499938964844,0.5886271606445312,0.0370259995532744,0.00688749465062872,4.0,41.0,2025-11-17 14:46:40+00:00,6.222222222222222,6.45,0.10410958904109589
2025-11-17 21:00:00+00:00,2025-12-26 00:00:00+00:00,AVGO,AVGO251226P00295000,put,False,295.0,7.25,8.05,7.2,342.6499938964844,0.5896647479248047,0.0370259995532744,0.00688749465062872,23.0,36.0,2025-11-14 19:48:46+00:00,73.18722222222222,7.65,0.10410958904109589
2025-11-17 21:00:00+00:00,2025-12-26 00:00:00+00:00,AVGO,AVGO251226P00300000,put,False,300.0,8.35,8.7,9.08,342.6499938964844,0.5762981823730469,0.0370259995532744,0.00688749465062872,3.0,83.0,2025-11-17 20:20:17+00:00,0.6619444444444444,8.524999999999999,0.10410958904109589
2025-11-17 21:00:00+00:00,2025-12-26 00:00:00+00:00,AVGO,AVGO251226P00305000,put,False,305.0,9.6,9.95,9.5,342.6499938964844,0.5712017977905274,0.0370259995532744,0.00688749465062872,4.0,40.0,2025-11-17 17:12:39+00:00,3.7891666666666666,9.774999999999999,0.10410958904109589
2025-11-17 21:00:00+00:00,2025-12-26 00:00:00+00:00,AVGO,AVGO251226P00310000,put,False,310.0,11.0,11.35,11.7,342.6499938964844,0.5666547241210937,0.0370259995532744,0.00688749465062872,34.0,49.0,2025-11-17 19:07:24+00:00,1.8766666666666667,11.175,0.10410958904109589
2025-11-17 21:00:00+00:00,2025-12-26 00:00:00+00:00,AVGO,AVGO251226P00315000,put,False,315.0,12.5,13.7,13.58,342.6499938964844,0.5720867987060547,0.0370259995532744,0.00688749465062872,8.0,62.0,2025-11-17 20:39:19+00:00,0.3447222222222222,13.1,0.10410958904109589
2025-11-17 21:00:00+00:00,2025-12-26 00:00:00+00:00,AVGO,AVGO251226P00320000,put,False,320.0,13.5,15.5,15.0,342.6499938964844,0.5600629931640625,0.0370259995532744,0.00688749465062872,6.0,70.0,2025-11-17 20:05:51+00:00,0.9025,14.5,0.10410958904109589
2025-11-17 21:00:00+00:00,2025-12-26 00:00:00+00:00,AVGO,AVGO251226P00325000,put,False,325.0,16.05,17.45,16.99,342.6499938964844,0.5654340332031251,0.0370259995532744,0.00688749465062872,6.0,28.0,2025-11-14 16:26:14+00:00,76.56277777777778,16.75,0.10410958904109589
2025-11-17 21:00:00+00:00,2025-12-26 00:00:00+00:00,AVGO,AVGO251226P00330000,put,False,330.0,18.1,19.5,19.4,342.6499938964844,0.5620160986328125,0.0370259995532744,0.00688749465062872,6.0,37.0,2025-11-17 19:30:54+00:00,1.485,18.8,0.10410958904109589
2025-11-17 21:00:00+00:00,2025-12-26 00:00:00+00:00,AVGO,AVGO251226P00335000,put,False,335.0,20.25,21.7,21.67,342.6499938964844,0.5578352322387696,0.0370259995532744,0.00688749465062872,4.0,34.0,2025-11-17 20:46:26+00:00,0.22611111111111112,20.975,0.10410958904109589
2025-11-17 21:00:00+00:00,2025-12-26 00:00:00+00:00,AVGO,AVGO251226P00340000,put,False,340.0,22.6,24.1,22.85,342.6499938964844,0.5546614358520509,0.0370259995532744,0.00688749465062872,43.0,46.0,2025-11-17 20:46:26+00:00,0.22611111111111112,23.35,0.10410958904109589
2025-11-17 21:00:00+00:00,2025-12-26 00:00:00+00:00,AVGO,AVGO251226P00345000,put,True,345.0,25.1,26.65,24.72,342.6499938964844,0.5512740185546876,0.0370259995532744,0.00688749465062872,13.0,29.0,2025-11-17 18:26:49+00:00,2.5530555555555554,25.875,0.10410958904109589
2025-11-17 21:00:00+00:00,2025-12-26 00:00:00+00:00,AVGO,AVGO251226P00350000,put,True,350.0,27.8,29.35,29.35,342.6499938964844,0.5482833258056643,0.0370259995532744,0.00688749465062872,56.0,91.0,2025-11-17 20:45:52+00:00,0.23555555555555555,28.575000000000003,0.10410958904109589
2025-11-17 21:00:00+00:00,2025-12-26 00:00:00+00:00,AVGO,AVGO251226P00355000,put,True,355.0,30.65,32.25,31.1,342.6499938964844,0.5457198748779297,0.0370259995532744,0.00688749465062872,2.0,59.0,2025-11-17 19:30:54+00:00,1.485,31.45,0.10410958904109589
2025-11-17 21:00:00+00:00,2025-12-26 00:00:00+00:00,AVGO,AVGO251226P00360000,put,True,360.0,32.65,34.1,31.46,342.6499938964844,0.5180101910400392,0.0370259995532744,0.00688749465062872,2.0,57.0,2025-11-17 17:37:46+00:00,3.3705555555555557,33.375,0.10410958904109589
2025-11-17 21:00:00+00:00,2025-12-26 00:00:00+00:00,AVGO,AVGO251226P00365000,put,True,365.0,35.95,38.45,31.58,342.6499938964844,0.5300339965820313,0.0370259995532744,0.00688749465062872,,5.0,2025-11-06 15:45:41+00:00,269.2386111111111,37.2,0.10410958904109589
2025-11-17 21:00:00+00:00,2025-12-26 00:00:00+00:00,AVGO,AVGO251226P00370000,put,True,370.0,40.2,41.75,41.81,342.6499938964844,0.5379990048217774,0.0370259995532744,0.00688749465062872,4.0,2.0,2025-11-10 20:52:46+00:00,168.12055555555557,40.975,0.10410958904109589
2025-11-17 21:00:00+00:00,2025-12-26 00:00:00+00:00,AVGO,AVGO251226P00375000,put,True,375.0,43.65,44.1,35.83,342.6499938964844,0.5216112292480468,0.0370259995532744,0.00688749465062872,,1.0,2025-11-10 15:28:14+00:00,173.52944444444444,43.875,0.10410958904109589
2025-11-17 21:00:00+00:00,2025-12-26 00:00:00+00:00,AVGO,AVGO251226P00380000,put,True,380.0,46.75,47.75,47.68,342.6499938964844,0.5128832891845703,0.0370259995532744,0.00688749465062872,1.0,1.0,2025-11-13 16:58:03+00:00,100.0325,47.25,0.10410958904109589
2025-11-17 21:00:00+00:00,2025-12-26 00:00:00+00:00,AVGO,AVGO251226P00400000,put,True,400.0,62.15,65.2,59.05,342.6499938964844,0.5244798529052734,0.0370259995532744,0.00688749465062872,10.0,1.0,2025-11-17 15:45:09+00:00,5.2475,63.675,0.10410958904109589
2025-11-17 21:00:00+00:00,2026-01-02 00:00:00+00:00,AVGO,AVGO260102C00200000,call,True,200.0,142.2,145.4,143.59,342.6499938964844,0.8479019116210937,0.0370259995532744,0.00688749465062872,1.0,1.0,2025-11-14 18:37:59+00:00,74.36694444444444,143.8,0.1232876712328767
2025-11-17 21:00:00+00:00,2026-01-02 00:00:00+00:00,AVGO,AVGO260102C00260000,call,True,260.0,85.0,87.8,86.13,342.6499938964844,0.643680321044922,0.0370259995532744,0.00688749465062872,10.0,10.0,2025-11-14 20:45:57+00:00,72.23416666666667,86.4,0.1232876712328767
2025-11-17 21:00:00+00:00,2026-01-02 00:00:00+00:00,AVGO,AVGO260102C00285000,call,True,285.0,63.7,65.9,60.29,342.6499938964844,0.6015054498291017,0.0370259995532744,0.00688749465062872,,1.0,2025-11-13 19:00:12+00:00,97.99666666666667,64.80000000000001,0.1232876712328767
2025-11-17 21:00:00+00:00,2026-01-02 00:00:00+00:00,AVGO,AVGO260102C00300000,call,True,300.0,52.0,54.1,53.38,342.6499938964844,0.582584740600586,0.0370259995532744,0.00688749465062872,9.0,6.0,2025-11-14 16:47:41+00:00,76.20527777777778,53.05,0.1232876712328767
2025-11-17 21:00:00+00:00,2026-01-02 00:00:00+00:00,AVGO,AVGO260102C00305000,call,True,305.0,48.35,50.3,47.69,342.6499938964844,0.5756268023681641,0.0370259995532744,0.00688749465062872,7.0,3.0,2025-11-17 20:44:29+00:00,0.2586111111111111,49.325,0.1232876712328767
2025-11-17 21:00:00+00:00,2026-01-02 00:00:00+00:00,AVGO,AVGO260102C00320000,call,True,320.0,39.2,40.65,38.49,342.6499938964844,0.5788616333007812,0.0370259995532744,0.00688749465062872,4.0,123.0,2025-11-17 19:43:09+00:00,1.2808333333333333,39.925,0.1232876712328767
2025-11-17 21:00:00+00:00,2026-01-02 00:00:00+00:00,AVGO,AVGO260102C00325000,call,True,325.0,35.0,36.55,41.45,342.6499938964844,0.5509383285522461,0.0370259995532744,0.00688749465062872,10.0,12.0,2025-11-17 14:50:38+00:00,6.1561111111111115,35.775,0.1232876712328767
2025-11-17 21:00:00+00:00,2026-01-02 00:00:00+00:00,AVGO,AVGO260102C00330000,call,True,330.0,32.1,34.6,36.2,342.6499938964844,0.5582624740600587,0.0370259995532744,0.00688749465062872,6.0,7.0,2025-11-17 15:29:29+00:00,5.508611111111111,33.35,0.1232876712328767
2025-11-17 21:00:00+00:00,2026-01-02 00:00:00+00:00,AVGO,AVGO260102C00335000,call,True,335.0,30.4,31.85,32.79,342.6499938964844,0.5662885168457032,0.0370259995532744,0.00688749465062872,4.0,6.0,2025-11-17 14:40:32+00:00,6.3244444444444445,31.125,0.1232876712328767
2025-11-17 21:00:00+00:00,2026-01-02 00:00:00+00:00,AVGO,AVGO260102C00340000,call,True,340.0,26.65,29.2,28.0,342.6499938964844,0.5506636730957033,0.0370259995532744,0.00688749465062872,7.0,13.0,2025-11-14 18:07:07+00:00,74.88138888888889,27.924999999999997,0.1232876712328767
2025-11-17 21:00:00+00:00,2026-01-02 00:00:00+00:00,AVGO,AVGO260102C00345000,call,False,345.0,25.3,25.75,25.35,342.6499938964844,0.5488021194458009,0.0370259995532744,0.00688749465062872,42.0,22.0,2025-11-17 20:56:17+00:00,0.06194444444444445,25.525,0.1232876712328767
2025-11-17 21:00:00+00:00,2026-01-02 00:00:00+00:00,AVGO,AVGO260102C00350000,call,False,350.0,23.0,24.0,22.07,342.6499938964844,0.5516707431030273,0.0370259995532744,0.00688749465062872,9.0,16.0,2025-11-17 20:46:40+00:00,0.2222222222222222,23.5,0.1232876712328767
2025-11-17 21:00:00+00:00,2026-01-02 00:00:00+00:00,AVGO,AVGO260102C00355000,call,False,355.0,19.85,22.3,21.5,342.6499938964844,0.5433090103149415,0.0370259995532744,0.00688749465062872,5.0,8.0,2025-11-14 17:50:03+00:00,75.16583333333334,21.075000000000003,0.1232876712328767
2025-11-17 21:00:00+00:00,2026-01-02 00:00:00+00:00,AVGO,AVGO260102C00360000,call,False,360.0,17.9,20.3,18.76,342.6499938964844,0.5413253875732424,0.0370259995532744,0.00688749465062872,7.0,17.0,2025-11-17 20:58:00+00:00,0.03333333333333333,19.1,0.1232876712328767
2025-11-17 21:00:00+00:00,2026-01-02 00:00:00+00:00,AVGO,AVGO260102C00365000,call,False,365.0,17.05,17.5,16.7,342.6499938964844,0.5395859030151369,0.0370259995532744,0.00688749465062872,1.0,7.0,2025-11-14 15:29:14+00:00,77.51277777777777,17.275,0.1232876712328767
2025-11-17 21:00:00+00:00,2026-01-02 00:00:00+00:00,AVGO,AVGO260102C00370000,call,False,370.0,15.4,15.8,16.5,342.6499938964844,0.538212625732422,0.0370259995532744,0.00688749465062872,2.0,31.0,2025-11-14 20:55:04+00:00,72.08222222222223,15.600000000000001,0.1232876712328767
2025-11-17 21:00:00+00:00,2026-01-02 00:00:00+00:00,AVGO,AVGO260102C00375000,call,False,375.0,13.85,14.25,14.13,342.6499938964844,0.5368088311767578,0.0370259995532744,0.00688749465062872,26.0,24.0,2025-11-14 18:51:12+00:00,74.14666666666666,14.05,0.1232876712328767
2025-11-17 21:00:00+00:00,2026-01-02 00:00:00+00:00,AVGO,AVGO260102C00380000,call,False,380.0,11.45,13.5,12.85,342.6499938964844,0.5320481365966796,0.0370259995532744,0.00688749465062872,22.0,3.0,2025-11-17 19:00:32+00:00,1.991111111111111,12.475,0.1232876712328767
2025-11-17 21:00:00+00:00,2026-01-02 00:00:00+00:00,AVGO,AVGO260102C00385000,call,False,385.0,10.35,11.5,10.65,342.6499938964844,0.5248460601806642,0.0370259995532744,0.00688749465062872,2.0,5.0,2025-11-17 20:48:34+00:00,0.19055555555555556,10.925,0.1232876712328767
2025-11-17 21:00:00+00:00,2026-01-02 00:00:00+00:00,AVGO,AVGO260102C00390000,call,False,390.0,9.95,10.35,11.0,342.6499938964844,0.5335434829711915,0.0370259995532744,0.00688749465062872,2.0,4.0,2025-11-17 14:37:06+00:00,6.381666666666667,10.149999999999999,0.1232876712328767
2025-11-17 21:00:00+00:00,2026-01-02 00:00:00+00:00,AVGO,AVGO260102C00395000,call,False,395.0,8.9,9.25,9.48,342.6499938964844,0.5327195166015625,0.0370259995532744,0.00688749465062872,3.0,3.0,2025-11-14 16:55:29+00:00,76.07527777777777,9.075,0.1232876712328767
2025-11-17 21:00:00+00:00,2026-01-02 00:00:00+00:00,AVGO,AVGO260102C00400000,call,False,400.0,7.95,8.3,8.15,342.6499938964844,0.5326584820556641,0.0370259995532744,0.00688749465062872,11.0,8.0,2025-11-17 17:51:09+00:00,3.1475,8.125,0.1232876712328767
2025-11-17 21:00:00+00:00,2026-01-02 00:00:00+00:00,AVGO,AVGO260102C00420000,call,False,420.0,5.0,5.3,5.7,342.6499938964844,0.5329026202392577,0.0370259995532744,0.00688749465062872,3.0,2.0,2025-11-17 17:26:26+00:00,3.5594444444444444,5.15,0.1232876712328767
2025-11-17 21:00:00+00:00,2026-01-02 00:00:00+00:00,AVGO,AVGO260102C00425000,call,False,425.0,4.45,4.75,5.45,342.6499938964844,0.5337571038818358,0.0370259995532744,0.00688749465062872,1.0,6.0,2025-11-14 16:26:25+00:00,76.55972222222222,4.6,0.1232876712328767
2025-11-17 21:00:00+00:00,2026-01-02 00:00:00+00:00,AVGO,AVGO260102C00440000,call,False,440.0,3.1,3.35,3.57,342.6499938964844,0.5347336566162109,0.0370259995532744,0.00688749465062872,5.0,5.0,2025-11-14 17:33:09+00:00,75.4475,3.225,0.1232876712328767
2025-11-17 21:00:00+00:00,2026-01-02 00:00:00+00:00,AVGO,AVGO260102C00500000,call,False,500.0,0.73,0.92,1.0,342.6499938964844,0.5515181567382813,0.0370259995532744,0.00688749465062872,1.0,1.0,2025-11-14 15:46:25+00:00,77.22638888888889,0.825,0.1232876712328767
2025-11-17 21:00:00+00:00,2026-01-02 00:00:00+00:00,AVGO,AVGO260102C00520000,call,False,520.0,0.46,0.63,0.61,342.6499938964844,0.5603071313476562,0.0370259995532744,0.00688749465062872,1.0,4.0,2025-11-17 16:58:41+00:00,4.021944444444444,0.545,0.1232876712328767
2025-11-17 21:00:00+00:00,2026-01-02 00:00:00+00:00,AVGO,AVGO260102P00190000,put,False,190.0,0.27,0.45,0.42,342.6499938964844,0.76367423828125,0.0370259995532744,0.00688749465062872,1.0,1.0,2025-11-14 14:37:33+00:00,78.37416666666667,0.36,0.1232876712328767
2025-11-17 21:00:00+00:00,2026-01-02 00:00:00+00:00,AVGO,AVGO260102P00220000,put,False,220.0,0.75,0.94,0.9,342.6499938964844,0.6779817358398439,0.0370259995532744,0.00688749465062872,1.0,1.0,2025-11-14 18:05:48+00:00,74.90333333333334,0.845,0.1232876712328767
2025-11-17 21:00:00+00:00,2026-01-02 00:00:00+00:00,AVGO,AVGO260102P00230000,put,False,230.0,1.05,1.24,1.2,342.6499938964844,0.6547886083984377,0.0370259995532744,0.00688749465062872,4.0,3.0,2025-11-17 15:02:45+00:00,5.954166666666667,1.145,0.1232876712328767
2025-11-17 21:00:00+00:00,2026-01-02 00:00:00+00:00,AVGO,AVGO260102P00255000,put,False,255.0,2.38,2.6,2.5,342.6499938964844,0.6077920080566408,0.0370259995532744,0.00688749465062872,2.0,2.0,2025-11-14 17:50:35+00:00,75.15694444444445,2.49,0.1232876712328767
2025-11-17 21:00:00+00:00,2026-01-02 00:00:00+00:00,AVGO,AVGO260102P00260000,put,False,260.0,2.83,3.05,3.05,342.6499938964844,0.6017495880126955,0.0370259995532744,0.00688749465062872,1.0,2.0,2025-11-14 16:37:06+00:00,76.38166666666666,2.94,0.1232876712328767
2025-11-17 21:00:00+00:00,2026-01-02 00:00:00+00:00,AVGO,AVGO260102P00275000,put,False,275.0,4.45,4.75,4.55,342.6499938964844,0.5799602551269532,0.0370259995532744,0.00688749465062872,27.0,1.0,2025-11-17 18:58:48+00:00,2.02,4.6,0.1232876712328767
2025-11-17 21:00:00+00:00,2026-01-02 00:00:00+00:00,AVGO,AVGO260102P00280000,put,False,280.0,5.15,5.45,5.69,342.6499938964844,0.5728192132568359,0.0370259995532744,0.00688749465062872,7.0,6.0,2025-11-17 16:26:30+00:00,4.558333333333334,5.300000000000001,0.1232876712328767
2025-11-17 21:00:00+00:00,2026-01-02 00:00:00+00:00,AVGO,AVGO260102P00285000,put,False,285.0,6.0,6.3,4.79,342.6499938964844,0.5679364495849608,0.0370259995532744,0.00688749465062872,1.0,3.0,2025-11-14 15:49:21+00:00,77.1775,6.15,0.1232876712328767
2025-11-17 21:00:00+00:00,2026-01-02 00:00:00+00:00,AVGO,AVGO260102P00290000,put,False,290.0,6.9,7.25,9.0,342.6499938964844,0.5622602368164062,0.0370259995532744,0.00688749465062872,,2.0,2025-11-13 18:31:17+00:00,98.4786111111111,7.075,0.1232876712328767
2025-11-17 21:00:00+00:00,2026-01-02 00:00:00+00:00,AVGO,AVGO260102P00295000,put,False,295.0,7.95,8.3,7.77,342.6499938964844,0.5571638522338869,0.0370259995532744,0.00688749465062872,1.0,15.0,2025-11-14 19:32:43+00:00,73.45472222222222,8.125,0.1232876712328767
2025-11-17 21:00:00+00:00,2026-01-02 00:00:00+00:00,AVGO,AVGO260102P00300000,put,False,300.0,9.15,9.45,9.9,342.6499938964844,0.5524336749267578,0.0370259995532744,0.00688749465062872,1.0,20.0,2025-11-14 20:54:57+00:00,72.08416666666666,9.3,0.1232876712328767
2025-11-17 21:00:00+00:00,2026-01-02 00:00:00+00:00,AVGO,AVGO260102P00305000,put,False,305.0,10.4,11.45,10.55,342.6499938964844,0.5562788513183594,0.0370259995532744,0.00688749465062872,11.0,11.0,2025-11-14 19:32:43+00:00,73.45472222222222,10.925,0.1232876712328767
2025-11-17 21:00:00+00:00,2026-01-02 00:00:00+00:00,AVGO,AVGO260102P00310000,put,False,310.0,11.8,12.95,11.84,342.6499938964844,0.551762294921875,0.0370259995532744,0.00688749465062872,12.0,2.0,2025-11-17 15:51:06+00:00,5.148333333333333,12.375,0.1232876712328767
2025-11-17 21:00:00+00:00,2026-01-02 00:00:00+00:00,AVGO,AVGO260102P00315000,put,False,315.0,13.4,14.6,13.9,342.6499938964844,0.5482222912597658,0.0370259995532744,0.00688749465062872,6.0,4.0,2025-11-14 20:38:27+00:00,72.35916666666667,14.0,0.1232876712328767
2025-11-17 21:00:00+00:00,2026-01-02 00:00:00+00:00,AVGO,AVGO260102P00320000,put,False,320.0,15.15,16.45,13.75,342.6499938964844,0.5454452194213868,0.0370259995532744,0.00688749465062872,11.0,10.0,2025-11-17 14:39:48+00:00,6.336666666666667,15.8,0.1232876712328767
2025-11-17 21:00:00+00:00,2026-01-02 00:00:00+00:00,AVGO,AVGO260102P00325000,put,False,325.0,17.05,18.45,23.13,342.6499938964844,0.5427596994018556,0.0370259995532744,0.00688749465062872,2.0,8.0,2025-11-14 14:30:04+00:00,78.49888888888889,17.75,0.1232876712328767
2025-11-17 21:00:00+00:00,2026-01-02 00:00:00+00:00,AVGO,AVGO260102P00330000,put,False,330.0,19.05,19.55,18.82,342.6499938964844,0.5282639947509766,0.0370259995532744,0.00688749465062872,4.0,9.0,2025-11-17 14:52:48+00:00,6.12,19.3,0.1232876712328767
2025-11-17 21:00:00+00:00,2026-01-02 00:00:00+00:00,AVGO,AVGO260102P00335000,put,False,335.0,21.3,22.7,21.6,342.6499938964844,0.5352829675292969,0.0370259995532744,0.00688749465062872,4.0,12.0,2025-11-17 19:12:55+00:00,1.7847222222222223,22.0,0.1232876712328767
2025-11-17 21:00:00+00:00,2026-01-02 00:00:00+00:00,AVGO,AVGO260102P00340000,put,False,340.0,23.6,25.1,23.5,342.6499938964844,0.5314988256835937,0.0370259995532744,0.00688749465062872,5.0,4.0,2025-11-17 16:02:59+00:00,4.950277777777778,24.35,0.1232876712328767
2025-11-17 21:00:00+00:00,2026-01-02 00:00:00+00:00,AVGO,AVGO260102P00345000,put,True,345.0,26.15,26.6,27.7,342.6499938964844,0.5179491564941407,0.0370259995532744,0.00688749465062872,5.0,18.0,2025-11-17 20:03:20+00:00,0.9444444444444444,26.375,0.1232876712328767
2025-11-17 21:00:00+00:00,2026-01-02 00:00:00+00:00,AVGO,AVGO260102P00350000,put,True,350.0,28.85,30.25,26.48,342.6499938964844,0.5249681292724608,0.0370259995532744,0.00688749465062872,4.0,10.0,2025-11-14 20:30:14+00:00,72.4961111111111,29.55,0.1232876712328767
2025-11-17 21:00:00+00:00,2026-01-02 00:00:00+00:00,AVGO,AVGO260102P00355000,put,True,355.0,30.65,33.1,29.82,342.6499938964844,0.5112963909912109,0.0370259995532744,0.00688749465062872,5.0,20.0,2025-11-17 17:32:19+00:00,3.461388888888889,31.875,0.1232876712328767
2025-11-17 21:00:00+00:00,2026-01-02 00:00:00+00:00,AVGO,AVGO260102P00360000,put,True,360.0,33.65,35.25,31.92,342.6499938964844,0.516331741027832,0.0370259995532744,0.00688749465062872,3.0,2.0,2025-11-17 16:52:36+00:00,4.123333333333333,34.45,0.1232876712328767
2025-11-17 21:00:00+00:00,2026-01-02 00:00:00+00:00,AVGO,AVGO260102P00455000,put,True,455.0,112.55,115.3,112.55,342.6499938964844,0.5721478332519532,0.0370259995532744,0.00688749465062872,1.0,1.0,2025-11-14 19:40:22+00:00,73.32722222222222,113.925,0.1232876712328767
2025-11-17 21:00:00+00:00,2026-01-16 00:00:00+00:00,AVGO,AVGO260116C00041000,call,True,41.0,300.2,302.95,302.5,342.6499938964844,2.756839045410157,0.0370259995532744,0.00688749465062872,3.0,119.0,2025-11-14 16:39:45+00:00,76.3375,301.575,0.16164383561643836
2025-11-17 21:00:00+00:00,2026-01-16 00:00:00+00:00,AVGO,AVGO260116C00042000,call,True,42.0,299.0,301.95,334.9,342.6499938964844,2.723636003417969,0.0370259995532744,0.00688749465062872,20.0,21.0,2025-10-29 13:30:12+00:00,463.49666666666667,300.475,0.16164383561643836
2025-11-17 21:00:00+00:00,2026-01-16 00:00:00+00:00,AVGO,AVGO260116C00043000,call,True,43.0,297.7,301.1,302.65,342.6499938964844,2.7441437646484372,0.0370259995532744,0.00688749465062872,80.0,77.0,2025-09-19 17:52:39+00:00,1419.1225,299.4,0.16164383561643836
2025-11-17 21:00:00+00:00,2026-01-16 00:00:00+00:00,AVGO,AVGO260116C00044000,call,True,44.0,296.7,300.1,301.7,342.6499938964844,2.71240556274414,0.0370259995532744,0.00688749465062872,40.0,35.0,2025-09-19 17:52:39+00:00,1419.1225,298.4,0.16164383561643836
2025-11-17 21:00:00+00:00,2026-01-16 00:00:00+00:00,AVGO,AVGO260116C00045000,call,True,45.0,295.7,299.0,300.05,342.6499938964844,2.647464318847657,0.0370259995532744,0.00688749465062872,40.0,46.0,2025-09-19 17:52:39+00:00,1419.1225,297.35,0.16164383561643836
2025-11-17 21:00:00+00:00,2026-01-16 00:00:00+00:00,AVGO,AVGO260116C00046000,call,True,46.0,0.0,0.0,107.85,342.6499938964844,1.0000000000000003e-05,0.0370259995532744,0.00688749465062872,4.0,0.0,2025-04-07 19:09:01+00:00,5377.849722222222,0.0,0.16164383561643836
2025-11-17 21:00:00+00:00,2026-01-16 00:00:00+00:00,AVGO,AVGO260116C00047000,call,True,47.0,0.0,0.0,108.0,342.6499938964844,1.0000000000000003e-05,0.0370259995532744,0.00688749465062872,17.0,0.0,2025-04-07 19:41:09+00:00,5377.314166666667,0.0,0.16164383561643836
2025-11-17 21:00:00+00:00,2026-01-16 00:00:00+00:00,AVGO,AVGO260116C00048000,call,True,48.0,,,65.98,342.6499938964844,0.0,0.0370259995532744,0.00688749465062872,,,2024-12-16 05:14:47+00:00,8079.753611111111,65.98,0.16164383561643836
2025-11-17 21:00:00+00:00,2026-01-16 00:00:00+00:00,AVGO,AVGO260116C00049000,call,True,49.0,0.0,0.0,311.2,342.6499938964844,1.0000000000000003e-05,0.0370259995532744,0.00688749465062872,47.0,0.0,2025-09-15 16:06:39+00:00,1516.8891666666666,0.0,0.16164383561643836
2025-11-17 21:00:00+00:00,2026-01-16 00:00:00+00:00,AVGO,AVGO260116C00050000,call,True,50.0,290.9,294.0,328.04,342.6499938964844,2.5058631103515623,0.0370259995532744,0.00688749465062872,5.0,136.0,2025-10-30 19:06:26+00:00,433.8927777777778,292.45,0.16164383561643836
2025-11-17 21:00:00+00:00,2026-01-16 00:00:00+00:00,AVGO,AVGO260116C00051000,call,True,51.0,289.9,293.0,327.7,342.6499938964844,2.4790077087402342,0.0370259995532744,0.00688749465062872,1.0,51.0,2025-10-29 13:30:11+00:00,463.49694444444447,291.45,0.16164383561643836
2025-11-17 21:00:00+00:00,2026-01-16 00:00:00+00:00,AVGO,AVGO260116C00052000,call,True,52.0,0.0,0.0,102.2,342.6499938964844,1.0000000000000003e-05,0.0370259995532744,0.00688749465062872,1.0,0.0,2025-04-07 17:31:43+00:00,5379.471388888889,0.0,0.16164383561643836
2025-11-17 21:00:00+00:00,2026-01-16 00:00:00+00:00,AVGO,AVGO260116C00053000,call,True,53.0,,,46.78,342.6499938964844,0.0,0.0370259995532744,0.00688749465062872,,,2024-12-16 05:14:48+00:00,8079.753333333333,46.78,0.16164383561643836
2025-11-17 21:00:00+00:00,2026-01-16 00:00:00+00:00,AVGO,AVGO260116C00054000,call,True,54.0,,,76.39,342.6499938964844,0.0,0.0370259995532744,0.00688749465062872,,,2024-12-16 05:14:49+00:00,8079.753055555556,76.39,0.16164383561643836
2025-11-17 21:00:00+00:00,2026-01-16 00:00:00+00:00,AVGO,AVGO260116C00055000,call,True,55.0,285.85,289.05,283.45,342.6499938964844,2.394046983642578,0.0370259995532744,0.00688749465062872,3.0,38.0,2025-09-29 13:56:26+00:00,1183.0594444444444,287.45000000000005,0.16164383561643836
2025-11-17 21:00:00+00:00,2026-01-16 00:00:00+00:00,AVGO,AVGO260116C00056000,call,True,56.0,0.0,0.0,99.25,342.6499938964844,1.0000000000000003e-05,0.0370259995532744,0.00688749465062872,2.0,0.0,2025-04-07 18:51:15+00:00,5378.145833333333,0.0,0.16164383561643836
2025-11-17 21:00:00+00:00,2026-01-16 00:00:00+00:00,AVGO,AVGO260116C00057000,call,True,57.0,283.95,287.0,302.67,342.6499938964844,2.3320354199218745,0.0370259995532744,0.00688749465062872,2.0,94.0,2025-11-10 15:35:30+00:00,173.40833333333333,285.475,0.16164383561643836
2025-11-17 21:00:00+00:00,2026-01-16 00:00:00+00:00,AVGO,AVGO260116C00058000,call,True,58.0,0.0,0.0,97.3,342.6499938964844,1.0000000000000003e-05,0.0370259995532744,0.00688749465062872,6.0,0.0,2025-04-07 18:53:19+00:00,5378.1113888888885,0.0,0.16164383561643836
2025-11-17 21:00:00+00:00,2026-01-16 00:00:00+00:00,AVGO,AVGO260116C00059000,call,True,59.0,215.4,217.0,204.75,342.6499938964844,1.0000000000000003e-05,0.0370259995532744,0.00688749465062872,20.0,20.0,2025-06-05 16:54:54+00:00,3964.085,216.2,0.16164383561643836
2025-11-17 21:00:00+00:00,2026-01-16 00:00:00+00:00,AVGO,AVGO260116C00060000,call,True,60.0,280.95,284.05,315.34,342.6499938964844,2.2788128967285153,0.0370259995532744,0.00688749465062872,1.0,68.0,2025-10-30 16:30:55+00:00,436.4847222222222,282.5,0.16164383561643836
2025-11-17 21:00:00+00:00,2026-01-16 00:00:00+00:00,AVGO,AVGO260116C00061000,call,True,61.0,234.85,237.8,239.1,342.6499938964844,1.0000000000000003e-05,0.0370259995532744,0.00688749465062872,10.0,30.0,2025-07-31 15:11:17+00:00,2621.8119444444446,236.325,0.16164383561643836
2025-11-17 21:00:00+00:00,2026-01-16 00:00:00+00:00,AVGO,AVGO260116C00062000,call,True,62.0,,,111.69,342.6499938964844,0.0,0.0370259995532744,0.00688749465062872,,,2024-12-16 05:14:50+00:00,8079.752777777778,111.69,0.16164383561643836
2025-11-17 21:00:00+00:00,2026-01-16 00:00:00+00:00,AVGO,AVGO260116C00063000,call,True,63.0,277.95,281.05,304.52,342.6499938964844,2.214848212890624,0.0370259995532744,0.00688749465062872,10.0,36.0,2025-11-03 14:49:52+00:00,342.1688888888889,279.5,0.16164383561643836
2025-11-17 21:00:00+00:00,2026-01-16 00:00:00+00:00,AVGO,AVGO260116C00064000,call,True,64.0,0.0,0.0,85.9,342.6499938964844,1.0000000000000003e-05,0.0370259995532744,0.00688749465062872,2.0,0.0,2025-04-07 14:02:50+00:00,5382.952777777778,0.0,0.16164383561643836
2025-11-17 21:00:00+00:00,2026-01-16 00:00:00+00:00,AVGO,AVGO260116C00066000,call,True,66.0,0.0,0.0,240.2,342.6499938964844,1.0000000000000003e-05,0.0370259995532744,0.00688749465062872,10.0,138.0,2025-08-12 14:24:02+00:00,2334.5994444444445,0.0,0.16164383561643836
2025-11-17 21:00:00+00:00,2026-01-16 00:00:00+00:00,AVGO,AVGO260116C00068000,call,True,68.0,210.8,212.2,183.34,342.6499938964844,1.0000000000000003e-05,0.0370259995532744,0.00688749465062872,19.0,92.0,2025-06-18 17:36:26+00:00,3651.3927777777776,211.5,0.16164383561643836
2025-11-17 21:00:00+00:00,2026-01-16 00:00:00+00:00,AVGO,AVGO260116C00070000,call,True,70.0,271.0,274.0,273.11,342.6499938964844,2.064457963867187,0.0370259995532744,0.00688749465062872,1.0,172.0,2025-11-14 18:51:20+00:00,74.14444444444445,272.5,0.16164383561643836
2025-11-17 21:00:00+00:00,2026-01-16 00:00:00+00:00,AVGO,AVGO260116C00071000,call,True,71.0,0.0,0.0,86.25,342.6499938964844,1.0000000000000003e-05,0.0370259995532744,0.00688749465062872,,0.0,2025-04-07 18:31:58+00:00,5378.4672222222225,0.0,0.16164383561643836
2025-11-17 21:00:00+00:00,2026-01-16 00:00:00+00:00,AVGO,AVGO260116C00072000,call,True,72.0,0.0,0.0,85.25,342.6499938964844,1.0000000000000003e-05,0.0370259995532744,0.00688749465062872,3.0,0.0,2025-04-07 17:49:45+00:00,5379.170833333334,0.0,0.16164383561643836
2025-11-17 21:00:00+00:00,2026-01-16 00:00:00+00:00,AVGO,AVGO260116C00073000,call,True,73.0,88.2,90.4,83.09,342.6499938964844,1.0000000000000003e-05,0.0370259995532744,0.00688749465062872,30.0,10.0,2024-12-16 05:14:52+00:00,8079.752222222222,89.30000000000001,0.16164383561643836
2025-11-17 21:00:00+00:00,2026-01-16 00:00:00+00:00,AVGO,AVGO260116C00074000,call,True,74.0,0.0,0.0,86.8,342.6499938964844,1.0000000000000003e-05,0.0370259995532744,0.00688749465062872,10.0,0.0,2025-04-07 14:18:31+00:00,5382.6913888888885,0.0,0.16164383561643836
2025-11-17 21:00:00+00:00,2026-01-16 00:00:00+00:00,AVGO,AVGO260116C00075000,call,True,75.0,269.5,272.1,209.2,342.6499938964844,2.325199499511718,0.0370259995532744,0.00688749465062872,1.0,257.0,2025-08-20 14:13:56+00:00,2142.7677777777776,270.8,0.16164383561643836
2025-11-17 21:00:00+00:00,2026-01-16 00:00:00+00:00,AVGO,AVGO260116C00076000,call,True,76.0,133.45,135.0,93.25,342.6499938964844,1.0000000000000003e-05,0.0370259995532744,0.00688749465062872,1.0,1.0,2025-04-09 17:19:23+00:00,5331.676944444444,134.225,0.16164383561643836
2025-11-17 21:00:00+00:00,2026-01-16 00:00:00+00:00,AVGO,AVGO260116C00077000,call,True,77.0,0.0,0.0,80.35,342.6499938964844,1.0000000000000003e-05,0.0370259995532744,0.00688749465062872,1.0,0.0,2025-04-07 19:08:43+00:00,5377.854722222222,0.0,0.16164383561643836
2025-11-17 21:00:00+00:00,2026-01-16 00:00:00+00:00,AVGO,AVGO260116C00078000,call,True,78.0,262.85,266.3,250.7,342.6499938964844,1.99609376953125,0.0370259995532744,0.00688749465062872,,1.0,2025-09-25 13:44:34+00:00,1279.2572222222223,264.57500000000005,0.16164383561643836
2025-11-17 21:00:00+00:00,2026-01-16 00:00:00+00:00,AVGO,AVGO260116C00079000,call,True,79.0,261.85,264.9,269.95,342.6499938964844,1.8852544799804685,0.0370259995532744,0.00688749465062872,1.0,30.0,2025-09-18 14:11:47+00:00,1446.8036111111112,263.375,0.16164383561643836
2025-11-17 21:00:00+00:00,2026-01-16 00:00:00+00:00,AVGO,AVGO260116C00080000,call,True,80.0,214.3,215.25,189.28,342.6499938964844,1.0000000000000003e-05,0.0370259995532744,0.00688749465062872,1.0,203.0,2025-06-26 14:55:09+00:00,3462.0808333333334,214.775,0.16164383561643836
2025-11-17 21:00:00+00:00,2026-01-16 00:00:00+00:00,AVGO,AVGO260116C00081000,call,True,81.0,0.0,0.0,76.0,342.6499938964844,1.0000000000000003e-05,0.0370259995532744,0.00688749465062872,10.0,0.0,2025-04-07 15:12:39+00:00,5381.7891666666665,0.0,0.16164383561643836
2025-11-17 21:00:00+00:00,2026-01-16 00:00:00+00:00,AVGO,AVGO260116C00082000,call,True,82.0,262.25,265.2,202.35,342.6499938964844,2.180424470825195,0.0370259995532744,0.00688749465062872,1.0,294.0,2025-08-20 14:13:56+00:00,2142.7677777777776,263.725,0.16164383561643836
2025-11-17 21:00:00+00:00,2026-01-16 00:00:00+00:00,AVGO,AVGO260116C00083000,call,True,83.0,126.85,128.45,95.45,342.6499938964844,1.0000000000000003e-05,0.0370259995532744,0.00688749465062872,10.0,147.0,2025-04-10 14:00:01+00:00,5310.999722222222,127.64999999999999,0.16164383561643836
2025-11-17 21:00:00+00:00,2026-01-16 00:00:00+00:00,AVGO,AVGO260116C00084000,call,True,84.0,210.35,211.5,200.05,342.6499938964844,1.0000000000000003e-05,0.0370259995532744,0.00688749465062872,5.0,75.0,2025-07-15 14:21:16+00:00,3006.6455555555553,210.925,0.16164383561643836
2025-11-17 21:00:00+00:00,2026-01-16 00:00:00+00:00,AVGO,AVGO260116C00085000,call,True,85.0,238.85,242.25,273.85,342.6499938964844,1.0000000000000003e-05,0.0370259995532744,0.00688749465062872,2.0,575.0,2025-09-12 14:12:17+00:00,1590.7952777777778,240.55,0.16164383561643836
2025-11-17 21:00:00+00:00,2026-01-16 00:00:00+00:00,AVGO,AVGO260116C00086000,call,True,86.0,208.35,209.55,178.07,342.6499938964844,1.0000000000000003e-05,0.0370259995532744,0.00688749465062872,7.0,145.0,2025-06-24 17:59:40+00:00,3507.0055555555555,208.95,0.16164383561643836
2025-11-17 21:00:00+00:00,2026-01-16 00:00:00+00:00,AVGO,AVGO260116C00087000,call,True,87.0,254.05,257.15,287.83,342.6499938964844,1.8217782348632814,0.0370259995532744,0.00688749465062872,5.0,59.0,2025-10-30 15:15:09+00:00,437.7475,255.6,0.16164383561643836
2025-11-17 21:00:00+00:00,2026-01-16 00:00:00+00:00,AVGO,AVGO260116C00088000,call,True,88.0,253.1,256.15,260.45,342.6499938964844,1.8071298706054684,0.0370259995532744,0.00688749465062872,50.0,571.0,2025-10-17 16:45:45+00:00,748.2375,254.625,0.16164383561643836
2025-11-17 21:00:00+00:00,2026-01-16 00:00:00+00:00,AVGO,AVGO260116C00089000,call,True,89.0,0.0,0.0,209.7,342.6499938964844,1.0000000000000003e-05,0.0370259995532744,0.00688749465062872,1.0,53.0,2025-08-26 19:50:00+00:00,1993.1666666666667,0.0,0.16164383561643836
2025-11-17 21:00:00+00:00,2026-01-16 00:00:00+00:00,AVGO,AVGO260116C00090000,call,True,90.0,251.1,254.2,262.5,342.6499938964844,1.7885752758789062,0.0370259995532744,0.00688749465062872,1.0,233.0,2025-11-07 14:34:45+00:00,246.42083333333332,252.64999999999998,0.16164383561643836
2025-11-17 21:00:00+00:00,2026-01-16 00:00:00+00:00,AVGO,AVGO260116C00091000,call,True,91.0,,,60.01,342.6499938964844,0.0,0.0370259995532744,0.00688749465062872,,,2024-12-16 05:14:56+00:00,8079.751111111111,60.01,0.16164383561643836
2025-11-17 21:00:00+00:00,2026-01-16 00:00:00+00:00,AVGO,AVGO260116C00092000,call,True,92.0,256.75,260.05,269.12,342.6499938964844,2.518802531127929,0.0370259995532744,0.00688749465062872,40.0,119.0,2025-09-16 19:30:49+00:00,1489.486388888889,258.4,0.16164383561643836
2025-11-17 21:00:00+00:00,2026-01-16 00:00:00+00:00,AVGO,AVGO260116C00093000,call,True,93.0,231.05,234.3,268.0,342.6499938964844,1.0000000000000003e-05,0.0370259995532744,0.00688749465062872,1.0,65.0,2025-09-12 14:34:09+00:00,1590.4308333333333,232.675,0.16164383561643836
2025-11-17 21:00:00+00:00,2026-01-16 00:00:00+00:00,AVGO,AVGO260116C00094000,call,True,94.0,246.95,250.35,236.5,342.6499938964844,1.762208220214844,0.0370259995532744,0.00688749465062872,1.0,113.0,2025-09-25 14:01:14+00:00,1278.9794444444444,248.64999999999998,0.16164383561643836
2025-11-17 21:00:00+00:00,2026-01-16 00:00:00+00:00,AVGO,AVGO260116C00095000,call,True,95.0,245.95,249.2,248.0,342.6499938964844,1.7197279638671876,0.0370259995532744,0.00688749465062872,1.0,197.0,2025-09-22 16:13:21+00:00,1348.7775,247.575,0.16164383561643836
2025-11-17 21:00:00+00:00,2026-01-16 00:00:00+00:00,AVGO,AVGO260116C00096000,call,True,96.0,245.05,248.25,251.3,342.6499938964844,1.7158217333984376,0.0370259995532744,0.00688749465062872,60.0,150.0,2025-09-18 18:10:47+00:00,1442.8202777777778,246.65,0.16164383561643836
2025-11-17 21:00:00+00:00,2026-01-16 00:00:00+00:00,AVGO,AVGO260116C00097000,call,True,97.0,109.55,110.85,54.3,342.6499938964844,1.0000000000000003e-05,0.0370259995532744,0.00688749465062872,21.0,30.0,2025-04-04 16:45:04+00:00,5452.248888888889,110.19999999999999,0.16164383561643836
2025-11-17 21:00:00+00:00,2026-01-16 00:00:00+00:00,AVGO,AVGO260116C00098000,call,True,98.0,226.15,229.4,263.5,342.6499938964844,1.0000000000000003e-05,0.0370259995532744,0.00688749465062872,2.0,69.0,2025-09-11 17:49:12+00:00,1611.18,227.775,0.16164383561643836
2025-11-17 21:00:00+00:00,2026-01-16 00:00:00+00:00,AVGO,AVGO260116C00099000,call,True,99.0,241.95,245.0,239.4,342.6499938964844,1.626954990234375,0.0370259995532744,0.00688749465062872,1.0,64.0,2025-09-29 14:01:35+00:00,1182.973611111111,243.475,0.16164383561643836
2025-11-17 21:00:00+00:00,2026-01-16 00:00:00+00:00,AVGO,AVGO260116C00100000,call,True,100.0,241.15,244.6,236.2,342.6499938964844,1.2480506347656248,0.0370259995532744,0.00688749465062872,10.0,848.0,2025-11-13 16:27:36+00:00,100.54,242.875,0.16164383561643836
2025-11-17 21:00:00+00:00,2026-01-16 00:00:00+00:00,AVGO,AVGO260116C00101000,call,True,101.0,240.0,243.0,233.24,342.6499938964844,1.6020527709960937,0.0370259995532744,0.00688749465062872,9.0,129.0,2025-09-25 14:34:48+00:00,1278.42,241.5,0.16164383561643836
2025-11-17 21:00:00+00:00,2026-01-16 00:00:00+00:00,AVGO,AVGO260116C00102000,call,True,102.0,239.5,242.25,252.32,342.6499938964844,1.228519482421875,0.0370259995532744,0.00688749465062872,1.0,70.0,2025-10-20 15:30:42+00:00,677.4883333333333,240.875,0.16164383561643836
2025-11-17 21:00:00+00:00,2026-01-16 00:00:00+00:00,AVGO,AVGO260116C00103000,call,True,103.0,238.0,241.0,237.65,342.6499938964844,1.5776388305664062,0.0370259995532744,0.00688749465062872,1.0,233.0,2025-09-22 16:48:04+00:00,1348.1988888888889,239.5,0.16164383561643836
2025-11-17 21:00:00+00:00,2026-01-16 00:00:00+00:00,AVGO,AVGO260116C00104000,call,True,104.0,140.25,142.4,99.28,342.6499938964844,1.0000000000000003e-05,0.0370259995532744,0.00688749465062872,1.0,34.0,2025-05-01 15:08:33+00:00,4805.8575,141.325,0.16164383561643836
2025-11-17 21:00:00+00:00,2026-01-16 00:00:00+00:00,AVGO,AVGO260116C00105000,call,True,105.0,236.0,239.05,237.55,342.6499938964844,1.5639670239257812,0.0370259995532744,0.00688749465062872,1.0,126.0,2025-10-09 17:31:04+00:00,939.4822222222223,237.525,0.16164383561643836
2025-11-17 21:00:00+00:00,2026-01-16 00:00:00+00:00,AVGO,AVGO260116C00106000,call,True,106.0,0.0,0.0,67.15,342.6499938964844,1.0000000000000003e-05,0.0370259995532744,0.00688749465062872,1.0,0.0,2025-03-31 19:14:31+00:00,5545.758055555556,0.0,0.16164383561643836
2025-11-17 21:00:00+00:00,2026-01-16 00:00:00+00:00,AVGO,AVGO260116C00107000,call,True,107.0,172.75,174.7,148.65,342.6499938964844,1.0000000000000003e-05,0.0370259995532744,0.00688749465062872,2.0,29.0,2025-06-13 14:00:13+00:00,3774.9963888888888,173.725,0.16164383561643836
2025-11-17 21:00:00+00:00,2026-01-16 00:00:00+00:00,AVGO,AVGO260116C00108000,call,True,108.0,0.0,0.0,190.43,342.6499938964844,1.0000000000000003e-05,0.0370259995532744,0.00688749465062872,4.0,80.0,2025-08-04 15:20:58+00:00,2525.6505555555555,0.0,0.16164383561643836
2025-11-17 21:00:00+00:00,2026-01-16 00:00:00+00:00,AVGO,AVGO260116C00109000,call,True,109.0,232.2,235.25,253.15,342.6499938964844,1.0312548437500002,0.0370259995532744,0.00688749465062872,219.0,1267.0,2025-11-05 20:11:46+00:00,288.8038888888889,233.725,0.16164383561643836
2025-11-17 21:00:00+00:00,2026-01-16 00:00:00+00:00,AVGO,AVGO260116C00110000,call,True,110.0,231.15,234.0,240.55,342.6499938964844,1.4965845483398437,0.0370259995532744,0.00688749465062872,10.0,283.0,2025-10-13 13:31:30+00:00,847.475,232.575,0.16164383561643836
2025-11-17 21:00:00+00:00,2026-01-16 00:00:00+00:00,AVGO,AVGO260116C00111000,call,True,111.0,230.55,233.25,234.95,342.6499938964844,1.1611370068359377,0.0370259995532744,0.00688749465062872,2.0,101.0,2025-11-07 14:38:26+00:00,246.35944444444445,231.9,0.16164383561643836
2025-11-17 21:00:00+00:00,2026-01-16 00:00:00+00:00,AVGO,AVGO260116C00112000,call,True,112.0,91.7,93.6,112.85,342.6499938964844,1.0000000000000003e-05,0.0370259995532744,0.00688749465062872,1.0,153.0,2025-01-30 16:53:17+00:00,6988.111944444445,92.65,0.16164383561643836
2025-11-17 21:00:00+00:00,2026-01-16 00:00:00+00:00,AVGO,AVGO260116C00113000,call,True,113.0,211.35,214.65,251.05,342.6499938964844,1.0000000000000003e-05,0.0370259995532744,0.00688749465062872,1.0,96.0,2025-09-11 16:43:14+00:00,1612.2794444444444,213.0,0.16164383561643836
2025-11-17 21:00:00+00:00,2026-01-16 00:00:00+00:00,AVGO,AVGO260116C00114000,call,True,114.0,227.55,230.3,240.0,342.6499938964844,1.1484417578125,0.0370259995532744,0.00688749465062872,3.0,68.0,2025-11-11 20:45:18+00:00,144.245,228.925,0.16164383561643836
2025-11-17 21:00:00+00:00,2026-01-16 00:00:00+00:00,AVGO,AVGO260116C00115000,call,True,115.0,226.1,229.1,225.45,342.6499938964844,1.4599636376953122,0.0370259995532744,0.00688749465062872,4.0,71.0,2025-10-02 15:12:15+00:00,1109.7958333333333,227.6,0.16164383561643836
2025-11-17 21:00:00+00:00,2026-01-16 00:00:00+00:00,AVGO,AVGO260116C00116000,call,True,116.0,92.85,93.7,42.0,342.6499938964844,1.0000000000000003e-05,0.0370259995532744,0.00688749465062872,1.0,89.0,2025-04-04 15:01:27+00:00,5453.975833333333,93.275,0.16164383561643836
2025-11-17 21:00:00+00:00,2026-01-16 00:00:00+00:00,AVGO,AVGO260116C00117000,call,True,117.0,115.3,116.85,69.55,342.6499938964844,1.0000000000000003e-05,0.0370259995532744,0.00688749465062872,4.0,118.0,2025-04-23 16:15:23+00:00,4996.743611111111,116.07499999999999,0.16164383561643836
2025-11-17 21:00:00+00:00,2026-01-16 00:00:00+00:00,AVGO,AVGO260116C00118000,call,True,118.0,114.45,115.9,67.6,342.6499938964844,1.0000000000000003e-05,0.0370259995532744,0.00688749465062872,6.0,123.0,2025-04-23 19:50:00+00:00,4993.166666666667,115.17500000000001,0.16164383561643836
2025-11-17 21:00:00+00:00,2026-01-16 00:00:00+00:00,AVGO,AVGO260116C00119000,call,True,119.0,205.6,208.8,245.95,342.6499938964844,1.0000000000000003e-05,0.0370259995532744,0.00688749465062872,4.0,138.0,2025-09-10 14:11:14+00:00,1638.8127777777777,207.2,0.16164383561643836
2025-11-17 21:00:00+00:00,2026-01-16 00:00:00+00:00,AVGO,AVGO260116C00120000,call,True,120.0,221.7,224.35,239.5,342.6499938964844,1.142582412109375,0.0370259995532744,0.00688749465062872,11.0,876.0,2025-11-04 18:31:33+00:00,314.4741666666667,223.02499999999998,0.16164383561643836
2025-11-17 21:00:00+00:00,2026-01-16 00:00:00+00:00,AVGO,AVGO260116C00121000,call,True,121.0,220.2,223.15,215.65,342.6499938964844,0.8437515624999999,0.0370259995532744,0.00688749465062872,10.0,328.0,2025-10-10 15:23:27+00:00,917.6091666666666,221.675,0.16164383561643836
2025-11-17 21:00:00+00:00,2026-01-16 00:00:00+00:00,AVGO,AVGO260116C00122000,call,True,122.0,219.6,222.35,212.3,342.6499938964844,1.1044966650390626,0.0370259995532744,0.00688749465062872,1.0,190.0,2025-11-14 14:43:57+00:00,78.2675,220.975,0.16164383561643836
2025-11-17 21:00:00+00:00,2026-01-16 00:00:00+00:00,AVGO,AVGO260116C00124000,call,True,124.0,217.25,220.2,225.55,342.6499938964844,0.9179695703125,0.0370259995532744,0.00688749465062872,1.0,231.0,2025-09-18 14:11:55+00:00,1446.8013888888888,218.725,0.16164383561643836
2025-11-17 21:00:00+00:00,2026-01-16 00:00:00+00:00,AVGO,AVGO260116C00125000,call,True,125.0,216.65,219.4,234.43,342.6499938964844,1.1005904345703126,0.0370259995532744,0.00688749465062872,3.0,757.0,2025-11-11 14:30:22+00:00,150.49388888888888,218.025,0.16164383561643836
2025-11-17 21:00:00+00:00,2026-01-16 00:00:00+00:00,AVGO,AVGO260116C00126000,call,True,126.0,215.3,218.4,234.0,342.6499938964844,1.0087940185546875,0.0370259995532744,0.00688749465062872,1.0,255.0,2025-10-27 14:56:08+00:00,510.06444444444446,216.85000000000002,0.16164383561643836
2025-11-17 21:00:00+00:00,2026-01-16 00:00:00+00:00,AVGO,AVGO260116C00128000,call,True,128.0,213.25,216.45,212.8,342.6499938964844,0.9941406835937501,0.0370259995532744,0.00688749465062872,5.0,419.0,2025-10-02 14:57:28+00:00,1110.0422222222223,214.85,0.16164383561643836
2025-11-17 21:00:00+00:00,2026-01-16 00:00:00+00:00,AVGO,AVGO260116C00130000,call,True,130.0,211.35,214.4,240.4,342.6499938964844,0.993164130859375,0.0370259995532744,0.00688749465062872,3.0,945.0,2025-10-28 16:47:39+00:00,484.2058333333333,212.875,0.16164383561643836
2025-11-17 21:00:00+00:00,2026-01-16 00:00:00+00:00,AVGO,AVGO260116C00132000,call,True,132.0,209.7,212.45,234.2,342.6499938964844,1.062992966308594,0.0370259995532744,0.00688749465062872,10.0,483.0,2025-11-03 18:56:02+00:00,338.0661111111111,211.075,0.16164383561643836
2025-11-17 21:00:00+00:00,2026-01-16 00:00:00+00:00,AVGO,AVGO260116C00134000,call,True,134.0,207.7,210.45,214.46,342.6499938964844,1.0473680444335938,0.0370259995532744,0.00688749465062872,4.0,597.0,2025-11-17 16:51:59+00:00,4.133611111111111,209.075,0.16164383561643836
2025-11-17 21:00:00+00:00,2026-01-16 00:00:00+00:00,AVGO,AVGO260116C00135000,call,True,135.0,189.9,193.1,219.97,342.6499938964844,1.0000000000000003e-05,0.0370259995532744,0.00688749465062872,1.0,113.0,2025-09-08 14:09:22+00:00,1686.8438888888888,191.5,0.16164383561643836
2025-11-17 21:00:00+00:00,2026-01-16 00:00:00+00:00,AVGO,AVGO260116C00136000,call,True,136.0,209.9,211.5,155.1,342.6499938964844,1.5450462200927733,0.0370259995532744,0.00688749465062872,1.0,248.0,2025-08-21 18:58:27+00:00,2114.025833333333,210.7,0.16164383561643836
2025-11-17 21:00:00+00:00,2026-01-16 00:00:00+00:00,AVGO,AVGO260116C00138000,call,True,138.0,203.85,206.5,244.07,342.6499938964844,1.0473680444335938,0.0370259995532744,0.00688749465062872,5.0,835.0,2025-10-29 14:21:32+00:00,462.6411111111111,205.175,0.16164383561643836
2025-11-17 21:00:00+00:00,2026-01-16 00:00:00+00:00,AVGO,AVGO260116C00140000,call,True,140.0,201.95,204.45,206.85,342.6499938964844,1.0390673046875003,0.0370259995532744,0.00688749465062872,20.0,1106.0,2025-11-07 19:54:08+00:00,241.09777777777776,203.2,0.16164383561643836
2025-11-17 21:00:00+00:00,2026-01-16 00:00:00+00:00,AVGO,AVGO260116C00142000,call,True,142.0,199.35,202.55,219.95,342.6499938964844,0.9414068359375,0.0370259995532744,0.00688749465062872,2.0,291.0,2025-10-16 15:06:22+00:00,773.8938888888889,200.95,0.16164383561643836
2025-11-17 21:00:00+00:00,2026-01-16 00:00:00+00:00,AVGO,AVGO260116C00144000,call,True,144.0,197.95,200.6,200.0,342.6499938964844,1.0283251708984378,0.0370259995532744,0.00688749465062872,1.0,222.0,2025-11-07 15:50:17+00:00,245.16194444444446,199.27499999999998,0.16164383561643836
2025-11-17 21:00:00+00:00,2026-01-16 00:00:00+00:00,AVGO,AVGO260116C00145000,call,True,145.0,196.5,199.4,208.1,342.6499938964844,0.920899228515625,0.0370259995532744,0.00688749465062872,2.0,902.0,2025-10-15 19:58:47+00:00,793.0202777777778,197.95,0.16164383561643836
2025-11-17 21:00:00+00:00,2026-01-16 00:00:00+00:00,AVGO,AVGO260116C00146000,call,True,146.0,195.4,198.55,190.85,342.6499938964844,0.9238288867187501,0.0370259995532744,0.00688749465062872,1.0,822.0,2025-10-01 18:09:25+00:00,1130.8430555555556,196.97500000000002,0.16164383561643836
2025-11-17 21:00:00+00:00,2026-01-16 00:00:00+00:00,AVGO,AVGO260116C00148000,call,True,148.0,177.25,180.45,213.37,342.6499938964844,1.0000000000000003e-05,0.0370259995532744,0.00688749465062872,1.0,272.0,2025-09-10 13:42:55+00:00,1639.2847222222222,178.85,0.16164383561643836
2025-11-17 21:00:00+00:00,2026-01-16 00:00:00+00:00,AVGO,AVGO260116C00150000,call,True,150.0,192.3,195.0,197.5,342.6499938964844,1.0598191540527346,0.0370259995532744,0.00688749465062872,9.0,1451.0,2025-11-17 16:37:03+00:00,4.3825,193.65,0.16164383561643836
2025-11-17 21:00:00+00:00,2026-01-16 00:00:00+00:00,AVGO,AVGO260116C00152000,call,True,152.0,189.95,192.7,223.8,342.6499938964844,0.9804689453125001,0.0370259995532744,0.00688749465062872,1.0,247.0,2025-10-31 15:01:11+00:00,413.98027777777776,191.325,0.16164383561643836
2025-11-17 21:00:00+00:00,2026-01-16 00:00:00+00:00,AVGO,AVGO260116C00154000,call,True,154.0,188.15,190.7,181.75,342.6499938964844,0.9873048144531251,0.0370259995532744,0.00688749465062872,1.0,214.0,2025-11-13 16:39:27+00:00,100.3425,189.425,0.16164383561643836
2025-11-17 21:00:00+00:00,2026-01-16 00:00:00+00:00,AVGO,AVGO260116C00155000,call,True,155.0,186.6,189.75,186.52,342.6499938964844,0.9233406103515626,0.0370259995532744,0.00688749465062872,1.0,2270.0,2025-11-07 16:32:21+00:00,244.46083333333334,188.175,0.16164383561643836
2025-11-17 21:00:00+00:00,2026-01-16 00:00:00+00:00,AVGO,AVGO260116C00156000,call,True,156.0,186.1,188.75,201.45,342.6499938964844,0.9726565234375,0.0370259995532744,0.00688749465062872,8.0,177.0,2025-11-11 17:49:56+00:00,147.1677777777778,187.425,0.16164383561643836
2025-11-17 21:00:00+00:00,2026-01-16 00:00:00+00:00,AVGO,AVGO260116C00158000,call,True,158.0,183.85,186.75,199.5,342.6499938964844,0.9326178613281251,0.0370259995532744,0.00688749465062872,8.0,5498.0,2025-11-11 17:49:56+00:00,147.1677777777778,185.3,0.16164383561643836
2025-11-17 21:00:00+00:00,2026-01-16 00:00:00+00:00,AVGO,AVGO260116C00160000,call,True,160.0,181.9,185.2,194.41,342.6499938964844,0.9675296215820313,0.0370259995532744,0.00688749465062872,25.0,3361.0,2025-11-12 20:28:57+00:00,120.5175,183.55,0.16164383561643836
2025-11-17 21:00:00+00:00,2026-01-16 00:00:00+00:00,AVGO,AVGO260116C00162000,call,True,162.0,180.25,182.8,184.1,342.6499938964844,0.9487309814453124,0.0370259995532744,0.00688749465062872,1.0,397.0,2025-11-17 14:34:38+00:00,6.422777777777778,181.525,0.16164383561643836
2025-11-17 21:00:00+00:00,2026-01-16 00:00:00+00:00,AVGO,AVGO260116C00164000,call,True,164.0,178.3,180.85,177.02,342.6499938964844,0.9433599414062499,0.0370259995532744,0.00688749465062872,1.0,600.0,2025-11-07 17:14:54+00:00,243.75166666666667,179.575,0.16164383561643836
2025-11-17 21:00:00+00:00,2026-01-16 00:00:00+00:00,AVGO,AVGO260116C00165000,call,True,165.0,177.3,179.85,211.65,342.6499938964844,0.936524072265625,0.0370259995532744,0.00688749465062872,1.0,760.0,2025-10-30 16:40:34+00:00,436.3238888888889,178.575,0.16164383561643836
2025-11-17 21:00:00+00:00,2026-01-16 00:00:00+00:00,AVGO,AVGO260116C00166000,call,True,166.0,176.15,178.9,211.75,342.6499938964844,0.920899228515625,0.0370259995532744,0.00688749465062872,1.0,1821.0,2025-10-31 15:14:31+00:00,413.75805555555553,177.525,0.16164383561643836
2025-11-17 21:00:00+00:00,2026-01-16 00:00:00+00:00,AVGO,AVGO260116C00168000,call,True,168.0,168.95,170.1,132.05,342.6499938964844,1.0000000000000003e-05,0.0370259995532744,0.00688749465062872,5.0,1437.0,2025-08-29 19:35:42+00:00,1921.405,169.52499999999998,0.16164383561643836
2025-11-17 21:00:00+00:00,2026-01-16 00:00:00+00:00,AVGO,AVGO260116C00170000,call,True,170.0,172.4,174.95,171.62,342.6499938964844,0.9179695703125,0.0370259995532744,0.00688749465062872,2.0,10547.0,2025-11-17 20:45:22+00:00,0.24388888888888888,173.675,0.16164383561643836
2025-11-17 21:00:00+00:00,2026-01-16 00:00:00+00:00,AVGO,AVGO260116C00172000,call,True,172.0,170.35,173.0,163.3,342.6499938964844,0.9040536938476562,0.0370259995532744,0.00688749465062872,2.0,4289.0,2025-11-14 14:43:29+00:00,78.27527777777777,171.675,0.16164383561643836
2025-11-17 21:00:00+00:00,2026-01-16 00:00:00+00:00,AVGO,AVGO260116C00174000,call,True,174.0,167.9,171.4,181.13,342.6499938964844,0.8867198828124999,0.0370259995532744,0.00688749465062872,1.0,3003.0,2025-11-12 20:31:40+00:00,120.47222222222223,169.65,0.16164383561643836
2025-11-17 21:00:00+00:00,2026-01-16 00:00:00+00:00,AVGO,AVGO260116C00175000,call,True,175.0,167.3,170.4,193.12,342.6499938964844,0.9086923193359374,0.0370259995532744,0.00688749465062872,72.0,907.0,2025-11-03 17:54:00+00:00,339.1,168.85000000000002,0.16164383561643836
2025-11-17 21:00:00+00:00,2026-01-16 00:00:00+00:00,AVGO,AVGO260116C00176000,call,True,176.0,166.3,169.5,163.93,342.6499938964844,0.9084481811523437,0.0370259995532744,0.00688749465062872,1.0,3123.0,2025-11-13 18:14:30+00:00,98.75833333333334,167.9,0.16164383561643836
2025-11-17 21:00:00+00:00,2026-01-16 00:00:00+00:00,AVGO,AVGO260116C00178000,call,True,178.0,164.45,167.1,160.93,342.6499938964844,0.8781750463867187,0.0370259995532744,0.00688749465062872,1.0,472.0,2025-11-13 19:45:36+00:00,97.24,165.77499999999998,0.16164383561643836
2025-11-17 21:00:00+00:00,2026-01-16 00:00:00+00:00,AVGO,AVGO260116C00180000,call,True,180.0,162.55,165.5,163.1,342.6499938964844,0.8969736865234373,0.0370259995532744,0.00688749465062872,2.0,1657.0,2025-11-04 17:44:35+00:00,315.25694444444446,164.025,0.16164383561643836
2025-11-17 21:00:00+00:00,2026-01-16 00:00:00+00:00,AVGO,AVGO260116C00182000,call,True,182.0,158.65,160.2,156.75,342.6499938964844,1.0000000000000003e-05,0.0370259995532744,0.00688749465062872,1.0,273.0,2025-09-05 19:35:05+00:00,1753.4152777777779,159.425,0.16164383561643836
2025-11-17 21:00:00+00:00,2026-01-16 00:00:00+00:00,AVGO,AVGO260116C00184000,call,True,184.0,158.75,161.45,164.76,342.6499938964844,0.8787853918457031,0.0370259995532744,0.00688749465062872,4.0,1445.0,2025-11-17 15:20:10+00:00,5.663888888888889,160.1,0.16164383561643836
2025-11-17 21:00:00+00:00,2026-01-16 00:00:00+00:00,AVGO,AVGO260116C00185000,call,True,185.0,157.6,160.2,163.0,342.6499938964844,0.8483901879882811,0.0370259995532744,0.00688749465062872,4.0,760.0,2025-10-23 15:53:27+00:00,605.1091666666666,158.89999999999998,0.16164383561643836
2025-11-17 21:00:00+00:00,2026-01-16 00:00:00+00:00,AVGO,AVGO260116C00186000,call,True,186.0,156.7,159.8,198.0,342.6499938964844,0.8818371191406249,0.0370259995532744,0.00688749465062872,1.0,647.0,2025-10-29 15:40:21+00:00,461.3275,158.25,0.16164383561643836
2025-11-17 21:00:00+00:00,2026-01-16 00:00:00+00:00,AVGO,AVGO260116C00188000,call,True,188.0,154.55,157.65,149.7,342.6499938964844,0.8522963989257812,0.0370259995532744,0.00688749465062872,1.0,581.0,2025-11-13 18:58:49+00:00,98.01972222222223,156.10000000000002,0.16164383561643836
2025-11-17 21:00:00+00:00,2026-01-16 00:00:00+00:00,AVGO,AVGO260116C00190000,call,True,190.0,152.7,155.3,156.77,342.6499938964844,0.8278825805664061,0.0370259995532744,0.00688749465062872,3.0,2091.0,2025-11-13 15:26:00+00:00,101.56666666666666,154.0,0.16164383561643836
2025-11-17 21:00:00+00:00,2026-01-16 00:00:00+00:00,AVGO,AVGO260116C00192000,call,True,192.0,151.0,153.55,156.9,342.6499938964844,0.844606046142578,0.0370259995532744,0.00688749465062872,4.0,349.0,2025-11-17 16:44:58+00:00,4.250555555555556,152.275,0.16164383561643836
2025-11-17 21:00:00+00:00,2026-01-16 00:00:00+00:00,AVGO,AVGO260116C00194000,call,True,194.0,148.35,151.4,151.5,342.6499938964844,0.7878439184570312,0.0370259995532744,0.00688749465062872,3.0,1447.0,2025-10-02 17:06:09+00:00,1107.8975,149.875,0.16164383561643836
2025-11-17 21:00:00+00:00,2026-01-16 00:00:00+00:00,AVGO,AVGO260116C00195000,call,True,195.0,147.9,150.45,146.86,342.6499938964844,0.8148211877441407,0.0370259995532744,0.00688749465062872,3.0,1713.0,2025-11-17 20:46:13+00:00,0.22972222222222222,149.175,0.16164383561643836
2025-11-17 21:00:00+00:00,2026-01-16 00:00:00+00:00,AVGO,AVGO260116C00196000,call,True,196.0,146.9,149.85,146.27,342.6499938964844,0.8283708569335937,0.0370259995532744,0.00688749465062872,25.0,1049.0,2025-11-07 16:18:01+00:00,244.69972222222222,148.375,0.16164383561643836
2025-11-17 21:00:00+00:00,2026-01-16 00:00:00+00:00,AVGO,AVGO260116C00198000,call,True,198.0,144.45,147.35,163.8,342.6499938964844,0.7661156201171876,0.0370259995532744,0.00688749465062872,1.0,785.0,2025-10-15 14:31:46+00:00,798.4705555555555,145.89999999999998,0.16164383561643836
2025-11-17 21:00:00+00:00,2026-01-16 00:00:00+00:00,AVGO,AVGO260116C00200000,call,True,200.0,142.95,145.85,146.9,342.6499938964844,0.8049335913085938,0.0370259995532744,0.00688749465062872,5.0,8893.0,2025-11-17 18:42:25+00:00,2.2930555555555556,144.39999999999998,0.16164383561643836
2025-11-17 21:00:00+00:00,2026-01-16 00:00:00+00:00,AVGO,AVGO260116C00205000,call,True,205.0,138.15,140.45,157.0,342.6499938964844,0.7641625146484375,0.0370259995532744,0.00688749465062872,1.0,929.0,2025-11-10 15:38:40+00:00,173.35555555555555,139.3,0.16164383561643836
2025-11-17 21:00:00+00:00,2026-01-16 00:00:00+00:00,AVGO,AVGO260116C00210000,call,True,210.0,133.25,135.6,132.89,342.6499938964844,0.7445093908691407,0.0370259995532744,0.00688749465062872,5.0,5186.0,2025-11-17 20:46:44+00:00,0.22111111111111112,134.425,0.16164383561643836
2025-11-17 21:00:00+00:00,2026-01-16 00:00:00+00:00,AVGO,AVGO260116C00215000,call,True,215.0,128.35,130.8,139.03,342.6499938964844,0.726565234375,0.0370259995532744,0.00688749465062872,5.0,3477.0,2025-11-07 14:35:45+00:00,246.40416666666667,129.575,0.16164383561643836
2025-11-17 21:00:00+00:00,2026-01-16 00:00:00+00:00,AVGO,AVGO260116C00220000,call,True,220.0,123.75,126.0,114.69,342.6499938964844,0.7188748815917969,0.0370259995532744,0.00688749465062872,1.0,2391.0,2025-11-14 14:31:19+00:00,78.47805555555556,124.875,0.16164383561643836
2025-11-17 21:00:00+00:00,2026-01-16 00:00:00+00:00,AVGO,AVGO260116C00225000,call,True,225.0,118.75,121.5,116.75,342.6499938964844,0.7055693505859376,0.0370259995532744,0.00688749465062872,20.0,3237.0,2025-11-13 18:08:27+00:00,98.85916666666667,120.125,0.16164383561643836
2025-11-17 21:00:00+00:00,2026-01-16 00:00:00+00:00,AVGO,AVGO260116C00230000,call,True,230.0,114.25,116.65,124.55,342.6499938964844,0.695437615966797,0.0370259995532744,0.00688749465062872,1.0,3264.0,2025-11-14 17:02:28+00:00,75.9588888888889,115.45,0.16164383561643836
2025-11-17 21:00:00+00:00,2026-01-16 00:00:00+00:00,AVGO,AVGO260116C00235000,call,True,235.0,109.55,111.85,110.45,342.6499938964844,0.6794465649414063,0.0370259995532744,0.00688749465062872,5.0,4781.0,2025-11-13 18:09:09+00:00,98.8475,110.69999999999999,0.16164383561643836
2025-11-17 21:00:00+00:00,2026-01-16 00:00:00+00:00,AVGO,AVGO260116C00240000,call,True,240.0,104.8,107.15,104.31,342.6499938964844,0.6636996520996095,0.0370259995532744,0.00688749465062872,3.0,9925.0,2025-11-17 20:47:11+00:00,0.2136111111111111,105.975,0.16164383561643836
2025-11-17 21:00:00+00:00,2026-01-16 00:00:00+00:00,AVGO,AVGO260116C00245000,call,True,245.0,100.4,102.15,100.7,342.6499938964844,0.6481358428955077,0.0370259995532744,0.00688749465062872,1.0,1812.0,2025-11-14 18:45:02+00:00,74.24944444444445,101.275,0.16164383561643836
2025-11-17 21:00:00+00:00,2026-01-16 00:00:00+00:00,AVGO,AVGO260116C00250000,call,True,250.0,95.85,97.9,97.7,342.6499938964844,0.6450230810546875,0.0370259995532744,0.00688749465062872,6.0,10154.0,2025-11-17 18:59:02+00:00,2.016111111111111,96.875,0.16164383561643836
2025-11-17 21:00:00+00:00,2026-01-16 00:00:00+00:00,AVGO,AVGO260116C00255000,call,True,255.0,91.35,93.05,91.07,342.6499938964844,0.6277503045654298,0.0370259995532744,0.00688749465062872,2.0,1510.0,2025-11-14 14:58:27+00:00,78.02583333333334,92.19999999999999,0.16164383561643836
2025-11-17 21:00:00+00:00,2026-01-16 00:00:00+00:00,AVGO,AVGO260116C00260000,call,True,260.0,86.9,89.35,92.86,342.6499938964844,0.6324499645996093,0.0370259995532744,0.00688749465062872,10.0,6954.0,2025-11-17 16:51:59+00:00,4.133611111111111,88.125,0.16164383561643836
2025-11-17 21:00:00+00:00,2026-01-16 00:00:00+00:00,AVGO,AVGO260116C00265000,call,True,265.0,82.5,84.5,82.7,342.6499938964844,0.6140175317382813,0.0370259995532744,0.00688749465062872,7.0,1059.0,2025-11-17 14:54:04+00:00,6.098888888888889,83.5,0.16164383561643836
2025-11-17 21:00:00+00:00,2026-01-16 00:00:00+00:00,AVGO,AVGO260116C00270000,call,True,270.0,78.3,80.75,77.3,342.6499938964844,0.6160927062988282,0.0370259995532744,0.00688749465062872,4.0,3359.0,2025-11-17 20:36:00+00:00,0.4,79.525,0.16164383561643836
2025-11-17 21:00:00+00:00,2026-01-16 00:00:00+00:00,AVGO,AVGO260116C00275000,call,True,275.0,74.0,75.8,75.0,342.6499938964844,0.5949747534179688,0.0370259995532744,0.00688749465062872,13.0,5891.0,2025-11-14 16:45:35+00:00,76.24027777777778,74.9,0.16164383561643836
2025-11-17 21:00:00+00:00,2026-01-16 00:00:00+00:00,AVGO,AVGO260116C00280000,call,True,280.0,70.05,71.8,71.0,342.6499938964844,0.5920450952148439,0.0370259995532744,0.00688749465062872,7.0,8614.0,2025-11-17 19:44:33+00:00,1.2575,70.925,0.16164383561643836
2025-11-17 21:00:00+00:00,2026-01-16 00:00:00+00:00,AVGO,AVGO260116C00290000,call,True,290.0,61.7,64.35,60.9,342.6499938964844,0.5797161169433593,0.0370259995532744,0.00688749465062872,4.0,5660.0,2025-11-14 19:49:47+00:00,73.17027777777778,63.025,0.16164383561643836
2025-11-17 21:00:00+00:00,2026-01-16 00:00:00+00:00,AVGO,AVGO260116C00300000,call,True,300.0,54.4,56.85,54.1,342.6499938964844,0.5701947277832031,0.0370259995532744,0.00688749465062872,10.0,7455.0,2025-11-17 19:39:00+00:00,1.35,55.625,0.16164383561643836
2025-11-17 21:00:00+00:00,2026-01-16 00:00:00+00:00,AVGO,AVGO260116C00310000,call,True,310.0,47.9,49.15,47.8,342.6499938964844,0.5577741976928713,0.0370259995532744,0.00688749465062872,8.0,6102.0,2025-11-17 20:54:59+00:00,0.08361111111111111,48.525,0.16164383561643836
2025-11-17 21:00:00+00:00,2026-01-16 00:00:00+00:00,AVGO,AVGO260116C00320000,call,True,320.0,42.15,42.55,40.92,342.6499938964844,0.5547529876708985,0.0370259995532744,0.00688749465062872,141.0,5224.0,2025-11-17 20:23:42+00:00,0.605,42.349999999999994,0.16164383561643836
2025-11-17 21:00:00+00:00,2026-01-16 00:00:00+00:00,AVGO,AVGO260116C00330000,call,True,330.0,36.3,36.65,34.75,342.6499938964844,0.5474898767089844,0.0370259995532744,0.00688749465062872,185.0,2632.0,2025-11-17 20:43:04+00:00,0.2822222222222222,36.474999999999994,0.16164383561643836
2025-11-17 21:00:00+00:00,2026-01-16 00:00:00+00:00,AVGO,AVGO260116C00340000,call,True,340.0,31.0,31.3,30.89,342.6499938964844,0.5409286630249025,0.0370259995532744,0.00688749465062872,136.0,4234.0,2025-11-17 20:54:17+00:00,0.09527777777777778,31.15,0.16164383561643836
2025-11-17 21:00:00+00:00,2026-01-16 00:00:00+00:00,AVGO,AVGO260116C00350000,call,False,350.0,26.25,26.6,25.95,342.6499938964844,0.5358017611694336,0.0370259995532744,0.00688749465062872,646.0,5846.0,2025-11-17 20:58:15+00:00,0.029166666666666667,26.425,0.16164383561643836
2025-11-17 21:00:00+00:00,2026-01-16 00:00:00+00:00,AVGO,AVGO260116C00360000,call,False,360.0,22.1,22.4,21.6,342.6499938964844,0.5313767565917968,0.0370259995532744,0.00688749465062872,156.0,4660.0,2025-11-17 20:31:05+00:00,0.48194444444444445,22.25,0.16164383561643836
2025-11-17 21:00:00+00:00,2026-01-16 00:00:00+00:00,AVGO,AVGO260116C00370000,call,False,370.0,18.5,18.8,18.4,342.6499938964844,0.528447098388672,0.0370259995532744,0.00688749465062872,111.0,4601.0,2025-11-17 20:43:08+00:00,0.2811111111111111,18.65,0.16164383561643836
2025-11-17 21:00:00+00:00,2026-01-16 00:00:00+00:00,AVGO,AVGO260116C00380000,call,False,380.0,15.35,15.65,14.93,342.6499938964844,0.5253343365478516,0.0370259995532744,0.00688749465062872,180.0,5736.0,2025-11-17 20:54:17+00:00,0.09527777777777778,15.5,0.16164383561643836
2025-11-17 21:00:00+00:00,2026-01-16 00:00:00+00:00,AVGO,AVGO260116C00390000,call,False,390.0,12.75,13.0,12.35,342.6499938964844,0.5241746801757812,0.0370259995532744,0.00688749465062872,93.0,3778.0,2025-11-17 20:40:06+00:00,0.33166666666666667,12.875,0.16164383561643836
2025-11-17 21:00:00+00:00,2026-01-16 00:00:00+00:00,AVGO,AVGO260116C00400000,call,False,400.0,10.5,10.75,10.45,342.6499938964844,0.5229539892578124,0.0370259995532744,0.00688749465062872,332.0,11363.0,2025-11-17 20:59:28+00:00,0.008888888888888889,10.625,0.16164383561643836
2025-11-17 21:00:00+00:00,2026-01-16 00:00:00+00:00,AVGO,AVGO260116C00410000,call,False,410.0,8.65,8.85,8.35,342.6499938964844,0.5225267474365234,0.0370259995532744,0.00688749465062872,60.0,2061.0,2025-11-17 20:47:46+00:00,0.2038888888888889,8.75,0.16164383561643836
2025-11-17 21:00:00+00:00,2026-01-16 00:00:00+00:00,AVGO,AVGO260116C00420000,call,False,420.0,7.1,7.3,6.9,342.6499938964844,0.5228929547119141,0.0370259995532744,0.00688749465062872,98.0,3447.0,2025-11-17 20:30:07+00:00,0.49805555555555553,7.199999999999999,0.16164383561643836
2025-11-17 21:00:00+00:00,2026-01-16 00:00:00+00:00,AVGO,AVGO260116C00430000,call,False,430.0,5.8,6.0,5.85,342.6499938964844,0.5231981274414061,0.0370259995532744,0.00688749465062872,58.0,6058.0,2025-11-17 20:04:38+00:00,0.9227777777777778,5.9,0.16164383561643836
2025-11-17 21:00:00+00:00,2026-01-16 00:00:00+00:00,AVGO,AVGO260116C00440000,call,False,440.0,4.75,4.95,4.8,342.6499938964844,0.5245408874511719,0.0370259995532744,0.00688749465062872,21.0,2994.0,2025-11-17 20:59:00+00:00,0.016666666666666666,4.85,0.16164383561643836
2025-11-17 21:00:00+00:00,2026-01-16 00:00:00+00:00,AVGO,AVGO260116C00450000,call,False,450.0,3.95,4.1,3.95,342.6499938964844,0.5275926147460939,0.0370259995532744,0.00688749465062872,116.0,1856.0,2025-11-17 20:10:03+00:00,0.8325,4.025,0.16164383561643836
2025-11-17 21:00:00+00:00,2026-01-16 00:00:00+00:00,AVGO,AVGO260116C00460000,call,False,460.0,3.15,3.35,3.1,342.6499938964844,0.5270433038330078,0.0370259995532744,0.00688749465062872,36.0,1203.0,2025-11-17 20:47:23+00:00,0.21027777777777779,3.25,0.16164383561643836
2025-11-17 21:00:00+00:00,2026-01-16 00:00:00+00:00,AVGO,AVGO260116C00470000,call,False,470.0,2.6,2.74,2.55,342.6499938964844,0.5290574438476563,0.0370259995532744,0.00688749465062872,53.0,376.0,2025-11-17 16:54:46+00:00,4.0872222222222225,2.67,0.16164383561643836
2025-11-17 21:00:00+00:00,2026-01-16 00:00:00+00:00,AVGO,AVGO260116C00480000,call,False,480.0,2.13,2.27,2.15,342.6499938964844,0.5314988256835937,0.0370259995532744,0.00688749465062872,20.0,794.0,2025-11-17 20:31:12+00:00,0.48,2.2,0.16164383561643836
2025-11-17 21:00:00+00:00,2026-01-16 00:00:00+00:00,AVGO,AVGO260116C00490000,call,False,490.0,1.74,1.88,1.76,342.6499938964844,0.5338181384277343,0.0370259995532744,0.00688749465062872,6.0,241.0,2025-11-17 20:09:06+00:00,0.8483333333333334,1.81,0.16164383561643836
2025-11-17 21:00:00+00:00,2026-01-16 00:00:00+00:00,AVGO,AVGO260116C00500000,call,False,500.0,1.43,1.53,1.46,342.6499938964844,0.5354050366210938,0.0370259995532744,0.00688749465062872,82.0,3866.0,2025-11-17 20:07:00+00:00,0.8833333333333333,1.48,0.16164383561643836
2025-11-17 21:00:00+00:00,2026-01-16 00:00:00+00:00,AVGO,AVGO260116C00510000,call,False,510.0,1.17,1.28,1.24,342.6499938964844,0.538212625732422,0.0370259995532744,0.00688749465062872,3.0,210.0,2025-11-17 19:20:09+00:00,1.6641666666666666,1.225,0.16164383561643836
2025-11-17 21:00:00+00:00,2026-01-16 00:00:00+00:00,AVGO,AVGO260116C00520000,call,False,520.0,0.96,1.07,1.14,342.6499938964844,0.5410202148437502,0.0370259995532744,0.00688749465062872,2.0,4262.0,2025-11-17 17:21:10+00:00,3.647222222222222,1.0150000000000001,0.16164383561643836
2025-11-17 21:00:00+00:00,2026-01-16 00:00:00+00:00,AVGO,AVGO260116C00530000,call,False,530.0,0.79,0.9,0.96,342.6499938964844,0.5441940112304688,0.0370259995532744,0.00688749465062872,154.0,7060.0,2025-11-17 17:18:46+00:00,3.687222222222222,0.845,0.16164383561643836
2025-11-17 21:00:00+00:00,2026-01-16 00:00:00+00:00,AVGO,AVGO260116C00540000,call,False,540.0,0.66,0.78,0.77,342.6499938964844,0.549076774902344,0.0370259995532744,0.00688749465062872,10.0,324.0,2025-11-17 20:56:24+00:00,0.06,0.72,0.16164383561643836
2025-11-17 21:00:00+00:00,2026-01-16 00:00:00+00:00,AVGO,AVGO260116C00550000,call,False,550.0,596.5,613.8,449.7,342.6499938964844,0.0,0.0370259995532744,0.00688749465062872,,4.0,2023-11-27 19:22:53+00:00,17305.618611111113,605.15,0.16164383561643836
2025-11-17 21:00:00+00:00,2026-01-16 00:00:00+00:00,AVGO,AVGO260116C00560000,call,False,560.0,0.44,0.56,0.48,342.6499938964844,0.5546919531250001,0.0370259995532744,0.00688749465062872,68.0,2487.0,2025-11-17 20:43:19+00:00,0.27805555555555556,0.5,0.16164383561643836
2025-11-17 21:00:00+00:00,2026-01-16 00:00:00+00:00,AVGO,AVGO260116C00570000,call,False,570.0,790.0,808.0,786.82,342.6499938964844,0.0,0.0370259995532744,0.00688749465062872,10.0,7.0,2024-03-28 13:50:39+00:00,14383.155833333334,799.0,0.16164383561643836
2025-11-17 21:00:00+00:00,2026-01-16 00:00:00+00:00,AVGO,AVGO260116C00580000,call,False,580.0,736.0,754.0,676.1,342.6499938964844,0.0,0.0370259995532744,0.00688749465062872,10.0,5.0,2024-01-24 14:47:03+00:00,15918.215833333334,745.0,0.16164383561643836
2025-11-17 21:00:00+00:00,2026-01-16 00:00:00+00:00,AVGO,AVGO260116C00600000,call,False,600.0,1114.0,1132.0,1111.0,342.6499938964844,0.0,0.0370259995532744,0.00688749465062872,1.0,12.0,2024-07-03 13:53:37+00:00,12055.10638888889,1123.0,0.16164383561643836
2025-11-17 21:00:00+00:00,2026-01-16 00:00:00+00:00,AVGO,AVGO260116C00610000,call,False,610.0,758.0,773.8,673.0,342.6499938964844,0.0,0.0370259995532744,0.00688749465062872,1.0,2.0,2024-03-14 13:56:04+00:00,14719.065555555555,765.9,0.16164383561643836
2025-11-17 21:00:00+00:00,2026-01-16 00:00:00+00:00,AVGO,AVGO260116C00620000,call,False,620.0,1096.0,1114.0,1116.88,342.6499938964844,0.0,0.0370259995532744,0.00688749465062872,1.0,1.0,2024-06-13 13:50:57+00:00,12535.150833333333,1105.0,0.16164383561643836
2025-11-17 21:00:00+00:00,2026-01-16 00:00:00+00:00,AVGO,AVGO260116C00630000,call,False,630.0,510.0,526.3,486.17,342.6499938964844,0.0,0.0370259995532744,0.00688749465062872,2.0,4.0,2023-12-12 19:14:06+00:00,16945.765,518.15,0.16164383561643836
2025-11-17 21:00:00+00:00,2026-01-16 00:00:00+00:00,AVGO,AVGO260116C00640000,call,False,640.0,596.0,616.0,660.0,342.6499938964844,0.0,0.0370259995532744,0.00688749465062872,1.0,2.0,2024-03-20 18:24:38+00:00,14570.589444444444,606.0,0.16164383561643836
2025-11-17 21:00:00+00:00,2026-01-16 00:00:00+00:00,AVGO,AVGO260116C00660000,call,False,660.0,692.0,710.0,718.93,342.6499938964844,0.0,0.0370259995532744,0.00688749465062872,1.0,7.0,2024-04-08 14:51:11+00:00,14118.146944444445,701.0,0.16164383561643836
2025-11-17 21:00:00+00:00,2026-01-16 00:00:00+00:00,AVGO,AVGO260116C00680000,call,False,680.0,1040.0,1058.0,1039.0,342.6499938964844,0.0,0.0370259995532744,0.00688749465062872,1.0,7.0,2024-07-03 13:53:37+00:00,12055.10638888889,1049.0,0.16164383561643836
2025-11-17 21:00:00+00:00,2026-01-16 00:00:00+00:00,AVGO,AVGO260116C00700000,call,False,700.0,1022.0,1040.0,1120.0,342.6499938964844,0.0,0.0370259995532744,0.00688749465062872,1.0,9.0,2024-06-20 13:48:57+00:00,12367.184166666666,1031.0,0.16164383561643836
2025-11-17 21:00:00+00:00,2026-01-16 00:00:00+00:00,AVGO,AVGO260116C00720000,call,False,720.0,1004.0,1022.0,1044.45,342.6499938964844,0.0,0.0370259995532744,0.00688749465062872,1.0,4.0,2024-07-05 14:21:58+00:00,12006.63388888889,1013.0,0.16164383561643836
2025-11-17 21:00:00+00:00,2026-01-16 00:00:00+00:00,AVGO,AVGO260116C00730000,call,False,730.0,642.0,658.4,666.18,342.6499938964844,0.0,0.0370259995532744,0.00688749465062872,3.0,4.0,2024-04-12 15:26:42+00:00,14021.555,650.2,0.16164383561643836
2025-11-17 21:00:00+00:00,2026-01-16 00:00:00+00:00,AVGO,AVGO260116C00740000,call,False,740.0,1020.0,1038.0,740.0,342.6499938964844,0.0,0.0370259995532744,0.00688749465062872,1.0,3.0,2024-05-15 19:58:57+00:00,13225.0175,1029.0,0.16164383561643836
2025-11-17 21:00:00+00:00,2026-01-16 00:00:00+00:00,AVGO,AVGO260116C00750000,call,False,750.0,978.0,996.0,989.85,342.6499938964844,0.0,0.0370259995532744,0.00688749465062872,1.0,26.0,2024-06-13 13:35:04+00:00,12535.415555555555,987.0,0.16164383561643836
2025-11-17 21:00:00+00:00,2026-01-16 00:00:00+00:00,AVGO,AVGO260116C00760000,call,False,760.0,524.0,540.0,526.41,342.6499938964844,0.0,0.0370259995532744,0.00688749465062872,3.0,0.0,2024-01-22 18:23:16+00:00,15962.612222222222,532.0,0.16164383561643836
2025-11-17 21:00:00+00:00,2026-01-16 00:00:00+00:00,AVGO,AVGO260116C00770000,call,False,770.0,628.0,642.8,556.06,342.6499938964844,0.0,0.0370259995532744,0.00688749465062872,10.0,1.0,2024-03-13 16:55:00+00:00,14740.083333333334,635.4,0.16164383561643836
2025-11-17 21:00:00+00:00,2026-01-16 00:00:00+00:00,AVGO,AVGO260116C00790000,call,False,790.0,740.0,760.0,619.75,342.6499938964844,0.0,0.0370259995532744,0.00688749465062872,1.0,0.0,2024-05-13 14:30:14+00:00,13278.496111111112,750.0,0.16164383561643836
2025-11-17 21:00:00+00:00,2026-01-16 00:00:00+00:00,AVGO,AVGO260116C00800000,call,False,800.0,934.0,952.0,862.0,342.6499938964844,0.0,0.0370259995532744,0.00688749465062872,20.0,20.0,2024-06-24 15:46:33+00:00,12269.224166666667,943.0,0.16164383561643836
2025-11-17 21:00:00+00:00,2026-01-16 00:00:00+00:00,AVGO,AVGO260116C00810000,call,False,810.0,924.0,942.0,972.0,342.6499938964844,0.0,0.0370259995532744,0.00688749465062872,1.0,1.0,2024-06-14 19:43:20+00:00,12505.277777777777,933.0,0.16164383561643836
2025-11-17 21:00:00+00:00,2026-01-16 00:00:00+00:00,AVGO,AVGO260116C00820000,call,False,820.0,916.0,934.0,967.0,342.6499938964844,0.0,0.0370259995532744,0.00688749465062872,1.0,29.0,2024-06-14 18:20:30+00:00,12506.658333333333,925.0,0.16164383561643836
2025-11-17 21:00:00+00:00,2026-01-16 00:00:00+00:00,AVGO,AVGO260116C00830000,call,False,830.0,480.0,498.0,508.0,342.6499938964844,0.0,0.0370259995532744,0.00688749465062872,10.0,21.0,2024-02-15 15:45:42+00:00,15389.238333333333,489.0,0.16164383561643836
2025-11-17 21:00:00+00:00,2026-01-16 00:00:00+00:00,AVGO,AVGO260116C00840000,call,False,840.0,790.0,808.0,623.6,342.6499938964844,0.0,0.0370259995532744,0.00688749465062872,1.0,6.0,2024-05-28 13:57:44+00:00,12919.037777777778,799.0,0.16164383561643836
2025-11-17 21:00:00+00:00,2026-01-16 00:00:00+00:00,AVGO,AVGO260116C00850000,call,False,850.0,930.0,950.0,642.85,342.6499938964844,0.0,0.0370259995532744,0.00688749465062872,1.0,60.0,2024-06-10 13:58:16+00:00,12607.028888888888,940.0,0.16164383561643836
2025-11-17 21:00:00+00:00,2026-01-16 00:00:00+00:00,AVGO,AVGO260116C00860000,call,False,860.0,528.0,547.2,557.72,342.6499938964844,0.0,0.0370259995532744,0.00688749465062872,3.0,17.0,2024-03-05 20:34:35+00:00,14928.423611111111,537.6,0.16164383561643836
2025-11-17 21:00:00+00:00,2026-01-16 00:00:00+00:00,AVGO,AVGO260116C00870000,call,False,870.0,564.0,582.0,625.03,342.6499938964844,0.0,0.0370259995532744,0.00688749465062872,3.0,6.0,2024-03-04 18:49:18+00:00,14954.178333333333,573.0,0.16164383561643836
2025-11-17 21:00:00+00:00,2026-01-16 00:00:00+00:00,AVGO,AVGO260116C00880000,call,False,880.0,864.0,882.0,913.0,342.6499938964844,0.0,0.0370259995532744,0.00688749465062872,1.0,62.0,2024-07-10 15:35:58+00:00,11885.400555555556,873.0,0.16164383561643836
2025-11-17 21:00:00+00:00,2026-01-16 00:00:00+00:00,AVGO,AVGO260116C00890000,call,False,890.0,464.0,482.0,454.22,342.6499938964844,0.0,0.0370259995532744,0.00688749465062872,1.0,5.0,2024-02-13 19:58:54+00:00,15433.018333333333,473.0,0.16164383561643836
2025-11-17 21:00:00+00:00,2026-01-16 00:00:00+00:00,AVGO,AVGO260116C00900000,call,False,900.0,846.2,865.0,757.95,342.6499938964844,0.0,0.0370259995532744,0.00688749465062872,1.0,20.0,2024-06-27 14:31:42+00:00,12198.471666666666,855.6,0.16164383561643836
2025-11-17 21:00:00+00:00,2026-01-16 00:00:00+00:00,AVGO,AVGO260116C00910000,call,False,910.0,884.0,904.0,600.1,342.6499938964844,0.0,0.0370259995532744,0.00688749465062872,1.0,28.0,2024-06-10 17:13:42+00:00,12603.771666666667,894.0,0.16164383561643836
2025-11-17 21:00:00+00:00,2026-01-16 00:00:00+00:00,AVGO,AVGO260116C00920000,call,False,920.0,830.0,848.0,746.95,342.6499938964844,0.0,0.0370259995532744,0.00688749465062872,2.0,12.0,2024-06-27 13:49:54+00:00,12199.168333333333,839.0,0.16164383561643836
2025-11-17 21:00:00+00:00,2026-01-16 00:00:00+00:00,AVGO,AVGO260116C00930000,call,False,930.0,822.0,840.0,843.4,342.6499938964844,0.0,0.0370259995532744,0.00688749465062872,1.0,6.0,2024-07-09 17:37:11+00:00,11907.380277777778,831.0,0.16164383561643836
2025-11-17 21:00:00+00:00,2026-01-16 00:00:00+00:00,AVGO,AVGO260116C00940000,call,False,940.0,916.0,934.0,559.95,342.6499938964844,0.0,0.0370259995532744,0.00688749465062872,3.0,9.0,2024-05-20 19:57:10+00:00,13105.047222222222,925.0,0.16164383561643836
2025-11-17 21:00:00+00:00,2026-01-16 00:00:00+00:00,AVGO,AVGO260116C00950000,call,False,950.0,804.0,824.0,730.07,342.6499938964844,0.0,0.0370259995532744,0.00688749465062872,1.0,20.0,2024-07-01 13:39:52+00:00,12103.335555555555,814.0,0.16164383561643836
2025-11-17 21:00:00+00:00,2026-01-16 00:00:00+00:00,AVGO,AVGO260116C00960000,call,False,960.0,836.0,854.0,571.83,342.6499938964844,0.0,0.0370259995532744,0.00688749465062872,1.0,8.0,2024-06-10 15:24:51+00:00,12605.585833333333,845.0,0.16164383561643836
2025-11-17 21:00:00+00:00,2026-01-16 00:00:00+00:00,AVGO,AVGO260116C00970000,call,False,970.0,448.1,464.3,458.08,342.6499938964844,0.0,0.0370259995532744,0.00688749465062872,1.0,1.0,2024-02-26 14:36:42+00:00,15126.388333333334,456.20000000000005,0.16164383561643836
2025-11-17 21:00:00+00:00,2026-01-16 00:00:00+00:00,AVGO,AVGO260116C00980000,call,False,980.0,780.0,798.0,802.3,342.6499938964844,0.0,0.0370259995532744,0.00688749465062872,1.0,8.0,2024-07-11 14:44:03+00:00,11862.265833333333,789.0,0.16164383561643836
2025-11-17 21:00:00+00:00,2026-01-16 00:00:00+00:00,AVGO,AVGO260116C00990000,call,False,990.0,772.0,790.0,717.0,342.6499938964844,0.0,0.0370259995532744,0.00688749465062872,1.0,7.0,2024-06-24 15:07:28+00:00,12269.875555555556,781.0,0.16164383561643836
2025-11-17 21:00:00+00:00,2026-01-16 00:00:00+00:00,AVGO,AVGO260116C01000000,call,False,1000.0,764.0,782.0,784.8,342.6499938964844,0.0,0.0370259995532744,0.00688749465062872,2.0,62.0,2024-07-11 19:59:14+00:00,11857.012777777778,773.0,0.16164383561643836
2025-11-17 21:00:00+00:00,2026-01-16 00:00:00+00:00,AVGO,AVGO260116C01010000,call,False,1010.0,756.0,774.0,774.59,342.6499938964844,0.0,0.0370259995532744,0.00688749465062872,1.0,15.0,2024-07-11 19:51:13+00:00,11857.146388888888,765.0,0.16164383561643836
2025-11-17 21:00:00+00:00,2026-01-16 00:00:00+00:00,AVGO,AVGO260116C01020000,call,False,1020.0,748.0,766.0,862.21,342.6499938964844,0.0,0.0370259995532744,0.00688749465062872,1.0,7.0,2024-06-18 14:47:17+00:00,12414.211944444445,757.0,0.16164383561643836
2025-11-17 21:00:00+00:00,2026-01-16 00:00:00+00:00,AVGO,AVGO260116C01030000,call,False,1030.0,356.2,370.6,281.31,342.6499938964844,0.0,0.0370259995532744,0.00688749465062872,5.0,23.0,2024-01-18 16:05:01+00:00,16060.916388888889,363.4,0.16164383561643836
2025-11-17 21:00:00+00:00,2026-01-16 00:00:00+00:00,AVGO,AVGO260116C01040000,call,False,1040.0,320.0,338.0,349.0,342.6499938964844,11.181399496002197,0.0370259995532744,0.00688749465062872,1.0,4.0,2024-03-20 15:02:50+00:00,14573.952777777778,329.0,0.16164383561643836
2025-11-17 21:00:00+00:00,2026-01-16 00:00:00+00:00,AVGO,AVGO260116C01050000,call,False,1050.0,724.0,742.0,751.2,342.6499938964844,0.0,0.0370259995532744,0.00688749465062872,1.0,12.0,2024-06-13 13:41:26+00:00,12535.309444444445,733.0,0.16164383561643836
2025-11-17 21:00:00+00:00,2026-01-16 00:00:00+00:00,AVGO,AVGO260116C01060000,call,False,1060.0,716.0,734.0,729.92,342.6499938964844,0.0,0.0370259995532744,0.00688749465062872,1.0,12.0,2024-06-14 15:39:00+00:00,12509.35,725.0,0.16164383561643836
2025-11-17 21:00:00+00:00,2026-01-16 00:00:00+00:00,AVGO,AVGO260116C01070000,call,False,1070.0,422.1,435.6,389.99,342.6499938964844,0.0,0.0370259995532744,0.00688749465062872,1.0,3.0,2024-02-23 15:19:20+00:00,15197.677777777777,428.85,0.16164383561643836
2025-11-17 21:00:00+00:00,2026-01-16 00:00:00+00:00,AVGO,AVGO260116C01080000,call,False,1080.0,700.0,718.0,810.27,342.6499938964844,0.0,0.0370259995532744,0.00688749465062872,1.0,9.0,2024-06-18 14:53:52+00:00,12414.102222222222,709.0,0.16164383561643836
2025-11-17 21:00:00+00:00,2026-01-16 00:00:00+00:00,AVGO,AVGO260116C01090000,call,False,1090.0,692.2,710.0,816.0,342.6499938964844,0.0,0.0370259995532744,0.00688749465062872,1.0,359.0,2024-06-17 16:52:00+00:00,12436.133333333333,701.1,0.16164383561643836
2025-11-17 21:00:00+00:00,2026-01-16 00:00:00+00:00,AVGO,AVGO260116C01100000,call,False,1100.0,684.0,702.0,643.28,342.6499938964844,0.0,0.0370259995532744,0.00688749465062872,1.0,33.0,2024-07-02 13:57:29+00:00,12079.041944444445,693.0,0.16164383561643836
2025-11-17 21:00:00+00:00,2026-01-16 00:00:00+00:00,AVGO,AVGO260116C01110000,call,False,1110.0,678.0,694.0,666.0,342.6499938964844,0.0,0.0370259995532744,0.00688749465062872,1.0,14.0,2024-06-13 16:37:26+00:00,12532.37611111111,686.0,0.16164383561643836
2025-11-17 21:00:00+00:00,2026-01-16 00:00:00+00:00,AVGO,AVGO260116C01120000,call,False,1120.0,412.0,432.0,378.26,342.6499938964844,0.0,0.0370259995532744,0.00688749465062872,1.0,17.0,2024-04-16 17:23:28+00:00,13923.608888888888,422.0,0.16164383561643836
2025-11-17 21:00:00+00:00,2026-01-16 00:00:00+00:00,AVGO,AVGO260116C01130000,call,False,1130.0,348.0,362.6,355.75,342.6499938964844,0.0,0.0370259995532744,0.00688749465062872,1.0,10.0,2024-03-27 13:45:36+00:00,14407.24,355.3,0.16164383561643836
2025-11-17 21:00:00+00:00,2026-01-16 00:00:00+00:00,AVGO,AVGO260116C01140000,call,False,1140.0,352.0,368.0,322.0,342.6499938964844,0.0,0.0370259995532744,0.00688749465062872,1.0,7.0,2024-02-08 15:03:42+00:00,15557.938333333334,360.0,0.16164383561643836
2025-11-17 21:00:00+00:00,2026-01-16 00:00:00+00:00,AVGO,AVGO260116C01150000,call,False,1150.0,648.0,664.0,758.0,342.6499938964844,0.0,0.0370259995532744,0.00688749465062872,1.0,8.0,2024-06-17 14:37:17+00:00,12438.378611111111,656.0,0.16164383561643836
2025-11-17 21:00:00+00:00,2026-01-16 00:00:00+00:00,AVGO,AVGO260116C01160000,call,False,1160.0,464.0,479.8,364.48,342.6499938964844,0.0,0.0370259995532744,0.00688749465062872,1.0,9.0,2024-05-13 14:14:03+00:00,13278.765833333333,471.9,0.16164383561643836
2025-11-17 21:00:00+00:00,2026-01-16 00:00:00+00:00,AVGO,AVGO260116C01170000,call,False,1170.0,632.0,649.3,557.0,342.6499938964844,0.0,0.0370259995532744,0.00688749465062872,3.0,12.0,2024-06-27 13:43:00+00:00,12199.283333333333,640.65,0.16164383561643836
2025-11-17 21:00:00+00:00,2026-01-16 00:00:00+00:00,AVGO,AVGO260116C01180000,call,False,1180.0,626.0,641.6,577.2,342.6499938964844,0.0,0.0370259995532744,0.00688749465062872,2.0,13.0,2024-07-01 17:24:32+00:00,12099.59111111111,633.8,0.16164383561643836
2025-11-17 21:00:00+00:00,2026-01-16 00:00:00+00:00,AVGO,AVGO260116C01190000,call,False,1190.0,618.0,633.7,519.1,342.6499938964844,0.0,0.0370259995532744,0.00688749465062872,2.0,4.0,2024-06-27 18:27:39+00:00,12194.539166666667,625.85,0.16164383561643836
2025-11-17 21:00:00+00:00,2026-01-16 00:00:00+00:00,AVGO,AVGO260116C01200000,call,False,1200.0,612.0,627.2,633.3,342.6499938964844,0.0,0.0370259995532744,0.00688749465062872,1.0,117.0,2024-07-11 19:59:14+00:00,11857.012777777778,619.6,0.16164383561643836
2025-11-17 21:00:00+00:00,2026-01-16 00:00:00+00:00,AVGO,AVGO260116C01210000,call,False,1210.0,604.4,619.7,527.5,342.6499938964844,0.0,0.0370259995532744,0.00688749465062872,1.0,35.0,2024-06-26 15:31:38+00:00,12221.472777777777,612.05,0.16164383561643836
2025-11-17 21:00:00+00:00,2026-01-16 00:00:00+00:00,AVGO,AVGO260116C01220000,call,False,1220.0,632.0,650.0,394.6,342.6499938964844,0.0,0.0370259995532744,0.00688749465062872,1.0,29.0,2024-05-16 15:19:41+00:00,13205.671944444444,641.0,0.16164383561643836
2025-11-17 21:00:00+00:00,2026-01-16 00:00:00+00:00,AVGO,AVGO260116C01240000,call,False,1240.0,584.0,599.5,674.0,342.6499938964844,0.0,0.0370259995532744,0.00688749465062872,1.0,28.0,2024-06-20 13:35:54+00:00,12367.401666666667,591.75,0.16164383561643836
2025-11-17 21:00:00+00:00,2026-01-16 00:00:00+00:00,AVGO,AVGO260116C01260000,call,False,1260.0,570.1,585.8,580.0,342.6499938964844,0.0,0.0370259995532744,0.00688749465062872,1.0,40.0,2024-07-12 13:43:26+00:00,11839.27611111111,577.95,0.16164383561643836
2025-11-17 21:00:00+00:00,2026-01-16 00:00:00+00:00,AVGO,AVGO260116C01280000,call,False,1280.0,590.0,608.0,361.0,342.6499938964844,0.0,0.0370259995532744,0.00688749465062872,1.0,50.0,2024-05-16 15:24:27+00:00,13205.5925,599.0,0.16164383561643836
2025-11-17 21:00:00+00:00,2026-01-16 00:00:00+00:00,AVGO,AVGO260116C01300000,call,False,1300.0,544.0,558.8,549.2,342.6499938964844,0.0,0.0370259995532744,0.00688749465062872,1.0,119.0,2024-07-11 17:04:01+00:00,11859.933055555555,551.4,0.16164383561643836
2025-11-17 21:00:00+00:00,2026-01-16 00:00:00+00:00,AVGO,AVGO260116C01320000,call,False,1320.0,530.0,547.1,546.77,342.6499938964844,0.0,0.0370259995532744,0.00688749465062872,2.0,59.0,2024-06-21 13:30:26+00:00,12343.492777777778,538.55,0.16164383561643836
2025-11-17 21:00:00+00:00,2026-01-16 00:00:00+00:00,AVGO,AVGO260116C01340000,call,False,1340.0,518.1,533.1,577.41,342.6499938964844,0.0,0.0370259995532744,0.00688749465062872,1.0,77.0,2024-07-08 17:17:15+00:00,11931.7125,525.6,0.16164383561643836
2025-11-17 21:00:00+00:00,2026-01-16 00:00:00+00:00,AVGO,AVGO260116C01360000,call,False,1360.0,506.0,520.9,529.6,342.6499938964844,0.0,0.0370259995532744,0.00688749465062872,1.0,25.0,2024-07-11 19:59:41+00:00,11857.005277777778,513.45,0.16164383561643836
2025-11-17 21:00:00+00:00,2026-01-16 00:00:00+00:00,AVGO,AVGO260116C01380000,call,False,1380.0,492.0,509.4,517.8,342.6499938964844,0.0,0.0370259995532744,0.00688749465062872,13.0,132.0,2024-07-11 19:10:06+00:00,11857.831666666667,500.7,0.16164383561643836
2025-11-17 21:00:00+00:00,2026-01-16 00:00:00+00:00,AVGO,AVGO260116C01400000,call,False,1400.0,480.0,497.6,491.07,342.6499938964844,0.0,0.0370259995532744,0.00688749465062872,1.0,108.0,2024-07-11 16:10:42+00:00,11860.821666666667,488.8,0.16164383561643836
2025-11-17 21:00:00+00:00,2026-01-16 00:00:00+00:00,AVGO,AVGO260116C01420000,call,False,1420.0,470.0,485.0,518.75,342.6499938964844,0.0,0.0370259995532744,0.00688749465062872,1.0,40.0,2024-07-10 15:31:24+00:00,11885.476666666667,477.5,0.16164383561643836
2025-11-17 21:00:00+00:00,2026-01-16 00:00:00+00:00,AVGO,AVGO260116C01440000,call,False,1440.0,458.0,473.3,481.0,342.6499938964844,0.0,0.0370259995532744,0.00688749465062872,1.0,24.0,2024-07-12 19:17:47+00:00,11833.703611111112,465.65,0.16164383561643836
2025-11-17 21:00:00+00:00,2026-01-16 00:00:00+00:00,AVGO,AVGO260116C01460000,call,False,1460.0,446.0,462.7,400.13,342.6499938964844,0.0,0.0370259995532744,0.00688749465062872,1.0,86.0,2024-06-24 18:18:46+00:00,12266.687222222223,454.35,0.16164383561643836
2025-11-17 21:00:00+00:00,2026-01-16 00:00:00+00:00,AVGO,AVGO260116C01480000,call,False,1480.0,436.1,450.7,494.88,342.6499938964844,0.0,0.0370259995532744,0.00688749465062872,1.0,35.0,2024-07-08 17:49:42+00:00,11931.171666666667,443.4,0.16164383561643836
2025-11-17 21:00:00+00:00,2026-01-16 00:00:00+00:00,AVGO,AVGO260116C01500000,call,False,1500.0,424.5,439.9,443.0,342.6499938964844,0.0,0.0370259995532744,0.00688749465062872,2.0,113.0,2024-07-11 18:16:05+00:00,11858.731944444444,432.2,0.16164383561643836
2025-11-17 21:00:00+00:00,2026-01-16 00:00:00+00:00,AVGO,AVGO260116C01520000,call,False,1520.0,414.1,429.7,439.0,342.6499938964844,0.0,0.0370259995532744,0.00688749465062872,1.0,12.0,2024-07-09 17:26:04+00:00,11907.565555555555,421.9,0.16164383561643836
2025-11-17 21:00:00+00:00,2026-01-16 00:00:00+00:00,AVGO,AVGO260116C01540000,call,False,1540.0,404.0,419.6,456.98,342.6499938964844,0.0,0.0370259995532744,0.00688749465062872,1.0,13.0,2024-07-10 17:07:46+00:00,11883.870555555555,411.8,0.16164383561643836
2025-11-17 21:00:00+00:00,2026-01-16 00:00:00+00:00,AVGO,AVGO260116C01560000,call,False,1560.0,392.5,408.4,451.88,342.6499938964844,0.0,0.0370259995532744,0.00688749465062872,1.0,20.0,2024-07-08 17:04:42+00:00,11931.921666666667,400.45,0.16164383561643836
2025-11-17 21:00:00+00:00,2026-01-16 00:00:00+00:00,AVGO,AVGO260116C01580000,call,False,1580.0,383.5,397.0,406.0,342.6499938964844,0.0,0.0370259995532744,0.00688749465062872,1.0,453.0,2024-07-12 18:22:00+00:00,11834.633333333333,390.25,0.16164383561643836
2025-11-17 21:00:00+00:00,2026-01-16 00:00:00+00:00,AVGO,AVGO260116C01600000,call,False,1600.0,374.0,387.2,380.27,342.6499938964844,0.0,0.0370259995532744,0.00688749465062872,2.0,274.0,2024-07-12 19:30:46+00:00,11833.487222222222,380.6,0.16164383561643836
2025-11-17 21:00:00+00:00,2026-01-16 00:00:00+00:00,AVGO,AVGO260116C01620000,call,False,1620.0,364.0,378.1,365.0,342.6499938964844,0.0,0.0370259995532744,0.00688749465062872,11.0,33.0,2024-07-11 17:47:33+00:00,11859.2075,371.05,0.16164383561643836
2025-11-17 21:00:00+00:00,2026-01-16 00:00:00+00:00,AVGO,AVGO260116C01640000,call,False,1640.0,354.2,370.1,361.0,342.6499938964844,0.0,0.0370259995532744,0.00688749465062872,1.0,55.0,2024-07-12 19:50:18+00:00,11833.161666666667,362.15,0.16164383561643836
2025-11-17 21:00:00+00:00,2026-01-16 00:00:00+00:00,AVGO,AVGO260116C01660000,call,False,1660.0,344.6,360.8,462.3,342.6499938964844,0.0,0.0370259995532744,0.00688749465062872,6.0,15.0,2024-06-18 18:24:01+00:00,12410.599722222221,352.70000000000005,0.16164383561643836
2025-11-17 21:00:00+00:00,2026-01-16 00:00:00+00:00,AVGO,AVGO260116C01680000,call,False,1680.0,336.5,351.2,354.0,342.6499938964844,0.0,0.0370259995532744,0.00688749465062872,1.0,159.0,2024-07-12 19:30:01+00:00,11833.499722222223,343.85,0.16164383561643836
2025-11-17 21:00:00+00:00,2026-01-16 00:00:00+00:00,AVGO,AVGO260116C01700000,call,False,1700.0,328.0,342.8,350.36,342.6499938964844,12.727052826843263,0.0370259995532744,0.00688749465062872,13.0,1194.0,2024-07-12 17:24:07+00:00,11835.598055555556,335.4,0.16164383561643836
2025-11-17 21:00:00+00:00,2026-01-16 00:00:00+00:00,AVGO,AVGO260116C01720000,call,False,1720.0,318.4,334.2,348.21,342.6499938964844,11.267336942291259,0.0370259995532744,0.00688749465062872,1.0,1569.0,2024-07-09 18:48:56+00:00,11906.184444444445,326.29999999999995,0.16164383561643836
2025-11-17 21:00:00+00:00,2026-01-16 00:00:00+00:00,AVGO,AVGO260116C01740000,call,False,1740.0,310.8,325.4,333.0,342.6499938964844,10.480472199707034,0.0370259995532744,0.00688749465062872,8.0,311.0,2024-07-12 19:09:40+00:00,11833.83888888889,318.1,0.16164383561643836
2025-11-17 21:00:00+00:00,2026-01-16 00:00:00+00:00,AVGO,AVGO260116C01760000,call,False,1760.0,302.7,317.4,324.14,342.6499938964844,9.904300684814453,0.0370259995532744,0.00688749465062872,1.0,286.0,2024-07-09 15:30:52+00:00,11909.485555555555,310.04999999999995,0.16164383561643836
2025-11-17 21:00:00+00:00,2026-01-16 00:00:00+00:00,AVGO,AVGO260116C01780000,call,False,1780.0,294.8,309.1,303.0,342.6499938964844,9.435550977783203,0.0370259995532744,0.00688749465062872,2.0,39.0,2024-07-11 17:32:18+00:00,11859.461666666666,301.95000000000005,0.16164383561643836
2025-11-17 21:00:00+00:00,2026-01-16 00:00:00+00:00,AVGO,AVGO260116C01800000,call,False,1800.0,286.0,301.1,296.0,342.6499938964844,9.025150843658448,0.0370259995532744,0.00688749465062872,9.0,105.0,2024-07-11 18:20:25+00:00,11858.659722222223,293.55,0.16164383561643836
2025-11-17 21:00:00+00:00,2026-01-16 00:00:00+00:00,AVGO,AVGO260116C01820000,call,False,1820.0,278.0,295.4,323.8,342.6499938964844,8.733341944007874,0.0370259995532744,0.00688749465062872,7.0,21.0,2024-07-05 13:41:23+00:00,12007.310277777779,286.7,0.16164383561643836
2025-11-17 21:00:00+00:00,2026-01-16 00:00:00+00:00,AVGO,AVGO260116C01840000,call,False,1840.0,272.1,286.5,302.17,342.6499938964844,8.448368977584838,0.0370259995532744,0.00688749465062872,4.0,26.0,2024-07-09 19:26:30+00:00,11905.558333333332,279.3,0.16164383561643836
2025-11-17 21:00:00+00:00,2026-01-16 00:00:00+00:00,AVGO,AVGO260116C01860000,call,False,1860.0,264.1,282.0,312.65,342.6499938964844,8.229497044067381,0.0370259995532744,0.00688749465062872,26.0,35.0,2024-07-08 17:37:21+00:00,11931.3775,273.05,0.16164383561643836
2025-11-17 21:00:00+00:00,2026-01-16 00:00:00+00:00,AVGO,AVGO260116C01880000,call,False,1880.0,258.5,270.7,285.3,342.6499938964844,7.953552304153442,0.0370259995532744,0.00688749465062872,1.0,21.0,2024-07-08 13:42:35+00:00,11935.290277777778,264.6,0.16164383561643836
2025-11-17 21:00:00+00:00,2026-01-16 00:00:00+00:00,AVGO,AVGO260116C01900000,call,False,1900.0,251.1,267.3,266.3,342.6499938964844,7.792969008789063,0.0370259995532744,0.00688749465062872,1.0,87.0,2024-07-11 16:48:26+00:00,11860.192777777778,259.2,0.16164383561643836
2025-11-17 21:00:00+00:00,2026-01-16 00:00:00+00:00,AVGO,AVGO260116C01920000,call,False,1920.0,244.5,255.6,274.17,342.6499938964844,7.531189550857544,0.0370259995532744,0.00688749465062872,4.0,23.0,2024-07-09 19:26:30+00:00,11905.558333333332,250.05,0.16164383561643836
2025-11-17 21:00:00+00:00,2026-01-16 00:00:00+00:00,AVGO,AVGO260116C01940000,call,False,1940.0,238.0,253.5,310.15,342.6499938964844,7.4203498456573485,0.0370259995532744,0.00688749465062872,3.0,0.0,2024-06-17 13:38:44+00:00,12439.354444444445,245.75,0.16164383561643836
2025-11-17 21:00:00+00:00,2026-01-16 00:00:00+00:00,AVGO,AVGO260116C01960000,call,False,1960.0,232.0,248.0,262.0,342.6499938964844,7.274353934402466,0.0370259995532744,0.00688749465062872,1.0,77.0,2024-07-09 14:31:07+00:00,11910.48138888889,240.0,0.16164383561643836
2025-11-17 21:00:00+00:00,2026-01-16 00:00:00+00:00,AVGO,AVGO260116C01980000,call,False,1980.0,224.0,237.8,193.35,342.6499938964844,7.04919552444458,0.0370259995532744,0.00688749465062872,2.0,43.0,2024-06-26 16:15:20+00:00,12220.744444444445,230.9,0.16164383561643836
2025-11-17 21:00:00+00:00,2026-01-16 00:00:00+00:00,AVGO,AVGO260116C02000000,call,False,2000.0,220.0,232.0,225.0,342.6499938964844,6.937989608764648,0.0370259995532744,0.00688749465062872,3.0,118.0,2024-07-12 19:28:25+00:00,11833.52638888889,226.0,0.16164383561643836
2025-11-17 21:00:00+00:00,2026-01-16 00:00:00+00:00,AVGO,AVGO260116C02050000,call,False,2050.0,205.0,216.3,227.46,342.6499938964844,6.603090125045776,0.0370259995532744,0.00688749465062872,6.0,9.0,2024-07-05 17:58:27+00:00,12003.025833333333,210.65,0.16164383561643836
2025-11-17 21:00:00+00:00,2026-01-16 00:00:00+00:00,AVGO,AVGO260116C02100000,call,False,2100.0,194.0,203.0,216.04,342.6499938964844,6.360994480400086,0.0370259995532744,0.00688749465062872,6.0,446.0,2024-07-12 15:55:51+00:00,11837.069166666666,198.5,0.16164383561643836
2025-11-17 21:00:00+00:00,2026-01-16 00:00:00+00:00,AVGO,AVGO260116C02150000,call,False,2150.0,181.0,190.6,202.0,342.6499938964844,6.119844879493712,0.0370259995532744,0.00688749465062872,1.0,26.0,2024-07-05 18:24:43+00:00,12002.588055555556,185.8,0.16164383561643836
2025-11-17 21:00:00+00:00,2026-01-16 00:00:00+00:00,AVGO,AVGO260116C02200000,call,False,2200.0,169.0,179.0,189.28,342.6499938964844,5.907137625846863,0.0370259995532744,0.00688749465062872,12.0,96.0,2024-07-11 19:51:18+00:00,11857.145,174.0,0.16164383561643836
2025-11-17 21:00:00+00:00,2026-01-16 00:00:00+00:00,AVGO,AVGO260116C02250000,call,False,2250.0,158.0,167.8,193.6,342.6499938964844,5.715090746765137,0.0370259995532744,0.00688749465062872,1.0,3.0,2024-07-10 13:30:16+00:00,11887.495555555555,162.9,0.16164383561643836
2025-11-17 21:00:00+00:00,2026-01-16 00:00:00+00:00,AVGO,AVGO260116C02300000,call,False,2300.0,148.0,157.3,165.9,342.6499938964844,5.544009417648314,0.0370259995532744,0.00688749465062872,1.0,22.0,2024-07-03 14:08:31+00:00,12054.858055555556,152.65,0.16164383561643836
2025-11-17 21:00:00+00:00,2026-01-16 00:00:00+00:00,AVGO,AVGO260116C02350000,call,False,2350.0,139.0,147.8,157.0,342.6499938964844,5.394565024375915,0.0370259995532744,0.00688749465062872,1.0,1.0,2024-07-11 14:25:12+00:00,11862.58,143.4,0.16164383561643836
2025-11-17 21:00:00+00:00,2026-01-16 00:00:00+00:00,AVGO,AVGO260116C02400000,call,False,2400.0,130.0,140.6,141.8,342.6499938964844,5.267947751007079,0.0370259995532744,0.00688749465062872,1.0,10.0,2024-07-11 16:14:15+00:00,11860.7625,135.3,0.16164383561643836
2025-11-17 21:00:00+00:00,2026-01-16 00:00:00+00:00,AVGO,AVGO260116C02450000,call,False,2450.0,121.1,130.4,128.74,342.6499938964844,5.115848331756592,0.0370259995532744,0.00688749465062872,1.0,19.0,2024-07-11 17:09:53+00:00,11859.835277777778,125.75,0.16164383561643836
2025-11-17 21:00:00+00:00,2026-01-16 00:00:00+00:00,AVGO,AVGO260116C02500000,call,False,2500.0,113.0,122.7,132.1,342.6499938964844,4.994144382324218,0.0370259995532744,0.00688749465062872,1.0,31.0,2024-07-12 17:42:25+00:00,11835.293055555556,117.85,0.16164383561643836
2025-11-17 21:00:00+00:00,2026-01-16 00:00:00+00:00,AVGO,AVGO260116C02550000,call,False,2550.0,106.3,115.4,121.25,342.6499938964844,4.888401106300353,0.0370259995532744,0.00688749465062872,1.0,6.0,2024-07-12 17:31:05+00:00,11835.481944444444,110.85,0.16164383561643836
2025-11-17 21:00:00+00:00,2026-01-16 00:00:00+00:00,AVGO,AVGO260116C02600000,call,False,2600.0,101.0,108.6,132.0,342.6499938964844,4.799228854484557,0.0370259995532744,0.00688749465062872,5.0,34.0,2024-07-10 19:14:06+00:00,11881.765,104.8,0.16164383561643836
2025-11-17 21:00:00+00:00,2026-01-16 00:00:00+00:00,AVGO,AVGO260116C02650000,call,False,2650.0,96.0,105.0,120.07,342.6499938964844,4.741001388206483,0.0370259995532744,0.00688749465062872,1.0,15.0,2024-07-10 13:30:07+00:00,11887.498055555556,100.5,0.16164383561643836
2025-11-17 21:00:00+00:00,2026-01-16 00:00:00+00:00,AVGO,AVGO260116C02700000,call,False,2700.0,90.0,96.4,96.0,342.6499938964844,4.62732355178833,0.0370259995532744,0.00688749465062872,3.0,3.0,2024-07-11 18:24:11+00:00,11858.596944444444,93.2,0.16164383561643836
2025-11-17 21:00:00+00:00,2026-01-16 00:00:00+00:00,AVGO,AVGO260116C02750000,call,False,2750.0,85.1,93.5,89.75,342.6499938964844,4.574558725166321,0.0370259995532744,0.00688749465062872,5.0,66.0,2024-07-12 19:56:54+00:00,11833.051666666666,89.3,0.16164383561643836
2025-11-17 21:00:00+00:00,2026-01-16 00:00:00+00:00,AVGO,AVGO260116P00041000,put,False,41.0,0.01,0.07,0.04,342.6499938964844,1.7890635546875,0.0370259995532744,0.00688749465062872,1.0,1099.0,2025-11-13 20:25:33+00:00,96.57416666666667,0.04,0.16164383561643836
2025-11-17 21:00:00+00:00,2026-01-16 00:00:00+00:00,AVGO,AVGO260116P00042000,put,False,42.0,0.0,0.26,0.06,342.6499938964844,1.9882813085937499,0.0370259995532744,0.00688749465062872,1.0,886.0,2025-11-13 20:26:11+00:00,96.56361111111111,0.13,0.16164383561643836
2025-11-17 21:00:00+00:00,2026-01-16 00:00:00+00:00,AVGO,AVGO260116P00043000,put,False,43.0,0.0,0.27,0.06,342.6499938964844,1.97265638671875,0.0370259995532744,0.00688749465062872,1.0,8911.0,2025-11-13 20:26:36+00:00,96.55666666666667,0.135,0.16164383561643836
2025-11-17 21:00:00+00:00,2026-01-16 00:00:00+00:00,AVGO,AVGO260116P00044000,put,False,44.0,0.0,0.25,0.06,342.6499938964844,1.93359408203125,0.0370259995532744,0.00688749465062872,1.0,134.0,2025-11-13 20:26:57+00:00,96.55083333333333,0.125,0.16164383561643836
2025-11-17 21:00:00+00:00,2026-01-16 00:00:00+00:00,AVGO,AVGO260116P00045000,put,False,45.0,0.0,0.03,0.02,342.6499938964844,1.5781271093749998,0.0370259995532744,0.00688749465062872,1.0,378.0,2025-11-17 15:19:44+00:00,5.671111111111111,0.015,0.16164383561643836
2025-11-17 21:00:00+00:00,2026-01-16 00:00:00+00:00,AVGO,AVGO260116P00046000,put,False,46.0,0.13,0.17,0.34,342.6499938964844,1.9296878515625,0.0370259995532744,0.00688749465062872,2.0,77.0,2025-04-23 17:47:41+00:00,4995.205277777778,0.15000000000000002,0.16164383561643836
2025-11-17 21:00:00+00:00,2026-01-16 00:00:00+00:00,AVGO,AVGO260116P00047000,put,False,47.0,0.38,0.51,0.51,342.6499938964844,2.1816451708984372,0.0370259995532744,0.00688749465062872,2.0,37.0,2024-12-16 05:02:44+00:00,8079.954444444445,0.445,0.16164383561643836
2025-11-17 21:00:00+00:00,2026-01-16 00:00:00+00:00,AVGO,AVGO260116P00048000,put,False,48.0,0.23,1.77,0.7,342.6499938964844,2.4345742260742185,0.0370259995532744,0.00688749465062872,1.0,41.0,2024-12-16 05:02:44+00:00,8079.954444444445,1.0,0.16164383561643836
2025-11-17 21:00:00+00:00,2026-01-16 00:00:00+00:00,AVGO,AVGO260116P00049000,put,False,49.0,0.06,0.11,0.12,342.6499938964844,1.7578137109375,0.0370259995532744,0.00688749465062872,698.0,491.0,2025-05-13 19:45:36+00:00,4513.24,0.08499999999999999,0.16164383561643836
2025-11-17 21:00:00+00:00,2026-01-16 00:00:00+00:00,AVGO,AVGO260116P00050000,put,False,50.0,0.01,0.1,0.01,342.6499938964844,1.6679704101562502,0.0370259995532744,0.00688749465062872,10.0,1321.0,2025-10-10 19:06:04+00:00,913.8988888888889,0.055,0.16164383561643836
2025-11-17 21:00:00+00:00,2026-01-16 00:00:00+00:00,AVGO,AVGO260116P00051000,put,False,51.0,0.07,0.2,0.28,342.6499938964844,1.8085947070312498,0.0370259995532744,0.00688749465062872,2.0,46.0,2025-05-01 15:12:32+00:00,4805.791111111111,0.135,0.16164383561643836
2025-11-17 21:00:00+00:00,2026-01-16 00:00:00+00:00,AVGO,AVGO260116P00052000,put,False,52.0,0.0,0.07,0.07,342.6499938964844,1.5703146484375,0.0370259995532744,0.00688749465062872,278.0,416.0,2025-07-03 16:07:52+00:00,3292.8688888888887,0.035,0.16164383561643836
2025-11-17 21:00:00+00:00,2026-01-16 00:00:00+00:00,AVGO,AVGO260116P00053000,put,False,53.0,0.02,0.13,0.12,342.6499938964844,1.6679704101562502,0.0370259995532744,0.00688749465062872,1.0,169.0,2025-06-13 18:22:28+00:00,3770.6255555555554,0.075,0.16164383561643836
2025-11-17 21:00:00+00:00,2026-01-16 00:00:00+00:00,AVGO,AVGO260116P00054000,put,False,54.0,0.0,0.25,0.03,342.6499938964844,1.7382825585937498,0.0370259995532744,0.00688749465062872,1.0,52.0,2025-10-10 15:03:06+00:00,917.9483333333334,0.125,0.16164383561643836
2025-11-17 21:00:00+00:00,2026-01-16 00:00:00+00:00,AVGO,AVGO260116P00055000,put,False,55.0,0.0,0.05,0.05,342.6499938964844,1.4765651171875,0.0370259995532744,0.00688749465062872,4.0,116.0,2025-08-21 19:42:22+00:00,2113.293888888889,0.025,0.16164383561643836
2025-11-17 21:00:00+00:00,2026-01-16 00:00:00+00:00,AVGO,AVGO260116P00056000,put,False,56.0,0.0,0.25,0.04,342.6499938964844,1.705079599609375,0.0370259995532744,0.00688749465062872,1.0,532.0,2025-10-10 15:02:12+00:00,917.9633333333334,0.125,0.16164383561643836
2025-11-17 21:00:00+00:00,2026-01-16 00:00:00+00:00,AVGO,AVGO260116P00057000,put,False,57.0,0.0,0.28,0.03,342.6499938964844,1.7089858300781249,0.0370259995532744,0.00688749465062872,1.0,23.0,2025-09-05 15:54:12+00:00,1757.0966666666666,0.14,0.16164383561643836
2025-11-17 21:00:00+00:00,2026-01-16 00:00:00+00:00,AVGO,AVGO260116P00058000,put,False,58.0,0.0,0.05,0.05,342.6499938964844,1.4375028125,0.0370259995532744,0.00688749465062872,1.0,38.0,2025-08-20 18:02:36+00:00,2138.9566666666665,0.025,0.16164383561643836
2025-11-17 21:00:00+00:00,2026-01-16 00:00:00+00:00,AVGO,AVGO260116P00059000,put,False,59.0,0.0,0.33,0.05,342.6499938964844,1.7070327148437499,0.0370259995532744,0.00688749465062872,1.0,83.0,2025-09-04 15:01:24+00:00,1781.9766666666667,0.165,0.16164383561643836
2025-11-17 21:00:00+00:00,2026-01-16 00:00:00+00:00,AVGO,AVGO260116P00060000,put,False,60.0,0.0,0.26,0.03,342.6499938964844,1.6484392578125,0.0370259995532744,0.00688749465062872,27.0,1592.0,2025-11-03 19:07:20+00:00,337.8777777777778,0.13,0.16164383561643836
2025-11-17 21:00:00+00:00,2026-01-16 00:00:00+00:00,AVGO,AVGO260116P00061000,put,False,61.0,0.0,0.0,0.02,342.6499938964844,0.500005,0.0370259995532744,0.00688749465062872,1.0,0.0,2025-09-15 15:34:18+00:00,1517.4283333333333,0.0,0.16164383561643836
2025-11-17 21:00:00+00:00,2026-01-16 00:00:00+00:00,AVGO,AVGO260116P00062000,put,False,62.0,0.0,0.26,0.03,342.6499938964844,1.6171894140625,0.0370259995532744,0.00688749465062872,1.0,244.0,2025-10-03 13:42:58+00:00,1087.283888888889,0.13,0.16164383561643836
2025-11-17 21:00:00+00:00,2026-01-16 00:00:00+00:00,AVGO,AVGO260116P00063000,put,False,63.0,0.0,0.26,0.02,342.6499938964844,1.6015644921874999,0.0370259995532744,0.00688749465062872,1.0,100.0,2025-10-09 19:38:17+00:00,937.3619444444445,0.13,0.16164383561643836
2025-11-17 21:00:00+00:00,2026-01-16 00:00:00+00:00,AVGO,AVGO260116P00064000,put,False,64.0,0.0,0.26,0.04,342.6499938964844,1.5859395703124997,0.0370259995532744,0.00688749465062872,1.0,1817.0,2025-10-02 13:37:37+00:00,1111.3730555555555,0.13,0.16164383561643836
2025-11-17 21:00:00+00:00,2026-01-16 00:00:00+00:00,AVGO,AVGO260116P00066000,put,False,66.0,0.0,0.26,0.03,342.6499938964844,1.5585959570312498,0.0370259995532744,0.00688749465062872,1.0,309.0,2025-10-03 13:42:18+00:00,1087.295,0.13,0.16164383561643836
2025-11-17 21:00:00+00:00,2026-01-16 00:00:00+00:00,AVGO,AVGO260116P00068000,put,False,68.0,0.0,0.26,0.03,342.6499938964844,1.5292992285156248,0.0370259995532744,0.00688749465062872,1.0,241.0,2025-10-02 13:38:06+00:00,1111.365,0.13,0.16164383561643836
2025-11-17 21:00:00+00:00,2026-01-16 00:00:00+00:00,AVGO,AVGO260116P00070000,put,False,70.0,0.0,0.26,0.03,342.6499938964844,1.50390873046875,0.0370259995532744,0.00688749465062872,1.0,517.0,2025-10-02 13:39:01+00:00,1111.3497222222222,0.13,0.16164383561643836
2025-11-17 21:00:00+00:00,2026-01-16 00:00:00+00:00,AVGO,AVGO260116P00071000,put,False,71.0,0.0,0.29,0.03,342.6499938964844,1.5078149609375,0.0370259995532744,0.00688749465062872,2.0,1126.0,2025-09-08 18:39:34+00:00,1682.3405555555555,0.145,0.16164383561643836
2025-11-17 21:00:00+00:00,2026-01-16 00:00:00+00:00,AVGO,AVGO260116P00072000,put,False,72.0,0.0,0.26,0.04,342.6499938964844,1.4765651171875,0.0370259995532744,0.00688749465062872,1.0,223.0,2025-10-03 13:42:23+00:00,1087.2936111111112,0.13,0.16164383561643836
2025-11-17 21:00:00+00:00,2026-01-16 00:00:00+00:00,AVGO,AVGO260116P00073000,put,False,73.0,0.0,0.56,0.04,342.6499938964844,1.5996113769531248,0.0370259995532744,0.00688749465062872,1.0,84.0,2025-09-10 14:30:45+00:00,1638.4875,0.28,0.16164383561643836
2025-11-17 21:00:00+00:00,2026-01-16 00:00:00+00:00,AVGO,AVGO260116P00074000,put,False,74.0,0.0,0.49,0.04,342.6499938964844,1.5605490722656248,0.0370259995532744,0.00688749465062872,1.0,108.0,2025-09-10 13:57:58+00:00,1639.033888888889,0.245,0.16164383561643836
2025-11-17 21:00:00+00:00,2026-01-16 00:00:00+00:00,AVGO,AVGO260116P00075000,put,False,75.0,0.0,0.27,0.06,342.6499938964844,1.4453152734375,0.0370259995532744,0.00688749465062872,500.0,1158.0,2025-10-06 16:14:53+00:00,1012.7519444444445,0.135,0.16164383561643836
2025-11-17 21:00:00+00:00,2026-01-16 00:00:00+00:00,AVGO,AVGO260116P00076000,put,False,76.0,0.0,0.28,0.08,342.6499938964844,1.4375028125,0.0370259995532744,0.00688749465062872,1.0,608.0,2025-10-17 17:38:14+00:00,747.3627777777778,0.14,0.16164383561643836
2025-11-17 21:00:00+00:00,2026-01-16 00:00:00+00:00,AVGO,AVGO260116P00077000,put,False,77.0,0.0,0.3,0.04,342.6499938964844,1.435549697265625,0.0370259995532744,0.00688749465062872,2.0,276.0,2025-09-08 17:54:04+00:00,1683.098888888889,0.15,0.16164383561643836
2025-11-17 21:00:00+00:00,2026-01-16 00:00:00+00:00,AVGO,AVGO260116P00078000,put,False,78.0,0.02,0.11,0.04,342.6499938964844,1.3046909765624997,0.0370259995532744,0.00688749465062872,2.0,394.0,2025-09-08 17:54:17+00:00,1683.0952777777777,0.065,0.16164383561643836
2025-11-17 21:00:00+00:00,2026-01-16 00:00:00+00:00,AVGO,AVGO260116P00079000,put,False,79.0,0.0,0.24,0.04,342.6499938964844,1.3789093554687497,0.0370259995532744,0.00688749465062872,3.0,386.0,2025-09-08 13:42:12+00:00,1687.2966666666666,0.12,0.16164383561643836
2025-11-17 21:00:00+00:00,2026-01-16 00:00:00+00:00,AVGO,AVGO260116P00080000,put,False,80.0,0.0,0.27,0.03,342.6499938964844,1.3847687011718748,0.0370259995532744,0.00688749465062872,1.0,1582.0,2025-10-29 13:30:04+00:00,463.49888888888887,0.135,0.16164383561643836
2025-11-17 21:00:00+00:00,2026-01-16 00:00:00+00:00,AVGO,AVGO260116P00081000,put,False,81.0,0.0,0.27,0.03,342.6499938964844,1.3730500097656249,0.0370259995532744,0.00688749465062872,1.0,695.0,2025-10-29 13:30:04+00:00,463.49888888888887,0.135,0.16164383561643836
2025-11-17 21:00:00+00:00,2026-01-16 00:00:00+00:00,AVGO,AVGO260116P00082000,put,False,82.0,0.0,0.27,0.03,342.6499938964844,1.361331318359375,0.0370259995532744,0.00688749465062872,1.0,309.0,2025-10-31 13:30:04+00:00,415.49888888888887,0.135,0.16164383561643836
2025-11-17 21:00:00+00:00,2026-01-16 00:00:00+00:00,AVGO,AVGO260116P00083000,put,False,83.0,0.0,0.28,0.03,342.6499938964844,1.3554719726562499,0.0370259995532744,0.00688749465062872,1.0,286.0,2025-10-31 13:30:04+00:00,415.49888888888887,0.14,0.16164383561643836
2025-11-17 21:00:00+00:00,2026-01-16 00:00:00+00:00,AVGO,AVGO260116P00084000,put,False,84.0,0.0,0.29,0.03,342.6499938964844,1.3496126269531248,0.0370259995532744,0.00688749465062872,6.0,675.0,2025-10-29 13:30:07+00:00,463.49805555555554,0.145,0.16164383561643836
2025-11-17 21:00:00+00:00,2026-01-16 00:00:00+00:00,AVGO,AVGO260116P00085000,put,False,85.0,0.04,0.1,0.04,342.6499938964844,1.2421912890624998,0.0370259995532744,0.00688749465062872,20.0,2314.0,2025-11-13 16:36:08+00:00,100.39777777777778,0.07,0.16164383561643836
2025-11-17 21:00:00+00:00,2026-01-16 00:00:00+00:00,AVGO,AVGO260116P00086000,put,False,86.0,0.02,0.13,0.1,342.6499938964844,1.2382850585937497,0.0370259995532744,0.00688749465062872,2.0,416.0,2025-09-17 17:09:46+00:00,1467.8372222222222,0.075,0.16164383561643836
2025-11-17 21:00:00+00:00,2026-01-16 00:00:00+00:00,AVGO,AVGO260116P00087000,put,False,87.0,0.03,0.13,0.1,342.6499938964844,1.2382850585937497,0.0370259995532744,0.00688749465062872,4.0,386.0,2025-09-17 17:08:28+00:00,1467.858888888889,0.08,0.16164383561643836
2025-11-17 21:00:00+00:00,2026-01-16 00:00:00+00:00,AVGO,AVGO260116P00088000,put,False,88.0,0.0,0.28,0.07,342.6499938964844,1.3007847460937496,0.0370259995532744,0.00688749465062872,1.0,876.0,2025-10-22 19:08:47+00:00,625.8536111111111,0.14,0.16164383561643836
2025-11-17 21:00:00+00:00,2026-01-16 00:00:00+00:00,AVGO,AVGO260116P00089000,put,False,89.0,0.0,0.0,0.16,342.6499938964844,0.500005,0.0370259995532744,0.00688749465062872,20.0,290.0,2025-08-12 18:52:16+00:00,2330.128888888889,0.0,0.16164383561643836
2025-11-17 21:00:00+00:00,2026-01-16 00:00:00+00:00,AVGO,AVGO260116P00090000,put,False,90.0,0.0,0.27,0.03,342.6499938964844,1.2753942480468747,0.0370259995532744,0.00688749465062872,10.0,715.0,2025-10-31 13:30:03+00:00,415.49916666666667,0.135,0.16164383561643836
2025-11-17 21:00:00+00:00,2026-01-16 00:00:00+00:00,AVGO,AVGO260116P00091000,put,False,91.0,0.0,0.29,0.17,342.6499938964844,1.2753942480468747,0.0370259995532744,0.00688749465062872,10.0,226.0,2025-10-27 13:30:03+00:00,511.49916666666667,0.145,0.16164383561643836
2025-11-17 21:00:00+00:00,2026-01-16 00:00:00+00:00,AVGO,AVGO260116P00092000,put,False,92.0,0.01,0.18,0.17,342.6499938964844,1.2089883300781248,0.0370259995532744,0.00688749465062872,20.0,103.0,2025-08-13 17:27:58+00:00,2307.5338888888887,0.095,0.16164383561643836
2025-11-17 21:00:00+00:00,2026-01-16 00:00:00+00:00,AVGO,AVGO260116P00093000,put,False,93.0,0.0,0.29,0.06,342.6499938964844,1.25390998046875,0.0370259995532744,0.00688749465062872,20.0,251.0,2025-10-09 19:15:43+00:00,937.7380555555555,0.145,0.16164383561643836
2025-11-17 21:00:00+00:00,2026-01-16 00:00:00+00:00,AVGO,AVGO260116P00094000,put,False,94.0,0.0,0.1,0.09,342.6499938964844,1.1171919140625,0.0370259995532744,0.00688749465062872,10.0,139.0,2025-11-17 20:11:56+00:00,0.8011111111111111,0.05,0.16164383561643836
2025-11-17 21:00:00+00:00,2026-01-16 00:00:00+00:00,AVGO,AVGO260116P00095000,put,False,95.0,0.0,0.1,0.11,342.6499938964844,1.109379453125,0.0370259995532744,0.00688749465062872,12.0,733.0,2025-10-15 16:03:37+00:00,796.9397222222223,0.05,0.16164383561643836
2025-11-17 21:00:00+00:00,2026-01-16 00:00:00+00:00,AVGO,AVGO260116P00096000,put,False,96.0,0.0,0.29,0.08,342.6499938964844,1.224613251953125,0.0370259995532744,0.00688749465062872,1.0,291.0,2025-09-26 18:54:20+00:00,1250.0944444444444,0.145,0.16164383561643836
2025-11-17 21:00:00+00:00,2026-01-16 00:00:00+00:00,AVGO,AVGO260116P00097000,put,False,97.0,0.0,0.1,0.1,342.6499938964844,1.08984830078125,0.0370259995532744,0.00688749465062872,7.0,1252.0,2025-11-10 15:24:16+00:00,173.59555555555556,0.05,0.16164383561643836
2025-11-17 21:00:00+00:00,2026-01-16 00:00:00+00:00,AVGO,AVGO260116P00098000,put,False,98.0,0.0,0.25,0.08,342.6499938964844,1.185550947265625,0.0370259995532744,0.00688749465062872,10.0,319.0,2025-10-10 13:30:01+00:00,919.4997222222222,0.125,0.16164383561643836
2025-11-17 21:00:00+00:00,2026-01-16 00:00:00+00:00,AVGO,AVGO260116P00099000,put,False,99.0,0.0,0.3,0.05,342.6499938964844,1.201175869140625,0.0370259995532744,0.00688749465062872,5.0,385.0,2025-10-29 13:30:01+00:00,463.4997222222222,0.15,0.16164383561643836
2025-11-17 21:00:00+00:00,2026-01-16 00:00:00+00:00,AVGO,AVGO260116P00100000,put,False,100.0,0.0,0.11,0.06,342.6499938964844,1.0742233789062503,0.0370259995532744,0.00688749465062872,10.0,1455.0,2025-11-14 14:40:07+00:00,78.3313888888889,0.055,0.16164383561643836
2025-11-17 21:00:00+00:00,2026-01-16 00:00:00+00:00,AVGO,AVGO260116P00101000,put,False,101.0,0.0,0.1,0.05,342.6499938964844,1.05859845703125,0.0370259995532744,0.00688749465062872,10.0,328.0,2025-10-31 13:30:01+00:00,415.4997222222222,0.05,0.16164383561643836
2025-11-17 21:00:00+00:00,2026-01-16 00:00:00+00:00,AVGO,AVGO260116P00102000,put,False,102.0,0.0,0.27,0.11,342.6499938964844,1.16016044921875,0.0370259995532744,0.00688749465062872,1.0,520.0,2025-10-13 15:56:21+00:00,845.0608333333333,0.135,0.16164383561643836
2025-11-17 21:00:00+00:00,2026-01-16 00:00:00+00:00,AVGO,AVGO260116P00103000,put,False,103.0,0.0,0.3,0.08,342.6499938964844,1.1640666796875,0.0370259995532744,0.00688749465062872,2.0,912.0,2025-10-09 19:19:37+00:00,937.6730555555556,0.15,0.16164383561643836
2025-11-17 21:00:00+00:00,2026-01-16 00:00:00+00:00,AVGO,AVGO260116P00104000,put,False,104.0,0.01,0.26,0.12,342.6499938964844,1.142582412109375,0.0370259995532744,0.00688749465062872,1.0,393.0,2025-10-13 16:00:01+00:00,844.9997222222222,0.135,0.16164383561643836
2025-11-17 21:00:00+00:00,2026-01-16 00:00:00+00:00,AVGO,AVGO260116P00105000,put,False,105.0,0.0,0.11,0.12,342.6499938964844,1.0351610742187503,0.0370259995532744,0.00688749465062872,1.0,1722.0,2025-10-13 16:09:32+00:00,844.8411111111111,0.055,0.16164383561643836
2025-11-17 21:00:00+00:00,2026-01-16 00:00:00+00:00,AVGO,AVGO260116P00106000,put,False,106.0,0.0,0.12,0.23,342.6499938964844,1.0351610742187503,0.0370259995532744,0.00688749465062872,1.0,1213.0,2025-10-14 13:43:47+00:00,823.2702777777778,0.06,0.16164383561643836
2025-11-17 21:00:00+00:00,2026-01-16 00:00:00+00:00,AVGO,AVGO260116P00107000,put,False,107.0,0.0,0.12,0.08,342.6499938964844,1.0273486132812502,0.0370259995532744,0.00688749465062872,7.0,188.0,2025-10-29 19:20:52+00:00,457.65222222222224,0.06,0.16164383561643836
2025-11-17 21:00:00+00:00,2026-01-16 00:00:00+00:00,AVGO,AVGO260116P00108000,put,False,108.0,0.0,0.12,0.05,342.6499938964844,1.01953615234375,0.0370259995532744,0.00688749465062872,5.0,212.0,2025-11-06 14:30:07+00:00,270.49805555555554,0.06,0.16164383561643836
2025-11-17 21:00:00+00:00,2026-01-16 00:00:00+00:00,AVGO,AVGO260116P00109000,put,False,109.0,0.02,0.11,0.13,342.6499938964844,1.01953615234375,0.0370259995532744,0.00688749465062872,2.0,344.0,2025-10-07 19:47:12+00:00,985.2133333333334,0.065,0.16164383561643836
2025-11-17 21:00:00+00:00,2026-01-16 00:00:00+00:00,AVGO,AVGO260116P00110000,put,False,110.0,0.0,0.12,0.07,342.6499938964844,1.0039112304687499,0.0370259995532744,0.00688749465062872,2.0,2693.0,2025-11-14 20:39:21+00:00,72.34416666666667,0.06,0.16164383561643836
2025-11-17 21:00:00+00:00,2026-01-16 00:00:00+00:00,AVGO,AVGO260116P00111000,put,False,111.0,0.0,0.13,0.08,342.6499938964844,1.0039112304687499,0.0370259995532744,0.00688749465062872,20.0,528.0,2025-10-30 17:39:10+00:00,435.34722222222223,0.065,0.16164383561643836
2025-11-17 21:00:00+00:00,2026-01-16 00:00:00+00:00,AVGO,AVGO260116P00112000,put,False,112.0,0.0,0.0,0.45,342.6499938964844,0.500005,0.0370259995532744,0.00688749465062872,2.0,760.0,2025-08-11 13:52:12+00:00,2359.13,0.0,0.16164383561643836
2025-11-17 21:00:00+00:00,2026-01-16 00:00:00+00:00,AVGO,AVGO260116P00113000,put,False,113.0,0.02,0.13,0.16,342.6499938964844,1.001958115234375,0.0370259995532744,0.00688749465062872,1.0,396.0,2025-10-13 15:46:43+00:00,845.2213888888889,0.075,0.16164383561643836
2025-11-17 21:00:00+00:00,2026-01-16 00:00:00+00:00,AVGO,AVGO260116P00114000,put,False,114.0,0.03,0.13,0.17,342.6499938964844,1.000005,0.0370259995532744,0.00688749465062872,1.0,678.0,2025-10-13 16:09:47+00:00,844.8369444444445,0.08,0.16164383561643836
2025-11-17 21:00:00+00:00,2026-01-16 00:00:00+00:00,AVGO,AVGO260116P00115000,put,False,115.0,0.0,0.13,0.05,342.6499938964844,0.9726565234375,0.0370259995532744,0.00688749465062872,2.0,2537.0,2025-11-14 18:33:28+00:00,74.44222222222223,0.065,0.16164383561643836
2025-11-17 21:00:00+00:00,2026-01-16 00:00:00+00:00,AVGO,AVGO260116P00116000,put,False,116.0,0.03,0.13,0.13,342.6499938964844,0.98437515625,0.0370259995532744,0.00688749465062872,1.0,101.0,2025-10-09 19:37:53+00:00,937.3686111111111,0.08,0.16164383561643836
2025-11-17 21:00:00+00:00,2026-01-16 00:00:00+00:00,AVGO,AVGO260116P00117000,put,False,117.0,0.0,0.14,0.18,342.6499938964844,0.9648441015625,0.0370259995532744,0.00688749465062872,4.0,392.0,2025-10-07 19:37:23+00:00,985.3769444444445,0.07,0.16164383561643836
2025-11-17 21:00:00+00:00,2026-01-16 00:00:00+00:00,AVGO,AVGO260116P00118000,put,False,118.0,0.03,0.14,0.15,342.6499938964844,0.9765627343750001,0.0370259995532744,0.00688749465062872,1.0,156.0,2025-10-09 19:10:23+00:00,937.8269444444444,0.085,0.16164383561643836
2025-11-17 21:00:00+00:00,2026-01-16 00:00:00+00:00,AVGO,AVGO260116P00119000,put,False,119.0,0.05,0.14,0.11,342.6499938964844,0.9804689453125001,0.0370259995532744,0.00688749465062872,32.0,342.0,2025-11-11 15:30:36+00:00,149.49,0.095,0.16164383561643836
2025-11-17 21:00:00+00:00,2026-01-16 00:00:00+00:00,AVGO,AVGO260116P00120000,put,False,120.0,0.02,0.15,0.07,342.6499938964844,0.9609378906249999,0.0370259995532744,0.00688749465062872,1.0,2862.0,2025-11-11 15:30:33+00:00,149.49083333333334,0.08499999999999999,0.16164383561643836
2025-11-17 21:00:00+00:00,2026-01-16 00:00:00+00:00,AVGO,AVGO260116P00121000,put,False,121.0,0.04,0.15,0.26,342.6499938964844,0.9648441015625,0.0370259995532744,0.00688749465062872,4.0,1658.0,2025-10-15 16:03:37+00:00,796.9397222222223,0.095,0.16164383561643836
2025-11-17 21:00:00+00:00,2026-01-16 00:00:00+00:00,AVGO,AVGO260116P00122000,put,False,122.0,0.04,0.15,0.16,342.6499938964844,0.9589847851562499,0.0370259995532744,0.00688749465062872,2.0,696.0,2025-10-09 19:38:09+00:00,937.3641666666666,0.095,0.16164383561643836
2025-11-17 21:00:00+00:00,2026-01-16 00:00:00+00:00,AVGO,AVGO260116P00124000,put,False,124.0,0.0,0.15,0.18,342.6499938964844,0.92187578125,0.0370259995532744,0.00688749465062872,1.0,1735.0,2025-10-09 19:37:48+00:00,937.37,0.075,0.16164383561643836
2025-11-17 21:00:00+00:00,2026-01-16 00:00:00+00:00,AVGO,AVGO260116P00125000,put,False,125.0,0.1,0.16,0.09,342.6499938964844,0.9687503125,0.0370259995532744,0.00688749465062872,300.0,1375.0,2025-11-14 19:21:22+00:00,73.6438888888889,0.13,0.16164383561643836
2025-11-17 21:00:00+00:00,2026-01-16 00:00:00+00:00,AVGO,AVGO260116P00126000,put,False,126.0,0.05,0.16,0.2,342.6499938964844,0.93945373046875,0.0370259995532744,0.00688749465062872,5.0,928.0,2025-11-07 15:38:57+00:00,245.35083333333333,0.10500000000000001,0.16164383561643836
2025-11-17 21:00:00+00:00,2026-01-16 00:00:00+00:00,AVGO,AVGO260116P00128000,put,False,128.0,0.04,0.17,0.22,342.6499938964844,0.9257819921875,0.0370259995532744,0.00688749465062872,1.0,404.0,2025-10-27 14:48:42+00:00,510.18833333333333,0.10500000000000001,0.16164383561643836
2025-11-17 21:00:00+00:00,2026-01-16 00:00:00+00:00,AVGO,AVGO260116P00130000,put,False,130.0,0.04,0.17,0.2,342.6499938964844,0.91211025390625,0.0370259995532744,0.00688749465062872,5.0,2189.0,2025-11-07 15:39:17+00:00,245.34527777777777,0.10500000000000001,0.16164383561643836
2025-11-17 21:00:00+00:00,2026-01-16 00:00:00+00:00,AVGO,AVGO260116P00132000,put,False,132.0,0.05,0.18,0.36,342.6499938964844,0.9062509375,0.0370259995532744,0.00688749465062872,5.0,476.0,2025-10-17 16:06:29+00:00,748.8919444444444,0.11499999999999999,0.16164383561643836
2025-11-17 21:00:00+00:00,2026-01-16 00:00:00+00:00,AVGO,AVGO260116P00134000,put,False,134.0,0.06,0.19,0.18,342.6499938964844,0.9023447265625,0.0370259995532744,0.00688749465062872,2.0,2264.0,2025-11-04 16:32:12+00:00,316.4633333333333,0.125,0.16164383561643836
2025-11-17 21:00:00+00:00,2026-01-16 00:00:00+00:00,AVGO,AVGO260116P00135000,put,False,135.0,0.06,0.19,0.18,342.6499938964844,0.8945323046874999,0.0370259995532744,0.00688749465062872,2.0,721.0,2025-11-03 15:27:30+00:00,341.5416666666667,0.125,0.16164383561643836
2025-11-17 21:00:00+00:00,2026-01-16 00:00:00+00:00,AVGO,AVGO260116P00136000,put,False,136.0,0.06,0.2,0.3,342.6499938964844,0.89257919921875,0.0370259995532744,0.00688749465062872,10.0,409.0,2025-11-07 19:06:01+00:00,241.8997222222222,0.13,0.16164383561643836
2025-11-17 21:00:00+00:00,2026-01-16 00:00:00+00:00,AVGO,AVGO260116P00138000,put,False,138.0,0.07,0.2,0.17,342.6499938964844,0.8828136718749999,0.0370259995532744,0.00688749465062872,1.0,604.0,2025-11-05 15:20:06+00:00,293.665,0.135,0.16164383561643836
2025-11-17 21:00:00+00:00,2026-01-16 00:00:00+00:00,AVGO,AVGO260116P00140000,put,False,140.0,0.08,0.21,0.13,342.6499938964844,0.87695435546875,0.0370259995532744,0.00688749465062872,1.0,4517.0,2025-11-17 14:52:20+00:00,6.127777777777778,0.145,0.16164383561643836
2025-11-17 21:00:00+00:00,2026-01-16 00:00:00+00:00,AVGO,AVGO260116P00142000,put,False,142.0,0.09,0.22,0.25,342.6499938964844,0.870118486328125,0.0370259995532744,0.00688749465062872,2.0,945.0,2025-11-07 15:33:12+00:00,245.44666666666666,0.155,0.16164383561643836
2025-11-17 21:00:00+00:00,2026-01-16 00:00:00+00:00,AVGO,AVGO260116P00144000,put,False,144.0,0.09,0.23,0.15,342.6499938964844,0.860352958984375,0.0370259995532744,0.00688749465062872,100.0,3142.0,2025-11-13 16:46:45+00:00,100.22083333333333,0.16,0.16164383561643836
2025-11-17 21:00:00+00:00,2026-01-16 00:00:00+00:00,AVGO,AVGO260116P00145000,put,False,145.0,0.1,0.23,0.15,342.6499938964844,0.8564467480468749,0.0370259995532744,0.00688749465062872,1.0,1896.0,2025-11-14 20:15:19+00:00,72.74472222222222,0.165,0.16164383561643836
2025-11-17 21:00:00+00:00,2026-01-16 00:00:00+00:00,AVGO,AVGO260116P00146000,put,False,146.0,0.1,0.24,0.26,342.6499938964844,0.8535170898437501,0.0370259995532744,0.00688749465062872,1.0,929.0,2025-11-04 14:38:17+00:00,318.3619444444444,0.16999999999999998,0.16164383561643836
2025-11-17 21:00:00+00:00,2026-01-16 00:00:00+00:00,AVGO,AVGO260116P00148000,put,False,148.0,0.11,0.25,0.3,342.6499938964844,0.8457046679687499,0.0370259995532744,0.00688749465062872,3.0,1012.0,2025-11-07 15:33:31+00:00,245.4413888888889,0.18,0.16164383561643836
2025-11-17 21:00:00+00:00,2026-01-16 00:00:00+00:00,AVGO,AVGO260116P00150000,put,False,150.0,0.12,0.26,0.2,342.6499938964844,0.8388687988281249,0.0370259995532744,0.00688749465062872,1.0,8629.0,2025-11-07 20:08:51+00:00,240.8525,0.19,0.16164383561643836
2025-11-17 21:00:00+00:00,2026-01-16 00:00:00+00:00,AVGO,AVGO260116P00152000,put,False,152.0,0.13,0.26,0.26,342.6499938964844,0.8291032714843749,0.0370259995532744,0.00688749465062872,24.0,570.0,2025-11-06 16:05:11+00:00,268.9136111111111,0.195,0.16164383561643836
2025-11-17 21:00:00+00:00,2026-01-16 00:00:00+00:00,AVGO,AVGO260116P00154000,put,False,154.0,0.15,0.28,0.35,342.6499938964844,0.8261736132812498,0.0370259995532744,0.00688749465062872,5.0,604.0,2025-11-07 15:37:45+00:00,245.37083333333334,0.21500000000000002,0.16164383561643836
2025-11-17 21:00:00+00:00,2026-01-16 00:00:00+00:00,AVGO,AVGO260116P00155000,put,False,155.0,0.15,0.28,0.2,342.6499938964844,0.8203142968749999,0.0370259995532744,0.00688749465062872,1.0,1014.0,2025-11-06 14:55:24+00:00,270.07666666666665,0.21500000000000002,0.16164383561643836
2025-11-17 21:00:00+00:00,2026-01-16 00:00:00+00:00,AVGO,AVGO260116P00156000,put,False,156.0,0.04,0.3,0.56,342.6499938964844,0.79101771484375,0.0370259995532744,0.00688749465062872,1.0,685.0,2025-10-13 13:53:58+00:00,847.1005555555555,0.16999999999999998,0.16164383561643836
2025-11-17 21:00:00+00:00,2026-01-16 00:00:00+00:00,AVGO,AVGO260116P00158000,put,False,158.0,0.17,0.3,0.24,342.6499938964844,0.8105487695312499,0.0370259995532744,0.00688749465062872,20.0,964.0,2025-11-14 18:40:18+00:00,74.32833333333333,0.235,0.16164383561643836
2025-11-17 21:00:00+00:00,2026-01-16 00:00:00+00:00,AVGO,AVGO260116P00160000,put,False,160.0,0.18,0.31,0.26,342.6499938964844,0.8027363476562499,0.0370259995532744,0.00688749465062872,1.0,10338.0,2025-11-14 20:29:31+00:00,72.50805555555556,0.245,0.16164383561643836
2025-11-17 21:00:00+00:00,2026-01-16 00:00:00+00:00,AVGO,AVGO260116P00162000,put,False,162.0,0.19,0.32,0.71,342.6499938964844,0.7944356494140624,0.0370259995532744,0.00688749465062872,7.0,661.0,2025-10-21 14:27:49+00:00,654.5363888888888,0.255,0.16164383561643836
2025-11-17 21:00:00+00:00,2026-01-16 00:00:00+00:00,AVGO,AVGO260116P00164000,put,False,164.0,0.21,0.34,0.45,342.6499938964844,0.790041162109375,0.0370259995532744,0.00688749465062872,4.0,1178.0,2025-11-07 15:37:32+00:00,245.37444444444444,0.275,0.16164383561643836
2025-11-17 21:00:00+00:00,2026-01-16 00:00:00+00:00,AVGO,AVGO260116P00165000,put,False,165.0,0.21,0.35,0.43,342.6499938964844,0.7861349511718749,0.0370259995532744,0.00688749465062872,1.0,2684.0,2025-11-07 14:39:03+00:00,246.34916666666666,0.27999999999999997,0.16164383561643836
2025-11-17 21:00:00+00:00,2026-01-16 00:00:00+00:00,AVGO,AVGO260116P00166000,put,False,166.0,0.22,0.35,0.35,342.6499938964844,0.7817404638671875,0.0370259995532744,0.00688749465062872,2.0,498.0,2025-11-04 18:54:04+00:00,314.0988888888889,0.285,0.16164383561643836
2025-11-17 21:00:00+00:00,2026-01-16 00:00:00+00:00,AVGO,AVGO260116P00168000,put,False,168.0,0.24,0.37,0.33,342.6499938964844,0.7768577001953125,0.0370259995532744,0.00688749465062872,2.0,962.0,2025-11-11 18:24:32+00:00,146.5911111111111,0.305,0.16164383561643836
2025-11-17 21:00:00+00:00,2026-01-16 00:00:00+00:00,AVGO,AVGO260116P00170000,put,False,170.0,0.26,0.38,0.4,342.6499938964844,0.7700218310546876,0.0370259995532744,0.00688749465062872,15.0,10774.0,2025-11-13 18:37:04+00:00,98.38222222222223,0.32,0.16164383561643836
2025-11-17 21:00:00+00:00,2026-01-16 00:00:00+00:00,AVGO,AVGO260116P00172000,put,False,172.0,0.27,0.4,0.6,342.6499938964844,0.762697685546875,0.0370259995532744,0.00688749465062872,70.0,1228.0,2025-10-31 19:31:42+00:00,409.4716666666667,0.335,0.16164383561643836
2025-11-17 21:00:00+00:00,2026-01-16 00:00:00+00:00,AVGO,AVGO260116P00174000,put,False,174.0,0.29,0.42,0.45,342.6499938964844,0.7568383691406251,0.0370259995532744,0.00688749465062872,2.0,984.0,2025-10-29 16:34:39+00:00,460.4225,0.355,0.16164383561643836
2025-11-17 21:00:00+00:00,2026-01-16 00:00:00+00:00,AVGO,AVGO260116P00175000,put,False,175.0,0.3,0.43,0.37,342.6499938964844,0.7539087109375,0.0370259995532744,0.00688749465062872,2.0,7815.0,2025-11-12 20:59:33+00:00,120.0075,0.365,0.16164383561643836
2025-11-17 21:00:00+00:00,2026-01-16 00:00:00+00:00,AVGO,AVGO260116P00176000,put,False,176.0,0.31,0.44,0.4,342.6499938964844,0.7509790527343749,0.0370259995532744,0.00688749465062872,3.0,909.0,2025-11-17 20:24:19+00:00,0.5947222222222223,0.375,0.16164383561643836
2025-11-17 21:00:00+00:00,2026-01-16 00:00:00+00:00,AVGO,AVGO260116P00178000,put,False,178.0,0.33,0.46,0.94,342.6499938964844,0.745119736328125,0.0370259995532744,0.00688749465062872,5.0,640.0,2025-10-20 14:48:03+00:00,678.1991666666667,0.395,0.16164383561643836
2025-11-17 21:00:00+00:00,2026-01-16 00:00:00+00:00,AVGO,AVGO260116P00180000,put,False,180.0,0.36,0.48,0.3,342.6499938964844,0.7397486962890624,0.0370259995532744,0.00688749465062872,3.0,4210.0,2025-11-12 20:59:03+00:00,120.01583333333333,0.42,0.16164383561643836
2025-11-17 21:00:00+00:00,2026-01-16 00:00:00+00:00,AVGO,AVGO260116P00182000,put,False,182.0,0.37,0.5,0.78,342.6499938964844,0.7319362744140624,0.0370259995532744,0.00688749465062872,1.0,575.0,2025-11-07 20:11:22+00:00,240.81055555555557,0.435,0.16164383561643836
2025-11-17 21:00:00+00:00,2026-01-16 00:00:00+00:00,AVGO,AVGO260116P00184000,put,False,184.0,0.41,0.52,0.42,342.6499938964844,0.727541787109375,0.0370259995532744,0.00688749465062872,1.0,912.0,2025-11-17 15:54:25+00:00,5.093055555555556,0.46499999999999997,0.16164383561643836
2025-11-17 21:00:00+00:00,2026-01-16 00:00:00+00:00,AVGO,AVGO260116P00185000,put,False,185.0,0.41,0.54,0.35,342.6499938964844,0.7241238525390624,0.0370259995532744,0.00688749465062872,150.0,6610.0,2025-11-13 14:32:16+00:00,102.46222222222222,0.475,0.16164383561643836
2025-11-17 21:00:00+00:00,2026-01-16 00:00:00+00:00,AVGO,AVGO260116P00186000,put,False,186.0,0.43,0.55,0.7,342.6499938964844,0.7216824707031251,0.0370259995532744,0.00688749465062872,3.0,2973.0,2025-11-07 15:40:24+00:00,245.32666666666665,0.49,0.16164383561643836
2025-11-17 21:00:00+00:00,2026-01-16 00:00:00+00:00,AVGO,AVGO260116P00188000,put,False,188.0,0.45,0.62,0.49,342.6499938964844,0.719729365234375,0.0370259995532744,0.00688749465062872,13.0,502.0,2025-11-12 18:57:37+00:00,122.03972222222222,0.535,0.16164383561643836
2025-11-17 21:00:00+00:00,2026-01-16 00:00:00+00:00,AVGO,AVGO260116P00190000,put,False,190.0,0.48,0.61,0.71,342.6499938964844,0.7104521142578125,0.0370259995532744,0.00688749465062872,21.0,2789.0,2025-11-13 20:47:25+00:00,96.20972222222223,0.5449999999999999,0.16164383561643836
2025-11-17 21:00:00+00:00,2026-01-16 00:00:00+00:00,AVGO,AVGO260116P00192000,put,False,192.0,0.53,0.64,0.58,342.6499938964844,0.7070341796875,0.0370259995532744,0.00688749465062872,7.0,1068.0,2025-11-17 19:04:26+00:00,1.926111111111111,0.585,0.16164383561643836
2025-11-17 21:00:00+00:00,2026-01-16 00:00:00+00:00,AVGO,AVGO260116P00194000,put,False,194.0,0.54,0.67,1.0,342.6499938964844,0.6992217578125001,0.0370259995532744,0.00688749465062872,1.0,813.0,2025-11-07 17:06:00+00:00,243.9,0.605,0.16164383561643836
2025-11-17 21:00:00+00:00,2026-01-16 00:00:00+00:00,AVGO,AVGO260116P00195000,put,False,195.0,0.56,0.69,0.94,342.6499938964844,0.6972686523437501,0.0370259995532744,0.00688749465062872,6.0,1682.0,2025-11-07 20:56:39+00:00,240.05583333333334,0.625,0.16164383561643836
2025-11-17 21:00:00+00:00,2026-01-16 00:00:00+00:00,AVGO,AVGO260116P00196000,put,False,196.0,0.58,0.7,0.61,342.6499938964844,0.694338994140625,0.0370259995532744,0.00688749465062872,1.0,703.0,2025-11-17 15:54:08+00:00,5.097777777777778,0.6399999999999999,0.16164383561643836
2025-11-17 21:00:00+00:00,2026-01-16 00:00:00+00:00,AVGO,AVGO260116P00198000,put,False,198.0,0.62,0.74,0.66,342.6499938964844,0.689700368652344,0.0370259995532744,0.00688749465062872,2.0,1202.0,2025-11-12 16:48:43+00:00,124.18805555555555,0.6799999999999999,0.16164383561643836
2025-11-17 21:00:00+00:00,2026-01-16 00:00:00+00:00,AVGO,AVGO260116P00200000,put,False,200.0,0.66,0.78,0.72,342.6499938964844,0.6848176049804688,0.0370259995532744,0.00688749465062872,1001.0,11779.0,2025-11-17 16:18:21+00:00,4.694166666666667,0.72,0.16164383561643836
2025-11-17 21:00:00+00:00,2026-01-16 00:00:00+00:00,AVGO,AVGO260116P00205000,put,False,205.0,0.78,0.88,0.99,342.6499938964844,0.6728548339843752,0.0370259995532744,0.00688749465062872,1.0,2536.0,2025-11-14 15:04:33+00:00,77.92416666666666,0.8300000000000001,0.16164383561643836
2025-11-17 21:00:00+00:00,2026-01-16 00:00:00+00:00,AVGO,AVGO260116P00210000,put,False,210.0,0.89,1.01,0.95,342.6499938964844,0.6606479248046876,0.0370259995532744,0.00688749465062872,1.0,6379.0,2025-11-17 18:16:48+00:00,2.72,0.95,0.16164383561643836
2025-11-17 21:00:00+00:00,2026-01-16 00:00:00+00:00,AVGO,AVGO260116P00215000,put,False,215.0,1.03,1.14,1.17,342.6499938964844,0.6486851538085938,0.0370259995532744,0.00688749465062872,438.0,4306.0,2025-11-14 18:47:30+00:00,74.20833333333333,1.085,0.16164383561643836
2025-11-17 21:00:00+00:00,2026-01-16 00:00:00+00:00,AVGO,AVGO260116P00220000,put,False,220.0,1.19,1.31,1.3,342.6499938964844,0.6379430737304688,0.0370259995532744,0.00688749465062872,2.0,2455.0,2025-11-17 20:35:02+00:00,0.4161111111111111,1.25,0.16164383561643836
2025-11-17 21:00:00+00:00,2026-01-16 00:00:00+00:00,AVGO,AVGO260116P00225000,put,False,225.0,1.39,1.51,1.5,342.6499938964844,0.6286658227539064,0.0370259995532744,0.00688749465062872,3.0,2084.0,2025-11-17 14:31:17+00:00,6.478611111111111,1.45,0.16164383561643836
2025-11-17 21:00:00+00:00,2026-01-16 00:00:00+00:00,AVGO,AVGO260116P00230000,put,False,230.0,1.61,1.73,1.63,342.6499938964844,0.6187782263183594,0.0370259995532744,0.00688749465062872,2.0,5209.0,2025-11-17 16:18:21+00:00,4.694166666666667,1.67,0.16164383561643836
2025-11-17 21:00:00+00:00,2026-01-16 00:00:00+00:00,AVGO,AVGO260116P00235000,put,False,235.0,1.87,1.98,2.0,342.6499938964844,0.609500975341797,0.0370259995532744,0.00688749465062872,39.0,4362.0,2025-11-17 20:49:10+00:00,0.18055555555555555,1.925,0.16164383561643836
2025-11-17 21:00:00+00:00,2026-01-16 00:00:00+00:00,AVGO,AVGO260116P00240000,put,False,240.0,2.17,2.28,2.35,342.6499938964844,0.6010782080078126,0.0370259995532744,0.00688749465062872,212.0,8542.0,2025-11-17 19:48:04+00:00,1.198888888888889,2.2249999999999996,0.16164383561643836
2025-11-17 21:00:00+00:00,2026-01-16 00:00:00+00:00,AVGO,AVGO260116P00245000,put,False,245.0,2.51,2.63,2.68,342.6499938964844,0.5931437170410157,0.0370259995532744,0.00688749465062872,2.0,6196.0,2025-11-14 19:50:07+00:00,73.16472222222222,2.57,0.16164383561643836
2025-11-17 21:00:00+00:00,2026-01-16 00:00:00+00:00,AVGO,AVGO260116P00250000,put,False,250.0,2.91,3.05,3.0,342.6499938964844,0.5863078479003907,0.0370259995532744,0.00688749465062872,46.0,14145.0,2025-11-17 18:00:32+00:00,2.991111111111111,2.98,0.16164383561643836
2025-11-17 21:00:00+00:00,2026-01-16 00:00:00+00:00,AVGO,AVGO260116P00255000,put,False,255.0,3.35,3.5,3.7,342.6499938964844,0.5787395642089843,0.0370259995532744,0.00688749465062872,4.0,3138.0,2025-11-17 20:01:41+00:00,0.9719444444444445,3.425,0.16164383561643836
2025-11-17 21:00:00+00:00,2026-01-16 00:00:00+00:00,AVGO,AVGO260116P00260000,put,False,260.0,3.85,4.0,4.0,342.6499938964844,0.5712323150634766,0.0370259995532744,0.00688749465062872,231.0,6343.0,2025-11-17 20:56:47+00:00,0.05361111111111111,3.925,0.16164383561643836
2025-11-17 21:00:00+00:00,2026-01-16 00:00:00+00:00,AVGO,AVGO260116P00265000,put,False,265.0,4.45,4.6,4.6,342.6499938964844,0.5653729986572267,0.0370259995532744,0.00688749465062872,24.0,2349.0,2025-11-17 18:00:32+00:00,2.991111111111111,4.525,0.16164383561643836
2025-11-17 21:00:00+00:00,2026-01-16 00:00:00+00:00,AVGO,AVGO260116P00270000,put,False,270.0,5.1,5.3,5.55,342.6499938964844,0.5596967858886719,0.0370259995532744,0.00688749465062872,49.0,5789.0,2025-11-17 18:57:00+00:00,2.05,5.199999999999999,0.16164383561643836
2025-11-17 21:00:00+00:00,2026-01-16 00:00:00+00:00,AVGO,AVGO260116P00275000,put,False,275.0,5.85,6.05,6.35,342.6499938964844,0.5539595385742189,0.0370259995532744,0.00688749465062872,51.0,1590.0,2025-11-17 19:24:00+00:00,1.6,5.949999999999999,0.16164383561643836
2025-11-17 21:00:00+00:00,2026-01-16 00:00:00+00:00,AVGO,AVGO260116P00280000,put,False,280.0,6.65,6.9,7.1,342.6499938964844,0.5480391876220705,0.0370259995532744,0.00688749465062872,73.0,4995.0,2025-11-17 19:24:00+00:00,1.6,6.775,0.16164383561643836
2025-11-17 21:00:00+00:00,2026-01-16 00:00:00+00:00,AVGO,AVGO260116P00290000,put,False,290.0,8.65,8.9,9.35,342.6499938964844,0.5384262466430666,0.0370259995532744,0.00688749465062872,30.0,7798.0,2025-11-17 20:40:36+00:00,0.3233333333333333,8.775,0.16164383561643836
2025-11-17 21:00:00+00:00,2026-01-16 00:00:00+00:00,AVGO,AVGO260116P00300000,put,False,300.0,11.1,11.35,11.86,342.6499938964844,0.5297288238525393,0.0370259995532744,0.00688749465062872,180.0,8645.0,2025-11-17 20:37:24+00:00,0.37666666666666665,11.225,0.16164383561643836
2025-11-17 21:00:00+00:00,2026-01-16 00:00:00+00:00,AVGO,AVGO260116P00310000,put,False,310.0,14.05,14.35,14.85,342.6499938964844,0.5223741610717773,0.0370259995532744,0.00688749465062872,48.0,3817.0,2025-11-17 20:27:15+00:00,0.5458333333333333,14.2,0.16164383561643836
2025-11-17 21:00:00+00:00,2026-01-16 00:00:00+00:00,AVGO,AVGO260116P00320000,put,False,320.0,17.55,17.8,18.15,342.6499938964844,0.5148974291992188,0.0370259995532744,0.00688749465062872,91.0,5074.0,2025-11-17 19:37:51+00:00,1.3691666666666666,17.675,0.16164383561643836
2025-11-17 21:00:00+00:00,2026-01-16 00:00:00+00:00,AVGO,AVGO260116P00330000,put,False,330.0,21.6,21.95,22.83,342.6499938964844,0.5090991473388673,0.0370259995532744,0.00688749465062872,103.0,5262.0,2025-11-17 19:37:51+00:00,1.3691666666666666,21.775,0.16164383561643836
2025-11-17 21:00:00+00:00,2026-01-16 00:00:00+00:00,AVGO,AVGO260116P00340000,put,False,340.0,26.25,26.6,27.0,342.6499938964844,0.503209313659668,0.0370259995532744,0.00688749465062872,227.0,2881.0,2025-11-17 20:49:26+00:00,0.1761111111111111,26.425,0.16164383561643836
2025-11-17 21:00:00+00:00,2026-01-16 00:00:00+00:00,AVGO,AVGO260116P00350000,put,True,350.0,31.45,31.85,33.29,342.6499938964844,0.5011646563720704,0.0370259995532744,0.00688749465062872,118.0,3275.0,2025-11-17 20:43:31+00:00,0.2747222222222222,31.65,0.16164383561643836
2025-11-17 21:00:00+00:00,2026-01-16 00:00:00+00:00,AVGO,AVGO260116P00360000,put,True,360.0,36.8,37.75,37.25,342.6499938964844,0.4978077563476563,0.0370259995532744,0.00688749465062872,8.0,1588.0,2025-11-17 19:02:31+00:00,1.9580555555555557,37.275,0.16164383561643836
2025-11-17 21:00:00+00:00,2026-01-16 00:00:00+00:00,AVGO,AVGO260116P00370000,put,True,370.0,43.65,44.05,45.1,342.6499938964844,0.4921010263061524,0.0370259995532744,0.00688749465062872,32.0,1044.0,2025-11-17 20:05:57+00:00,0.9008333333333334,43.849999999999994,0.16164383561643836
2025-11-17 21:00:00+00:00,2026-01-16 00:00:00+00:00,AVGO,AVGO260116P00380000,put,True,380.0,50.55,50.95,52.47,342.6499938964844,0.48828636718750007,0.0370259995532744,0.00688749465062872,14.0,488.0,2025-11-17 20:03:08+00:00,0.9477777777777778,50.75,0.16164383561643836
2025-11-17 21:00:00+00:00,2026-01-16 00:00:00+00:00,AVGO,AVGO260116P00390000,put,True,390.0,57.9,58.35,55.9,342.6499938964844,0.485356708984375,0.0370259995532744,0.00688749465062872,2.0,155.0,2025-11-13 18:57:17+00:00,98.04527777777778,58.125,0.16164383561643836
2025-11-17 21:00:00+00:00,2026-01-16 00:00:00+00:00,AVGO,AVGO260116P00400000,put,True,400.0,65.25,67.6,61.54,342.6499938964844,0.5148363946533203,0.0370259995532744,0.00688749465062872,1.0,581.0,2025-11-17 14:41:11+00:00,6.313611111111111,66.425,0.16164383561643836
2025-11-17 21:00:00+00:00,2026-01-16 00:00:00+00:00,AVGO,AVGO260116P00410000,put,True,410.0,73.45,75.1,70.55,342.6499938964844,0.4985401708984375,0.0370259995532744,0.00688749465062872,10.0,72.0,2025-11-14 20:44:16+00:00,72.26222222222222,74.275,0.16164383561643836
2025-11-17 21:00:00+00:00,2026-01-16 00:00:00+00:00,AVGO,AVGO260116P00420000,put,True,420.0,81.85,83.45,79.0,342.6499938964844,0.49371844177246105,0.0370259995532744,0.00688749465062872,1.0,39.0,2025-11-17 17:37:17+00:00,3.3786111111111112,82.65,0.16164383561643836
2025-11-17 21:00:00+00:00,2026-01-16 00:00:00+00:00,AVGO,AVGO260116P00430000,put,True,430.0,90.5,92.75,98.3,342.6499938964844,0.508793974609375,0.0370259995532744,0.00688749465062872,1.0,63.0,2025-11-14 14:44:20+00:00,78.2611111111111,91.625,0.16164383561643836
2025-11-17 21:00:00+00:00,2026-01-16 00:00:00+00:00,AVGO,AVGO260116P00440000,put,True,440.0,99.5,101.55,103.74,342.6499938964844,0.5034229345703125,0.0370259995532744,0.00688749465062872,6.0,13.0,2025-11-13 17:50:38+00:00,99.15611111111112,100.525,0.16164383561643836
2025-11-17 21:00:00+00:00,2026-01-16 00:00:00+00:00,AVGO,AVGO260116P00450000,put,True,450.0,108.8,111.0,93.4,342.6499938964844,0.5142260491943358,0.0370259995532744,0.00688749465062872,15.0,25.0,2025-11-05 14:57:09+00:00,294.0475,109.9,0.16164383561643836
2025-11-17 21:00:00+00:00,2026-01-16 00:00:00+00:00,AVGO,AVGO260116P00460000,put,True,460.0,117.9,120.15,125.95,342.6499938964844,0.5084888018798828,0.0370259995532744,0.00688749465062872,6.0,13.0,2025-11-13 18:39:45+00:00,98.3375,119.025,0.16164383561643836
2025-11-17 21:00:00+00:00,2026-01-16 00:00:00+00:00,AVGO,AVGO260116P00470000,put,True,470.0,127.6,129.65,111.27,342.6499938964844,0.5118457019042968,0.0370259995532744,0.00688749465062872,1.0,9.0,2025-11-05 19:52:38+00:00,289.1227777777778,128.625,0.16164383561643836
2025-11-17 21:00:00+00:00,2026-01-16 00:00:00+00:00,AVGO,AVGO260116P00480000,put,True,480.0,137.0,139.9,138.71,342.6499938964844,0.5494429821777345,0.0370259995532744,0.00688749465062872,1.0,25.0,2025-11-17 19:19:59+00:00,1.6669444444444443,138.45,0.16164383561643836
2025-11-17 21:00:00+00:00,2026-01-16 00:00:00+00:00,AVGO,AVGO260116P00490000,put,True,490.0,146.65,149.65,146.7,342.6499938964844,0.5614057531738281,0.0370259995532744,0.00688749465062872,20.0,22.0,2025-11-14 17:13:09+00:00,75.78083333333333,148.15,0.16164383561643836
2025-11-17 21:00:00+00:00,2026-01-16 00:00:00+00:00,AVGO,AVGO260116P00500000,put,True,500.0,1.5,6.2,4.2,342.6499938964844,1.0000000000000003e-05,0.0370259995532744,0.00688749465062872,1.0,37.0,2024-07-05 17:53:28+00:00,12003.108888888888,3.85,0.16164383561643836
2025-11-17 21:00:00+00:00,2026-01-16 00:00:00+00:00,AVGO,AVGO260116P00510000,put,True,510.0,166.25,169.6,154.5,342.6499938964844,0.6052285571289064,0.0370259995532744,0.00688749465062872,7.0,0.0,2025-10-13 14:02:01+00:00,846.9663888888889,167.925,0.16164383561643836
2025-11-17 21:00:00+00:00,2026-01-16 00:00:00+00:00,AVGO,AVGO260116P00520000,put,True,520.0,176.35,179.55,166.55,342.6499938964844,0.6246375427246094,0.0370259995532744,0.00688749465062872,1.0,0.0,2025-10-13 13:55:10+00:00,847.0805555555555,177.95,0.16164383561643836
2025-11-17 21:00:00+00:00,2026-01-16 00:00:00+00:00,AVGO,AVGO260116P00530000,put,True,530.0,186.25,189.35,154.1,342.6499938964844,0.6341589318847658,0.0370259995532744,0.00688749465062872,1.0,0.0,2025-10-29 17:42:25+00:00,459.29305555555555,187.8,0.16164383561643836
2025-11-17 21:00:00+00:00,2026-01-16 00:00:00+00:00,AVGO,AVGO260116P00550000,put,True,550.0,1.8,7.0,4.8,342.6499938964844,1.0000000000000003e-05,0.0370259995532744,0.00688749465062872,3.0,11.0,2024-06-13 14:59:54+00:00,12534.001666666667,4.4,0.16164383561643836
2025-11-17 21:00:00+00:00,2026-01-16 00:00:00+00:00,AVGO,AVGO260116P00560000,put,True,560.0,1.9,7.2,5.0,342.6499938964844,1.0000000000000003e-05,0.0370259995532744,0.00688749465062872,43.0,41.0,2024-06-13 17:47:36+00:00,12531.206666666667,4.55,0.16164383561643836
2025-11-17 21:00:00+00:00,2026-01-16 00:00:00+00:00,AVGO,AVGO260116P00570000,put,True,570.0,1.95,7.4,4.8,342.6499938964844,1.0000000000000003e-05,0.0370259995532744,0.00688749465062872,1.0,3.0,2024-06-13 15:25:37+00:00,12533.573055555555,4.675,0.16164383561643836
2025-11-17 21:00:00+00:00,2026-01-16 00:00:00+00:00,AVGO,AVGO260116P00580000,put,True,580.0,2.05,7.6,6.5,342.6499938964844,1.0000000000000003e-05,0.0370259995532744,0.00688749465062872,1.0,4.0,2024-06-13 15:26:22+00:00,12533.560555555556,4.824999999999999,0.16164383561643836
2025-11-17 21:00:00+00:00,2026-01-16 00:00:00+00:00,AVGO,AVGO260116P00590000,put,True,590.0,2.15,7.8,6.5,342.6499938964844,1.0000000000000003e-05,0.0370259995532744,0.00688749465062872,1.0,8.0,2024-06-13 15:28:05+00:00,12533.531944444445,4.975,0.16164383561643836
2025-11-17 21:00:00+00:00,2026-01-16 00:00:00+00:00,AVGO,AVGO260116P00600000,put,True,600.0,2.25,5.1,5.35,342.6499938964844,1.0000000000000003e-05,0.0370259995532744,0.00688749465062872,2.0,148.0,2024-07-10 19:43:09+00:00,11881.280833333334,3.675,0.16164383561643836
2025-11-17 21:00:00+00:00,2026-01-16 00:00:00+00:00,AVGO,AVGO260116P00610000,put,True,610.0,2.35,8.2,7.5,342.6499938964844,1.0000000000000003e-05,0.0370259995532744,0.00688749465062872,1.0,9.0,2024-06-13 15:28:12+00:00,12533.53,5.2749999999999995,0.16164383561643836
2025-11-17 21:00:00+00:00,2026-01-16 00:00:00+00:00,AVGO,AVGO260116P00620000,put,True,620.0,2.45,8.5,6.0,342.6499938964844,1.0000000000000003e-05,0.0370259995532744,0.00688749465062872,1.0,15.0,2024-06-13 15:03:19+00:00,12533.944722222222,5.475,0.16164383561643836
2025-11-17 21:00:00+00:00,2026-01-16 00:00:00+00:00,AVGO,AVGO260116P00630000,put,True,630.0,2.6,8.8,6.7,342.6499938964844,1.0000000000000003e-05,0.0370259995532744,0.00688749465062872,1.0,9.0,2024-06-13 15:47:14+00:00,12533.212777777779,5.7,0.16164383561643836
2025-11-17 21:00:00+00:00,2026-01-16 00:00:00+00:00,AVGO,AVGO260116P00640000,put,True,640.0,2.7,9.0,6.4,342.6499938964844,1.0000000000000003e-05,0.0370259995532744,0.00688749465062872,1.0,21.0,2024-07-01 15:32:41+00:00,12101.455277777777,5.85,0.16164383561643836
2025-11-17 21:00:00+00:00,2026-01-16 00:00:00+00:00,AVGO,AVGO260116P00660000,put,True,660.0,3.0,9.7,6.9,342.6499938964844,1.0000000000000003e-05,0.0370259995532744,0.00688749465062872,2.0,32.0,2024-06-25 16:04:53+00:00,12244.91861111111,6.35,0.16164383561643836
2025-11-17 21:00:00+00:00,2026-01-16 00:00:00+00:00,AVGO,AVGO260116P00680000,put,True,680.0,3.3,11.0,6.8,342.6499938964844,1.0000000000000003e-05,0.0370259995532744,0.00688749465062872,1.0,24.0,2024-06-25 15:40:05+00:00,12245.331944444444,7.15,0.16164383561643836
2025-11-17 21:00:00+00:00,2026-01-16 00:00:00+00:00,AVGO,AVGO260116P00700000,put,True,700.0,3.6,12.0,10.1,342.6499938964844,1.0000000000000003e-05,0.0370259995532744,0.00688749465062872,1.0,59.0,2024-06-25 17:34:45+00:00,12243.420833333334,7.8,0.16164383561643836
2025-11-17 21:00:00+00:00,2026-01-16 00:00:00+00:00,AVGO,AVGO260116P00710000,put,True,710.0,4.1,12.0,9.5,342.6499938964844,1.0000000000000003e-05,0.0370259995532744,0.00688749465062872,1.0,102.0,2024-06-13 15:44:50+00:00,12533.252777777778,8.05,0.16164383561643836
2025-11-17 21:00:00+00:00,2026-01-16 00:00:00+00:00,AVGO,AVGO260116P00720000,put,True,720.0,6.2,13.0,16.0,342.6499938964844,1.0000000000000003e-05,0.0370259995532744,0.00688749465062872,1.0,20.0,2024-06-10 13:50:07+00:00,12607.164722222222,9.6,0.16164383561643836
2025-11-17 21:00:00+00:00,2026-01-16 00:00:00+00:00,AVGO,AVGO260116P00730000,put,True,730.0,4.1,13.0,10.5,342.6499938964844,1.0000000000000003e-05,0.0370259995532744,0.00688749465062872,1.0,6.0,2024-07-11 16:17:13+00:00,11860.713055555556,8.55,0.16164383561643836
2025-11-17 21:00:00+00:00,2026-01-16 00:00:00+00:00,AVGO,AVGO260116P00740000,put,True,740.0,5.1,12.7,9.2,342.6499938964844,1.0000000000000003e-05,0.0370259995532744,0.00688749465062872,1.0,3.0,2024-06-13 17:50:31+00:00,12531.158055555556,8.899999999999999,0.16164383561643836
2025-11-17 21:00:00+00:00,2026-01-16 00:00:00+00:00,AVGO,AVGO260116P00750000,put,True,750.0,5.5,14.0,10.0,342.6499938964844,1.0000000000000003e-05,0.0370259995532744,0.00688749465062872,5.0,60.0,2024-06-17 18:56:01+00:00,12434.066388888888,9.75,0.16164383561643836
2025-11-17 21:00:00+00:00,2026-01-16 00:00:00+00:00,AVGO,AVGO260116P00760000,put,True,760.0,5.0,15.0,19.61,342.6499938964844,1.0000000000000003e-05,0.0370259995532744,0.00688749465062872,1.0,31.0,2024-06-07 18:41:35+00:00,12674.306944444445,10.0,0.16164383561643836
2025-11-17 21:00:00+00:00,2026-01-16 00:00:00+00:00,AVGO,AVGO260116P00770000,put,True,770.0,6.5,15.0,10.0,342.6499938964844,1.0000000000000003e-05,0.0370259995532744,0.00688749465062872,1.0,30.0,2024-07-08 19:58:17+00:00,11929.02861111111,10.75,0.16164383561643836
2025-11-17 21:00:00+00:00,2026-01-16 00:00:00+00:00,AVGO,AVGO260116P00780000,put,True,780.0,7.0,14.9,10.0,342.6499938964844,1.0000000000000003e-05,0.0370259995532744,0.00688749465062872,1.0,37.0,2024-07-08 16:24:30+00:00,11932.591666666667,10.95,0.16164383561643836
2025-11-17 21:00:00+00:00,2026-01-16 00:00:00+00:00,AVGO,AVGO260116P00790000,put,True,790.0,7.5,16.0,11.0,342.6499938964844,1.0000000000000003e-05,0.0370259995532744,0.00688749465062872,1.0,39.0,2024-07-08 14:46:36+00:00,11934.223333333333,11.75,0.16164383561643836
2025-11-17 21:00:00+00:00,2026-01-16 00:00:00+00:00,AVGO,AVGO260116P00800000,put,True,800.0,10.7,16.0,12.5,342.6499938964844,1.0000000000000003e-05,0.0370259995532744,0.00688749465062872,1.0,99.0,2024-07-08 13:53:53+00:00,11935.101944444445,13.35,0.16164383561643836
2025-11-17 21:00:00+00:00,2026-01-16 00:00:00+00:00,AVGO,AVGO260116P00810000,put,True,810.0,8.6,17.0,20.9,342.6499938964844,1.0000000000000003e-05,0.0370259995532744,0.00688749465062872,4.0,53.0,2024-06-12 19:35:04+00:00,12553.415555555555,12.8,0.16164383561643836
2025-11-17 21:00:00+00:00,2026-01-16 00:00:00+00:00,AVGO,AVGO260116P00820000,put,True,820.0,9.2,17.0,15.0,342.6499938964844,1.0000000000000003e-05,0.0370259995532744,0.00688749465062872,1.0,32.0,2024-06-24 13:32:51+00:00,12271.4525,13.1,0.16164383561643836
2025-11-17 21:00:00+00:00,2026-01-16 00:00:00+00:00,AVGO,AVGO260116P00830000,put,True,830.0,9.9,18.0,23.8,342.6499938964844,1.0000000000000003e-05,0.0370259995532744,0.00688749465062872,3.0,27.0,2024-06-12 16:27:57+00:00,12556.534166666666,13.95,0.16164383561643836
2025-11-17 21:00:00+00:00,2026-01-16 00:00:00+00:00,AVGO,AVGO260116P00840000,put,True,840.0,10.0,19.0,26.05,342.6499938964844,1.0000000000000003e-05,0.0370259995532744,0.00688749465062872,2.0,51.0,2024-06-12 13:45:37+00:00,12559.239722222223,14.5,0.16164383561643836
2025-11-17 21:00:00+00:00,2026-01-16 00:00:00+00:00,AVGO,AVGO260116P00850000,put,True,850.0,11.2,19.0,16.0,342.6499938964844,1.0000000000000003e-05,0.0370259995532744,0.00688749465062872,1.0,196.0,2024-07-02 19:52:22+00:00,12073.127222222221,15.1,0.16164383561643836
2025-11-17 21:00:00+00:00,2026-01-16 00:00:00+00:00,AVGO,AVGO260116P00860000,put,True,860.0,11.9,20.0,17.0,342.6499938964844,1.0000000000000003e-05,0.0370259995532744,0.00688749465062872,4.0,16.0,2024-06-17 17:48:07+00:00,12435.198055555555,15.95,0.16164383561643836
2025-11-17 21:00:00+00:00,2026-01-16 00:00:00+00:00,AVGO,AVGO260116P00870000,put,True,870.0,12.6,21.0,18.0,342.6499938964844,1.0000000000000003e-05,0.0370259995532744,0.00688749465062872,1.0,35.0,2024-06-13 14:50:11+00:00,12534.163611111111,16.8,0.16164383561643836
2025-11-17 21:00:00+00:00,2026-01-16 00:00:00+00:00,AVGO,AVGO260116P00880000,put,True,880.0,12.0,22.0,19.0,342.6499938964844,1.0000000000000003e-05,0.0370259995532744,0.00688749465062872,4.0,22.0,2024-06-17 17:48:07+00:00,12435.198055555555,17.0,0.16164383561643836
2025-11-17 21:00:00+00:00,2026-01-16 00:00:00+00:00,AVGO,AVGO260116P00890000,put,True,890.0,14.2,22.0,21.5,342.6499938964844,1.0000000000000003e-05,0.0370259995532744,0.00688749465062872,4.0,5.0,2024-06-27 17:32:26+00:00,12195.459444444445,18.1,0.16164383561643836
2025-11-17 21:00:00+00:00,2026-01-16 00:00:00+00:00,AVGO,AVGO260116P00900000,put,True,900.0,15.1,23.0,21.0,342.6499938964844,1.0000000000000003e-05,0.0370259995532744,0.00688749465062872,1.0,111.0,2024-07-11 17:48:20+00:00,11859.194444444445,19.05,0.16164383561643836
2025-11-17 21:00:00+00:00,2026-01-16 00:00:00+00:00,AVGO,AVGO260116P00910000,put,True,910.0,14.0,24.0,23.0,342.6499938964844,1.0000000000000003e-05,0.0370259995532744,0.00688749465062872,1.0,40.0,2024-06-28 16:07:16+00:00,12172.878888888888,19.0,0.16164383561643836
2025-11-17 21:00:00+00:00,2026-01-16 00:00:00+00:00,AVGO,AVGO260116P00920000,put,True,920.0,15.0,25.0,20.84,342.6499938964844,1.0000000000000003e-05,0.0370259995532744,0.00688749465062872,1.0,20.0,2024-07-10 18:58:18+00:00,11882.028333333334,20.0,0.16164383561643836
2025-11-17 21:00:00+00:00,2026-01-16 00:00:00+00:00,AVGO,AVGO260116P00930000,put,True,930.0,16.0,26.0,23.0,342.6499938964844,1.0000000000000003e-05,0.0370259995532744,0.00688749465062872,1.0,23.0,2024-07-02 19:54:23+00:00,12073.093611111111,21.0,0.16164383561643836
2025-11-17 21:00:00+00:00,2026-01-16 00:00:00+00:00,AVGO,AVGO260116P00940000,put,True,940.0,17.0,27.0,25.05,342.6499938964844,1.0000000000000003e-05,0.0370259995532744,0.00688749465062872,8.0,13.0,2024-06-17 17:42:12+00:00,12435.296666666667,22.0,0.16164383561643836
2025-11-17 21:00:00+00:00,2026-01-16 00:00:00+00:00,AVGO,AVGO260116P00950000,put,True,950.0,18.7,28.0,24.8,342.6499938964844,1.0000000000000003e-05,0.0370259995532744,0.00688749465062872,1.0,29.0,2024-07-02 19:55:34+00:00,12073.073888888888,23.35,0.16164383561643836
2025-11-17 21:00:00+00:00,2026-01-16 00:00:00+00:00,AVGO,AVGO260116P00960000,put,True,960.0,21.2,29.0,25.1,342.6499938964844,1.0000000000000003e-05,0.0370259995532744,0.00688749465062872,5.0,25.0,2024-07-12 17:41:37+00:00,11835.306388888888,25.1,0.16164383561643836
2025-11-17 21:00:00+00:00,2026-01-16 00:00:00+00:00,AVGO,AVGO260116P00970000,put,True,970.0,22.1,29.5,25.4,342.6499938964844,1.0000000000000003e-05,0.0370259995532744,0.00688749465062872,1.0,104.0,2024-07-11 13:32:27+00:00,11863.459166666667,25.8,0.16164383561643836
2025-11-17 21:00:00+00:00,2026-01-16 00:00:00+00:00,AVGO,AVGO260116P00980000,put,True,980.0,22.1,31.0,31.05,342.6499938964844,1.0000000000000003e-05,0.0370259995532744,0.00688749465062872,3.0,35.0,2024-06-24 13:30:02+00:00,12271.499444444444,26.55,0.16164383561643836
2025-11-17 21:00:00+00:00,2026-01-16 00:00:00+00:00,AVGO,AVGO260116P00990000,put,True,990.0,25.3,33.0,54.0,342.6499938964844,1.0000000000000003e-05,0.0370259995532744,0.00688749465062872,1.0,13.0,2024-06-10 13:53:47+00:00,12607.103611111112,29.15,0.16164383561643836
2025-11-17 21:00:00+00:00,2026-01-16 00:00:00+00:00,AVGO,AVGO260116P01000000,put,True,1000.0,26.2,33.8,31.5,342.6499938964844,1.0000000000000003e-05,0.0370259995532744,0.00688749465062872,2.0,76.0,2024-07-11 16:46:33+00:00,11860.224166666667,30.0,0.16164383561643836
2025-11-17 21:00:00+00:00,2026-01-16 00:00:00+00:00,AVGO,AVGO260116P01010000,put,True,1010.0,25.9,35.0,31.63,342.6499938964844,1.0000000000000003e-05,0.0370259995532744,0.00688749465062872,1.0,24.0,2024-07-10 15:49:17+00:00,11885.17861111111,30.45,0.16164383561643836
2025-11-17 21:00:00+00:00,2026-01-16 00:00:00+00:00,AVGO,AVGO260116P01020000,put,True,1020.0,27.0,36.0,33.8,342.6499938964844,1.0000000000000003e-05,0.0370259995532744,0.00688749465062872,1.0,59.0,2024-06-14 19:28:59+00:00,12505.516944444444,31.5,0.16164383561643836
2025-11-17 21:00:00+00:00,2026-01-16 00:00:00+00:00,AVGO,AVGO260116P01030000,put,True,1030.0,65.4,71.0,84.8,342.6499938964844,1.0000000000000003e-05,0.0370259995532744,0.00688749465062872,1.0,46.0,2024-05-07 14:05:14+00:00,13422.912777777778,68.2,0.16164383561643836
2025-11-17 21:00:00+00:00,2026-01-16 00:00:00+00:00,AVGO,AVGO260116P01040000,put,True,1040.0,30.0,39.0,37.37,342.6499938964844,1.0000000000000003e-05,0.0370259995532744,0.00688749465062872,30.0,34.0,2024-06-14 17:09:25+00:00,12507.843055555555,34.5,0.16164383561643836
2025-11-17 21:00:00+00:00,2026-01-16 00:00:00+00:00,AVGO,AVGO260116P01050000,put,True,1050.0,31.0,41.0,31.1,342.6499938964844,1.0000000000000003e-05,0.0370259995532744,0.00688749465062872,2.0,73.0,2024-06-17 14:44:50+00:00,12438.252777777778,36.0,0.16164383561643836
2025-11-17 21:00:00+00:00,2026-01-16 00:00:00+00:00,AVGO,AVGO260116P01060000,put,True,1060.0,33.0,42.0,41.55,342.6499938964844,1.0000000000000003e-05,0.0370259995532744,0.00688749465062872,15.0,19.0,2024-06-14 14:47:02+00:00,12510.21611111111,37.5,0.16164383561643836
2025-11-17 21:00:00+00:00,2026-01-16 00:00:00+00:00,AVGO,AVGO260116P01070000,put,True,1070.0,34.0,44.0,42.97,342.6499938964844,1.0000000000000003e-05,0.0370259995532744,0.00688749465062872,10.0,18.0,2024-06-14 14:51:55+00:00,12510.134722222223,39.0,0.16164383561643836
2025-11-17 21:00:00+00:00,2026-01-16 00:00:00+00:00,AVGO,AVGO260116P01080000,put,True,1080.0,37.4,46.0,42.85,342.6499938964844,1.0000000000000003e-05,0.0370259995532744,0.00688749465062872,20.0,20.0,2024-06-14 14:12:24+00:00,12510.793333333333,41.7,0.16164383561643836
2025-11-17 21:00:00+00:00,2026-01-16 00:00:00+00:00,AVGO,AVGO260116P01090000,put,True,1090.0,39.3,47.0,42.75,342.6499938964844,1.0000000000000003e-05,0.0370259995532744,0.00688749465062872,3.0,28.0,2024-07-12 19:50:41+00:00,11833.155277777778,43.15,0.16164383561643836
2025-11-17 21:00:00+00:00,2026-01-16 00:00:00+00:00,AVGO,AVGO260116P01100000,put,True,1100.0,41.1,48.9,45.0,342.6499938964844,1.0000000000000003e-05,0.0370259995532744,0.00688749465062872,1.0,38.0,2024-07-10 13:32:20+00:00,11887.461111111112,45.0,0.16164383561643836
2025-11-17 21:00:00+00:00,2026-01-16 00:00:00+00:00,AVGO,AVGO260116P01110000,put,True,1110.0,41.0,51.0,47.0,342.6499938964844,1.0000000000000003e-05,0.0370259995532744,0.00688749465062872,2.0,48.0,2024-06-18 16:25:48+00:00,12412.57,46.0,0.16164383561643836
2025-11-17 21:00:00+00:00,2026-01-16 00:00:00+00:00,AVGO,AVGO260116P01120000,put,True,1120.0,43.0,53.0,61.65,342.6499938964844,1.0000000000000003e-05,0.0370259995532744,0.00688749465062872,10.0,49.0,2024-06-26 15:11:39+00:00,12221.805833333334,48.0,0.16164383561643836
2025-11-17 21:00:00+00:00,2026-01-16 00:00:00+00:00,AVGO,AVGO260116P01130000,put,True,1130.0,47.2,57.0,94.44,342.6499938964844,1.0000000000000003e-05,0.0370259995532744,0.00688749465062872,7.0,39.0,2024-06-07 15:11:56+00:00,12677.801111111112,52.1,0.16164383561643836
2025-11-17 21:00:00+00:00,2026-01-16 00:00:00+00:00,AVGO,AVGO260116P01140000,put,True,1140.0,47.0,57.0,67.8,342.6499938964844,1.0000000000000003e-05,0.0370259995532744,0.00688749465062872,1.0,54.0,2024-06-26 18:56:46+00:00,12218.05388888889,52.0,0.16164383561643836
2025-11-17 21:00:00+00:00,2026-01-16 00:00:00+00:00,AVGO,AVGO260116P01150000,put,True,1150.0,49.0,59.0,55.3,342.6499938964844,1.0000000000000003e-05,0.0370259995532744,0.00688749465062872,3.0,171.0,2024-07-05 18:30:31+00:00,12002.49138888889,54.0,0.16164383561643836
2025-11-17 21:00:00+00:00,2026-01-16 00:00:00+00:00,AVGO,AVGO260116P01160000,put,True,1160.0,51.0,61.0,58.5,342.6499938964844,1.0000000000000003e-05,0.0370259995532744,0.00688749465062872,5.0,16.0,2024-06-14 16:15:31+00:00,12508.74138888889,56.0,0.16164383561643836
2025-11-17 21:00:00+00:00,2026-01-16 00:00:00+00:00,AVGO,AVGO260116P01170000,put,True,1170.0,54.0,63.0,113.0,342.6499938964844,1.0000000000000003e-05,0.0370259995532744,0.00688749465062872,2.0,36.0,2024-05-17 19:18:42+00:00,13177.688333333334,58.5,0.16164383561643836
2025-11-17 21:00:00+00:00,2026-01-16 00:00:00+00:00,AVGO,AVGO260116P01180000,put,True,1180.0,57.0,64.7,61.5,342.6499938964844,1.0000000000000003e-05,0.0370259995532744,0.00688749465062872,1.0,11.0,2024-07-12 14:57:28+00:00,11838.042222222222,60.85,0.16164383561643836
2025-11-17 21:00:00+00:00,2026-01-16 00:00:00+00:00,AVGO,AVGO260116P01190000,put,True,1190.0,59.2,66.9,63.0,342.6499938964844,1.0000000000000003e-05,0.0370259995532744,0.00688749465062872,3.0,28.0,2024-06-14 19:33:56+00:00,12505.434444444445,63.050000000000004,0.16164383561643836
2025-11-17 21:00:00+00:00,2026-01-16 00:00:00+00:00,AVGO,AVGO260116P01200000,put,True,1200.0,61.1,69.1,66.0,342.6499938964844,1.0000000000000003e-05,0.0370259995532744,0.00688749465062872,1.0,141.0,2024-07-12 14:40:55+00:00,11838.318055555555,65.1,0.16164383561643836
2025-11-17 21:00:00+00:00,2026-01-16 00:00:00+00:00,AVGO,AVGO260116P01210000,put,True,1210.0,63.1,72.0,82.0,342.6499938964844,1.0000000000000003e-05,0.0370259995532744,0.00688749465062872,51.0,133.0,2024-06-24 18:18:18+00:00,12266.695,67.55,0.16164383561643836
2025-11-17 21:00:00+00:00,2026-01-16 00:00:00+00:00,AVGO,AVGO260116P01220000,put,True,1220.0,65.0,74.0,69.87,342.6499938964844,1.0000000000000003e-05,0.0370259995532744,0.00688749465062872,20.0,70.0,2024-06-14 14:05:14+00:00,12510.912777777778,69.5,0.16164383561643836
2025-11-17 21:00:00+00:00,2026-01-16 00:00:00+00:00,AVGO,AVGO260116P01240000,put,True,1240.0,70.4,79.0,92.8,342.6499938964844,1.0000000000000003e-05,0.0370259995532744,0.00688749465062872,1.0,101.0,2024-06-25 17:09:34+00:00,12243.840555555556,74.7,0.16164383561643836
2025-11-17 21:00:00+00:00,2026-01-16 00:00:00+00:00,AVGO,AVGO260116P01260000,put,True,1260.0,75.8,84.4,83.1,342.6499938964844,1.0000000000000003e-05,0.0370259995532744,0.00688749465062872,30.0,52.0,2024-06-14 14:38:35+00:00,12510.356944444444,80.1,0.16164383561643836
2025-11-17 21:00:00+00:00,2026-01-16 00:00:00+00:00,AVGO,AVGO260116P01280000,put,True,1280.0,81.3,89.7,90.8,342.6499938964844,1.0000000000000003e-05,0.0370259995532744,0.00688749465062872,1.0,32.0,2024-07-11 16:50:18+00:00,11860.161666666667,85.5,0.16164383561643836
2025-11-17 21:00:00+00:00,2026-01-16 00:00:00+00:00,AVGO,AVGO260116P01300000,put,True,1300.0,86.5,95.5,93.4,342.6499938964844,1.0000000000000003e-05,0.0370259995532744,0.00688749465062872,4.0,51.0,2024-07-11 19:14:58+00:00,11857.750555555556,91.0,0.16164383561643836
2025-11-17 21:00:00+00:00,2026-01-16 00:00:00+00:00,AVGO,AVGO260116P01320000,put,True,1320.0,93.0,102.0,108.0,342.6499938964844,1.0000000000000003e-05,0.0370259995532744,0.00688749465062872,1.0,12.0,2024-07-02 13:55:22+00:00,12079.077222222222,97.5,0.16164383561643836
2025-11-17 21:00:00+00:00,2026-01-16 00:00:00+00:00,AVGO,AVGO260116P01340000,put,True,1340.0,99.0,108.0,107.0,342.6499938964844,1.0000000000000003e-05,0.0370259995532744,0.00688749465062872,9.0,287.0,2024-07-11 19:27:43+00:00,11857.538055555555,103.5,0.16164383561643836
2025-11-17 21:00:00+00:00,2026-01-16 00:00:00+00:00,AVGO,AVGO260116P01360000,put,True,1360.0,102.0,117.0,105.0,342.6499938964844,1.0000000000000003e-05,0.0370259995532744,0.00688749465062872,1.0,21.0,2024-07-08 18:30:51+00:00,11930.485833333334,109.5,0.16164383561643836
2025-11-17 21:00:00+00:00,2026-01-16 00:00:00+00:00,AVGO,AVGO260116P01380000,put,True,1380.0,110.6,121.6,112.5,342.6499938964844,1.0000000000000003e-05,0.0370259995532744,0.00688749465062872,22.0,23.0,2024-07-03 15:03:43+00:00,12053.938055555556,116.1,0.16164383561643836
2025-11-17 21:00:00+00:00,2026-01-16 00:00:00+00:00,AVGO,AVGO260116P01400000,put,True,1400.0,116.0,130.5,125.98,342.6499938964844,1.0000000000000003e-05,0.0370259995532744,0.00688749465062872,2.0,353.0,2024-07-09 17:49:28+00:00,11907.175555555556,123.25,0.16164383561643836
2025-11-17 21:00:00+00:00,2026-01-16 00:00:00+00:00,AVGO,AVGO260116P01420000,put,True,1420.0,124.8,135.4,136.9,342.6499938964844,1.0000000000000003e-05,0.0370259995532744,0.00688749465062872,2.0,11.0,2024-06-21 13:50:27+00:00,12343.159166666666,130.1,0.16164383561643836
2025-11-17 21:00:00+00:00,2026-01-16 00:00:00+00:00,AVGO,AVGO260116P01440000,put,True,1440.0,131.1,145.1,133.38,342.6499938964844,1.0000000000000003e-05,0.0370259995532744,0.00688749465062872,63.0,316.0,2024-07-08 18:40:36+00:00,11930.323333333334,138.1,0.16164383561643836
2025-11-17 21:00:00+00:00,2026-01-16 00:00:00+00:00,AVGO,AVGO260116P01460000,put,True,1460.0,139.3,150.5,150.9,342.6499938964844,1.0000000000000003e-05,0.0370259995532744,0.00688749465062872,2.0,3.0,2024-07-11 16:24:54+00:00,11860.585,144.9,0.16164383561643836
2025-11-17 21:00:00+00:00,2026-01-16 00:00:00+00:00,AVGO,AVGO260116P01480000,put,True,1480.0,147.1,158.9,148.1,342.6499938964844,1.0000000000000003e-05,0.0370259995532744,0.00688749465062872,14.0,26.0,2024-07-09 15:59:20+00:00,11909.011111111111,153.0,0.16164383561643836
2025-11-17 21:00:00+00:00,2026-01-16 00:00:00+00:00,AVGO,AVGO260116P01500000,put,True,1500.0,154.7,166.2,157.0,342.6499938964844,1.0000000000000003e-05,0.0370259995532744,0.00688749465062872,2.0,120.0,2024-07-10 15:12:06+00:00,11885.798333333334,160.45,0.16164383561643836
2025-11-17 21:00:00+00:00,2026-01-16 00:00:00+00:00,AVGO,AVGO260116P01520000,put,True,1520.0,162.6,175.0,160.0,342.6499938964844,1.0000000000000003e-05,0.0370259995532744,0.00688749465062872,4.0,7.0,2024-06-18 16:37:45+00:00,12412.370833333332,168.8,0.16164383561643836
2025-11-17 21:00:00+00:00,2026-01-16 00:00:00+00:00,AVGO,AVGO260116P01540000,put,True,1540.0,165.1,176.2,269.0,342.6499938964844,1.0000000000000003e-05,0.0370259995532744,0.00688749465062872,2.0,1.0,2024-06-10 16:14:07+00:00,12604.764722222222,170.64999999999998,0.16164383561643836
2025-11-17 21:00:00+00:00,2026-01-16 00:00:00+00:00,AVGO,AVGO260116P01560000,put,True,1560.0,180.2,193.7,185.9,342.6499938964844,1.0000000000000003e-05,0.0370259995532744,0.00688749465062872,6.0,8.0,2024-06-20 14:12:32+00:00,12366.791111111112,186.95,0.16164383561643836
2025-11-17 21:00:00+00:00,2026-01-16 00:00:00+00:00,AVGO,AVGO260116P01580000,put,True,1580.0,189.1,202.4,201.0,342.6499938964844,1.0000000000000003e-05,0.0370259995532744,0.00688749465062872,20.0,34.0,2024-07-11 14:19:53+00:00,11862.66861111111,195.75,0.16164383561643836
2025-11-17 21:00:00+00:00,2026-01-16 00:00:00+00:00,AVGO,AVGO260116P01600000,put,True,1600.0,198.0,211.8,210.9,342.6499938964844,1.0000000000000003e-05,0.0370259995532744,0.00688749465062872,8.0,35.0,2024-07-11 16:24:17+00:00,11860.595277777778,204.9,0.16164383561643836
2025-11-17 21:00:00+00:00,2026-01-16 00:00:00+00:00,AVGO,AVGO260116P01620000,put,True,1620.0,206.1,222.0,251.8,342.6499938964844,1.0000000000000003e-05,0.0370259995532744,0.00688749465062872,,0.0,2024-06-25 18:02:07+00:00,12242.964722222223,214.05,0.16164383561643836
2025-11-17 21:00:00+00:00,2026-01-16 00:00:00+00:00,AVGO,AVGO260116P01640000,put,True,1640.0,216.0,232.0,228.9,342.6499938964844,1.0000000000000003e-05,0.0370259995532744,0.00688749465062872,1.0,1.0,2024-07-12 13:38:09+00:00,11839.364166666666,224.0,0.16164383561643836
2025-11-17 21:00:00+00:00,2026-01-16 00:00:00+00:00,AVGO,AVGO260116P01660000,put,True,1660.0,226.1,242.0,229.9,342.6499938964844,1.0000000000000003e-05,0.0370259995532744,0.00688749465062872,4.0,2.0,2024-06-13 17:51:48+00:00,12531.136666666667,234.05,0.16164383561643836
2025-11-17 21:00:00+00:00,2026-01-16 00:00:00+00:00,AVGO,AVGO260116P01680000,put,True,1680.0,236.0,251.5,241.8,342.6499938964844,1.0000000000000003e-05,0.0370259995532744,0.00688749465062872,1.0,2.0,2024-07-12 19:40:04+00:00,11833.332222222221,243.75,0.16164383561643836
2025-11-17 21:00:00+00:00,2026-01-16 00:00:00+00:00,AVGO,AVGO260116P01700000,put,True,1700.0,246.6,262.0,235.0,342.6499938964844,1.0000000000000003e-05,0.0370259995532744,0.00688749465062872,1.0,9.0,2024-07-10 19:40:28+00:00,11881.325555555555,254.3,0.16164383561643836
2025-11-17 21:00:00+00:00,2026-01-16 00:00:00+00:00,AVGO,AVGO260116P01720000,put,True,1720.0,256.4,272.5,263.8,342.6499938964844,1.0000000000000003e-05,0.0370259995532744,0.00688749465062872,5.0,34.0,2024-07-09 17:14:42+00:00,11907.755,264.45,0.16164383561643836
2025-11-17 21:00:00+00:00,2026-01-16 00:00:00+00:00,AVGO,AVGO260116P01740000,put,True,1740.0,268.3,282.9,261.0,342.6499938964844,1.0000000000000003e-05,0.0370259995532744,0.00688749465062872,10.0,35.0,2024-07-10 17:27:02+00:00,11883.549444444445,275.6,0.16164383561643836
2025-11-17 21:00:00+00:00,2026-01-16 00:00:00+00:00,AVGO,AVGO260116P01760000,put,True,1760.0,278.2,294.3,280.8,342.6499938964844,1.0000000000000003e-05,0.0370259995532744,0.00688749465062872,,13.0,2024-06-20 18:44:31+00:00,12362.258055555556,286.25,0.16164383561643836
2025-11-17 21:00:00+00:00,2026-01-16 00:00:00+00:00,AVGO,AVGO260116P01780000,put,True,1780.0,290.4,305.1,282.0,342.6499938964844,1.0000000000000003e-05,0.0370259995532744,0.00688749465062872,1.0,5.0,2024-06-14 18:32:28+00:00,12506.458888888888,297.75,0.16164383561643836
2025-11-17 21:00:00+00:00,2026-01-16 00:00:00+00:00,AVGO,AVGO260116P01800000,put,True,1800.0,300.0,317.8,291.9,342.6499938964844,1.0000000000000003e-05,0.0370259995532744,0.00688749465062872,2.0,7.0,2024-06-18 16:16:13+00:00,12412.729722222222,308.9,0.16164383561643836
2025-11-17 21:00:00+00:00,2026-01-16 00:00:00+00:00,AVGO,AVGO260116P01820000,put,True,1820.0,312.0,329.9,301.6,342.6499938964844,1.0000000000000003e-05,0.0370259995532744,0.00688749465062872,1.0,13.0,2024-06-18 16:16:13+00:00,12412.729722222222,320.95,0.16164383561643836
2025-11-17 21:00:00+00:00,2026-01-16 00:00:00+00:00,AVGO,AVGO260116P01840000,put,True,1840.0,324.1,341.9,315.9,342.6499938964844,1.0000000000000003e-05,0.0370259995532744,0.00688749465062872,4.0,5.0,2024-06-18 13:42:06+00:00,12415.298333333334,333.0,0.16164383561643836
2025-11-17 21:00:00+00:00,2026-01-16 00:00:00+00:00,AVGO,AVGO260116P01860000,put,True,1860.0,336.0,354.0,340.6,342.6499938964844,1.0000000000000003e-05,0.0370259995532744,0.00688749465062872,,3.0,2024-06-20 19:12:17+00:00,12361.795277777777,345.0,0.16164383561643836
2025-11-17 21:00:00+00:00,2026-01-16 00:00:00+00:00,AVGO,AVGO260116P01900000,put,True,1900.0,362.0,377.8,368.03,342.6499938964844,1.0000000000000003e-05,0.0370259995532744,0.00688749465062872,1.0,3.0,2024-07-12 16:41:30+00:00,11836.308333333332,369.9,0.16164383561643836
2025-11-17 21:00:00+00:00,2026-01-16 00:00:00+00:00,AVGO,AVGO260116P01920000,put,True,1920.0,374.0,390.0,361.5,342.6499938964844,1.0000000000000003e-05,0.0370259995532744,0.00688749465062872,2.0,10.0,2024-07-10 13:54:37+00:00,11887.089722222223,382.0,0.16164383561643836
2025-11-17 21:00:00+00:00,2026-01-16 00:00:00+00:00,AVGO,AVGO260116P01960000,put,True,1960.0,402.0,416.0,389.8,342.6499938964844,1.0000000000000003e-05,0.0370259995532744,0.00688749465062872,,3.0,2024-06-18 19:48:17+00:00,12409.195277777777,409.0,0.16164383561643836
2025-11-17 21:00:00+00:00,2026-01-16 00:00:00+00:00,AVGO,AVGO260116P02000000,put,True,2000.0,428.0,443.7,508.0,342.6499938964844,1.0000000000000003e-05,0.0370259995532744,0.00688749465062872,1.0,27.0,2024-06-25 14:38:04+00:00,12246.365555555556,435.85,0.16164383561643836
2025-11-17 21:00:00+00:00,2026-01-16 00:00:00+00:00,AVGO,AVGO260116P02050000,put,True,2050.0,462.0,478.0,446.9,342.6499938964844,1.0000000000000003e-05,0.0370259995532744,0.00688749465062872,,1.0,2024-06-18 14:21:50+00:00,12414.636111111111,470.0,0.16164383561643836
2025-11-17 21:00:00+00:00,2026-01-16 00:00:00+00:00,AVGO,AVGO260116P02100000,put,True,2100.0,498.0,513.8,509.1,342.6499938964844,1.0000000000000003e-05,0.0370259995532744,0.00688749465062872,2.0,2.0,2024-07-09 19:11:20+00:00,11905.81111111111,505.9,0.16164383561643836
2025-11-17 21:00:00+00:00,2026-01-16 00:00:00+00:00,AVGO,AVGO260116P02150000,put,True,2150.0,536.0,551.4,503.9,342.6499938964844,1.0000000000000003e-05,0.0370259995532744,0.00688749465062872,,3.0,2024-06-18 16:25:53+00:00,12412.568611111112,543.7,0.16164383561643836
2025-11-17 21:00:00+00:00,2026-01-16 00:00:00+00:00,AVGO,AVGO260116P02250000,put,True,2250.0,612.0,627.8,591.2,342.6499938964844,1.0000000000000003e-05,0.0370259995532744,0.00688749465062872,,5.0,2024-06-20 13:59:09+00:00,12367.014166666666,619.9,0.16164383561643836
2025-11-17 21:00:00+00:00,2026-01-16 00:00:00+00:00,AVGO,AVGO260116P02300000,put,True,2300.0,652.0,667.9,660.6,342.6499938964844,1.0000000000000003e-05,0.0370259995532744,0.00688749465062872,2.0,1.0,2024-07-09 19:11:20+00:00,11905.81111111111,659.95,0.16164383561643836
2025-11-17 21:00:00+00:00,2026-01-16 00:00:00+00:00,AVGO,AVGO260116P02400000,put,True,2400.0,736.2,750.0,668.0,342.6499938964844,1.0000000000000003e-05,0.0370259995532744,0.00688749465062872,,2.0,2024-06-17 14:06:00+00:00,12438.9,743.1,0.16164383561643836
2025-11-17 21:00:00+00:00,2026-01-16 00:00:00+00:00,AVGO,AVGO260116P02450000,put,True,2450.0,778.0,794.0,725.43,342.6499938964844,1.0000000000000003e-05,0.0370259995532744,0.00688749465062872,,1.0,2024-06-18 17:17:04+00:00,12411.715555555556,786.0,0.16164383561643836
2025-11-17 21:00:00+00:00,2026-01-16 00:00:00+00:00,AVGO,AVGO260116P02500000,put,True,2500.0,822.0,836.0,922.99,342.6499938964844,1.0000000000000003e-05,0.0370259995532744,0.00688749465062872,2.0,2.0,2024-06-26 16:42:31+00:00,12220.291388888889,829.0,0.16164383561643836
2025-11-17 21:00:00+00:00,2026-01-16 00:00:00+00:00,AVGO,AVGO260116P02600000,put,True,2600.0,908.0,926.0,846.57,342.6499938964844,1.0000000000000003e-05,0.0370259995532744,0.00688749465062872,,3.0,2024-06-18 17:17:04+00:00,12411.715555555556,917.0,0.16164383561643836
2025-11-17 21:00:00+00:00,2026-01-16 00:00:00+00:00,AVGO,AVGO260116P02650000,put,True,2650.0,956.0,972.0,934.9,342.6499938964844,1.0000000000000003e-05,0.0370259995532744,0.00688749465062872,,0.0,2024-06-20 14:19:31+00:00,12366.674722222222,964.0,0.16164383561643836
2025-11-17 21:00:00+00:00,2026-01-16 00:00:00+00:00,AVGO,AVGO260116P02750000,put,True,2750.0,1046.0,1066.0,1023.2,342.6499938964844,1.0000000000000003e-05,0.0370259995532744,0.00688749465062872,,0.0,2024-06-20 14:19:31+00:00,12366.674722222222,1056.0,0.16164383561643836
2025-11-17 21:00:00+00:00,2026-02-20 00:00:00+00:00,AVGO,AVGO260220C00070000,call,True,70.0,271.15,274.6,313.93,342.6499938964844,1.2695349023437497,0.0370259995532744,0.00688749465062872,2.0,11.0,2025-10-29 19:27:43+00:00,457.53805555555556,272.875,0.25753424657534246
2025-11-17 21:00:00+00:00,2026-02-20 00:00:00+00:00,AVGO,AVGO260220C00075000,call,True,75.0,266.2,269.65,277.75,342.6499938964844,1.2451209619140622,0.0370259995532744,0.00688749465062872,1.0,0.0,2025-11-07 14:34:45+00:00,246.42083333333332,267.92499999999995,0.25753424657534246
2025-11-17 21:00:00+00:00,2026-02-20 00:00:00+00:00,AVGO,AVGO260220C00080000,call,True,80.0,254.35,256.9,217.5,342.6499938964844,1.0000000000000003e-05,0.0370259995532744,0.00688749465062872,10.0,10.0,2025-08-29 19:36:00+00:00,1921.4,255.625,0.25753424657534246
2025-11-17 21:00:00+00:00,2026-02-20 00:00:00+00:00,AVGO,AVGO260220C00085000,call,True,85.0,249.3,252.15,212.6,342.6499938964844,1.0000000000000003e-05,0.0370259995532744,0.00688749465062872,5.0,20.0,2025-08-29 19:35:42+00:00,1921.405,250.72500000000002,0.25753424657534246
2025-11-17 21:00:00+00:00,2026-02-20 00:00:00+00:00,AVGO,AVGO260220C00090000,call,True,90.0,157.5,161.0,115.77,342.6499938964844,1.0000000000000003e-05,0.0370259995532744,0.00688749465062872,5.0,1.0,2025-05-07 16:40:03+00:00,4660.3325,159.25,0.25753424657534246
2025-11-17 21:00:00+00:00,2026-02-20 00:00:00+00:00,AVGO,AVGO260220C00095000,call,True,95.0,246.5,249.95,247.22,342.6499938964844,1.1660197949218751,0.0370259995532744,0.00688749465062872,1.0,11.0,2025-10-17 15:36:46+00:00,749.3872222222222,248.225,0.25753424657534246
2025-11-17 21:00:00+00:00,2026-02-20 00:00:00+00:00,AVGO,AVGO260220C00100000,call,True,100.0,241.45,244.6,261.0,342.6499938964844,1.0571336206054687,0.0370259995532744,0.00688749465062872,1.0,29.0,2025-10-15 15:02:38+00:00,797.9561111111111,243.02499999999998,0.25753424657534246
2025-11-17 21:00:00+00:00,2026-02-20 00:00:00+00:00,AVGO,AVGO260220C00105000,call,True,105.0,230.8,231.95,193.15,342.6499938964844,1.0000000000000003e-05,0.0370259995532744,0.00688749465062872,5.0,5.0,2025-08-29 19:35:53+00:00,1921.4019444444446,231.375,0.25753424657534246
2025-11-17 21:00:00+00:00,2026-02-20 00:00:00+00:00,AVGO,AVGO260220C00110000,call,True,110.0,103.1,104.45,82.17,342.6499938964844,1.0000000000000003e-05,0.0370259995532744,0.00688749465062872,3.0,4.0,2025-04-09 18:28:00+00:00,5330.533333333334,103.775,0.25753424657534246
2025-11-17 21:00:00+00:00,2026-02-20 00:00:00+00:00,AVGO,AVGO260220C00115000,call,True,115.0,117.95,119.85,77.58,342.6499938964844,1.0000000000000003e-05,0.0370259995532744,0.00688749465062872,20.0,89.0,2025-04-24 15:02:10+00:00,4973.9638888888885,118.9,0.25753424657534246
2025-11-17 21:00:00+00:00,2026-02-20 00:00:00+00:00,AVGO,AVGO260220C00120000,call,True,120.0,205.35,208.5,233.0,342.6499938964844,1.0000000000000003e-05,0.0370259995532744,0.00688749465062872,3.0,21.0,2025-09-08 14:03:04+00:00,1686.9488888888889,206.925,0.25753424657534246
2025-11-17 21:00:00+00:00,2026-02-20 00:00:00+00:00,AVGO,AVGO260220C00125000,call,True,125.0,135.3,136.8,111.5,342.6499938964844,1.0000000000000003e-05,0.0370259995532744,0.00688749465062872,1.0,27.0,2025-05-13 14:58:10+00:00,4518.030555555555,136.05,0.25753424657534246
2025-11-17 21:00:00+00:00,2026-02-20 00:00:00+00:00,AVGO,AVGO260220C00130000,call,True,130.0,104.8,106.5,65.7,342.6499938964844,1.0000000000000003e-05,0.0370259995532744,0.00688749465062872,3.0,22.0,2025-04-24 15:35:31+00:00,4973.408055555556,105.65,0.25753424657534246
2025-11-17 21:00:00+00:00,2026-02-20 00:00:00+00:00,AVGO,AVGO260220C00135000,call,True,135.0,0.0,0.0,232.88,342.6499938964844,1.0000000000000003e-05,0.0370259995532744,0.00688749465062872,2.0,0.0,2025-09-15 19:22:32+00:00,1513.6244444444444,0.0,0.25753424657534246
2025-11-17 21:00:00+00:00,2026-02-20 00:00:00+00:00,AVGO,AVGO260220C00140000,call,True,140.0,0.0,0.0,171.28,342.6499938964844,1.0000000000000003e-05,0.0370259995532744,0.00688749465062872,2.0,27.0,2025-08-12 15:36:08+00:00,2333.3977777777777,0.0,0.25753424657534246
2025-11-17 21:00:00+00:00,2026-02-20 00:00:00+00:00,AVGO,AVGO260220C00145000,call,True,145.0,197.7,200.45,226.65,342.6499938964844,0.928711650390625,0.0370259995532744,0.00688749465062872,2.0,19.0,2025-10-31 16:21:27+00:00,412.6425,199.075,0.25753424657534246
2025-11-17 21:00:00+00:00,2026-02-20 00:00:00+00:00,AVGO,AVGO260220C00150000,call,True,150.0,0.0,0.0,151.8,342.6499938964844,1.0000000000000003e-05,0.0370259995532744,0.00688749465062872,1.0,268.0,2025-07-29 13:30:00+00:00,2671.5,0.0,0.25753424657534246
2025-11-17 21:00:00+00:00,2026-02-20 00:00:00+00:00,AVGO,AVGO260220C00155000,call,True,155.0,187.5,190.9,192.35,342.6499938964844,0.8771984936523438,0.0370259995532744,0.00688749465062872,1.0,26.0,2025-09-19 19:50:04+00:00,1417.1655555555556,189.2,0.25753424657534246
2025-11-17 21:00:00+00:00,2026-02-20 00:00:00+00:00,AVGO,AVGO260220C00160000,call,True,160.0,183.15,185.8,188.11,342.6499938964844,0.8724377990722656,0.0370259995532744,0.00688749465062872,3.0,406.0,2025-11-17 15:38:50+00:00,5.352777777777778,184.47500000000002,0.25753424657534246
2025-11-17 21:00:00+00:00,2026-02-20 00:00:00+00:00,AVGO,AVGO260220C00165000,call,True,165.0,177.75,181.2,186.02,342.6499938964844,0.8410660424804688,0.0370259995532744,0.00688749465062872,1.0,47.0,2025-10-14 18:16:54+00:00,818.7183333333334,179.475,0.25753424657534246
2025-11-17 21:00:00+00:00,2026-02-20 00:00:00+00:00,AVGO,AVGO260220C00170000,call,True,170.0,173.0,175.85,171.28,342.6499938964844,0.8063984204101562,0.0370259995532744,0.00688749465062872,2.0,296.0,2025-10-10 15:55:00+00:00,917.0833333333334,174.425,0.25753424657534246
2025-11-17 21:00:00+00:00,2026-02-20 00:00:00+00:00,AVGO,AVGO260220C00175000,call,True,175.0,168.65,171.2,191.6,342.6499938964844,0.8171405004882811,0.0370259995532744,0.00688749465062872,1.0,65.0,2025-11-04 16:00:56+00:00,316.9844444444444,169.925,0.25753424657534246
2025-11-17 21:00:00+00:00,2026-02-20 00:00:00+00:00,AVGO,AVGO260220C00180000,call,True,180.0,163.3,166.35,161.15,342.6499938964844,0.7800314965820312,0.0370259995532744,0.00688749465062872,1.0,306.0,2025-11-13 18:14:30+00:00,98.75833333333334,164.825,0.25753424657534246
2025-11-17 21:00:00+00:00,2026-02-20 00:00:00+00:00,AVGO,AVGO260220C00185000,call,True,185.0,158.4,161.55,160.71,342.6499938964844,0.7619652709960938,0.0370259995532744,0.00688749465062872,5.0,387.0,2025-11-13 15:05:48+00:00,101.90333333333334,159.97500000000002,0.25753424657534246
2025-11-17 21:00:00+00:00,2026-02-20 00:00:00+00:00,AVGO,AVGO260220C00190000,call,True,190.0,154.15,156.55,154.42,342.6499938964844,0.7580590600585939,0.0370259995532744,0.00688749465062872,4.0,177.0,2025-11-14 18:43:33+00:00,74.27416666666667,155.35000000000002,0.25753424657534246
2025-11-17 21:00:00+00:00,2026-02-20 00:00:00+00:00,AVGO,AVGO260220C00195000,call,True,195.0,149.4,151.75,138.35,342.6499938964844,0.743044561767578,0.0370259995532744,0.00688749465062872,1.0,254.0,2025-11-14 14:32:25+00:00,78.45972222222223,150.575,0.25753424657534246
2025-11-17 21:00:00+00:00,2026-02-20 00:00:00+00:00,AVGO,AVGO260220C00200000,call,True,200.0,144.6,147.0,147.01,342.6499938964844,0.727541787109375,0.0370259995532744,0.00688749465062872,2.0,651.0,2025-11-14 17:04:46+00:00,75.92055555555555,145.8,0.25753424657534246
2025-11-17 21:00:00+00:00,2026-02-20 00:00:00+00:00,AVGO,AVGO260220C00210000,call,True,210.0,135.15,137.45,151.0,342.6499938964844,0.6972686523437501,0.0370259995532744,0.00688749465062872,2.0,429.0,2025-11-10 14:38:17+00:00,174.36194444444445,136.3,0.25753424657534246
2025-11-17 21:00:00+00:00,2026-02-20 00:00:00+00:00,AVGO,AVGO260220C00220000,call,True,220.0,125.7,128.1,124.29,342.6499938964844,0.6691927612304689,0.0370259995532744,0.00688749465062872,1.0,625.0,2025-11-07 17:04:41+00:00,243.92194444444445,126.9,0.25753424657534246
2025-11-17 21:00:00+00:00,2026-02-20 00:00:00+00:00,AVGO,AVGO260220C00230000,call,True,230.0,116.2,118.75,110.58,342.6499938964844,0.637698935546875,0.0370259995532744,0.00688749465062872,2.0,2760.0,2025-11-13 18:37:44+00:00,98.3711111111111,117.475,0.25753424657534246
2025-11-17 21:00:00+00:00,2026-02-20 00:00:00+00:00,AVGO,AVGO260220C00240000,call,True,240.0,107.0,109.7,116.74,342.6499938964844,0.6143837390136719,0.0370259995532744,0.00688749465062872,2.0,656.0,2025-11-14 15:44:23+00:00,77.26027777777777,108.35,0.25753424657534246
2025-11-17 21:00:00+00:00,2026-02-20 00:00:00+00:00,AVGO,AVGO260220C00250000,call,True,250.0,98.45,101.25,97.91,342.6499938964844,0.6057168334960938,0.0370259995532744,0.00688749465062872,1.0,705.0,2025-11-17 20:46:08+00:00,0.2311111111111111,99.85,0.25753424657534246
2025-11-17 21:00:00+00:00,2026-02-20 00:00:00+00:00,AVGO,AVGO260220C00260000,call,True,260.0,90.3,92.35,95.0,342.6499938964844,0.5896647479248047,0.0370259995532744,0.00688749465062872,4.0,875.0,2025-11-17 14:51:38+00:00,6.139444444444444,91.32499999999999,0.25753424657534246
2025-11-17 21:00:00+00:00,2026-02-20 00:00:00+00:00,AVGO,AVGO260220C00270000,call,True,270.0,82.2,84.15,81.8,342.6499938964844,0.5770916314697265,0.0370259995532744,0.00688749465062872,8.0,699.0,2025-11-17 20:31:21+00:00,0.4775,83.17500000000001,0.25753424657534246
2025-11-17 21:00:00+00:00,2026-02-20 00:00:00+00:00,AVGO,AVGO260220C00280000,call,True,280.0,73.75,76.8,78.73,342.6499938964844,0.5639692041015626,0.0370259995532744,0.00688749465062872,2.0,768.0,2025-11-17 17:19:00+00:00,3.683333333333333,75.275,0.25753424657534246
2025-11-17 21:00:00+00:00,2026-02-20 00:00:00+00:00,AVGO,AVGO260220C00290000,call,True,290.0,66.35,68.75,65.82,342.6499938964844,0.5485274639892579,0.0370259995532744,0.00688749465062872,149.0,564.0,2025-11-17 20:40:01+00:00,0.33305555555555555,67.55,0.25753424657534246
2025-11-17 21:00:00+00:00,2026-02-20 00:00:00+00:00,AVGO,AVGO260220C00300000,call,True,300.0,59.55,61.85,59.53,342.6499938964844,0.5430953894042969,0.0370259995532744,0.00688749465062872,16.0,1176.0,2025-11-17 20:07:16+00:00,0.8788888888888889,60.7,0.25753424657534246
2025-11-17 21:00:00+00:00,2026-02-20 00:00:00+00:00,AVGO,AVGO260220C00310000,call,True,310.0,53.4,55.25,57.64,342.6499938964844,0.5387619366455079,0.0370259995532744,0.00688749465062872,10.0,698.0,2025-11-14 15:27:59+00:00,77.53361111111111,54.325,0.25753424657534246
2025-11-17 21:00:00+00:00,2026-02-20 00:00:00+00:00,AVGO,AVGO260220C00320000,call,True,320.0,47.35,49.1,48.0,342.6499938964844,0.5321396884155273,0.0370259995532744,0.00688749465062872,23.0,762.0,2025-11-17 19:57:04+00:00,1.048888888888889,48.225,0.25753424657534246
2025-11-17 21:00:00+00:00,2026-02-20 00:00:00+00:00,AVGO,AVGO260220C00330000,call,True,330.0,41.75,43.5,41.32,342.6499938964844,0.5267076138305665,0.0370259995532744,0.00688749465062872,7.0,1658.0,2025-11-17 20:01:36+00:00,0.9733333333333334,42.625,0.25753424657534246
2025-11-17 21:00:00+00:00,2026-02-20 00:00:00+00:00,AVGO,AVGO260220C00340000,call,True,340.0,37.2,37.7,37.2,342.6499938964844,0.5212755392456053,0.0370259995532744,0.00688749465062872,25.0,1788.0,2025-11-17 20:34:26+00:00,0.4261111111111111,37.45,0.25753424657534246
2025-11-17 21:00:00+00:00,2026-02-20 00:00:00+00:00,AVGO,AVGO260220C00350000,call,False,350.0,32.6,32.95,32.45,342.6499938964844,0.5169115692138673,0.0370259995532744,0.00688749465062872,43.0,2502.0,2025-11-17 20:52:40+00:00,0.12222222222222222,32.775000000000006,0.25753424657534246
2025-11-17 21:00:00+00:00,2026-02-20 00:00:00+00:00,AVGO,AVGO260220C00360000,call,False,360.0,28.4,28.7,28.3,342.6499938964844,0.512974841003418,0.0370259995532744,0.00688749465062872,52.0,1549.0,2025-11-17 20:31:00+00:00,0.48333333333333334,28.549999999999997,0.25753424657534246
2025-11-17 21:00:00+00:00,2026-02-20 00:00:00+00:00,AVGO,AVGO260220C00370000,call,False,370.0,24.6,24.9,24.55,342.6499938964844,0.5093432855224609,0.0370259995532744,0.00688749465062872,102.0,1724.0,2025-11-17 20:57:02+00:00,0.049444444444444444,24.75,0.25753424657534246
2025-11-17 21:00:00+00:00,2026-02-20 00:00:00+00:00,AVGO,AVGO260220C00380000,call,False,380.0,21.25,21.55,21.4,342.6499938964844,0.5066272482299804,0.0370259995532744,0.00688749465062872,76.0,1251.0,2025-11-17 19:48:22+00:00,1.193888888888889,21.4,0.25753424657534246
2025-11-17 21:00:00+00:00,2026-02-20 00:00:00+00:00,AVGO,AVGO260220C00390000,call,False,390.0,18.3,18.6,17.62,342.6499938964844,0.5044910391235352,0.0370259995532744,0.00688749465062872,85.0,1358.0,2025-11-17 20:46:09+00:00,0.23083333333333333,18.450000000000003,0.25753424657534246
2025-11-17 21:00:00+00:00,2026-02-20 00:00:00+00:00,AVGO,AVGO260220C00400000,call,False,400.0,15.75,16.0,15.03,342.6499938964844,0.5029651754760743,0.0370259995532744,0.00688749465062872,49.0,1232.0,2025-11-17 19:41:54+00:00,1.3016666666666667,15.875,0.25753424657534246
2025-11-17 21:00:00+00:00,2026-02-20 00:00:00+00:00,AVGO,AVGO260220C00410000,call,False,410.0,13.5,13.75,13.05,342.6499938964844,0.5017750018310547,0.0370259995532744,0.00688749465062872,40.0,1055.0,2025-11-17 20:04:50+00:00,0.9194444444444444,13.625,0.25753424657534246
2025-11-17 21:00:00+00:00,2026-02-20 00:00:00+00:00,AVGO,AVGO260220C00420000,call,False,420.0,11.55,11.8,11.3,342.6499938964844,0.5009815527343751,0.0370259995532744,0.00688749465062872,41.0,976.0,2025-11-17 20:31:00+00:00,0.48333333333333334,11.675,0.25753424657534246
2025-11-17 21:00:00+00:00,2026-02-20 00:00:00+00:00,AVGO,AVGO260220C00430000,call,False,430.0,9.9,10.15,10.35,342.6499938964844,0.5011646563720704,0.0370259995532744,0.00688749465062872,29.0,862.0,2025-11-17 18:47:42+00:00,2.205,10.025,0.25753424657534246
2025-11-17 21:00:00+00:00,2026-02-20 00:00:00+00:00,AVGO,AVGO260220C00440000,call,False,440.0,8.45,8.7,8.3,342.6499938964844,0.5010425872802735,0.0370259995532744,0.00688749465062872,36.0,1303.0,2025-11-17 20:31:00+00:00,0.48333333333333334,8.575,0.25753424657534246
2025-11-17 21:00:00+00:00,2026-02-20 00:00:00+00:00,AVGO,AVGO260220C00450000,call,False,450.0,7.25,7.5,7.25,342.6499938964844,0.5022022436523439,0.0370259995532744,0.00688749465062872,65.0,661.0,2025-11-17 20:08:42+00:00,0.855,7.375,0.25753424657534246
2025-11-17 21:00:00+00:00,2026-02-20 00:00:00+00:00,AVGO,AVGO260220C00460000,call,False,460.0,6.2,6.45,6.14,342.6499938964844,0.503056727294922,0.0370259995532744,0.00688749465062872,93.0,420.0,2025-11-17 20:49:16+00:00,0.17888888888888888,6.325,0.25753424657534246
2025-11-17 21:00:00+00:00,2026-02-20 00:00:00+00:00,AVGO,AVGO260220C00470000,call,False,470.0,5.3,5.5,5.25,342.6499938964844,0.5034229345703125,0.0370259995532744,0.00688749465062872,36.0,354.0,2025-11-17 20:31:21+00:00,0.4775,5.4,0.25753424657534246
2025-11-17 21:00:00+00:00,2026-02-20 00:00:00+00:00,AVGO,AVGO260220C00480000,call,False,480.0,4.55,4.75,4.55,342.6499938964844,0.5050708673095703,0.0370259995532744,0.00688749465062872,36.0,277.0,2025-11-17 20:58:34+00:00,0.02388888888888889,4.65,0.25753424657534246
2025-11-17 21:00:00+00:00,2026-02-20 00:00:00+00:00,AVGO,AVGO260220C00490000,call,False,490.0,3.9,4.1,4.05,342.6499938964844,0.5065967309570312,0.0370259995532744,0.00688749465062872,30.0,1090.0,2025-11-17 18:59:58+00:00,2.0005555555555556,4.0,0.25753424657534246
2025-11-17 21:00:00+00:00,2026-02-20 00:00:00+00:00,AVGO,AVGO260220C00500000,call,False,500.0,3.35,3.55,3.5,342.6499938964844,0.5084888018798828,0.0370259995532744,0.00688749465062872,4.0,918.0,2025-11-17 17:44:42+00:00,3.255,3.45,0.25753424657534246
2025-11-17 21:00:00+00:00,2026-02-20 00:00:00+00:00,AVGO,AVGO260220C00510000,call,False,510.0,2.91,3.05,3.25,342.6499938964844,0.5104419073486328,0.0370259995532744,0.00688749465062872,1.0,125.0,2025-11-14 19:47:00+00:00,73.21666666666667,2.98,0.25753424657534246
2025-11-17 21:00:00+00:00,2026-02-20 00:00:00+00:00,AVGO,AVGO260220C00520000,call,False,520.0,2.51,2.66,2.54,342.6499938964844,0.5128222546386718,0.0370259995532744,0.00688749465062872,10.0,127.0,2025-11-17 19:33:14+00:00,1.4461111111111111,2.585,0.25753424657534246
2025-11-17 21:00:00+00:00,2026-02-20 00:00:00+00:00,AVGO,AVGO260220C00530000,call,False,530.0,2.17,2.31,2.5,342.6499938964844,0.5148974291992188,0.0370259995532744,0.00688749465062872,1.0,687.0,2025-11-14 17:11:12+00:00,75.81333333333333,2.24,0.25753424657534246
2025-11-17 21:00:00+00:00,2026-02-20 00:00:00+00:00,AVGO,AVGO260220C00540000,call,False,540.0,1.88,1.99,2.2,342.6499938964844,0.5166674310302735,0.0370259995532744,0.00688749465062872,4.0,41.0,2025-11-14 20:40:59+00:00,72.31694444444445,1.935,0.25753424657534246
2025-11-17 21:00:00+00:00,2026-02-20 00:00:00+00:00,AVGO,AVGO260220C00560000,call,False,560.0,1.4,1.52,1.57,342.6499938964844,0.5208788146972656,0.0370259995532744,0.00688749465062872,2.0,1415.0,2025-11-14 17:49:54+00:00,75.16833333333334,1.46,0.25753424657534246
2025-11-17 21:00:00+00:00,2026-02-20 00:00:00+00:00,AVGO,AVGO260220P00070000,put,False,70.0,0.04,0.14,0.03,342.6499938964844,1.1484417578125,0.0370259995532744,0.00688749465062872,2.0,113.0,2025-09-09 13:46:26+00:00,1663.226111111111,0.09000000000000001,0.25753424657534246
2025-11-17 21:00:00+00:00,2026-02-20 00:00:00+00:00,AVGO,AVGO260220P00075000,put,False,75.0,0.0,0.1,0.05,342.6499938964844,1.0390673046875003,0.0370259995532744,0.00688749465062872,30.0,69.0,2025-11-14 14:52:28+00:00,78.12555555555555,0.05,0.25753424657534246
2025-11-17 21:00:00+00:00,2026-02-20 00:00:00+00:00,AVGO,AVGO260220P00080000,put,False,80.0,0.0,0.0,0.1,342.6499938964844,0.500005,0.0370259995532744,0.00688749465062872,1.0,79.0,2025-09-02 19:25:41+00:00,1825.5719444444444,0.0,0.25753424657534246
2025-11-17 21:00:00+00:00,2026-02-20 00:00:00+00:00,AVGO,AVGO260220P00085000,put,False,85.0,0.02,0.11,0.05,342.6499938964844,0.9785158398437501,0.0370259995532744,0.00688749465062872,10.0,112.0,2025-11-10 19:41:17+00:00,169.31194444444444,0.065,0.25753424657534246
2025-11-17 21:00:00+00:00,2026-02-20 00:00:00+00:00,AVGO,AVGO260220P00090000,put,False,90.0,0.0,0.0,0.26,342.6499938964844,0.500005,0.0370259995532744,0.00688749465062872,1.0,21.0,2025-08-19 18:41:20+00:00,2162.311111111111,0.0,0.25753424657534246
2025-11-17 21:00:00+00:00,2026-02-20 00:00:00+00:00,AVGO,AVGO260220P00095000,put,False,95.0,0.01,0.27,0.4,342.6499938964844,0.9775392871093751,0.0370259995532744,0.00688749465062872,3.0,677.0,2025-07-30 16:46:57+00:00,2644.2175,0.14,0.25753424657534246
2025-11-17 21:00:00+00:00,2026-02-20 00:00:00+00:00,AVGO,AVGO260220P00100000,put,False,100.0,0.05,0.15,0.08,342.6499938964844,0.9062509375,0.0370259995532744,0.00688749465062872,20.0,741.0,2025-11-17 20:06:15+00:00,0.8958333333333334,0.1,0.25753424657534246
2025-11-17 21:00:00+00:00,2026-02-20 00:00:00+00:00,AVGO,AVGO260220P00105000,put,False,105.0,0.05,0.16,0.15,342.6499938964844,0.87695435546875,0.0370259995532744,0.00688749465062872,5.0,77.0,2025-11-07 15:35:19+00:00,245.4113888888889,0.10500000000000001,0.25753424657534246
2025-11-17 21:00:00+00:00,2026-02-20 00:00:00+00:00,AVGO,AVGO260220P00110000,put,False,110.0,0.16,0.41,0.4,342.6499938964844,0.9458013232421875,0.0370259995532744,0.00688749465062872,1.0,60.0,2025-08-28 13:30:02+00:00,1951.4994444444444,0.285,0.25753424657534246
2025-11-17 21:00:00+00:00,2026-02-20 00:00:00+00:00,AVGO,AVGO260220P00115000,put,False,115.0,0.07,0.2,0.16,342.6499938964844,0.8339860351562498,0.0370259995532744,0.00688749465062872,2.0,82.0,2025-11-17 16:44:51+00:00,4.2525,0.135,0.25753424657534246
2025-11-17 21:00:00+00:00,2026-02-20 00:00:00+00:00,AVGO,AVGO260220P00120000,put,False,120.0,0.1,0.22,0.28,342.6499938964844,0.8183611914062499,0.0370259995532744,0.00688749465062872,4.0,97.0,2025-11-07 15:35:38+00:00,245.4061111111111,0.16,0.25753424657534246
2025-11-17 21:00:00+00:00,2026-02-20 00:00:00+00:00,AVGO,AVGO260220P00125000,put,False,125.0,0.12,0.25,0.3,342.6499938964844,0.8017597949218749,0.0370259995532744,0.00688749465062872,4.0,146.0,2025-11-07 15:35:56+00:00,245.4011111111111,0.185,0.25753424657534246
2025-11-17 21:00:00+00:00,2026-02-20 00:00:00+00:00,AVGO,AVGO260220P00130000,put,False,130.0,0.18,0.28,0.17,342.6499938964844,0.7924825439453125,0.0370259995532744,0.00688749465062872,5.0,155.0,2025-11-11 19:06:57+00:00,145.88416666666666,0.23,0.25753424657534246
2025-11-17 21:00:00+00:00,2026-02-20 00:00:00+00:00,AVGO,AVGO260220P00135000,put,False,135.0,0.18,0.31,0.24,342.6499938964844,0.7695335546875001,0.0370259995532744,0.00688749465062872,2.0,204.0,2025-11-10 17:47:12+00:00,171.21333333333334,0.245,0.25753424657534246
2025-11-17 21:00:00+00:00,2026-02-20 00:00:00+00:00,AVGO,AVGO260220P00140000,put,False,140.0,0.21,0.35,0.38,342.6499938964844,0.7539087109375,0.0370259995532744,0.00688749465062872,1.0,196.0,2025-10-30 13:55:26+00:00,439.0761111111111,0.27999999999999997,0.25753424657534246
2025-11-17 21:00:00+00:00,2026-02-20 00:00:00+00:00,AVGO,AVGO260220P00145000,put,False,145.0,0.27,0.39,0.4,342.6499938964844,0.7417018017578124,0.0370259995532744,0.00688749465062872,1.0,285.0,2025-11-10 14:44:44+00:00,174.25444444444443,0.33,0.25753424657534246
2025-11-17 21:00:00+00:00,2026-02-20 00:00:00+00:00,AVGO,AVGO260220P00150000,put,False,150.0,0.31,0.43,0.38,342.6499938964844,0.725588681640625,0.0370259995532744,0.00688749465062872,1.0,276.0,2025-11-13 14:42:44+00:00,102.28777777777778,0.37,0.25753424657534246
2025-11-17 21:00:00+00:00,2026-02-20 00:00:00+00:00,AVGO,AVGO260220P00155000,put,False,155.0,0.35,0.48,0.43,342.6499938964844,0.7104521142578125,0.0370259995532744,0.00688749465062872,11.0,493.0,2025-11-17 19:39:35+00:00,1.3402777777777777,0.415,0.25753424657534246
2025-11-17 21:00:00+00:00,2026-02-20 00:00:00+00:00,AVGO,AVGO260220P00160000,put,False,160.0,0.42,0.54,0.5,342.6499938964844,0.6982452050781252,0.0370259995532744,0.00688749465062872,3.0,318.0,2025-11-11 16:14:01+00:00,148.76638888888888,0.48,0.25753424657534246
2025-11-17 21:00:00+00:00,2026-02-20 00:00:00+00:00,AVGO,AVGO260220P00165000,put,False,165.0,0.49,0.61,0.51,342.6499938964844,0.6860382958984376,0.0370259995532744,0.00688749465062872,1.0,267.0,2025-11-17 15:09:35+00:00,5.840277777777778,0.55,0.25753424657534246
2025-11-17 21:00:00+00:00,2026-02-20 00:00:00+00:00,AVGO,AVGO260220P00170000,put,False,170.0,0.58,0.69,0.59,342.6499938964844,0.6752962158203126,0.0370259995532744,0.00688749465062872,1.0,363.0,2025-11-11 19:19:51+00:00,145.66916666666665,0.635,0.25753424657534246
2025-11-17 21:00:00+00:00,2026-02-20 00:00:00+00:00,AVGO,AVGO260220P00175000,put,False,175.0,0.65,0.77,0.66,342.6499938964844,0.6613803393554689,0.0370259995532744,0.00688749465062872,3.0,583.0,2025-11-12 20:59:11+00:00,120.01361111111112,0.71,0.25753424657534246
2025-11-17 21:00:00+00:00,2026-02-20 00:00:00+00:00,AVGO,AVGO260220P00180000,put,False,180.0,0.76,0.94,0.71,342.6499938964844,0.6555210229492189,0.0370259995532744,0.00688749465062872,11.0,1318.0,2025-11-12 19:40:46+00:00,121.32055555555556,0.85,0.25753424657534246
2025-11-17 21:00:00+00:00,2026-02-20 00:00:00+00:00,AVGO,AVGO260220P00185000,put,False,185.0,0.89,0.99,1.08,342.6499938964844,0.6413610083007812,0.0370259995532744,0.00688749465062872,11.0,764.0,2025-11-10 15:01:22+00:00,173.97722222222222,0.94,0.25753424657534246
2025-11-17 21:00:00+00:00,2026-02-20 00:00:00+00:00,AVGO,AVGO260220P00190000,put,False,190.0,1.03,1.12,1.4,342.6499938964844,0.6313513427734375,0.0370259995532744,0.00688749465062872,1.0,1122.0,2025-11-07 15:46:44+00:00,245.2211111111111,1.0750000000000002,0.25753424657534246
2025-11-17 21:00:00+00:00,2026-02-20 00:00:00+00:00,AVGO,AVGO260220P00195000,put,False,195.0,1.16,1.26,1.24,342.6499938964844,0.6201209863281252,0.0370259995532744,0.00688749465062872,1.0,426.0,2025-11-14 16:21:04+00:00,76.64888888888889,1.21,0.25753424657534246
2025-11-17 21:00:00+00:00,2026-02-20 00:00:00+00:00,AVGO,AVGO260220P00200000,put,False,200.0,1.33,1.43,1.37,342.6499938964844,0.6107216662597659,0.0370259995532744,0.00688749465062872,2.0,3998.0,2025-11-17 20:41:06+00:00,0.315,1.38,0.25753424657534246
2025-11-17 21:00:00+00:00,2026-02-20 00:00:00+00:00,AVGO,AVGO260220P00210000,put,False,210.0,1.73,1.92,2.39,342.6499938964844,0.5953409606933593,0.0370259995532744,0.00688749465062872,1.0,1515.0,2025-11-14 14:32:33+00:00,78.4575,1.825,0.25753424657534246
2025-11-17 21:00:00+00:00,2026-02-20 00:00:00+00:00,AVGO,AVGO260220P00220000,put,False,220.0,2.25,2.37,2.37,342.6499938964844,0.5762981823730469,0.0370259995532744,0.00688749465062872,15.0,2718.0,2025-11-17 19:45:08+00:00,1.2477777777777779,2.31,0.25753424657534246
2025-11-17 21:00:00+00:00,2026-02-20 00:00:00+00:00,AVGO,AVGO260220P00230000,put,False,230.0,2.94,3.1,3.1,342.6499938964844,0.5632367895507813,0.0370259995532744,0.00688749465062872,6.0,1540.0,2025-11-17 20:31:48+00:00,0.47,3.02,0.25753424657534246
2025-11-17 21:00:00+00:00,2026-02-20 00:00:00+00:00,AVGO,AVGO260220P00240000,put,False,240.0,3.75,3.95,4.05,342.6499938964844,0.5486495330810548,0.0370259995532744,0.00688749465062872,9.0,2498.0,2025-11-17 20:46:15+00:00,0.22916666666666666,3.85,0.25753424657534246
2025-11-17 21:00:00+00:00,2026-02-20 00:00:00+00:00,AVGO,AVGO260220P00250000,put,False,250.0,4.85,5.05,5.3,342.6499938964844,0.5372971075439454,0.0370259995532744,0.00688749465062872,15.0,2563.0,2025-11-17 20:40:21+00:00,0.3275,4.949999999999999,0.25753424657534246
2025-11-17 21:00:00+00:00,2026-02-20 00:00:00+00:00,AVGO,AVGO260220P00260000,put,False,260.0,6.2,6.45,6.75,342.6499938964844,0.5272874420166016,0.0370259995532744,0.00688749465062872,247.0,3116.0,2025-11-17 20:40:19+00:00,0.32805555555555554,6.325,0.25753424657534246
2025-11-17 21:00:00+00:00,2026-02-20 00:00:00+00:00,AVGO,AVGO260220P00270000,put,False,270.0,7.85,8.1,8.44,342.6499938964844,0.517308293762207,0.0370259995532744,0.00688749465062872,35.0,5824.0,2025-11-17 20:38:59+00:00,0.3502777777777778,7.975,0.25753424657534246
2025-11-17 21:00:00+00:00,2026-02-20 00:00:00+00:00,AVGO,AVGO260220P00280000,put,False,280.0,9.9,10.15,10.42,342.6499938964844,0.5094348373413086,0.0370259995532744,0.00688749465062872,9.0,2708.0,2025-11-17 19:48:22+00:00,1.193888888888889,10.025,0.25753424657534246
2025-11-17 21:00:00+00:00,2026-02-20 00:00:00+00:00,AVGO,AVGO260220P00290000,put,False,290.0,12.35,12.6,13.0,342.6499938964844,0.5023853472900393,0.0370259995532744,0.00688749465062872,15.0,1407.0,2025-11-17 20:31:48+00:00,0.47,12.475,0.25753424657534246
2025-11-17 21:00:00+00:00,2026-02-20 00:00:00+00:00,AVGO,AVGO260220P00300000,put,False,300.0,15.2,15.45,15.95,342.6499938964844,0.49765516998291026,0.0370259995532744,0.00688749465062872,47.0,2805.0,2025-11-17 20:26:35+00:00,0.5569444444444445,15.325,0.25753424657534246
2025-11-17 21:00:00+00:00,2026-02-20 00:00:00+00:00,AVGO,AVGO260220P00310000,put,False,310.0,18.45,18.75,19.3,342.6499938964844,0.4910634390258789,0.0370259995532744,0.00688749465062872,13.0,1926.0,2025-11-17 20:24:32+00:00,0.5911111111111111,18.6,0.25753424657534246
2025-11-17 21:00:00+00:00,2026-02-20 00:00:00+00:00,AVGO,AVGO260220P00320000,put,False,320.0,22.25,22.55,23.45,342.6499938964844,0.4853872262573242,0.0370259995532744,0.00688749465062872,37.0,1547.0,2025-11-17 20:15:02+00:00,0.7494444444444445,22.4,0.25753424657534246
2025-11-17 21:00:00+00:00,2026-02-20 00:00:00+00:00,AVGO,AVGO260220P00330000,put,False,330.0,26.45,26.8,27.1,342.6499938964844,0.4795584271240234,0.0370259995532744,0.00688749465062872,42.0,2115.0,2025-11-17 19:36:32+00:00,1.3911111111111112,26.625,0.25753424657534246
2025-11-17 21:00:00+00:00,2026-02-20 00:00:00+00:00,AVGO,AVGO260220P00340000,put,False,340.0,31.25,31.6,32.58,342.6499938964844,0.4749350602722168,0.0370259995532744,0.00688749465062872,23.0,940.0,2025-11-17 20:16:05+00:00,0.7319444444444444,31.425,0.25753424657534246
2025-11-17 21:00:00+00:00,2026-02-20 00:00:00+00:00,AVGO,AVGO260220P00350000,put,True,350.0,36.45,36.85,36.68,342.6499938964844,0.4700370379638672,0.0370259995532744,0.00688749465062872,8.0,1074.0,2025-11-17 19:24:03+00:00,1.5991666666666666,36.650000000000006,0.25753424657534246
2025-11-17 21:00:00+00:00,2026-02-20 00:00:00+00:00,AVGO,AVGO260220P00360000,put,True,360.0,42.2,42.6,40.85,342.6499938964844,0.4656730679321289,0.0370259995532744,0.00688749465062872,36.0,912.0,2025-11-17 18:46:30+00:00,2.225,42.400000000000006,0.25753424657534246
2025-11-17 21:00:00+00:00,2026-02-20 00:00:00+00:00,AVGO,AVGO260220P00370000,put,True,370.0,48.3,48.8,46.61,342.6499938964844,0.4613396151733399,0.0370259995532744,0.00688749465062872,3.0,466.0,2025-11-17 17:44:07+00:00,3.2647222222222223,48.55,0.25753424657534246
2025-11-17 21:00:00+00:00,2026-02-20 00:00:00+00:00,AVGO,AVGO260220P00380000,put,True,380.0,55.05,55.5,56.85,342.6499938964844,0.4580590083312989,0.0370259995532744,0.00688749465062872,35.0,585.0,2025-11-17 19:32:34+00:00,1.4572222222222222,55.275,0.25753424657534246
2025-11-17 21:00:00+00:00,2026-02-20 00:00:00+00:00,AVGO,AVGO260220P00390000,put,True,390.0,61.65,64.05,68.38,342.6499938964844,0.477544287109375,0.0370259995532744,0.00688749465062872,6.0,127.0,2025-11-13 19:04:33+00:00,97.92416666666666,62.849999999999994,0.25753424657534246
2025-11-17 21:00:00+00:00,2026-02-20 00:00:00+00:00,AVGO,AVGO260220P00400000,put,True,400.0,69.0,71.2,73.87,342.6499938964844,0.4702506588745118,0.0370259995532744,0.00688749465062872,5.0,53.0,2025-11-07 16:27:50+00:00,244.5361111111111,70.1,0.25753424657534246
2025-11-17 21:00:00+00:00,2026-02-20 00:00:00+00:00,AVGO,AVGO260220P00410000,put,True,410.0,76.95,79.05,72.5,342.6499938964844,0.4688773815917969,0.0370259995532744,0.00688749465062872,2.0,13.0,2025-11-07 14:34:46+00:00,246.42055555555555,78.0,0.25753424657534246
2025-11-17 21:00:00+00:00,2026-02-20 00:00:00+00:00,AVGO,AVGO260220P00420000,put,True,420.0,84.8,87.0,78.0,342.6499938964844,0.4639641006469727,0.0370259995532744,0.00688749465062872,6.0,16.0,2025-11-06 15:53:14+00:00,269.11277777777775,85.9,0.25753424657534246
2025-11-17 21:00:00+00:00,2026-02-20 00:00:00+00:00,AVGO,AVGO260220P00430000,put,True,430.0,93.2,95.35,90.0,342.6499938964844,0.46130909790039065,0.0370259995532744,0.00688749465062872,1.0,15.0,2025-11-17 15:04:04+00:00,5.932222222222222,94.275,0.25753424657534246
2025-11-17 21:00:00+00:00,2026-02-20 00:00:00+00:00,AVGO,AVGO260220P00440000,put,True,440.0,101.75,104.2,95.9,342.6499938964844,0.4644523770141602,0.0370259995532744,0.00688749465062872,3.0,12.0,2025-11-14 15:44:23+00:00,77.26027777777777,102.975,0.25753424657534246
2025-11-17 21:00:00+00:00,2026-02-20 00:00:00+00:00,AVGO,AVGO260220P00450000,put,True,450.0,110.8,112.95,107.5,342.6499938964844,0.46106495971679695,0.0370259995532744,0.00688749465062872,1.0,79.0,2025-11-17 15:06:28+00:00,5.892222222222222,111.875,0.25753424657534246
2025-11-17 21:00:00+00:00,2026-02-20 00:00:00+00:00,AVGO,AVGO260220P00460000,put,True,460.0,119.95,121.95,119.12,342.6499938964844,0.4591118542480469,0.0370259995532744,0.00688749465062872,3.0,15.0,2025-11-13 15:02:25+00:00,101.95972222222223,120.95,0.25753424657534246
2025-11-17 21:00:00+00:00,2026-02-20 00:00:00+00:00,AVGO,AVGO260220P00470000,put,True,470.0,129.1,131.45,119.55,342.6499938964844,0.46753462158203124,0.0370259995532744,0.00688749465062872,2.0,3.0,2025-11-12 16:13:47+00:00,124.77027777777778,130.27499999999998,0.25753424657534246
2025-11-17 21:00:00+00:00,2026-02-20 00:00:00+00:00,AVGO,AVGO260220P00480000,put,True,480.0,138.3,140.55,129.8,342.6499938964844,0.4602715106201172,0.0370259995532744,0.00688749465062872,3.0,2.0,2025-11-06 15:57:21+00:00,269.0441666666667,139.425,0.25753424657534246
2025-11-17 21:00:00+00:00,2026-02-20 00:00:00+00:00,AVGO,AVGO260220P00490000,put,True,490.0,147.75,150.0,136.3,342.6499938964844,0.4603325451660156,0.0370259995532744,0.00688749465062872,18.0,18.0,2025-10-24 17:31:21+00:00,579.4775,148.875,0.25753424657534246
2025-11-17 21:00:00+00:00,2026-02-20 00:00:00+00:00,AVGO,AVGO260220P00500000,put,True,500.0,157.3,160.35,167.55,342.6499938964844,0.49286395812988293,0.0370259995532744,0.00688749465062872,,5.0,2025-10-07 15:05:41+00:00,989.9052777777778,158.825,0.25753424657534246
2025-11-17 21:00:00+00:00,2026-02-20 00:00:00+00:00,AVGO,AVGO260220P00510000,put,True,510.0,167.1,170.05,154.2,342.6499938964844,0.5000660345458985,0.0370259995532744,0.00688749465062872,2.0,4.0,2025-10-13 14:11:24+00:00,846.81,168.575,0.25753424657534246
2025-11-17 21:00:00+00:00,2026-02-20 00:00:00+00:00,AVGO,AVGO260220P00520000,put,True,520.0,176.6,179.7,176.7,342.6499938964844,0.5033008654785156,0.0370259995532744,0.00688749465062872,20.0,20.0,2025-11-14 17:44:08+00:00,75.26444444444445,178.14999999999998,0.25753424657534246
2025-11-17 21:00:00+00:00,2026-02-20 00:00:00+00:00,AVGO,AVGO260220P00530000,put,True,530.0,186.65,189.6,174.7,342.6499938964844,0.5159960510253907,0.0370259995532744,0.00688749465062872,13.0,8.0,2025-10-13 17:25:38+00:00,843.5727777777778,188.125,0.25753424657534246
2025-11-17 21:00:00+00:00,2026-03-20 00:00:00+00:00,AVGO,AVGO260320C00070000,call,True,70.0,271.35,274.55,289.65,342.6499938964844,1.1552776611328124,0.0370259995532744,0.00688749465062872,2.0,3.0,2025-10-15 14:32:04+00:00,798.4655555555555,272.95000000000005,0.33424657534246577
2025-11-17 21:00:00+00:00,2026-03-20 00:00:00+00:00,AVGO,AVGO260320C00075000,call,True,75.0,266.6,270.0,265.14,342.6499938964844,1.2290077612304686,0.0370259995532744,0.00688749465062872,2.0,2.0,2025-11-07 16:52:52+00:00,244.11888888888888,268.3,0.33424657534246577
2025-11-17 21:00:00+00:00,2026-03-20 00:00:00+00:00,AVGO,AVGO260320C00080000,call,True,80.0,261.75,265.05,298.05,342.6499938964844,1.203128984375,0.0370259995532744,0.00688749465062872,10.0,13.0,2025-10-29 13:30:09+00:00,463.4975,263.4,0.33424657534246577
2025-11-17 21:00:00+00:00,2026-03-20 00:00:00+00:00,AVGO,AVGO260320C00085000,call,True,85.0,209.8,211.15,182.1,342.6499938964844,1.0000000000000003e-05,0.0370259995532744,0.00688749465062872,1.0,1.0,2025-06-24 14:01:01+00:00,3510.9830555555554,210.47500000000002,0.33424657534246577
2025-11-17 21:00:00+00:00,2026-03-20 00:00:00+00:00,AVGO,AVGO260320C00090000,call,True,90.0,251.9,255.45,259.45,342.6499938964844,1.164310819091797,0.0370259995532744,0.00688749465062872,50.0,66.0,2025-10-17 16:45:45+00:00,748.2375,253.675,0.33424657534246577
2025-11-17 21:00:00+00:00,2026-03-20 00:00:00+00:00,AVGO,AVGO260320C00095000,call,True,95.0,180.85,183.4,163.5,342.6499938964844,1.0000000000000003e-05,0.0370259995532744,0.00688749465062872,1.0,20.0,2025-06-03 15:53:19+00:00,4013.111388888889,182.125,0.33424657534246577
2025-11-17 21:00:00+00:00,2026-03-20 00:00:00+00:00,AVGO,AVGO260320C00100000,call,True,100.0,241.95,245.15,244.75,342.6499938964844,1.0542039477539062,0.0370259995532744,0.00688749465062872,1.0,83.0,2025-10-14 13:51:46+00:00,823.1372222222222,243.55,0.33424657534246577
2025-11-17 21:00:00+00:00,2026-03-20 00:00:00+00:00,AVGO,AVGO260320C00105000,call,True,105.0,126.65,129.7,76.07,342.6499938964844,1.0000000000000003e-05,0.0370259995532744,0.00688749465062872,1.0,5.0,2025-04-16 17:11:30+00:00,5163.808333333333,128.175,0.33424657534246577
2025-11-17 21:00:00+00:00,2026-03-20 00:00:00+00:00,AVGO,AVGO260320C00110000,call,True,110.0,232.15,235.4,237.52,342.6499938964844,1.0129443884277345,0.0370259995532744,0.00688749465062872,10.0,46.0,2025-09-18 18:35:34+00:00,1442.4072222222221,233.775,0.33424657534246577
2025-11-17 21:00:00+00:00,2026-03-20 00:00:00+00:00,AVGO,AVGO260320C00115000,call,True,115.0,224.5,227.0,222.56,342.6499938964844,1.0000000000000003e-05,0.0370259995532744,0.00688749465062872,1.0,21.0,2025-09-05 19:18:59+00:00,1753.683611111111,225.75,0.33424657534246577
2025-11-17 21:00:00+00:00,2026-03-20 00:00:00+00:00,AVGO,AVGO260320C00120000,call,True,120.0,241.45,243.1,199.64,342.6499938964844,1.9400637762451172,0.0370259995532744,0.00688749465062872,2.0,52.0,2025-08-13 13:42:44+00:00,2311.2877777777776,242.27499999999998,0.33424657534246577
2025-11-17 21:00:00+00:00,2026-03-20 00:00:00+00:00,AVGO,AVGO260320C00125000,call,True,125.0,215.0,217.4,230.8,342.6499938964844,1.0000000000000003e-05,0.0370259995532744,0.00688749465062872,17.0,46.0,2025-09-05 13:31:01+00:00,1759.4830555555557,216.2,0.33424657534246577
2025-11-17 21:00:00+00:00,2026-03-20 00:00:00+00:00,AVGO,AVGO260320C00130000,call,True,130.0,221.05,224.15,216.22,342.6499938964844,1.4312772576904298,0.0370259995532744,0.00688749465062872,1.0,68.0,2025-09-17 18:53:46+00:00,1466.1038888888888,222.60000000000002,0.33424657534246577
2025-11-17 21:00:00+00:00,2026-03-20 00:00:00+00:00,AVGO,AVGO260320C00135000,call,True,135.0,162.2,163.5,151.01,342.6499938964844,1.0000000000000003e-05,0.0370259995532744,0.00688749465062872,1.0,131.0,2025-07-15 16:11:45+00:00,3004.804166666667,162.85,0.33424657534246577
2025-11-17 21:00:00+00:00,2026-03-20 00:00:00+00:00,AVGO,AVGO260320C00140000,call,True,140.0,203.05,206.1,208.55,342.6499938964844,0.8951426501464843,0.0370259995532744,0.00688749465062872,17.0,144.0,2025-11-07 19:54:08+00:00,241.09777777777776,204.575,0.33424657534246577
2025-11-17 21:00:00+00:00,2026-03-20 00:00:00+00:00,AVGO,AVGO260320C00145000,call,True,145.0,198.1,201.55,193.76,342.6499938964844,0.8845226391601562,0.0370259995532744,0.00688749465062872,12.0,68.0,2025-10-10 16:07:49+00:00,916.8697222222222,199.825,0.33424657534246577
2025-11-17 21:00:00+00:00,2026-03-20 00:00:00+00:00,AVGO,AVGO260320C00150000,call,True,150.0,193.65,196.4,230.0,342.6499938964844,0.8686536572265625,0.0370259995532744,0.00688749465062872,1.0,190.0,2025-10-30 18:27:58+00:00,434.5338888888889,195.025,0.33424657534246577
2025-11-17 21:00:00+00:00,2026-03-20 00:00:00+00:00,AVGO,AVGO260320C00155000,call,True,155.0,188.55,191.6,192.3,342.6499938964844,0.8416763879394531,0.0370259995532744,0.00688749465062872,1.0,88.0,2025-10-23 13:44:49+00:00,607.2530555555555,190.075,0.33424657534246577
2025-11-17 21:00:00+00:00,2026-03-20 00:00:00+00:00,AVGO,AVGO260320C00160000,call,True,160.0,183.85,186.75,190.02,342.6499938964844,0.8272722351074218,0.0370259995532744,0.00688749465062872,3.0,794.0,2025-11-05 14:48:13+00:00,294.19638888888886,185.3,0.33424657534246577
2025-11-17 21:00:00+00:00,2026-03-20 00:00:00+00:00,AVGO,AVGO260320C00165000,call,True,165.0,176.7,179.1,140.28,342.6499938964844,0.5395553857421876,0.0370259995532744,0.00688749465062872,7.0,70.0,2025-09-03 18:43:01+00:00,1802.2830555555556,177.89999999999998,0.33424657534246577
2025-11-17 21:00:00+00:00,2026-03-20 00:00:00+00:00,AVGO,AVGO260320C00170000,call,True,170.0,174.1,177.2,190.12,342.6499938964844,0.7907735766601562,0.0370259995532744,0.00688749465062872,1.0,249.0,2025-10-27 14:29:08+00:00,510.51444444444445,175.64999999999998,0.33424657534246577
2025-11-17 21:00:00+00:00,2026-03-20 00:00:00+00:00,AVGO,AVGO260320C00175000,call,True,175.0,169.35,172.4,183.47,342.6499938964844,0.7751487329101563,0.0370259995532744,0.00688749465062872,10.0,254.0,2025-11-04 20:25:18+00:00,312.5783333333333,170.875,0.33424657534246577
2025-11-17 21:00:00+00:00,2026-03-20 00:00:00+00:00,AVGO,AVGO260320C00180000,call,True,180.0,165.05,167.65,163.0,342.6499938964844,0.7718528674316407,0.0370259995532744,0.00688749465062872,1.0,1073.0,2025-11-14 15:39:49+00:00,77.33638888888889,166.35000000000002,0.33424657534246577
2025-11-17 21:00:00+00:00,2026-03-20 00:00:00+00:00,AVGO,AVGO260320C00185000,call,True,185.0,159.85,163.25,185.18,342.6499938964844,0.7536645727539062,0.0370259995532744,0.00688749465062872,7.0,324.0,2025-11-03 17:54:00+00:00,339.1,161.55,0.33424657534246577
2025-11-17 21:00:00+00:00,2026-03-20 00:00:00+00:00,AVGO,AVGO260320C00190000,call,True,190.0,155.15,158.25,150.55,342.6499938964844,0.7330959307861327,0.0370259995532744,0.00688749465062872,1.0,200.0,2025-11-13 18:58:49+00:00,98.01972222222223,156.7,0.33424657534246577
2025-11-17 21:00:00+00:00,2026-03-20 00:00:00+00:00,AVGO,AVGO260320C00195000,call,True,195.0,150.95,153.4,167.35,342.6499938964844,0.726565234375,0.0370259995532744,0.00688749465062872,2.0,286.0,2025-11-10 14:39:53+00:00,174.33527777777778,152.175,0.33424657534246577
2025-11-17 21:00:00+00:00,2026-03-20 00:00:00+00:00,AVGO,AVGO260320C00200000,call,True,200.0,145.95,148.7,150.0,342.6499938964844,0.7057524542236329,0.0370259995532744,0.00688749465062872,5.0,3364.0,2025-11-14 16:54:03+00:00,76.09916666666666,147.325,0.33424657534246577
2025-11-17 21:00:00+00:00,2026-03-20 00:00:00+00:00,AVGO,AVGO260320C00210000,call,True,210.0,137.05,139.7,142.82,342.6499938964844,0.6913483013916017,0.0370259995532744,0.00688749465062872,1.0,1449.0,2025-11-07 17:16:25+00:00,243.7263888888889,138.375,0.33424657534246577
2025-11-17 21:00:00+00:00,2026-03-20 00:00:00+00:00,AVGO,AVGO260320C00220000,call,True,220.0,128.05,130.5,133.1,342.6499938964844,0.6677279321289065,0.0370259995532744,0.00688749465062872,2.0,921.0,2025-11-13 18:19:29+00:00,98.67527777777778,129.275,0.33424657534246577
2025-11-17 21:00:00+00:00,2026-03-20 00:00:00+00:00,AVGO,AVGO260320C00230000,call,True,230.0,119.0,121.55,122.05,342.6499938964844,0.6442906665039063,0.0370259995532744,0.00688749465062872,1.0,7611.0,2025-11-17 16:22:43+00:00,4.621388888888889,120.275,0.33424657534246577
2025-11-17 21:00:00+00:00,2026-03-20 00:00:00+00:00,AVGO,AVGO260320C00240000,call,True,240.0,110.75,112.65,112.36,342.6499938964844,0.6288489263916017,0.0370259995532744,0.00688749465062872,30.0,1046.0,2025-11-14 19:28:26+00:00,73.5261111111111,111.7,0.33424657534246577
2025-11-17 21:00:00+00:00,2026-03-20 00:00:00+00:00,AVGO,AVGO260320C00250000,call,True,250.0,102.35,104.4,103.1,342.6499938964844,0.614963567199707,0.0370259995532744,0.00688749465062872,5.0,2825.0,2025-11-17 18:04:54+00:00,2.9183333333333334,103.375,0.33424657534246577
2025-11-17 21:00:00+00:00,2026-03-20 00:00:00+00:00,AVGO,AVGO260320C00260000,call,True,260.0,94.3,96.5,98.71,342.6499938964844,0.6038857971191409,0.0370259995532744,0.00688749465062872,1.0,816.0,2025-11-14 20:23:37+00:00,72.60638888888889,95.4,0.33424657534246577
2025-11-17 21:00:00+00:00,2026-03-20 00:00:00+00:00,AVGO,AVGO260320C00270000,call,True,270.0,86.35,88.55,88.55,342.6499938964844,0.5886271606445312,0.0370259995532744,0.00688749465062872,5.0,565.0,2025-11-14 17:13:10+00:00,75.78055555555555,87.44999999999999,0.33424657534246577
2025-11-17 21:00:00+00:00,2026-03-20 00:00:00+00:00,AVGO,AVGO260320C00280000,call,True,280.0,79.35,81.05,82.5,342.6499938964844,0.581333532409668,0.0370259995532744,0.00688749465062872,9.0,956.0,2025-11-17 18:50:23+00:00,2.160277777777778,80.19999999999999,0.33424657534246577
2025-11-17 21:00:00+00:00,2026-03-20 00:00:00+00:00,AVGO,AVGO260320C00290000,call,True,290.0,72.1,74.3,74.0,342.6499938964844,0.5730023168945313,0.0370259995532744,0.00688749465062872,10.0,507.0,2025-11-17 18:00:56+00:00,2.9844444444444442,73.19999999999999,0.33424657534246577
2025-11-17 21:00:00+00:00,2026-03-20 00:00:00+00:00,AVGO,AVGO260320C00300000,call,True,300.0,65.45,67.4,66.5,342.6499938964844,0.5632673068237305,0.0370259995532744,0.00688749465062872,57.0,1844.0,2025-11-17 19:08:10+00:00,1.863888888888889,66.42500000000001,0.33424657534246577
2025-11-17 21:00:00+00:00,2026-03-20 00:00:00+00:00,AVGO,AVGO260320C00310000,call,True,310.0,59.25,61.15,61.3,342.6499938964844,0.556767127685547,0.0370259995532744,0.00688749465062872,5.0,858.0,2025-11-17 15:52:02+00:00,5.132777777777778,60.2,0.33424657534246577
2025-11-17 21:00:00+00:00,2026-03-20 00:00:00+00:00,AVGO,AVGO260320C00320000,call,True,320.0,53.5,55.1,53.43,342.6499938964844,0.5499312585449221,0.0370259995532744,0.00688749465062872,14.0,1101.0,2025-11-17 15:15:02+00:00,5.749444444444444,54.3,0.33424657534246577
2025-11-17 21:00:00+00:00,2026-03-20 00:00:00+00:00,AVGO,AVGO260320C00330000,call,True,330.0,48.05,49.8,47.4,342.6499938964844,0.54532315032959,0.0370259995532744,0.00688749465062872,12.0,3367.0,2025-11-17 20:45:29+00:00,0.24194444444444443,48.925,0.33424657534246577
2025-11-17 21:00:00+00:00,2026-03-20 00:00:00+00:00,AVGO,AVGO260320C00340000,call,True,340.0,43.85,44.9,43.29,342.6499938964844,0.5466659103393555,0.0370259995532744,0.00688749465062872,46.0,2690.0,2025-11-17 20:24:30+00:00,0.5916666666666667,44.375,0.33424657534246577
2025-11-17 21:00:00+00:00,2026-03-20 00:00:00+00:00,AVGO,AVGO260320C00350000,call,False,350.0,39.25,39.65,39.2,342.6499938964844,0.5385788330078126,0.0370259995532744,0.00688749465062872,95.0,3519.0,2025-11-17 20:57:02+00:00,0.049444444444444444,39.45,0.33424657534246577
2025-11-17 21:00:00+00:00,2026-03-20 00:00:00+00:00,AVGO,AVGO260320C00360000,call,False,360.0,35.1,35.45,35.0,342.6499938964844,0.5356033988952638,0.0370259995532744,0.00688749465062872,64.0,2290.0,2025-11-17 20:12:59+00:00,0.7836111111111111,35.275000000000006,0.33424657534246577
2025-11-17 21:00:00+00:00,2026-03-20 00:00:00+00:00,AVGO,AVGO260320C00370000,call,False,370.0,31.25,31.65,32.0,342.6499938964844,0.5327500338745117,0.0370259995532744,0.00688749465062872,74.0,1354.0,2025-11-17 17:58:51+00:00,3.0191666666666666,31.45,0.33424657534246577
2025-11-17 21:00:00+00:00,2026-03-20 00:00:00+00:00,AVGO,AVGO260320C00380000,call,False,380.0,27.8,28.15,26.87,342.6499938964844,0.5302476174926759,0.0370259995532744,0.00688749465062872,97.0,3460.0,2025-11-17 20:28:50+00:00,0.5194444444444445,27.975,0.33424657534246577
2025-11-17 21:00:00+00:00,2026-03-20 00:00:00+00:00,AVGO,AVGO260320C00390000,call,False,390.0,24.7,25.05,25.15,342.6499938964844,0.5285691674804689,0.0370259995532744,0.00688749465062872,39.0,605.0,2025-11-17 16:02:02+00:00,4.966111111111111,24.875,0.33424657534246577
2025-11-17 21:00:00+00:00,2026-03-20 00:00:00+00:00,AVGO,AVGO260320C00400000,call,False,400.0,21.9,22.25,21.26,342.6499938964844,0.527073821105957,0.0370259995532744,0.00688749465062872,186.0,4563.0,2025-11-17 18:46:35+00:00,2.223611111111111,22.075,0.33424657534246577
2025-11-17 21:00:00+00:00,2026-03-20 00:00:00+00:00,AVGO,AVGO260320C00410000,call,False,410.0,19.4,19.7,18.68,342.6499938964844,0.525670026550293,0.0370259995532744,0.00688749465062872,36.0,1224.0,2025-11-17 20:40:34+00:00,0.3238888888888889,19.549999999999997,0.33424657534246577
2025-11-17 21:00:00+00:00,2026-03-20 00:00:00+00:00,AVGO,AVGO260320C00420000,call,False,420.0,17.15,17.45,16.78,342.6499938964844,0.5246019219970703,0.0370259995532744,0.00688749465062872,10.0,785.0,2025-11-17 18:56:40+00:00,2.0555555555555554,17.299999999999997,0.33424657534246577
2025-11-17 21:00:00+00:00,2026-03-20 00:00:00+00:00,AVGO,AVGO260320C00430000,call,False,430.0,15.2,15.5,14.61,342.6499938964844,0.5246324392700196,0.0370259995532744,0.00688749465062872,21.0,1675.0,2025-11-17 20:40:28+00:00,0.32555555555555554,15.35,0.33424657534246577
2025-11-17 21:00:00+00:00,2026-03-20 00:00:00+00:00,AVGO,AVGO260320C00440000,call,False,440.0,13.4,13.7,13.65,342.6499938964844,0.5238084729003907,0.0370259995532744,0.00688749465062872,10.0,2332.0,2025-11-17 18:51:44+00:00,2.137777777777778,13.55,0.33424657534246577
2025-11-17 21:00:00+00:00,2026-03-20 00:00:00+00:00,AVGO,AVGO260320C00450000,call,False,450.0,11.85,12.15,11.6,342.6499938964844,0.5239610592651367,0.0370259995532744,0.00688749465062872,144.0,885.0,2025-11-17 19:26:38+00:00,1.556111111111111,12.0,0.33424657534246577
2025-11-17 21:00:00+00:00,2026-03-20 00:00:00+00:00,AVGO,AVGO260320C00460000,call,False,460.0,10.5,10.75,10.7,342.6499938964844,0.5242662319946289,0.0370259995532744,0.00688749465062872,3.0,2036.0,2025-11-17 18:59:19+00:00,2.011388888888889,10.625,0.33424657534246577
2025-11-17 21:00:00+00:00,2026-03-20 00:00:00+00:00,AVGO,AVGO260320C00470000,call,False,470.0,9.25,9.5,9.6,342.6499938964844,0.5240831283569335,0.0370259995532744,0.00688749465062872,2.0,469.0,2025-11-14 19:06:24+00:00,73.89333333333333,9.375,0.33424657534246577
2025-11-17 21:00:00+00:00,2026-03-20 00:00:00+00:00,AVGO,AVGO260320C00480000,call,False,480.0,8.2,8.45,8.5,342.6499938964844,0.525120715637207,0.0370259995532744,0.00688749465062872,1.0,395.0,2025-11-17 18:57:04+00:00,2.048888888888889,8.325,0.33424657534246577
2025-11-17 21:00:00+00:00,2026-03-20 00:00:00+00:00,AVGO,AVGO260320C00490000,call,False,490.0,7.25,7.5,7.55,342.6499938964844,0.5258226129150392,0.0370259995532744,0.00688749465062872,13.0,215.0,2025-11-17 16:23:03+00:00,4.615833333333334,7.375,0.33424657534246577
2025-11-17 21:00:00+00:00,2026-03-20 00:00:00+00:00,AVGO,AVGO260320C00500000,call,False,500.0,6.4,6.65,6.57,342.6499938964844,0.5263108892822266,0.0370259995532744,0.00688749465062872,3.0,777.0,2025-11-17 14:47:37+00:00,6.206388888888889,6.525,0.33424657534246577
2025-11-17 21:00:00+00:00,2026-03-20 00:00:00+00:00,AVGO,AVGO260320C00510000,call,False,510.0,5.65,5.9,5.53,342.6499938964844,0.5269517520141601,0.0370259995532744,0.00688749465062872,26.0,311.0,2025-11-17 20:44:31+00:00,0.25805555555555554,5.775,0.33424657534246577
2025-11-17 21:00:00+00:00,2026-03-20 00:00:00+00:00,AVGO,AVGO260320C00520000,call,False,520.0,5.0,5.25,5.6,342.6499938964844,0.5279588220214844,0.0370259995532744,0.00688749465062872,10.0,1050.0,2025-11-14 20:29:53+00:00,72.50194444444445,5.125,0.33424657534246577
2025-11-17 21:00:00+00:00,2026-03-20 00:00:00+00:00,AVGO,AVGO260320C00530000,call,False,530.0,4.45,4.65,4.72,342.6499938964844,0.5289964093017578,0.0370259995532744,0.00688749465062872,1.0,587.0,2025-11-14 20:49:05+00:00,72.18194444444444,4.550000000000001,0.33424657534246577
2025-11-17 21:00:00+00:00,2026-03-20 00:00:00+00:00,AVGO,AVGO260320C00540000,call,False,540.0,3.95,4.15,4.4,342.6499938964844,0.5302781347656251,0.0370259995532744,0.00688749465062872,1.0,22.0,2025-11-13 14:59:52+00:00,102.00222222222222,4.050000000000001,0.33424657534246577
2025-11-17 21:00:00+00:00,2026-03-20 00:00:00+00:00,AVGO,AVGO260320C00560000,call,False,560.0,3.1,3.3,3.2,342.6499938964844,0.5324753784179688,0.0370259995532744,0.00688749465062872,27.0,1391.0,2025-11-17 19:49:09+00:00,1.1808333333333334,3.2,0.33424657534246577
2025-11-17 21:00:00+00:00,2026-03-20 00:00:00+00:00,AVGO,AVGO260320P00070000,put,False,70.0,0.01,0.31,0.08,342.6499938964844,1.0742233789062503,0.0370259995532744,0.00688749465062872,1.0,225.0,2025-10-13 13:42:42+00:00,847.2883333333333,0.16,0.33424657534246577
2025-11-17 21:00:00+00:00,2026-03-20 00:00:00+00:00,AVGO,AVGO260320P00075000,put,False,75.0,0.1,0.18,0.14,342.6499938964844,1.0127002490234376,0.0370259995532744,0.00688749465062872,1.0,10.0,2025-08-28 13:30:07+00:00,1951.4980555555555,0.14,0.33424657534246577
2025-11-17 21:00:00+00:00,2026-03-20 00:00:00+00:00,AVGO,AVGO260320P00080000,put,False,80.0,0.05,0.15,0.16,342.6499938964844,0.9355475195312499,0.0370259995532744,0.00688749465062872,5.0,37.0,2025-10-22 16:09:13+00:00,628.8463888888889,0.1,0.33424657534246577
2025-11-17 21:00:00+00:00,2026-03-20 00:00:00+00:00,AVGO,AVGO260320P00085000,put,False,85.0,0.0,0.0,0.19,342.6499938964844,0.500005,0.0370259995532744,0.00688749465062872,7.0,0.0,2025-09-15 17:38:15+00:00,1515.3625,0.0,0.33424657534246577
2025-11-17 21:00:00+00:00,2026-03-20 00:00:00+00:00,AVGO,AVGO260320P00090000,put,False,90.0,0.06,0.19,0.11,342.6499938964844,0.8828136718749999,0.0370259995532744,0.00688749465062872,62.0,134.0,2025-11-13 16:20:34+00:00,100.65722222222222,0.125,0.33424657534246577
2025-11-17 21:00:00+00:00,2026-03-20 00:00:00+00:00,AVGO,AVGO260320P00095000,put,False,95.0,0.06,0.21,0.15,342.6499938964844,0.8554701953125,0.0370259995532744,0.00688749465062872,1.0,514.0,2025-11-07 18:38:41+00:00,242.3552777777778,0.135,0.33424657534246577
2025-11-17 21:00:00+00:00,2026-03-20 00:00:00+00:00,AVGO,AVGO260320P00100000,put,False,100.0,0.09,0.24,0.24,342.6499938964844,0.840821904296875,0.0370259995532744,0.00688749465062872,5.0,120.0,2025-10-27 19:12:31+00:00,505.7913888888889,0.16499999999999998,0.33424657534246577
2025-11-17 21:00:00+00:00,2026-03-20 00:00:00+00:00,AVGO,AVGO260320P00105000,put,False,105.0,0.01,0.27,0.15,342.6499938964844,0.7949239257812499,0.0370259995532744,0.00688749465062872,1.0,99.0,2025-11-12 18:24:22+00:00,122.59388888888888,0.14,0.33424657534246577
2025-11-17 21:00:00+00:00,2026-03-20 00:00:00+00:00,AVGO,AVGO260320P00110000,put,False,110.0,0.14,0.3,0.23,342.6499938964844,0.805666005859375,0.0370259995532744,0.00688749465062872,62.0,975.0,2025-11-13 16:20:34+00:00,100.65722222222222,0.22,0.33424657534246577
2025-11-17 21:00:00+00:00,2026-03-20 00:00:00+00:00,AVGO,AVGO260320P00115000,put,False,115.0,0.18,0.33,0.27,342.6499938964844,0.789064609375,0.0370259995532744,0.00688749465062872,5.0,418.0,2025-11-10 15:45:24+00:00,173.24333333333334,0.255,0.33424657534246577
2025-11-17 21:00:00+00:00,2026-03-20 00:00:00+00:00,AVGO,AVGO260320P00120000,put,False,120.0,0.23,0.38,0.3,342.6499938964844,0.7773459765625,0.0370259995532744,0.00688749465062872,5.0,682.0,2025-11-10 15:46:53+00:00,173.2186111111111,0.305,0.33424657534246577
2025-11-17 21:00:00+00:00,2026-03-20 00:00:00+00:00,AVGO,AVGO260320P00125000,put,False,125.0,0.3,0.42,0.45,342.6499938964844,0.7651390673828126,0.0370259995532744,0.00688749465062872,3.0,1671.0,2025-11-07 15:41:53+00:00,245.30194444444444,0.36,0.33424657534246577
2025-11-17 21:00:00+00:00,2026-03-20 00:00:00+00:00,AVGO,AVGO260320P00130000,put,False,130.0,0.33,0.48,0.43,342.6499938964844,0.7490259472656251,0.0370259995532744,0.00688749465062872,2.0,1142.0,2025-11-13 18:51:05+00:00,98.14861111111111,0.405,0.33424657534246577
2025-11-17 21:00:00+00:00,2026-03-20 00:00:00+00:00,AVGO,AVGO260320P00135000,put,False,135.0,0.4,0.54,0.47,342.6499938964844,0.7368190380859375,0.0370259995532744,0.00688749465062872,1.0,2206.0,2025-11-17 16:53:27+00:00,4.109166666666667,0.47000000000000003,0.33424657534246577
2025-11-17 21:00:00+00:00,2026-03-20 00:00:00+00:00,AVGO,AVGO260320P00140000,put,False,140.0,0.46,0.61,0.57,342.6499938964844,0.7231472998046875,0.0370259995532744,0.00688749465062872,1.0,510.0,2025-11-10 18:51:12+00:00,170.14666666666668,0.535,0.33424657534246577
2025-11-17 21:00:00+00:00,2026-03-20 00:00:00+00:00,AVGO,AVGO260320P00145000,put,False,145.0,0.54,0.68,0.6,342.6499938964844,0.7106962524414062,0.0370259995532744,0.00688749465062872,1.0,1446.0,2025-11-12 15:40:14+00:00,125.32944444444445,0.6100000000000001,0.33424657534246577
2025-11-17 21:00:00+00:00,2026-03-20 00:00:00+00:00,AVGO,AVGO260320P00150000,put,False,150.0,0.65,0.77,0.7,342.6499938964844,0.7009307250976562,0.0370259995532744,0.00688749465062872,1.0,2775.0,2025-11-13 15:36:48+00:00,101.38666666666667,0.71,0.33424657534246577
2025-11-17 21:00:00+00:00,2026-03-20 00:00:00+00:00,AVGO,AVGO260320P00155000,put,False,155.0,0.73,0.87,0.82,342.6499938964844,0.6882355395507813,0.0370259995532744,0.00688749465062872,1.0,866.0,2025-11-10 18:09:47+00:00,170.83694444444444,0.8,0.33424657534246577
2025-11-17 21:00:00+00:00,2026-03-20 00:00:00+00:00,AVGO,AVGO260320P00160000,put,False,160.0,0.83,0.98,0.9,342.6499938964844,0.676761044921875,0.0370259995532744,0.00688749465062872,1.0,4448.0,2025-11-13 16:50:05+00:00,100.16527777777777,0.905,0.33424657534246577
2025-11-17 21:00:00+00:00,2026-03-20 00:00:00+00:00,AVGO,AVGO260320P00165000,put,False,165.0,0.99,1.1,1.1,342.6499938964844,0.6679720703125002,0.0370259995532744,0.00688749465062872,1.0,8025.0,2025-11-07 17:02:17+00:00,243.96194444444444,1.045,0.33424657534246577
2025-11-17 21:00:00+00:00,2026-03-20 00:00:00+00:00,AVGO,AVGO260320P00170000,put,False,170.0,1.13,1.24,1.6,342.6499938964844,0.6577182666015625,0.0370259995532744,0.00688749465062872,6.0,1743.0,2025-11-07 16:46:40+00:00,244.22222222222223,1.185,0.33424657534246577
2025-11-17 21:00:00+00:00,2026-03-20 00:00:00+00:00,AVGO,AVGO260320P00175000,put,False,175.0,1.25,1.39,1.4,342.6499938964844,0.6459996337890624,0.0370259995532744,0.00688749465062872,2.0,1353.0,2025-11-13 18:20:22+00:00,98.66055555555556,1.3199999999999998,0.33424657534246577
2025-11-17 21:00:00+00:00,2026-03-20 00:00:00+00:00,AVGO,AVGO260320P00180000,put,False,180.0,1.42,1.57,1.65,342.6499938964844,0.6367223828125,0.0370259995532744,0.00688749465062872,11.0,1224.0,2025-11-13 18:51:05+00:00,98.14861111111111,1.495,0.33424657534246577
2025-11-17 21:00:00+00:00,2026-03-20 00:00:00+00:00,AVGO,AVGO260320P00185000,put,False,185.0,1.62,1.76,1.83,342.6499938964844,0.6275672009277344,0.0370259995532744,0.00688749465062872,5.0,1127.0,2025-11-14 15:29:41+00:00,77.50527777777778,1.69,0.33424657534246577
2025-11-17 21:00:00+00:00,2026-03-20 00:00:00+00:00,AVGO,AVGO260320P00190000,put,False,190.0,1.87,1.98,1.96,342.6499938964844,0.6199989172363283,0.0370259995532744,0.00688749465062872,2.0,1210.0,2025-11-14 20:59:54+00:00,72.00166666666667,1.925,0.33424657534246577
2025-11-17 21:00:00+00:00,2026-03-20 00:00:00+00:00,AVGO,AVGO260320P00195000,put,False,195.0,2.11,2.23,2.14,342.6499938964844,0.611576149902344,0.0370259995532744,0.00688749465062872,10.0,725.0,2025-11-14 19:53:03+00:00,73.11583333333333,2.17,0.33424657534246577
2025-11-17 21:00:00+00:00,2026-03-20 00:00:00+00:00,AVGO,AVGO260320P00200000,put,False,200.0,2.33,2.5,2.29,342.6499938964844,0.6020547607421877,0.0370259995532744,0.00688749465062872,100.0,3421.0,2025-11-17 17:49:53+00:00,3.1686111111111113,2.415,0.33424657534246577
2025-11-17 21:00:00+00:00,2026-03-20 00:00:00+00:00,AVGO,AVGO260320P00210000,put,False,210.0,3.0,3.2,3.02,342.6499938964844,0.588993367919922,0.0370259995532744,0.00688749465062872,2.0,1489.0,2025-11-17 18:16:48+00:00,2.72,3.1,0.33424657534246577
2025-11-17 21:00:00+00:00,2026-03-20 00:00:00+00:00,AVGO,AVGO260320P00220000,put,False,220.0,3.8,4.0,3.95,342.6499938964844,0.5751385260009765,0.0370259995532744,0.00688749465062872,18.0,1315.0,2025-11-17 19:32:29+00:00,1.458611111111111,3.9,0.33424657534246577
2025-11-17 21:00:00+00:00,2026-03-20 00:00:00+00:00,AVGO,AVGO260320P00230000,put,False,230.0,4.8,5.0,4.63,342.6499938964844,0.5631147204589844,0.0370259995532744,0.00688749465062872,16.0,4424.0,2025-11-17 15:26:19+00:00,5.561388888888889,4.9,0.33424657534246577
2025-11-17 21:00:00+00:00,2026-03-20 00:00:00+00:00,AVGO,AVGO260320P00240000,put,False,240.0,6.0,6.25,6.43,342.6499938964844,0.5523116058349609,0.0370259995532744,0.00688749465062872,1650.0,2094.0,2025-11-14 20:33:32+00:00,72.44111111111111,6.125,0.33424657534246577
2025-11-17 21:00:00+00:00,2026-03-20 00:00:00+00:00,AVGO,AVGO260320P00250000,put,False,250.0,7.5,7.75,7.7,342.6499938964844,0.5430343548583985,0.0370259995532744,0.00688749465062872,171.0,6975.0,2025-11-17 20:58:47+00:00,0.020277777777777777,7.625,0.33424657534246577
2025-11-17 21:00:00+00:00,2026-03-20 00:00:00+00:00,AVGO,AVGO260320P00260000,put,False,260.0,9.25,9.5,9.5,342.6499938964844,0.5337876211547851,0.0370259995532744,0.00688749465062872,45.0,2094.0,2025-11-17 19:33:10+00:00,1.4472222222222222,9.375,0.33424657534246577
2025-11-17 21:00:00+00:00,2026-03-20 00:00:00+00:00,AVGO,AVGO260320P00270000,put,False,270.0,11.35,11.6,11.4,342.6499938964844,0.5260057165527343,0.0370259995532744,0.00688749465062872,74.0,1995.0,2025-11-17 19:07:06+00:00,1.8816666666666666,11.475,0.33424657534246577
2025-11-17 21:00:00+00:00,2026-03-20 00:00:00+00:00,AVGO,AVGO260320P00280000,put,False,280.0,13.8,14.05,14.43,342.6499938964844,0.5189257092285156,0.0370259995532744,0.00688749465062872,39.0,5002.0,2025-11-17 20:39:19+00:00,0.3447222222222222,13.925,0.33424657534246577
2025-11-17 21:00:00+00:00,2026-03-20 00:00:00+00:00,AVGO,AVGO260320P00290000,put,False,290.0,16.55,16.85,17.25,342.6499938964844,0.5116625982666017,0.0370259995532744,0.00688749465062872,83.0,2155.0,2025-11-17 20:28:47+00:00,0.5202777777777777,16.700000000000003,0.33424657534246577
2025-11-17 21:00:00+00:00,2026-03-20 00:00:00+00:00,AVGO,AVGO260320P00300000,put,False,300.0,19.75,20.05,19.9,342.6499938964844,0.5054981091308592,0.0370259995532744,0.00688749465062872,38.0,2807.0,2025-11-17 19:03:34+00:00,1.9405555555555556,19.9,0.33424657534246577
2025-11-17 21:00:00+00:00,2026-03-20 00:00:00+00:00,AVGO,AVGO260320P00310000,put,False,310.0,23.35,23.7,24.2,342.6499938964844,0.5024768991088868,0.0370259995532744,0.00688749465062872,51.0,2156.0,2025-11-17 19:42:28+00:00,1.2922222222222222,23.525,0.33424657534246577
2025-11-17 21:00:00+00:00,2026-03-20 00:00:00+00:00,AVGO,AVGO260320P00320000,put,False,320.0,27.4,27.75,28.3,342.6499938964844,0.49728896270751966,0.0370259995532744,0.00688749465062872,48.0,3722.0,2025-11-17 15:54:38+00:00,5.089444444444444,27.575,0.33424657534246577
2025-11-17 21:00:00+00:00,2026-03-20 00:00:00+00:00,AVGO,AVGO260320P00330000,put,False,330.0,31.85,32.2,32.92,342.6499938964844,0.4921315435791016,0.0370259995532744,0.00688749465062872,3.0,1515.0,2025-11-17 18:55:20+00:00,2.077777777777778,32.025000000000006,0.33424657534246577
2025-11-17 21:00:00+00:00,2026-03-20 00:00:00+00:00,AVGO,AVGO260320P00340000,put,False,340.0,36.8,37.15,37.8,342.6499938964844,0.48825584991455084,0.0370259995532744,0.00688749465062872,29.0,2194.0,2025-11-17 20:23:53+00:00,0.6019444444444444,36.974999999999994,0.33424657534246577
2025-11-17 21:00:00+00:00,2026-03-20 00:00:00+00:00,AVGO,AVGO260320P00350000,put,True,350.0,42.05,42.45,41.55,342.6499938964844,0.48375455215454105,0.0370259995532744,0.00688749465062872,3.0,930.0,2025-11-17 18:57:20+00:00,2.0444444444444443,42.25,0.33424657534246577
2025-11-17 21:00:00+00:00,2026-03-20 00:00:00+00:00,AVGO,AVGO260320P00360000,put,True,360.0,47.75,48.25,48.9,342.6499938964844,0.4806112730407715,0.0370259995532744,0.00688749465062872,6.0,544.0,2025-11-17 20:05:27+00:00,0.9091666666666667,48.0,0.33424657534246577
2025-11-17 21:00:00+00:00,2026-03-20 00:00:00+00:00,AVGO,AVGO260320P00370000,put,True,370.0,53.9,55.25,52.25,342.6499938964844,0.48790490127563485,0.0370259995532744,0.00688749465062872,2.0,753.0,2025-11-17 18:46:30+00:00,2.225,54.575,0.33424657534246577
2025-11-17 21:00:00+00:00,2026-03-20 00:00:00+00:00,AVGO,AVGO260320P00380000,put,True,380.0,60.4,61.9,61.5,342.6499938964844,0.48633326171875,0.0370259995532744,0.00688749465062872,30.0,441.0,2025-11-17 20:49:02+00:00,0.1827777777777778,61.15,0.33424657534246577
2025-11-17 21:00:00+00:00,2026-03-20 00:00:00+00:00,AVGO,AVGO260320P00390000,put,True,390.0,67.25,68.85,67.8,342.6499938964844,0.48434963897705086,0.0370259995532744,0.00688749465062872,18.0,248.0,2025-11-17 18:25:44+00:00,2.571111111111111,68.05,0.33424657534246577
2025-11-17 21:00:00+00:00,2026-03-20 00:00:00+00:00,AVGO,AVGO260320P00400000,put,True,400.0,74.4,76.6,76.5,342.6499938964844,0.48901878173828134,0.0370259995532744,0.00688749465062872,3.0,242.0,2025-11-14 16:20:41+00:00,76.65527777777778,75.5,0.33424657534246577
2025-11-17 21:00:00+00:00,2026-03-20 00:00:00+00:00,AVGO,AVGO260320P00410000,put,True,410.0,81.85,83.9,80.9,342.6499938964844,0.4837087762451172,0.0370259995532744,0.00688749465062872,17.0,95.0,2025-11-17 18:25:44+00:00,2.571111111111111,82.875,0.33424657534246577
2025-11-17 21:00:00+00:00,2026-03-20 00:00:00+00:00,AVGO,AVGO260320P00420000,put,True,420.0,89.55,91.05,95.33,342.6499938964844,0.47174600524902344,0.0370259995532744,0.00688749465062872,1.0,25.0,2025-11-14 15:15:32+00:00,77.74111111111111,90.3,0.33424657534246577
2025-11-17 21:00:00+00:00,2026-03-20 00:00:00+00:00,AVGO,AVGO260320P00430000,put,True,430.0,97.6,99.15,85.45,342.6499938964844,0.4698234170532227,0.0370259995532744,0.00688749465062872,5.0,2.0,2025-11-05 18:33:32+00:00,290.4411111111111,98.375,0.33424657534246577
2025-11-17 21:00:00+00:00,2026-03-20 00:00:00+00:00,AVGO,AVGO260320P00440000,put,True,440.0,106.0,107.9,80.84,342.6499938964844,0.47510290527343746,0.0370259995532744,0.00688749465062872,1.0,3.0,2025-10-29 15:49:16+00:00,461.1788888888889,106.95,0.33424657534246577
2025-11-17 21:00:00+00:00,2026-03-20 00:00:00+00:00,AVGO,AVGO260320P00450000,put,True,450.0,114.05,116.7,108.08,342.6499938964844,0.47852083984375,0.0370259995532744,0.00688749465062872,3.0,69.0,2025-10-30 15:38:44+00:00,437.3544444444444,115.375,0.33424657534246577
2025-11-17 21:00:00+00:00,2026-03-20 00:00:00+00:00,AVGO,AVGO260320P00460000,put,True,460.0,122.75,125.3,96.68,342.6499938964844,0.4752860089111328,0.0370259995532744,0.00688749465062872,1.0,12.0,2025-10-29 16:29:37+00:00,460.50638888888886,124.025,0.33424657534246577
2025-11-17 21:00:00+00:00,2026-03-20 00:00:00+00:00,AVGO,AVGO260320P00470000,put,True,470.0,131.85,133.8,116.35,342.6499938964844,0.4661308270263672,0.0370259995532744,0.00688749465062872,2.0,30.0,2025-11-05 15:51:30+00:00,293.14166666666665,132.825,0.33424657534246577
2025-11-17 21:00:00+00:00,2026-03-20 00:00:00+00:00,AVGO,AVGO260320P00480000,put,True,480.0,141.0,142.9,145.3,342.6499938964844,0.4660697924804688,0.0370259995532744,0.00688749465062872,1.0,2.0,2025-11-13 17:54:09+00:00,99.0975,141.95,0.33424657534246577
2025-11-17 21:00:00+00:00,2026-03-20 00:00:00+00:00,AVGO,AVGO260320P00500000,put,True,500.0,159.4,161.35,164.7,342.6499938964844,0.46344530700683595,0.0370259995532744,0.00688749465062872,1.0,2.0,2025-11-13 17:52:43+00:00,99.12138888888889,160.375,0.33424657534246577
2025-11-17 21:00:00+00:00,2026-03-20 00:00:00+00:00,AVGO,AVGO260320P00510000,put,True,510.0,168.65,170.7,160.4,342.6499938964844,0.4611259942626954,0.0370259995532744,0.00688749465062872,3.0,3.0,2025-10-13 13:56:17+00:00,847.0619444444444,169.675,0.33424657534246577
2025-11-17 21:00:00+00:00,2026-03-20 00:00:00+00:00,AVGO,AVGO260320P00520000,put,True,520.0,177.45,180.75,144.66,342.6499938964844,0.4790701507568359,0.0370259995532744,0.00688749465062872,6.0,7.0,2025-10-29 19:29:49+00:00,457.50305555555553,179.1,0.33424657534246577
2025-11-17 21:00:00+00:00,2026-03-20 00:00:00+00:00,AVGO,AVGO260320P00530000,put,True,530.0,187.35,190.35,153.53,342.6499938964844,0.4815725671386719,0.0370259995532744,0.00688749465062872,6.0,49.0,2025-10-29 19:29:49+00:00,457.50305555555553,188.85,0.33424657534246577
2025-11-17 21:00:00+00:00,2026-03-20 00:00:00+00:00,AVGO,AVGO260320P00540000,put,True,540.0,196.9,200.0,202.2,342.6499938964844,0.4840139489746094,0.0370259995532744,0.00688749465062872,1.0,1.0,2025-11-14 14:56:25+00:00,78.05972222222222,198.45,0.33424657534246577
2025-11-17 21:00:00+00:00,2026-03-20 00:00:00+00:00,AVGO,AVGO260320P00560000,put,True,560.0,216.5,219.6,221.4,342.6499938964844,0.49658706542968756,0.0370259995532744,0.00688749465062872,1.0,1.0,2025-11-14 14:56:57+00:00,78.05083333333333,218.05,0.33424657534246577
2025-11-17 21:00:00+00:00,2026-04-17 00:00:00+00:00,AVGO,AVGO260417C00150000,call,True,150.0,193.55,196.75,207.45,342.6499938964844,0.7922384057617188,0.0370259995532744,0.00688749465062872,,3.0,2025-10-15 18:11:44+00:00,794.8044444444445,195.15,0.410958904109589
2025-11-17 21:00:00+00:00,2026-04-17 00:00:00+00:00,AVGO,AVGO260417C00160000,call,True,160.0,184.55,187.45,176.84,342.6499938964844,0.7861349511718749,0.0370259995532744,0.00688749465062872,1.0,0.0,2025-11-14 14:42:38+00:00,78.28944444444444,186.0,0.410958904109589
2025-11-17 21:00:00+00:00,2026-04-17 00:00:00+00:00,AVGO,AVGO260417C00170000,call,True,170.0,175.05,177.65,199.0,342.6499938964844,0.7489038781738282,0.0370259995532744,0.00688749465062872,2.0,3.0,2025-10-28 15:38:58+00:00,485.35055555555556,176.35000000000002,0.410958904109589
2025-11-17 21:00:00+00:00,2026-04-17 00:00:00+00:00,AVGO,AVGO260417C00175000,call,True,175.0,178.55,181.5,174.1,342.6499938964844,1.020604262237549,0.0370259995532744,0.00688749465062872,1.0,2.0,2025-09-17 18:53:42+00:00,1466.105,180.025,0.410958904109589
2025-11-17 21:00:00+00:00,2026-04-17 00:00:00+00:00,AVGO,AVGO260417C00180000,call,True,180.0,165.65,168.25,158.23,342.6499938964844,0.7227200579833983,0.0370259995532744,0.00688749465062872,1.0,6.0,2025-11-14 14:42:38+00:00,78.28944444444444,166.95,0.410958904109589
2025-11-17 21:00:00+00:00,2026-04-17 00:00:00+00:00,AVGO,AVGO260417C00185000,call,True,185.0,160.8,163.2,185.29,342.6499938964844,0.6988555505371095,0.0370259995532744,0.00688749465062872,,1.0,2025-10-28 13:33:40+00:00,487.43888888888887,162.0,0.410958904109589
2025-11-17 21:00:00+00:00,2026-04-17 00:00:00+00:00,AVGO,AVGO260417C00190000,call,True,190.0,156.15,158.85,173.1,342.6499938964844,0.6928741650390625,0.0370259995532744,0.00688749465062872,,3.0,2025-11-04 18:32:42+00:00,314.455,157.5,0.410958904109589
2025-11-17 21:00:00+00:00,2026-04-17 00:00:00+00:00,AVGO,AVGO260417C00195000,call,True,195.0,151.7,154.05,164.75,342.6499938964844,0.681216566772461,0.0370259995532744,0.00688749465062872,1.0,31.0,2025-11-12 18:23:47+00:00,122.6036111111111,152.875,0.410958904109589
2025-11-17 21:00:00+00:00,2026-04-17 00:00:00+00:00,AVGO,AVGO260417C00200000,call,True,200.0,147.15,149.75,163.17,342.6499938964844,0.6755403540039064,0.0370259995532744,0.00688749465062872,1.0,12.0,2025-11-10 14:39:44+00:00,174.33777777777777,148.45,0.410958904109589
2025-11-17 21:00:00+00:00,2026-04-17 00:00:00+00:00,AVGO,AVGO260417C00210000,call,True,210.0,137.6,140.5,144.65,342.6499938964844,0.6445348046875,0.0370259995532744,0.00688749465062872,1.0,91.0,2025-11-07 15:03:35+00:00,245.94027777777777,139.05,0.410958904109589
2025-11-17 21:00:00+00:00,2026-04-17 00:00:00+00:00,AVGO,AVGO260417C00220000,call,True,220.0,128.8,131.7,142.6,342.6499938964844,0.6290015127563476,0.0370259995532744,0.00688749465062872,5.0,18.0,2025-11-11 17:03:52+00:00,147.93555555555557,130.25,0.410958904109589
2025-11-17 21:00:00+00:00,2026-04-17 00:00:00+00:00,AVGO,AVGO260417C00230000,call,True,230.0,120.15,122.95,122.4,342.6499938964844,0.6123695989990237,0.0370259995532744,0.00688749465062872,1.0,92.0,2025-11-14 19:18:32+00:00,73.69111111111111,121.55000000000001,0.410958904109589
2025-11-17 21:00:00+00:00,2026-04-17 00:00:00+00:00,AVGO,AVGO260417C00240000,call,True,240.0,111.75,114.6,127.35,342.6499938964844,0.5995523443603517,0.0370259995532744,0.00688749465062872,3.0,35.0,2025-11-10 15:19:37+00:00,173.67305555555555,113.175,0.410958904109589
2025-11-17 21:00:00+00:00,2026-04-17 00:00:00+00:00,AVGO,AVGO260417C00250000,call,True,250.0,103.9,106.5,95.78,342.6499938964844,0.5906413006591797,0.0370259995532744,0.00688749465062872,2.0,183.0,2025-11-14 14:34:31+00:00,78.42472222222223,105.2,0.410958904109589
2025-11-17 21:00:00+00:00,2026-04-17 00:00:00+00:00,AVGO,AVGO260417C00260000,call,True,260.0,95.85,98.7,98.48,342.6499938964844,0.5783123223876954,0.0370259995532744,0.00688749465062872,15.0,221.0,2025-11-14 16:55:20+00:00,76.07777777777778,97.275,0.410958904109589
2025-11-17 21:00:00+00:00,2026-04-17 00:00:00+00:00,AVGO,AVGO260417C00270000,call,True,270.0,88.35,90.95,84.45,342.6499938964844,0.5671735177612305,0.0370259995532744,0.00688749465062872,2.0,92.0,2025-11-14 14:46:00+00:00,78.23333333333333,89.65,0.410958904109589
2025-11-17 21:00:00+00:00,2026-04-17 00:00:00+00:00,AVGO,AVGO260417C00280000,call,True,280.0,81.75,83.8,82.07,342.6499938964844,0.5635114450073243,0.0370259995532744,0.00688749465062872,3.0,251.0,2025-11-17 19:34:00+00:00,1.4333333333333333,82.775,0.410958904109589
2025-11-17 21:00:00+00:00,2026-04-17 00:00:00+00:00,AVGO,AVGO260417C00290000,call,True,290.0,74.95,76.95,76.2,342.6499938964844,0.5559126440429689,0.0370259995532744,0.00688749465062872,6.0,82.0,2025-11-14 19:19:50+00:00,73.66944444444445,75.95,0.410958904109589
2025-11-17 21:00:00+00:00,2026-04-17 00:00:00+00:00,AVGO,AVGO260417C00300000,call,True,300.0,68.0,70.45,75.75,342.6499938964844,0.545628323059082,0.0370259995532744,0.00688749465062872,1.0,298.0,2025-11-14 15:02:37+00:00,77.9563888888889,69.225,0.410958904109589
2025-11-17 21:00:00+00:00,2026-04-17 00:00:00+00:00,AVGO,AVGO260417C00310000,call,True,310.0,61.85,63.85,58.9,342.6499938964844,0.5360916752624512,0.0370259995532744,0.00688749465062872,2.0,131.0,2025-11-14 15:03:13+00:00,77.94638888888889,62.85,0.410958904109589
2025-11-17 21:00:00+00:00,2026-04-17 00:00:00+00:00,AVGO,AVGO260417C00320000,call,True,320.0,56.3,58.35,57.35,342.6499938964844,0.5331772756958008,0.0370259995532744,0.00688749465062872,6.0,276.0,2025-11-14 20:33:13+00:00,72.44638888888889,57.325,0.410958904109589
2025-11-17 21:00:00+00:00,2026-04-17 00:00:00+00:00,AVGO,AVGO260417C00330000,call,True,330.0,51.5,53.2,54.2,342.6499938964844,0.5326737406921387,0.0370259995532744,0.00688749465062872,1.0,388.0,2025-11-14 20:33:13+00:00,72.44638888888889,52.35,0.410958904109589
2025-11-17 21:00:00+00:00,2026-04-17 00:00:00+00:00,AVGO,AVGO260417C00340000,call,True,340.0,47.25,48.7,47.8,342.6499938964844,0.5350693466186524,0.0370259995532744,0.00688749465062872,7.0,254.0,2025-11-17 19:10:37+00:00,1.8230555555555557,47.975,0.410958904109589
2025-11-17 21:00:00+00:00,2026-04-17 00:00:00+00:00,AVGO,AVGO260417C00350000,call,False,350.0,42.8,43.15,43.55,342.6499938964844,0.526371923828125,0.0370259995532744,0.00688749465062872,16.0,1041.0,2025-11-17 19:11:57+00:00,1.8008333333333333,42.974999999999994,0.410958904109589
2025-11-17 21:00:00+00:00,2026-04-17 00:00:00+00:00,AVGO,AVGO260417C00360000,call,False,360.0,38.6,38.95,40.8,342.6499938964844,0.5231981274414061,0.0370259995532744,0.00688749465062872,6.0,924.0,2025-11-17 15:13:14+00:00,5.779444444444445,38.775000000000006,0.410958904109589
2025-11-17 21:00:00+00:00,2026-04-17 00:00:00+00:00,AVGO,AVGO260417C00370000,call,False,370.0,34.75,35.15,34.65,342.6499938964844,0.5207567456054687,0.0370259995532744,0.00688749465062872,5.0,1494.0,2025-11-17 16:46:25+00:00,4.226388888888889,34.95,0.410958904109589
2025-11-17 21:00:00+00:00,2026-04-17 00:00:00+00:00,AVGO,AVGO260417C00380000,call,False,380.0,31.3,31.6,31.4,342.6499938964844,0.5185900192260743,0.0370259995532744,0.00688749465062872,16.0,491.0,2025-11-17 19:48:37+00:00,1.1897222222222221,31.450000000000003,0.410958904109589
2025-11-17 21:00:00+00:00,2026-04-17 00:00:00+00:00,AVGO,AVGO260417C00390000,call,False,390.0,28.1,28.45,28.43,342.6499938964844,0.5169115692138673,0.0370259995532744,0.00688749465062872,4.0,348.0,2025-11-17 19:10:37+00:00,1.8230555555555557,28.275,0.410958904109589
2025-11-17 21:00:00+00:00,2026-04-17 00:00:00+00:00,AVGO,AVGO260417C00400000,call,False,400.0,25.2,25.55,25.0,342.6499938964844,0.5152941537475585,0.0370259995532744,0.00688749465062872,31.0,878.0,2025-11-17 20:51:25+00:00,0.14305555555555555,25.375,0.410958904109589
2025-11-17 21:00:00+00:00,2026-04-17 00:00:00+00:00,AVGO,AVGO260417C00410000,call,False,410.0,22.6,22.9,23.25,342.6499938964844,0.513951393737793,0.0370259995532744,0.00688749465062872,21.0,192.0,2025-11-17 16:23:09+00:00,4.614166666666667,22.75,0.410958904109589
2025-11-17 21:00:00+00:00,2026-04-17 00:00:00+00:00,AVGO,AVGO260417C00420000,call,False,420.0,20.3,20.6,20.32,342.6499938964844,0.5137377728271484,0.0370259995532744,0.00688749465062872,29.0,2272.0,2025-11-17 19:06:09+00:00,1.8975,20.450000000000003,0.410958904109589
2025-11-17 21:00:00+00:00,2026-04-17 00:00:00+00:00,AVGO,AVGO260417C00430000,call,False,430.0,18.15,18.5,17.65,342.6499938964844,0.5130053582763672,0.0370259995532744,0.00688749465062872,68.0,272.0,2025-11-17 20:40:33+00:00,0.32416666666666666,18.325,0.410958904109589
2025-11-17 21:00:00+00:00,2026-04-17 00:00:00+00:00,AVGO,AVGO260417C00440000,call,False,440.0,16.3,16.55,17.2,342.6499938964844,0.5126391510009765,0.0370259995532744,0.00688749465062872,21.0,545.0,2025-11-17 17:38:46+00:00,3.3538888888888887,16.425,0.410958904109589
2025-11-17 21:00:00+00:00,2026-04-17 00:00:00+00:00,AVGO,AVGO260417C00450000,call,False,450.0,14.6,14.85,14.89,342.6499938964844,0.5125475991821288,0.0370259995532744,0.00688749465062872,21.0,622.0,2025-11-17 18:36:44+00:00,2.387777777777778,14.725,0.410958904109589
2025-11-17 21:00:00+00:00,2026-04-17 00:00:00+00:00,AVGO,AVGO260417C00460000,call,False,460.0,13.05,13.35,13.6,342.6499938964844,0.512578116455078,0.0370259995532744,0.00688749465062872,9.0,187.0,2025-11-17 17:53:04+00:00,3.1155555555555554,13.2,0.410958904109589
2025-11-17 21:00:00+00:00,2026-04-17 00:00:00+00:00,AVGO,AVGO260417C00470000,call,False,470.0,11.7,12.0,12.05,342.6499938964844,0.5130053582763672,0.0370259995532744,0.00688749465062872,6.0,172.0,2025-11-17 16:24:15+00:00,4.595833333333333,11.85,0.410958904109589
2025-11-17 21:00:00+00:00,2026-04-17 00:00:00+00:00,AVGO,AVGO260417C00480000,call,False,480.0,10.5,10.75,11.23,342.6499938964844,0.51328001373291,0.0370259995532744,0.00688749465062872,7.0,264.0,2025-11-17 17:12:34+00:00,3.7905555555555557,10.625,0.410958904109589
2025-11-17 21:00:00+00:00,2026-04-17 00:00:00+00:00,AVGO,AVGO260417C00490000,call,False,490.0,9.4,9.65,9.83,342.6499938964844,0.5135851864624023,0.0370259995532744,0.00688749465062872,4.0,298.0,2025-11-17 15:11:34+00:00,5.807222222222222,9.525,0.410958904109589
2025-11-17 21:00:00+00:00,2026-04-17 00:00:00+00:00,AVGO,AVGO260417C00500000,call,False,500.0,8.45,8.7,8.39,342.6499938964844,0.5145922564697265,0.0370259995532744,0.00688749465062872,10.0,360.0,2025-11-17 19:32:42+00:00,1.455,8.575,0.410958904109589
2025-11-17 21:00:00+00:00,2026-04-17 00:00:00+00:00,AVGO,AVGO260417C00510000,call,False,510.0,7.55,7.8,7.5,342.6499938964844,0.5147143255615234,0.0370259995532744,0.00688749465062872,9.0,71.0,2025-11-17 16:17:14+00:00,4.712777777777778,7.675,0.410958904109589
2025-11-17 21:00:00+00:00,2026-04-17 00:00:00+00:00,AVGO,AVGO260417C00520000,call,False,520.0,6.8,7.05,6.9,342.6499938964844,0.5160570855712892,0.0370259995532744,0.00688749465062872,12.0,160.0,2025-11-17 17:03:52+00:00,3.9355555555555557,6.925,0.410958904109589
2025-11-17 21:00:00+00:00,2026-04-17 00:00:00+00:00,AVGO,AVGO260417C00530000,call,False,530.0,6.1,6.35,6.64,342.6499938964844,0.5167895001220704,0.0370259995532744,0.00688749465062872,4.0,445.0,2025-11-17 17:09:45+00:00,3.8375,6.225,0.410958904109589
2025-11-17 21:00:00+00:00,2026-04-17 00:00:00+00:00,AVGO,AVGO260417C00540000,call,False,540.0,5.5,5.7,6.0,342.6499938964844,0.51758294921875,0.0370259995532744,0.00688749465062872,4.0,24.0,2025-11-17 17:07:58+00:00,3.8672222222222223,5.6,0.410958904109589
2025-11-17 21:00:00+00:00,2026-04-17 00:00:00+00:00,AVGO,AVGO260417C00560000,call,False,560.0,4.45,4.65,5.15,342.6499938964844,0.5195970892333983,0.0370259995532744,0.00688749465062872,1.0,56.0,2025-11-14 20:57:57+00:00,72.03416666666666,4.550000000000001,0.410958904109589
2025-11-17 21:00:00+00:00,2026-04-17 00:00:00+00:00,AVGO,AVGO260417P00150000,put,False,150.0,0.9,1.06,1.1,342.6499938964844,0.6660189648437502,0.0370259995532744,0.00688749465062872,15.0,186.0,2025-10-31 14:01:43+00:00,414.9713888888889,0.98,0.410958904109589
2025-11-17 21:00:00+00:00,2026-04-17 00:00:00+00:00,AVGO,AVGO260417P00155000,put,False,155.0,1.08,1.2,2.28,342.6499938964844,0.6588168884277343,0.0370259995532744,0.00688749465062872,1.0,26.0,2025-10-10 19:39:40+00:00,913.3388888888888,1.1400000000000001,0.410958904109589
2025-11-17 21:00:00+00:00,2026-04-17 00:00:00+00:00,AVGO,AVGO260417P00160000,put,False,160.0,1.17,1.32,1.14,342.6499938964844,0.6449010119628906,0.0370259995532744,0.00688749465062872,1.0,33.0,2025-11-17 14:54:41+00:00,6.088611111111111,1.245,0.410958904109589
2025-11-17 21:00:00+00:00,2026-04-17 00:00:00+00:00,AVGO,AVGO260417P00165000,put,False,165.0,1.32,1.48,1.94,342.6499938964844,0.634891346435547,0.0370259995532744,0.00688749465062872,16.0,30.0,2025-11-07 18:05:55+00:00,242.9013888888889,1.4,0.410958904109589
2025-11-17 21:00:00+00:00,2026-04-17 00:00:00+00:00,AVGO,AVGO260417P00170000,put,False,170.0,1.49,1.65,1.95,342.6499938964844,0.6250037500000001,0.0370259995532744,0.00688749465062872,1.0,6.0,2025-10-24 13:44:46+00:00,583.2538888888889,1.5699999999999998,0.410958904109589
2025-11-17 21:00:00+00:00,2026-04-17 00:00:00+00:00,AVGO,AVGO260417P00175000,put,False,175.0,1.68,1.84,1.81,342.6499938964844,0.6156044299316408,0.0370259995532744,0.00688749465062872,1.0,43.0,2025-10-28 17:52:26+00:00,483.12611111111113,1.76,0.410958904109589
2025-11-17 21:00:00+00:00,2026-04-17 00:00:00+00:00,AVGO,AVGO260417P00180000,put,False,180.0,1.75,2.06,2.44,342.6499938964844,0.6024209680175783,0.0370259995532744,0.00688749465062872,20.0,92.0,2025-11-07 15:45:24+00:00,245.24333333333334,1.905,0.410958904109589
2025-11-17 21:00:00+00:00,2026-04-17 00:00:00+00:00,AVGO,AVGO260417P00185000,put,False,185.0,2.13,2.3,2.07,342.6499938964844,0.5985147570800782,0.0370259995532744,0.00688749465062872,30.0,255.0,2025-11-13 16:02:44+00:00,100.95444444444445,2.215,0.410958904109589
2025-11-17 21:00:00+00:00,2026-04-17 00:00:00+00:00,AVGO,AVGO260417P00190000,put,False,190.0,2.39,2.57,2.53,342.6499938964844,0.5903361279296876,0.0370259995532744,0.00688749465062872,10.0,119.0,2025-11-10 15:22:07+00:00,173.6313888888889,2.48,0.410958904109589
2025-11-17 21:00:00+00:00,2026-04-17 00:00:00+00:00,AVGO,AVGO260417P00195000,put,False,195.0,2.54,2.87,3.65,342.6499938964844,0.5792278405761719,0.0370259995532744,0.00688749465062872,17.0,66.0,2025-11-07 17:15:58+00:00,243.73388888888888,2.705,0.410958904109589
2025-11-17 21:00:00+00:00,2026-04-17 00:00:00+00:00,AVGO,AVGO260417P00200000,put,False,200.0,2.87,3.25,3.9,342.6499938964844,0.573368524169922,0.0370259995532744,0.00688749465062872,151.0,271.0,2025-11-07 18:16:28+00:00,242.72555555555556,3.06,0.410958904109589
2025-11-17 21:00:00+00:00,2026-04-17 00:00:00+00:00,AVGO,AVGO260417P00210000,put,False,210.0,3.8,4.0,4.64,342.6499938964844,0.5626874786376954,0.0370259995532744,0.00688749465062872,3.0,378.0,2025-11-14 14:35:44+00:00,78.40444444444445,3.9,0.410958904109589
2025-11-17 21:00:00+00:00,2026-04-17 00:00:00+00:00,AVGO,AVGO260417P00220000,put,False,220.0,4.75,5.0,4.8,342.6499938964844,0.5512740185546876,0.0370259995532744,0.00688749465062872,1.0,655.0,2025-11-14 15:31:02+00:00,77.48277777777778,4.875,0.410958904109589
2025-11-17 21:00:00+00:00,2026-04-17 00:00:00+00:00,AVGO,AVGO260417P00230000,put,False,230.0,5.95,6.2,6.66,342.6499938964844,0.5414474566650394,0.0370259995532744,0.00688749465062872,3.0,1225.0,2025-11-13 16:20:38+00:00,100.65611111111112,6.075,0.410958904109589
2025-11-17 21:00:00+00:00,2026-04-17 00:00:00+00:00,AVGO,AVGO260417P00240000,put,False,240.0,7.4,7.65,7.56,342.6499938964844,0.5328415856933593,0.0370259995532744,0.00688749465062872,1.0,418.0,2025-11-14 18:27:15+00:00,74.54583333333333,7.525,0.410958904109589
2025-11-17 21:00:00+00:00,2026-04-17 00:00:00+00:00,AVGO,AVGO260417P00250000,put,False,250.0,9.05,9.35,9.36,342.6499938964844,0.5240526110839843,0.0370259995532744,0.00688749465062872,8.0,1531.0,2025-11-17 17:12:34+00:00,3.7905555555555557,9.2,0.410958904109589
2025-11-17 21:00:00+00:00,2026-04-17 00:00:00+00:00,AVGO,AVGO260417P00260000,put,False,260.0,11.0,11.3,11.6,342.6499938964844,0.5157824301147461,0.0370259995532744,0.00688749465062872,52.0,399.0,2025-11-17 20:43:18+00:00,0.2783333333333333,11.15,0.410958904109589
2025-11-17 21:00:00+00:00,2026-04-17 00:00:00+00:00,AVGO,AVGO260417P00270000,put,False,270.0,13.3,13.6,13.0,342.6499938964844,0.508793974609375,0.0370259995532744,0.00688749465062872,2.0,2127.0,2025-11-14 18:18:59+00:00,74.6836111111111,13.45,0.410958904109589
2025-11-17 21:00:00+00:00,2026-04-17 00:00:00+00:00,AVGO,AVGO260417P00280000,put,False,280.0,15.9,16.25,15.85,342.6499938964844,0.5021412091064454,0.0370259995532744,0.00688749465062872,14.0,1454.0,2025-11-17 18:12:01+00:00,2.799722222222222,16.075,0.410958904109589
2025-11-17 21:00:00+00:00,2026-04-17 00:00:00+00:00,AVGO,AVGO260417P00290000,put,False,290.0,18.9,19.2,19.26,342.6499938964844,0.49802137725830087,0.0370259995532744,0.00688749465062872,1.0,967.0,2025-11-14 17:06:42+00:00,75.88833333333334,19.049999999999997,0.410958904109589
2025-11-17 21:00:00+00:00,2026-04-17 00:00:00+00:00,AVGO,AVGO260417P00300000,put,False,300.0,22.25,22.55,22.0,342.6499938964844,0.49207050903320315,0.0370259995532744,0.00688749465062872,6.0,1962.0,2025-11-17 18:32:32+00:00,2.457777777777778,22.4,0.410958904109589
2025-11-17 21:00:00+00:00,2026-04-17 00:00:00+00:00,AVGO,AVGO260417P00310000,put,False,310.0,26.0,26.35,25.9,342.6499938964844,0.4873708489990235,0.0370259995532744,0.00688749465062872,29.0,1331.0,2025-11-14 19:42:05+00:00,73.29861111111111,26.175,0.410958904109589
2025-11-17 21:00:00+00:00,2026-04-17 00:00:00+00:00,AVGO,AVGO260417P00320000,put,False,320.0,30.15,30.5,30.58,342.6499938964844,0.48242705078125003,0.0370259995532744,0.00688749465062872,7.0,913.0,2025-11-17 20:59:43+00:00,0.004722222222222222,30.325,0.410958904109589
2025-11-17 21:00:00+00:00,2026-04-17 00:00:00+00:00,AVGO,AVGO260417P00330000,put,False,330.0,34.7,35.05,33.9,342.6499938964844,0.4778494598388672,0.0370259995532744,0.00688749465062872,5.0,575.0,2025-11-17 18:44:16+00:00,2.2622222222222224,34.875,0.410958904109589
2025-11-17 21:00:00+00:00,2026-04-17 00:00:00+00:00,AVGO,AVGO260417P00340000,put,False,340.0,39.65,40.1,38.3,342.6499938964844,0.47475195663452147,0.0370259995532744,0.00688749465062872,8.0,773.0,2025-11-17 15:39:33+00:00,5.340833333333333,39.875,0.410958904109589
2025-11-17 21:00:00+00:00,2026-04-17 00:00:00+00:00,AVGO,AVGO260417P00350000,put,True,350.0,44.95,45.65,46.27,342.6499938964844,0.4731192825317383,0.0370259995532744,0.00688749465062872,14.0,853.0,2025-11-17 18:01:51+00:00,2.9691666666666667,45.3,0.410958904109589
2025-11-17 21:00:00+00:00,2026-04-17 00:00:00+00:00,AVGO,AVGO260417P00360000,put,True,360.0,50.65,51.15,47.0,342.6499938964844,0.4667869483947754,0.0370259995532744,0.00688749465062872,2.0,620.0,2025-11-14 18:51:54+00:00,74.135,50.9,0.410958904109589
2025-11-17 21:00:00+00:00,2026-04-17 00:00:00+00:00,AVGO,AVGO260417P00370000,put,True,370.0,56.75,58.2,61.14,342.6499938964844,0.47414161117553716,0.0370259995532744,0.00688749465062872,5.0,177.0,2025-11-14 15:09:58+00:00,77.8338888888889,57.475,0.410958904109589
2025-11-17 21:00:00+00:00,2026-04-17 00:00:00+00:00,AVGO,AVGO260417P00380000,put,True,380.0,63.15,63.65,62.45,342.6499938964844,0.4593254751586915,0.0370259995532744,0.00688749465062872,15.0,128.0,2025-11-17 18:25:44+00:00,2.571111111111111,63.4,0.410958904109589
2025-11-17 21:00:00+00:00,2026-04-17 00:00:00+00:00,AVGO,AVGO260417P00390000,put,True,390.0,69.9,70.45,74.75,342.6499938964844,0.4562432305908204,0.0370259995532744,0.00688749465062872,2.0,179.0,2025-11-14 15:10:18+00:00,77.82833333333333,70.17500000000001,0.410958904109589
2025-11-17 21:00:00+00:00,2026-04-17 00:00:00+00:00,AVGO,AVGO260417P00400000,put,True,400.0,76.4,78.45,76.21,342.6499938964844,0.46405565246582037,0.0370259995532744,0.00688749465062872,20.0,50.0,2025-11-17 18:25:44+00:00,2.571111111111111,77.42500000000001,0.410958904109589
2025-11-17 21:00:00+00:00,2026-04-17 00:00:00+00:00,AVGO,AVGO260417P00410000,put,True,410.0,84.3,86.4,73.95,342.6499938964844,0.4683585879516602,0.0370259995532744,0.00688749465062872,2.0,27.0,2025-11-03 20:57:36+00:00,336.04,85.35,0.410958904109589
2025-11-17 21:00:00+00:00,2026-04-17 00:00:00+00:00,AVGO,AVGO260417P00420000,put,True,420.0,91.9,94.05,97.5,342.6499938964844,0.4658714302062989,0.0370259995532744,0.00688749465062872,1.0,13.0,2025-11-13 18:58:27+00:00,98.02583333333334,92.975,0.410958904109589
2025-11-17 21:00:00+00:00,2026-04-17 00:00:00+00:00,AVGO,AVGO260417P00450000,put,True,450.0,116.2,118.65,93.0,342.6499938964844,0.46259082336425783,0.0370259995532744,0.00688749465062872,,1.0,2025-10-29 18:16:02+00:00,458.73277777777776,117.42500000000001,0.410958904109589
2025-11-17 21:00:00+00:00,2026-04-17 00:00:00+00:00,AVGO,AVGO260417P00460000,put,True,460.0,124.65,126.35,113.15,342.6499938964844,0.446996496887207,0.0370259995532744,0.00688749465062872,2.0,6.0,2025-10-16 14:34:40+00:00,774.4222222222222,125.5,0.410958904109589
2025-11-17 21:00:00+00:00,2026-04-17 00:00:00+00:00,AVGO,AVGO260417P00470000,put,True,470.0,132.9,136.0,121.85,342.6499938964844,0.46094289062500005,0.0370259995532744,0.00688749465062872,3.0,8.0,2025-11-06 19:16:41+00:00,265.72194444444443,134.45,0.410958904109589
2025-11-17 21:00:00+00:00,2026-04-17 00:00:00+00:00,AVGO,AVGO260417P00480000,put,True,480.0,142.05,144.9,116.38,342.6499938964844,0.4601494415283204,0.0370259995532744,0.00688749465062872,3.0,16.0,2025-10-30 18:38:54+00:00,434.3516666666667,143.47500000000002,0.410958904109589
2025-11-17 21:00:00+00:00,2026-04-17 00:00:00+00:00,AVGO,AVGO260417P00510000,put,True,510.0,186.35,187.65,146.4,342.6499938964844,0.7067442655944824,0.0370259995532744,0.00688749465062872,,10.0,2025-09-10 14:46:53+00:00,1638.2186111111112,187.0,0.410958904109589
2025-11-17 21:00:00+00:00,2026-04-17 00:00:00+00:00,AVGO,AVGO260417P00520000,put,True,520.0,179.1,181.25,165.1,342.6499938964844,0.446294599609375,0.0370259995532744,0.00688749465062872,4.0,0.0,2025-11-10 20:24:23+00:00,168.5936111111111,180.175,0.410958904109589
2025-11-17 21:00:00+00:00,2026-04-17 00:00:00+00:00,AVGO,AVGO260417P00530000,put,True,530.0,188.6,191.05,174.33,342.6499938964844,0.45538874694824216,0.0370259995532744,0.00688749465062872,4.0,1.0,2025-11-10 20:24:23+00:00,168.5936111111111,189.825,0.410958904109589
2025-11-17 21:00:00+00:00,2026-04-17 00:00:00+00:00,AVGO,AVGO260417P00560000,put,True,560.0,217.0,219.95,186.75,342.6499938964844,0.4611870288085938,0.0370259995532744,0.00688749465062872,,1.0,2025-10-30 17:11:14+00:00,435.8127777777778,218.475,0.410958904109589
2025-11-17 21:00:00+00:00,2026-05-15 00:00:00+00:00,AVGO,AVGO260515C00125000,call,True,125.0,218.35,221.75,228.2,342.6499938964844,0.8636488244628906,0.0370259995532744,0.00688749465062872,1.0,1.0,2025-10-17 13:30:01+00:00,751.4997222222222,220.05,0.4876712328767123
2025-11-17 21:00:00+00:00,2026-05-15 00:00:00+00:00,AVGO,AVGO260515C00135000,call,True,135.0,0.0,0.0,167.1,342.6499938964844,1.0000000000000003e-05,0.0370259995532744,0.00688749465062872,,2.0,2025-08-04 17:22:12+00:00,2523.63,0.0,0.4876712328767123
2025-11-17 21:00:00+00:00,2026-05-15 00:00:00+00:00,AVGO,AVGO260515C00150000,call,True,150.0,194.7,197.85,223.4,342.6499938964844,0.7893087475585938,0.0370259995532744,0.00688749465062872,1.0,3.0,2025-10-31 16:21:27+00:00,412.6425,196.27499999999998,0.4876712328767123
2025-11-17 21:00:00+00:00,2026-05-15 00:00:00+00:00,AVGO,AVGO260515C00155000,call,True,155.0,193.5,196.2,141.47,342.6499938964844,0.9078378356933592,0.0370259995532744,0.00688749465062872,,5.0,2025-08-20 16:25:09+00:00,2140.5808333333334,194.85,0.4876712328767123
2025-11-17 21:00:00+00:00,2026-05-15 00:00:00+00:00,AVGO,AVGO260515C00160000,call,True,160.0,184.9,187.85,189.31,342.6499938964844,0.7399317999267576,0.0370259995532744,0.00688749465062872,,6.0,2025-10-10 13:33:49+00:00,919.4363888888889,186.375,0.4876712328767123
2025-11-17 21:00:00+00:00,2026-05-15 00:00:00+00:00,AVGO,AVGO260515C00170000,call,True,170.0,159.9,163.55,196.0,342.6499938964844,1.0000000000000003e-05,0.0370259995532744,0.00688749465062872,1.0,11.0,2025-09-10 13:57:45+00:00,1639.0375,161.72500000000002,0.4876712328767123
2025-11-17 21:00:00+00:00,2026-05-15 00:00:00+00:00,AVGO,AVGO260515C00175000,call,True,175.0,171.4,174.0,191.21,342.6499938964844,0.7168607415771484,0.0370259995532744,0.00688749465062872,8.0,9.0,2025-10-27 17:58:07+00:00,507.0313888888889,172.7,0.4876712328767123
2025-11-17 21:00:00+00:00,2026-05-15 00:00:00+00:00,AVGO,AVGO260515C00180000,call,True,180.0,166.6,169.35,189.3,342.6499938964844,0.7014190014648438,0.0370259995532744,0.00688749465062872,2.0,15.0,2025-11-03 20:05:23+00:00,336.91027777777776,167.975,0.4876712328767123
2025-11-17 21:00:00+00:00,2026-05-15 00:00:00+00:00,AVGO,AVGO260515C00185000,call,True,185.0,118.85,119.8,101.95,342.6499938964844,1.0000000000000003e-05,0.0370259995532744,0.00688749465062872,1.0,1.0,2025-07-14 13:30:01+00:00,3031.4997222222223,119.32499999999999,0.4876712328767123
2025-11-17 21:00:00+00:00,2026-05-15 00:00:00+00:00,AVGO,AVGO260515C00190000,call,True,190.0,157.05,160.0,161.45,342.6499938964844,0.6702303485107424,0.0370259995532744,0.00688749465062872,1.0,9.0,2025-10-14 14:12:28+00:00,822.7922222222222,158.525,0.4876712328767123
2025-11-17 21:00:00+00:00,2026-05-15 00:00:00+00:00,AVGO,AVGO260515C00195000,call,True,195.0,146.9,149.2,111.03,342.6499938964844,0.47290566162109376,0.0370259995532744,0.00688749465062872,2.0,2.0,2025-08-29 16:29:49+00:00,1924.5030555555556,148.05,0.4876712328767123
2025-11-17 21:00:00+00:00,2026-05-15 00:00:00+00:00,AVGO,AVGO260515C00200000,call,True,200.0,148.6,150.9,159.85,342.6499938964844,0.6580234393310547,0.0370259995532744,0.00688749465062872,3.0,25.0,2025-11-11 15:31:28+00:00,149.47555555555556,149.75,0.4876712328767123
2025-11-17 21:00:00+00:00,2026-05-15 00:00:00+00:00,AVGO,AVGO260515C00210000,call,True,210.0,139.2,142.0,135.0,342.6499938964844,0.6325720336914062,0.0370259995532744,0.00688749465062872,1.0,95.0,2025-11-14 14:45:43+00:00,78.23805555555556,140.6,0.4876712328767123
2025-11-17 21:00:00+00:00,2026-05-15 00:00:00+00:00,AVGO,AVGO260515C00220000,call,True,220.0,130.75,133.3,146.47,342.6499938964844,0.6190833990478517,0.0370259995532744,0.00688749465062872,20.0,57.0,2025-11-11 17:55:07+00:00,147.08138888888888,132.025,0.4876712328767123
2025-11-17 21:00:00+00:00,2026-05-15 00:00:00+00:00,AVGO,AVGO260515C00230000,call,True,230.0,122.6,124.85,122.94,342.6499938964844,0.6079140771484376,0.0370259995532744,0.00688749465062872,1.0,96.0,2025-10-29 19:54:24+00:00,457.0933333333333,123.725,0.4876712328767123
2025-11-17 21:00:00+00:00,2026-05-15 00:00:00+00:00,AVGO,AVGO260515C00240000,call,True,240.0,114.15,116.75,150.27,342.6499938964844,0.5936625106811525,0.0370259995532744,0.00688749465062872,3.0,64.0,2025-10-29 13:56:27+00:00,463.05916666666667,115.45,0.4876712328767123
2025-11-17 21:00:00+00:00,2026-05-15 00:00:00+00:00,AVGO,AVGO260515C00250000,call,True,250.0,106.05,108.6,107.0,342.6499938964844,0.5790447369384766,0.0370259995532744,0.00688749465062872,10.0,363.0,2025-11-14 16:01:03+00:00,76.9825,107.32499999999999,0.4876712328767123
2025-11-17 21:00:00+00:00,2026-05-15 00:00:00+00:00,AVGO,AVGO260515C00260000,call,True,260.0,98.35,101.25,98.87,342.6499938964844,0.5709881768798828,0.0370259995532744,0.00688749465062872,1.0,137.0,2025-11-13 18:43:44+00:00,98.27111111111111,99.8,0.4876712328767123
2025-11-17 21:00:00+00:00,2026-05-15 00:00:00+00:00,AVGO,AVGO260515C00270000,call,True,270.0,91.0,93.7,93.62,342.6499938964844,0.5603681658935546,0.0370259995532744,0.00688749465062872,1.0,77.0,2025-11-14 17:03:38+00:00,75.93944444444445,92.35,0.4876712328767123
2025-11-17 21:00:00+00:00,2026-05-15 00:00:00+00:00,AVGO,AVGO260515C00280000,call,True,280.0,84.55,86.9,92.5,342.6499938964844,0.5576216113281252,0.0370259995532744,0.00688749465062872,1.0,727.0,2025-11-17 14:54:04+00:00,6.098888888888889,85.725,0.4876712328767123
2025-11-17 21:00:00+00:00,2026-05-15 00:00:00+00:00,AVGO,AVGO260515C00290000,call,True,290.0,78.0,79.9,89.0,342.6499938964844,0.5489241885375978,0.0370259995532744,0.00688749465062872,1.0,492.0,2025-11-12 18:58:39+00:00,122.0225,78.95,0.4876712328767123
2025-11-17 21:00:00+00:00,2026-05-15 00:00:00+00:00,AVGO,AVGO260515C00300000,call,True,300.0,71.8,73.7,71.61,342.6499938964844,0.5438888385009766,0.0370259995532744,0.00688749465062872,1.0,719.0,2025-11-17 20:53:58+00:00,0.10055555555555555,72.75,0.4876712328767123
2025-11-17 21:00:00+00:00,2026-05-15 00:00:00+00:00,AVGO,AVGO260515C00310000,call,True,310.0,65.85,67.8,68.6,342.6499938964844,0.538487281188965,0.0370259995532744,0.00688749465062872,12.0,978.0,2025-11-07 17:24:15+00:00,243.59583333333333,66.82499999999999,0.4876712328767123
2025-11-17 21:00:00+00:00,2026-05-15 00:00:00+00:00,AVGO,AVGO260515C00320000,call,True,320.0,60.55,62.2,58.5,342.6499938964844,0.5350083120727539,0.0370259995532744,0.00688749465062872,1.0,168.0,2025-11-14 19:16:37+00:00,73.72305555555556,61.375,0.4876712328767123
2025-11-17 21:00:00+00:00,2026-05-15 00:00:00+00:00,AVGO,AVGO260515C00330000,call,True,330.0,55.1,56.9,58.6,342.6499938964844,0.5289201161193848,0.0370259995532744,0.00688749465062872,1.0,357.0,2025-11-17 15:43:23+00:00,5.276944444444444,56.0,0.4876712328767123
2025-11-17 21:00:00+00:00,2026-05-15 00:00:00+00:00,AVGO,AVGO260515C00340000,call,True,340.0,51.0,52.0,51.86,342.6499938964844,0.5289964093017578,0.0370259995532744,0.00688749465062872,502.0,546.0,2025-11-17 16:19:05+00:00,4.6819444444444445,51.5,0.4876712328767123
2025-11-17 21:00:00+00:00,2026-05-15 00:00:00+00:00,AVGO,AVGO260515C00350000,call,False,350.0,46.4,46.8,45.14,342.6499938964844,0.5215501947021484,0.0370259995532744,0.00688749465062872,65.0,539.0,2025-11-17 19:43:07+00:00,1.281388888888889,46.599999999999994,0.4876712328767123
2025-11-17 21:00:00+00:00,2026-05-15 00:00:00+00:00,AVGO,AVGO260515C00360000,call,False,360.0,42.3,42.65,43.75,342.6499938964844,0.5192003646850586,0.0370259995532744,0.00688749465062872,2.0,533.0,2025-11-17 18:45:43+00:00,2.2380555555555555,42.474999999999994,0.4876712328767123
2025-11-17 21:00:00+00:00,2026-05-15 00:00:00+00:00,AVGO,AVGO260515C00370000,call,False,370.0,38.4,38.8,38.15,342.6499938964844,0.5164538101196289,0.0370259995532744,0.00688749465062872,28.0,926.0,2025-11-17 18:46:39+00:00,2.2225,38.599999999999994,0.4876712328767123
2025-11-17 21:00:00+00:00,2026-05-15 00:00:00+00:00,AVGO,AVGO260515C00380000,call,False,380.0,34.85,35.25,33.85,342.6499938964844,0.5141955319213867,0.0370259995532744,0.00688749465062872,5.0,564.0,2025-11-17 18:46:43+00:00,2.221388888888889,35.05,0.4876712328767123
2025-11-17 21:00:00+00:00,2026-05-15 00:00:00+00:00,AVGO,AVGO260515C00390000,call,False,390.0,31.6,32.0,32.3,342.6499938964844,0.5123339782714844,0.0370259995532744,0.00688749465062872,7.0,364.0,2025-11-14 19:57:04+00:00,73.04888888888888,31.8,0.4876712328767123
2025-11-17 21:00:00+00:00,2026-05-15 00:00:00+00:00,AVGO,AVGO260515C00400000,call,False,400.0,28.65,29.0,30.2,342.6499938964844,0.5107165628051759,0.0370259995532744,0.00688749465062872,1.0,1047.0,2025-11-14 20:03:00+00:00,72.95,28.825,0.4876712328767123
2025-11-17 21:00:00+00:00,2026-05-15 00:00:00+00:00,AVGO,AVGO260515C00410000,call,False,410.0,26.0,26.3,26.7,342.6499938964844,0.5098010446166993,0.0370259995532744,0.00688749465062872,22.0,196.0,2025-11-14 16:35:11+00:00,76.41361111111111,26.15,0.4876712328767123
2025-11-17 21:00:00+00:00,2026-05-15 00:00:00+00:00,AVGO,AVGO260515C00420000,call,False,420.0,23.55,23.9,24.29,342.6499938964844,0.5092212164306642,0.0370259995532744,0.00688749465062872,9.0,220.0,2025-11-14 19:21:07+00:00,73.64805555555556,23.725,0.4876712328767123
2025-11-17 21:00:00+00:00,2026-05-15 00:00:00+00:00,AVGO,AVGO260515C00430000,call,False,430.0,21.35,21.65,22.55,342.6499938964844,0.5085803536987304,0.0370259995532744,0.00688749465062872,4.0,194.0,2025-11-17 15:20:31+00:00,5.658055555555555,21.5,0.4876712328767123
2025-11-17 21:00:00+00:00,2026-05-15 00:00:00+00:00,AVGO,AVGO260515C00440000,call,False,440.0,19.3,19.7,20.5,342.6499938964844,0.5083819914245604,0.0370259995532744,0.00688749465062872,1.0,131.0,2025-11-17 17:16:08+00:00,3.7311111111111113,19.5,0.4876712328767123
2025-11-17 21:00:00+00:00,2026-05-15 00:00:00+00:00,AVGO,AVGO260515C00450000,call,False,450.0,17.5,17.85,18.25,342.6499938964844,0.5081836291503907,0.0370259995532744,0.00688749465062872,1.0,733.0,2025-11-17 17:28:31+00:00,3.524722222222222,17.675,0.4876712328767123
2025-11-17 21:00:00+00:00,2026-05-15 00:00:00+00:00,AVGO,AVGO260515C00460000,call,False,460.0,15.85,16.2,16.11,342.6499938964844,0.5081836291503907,0.0370259995532744,0.00688749465062872,1.0,164.0,2025-11-14 18:15:24+00:00,74.74333333333334,16.025,0.4876712328767123
2025-11-17 21:00:00+00:00,2026-05-15 00:00:00+00:00,AVGO,AVGO260515C00470000,call,False,470.0,14.35,14.7,14.9,342.6499938964844,0.50821414642334,0.0370259995532744,0.00688749465062872,1.0,78.0,2025-11-14 18:15:24+00:00,74.74333333333334,14.524999999999999,0.4876712328767123
2025-11-17 21:00:00+00:00,2026-05-15 00:00:00+00:00,AVGO,AVGO260515C00480000,call,False,480.0,13.05,13.4,16.45,342.6499938964844,0.5091296646118165,0.0370259995532744,0.00688749465062872,16.0,311.0,2025-11-11 18:31:14+00:00,146.47944444444445,13.225000000000001,0.4876712328767123
2025-11-17 21:00:00+00:00,2026-05-15 00:00:00+00:00,AVGO,AVGO260515C00490000,call,False,490.0,11.8,12.15,14.45,342.6499938964844,0.5090686300659181,0.0370259995532744,0.00688749465062872,10.0,86.0,2025-11-11 19:29:06+00:00,145.515,11.975000000000001,0.4876712328767123
2025-11-17 21:00:00+00:00,2026-05-15 00:00:00+00:00,AVGO,AVGO260515C00500000,call,False,500.0,10.75,11.05,10.89,342.6499938964844,0.5099536309814454,0.0370259995532744,0.00688749465062872,6.0,347.0,2025-11-14 18:23:36+00:00,74.60666666666667,10.9,0.4876712328767123
2025-11-17 21:00:00+00:00,2026-05-15 00:00:00+00:00,AVGO,AVGO260515C00510000,call,False,510.0,9.75,10.1,9.45,342.6499938964844,0.510869149169922,0.0370259995532744,0.00688749465062872,15.0,136.0,2025-11-17 20:17:08+00:00,0.7144444444444444,9.925,0.4876712328767123
2025-11-17 21:00:00+00:00,2026-05-15 00:00:00+00:00,AVGO,AVGO260515C00520000,call,False,520.0,8.85,9.15,11.5,342.6499938964844,0.5110827700805664,0.0370259995532744,0.00688749465062872,25.0,120.0,2025-11-11 18:13:40+00:00,146.7722222222222,9.0,0.4876712328767123
2025-11-17 21:00:00+00:00,2026-05-15 00:00:00+00:00,AVGO,AVGO260515C00530000,call,False,530.0,8.05,8.35,7.8,342.6499938964844,0.5120288055419921,0.0370259995532744,0.00688749465062872,8.0,331.0,2025-11-13 16:16:55+00:00,100.71805555555555,8.2,0.4876712328767123
2025-11-17 21:00:00+00:00,2026-05-15 00:00:00+00:00,AVGO,AVGO260515C00540000,call,False,540.0,7.35,7.55,7.8,342.6499938964844,0.5125170819091796,0.0370259995532744,0.00688749465062872,1.0,18.0,2025-11-17 16:01:15+00:00,4.979166666666667,7.449999999999999,0.4876712328767123
2025-11-17 21:00:00+00:00,2026-05-15 00:00:00+00:00,AVGO,AVGO260515C00560000,call,False,560.0,6.05,6.35,6.17,342.6499938964844,0.5144701873779296,0.0370259995532744,0.00688749465062872,1.0,52.0,2025-11-14 19:41:14+00:00,73.31277777777778,6.199999999999999,0.4876712328767123
2025-11-17 21:00:00+00:00,2026-05-15 00:00:00+00:00,AVGO,AVGO260515P00125000,put,False,125.0,0.58,0.74,0.6,342.6499938964844,0.6909210595703126,0.0370259995532744,0.00688749465062872,4.0,2635.0,2025-11-12 16:18:11+00:00,124.69694444444444,0.6599999999999999,0.4876712328767123
2025-11-17 21:00:00+00:00,2026-05-15 00:00:00+00:00,AVGO,AVGO260515P00130000,put,False,130.0,0.67,0.84,0.79,342.6499938964844,0.6794465649414063,0.0370259995532744,0.00688749465062872,1.0,542.0,2025-11-05 20:49:58+00:00,288.1672222222222,0.755,0.4876712328767123
2025-11-17 21:00:00+00:00,2026-05-15 00:00:00+00:00,AVGO,AVGO260515P00135000,put,False,135.0,0.77,0.94,1.35,342.6499938964844,0.6679720703125002,0.0370259995532744,0.00688749465062872,4.0,39.0,2025-10-21 16:23:15+00:00,652.6125,0.855,0.4876712328767123
2025-11-17 21:00:00+00:00,2026-05-15 00:00:00+00:00,AVGO,AVGO260515P00140000,put,False,140.0,0.69,1.06,0.9,342.6499938964844,0.6462437719726561,0.0370259995532744,0.00688749465062872,7.0,22.0,2025-11-12 18:39:02+00:00,122.34944444444444,0.875,0.4876712328767123
2025-11-17 21:00:00+00:00,2026-05-15 00:00:00+00:00,AVGO,AVGO260515P00145000,put,False,145.0,1.01,1.19,1.0,342.6499938964844,0.6469761865234375,0.0370259995532744,0.00688749465062872,4.0,15.0,2025-11-12 16:14:59+00:00,124.75027777777778,1.1,0.4876712328767123
2025-11-17 21:00:00+00:00,2026-05-15 00:00:00+00:00,AVGO,AVGO260515P00150000,put,False,150.0,1.16,1.33,1.3,342.6499938964844,0.6373327282714845,0.0370259995532744,0.00688749465062872,3.0,30.0,2025-11-13 15:54:36+00:00,101.09,1.245,0.4876712328767123
2025-11-17 21:00:00+00:00,2026-05-15 00:00:00+00:00,AVGO,AVGO260515P00155000,put,False,155.0,1.32,1.48,1.25,342.6499938964844,0.6274451318359376,0.0370259995532744,0.00688749465062872,2.0,46.0,2025-11-12 16:19:10+00:00,124.68055555555556,1.4,0.4876712328767123
2025-11-17 21:00:00+00:00,2026-05-15 00:00:00+00:00,AVGO,AVGO260515P00160000,put,False,160.0,1.49,1.66,1.63,342.6499938964844,0.618289949951172,0.0370259995532744,0.00688749465062872,1.0,63.0,2025-11-14 18:39:58+00:00,74.3338888888889,1.575,0.4876712328767123
2025-11-17 21:00:00+00:00,2026-05-15 00:00:00+00:00,AVGO,AVGO260515P00165000,put,False,165.0,1.73,1.86,3.05,342.6499938964844,0.6110878735351564,0.0370259995532744,0.00688749465062872,5.0,29.0,2025-10-16 18:19:34+00:00,770.6738888888889,1.795,0.4876712328767123
2025-11-17 21:00:00+00:00,2026-05-15 00:00:00+00:00,AVGO,AVGO260515P00170000,put,False,170.0,1.9,2.07,2.12,342.6499938964844,0.6009561389160158,0.0370259995532744,0.00688749465062872,1.0,66.0,2025-11-14 14:53:22+00:00,78.11055555555555,1.9849999999999999,0.4876712328767123
2025-11-17 21:00:00+00:00,2026-05-15 00:00:00+00:00,AVGO,AVGO260515P00175000,put,False,175.0,1.93,2.3,3.05,342.6499938964844,0.5866740551757812,0.0370259995532744,0.00688749465062872,2.0,46.0,2025-10-21 19:03:09+00:00,649.9475,2.1149999999999998,0.4876712328767123
2025-11-17 21:00:00+00:00,2026-05-15 00:00:00+00:00,AVGO,AVGO260515P00180000,put,False,180.0,2.19,2.57,2.22,342.6499938964844,0.5793499096679688,0.0370259995532744,0.00688749465062872,12.0,124.0,2025-11-12 19:47:26+00:00,121.20944444444444,2.38,0.4876712328767123
2025-11-17 21:00:00+00:00,2026-05-15 00:00:00+00:00,AVGO,AVGO260515P00185000,put,False,185.0,2.49,2.86,2.5,342.6499938964844,0.5725140405273439,0.0370259995532744,0.00688749465062872,26.0,72.0,2025-11-12 17:26:10+00:00,123.56388888888888,2.675,0.4876712328767123
2025-11-17 21:00:00+00:00,2026-05-15 00:00:00+00:00,AVGO,AVGO260515P00190000,put,False,190.0,2.98,3.2,2.78,342.6499938964844,0.5697064514160157,0.0370259995532744,0.00688749465062872,1.0,26.0,2025-11-12 15:07:14+00:00,125.87944444444445,3.09,0.4876712328767123
2025-11-17 21:00:00+00:00,2026-05-15 00:00:00+00:00,AVGO,AVGO260515P00195000,put,False,195.0,3.35,3.55,3.35,342.6499938964844,0.5629926513671876,0.0370259995532744,0.00688749465062872,1.0,103.0,2025-11-17 18:28:47+00:00,2.520277777777778,3.45,0.4876712328767123
2025-11-17 21:00:00+00:00,2026-05-15 00:00:00+00:00,AVGO,AVGO260515P00200000,put,False,200.0,3.7,3.95,4.0,342.6499938964844,0.5558516094970705,0.0370259995532744,0.00688749465062872,6.0,727.0,2025-11-17 15:05:17+00:00,5.911944444444444,3.825,0.4876712328767123
2025-11-17 21:00:00+00:00,2026-05-15 00:00:00+00:00,AVGO,AVGO260515P00210000,put,False,210.0,4.65,4.9,4.7,342.6499938964844,0.5451095294189454,0.0370259995532744,0.00688749465062872,11.0,189.0,2025-11-03 15:40:22+00:00,341.32722222222225,4.775,0.4876712328767123
2025-11-17 21:00:00+00:00,2026-05-15 00:00:00+00:00,AVGO,AVGO260515P00220000,put,False,220.0,5.75,6.05,5.56,342.6499938964844,0.5347946911621093,0.0370259995532744,0.00688749465062872,1.0,1275.0,2025-11-17 16:00:36+00:00,4.99,5.9,0.4876712328767123
2025-11-17 21:00:00+00:00,2026-05-15 00:00:00+00:00,AVGO,AVGO260515P00230000,put,False,230.0,7.1,7.4,7.58,342.6499938964844,0.5256395092773438,0.0370259995532744,0.00688749465062872,5.0,752.0,2025-11-14 15:42:49+00:00,77.2863888888889,7.25,0.4876712328767123
2025-11-17 21:00:00+00:00,2026-05-15 00:00:00+00:00,AVGO,AVGO260515P00240000,put,False,240.0,8.7,9.0,8.25,342.6499938964844,0.5173998455810547,0.0370259995532744,0.00688749465062872,51.0,817.0,2025-11-17 17:26:23+00:00,3.560277777777778,8.85,0.4876712328767123
2025-11-17 21:00:00+00:00,2026-05-15 00:00:00+00:00,AVGO,AVGO260515P00250000,put,False,250.0,10.6,10.85,10.2,342.6499938964844,0.5099536309814454,0.0370259995532744,0.00688749465062872,11.0,1086.0,2025-11-14 15:36:01+00:00,77.39972222222222,10.725,0.4876712328767123
2025-11-17 21:00:00+00:00,2026-05-15 00:00:00+00:00,AVGO,AVGO260515P00260000,put,False,260.0,12.7,13.0,12.4,342.6499938964844,0.5023853472900393,0.0370259995532744,0.00688749465062872,1.0,1311.0,2025-11-14 15:52:04+00:00,77.13222222222223,12.85,0.4876712328767123
2025-11-17 21:00:00+00:00,2026-05-15 00:00:00+00:00,AVGO,AVGO260515P00270000,put,False,270.0,15.15,15.5,16.8,342.6499938964844,0.49869275726318363,0.0370259995532744,0.00688749465062872,11.0,1079.0,2025-11-14 15:05:36+00:00,77.90666666666667,15.325,0.4876712328767123
2025-11-17 21:00:00+00:00,2026-05-15 00:00:00+00:00,AVGO,AVGO260515P00280000,put,False,280.0,17.9,18.3,18.0,342.6499938964844,0.49252826812744144,0.0370259995532744,0.00688749465062872,4.0,698.0,2025-11-14 19:40:07+00:00,73.3313888888889,18.1,0.4876712328767123
2025-11-17 21:00:00+00:00,2026-05-15 00:00:00+00:00,AVGO,AVGO260515P00290000,put,False,290.0,21.05,21.45,21.25,342.6499938964844,0.48685205535888676,0.0370259995532744,0.00688749465062872,21.0,1432.0,2025-11-17 19:25:19+00:00,1.5780555555555555,21.25,0.4876712328767123
2025-11-17 21:00:00+00:00,2026-05-15 00:00:00+00:00,AVGO,AVGO260515P00300000,put,False,300.0,24.6,24.95,24.5,342.6499938964844,0.4814657566833496,0.0370259995532744,0.00688749465062872,1.0,687.0,2025-11-17 18:12:22+00:00,2.793888888888889,24.775,0.4876712328767123
2025-11-17 21:00:00+00:00,2026-05-15 00:00:00+00:00,AVGO,AVGO260515P00310000,put,False,310.0,28.45,28.8,28.8,342.6499938964844,0.47624730300903323,0.0370259995532744,0.00688749465062872,11.0,615.0,2025-11-17 20:57:02+00:00,0.049444444444444444,28.625,0.4876712328767123
2025-11-17 21:00:00+00:00,2026-05-15 00:00:00+00:00,AVGO,AVGO260515P00320000,put,False,320.0,32.65,33.05,34.8,342.6499938964844,0.471684970703125,0.0370259995532744,0.00688749465062872,125.0,1183.0,2025-11-13 20:48:02+00:00,96.19944444444444,32.849999999999994,0.4876712328767123
2025-11-17 21:00:00+00:00,2026-05-15 00:00:00+00:00,AVGO,AVGO260515P00330000,put,False,330.0,37.35,37.7,37.9,342.6499938964844,0.4676719493103027,0.0370259995532744,0.00688749465062872,6.0,1301.0,2025-11-17 19:27:37+00:00,1.5397222222222222,37.525000000000006,0.4876712328767123
2025-11-17 21:00:00+00:00,2026-05-15 00:00:00+00:00,AVGO,AVGO260515P00340000,put,False,340.0,42.3,42.7,42.55,342.6499938964844,0.46367418655395504,0.0370259995532744,0.00688749465062872,516.0,693.0,2025-11-17 19:30:17+00:00,1.4952777777777777,42.5,0.4876712328767123
2025-11-17 21:00:00+00:00,2026-05-15 00:00:00+00:00,AVGO,AVGO260515P00350000,put,True,350.0,47.65,48.1,45.93,342.6499938964844,0.46025625198364256,0.0370259995532744,0.00688749465062872,11.0,410.0,2025-11-17 15:50:14+00:00,5.1627777777777775,47.875,0.4876712328767123
2025-11-17 21:00:00+00:00,2026-05-15 00:00:00+00:00,AVGO,AVGO260515P00360000,put,True,360.0,53.4,53.85,56.2,342.6499938964844,0.4569451278686524,0.0370259995532744,0.00688749465062872,2.0,333.0,2025-11-13 20:43:47+00:00,96.27027777777778,53.625,0.4876712328767123
2025-11-17 21:00:00+00:00,2026-05-15 00:00:00+00:00,AVGO,AVGO260515P00370000,put,True,370.0,59.4,59.9,63.55,342.6499938964844,0.45334408966064454,0.0370259995532744,0.00688749465062872,1.0,330.0,2025-11-14 15:01:34+00:00,77.9738888888889,59.65,0.4876712328767123
2025-11-17 21:00:00+00:00,2026-05-15 00:00:00+00:00,AVGO,AVGO260515P00380000,put,True,380.0,65.8,66.3,68.85,342.6499938964844,0.4500634828186035,0.0370259995532744,0.00688749465062872,18.0,123.0,2025-11-13 20:44:41+00:00,96.25527777777778,66.05,0.4876712328767123
2025-11-17 21:00:00+00:00,2026-05-15 00:00:00+00:00,AVGO,AVGO260515P00390000,put,True,390.0,72.4,73.0,70.24,342.6499938964844,0.44672184143066407,0.0370259995532744,0.00688749465062872,10.0,377.0,2025-11-17 15:50:14+00:00,5.1627777777777775,72.7,0.4876712328767123
2025-11-17 21:00:00+00:00,2026-05-15 00:00:00+00:00,AVGO,AVGO260515P00400000,put,True,400.0,78.65,80.1,77.9,342.6499938964844,0.4446161495971679,0.0370259995532744,0.00688749465062872,5.0,32.0,2025-11-13 15:11:26+00:00,101.80944444444444,79.375,0.4876712328767123
2025-11-17 21:00:00+00:00,2026-05-15 00:00:00+00:00,AVGO,AVGO260515P00410000,put,True,410.0,85.95,88.55,85.05,342.6499938964844,0.45477840148925786,0.0370259995532744,0.00688749465062872,5.0,54.0,2025-11-13 15:11:26+00:00,101.80944444444444,87.25,0.4876712328767123
2025-11-17 21:00:00+00:00,2026-05-15 00:00:00+00:00,AVGO,AVGO260515P00420000,put,True,420.0,94.15,95.7,99.25,342.6499938964844,0.44754580780029296,0.0370259995532744,0.00688749465062872,1.0,92.0,2025-11-14 14:46:38+00:00,78.22277777777778,94.92500000000001,0.4876712328767123
2025-11-17 21:00:00+00:00,2026-05-15 00:00:00+00:00,AVGO,AVGO260515P00430000,put,True,430.0,101.95,104.15,100.15,342.6499938964844,0.45300839965820316,0.0370259995532744,0.00688749465062872,5.0,20.0,2025-11-13 15:11:26+00:00,101.80944444444444,103.05000000000001,0.4876712328767123
2025-11-17 21:00:00+00:00,2026-05-15 00:00:00+00:00,AVGO,AVGO260515P00440000,put,True,440.0,109.95,111.75,111.6,342.6499938964844,0.44550115051269534,0.0370259995532744,0.00688749465062872,3.0,3.0,2025-10-22 19:32:30+00:00,625.4583333333334,110.85,0.4876712328767123
2025-11-17 21:00:00+00:00,2026-05-15 00:00:00+00:00,AVGO,AVGO260515P00450000,put,True,450.0,117.1,119.6,114.9,342.6499938964844,0.438054935913086,0.0370259995532744,0.00688749465062872,12.0,16.0,2025-10-14 16:55:34+00:00,820.0738888888889,118.35,0.4876712328767123
2025-11-17 21:00:00+00:00,2026-05-15 00:00:00+00:00,AVGO,AVGO260515P00460000,put,True,460.0,126.4,128.05,133.0,342.6499938964844,0.435979761352539,0.0370259995532744,0.00688749465062872,2.0,0.0,2025-09-26 15:34:21+00:00,1253.4275,127.22500000000001,0.4876712328767123
2025-11-17 21:00:00+00:00,2026-05-15 00:00:00+00:00,AVGO,AVGO260515P00470000,put,True,470.0,134.05,136.7,141.6,342.6499938964844,0.4343928631591797,0.0370259995532744,0.00688749465062872,2.0,0.0,2025-09-26 15:36:41+00:00,1253.388611111111,135.375,0.4876712328767123
2025-11-17 21:00:00+00:00,2026-05-15 00:00:00+00:00,AVGO,AVGO260515P00490000,put,True,490.0,152.0,155.25,151.65,342.6499938964844,0.4453485641479492,0.0370259995532744,0.00688749465062872,5.0,11.0,2025-11-13 15:33:08+00:00,101.44777777777777,153.625,0.4876712328767123
2025-11-17 21:00:00+00:00,2026-05-15 00:00:00+00:00,AVGO,AVGO260515P00500000,put,True,500.0,161.5,164.25,144.3,342.6499938964844,0.4437006314086914,0.0370259995532744,0.00688749465062872,1.0,1.0,2025-10-31 16:45:33+00:00,412.24083333333334,162.875,0.4876712328767123
2025-11-17 21:00:00+00:00,2026-05-15 00:00:00+00:00,AVGO,AVGO260515P00530000,put,True,530.0,189.4,191.55,176.7,342.6499938964844,0.43079182495117196,0.0370259995532744,0.00688749465062872,2.0,2.0,2025-11-10 15:54:34+00:00,173.09055555555557,190.47500000000002,0.4876712328767123
2025-11-17 21:00:00+00:00,2026-06-18 00:00:00+00:00,AVGO,AVGO260618C00070000,call,True,70.0,272.1,275.5,273.39,342.6499938964844,1.0661667785644533,0.0370259995532744,0.00688749465062872,6.0,11.0,2025-11-14 20:43:11+00:00,72.28027777777778,273.8,0.5808219178082191
2025-11-17 21:00:00+00:00,2026-06-18 00:00:00+00:00,AVGO,AVGO260618C00075000,call,True,75.0,135.65,137.55,93.85,342.6499938964844,1.0000000000000003e-05,0.0370259995532744,0.00688749465062872,,2.0,2025-04-09 17:13:16+00:00,5331.778888888889,136.60000000000002,0.5808219178082191
2025-11-17 21:00:00+00:00,2026-06-18 00:00:00+00:00,AVGO,AVGO260618C00080000,call,True,80.0,262.6,265.75,264.0,342.6499938964844,1.0266161950683594,0.0370259995532744,0.00688749465062872,5.0,24.0,2025-11-14 20:45:43+00:00,72.23805555555556,264.175,0.5808219178082191
2025-11-17 21:00:00+00:00,2026-06-18 00:00:00+00:00,AVGO,AVGO260618C00085000,call,True,85.0,240.15,243.75,260.86,342.6499938964844,1.0000000000000003e-05,0.0370259995532744,0.00688749465062872,2.0,17.0,2025-09-09 14:22:52+00:00,1662.618888888889,241.95,0.5808219178082191
2025-11-17 21:00:00+00:00,2026-06-18 00:00:00+00:00,AVGO,AVGO260618C00090000,call,True,90.0,249.7,252.25,247.4,342.6499938964844,1.0000000000000003e-05,0.0370259995532744,0.00688749465062872,9.0,437.0,2025-09-05 18:29:24+00:00,1754.51,250.975,0.5808219178082191
2025-11-17 21:00:00+00:00,2026-06-18 00:00:00+00:00,AVGO,AVGO260618C00095000,call,True,95.0,137.4,139.65,97.21,342.6499938964844,1.0000000000000003e-05,0.0370259995532744,0.00688749465062872,5.0,8.0,2025-04-24 15:56:44+00:00,4973.054444444444,138.525,0.5808219178082191
2025-11-17 21:00:00+00:00,2026-06-18 00:00:00+00:00,AVGO,AVGO260618C00100000,call,True,100.0,243.3,246.4,255.0,342.6499938964844,0.9368902795410157,0.0370259995532744,0.00688749465062872,1.0,179.0,2025-10-20 15:00:23+00:00,677.9936111111111,244.85000000000002,0.5808219178082191
2025-11-17 21:00:00+00:00,2026-06-18 00:00:00+00:00,AVGO,AVGO260618C00105000,call,True,105.0,191.5,193.15,187.9,342.6499938964844,1.0000000000000003e-05,0.0370259995532744,0.00688749465062872,1.0,8.0,2025-07-21 19:26:08+00:00,2857.5644444444442,192.325,0.5808219178082191
2025-11-17 21:00:00+00:00,2026-06-18 00:00:00+00:00,AVGO,AVGO260618C00110000,call,True,110.0,0.0,0.0,193.7,342.6499938964844,1.0000000000000003e-05,0.0370259995532744,0.00688749465062872,1.0,57.0,2025-08-18 13:59:17+00:00,2191.0119444444445,0.0,0.5808219178082191
2025-11-17 21:00:00+00:00,2026-06-18 00:00:00+00:00,AVGO,AVGO260618C00115000,call,True,115.0,182.2,183.85,153.44,342.6499938964844,1.0000000000000003e-05,0.0370259995532744,0.00688749465062872,2.0,66.0,2025-06-24 14:39:14+00:00,3510.346111111111,183.02499999999998,0.5808219178082191
2025-11-17 21:00:00+00:00,2026-06-18 00:00:00+00:00,AVGO,AVGO260618C00120000,call,True,120.0,224.15,227.3,225.55,342.6499938964844,0.8643812390136718,0.0370259995532744,0.00688749465062872,1.0,66.0,2025-11-14 20:43:23+00:00,72.27694444444444,225.72500000000002,0.5808219178082191
2025-11-17 21:00:00+00:00,2026-06-18 00:00:00+00:00,AVGO,AVGO260618C00125000,call,True,125.0,219.4,222.5,242.4,342.6499938964844,0.846559151611328,0.0370259995532744,0.00688749465062872,4.0,59.0,2025-11-05 16:33:15+00:00,292.4458333333333,220.95,0.5808219178082191
2025-11-17 21:00:00+00:00,2026-06-18 00:00:00+00:00,AVGO,AVGO260618C00130000,call,True,130.0,207.35,209.8,176.1,342.6499938964844,1.0000000000000003e-05,0.0370259995532744,0.00688749465062872,4.0,76.0,2025-08-06 17:05:16+00:00,2475.912222222222,208.575,0.5808219178082191
2025-11-17 21:00:00+00:00,2026-06-18 00:00:00+00:00,AVGO,AVGO260618C00135000,call,True,135.0,209.9,213.0,234.32,342.6499938964844,0.813478427734375,0.0370259995532744,0.00688749465062872,10.0,27.0,2025-11-03 18:56:02+00:00,338.0661111111111,211.45,0.5808219178082191
2025-11-17 21:00:00+00:00,2026-06-18 00:00:00+00:00,AVGO,AVGO260618C00140000,call,True,140.0,223.6,225.9,173.9,342.6499938964844,1.3473848548889158,0.0370259995532744,0.00688749465062872,3.0,99.0,2025-08-13 18:10:01+00:00,2306.8330555555553,224.75,0.5808219178082191
2025-11-17 21:00:00+00:00,2026-06-18 00:00:00+00:00,AVGO,AVGO260618C00145000,call,True,145.0,200.15,203.35,190.03,342.6499938964844,0.77148666015625,0.0370259995532744,0.00688749465062872,1.0,46.0,2025-10-07 16:06:45+00:00,988.8875,201.75,0.5808219178082191
2025-11-17 21:00:00+00:00,2026-06-18 00:00:00+00:00,AVGO,AVGO260618C00150000,call,True,150.0,195.8,198.55,208.45,342.6499938964844,0.762697685546875,0.0370259995532744,0.00688749465062872,1.0,272.0,2025-11-11 20:54:13+00:00,144.0963888888889,197.175,0.5808219178082191
2025-11-17 21:00:00+00:00,2026-06-18 00:00:00+00:00,AVGO,AVGO260618C00155000,call,True,155.0,190.8,193.15,208.0,342.6499938964844,0.7282131671142578,0.0370259995532744,0.00688749465062872,3.0,41.0,2025-10-16 15:39:40+00:00,773.3388888888888,191.97500000000002,0.5808219178082191
2025-11-17 21:00:00+00:00,2026-06-18 00:00:00+00:00,AVGO,AVGO260618C00160000,call,True,160.0,186.45,189.75,207.69,342.6499938964844,0.7452418054199219,0.0370259995532744,0.00688749465062872,1.0,282.0,2025-11-05 17:49:29+00:00,291.17527777777775,188.1,0.5808219178082191
2025-11-17 21:00:00+00:00,2026-06-18 00:00:00+00:00,AVGO,AVGO260618C00165000,call,True,165.0,181.6,184.6,199.85,342.6499938964844,0.7195462615966797,0.0370259995532744,0.00688749465062872,1.0,27.0,2025-11-10 20:39:24+00:00,168.34333333333333,183.1,0.5808219178082191
2025-11-17 21:00:00+00:00,2026-06-18 00:00:00+00:00,AVGO,AVGO260618C00170000,call,True,170.0,177.0,179.95,177.26,342.6499938964844,0.7070952142333984,0.0370259995532744,0.00688749465062872,10.0,710.0,2025-11-07 16:27:49+00:00,244.5363888888889,178.475,0.5808219178082191
2025-11-17 21:00:00+00:00,2026-06-18 00:00:00+00:00,AVGO,AVGO260618C00175000,call,True,175.0,172.65,175.45,214.55,342.6499938964844,0.7004424487304688,0.0370259995532744,0.00688749465062872,2.0,543.0,2025-10-29 15:30:52+00:00,461.48555555555555,174.05,0.5808219178082191
2025-11-17 21:00:00+00:00,2026-06-18 00:00:00+00:00,AVGO,AVGO260618C00180000,call,True,180.0,168.15,170.9,166.75,342.6499938964844,0.690005541381836,0.0370259995532744,0.00688749465062872,8.0,382.0,2025-11-13 20:33:48+00:00,96.43666666666667,169.525,0.5808219178082191
2025-11-17 21:00:00+00:00,2026-06-18 00:00:00+00:00,AVGO,AVGO260618C00185000,call,True,185.0,163.65,166.4,163.52,342.6499938964844,0.679812772216797,0.0370259995532744,0.00688749465062872,1.0,165.0,2025-11-17 19:46:51+00:00,1.2191666666666667,165.025,0.5808219178082191
2025-11-17 21:00:00+00:00,2026-06-18 00:00:00+00:00,AVGO,AVGO260618C00190000,call,True,190.0,159.15,161.95,162.85,342.6499938964844,0.6697420721435547,0.0370259995532744,0.00688749465062872,1.0,494.0,2025-11-13 15:00:24+00:00,101.99333333333334,160.55,0.5808219178082191
2025-11-17 21:00:00+00:00,2026-06-18 00:00:00+00:00,AVGO,AVGO260618C00195000,call,True,195.0,154.35,157.3,169.9,342.6499938964844,0.6530186065673829,0.0370259995532744,0.00688749465062872,1.0,218.0,2025-10-15 18:18:10+00:00,794.6972222222222,155.825,0.5808219178082191
2025-11-17 21:00:00+00:00,2026-06-18 00:00:00+00:00,AVGO,AVGO260618C00200000,call,True,200.0,150.45,152.9,167.15,342.6499938964844,0.6499668792724609,0.0370259995532744,0.00688749465062872,2.0,1651.0,2025-11-10 18:56:52+00:00,170.0522222222222,151.675,0.5808219178082191
2025-11-17 21:00:00+00:00,2026-06-18 00:00:00+00:00,AVGO,AVGO260618C00210000,call,True,210.0,141.95,144.3,131.88,342.6499938964844,0.6352575537109376,0.0370259995532744,0.00688749465062872,1.0,3103.0,2025-11-14 14:33:39+00:00,78.43916666666667,143.125,0.5808219178082191
2025-11-17 21:00:00+00:00,2026-06-18 00:00:00+00:00,AVGO,AVGO260618C00220000,call,True,220.0,133.1,136.05,129.75,342.6499938964844,0.6179847772216798,0.0370259995532744,0.00688749465062872,1.0,1433.0,2025-11-13 20:27:24+00:00,96.54333333333334,134.575,0.5808219178082191
2025-11-17 21:00:00+00:00,2026-06-18 00:00:00+00:00,AVGO,AVGO260618C00230000,call,True,230.0,125.4,127.7,122.28,342.6499938964844,0.6078530426025393,0.0370259995532744,0.00688749465062872,1.0,527.0,2025-11-14 15:30:09+00:00,77.4975,126.55000000000001,0.5808219178082191
2025-11-17 21:00:00+00:00,2026-06-18 00:00:00+00:00,AVGO,AVGO260618C00240000,call,True,240.0,117.2,119.9,117.0,342.6499938964844,0.595005270690918,0.0370259995532744,0.00688749465062872,1.0,575.0,2025-11-14 19:48:43+00:00,73.18805555555555,118.55000000000001,0.5808219178082191
2025-11-17 21:00:00+00:00,2026-06-18 00:00:00+00:00,AVGO,AVGO260618C00250000,call,True,250.0,109.55,111.9,109.95,342.6499938964844,0.5821574987792968,0.0370259995532744,0.00688749465062872,5.0,1904.0,2025-11-17 20:47:11+00:00,0.2136111111111111,110.725,0.5808219178082191
2025-11-17 21:00:00+00:00,2026-06-18 00:00:00+00:00,AVGO,AVGO260618C00260000,call,True,260.0,101.9,104.65,99.55,342.6499938964844,0.571995246887207,0.0370259995532744,0.00688749465062872,5.0,1045.0,2025-11-13 20:17:48+00:00,96.70333333333333,103.275,0.5808219178082191
2025-11-17 21:00:00+00:00,2026-06-18 00:00:00+00:00,AVGO,AVGO260618C00270000,call,True,270.0,95.4,97.5,100.52,342.6499938964844,0.5670819659423829,0.0370259995532744,0.00688749465062872,1.0,1326.0,2025-11-17 15:28:47+00:00,5.520277777777777,96.45,0.5808219178082191
2025-11-17 21:00:00+00:00,2026-06-18 00:00:00+00:00,AVGO,AVGO260618C00280000,call,True,280.0,88.7,91.0,90.7,342.6499938964844,0.5615735981750489,0.0370259995532744,0.00688749465062872,6.0,816.0,2025-11-14 16:41:40+00:00,76.30555555555556,89.85,0.5808219178082191
2025-11-17 21:00:00+00:00,2026-06-18 00:00:00+00:00,AVGO,AVGO260618C00290000,call,True,290.0,82.25,84.3,94.72,342.6499938964844,0.5532576412963868,0.0370259995532744,0.00688749465062872,54.0,712.0,2025-11-10 16:09:42+00:00,172.83833333333334,83.275,0.5808219178082191
2025-11-17 21:00:00+00:00,2026-06-18 00:00:00+00:00,AVGO,AVGO260618C00300000,call,True,300.0,76.4,78.35,76.01,342.6499938964844,0.5496108271789553,0.0370259995532744,0.00688749465062872,7.0,4179.0,2025-11-17 19:00:14+00:00,1.9961111111111112,77.375,0.5808219178082191
2025-11-17 21:00:00+00:00,2026-06-18 00:00:00+00:00,AVGO,AVGO260618C00310000,call,True,310.0,70.6,72.55,72.5,342.6499938964844,0.5439803903198243,0.0370259995532744,0.00688749465062872,8.0,452.0,2025-11-14 17:48:35+00:00,75.19027777777778,71.57499999999999,0.5808219178082191
2025-11-17 21:00:00+00:00,2026-06-18 00:00:00+00:00,AVGO,AVGO260618C00320000,call,True,320.0,65.2,66.75,64.7,342.6499938964844,0.5376175389099123,0.0370259995532744,0.00688749465062872,8.0,1278.0,2025-11-17 15:04:00+00:00,5.933333333333334,65.975,0.5808219178082191
2025-11-17 21:00:00+00:00,2026-06-18 00:00:00+00:00,AVGO,AVGO260618C00330000,call,True,330.0,60.05,61.95,59.15,342.6499938964844,0.5348252084350585,0.0370259995532744,0.00688749465062872,2.0,2348.0,2025-11-14 20:49:52+00:00,72.16888888888889,61.0,0.5808219178082191
2025-11-17 21:00:00+00:00,2026-06-18 00:00:00+00:00,AVGO,AVGO260618C00340000,call,True,340.0,55.3,56.7,55.6,342.6499938964844,0.5290116679382324,0.0370259995532744,0.00688749465062872,4.0,1606.0,2025-11-17 20:53:28+00:00,0.10888888888888888,56.0,0.5808219178082191
2025-11-17 21:00:00+00:00,2026-06-18 00:00:00+00:00,AVGO,AVGO260618C00350000,call,False,350.0,51.65,52.15,50.85,342.6499938964844,0.529347357940674,0.0370259995532744,0.00688749465062872,20.0,1240.0,2025-11-17 20:54:30+00:00,0.09166666666666666,51.9,0.5808219178082191
2025-11-17 21:00:00+00:00,2026-06-18 00:00:00+00:00,AVGO,AVGO260618C00360000,call,False,360.0,47.5,48.0,47.33,342.6499938964844,0.526570286102295,0.0370259995532744,0.00688749465062872,6.0,1081.0,2025-11-17 20:54:30+00:00,0.09166666666666666,47.75,0.5808219178082191
2025-11-17 21:00:00+00:00,2026-06-18 00:00:00+00:00,AVGO,AVGO260618C00370000,call,False,370.0,43.65,44.1,42.64,342.6499938964844,0.5239610592651367,0.0370259995532744,0.00688749465062872,25.0,1148.0,2025-11-17 20:35:50+00:00,0.4027777777777778,43.875,0.5808219178082191
2025-11-17 21:00:00+00:00,2026-06-18 00:00:00+00:00,AVGO,AVGO260618C00380000,call,False,380.0,40.1,40.5,39.3,342.6499938964844,0.5218248501586914,0.0370259995532744,0.00688749465062872,43.0,2278.0,2025-11-17 20:02:28+00:00,0.9588888888888889,40.3,0.5808219178082191
2025-11-17 21:00:00+00:00,2026-06-18 00:00:00+00:00,AVGO,AVGO260618C00390000,call,False,390.0,36.8,37.2,35.83,342.6499938964844,0.5200548483276367,0.0370259995532744,0.00688749465062872,166.0,1815.0,2025-11-17 20:19:28+00:00,0.6755555555555556,37.0,0.5808219178082191
2025-11-17 21:00:00+00:00,2026-06-18 00:00:00+00:00,AVGO,AVGO260618C00400000,call,False,400.0,33.75,34.15,33.6,342.6499938964844,0.518483208770752,0.0370259995532744,0.00688749465062872,15.0,1563.0,2025-11-17 20:52:39+00:00,0.1225,33.95,0.5808219178082191
2025-11-17 21:00:00+00:00,2026-06-18 00:00:00+00:00,AVGO,AVGO260618C00410000,call,False,410.0,30.95,31.4,31.5,342.6499938964844,0.5175219146728516,0.0370259995532744,0.00688749465062872,2.0,1145.0,2025-11-17 16:17:21+00:00,4.710833333333333,31.174999999999997,0.5808219178082191
2025-11-17 21:00:00+00:00,2026-06-18 00:00:00+00:00,AVGO,AVGO260618C00420000,call,False,420.0,28.35,28.75,29.65,342.6499938964844,0.5160113096618653,0.0370259995532744,0.00688749465062872,31.0,453.0,2025-11-17 15:18:22+00:00,5.693888888888889,28.55,0.5808219178082191
2025-11-17 21:00:00+00:00,2026-06-18 00:00:00+00:00,AVGO,AVGO260618C00430000,call,False,430.0,26.0,26.45,26.7,342.6499938964844,0.51562984375,0.0370259995532744,0.00688749465062872,12.0,830.0,2025-11-17 16:24:50+00:00,4.586111111111111,26.225,0.5808219178082191
2025-11-17 21:00:00+00:00,2026-06-18 00:00:00+00:00,AVGO,AVGO260618C00440000,call,False,440.0,23.85,24.25,25.6,342.6499938964844,0.5149584637451172,0.0370259995532744,0.00688749465062872,1.0,344.0,2025-11-14 20:13:54+00:00,72.76833333333333,24.05,0.5808219178082191
2025-11-17 21:00:00+00:00,2026-06-18 00:00:00+00:00,AVGO,AVGO260618C00450000,call,False,450.0,21.85,22.25,22.0,342.6499938964844,0.5143786355590819,0.0370259995532744,0.00688749465062872,10.0,1269.0,2025-11-17 19:04:17+00:00,1.928611111111111,22.05,0.5808219178082191
2025-11-17 21:00:00+00:00,2026-06-18 00:00:00+00:00,AVGO,AVGO260618C00460000,call,False,460.0,20.05,20.4,20.65,342.6499938964844,0.5140124282836914,0.0370259995532744,0.00688749465062872,1.0,396.0,2025-11-14 15:50:31+00:00,77.15805555555555,20.225,0.5808219178082191
2025-11-17 21:00:00+00:00,2026-06-18 00:00:00+00:00,AVGO,AVGO260618C00470000,call,False,470.0,18.4,18.8,18.85,342.6499938964844,0.5143176010131835,0.0370259995532744,0.00688749465062872,14.0,287.0,2025-11-17 18:57:42+00:00,2.0383333333333336,18.6,0.5808219178082191
2025-11-17 21:00:00+00:00,2026-06-18 00:00:00+00:00,AVGO,AVGO260618C00480000,call,False,480.0,16.9,17.25,17.4,342.6499938964844,0.5142870837402342,0.0370259995532744,0.00688749465062872,11.0,184.0,2025-11-17 18:57:04+00:00,2.048888888888889,17.075,0.5808219178082191
2025-11-17 21:00:00+00:00,2026-06-18 00:00:00+00:00,AVGO,AVGO260618C00490000,call,False,490.0,15.55,15.85,15.95,342.6499938964844,0.514576997833252,0.0370259995532744,0.00688749465062872,1.0,271.0,2025-11-17 18:57:20+00:00,2.0444444444444443,15.7,0.5808219178082191
2025-11-17 21:00:00+00:00,2026-06-18 00:00:00+00:00,AVGO,AVGO260618C00500000,call,False,500.0,14.25,14.55,13.9,342.6499938964844,0.5144244114685057,0.0370259995532744,0.00688749465062872,4.0,634.0,2025-11-17 19:57:11+00:00,1.0469444444444445,14.4,0.5808219178082191
2025-11-17 21:00:00+00:00,2026-06-18 00:00:00+00:00,AVGO,AVGO260618C00510000,call,False,510.0,13.1,13.45,13.35,342.6499938964844,0.5152026019287108,0.0370259995532744,0.00688749465062872,1.0,204.0,2025-11-17 18:58:13+00:00,2.0297222222222224,13.274999999999999,0.5808219178082191
2025-11-17 21:00:00+00:00,2026-06-18 00:00:00+00:00,AVGO,AVGO260618C00520000,call,False,520.0,12.05,12.35,12.25,342.6499938964844,0.5154162228393554,0.0370259995532744,0.00688749465062872,1.0,256.0,2025-11-17 18:59:00+00:00,2.0166666666666666,12.2,0.5808219178082191
2025-11-17 21:00:00+00:00,2026-06-18 00:00:00+00:00,AVGO,AVGO260618C00530000,call,False,530.0,11.1,11.45,11.45,342.6499938964844,0.5165453619384766,0.0370259995532744,0.00688749465062872,1.0,415.0,2025-11-17 18:56:02+00:00,2.0661111111111112,11.274999999999999,0.5808219178082191
2025-11-17 21:00:00+00:00,2026-06-18 00:00:00+00:00,AVGO,AVGO260618C00540000,call,False,540.0,10.2,10.5,10.5,342.6499938964844,0.5165148446655273,0.0370259995532744,0.00688749465062872,1.0,99.0,2025-11-17 18:57:34+00:00,2.0405555555555557,10.35,0.5808219178082191
2025-11-17 21:00:00+00:00,2026-06-18 00:00:00+00:00,AVGO,AVGO260618C00560000,call,False,560.0,8.65,8.95,8.6,342.6499938964844,0.5177965701293946,0.0370259995532744,0.00688749465062872,17.0,212.0,2025-11-17 19:48:09+00:00,1.1975,8.8,0.5808219178082191
2025-11-17 21:00:00+00:00,2026-06-18 00:00:00+00:00,AVGO,AVGO260618P00070000,put,False,70.0,0.07,0.26,0.25,342.6499938964844,0.8183611914062499,0.0370259995532744,0.00688749465062872,1.0,423.0,2025-11-07 17:24:18+00:00,243.595,0.165,0.5808219178082191
2025-11-17 21:00:00+00:00,2026-06-18 00:00:00+00:00,AVGO,AVGO260618P00075000,put,False,75.0,0.14,0.28,0.26,342.6499938964844,0.805666005859375,0.0370259995532744,0.00688749465062872,1.0,86.0,2025-10-08 14:56:36+00:00,966.0566666666666,0.21000000000000002,0.5808219178082191
2025-11-17 21:00:00+00:00,2026-06-18 00:00:00+00:00,AVGO,AVGO260618P00080000,put,False,80.0,0.17,0.34,0.4,342.6499938964844,0.7905294384765625,0.0370259995532744,0.00688749465062872,2.0,131.0,2025-11-07 19:58:10+00:00,241.03055555555557,0.255,0.5808219178082191
2025-11-17 21:00:00+00:00,2026-06-18 00:00:00+00:00,AVGO,AVGO260618P00085000,put,False,85.0,0.2,0.38,0.3,342.6499938964844,0.770510107421875,0.0370259995532744,0.00688749465062872,10.0,256.0,2025-11-10 15:38:37+00:00,173.3563888888889,0.29000000000000004,0.5808219178082191
2025-11-17 21:00:00+00:00,2026-06-18 00:00:00+00:00,AVGO,AVGO260618P00090000,put,False,90.0,0.25,0.43,0.35,342.6499938964844,0.754885263671875,0.0370259995532744,0.00688749465062872,10.0,109.0,2025-11-10 15:37:11+00:00,173.3802777777778,0.33999999999999997,0.5808219178082191
2025-11-17 21:00:00+00:00,2026-06-18 00:00:00+00:00,AVGO,AVGO260618P00095000,put,False,95.0,0.3,0.49,0.4,342.6499938964844,0.7397486962890624,0.0370259995532744,0.00688749465062872,7.0,209.0,2025-11-10 15:35:24+00:00,173.41,0.395,0.5808219178082191
2025-11-17 21:00:00+00:00,2026-06-18 00:00:00+00:00,AVGO,AVGO260618P00100000,put,False,100.0,0.37,0.56,0.5,342.6499938964844,0.727541787109375,0.0370259995532744,0.00688749465062872,7.0,181.0,2025-11-10 15:34:28+00:00,173.42555555555555,0.465,0.5808219178082191
2025-11-17 21:00:00+00:00,2026-06-18 00:00:00+00:00,AVGO,AVGO260618P00105000,put,False,105.0,0.45,0.63,0.56,342.6499938964844,0.7148466015625,0.0370259995532744,0.00688749465062872,5.0,19.0,2025-11-14 19:37:54+00:00,73.36833333333334,0.54,0.5808219178082191
2025-11-17 21:00:00+00:00,2026-06-18 00:00:00+00:00,AVGO,AVGO260618P00110000,put,False,110.0,0.52,0.71,0.65,342.6499938964844,0.7009307250976562,0.0370259995532744,0.00688749465062872,10.0,596.0,2025-10-30 18:56:37+00:00,434.0563888888889,0.615,0.5808219178082191
2025-11-17 21:00:00+00:00,2026-06-18 00:00:00+00:00,AVGO,AVGO260618P00115000,put,False,115.0,0.44,0.81,1.1,342.6499938964844,0.676761044921875,0.0370259995532744,0.00688749465062872,1.0,101.0,2025-10-22 15:47:42+00:00,629.205,0.625,0.5808219178082191
2025-11-17 21:00:00+00:00,2026-06-18 00:00:00+00:00,AVGO,AVGO260618P00120000,put,False,120.0,0.69,0.95,0.87,342.6499938964844,0.6792024267578126,0.0370259995532744,0.00688749465062872,1.0,952.0,2025-11-05 18:21:43+00:00,290.6380555555556,0.82,0.5808219178082191
2025-11-17 21:00:00+00:00,2026-06-18 00:00:00+00:00,AVGO,AVGO260618P00125000,put,False,125.0,0.84,1.02,0.92,342.6499938964844,0.6677279321289065,0.0370259995532744,0.00688749465062872,1.0,2699.0,2025-11-14 17:16:50+00:00,75.71944444444445,0.9299999999999999,0.5808219178082191
2025-11-17 21:00:00+00:00,2026-06-18 00:00:00+00:00,AVGO,AVGO260618P00130000,put,False,130.0,0.96,1.15,1.14,342.6499938964844,0.657229990234375,0.0370259995532744,0.00688749465062872,20.0,697.0,2025-11-13 18:50:25+00:00,98.15972222222223,1.055,0.5808219178082191
2025-11-17 21:00:00+00:00,2026-06-18 00:00:00+00:00,AVGO,AVGO260618P00135000,put,False,135.0,1.1,1.29,1.3,342.6499938964844,0.6470982556152343,0.0370259995532744,0.00688749465062872,1.0,330.0,2025-11-14 15:31:59+00:00,77.46694444444445,1.195,0.5808219178082191
2025-11-17 21:00:00+00:00,2026-06-18 00:00:00+00:00,AVGO,AVGO260618P00140000,put,False,140.0,1.26,1.44,1.21,342.6499938964844,0.6373327282714845,0.0370259995532744,0.00688749465062872,3.0,1603.0,2025-11-12 18:39:02+00:00,122.34944444444444,1.35,0.5808219178082191
2025-11-17 21:00:00+00:00,2026-06-18 00:00:00+00:00,AVGO,AVGO260618P00145000,put,False,145.0,1.44,1.61,1.88,342.6499938964844,0.6282996154785156,0.0370259995532744,0.00688749465062872,1.0,1329.0,2025-11-07 19:22:44+00:00,241.6211111111111,1.525,0.5808219178082191
2025-11-17 21:00:00+00:00,2026-06-18 00:00:00+00:00,AVGO,AVGO260618P00150000,put,False,150.0,1.62,1.8,1.75,342.6499938964844,0.6190223645019532,0.0370259995532744,0.00688749465062872,7.0,510.0,2025-11-17 20:13:41+00:00,0.7719444444444444,1.71,0.5808219178082191
2025-11-17 21:00:00+00:00,2026-06-18 00:00:00+00:00,AVGO,AVGO260618P00155000,put,False,155.0,1.82,2.01,1.95,342.6499938964844,0.6101113208007813,0.0370259995532744,0.00688749465062872,1.0,455.0,2025-11-14 16:00:37+00:00,76.98972222222223,1.915,0.5808219178082191
2025-11-17 21:00:00+00:00,2026-06-18 00:00:00+00:00,AVGO,AVGO260618P00160000,put,False,160.0,2.05,2.24,2.16,342.6499938964844,0.6019326916503909,0.0370259995532744,0.00688749465062872,15.0,1297.0,2025-11-14 19:55:09+00:00,73.08083333333333,2.145,0.5808219178082191
2025-11-17 21:00:00+00:00,2026-06-18 00:00:00+00:00,AVGO,AVGO260618P00165000,put,False,165.0,2.3,2.49,2.3,342.6499938964844,0.5937540625000001,0.0370259995532744,0.00688749465062872,4.0,2335.0,2025-11-06 19:36:14+00:00,265.3961111111111,2.395,0.5808219178082191
2025-11-17 21:00:00+00:00,2026-06-18 00:00:00+00:00,AVGO,AVGO260618P00170000,put,False,170.0,2.55,2.77,2.45,342.6499938964844,0.5854533642578125,0.0370259995532744,0.00688749465062872,1.0,1606.0,2025-11-10 20:38:27+00:00,168.35916666666665,2.66,0.5808219178082191
2025-11-17 21:00:00+00:00,2026-06-18 00:00:00+00:00,AVGO,AVGO260618P00175000,put,False,175.0,2.88,3.1,2.7,342.6499938964844,0.5792278405761719,0.0370259995532744,0.00688749465062872,1.0,1113.0,2025-11-11 19:29:12+00:00,145.51333333333332,2.99,0.5808219178082191
2025-11-17 21:00:00+00:00,2026-06-18 00:00:00+00:00,AVGO,AVGO260618P00180000,put,False,180.0,3.2,3.45,3.3,342.6499938964844,0.5721478332519532,0.0370259995532744,0.00688749465062872,600.0,2551.0,2025-11-17 15:22:52+00:00,5.618888888888889,3.325,0.5808219178082191
2025-11-17 21:00:00+00:00,2026-06-18 00:00:00+00:00,AVGO,AVGO260618P00185000,put,False,185.0,3.55,3.8,3.4,342.6499938964844,0.5647016186523439,0.0370259995532744,0.00688749465062872,10.0,793.0,2025-11-10 17:56:00+00:00,171.06666666666666,3.675,0.5808219178082191
2025-11-17 21:00:00+00:00,2026-06-18 00:00:00+00:00,AVGO,AVGO260618P00190000,put,False,190.0,3.95,4.25,3.92,342.6499938964844,0.5590254058837891,0.0370259995532744,0.00688749465062872,45.0,1531.0,2025-11-13 15:32:58+00:00,101.45055555555555,4.1,0.5808219178082191
2025-11-17 21:00:00+00:00,2026-06-18 00:00:00+00:00,AVGO,AVGO260618P00195000,put,False,195.0,4.4,4.7,4.07,342.6499938964844,0.5531050549316407,0.0370259995532744,0.00688749465062872,6.0,983.0,2025-11-11 19:49:20+00:00,145.17777777777778,4.550000000000001,0.5808219178082191
2025-11-17 21:00:00+00:00,2026-06-18 00:00:00+00:00,AVGO,AVGO260618P00200000,put,False,200.0,4.9,5.2,5.2,342.6499938964844,0.5477340148925782,0.0370259995532744,0.00688749465062872,4.0,2435.0,2025-11-17 20:14:09+00:00,0.7641666666666667,5.050000000000001,0.5808219178082191
2025-11-17 21:00:00+00:00,2026-06-18 00:00:00+00:00,AVGO,AVGO260618P00210000,put,False,210.0,6.05,6.35,5.45,342.6499938964844,0.5378464184570313,0.0370259995532744,0.00688749465062872,1.0,1526.0,2025-11-11 19:56:30+00:00,145.05833333333334,6.199999999999999,0.5808219178082191
2025-11-17 21:00:00+00:00,2026-06-18 00:00:00+00:00,AVGO,AVGO260618P00220000,put,False,220.0,7.4,7.7,7.05,342.6499938964844,0.5286912365722658,0.0370259995532744,0.00688749465062872,611.0,6351.0,2025-11-17 15:24:28+00:00,5.592222222222222,7.550000000000001,0.5808219178082191
2025-11-17 21:00:00+00:00,2026-06-18 00:00:00+00:00,AVGO,AVGO260618P00230000,put,False,230.0,8.95,9.3,9.5,342.6499938964844,0.5202684692382812,0.0370259995532744,0.00688749465062872,11.0,2156.0,2025-11-17 20:09:53+00:00,0.8352777777777778,9.125,0.5808219178082191
2025-11-17 21:00:00+00:00,2026-06-18 00:00:00+00:00,AVGO,AVGO260618P00240000,put,False,240.0,10.8,11.15,10.89,342.6499938964844,0.512974841003418,0.0370259995532744,0.00688749465062872,12.0,2480.0,2025-11-17 19:24:05+00:00,1.5986111111111112,10.975000000000001,0.5808219178082191
2025-11-17 21:00:00+00:00,2026-06-18 00:00:00+00:00,AVGO,AVGO260618P00250000,put,False,250.0,12.65,13.25,12.78,342.6499938964844,0.5039112109375,0.0370259995532744,0.00688749465062872,50.0,3760.0,2025-11-14 17:49:44+00:00,75.17111111111112,12.95,0.5808219178082191
2025-11-17 21:00:00+00:00,2026-06-18 00:00:00+00:00,AVGO,AVGO260618P00260000,put,False,260.0,14.95,15.65,14.85,342.6499938964844,0.502080174560547,0.0370259995532744,0.00688749465062872,8.0,4217.0,2025-11-17 15:21:11+00:00,5.646944444444444,15.3,0.5808219178082191
2025-11-17 21:00:00+00:00,2026-06-18 00:00:00+00:00,AVGO,AVGO260618P00270000,put,False,270.0,17.95,18.4,18.07,342.6499938964844,0.49658706542968756,0.0370259995532744,0.00688749465062872,17.0,2575.0,2025-11-14 20:12:19+00:00,72.79472222222222,18.174999999999997,0.5808219178082191
2025-11-17 21:00:00+00:00,2026-06-18 00:00:00+00:00,AVGO,AVGO260618P00280000,put,False,280.0,21.0,21.45,20.8,342.6499938964844,0.49121602539062503,0.0370259995532744,0.00688749465062872,4.0,3080.0,2025-11-17 18:55:06+00:00,2.0816666666666666,21.225,0.5808219178082191
2025-11-17 21:00:00+00:00,2026-06-18 00:00:00+00:00,AVGO,AVGO260618P00290000,put,False,290.0,24.35,24.8,25.2,342.6499938964844,0.48587550262451173,0.0370259995532744,0.00688749465062872,731.0,2184.0,2025-11-17 20:20:33+00:00,0.6575,24.575000000000003,0.5808219178082191
2025-11-17 21:00:00+00:00,2026-06-18 00:00:00+00:00,AVGO,AVGO260618P00300000,put,False,300.0,28.05,28.5,27.9,342.6499938964844,0.48102325622558595,0.0370259995532744,0.00688749465062872,51.0,2404.0,2025-11-17 15:57:07+00:00,5.048055555555556,28.275,0.5808219178082191
2025-11-17 21:00:00+00:00,2026-06-18 00:00:00+00:00,AVGO,AVGO260618P00310000,put,False,310.0,32.1,32.6,31.15,342.6499938964844,0.47708652801513673,0.0370259995532744,0.00688749465062872,1.0,1187.0,2025-11-17 16:38:15+00:00,4.3625,32.35,0.5808219178082191
2025-11-17 21:00:00+00:00,2026-06-18 00:00:00+00:00,AVGO,AVGO260618P00320000,put,False,320.0,36.5,37.0,36.1,342.6499938964844,0.47293617889404294,0.0370259995532744,0.00688749465062872,25.0,3242.0,2025-11-14 15:22:04+00:00,77.63222222222223,36.75,0.5808219178082191
2025-11-17 21:00:00+00:00,2026-06-18 00:00:00+00:00,AVGO,AVGO260618P00330000,put,False,330.0,41.25,41.7,41.62,342.6499938964844,0.4686027261352539,0.0370259995532744,0.00688749465062872,88.0,1068.0,2025-11-17 15:57:07+00:00,5.048055555555556,41.475,0.5808219178082191
2025-11-17 21:00:00+00:00,2026-06-18 00:00:00+00:00,AVGO,AVGO260618P00340000,put,False,340.0,46.3,46.8,47.39,342.6499938964844,0.4650779811096192,0.0370259995532744,0.00688749465062872,85.0,1618.0,2025-11-17 20:24:28+00:00,0.5922222222222222,46.55,0.5808219178082191
2025-11-17 21:00:00+00:00,2026-06-18 00:00:00+00:00,AVGO,AVGO260618P00350000,put,True,350.0,51.7,52.2,51.9,342.6499938964844,0.46143116699218756,0.0370259995532744,0.00688749465062872,113.0,848.0,2025-11-17 19:06:18+00:00,1.895,51.95,0.5808219178082191
2025-11-17 21:00:00+00:00,2026-06-18 00:00:00+00:00,AVGO,AVGO260618P00360000,put,True,360.0,57.45,57.95,56.25,342.6499938964844,0.45818107742309583,0.0370259995532744,0.00688749465062872,11.0,361.0,2025-11-17 15:34:24+00:00,5.426666666666667,57.7,0.5808219178082191
2025-11-17 21:00:00+00:00,2026-06-18 00:00:00+00:00,AVGO,AVGO260618P00370000,put,True,370.0,63.4,64.0,62.0,342.6499938964844,0.4549462464904785,0.0370259995532744,0.00688749465062872,1.0,114.0,2025-11-14 15:07:54+00:00,77.86833333333334,63.7,0.5808219178082191
2025-11-17 21:00:00+00:00,2026-06-18 00:00:00+00:00,AVGO,AVGO260618P00380000,put,True,380.0,69.7,70.35,67.27,342.6499938964844,0.45181822601318367,0.0370259995532744,0.00688749465062872,10.0,209.0,2025-11-14 16:00:00+00:00,77.0,70.025,0.5808219178082191
2025-11-17 21:00:00+00:00,2026-06-18 00:00:00+00:00,AVGO,AVGO260618P00390000,put,True,390.0,76.25,76.95,84.51,342.6499938964844,0.4484002914428711,0.0370259995532744,0.00688749465062872,8.0,317.0,2025-11-14 14:35:01+00:00,78.41638888888889,76.6,0.5808219178082191
2025-11-17 21:00:00+00:00,2026-06-18 00:00:00+00:00,AVGO,AVGO260618P00400000,put,True,400.0,83.2,83.85,89.1,342.6499938964844,0.445318046875,0.0370259995532744,0.00688749465062872,1.0,96.0,2025-11-14 14:39:24+00:00,78.34333333333333,83.525,0.5808219178082191
2025-11-17 21:00:00+00:00,2026-06-18 00:00:00+00:00,AVGO,AVGO260618P00410000,put,True,410.0,90.35,91.0,80.6,342.6499938964844,0.44217476776123044,0.0370259995532744,0.00688749465062872,4.0,81.0,2025-11-05 17:08:09+00:00,291.8641666666667,90.675,0.5808219178082191
2025-11-17 21:00:00+00:00,2026-06-18 00:00:00+00:00,AVGO,AVGO260618P00420000,put,True,420.0,97.6,99.85,99.95,342.6499938964844,0.4543359010314941,0.0370259995532744,0.00688749465062872,1.0,68.0,2025-11-07 18:18:56+00:00,242.68444444444444,98.725,0.5808219178082191
2025-11-17 21:00:00+00:00,2026-06-18 00:00:00+00:00,AVGO,AVGO260618P00430000,put,True,430.0,105.2,107.45,94.0,342.6499938964844,0.4515130532836914,0.0370259995532744,0.00688749465062872,2.0,24.0,2025-11-03 20:00:38+00:00,336.9894444444444,106.325,0.5808219178082191
2025-11-17 21:00:00+00:00,2026-06-18 00:00:00+00:00,AVGO,AVGO260618P00440000,put,True,440.0,112.75,114.7,101.3,342.6499938964844,0.44241890594482425,0.0370259995532744,0.00688749465062872,2.0,30.0,2025-11-06 15:28:28+00:00,269.52555555555557,113.725,0.5808219178082191
2025-11-17 21:00:00+00:00,2026-06-18 00:00:00+00:00,AVGO,AVGO260618P00450000,put,True,450.0,120.3,123.45,118.04,342.6499938964844,0.44803408416748036,0.0370259995532744,0.00688749465062872,5.0,25.0,2025-11-17 16:48:07+00:00,4.198055555555555,121.875,0.5808219178082191
2025-11-17 21:00:00+00:00,2026-06-18 00:00:00+00:00,AVGO,AVGO260618P00460000,put,True,460.0,128.8,130.8,118.55,342.6499938964844,0.4350032086181641,0.0370259995532744,0.00688749465062872,2.0,10.0,2025-10-16 14:34:48+00:00,774.42,129.8,0.5808219178082191
2025-11-17 21:00:00+00:00,2026-06-18 00:00:00+00:00,AVGO,AVGO260618P00470000,put,True,470.0,137.35,140.15,113.6,342.6499938964844,0.4445856323242187,0.0370259995532744,0.00688749465062872,10.0,7.0,2025-10-30 17:45:09+00:00,435.2475,138.75,0.5808219178082191
2025-11-17 21:00:00+00:00,2026-06-18 00:00:00+00:00,AVGO,AVGO260618P00480000,put,True,480.0,145.25,147.8,152.25,342.6499938964844,0.4301204449462891,0.0370259995532744,0.00688749465062872,2.0,0.0,2025-09-26 15:37:06+00:00,1253.3816666666667,146.525,0.5808219178082191
2025-11-17 21:00:00+00:00,2026-06-18 00:00:00+00:00,AVGO,AVGO260618P00490000,put,True,490.0,154.1,156.85,159.45,342.6499938964844,0.43247027496337886,0.0370259995532744,0.00688749465062872,1.0,5.0,2025-11-13 17:56:52+00:00,99.05222222222223,155.475,0.5808219178082191
2025-11-17 21:00:00+00:00,2026-06-18 00:00:00+00:00,AVGO,AVGO260618P00500000,put,True,500.0,163.0,166.3,135.2,342.6499938964844,0.43945873046875,0.0370259995532744,0.00688749465062872,4.0,18.0,2025-10-29 15:48:22+00:00,461.19388888888886,164.65,0.5808219178082191
2025-11-17 21:00:00+00:00,2026-06-18 00:00:00+00:00,AVGO,AVGO260618P00510000,put,True,510.0,172.3,174.6,176.96,342.6499938964844,0.4268245794677735,0.0370259995532744,0.00688749465062872,1.0,3.0,2025-11-13 17:56:36+00:00,99.05666666666667,173.45,0.5808219178082191
2025-11-17 21:00:00+00:00,2026-06-18 00:00:00+00:00,AVGO,AVGO260618P00520000,put,True,520.0,181.0,183.65,150.96,342.6499938964844,0.4239559558105469,0.0370259995532744,0.00688749465062872,2.0,19.0,2025-10-29 14:59:45+00:00,462.00416666666666,182.325,0.5808219178082191
2025-11-17 21:00:00+00:00,2026-06-18 00:00:00+00:00,AVGO,AVGO260618P00530000,put,True,530.0,190.0,192.9,162.8,342.6499938964844,0.4229183685302734,0.0370259995532744,0.00688749465062872,1.0,4.0,2025-10-29 17:43:04+00:00,459.28222222222223,191.45,0.5808219178082191
2025-11-17 21:00:00+00:00,2026-06-18 00:00:00+00:00,AVGO,AVGO260618P00540000,put,True,540.0,200.05,202.2,200.73,342.6499938964844,0.4212094012451172,0.0370259995532744,0.00688749465062872,1.0,1.0,2025-11-14 16:32:30+00:00,76.45833333333333,201.125,0.5808219178082191
2025-11-17 21:00:00+00:00,2026-06-18 00:00:00+00:00,AVGO,AVGO260618P00560000,put,True,560.0,218.8,221.5,216.28,342.6499938964844,0.4290828576660156,0.0370259995532744,0.00688749465062872,1.0,1.0,2025-10-31 16:38:02+00:00,412.36611111111114,220.15,0.5808219178082191
2025-11-17 21:00:00+00:00,2026-08-21 00:00:00+00:00,AVGO,AVGO260821C00150000,call,True,150.0,197.25,199.9,237.85,342.6499938964844,0.7161893615722656,0.0370259995532744,0.00688749465062872,,10.0,2025-10-30 13:30:13+00:00,439.4963888888889,198.575,0.7561643835616438
2025-11-17 21:00:00+00:00,2026-08-21 00:00:00+00:00,AVGO,AVGO260821C00155000,call,True,155.0,192.65,195.35,203.85,342.6499938964844,0.7047148669433594,0.0370259995532744,0.00688749465062872,1.0,2.0,2025-11-07 14:30:08+00:00,246.49777777777777,194.0,0.7561643835616438
2025-11-17 21:00:00+00:00,2026-08-21 00:00:00+00:00,AVGO,AVGO260821C00160000,call,True,160.0,184.75,187.95,149.52,342.6499938964844,0.5937540625000001,0.0370259995532744,0.00688749465062872,,1.0,2025-09-03 19:42:41+00:00,1801.288611111111,186.35,0.7561643835616438
2025-11-17 21:00:00+00:00,2026-08-21 00:00:00+00:00,AVGO,AVGO260821C00170000,call,True,170.0,164.05,165.95,198.25,342.6499938964844,1.0000000000000003e-05,0.0370259995532744,0.00688749465062872,1.0,2.0,2025-09-12 19:59:31+00:00,1585.0080555555555,165.0,0.7561643835616438
2025-11-17 21:00:00+00:00,2026-08-21 00:00:00+00:00,AVGO,AVGO260821C00175000,call,True,175.0,174.65,177.45,172.45,342.6499938964844,0.6647677566528322,0.0370259995532744,0.00688749465062872,1.0,1.0,2025-10-22 15:31:57+00:00,629.4675,176.05,0.7561643835616438
2025-11-17 21:00:00+00:00,2026-08-21 00:00:00+00:00,AVGO,AVGO260821C00180000,call,True,180.0,170.25,173.0,191.6,342.6499938964844,0.6553074020385744,0.0370259995532744,0.00688749465062872,1.0,5.0,2025-11-06 14:30:10+00:00,270.4972222222222,171.625,0.7561643835616438
2025-11-17 21:00:00+00:00,2026-08-21 00:00:00+00:00,AVGO,AVGO260821C00185000,call,True,185.0,165.9,168.65,195.95,342.6499938964844,0.647067738342285,0.0370259995532744,0.00688749465062872,1.0,1.0,2025-10-31 16:01:59+00:00,412.96694444444444,167.275,0.7561643835616438
2025-11-17 21:00:00+00:00,2026-08-21 00:00:00+00:00,AVGO,AVGO260821C00190000,call,True,190.0,161.75,164.25,183.0,342.6499938964844,0.6398961791992188,0.0370259995532744,0.00688749465062872,1.0,8.0,2025-11-05 16:25:23+00:00,292.57694444444445,163.0,0.7561643835616438
2025-11-17 21:00:00+00:00,2026-08-21 00:00:00+00:00,AVGO,AVGO260821C00195000,call,True,195.0,157.5,160.4,170.63,342.6499938964844,0.6365087619018556,0.0370259995532744,0.00688749465062872,5.0,5.0,2025-11-04 19:50:20+00:00,313.1611111111111,158.95,0.7561643835616438
2025-11-17 21:00:00+00:00,2026-08-21 00:00:00+00:00,AVGO,AVGO260821C00200000,call,True,200.0,153.25,155.6,144.9,342.6499938964844,0.6234168518066407,0.0370259995532744,0.00688749465062872,5.0,24.0,2025-11-14 14:30:01+00:00,78.49972222222222,154.425,0.7561643835616438
2025-11-17 21:00:00+00:00,2026-08-21 00:00:00+00:00,AVGO,AVGO260821C00210000,call,True,210.0,144.95,147.35,146.29,342.6499938964844,0.6103249417114259,0.0370259995532744,0.00688749465062872,3.0,6.0,2025-11-14 18:36:47+00:00,74.38694444444444,146.14999999999998,0.7561643835616438
2025-11-17 21:00:00+00:00,2026-08-21 00:00:00+00:00,AVGO,AVGO260821C00220000,call,True,220.0,136.75,139.1,151.35,342.6499938964844,0.5958902716064454,0.0370259995532744,0.00688749465062872,1.0,5.0,2025-10-13 13:50:02+00:00,847.1661111111111,137.925,0.7561643835616438
2025-11-17 21:00:00+00:00,2026-08-21 00:00:00+00:00,AVGO,AVGO260821C00230000,call,True,230.0,129.1,131.85,130.56,342.6499938964844,0.5907633697509767,0.0370259995532744,0.00688749465062872,4.0,11.0,2025-11-14 20:18:11+00:00,72.69694444444444,130.475,0.7561643835616438
2025-11-17 21:00:00+00:00,2026-08-21 00:00:00+00:00,AVGO,AVGO260821C00240000,call,True,240.0,121.75,123.65,122.95,342.6499938964844,0.5782360292053224,0.0370259995532744,0.00688749465062872,4.0,188.0,2025-11-14 20:18:11+00:00,72.69694444444444,122.7,0.7561643835616438
2025-11-17 21:00:00+00:00,2026-08-21 00:00:00+00:00,AVGO,AVGO260821C00250000,call,True,250.0,114.15,116.5,115.0,342.6499938964844,0.5687298986816407,0.0370259995532744,0.00688749465062872,1.0,16.0,2025-11-13 15:37:37+00:00,101.37305555555555,115.325,0.7561643835616438
2025-11-17 21:00:00+00:00,2026-08-21 00:00:00+00:00,AVGO,AVGO260821C00260000,call,True,260.0,107.2,109.5,110.94,342.6499938964844,0.561604115447998,0.0370259995532744,0.00688749465062872,1.0,27.0,2025-11-13 14:36:52+00:00,102.38555555555556,108.35,0.7561643835616438
2025-11-17 21:00:00+00:00,2026-08-21 00:00:00+00:00,AVGO,AVGO260821C00270000,call,True,270.0,100.3,102.65,115.36,342.6499938964844,0.55313557220459,0.0370259995532744,0.00688749465062872,10.0,54.0,2025-11-10 15:25:20+00:00,173.57777777777778,101.475,0.7561643835616438
2025-11-17 21:00:00+00:00,2026-08-21 00:00:00+00:00,AVGO,AVGO260821C00280000,call,True,280.0,93.7,96.25,97.5,342.6499938964844,0.5463912548828126,0.0370259995532744,0.00688749465062872,1.0,198.0,2025-11-13 14:52:34+00:00,102.12388888888889,94.975,0.7561643835616438
2025-11-17 21:00:00+00:00,2026-08-21 00:00:00+00:00,AVGO,AVGO260821C00290000,call,True,290.0,87.6,90.4,86.3,342.6499938964844,0.5425765957641603,0.0370259995532744,0.00688749465062872,10.0,30.0,2025-11-13 20:03:03+00:00,96.94916666666667,89.0,0.7561643835616438
2025-11-17 21:00:00+00:00,2026-08-21 00:00:00+00:00,AVGO,AVGO260821C00300000,call,True,300.0,81.95,84.25,84.05,342.6499938964844,0.5370224520874024,0.0370259995532744,0.00688749465062872,2.0,95.0,2025-11-14 17:07:11+00:00,75.88027777777778,83.1,0.7561643835616438
2025-11-17 21:00:00+00:00,2026-08-21 00:00:00+00:00,AVGO,AVGO260821C00310000,call,True,310.0,76.45,78.65,76.32,342.6499938964844,0.5324753784179688,0.0370259995532744,0.00688749465062872,1.0,274.0,2025-11-13 20:40:34+00:00,96.32388888888889,77.55000000000001,0.7561643835616438
2025-11-17 21:00:00+00:00,2026-08-21 00:00:00+00:00,AVGO,AVGO260821C00320000,call,True,320.0,71.5,73.35,73.42,342.6499938964844,0.5295304615783694,0.0370259995532744,0.00688749465062872,5.0,395.0,2025-11-17 18:35:00+00:00,2.4166666666666665,72.425,0.7561643835616438
2025-11-17 21:00:00+00:00,2026-08-21 00:00:00+00:00,AVGO,AVGO260821C00330000,call,True,330.0,66.6,68.3,66.83,342.6499938964844,0.5256852851867677,0.0370259995532744,0.00688749465062872,1.0,156.0,2025-11-14 15:51:04+00:00,77.14888888888889,67.44999999999999,0.7561643835616438
2025-11-17 21:00:00+00:00,2026-08-21 00:00:00+00:00,AVGO,AVGO260821C00340000,call,True,340.0,61.45,63.75,58.46,342.6499938964844,0.5208177801513671,0.0370259995532744,0.00688749465062872,40.0,310.0,2025-11-14 15:12:19+00:00,77.79472222222222,62.6,0.7561643835616438
2025-11-17 21:00:00+00:00,2026-08-21 00:00:00+00:00,AVGO,AVGO260821C00350000,call,False,350.0,58.3,59.55,60.0,342.6499938964844,0.5239763179016113,0.0370259995532744,0.00688749465062872,5.0,1265.0,2025-11-17 16:12:00+00:00,4.8,58.925,0.7561643835616438
2025-11-17 21:00:00+00:00,2026-08-21 00:00:00+00:00,AVGO,AVGO260821C00360000,call,False,360.0,54.25,54.8,55.13,342.6499938964844,0.5188951919555663,0.0370259995532744,0.00688749465062872,10.0,311.0,2025-11-17 17:58:41+00:00,3.0219444444444443,54.525,0.7561643835616438
2025-11-17 21:00:00+00:00,2026-08-21 00:00:00+00:00,AVGO,AVGO260821C00370000,call,False,370.0,50.35,51.8,49.75,342.6499938964844,0.5199327792358398,0.0370259995532744,0.00688749465062872,42.0,278.0,2025-11-13 20:39:01+00:00,96.34972222222223,51.075,0.7561643835616438
2025-11-17 21:00:00+00:00,2026-08-21 00:00:00+00:00,AVGO,AVGO260821C00380000,call,False,380.0,46.8,47.4,47.6,342.6499938964844,0.5147143255615234,0.0370259995532744,0.00688749465062872,44.0,371.0,2025-11-14 17:01:57+00:00,75.9675,47.099999999999994,0.7561643835616438
2025-11-17 21:00:00+00:00,2026-08-21 00:00:00+00:00,AVGO,AVGO260821C00390000,call,False,390.0,43.4,44.0,43.64,342.6499938964844,0.5125475991821288,0.0370259995532744,0.00688749465062872,1.0,228.0,2025-11-17 20:51:35+00:00,0.14027777777777778,43.7,0.7561643835616438
2025-11-17 21:00:00+00:00,2026-08-21 00:00:00+00:00,AVGO,AVGO260821C00400000,call,False,400.0,40.35,40.9,40.0,342.6499938964844,0.5114032014465333,0.0370259995532744,0.00688749465062872,1.0,808.0,2025-11-17 19:38:36+00:00,1.3566666666666667,40.625,0.7561643835616438
2025-11-17 21:00:00+00:00,2026-08-21 00:00:00+00:00,AVGO,AVGO260821C00410000,call,False,410.0,37.45,38.0,36.95,342.6499938964844,0.5101214759826662,0.0370259995532744,0.00688749465062872,32.0,390.0,2025-11-17 19:58:08+00:00,1.031111111111111,37.725,0.7561643835616438
2025-11-17 21:00:00+00:00,2026-08-21 00:00:00+00:00,AVGO,AVGO260821C00420000,call,False,420.0,34.2,35.3,34.0,342.6499938964844,0.5066119895935057,0.0370259995532744,0.00688749465062872,4.0,144.0,2025-11-14 15:43:44+00:00,77.27111111111111,34.75,0.7561643835616438
2025-11-17 21:00:00+00:00,2026-08-21 00:00:00+00:00,AVGO,AVGO260821C00430000,call,False,430.0,32.25,32.8,32.0,342.6499938964844,0.508092077331543,0.0370259995532744,0.00688749465062872,4.0,178.0,2025-11-13 20:35:27+00:00,96.40916666666666,32.525,0.7561643835616438
2025-11-17 21:00:00+00:00,2026-08-21 00:00:00+00:00,AVGO,AVGO260821C00440000,call,False,440.0,29.95,30.45,29.34,342.6499938964844,0.5072986282348633,0.0370259995532744,0.00688749465062872,1.0,165.0,2025-11-10 20:58:17+00:00,168.0286111111111,30.2,0.7561643835616438
2025-11-17 21:00:00+00:00,2026-08-21 00:00:00+00:00,AVGO,AVGO260821C00450000,call,False,450.0,27.8,28.3,27.65,342.6499938964844,0.5066882827758789,0.0370259995532744,0.00688749465062872,3.0,295.0,2025-11-17 19:20:19+00:00,1.6613888888888888,28.05,0.7561643835616438
2025-11-17 21:00:00+00:00,2026-08-21 00:00:00+00:00,AVGO,AVGO260821C00460000,call,False,460.0,25.85,26.3,31.1,342.6499938964844,0.5063831100463867,0.0370259995532744,0.00688749465062872,5.0,81.0,2025-11-06 16:35:23+00:00,268.41027777777776,26.075000000000003,0.7561643835616438
2025-11-17 21:00:00+00:00,2026-08-21 00:00:00+00:00,AVGO,AVGO260821C00470000,call,False,470.0,24.0,24.45,29.35,342.6499938964844,0.5059711268615723,0.0370259995532744,0.00688749465062872,25.0,49.0,2025-11-10 19:40:53+00:00,169.31861111111112,24.225,0.7561643835616438
2025-11-17 21:00:00+00:00,2026-08-21 00:00:00+00:00,AVGO,AVGO260821C00480000,call,False,480.0,22.3,22.75,21.7,342.6499938964844,0.5058032818603515,0.0370259995532744,0.00688749465062872,3.0,49.0,2025-11-13 20:28:15+00:00,96.52916666666667,22.525,0.7561643835616438
2025-11-17 21:00:00+00:00,2026-08-21 00:00:00+00:00,AVGO,AVGO260821C00490000,call,False,490.0,20.7,21.15,25.25,342.6499938964844,0.50546759185791,0.0370259995532744,0.00688749465062872,1.0,72.0,2025-11-10 17:36:27+00:00,171.3925,20.924999999999997,0.7561643835616438
2025-11-17 21:00:00+00:00,2026-08-21 00:00:00+00:00,AVGO,AVGO260821C00500000,call,False,500.0,19.25,19.65,19.03,342.6499938964844,0.5052844882202149,0.0370259995532744,0.00688749465062872,1.0,232.0,2025-11-17 19:50:27+00:00,1.1591666666666667,19.45,0.7561643835616438
2025-11-17 21:00:00+00:00,2026-08-21 00:00:00+00:00,AVGO,AVGO260821C00510000,call,False,510.0,17.9,18.35,18.95,342.6499938964844,0.5055896609497069,0.0370259995532744,0.00688749465062872,2.0,22.0,2025-11-17 15:20:39+00:00,5.655833333333334,18.125,0.7561643835616438
2025-11-17 21:00:00+00:00,2026-08-21 00:00:00+00:00,AVGO,AVGO260821C00520000,call,False,520.0,16.65,17.1,15.48,342.6499938964844,0.5057117300415038,0.0370259995532744,0.00688749465062872,2.0,65.0,2025-11-14 15:23:11+00:00,77.61361111111111,16.875,0.7561643835616438
2025-11-17 21:00:00+00:00,2026-08-21 00:00:00+00:00,AVGO,AVGO260821C00530000,call,False,530.0,15.5,15.9,15.35,342.6499938964844,0.5056812127685546,0.0370259995532744,0.00688749465062872,1.0,403.0,2025-11-17 19:50:27+00:00,1.1591666666666667,15.7,0.7561643835616438
2025-11-17 21:00:00+00:00,2026-08-21 00:00:00+00:00,AVGO,AVGO260821C00540000,call,False,540.0,14.4,14.8,15.3,342.6499938964844,0.5055896609497069,0.0370259995532744,0.00688749465062872,2.0,20.0,2025-11-17 15:20:41+00:00,5.655277777777778,14.600000000000001,0.7561643835616438
2025-11-17 21:00:00+00:00,2026-08-21 00:00:00+00:00,AVGO,AVGO260821C00560000,call,False,560.0,12.5,12.9,12.25,342.6499938964844,0.5062915582275391,0.0370259995532744,0.00688749465062872,34.0,46.0,2025-11-17 20:27:01+00:00,0.5497222222222222,12.7,0.7561643835616438
2025-11-17 21:00:00+00:00,2026-08-21 00:00:00+00:00,AVGO,AVGO260821P00150000,put,False,150.0,2.42,2.66,2.55,342.6499938964844,0.5872844006347657,0.0370259995532744,0.00688749465062872,2.0,57.0,2025-11-17 19:58:42+00:00,1.0216666666666667,2.54,0.7561643835616438
2025-11-17 21:00:00+00:00,2026-08-21 00:00:00+00:00,AVGO,AVGO260821P00155000,put,False,155.0,2.7,2.94,3.55,342.6499938964844,0.5793499096679688,0.0370259995532744,0.00688749465062872,1.0,55.0,2025-10-21 17:27:36+00:00,651.54,2.8200000000000003,0.7561643835616438
2025-11-17 21:00:00+00:00,2026-08-21 00:00:00+00:00,AVGO,AVGO260821P00160000,put,False,160.0,3.0,3.25,3.05,342.6499938964844,0.5717205914306642,0.0370259995532744,0.00688749465062872,2.0,59.0,2025-10-28 17:36:01+00:00,483.39972222222224,3.125,0.7561643835616438
2025-11-17 21:00:00+00:00,2026-08-21 00:00:00+00:00,AVGO,AVGO260821P00165000,put,False,165.0,3.35,3.6,3.45,342.6499938964844,0.5650678259277344,0.0370259995532744,0.00688749465062872,2.0,20.0,2025-11-11 14:49:21+00:00,150.1775,3.475,0.7561643835616438
2025-11-17 21:00:00+00:00,2026-08-21 00:00:00+00:00,AVGO,AVGO260821P00170000,put,False,170.0,3.7,4.0,4.5,342.6499938964844,0.5584760949707033,0.0370259995532744,0.00688749465062872,32.0,90.0,2025-11-07 17:40:39+00:00,243.3225,3.85,0.7561643835616438
2025-11-17 21:00:00+00:00,2026-08-21 00:00:00+00:00,AVGO,AVGO260821P00175000,put,False,175.0,3.9,4.4,4.0,342.6499938964844,0.5486495330810548,0.0370259995532744,0.00688749465062872,5.0,15.0,2025-11-05 17:10:16+00:00,291.8288888888889,4.15,0.7561643835616438
2025-11-17 21:00:00+00:00,2026-08-21 00:00:00+00:00,AVGO,AVGO260821P00180000,put,False,180.0,4.55,4.8,5.52,342.6499938964844,0.5452926330566408,0.0370259995532744,0.00688749465062872,100.0,357.0,2025-09-30 18:03:56+00:00,1154.9344444444444,4.675,0.7561643835616438
2025-11-17 21:00:00+00:00,2026-08-21 00:00:00+00:00,AVGO,AVGO260821P00185000,put,False,185.0,5.05,5.3,5.65,342.6499938964844,0.5400436621093752,0.0370259995532744,0.00688749465062872,8.0,161.0,2025-09-29 15:02:21+00:00,1181.9608333333333,5.175,0.7561643835616438
2025-11-17 21:00:00+00:00,2026-08-21 00:00:00+00:00,AVGO,AVGO260821P00190000,put,False,190.0,5.3,5.9,5.53,342.6499938964844,0.5319871020507813,0.0370259995532744,0.00688749465062872,2.0,67.0,2025-11-03 19:42:46+00:00,337.2872222222222,5.6,0.7561643835616438
2025-11-17 21:00:00+00:00,2026-08-21 00:00:00+00:00,AVGO,AVGO260821P00195000,put,False,195.0,6.15,6.4,6.9,342.6499938964844,0.5294846856689455,0.0370259995532744,0.00688749465062872,3.0,49.0,2025-09-29 16:15:05+00:00,1180.7486111111111,6.275,0.7561643835616438
2025-11-17 21:00:00+00:00,2026-08-21 00:00:00+00:00,AVGO,AVGO260821P00200000,put,False,200.0,6.45,7.1,6.18,342.6499938964844,0.5218858847045899,0.0370259995532744,0.00688749465062872,2.0,91.0,2025-11-12 15:39:36+00:00,125.34,6.775,0.7561643835616438
2025-11-17 21:00:00+00:00,2026-08-21 00:00:00+00:00,AVGO,AVGO260821P00210000,put,False,210.0,8.15,8.5,7.85,342.6499938964844,0.5162707064819335,0.0370259995532744,0.00688749465062872,1.0,459.0,2025-10-27 15:10:48+00:00,509.82,8.325,0.7561643835616438
2025-11-17 21:00:00+00:00,2026-08-21 00:00:00+00:00,AVGO,AVGO260821P00220000,put,False,220.0,9.75,10.15,10.95,342.6499938964844,0.5081836291503907,0.0370259995532744,0.00688749465062872,1.0,219.0,2025-11-14 14:42:40+00:00,78.28888888888889,9.95,0.7561643835616438
2025-11-17 21:00:00+00:00,2026-08-21 00:00:00+00:00,AVGO,AVGO260821P00230000,put,False,230.0,11.6,12.0,11.4,342.6499938964844,0.5005543109130859,0.0370259995532744,0.00688749465062872,1.0,1520.0,2025-11-14 15:42:49+00:00,77.2863888888889,11.8,0.7561643835616438
2025-11-17 21:00:00+00:00,2026-08-21 00:00:00+00:00,AVGO,AVGO260821P00240000,put,False,240.0,13.75,14.15,12.58,342.6499938964844,0.4971363763427735,0.0370259995532744,0.00688749465062872,250.0,399.0,2025-11-12 20:01:35+00:00,120.97361111111111,13.95,0.7561643835616438
2025-11-17 21:00:00+00:00,2026-08-21 00:00:00+00:00,AVGO,AVGO260821P00250000,put,False,250.0,16.15,16.6,14.42,342.6499938964844,0.4914296463012696,0.0370259995532744,0.00688749465062872,1.0,331.0,2025-11-10 20:58:17+00:00,168.0286111111111,16.375,0.7561643835616438
2025-11-17 21:00:00+00:00,2026-08-21 00:00:00+00:00,AVGO,AVGO260821P00260000,put,False,260.0,18.8,19.3,19.27,342.6499938964844,0.4857229162597656,0.0370259995532744,0.00688749465062872,1.0,1024.0,2025-11-14 18:43:58+00:00,74.26722222222222,19.05,0.7561643835616438
2025-11-17 21:00:00+00:00,2026-08-21 00:00:00+00:00,AVGO,AVGO260821P00270000,put,False,270.0,21.4,22.65,22.62,342.6499938964844,0.48447170806884765,0.0370259995532744,0.00688749465062872,2.0,62.0,2025-11-07 14:40:16+00:00,246.32888888888888,22.025,0.7561643835616438
2025-11-17 21:00:00+00:00,2026-08-21 00:00:00+00:00,AVGO,AVGO260821P00280000,put,False,280.0,25.05,25.6,25.35,342.6499938964844,0.47559118164062497,0.0370259995532744,0.00688749465062872,5.0,972.0,2025-11-14 19:32:08+00:00,73.46444444444444,25.325000000000003,0.7561643835616438
2025-11-17 21:00:00+00:00,2026-08-21 00:00:00+00:00,AVGO,AVGO260821P00290000,put,False,290.0,28.65,29.2,25.45,342.6499938964844,0.47093729751586916,0.0370259995532744,0.00688749465062872,3.0,207.0,2025-11-05 16:39:09+00:00,292.3475,28.924999999999997,0.7561643835616438
2025-11-17 21:00:00+00:00,2026-08-21 00:00:00+00:00,AVGO,AVGO260821P00300000,put,False,300.0,32.55,33.1,31.75,342.6499938964844,0.46645125839233403,0.0370259995532744,0.00688749465062872,2.0,1014.0,2025-11-17 16:38:15+00:00,4.3625,32.825,0.7561643835616438
2025-11-17 21:00:00+00:00,2026-08-21 00:00:00+00:00,AVGO,AVGO260821P00310000,put,False,310.0,36.75,37.35,37.35,342.6499938964844,0.46259082336425783,0.0370259995532744,0.00688749465062872,39.0,574.0,2025-11-14 18:03:40+00:00,74.93888888888888,37.05,0.7561643835616438
2025-11-17 21:00:00+00:00,2026-08-21 00:00:00+00:00,AVGO,AVGO260821P00320000,put,False,320.0,41.3,41.9,41.71,342.6499938964844,0.45880668151855475,0.0370259995532744,0.00688749465062872,5.0,464.0,2025-11-17 20:56:48+00:00,0.05333333333333334,41.599999999999994,0.7561643835616438
2025-11-17 21:00:00+00:00,2026-08-21 00:00:00+00:00,AVGO,AVGO260821P00330000,put,False,330.0,46.1,46.7,49.2,342.6499938964844,0.4547173669433594,0.0370259995532744,0.00688749465062872,1.0,514.0,2025-11-13 16:22:06+00:00,100.63166666666666,46.400000000000006,0.7561643835616438
2025-11-17 21:00:00+00:00,2026-08-21 00:00:00+00:00,AVGO,AVGO260821P00340000,put,False,340.0,50.35,51.85,51.7,342.6499938964844,0.45119262191772463,0.0370259995532744,0.00688749465062872,150.0,189.0,2025-11-07 19:53:10+00:00,241.11388888888888,51.1,0.7561643835616438
2025-11-17 21:00:00+00:00,2026-08-21 00:00:00+00:00,AVGO,AVGO260821P00350000,put,True,350.0,55.85,57.3,57.45,342.6499938964844,0.4478357218933105,0.0370259995532744,0.00688749465062872,1.0,177.0,2025-11-14 14:31:07+00:00,78.48138888888889,56.575,0.7561643835616438
2025-11-17 21:00:00+00:00,2026-08-21 00:00:00+00:00,AVGO,AVGO260821P00360000,put,True,360.0,61.55,63.05,64.82,342.6499938964844,0.44469244277954095,0.0370259995532744,0.00688749465062872,3.0,178.0,2025-11-14 14:54:12+00:00,78.09666666666666,62.3,0.7561643835616438
2025-11-17 21:00:00+00:00,2026-08-21 00:00:00+00:00,AVGO,AVGO260821P00370000,put,True,370.0,67.5,69.05,73.7,342.6499938964844,0.4414118359375,0.0370259995532744,0.00688749465062872,2.0,265.0,2025-11-14 14:36:15+00:00,78.39583333333333,68.275,0.7561643835616438
2025-11-17 21:00:00+00:00,2026-08-21 00:00:00+00:00,AVGO,AVGO260821P00380000,put,True,380.0,73.6,75.3,78.05,342.6499938964844,0.43802441864013675,0.0370259995532744,0.00688749465062872,3.0,89.0,2025-11-14 15:31:58+00:00,77.46722222222222,74.44999999999999,0.7561643835616438
2025-11-17 21:00:00+00:00,2026-08-21 00:00:00+00:00,AVGO,AVGO260821P00390000,put,True,390.0,80.1,81.85,80.5,342.6499938964844,0.43506424316406256,0.0370259995532744,0.00688749465062872,4.0,35.0,2025-11-07 20:43:58+00:00,240.26722222222222,80.975,0.7561643835616438
2025-11-17 21:00:00+00:00,2026-08-21 00:00:00+00:00,AVGO,AVGO260821P00400000,put,True,400.0,87.9,88.65,88.7,342.6499938964844,0.4321651022338867,0.0370259995532744,0.00688749465062872,2.0,22.0,2025-11-14 18:30:57+00:00,74.48416666666667,88.275,0.7561643835616438
2025-11-17 21:00:00+00:00,2026-08-21 00:00:00+00:00,AVGO,AVGO260821P00410000,put,True,410.0,93.95,95.5,95.33,342.6499938964844,0.42767906311035164,0.0370259995532744,0.00688749465062872,1.0,3.0,2025-09-19 13:34:19+00:00,1423.4280555555556,94.725,0.7561643835616438
2025-11-17 21:00:00+00:00,2026-08-21 00:00:00+00:00,AVGO,AVGO260821P00420000,put,True,420.0,101.15,102.75,98.32,342.6499938964844,0.42471888763427734,0.0370259995532744,0.00688749465062872,2.0,2.0,2025-09-19 17:30:17+00:00,1419.4952777777778,101.95,0.7561643835616438
2025-11-17 21:00:00+00:00,2026-08-21 00:00:00+00:00,AVGO,AVGO260821P00430000,put,True,430.0,108.45,110.4,102.22,342.6499938964844,0.4234981967163086,0.0370259995532744,0.00688749465062872,3.0,25.0,2025-11-10 16:45:03+00:00,172.24916666666667,109.42500000000001,0.7561643835616438
2025-11-17 21:00:00+00:00,2026-08-21 00:00:00+00:00,AVGO,AVGO260821P00440000,put,True,440.0,116.8,118.45,114.35,342.6499938964844,0.42426112854003906,0.0370259995532744,0.00688749465062872,2.0,5.0,2025-10-03 13:39:10+00:00,1087.3472222222222,117.625,0.7561643835616438
2025-11-17 21:00:00+00:00,2026-08-21 00:00:00+00:00,AVGO,AVGO260821P00450000,put,True,450.0,124.8,126.4,125.0,342.6499938964844,0.4224300921630859,0.0370259995532744,0.00688749465062872,5.0,10.0,2025-10-21 14:28:29+00:00,654.5252777777778,125.6,0.7561643835616438
2025-11-17 21:00:00+00:00,2026-08-21 00:00:00+00:00,AVGO,AVGO260821P00460000,put,True,460.0,132.85,134.25,129.55,342.6499938964844,0.41785250122070305,0.0370259995532744,0.00688749465062872,2.0,8.0,2025-10-13 13:45:37+00:00,847.2397222222222,133.55,0.7561643835616438
2025-11-17 21:00:00+00:00,2026-08-21 00:00:00+00:00,AVGO,AVGO260821P00470000,put,True,470.0,140.6,143.0,138.65,342.6499938964844,0.42090422851562503,0.0370259995532744,0.00688749465062872,2.0,14.0,2025-10-22 13:37:29+00:00,631.3752777777778,141.8,0.7561643835616438
2025-11-17 21:00:00+00:00,2026-08-21 00:00:00+00:00,AVGO,AVGO260821P00480000,put,True,480.0,148.5,151.7,132.3,342.6499938964844,0.4221859539794922,0.0370259995532744,0.00688749465062872,2.0,11.0,2025-10-28 13:44:13+00:00,487.2630555555556,150.1,0.7561643835616438
2025-11-17 21:00:00+00:00,2026-08-21 00:00:00+00:00,AVGO,AVGO260821P00490000,put,True,490.0,157.9,159.4,137.55,342.6499938964844,0.4105283557128906,0.0370259995532744,0.00688749465062872,6.0,7.0,2025-10-28 17:13:39+00:00,483.7725,158.65,0.7561643835616438
2025-11-17 21:00:00+00:00,2026-08-21 00:00:00+00:00,AVGO,AVGO260821P00500000,put,True,500.0,166.35,168.65,140.25,342.6499938964844,0.41528905029296875,0.0370259995532744,0.00688749465062872,2.0,10.0,2025-10-29 13:40:17+00:00,463.3286111111111,167.5,0.7561643835616438
2025-11-17 21:00:00+00:00,2026-08-21 00:00:00+00:00,AVGO,AVGO260821P00510000,put,True,510.0,174.55,177.0,148.18,342.6499938964844,0.4075681802368164,0.0370259995532744,0.00688749465062872,2.0,9.0,2025-10-29 13:40:03+00:00,463.3325,175.775,0.7561643835616438
2025-11-17 21:00:00+00:00,2026-08-21 00:00:00+00:00,AVGO,AVGO260821P00520000,put,True,520.0,183.95,186.35,154.25,342.6499938964844,0.4113523220825196,0.0370259995532744,0.00688749465062872,4.0,16.0,2025-10-29 15:01:15+00:00,461.9791666666667,185.14999999999998,0.7561643835616438
2025-11-17 21:00:00+00:00,2026-08-21 00:00:00+00:00,AVGO,AVGO260821P00530000,put,True,530.0,192.9,195.0,162.15,342.6499938964844,0.4041502456665039,0.0370259995532744,0.00688749465062872,2.0,16.0,2025-10-29 15:01:28+00:00,461.97555555555556,193.95,0.7561643835616438
2025-11-17 21:00:00+00:00,2026-09-18 00:00:00+00:00,AVGO,AVGO260918C00070000,call,True,70.0,272.1,276.35,273.0,342.6499938964844,0.940430283203125,0.0370259995532744,0.00688749465062872,8.0,16.0,2025-11-14 18:46:21+00:00,74.2275,274.225,0.8328767123287671
2025-11-17 21:00:00+00:00,2026-09-18 00:00:00+00:00,AVGO,AVGO260918C00075000,call,True,75.0,205.0,207.15,179.47,342.6499938964844,1.0000000000000003e-05,0.0370259995532744,0.00688749465062872,1.0,1.0,2025-06-17 14:05:51+00:00,3678.9025,206.075,0.8328767123287671
2025-11-17 21:00:00+00:00,2026-09-18 00:00:00+00:00,AVGO,AVGO260918C00080000,call,True,80.0,215.55,217.35,191.77,342.6499938964844,1.0000000000000003e-05,0.0370259995532744,0.00688749465062872,1.0,10.0,2025-06-26 17:09:45+00:00,3459.8375,216.45,0.8328767123287671
2025-11-17 21:00:00+00:00,2026-09-18 00:00:00+00:00,AVGO,AVGO260918C00085000,call,True,85.0,210.9,212.7,207.62,342.6499938964844,1.0000000000000003e-05,0.0370259995532744,0.00688749465062872,10.0,16.0,2025-07-21 16:54:42+00:00,2860.088333333333,211.8,0.8328767123287671
2025-11-17 21:00:00+00:00,2026-09-18 00:00:00+00:00,AVGO,AVGO260918C00090000,call,True,90.0,0.0,0.0,85.2,342.6499938964844,1.0000000000000003e-05,0.0370259995532744,0.00688749465062872,,0.0,2025-04-01 17:54:43+00:00,5523.088055555556,0.0,0.8328767123287671
2025-11-17 21:00:00+00:00,2026-09-18 00:00:00+00:00,AVGO,AVGO260918C00095000,call,True,95.0,150.9,154.3,102.95,342.6499938964844,1.0000000000000003e-05,0.0370259995532744,0.00688749465062872,1.0,0.0,2025-04-30 18:07:07+00:00,4826.881388888889,152.60000000000002,0.8328767123287671
2025-11-17 21:00:00+00:00,2026-09-18 00:00:00+00:00,AVGO,AVGO260918C00100000,call,True,100.0,0.0,0.0,269.25,342.6499938964844,1.0000000000000003e-05,0.0370259995532744,0.00688749465062872,1.0,16.0,2025-09-16 13:30:04+00:00,1495.4988888888888,0.0,0.8328767123287671
2025-11-17 21:00:00+00:00,2026-09-18 00:00:00+00:00,AVGO,AVGO260918C00105000,call,True,105.0,238.95,243.4,243.9,342.6499938964844,0.8311784460449219,0.0370259995532744,0.00688749465062872,1.0,48.0,2025-09-18 14:44:19+00:00,1446.2613888888889,241.175,0.8328767123287671
2025-11-17 21:00:00+00:00,2026-09-18 00:00:00+00:00,AVGO,AVGO260918C00110000,call,True,110.0,0.0,0.0,96.45,342.6499938964844,1.0000000000000003e-05,0.0370259995532744,0.00688749465062872,24.0,12.0,2025-05-06 13:30:03+00:00,4687.4991666666665,0.0,0.8328767123287671
2025-11-17 21:00:00+00:00,2026-09-18 00:00:00+00:00,AVGO,AVGO260918C00115000,call,True,115.0,233.0,235.85,177.67,342.6499938964844,0.905396453857422,0.0370259995532744,0.00688749465062872,7.0,35.0,2025-08-20 18:21:54+00:00,2138.635,234.425,0.8328767123287671
2025-11-17 21:00:00+00:00,2026-09-18 00:00:00+00:00,AVGO,AVGO260918C00120000,call,True,120.0,225.05,229.3,234.15,342.6499938964844,0.7883321948242188,0.0370259995532744,0.00688749465062872,2.0,21.0,2025-11-07 14:36:30+00:00,246.39166666666668,227.175,0.8328767123287671
2025-11-17 21:00:00+00:00,2026-09-18 00:00:00+00:00,AVGO,AVGO260918C00125000,call,True,125.0,220.6,224.95,231.97,342.6499938964844,0.7839377075195313,0.0370259995532744,0.00688749465062872,5.0,15.0,2025-10-16 18:23:43+00:00,770.6047222222222,222.77499999999998,0.8328767123287671
2025-11-17 21:00:00+00:00,2026-09-18 00:00:00+00:00,AVGO,AVGO260918C00130000,call,True,130.0,151.45,153.75,123.08,342.6499938964844,1.0000000000000003e-05,0.0370259995532744,0.00688749465062872,1.0,9.0,2025-06-10 14:07:19+00:00,3846.8780555555554,152.6,0.8328767123287671
2025-11-17 21:00:00+00:00,2026-09-18 00:00:00+00:00,AVGO,AVGO260918C00135000,call,True,135.0,124.0,125.25,106.5,342.6499938964844,1.0000000000000003e-05,0.0370259995532744,0.00688749465062872,8.0,5.0,2025-05-16 18:08:48+00:00,4442.8533333333335,124.625,0.8328767123287671
2025-11-17 21:00:00+00:00,2026-09-18 00:00:00+00:00,AVGO,AVGO260918C00140000,call,True,140.0,203.6,206.7,201.0,342.6499938964844,0.5986368261718751,0.0370259995532744,0.00688749465062872,3.0,26.0,2025-09-05 18:50:02+00:00,1754.1661111111111,205.14999999999998,0.8328767123287671
2025-11-17 21:00:00+00:00,2026-09-18 00:00:00+00:00,AVGO,AVGO260918C00145000,call,True,145.0,202.1,205.4,206.0,342.6499938964844,0.7121610815429689,0.0370259995532744,0.00688749465062872,1.0,1.0,2025-10-09 18:36:32+00:00,938.3911111111111,203.75,0.8328767123287671
2025-11-17 21:00:00+00:00,2026-09-18 00:00:00+00:00,AVGO,AVGO260918C00150000,call,True,150.0,198.1,202.0,216.1,342.6499938964844,0.7254055780029296,0.0370259995532744,0.00688749465062872,1.0,47.0,2025-11-10 20:55:03+00:00,168.0825,200.05,0.8328767123287671
2025-11-17 21:00:00+00:00,2026-09-18 00:00:00+00:00,AVGO,AVGO260918C00155000,call,True,155.0,177.1,180.75,195.0,342.6499938964844,1.0000000000000003e-05,0.0370259995532744,0.00688749465062872,1.0,3.0,2025-09-09 14:31:49+00:00,1662.4697222222221,178.925,0.8328767123287671
2025-11-17 21:00:00+00:00,2026-09-18 00:00:00+00:00,AVGO,AVGO260918C00160000,call,True,160.0,189.1,192.8,202.0,342.6499938964844,0.7000152069091796,0.0370259995532744,0.00688749465062872,1.0,19.0,2025-11-11 16:27:14+00:00,148.54611111111112,190.95,0.8328767123287671
2025-11-17 21:00:00+00:00,2026-09-18 00:00:00+00:00,AVGO,AVGO260918C00165000,call,True,165.0,184.65,188.35,202.0,342.6499938964844,0.6895782995605471,0.0370259995532744,0.00688749465062872,1.0,30.0,2025-10-27 15:05:39+00:00,509.9058333333333,186.5,0.8328767123287671
2025-11-17 21:00:00+00:00,2026-09-18 00:00:00+00:00,AVGO,AVGO260918C00170000,call,True,170.0,180.25,183.5,177.99,342.6499938964844,0.6748689739990237,0.0370259995532744,0.00688749465062872,1.0,64.0,2025-11-13 17:23:01+00:00,99.61638888888889,181.875,0.8328767123287671
2025-11-17 21:00:00+00:00,2026-09-18 00:00:00+00:00,AVGO,AVGO260918C00175000,call,True,175.0,189.15,191.85,196.02,342.6499938964844,0.908081973876953,0.0370259995532744,0.00688749465062872,1.0,200.0,2025-09-16 13:57:26+00:00,1495.0427777777777,190.5,0.8328767123287671
2025-11-17 21:00:00+00:00,2026-09-18 00:00:00+00:00,AVGO,AVGO260918C00180000,call,True,180.0,171.55,174.8,188.0,342.6499938964844,0.6571689556884766,0.0370259995532744,0.00688749465062872,1.0,42.0,2025-11-10 18:55:25+00:00,170.07638888888889,173.175,0.8328767123287671
2025-11-17 21:00:00+00:00,2026-09-18 00:00:00+00:00,AVGO,AVGO260918C00185000,call,True,185.0,163.95,167.45,162.41,342.6499938964844,0.5831340515136718,0.0370259995532744,0.00688749465062872,1.0,48.0,2025-09-05 19:08:15+00:00,1753.8625,165.7,0.8328767123287671
2025-11-17 21:00:00+00:00,2026-09-18 00:00:00+00:00,AVGO,AVGO260918C00190000,call,True,190.0,163.5,165.55,165.95,342.6499938964844,0.6389196264648438,0.0370259995532744,0.00688749465062872,1.0,236.0,2025-11-14 19:44:16+00:00,73.26222222222222,164.525,0.8328767123287671
2025-11-17 21:00:00+00:00,2026-09-18 00:00:00+00:00,AVGO,AVGO260918C00195000,call,True,195.0,159.3,161.25,174.0,342.6499938964844,0.6306189282226562,0.0370259995532744,0.00688749465062872,1.0,105.0,2025-11-06 15:00:52+00:00,269.98555555555555,160.275,0.8328767123287671
2025-11-17 21:00:00+00:00,2026-09-18 00:00:00+00:00,AVGO,AVGO260918C00200000,call,True,200.0,154.75,157.3,171.84,342.6499938964844,0.6219520227050781,0.0370259995532744,0.00688749465062872,1.0,155.0,2025-11-10 19:51:52+00:00,169.13555555555556,156.025,0.8328767123287671
2025-11-17 21:00:00+00:00,2026-09-18 00:00:00+00:00,AVGO,AVGO260918C00210000,call,True,210.0,147.0,149.1,142.45,342.6499938964844,0.6117897708129885,0.0370259995532744,0.00688749465062872,2.0,214.0,2025-11-13 18:26:30+00:00,98.55833333333334,148.05,0.8328767123287671
2025-11-17 21:00:00+00:00,2026-09-18 00:00:00+00:00,AVGO,AVGO260918C00220000,call,True,220.0,139.15,141.05,140.0,342.6499938964844,0.5996744134521486,0.0370259995532744,0.00688749465062872,2.0,554.0,2025-11-17 19:07:22+00:00,1.8772222222222221,140.10000000000002,0.8328767123287671
2025-11-17 21:00:00+00:00,2026-09-18 00:00:00+00:00,AVGO,AVGO260918C00230000,call,True,230.0,131.5,133.45,127.75,342.6499938964844,0.5899241447448731,0.0370259995532744,0.00688749465062872,5.0,385.0,2025-11-13 18:19:29+00:00,98.67527777777778,132.475,0.8328767123287671
2025-11-17 21:00:00+00:00,2026-09-18 00:00:00+00:00,AVGO,AVGO260918C00240000,call,True,240.0,124.15,126.6,128.14,342.6499938964844,0.5845225874328612,0.0370259995532744,0.00688749465062872,1.0,389.0,2025-11-17 15:10:30+00:00,5.825,125.375,0.8328767123287671
2025-11-17 21:00:00+00:00,2026-09-18 00:00:00+00:00,AVGO,AVGO260918C00250000,call,True,250.0,116.8,118.85,132.34,342.6499938964844,0.5712933496093751,0.0370259995532744,0.00688749465062872,1.0,324.0,2025-11-10 20:04:45+00:00,168.92083333333332,117.82499999999999,0.8328767123287671
2025-11-17 21:00:00+00:00,2026-09-18 00:00:00+00:00,AVGO,AVGO260918C00260000,call,True,260.0,110.0,112.15,112.5,342.6499938964844,0.5652356709289552,0.0370259995532744,0.00688749465062872,2.0,441.0,2025-11-17 16:14:02+00:00,4.766111111111111,111.075,0.8328767123287671
2025-11-17 21:00:00+00:00,2026-09-18 00:00:00+00:00,AVGO,AVGO260918C00270000,call,True,270.0,103.45,105.55,105.27,342.6499938964844,0.5586897158813476,0.0370259995532744,0.00688749465062872,5.0,492.0,2025-11-14 16:36:48+00:00,76.38666666666667,104.5,0.8328767123287671
2025-11-17 21:00:00+00:00,2026-09-18 00:00:00+00:00,AVGO,AVGO260918C00280000,call,True,280.0,97.2,99.15,93.12,342.6499938964844,0.5524794508361817,0.0370259995532744,0.00688749465062872,1.0,300.0,2025-11-13 18:52:42+00:00,98.12166666666667,98.17500000000001,0.8328767123287671
2025-11-17 21:00:00+00:00,2026-09-18 00:00:00+00:00,AVGO,AVGO260918C00290000,call,True,290.0,91.3,93.7,91.0,342.6499938964844,0.5503127244567871,0.0370259995532744,0.00688749465062872,3.0,589.0,2025-11-17 20:20:17+00:00,0.6619444444444444,92.5,0.8328767123287671
2025-11-17 21:00:00+00:00,2026-09-18 00:00:00+00:00,AVGO,AVGO260918C00300000,call,True,300.0,85.5,88.1,88.0,342.6499938964844,0.5455978057861328,0.0370259995532744,0.00688749465062872,3.0,464.0,2025-11-17 15:03:56+00:00,5.934444444444445,86.8,0.8328767123287671
2025-11-17 21:00:00+00:00,2026-09-18 00:00:00+00:00,AVGO,AVGO260918C00310000,call,True,310.0,80.1,81.8,80.91,342.6499938964844,0.53751072845459,0.0370259995532744,0.00688749465062872,3.0,427.0,2025-11-14 20:29:58+00:00,72.50055555555555,80.94999999999999,0.8328767123287671
2025-11-17 21:00:00+00:00,2026-09-18 00:00:00+00:00,AVGO,AVGO260918C00320000,call,True,320.0,75.1,77.25,79.3,342.6499938964844,0.5369003829956055,0.0370259995532744,0.00688749465062872,1.0,549.0,2025-11-14 15:45:25+00:00,77.24305555555556,76.175,0.8328767123287671
2025-11-17 21:00:00+00:00,2026-09-18 00:00:00+00:00,AVGO,AVGO260918C00330000,call,True,330.0,70.1,71.8,69.84,342.6499938964844,0.530400203857422,0.0370259995532744,0.00688749465062872,1.0,623.0,2025-11-17 20:16:53+00:00,0.7186111111111111,70.94999999999999,0.8328767123287671
2025-11-17 21:00:00+00:00,2026-09-18 00:00:00+00:00,AVGO,AVGO260918C00340000,call,True,340.0,65.55,67.8,65.31,342.6499938964844,0.5299882206726074,0.0370259995532744,0.00688749465062872,3.0,795.0,2025-11-17 20:29:28+00:00,0.5088888888888888,66.675,0.8328767123287671
2025-11-17 21:00:00+00:00,2026-09-18 00:00:00+00:00,AVGO,AVGO260918C00350000,call,False,350.0,61.2,63.0,63.38,342.6499938964844,0.5251970088195801,0.0370259995532744,0.00688749465062872,10.0,507.0,2025-11-14 15:13:46+00:00,77.77055555555556,62.1,0.8328767123287671
2025-11-17 21:00:00+00:00,2026-09-18 00:00:00+00:00,AVGO,AVGO260918C00360000,call,False,360.0,57.95,58.55,59.0,342.6499938964844,0.5245561460876464,0.0370259995532744,0.00688749465062872,2.0,1216.0,2025-11-17 17:58:08+00:00,3.031111111111111,58.25,0.8328767123287671
2025-11-17 21:00:00+00:00,2026-09-18 00:00:00+00:00,AVGO,AVGO260918C00370000,call,False,370.0,54.1,54.7,52.95,342.6499938964844,0.5221605401611327,0.0370259995532744,0.00688749465062872,32.0,725.0,2025-11-17 20:40:20+00:00,0.3277777777777778,54.400000000000006,0.8328767123287671
2025-11-17 21:00:00+00:00,2026-09-18 00:00:00+00:00,AVGO,AVGO260918C00380000,call,False,380.0,50.55,51.1,49.35,342.6499938964844,0.520314245147705,0.0370259995532744,0.00688749465062872,84.0,763.0,2025-11-17 20:43:58+00:00,0.26722222222222225,50.825,0.8328767123287671
2025-11-17 21:00:00+00:00,2026-09-18 00:00:00+00:00,AVGO,AVGO260918C00390000,call,False,390.0,47.15,47.75,49.55,342.6499938964844,0.5184984674072266,0.0370259995532744,0.00688749465062872,15.0,290.0,2025-11-17 15:11:52+00:00,5.802222222222222,47.45,0.8328767123287671
2025-11-17 21:00:00+00:00,2026-09-18 00:00:00+00:00,AVGO,AVGO260918C00400000,call,False,400.0,44.05,44.6,43.35,342.6499938964844,0.5171404487609863,0.0370259995532744,0.00688749465062872,5.0,1276.0,2025-11-17 20:20:19+00:00,0.6613888888888889,44.325,0.8328767123287671
2025-11-17 21:00:00+00:00,2026-09-18 00:00:00+00:00,AVGO,AVGO260918C00410000,call,False,410.0,41.1,41.65,40.36,342.6499938964844,0.5157366542053223,0.0370259995532744,0.00688749465062872,4.0,426.0,2025-11-17 20:16:53+00:00,0.7186111111111111,41.375,0.8328767123287671
2025-11-17 21:00:00+00:00,2026-09-18 00:00:00+00:00,AVGO,AVGO260918C00420000,call,False,420.0,38.35,38.9,37.55,342.6499938964844,0.5145617391967773,0.0370259995532744,0.00688749465062872,66.0,520.0,2025-11-17 20:40:57+00:00,0.3175,38.625,0.8328767123287671
2025-11-17 21:00:00+00:00,2026-09-18 00:00:00+00:00,AVGO,AVGO260918C00430000,call,False,430.0,35.8,36.35,35.25,342.6499938964844,0.5136614796447754,0.0370259995532744,0.00688749465062872,1.0,494.0,2025-11-14 15:11:05+00:00,77.81527777777778,36.075,0.8328767123287671
2025-11-17 21:00:00+00:00,2026-09-18 00:00:00+00:00,AVGO,AVGO260918C00440000,call,False,440.0,33.45,34.0,32.15,342.6499938964844,0.5131579446411132,0.0370259995532744,0.00688749465062872,7.0,335.0,2025-11-13 19:39:50+00:00,97.33611111111111,33.725,0.8328767123287671
2025-11-17 21:00:00+00:00,2026-09-18 00:00:00+00:00,AVGO,AVGO260918C00450000,call,False,450.0,31.2,31.65,31.05,342.6499938964844,0.5118151846313476,0.0370259995532744,0.00688749465062872,41.0,940.0,2025-11-17 20:49:32+00:00,0.17444444444444446,31.424999999999997,0.8328767123287671
2025-11-17 21:00:00+00:00,2026-09-18 00:00:00+00:00,AVGO,AVGO260918C00460000,call,False,460.0,29.15,29.7,29.0,342.6499938964844,0.5118609605407713,0.0370259995532744,0.00688749465062872,12.0,107.0,2025-11-17 20:49:17+00:00,0.1786111111111111,29.424999999999997,0.8328767123287671
2025-11-17 21:00:00+00:00,2026-09-18 00:00:00+00:00,AVGO,AVGO260918C00470000,call,False,470.0,27.25,27.75,25.45,342.6499938964844,0.5114489773559571,0.0370259995532744,0.00688749465062872,2.0,656.0,2025-11-14 15:15:08+00:00,77.74777777777778,27.5,0.8328767123287671
2025-11-17 21:00:00+00:00,2026-09-18 00:00:00+00:00,AVGO,AVGO260918C00480000,call,False,480.0,25.45,25.8,26.1,342.6499938964844,0.5103808728027344,0.0370259995532744,0.00688749465062872,5.0,144.0,2025-11-17 18:36:57+00:00,2.3841666666666668,25.625,0.8328767123287671
2025-11-17 21:00:00+00:00,2026-09-18 00:00:00+00:00,AVGO,AVGO260918C00490000,call,False,490.0,23.8,24.2,28.8,342.6499938964844,0.5105182005310058,0.0370259995532744,0.00688749465062872,7.0,137.0,2025-11-10 19:30:16+00:00,169.49555555555557,24.0,0.8328767123287671
2025-11-17 21:00:00+00:00,2026-09-18 00:00:00+00:00,AVGO,AVGO260918C00500000,call,False,500.0,22.2,22.75,21.5,342.6499938964844,0.5106250109863282,0.0370259995532744,0.00688749465062872,3.0,203.0,2025-11-13 17:51:35+00:00,99.14027777777778,22.475,0.8328767123287671
2025-11-17 21:00:00+00:00,2026-09-18 00:00:00+00:00,AVGO,AVGO260918C00510000,call,False,510.0,20.75,21.3,19.35,342.6499938964844,0.5104876832580567,0.0370259995532744,0.00688749465062872,1.0,74.0,2025-11-14 15:15:08+00:00,77.74777777777778,21.025,0.8328767123287671
2025-11-17 21:00:00+00:00,2026-09-18 00:00:00+00:00,AVGO,AVGO260918C00520000,call,False,520.0,19.4,19.85,20.16,342.6499938964844,0.5099231137084962,0.0370259995532744,0.00688749465062872,5.0,220.0,2025-11-17 16:04:41+00:00,4.921944444444445,19.625,0.8328767123287671
2025-11-17 21:00:00+00:00,2026-09-18 00:00:00+00:00,AVGO,AVGO260918C00530000,call,False,530.0,18.15,18.65,19.22,342.6499938964844,0.5102282864379883,0.0370259995532744,0.00688749465062872,3.0,207.0,2025-11-17 17:06:50+00:00,3.886111111111111,18.4,0.8328767123287671
2025-11-17 21:00:00+00:00,2026-09-18 00:00:00+00:00,AVGO,AVGO260918C00540000,call,False,540.0,17.0,17.5,17.95,342.6499938964844,0.510472424621582,0.0370259995532744,0.00688749465062872,51.0,18.0,2025-11-17 15:11:47+00:00,5.8036111111111115,17.25,0.8328767123287671
2025-11-17 21:00:00+00:00,2026-09-18 00:00:00+00:00,AVGO,AVGO260918C00560000,call,False,560.0,14.85,15.3,14.95,342.6499938964844,0.5099078550720215,0.0370259995532744,0.00688749465062872,39.0,93.0,2025-11-17 20:48:44+00:00,0.18777777777777777,15.075,0.8328767123287671
2025-11-17 21:00:00+00:00,2026-09-18 00:00:00+00:00,AVGO,AVGO260918P00070000,put,False,70.0,0.27,0.51,0.41,342.6499938964844,0.7597680273437502,0.0370259995532744,0.00688749465062872,50.0,132.0,2025-11-11 20:57:09+00:00,144.0475,0.39,0.8328767123287671
2025-11-17 21:00:00+00:00,2026-09-18 00:00:00+00:00,AVGO,AVGO260918P00075000,put,False,75.0,0.18,0.56,0.75,342.6499938964844,0.7226590234375,0.0370259995532744,0.00688749465062872,2.0,9.0,2025-10-14 15:38:09+00:00,821.3641666666666,0.37,0.8328767123287671
2025-11-17 21:00:00+00:00,2026-09-18 00:00:00+00:00,AVGO,AVGO260918P00080000,put,False,80.0,0.46,0.64,0.85,342.6499938964844,0.7307155834960937,0.0370259995532744,0.00688749465062872,1.0,27.0,2025-10-15 16:47:30+00:00,796.2083333333334,0.55,0.8328767123287671
2025-11-17 21:00:00+00:00,2026-09-18 00:00:00+00:00,AVGO,AVGO260918P00085000,put,False,85.0,0.51,0.72,0.67,342.6499938964844,0.7124052197265626,0.0370259995532744,0.00688749465062872,5.0,159.0,2025-10-28 17:28:57+00:00,483.5175,0.615,0.8328767123287671
2025-11-17 21:00:00+00:00,2026-09-18 00:00:00+00:00,AVGO,AVGO260918P00090000,put,False,90.0,0.61,0.79,0.6,342.6499938964844,0.6972686523437501,0.0370259995532744,0.00688749465062872,1.0,11.0,2025-11-17 15:01:00+00:00,5.983333333333333,0.7,0.8328767123287671
2025-11-17 21:00:00+00:00,2026-09-18 00:00:00+00:00,AVGO,AVGO260918P00095000,put,False,95.0,0.72,0.96,1.0,342.6499938964844,0.6889679541015626,0.0370259995532744,0.00688749465062872,1.0,87.0,2025-11-07 17:28:28+00:00,243.52555555555554,0.84,0.8328767123287671
2025-11-17 21:00:00+00:00,2026-09-18 00:00:00+00:00,AVGO,AVGO260918P00100000,put,False,100.0,0.71,1.09,1.05,342.6499938964844,0.6699251757812501,0.0370259995532744,0.00688749465062872,3.0,42.0,2025-11-03 17:54:01+00:00,339.0997222222222,0.9,0.8328767123287671
2025-11-17 21:00:00+00:00,2026-09-18 00:00:00+00:00,AVGO,AVGO260918P00105000,put,False,105.0,0.0,0.0,1.58,342.6499938964844,0.2500075,0.0370259995532744,0.00688749465062872,12.0,56.0,2025-09-02 18:08:59+00:00,1826.8502777777778,0.0,0.8328767123287671
2025-11-17 21:00:00+00:00,2026-09-18 00:00:00+00:00,AVGO,AVGO260918P00110000,put,False,110.0,0.99,1.57,1.39,342.6499938964844,0.6578403356933593,0.0370259995532744,0.00688749465062872,2.0,153.0,2025-11-04 17:48:17+00:00,315.1952777777778,1.28,0.8328767123287671
2025-11-17 21:00:00+00:00,2026-09-18 00:00:00+00:00,AVGO,AVGO260918P00115000,put,False,115.0,1.16,1.73,2.1,342.6499938964844,0.6472203247070312,0.0370259995532744,0.00688749465062872,3.0,93.0,2025-10-17 17:37:25+00:00,747.3763888888889,1.4449999999999998,0.8328767123287671
2025-11-17 21:00:00+00:00,2026-09-18 00:00:00+00:00,AVGO,AVGO260918P00120000,put,False,120.0,1.34,1.71,1.5,342.6499938964844,0.6297644445800781,0.0370259995532744,0.00688749465062872,30.0,116.0,2025-11-06 14:30:15+00:00,270.49583333333334,1.525,0.8328767123287671
2025-11-17 21:00:00+00:00,2026-09-18 00:00:00+00:00,AVGO,AVGO260918P00125000,put,False,125.0,1.66,1.9,1.75,342.6499938964844,0.6246375427246094,0.0370259995532744,0.00688749465062872,1.0,28.0,2025-11-06 15:54:18+00:00,269.095,1.7799999999999998,0.8328767123287671
2025-11-17 21:00:00+00:00,2026-09-18 00:00:00+00:00,AVGO,AVGO260918P00130000,put,False,130.0,1.73,2.12,1.76,342.6499938964844,0.6113320117187502,0.0370259995532744,0.00688749465062872,1.0,113.0,2025-11-10 20:50:13+00:00,168.16305555555556,1.925,0.8328767123287671
2025-11-17 21:00:00+00:00,2026-09-18 00:00:00+00:00,AVGO,AVGO260918P00135000,put,False,135.0,1.96,2.35,2.3,342.6499938964844,0.602787175292969,0.0370259995532744,0.00688749465062872,1.0,45.0,2025-10-27 19:07:53+00:00,505.86861111111114,2.1550000000000002,0.8328767123287671
2025-11-17 21:00:00+00:00,2026-09-18 00:00:00+00:00,AVGO,AVGO260918P00140000,put,False,140.0,2.36,2.59,2.53,342.6499938964844,0.5979044116210939,0.0370259995532744,0.00688749465062872,1.0,221.0,2025-11-14 18:41:30+00:00,74.30833333333334,2.4749999999999996,0.8328767123287671
2025-11-17 21:00:00+00:00,2026-09-18 00:00:00+00:00,AVGO,AVGO260918P00145000,put,False,145.0,2.62,2.88,2.67,342.6499938964844,0.5897868170166016,0.0370259995532744,0.00688749465062872,10.0,116.0,2025-11-05 16:45:09+00:00,292.2475,2.75,0.8328767123287671
2025-11-17 21:00:00+00:00,2026-09-18 00:00:00+00:00,AVGO,AVGO260918P00150000,put,False,150.0,2.93,3.2,3.1,342.6499938964844,0.5826457751464844,0.0370259995532744,0.00688749465062872,1.0,514.0,2025-10-31 16:05:25+00:00,412.90972222222223,3.0650000000000004,0.8328767123287671
2025-11-17 21:00:00+00:00,2026-09-18 00:00:00+00:00,AVGO,AVGO260918P00155000,put,False,155.0,3.2,3.55,3.17,342.6499938964844,0.5744671459960937,0.0370259995532744,0.00688749465062872,2.0,101.0,2025-11-10 15:33:39+00:00,173.43916666666667,3.375,0.8328767123287671
2025-11-17 21:00:00+00:00,2026-09-18 00:00:00+00:00,AVGO,AVGO260918P00160000,put,False,160.0,3.6,3.85,5.3,342.6499938964844,0.5671430004882813,0.0370259995532744,0.00688749465062872,21.0,258.0,2025-10-10 19:32:44+00:00,913.4544444444444,3.725,0.8328767123287671
2025-11-17 21:00:00+00:00,2026-09-18 00:00:00+00:00,AVGO,AVGO260918P00165000,put,False,165.0,4.0,4.25,5.27,342.6499938964844,0.5607954077148438,0.0370259995532744,0.00688749465062872,10.0,113.0,2025-10-10 16:16:21+00:00,916.7275,4.125,0.8328767123287671
2025-11-17 21:00:00+00:00,2026-09-18 00:00:00+00:00,AVGO,AVGO260918P00170000,put,False,170.0,4.4,4.7,5.1,342.6499938964844,0.5544478149414063,0.0370259995532744,0.00688749465062872,1.0,65.0,2025-11-07 17:29:36+00:00,243.50666666666666,4.550000000000001,0.8328767123287671
2025-11-17 21:00:00+00:00,2026-09-18 00:00:00+00:00,AVGO,AVGO260918P00175000,put,False,175.0,4.85,5.2,5.9,342.6499938964844,0.5487105676269532,0.0370259995532744,0.00688749465062872,2.0,172.0,2025-11-07 16:50:50+00:00,244.15277777777777,5.025,0.8328767123287671
2025-11-17 21:00:00+00:00,2026-09-18 00:00:00+00:00,AVGO,AVGO260918P00180000,put,False,180.0,5.4,5.7,5.2,342.6499938964844,0.5435836657714845,0.0370259995532744,0.00688749465062872,2.0,1415.0,2025-11-17 17:53:53+00:00,3.1019444444444444,5.550000000000001,0.8328767123287671
2025-11-17 21:00:00+00:00,2026-09-18 00:00:00+00:00,AVGO,AVGO260918P00185000,put,False,185.0,5.95,6.25,6.6,342.6499938964844,0.538212625732422,0.0370259995532744,0.00688749465062872,40.0,546.0,2025-11-07 20:36:12+00:00,240.39666666666668,6.1,0.8328767123287671
2025-11-17 21:00:00+00:00,2026-09-18 00:00:00+00:00,AVGO,AVGO260918P00190000,put,False,190.0,6.5,6.85,7.65,342.6499938964844,0.5326584820556641,0.0370259995532744,0.00688749465062872,1.0,386.0,2025-11-14 14:30:01+00:00,78.49972222222222,6.675,0.8328767123287671
2025-11-17 21:00:00+00:00,2026-09-18 00:00:00+00:00,AVGO,AVGO260918P00195000,put,False,195.0,7.15,7.5,8.45,342.6499938964844,0.5279893392944336,0.0370259995532744,0.00688749465062872,1.0,604.0,2025-11-07 17:06:00+00:00,243.9,7.325,0.8328767123287671
2025-11-17 21:00:00+00:00,2026-09-18 00:00:00+00:00,AVGO,AVGO260918P00200000,put,False,200.0,7.8,8.2,7.53,342.6499938964844,0.52304554107666,0.0370259995532744,0.00688749465062872,1.0,574.0,2025-11-17 15:01:00+00:00,5.983333333333333,8.0,0.8328767123287671
2025-11-17 21:00:00+00:00,2026-09-18 00:00:00+00:00,AVGO,AVGO260918P00210000,put,False,210.0,9.35,9.75,9.9,342.6499938964844,0.514653291015625,0.0370259995532744,0.00688749465062872,1.0,802.0,2025-11-17 20:22:59+00:00,0.6169444444444444,9.55,0.8328767123287671
2025-11-17 21:00:00+00:00,2026-09-18 00:00:00+00:00,AVGO,AVGO260918P00220000,put,False,220.0,11.1,11.55,12.44,342.6499938964844,0.5070239727783203,0.0370259995532744,0.00688749465062872,258.0,2057.0,2025-11-07 18:48:04+00:00,242.1988888888889,11.325,0.8328767123287671
2025-11-17 21:00:00+00:00,2026-09-18 00:00:00+00:00,AVGO,AVGO260918P00230000,put,False,230.0,13.15,13.55,14.25,342.6499938964844,0.5001575863647462,0.0370259995532744,0.00688749465062872,34.0,2534.0,2025-11-14 15:02:05+00:00,77.96527777777777,13.350000000000001,0.8328767123287671
2025-11-17 21:00:00+00:00,2026-09-18 00:00:00+00:00,AVGO,AVGO260918P00240000,put,False,240.0,15.4,15.85,15.15,342.6499938964844,0.4967701690673829,0.0370259995532744,0.00688749465062872,7.0,1822.0,2025-11-17 15:21:19+00:00,5.644722222222223,15.625,0.8328767123287671
2025-11-17 21:00:00+00:00,2026-09-18 00:00:00+00:00,AVGO,AVGO260918P00250000,put,False,250.0,17.95,18.45,17.26,342.6499938964844,0.49133809448242194,0.0370259995532744,0.00688749465062872,6.0,4281.0,2025-11-17 17:06:50+00:00,3.886111111111111,18.2,0.8328767123287671
2025-11-17 21:00:00+00:00,2026-09-18 00:00:00+00:00,AVGO,AVGO260918P00260000,put,False,260.0,20.85,21.3,21.1,342.6499938964844,0.4859365371704102,0.0370259995532744,0.00688749465062872,25.0,2228.0,2025-11-14 18:32:26+00:00,74.45944444444444,21.075000000000003,0.8328767123287671
2025-11-17 21:00:00+00:00,2026-09-18 00:00:00+00:00,AVGO,AVGO260918P00270000,put,False,270.0,23.95,24.45,25.92,342.6499938964844,0.4810537734985352,0.0370259995532744,0.00688749465062872,20.0,1408.0,2025-11-13 16:44:00+00:00,100.26666666666667,24.2,0.8328767123287671
2025-11-17 21:00:00+00:00,2026-09-18 00:00:00+00:00,AVGO,AVGO260918P00280000,put,False,280.0,27.4,27.85,28.35,342.6499938964844,0.47606419937133787,0.0370259995532744,0.00688749465062872,50.0,4117.0,2025-11-14 15:45:30+00:00,77.24166666666666,27.625,0.8328767123287671
2025-11-17 21:00:00+00:00,2026-09-18 00:00:00+00:00,AVGO,AVGO260918P00290000,put,False,290.0,31.15,31.6,30.85,342.6499938964844,0.47189859161376957,0.0370259995532744,0.00688749465062872,19.0,797.0,2025-11-14 19:53:08+00:00,73.11444444444444,31.375,0.8328767123287671
2025-11-17 21:00:00+00:00,2026-09-18 00:00:00+00:00,AVGO,AVGO260918P00300000,put,False,300.0,35.1,35.65,35.15,342.6499938964844,0.4679923806762696,0.0370259995532744,0.00688749465062872,499.0,2843.0,2025-11-14 20:03:58+00:00,72.93388888888889,35.375,0.8328767123287671
2025-11-17 21:00:00+00:00,2026-09-18 00:00:00+00:00,AVGO,AVGO260918P00310000,put,False,310.0,39.45,39.95,36.45,342.6499938964844,0.4638572901916504,0.0370259995532744,0.00688749465062872,60.0,997.0,2025-11-10 16:30:20+00:00,172.49444444444444,39.7,0.8328767123287671
2025-11-17 21:00:00+00:00,2026-09-18 00:00:00+00:00,AVGO,AVGO260918P00320000,put,False,320.0,44.05,44.6,40.35,342.6499938964844,0.4604088383483887,0.0370259995532744,0.00688749465062872,108.0,1356.0,2025-11-11 20:43:22+00:00,144.27722222222224,44.325,0.8328767123287671
2025-11-17 21:00:00+00:00,2026-09-18 00:00:00+00:00,AVGO,AVGO260918P00330000,put,False,330.0,48.95,49.5,53.4,342.6499938964844,0.45676202423095713,0.0370259995532744,0.00688749465062872,2.0,421.0,2025-11-14 14:35:53+00:00,78.40194444444444,49.225,0.8328767123287671
2025-11-17 21:00:00+00:00,2026-09-18 00:00:00+00:00,AVGO,AVGO260918P00340000,put,False,340.0,54.05,54.65,53.95,342.6499938964844,0.4529626237487793,0.0370259995532744,0.00688749465062872,10.0,553.0,2025-11-14 19:49:30+00:00,73.175,54.349999999999994,0.8328767123287671
2025-11-17 21:00:00+00:00,2026-09-18 00:00:00+00:00,AVGO,AVGO260918P00350000,put,True,350.0,59.5,60.15,57.51,342.6499938964844,0.4498651205444336,0.0370259995532744,0.00688749465062872,8.0,1601.0,2025-11-17 17:02:42+00:00,3.955,59.825,0.8328767123287671
2025-11-17 21:00:00+00:00,2026-09-18 00:00:00+00:00,AVGO,AVGO260918P00360000,put,True,360.0,65.2,65.85,64.25,342.6499938964844,0.4462793409729004,0.0370259995532744,0.00688749465062872,1.0,1187.0,2025-11-17 15:33:50+00:00,5.436111111111111,65.525,0.8328767123287671
2025-11-17 21:00:00+00:00,2026-09-18 00:00:00+00:00,AVGO,AVGO260918P00370000,put,True,370.0,71.3,71.85,69.9,342.6499938964844,0.4430750273132324,0.0370259995532744,0.00688749465062872,1.0,624.0,2025-11-17 15:51:05+00:00,5.148611111111111,71.57499999999999,0.8328767123287671
2025-11-17 21:00:00+00:00,2026-09-18 00:00:00+00:00,AVGO,AVGO260918P00380000,put,True,380.0,77.4,78.1,78.82,342.6499938964844,0.43991648956298823,0.0370259995532744,0.00688749465062872,2.0,58.0,2025-11-17 20:08:57+00:00,0.8508333333333333,77.75,0.8328767123287671
2025-11-17 21:00:00+00:00,2026-09-18 00:00:00+00:00,AVGO,AVGO260918P00390000,put,True,390.0,83.85,84.6,84.11,342.6499938964844,0.43684950363159175,0.0370259995532744,0.00688749465062872,4.0,94.0,2025-11-17 20:54:50+00:00,0.08611111111111111,84.225,0.8328767123287671
2025-11-17 21:00:00+00:00,2026-09-18 00:00:00+00:00,AVGO,AVGO260918P00400000,put,True,400.0,90.55,91.35,91.24,342.6499938964844,0.433950362701416,0.0370259995532744,0.00688749465062872,2.0,79.0,2025-11-14 20:42:13+00:00,72.29638888888888,90.94999999999999,0.8328767123287671
2025-11-17 21:00:00+00:00,2026-09-18 00:00:00+00:00,AVGO,AVGO260918P00410000,put,True,410.0,97.5,98.35,87.35,342.6499938964844,0.43129535995483403,0.0370259995532744,0.00688749465062872,2.0,3.0,2025-10-27 16:21:27+00:00,508.6425,97.925,0.8328767123287671
2025-11-17 21:00:00+00:00,2026-09-18 00:00:00+00:00,AVGO,AVGO260918P00420000,put,True,420.0,104.7,105.5,89.22,342.6499938964844,0.42812156356811526,0.0370259995532744,0.00688749465062872,3.0,655.0,2025-10-31 13:56:55+00:00,415.0513888888889,105.1,0.8328767123287671
2025-11-17 21:00:00+00:00,2026-09-18 00:00:00+00:00,AVGO,AVGO260918P00430000,put,True,430.0,112.05,112.9,95.7,342.6499938964844,0.4253750090026856,0.0370259995532744,0.00688749465062872,6.0,1.0,2025-10-28 17:20:29+00:00,483.6586111111111,112.475,0.8328767123287671
2025-11-17 21:00:00+00:00,2026-09-18 00:00:00+00:00,AVGO,AVGO260918P00440000,put,True,440.0,119.4,120.8,101.5,342.6499938964844,0.4253444917297364,0.0370259995532744,0.00688749465062872,2.0,12.0,2025-10-30 19:18:17+00:00,433.6952777777778,120.1,0.8328767123287671
2025-11-17 21:00:00+00:00,2026-09-18 00:00:00+00:00,AVGO,AVGO260918P00450000,put,True,450.0,127.1,129.0,114.05,342.6499938964844,0.4265499240112305,0.0370259995532744,0.00688749465062872,2.0,6.0,2025-10-27 18:46:02+00:00,506.23277777777776,128.05,0.8328767123287671
2025-11-17 21:00:00+00:00,2026-09-18 00:00:00+00:00,AVGO,AVGO260918P00460000,put,True,460.0,135.05,137.1,138.5,342.6499938964844,0.42545130218505867,0.0370259995532744,0.00688749465062872,1.0,4.0,2025-11-14 14:56:34+00:00,78.05722222222222,136.075,0.8328767123287671
2025-11-17 21:00:00+00:00,2026-09-18 00:00:00+00:00,AVGO,AVGO260918P00470000,put,True,470.0,143.0,144.7,139.7,342.6499938964844,0.4180356048583984,0.0370259995532744,0.00688749465062872,2.0,6.0,2025-10-13 13:45:06+00:00,847.2483333333333,143.85,0.8328767123287671
2025-11-17 21:00:00+00:00,2026-09-18 00:00:00+00:00,AVGO,AVGO260918P00480000,put,True,480.0,150.4,152.55,143.35,342.6499938964844,0.41118447708129885,0.0370259995532744,0.00688749465062872,6.0,9.0,2025-10-13 15:46:32+00:00,845.2244444444444,151.47500000000002,0.8328767123287671
2025-11-17 21:00:00+00:00,2026-09-18 00:00:00+00:00,AVGO,AVGO260918P00490000,put,True,490.0,159.65,161.95,146.19,342.6499938964844,0.4189663816833496,0.0370259995532744,0.00688749465062872,2.0,7.0,2025-10-27 13:58:49+00:00,511.01972222222224,160.8,0.8328767123287671
2025-11-17 21:00:00+00:00,2026-09-18 00:00:00+00:00,AVGO,AVGO260918P00500000,put,True,500.0,167.35,170.6,147.5,342.6499938964844,0.41785250122070305,0.0370259995532744,0.00688749465062872,6.0,5.0,2025-10-28 17:14:20+00:00,483.7611111111111,168.975,0.8328767123287671
2025-11-17 21:00:00+00:00,2026-09-18 00:00:00+00:00,AVGO,AVGO260918P00510000,put,True,510.0,176.85,178.65,161.79,342.6499938964844,0.4084226638793945,0.0370259995532744,0.00688749465062872,2.0,3.0,2025-10-27 18:43:54+00:00,506.2683333333333,177.75,0.8328767123287671
2025-11-17 21:00:00+00:00,2026-09-18 00:00:00+00:00,AVGO,AVGO260918P00520000,put,True,520.0,185.45,187.55,157.25,342.6499938964844,0.4072935247802735,0.0370259995532744,0.00688749465062872,4.0,8.0,2025-10-29 15:51:16+00:00,461.1455555555556,186.5,0.8328767123287671
2025-11-17 21:00:00+00:00,2026-09-18 00:00:00+00:00,AVGO,AVGO260918P00530000,put,True,530.0,194.45,196.55,165.1,342.6499938964844,0.40619490295410154,0.0370259995532744,0.00688749465062872,4.0,15.0,2025-10-29 15:50:01+00:00,461.1663888888889,195.5,0.8328767123287671
2025-11-17 21:00:00+00:00,2026-12-18 00:00:00+00:00,AVGO,AVGO261218C00066000,call,True,66.0,276.55,280.6,275.0,342.6499938964844,0.8876964355468748,0.0370259995532744,0.00688749465062872,1.0,303.0,2025-11-07 16:38:48+00:00,244.35333333333332,278.57500000000005,1.082191780821918
2025-11-17 21:00:00+00:00,2026-12-18 00:00:00+00:00,AVGO,AVGO261218C00068000,call,True,68.0,274.4,278.7,301.21,342.6499938964844,0.8696302099609375,0.0370259995532744,0.00688749465062872,2.0,21.0,2025-11-03 16:02:36+00:00,340.95666666666665,276.54999999999995,1.082191780821918
2025-11-17 21:00:00+00:00,2026-12-18 00:00:00+00:00,AVGO,AVGO261218C00070000,call,True,70.0,160.2,164.2,125.25,342.6499938964844,1.0000000000000003e-05,0.0370259995532744,0.00688749465062872,1.0,282.0,2025-04-25 19:40:57+00:00,4945.3175,162.2,1.082191780821918
2025-11-17 21:00:00+00:00,2026-12-18 00:00:00+00:00,AVGO,AVGO261218C00072000,call,True,72.0,270.65,275.0,297.42,342.6499938964844,0.8610853735351562,0.0370259995532744,0.00688749465062872,10.0,26.0,2025-11-03 14:49:52+00:00,342.1688888888889,272.825,1.082191780821918
2025-11-17 21:00:00+00:00,2026-12-18 00:00:00+00:00,AVGO,AVGO261218C00074000,call,True,74.0,269.1,272.9,257.23,342.6499938964844,0.8591322680664062,0.0370259995532744,0.00688749465062872,5.0,20.0,2025-09-30 13:47:49+00:00,1159.2030555555555,271.0,1.082191780821918
2025-11-17 21:00:00+00:00,2026-12-18 00:00:00+00:00,AVGO,AVGO261218C00075000,call,True,75.0,267.5,272.5,297.55,342.6499938964844,0.8516860534667969,0.0370259995532744,0.00688749465062872,20.0,25.0,2025-11-03 14:35:48+00:00,342.4033333333333,270.0,1.082191780821918
2025-11-17 21:00:00+00:00,2026-12-18 00:00:00+00:00,AVGO,AVGO261218C00076000,call,True,76.0,267.0,271.5,301.7,342.6499938964844,0.8616957189941408,0.0370259995532744,0.00688749465062872,3.0,62.0,2025-10-30 14:47:09+00:00,438.21416666666664,269.25,1.082191780821918
2025-11-17 21:00:00+00:00,2026-12-18 00:00:00+00:00,AVGO,AVGO261218C00078000,call,True,78.0,265.25,269.2,253.48,342.6499938964844,0.8454605297851561,0.0370259995532744,0.00688749465062872,10.0,32.0,2025-09-30 13:48:45+00:00,1159.1875,267.225,1.082191780821918
2025-11-17 21:00:00+00:00,2026-12-18 00:00:00+00:00,AVGO,AVGO261218C00080000,call,True,80.0,246.0,249.85,290.37,342.6499938964844,1.0000000000000003e-05,0.0370259995532744,0.00688749465062872,2.0,171.0,2025-09-10 14:39:52+00:00,1638.3355555555556,247.925,1.082191780821918
2025-11-17 21:00:00+00:00,2026-12-18 00:00:00+00:00,AVGO,AVGO261218C00082000,call,True,82.0,261.45,265.7,279.31,342.6499938964844,0.8393570751953124,0.0370259995532744,0.00688749465062872,3.0,20.0,2025-11-04 17:13:49+00:00,315.76972222222224,263.575,1.082191780821918
2025-11-17 21:00:00+00:00,2026-12-18 00:00:00+00:00,AVGO,AVGO261218C00084000,call,True,84.0,259.5,263.85,249.15,342.6499938964844,0.8315446533203124,0.0370259995532744,0.00688749465062872,4.0,108.0,2025-11-14 14:32:25+00:00,78.45972222222223,261.675,1.082191780821918
2025-11-17 21:00:00+00:00,2026-12-18 00:00:00+00:00,AVGO,AVGO261218C00085000,call,True,85.0,258.55,263.5,277.28,342.6499938964844,0.8444839770507812,0.0370259995532744,0.00688749465062872,2.0,41.0,2025-11-10 15:35:30+00:00,173.40833333333333,261.025,1.082191780821918
2025-11-17 21:00:00+00:00,2026-12-18 00:00:00+00:00,AVGO,AVGO261218C00086000,call,True,86.0,0.0,0.0,87.8,342.6499938964844,1.0000000000000003e-05,0.0370259995532744,0.00688749465062872,14.0,0.0,2025-04-01 18:17:14+00:00,5522.712777777778,0.0,1.082191780821918
2025-11-17 21:00:00+00:00,2026-12-18 00:00:00+00:00,AVGO,AVGO261218C00088000,call,True,88.0,255.8,260.15,265.3,342.6499938964844,0.8215349877929687,0.0370259995532744,0.00688749465062872,6.0,21.0,2025-10-20 16:21:15+00:00,676.6458333333334,257.975,1.082191780821918
2025-11-17 21:00:00+00:00,2026-12-18 00:00:00+00:00,AVGO,AVGO261218C00090000,call,True,90.0,254.25,258.3,287.53,342.6499938964844,0.8239763696289062,0.0370259995532744,0.00688749465062872,5.0,201.0,2025-10-30 15:15:09+00:00,437.7475,256.275,1.082191780821918
2025-11-17 21:00:00+00:00,2026-12-18 00:00:00+00:00,AVGO,AVGO261218C00092000,call,True,92.0,0.0,0.0,93.03,342.6499938964844,1.0000000000000003e-05,0.0370259995532744,0.00688749465062872,15.0,0.0,2025-04-11 14:22:17+00:00,5286.628611111111,0.0,1.082191780821918
2025-11-17 21:00:00+00:00,2026-12-18 00:00:00+00:00,AVGO,AVGO261218C00094000,call,True,94.0,96.75,99.5,105.25,342.6499938964844,1.0000000000000003e-05,0.0370259995532744,0.00688749465062872,10.0,11.0,2025-03-11 16:18:58+00:00,6028.683888888889,98.125,1.082191780821918
2025-11-17 21:00:00+00:00,2026-12-18 00:00:00+00:00,AVGO,AVGO261218C00095000,call,True,95.0,115.35,118.85,80.81,342.6499938964844,1.0000000000000003e-05,0.0370259995532744,0.00688749465062872,30.0,18.0,2024-11-19 19:20:56+00:00,8713.65111111111,117.1,1.082191780821918
2025-11-17 21:00:00+00:00,2026-12-18 00:00:00+00:00,AVGO,AVGO261218C00096000,call,True,96.0,248.65,253.0,275.0,342.6499938964844,0.8117084259033203,0.0370259995532744,0.00688749465062872,10.0,469.0,2025-11-03 15:31:20+00:00,341.47777777777776,250.825,1.082191780821918
2025-11-17 21:00:00+00:00,2026-12-18 00:00:00+00:00,AVGO,AVGO261218C00098000,call,True,98.0,254.5,258.0,253.28,342.6499938964844,1.0556077493286136,0.0370259995532744,0.00688749465062872,56.0,299.0,2025-09-17 15:28:49+00:00,1469.5197222222223,256.25,1.082191780821918
2025-11-17 21:00:00+00:00,2026-12-18 00:00:00+00:00,AVGO,AVGO261218C00100000,call,True,100.0,245.05,249.1,263.59,342.6499938964844,0.797853583984375,0.0370259995532744,0.00688749465062872,1.0,775.0,2025-11-06 19:44:32+00:00,265.2577777777778,247.075,1.082191780821918
2025-11-17 21:00:00+00:00,2026-12-18 00:00:00+00:00,AVGO,AVGO261218C00102000,call,True,102.0,243.2,247.5,236.9,342.6499938964844,0.7972432385253907,0.0370259995532744,0.00688749465062872,2.0,39.0,2025-10-10 15:41:11+00:00,917.3136111111111,245.35,1.082191780821918
2025-11-17 21:00:00+00:00,2026-12-18 00:00:00+00:00,AVGO,AVGO261218C00104000,call,True,104.0,136.1,140.5,129.5,342.6499938964844,1.0000000000000003e-05,0.0370259995532744,0.00688749465062872,1.0,11.0,2025-01-14 20:25:32+00:00,7368.574444444444,138.3,1.082191780821918
2025-11-17 21:00:00+00:00,2026-12-18 00:00:00+00:00,AVGO,AVGO261218C00105000,call,True,105.0,107.85,110.4,129.8,342.6499938964844,1.0000000000000003e-05,0.0370259995532744,0.00688749465062872,1.0,3.0,2024-12-13 20:23:19+00:00,8136.6113888888885,109.125,1.082191780821918
2025-11-17 21:00:00+00:00,2026-12-18 00:00:00+00:00,AVGO,AVGO261218C00106000,call,True,106.0,57.85,59.35,87.65,342.6499938964844,1.0000000000000003e-05,0.0370259995532744,0.00688749465062872,10.0,9.0,2025-03-06 20:20:33+00:00,6144.6575,58.6,1.082191780821918
2025-11-17 21:00:00+00:00,2026-12-18 00:00:00+00:00,AVGO,AVGO261218C00108000,call,True,108.0,105.45,107.85,72.5,342.6499938964844,1.0000000000000003e-05,0.0370259995532744,0.00688749465062872,20.0,21.0,2024-11-18 18:08:21+00:00,8738.860833333334,106.65,1.082191780821918
2025-11-17 21:00:00+00:00,2026-12-18 00:00:00+00:00,AVGO,AVGO261218C00110000,call,True,110.0,235.9,240.0,234.33,342.6499938964844,0.7733176965332031,0.0370259995532744,0.00688749465062872,10.0,130.0,2025-10-06 16:54:35+00:00,1012.0902777777778,237.95,1.082191780821918
2025-11-17 21:00:00+00:00,2026-12-18 00:00:00+00:00,AVGO,AVGO261218C00112000,call,True,112.0,186.8,189.85,164.72,342.6499938964844,1.0000000000000003e-05,0.0370259995532744,0.00688749465062872,1.0,48.0,2025-06-26 15:48:33+00:00,3461.1908333333336,188.325,1.082191780821918
2025-11-17 21:00:00+00:00,2026-12-18 00:00:00+00:00,AVGO,AVGO261218C00114000,call,True,114.0,124.8,126.75,78.45,342.6499938964844,1.0000000000000003e-05,0.0370259995532744,0.00688749465062872,1.0,13.0,2025-04-23 16:21:26+00:00,4996.642777777778,125.775,1.082191780821918
2025-11-17 21:00:00+00:00,2026-12-18 00:00:00+00:00,AVGO,AVGO261218C00115000,call,True,115.0,231.15,235.4,245.9,342.6499938964844,0.7567773345947266,0.0370259995532744,0.00688749465062872,1.0,20.0,2025-11-06 20:51:12+00:00,264.14666666666665,233.275,1.082191780821918
2025-11-17 21:00:00+00:00,2026-12-18 00:00:00+00:00,AVGO,AVGO261218C00116000,call,True,116.0,0.0,0.0,71.27,342.6499938964844,1.0000000000000003e-05,0.0370259995532744,0.00688749465062872,10.0,0.0,2024-12-16 05:14:59+00:00,8079.750277777778,0.0,1.082191780821918
2025-11-17 21:00:00+00:00,2026-12-18 00:00:00+00:00,AVGO,AVGO261218C00118000,call,True,118.0,121.75,123.5,78.05,342.6499938964844,1.0000000000000003e-05,0.0370259995532744,0.00688749465062872,11.0,35.0,2025-04-23 15:05:13+00:00,4997.913055555556,122.625,1.082191780821918
2025-11-17 21:00:00+00:00,2026-12-18 00:00:00+00:00,AVGO,AVGO261218C00120000,call,True,120.0,226.7,230.85,217.64,342.6499938964844,0.7461573236083985,0.0370259995532744,0.00688749465062872,1.0,248.0,2025-10-10 18:26:47+00:00,914.5536111111111,228.77499999999998,1.082191780821918
2025-11-17 21:00:00+00:00,2026-12-18 00:00:00+00:00,AVGO,AVGO261218C00122000,call,True,122.0,224.9,229.0,226.05,342.6499938964844,0.7410304217529295,0.0370259995532744,0.00688749465062872,2.0,10.0,2025-10-08 15:36:27+00:00,965.3925,226.95,1.082191780821918
2025-11-17 21:00:00+00:00,2026-12-18 00:00:00+00:00,AVGO,AVGO261218C00124000,call,True,124.0,223.1,226.35,224.25,342.6499938964844,0.7235745416259765,0.0370259995532744,0.00688749465062872,2.0,6.0,2025-10-08 15:36:27+00:00,965.3925,224.725,1.082191780821918
2025-11-17 21:00:00+00:00,2026-12-18 00:00:00+00:00,AVGO,AVGO261218C00125000,call,True,125.0,222.3,225.5,223.35,342.6499938964844,0.7238186798095703,0.0370259995532744,0.00688749465062872,2.0,123.0,2025-10-08 15:36:27+00:00,965.3925,223.9,1.082191780821918
2025-11-17 21:00:00+00:00,2026-12-18 00:00:00+00:00,AVGO,AVGO261218C00126000,call,True,126.0,221.3,224.5,212.31,342.6499938964844,0.7186917779541016,0.0370259995532744,0.00688749465062872,1.0,14.0,2025-10-10 18:25:50+00:00,914.5694444444445,222.9,1.082191780821918
2025-11-17 21:00:00+00:00,2026-12-18 00:00:00+00:00,AVGO,AVGO261218C00128000,call,True,128.0,219.65,223.2,220.75,342.6499938964844,0.7240017834472656,0.0370259995532744,0.00688749465062872,1.0,29.0,2025-10-08 15:36:29+00:00,965.3919444444444,221.425,1.082191780821918
2025-11-17 21:00:00+00:00,2026-12-18 00:00:00+00:00,AVGO,AVGO261218C00130000,call,True,130.0,217.65,221.85,246.51,342.6499938964844,0.723086265258789,0.0370259995532744,0.00688749465062872,2.0,124.0,2025-11-03 14:46:15+00:00,342.2291666666667,219.75,1.082191780821918
2025-11-17 21:00:00+00:00,2026-12-18 00:00:00+00:00,AVGO,AVGO261218C00132000,call,True,132.0,128.3,130.25,112.59,342.6499938964844,1.0000000000000003e-05,0.0370259995532744,0.00688749465062872,1.0,53.0,2025-05-15 13:41:02+00:00,4471.316111111111,129.275,1.082191780821918
2025-11-17 21:00:00+00:00,2026-12-18 00:00:00+00:00,AVGO,AVGO261218C00134000,call,True,134.0,214.1,218.3,210.35,342.6499938964844,0.7152128088378906,0.0370259995532744,0.00688749465062872,1.0,236.0,2025-11-13 18:56:58+00:00,98.05055555555556,216.2,1.082191780821918
2025-11-17 21:00:00+00:00,2026-12-18 00:00:00+00:00,AVGO,AVGO261218C00135000,call,True,135.0,0.0,0.0,173.78,342.6499938964844,1.0000000000000003e-05,0.0370259995532744,0.00688749465062872,1.0,45.0,2025-07-29 14:15:04+00:00,2670.748888888889,0.0,1.082191780821918
2025-11-17 21:00:00+00:00,2026-12-18 00:00:00+00:00,AVGO,AVGO261218C00136000,call,True,136.0,220.35,223.95,217.3,342.6499938964844,0.8862316064453124,0.0370259995532744,0.00688749465062872,1.0,17.0,2025-09-17 17:57:57+00:00,1467.0341666666666,222.14999999999998,1.082191780821918
2025-11-17 21:00:00+00:00,2026-12-18 00:00:00+00:00,AVGO,AVGO261218C00138000,call,True,138.0,194.0,197.6,239.45,342.6499938964844,1.0000000000000003e-05,0.0370259995532744,0.00688749465062872,1.0,279.0,2025-09-10 14:25:56+00:00,1638.5677777777778,195.8,1.082191780821918
2025-11-17 21:00:00+00:00,2026-12-18 00:00:00+00:00,AVGO,AVGO261218C00140000,call,True,140.0,208.8,213.0,227.0,342.6499938964844,0.7036467623901368,0.0370259995532744,0.00688749465062872,1.0,180.0,2025-11-04 18:37:57+00:00,314.3675,210.9,1.082191780821918
2025-11-17 21:00:00+00:00,2026-12-18 00:00:00+00:00,AVGO,AVGO261218C00142000,call,True,142.0,207.05,210.35,201.3,342.6499938964844,0.6890900231933594,0.0370259995532744,0.00688749465062872,1.0,144.0,2025-09-26 18:50:12+00:00,1250.1633333333334,208.7,1.082191780821918
2025-11-17 21:00:00+00:00,2026-12-18 00:00:00+00:00,AVGO,AVGO261218C00144000,call,True,144.0,161.65,165.0,172.0,342.6499938964844,1.0000000000000003e-05,0.0370259995532744,0.00688749465062872,3.0,107.0,2025-07-31 13:34:01+00:00,2623.4330555555557,163.325,1.082191780821918
2025-11-17 21:00:00+00:00,2026-12-18 00:00:00+00:00,AVGO,AVGO261218C00145000,call,True,145.0,204.4,208.2,215.8,342.6499938964844,0.689303644104004,0.0370259995532744,0.00688749465062872,1.0,92.0,2025-11-07 14:30:13+00:00,246.4963888888889,206.3,1.082191780821918
2025-11-17 21:00:00+00:00,2026-12-18 00:00:00+00:00,AVGO,AVGO261218C00146000,call,True,146.0,203.5,207.45,223.0,342.6499938964844,0.6886627813720705,0.0370259995532744,0.00688749465062872,1.0,57.0,2025-11-05 15:15:51+00:00,293.73583333333335,205.475,1.082191780821918
2025-11-17 21:00:00+00:00,2026-12-18 00:00:00+00:00,AVGO,AVGO261218C00148000,call,True,148.0,201.75,205.6,217.0,342.6499938964844,0.683871569519043,0.0370259995532744,0.00688749465062872,23.0,39.0,2025-11-10 16:45:52+00:00,172.23555555555555,203.675,1.082191780821918
2025-11-17 21:00:00+00:00,2026-12-18 00:00:00+00:00,AVGO,AVGO261218C00150000,call,True,150.0,200.35,203.5,214.21,342.6499938964844,0.6801789794921876,0.0370259995532744,0.00688749465062872,1.0,751.0,2025-11-12 18:40:43+00:00,122.32138888888889,201.925,1.082191780821918
2025-11-17 21:00:00+00:00,2026-12-18 00:00:00+00:00,AVGO,AVGO261218C00152000,call,True,152.0,198.35,201.6,192.82,342.6499938964844,0.6720308676147463,0.0370259995532744,0.00688749465062872,1.0,373.0,2025-09-26 17:19:41+00:00,1251.6719444444445,199.975,1.082191780821918
2025-11-17 21:00:00+00:00,2026-12-18 00:00:00+00:00,AVGO,AVGO261218C00154000,call,True,154.0,198.8,202.3,148.0,342.6499938964844,0.7164334997558592,0.0370259995532744,0.00688749465062872,2.0,119.0,2025-08-20 15:28:15+00:00,2141.5291666666667,200.55,1.082191780821918
2025-11-17 21:00:00+00:00,2026-12-18 00:00:00+00:00,AVGO,AVGO261218C00155000,call,True,155.0,195.9,199.95,203.78,342.6499938964844,0.6785920812988282,0.0370259995532744,0.00688749465062872,1.0,102.0,2025-11-07 14:48:43+00:00,246.18805555555556,197.925,1.082191780821918
2025-11-17 21:00:00+00:00,2026-12-18 00:00:00+00:00,AVGO,AVGO261218C00156000,call,True,156.0,191.4,195.0,189.15,342.6499938964844,0.5902140588378908,0.0370259995532744,0.00688749465062872,1.0,49.0,2025-09-05 16:18:20+00:00,1756.6944444444443,193.2,1.082191780821918
2025-11-17 21:00:00+00:00,2026-12-18 00:00:00+00:00,AVGO,AVGO261218C00158000,call,True,158.0,201.35,204.7,199.95,342.6499938964844,0.8149737741088867,0.0370259995532744,0.00688749465062872,50.0,274.0,2025-09-17 15:05:55+00:00,1469.901388888889,203.02499999999998,1.082191780821918
2025-11-17 21:00:00+00:00,2026-12-18 00:00:00+00:00,AVGO,AVGO261218C00160000,call,True,160.0,191.4,195.3,194.81,342.6499938964844,0.6644625839233401,0.0370259995532744,0.00688749465062872,2.0,424.0,2025-11-13 18:37:54+00:00,98.36833333333334,193.35000000000002,1.082191780821918
2025-11-17 21:00:00+00:00,2026-12-18 00:00:00+00:00,AVGO,AVGO261218C00162000,call,True,162.0,189.7,193.55,194.65,342.6499938964844,0.6609225802612305,0.0370259995532744,0.00688749465062872,1.0,91.0,2025-11-17 18:45:02+00:00,2.2494444444444444,191.625,1.082191780821918
2025-11-17 21:00:00+00:00,2026-12-18 00:00:00+00:00,AVGO,AVGO261218C00164000,call,True,164.0,188.55,191.45,205.35,342.6499938964844,0.6592441302490235,0.0370259995532744,0.00688749465062872,1.0,111.0,2025-10-24 16:31:03+00:00,580.4825,190.0,1.082191780821918
2025-11-17 21:00:00+00:00,2026-12-18 00:00:00+00:00,AVGO,AVGO261218C00165000,call,True,165.0,187.7,191.4,214.5,342.6499938964844,0.6651949984741213,0.0370259995532744,0.00688749465062872,2.0,223.0,2025-11-04 15:08:37+00:00,317.8563888888889,189.55,1.082191780821918
2025-11-17 21:00:00+00:00,2026-12-18 00:00:00+00:00,AVGO,AVGO261218C00166000,call,True,166.0,171.15,173.4,207.7,342.6499938964844,1.0000000000000003e-05,0.0370259995532744,0.00688749465062872,6.0,246.0,2025-09-11 16:14:44+00:00,1612.7544444444445,172.275,1.082191780821918
2025-11-17 21:00:00+00:00,2026-12-18 00:00:00+00:00,AVGO,AVGO261218C00168000,call,True,168.0,185.2,188.45,225.03,342.6499938964844,0.656924817504883,0.0370259995532744,0.00688749465062872,1.0,133.0,2025-10-29 19:13:32+00:00,457.77444444444444,186.825,1.082191780821918
2025-11-17 21:00:00+00:00,2026-12-18 00:00:00+00:00,AVGO,AVGO261218C00170000,call,True,170.0,183.5,186.75,189.52,342.6499938964844,0.6535068829345705,0.0370259995532744,0.00688749465062872,5.0,777.0,2025-11-17 14:53:05+00:00,6.115277777777778,185.125,1.082191780821918
2025-11-17 21:00:00+00:00,2026-12-18 00:00:00+00:00,AVGO,AVGO261218C00172000,call,True,172.0,181.4,184.55,187.7,342.6499938964844,0.6420934228515626,0.0370259995532744,0.00688749465062872,3.0,282.0,2025-09-18 15:39:39+00:00,1445.3391666666666,182.97500000000002,1.082191780821918
2025-11-17 21:00:00+00:00,2026-12-18 00:00:00+00:00,AVGO,AVGO261218C00174000,call,True,174.0,134.95,137.6,120.7,342.6499938964844,1.0000000000000003e-05,0.0370259995532744,0.00688749465062872,1.0,89.0,2025-07-10 18:31:07+00:00,3122.481388888889,136.27499999999998,1.082191780821918
2025-11-17 21:00:00+00:00,2026-12-18 00:00:00+00:00,AVGO,AVGO261218C00175000,call,True,175.0,178.75,182.05,190.68,342.6499938964844,0.6366003137207032,0.0370259995532744,0.00688749465062872,1.0,130.0,2025-10-16 19:30:28+00:00,769.4922222222223,180.4,1.082191780821918
2025-11-17 21:00:00+00:00,2026-12-18 00:00:00+00:00,AVGO,AVGO261218C00176000,call,True,176.0,115.15,116.15,86.9,342.6499938964844,1.0000000000000003e-05,0.0370259995532744,0.00688749465062872,5.0,0.0,2025-05-27 19:50:01+00:00,4177.166388888889,115.65,1.082191780821918
2025-11-17 21:00:00+00:00,2026-12-18 00:00:00+00:00,AVGO,AVGO261218C00178000,call,True,178.0,176.85,179.6,208.0,342.6499938964844,0.6377904873657226,0.0370259995532744,0.00688749465062872,1.0,336.0,2025-10-30 13:41:50+00:00,439.3027777777778,178.225,1.082191780821918
2025-11-17 21:00:00+00:00,2026-12-18 00:00:00+00:00,AVGO,AVGO261218C00180000,call,True,180.0,175.25,177.55,201.1,342.6499938964844,0.6321142745971681,0.0370259995532744,0.00688749465062872,1.0,658.0,2025-11-03 16:56:57+00:00,340.05083333333334,176.4,1.082191780821918
2025-11-17 21:00:00+00:00,2026-12-18 00:00:00+00:00,AVGO,AVGO261218C00182000,call,True,182.0,173.0,175.8,172.35,342.6499938964844,0.6236609899902343,0.0370259995532744,0.00688749465062872,1.0,277.0,2025-10-02 16:11:22+00:00,1108.8105555555555,174.4,1.082191780821918
2025-11-17 21:00:00+00:00,2026-12-18 00:00:00+00:00,AVGO,AVGO261218C00184000,call,True,184.0,115.1,116.2,93.21,342.6499938964844,1.0000000000000003e-05,0.0370259995532744,0.00688749465062872,1.0,560.0,2025-06-17 16:15:34+00:00,3676.7405555555556,115.65,1.082191780821918
2025-11-17 21:00:00+00:00,2026-12-18 00:00:00+00:00,AVGO,AVGO261218C00185000,call,True,185.0,170.9,173.5,166.58,342.6499938964844,0.6238440936279297,0.0370259995532744,0.00688749465062872,1.0,227.0,2025-09-25 19:55:59+00:00,1273.0669444444445,172.2,1.082191780821918
2025-11-17 21:00:00+00:00,2026-12-18 00:00:00+00:00,AVGO,AVGO261218C00186000,call,True,186.0,126.05,128.45,121.14,342.6499938964844,1.0000000000000003e-05,0.0370259995532744,0.00688749465062872,2.0,68.0,2025-07-17 19:42:38+00:00,2953.2894444444446,127.25,1.082191780821918
2025-11-17 21:00:00+00:00,2026-12-18 00:00:00+00:00,AVGO,AVGO261218C00188000,call,True,188.0,164.8,167.55,133.05,342.6499938964844,0.562626444091797,0.0370259995532744,0.00688749465062872,2.0,121.0,2025-09-03 15:27:54+00:00,1805.535,166.175,1.082191780821918
2025-11-17 21:00:00+00:00,2026-12-18 00:00:00+00:00,AVGO,AVGO261218C00190000,call,True,190.0,167.15,170.4,185.0,342.6499938964844,0.6269873727416994,0.0370259995532744,0.00688749465062872,1.0,381.0,2025-11-05 20:56:44+00:00,288.05444444444447,168.775,1.082191780821918
2025-11-17 21:00:00+00:00,2026-12-18 00:00:00+00:00,AVGO,AVGO261218C00192000,call,True,192.0,150.5,152.8,192.99,342.6499938964844,0.3474796697998046,0.0370259995532744,0.00688749465062872,10.0,233.0,2025-09-10 15:23:36+00:00,1637.6066666666666,151.65,1.082191780821918
2025-11-17 21:00:00+00:00,2026-12-18 00:00:00+00:00,AVGO,AVGO261218C00194000,call,True,194.0,120.25,122.55,101.96,342.6499938964844,1.0000000000000003e-05,0.0370259995532744,0.00688749465062872,1.0,410.0,2025-06-26 15:48:33+00:00,3461.1908333333336,121.4,1.082191780821918
2025-11-17 21:00:00+00:00,2026-12-18 00:00:00+00:00,AVGO,AVGO261218C00195000,call,True,195.0,163.2,166.9,178.87,342.6499938964844,0.6245459909057618,0.0370259995532744,0.00688749465062872,1.0,79.0,2025-11-10 17:34:00+00:00,171.43333333333334,165.05,1.082191780821918
2025-11-17 21:00:00+00:00,2026-12-18 00:00:00+00:00,AVGO,AVGO261218C00196000,call,True,196.0,162.35,165.7,176.92,342.6499938964844,0.6199989172363283,0.0370259995532744,0.00688749465062872,1.0,42.0,2025-11-06 16:24:12+00:00,268.5966666666667,164.02499999999998,1.082191780821918
2025-11-17 21:00:00+00:00,2026-12-18 00:00:00+00:00,AVGO,AVGO261218C00198000,call,True,198.0,160.8,164.4,188.06,342.6499938964844,0.6197547790527345,0.0370259995532744,0.00688749465062872,1.0,110.0,2025-10-28 17:32:19+00:00,483.4613888888889,162.60000000000002,1.082191780821918
2025-11-17 21:00:00+00:00,2026-12-18 00:00:00+00:00,AVGO,AVGO261218C00200000,call,True,200.0,159.3,162.5,153.66,342.6499938964844,0.6155739126586915,0.0370259995532744,0.00688749465062872,10.0,1391.0,2025-11-14 14:37:47+00:00,78.37027777777777,160.9,1.082191780821918
2025-11-17 21:00:00+00:00,2026-12-18 00:00:00+00:00,AVGO,AVGO261218C00205000,call,True,205.0,155.4,158.5,170.4,342.6499938964844,0.6090584748840333,0.0370259995532744,0.00688749465062872,1.0,160.0,2025-10-27 14:12:58+00:00,510.7838888888889,156.95,1.082191780821918
2025-11-17 21:00:00+00:00,2026-12-18 00:00:00+00:00,AVGO,AVGO261218C00210000,call,True,210.0,151.6,153.95,143.0,342.6499938964844,0.5993082061767578,0.0370259995532744,0.00688749465062872,1.0,715.0,2025-11-14 14:30:02+00:00,78.49944444444445,152.77499999999998,1.082191780821918
2025-11-17 21:00:00+00:00,2026-12-18 00:00:00+00:00,AVGO,AVGO261218C00215000,call,True,215.0,148.05,150.45,161.7,342.6499938964844,0.5974466525268555,0.0370259995532744,0.00688749465062872,1.0,401.0,2025-10-15 14:07:35+00:00,798.8736111111111,149.25,1.082191780821918
2025-11-17 21:00:00+00:00,2026-12-18 00:00:00+00:00,AVGO,AVGO261218C00220000,call,True,220.0,144.15,146.4,143.95,342.6499938964844,0.589573196105957,0.0370259995532744,0.00688749465062872,3.0,313.0,2025-11-14 15:52:21+00:00,77.1275,145.275,1.082191780821918
2025-11-17 21:00:00+00:00,2026-12-18 00:00:00+00:00,AVGO,AVGO261218C00225000,call,True,225.0,140.6,143.65,143.65,342.6499938964844,0.590946473388672,0.0370259995532744,0.00688749465062872,5.0,2418.0,2025-11-13 15:23:51+00:00,101.6025,142.125,1.082191780821918
2025-11-17 21:00:00+00:00,2026-12-18 00:00:00+00:00,AVGO,AVGO261218C00230000,call,True,230.0,137.15,140.15,135.0,342.6499938964844,0.5878642288208008,0.0370259995532744,0.00688749465062872,10.0,280.0,2025-11-14 15:16:14+00:00,77.72944444444444,138.65,1.082191780821918
2025-11-17 21:00:00+00:00,2026-12-18 00:00:00+00:00,AVGO,AVGO261218C00235000,call,True,235.0,133.8,136.5,133.55,342.6499938964844,0.5840190524291992,0.0370259995532744,0.00688749465062872,3.0,446.0,2025-11-14 20:29:29+00:00,72.50861111111111,135.15,1.082191780821918
2025-11-17 21:00:00+00:00,2026-12-18 00:00:00+00:00,AVGO,AVGO261218C00240000,call,True,240.0,130.4,132.9,162.52,342.6499938964844,0.5796855996704101,0.0370259995532744,0.00688749465062872,1.0,809.0,2025-10-29 17:36:29+00:00,459.39194444444445,131.65,1.082191780821918
2025-11-17 21:00:00+00:00,2026-12-18 00:00:00+00:00,AVGO,AVGO261218C00245000,call,True,245.0,126.3,129.85,125.1,342.6499938964844,0.5741924905395508,0.0370259995532744,0.00688749465062872,7.0,331.0,2025-11-13 15:53:59+00:00,101.10027777777778,128.075,1.082191780821918
2025-11-17 21:00:00+00:00,2026-12-18 00:00:00+00:00,AVGO,AVGO261218C00250000,call,True,250.0,123.0,126.3,117.86,342.6499938964844,0.5698285205078125,0.0370259995532744,0.00688749465062872,10.0,484.0,2025-11-14 14:37:47+00:00,78.37027777777777,124.65,1.082191780821918
2025-11-17 21:00:00+00:00,2026-12-18 00:00:00+00:00,AVGO,AVGO261218C00255000,call,True,255.0,120.3,122.4,118.6,342.6499938964844,0.5662732582092287,0.0370259995532744,0.00688749465062872,13.0,1159.0,2025-11-13 17:28:00+00:00,99.53333333333333,121.35,1.082191780821918
2025-11-17 21:00:00+00:00,2026-12-18 00:00:00+00:00,AVGO,AVGO261218C00260000,call,True,260.0,117.1,119.85,114.05,342.6499938964844,0.5662732582092287,0.0370259995532744,0.00688749465062872,3.0,730.0,2025-11-14 15:04:09+00:00,77.93083333333334,118.475,1.082191780821918
2025-11-17 21:00:00+00:00,2026-12-18 00:00:00+00:00,AVGO,AVGO261218C00265000,call,True,265.0,113.65,116.9,113.8,342.6499938964844,0.5627179959106446,0.0370259995532744,0.00688749465062872,27.0,348.0,2025-11-14 15:44:31+00:00,77.25805555555556,115.275,1.082191780821918
2025-11-17 21:00:00+00:00,2026-12-18 00:00:00+00:00,AVGO,AVGO261218C00270000,call,True,270.0,110.55,113.65,110.75,342.6499938964844,0.5589643713378907,0.0370259995532744,0.00688749465062872,3.0,402.0,2025-11-14 16:03:16+00:00,76.94555555555556,112.1,1.082191780821918
2025-11-17 21:00:00+00:00,2026-12-18 00:00:00+00:00,AVGO,AVGO261218C00275000,call,True,275.0,107.6,109.95,105.05,342.6499938964844,0.5535017794799805,0.0370259995532744,0.00688749465062872,1.0,594.0,2025-11-14 14:48:43+00:00,78.18805555555555,108.775,1.082191780821918
2025-11-17 21:00:00+00:00,2026-12-18 00:00:00+00:00,AVGO,AVGO261218C00280000,call,True,280.0,105.2,107.5,105.05,342.6499938964844,0.5554854022216797,0.0370259995532744,0.00688749465062872,1.0,303.0,2025-11-14 15:44:19+00:00,77.26138888888889,106.35,1.082191780821918
2025-11-17 21:00:00+00:00,2026-12-18 00:00:00+00:00,AVGO,AVGO261218C00290000,call,True,290.0,98.8,102.15,100.6,342.6499938964844,0.5491988439941409,0.0370259995532744,0.00688749465062872,46.0,746.0,2025-11-14 18:18:03+00:00,74.69916666666667,100.475,1.082191780821918
2025-11-17 21:00:00+00:00,2026-12-18 00:00:00+00:00,AVGO,AVGO261218C00300000,call,True,300.0,94.15,96.4,93.86,342.6499938964844,0.5468184967041017,0.0370259995532744,0.00688749465062872,51.0,405.0,2025-11-17 20:47:58+00:00,0.20055555555555554,95.275,1.082191780821918
2025-11-17 21:00:00+00:00,2026-12-18 00:00:00+00:00,AVGO,AVGO261218C00310000,call,True,310.0,88.45,90.7,91.15,342.6499938964844,0.5388534884643555,0.0370259995532744,0.00688749465062872,2.0,287.0,2025-11-14 17:36:51+00:00,75.38583333333334,89.575,1.082191780821918
2025-11-17 21:00:00+00:00,2026-12-18 00:00:00+00:00,AVGO,AVGO261218C00320000,call,True,320.0,83.35,86.05,87.8,342.6499938964844,0.5358475370788573,0.0370259995532744,0.00688749465062872,2.0,434.0,2025-11-14 18:25:18+00:00,74.57833333333333,84.69999999999999,1.082191780821918
2025-11-17 21:00:00+00:00,2026-12-18 00:00:00+00:00,AVGO,AVGO261218C00330000,call,True,330.0,78.9,81.4,80.15,342.6499938964844,0.5337571038818358,0.0370259995532744,0.00688749465062872,7.0,468.0,2025-11-17 16:00:57+00:00,4.984166666666667,80.15,1.082191780821918
2025-11-17 21:00:00+00:00,2026-12-18 00:00:00+00:00,AVGO,AVGO261218C00340000,call,True,340.0,74.45,76.95,74.4,342.6499938964844,0.5309189974975587,0.0370259995532744,0.00688749465062872,39.0,376.0,2025-11-17 19:39:00+00:00,1.35,75.7,1.082191780821918
2025-11-17 21:00:00+00:00,2026-12-18 00:00:00+00:00,AVGO,AVGO261218C00350000,call,False,350.0,70.85,72.85,70.51,342.6499938964844,0.5310258079528809,0.0370259995532744,0.00688749465062872,57.0,636.0,2025-11-17 20:47:34+00:00,0.20722222222222222,71.85,1.082191780821918
2025-11-17 21:00:00+00:00,2026-12-18 00:00:00+00:00,AVGO,AVGO261218C00360000,call,False,360.0,67.45,69.05,69.9,342.6499938964844,0.5314988256835937,0.0370259995532744,0.00688749465062872,16.0,475.0,2025-11-17 15:17:35+00:00,5.706944444444445,68.25,1.082191780821918
2025-11-17 21:00:00+00:00,2026-12-18 00:00:00+00:00,AVGO,AVGO261218C00370000,call,False,370.0,63.65,64.7,62.45,342.6499938964844,0.5272874420166016,0.0370259995532744,0.00688749465062872,10.0,815.0,2025-11-17 18:57:09+00:00,2.0475,64.175,1.082191780821918
2025-11-17 21:00:00+00:00,2026-12-18 00:00:00+00:00,AVGO,AVGO261218C00380000,call,False,380.0,60.05,60.8,60.04,342.6499938964844,0.524144162902832,0.0370259995532744,0.00688749465062872,7.0,228.0,2025-11-17 19:45:07+00:00,1.2480555555555555,60.425,1.082191780821918
2025-11-17 21:00:00+00:00,2026-12-18 00:00:00+00:00,AVGO,AVGO261218C00390000,call,False,390.0,56.7,57.4,59.4,342.6499938964844,0.5224504542541504,0.0370259995532744,0.00688749465062872,1.0,219.0,2025-11-17 15:29:35+00:00,5.506944444444445,57.05,1.082191780821918
2025-11-17 21:00:00+00:00,2026-12-18 00:00:00+00:00,AVGO,AVGO261218C00400000,call,False,400.0,53.5,54.2,52.75,342.6499938964844,0.5208330387878417,0.0370259995532744,0.00688749465062872,6.0,607.0,2025-11-17 19:53:52+00:00,1.1022222222222222,53.85,1.082191780821918
2025-11-17 21:00:00+00:00,2026-12-18 00:00:00+00:00,AVGO,AVGO261218C00410000,call,False,410.0,50.45,51.15,52.29,342.6499938964844,0.5191545887756348,0.0370259995532744,0.00688749465062872,4.0,145.0,2025-11-17 15:59:57+00:00,5.0008333333333335,50.8,1.082191780821918
2025-11-17 21:00:00+00:00,2026-12-18 00:00:00+00:00,AVGO,AVGO261218C00420000,call,False,420.0,47.6,48.3,47.02,342.6499938964844,0.5178270874023438,0.0370259995532744,0.00688749465062872,5.0,124.0,2025-11-17 20:47:58+00:00,0.20055555555555554,47.95,1.082191780821918
2025-11-17 21:00:00+00:00,2026-12-18 00:00:00+00:00,AVGO,AVGO261218C00430000,call,False,430.0,44.9,45.6,46.3,342.6499938964844,0.5165377326202393,0.0370259995532744,0.00688749465062872,3.0,194.0,2025-11-14 19:40:45+00:00,73.32083333333334,45.25,1.082191780821918
2025-11-17 21:00:00+00:00,2026-12-18 00:00:00+00:00,AVGO,AVGO261218C00440000,call,False,440.0,42.4,43.05,43.7,342.6499938964844,0.5155077746582031,0.0370259995532744,0.00688749465062872,1.0,163.0,2025-11-14 17:10:35+00:00,75.8236111111111,42.724999999999994,1.082191780821918
2025-11-17 21:00:00+00:00,2026-12-18 00:00:00+00:00,AVGO,AVGO261218C00450000,call,False,450.0,40.0,40.7,39.1,342.6499938964844,0.5146075151062011,0.0370259995532744,0.00688749465062872,9.0,1328.0,2025-11-17 20:39:17+00:00,0.3452777777777778,40.35,1.082191780821918
2025-11-17 21:00:00+00:00,2026-12-18 00:00:00+00:00,AVGO,AVGO261218C00460000,call,False,460.0,37.75,38.45,37.78,342.6499938964844,0.5137225141906738,0.0370259995532744,0.00688749465062872,1.0,379.0,2025-11-14 15:47:50+00:00,77.20277777777778,38.1,1.082191780821918
2025-11-17 21:00:00+00:00,2026-12-18 00:00:00+00:00,AVGO,AVGO261218C00470000,call,False,470.0,35.65,36.3,36.5,342.6499938964844,0.5128680305480957,0.0370259995532744,0.00688749465062872,10.0,270.0,2025-11-14 19:31:32+00:00,73.47444444444444,35.974999999999994,1.082191780821918
2025-11-17 21:00:00+00:00,2026-12-18 00:00:00+00:00,AVGO,AVGO261218C00480000,call,False,480.0,33.65,34.3,32.0,342.6499938964844,0.5121203573608398,0.0370259995532744,0.00688749465062872,1.0,982.0,2025-11-13 16:35:26+00:00,100.40944444444445,33.974999999999994,1.082191780821918
2025-11-17 21:00:00+00:00,2026-12-18 00:00:00+00:00,AVGO,AVGO261218C00490000,call,False,490.0,31.75,32.4,32.4,342.6499938964844,0.5112963909912109,0.0370259995532744,0.00688749465062872,3.0,162.0,2025-11-13 14:39:12+00:00,102.34666666666666,32.075,1.082191780821918
2025-11-17 21:00:00+00:00,2026-12-18 00:00:00+00:00,AVGO,AVGO261218C00500000,call,False,500.0,30.0,30.65,29.5,342.6499938964844,0.510869149169922,0.0370259995532744,0.00688749465062872,6.0,159.0,2025-11-17 20:09:29+00:00,0.8419444444444445,30.325,1.082191780821918
2025-11-17 21:00:00+00:00,2026-12-18 00:00:00+00:00,AVGO,AVGO261218C00510000,call,False,510.0,28.35,29.05,31.05,342.6499938964844,0.5106555282592774,0.0370259995532744,0.00688749465062872,3.0,69.0,2025-11-12 17:53:31+00:00,123.10805555555555,28.700000000000003,1.082191780821918
2025-11-17 21:00:00+00:00,2026-12-18 00:00:00+00:00,AVGO,AVGO261218C00520000,call,False,520.0,26.75,27.45,29.76,342.6499938964844,0.5099536309814454,0.0370259995532744,0.00688749465062872,2.0,123.0,2025-11-12 16:11:27+00:00,124.80916666666667,27.1,1.082191780821918
2025-11-17 21:00:00+00:00,2026-12-18 00:00:00+00:00,AVGO,AVGO261218C00530000,call,False,530.0,25.3,25.95,25.99,342.6499938964844,0.5095416477966308,0.0370259995532744,0.00688749465062872,2.0,427.0,2025-11-17 18:08:06+00:00,2.865,25.625,1.082191780821918
2025-11-17 21:00:00+00:00,2026-12-18 00:00:00+00:00,AVGO,AVGO261218C00540000,call,False,540.0,23.9,24.55,24.0,342.6499938964844,0.5090991473388673,0.0370259995532744,0.00688749465062872,64.0,173.0,2025-11-17 18:45:03+00:00,2.2491666666666665,24.225,1.082191780821918
2025-11-17 21:00:00+00:00,2026-12-18 00:00:00+00:00,AVGO,AVGO261218C00560000,call,False,560.0,21.4,22.0,21.5,342.6499938964844,0.5086413882446289,0.0370259995532744,0.00688749465062872,20.0,38.0,2025-11-14 15:45:48+00:00,77.23666666666666,21.7,1.082191780821918
2025-11-17 21:00:00+00:00,2026-12-18 00:00:00+00:00,AVGO,AVGO261218C00660000,call,False,660.0,1066.0,1086.0,1101.2,342.6499938964844,0.0,0.0370259995532744,0.00688749465062872,15.0,5.0,2024-07-12 19:09:50+00:00,11833.836111111112,1076.0,1.082191780821918
2025-11-17 21:00:00+00:00,2026-12-18 00:00:00+00:00,AVGO,AVGO261218C00700000,call,False,700.0,1034.0,1052.0,1057.0,342.6499938964844,0.0,0.0370259995532744,0.00688749465062872,1.0,3.0,2024-07-05 16:41:26+00:00,12004.309444444445,1043.0,1.082191780821918
2025-11-17 21:00:00+00:00,2026-12-18 00:00:00+00:00,AVGO,AVGO261218C00720000,call,False,720.0,1022.0,1042.0,740.92,342.6499938964844,0.0,0.0370259995532744,0.00688749465062872,1.0,1.0,2024-06-07 13:37:14+00:00,12679.379444444445,1032.0,1.082191780821918
2025-11-17 21:00:00+00:00,2026-12-18 00:00:00+00:00,AVGO,AVGO261218C00740000,call,False,740.0,1000.0,1020.0,1055.8,342.6499938964844,0.0,0.0370259995532744,0.00688749465062872,1.0,2.0,2024-07-08 19:46:28+00:00,11929.225555555555,1010.0,1.082191780821918
2025-11-17 21:00:00+00:00,2026-12-18 00:00:00+00:00,AVGO,AVGO261218C00760000,call,False,760.0,984.0,1002.0,915.33,342.6499938964844,0.0,0.0370259995532744,0.00688749465062872,2.0,2.0,2024-06-24 16:09:10+00:00,12268.847222222223,993.0,1.082191780821918
2025-11-17 21:00:00+00:00,2026-12-18 00:00:00+00:00,AVGO,AVGO261218C00780000,call,False,780.0,968.0,988.0,1018.0,342.6499938964844,0.0,0.0370259995532744,0.00688749465062872,1.0,1.0,2024-07-10 15:25:31+00:00,11885.574722222222,978.0,1.082191780821918
2025-11-17 21:00:00+00:00,2026-12-18 00:00:00+00:00,AVGO,AVGO261218C00800000,call,False,800.0,952.0,970.0,1002.0,342.6499938964844,0.0,0.0370259995532744,0.00688749465062872,1.0,16.0,2024-07-10 15:25:31+00:00,11885.574722222222,961.0,1.082191780821918
2025-11-17 21:00:00+00:00,2026-12-18 00:00:00+00:00,AVGO,AVGO261218C00840000,call,False,840.0,928.0,946.0,650.63,342.6499938964844,0.0,0.0370259995532744,0.00688749465062872,10.0,8.0,2024-06-06 19:43:02+00:00,12697.282777777778,937.0,1.082191780821918
2025-11-17 21:00:00+00:00,2026-12-18 00:00:00+00:00,AVGO,AVGO261218C00900000,call,False,900.0,876.0,894.0,938.0,342.6499938964844,0.0,0.0370259995532744,0.00688749465062872,1.0,3.0,2024-07-08 15:51:00+00:00,11933.15,885.0,1.082191780821918
2025-11-17 21:00:00+00:00,2026-12-18 00:00:00+00:00,AVGO,AVGO261218C00920000,call,False,920.0,860.0,878.0,860.0,342.6499938964844,0.0,0.0370259995532744,0.00688749465062872,1.0,2.0,2024-06-13 15:56:08+00:00,12533.064444444444,869.0,1.082191780821918
2025-11-17 21:00:00+00:00,2026-12-18 00:00:00+00:00,AVGO,AVGO261218C00940000,call,False,940.0,846.0,864.0,832.48,342.6499938964844,0.0,0.0370259995532744,0.00688749465062872,1.0,1.0,2024-06-21 19:50:43+00:00,12337.154722222222,855.0,1.082191780821918
2025-11-17 21:00:00+00:00,2026-12-18 00:00:00+00:00,AVGO,AVGO261218C00980000,call,False,980.0,816.0,834.0,920.05,342.6499938964844,0.0,0.0370259995532744,0.00688749465062872,,2.0,2024-06-17 14:44:45+00:00,12438.254166666668,825.0,1.082191780821918
2025-11-17 21:00:00+00:00,2026-12-18 00:00:00+00:00,AVGO,AVGO261218C01000000,call,False,1000.0,802.0,820.0,813.87,342.6499938964844,0.0,0.0370259995532744,0.00688749465062872,1.0,12.0,2024-07-12 19:39:48+00:00,11833.336666666666,811.0,1.082191780821918
2025-11-17 21:00:00+00:00,2026-12-18 00:00:00+00:00,AVGO,AVGO261218C01040000,call,False,1040.0,774.0,792.0,838.02,342.6499938964844,0.0,0.0370259995532744,0.00688749465062872,3.0,0.0,2024-07-08 17:52:32+00:00,11931.124444444444,783.0,1.082191780821918
2025-11-17 21:00:00+00:00,2026-12-18 00:00:00+00:00,AVGO,AVGO261218C01060000,call,False,1060.0,760.0,778.0,678.33,342.6499938964844,0.0,0.0370259995532744,0.00688749465062872,1.0,1.0,2024-06-26 15:28:54+00:00,12221.518333333333,769.0,1.082191780821918
2025-11-17 21:00:00+00:00,2026-12-18 00:00:00+00:00,AVGO,AVGO261218C01080000,call,False,1080.0,746.0,766.0,648.5,342.6499938964844,0.0,0.0370259995532744,0.00688749465062872,,0.0,2024-06-27 16:03:42+00:00,12196.938333333334,756.0,1.082191780821918
2025-11-17 21:00:00+00:00,2026-12-18 00:00:00+00:00,AVGO,AVGO261218C01100000,call,False,1100.0,734.0,752.0,795.28,342.6499938964844,0.0,0.0370259995532744,0.00688749465062872,3.0,16.0,2024-07-08 17:52:32+00:00,11931.124444444444,743.0,1.082191780821918
2025-11-17 21:00:00+00:00,2026-12-18 00:00:00+00:00,AVGO,AVGO261218C01140000,call,False,1140.0,706.0,726.0,718.0,342.6499938964844,0.0,0.0370259995532744,0.00688749465062872,,1.0,2024-07-03 14:35:34+00:00,12054.407222222222,716.0,1.082191780821918
2025-11-17 21:00:00+00:00,2026-12-18 00:00:00+00:00,AVGO,AVGO261218C01160000,call,False,1160.0,694.0,714.0,667.0,342.6499938964844,0.0,0.0370259995532744,0.00688749465062872,,1.0,2024-07-02 17:37:10+00:00,12075.380555555555,704.0,1.082191780821918
2025-11-17 21:00:00+00:00,2026-12-18 00:00:00+00:00,AVGO,AVGO261218C01200000,call,False,1200.0,668.0,688.0,608.0,342.6499938964844,0.0,0.0370259995532744,0.00688749465062872,4.0,3.0,2024-06-24 19:49:38+00:00,12265.172777777778,678.0,1.082191780821918
2025-11-17 21:00:00+00:00,2026-12-18 00:00:00+00:00,AVGO,AVGO261218C01280000,call,False,1280.0,630.0,648.0,436.49,342.6499938964844,0.0,0.0370259995532744,0.00688749465062872,1.0,1.0,2024-06-11 16:50:59+00:00,12580.150277777779,639.0,1.082191780821918
2025-11-17 21:00:00+00:00,2026-12-18 00:00:00+00:00,AVGO,AVGO261218C01300000,call,False,1300.0,610.0,627.6,626.6,342.6499938964844,0.0,0.0370259995532744,0.00688749465062872,1.0,8.0,2024-07-05 18:22:19+00:00,12002.628055555555,618.8,1.082191780821918
2025-11-17 21:00:00+00:00,2026-12-18 00:00:00+00:00,AVGO,AVGO261218C01320000,call,False,1320.0,0.0,0.0,335.0,342.6499938964844,0.2500075,0.0370259995532744,0.00688749465062872,1.0,1.0,2024-06-05 13:32:42+00:00,12727.455,0.0,1.082191780821918
2025-11-17 21:00:00+00:00,2026-12-18 00:00:00+00:00,AVGO,AVGO261218C01340000,call,False,1340.0,586.0,606.0,595.0,342.6499938964844,0.0,0.0370259995532744,0.00688749465062872,1.0,23.0,2024-06-21 19:24:10+00:00,12337.597222222223,596.0,1.082191780821918
2025-11-17 21:00:00+00:00,2026-12-18 00:00:00+00:00,AVGO,AVGO261218C01360000,call,False,1360.0,590.0,610.0,333.0,342.6499938964844,0.0,0.0370259995532744,0.00688749465062872,,1.0,2024-06-05 14:21:36+00:00,12726.64,600.0,1.082191780821918
2025-11-17 21:00:00+00:00,2026-12-18 00:00:00+00:00,AVGO,AVGO261218C01380000,call,False,1380.0,564.0,581.6,579.0,342.6499938964844,0.0,0.0370259995532744,0.00688749465062872,1.0,4.0,2024-06-14 14:43:03+00:00,12510.2825,572.8,1.082191780821918
2025-11-17 21:00:00+00:00,2026-12-18 00:00:00+00:00,AVGO,AVGO261218C01400000,call,False,1400.0,554.0,574.0,565.0,342.6499938964844,0.0,0.0370259995532744,0.00688749465062872,2.0,11.0,2024-07-11 17:18:12+00:00,11859.696666666667,564.0,1.082191780821918
2025-11-17 21:00:00+00:00,2026-12-18 00:00:00+00:00,AVGO,AVGO261218C01420000,call,False,1420.0,544.0,561.8,575.0,342.6499938964844,0.0,0.0370259995532744,0.00688749465062872,2.0,13.0,2024-07-08 13:50:00+00:00,11935.166666666666,552.9,1.082191780821918
2025-11-17 21:00:00+00:00,2026-12-18 00:00:00+00:00,AVGO,AVGO261218C01440000,call,False,1440.0,534.0,551.8,562.0,342.6499938964844,0.0,0.0370259995532744,0.00688749465062872,1.0,4.0,2024-07-05 14:59:01+00:00,12006.01638888889,542.9,1.082191780821918
2025-11-17 21:00:00+00:00,2026-12-18 00:00:00+00:00,AVGO,AVGO261218C01460000,call,False,1460.0,524.0,542.0,458.82,342.6499938964844,0.0,0.0370259995532744,0.00688749465062872,3.0,3.0,2024-06-25 19:33:51+00:00,12241.435833333333,533.0,1.082191780821918
2025-11-17 21:00:00+00:00,2026-12-18 00:00:00+00:00,AVGO,AVGO261218C01480000,call,False,1480.0,514.0,532.0,518.11,342.6499938964844,0.0,0.0370259995532744,0.00688749465062872,2.0,2.0,2024-06-21 19:08:33+00:00,12337.8575,523.0,1.082191780821918
2025-11-17 21:00:00+00:00,2026-12-18 00:00:00+00:00,AVGO,AVGO261218C01500000,call,False,1500.0,504.0,521.9,538.95,342.6499938964844,0.0,0.0370259995532744,0.00688749465062872,1.0,17.0,2024-07-08 14:56:40+00:00,11934.055555555555,512.95,1.082191780821918
2025-11-17 21:00:00+00:00,2026-12-18 00:00:00+00:00,AVGO,AVGO261218C01540000,call,False,1540.0,484.0,501.6,475.55,342.6499938964844,0.0,0.0370259995532744,0.00688749465062872,5.0,8.0,2024-06-13 19:49:51+00:00,12529.169166666667,492.8,1.082191780821918
2025-11-17 21:00:00+00:00,2026-12-18 00:00:00+00:00,AVGO,AVGO261218C01560000,call,False,1560.0,474.2,491.4,501.25,342.6499938964844,0.0,0.0370259995532744,0.00688749465062872,2.0,1.0,2024-07-11 14:16:19+00:00,11862.728055555555,482.79999999999995,1.082191780821918
2025-11-17 21:00:00+00:00,2026-12-18 00:00:00+00:00,AVGO,AVGO261218C01580000,call,False,1580.0,466.1,483.6,494.5,342.6499938964844,0.0,0.0370259995532744,0.00688749465062872,2.0,22.0,2024-07-11 17:37:16+00:00,11859.378888888888,474.85,1.082191780821918
2025-11-17 21:00:00+00:00,2026-12-18 00:00:00+00:00,AVGO,AVGO261218C01600000,call,False,1600.0,456.0,473.8,465.0,342.6499938964844,0.0,0.0370259995532744,0.00688749465062872,3.0,30.0,2024-07-12 19:51:03+00:00,11833.149166666666,464.9,1.082191780821918
2025-11-17 21:00:00+00:00,2026-12-18 00:00:00+00:00,AVGO,AVGO261218C01620000,call,False,1620.0,448.2,465.4,475.1,342.6499938964844,0.0,0.0370259995532744,0.00688749465062872,2.0,4.0,2024-07-08 14:57:44+00:00,11934.037777777778,456.79999999999995,1.082191780821918
2025-11-17 21:00:00+00:00,2026-12-18 00:00:00+00:00,AVGO,AVGO261218C01640000,call,False,1640.0,440.1,455.8,460.0,342.6499938964844,0.0,0.0370259995532744,0.00688749465062872,1.0,5.0,2024-07-09 17:38:21+00:00,11907.360833333334,447.95000000000005,1.082191780821918
2025-11-17 21:00:00+00:00,2026-12-18 00:00:00+00:00,AVGO,AVGO261218C01660000,call,False,1660.0,430.0,447.4,462.03,342.6499938964844,0.0,0.0370259995532744,0.00688749465062872,3.0,18.0,2024-07-09 19:31:05+00:00,11905.481944444444,438.7,1.082191780821918
2025-11-17 21:00:00+00:00,2026-12-18 00:00:00+00:00,AVGO,AVGO261218C01680000,call,False,1680.0,422.0,439.8,453.13,342.6499938964844,0.0,0.0370259995532744,0.00688749465062872,4.0,11.0,2024-07-09 19:31:05+00:00,11905.481944444444,430.9,1.082191780821918
2025-11-17 21:00:00+00:00,2026-12-18 00:00:00+00:00,AVGO,AVGO261218C01700000,call,False,1700.0,414.1,431.1,425.0,342.6499938964844,0.0,0.0370259995532744,0.00688749465062872,5.0,92.0,2024-07-12 19:50:09+00:00,11833.164166666667,422.6,1.082191780821918
2025-11-17 21:00:00+00:00,2026-12-18 00:00:00+00:00,AVGO,AVGO261218C01720000,call,False,1720.0,406.2,423.2,433.1,342.6499938964844,0.0,0.0370259995532744,0.00688749465062872,1.0,27.0,2024-07-12 18:43:25+00:00,11834.27638888889,414.7,1.082191780821918
2025-11-17 21:00:00+00:00,2026-12-18 00:00:00+00:00,AVGO,AVGO261218C01740000,call,False,1740.0,398.0,416.0,441.0,342.6499938964844,0.0,0.0370259995532744,0.00688749465062872,3.0,10.0,2024-07-08 18:47:03+00:00,11930.215833333334,407.0,1.082191780821918
2025-11-17 21:00:00+00:00,2026-12-18 00:00:00+00:00,AVGO,AVGO261218C01760000,call,False,1760.0,390.0,408.0,404.0,342.6499938964844,0.0,0.0370259995532744,0.00688749465062872,6.0,18.0,2024-07-12 19:40:01+00:00,11833.333055555555,399.0,1.082191780821918
2025-11-17 21:00:00+00:00,2026-12-18 00:00:00+00:00,AVGO,AVGO261218C01780000,call,False,1780.0,384.1,402.0,400.0,342.6499938964844,0.0,0.0370259995532744,0.00688749465062872,11.0,25.0,2024-07-12 19:31:04+00:00,11833.482222222223,393.05,1.082191780821918
2025-11-17 21:00:00+00:00,2026-12-18 00:00:00+00:00,AVGO,AVGO261218C01800000,call,False,1800.0,376.0,394.0,400.0,342.6499938964844,0.0,0.0370259995532744,0.00688749465062872,1.0,58.0,2024-07-11 14:18:20+00:00,11862.694444444445,385.0,1.082191780821918
2025-11-17 21:00:00+00:00,2026-12-18 00:00:00+00:00,AVGO,AVGO261218C01820000,call,False,1820.0,370.1,386.0,388.49,342.6499938964844,0.0,0.0370259995532744,0.00688749465062872,12.0,21.0,2024-07-11 19:39:04+00:00,11857.34888888889,378.05,1.082191780821918
2025-11-17 21:00:00+00:00,2026-12-18 00:00:00+00:00,AVGO,AVGO261218C01840000,call,False,1840.0,362.0,379.7,387.0,342.6499938964844,0.0,0.0370259995532744,0.00688749465062872,2.0,57.0,2024-07-12 18:13:06+00:00,11834.781666666666,370.85,1.082191780821918
2025-11-17 21:00:00+00:00,2026-12-18 00:00:00+00:00,AVGO,AVGO261218C01860000,call,False,1860.0,356.0,371.3,379.6,342.6499938964844,0.0,0.0370259995532744,0.00688749465062872,2.0,5.0,2024-07-12 18:13:06+00:00,11834.781666666666,363.65,1.082191780821918
2025-11-17 21:00:00+00:00,2026-12-18 00:00:00+00:00,AVGO,AVGO261218C01880000,call,False,1880.0,348.1,364.5,367.49,342.6499938964844,0.0,0.0370259995532744,0.00688749465062872,3.0,17.0,2024-07-11 16:47:09+00:00,11860.214166666667,356.3,1.082191780821918
2025-11-17 21:00:00+00:00,2026-12-18 00:00:00+00:00,AVGO,AVGO261218C01900000,call,False,1900.0,342.0,357.8,360.8,342.6499938964844,0.0,0.0370259995532744,0.00688749465062872,1.0,21.0,2024-07-12 14:35:21+00:00,11838.410833333333,349.9,1.082191780821918
2025-11-17 21:00:00+00:00,2026-12-18 00:00:00+00:00,AVGO,AVGO261218C01920000,call,False,1920.0,334.0,350.8,282.21,342.6499938964844,6.9140638574218745,0.0370259995532744,0.00688749465062872,1.0,2.0,2024-06-27 19:41:29+00:00,12193.308611111112,342.4,1.082191780821918
2025-11-17 21:00:00+00:00,2026-12-18 00:00:00+00:00,AVGO,AVGO261218C01940000,call,False,1940.0,328.0,345.9,371.12,342.6499938964844,5.15161488861084,0.0370259995532744,0.00688749465062872,1.0,6.0,2024-07-08 18:30:32+00:00,11930.49111111111,336.95,1.082191780821918
2025-11-17 21:00:00+00:00,2026-12-18 00:00:00+00:00,AVGO,AVGO261218C01960000,call,False,1960.0,322.0,340.0,368.0,342.6499938964844,4.672123300476073,0.0370259995532744,0.00688749465062872,1.0,4.0,2024-07-05 13:31:03+00:00,12007.4825,331.0,1.082191780821918
2025-11-17 21:00:00+00:00,2026-12-18 00:00:00+00:00,AVGO,AVGO261218C01980000,call,False,1980.0,316.0,332.3,368.0,342.6499938964844,4.339543149795532,0.0370259995532744,0.00688749465062872,3.0,9.0,2024-07-10 17:17:51+00:00,11883.7025,324.15,1.082191780821918
2025-11-17 21:00:00+00:00,2026-12-18 00:00:00+00:00,AVGO,AVGO261218C02000000,call,False,2000.0,310.1,326.0,335.1,342.6499938964844,4.1247607034301765,0.0370259995532744,0.00688749465062872,2.0,67.0,2024-07-12 14:18:54+00:00,11838.685,318.05,1.082191780821918
2025-11-17 21:00:00+00:00,2026-12-18 00:00:00+00:00,AVGO,AVGO261218C02050000,call,False,2050.0,296.0,311.3,345.3,342.6499938964844,3.759033805541992,0.0370259995532744,0.00688749465062872,3.0,6.0,2024-07-10 17:19:58+00:00,11883.667222222222,303.65,1.082191780821918
2025-11-17 21:00:00+00:00,2026-12-18 00:00:00+00:00,AVGO,AVGO261218C02100000,call,False,2100.0,282.0,299.9,330.0,342.6499938964844,3.5229809288787837,0.0370259995532744,0.00688749465062872,1.0,89.0,2024-07-09 13:56:22+00:00,11911.060555555556,290.95,1.082191780821918
2025-11-17 21:00:00+00:00,2026-12-18 00:00:00+00:00,AVGO,AVGO261218C02200000,call,False,2200.0,256.0,274.0,276.01,342.6499938964844,3.16058559463501,0.0370259995532744,0.00688749465062872,2.0,28.0,2024-07-09 19:14:47+00:00,11905.753611111111,265.0,1.082191780821918
2025-11-17 21:00:00+00:00,2026-12-18 00:00:00+00:00,AVGO,AVGO261218C02250000,call,False,2250.0,244.0,261.9,220.3,342.6499938964844,3.0252252152633665,0.0370259995532744,0.00688749465062872,2.0,2.0,2024-06-26 17:22:39+00:00,12219.6225,252.95,1.082191780821918
2025-11-17 21:00:00+00:00,2026-12-18 00:00:00+00:00,AVGO,AVGO261218C02300000,call,False,2300.0,234.0,249.9,260.71,342.6499938964844,2.9140499560928346,0.0370259995532744,0.00688749465062872,2.0,8.0,2024-06-21 14:18:49+00:00,12342.68638888889,241.95,1.082191780821918
2025-11-17 21:00:00+00:00,2026-12-18 00:00:00+00:00,AVGO,AVGO261218C02350000,call,False,2350.0,222.0,239.9,267.0,342.6499938964844,2.8115721849441533,0.0370259995532744,0.00688749465062872,5.0,7.0,2024-07-10 17:21:53+00:00,11883.635277777777,230.95,1.082191780821918
2025-11-17 21:00:00+00:00,2026-12-18 00:00:00+00:00,AVGO,AVGO261218C02400000,call,False,2400.0,212.0,229.9,247.8,342.6499938964844,2.7252381722640995,0.0370259995532744,0.00688749465062872,1.0,4.0,2024-07-08 13:52:43+00:00,11935.121388888889,220.95,1.082191780821918
2025-11-17 21:00:00+00:00,2026-12-18 00:00:00+00:00,AVGO,AVGO261218C02450000,call,False,2450.0,202.1,217.4,307.25,342.6499938964844,2.6331973867416387,0.0370259995532744,0.00688749465062872,,3.0,2024-06-18 17:22:55+00:00,12411.618055555555,209.75,1.082191780821918
2025-11-17 21:00:00+00:00,2026-12-18 00:00:00+00:00,AVGO,AVGO261218C02500000,call,False,2500.0,194.0,208.1,209.3,342.6499938964844,2.566867596511841,0.0370259995532744,0.00688749465062872,1.0,31.0,2024-07-12 19:24:41+00:00,11833.58861111111,201.05,1.082191780821918
2025-11-17 21:00:00+00:00,2026-12-18 00:00:00+00:00,AVGO,AVGO261218C02550000,call,False,2550.0,185.0,199.9,201.76,342.6499938964844,2.503833696479797,0.0370259995532744,0.00688749465062872,1.0,2.0,2024-07-11 15:01:34+00:00,11861.97388888889,192.45,1.082191780821918
2025-11-17 21:00:00+00:00,2026-12-18 00:00:00+00:00,AVGO,AVGO261218C02600000,call,False,2600.0,177.0,192.0,160.75,342.6499938964844,2.4479714093780514,0.0370259995532744,0.00688749465062872,,0.0,2024-06-26 16:26:48+00:00,12220.553333333333,184.5,1.082191780821918
2025-11-17 21:00:00+00:00,2026-12-18 00:00:00+00:00,AVGO,AVGO261218C02650000,call,False,2650.0,169.0,184.0,180.0,342.6499938964844,2.3932230110931396,0.0370259995532744,0.00688749465062872,1.0,0.0,2024-07-03 15:05:01+00:00,12053.916388888889,176.5,1.082191780821918
2025-11-17 21:00:00+00:00,2026-12-18 00:00:00+00:00,AVGO,AVGO261218C02700000,call,False,2700.0,161.0,176.0,181.75,342.6499938964844,2.339756347885131,0.0370259995532744,0.00688749465062872,2.0,5.0,2024-07-05 19:20:44+00:00,12001.654444444444,168.5,1.082191780821918
2025-11-17 21:00:00+00:00,2026-12-18 00:00:00+00:00,AVGO,AVGO261218C02750000,call,False,2750.0,154.0,169.0,191.1,342.6499938964844,2.2947735501861573,0.0370259995532744,0.00688749465062872,1.0,28.0,2024-07-10 19:48:39+00:00,11881.189166666667,161.5,1.082191780821918
2025-11-17 21:00:00+00:00,2026-12-18 00:00:00+00:00,AVGO,AVGO261218P00066000,put,False,66.0,0.43,0.63,0.48,342.6499938964844,0.72070591796875,0.0370259995532744,0.00688749465062872,1.0,987.0,2025-11-13 16:17:01+00:00,100.71638888888889,0.53,1.082191780821918
2025-11-17 21:00:00+00:00,2026-12-18 00:00:00+00:00,AVGO,AVGO261218P00068000,put,False,68.0,0.0,0.0,0.89,342.6499938964844,0.2500075,0.0370259995532744,0.00688749465062872,2.0,198.0,2025-08-11 17:25:17+00:00,2355.578611111111,0.0,1.082191780821918
2025-11-17 21:00:00+00:00,2026-12-18 00:00:00+00:00,AVGO,AVGO261218P00070000,put,False,70.0,0.53,0.76,0.69,342.6499938964844,0.7150907397460937,0.0370259995532744,0.00688749465062872,10.0,720.0,2025-11-05 15:38:38+00:00,293.3561111111111,0.645,1.082191780821918
2025-11-17 21:00:00+00:00,2026-12-18 00:00:00+00:00,AVGO,AVGO261218P00072000,put,False,72.0,0.55,0.85,0.71,342.6499938964844,0.7111845288085938,0.0370259995532744,0.00688749465062872,124.0,90.0,2025-11-17 20:06:15+00:00,0.8958333333333334,0.7,1.082191780821918
2025-11-17 21:00:00+00:00,2026-12-18 00:00:00+00:00,AVGO,AVGO261218P00074000,put,False,74.0,0.63,0.87,1.16,342.6499938964844,0.7060576269531251,0.0370259995532744,0.00688749465062872,12.0,78.0,2025-08-21 17:45:28+00:00,2115.242222222222,0.75,1.082191780821918
2025-11-17 21:00:00+00:00,2026-12-18 00:00:00+00:00,AVGO,AVGO261218P00075000,put,False,75.0,0.0,0.0,1.13,342.6499938964844,0.2500075,0.0370259995532744,0.00688749465062872,25.0,41.0,2025-08-11 13:30:10+00:00,2359.4972222222223,0.0,1.082191780821918
2025-11-17 21:00:00+00:00,2026-12-18 00:00:00+00:00,AVGO,AVGO261218P00076000,put,False,76.0,0.47,0.92,0.82,342.6499938964844,0.6860382958984376,0.0370259995532744,0.00688749465062872,1.0,58.0,2025-11-04 17:56:27+00:00,315.05916666666667,0.6950000000000001,1.082191780821918
2025-11-17 21:00:00+00:00,2026-12-18 00:00:00+00:00,AVGO,AVGO261218P00078000,put,False,78.0,0.69,0.99,0.84,342.6499938964844,0.694338994140625,0.0370259995532744,0.00688749465062872,19.0,115.0,2025-11-05 15:55:19+00:00,293.0780555555556,0.84,1.082191780821918
2025-11-17 21:00:00+00:00,2026-12-18 00:00:00+00:00,AVGO,AVGO261218P00080000,put,False,80.0,0.75,1.04,0.94,342.6499938964844,0.6894562304687502,0.0370259995532744,0.00688749465062872,1.0,170.0,2025-11-04 20:26:32+00:00,312.5577777777778,0.895,1.082191780821918
2025-11-17 21:00:00+00:00,2026-12-18 00:00:00+00:00,AVGO,AVGO261218P00082000,put,False,82.0,1.28,1.48,1.44,342.6499938964844,0.7281521325683593,0.0370259995532744,0.00688749465062872,23.0,61.0,2025-07-15 15:10:41+00:00,3005.8219444444444,1.38,1.082191780821918
2025-11-17 21:00:00+00:00,2026-12-18 00:00:00+00:00,AVGO,AVGO261218P00084000,put,False,84.0,0.86,1.15,1.01,342.6499938964844,0.6794465649414063,0.0370259995532744,0.00688749465062872,1.0,29.0,2025-11-14 17:26:23+00:00,75.56027777777778,1.005,1.082191780821918
2025-11-17 21:00:00+00:00,2026-12-18 00:00:00+00:00,AVGO,AVGO261218P00085000,put,False,85.0,0.9,1.18,0.96,342.6499938964844,0.6774934594726563,0.0370259995532744,0.00688749465062872,10.0,1306.0,2025-11-13 16:20:02+00:00,100.6661111111111,1.04,1.082191780821918
2025-11-17 21:00:00+00:00,2026-12-18 00:00:00+00:00,AVGO,AVGO261218P00086000,put,False,86.0,0.0,0.0,1.52,342.6499938964844,0.2500075,0.0370259995532744,0.00688749465062872,11.0,60.0,2025-08-04 16:31:58+00:00,2524.467222222222,0.0,1.082191780821918
2025-11-17 21:00:00+00:00,2026-12-18 00:00:00+00:00,AVGO,AVGO261218P00088000,put,False,88.0,0.99,1.27,1.1,342.6499938964844,0.6704134521484376,0.0370259995532744,0.00688749465062872,5.0,75.0,2025-11-11 20:02:14+00:00,144.96277777777777,1.13,1.082191780821918
2025-11-17 21:00:00+00:00,2026-12-18 00:00:00+00:00,AVGO,AVGO261218P00090000,put,False,90.0,1.15,1.33,1.15,342.6499938964844,0.6699251757812501,0.0370259995532744,0.00688749465062872,26.0,1369.0,2025-11-17 16:07:07+00:00,4.881388888888889,1.24,1.082191780821918
2025-11-17 21:00:00+00:00,2026-12-18 00:00:00+00:00,AVGO,AVGO261218P00092000,put,False,92.0,1.71,1.88,2.05,342.6499938964844,0.7039824523925782,0.0370259995532744,0.00688749465062872,2.0,602.0,2025-07-08 17:18:20+00:00,3171.6944444444443,1.795,1.082191780821918
2025-11-17 21:00:00+00:00,2026-12-18 00:00:00+00:00,AVGO,AVGO261218P00094000,put,False,94.0,1.77,1.98,2.3,342.6499938964844,0.6986114123535156,0.0370259995532744,0.00688749465062872,2.0,26.0,2025-06-30 14:41:03+00:00,3366.3158333333336,1.875,1.082191780821918
2025-11-17 21:00:00+00:00,2026-12-18 00:00:00+00:00,AVGO,AVGO261218P00095000,put,False,95.0,1.45,1.65,1.49,342.6499938964844,0.6694368994140626,0.0370259995532744,0.00688749465062872,1.0,828.0,2025-09-04 13:38:13+00:00,1783.3630555555555,1.5499999999999998,1.082191780821918
2025-11-17 21:00:00+00:00,2026-12-18 00:00:00+00:00,AVGO,AVGO261218P00096000,put,False,96.0,1.25,1.54,1.53,342.6499938964844,0.6521030883789063,0.0370259995532744,0.00688749465062872,1.0,92.0,2025-11-07 15:44:01+00:00,245.26638888888888,1.395,1.082191780821918
2025-11-17 21:00:00+00:00,2026-12-18 00:00:00+00:00,AVGO,AVGO261218P00098000,put,False,98.0,1.39,1.56,1.93,342.6499938964844,0.6483189465332031,0.0370259995532744,0.00688749465062872,21.0,85.0,2025-10-15 16:33:32+00:00,796.4411111111111,1.475,1.082191780821918
2025-11-17 21:00:00+00:00,2026-12-18 00:00:00+00:00,AVGO,AVGO261218P00100000,put,False,100.0,1.45,1.69,1.65,342.6499938964844,0.6455113574218749,0.0370259995532744,0.00688749465062872,1.0,1056.0,2025-11-14 14:30:12+00:00,78.49666666666667,1.5699999999999998,1.082191780821918
2025-11-17 21:00:00+00:00,2026-12-18 00:00:00+00:00,AVGO,AVGO261218P00102000,put,False,102.0,1.34,1.71,2.3,342.6499938964844,0.6324499645996093,0.0370259995532744,0.00688749465062872,46.0,177.0,2025-10-16 18:03:09+00:00,770.9475,1.525,1.082191780821918
2025-11-17 21:00:00+00:00,2026-12-18 00:00:00+00:00,AVGO,AVGO261218P00104000,put,False,104.0,1.38,1.69,2.37,342.6499938964844,0.6235389208984375,0.0370259995532744,0.00688749465062872,2.0,152.0,2025-08-08 18:47:02+00:00,2426.2161111111113,1.535,1.082191780821918
2025-11-17 21:00:00+00:00,2026-12-18 00:00:00+00:00,AVGO,AVGO261218P00105000,put,False,105.0,1.67,1.84,2.44,342.6499938964844,0.6340368627929689,0.0370259995532744,0.00688749465062872,25.0,243.0,2025-10-16 17:52:03+00:00,771.1325,1.755,1.082191780821918
2025-11-17 21:00:00+00:00,2026-12-18 00:00:00+00:00,AVGO,AVGO261218P00106000,put,False,106.0,1.71,1.88,2.42,342.6499938964844,0.6319616882324219,0.0370259995532744,0.00688749465062872,2.0,70.0,2025-10-15 17:27:56+00:00,795.5344444444445,1.795,1.082191780821918
2025-11-17 21:00:00+00:00,2026-12-18 00:00:00+00:00,AVGO,AVGO261218P00108000,put,False,108.0,1.73,2.03,1.85,342.6499938964844,0.6279334082031252,0.0370259995532744,0.00688749465062872,1.0,88.0,2025-10-30 18:14:22+00:00,434.7605555555556,1.88,1.082191780821918
2025-11-17 21:00:00+00:00,2026-12-18 00:00:00+00:00,AVGO,AVGO261218P00110000,put,False,110.0,1.89,2.07,2.71,342.6499938964844,0.6246375427246094,0.0370259995532744,0.00688749465062872,25.0,372.0,2025-10-16 17:52:03+00:00,771.1325,1.98,1.082191780821918
2025-11-17 21:00:00+00:00,2026-12-18 00:00:00+00:00,AVGO,AVGO261218P00112000,put,False,112.0,1.99,2.16,2.39,342.6499938964844,0.6209754699707033,0.0370259995532744,0.00688749465062872,2.0,282.0,2025-10-13 16:48:00+00:00,844.2,2.075,1.082191780821918
2025-11-17 21:00:00+00:00,2026-12-18 00:00:00+00:00,AVGO,AVGO261218P00114000,put,False,114.0,2.02,2.31,2.45,342.6499938964844,0.6169471899414063,0.0370259995532744,0.00688749465062872,10.0,153.0,2025-11-14 14:34:42+00:00,78.42166666666667,2.165,1.082191780821918
2025-11-17 21:00:00+00:00,2026-12-18 00:00:00+00:00,AVGO,AVGO261218P00115000,put,False,115.0,2.07,2.36,2.16,342.6499938964844,0.6151161535644531,0.0370259995532744,0.00688749465062872,5.0,201.0,2025-11-05 15:02:55+00:00,293.9513888888889,2.215,1.082191780821918
2025-11-17 21:00:00+00:00,2026-12-18 00:00:00+00:00,AVGO,AVGO261218P00116000,put,False,116.0,2.19,2.39,2.6,342.6499938964844,0.6146278771972657,0.0370259995532744,0.00688749465062872,2.0,215.0,2025-10-13 16:28:24+00:00,844.5266666666666,2.29,1.082191780821918
2025-11-17 21:00:00+00:00,2026-12-18 00:00:00+00:00,AVGO,AVGO261218P00118000,put,False,118.0,2.23,2.51,2.38,342.6499938964844,0.6098061480712893,0.0370259995532744,0.00688749465062872,20.0,339.0,2025-11-14 20:12:05+00:00,72.79861111111111,2.37,1.082191780821918
2025-11-17 21:00:00+00:00,2026-12-18 00:00:00+00:00,AVGO,AVGO261218P00120000,put,False,120.0,2.4,2.58,2.8,342.6499938964844,0.6069375244140626,0.0370259995532744,0.00688749465062872,4.0,1043.0,2025-10-13 16:47:19+00:00,844.2113888888889,2.49,1.082191780821918
2025-11-17 21:00:00+00:00,2026-12-18 00:00:00+00:00,AVGO,AVGO261218P00122000,put,False,122.0,2.5,2.7,2.94,342.6499938964844,0.6035195898437502,0.0370259995532744,0.00688749465062872,2.0,238.0,2025-10-13 16:26:34+00:00,844.5572222222222,2.6,1.082191780821918
2025-11-17 21:00:00+00:00,2026-12-18 00:00:00+00:00,AVGO,AVGO261218P00124000,put,False,124.0,3.45,3.75,2.26,342.6499938964844,0.6378820391845703,0.0370259995532744,0.00688749465062872,1.0,156.0,2025-09-10 16:59:29+00:00,1636.0086111111111,3.6,1.082191780821918
2025-11-17 21:00:00+00:00,2026-12-18 00:00:00+00:00,AVGO,AVGO261218P00125000,put,False,125.0,2.79,3.1,2.37,342.6499938964844,0.6060830407714846,0.0370259995532744,0.00688749465062872,13.0,74.0,2025-09-05 15:54:17+00:00,1757.0952777777777,2.9450000000000003,1.082191780821918
2025-11-17 21:00:00+00:00,2026-12-18 00:00:00+00:00,AVGO,AVGO261218P00126000,put,False,126.0,2.67,2.98,3.3,342.6499938964844,0.5964395825195312,0.0370259995532744,0.00688749465062872,5.0,219.0,2025-10-22 19:07:26+00:00,625.8761111111111,2.825,1.082191780821918
2025-11-17 21:00:00+00:00,2026-12-18 00:00:00+00:00,AVGO,AVGO261218P00128000,put,False,128.0,2.79,3.1,2.8,342.6499938964844,0.5931437170410157,0.0370259995532744,0.00688749465062872,1.0,129.0,2025-11-11 16:58:19+00:00,148.02805555555557,2.9450000000000003,1.082191780821918
2025-11-17 21:00:00+00:00,2026-12-18 00:00:00+00:00,AVGO,AVGO261218P00130000,put,False,130.0,2.93,3.25,3.0,342.6499938964844,0.5907633697509767,0.0370259995532744,0.00688749465062872,1.0,810.0,2025-10-31 16:00:33+00:00,412.99083333333334,3.09,1.082191780821918
2025-11-17 21:00:00+00:00,2026-12-18 00:00:00+00:00,AVGO,AVGO261218P00132000,put,False,132.0,3.1,3.35,3.17,342.6499938964844,0.5877726770019531,0.0370259995532744,0.00688749465062872,1.0,132.0,2025-09-24 16:34:38+00:00,1300.4227777777778,3.225,1.082191780821918
2025-11-17 21:00:00+00:00,2026-12-18 00:00:00+00:00,AVGO,AVGO261218P00134000,put,False,134.0,3.2,3.5,3.55,342.6499938964844,0.5843547424316407,0.0370259995532744,0.00688749465062872,2.0,692.0,2025-09-30 18:27:05+00:00,1154.548611111111,3.35,1.082191780821918
2025-11-17 21:00:00+00:00,2026-12-18 00:00:00+00:00,AVGO,AVGO261218P00135000,put,False,135.0,3.25,3.6,3.64,342.6499938964844,0.5830730169677734,0.0370259995532744,0.00688749465062872,6.0,479.0,2025-11-13 19:13:12+00:00,97.78,3.425,1.082191780821918
2025-11-17 21:00:00+00:00,2026-12-18 00:00:00+00:00,AVGO,AVGO261218P00136000,put,False,136.0,3.35,3.6,3.58,342.6499938964844,0.5808147387695313,0.0370259995532744,0.00688749465062872,1.0,559.0,2025-10-09 14:15:28+00:00,942.7422222222223,3.475,1.082191780821918
2025-11-17 21:00:00+00:00,2026-12-18 00:00:00+00:00,AVGO,AVGO261218P00138000,put,False,138.0,3.5,3.75,3.85,342.6499938964844,0.57812921875,0.0370259995532744,0.00688749465062872,1.0,381.0,2025-09-30 14:23:39+00:00,1158.6058333333333,3.625,1.082191780821918
2025-11-17 21:00:00+00:00,2026-12-18 00:00:00+00:00,AVGO,AVGO261218P00140000,put,False,140.0,3.65,3.9,4.1,342.6499938964844,0.5752605950927734,0.0370259995532744,0.00688749465062872,2.0,1334.0,2025-10-13 16:16:28+00:00,844.7255555555555,3.775,1.082191780821918
2025-11-17 21:00:00+00:00,2026-12-18 00:00:00+00:00,AVGO,AVGO261218P00142000,put,False,142.0,3.75,4.1,3.82,342.6499938964844,0.5723309368896485,0.0370259995532744,0.00688749465062872,1.0,663.0,2025-10-31 19:31:03+00:00,409.4825,3.925,1.082191780821918
2025-11-17 21:00:00+00:00,2026-12-18 00:00:00+00:00,AVGO,AVGO261218P00144000,put,False,144.0,3.9,4.25,3.97,342.6499938964844,0.5692792095947266,0.0370259995532744,0.00688749465062872,1.0,501.0,2025-10-31 19:36:28+00:00,409.39222222222224,4.075,1.082191780821918
2025-11-17 21:00:00+00:00,2026-12-18 00:00:00+00:00,AVGO,AVGO261218P00145000,put,False,145.0,4.0,4.35,4.45,342.6499938964844,0.5685467950439453,0.0370259995532744,0.00688749465062872,6.0,832.0,2025-11-13 19:13:11+00:00,97.78027777777778,4.175,1.082191780821918
2025-11-17 21:00:00+00:00,2026-12-18 00:00:00+00:00,AVGO,AVGO261218P00146000,put,False,146.0,4.25,4.6,4.37,342.6499938964844,0.5724530059814454,0.0370259995532744,0.00688749465062872,1.0,140.0,2025-09-04 19:27:51+00:00,1777.5358333333334,4.425,1.082191780821918
2025-11-17 21:00:00+00:00,2026-12-18 00:00:00+00:00,AVGO,AVGO261218P00148000,put,False,148.0,4.25,4.6,4.4,342.6499938964844,0.5644574804687501,0.0370259995532744,0.00688749465062872,1.0,145.0,2025-10-31 15:23:09+00:00,413.6141666666667,4.425,1.082191780821918
2025-11-17 21:00:00+00:00,2026-12-18 00:00:00+00:00,AVGO,AVGO261218P00150000,put,False,150.0,4.45,4.8,5.0,342.6499938964844,0.562626444091797,0.0370259995532744,0.00688749465062872,10.0,441.0,2025-11-14 15:26:55+00:00,77.5513888888889,4.625,1.082191780821918
2025-11-17 21:00:00+00:00,2026-12-18 00:00:00+00:00,AVGO,AVGO261218P00152000,put,False,152.0,4.6,4.95,5.01,342.6499938964844,0.5592085095214845,0.0370259995532744,0.00688749465062872,1.0,538.0,2025-11-13 16:36:56+00:00,100.38444444444444,4.775,1.082191780821918
2025-11-17 21:00:00+00:00,2026-12-18 00:00:00+00:00,AVGO,AVGO261218P00154000,put,False,154.0,4.75,5.15,5.35,342.6499938964844,0.5564009204101563,0.0370259995532744,0.00688749465062872,129.0,177.0,2025-11-07 18:48:42+00:00,242.18833333333333,4.95,1.082191780821918
2025-11-17 21:00:00+00:00,2026-12-18 00:00:00+00:00,AVGO,AVGO261218P00155000,put,False,155.0,4.9,5.25,5.75,342.6499938964844,0.5560041958618166,0.0370259995532744,0.00688749465062872,2.0,129.0,2025-10-22 19:12:25+00:00,625.7930555555556,5.075,1.082191780821918
2025-11-17 21:00:00+00:00,2026-12-18 00:00:00+00:00,AVGO,AVGO261218P00156000,put,False,156.0,18.9,19.25,26.29,342.6499938964844,0.8381669015502929,0.0370259995532744,0.00688749465062872,1.0,111.0,2025-04-09 17:56:43+00:00,5331.054722222222,19.075,1.082191780821918
2025-11-17 21:00:00+00:00,2026-12-18 00:00:00+00:00,AVGO,AVGO261218P00158000,put,False,158.0,5.2,5.55,4.65,342.6499938964844,0.5525557440185547,0.0370259995532744,0.00688749465062872,1.0,505.0,2025-10-29 13:30:04+00:00,463.49888888888887,5.375,1.082191780821918
2025-11-17 21:00:00+00:00,2026-12-18 00:00:00+00:00,AVGO,AVGO261218P00160000,put,False,160.0,5.4,5.75,5.48,342.6499938964844,0.5500533276367189,0.0370259995532744,0.00688749465062872,1.0,701.0,2025-11-17 18:37:40+00:00,2.3722222222222222,5.575,1.082191780821918
2025-11-17 21:00:00+00:00,2026-12-18 00:00:00+00:00,AVGO,AVGO261218P00162000,put,False,162.0,5.65,5.9,5.91,342.6499938964844,0.5474898767089844,0.0370259995532744,0.00688749465062872,1.0,245.0,2025-10-10 14:47:01+00:00,918.2163888888889,5.775,1.082191780821918
2025-11-17 21:00:00+00:00,2026-12-18 00:00:00+00:00,AVGO,AVGO261218P00164000,put,False,164.0,6.05,6.3,4.91,342.6499938964844,0.5497481549072267,0.0370259995532744,0.00688749465062872,1.0,495.0,2025-09-05 18:50:15+00:00,1754.1625,6.175,1.082191780821918
2025-11-17 21:00:00+00:00,2026-12-18 00:00:00+00:00,AVGO,AVGO261218P00165000,put,False,165.0,5.9,6.3,5.67,342.6499938964844,0.5440719421386719,0.0370259995532744,0.00688749465062872,1.0,432.0,2025-11-05 15:37:58+00:00,293.3672222222222,6.1,1.082191780821918
2025-11-17 21:00:00+00:00,2026-12-18 00:00:00+00:00,AVGO,AVGO261218P00166000,put,False,166.0,6.05,6.35,6.25,342.6499938964844,0.5426986648559572,0.0370259995532744,0.00688749465062872,1.0,107.0,2025-09-29 16:27:34+00:00,1180.5405555555556,6.199999999999999,1.082191780821918
2025-11-17 21:00:00+00:00,2026-12-18 00:00:00+00:00,AVGO,AVGO261218P00168000,put,False,168.0,8.75,9.15,9.88,342.6499938964844,0.5951883743286133,0.0370259995532744,0.00688749465062872,5.0,57.0,2025-07-22 17:10:54+00:00,2835.818333333333,8.95,1.082191780821918
2025-11-17 21:00:00+00:00,2026-12-18 00:00:00+00:00,AVGO,AVGO261218P00170000,put,False,170.0,6.55,6.9,6.94,342.6499938964844,0.5397384893798829,0.0370259995532744,0.00688749465062872,1.0,585.0,2025-11-13 19:47:52+00:00,97.20222222222222,6.725,1.082191780821918
2025-11-17 21:00:00+00:00,2026-12-18 00:00:00+00:00,AVGO,AVGO261218P00172000,put,False,172.0,9.45,9.8,12.2,342.6499938964844,0.5923197506713869,0.0370259995532744,0.00688749465062872,2.0,310.0,2025-07-08 19:27:11+00:00,3169.5469444444443,9.625,1.082191780821918
2025-11-17 21:00:00+00:00,2026-12-18 00:00:00+00:00,AVGO,AVGO261218P00174000,put,False,174.0,6.95,7.4,6.7,342.6499938964844,0.5346726220703125,0.0370259995532744,0.00688749465062872,1.0,388.0,2025-11-13 14:34:38+00:00,102.42277777777778,7.175000000000001,1.082191780821918
2025-11-17 21:00:00+00:00,2026-12-18 00:00:00+00:00,AVGO,AVGO261218P00175000,put,False,175.0,7.1,7.5,6.58,342.6499938964844,0.5335740002441407,0.0370259995532744,0.00688749465062872,5.0,168.0,2025-11-10 17:39:48+00:00,171.33666666666667,7.3,1.082191780821918
2025-11-17 21:00:00+00:00,2026-12-18 00:00:00+00:00,AVGO,AVGO261218P00176000,put,False,176.0,7.25,7.55,7.19,342.6499938964844,0.5319871020507813,0.0370259995532744,0.00688749465062872,1.0,149.0,2025-09-24 16:34:38+00:00,1300.4227777777778,7.4,1.082191780821918
2025-11-17 21:00:00+00:00,2026-12-18 00:00:00+00:00,AVGO,AVGO261218P00178000,put,False,178.0,9.65,9.95,6.15,342.6499938964844,0.5716595568847658,0.0370259995532744,0.00688749465062872,6.0,410.0,2025-09-10 19:24:40+00:00,1633.588888888889,9.8,1.082191780821918
2025-11-17 21:00:00+00:00,2026-12-18 00:00:00+00:00,AVGO,AVGO261218P00180000,put,False,180.0,7.8,8.2,8.0,342.6499938964844,0.5293626165771486,0.0370259995532744,0.00688749465062872,2.0,138.0,2025-11-17 14:49:06+00:00,6.181666666666667,8.0,1.082191780821918
2025-11-17 21:00:00+00:00,2026-12-18 00:00:00+00:00,AVGO,AVGO261218P00182000,put,False,182.0,0.0,0.0,10.95,342.6499938964844,0.12500875,0.0370259995532744,0.00688749465062872,13.0,208.0,2025-08-18 16:58:53+00:00,2188.018611111111,0.0,1.082191780821918
2025-11-17 21:00:00+00:00,2026-12-18 00:00:00+00:00,AVGO,AVGO261218P00184000,put,False,184.0,10.65,11.05,6.75,342.6499938964844,0.5670209313964845,0.0370259995532744,0.00688749465062872,6.0,469.0,2025-09-10 15:59:50+00:00,1637.0027777777777,10.850000000000001,1.082191780821918
2025-11-17 21:00:00+00:00,2026-12-18 00:00:00+00:00,AVGO,AVGO261218P00185000,put,False,185.0,8.0,9.15,8.15,342.6499938964844,0.5220995056152342,0.0370259995532744,0.00688749465062872,3.0,125.0,2025-11-10 14:46:19+00:00,174.22805555555556,8.575,1.082191780821918
2025-11-17 21:00:00+00:00,2026-12-18 00:00:00+00:00,AVGO,AVGO261218P00186000,put,False,186.0,8.65,8.95,10.35,342.6499938964844,0.5226182992553711,0.0370259995532744,0.00688749465062872,6.0,10.0,2025-10-16 18:04:13+00:00,770.9297222222223,8.8,1.082191780821918
2025-11-17 21:00:00+00:00,2026-12-18 00:00:00+00:00,AVGO,AVGO261218P00188000,put,False,188.0,8.4,9.6,9.4,342.6499938964844,0.518986743774414,0.0370259995532744,0.00688749465062872,1.0,14.0,2025-11-07 19:53:01+00:00,241.11638888888888,9.0,1.082191780821918
2025-11-17 21:00:00+00:00,2026-12-18 00:00:00+00:00,AVGO,AVGO261218P00190000,put,False,190.0,8.75,9.9,8.55,342.6499938964844,0.5175524319458008,0.0370259995532744,0.00688749465062872,2.0,98.0,2025-10-28 14:12:51+00:00,486.78583333333336,9.325,1.082191780821918
2025-11-17 21:00:00+00:00,2026-12-18 00:00:00+00:00,AVGO,AVGO261218P00192000,put,False,192.0,12.1,12.5,8.1,342.6499938964844,0.5601240277099608,0.0370259995532744,0.00688749465062872,3.0,23.0,2025-09-09 13:45:49+00:00,1663.236388888889,12.3,1.082191780821918
2025-11-17 21:00:00+00:00,2026-12-18 00:00:00+00:00,AVGO,AVGO261218P00194000,put,False,194.0,13.8,14.25,15.82,342.6499938964844,0.5792278405761719,0.0370259995532744,0.00688749465062872,2.0,29.0,2025-07-22 18:24:03+00:00,2834.599166666667,14.025,1.082191780821918
2025-11-17 21:00:00+00:00,2026-12-18 00:00:00+00:00,AVGO,AVGO261218P00195000,put,False,195.0,10.05,10.5,9.1,342.6499938964844,0.5157213955688477,0.0370259995532744,0.00688749465062872,5.0,226.0,2025-10-30 17:29:40+00:00,435.50555555555553,10.275,1.082191780821918
2025-11-17 21:00:00+00:00,2026-12-18 00:00:00+00:00,AVGO,AVGO261218P00196000,put,False,196.0,10.2,10.7,11.2,342.6499938964844,0.5150194982910157,0.0370259995532744,0.00688749465062872,1.0,114.0,2025-11-07 18:56:34+00:00,242.0572222222222,10.45,1.082191780821918
2025-11-17 21:00:00+00:00,2026-12-18 00:00:00+00:00,AVGO,AVGO261218P00198000,put,False,198.0,10.0,11.25,11.45,342.6499938964844,0.5106250109863282,0.0370259995532744,0.00688749465062872,35.0,126.0,2025-10-22 14:22:01+00:00,630.6330555555555,10.625,1.082191780821918
2025-11-17 21:00:00+00:00,2026-12-18 00:00:00+00:00,AVGO,AVGO261218P00200000,put,False,200.0,10.95,11.4,11.25,342.6499938964844,0.5122119091796875,0.0370259995532744,0.00688749465062872,8.0,677.0,2025-11-14 18:01:19+00:00,74.97805555555556,11.175,1.082191780821918
2025-11-17 21:00:00+00:00,2026-12-18 00:00:00+00:00,AVGO,AVGO261218P00205000,put,False,205.0,11.85,12.3,11.8,342.6499938964844,0.5080310427856446,0.0370259995532744,0.00688749465062872,11.0,120.0,2025-11-17 15:42:09+00:00,5.2975,12.075,1.082191780821918
2025-11-17 21:00:00+00:00,2026-12-18 00:00:00+00:00,AVGO,AVGO261218P00210000,put,False,210.0,12.8,13.3,13.75,342.6499938964844,0.5042774182128906,0.0370259995532744,0.00688749465062872,12.0,353.0,2025-11-14 15:19:44+00:00,77.67111111111112,13.05,1.082191780821918
2025-11-17 21:00:00+00:00,2026-12-18 00:00:00+00:00,AVGO,AVGO261218P00215000,put,False,215.0,13.9,14.35,13.87,342.6499938964844,0.5013172427368165,0.0370259995532744,0.00688749465062872,8.0,389.0,2025-11-17 17:40:58+00:00,3.317222222222222,14.125,1.082191780821918
2025-11-17 21:00:00+00:00,2026-12-18 00:00:00+00:00,AVGO,AVGO261218P00220000,put,False,220.0,14.95,15.45,16.05,342.6499938964844,0.5009205181884766,0.0370259995532744,0.00688749465062872,10.0,257.0,2025-11-13 16:34:21+00:00,100.4275,15.2,1.082191780821918
2025-11-17 21:00:00+00:00,2026-12-18 00:00:00+00:00,AVGO,AVGO261218P00225000,put,False,225.0,16.1,16.65,15.9,342.6499938964844,0.4980824118041992,0.0370259995532744,0.00688749465062872,25.0,183.0,2025-11-17 15:22:11+00:00,5.630277777777778,16.375,1.082191780821918
2025-11-17 21:00:00+00:00,2026-12-18 00:00:00+00:00,AVGO,AVGO261218P00230000,put,False,230.0,17.4,17.85,16.25,342.6499938964844,0.4946339599609375,0.0370259995532744,0.00688749465062872,21.0,266.0,2025-11-12 14:58:26+00:00,126.0261111111111,17.625,1.082191780821918
2025-11-17 21:00:00+00:00,2026-12-18 00:00:00+00:00,AVGO,AVGO261218P00235000,put,False,235.0,18.65,19.25,19.87,342.6499938964844,0.4929097340393067,0.0370259995532744,0.00688749465062872,1.0,213.0,2025-11-14 14:46:43+00:00,78.2213888888889,18.95,1.082191780821918
2025-11-17 21:00:00+00:00,2026-12-18 00:00:00+00:00,AVGO,AVGO261218P00240000,put,False,240.0,20.0,20.55,19.75,342.6499938964844,0.489384989013672,0.0370259995532744,0.00688749465062872,5.0,342.0,2025-11-17 15:21:14+00:00,5.646111111111111,20.275,1.082191780821918
2025-11-17 21:00:00+00:00,2026-12-18 00:00:00+00:00,AVGO,AVGO261218P00245000,put,False,245.0,21.4,21.95,21.25,342.6499938964844,0.4864095549011231,0.0370259995532744,0.00688749465062872,300.0,561.0,2025-11-12 14:41:50+00:00,126.30277777777778,21.674999999999997,1.082191780821918
2025-11-17 21:00:00+00:00,2026-12-18 00:00:00+00:00,AVGO,AVGO261218P00250000,put,False,250.0,22.9,23.45,22.22,342.6499938964844,0.48389187988281257,0.0370259995532744,0.00688749465062872,10.0,1726.0,2025-11-17 14:37:23+00:00,6.376944444444445,23.174999999999997,1.082191780821918
2025-11-17 21:00:00+00:00,2026-12-18 00:00:00+00:00,AVGO,AVGO261218P00255000,put,False,255.0,24.55,25.0,24.85,342.6499938964844,0.4813284289550781,0.0370259995532744,0.00688749465062872,108.0,329.0,2025-11-14 18:37:01+00:00,74.38305555555556,24.775,1.082191780821918
2025-11-17 21:00:00+00:00,2026-12-18 00:00:00+00:00,AVGO,AVGO261218P00260000,put,False,260.0,26.2,26.65,26.4,342.6499938964844,0.4791617025756836,0.0370259995532744,0.00688749465062872,54.0,304.0,2025-11-17 19:18:55+00:00,1.6847222222222222,26.424999999999997,1.082191780821918
2025-11-17 21:00:00+00:00,2026-12-18 00:00:00+00:00,AVGO,AVGO261218P00265000,put,False,265.0,27.75,28.35,28.76,342.6499938964844,0.4769034243774414,0.0370259995532744,0.00688749465062872,1.0,364.0,2025-11-14 15:46:45+00:00,77.22083333333333,28.05,1.082191780821918
2025-11-17 21:00:00+00:00,2026-12-18 00:00:00+00:00,AVGO,AVGO261218P00270000,put,False,270.0,29.55,30.55,29.64,342.6499938964844,0.47867342620849607,0.0370259995532744,0.00688749465062872,2.0,400.0,2025-11-14 19:40:07+00:00,73.3313888888889,30.05,1.082191780821918
2025-11-17 21:00:00+00:00,2026-12-18 00:00:00+00:00,AVGO,AVGO261218P00275000,put,False,275.0,31.4,31.95,32.35,342.6499938964844,0.47258523025512694,0.0370259995532744,0.00688749465062872,1.0,508.0,2025-11-17 20:20:18+00:00,0.6616666666666666,31.674999999999997,1.082191780821918
2025-11-17 21:00:00+00:00,2026-12-18 00:00:00+00:00,AVGO,AVGO261218P00280000,put,False,280.0,33.25,33.85,33.85,342.6499938964844,0.4705100556945801,0.0370259995532744,0.00688749465062872,17.0,948.0,2025-11-17 18:46:47+00:00,2.2202777777777776,33.55,1.082191780821918
2025-11-17 21:00:00+00:00,2026-12-18 00:00:00+00:00,AVGO,AVGO261218P00290000,put,False,290.0,37.3,37.85,37.35,342.6499938964844,0.46652755157470704,0.0370259995532744,0.00688749465062872,56.0,783.0,2025-11-14 17:04:29+00:00,75.92527777777778,37.575,1.082191780821918
2025-11-17 21:00:00+00:00,2026-12-18 00:00:00+00:00,AVGO,AVGO261218P00300000,put,False,300.0,41.4,42.1,40.32,342.6499938964844,0.46260608200073244,0.0370259995532744,0.00688749465062872,1.0,1102.0,2025-11-17 16:47:53+00:00,4.201944444444444,41.75,1.082191780821918
2025-11-17 21:00:00+00:00,2026-12-18 00:00:00+00:00,AVGO,AVGO261218P00310000,put,False,310.0,46.0,46.65,48.92,342.6499938964844,0.45914237152099613,0.0370259995532744,0.00688749465062872,1.0,147.0,2025-11-13 18:41:13+00:00,98.31305555555555,46.325,1.082191780821918
2025-11-17 21:00:00+00:00,2026-12-18 00:00:00+00:00,AVGO,AVGO261218P00320000,put,False,320.0,50.7,51.4,52.0,342.6499938964844,0.45537348831176755,0.0370259995532744,0.00688749465062872,1.0,244.0,2025-11-14 19:49:19+00:00,73.17805555555556,51.05,1.082191780821918
2025-11-17 21:00:00+00:00,2026-12-18 00:00:00+00:00,AVGO,AVGO261218P00330000,put,False,330.0,55.65,56.45,54.14,342.6499938964844,0.45206236419677737,0.0370259995532744,0.00688749465062872,8.0,247.0,2025-11-17 17:02:42+00:00,3.955,56.05,1.082191780821918
2025-11-17 21:00:00+00:00,2026-12-18 00:00:00+00:00,AVGO,AVGO261218P00340000,put,False,340.0,60.95,61.75,59.7,342.6499938964844,0.44885805053710937,0.0370259995532744,0.00688749465062872,3.0,278.0,2025-11-14 19:39:21+00:00,73.34416666666667,61.35,1.082191780821918
2025-11-17 21:00:00+00:00,2026-12-18 00:00:00+00:00,AVGO,AVGO261218P00350000,put,True,350.0,66.45,67.35,65.54,342.6499938964844,0.4461572718811035,0.0370259995532744,0.00688749465062872,5.0,386.0,2025-11-17 14:31:02+00:00,6.482777777777778,66.9,1.082191780821918
2025-11-17 21:00:00+00:00,2026-12-18 00:00:00+00:00,AVGO,AVGO261218P00360000,put,True,360.0,72.15,73.0,73.9,342.6499938964844,0.44219002639770505,0.0370259995532744,0.00688749465062872,5.0,79.0,2025-11-13 17:44:00+00:00,99.26666666666667,72.575,1.082191780821918
2025-11-17 21:00:00+00:00,2026-12-18 00:00:00+00:00,AVGO,AVGO261218P00370000,put,True,370.0,78.15,79.0,77.1,342.6499938964844,0.4391535577392578,0.0370259995532744,0.00688749465062872,151.0,452.0,2025-11-14 20:27:28+00:00,72.54222222222222,78.575,1.082191780821918
2025-11-17 21:00:00+00:00,2026-12-18 00:00:00+00:00,AVGO,AVGO261218P00380000,put,True,380.0,84.35,85.2,82.75,342.6499938964844,0.43601027862548825,0.0370259995532744,0.00688749465062872,4.0,87.0,2025-11-13 15:11:26+00:00,101.80944444444444,84.775,1.082191780821918
2025-11-17 21:00:00+00:00,2026-12-18 00:00:00+00:00,AVGO,AVGO261218P00390000,put,True,390.0,90.7,91.6,89.1,342.6499938964844,0.43280596496582036,0.0370259995532744,0.00688749465062872,5.0,417.0,2025-11-13 15:11:26+00:00,101.80944444444444,91.15,1.082191780821918
2025-11-17 21:00:00+00:00,2026-12-18 00:00:00+00:00,AVGO,AVGO261218P00400000,put,True,400.0,97.35,98.25,97.09,342.6499938964844,0.4299525999450684,0.0370259995532744,0.00688749465062872,1.0,122.0,2025-11-14 19:50:25+00:00,73.15972222222223,97.8,1.082191780821918
2025-11-17 21:00:00+00:00,2026-12-18 00:00:00+00:00,AVGO,AVGO261218P00410000,put,True,410.0,104.1,105.05,99.15,342.6499938964844,0.42676354492187507,0.0370259995532744,0.00688749465062872,1.0,42.0,2025-11-11 14:52:26+00:00,150.1261111111111,104.57499999999999,1.082191780821918
2025-11-17 21:00:00+00:00,2026-12-18 00:00:00+00:00,AVGO,AVGO261218P00420000,put,True,420.0,111.1,112.05,105.8,342.6499938964844,0.42365078308105464,0.0370259995532744,0.00688749465062872,34.0,54.0,2025-11-04 20:52:06+00:00,312.13166666666666,111.57499999999999,1.082191780821918
2025-11-17 21:00:00+00:00,2026-12-18 00:00:00+00:00,AVGO,AVGO261218P00430000,put,True,430.0,118.25,119.25,116.35,342.6499938964844,0.4206753489685059,0.0370259995532744,0.00688749465062872,5.0,68.0,2025-11-13 15:11:26+00:00,101.80944444444444,118.75,1.082191780821918
2025-11-17 21:00:00+00:00,2026-12-18 00:00:00+00:00,AVGO,AVGO261218P00440000,put,True,440.0,125.6,126.6,105.02,342.6499938964844,0.4175168112182617,0.0370259995532744,0.00688749465062872,6.0,30.0,2025-10-29 19:23:45+00:00,457.6041666666667,126.1,1.082191780821918
2025-11-17 21:00:00+00:00,2026-12-18 00:00:00+00:00,AVGO,AVGO261218P00450000,put,True,450.0,133.1,134.1,113.4,342.6499938964844,0.4142056871032715,0.0370259995532744,0.00688749465062872,1.0,46.0,2025-10-30 13:33:30+00:00,439.44166666666666,133.6,1.082191780821918
2025-11-17 21:00:00+00:00,2026-12-18 00:00:00+00:00,AVGO,AVGO261218P00470000,put,True,470.0,148.05,149.95,138.7,342.6499938964844,0.4105588729858398,0.0370259995532744,0.00688749465062872,1.0,2.0,2025-10-13 17:03:02+00:00,843.9494444444445,149.0,1.082191780821918
2025-11-17 21:00:00+00:00,2026-12-18 00:00:00+00:00,AVGO,AVGO261218P00480000,put,True,480.0,156.15,158.1,156.2,342.6499938964844,0.4088499057006836,0.0370259995532744,0.00688749465062872,2.0,4.0,2025-09-29 13:32:08+00:00,1183.4644444444446,157.125,1.082191780821918
2025-11-17 21:00:00+00:00,2026-12-18 00:00:00+00:00,AVGO,AVGO261218P00490000,put,True,490.0,164.15,166.25,160.52,342.6499938964844,0.40601179931640624,0.0370259995532744,0.00688749465062872,2.0,126.0,2025-10-08 13:56:35+00:00,967.0569444444444,165.2,1.082191780821918
2025-11-17 21:00:00+00:00,2026-12-18 00:00:00+00:00,AVGO,AVGO261218P00500000,put,True,500.0,172.2,174.75,146.65,342.6499938964844,0.40512679840087884,0.0370259995532744,0.00688749465062872,3.0,3.0,2025-10-29 15:00:49+00:00,461.9863888888889,173.475,1.082191780821918
2025-11-17 21:00:00+00:00,2026-12-18 00:00:00+00:00,AVGO,AVGO261218P00510000,put,True,510.0,180.85,182.9,176.05,342.6499938964844,0.39999989654541024,0.0370259995532744,0.00688749465062872,2.0,5.0,2025-10-13 13:45:54+00:00,847.235,181.875,1.082191780821918
2025-11-17 21:00:00+00:00,2026-12-18 00:00:00+00:00,AVGO,AVGO261218P00520000,put,True,520.0,189.05,191.6,162.45,342.6499938964844,0.39884024017333986,0.0370259995532744,0.00688749465062872,4.0,8.0,2025-10-29 15:52:14+00:00,461.12944444444446,190.325,1.082191780821918
2025-11-17 21:00:00+00:00,2026-12-18 00:00:00+00:00,AVGO,AVGO261218P00530000,put,True,530.0,197.55,200.2,195.62,342.6499938964844,0.3956817024230958,0.0370259995532744,0.00688749465062872,1.0,21.0,2025-10-30 17:47:24+00:00,435.21,198.875,1.082191780821918
2025-11-17 21:00:00+00:00,2026-12-18 00:00:00+00:00,AVGO,AVGO261218P00540000,put,True,540.0,206.45,208.8,181.0,342.6499938964844,0.3913635083007812,0.0370259995532744,0.00688749465062872,,1.0,2025-10-30 18:09:26+00:00,434.84277777777777,207.625,1.082191780821918
2025-11-17 21:00:00+00:00,2026-12-18 00:00:00+00:00,AVGO,AVGO261218P00560000,put,True,560.0,224.05,226.5,229.55,342.6499938964844,0.3846649668884277,0.0370259995532744,0.00688749465062872,18.0,57.0,2025-11-13 20:20:41+00:00,96.65527777777778,225.275,1.082191780821918
2025-11-17 21:00:00+00:00,2026-12-18 00:00:00+00:00,AVGO,AVGO261218P00660000,put,True,660.0,12.5,18.0,12.5,342.6499938964844,1.0000000000000003e-05,0.0370259995532744,0.00688749465062872,1.0,33.0,2024-07-12 19:58:34+00:00,11833.023888888889,15.25,1.082191780821918
2025-11-17 21:00:00+00:00,2026-12-18 00:00:00+00:00,AVGO,AVGO261218P00680000,put,True,680.0,10.0,18.9,14.47,342.6499938964844,1.0000000000000003e-05,0.0370259995532744,0.00688749465062872,10.0,14.0,2024-07-11 16:51:35+00:00,11860.140277777778,14.45,1.082191780821918
2025-11-17 21:00:00+00:00,2026-12-18 00:00:00+00:00,AVGO,AVGO261218P00700000,put,True,700.0,11.0,20.0,15.0,342.6499938964844,1.0000000000000003e-05,0.0370259995532744,0.00688749465062872,4.0,13.0,2024-07-03 15:37:22+00:00,12053.377222222221,15.5,1.082191780821918
2025-11-17 21:00:00+00:00,2026-12-18 00:00:00+00:00,AVGO,AVGO261218P00720000,put,True,720.0,13.0,23.0,16.0,342.6499938964844,1.0000000000000003e-05,0.0370259995532744,0.00688749465062872,1.0,8.0,2024-07-02 19:57:18+00:00,12073.045,18.0,1.082191780821918
2025-11-17 21:00:00+00:00,2026-12-18 00:00:00+00:00,AVGO,AVGO261218P00740000,put,True,740.0,14.0,24.0,19.5,342.6499938964844,1.0000000000000003e-05,0.0370259995532744,0.00688749465062872,2.0,5.0,2024-07-01 15:45:44+00:00,12101.237777777778,19.0,1.082191780821918
2025-11-17 21:00:00+00:00,2026-12-18 00:00:00+00:00,AVGO,AVGO261218P00760000,put,True,760.0,16.0,26.0,20.0,342.6499938964844,1.0000000000000003e-05,0.0370259995532744,0.00688749465062872,1.0,4.0,2024-07-08 17:59:45+00:00,11931.004166666668,21.0,1.082191780821918
2025-11-17 21:00:00+00:00,2026-12-18 00:00:00+00:00,AVGO,AVGO261218P00800000,put,True,800.0,21.0,28.7,28.2,342.6499938964844,1.0000000000000003e-05,0.0370259995532744,0.00688749465062872,1.0,6.0,2024-06-21 18:56:28+00:00,12338.058888888889,24.85,1.082191780821918
2025-11-17 21:00:00+00:00,2026-12-18 00:00:00+00:00,AVGO,AVGO261218P00820000,put,True,820.0,23.0,32.0,32.9,342.6499938964844,1.0000000000000003e-05,0.0370259995532744,0.00688749465062872,1.0,2.0,2024-06-24 14:13:12+00:00,12270.78,27.5,1.082191780821918
2025-11-17 21:00:00+00:00,2026-12-18 00:00:00+00:00,AVGO,AVGO261218P00860000,put,True,860.0,28.0,37.0,36.0,342.6499938964844,1.0000000000000003e-05,0.0370259995532744,0.00688749465062872,,4.0,2024-06-27 17:32:26+00:00,12195.459444444445,32.5,1.082191780821918
2025-11-17 21:00:00+00:00,2026-12-18 00:00:00+00:00,AVGO,AVGO261218P00880000,put,True,880.0,31.0,40.0,42.92,342.6499938964844,1.0000000000000003e-05,0.0370259995532744,0.00688749465062872,4.0,8.0,2024-06-25 16:17:24+00:00,12244.71,35.5,1.082191780821918
2025-11-17 21:00:00+00:00,2026-12-18 00:00:00+00:00,AVGO,AVGO261218P00900000,put,True,900.0,36.5,42.1,37.9,342.6499938964844,1.0000000000000003e-05,0.0370259995532744,0.00688749465062872,10.0,15.0,2024-07-08 14:56:01+00:00,11934.066388888888,39.3,1.082191780821918
2025-11-17 21:00:00+00:00,2026-12-18 00:00:00+00:00,AVGO,AVGO261218P00940000,put,True,940.0,40.0,48.4,45.5,342.6499938964844,1.0000000000000003e-05,0.0370259995532744,0.00688749465062872,2.0,1.0,2024-06-14 16:51:42+00:00,12508.138333333334,44.2,1.082191780821918
2025-11-17 21:00:00+00:00,2026-12-18 00:00:00+00:00,AVGO,AVGO261218P00960000,put,True,960.0,43.0,53.0,58.45,342.6499938964844,1.0000000000000003e-05,0.0370259995532744,0.00688749465062872,,8.0,2024-06-26 16:59:42+00:00,12220.005,48.0,1.082191780821918
2025-11-17 21:00:00+00:00,2026-12-18 00:00:00+00:00,AVGO,AVGO261218P00980000,put,True,980.0,47.0,55.8,52.0,342.6499938964844,1.0000000000000003e-05,0.0370259995532744,0.00688749465062872,1.0,5.0,2024-07-09 17:39:17+00:00,11907.345277777778,51.4,1.082191780821918
2025-11-17 21:00:00+00:00,2026-12-18 00:00:00+00:00,AVGO,AVGO261218P01000000,put,True,1000.0,51.0,59.2,55.35,342.6499938964844,1.0000000000000003e-05,0.0370259995532744,0.00688749465062872,1.0,27.0,2024-07-11 16:18:18+00:00,11860.695,55.1,1.082191780821918
2025-11-17 21:00:00+00:00,2026-12-18 00:00:00+00:00,AVGO,AVGO261218P01020000,put,True,1020.0,55.0,63.5,57.5,342.6499938964844,1.0000000000000003e-05,0.0370259995532744,0.00688749465062872,2.0,0.0,2024-07-08 15:20:53+00:00,11933.651944444444,59.25,1.082191780821918
2025-11-17 21:00:00+00:00,2026-12-18 00:00:00+00:00,AVGO,AVGO261218P01040000,put,True,1040.0,59.0,69.0,70.0,342.6499938964844,1.0000000000000003e-05,0.0370259995532744,0.00688749465062872,,5.0,2024-06-27 19:58:51+00:00,12193.019166666667,64.0,1.082191780821918
2025-11-17 21:00:00+00:00,2026-12-18 00:00:00+00:00,AVGO,AVGO261218P01060000,put,True,1060.0,63.1,72.9,61.1,342.6499938964844,1.0000000000000003e-05,0.0370259995532744,0.00688749465062872,,1.0,2024-06-17 19:00:23+00:00,12433.993611111111,68.0,1.082191780821918
2025-11-17 21:00:00+00:00,2026-12-18 00:00:00+00:00,AVGO,AVGO261218P01080000,put,True,1080.0,68.0,78.0,77.0,342.6499938964844,1.0000000000000003e-05,0.0370259995532744,0.00688749465062872,1.0,3.0,2024-06-28 14:31:48+00:00,12174.47,73.0,1.082191780821918
2025-11-17 21:00:00+00:00,2026-12-18 00:00:00+00:00,AVGO,AVGO261218P01100000,put,True,1100.0,73.0,82.0,75.85,342.6499938964844,1.0000000000000003e-05,0.0370259995532744,0.00688749465062872,4.0,2.0,2024-07-09 15:32:38+00:00,11909.45611111111,77.5,1.082191780821918
2025-11-17 21:00:00+00:00,2026-12-18 00:00:00+00:00,AVGO,AVGO261218P01120000,put,True,1120.0,78.0,87.0,98.9,342.6499938964844,1.0000000000000003e-05,0.0370259995532744,0.00688749465062872,13.0,13.0,2024-06-26 15:37:25+00:00,12221.37638888889,82.5,1.082191780821918
2025-11-17 21:00:00+00:00,2026-12-18 00:00:00+00:00,AVGO,AVGO261218P01140000,put,True,1140.0,83.0,93.0,84.0,342.6499938964844,1.0000000000000003e-05,0.0370259995532744,0.00688749465062872,2.0,10.0,2024-07-08 15:20:53+00:00,11933.651944444444,88.0,1.082191780821918
2025-11-17 21:00:00+00:00,2026-12-18 00:00:00+00:00,AVGO,AVGO261218P01160000,put,True,1160.0,88.0,98.0,113.4,342.6499938964844,1.0000000000000003e-05,0.0370259995532744,0.00688749465062872,2.0,9.0,2024-06-26 16:53:55+00:00,12220.101388888888,93.0,1.082191780821918
2025-11-17 21:00:00+00:00,2026-12-18 00:00:00+00:00,AVGO,AVGO261218P01180000,put,True,1180.0,94.0,102.3,99.5,342.6499938964844,1.0000000000000003e-05,0.0370259995532744,0.00688749465062872,1.0,28.0,2024-07-11 14:36:55+00:00,11862.384722222223,98.15,1.082191780821918
2025-11-17 21:00:00+00:00,2026-12-18 00:00:00+00:00,AVGO,AVGO261218P01200000,put,True,1200.0,100.0,109.0,97.5,342.6499938964844,1.0000000000000003e-05,0.0370259995532744,0.00688749465062872,21.0,41.0,2024-07-10 19:52:40+00:00,11881.122222222222,104.5,1.082191780821918
2025-11-17 21:00:00+00:00,2026-12-18 00:00:00+00:00,AVGO,AVGO261218P01220000,put,True,1220.0,103.0,117.9,110.21,342.6499938964844,1.0000000000000003e-05,0.0370259995532744,0.00688749465062872,20.0,18.0,2024-07-09 17:29:30+00:00,11907.508333333333,110.45,1.082191780821918
2025-11-17 21:00:00+00:00,2026-12-18 00:00:00+00:00,AVGO,AVGO261218P01240000,put,True,1240.0,109.0,124.0,108.28,342.6499938964844,1.0000000000000003e-05,0.0370259995532744,0.00688749465062872,20.0,20.0,2024-07-10 18:48:14+00:00,11882.19611111111,116.5,1.082191780821918
2025-11-17 21:00:00+00:00,2026-12-18 00:00:00+00:00,AVGO,AVGO261218P01260000,put,True,1260.0,115.0,131.0,113.35,342.6499938964844,1.0000000000000003e-05,0.0370259995532744,0.00688749465062872,50.0,44.0,2024-07-10 19:18:45+00:00,11881.6875,123.0,1.082191780821918
2025-11-17 21:00:00+00:00,2026-12-18 00:00:00+00:00,AVGO,AVGO261218P01280000,put,True,1280.0,122.0,137.0,118.95,342.6499938964844,1.0000000000000003e-05,0.0370259995532744,0.00688749465062872,31.0,17.0,2024-07-10 19:18:45+00:00,11881.6875,129.5,1.082191780821918
2025-11-17 21:00:00+00:00,2026-12-18 00:00:00+00:00,AVGO,AVGO261218P01300000,put,True,1300.0,129.1,144.0,132.0,342.6499938964844,1.0000000000000003e-05,0.0370259995532744,0.00688749465062872,1.0,31.0,2024-07-05 16:37:57+00:00,12004.3675,136.55,1.082191780821918
2025-11-17 21:00:00+00:00,2026-12-18 00:00:00+00:00,AVGO,AVGO261218P01320000,put,True,1320.0,136.0,151.0,133.59,342.6499938964844,1.0000000000000003e-05,0.0370259995532744,0.00688749465062872,20.0,20.0,2024-07-10 18:33:25+00:00,11882.443055555555,143.5,1.082191780821918
2025-11-17 21:00:00+00:00,2026-12-18 00:00:00+00:00,AVGO,AVGO261218P01340000,put,True,1340.0,143.0,157.9,139.68,342.6499938964844,1.0000000000000003e-05,0.0370259995532744,0.00688749465062872,20.0,43.0,2024-07-10 18:33:25+00:00,11882.443055555555,150.45,1.082191780821918
2025-11-17 21:00:00+00:00,2026-12-18 00:00:00+00:00,AVGO,AVGO261218P01360000,put,True,1360.0,150.1,161.2,150.0,342.6499938964844,1.0000000000000003e-05,0.0370259995532744,0.00688749465062872,5.0,42.0,2024-07-11 13:38:10+00:00,11863.363888888889,155.64999999999998,1.082191780821918
2025-11-17 21:00:00+00:00,2026-12-18 00:00:00+00:00,AVGO,AVGO261218P01380000,put,True,1380.0,158.0,168.6,156.16,342.6499938964844,1.0000000000000003e-05,0.0370259995532744,0.00688749465062872,20.0,59.0,2024-07-10 19:43:59+00:00,11881.266944444444,163.3,1.082191780821918
2025-11-17 21:00:00+00:00,2026-12-18 00:00:00+00:00,AVGO,AVGO261218P01400000,put,True,1400.0,165.0,176.3,176.7,342.6499938964844,1.0000000000000003e-05,0.0370259995532744,0.00688749465062872,1.0,54.0,2024-07-11 13:30:03+00:00,11863.499166666666,170.65,1.082191780821918
2025-11-17 21:00:00+00:00,2026-12-18 00:00:00+00:00,AVGO,AVGO261218P01420000,put,True,1420.0,173.0,184.0,173.49,342.6499938964844,1.0000000000000003e-05,0.0370259995532744,0.00688749465062872,20.0,38.0,2024-07-03 16:47:03+00:00,12052.215833333334,178.5,1.082191780821918
2025-11-17 21:00:00+00:00,2026-12-18 00:00:00+00:00,AVGO,AVGO261218P01440000,put,True,1440.0,181.0,196.0,180.0,342.6499938964844,1.0000000000000003e-05,0.0370259995532744,0.00688749465062872,8.0,66.0,2024-07-05 13:50:52+00:00,12007.152222222223,188.5,1.082191780821918
2025-11-17 21:00:00+00:00,2026-12-18 00:00:00+00:00,AVGO,AVGO261218P01460000,put,True,1460.0,189.0,203.9,228.5,342.6499938964844,1.0000000000000003e-05,0.0370259995532744,0.00688749465062872,2.0,7.0,2024-06-26 17:18:03+00:00,12219.699166666667,196.45,1.082191780821918
2025-11-17 21:00:00+00:00,2026-12-18 00:00:00+00:00,AVGO,AVGO261218P01480000,put,True,1480.0,198.0,213.0,201.0,342.6499938964844,1.0000000000000003e-05,0.0370259995532744,0.00688749465062872,5.0,32.0,2024-07-05 15:20:22+00:00,12005.660555555556,205.5,1.082191780821918
2025-11-17 21:00:00+00:00,2026-12-18 00:00:00+00:00,AVGO,AVGO261218P01500000,put,True,1500.0,206.1,217.5,215.4,342.6499938964844,1.0000000000000003e-05,0.0370259995532744,0.00688749465062872,1.0,33.0,2024-07-11 16:24:18+00:00,11860.595,211.8,1.082191780821918
2025-11-17 21:00:00+00:00,2026-12-18 00:00:00+00:00,AVGO,AVGO261218P01520000,put,True,1520.0,214.0,232.0,212.36,342.6499938964844,1.0000000000000003e-05,0.0370259995532744,0.00688749465062872,1.0,34.0,2024-07-10 16:15:09+00:00,11884.7475,223.0,1.082191780821918
2025-11-17 21:00:00+00:00,2026-12-18 00:00:00+00:00,AVGO,AVGO261218P01540000,put,True,1540.0,222.0,235.5,267.7,342.6499938964844,1.0000000000000003e-05,0.0370259995532744,0.00688749465062872,2.0,27.0,2024-06-26 17:15:13+00:00,12219.746388888889,228.75,1.082191780821918
2025-11-17 21:00:00+00:00,2026-12-18 00:00:00+00:00,AVGO,AVGO261218P01560000,put,True,1560.0,232.0,244.6,239.25,342.6499938964844,1.0000000000000003e-05,0.0370259995532744,0.00688749465062872,1.0,9.0,2024-07-12 19:50:41+00:00,11833.155277777778,238.3,1.082191780821918
2025-11-17 21:00:00+00:00,2026-12-18 00:00:00+00:00,AVGO,AVGO261218P01580000,put,True,1580.0,242.0,253.7,290.05,342.6499938964844,1.0000000000000003e-05,0.0370259995532744,0.00688749465062872,1.0,41.0,2024-06-25 14:26:44+00:00,12246.554444444444,247.85,1.082191780821918
2025-11-17 21:00:00+00:00,2026-12-18 00:00:00+00:00,AVGO,AVGO261218P01600000,put,True,1600.0,250.0,263.5,267.01,342.6499938964844,1.0000000000000003e-05,0.0370259995532744,0.00688749465062872,2.0,17.0,2024-07-11 18:24:49+00:00,11858.586388888889,256.75,1.082191780821918
2025-11-17 21:00:00+00:00,2026-12-18 00:00:00+00:00,AVGO,AVGO261218P01620000,put,True,1620.0,260.0,273.4,267.0,342.6499938964844,1.0000000000000003e-05,0.0370259995532744,0.00688749465062872,1.0,15.0,2024-07-12 19:37:50+00:00,11833.369444444445,266.7,1.082191780821918
2025-11-17 21:00:00+00:00,2026-12-18 00:00:00+00:00,AVGO,AVGO261218P01640000,put,True,1640.0,270.0,283.2,291.52,342.6499938964844,1.0000000000000003e-05,0.0370259995532744,0.00688749465062872,10.0,42.0,2024-07-11 18:12:44+00:00,11858.787777777778,276.6,1.082191780821918
2025-11-17 21:00:00+00:00,2026-12-18 00:00:00+00:00,AVGO,AVGO261218P01660000,put,True,1660.0,280.0,297.6,323.82,342.6499938964844,1.0000000000000003e-05,0.0370259995532744,0.00688749465062872,,1.0,2024-06-26 14:23:49+00:00,12222.603055555555,288.8,1.082191780821918
2025-11-17 21:00:00+00:00,2026-12-18 00:00:00+00:00,AVGO,AVGO261218P01700000,put,True,1700.0,302.0,314.1,310.15,342.6499938964844,1.0000000000000003e-05,0.0370259995532744,0.00688749465062872,2.0,31.0,2024-07-11 19:59:05+00:00,11857.015277777778,308.05,1.082191780821918
2025-11-17 21:00:00+00:00,2026-12-18 00:00:00+00:00,AVGO,AVGO261218P01720000,put,True,1720.0,312.0,325.0,315.0,342.6499938964844,1.0000000000000003e-05,0.0370259995532744,0.00688749465062872,1.0,2.0,2024-06-26 18:37:43+00:00,12218.371388888889,318.5,1.082191780821918
2025-11-17 21:00:00+00:00,2026-12-18 00:00:00+00:00,AVGO,AVGO261218P01740000,put,True,1740.0,322.0,335.5,330.0,342.6499938964844,1.0000000000000003e-05,0.0370259995532744,0.00688749465062872,1.0,46.0,2024-07-12 14:05:07+00:00,11838.914722222222,328.75,1.082191780821918
2025-11-17 21:00:00+00:00,2026-12-18 00:00:00+00:00,AVGO,AVGO261218P01760000,put,True,1760.0,334.0,346.6,330.0,342.6499938964844,1.0000000000000003e-05,0.0370259995532744,0.00688749465062872,,10.0,2024-07-03 16:19:09+00:00,12052.680833333334,340.3,1.082191780821918
2025-11-17 21:00:00+00:00,2026-12-18 00:00:00+00:00,AVGO,AVGO261218P01780000,put,True,1780.0,344.0,358.2,344.0,342.6499938964844,1.0000000000000003e-05,0.0370259995532744,0.00688749465062872,1.0,1.0,2024-07-03 15:06:06+00:00,12053.898333333333,351.1,1.082191780821918
2025-11-17 21:00:00+00:00,2026-12-18 00:00:00+00:00,AVGO,AVGO261218P01800000,put,True,1800.0,358.1,372.1,353.0,342.6499938964844,1.0000000000000003e-05,0.0370259995532744,0.00688749465062872,1.0,2.0,2024-07-08 19:13:53+00:00,11929.76861111111,365.1,1.082191780821918
2025-11-17 21:00:00+00:00,2026-12-18 00:00:00+00:00,AVGO,AVGO261218P01820000,put,True,1820.0,368.0,383.9,355.0,342.6499938964844,1.0000000000000003e-05,0.0370259995532744,0.00688749465062872,1.0,9.0,2024-07-09 13:48:39+00:00,11911.189166666667,375.95,1.082191780821918
2025-11-17 21:00:00+00:00,2026-12-18 00:00:00+00:00,AVGO,AVGO261218P01840000,put,True,1840.0,380.1,393.8,374.0,342.6499938964844,1.0000000000000003e-05,0.0370259995532744,0.00688749465062872,,2.0,2024-06-18 14:00:15+00:00,12414.995833333332,386.95000000000005,1.082191780821918
2025-11-17 21:00:00+00:00,2026-12-18 00:00:00+00:00,AVGO,AVGO261218P01900000,put,True,1900.0,416.0,433.3,385.16,342.6499938964844,1.0000000000000003e-05,0.0370259995532744,0.00688749465062872,,1.0,2024-06-18 13:30:07+00:00,12415.498055555556,424.65,1.082191780821918
2025-11-17 21:00:00+00:00,2026-12-18 00:00:00+00:00,AVGO,AVGO261218P01920000,put,True,1920.0,428.0,445.7,434.7,342.6499938964844,1.0000000000000003e-05,0.0370259995532744,0.00688749465062872,2.0,2.0,2024-06-13 14:25:19+00:00,12534.578055555556,436.85,1.082191780821918
2025-11-17 21:00:00+00:00,2026-12-18 00:00:00+00:00,AVGO,AVGO261218P02000000,put,True,2000.0,478.0,497.5,480.0,342.6499938964844,1.0000000000000003e-05,0.0370259995532744,0.00688749465062872,1.0,10.0,2024-07-11 13:52:34+00:00,11863.12388888889,487.75,1.082191780821918
2025-11-17 21:00:00+00:00,2026-12-18 00:00:00+00:00,AVGO,AVGO261218P02200000,put,True,2200.0,616.0,636.0,672.0,342.6499938964844,1.0000000000000003e-05,0.0370259995532744,0.00688749465062872,,1.0,2024-07-01 13:32:18+00:00,12103.461666666666,626.0,1.082191780821918
2025-11-17 21:00:00+00:00,2027-01-15 00:00:00+00:00,AVGO,AVGO270115C00070000,call,True,70.0,272.85,277.5,307.7,342.6499938964844,0.8724377990722656,0.0370259995532744,0.00688749465062872,52.0,115.0,2025-10-29 13:30:11+00:00,463.49694444444447,275.175,1.158904109589041
2025-11-17 21:00:00+00:00,2027-01-15 00:00:00+00:00,AVGO,AVGO270115C00075000,call,True,75.0,268.2,272.5,284.85,342.6499938964844,0.8464370825195311,0.0370259995532744,0.00688749465062872,5.0,98.0,2025-10-24 16:05:34+00:00,580.9072222222222,270.35,1.158904109589041
2025-11-17 21:00:00+00:00,2027-01-15 00:00:00+00:00,AVGO,AVGO270115C00080000,call,True,80.0,255.8,259.7,217.18,342.6499938964844,1.0000000000000003e-05,0.0370259995532744,0.00688749465062872,20.0,21.0,2025-08-29 16:32:06+00:00,1924.465,257.75,1.158904109589041
2025-11-17 21:00:00+00:00,2027-01-15 00:00:00+00:00,AVGO,AVGO270115C00085000,call,True,85.0,258.75,263.5,276.32,342.6499938964844,0.8212908496093749,0.0370259995532744,0.00688749465062872,1.0,201.0,2025-11-11 18:06:37+00:00,146.88972222222222,261.125,1.158904109589041
2025-11-17 21:00:00+00:00,2027-01-15 00:00:00+00:00,AVGO,AVGO270115C00090000,call,True,90.0,254.3,258.5,258.7,342.6499938964844,0.8023701403808592,0.0370259995532744,0.00688749465062872,1.0,84.0,2025-10-08 19:54:55+00:00,961.0847222222222,256.4,1.158904109589041
2025-11-17 21:00:00+00:00,2027-01-15 00:00:00+00:00,AVGO,AVGO270115C00095000,call,True,95.0,249.7,254.0,238.0,342.6499938964844,0.7916280603027344,0.0370259995532744,0.00688749465062872,15.0,37.0,2025-10-07 15:41:13+00:00,989.3130555555556,251.85,1.158904109589041
2025-11-17 21:00:00+00:00,2027-01-15 00:00:00+00:00,AVGO,AVGO270115C00100000,call,True,100.0,245.35,249.3,258.25,342.6499938964844,0.7811911529541016,0.0370259995532744,0.00688749465062872,5.0,603.0,2025-11-04 19:54:46+00:00,313.08722222222224,247.325,1.158904109589041
2025-11-17 21:00:00+00:00,2027-01-15 00:00:00+00:00,AVGO,AVGO270115C00105000,call,True,105.0,223.35,227.4,250.85,342.6499938964844,1.0000000000000003e-05,0.0370259995532744,0.00688749465062872,1.0,27.0,2025-09-08 14:03:19+00:00,1686.9447222222223,225.375,1.158904109589041
2025-11-17 21:00:00+00:00,2027-01-15 00:00:00+00:00,AVGO,AVGO270115C00110000,call,True,110.0,232.3,236.15,228.32,342.6499938964844,0.5777630114746093,0.0370259995532744,0.00688749465062872,1.0,249.0,2025-09-05 19:31:55+00:00,1753.4680555555556,234.22500000000002,1.158904109589041
2025-11-17 21:00:00+00:00,2027-01-15 00:00:00+00:00,AVGO,AVGO270115C00115000,call,True,115.0,239.25,242.75,239.0,342.6499938964844,0.9416204568481444,0.0370259995532744,0.00688749465062872,1.0,42.0,2025-09-17 14:52:19+00:00,1470.1280555555556,241.0,1.158904109589041
2025-11-17 21:00:00+00:00,2027-01-15 00:00:00+00:00,AVGO,AVGO270115C00120000,call,True,120.0,227.05,230.5,221.1,342.6499938964844,0.7210721252441408,0.0370259995532744,0.00688749465062872,1.0,550.0,2025-09-26 19:56:49+00:00,1249.0530555555556,228.775,1.158904109589041
2025-11-17 21:00:00+00:00,2027-01-15 00:00:00+00:00,AVGO,AVGO270115C00125000,call,True,125.0,222.5,226.7,235.07,342.6499938964844,0.7196683306884766,0.0370259995532744,0.00688749465062872,4.0,266.0,2025-10-24 13:30:11+00:00,583.4969444444445,224.6,1.158904109589041
2025-11-17 21:00:00+00:00,2027-01-15 00:00:00+00:00,AVGO,AVGO270115C00130000,call,True,130.0,217.95,221.85,230.0,342.6499938964844,0.7028227960205078,0.0370259995532744,0.00688749465062872,9.0,55.0,2025-10-24 14:06:57+00:00,582.8841666666667,219.89999999999998,1.158904109589041
2025-11-17 21:00:00+00:00,2027-01-15 00:00:00+00:00,AVGO,AVGO270115C00135000,call,True,135.0,167.15,170.05,164.49,342.6499938964844,1.0000000000000003e-05,0.0370259995532744,0.00688749465062872,1.0,56.0,2025-07-21 14:51:33+00:00,2862.1408333333334,168.60000000000002,1.158904109589041
2025-11-17 21:00:00+00:00,2027-01-15 00:00:00+00:00,AVGO,AVGO270115C00140000,call,True,140.0,209.15,213.45,205.05,342.6499938964844,0.6894867477416994,0.0370259995532744,0.00688749465062872,100.0,200.0,2025-10-22 16:32:12+00:00,628.4633333333334,211.3,1.158904109589041
2025-11-17 21:00:00+00:00,2027-01-15 00:00:00+00:00,AVGO,AVGO270115C00145000,call,True,145.0,201.2,204.75,205.0,342.6499938964844,0.582889913330078,0.0370259995532744,0.00688749465062872,2.0,30.0,2025-09-05 13:45:53+00:00,1759.2352777777778,202.975,1.158904109589041
2025-11-17 21:00:00+00:00,2027-01-15 00:00:00+00:00,AVGO,AVGO270115C00150000,call,True,150.0,200.9,204.4,198.57,342.6499938964844,0.6727327648925783,0.0370259995532744,0.00688749465062872,1.0,855.0,2025-11-13 16:06:18+00:00,100.895,202.65,1.158904109589041
2025-11-17 21:00:00+00:00,2027-01-15 00:00:00+00:00,AVGO,AVGO270115C00155000,call,True,155.0,196.5,199.4,212.0,342.6499938964844,0.6562839547729493,0.0370259995532744,0.00688749465062872,1.0,162.0,2025-11-11 18:28:43+00:00,146.52138888888888,197.95,1.158904109589041
2025-11-17 21:00:00+00:00,2027-01-15 00:00:00+00:00,AVGO,AVGO270115C00160000,call,True,160.0,192.15,195.4,190.42,342.6499938964844,0.6502720520019531,0.0370259995532744,0.00688749465062872,2.0,384.0,2025-11-13 16:05:32+00:00,100.90777777777778,193.775,1.158904109589041
2025-11-17 21:00:00+00:00,2027-01-15 00:00:00+00:00,AVGO,AVGO270115C00165000,call,True,165.0,188.05,191.75,203.4,342.6499938964844,0.649142912902832,0.0370259995532744,0.00688749465062872,1.0,192.0,2025-11-11 17:31:16+00:00,147.4788888888889,189.9,1.158904109589041
2025-11-17 21:00:00+00:00,2027-01-15 00:00:00+00:00,AVGO,AVGO270115C00170000,call,True,170.0,183.95,187.05,189.0,342.6499938964844,0.6380346255493164,0.0370259995532744,0.00688749465062872,1.0,231.0,2025-11-17 18:46:51+00:00,2.2191666666666667,185.5,1.158904109589041
2025-11-17 21:00:00+00:00,2027-01-15 00:00:00+00:00,AVGO,AVGO270115C00175000,call,True,175.0,180.3,182.9,195.2,342.6499938964844,0.6350439328002931,0.0370259995532744,0.00688749465062872,1.0,263.0,2025-11-06 17:21:13+00:00,267.6463888888889,181.60000000000002,1.158904109589041
2025-11-17 21:00:00+00:00,2027-01-15 00:00:00+00:00,AVGO,AVGO270115C00180000,call,True,180.0,176.25,179.75,186.0,342.6499938964844,0.6359899682617188,0.0370259995532744,0.00688749465062872,1.0,508.0,2025-11-17 14:54:01+00:00,6.099722222222222,178.0,1.158904109589041
2025-11-17 21:00:00+00:00,2027-01-15 00:00:00+00:00,AVGO,AVGO270115C00185000,call,True,185.0,172.25,174.85,184.73,342.6499938964844,0.6232337481689454,0.0370259995532744,0.00688749465062872,1.0,244.0,2025-11-11 20:09:06+00:00,144.84833333333333,173.55,1.158904109589041
2025-11-17 21:00:00+00:00,2027-01-15 00:00:00+00:00,AVGO,AVGO270115C00190000,call,True,190.0,168.25,170.85,167.46,342.6499938964844,0.617038741760254,0.0370259995532744,0.00688749465062872,30.0,835.0,2025-11-17 20:03:55+00:00,0.9347222222222222,169.55,1.158904109589041
2025-11-17 21:00:00+00:00,2027-01-15 00:00:00+00:00,AVGO,AVGO270115C00195000,call,True,195.0,164.35,166.95,200.99,342.6499938964844,0.6118202880859377,0.0370259995532744,0.00688749465062872,7.0,821.0,2025-10-29 16:23:39+00:00,460.60583333333335,165.64999999999998,1.158904109589041
2025-11-17 21:00:00+00:00,2027-01-15 00:00:00+00:00,AVGO,AVGO270115C00200000,call,True,200.0,160.7,163.2,161.91,342.6499938964844,0.6087685607910158,0.0370259995532744,0.00688749465062872,13.0,1570.0,2025-11-17 20:59:54+00:00,0.0016666666666666668,161.95,1.158904109589041
2025-11-17 21:00:00+00:00,2027-01-15 00:00:00+00:00,AVGO,AVGO270115C00210000,call,True,210.0,152.95,155.5,151.03,342.6499938964844,0.5969888934326173,0.0370259995532744,0.00688749465062872,1.0,745.0,2025-11-13 20:32:44+00:00,96.45444444444445,154.225,1.158904109589041
2025-11-17 21:00:00+00:00,2027-01-15 00:00:00+00:00,AVGO,AVGO270115C00220000,call,True,220.0,145.6,148.1,147.2,342.6499938964844,0.5877726770019531,0.0370259995532744,0.00688749465062872,5.0,1278.0,2025-11-14 18:06:19+00:00,74.89472222222223,146.85,1.158904109589041
2025-11-17 21:00:00+00:00,2027-01-15 00:00:00+00:00,AVGO,AVGO270115C00230000,call,True,230.0,138.55,140.75,132.35,342.6499938964844,0.5788158573913573,0.0370259995532744,0.00688749465062872,2.0,703.0,2025-11-14 14:37:30+00:00,78.375,139.65,1.158904109589041
2025-11-17 21:00:00+00:00,2027-01-15 00:00:00+00:00,AVGO,AVGO270115C00240000,call,True,240.0,131.75,134.5,134.84,342.6499938964844,0.575077491455078,0.0370259995532744,0.00688749465062872,3.0,1773.0,2025-11-14 17:23:21+00:00,75.61083333333333,133.125,1.158904109589041
2025-11-17 21:00:00+00:00,2027-01-15 00:00:00+00:00,AVGO,AVGO270115C00250000,call,True,250.0,125.2,128.25,127.3,342.6499938964844,0.5704693832397462,0.0370259995532744,0.00688749465062872,41.0,2384.0,2025-11-17 14:50:12+00:00,6.163333333333333,126.725,1.158904109589041
2025-11-17 21:00:00+00:00,2027-01-15 00:00:00+00:00,AVGO,AVGO270115C00260000,call,True,260.0,119.2,120.85,123.65,342.6499938964844,0.5612989427185058,0.0370259995532744,0.00688749465062872,1.0,1033.0,2025-11-14 16:38:03+00:00,76.36583333333333,120.025,1.158904109589041
2025-11-17 21:00:00+00:00,2027-01-15 00:00:00+00:00,AVGO,AVGO270115C00270000,call,True,270.0,112.85,115.05,116.47,342.6499938964844,0.556217816772461,0.0370259995532744,0.00688749465062872,2.0,1393.0,2025-11-17 17:19:03+00:00,3.6825,113.94999999999999,1.158904109589041
2025-11-17 21:00:00+00:00,2027-01-15 00:00:00+00:00,AVGO,AVGO270115C00280000,call,True,280.0,107.3,109.05,108.0,342.6499938964844,0.5520064331054688,0.0370259995532744,0.00688749465062872,1.0,562.0,2025-11-14 15:41:52+00:00,77.30222222222223,108.175,1.158904109589041
2025-11-17 21:00:00+00:00,2027-01-15 00:00:00+00:00,AVGO,AVGO270115C00290000,call,True,290.0,101.4,103.55,103.3,342.6499938964844,0.5467879794311524,0.0370259995532744,0.00688749465062872,1.0,486.0,2025-11-17 19:12:15+00:00,1.7958333333333334,102.475,1.158904109589041
2025-11-17 21:00:00+00:00,2027-01-15 00:00:00+00:00,AVGO,AVGO270115C00300000,call,True,300.0,95.7,97.95,95.44,342.6499938964844,0.5404709039306643,0.0370259995532744,0.00688749465062872,40.0,2480.0,2025-11-17 20:38:17+00:00,0.36194444444444446,96.825,1.158904109589041
2025-11-17 21:00:00+00:00,2027-01-15 00:00:00+00:00,AVGO,AVGO270115C00310000,call,True,310.0,90.9,92.8,93.03,342.6499938964844,0.5379227116394043,0.0370259995532744,0.00688749465062872,38.0,600.0,2025-11-17 15:30:06+00:00,5.498333333333333,91.85,1.158904109589041
2025-11-17 21:00:00+00:00,2027-01-15 00:00:00+00:00,AVGO,AVGO270115C00320000,call,True,320.0,86.15,88.55,89.53,342.6499938964844,0.5373734007263185,0.0370259995532744,0.00688749465062872,7.0,734.0,2025-11-17 15:40:56+00:00,5.317777777777778,87.35,1.158904109589041
2025-11-17 21:00:00+00:00,2027-01-15 00:00:00+00:00,AVGO,AVGO270115C00330000,call,True,330.0,81.55,83.15,85.2,342.6499938964844,0.5316971879577637,0.0370259995532744,0.00688749465062872,6.0,1055.0,2025-11-17 16:38:49+00:00,4.353055555555556,82.35,1.158904109589041
2025-11-17 21:00:00+00:00,2027-01-15 00:00:00+00:00,AVGO,AVGO270115C00340000,call,True,340.0,77.3,78.9,78.4,342.6499938964844,0.5300950311279298,0.0370259995532744,0.00688749465062872,12.0,1863.0,2025-11-17 19:13:36+00:00,1.7733333333333334,78.1,1.158904109589041
2025-11-17 21:00:00+00:00,2027-01-15 00:00:00+00:00,AVGO,AVGO270115C00350000,call,False,350.0,72.9,74.65,73.19,342.6499938964844,0.5266313206481934,0.0370259995532744,0.00688749465062872,262.0,1686.0,2025-11-17 20:49:01+00:00,0.18305555555555555,73.775,1.158904109589041
2025-11-17 21:00:00+00:00,2027-01-15 00:00:00+00:00,AVGO,AVGO270115C00360000,call,False,360.0,69.35,70.95,68.95,342.6499938964844,0.5267839070129396,0.0370259995532744,0.00688749465062872,11.0,2092.0,2025-11-17 16:42:00+00:00,4.3,70.15,1.158904109589041
2025-11-17 21:00:00+00:00,2027-01-15 00:00:00+00:00,AVGO,AVGO270115C00370000,call,False,370.0,65.9,66.6,66.55,342.6499938964844,0.5237932142639161,0.0370259995532744,0.00688749465062872,5.0,4424.0,2025-11-17 14:44:17+00:00,6.2619444444444445,66.25,1.158904109589041
2025-11-17 21:00:00+00:00,2027-01-15 00:00:00+00:00,AVGO,AVGO270115C00380000,call,False,380.0,62.35,63.1,63.65,342.6499938964844,0.5222063160705566,0.0370259995532744,0.00688749465062872,16.0,800.0,2025-11-17 18:17:57+00:00,2.700833333333333,62.725,1.158904109589041
2025-11-17 21:00:00+00:00,2027-01-15 00:00:00+00:00,AVGO,AVGO270115C00390000,call,False,390.0,58.95,59.65,59.17,342.6499938964844,0.5201845467376709,0.0370259995532744,0.00688749465062872,16.0,209.0,2025-11-14 20:35:11+00:00,72.41361111111111,59.3,1.158904109589041
2025-11-17 21:00:00+00:00,2027-01-15 00:00:00+00:00,AVGO,AVGO270115C00400000,call,False,400.0,55.75,56.5,56.95,342.6499938964844,0.5187731228637695,0.0370259995532744,0.00688749465062872,13.0,2300.0,2025-11-17 18:17:57+00:00,2.700833333333333,56.125,1.158904109589041
2025-11-17 21:00:00+00:00,2027-01-15 00:00:00+00:00,AVGO,AVGO270115C00410000,call,False,410.0,52.7,53.4,52.6,342.6499938964844,0.5170183796691896,0.0370259995532744,0.00688749465062872,33.0,488.0,2025-11-17 19:45:13+00:00,1.246388888888889,53.05,1.158904109589041
2025-11-17 21:00:00+00:00,2027-01-15 00:00:00+00:00,AVGO,AVGO270115C00420000,call,False,420.0,49.8,50.5,49.27,342.6499938964844,0.5154391107940673,0.0370259995532744,0.00688749465062872,11.0,1520.0,2025-11-17 17:51:49+00:00,3.136388888888889,50.15,1.158904109589041
2025-11-17 21:00:00+00:00,2027-01-15 00:00:00+00:00,AVGO,AVGO270115C00430000,call,False,430.0,47.1,47.85,49.38,342.6499938964844,0.5144396701049804,0.0370259995532744,0.00688749465062872,5.0,219.0,2025-11-17 15:14:47+00:00,5.753611111111111,47.475,1.158904109589041
2025-11-17 21:00:00+00:00,2027-01-15 00:00:00+00:00,AVGO,AVGO270115C00440000,call,False,440.0,44.55,45.25,45.5,342.6499938964844,0.5132189791870116,0.0370259995532744,0.00688749465062872,1.0,312.0,2025-11-14 19:56:03+00:00,73.06583333333333,44.9,1.158904109589041
2025-11-17 21:00:00+00:00,2027-01-15 00:00:00+00:00,AVGO,AVGO270115C00450000,call,False,450.0,42.15,42.85,41.5,342.6499938964844,0.5123034609985352,0.0370259995532744,0.00688749465062872,39.0,2063.0,2025-11-17 18:44:04+00:00,2.2655555555555558,42.5,1.158904109589041
2025-11-17 21:00:00+00:00,2027-01-15 00:00:00+00:00,AVGO,AVGO270115C00460000,call,False,460.0,39.85,40.55,41.34,342.6499938964844,0.511250615081787,0.0370259995532744,0.00688749465062872,1.0,354.0,2025-11-14 15:43:41+00:00,77.27194444444444,40.2,1.158904109589041
2025-11-17 21:00:00+00:00,2027-01-15 00:00:00+00:00,AVGO,AVGO270115C00470000,call,False,470.0,37.7,38.4,35.75,342.6499938964844,0.5104266487121583,0.0370259995532744,0.00688749465062872,1.0,172.0,2025-11-14 15:19:01+00:00,77.68305555555555,38.05,1.158904109589041
2025-11-17 21:00:00+00:00,2027-01-15 00:00:00+00:00,AVGO,AVGO270115C00480000,call,False,480.0,35.65,36.3,35.0,342.6499938964844,0.5093585441589354,0.0370259995532744,0.00688749465062872,3.0,532.0,2025-11-17 20:38:07+00:00,0.3647222222222222,35.974999999999994,1.158904109589041
2025-11-17 21:00:00+00:00,2027-01-15 00:00:00+00:00,AVGO,AVGO270115C00490000,call,False,490.0,33.75,34.5,35.44,342.6499938964844,0.5091449232482912,0.0370259995532744,0.00688749465062872,1.0,128.0,2025-11-17 15:12:15+00:00,5.795833333333333,34.125,1.158904109589041
2025-11-17 21:00:00+00:00,2027-01-15 00:00:00+00:00,AVGO,AVGO270115C00500000,call,False,500.0,31.95,32.65,31.53,342.6499938964844,0.5083972500610351,0.0370259995532744,0.00688749465062872,25.0,410.0,2025-11-17 19:58:44+00:00,1.021111111111111,32.3,1.158904109589041
2025-11-17 21:00:00+00:00,2027-01-15 00:00:00+00:00,AVGO,AVGO270115C00510000,call,False,510.0,30.25,30.9,30.93,342.6499938964844,0.5076953527832031,0.0370259995532744,0.00688749465062872,15.0,137.0,2025-11-14 17:50:11+00:00,75.16361111111111,30.575,1.158904109589041
2025-11-17 21:00:00+00:00,2027-01-15 00:00:00+00:00,AVGO,AVGO270115C00520000,call,False,520.0,28.7,29.35,29.5,342.6499938964844,0.5076495768737792,0.0370259995532744,0.00688749465062872,2.0,152.0,2025-11-14 15:43:38+00:00,77.27277777777778,29.025,1.158904109589041
2025-11-17 21:00:00+00:00,2027-01-15 00:00:00+00:00,AVGO,AVGO270115C00530000,call,False,530.0,27.2,27.85,27.29,342.6499938964844,0.5073444041442872,0.0370259995532744,0.00688749465062872,8.0,1095.0,2025-11-14 19:14:37+00:00,73.75638888888889,27.525,1.158904109589041
2025-11-17 21:00:00+00:00,2027-01-15 00:00:00+00:00,AVGO,AVGO270115C00540000,call,False,540.0,25.75,26.45,25.65,342.6499938964844,0.5070239727783203,0.0370259995532744,0.00688749465062872,6.0,60.0,2025-11-14 20:23:45+00:00,72.60416666666667,26.1,1.158904109589041
2025-11-17 21:00:00+00:00,2027-01-15 00:00:00+00:00,AVGO,AVGO270115C00560000,call,False,560.0,23.2,23.85,24.05,342.6499938964844,0.5067950932312011,0.0370259995532744,0.00688749465062872,9.0,156.0,2025-11-17 16:27:45+00:00,4.5375,23.525,1.158904109589041
2025-11-17 21:00:00+00:00,2027-01-15 00:00:00+00:00,AVGO,AVGO270115P00070000,put,False,70.0,0.64,0.9,0.81,342.6499938964844,0.7094755615234375,0.0370259995532744,0.00688749465062872,10.0,1144.0,2025-11-13 16:23:44+00:00,100.60444444444444,0.77,1.158904109589041
2025-11-17 21:00:00+00:00,2027-01-15 00:00:00+00:00,AVGO,AVGO270115P00075000,put,False,75.0,0.77,1.09,1.35,342.6499938964844,0.6992217578125001,0.0370259995532744,0.00688749465062872,6.0,53.0,2025-10-17 15:16:25+00:00,749.7263888888889,0.93,1.158904109589041
2025-11-17 21:00:00+00:00,2027-01-15 00:00:00+00:00,AVGO,AVGO270115P00080000,put,False,80.0,0.92,1.23,1.27,342.6499938964844,0.6860382958984376,0.0370259995532744,0.00688749465062872,1.0,120.0,2025-10-30 13:30:06+00:00,439.49833333333333,1.075,1.158904109589041
2025-11-17 21:00:00+00:00,2027-01-15 00:00:00+00:00,AVGO,AVGO270115P00085000,put,False,85.0,1.08,1.39,1.15,342.6499938964844,0.6737093176269533,0.0370259995532744,0.00688749465062872,10.0,2406.0,2025-11-13 16:20:02+00:00,100.6661111111111,1.2349999999999999,1.158904109589041
2025-11-17 21:00:00+00:00,2027-01-15 00:00:00+00:00,AVGO,AVGO270115P00090000,put,False,90.0,1.25,1.55,1.35,342.6499938964844,0.6611362011718751,0.0370259995532744,0.00688749465062872,24.0,1351.0,2025-11-17 16:07:07+00:00,4.881388888888889,1.4,1.158904109589041
2025-11-17 21:00:00+00:00,2027-01-15 00:00:00+00:00,AVGO,AVGO270115P00095000,put,False,95.0,1.44,1.75,1.8,342.6499938964844,0.65039412109375,0.0370259995532744,0.00688749465062872,100.0,1813.0,2025-10-23 19:40:19+00:00,601.3280555555556,1.595,1.158904109589041
2025-11-17 21:00:00+00:00,2027-01-15 00:00:00+00:00,AVGO,AVGO270115P00100000,put,False,100.0,1.65,1.96,1.77,342.6499938964844,0.6398961791992188,0.0370259995532744,0.00688749465062872,12.0,497.0,2025-11-17 15:55:53+00:00,5.068611111111111,1.805,1.158904109589041
2025-11-17 21:00:00+00:00,2027-01-15 00:00:00+00:00,AVGO,AVGO270115P00105000,put,False,105.0,1.88,2.16,2.38,342.6499938964844,0.6291540991210938,0.0370259995532744,0.00688749465062872,1.0,325.0,2025-10-20 15:19:10+00:00,677.6805555555555,2.02,1.158904109589041
2025-11-17 21:00:00+00:00,2027-01-15 00:00:00+00:00,AVGO,AVGO270115P00110000,put,False,110.0,2.18,2.39,2.78,342.6499938964844,0.6207313317871095,0.0370259995532744,0.00688749465062872,2.0,385.0,2025-10-16 14:16:14+00:00,774.7294444444444,2.285,1.158904109589041
2025-11-17 21:00:00+00:00,2027-01-15 00:00:00+00:00,AVGO,AVGO270115P00115000,put,False,115.0,2.38,2.69,2.32,342.6499938964844,0.6107216662597659,0.0370259995532744,0.00688749465062872,2.0,1761.0,2025-11-12 20:50:04+00:00,120.16555555555556,2.535,1.158904109589041
2025-11-17 21:00:00+00:00,2027-01-15 00:00:00+00:00,AVGO,AVGO270115P00120000,put,False,120.0,2.65,2.97,3.01,342.6499938964844,0.6013833807373048,0.0370259995532744,0.00688749465062872,1.0,359.0,2025-11-07 18:17:21+00:00,242.71083333333334,2.81,1.158904109589041
2025-11-17 21:00:00+00:00,2027-01-15 00:00:00+00:00,AVGO,AVGO270115P00125000,put,False,125.0,2.96,3.3,3.07,342.6499938964844,0.5934488897705079,0.0370259995532744,0.00688749465062872,1.0,850.0,2025-11-03 18:37:44+00:00,338.37111111111113,3.13,1.158904109589041
2025-11-17 21:00:00+00:00,2027-01-15 00:00:00+00:00,AVGO,AVGO270115P00130000,put,False,130.0,3.35,3.65,3.25,342.6499938964844,0.5867961242675781,0.0370259995532744,0.00688749465062872,1.0,885.0,2025-11-10 19:23:24+00:00,169.61,3.5,1.158904109589041
2025-11-17 21:00:00+00:00,2027-01-15 00:00:00+00:00,AVGO,AVGO270115P00135000,put,False,135.0,3.7,4.0,3.85,342.6499938964844,0.5786174951171875,0.0370259995532744,0.00688749465062872,5.0,1445.0,2025-11-14 20:31:12+00:00,72.48,3.85,1.158904109589041
2025-11-17 21:00:00+00:00,2027-01-15 00:00:00+00:00,AVGO,AVGO270115P00140000,put,False,140.0,4.1,4.4,4.3,342.6499938964844,0.5715985223388673,0.0370259995532744,0.00688749465062872,1.0,1593.0,2025-11-14 16:17:10+00:00,76.71388888888889,4.25,1.158904109589041
2025-11-17 21:00:00+00:00,2027-01-15 00:00:00+00:00,AVGO,AVGO270115P00145000,put,False,145.0,4.5,4.75,4.5,342.6499938964844,0.5631757550048828,0.0370259995532744,0.00688749465062872,5.0,574.0,2025-10-01 17:15:35+00:00,1131.7402777777777,4.625,1.158904109589041
2025-11-17 21:00:00+00:00,2027-01-15 00:00:00+00:00,AVGO,AVGO270115P00150000,put,False,150.0,5.0,5.3,5.25,342.6499938964844,0.5585371295166017,0.0370259995532744,0.00688749465062872,1.0,1750.0,2025-11-17 19:59:58+00:00,1.0005555555555556,5.15,1.158904109589041
2025-11-17 21:00:00+00:00,2027-01-15 00:00:00+00:00,AVGO,AVGO270115P00155000,put,False,155.0,5.45,5.8,5.35,342.6499938964844,0.5517928121948242,0.0370259995532744,0.00688749465062872,5.0,793.0,2025-11-17 14:52:27+00:00,6.1258333333333335,5.625,1.158904109589041
2025-11-17 21:00:00+00:00,2027-01-15 00:00:00+00:00,AVGO,AVGO270115P00160000,put,False,160.0,5.95,6.35,6.9,342.6499938964844,0.5456893576049805,0.0370259995532744,0.00688749465062872,3.0,2004.0,2025-11-07 17:08:54+00:00,243.85166666666666,6.15,1.158904109589041
2025-11-17 21:00:00+00:00,2027-01-15 00:00:00+00:00,AVGO,AVGO270115P00165000,put,False,165.0,6.5,6.85,7.75,342.6499938964844,0.5390060748291017,0.0370259995532744,0.00688749465062872,4.0,467.0,2025-10-16 17:03:49+00:00,771.9363888888889,6.675,1.158904109589041
2025-11-17 21:00:00+00:00,2027-01-15 00:00:00+00:00,AVGO,AVGO270115P00170000,put,False,170.0,7.15,7.55,6.97,342.6499938964844,0.5350388293457031,0.0370259995532744,0.00688749465062872,4.0,1099.0,2025-11-17 17:07:34+00:00,3.8738888888888887,7.35,1.158904109589041
2025-11-17 21:00:00+00:00,2027-01-15 00:00:00+00:00,AVGO,AVGO270115P00175000,put,False,175.0,7.8,8.2,7.95,342.6499938964844,0.5297593411254884,0.0370259995532744,0.00688749465062872,9.0,1704.0,2025-11-14 19:32:34+00:00,73.45722222222223,8.0,1.158904109589041
2025-11-17 21:00:00+00:00,2027-01-15 00:00:00+00:00,AVGO,AVGO270115P00180000,put,False,180.0,8.55,8.9,9.05,342.6499938964844,0.5253343365478516,0.0370259995532744,0.00688749465062872,105.0,1486.0,2025-11-13 19:26:12+00:00,97.56333333333333,8.725000000000001,1.158904109589041
2025-11-17 21:00:00+00:00,2027-01-15 00:00:00+00:00,AVGO,AVGO270115P00185000,put,False,185.0,9.3,9.7,9.89,342.6499938964844,0.52109243560791,0.0370259995532744,0.00688749465062872,1.0,678.0,2025-11-07 16:03:06+00:00,244.94833333333332,9.5,1.158904109589041
2025-11-17 21:00:00+00:00,2027-01-15 00:00:00+00:00,AVGO,AVGO270115P00190000,put,False,190.0,10.1,10.5,9.58,342.6499938964844,0.5166369137573242,0.0370259995532744,0.00688749465062872,2.0,1129.0,2025-11-14 16:42:39+00:00,76.28916666666667,10.3,1.158904109589041
2025-11-17 21:00:00+00:00,2027-01-15 00:00:00+00:00,AVGO,AVGO270115P00195000,put,False,195.0,10.85,11.45,9.89,342.6499938964844,0.5123644955444336,0.0370259995532744,0.00688749465062872,2.0,1568.0,2025-11-10 20:31:27+00:00,168.47583333333333,11.149999999999999,1.158904109589041
2025-11-17 21:00:00+00:00,2027-01-15 00:00:00+00:00,AVGO,AVGO270115P00200000,put,False,200.0,11.85,12.3,12.0,342.6499938964844,0.5086413882446289,0.0370259995532744,0.00688749465062872,16.0,3057.0,2025-11-14 20:28:32+00:00,72.52444444444444,12.075,1.158904109589041
2025-11-17 21:00:00+00:00,2027-01-15 00:00:00+00:00,AVGO,AVGO270115P00210000,put,False,210.0,13.8,14.3,14.8,342.6499938964844,0.5010731045532227,0.0370259995532744,0.00688749465062872,5.0,885.0,2025-11-14 15:01:40+00:00,77.97222222222223,14.05,1.158904109589041
2025-11-17 21:00:00+00:00,2027-01-15 00:00:00+00:00,AVGO,AVGO270115P00220000,put,False,220.0,16.05,16.55,17.1,342.6499938964844,0.4978077563476563,0.0370259995532744,0.00688749465062872,2.0,2344.0,2025-11-13 16:30:14+00:00,100.4961111111111,16.3,1.158904109589041
2025-11-17 21:00:00+00:00,2027-01-15 00:00:00+00:00,AVGO,AVGO270115P00230000,put,False,230.0,18.55,19.05,19.3,342.6499938964844,0.4917958535766602,0.0370259995532744,0.00688749465062872,1.0,758.0,2025-11-14 16:05:06+00:00,76.915,18.8,1.158904109589041
2025-11-17 21:00:00+00:00,2027-01-15 00:00:00+00:00,AVGO,AVGO270115P00240000,put,False,240.0,21.3,21.8,21.15,342.6499938964844,0.48625696853637695,0.0370259995532744,0.00688749465062872,10.0,1134.0,2025-11-17 16:25:12+00:00,4.58,21.55,1.158904109589041
2025-11-17 21:00:00+00:00,2027-01-15 00:00:00+00:00,AVGO,AVGO270115P00250000,put,False,250.0,24.3,24.8,23.9,342.6499938964844,0.4810690321350098,0.0370259995532744,0.00688749465062872,10.0,2093.0,2025-11-13 18:25:24+00:00,98.57666666666667,24.55,1.158904109589041
2025-11-17 21:00:00+00:00,2027-01-15 00:00:00+00:00,AVGO,AVGO270115P00260000,put,False,260.0,27.5,28.1,27.74,342.6499938964844,0.47661351028442384,0.0370259995532744,0.00688749465062872,1.0,995.0,2025-11-14 16:28:46+00:00,76.52055555555556,27.8,1.158904109589041
2025-11-17 21:00:00+00:00,2027-01-15 00:00:00+00:00,AVGO,AVGO270115P00270000,put,False,270.0,31.05,31.6,32.8,342.6499938964844,0.47188333297729496,0.0370259995532744,0.00688749465062872,36.0,2307.0,2025-11-14 15:08:39+00:00,77.85583333333334,31.325000000000003,1.158904109589041
2025-11-17 21:00:00+00:00,2027-01-15 00:00:00+00:00,AVGO,AVGO270115P00280000,put,False,280.0,34.8,35.4,36.78,342.6499938964844,0.46774824249267577,0.0370259995532744,0.00688749465062872,20.0,554.0,2025-11-13 16:30:40+00:00,100.4888888888889,35.099999999999994,1.158904109589041
2025-11-17 21:00:00+00:00,2027-01-15 00:00:00+00:00,AVGO,AVGO270115P00290000,put,False,290.0,38.75,39.45,39.27,342.6499938964844,0.4637504797363281,0.0370259995532744,0.00688749465062872,600.0,403.0,2025-11-17 19:31:31+00:00,1.4747222222222223,39.1,1.158904109589041
2025-11-17 21:00:00+00:00,2027-01-15 00:00:00+00:00,AVGO,AVGO270115P00300000,put,False,300.0,43.05,43.8,44.0,342.6499938964844,0.4602715106201172,0.0370259995532744,0.00688749465062872,23.0,1792.0,2025-11-17 15:50:59+00:00,5.150277777777778,43.425,1.158904109589041
2025-11-17 21:00:00+00:00,2027-01-15 00:00:00+00:00,AVGO,AVGO270115P00310000,put,False,310.0,47.7,48.35,47.5,342.6499938964844,0.4565026274108887,0.0370259995532744,0.00688749465062872,2.0,318.0,2025-11-14 19:53:42+00:00,73.105,48.025000000000006,1.158904109589041
2025-11-17 21:00:00+00:00,2027-01-15 00:00:00+00:00,AVGO,AVGO270115P00320000,put,False,320.0,52.5,53.15,52.6,342.6499938964844,0.45287107192993165,0.0370259995532744,0.00688749465062872,1.0,1338.0,2025-11-17 18:59:02+00:00,2.016111111111111,52.825,1.158904109589041
2025-11-17 21:00:00+00:00,2027-01-15 00:00:00+00:00,AVGO,AVGO270115P00330000,put,False,330.0,57.4,58.2,57.42,342.6499938964844,0.4493768441772461,0.0370259995532744,0.00688749465062872,28.0,1786.0,2025-11-14 17:47:40+00:00,75.20555555555555,57.8,1.158904109589041
2025-11-17 21:00:00+00:00,2027-01-15 00:00:00+00:00,AVGO,AVGO270115P00340000,put,False,340.0,62.75,63.5,64.05,342.6499938964844,0.44606572006225587,0.0370259995532744,0.00688749465062872,31.0,510.0,2025-11-17 20:40:47+00:00,0.3202777777777778,63.125,1.158904109589041
2025-11-17 21:00:00+00:00,2027-01-15 00:00:00+00:00,AVGO,AVGO270115P00350000,put,True,350.0,68.2,69.05,68.56,342.6499938964844,0.4429224409484864,0.0370259995532744,0.00688749465062872,5.0,485.0,2025-11-14 20:42:25+00:00,72.29305555555555,68.625,1.158904109589041
2025-11-17 21:00:00+00:00,2027-01-15 00:00:00+00:00,AVGO,AVGO270115P00360000,put,True,360.0,73.9,74.8,73.93,342.6499938964844,0.43967235137939453,0.0370259995532744,0.00688749465062872,24.0,441.0,2025-11-14 19:23:38+00:00,73.6061111111111,74.35,1.158904109589041
2025-11-17 21:00:00+00:00,2027-01-15 00:00:00+00:00,AVGO,AVGO270115P00370000,put,True,370.0,79.85,80.75,82.1,342.6499938964844,0.4363154513549804,0.0370259995532744,0.00688749465062872,22.0,659.0,2025-11-14 15:45:27+00:00,77.2425,80.3,1.158904109589041
2025-11-17 21:00:00+00:00,2027-01-15 00:00:00+00:00,AVGO,AVGO270115P00380000,put,True,380.0,86.1,86.95,89.25,342.6499938964844,0.43326372406005864,0.0370259995532744,0.00688749465062872,4.0,522.0,2025-11-13 20:10:55+00:00,96.81805555555556,86.525,1.158904109589041
2025-11-17 21:00:00+00:00,2027-01-15 00:00:00+00:00,AVGO,AVGO270115P00390000,put,True,390.0,92.35,93.3,96.3,342.6499938964844,0.42984578948974617,0.0370259995532744,0.00688749465062872,1.0,30.0,2025-11-13 16:19:10+00:00,100.68055555555556,92.82499999999999,1.158904109589041
2025-11-17 21:00:00+00:00,2027-01-15 00:00:00+00:00,AVGO,AVGO270115P00400000,put,True,400.0,98.95,99.9,93.12,342.6499938964844,0.4267940621948243,0.0370259995532744,0.00688749465062872,20.0,68.0,2025-11-11 16:38:37+00:00,148.3563888888889,99.42500000000001,1.158904109589041
2025-11-17 21:00:00+00:00,2027-01-15 00:00:00+00:00,AVGO,AVGO270115P00410000,put,True,410.0,105.7,106.7,99.2,342.6499938964844,0.4238186280822754,0.0370259995532744,0.00688749465062872,13.0,22.0,2025-11-11 19:49:52+00:00,145.1688888888889,106.2,1.158904109589041
2025-11-17 21:00:00+00:00,2027-01-15 00:00:00+00:00,AVGO,AVGO270115P00420000,put,True,420.0,112.65,113.65,114.77,342.6499938964844,0.4205990557861329,0.0370259995532744,0.00688749465062872,6.0,28.0,2025-11-13 16:04:33+00:00,100.92416666666666,113.15,1.158904109589041
2025-11-17 21:00:00+00:00,2027-01-15 00:00:00+00:00,AVGO,AVGO270115P00430000,put,True,430.0,119.75,120.75,102.64,342.6499938964844,0.4171887505340576,0.0370259995532744,0.00688749465062872,4.0,35.0,2025-10-28 19:22:32+00:00,481.62444444444446,120.25,1.158904109589041
2025-11-17 21:00:00+00:00,2027-01-15 00:00:00+00:00,AVGO,AVGO270115P00440000,put,True,440.0,127.05,128.1,126.6,342.6499938964844,0.41432775619506834,0.0370259995532744,0.00688749465062872,2.0,6.0,2025-11-14 17:22:12+00:00,75.63,127.57499999999999,1.158904109589041
2025-11-17 21:00:00+00:00,2027-01-15 00:00:00+00:00,AVGO,AVGO270115P00450000,put,True,450.0,134.5,135.55,125.55,342.6499938964844,0.4110013734436035,0.0370259995532744,0.00688749465062872,1.0,63.0,2025-11-10 15:50:45+00:00,173.15416666666667,135.025,1.158904109589041
2025-11-17 21:00:00+00:00,2027-01-15 00:00:00+00:00,AVGO,AVGO270115P00460000,put,True,460.0,142.15,143.15,124.1,342.6499938964844,0.40759869750976563,0.0370259995532744,0.00688749465062872,1.0,14.0,2025-10-31 13:59:45+00:00,415.00416666666666,142.65,1.158904109589041
2025-11-17 21:00:00+00:00,2027-01-15 00:00:00+00:00,AVGO,AVGO270115P00480000,put,True,480.0,157.6,159.4,142.6,342.6499938964844,0.40549300567626956,0.0370259995532744,0.00688749465062872,8.0,6.0,2025-10-31 16:53:11+00:00,412.1136111111111,158.5,1.158904109589041
2025-11-17 21:00:00+00:00,2027-01-15 00:00:00+00:00,AVGO,AVGO270115P00490000,put,True,490.0,165.6,167.6,141.27,342.6499938964844,0.4035093829345704,0.0370259995532744,0.00688749465062872,1.0,7.0,2025-10-29 14:10:59+00:00,462.81694444444446,166.6,1.158904109589041
2025-11-17 21:00:00+00:00,2027-01-15 00:00:00+00:00,AVGO,AVGO270115P00500000,put,True,500.0,173.2,175.55,172.34,342.6499938964844,0.39836722244262696,0.0370259995532744,0.00688749465062872,2.0,1.0,2025-10-02 19:18:31+00:00,1105.691388888889,174.375,1.158904109589041
2025-11-17 21:00:00+00:00,2027-01-15 00:00:00+00:00,AVGO,AVGO270115P00510000,put,True,510.0,182.05,184.25,173.35,342.6499938964844,0.3985503260803223,0.0370259995532744,0.00688749465062872,1.0,4.0,2025-11-11 19:58:28+00:00,145.02555555555554,183.15,1.158904109589041
2025-11-17 21:00:00+00:00,2027-01-15 00:00:00+00:00,AVGO,AVGO270115P00520000,put,True,520.0,190.5,192.75,196.62,342.6499938964844,0.396063168334961,0.0370259995532744,0.00688749465062872,1.0,2.0,2025-11-13 16:24:57+00:00,100.58416666666666,191.625,1.158904109589041
2025-11-17 21:00:00+00:00,2027-01-15 00:00:00+00:00,AVGO,AVGO270115P00530000,put,True,530.0,198.95,201.3,201.9,342.6499938964844,0.39301144104003904,0.0370259995532744,0.00688749465062872,1.0,17.0,2025-11-11 19:58:28+00:00,145.02555555555554,200.125,1.158904109589041
2025-11-17 21:00:00+00:00,2027-01-15 00:00:00+00:00,AVGO,AVGO270115P00560000,put,True,560.0,225.2,227.95,228.31,342.6499938964844,0.38794557373046873,0.0370259995532744,0.00688749465062872,1.0,17.0,2025-11-10 15:51:09+00:00,173.1475,226.575,1.158904109589041
2025-11-17 21:00:00+00:00,2027-06-17 00:00:00+00:00,AVGO,AVGO270617C00090000,call,True,90.0,255.7,260.0,260.02,342.6499938964844,0.7426783544921874,0.0370259995532744,0.00688749465062872,1.0,46.0,2025-11-13 14:52:02+00:00,102.13277777777778,257.85,1.5780821917808219
2025-11-17 21:00:00+00:00,2027-06-17 00:00:00+00:00,AVGO,AVGO270617C00095000,call,True,95.0,251.55,255.5,255.62,342.6499938964844,0.73633076171875,0.0370259995532744,0.00688749465062872,1.0,21.0,2025-11-13 14:52:02+00:00,102.13277777777778,253.525,1.5780821917808219
2025-11-17 21:00:00+00:00,2027-06-17 00:00:00+00:00,AVGO,AVGO270617C00100000,call,True,100.0,246.9,251.3,252.85,342.6499938964844,0.7260159234619141,0.0370259995532744,0.00688749465062872,21.0,43.0,2025-11-07 20:06:15+00:00,240.89583333333334,249.10000000000002,1.5780821917808219
2025-11-17 21:00:00+00:00,2027-06-17 00:00:00+00:00,AVGO,AVGO270617C00120000,call,True,120.0,225.55,229.15,231.4,342.6499938964844,0.5781902532958985,0.0370259995532744,0.00688749465062872,1.0,7.0,2025-09-05 13:51:36+00:00,1759.14,227.35000000000002,1.5780821917808219
2025-11-17 21:00:00+00:00,2027-06-17 00:00:00+00:00,AVGO,AVGO270617C00125000,call,True,125.0,225.65,229.3,268.35,342.6499938964844,0.681491222229004,0.0370259995532744,0.00688749465062872,2.0,1.0,2025-10-29 19:43:22+00:00,457.27722222222224,227.47500000000002,1.5780821917808219
2025-11-17 21:00:00+00:00,2027-06-17 00:00:00+00:00,AVGO,AVGO270617C00130000,call,True,130.0,216.95,220.55,215.59,342.6499938964844,0.5749554223632812,0.0370259995532744,0.00688749465062872,10.0,12.0,2025-09-05 14:26:05+00:00,1758.5652777777777,218.75,1.5780821917808219
2025-11-17 21:00:00+00:00,2027-06-17 00:00:00+00:00,AVGO,AVGO270617C00135000,call,True,135.0,217.35,221.35,245.6,342.6499938964844,0.6715731085205079,0.0370259995532744,0.00688749465062872,3.0,5.0,2025-10-28 17:24:00+00:00,483.6,219.35,1.5780821917808219
2025-11-17 21:00:00+00:00,2027-06-17 00:00:00+00:00,AVGO,AVGO270617C00140000,call,True,140.0,203.6,205.7,181.99,342.6499938964844,0.4536797796630859,0.0370259995532744,0.00688749465062872,2.0,32.0,2025-08-07 13:55:22+00:00,2455.077222222222,204.64999999999998,1.5780821917808219
2025-11-17 21:00:00+00:00,2027-06-17 00:00:00+00:00,AVGO,AVGO270617C00145000,call,True,145.0,161.6,165.3,135.8,342.6499938964844,1.0000000000000003e-05,0.0370259995532744,0.00688749465062872,2.0,4.0,2025-06-24 14:42:45+00:00,3510.2875,163.45,1.5780821917808219
2025-11-17 21:00:00+00:00,2027-06-17 00:00:00+00:00,AVGO,AVGO270617C00150000,call,True,150.0,204.75,209.0,204.3,342.6499938964844,0.6478611874389649,0.0370259995532744,0.00688749465062872,28.0,52.0,2025-11-07 16:30:05+00:00,244.4986111111111,206.875,1.5780821917808219
2025-11-17 21:00:00+00:00,2027-06-17 00:00:00+00:00,AVGO,AVGO270617C00155000,call,True,155.0,200.75,205.0,216.6,342.6499938964844,0.6419103192138673,0.0370259995532744,0.00688749465062872,22.0,26.0,2025-11-10 15:14:27+00:00,173.75916666666666,202.875,1.5780821917808219
2025-11-17 21:00:00+00:00,2027-06-17 00:00:00+00:00,AVGO,AVGO270617C00160000,call,True,160.0,197.2,200.95,214.0,342.6499938964844,0.6384313500976562,0.0370259995532744,0.00688749465062872,27.0,76.0,2025-11-10 20:59:55+00:00,168.0013888888889,199.075,1.5780821917808219
2025-11-17 21:00:00+00:00,2027-06-17 00:00:00+00:00,AVGO,AVGO270617C00165000,call,True,165.0,193.75,197.2,210.7,342.6499938964844,0.6371496246337891,0.0370259995532744,0.00688749465062872,13.0,17.0,2025-11-10 15:49:00+00:00,173.18333333333334,195.475,1.5780821917808219
2025-11-17 21:00:00+00:00,2027-06-17 00:00:00+00:00,AVGO,AVGO270617C00170000,call,True,170.0,189.7,192.5,188.32,342.6499938964844,0.624851163635254,0.0370259995532744,0.00688749465062872,3.0,60.0,2025-11-07 16:55:22+00:00,244.07722222222222,191.1,1.5780821917808219
2025-11-17 21:00:00+00:00,2027-06-17 00:00:00+00:00,AVGO,AVGO270617C00175000,call,True,175.0,185.85,188.7,191.0,342.6499938964844,0.6197547790527345,0.0370259995532744,0.00688749465062872,1.0,24.0,2025-11-14 18:52:50+00:00,74.11944444444444,187.27499999999998,1.5780821917808219
2025-11-17 21:00:00+00:00,2027-06-17 00:00:00+00:00,AVGO,AVGO270617C00180000,call,True,180.0,181.95,184.95,179.85,342.6499938964844,0.614261669921875,0.0370259995532744,0.00688749465062872,1.0,29.0,2025-11-14 14:57:21+00:00,78.04416666666667,183.45,1.5780821917808219
2025-11-17 21:00:00+00:00,2027-06-17 00:00:00+00:00,AVGO,AVGO270617C00185000,call,True,185.0,178.5,181.25,195.15,342.6499938964844,0.6113930462646486,0.0370259995532744,0.00688749465062872,4.0,62.0,2025-11-10 15:31:35+00:00,173.4736111111111,179.875,1.5780821917808219
2025-11-17 21:00:00+00:00,2027-06-17 00:00:00+00:00,AVGO,AVGO270617C00190000,call,True,190.0,174.5,177.5,206.95,342.6499938964844,0.6046182116699221,0.0370259995532744,0.00688749465062872,5.0,23.0,2025-10-30 16:32:23+00:00,436.4602777777778,176.0,1.5780821917808219
2025-11-17 21:00:00+00:00,2027-06-17 00:00:00+00:00,AVGO,AVGO270617C00195000,call,True,195.0,171.3,173.95,179.05,342.6499938964844,0.6031228652954103,0.0370259995532744,0.00688749465062872,1.0,51.0,2025-11-07 14:36:23+00:00,246.3936111111111,172.625,1.5780821917808219
2025-11-17 21:00:00+00:00,2027-06-17 00:00:00+00:00,AVGO,AVGO270617C00200000,call,True,200.0,167.7,170.4,168.75,342.6499938964844,0.5989419989013673,0.0370259995532744,0.00688749465062872,2.0,1459.0,2025-11-14 18:25:01+00:00,74.58305555555556,169.05,1.5780821917808219
2025-11-17 21:00:00+00:00,2027-06-17 00:00:00+00:00,AVGO,AVGO270617C00210000,call,True,210.0,160.8,163.5,155.47,342.6499938964844,0.5920450952148439,0.0370259995532744,0.00688749465062872,5.0,1868.0,2025-11-13 16:41:34+00:00,100.30722222222222,162.15,1.5780821917808219
2025-11-17 21:00:00+00:00,2027-06-17 00:00:00+00:00,AVGO,AVGO270617C00220000,call,True,220.0,154.0,156.75,148.8,342.6499938964844,0.5848582774353026,0.0370259995532744,0.00688749465062872,2.0,173.0,2025-11-13 16:19:10+00:00,100.68055555555556,155.375,1.5780821917808219
2025-11-17 21:00:00+00:00,2027-06-17 00:00:00+00:00,AVGO,AVGO270617C00230000,call,True,230.0,147.55,150.0,147.45,342.6499938964844,0.5778850805664062,0.0370259995532744,0.00688749465062872,4.0,2037.0,2025-11-14 15:53:14+00:00,77.11277777777778,148.775,1.5780821917808219
2025-11-17 21:00:00+00:00,2027-06-17 00:00:00+00:00,AVGO,AVGO270617C00240000,call,True,240.0,141.3,143.65,143.75,342.6499938964844,0.5721783505249024,0.0370259995532744,0.00688749465062872,3.0,1642.0,2025-11-14 17:10:25+00:00,75.82638888888889,142.47500000000002,1.5780821917808219
2025-11-17 21:00:00+00:00,2027-06-17 00:00:00+00:00,AVGO,AVGO270617C00250000,call,True,250.0,135.1,137.1,135.4,342.6499938964844,0.564579549560547,0.0370259995532744,0.00688749465062872,1.0,214.0,2025-11-17 19:48:47+00:00,1.1869444444444444,136.1,1.5780821917808219
2025-11-17 21:00:00+00:00,2027-06-17 00:00:00+00:00,AVGO,AVGO270617C00260000,call,True,260.0,129.35,131.95,131.5,342.6499938964844,0.5630079100036622,0.0370259995532744,0.00688749465062872,1.0,163.0,2025-11-14 19:37:58+00:00,73.36722222222222,130.64999999999998,1.5780821917808219
2025-11-17 21:00:00+00:00,2027-06-17 00:00:00+00:00,AVGO,AVGO270617C00270000,call,True,270.0,123.9,126.2,125.93,342.6499938964844,0.5588423022460938,0.0370259995532744,0.00688749465062872,12.0,53.0,2025-11-14 19:35:55+00:00,73.40138888888889,125.05000000000001,1.5780821917808219
2025-11-17 21:00:00+00:00,2027-06-17 00:00:00+00:00,AVGO,AVGO270617C00280000,call,True,280.0,118.4,120.8,113.7,342.6499938964844,0.5545469960784912,0.0370259995532744,0.00688749465062872,1.0,291.0,2025-11-13 16:42:35+00:00,100.29027777777777,119.6,1.5780821917808219
2025-11-17 21:00:00+00:00,2027-06-17 00:00:00+00:00,AVGO,AVGO270617C00290000,call,True,290.0,113.05,114.9,116.95,342.6499938964844,0.547901859893799,0.0370259995532744,0.00688749465062872,2.0,54.0,2025-11-17 15:08:17+00:00,5.861944444444444,113.975,1.5780821917808219
2025-11-17 21:00:00+00:00,2027-06-17 00:00:00+00:00,AVGO,AVGO270617C00300000,call,True,300.0,108.25,110.45,109.1,342.6499938964844,0.5470321176147462,0.0370259995532744,0.00688749465062872,95.0,380.0,2025-11-14 20:22:33+00:00,72.62416666666667,109.35,1.5780821917808219
2025-11-17 21:00:00+00:00,2027-06-17 00:00:00+00:00,AVGO,AVGO270617C00310000,call,True,310.0,103.45,105.65,106.0,342.6499938964844,0.5437972866821289,0.0370259995532744,0.00688749465062872,2.0,99.0,2025-11-14 19:37:23+00:00,73.37694444444445,104.55000000000001,1.5780821917808219
2025-11-17 21:00:00+00:00,2027-06-17 00:00:00+00:00,AVGO,AVGO270617C00320000,call,True,320.0,98.85,101.5,97.65,342.6499938964844,0.5422561643981936,0.0370259995532744,0.00688749465062872,1.0,102.0,2025-11-17 20:36:43+00:00,0.38805555555555554,100.175,1.5780821917808219
2025-11-17 21:00:00+00:00,2027-06-17 00:00:00+00:00,AVGO,AVGO270617C00330000,call,True,330.0,94.5,96.8,94.15,342.6499938964844,0.538716160736084,0.0370259995532744,0.00688749465062872,2.0,207.0,2025-11-14 15:44:16+00:00,77.26222222222222,95.65,1.5780821917808219
2025-11-17 21:00:00+00:00,2027-06-17 00:00:00+00:00,AVGO,AVGO270617C00340000,call,True,340.0,90.45,92.4,93.75,342.6499938964844,0.5360916752624512,0.0370259995532744,0.00688749465062872,2.0,1510.0,2025-11-14 15:29:44+00:00,77.50444444444445,91.42500000000001,1.5780821917808219
2025-11-17 21:00:00+00:00,2027-06-17 00:00:00+00:00,AVGO,AVGO270617C00350000,call,False,350.0,86.25,88.2,86.4,342.6499938964844,0.5327042579650878,0.0370259995532744,0.00688749465062872,4.0,267.0,2025-11-17 14:32:14+00:00,6.462777777777778,87.225,1.5780821917808219
2025-11-17 21:00:00+00:00,2027-06-17 00:00:00+00:00,AVGO,AVGO270617C00360000,call,False,360.0,82.5,84.55,83.0,342.6499938964844,0.5314454204559326,0.0370259995532744,0.00688749465062872,1.0,289.0,2025-11-17 19:18:27+00:00,1.6925,83.525,1.5780821917808219
2025-11-17 21:00:00+00:00,2027-06-17 00:00:00+00:00,AVGO,AVGO270617C00370000,call,False,370.0,79.0,80.85,75.52,342.6499938964844,0.5299042981719971,0.0370259995532744,0.00688749465062872,2.0,162.0,2025-11-14 14:46:19+00:00,78.22805555555556,79.925,1.5780821917808219
2025-11-17 21:00:00+00:00,2027-06-17 00:00:00+00:00,AVGO,AVGO270617C00380000,call,False,380.0,75.1,76.9,74.1,342.6499938964844,0.5256089920043946,0.0370259995532744,0.00688749465062872,3.0,313.0,2025-11-13 16:00:48+00:00,100.98666666666666,76.0,1.5780821917808219
2025-11-17 21:00:00+00:00,2027-06-17 00:00:00+00:00,AVGO,AVGO270617C00390000,call,False,390.0,72.5,73.4,71.85,342.6499938964844,0.5256776558685303,0.0370259995532744,0.00688749465062872,6.0,218.0,2025-11-14 16:02:43+00:00,76.95472222222222,72.95,1.5780821917808219
2025-11-17 21:00:00+00:00,2027-06-17 00:00:00+00:00,AVGO,AVGO270617C00400000,call,False,400.0,69.25,70.3,70.18,342.6499938964844,0.5242280854034423,0.0370259995532744,0.00688749465062872,2.0,373.0,2025-11-14 18:28:41+00:00,74.52194444444444,69.775,1.5780821917808219
2025-11-17 21:00:00+00:00,2027-06-17 00:00:00+00:00,AVGO,AVGO270617C00410000,call,False,410.0,66.2,67.05,67.45,342.6499938964844,0.5221910574340819,0.0370259995532744,0.00688749465062872,62.0,212.0,2025-11-14 19:51:36+00:00,73.14,66.625,1.5780821917808219
2025-11-17 21:00:00+00:00,2027-06-17 00:00:00+00:00,AVGO,AVGO270617C00420000,call,False,420.0,63.25,64.15,65.1,342.6499938964844,0.5207414869689941,0.0370259995532744,0.00688749465062872,2.0,221.0,2025-11-17 17:20:54+00:00,3.651666666666667,63.7,1.5780821917808219
2025-11-17 21:00:00+00:00,2027-06-17 00:00:00+00:00,AVGO,AVGO270617C00430000,call,False,430.0,60.45,61.4,63.4,342.6499938964844,0.5194826494598389,0.0370259995532744,0.00688749465062872,5.0,499.0,2025-11-17 15:30:21+00:00,5.494166666666667,60.925,1.5780821917808219
2025-11-17 21:00:00+00:00,2027-06-17 00:00:00+00:00,AVGO,AVGO270617C00440000,call,False,440.0,57.75,58.75,58.64,342.6499938964844,0.5181475187683104,0.0370259995532744,0.00688749465062872,2.0,81.0,2025-11-14 18:13:17+00:00,74.7786111111111,58.25,1.5780821917808219
2025-11-17 21:00:00+00:00,2027-06-17 00:00:00+00:00,AVGO,AVGO270617C00450000,call,False,450.0,55.2,56.2,55.85,342.6499938964844,0.5168963105773927,0.0370259995532744,0.00688749465062872,3.0,89.0,2025-11-14 18:33:34+00:00,74.44055555555556,55.7,1.5780821917808219
2025-11-17 21:00:00+00:00,2027-06-17 00:00:00+00:00,AVGO,AVGO270617C00460000,call,False,460.0,52.75,53.75,53.9,342.6499938964844,0.51562984375,0.0370259995532744,0.00688749465062872,14.0,35.0,2025-11-14 19:51:22+00:00,73.1438888888889,53.25,1.5780821917808219
2025-11-17 21:00:00+00:00,2027-06-17 00:00:00+00:00,AVGO,AVGO270617C00470000,call,False,470.0,50.45,51.35,51.0,342.6499938964844,0.5143481182861327,0.0370259995532744,0.00688749465062872,1.0,39.0,2025-11-14 18:16:51+00:00,74.71916666666667,50.900000000000006,1.5780821917808219
2025-11-17 21:00:00+00:00,2027-06-17 00:00:00+00:00,AVGO,AVGO270617C00480000,call,False,480.0,48.25,49.1,52.1,342.6499938964844,0.5132342378234862,0.0370259995532744,0.00688749465062872,2.0,55.0,2025-11-17 14:53:41+00:00,6.105277777777777,48.675,1.5780821917808219
2025-11-17 21:00:00+00:00,2027-06-17 00:00:00+00:00,AVGO,AVGO270617C00490000,call,False,490.0,46.15,47.0,44.65,342.6499938964844,0.5123187196350099,0.0370259995532744,0.00688749465062872,2.0,74.0,2025-11-13 20:03:08+00:00,96.94777777777777,46.575,1.5780821917808219
2025-11-17 21:00:00+00:00,2027-06-17 00:00:00+00:00,AVGO,AVGO270617C00500000,call,False,500.0,44.15,45.05,43.75,342.6499938964844,0.5116244516754151,0.0370259995532744,0.00688749465062872,2.0,221.0,2025-11-17 16:31:32+00:00,4.474444444444444,44.599999999999994,1.5780821917808219
2025-11-17 21:00:00+00:00,2027-06-17 00:00:00+00:00,AVGO,AVGO270617C00510000,call,False,510.0,42.2,43.15,51.14,342.6499938964844,0.5107165628051759,0.0370259995532744,0.00688749465062872,1.0,126.0,2025-11-03 18:02:51+00:00,338.9525,42.675,1.5780821917808219
2025-11-17 21:00:00+00:00,2027-06-17 00:00:00+00:00,AVGO,AVGO270617C00520000,call,False,520.0,40.4,41.25,50.28,342.6499938964844,0.5097857859802246,0.0370259995532744,0.00688749465062872,1.0,58.0,2025-10-28 19:50:38+00:00,481.1561111111111,40.825,1.5780821917808219
2025-11-17 21:00:00+00:00,2027-06-17 00:00:00+00:00,AVGO,AVGO270617C00530000,call,False,530.0,38.65,39.55,38.1,342.6499938964844,0.5091296646118165,0.0370259995532744,0.00688749465062872,2.0,374.0,2025-11-17 18:36:02+00:00,2.3994444444444443,39.099999999999994,1.5780821917808219
2025-11-17 21:00:00+00:00,2027-06-17 00:00:00+00:00,AVGO,AVGO270617C00540000,call,False,540.0,37.0,37.9,36.75,342.6499938964844,0.5084888018798828,0.0370259995532744,0.00688749465062872,1.0,35.0,2025-11-14 16:10:56+00:00,76.81777777777778,37.45,1.5780821917808219
2025-11-17 21:00:00+00:00,2027-06-17 00:00:00+00:00,AVGO,AVGO270617C00560000,call,False,560.0,33.95,34.85,33.5,342.6499938964844,0.5074893611907958,0.0370259995532744,0.00688749465062872,3.0,46.0,2025-11-17 20:44:18+00:00,0.26166666666666666,34.400000000000006,1.5780821917808219
2025-11-17 21:00:00+00:00,2027-06-17 00:00:00+00:00,AVGO,AVGO270617P00090000,put,False,90.0,2.18,2.43,2.58,342.6499938964844,0.6214637463378907,0.0370259995532744,0.00688749465062872,2.0,83.0,2025-10-10 18:30:20+00:00,914.4944444444444,2.305,1.5780821917808219
2025-11-17 21:00:00+00:00,2027-06-17 00:00:00+00:00,AVGO,AVGO270617P00095000,put,False,95.0,2.39,2.8,2.35,342.6499938964844,0.6117592535400393,0.0370259995532744,0.00688749465062872,1.0,10.0,2025-10-27 15:44:01+00:00,509.2663888888889,2.5949999999999998,1.5780821917808219
2025-11-17 21:00:00+00:00,2027-06-17 00:00:00+00:00,AVGO,AVGO270617P00100000,put,False,100.0,2.78,3.1,3.15,342.6499938964844,0.6039468316650394,0.0370259995532744,0.00688749465062872,1.0,71.0,2025-10-10 17:08:23+00:00,915.8602777777778,2.94,1.5780821917808219
2025-11-17 21:00:00+00:00,2027-06-17 00:00:00+00:00,AVGO,AVGO270617P00105000,put,False,105.0,3.1,3.45,3.15,342.6499938964844,0.5950357879638672,0.0370259995532744,0.00688749465062872,2.0,40.0,2025-09-30 14:43:09+00:00,1158.2808333333332,3.2750000000000004,1.5780821917808219
2025-11-17 21:00:00+00:00,2027-06-17 00:00:00+00:00,AVGO,AVGO270617P00110000,put,False,110.0,3.45,3.75,4.1,342.6499938964844,0.5852702606201172,0.0370259995532744,0.00688749465062872,43.0,129.0,2025-10-16 19:13:30+00:00,769.775,3.6,1.5780821917808219
2025-11-17 21:00:00+00:00,2027-06-17 00:00:00+00:00,AVGO,AVGO270617P00115000,put,False,115.0,0.0,0.0,4.5,342.6499938964844,0.12500875,0.0370259995532744,0.00688749465062872,1.0,8.0,2025-08-25 14:29:29+00:00,2022.5086111111111,0.0,1.5780821917808219
2025-11-17 21:00:00+00:00,2027-06-17 00:00:00+00:00,AVGO,AVGO270617P00120000,put,False,120.0,3.65,4.65,4.9,342.6499938964844,0.5618940295410157,0.0370259995532744,0.00688749465062872,1.0,18.0,2025-10-15 19:54:25+00:00,793.0930555555556,4.15,1.5780821917808219
2025-11-17 21:00:00+00:00,2027-06-17 00:00:00+00:00,AVGO,AVGO270617P00125000,put,False,125.0,4.7,5.2,5.75,342.6499938964844,0.5654340332031251,0.0370259995532744,0.00688749465062872,16.0,48.0,2025-10-17 15:36:20+00:00,749.3944444444444,4.95,1.5780821917808219
2025-11-17 21:00:00+00:00,2027-06-17 00:00:00+00:00,AVGO,AVGO270617P00130000,put,False,130.0,5.15,5.65,6.3,342.6499938964844,0.5576826458740236,0.0370259995532744,0.00688749465062872,3.0,9.0,2025-10-17 15:36:34+00:00,749.3905555555556,5.4,1.5780821917808219
2025-11-17 21:00:00+00:00,2027-06-17 00:00:00+00:00,AVGO,AVGO270617P00135000,put,False,135.0,5.7,6.25,5.0,342.6499938964844,0.5525557440185547,0.0370259995532744,0.00688749465062872,1.0,15.0,2025-10-29 14:04:43+00:00,462.9213888888889,5.975,1.5780821917808219
2025-11-17 21:00:00+00:00,2027-06-17 00:00:00+00:00,AVGO,AVGO270617P00140000,put,False,140.0,6.35,6.8,6.75,342.6499938964844,0.5473372903442384,0.0370259995532744,0.00688749465062872,1.0,1409.0,2025-11-13 19:00:52+00:00,97.98555555555555,6.574999999999999,1.5780821917808219
2025-11-17 21:00:00+00:00,2027-06-17 00:00:00+00:00,AVGO,AVGO270617P00145000,put,False,145.0,6.95,7.35,7.35,342.6499938964844,0.540989697570801,0.0370259995532744,0.00688749465062872,7.0,306.0,2025-10-14 17:07:23+00:00,819.8769444444445,7.15,1.5780821917808219
2025-11-17 21:00:00+00:00,2027-06-17 00:00:00+00:00,AVGO,AVGO270617P00150000,put,False,150.0,7.55,8.1,7.75,342.6499938964844,0.5361374511718751,0.0370259995532744,0.00688749465062872,5.0,130.0,2025-11-07 20:55:15+00:00,240.07916666666668,7.824999999999999,1.5780821917808219
2025-11-17 21:00:00+00:00,2027-06-17 00:00:00+00:00,AVGO,AVGO270617P00155000,put,False,155.0,8.3,8.7,7.63,342.6499938964844,0.5307358938598633,0.0370259995532744,0.00688749465062872,2.0,97.0,2025-10-02 17:30:35+00:00,1107.4902777777777,8.5,1.5780821917808219
2025-11-17 21:00:00+00:00,2027-06-17 00:00:00+00:00,AVGO,AVGO270617P00160000,put,False,160.0,9.0,9.55,10.0,342.6499938964844,0.5265855447387696,0.0370259995532744,0.00688749465062872,4.0,193.0,2025-11-07 17:08:50+00:00,243.8527777777778,9.275,1.5780821917808219
2025-11-17 21:00:00+00:00,2027-06-17 00:00:00+00:00,AVGO,AVGO270617P00165000,put,False,165.0,9.8,10.35,8.8,342.6499938964844,0.5222520919799803,0.0370259995532744,0.00688749465062872,10.0,51.0,2025-10-28 15:11:28+00:00,485.8088888888889,10.075,1.5780821917808219
2025-11-17 21:00:00+00:00,2027-06-17 00:00:00+00:00,AVGO,AVGO270617P00170000,put,False,170.0,10.65,11.2,9.91,342.6499938964844,0.5181627774047851,0.0370259995532744,0.00688749465062872,4.0,135.0,2025-10-24 15:32:50+00:00,581.4527777777778,10.925,1.5780821917808219
2025-11-17 21:00:00+00:00,2027-06-17 00:00:00+00:00,AVGO,AVGO270617P00175000,put,False,175.0,11.55,12.1,10.66,342.6499938964844,0.514256566467285,0.0370259995532744,0.00688749465062872,4.0,40.0,2025-10-24 15:32:50+00:00,581.4527777777778,11.825,1.5780821917808219
2025-11-17 21:00:00+00:00,2027-06-17 00:00:00+00:00,AVGO,AVGO270617P00180000,put,False,180.0,12.5,13.05,11.47,342.6499938964844,0.5105029418945313,0.0370259995532744,0.00688749465062872,1.0,34.0,2025-11-10 20:24:56+00:00,168.58444444444444,12.775,1.5780821917808219
2025-11-17 21:00:00+00:00,2027-06-17 00:00:00+00:00,AVGO,AVGO270617P00185000,put,False,185.0,13.5,14.05,13.86,342.6499938964844,0.5069019036865234,0.0370259995532744,0.00688749465062872,2.0,26.0,2025-10-21 19:14:16+00:00,649.7622222222222,13.775,1.5780821917808219
2025-11-17 21:00:00+00:00,2027-06-17 00:00:00+00:00,AVGO,AVGO270617P00190000,put,False,190.0,14.55,15.1,14.8,342.6499938964844,0.5034229345703125,0.0370259995532744,0.00688749465062872,1.0,65.0,2025-11-17 20:51:21+00:00,0.14416666666666667,14.825,1.5780821917808219
2025-11-17 21:00:00+00:00,2027-06-17 00:00:00+00:00,AVGO,AVGO270617P00195000,put,False,195.0,15.6,16.2,14.6,342.6499938964844,0.503361900024414,0.0370259995532744,0.00688749465062872,11.0,160.0,2025-11-10 14:55:19+00:00,174.07805555555555,15.899999999999999,1.5780821917808219
2025-11-17 21:00:00+00:00,2027-06-17 00:00:00+00:00,AVGO,AVGO270617P00200000,put,False,200.0,16.8,17.35,17.1,342.6499938964844,0.49991344818115235,0.0370259995532744,0.00688749465062872,75.0,755.0,2025-11-17 19:19:08+00:00,1.681111111111111,17.075000000000003,1.5780821917808219
2025-11-17 21:00:00+00:00,2027-06-17 00:00:00+00:00,AVGO,AVGO270617P00210000,put,False,210.0,19.25,19.85,20.25,342.6499938964844,0.49384051086425784,0.0370259995532744,0.00688749465062872,9.0,158.0,2025-11-14 15:01:43+00:00,77.9713888888889,19.55,1.5780821917808219
2025-11-17 21:00:00+00:00,2027-06-17 00:00:00+00:00,AVGO,AVGO270617P00220000,put,False,220.0,21.95,22.6,21.2,342.6499938964844,0.4884389535522462,0.0370259995532744,0.00688749465062872,114.0,431.0,2025-11-17 17:04:07+00:00,3.931388888888889,22.275,1.5780821917808219
2025-11-17 21:00:00+00:00,2027-06-17 00:00:00+00:00,AVGO,AVGO270617P00230000,put,False,230.0,24.85,25.55,22.62,342.6499938964844,0.48312894805908213,0.0370259995532744,0.00688749465062872,1.0,227.0,2025-11-10 20:24:56+00:00,168.58444444444444,25.200000000000003,1.5780821917808219
2025-11-17 21:00:00+00:00,2027-06-17 00:00:00+00:00,AVGO,AVGO270617P00240000,put,False,240.0,28.0,28.75,27.8,342.6499938964844,0.4783377362060547,0.0370259995532744,0.00688749465062872,4.0,589.0,2025-11-17 15:21:23+00:00,5.643611111111111,28.375,1.5780821917808219
2025-11-17 21:00:00+00:00,2027-06-17 00:00:00+00:00,AVGO,AVGO270617P00250000,put,False,250.0,31.35,32.15,31.8,342.6499938964844,0.47356178298950197,0.0370259995532744,0.00688749465062872,7.0,380.0,2025-11-14 18:34:38+00:00,74.42277777777778,31.75,1.5780821917808219
2025-11-17 21:00:00+00:00,2027-06-17 00:00:00+00:00,AVGO,AVGO270617P00260000,put,False,260.0,35.05,35.85,33.71,342.6499938964844,0.4695792788696289,0.0370259995532744,0.00688749465062872,6.0,170.0,2025-11-14 14:34:50+00:00,78.41944444444445,35.45,1.5780821917808219
2025-11-17 21:00:00+00:00,2027-06-17 00:00:00+00:00,AVGO,AVGO270617P00270000,put,False,270.0,38.9,39.7,40.26,342.6499938964844,0.4651847915649414,0.0370259995532744,0.00688749465062872,3.0,197.0,2025-11-13 19:52:07+00:00,97.13138888888889,39.3,1.5780821917808219
2025-11-17 21:00:00+00:00,2027-06-17 00:00:00+00:00,AVGO,AVGO270617P00280000,put,False,280.0,43.05,43.85,43.3,342.6499938964844,0.46152271881103524,0.0370259995532744,0.00688749465062872,1.0,339.0,2025-11-13 14:44:56+00:00,102.25111111111111,43.45,1.5780821917808219
2025-11-17 21:00:00+00:00,2027-06-17 00:00:00+00:00,AVGO,AVGO270617P00290000,put,False,290.0,47.35,48.2,48.35,342.6499938964844,0.4578148701477051,0.0370259995532744,0.00688749465062872,1.0,202.0,2025-11-17 20:28:55+00:00,0.5180555555555556,47.775000000000006,1.5780821917808219
2025-11-17 21:00:00+00:00,2027-06-17 00:00:00+00:00,AVGO,AVGO270617P00300000,put,False,300.0,51.75,52.75,53.0,342.6499938964844,0.4540993921661377,0.0370259995532744,0.00688749465062872,1.0,536.0,2025-11-17 20:28:55+00:00,0.5180555555555556,52.25,1.5780821917808219
2025-11-17 21:00:00+00:00,2027-06-17 00:00:00+00:00,AVGO,AVGO270617P00310000,put,False,310.0,56.55,57.55,57.65,342.6499938964844,0.45071960418701174,0.0370259995532744,0.00688749465062872,2.0,145.0,2025-11-13 17:45:54+00:00,99.235,57.05,1.5780821917808219
2025-11-17 21:00:00+00:00,2027-06-17 00:00:00+00:00,AVGO,AVGO270617P00320000,put,False,320.0,61.5,62.55,63.95,342.6499938964844,0.447347445526123,0.0370259995532744,0.00688749465062872,14.0,39.0,2025-11-14 15:11:33+00:00,77.8075,62.025,1.5780821917808219
2025-11-17 21:00:00+00:00,2027-06-17 00:00:00+00:00,AVGO,AVGO270617P00330000,put,False,330.0,66.65,67.75,66.63,342.6499938964844,0.4440058041381836,0.0370259995532744,0.00688749465062872,2.0,71.0,2025-11-07 19:37:55+00:00,241.36805555555554,67.2,1.5780821917808219
2025-11-17 21:00:00+00:00,2027-06-17 00:00:00+00:00,AVGO,AVGO270617P00340000,put,False,340.0,71.95,73.1,74.8,342.6499938964844,0.44042002456665036,0.0370259995532744,0.00688749465062872,12.0,105.0,2025-11-14 15:11:33+00:00,77.8075,72.525,1.5780821917808219
2025-11-17 21:00:00+00:00,2027-06-17 00:00:00+00:00,AVGO,AVGO270617P00350000,put,True,350.0,77.55,78.7,76.33,342.6499938964844,0.43721571090698247,0.0370259995532744,0.00688749465062872,4.0,99.0,2025-11-13 16:27:06+00:00,100.54833333333333,78.125,1.5780821917808219
2025-11-17 21:00:00+00:00,2027-06-17 00:00:00+00:00,AVGO,AVGO270617P00360000,put,True,360.0,83.3,84.45,82.9,342.6499938964844,0.4338130349731446,0.0370259995532744,0.00688749465062872,14.0,133.0,2025-11-14 19:51:22+00:00,73.1438888888889,83.875,1.5780821917808219
2025-11-17 21:00:00+00:00,2027-06-17 00:00:00+00:00,AVGO,AVGO270617P00370000,put,True,370.0,89.2,90.45,89.3,342.6499938964844,0.4308223422241212,0.0370259995532744,0.00688749465062872,4.0,40.0,2025-11-07 15:51:52+00:00,245.13555555555556,89.825,1.5780821917808219
2025-11-17 21:00:00+00:00,2027-06-17 00:00:00+00:00,AVGO,AVGO270617P00380000,put,True,380.0,95.35,96.55,95.25,342.6499938964844,0.42738914901733405,0.0370259995532744,0.00688749465062872,2.0,16.0,2025-11-14 17:34:05+00:00,75.43194444444444,95.94999999999999,1.5780821917808219
2025-11-17 21:00:00+00:00,2027-06-17 00:00:00+00:00,AVGO,AVGO270617P00390000,put,True,390.0,101.6,102.9,102.79,342.6499938964844,0.4244137149047852,0.0370259995532744,0.00688749465062872,10.0,43.0,2025-11-14 18:26:32+00:00,74.55777777777777,102.25,1.5780821917808219
2025-11-17 21:00:00+00:00,2027-06-17 00:00:00+00:00,AVGO,AVGO270617P00400000,put,True,400.0,108.05,109.35,109.19,342.6499938964844,0.42104155624389655,0.0370259995532744,0.00688749465062872,10.0,31.0,2025-11-14 18:26:32+00:00,74.55777777777777,108.69999999999999,1.5780821917808219
2025-11-17 21:00:00+00:00,2027-06-17 00:00:00+00:00,AVGO,AVGO270617P00410000,put,True,410.0,113.4,116.95,108.9,342.6499938964844,0.42343716217041016,0.0370259995532744,0.00688749465062872,1.0,3.0,2025-11-11 14:52:26+00:00,150.1261111111111,115.17500000000001,1.5780821917808219
2025-11-17 21:00:00+00:00,2027-06-17 00:00:00+00:00,AVGO,AVGO270617P00420000,put,True,420.0,121.45,123.75,121.92,342.6499938964844,0.42027099510192867,0.0370259995532744,0.00688749465062872,2.0,11.0,2025-11-14 20:42:13+00:00,72.29638888888888,122.6,1.5780821917808219
2025-11-17 21:00:00+00:00,2027-06-17 00:00:00+00:00,AVGO,AVGO270617P00430000,put,True,430.0,134.65,137.0,111.0,342.6499938964844,0.45411465080261226,0.0370259995532744,0.00688749465062872,6.0,9.0,2025-09-10 18:33:27+00:00,1634.4425,135.825,1.5780821917808219
2025-11-17 21:00:00+00:00,2027-06-17 00:00:00+00:00,AVGO,AVGO270617P00440000,put,True,440.0,135.45,136.85,128.35,342.6499938964844,0.4082548188781738,0.0370259995532744,0.00688749465062872,2.0,18.0,2025-11-04 20:19:12+00:00,312.68,136.14999999999998,1.5780821917808219
2025-11-17 21:00:00+00:00,2027-06-17 00:00:00+00:00,AVGO,AVGO270617P00450000,put,True,450.0,142.7,144.1,146.45,342.6499938964844,0.4050581345367431,0.0370259995532744,0.00688749465062872,14.0,16.0,2025-11-14 15:19:01+00:00,77.68305555555555,143.39999999999998,1.5780821917808219
2025-11-17 21:00:00+00:00,2027-06-17 00:00:00+00:00,AVGO,AVGO270617P00460000,put,True,460.0,150.0,151.45,153.95,342.6499938964844,0.40160205337524413,0.0370259995532744,0.00688749465062872,28.0,28.0,2025-11-14 15:19:01+00:00,77.68305555555555,150.725,1.5780821917808219
2025-11-17 21:00:00+00:00,2027-06-17 00:00:00+00:00,AVGO,AVGO270617P00470000,put,True,470.0,156.6,160.25,149.75,342.6499938964844,0.40633223068237306,0.0370259995532744,0.00688749465062872,,2.0,2025-11-04 20:16:36+00:00,312.72333333333336,158.425,1.5780821917808219
2025-11-17 21:00:00+00:00,2027-06-17 00:00:00+00:00,AVGO,AVGO270617P00500000,put,True,500.0,189.1,191.05,161.55,342.6499938964844,0.4451349432373046,0.0370259995532744,0.00688749465062872,,3.0,2025-09-11 13:47:39+00:00,1615.2058333333334,190.075,1.5780821917808219
2025-11-17 21:00:00+00:00,2027-06-17 00:00:00+00:00,AVGO,AVGO270617P00520000,put,True,520.0,205.95,207.95,177.65,342.6499938964844,0.445943650970459,0.0370259995532744,0.00688749465062872,,19.0,2025-09-11 13:46:02+00:00,1615.2327777777778,206.95,1.5780821917808219
2025-11-17 21:00:00+00:00,2027-06-17 00:00:00+00:00,AVGO,AVGO270617P00530000,put,True,530.0,204.7,207.3,203.04,342.6499938964844,0.38292548233032225,0.0370259995532744,0.00688749465062872,1.0,14.0,2025-10-08 14:56:01+00:00,966.0663888888889,206.0,1.5780821917808219
2025-11-17 21:00:00+00:00,2027-12-17 00:00:00+00:00,AVGO,AVGO271217C00070000,call,True,70.0,274.7,278.85,273.15,342.6499938964844,0.724490059814453,0.0370259995532744,0.00688749465062872,2.0,207.0,2025-11-14 15:39:47+00:00,77.33694444444444,276.775,2.0794520547945203
2025-11-17 21:00:00+00:00,2027-12-17 00:00:00+00:00,AVGO,AVGO271217C00075000,call,True,75.0,270.65,274.5,311.58,342.6499938964844,0.7230252307128906,0.0370259995532744,0.00688749465062872,46.0,184.0,2025-10-29 19:12:23+00:00,457.7936111111111,272.575,2.0794520547945203
2025-11-17 21:00:00+00:00,2027-12-17 00:00:00+00:00,AVGO,AVGO271217C00080000,call,True,80.0,266.3,270.0,295.5,342.6499938964844,0.712039012451172,0.0370259995532744,0.00688749465062872,20.0,256.0,2025-10-31 18:46:44+00:00,410.2211111111111,268.15,2.0794520547945203
2025-11-17 21:00:00+00:00,2027-12-17 00:00:00+00:00,AVGO,AVGO271217C00085000,call,True,85.0,261.9,266.0,268.17,342.6499938964844,0.7074003869628906,0.0370259995532744,0.00688749465062872,140.0,2455.0,2025-11-17 15:16:59+00:00,5.716944444444445,263.95,2.0794520547945203
2025-11-17 21:00:00+00:00,2027-12-17 00:00:00+00:00,AVGO,AVGO271217C00090000,call,True,90.0,257.8,261.5,252.4,342.6499938964844,0.698794515991211,0.0370259995532744,0.00688749465062872,2.0,86.0,2025-11-13 16:37:38+00:00,100.37277777777778,259.65,2.0794520547945203
2025-11-17 21:00:00+00:00,2027-12-17 00:00:00+00:00,AVGO,AVGO271217C00095000,call,True,95.0,248.6,252.55,257.0,342.6499938964844,0.5455978057861328,0.0370259995532744,0.00688749465062872,1.0,13.0,2025-09-05 13:38:31+00:00,1759.3580555555557,250.575,2.0794520547945203
2025-11-17 21:00:00+00:00,2027-12-17 00:00:00+00:00,AVGO,AVGO271217C00100000,call,True,100.0,248.5,253.5,246.9,342.6499938964844,0.6790193231201174,0.0370259995532744,0.00688749465062872,3.0,604.0,2025-11-07 16:49:03+00:00,244.1825,251.0,2.0794520547945203
2025-11-17 21:00:00+00:00,2027-12-17 00:00:00+00:00,AVGO,AVGO271217C00105000,call,True,105.0,240.15,243.8,237.98,342.6499938964844,0.5513350531005861,0.0370259995532744,0.00688749465062872,5.0,297.0,2025-09-05 19:04:09+00:00,1753.9308333333333,241.97500000000002,2.0794520547945203
2025-11-17 21:00:00+00:00,2027-12-17 00:00:00+00:00,AVGO,AVGO271217C00110000,call,True,110.0,256.55,260.5,210.85,342.6499938964844,0.940430283203125,0.0370259995532744,0.00688749465062872,1.0,49.0,2025-08-14 19:15:05+00:00,2281.748611111111,258.525,2.0794520547945203
2025-11-17 21:00:00+00:00,2027-12-17 00:00:00+00:00,AVGO,AVGO271217C00115000,call,True,115.0,170.15,174.5,153.2,342.6499938964844,1.0000000000000003e-05,0.0370259995532744,0.00688749465062872,70.0,79.0,2025-06-06 13:44:40+00:00,3943.2555555555555,172.325,2.0794520547945203
2025-11-17 21:00:00+00:00,2027-12-17 00:00:00+00:00,AVGO,AVGO271217C00120000,call,True,120.0,232.65,237.0,247.13,342.6499938964844,0.6580844738769531,0.0370259995532744,0.00688749465062872,5.0,58.0,2025-11-10 16:51:59+00:00,172.13361111111112,234.825,2.0794520547945203
2025-11-17 21:00:00+00:00,2027-12-17 00:00:00+00:00,AVGO,AVGO271217C00125000,call,True,125.0,229.0,232.8,272.95,342.6499938964844,0.6533848138427736,0.0370259995532744,0.00688749465062872,10.0,50.0,2025-10-29 19:40:32+00:00,457.32444444444445,230.9,2.0794520547945203
2025-11-17 21:00:00+00:00,2027-12-17 00:00:00+00:00,AVGO,AVGO271217C00130000,call,True,130.0,224.8,229.0,268.75,342.6499938964844,0.6469761865234375,0.0370259995532744,0.00688749465062872,4.0,44.0,2025-10-29 19:40:17+00:00,457.3286111111111,226.9,2.0794520547945203
2025-11-17 21:00:00+00:00,2027-12-17 00:00:00+00:00,AVGO,AVGO271217C00135000,call,True,135.0,220.9,224.95,237.15,342.6499938964844,0.6405980764770508,0.0370259995532744,0.00688749465062872,1.0,45.0,2025-11-10 15:12:10+00:00,173.79722222222222,222.925,2.0794520547945203
2025-11-17 21:00:00+00:00,2027-12-17 00:00:00+00:00,AVGO,AVGO271217C00140000,call,True,140.0,217.3,221.4,260.55,342.6499938964844,0.6395604891967773,0.0370259995532744,0.00688749465062872,20.0,91.0,2025-10-29 19:39:45+00:00,457.3375,219.35000000000002,2.0794520547945203
2025-11-17 21:00:00+00:00,2027-12-17 00:00:00+00:00,AVGO,AVGO271217C00145000,call,True,145.0,213.2,217.45,239.0,342.6499938964844,0.6316565155029297,0.0370259995532744,0.00688749465062872,3.0,46.0,2025-11-03 15:47:21+00:00,341.2108333333333,215.325,2.0794520547945203
2025-11-17 21:00:00+00:00,2027-12-17 00:00:00+00:00,AVGO,AVGO271217C00150000,call,True,150.0,209.8,213.5,210.5,342.6499938964844,0.6281470291137696,0.0370259995532744,0.00688749465062872,1.0,603.0,2025-11-14 18:04:28+00:00,74.92555555555556,211.65,2.0794520547945203
2025-11-17 21:00:00+00:00,2027-12-17 00:00:00+00:00,AVGO,AVGO271217C00155000,call,True,155.0,206.4,209.95,209.17,342.6499938964844,0.6266211654663086,0.0370259995532744,0.00688749465062872,2.0,47.0,2025-11-14 16:57:22+00:00,76.04388888888889,208.175,2.0794520547945203
2025-11-17 21:00:00+00:00,2027-12-17 00:00:00+00:00,AVGO,AVGO271217C00160000,call,True,160.0,202.85,206.4,197.68,342.6499938964844,0.6235694381713868,0.0370259995532744,0.00688749465062872,2.0,105.0,2025-11-13 16:58:04+00:00,100.03222222222222,204.625,2.0794520547945203
2025-11-17 21:00:00+00:00,2027-12-17 00:00:00+00:00,AVGO,AVGO271217C00165000,call,True,165.0,199.15,202.65,194.01,342.6499938964844,0.6181068463134767,0.0370259995532744,0.00688749465062872,3.0,94.0,2025-11-13 16:58:04+00:00,100.03222222222222,200.9,2.0794520547945203
2025-11-17 21:00:00+00:00,2027-12-17 00:00:00+00:00,AVGO,AVGO271217C00170000,call,True,170.0,195.65,199.0,192.22,342.6499938964844,0.6139870144653321,0.0370259995532744,0.00688749465062872,1.0,205.0,2025-11-13 19:46:53+00:00,97.21861111111112,197.325,2.0794520547945203
2025-11-17 21:00:00+00:00,2027-12-17 00:00:00+00:00,AVGO,AVGO271217C00175000,call,True,175.0,191.75,194.85,187.4,342.6499938964844,0.6048318325805665,0.0370259995532744,0.00688749465062872,1.0,274.0,2025-11-13 16:32:33+00:00,100.4575,193.3,2.0794520547945203
2025-11-17 21:00:00+00:00,2027-12-17 00:00:00+00:00,AVGO,AVGO271217C00180000,call,True,180.0,188.3,191.5,182.0,342.6499938964844,0.6020242434692384,0.0370259995532744,0.00688749465062872,6.0,190.0,2025-11-14 14:40:56+00:00,78.31777777777778,189.9,2.0794520547945203
2025-11-17 21:00:00+00:00,2027-12-17 00:00:00+00:00,AVGO,AVGO271217C00185000,call,True,185.0,184.95,188.0,184.01,342.6499938964844,0.5985757916259766,0.0370259995532744,0.00688749465062872,1.0,127.0,2025-11-13 20:41:51+00:00,96.3025,186.475,2.0794520547945203
2025-11-17 21:00:00+00:00,2027-12-17 00:00:00+00:00,AVGO,AVGO271217C00190000,call,True,190.0,181.5,184.5,193.85,342.6499938964844,0.5943186320495606,0.0370259995532744,0.00688749465062872,2.0,287.0,2025-11-12 16:26:12+00:00,124.56333333333333,183.0,2.0794520547945203
2025-11-17 21:00:00+00:00,2027-12-17 00:00:00+00:00,AVGO,AVGO271217C00195000,call,True,195.0,178.65,181.3,170.0,342.6499938964844,0.5939066488647461,0.0370259995532744,0.00688749465062872,1.0,307.0,2025-11-14 14:35:40+00:00,78.40555555555555,179.97500000000002,2.0794520547945203
2025-11-17 21:00:00+00:00,2027-12-17 00:00:00+00:00,AVGO,AVGO271217C00200000,call,True,200.0,175.35,178.0,171.85,342.6499938964844,0.5905802661132813,0.0370259995532744,0.00688749465062872,1.0,1888.0,2025-11-14 14:48:28+00:00,78.19222222222223,176.675,2.0794520547945203
2025-11-17 21:00:00+00:00,2027-12-17 00:00:00+00:00,AVGO,AVGO271217C00210000,call,True,210.0,168.95,171.5,180.5,342.6499938964844,0.5843089665222168,0.0370259995532744,0.00688749465062872,2.0,346.0,2025-11-12 16:25:56+00:00,124.56777777777778,170.225,2.0794520547945203
2025-11-17 21:00:00+00:00,2027-12-17 00:00:00+00:00,AVGO,AVGO271217C00220000,call,True,220.0,162.75,166.2,167.2,342.6499938964844,0.582508447418213,0.0370259995532744,0.00688749465062872,2.0,1358.0,2025-11-17 16:35:59+00:00,4.400277777777778,164.475,2.0794520547945203
2025-11-17 21:00:00+00:00,2027-12-17 00:00:00+00:00,AVGO,AVGO271217C00230000,call,True,230.0,156.75,160.0,162.68,342.6499938964844,0.5766033551025391,0.0370259995532744,0.00688749465062872,1.0,1129.0,2025-11-14 15:44:32+00:00,77.25777777777778,158.375,2.0794520547945203
2025-11-17 21:00:00+00:00,2027-12-17 00:00:00+00:00,AVGO,AVGO271217C00240000,call,True,240.0,151.0,153.45,150.3,342.6499938964844,0.5693555027770996,0.0370259995532744,0.00688749465062872,4.0,692.0,2025-11-14 15:43:56+00:00,77.26777777777778,152.225,2.0794520547945203
2025-11-17 21:00:00+00:00,2027-12-17 00:00:00+00:00,AVGO,AVGO271217C00250000,call,True,250.0,145.4,148.0,144.45,342.6499938964844,0.565632395477295,0.0370259995532744,0.00688749465062872,14.0,3086.0,2025-11-14 15:43:52+00:00,77.2688888888889,146.7,2.0794520547945203
2025-11-17 21:00:00+00:00,2027-12-17 00:00:00+00:00,AVGO,AVGO271217C00260000,call,True,260.0,140.05,142.45,140.0,342.6499938964844,0.5613904945373536,0.0370259995532744,0.00688749465062872,122.0,549.0,2025-11-14 15:46:04+00:00,77.23222222222222,141.25,2.0794520547945203
2025-11-17 21:00:00+00:00,2027-12-17 00:00:00+00:00,AVGO,AVGO271217C00270000,call,True,270.0,134.8,137.25,134.92,342.6499938964844,0.557667387237549,0.0370259995532744,0.00688749465062872,7.0,321.0,2025-11-17 19:52:25+00:00,1.1263888888888889,136.025,2.0794520547945203
2025-11-17 21:00:00+00:00,2027-12-17 00:00:00+00:00,AVGO,AVGO271217C00280000,call,True,280.0,129.9,132.35,129.9,342.6499938964844,0.5550734190368654,0.0370259995532744,0.00688749465062872,4.0,928.0,2025-11-14 15:44:38+00:00,77.25611111111111,131.125,2.0794520547945203
2025-11-17 21:00:00+00:00,2027-12-17 00:00:00+00:00,AVGO,AVGO271217C00290000,call,True,290.0,124.95,127.5,126.4,342.6499938964844,0.5515639326477051,0.0370259995532744,0.00688749465062872,6.0,588.0,2025-11-17 18:37:01+00:00,2.3830555555555555,126.225,2.0794520547945203
2025-11-17 21:00:00+00:00,2027-12-17 00:00:00+00:00,AVGO,AVGO271217C00300000,call,True,300.0,120.35,123.5,119.8,342.6499938964844,0.5507857421875001,0.0370259995532744,0.00688749465062872,10.0,1570.0,2025-11-17 20:17:04+00:00,0.7155555555555555,121.925,2.0794520547945203
2025-11-17 21:00:00+00:00,2027-12-17 00:00:00+00:00,AVGO,AVGO271217C00310000,call,True,310.0,115.8,119.0,116.93,342.6499938964844,0.5477950494384767,0.0370259995532744,0.00688749465062872,4.0,374.0,2025-11-17 19:23:47+00:00,1.603611111111111,117.4,2.0794520547945203
2025-11-17 21:00:00+00:00,2027-12-17 00:00:00+00:00,AVGO,AVGO271217C00320000,call,True,320.0,111.5,113.95,112.39,342.6499938964844,0.5431793119049073,0.0370259995532744,0.00688749465062872,58.0,520.0,2025-11-14 20:47:48+00:00,72.20333333333333,112.725,2.0794520547945203
2025-11-17 21:00:00+00:00,2027-12-17 00:00:00+00:00,AVGO,AVGO271217C00330000,call,True,330.0,107.35,109.45,110.93,342.6499938964844,0.5398452998352052,0.0370259995532744,0.00688749465062872,3.0,490.0,2025-11-17 14:39:31+00:00,6.341388888888889,108.4,2.0794520547945203
2025-11-17 21:00:00+00:00,2027-12-17 00:00:00+00:00,AVGO,AVGO271217C00340000,call,True,340.0,103.3,105.6,109.42,342.6499938964844,0.5378921943664552,0.0370259995532744,0.00688749465062872,8.0,607.0,2025-11-17 14:48:27+00:00,6.1925,104.44999999999999,2.0794520547945203
2025-11-17 21:00:00+00:00,2027-12-17 00:00:00+00:00,AVGO,AVGO271217C00350000,call,False,350.0,99.45,101.65,100.55,342.6499938964844,0.5354965884399415,0.0370259995532744,0.00688749465062872,261.0,3403.0,2025-11-17 19:30:56+00:00,1.4844444444444445,100.55000000000001,2.0794520547945203
2025-11-17 21:00:00+00:00,2027-12-17 00:00:00+00:00,AVGO,AVGO271217C00360000,call,False,360.0,95.7,98.5,96.5,342.6499938964844,0.5348480963897705,0.0370259995532744,0.00688749465062872,3.0,709.0,2025-11-17 20:50:04+00:00,0.16555555555555557,97.1,2.0794520547945203
2025-11-17 21:00:00+00:00,2027-12-17 00:00:00+00:00,AVGO,AVGO271217C00370000,call,False,370.0,92.1,93.9,94.4,342.6499938964844,0.5300950311279298,0.0370259995532744,0.00688749465062872,3.0,368.0,2025-11-17 16:12:06+00:00,4.798333333333333,93.0,2.0794520547945203
2025-11-17 21:00:00+00:00,2027-12-17 00:00:00+00:00,AVGO,AVGO271217C00380000,call,False,380.0,88.75,91.05,89.2,342.6499938964844,0.5300187379455568,0.0370259995532744,0.00688749465062872,2.0,1006.0,2025-11-17 19:20:03+00:00,1.6658333333333333,89.9,2.0794520547945203
2025-11-17 21:00:00+00:00,2027-12-17 00:00:00+00:00,AVGO,AVGO271217C00390000,call,False,390.0,85.4,87.85,86.47,342.6499938964844,0.5284089517974855,0.0370259995532744,0.00688749465062872,3.0,86.0,2025-11-17 20:52:12+00:00,0.13,86.625,2.0794520547945203
2025-11-17 21:00:00+00:00,2027-12-17 00:00:00+00:00,AVGO,AVGO271217C00400000,call,False,400.0,82.9,84.15,89.0,342.6499938964844,0.5271272263336182,0.0370259995532744,0.00688749465062872,6.0,715.0,2025-11-14 19:56:42+00:00,73.055,83.525,2.0794520547945203
2025-11-17 21:00:00+00:00,2027-12-17 00:00:00+00:00,AVGO,AVGO271217C00410000,call,False,410.0,79.85,81.05,80.54,342.6499938964844,0.5254258883666992,0.0370259995532744,0.00688749465062872,13.0,582.0,2025-11-14 19:19:44+00:00,73.67111111111112,80.44999999999999,2.0794520547945203
2025-11-17 21:00:00+00:00,2027-12-17 00:00:00+00:00,AVGO,AVGO271217C00420000,call,False,420.0,76.8,77.95,76.65,342.6499938964844,0.5231981274414061,0.0370259995532744,0.00688749465062872,1.0,450.0,2025-11-17 19:41:28+00:00,1.308888888888889,77.375,2.0794520547945203
2025-11-17 21:00:00+00:00,2027-12-17 00:00:00+00:00,AVGO,AVGO271217C00430000,call,False,430.0,74.05,75.25,74.78,342.6499938964844,0.5222520919799803,0.0370259995532744,0.00688749465062872,57.0,194.0,2025-11-14 18:54:57+00:00,74.08416666666666,74.65,2.0794520547945203
2025-11-17 21:00:00+00:00,2027-12-17 00:00:00+00:00,AVGO,AVGO271217C00440000,call,False,440.0,71.35,72.55,69.83,342.6499938964844,0.5209322199249268,0.0370259995532744,0.00688749465062872,10.0,238.0,2025-11-13 20:59:09+00:00,96.01416666666667,71.94999999999999,2.0794520547945203
2025-11-17 21:00:00+00:00,2027-12-17 00:00:00+00:00,AVGO,AVGO271217C00450000,call,False,450.0,68.7,69.75,69.45,342.6499938964844,0.5190172610473632,0.0370259995532744,0.00688749465062872,87.0,1113.0,2025-11-17 18:59:12+00:00,2.013333333333333,69.225,2.0794520547945203
2025-11-17 21:00:00+00:00,2027-12-17 00:00:00+00:00,AVGO,AVGO271217C00460000,call,False,460.0,66.2,67.25,66.7,342.6499938964844,0.5177889408111573,0.0370259995532744,0.00688749465062872,19.0,217.0,2025-11-13 15:23:51+00:00,101.6025,66.725,2.0794520547945203
2025-11-17 21:00:00+00:00,2027-12-17 00:00:00+00:00,AVGO,AVGO271217C00470000,call,False,470.0,63.8,64.8,63.95,342.6499938964844,0.5164995860290527,0.0370259995532744,0.00688749465062872,8.0,151.0,2025-11-17 19:37:13+00:00,1.3797222222222223,64.3,2.0794520547945203
2025-11-17 21:00:00+00:00,2027-12-17 00:00:00+00:00,AVGO,AVGO271217C00480000,call,False,480.0,61.45,62.65,63.28,342.6499938964844,0.5156756196594239,0.0370259995532744,0.00688749465062872,3.0,102.0,2025-11-17 17:50:31+00:00,3.1580555555555554,62.05,2.0794520547945203
2025-11-17 21:00:00+00:00,2027-12-17 00:00:00+00:00,AVGO,AVGO271217C00490000,call,False,490.0,59.25,60.4,59.8,342.6499938964844,0.5145617391967773,0.0370259995532744,0.00688749465062872,26.0,69.0,2025-11-14 19:04:05+00:00,73.93194444444444,59.825,2.0794520547945203
2025-11-17 21:00:00+00:00,2027-12-17 00:00:00+00:00,AVGO,AVGO271217C00500000,call,False,500.0,57.1,58.3,58.3,342.6499938964844,0.5135699278259276,0.0370259995532744,0.00688749465062872,49.0,282.0,2025-11-14 19:30:49+00:00,73.48638888888888,57.7,2.0794520547945203
2025-11-17 21:00:00+00:00,2027-12-17 00:00:00+00:00,AVGO,AVGO271217C00510000,call,False,510.0,55.05,56.1,57.5,342.6499938964844,0.512196650543213,0.0370259995532744,0.00688749465062872,15.0,86.0,2025-11-17 16:42:53+00:00,4.285277777777778,55.575,2.0794520547945203
2025-11-17 21:00:00+00:00,2027-12-17 00:00:00+00:00,AVGO,AVGO271217C00520000,call,False,520.0,53.1,54.25,53.5,342.6499938964844,0.5116091930389405,0.0370259995532744,0.00688749465062872,18.0,280.0,2025-11-14 20:05:54+00:00,72.90166666666667,53.675,2.0794520547945203
2025-11-17 21:00:00+00:00,2027-12-17 00:00:00+00:00,AVGO,AVGO271217C00530000,call,False,530.0,51.2,52.15,51.95,342.6499938964844,0.510144363937378,0.0370259995532744,0.00688749465062872,4.0,1224.0,2025-11-17 15:05:09+00:00,5.914166666666667,51.675,2.0794520547945203
2025-11-17 21:00:00+00:00,2027-12-17 00:00:00+00:00,AVGO,AVGO271217C00540000,call,False,540.0,49.4,50.5,49.4,342.6499938964844,0.5097628980255128,0.0370259995532744,0.00688749465062872,10.0,12.0,2025-11-14 20:42:24+00:00,72.29333333333334,49.95,2.0794520547945203
2025-11-17 21:00:00+00:00,2027-12-17 00:00:00+00:00,AVGO,AVGO271217C00560000,call,False,560.0,45.95,47.1,46.28,342.6499938964844,0.5081531118774415,0.0370259995532744,0.00688749465062872,4.0,53.0,2025-11-17 20:52:12+00:00,0.13,46.525000000000006,2.0794520547945203
2025-11-17 21:00:00+00:00,2027-12-17 00:00:00+00:00,AVGO,AVGO271217P00070000,put,False,70.0,1.93,2.17,2.04,342.6499938964844,0.6259803027343751,0.0370259995532744,0.00688749465062872,59.0,479.0,2025-11-17 15:17:00+00:00,5.716666666666667,2.05,2.0794520547945203
2025-11-17 21:00:00+00:00,2027-12-17 00:00:00+00:00,AVGO,AVGO271217P00075000,put,False,75.0,2.24,2.5,2.52,342.6499938964844,0.6162758099365235,0.0370259995532744,0.00688749465062872,1.0,79.0,2025-11-11 14:30:02+00:00,150.49944444444444,2.37,2.0794520547945203
2025-11-17 21:00:00+00:00,2027-12-17 00:00:00+00:00,AVGO,AVGO271217P00080000,put,False,80.0,2.58,2.91,2.71,342.6499938964844,0.6084023535156251,0.0370259995532744,0.00688749465062872,1.0,87.0,2025-11-07 15:42:19+00:00,245.29472222222222,2.745,2.0794520547945203
2025-11-17 21:00:00+00:00,2027-12-17 00:00:00+00:00,AVGO,AVGO271217P00085000,put,False,85.0,2.94,3.4,3.15,342.6499938964844,0.6017495880126955,0.0370259995532744,0.00688749465062872,1.0,227.0,2025-11-14 14:52:26+00:00,78.12611111111111,3.17,2.0794520547945203
2025-11-17 21:00:00+00:00,2027-12-17 00:00:00+00:00,AVGO,AVGO271217P00090000,put,False,90.0,3.3,3.8,3.2,342.6499938964844,0.5924113024902344,0.0370259995532744,0.00688749465062872,3.0,89.0,2025-11-06 15:51:22+00:00,269.1438888888889,3.55,2.0794520547945203
2025-11-17 21:00:00+00:00,2027-12-17 00:00:00+00:00,AVGO,AVGO271217P00095000,put,False,95.0,3.75,4.25,4.2,342.6499938964844,0.5850871569824219,0.0370259995532744,0.00688749465062872,34.0,465.0,2025-11-14 15:18:47+00:00,77.68694444444445,4.0,2.0794520547945203
2025-11-17 21:00:00+00:00,2027-12-17 00:00:00+00:00,AVGO,AVGO271217P00100000,put,False,100.0,4.25,4.7,4.4,342.6499938964844,0.5778240460205077,0.0370259995532744,0.00688749465062872,41.0,177.0,2025-11-14 16:27:42+00:00,76.53833333333333,4.475,2.0794520547945203
2025-11-17 21:00:00+00:00,2027-12-17 00:00:00+00:00,AVGO,AVGO271217P00105000,put,False,105.0,4.7,5.1,5.0,342.6499938964844,0.5686688641357422,0.0370259995532744,0.00688749465062872,3.0,688.0,2025-11-14 14:44:50+00:00,78.25277777777778,4.9,2.0794520547945203
2025-11-17 21:00:00+00:00,2027-12-17 00:00:00+00:00,AVGO,AVGO271217P00110000,put,False,110.0,5.2,5.75,5.15,342.6499938964844,0.5631757550048828,0.0370259995532744,0.00688749465062872,2.0,248.0,2025-11-03 15:30:57+00:00,341.4841666666667,5.475,2.0794520547945203
2025-11-17 21:00:00+00:00,2027-12-17 00:00:00+00:00,AVGO,AVGO271217P00115000,put,False,115.0,5.75,6.3,5.5,342.6499938964844,0.5563398858642579,0.0370259995532744,0.00688749465062872,1.0,179.0,2025-10-30 13:42:07+00:00,439.29805555555555,6.025,2.0794520547945203
2025-11-17 21:00:00+00:00,2027-12-17 00:00:00+00:00,AVGO,AVGO271217P00120000,put,False,120.0,6.35,6.9,6.97,342.6499938964844,0.5502364312744141,0.0370259995532744,0.00688749465062872,10.0,88.0,2025-11-14 14:30:29+00:00,78.49194444444444,6.625,2.0794520547945203
2025-11-17 21:00:00+00:00,2027-12-17 00:00:00+00:00,AVGO,AVGO271217P00125000,put,False,125.0,7.0,7.55,6.5,342.6499938964844,0.5446822875976562,0.0370259995532744,0.00688749465062872,3.0,167.0,2025-11-06 16:52:35+00:00,268.12361111111113,7.275,2.0794520547945203
2025-11-17 21:00:00+00:00,2027-12-17 00:00:00+00:00,AVGO,AVGO271217P00130000,put,False,130.0,7.7,8.25,7.75,342.6499938964844,0.5395553857421876,0.0370259995532744,0.00688749465062872,2.0,270.0,2025-11-17 16:54:06+00:00,4.098333333333334,7.975,2.0794520547945203
2025-11-17 21:00:00+00:00,2027-12-17 00:00:00+00:00,AVGO,AVGO271217P00135000,put,False,135.0,8.4,9.0,8.75,342.6499938964844,0.5343674493408204,0.0370259995532744,0.00688749465062872,29.0,278.0,2025-11-14 15:41:22+00:00,77.31055555555555,8.7,2.0794520547945203
2025-11-17 21:00:00+00:00,2027-12-17 00:00:00+00:00,AVGO,AVGO271217P00140000,put,False,140.0,9.2,9.7,9.4,342.6499938964844,0.5291184783935547,0.0370259995532744,0.00688749465062872,5.0,603.0,2025-11-14 17:47:33+00:00,75.2075,9.45,2.0794520547945203
2025-11-17 21:00:00+00:00,2027-12-17 00:00:00+00:00,AVGO,AVGO271217P00145000,put,False,145.0,10.05,10.6,9.06,342.6499938964844,0.5254564056396485,0.0370259995532744,0.00688749465062872,1.0,246.0,2025-10-24 15:17:03+00:00,581.7158333333333,10.325,2.0794520547945203
2025-11-17 21:00:00+00:00,2027-12-17 00:00:00+00:00,AVGO,AVGO271217P00150000,put,False,150.0,10.9,11.45,11.4,342.6499938964844,0.5208177801513671,0.0370259995532744,0.00688749465062872,10.0,761.0,2025-11-14 15:28:12+00:00,77.53,11.175,2.0794520547945203
2025-11-17 21:00:00+00:00,2027-12-17 00:00:00+00:00,AVGO,AVGO271217P00155000,put,False,155.0,11.8,12.4,10.24,342.6499938964844,0.5168200173950196,0.0370259995532744,0.00688749465062872,22.0,308.0,2025-11-07 14:30:02+00:00,246.49944444444444,12.100000000000001,2.0794520547945203
2025-11-17 21:00:00+00:00,2027-12-17 00:00:00+00:00,AVGO,AVGO271217P00160000,put,False,160.0,12.75,13.35,13.27,342.6499938964844,0.5126849269104004,0.0370259995532744,0.00688749465062872,40.0,418.0,2025-11-14 14:49:43+00:00,78.17138888888888,13.05,2.0794520547945203
2025-11-17 21:00:00+00:00,2027-12-17 00:00:00+00:00,AVGO,AVGO271217P00165000,put,False,165.0,13.8,14.4,12.58,342.6499938964844,0.5094043200683593,0.0370259995532744,0.00688749465062872,3.0,277.0,2025-11-06 19:40:24+00:00,265.32666666666665,14.100000000000001,2.0794520547945203
2025-11-17 21:00:00+00:00,2027-12-17 00:00:00+00:00,AVGO,AVGO271217P00170000,put,False,170.0,14.9,15.45,14.46,342.6499938964844,0.5059253509521484,0.0370259995532744,0.00688749465062872,38.0,666.0,2025-11-13 15:31:31+00:00,101.47472222222223,15.175,2.0794520547945203
2025-11-17 21:00:00+00:00,2027-12-17 00:00:00+00:00,AVGO,AVGO271217P00175000,put,False,175.0,16.0,16.55,16.13,342.6499938964844,0.5022937954711916,0.0370259995532744,0.00688749465062872,2.0,1044.0,2025-11-14 18:56:21+00:00,74.06083333333333,16.275,2.0794520547945203
2025-11-17 21:00:00+00:00,2027-12-17 00:00:00+00:00,AVGO,AVGO271217P00180000,put,False,180.0,17.05,17.75,16.8,342.6499938964844,0.5024311231994629,0.0370259995532744,0.00688749465062872,3.0,287.0,2025-11-17 17:28:06+00:00,3.5316666666666667,17.4,2.0794520547945203
2025-11-17 21:00:00+00:00,2027-12-17 00:00:00+00:00,AVGO,AVGO271217P00185000,put,False,185.0,18.25,18.95,16.85,342.6499938964844,0.4989216368103027,0.0370259995532744,0.00688749465062872,122.0,218.0,2025-11-10 17:17:44+00:00,171.70444444444445,18.6,2.0794520547945203
2025-11-17 21:00:00+00:00,2027-12-17 00:00:00+00:00,AVGO,AVGO271217P00190000,put,False,190.0,19.55,20.25,19.5,342.6499938964844,0.4960530131530762,0.0370259995532744,0.00688749465062872,6.0,431.0,2025-11-17 15:21:18+00:00,5.645,19.9,2.0794520547945203
2025-11-17 21:00:00+00:00,2027-12-17 00:00:00+00:00,AVGO,AVGO271217P00195000,put,False,195.0,20.85,21.55,21.8,342.6499938964844,0.49277240631103525,0.0370259995532744,0.00688749465062872,11.0,392.0,2025-11-14 15:12:04+00:00,77.79888888888888,21.200000000000003,2.0794520547945203
2025-11-17 21:00:00+00:00,2027-12-17 00:00:00+00:00,AVGO,AVGO271217P00200000,put,False,200.0,22.25,22.95,22.76,342.6499938964844,0.4900716276550294,0.0370259995532744,0.00688749465062872,1.0,2675.0,2025-11-13 16:12:12+00:00,100.79666666666667,22.6,2.0794520547945203
2025-11-17 21:00:00+00:00,2027-12-17 00:00:00+00:00,AVGO,AVGO271217P00210000,put,False,210.0,25.1,25.85,24.93,342.6499938964844,0.4844106735229492,0.0370259995532744,0.00688749465062872,3.0,432.0,2025-11-07 15:40:25+00:00,245.32638888888889,25.475,2.0794520547945203
2025-11-17 21:00:00+00:00,2027-12-17 00:00:00+00:00,AVGO,AVGO271217P00220000,put,False,220.0,28.3,29.0,28.6,342.6499938964844,0.4794516166687011,0.0370259995532744,0.00688749465062872,61.0,3111.0,2025-11-17 19:20:44+00:00,1.6544444444444444,28.65,2.0794520547945203
2025-11-17 21:00:00+00:00,2027-12-17 00:00:00+00:00,AVGO,AVGO271217P00230000,put,False,230.0,31.5,32.3,31.7,342.6499938964844,0.4742941975402832,0.0370259995532744,0.00688749465062872,56.0,1539.0,2025-11-14 18:54:57+00:00,74.08416666666666,31.9,2.0794520547945203
2025-11-17 21:00:00+00:00,2027-12-17 00:00:00+00:00,AVGO,AVGO271217P00240000,put,False,240.0,35.15,36.35,35.8,342.6499938964844,0.4734091966247559,0.0370259995532744,0.00688749465062872,1.0,608.0,2025-11-14 15:39:50+00:00,77.33611111111111,35.75,2.0794520547945203
2025-11-17 21:00:00+00:00,2027-12-17 00:00:00+00:00,AVGO,AVGO271217P00250000,put,False,250.0,38.8,40.15,38.92,342.6499938964844,0.4691825543212891,0.0370259995532744,0.00688749465062872,18.0,772.0,2025-11-14 20:55:57+00:00,72.0675,39.474999999999994,2.0794520547945203
2025-11-17 21:00:00+00:00,2027-12-17 00:00:00+00:00,AVGO,AVGO271217P00260000,put,False,260.0,42.75,43.6,38.93,342.6499938964844,0.46141590835571294,0.0370259995532744,0.00688749465062872,2.0,243.0,2025-11-10 15:33:50+00:00,173.4361111111111,43.175,2.0794520547945203
2025-11-17 21:00:00+00:00,2027-12-17 00:00:00+00:00,AVGO,AVGO271217P00270000,put,False,270.0,46.9,48.4,46.64,342.6499938964844,0.4615074601745606,0.0370259995532744,0.00688749465062872,1.0,293.0,2025-11-14 17:27:57+00:00,75.53416666666666,47.65,2.0794520547945203
2025-11-17 21:00:00+00:00,2027-12-17 00:00:00+00:00,AVGO,AVGO271217P00280000,put,False,280.0,51.25,52.15,52.45,342.6499938964844,0.4537026676177979,0.0370259995532744,0.00688749465062872,1.0,366.0,2025-11-14 14:52:06+00:00,78.13166666666666,51.7,2.0794520547945203
2025-11-17 21:00:00+00:00,2027-12-17 00:00:00+00:00,AVGO,AVGO271217P00290000,put,False,290.0,55.8,57.15,55.05,342.6499938964844,0.45261167510986333,0.0370259995532744,0.00688749465062872,6.0,337.0,2025-11-17 15:43:23+00:00,5.276944444444444,56.474999999999994,2.0794520547945203
2025-11-17 21:00:00+00:00,2027-12-17 00:00:00+00:00,AVGO,AVGO271217P00300000,put,False,300.0,60.3,61.5,61.3,342.6499938964844,0.44658451370239255,0.0370259995532744,0.00688749465062872,2.0,1375.0,2025-11-17 20:50:02+00:00,0.1661111111111111,60.9,2.0794520547945203
2025-11-17 21:00:00+00:00,2027-12-17 00:00:00+00:00,AVGO,AVGO271217P00310000,put,False,310.0,65.25,67.1,65.28,342.6499938964844,0.44681339324951175,0.0370259995532744,0.00688749465062872,1.0,193.0,2025-11-17 18:02:40+00:00,2.9555555555555557,66.175,2.0794520547945203
2025-11-17 21:00:00+00:00,2027-12-17 00:00:00+00:00,AVGO,AVGO271217P00320000,put,False,320.0,70.35,71.55,71.55,342.6499938964844,0.43954265296936035,0.0370259995532744,0.00688749465062872,36.0,372.0,2025-11-14 15:49:43+00:00,77.17138888888888,70.94999999999999,2.0794520547945203
2025-11-17 21:00:00+00:00,2027-12-17 00:00:00+00:00,AVGO,AVGO271217P00330000,put,False,330.0,75.6,76.85,77.9,342.6499938964844,0.4361628649902344,0.0370259995532744,0.00688749465062872,14.0,291.0,2025-11-14 15:11:33+00:00,77.8075,76.225,2.0794520547945203
2025-11-17 21:00:00+00:00,2027-12-17 00:00:00+00:00,AVGO,AVGO271217P00340000,put,False,340.0,80.95,82.35,79.15,342.6499938964844,0.4329814392852783,0.0370259995532744,0.00688749465062872,4.0,306.0,2025-11-17 15:01:54+00:00,5.968333333333334,81.65,2.0794520547945203
2025-11-17 21:00:00+00:00,2027-12-17 00:00:00+00:00,AVGO,AVGO271217P00350000,put,True,350.0,86.6,87.95,87.11,342.6499938964844,0.42947958221435545,0.0370259995532744,0.00688749465062872,7.0,483.0,2025-11-14 18:00:23+00:00,74.99361111111111,87.275,2.0794520547945203
2025-11-17 21:00:00+00:00,2027-12-17 00:00:00+00:00,AVGO,AVGO271217P00360000,put,True,360.0,92.35,93.75,94.7,342.6499938964844,0.4262066046905518,0.0370259995532744,0.00688749465062872,3.0,135.0,2025-11-14 15:44:48+00:00,77.25333333333333,93.05,2.0794520547945203
2025-11-17 21:00:00+00:00,2027-12-17 00:00:00+00:00,AVGO,AVGO271217P00370000,put,True,370.0,98.25,99.8,99.1,342.6499938964844,0.4234295328521729,0.0370259995532744,0.00688749465062872,2.0,328.0,2025-11-13 15:46:55+00:00,101.21805555555555,99.025,2.0794520547945203
2025-11-17 21:00:00+00:00,2027-12-17 00:00:00+00:00,AVGO,AVGO271217P00380000,put,True,380.0,104.4,105.8,103.4,342.6499938964844,0.4196148737335206,0.0370259995532744,0.00688749465062872,1.0,150.0,2025-11-14 20:25:59+00:00,72.56694444444445,105.1,2.0794520547945203
2025-11-17 21:00:00+00:00,2027-12-17 00:00:00+00:00,AVGO,AVGO271217P00390000,put,True,390.0,110.7,113.05,103.7,342.6499938964844,0.4214230221557618,0.0370259995532744,0.00688749465062872,11.0,143.0,2025-11-10 15:54:32+00:00,173.0911111111111,111.875,2.0794520547945203
2025-11-17 21:00:00+00:00,2027-12-17 00:00:00+00:00,AVGO,AVGO271217P00400000,put,True,400.0,116.95,119.45,117.06,342.6499938964844,0.4181576739501953,0.0370259995532744,0.00688749465062872,2.0,124.0,2025-11-14 20:16:47+00:00,72.72027777777778,118.2,2.0794520547945203
2025-11-17 21:00:00+00:00,2027-12-17 00:00:00+00:00,AVGO,AVGO271217P00410000,put,True,410.0,123.45,126.15,113.8,342.6499938964844,0.4157086627960205,0.0370259995532744,0.00688749465062872,2.0,17.0,2025-11-03 15:09:42+00:00,341.8383333333333,124.80000000000001,2.0794520547945203
2025-11-17 21:00:00+00:00,2027-12-17 00:00:00+00:00,AVGO,AVGO271217P00420000,put,True,420.0,130.35,132.85,130.6,342.6499938964844,0.4125730130004882,0.0370259995532744,0.00688749465062872,8.0,42.0,2025-11-14 20:38:49+00:00,72.35305555555556,131.6,2.0794520547945203
2025-11-17 21:00:00+00:00,2027-12-17 00:00:00+00:00,AVGO,AVGO271217P00430000,put,True,430.0,136.9,139.7,136.6,342.6499938964844,0.40952128570556634,0.0370259995532744,0.00688749465062872,12.0,146.0,2025-11-17 16:10:18+00:00,4.828333333333333,138.3,2.0794520547945203
2025-11-17 21:00:00+00:00,2027-12-17 00:00:00+00:00,AVGO,AVGO271217P00440000,put,True,440.0,143.85,146.75,144.05,342.6499938964844,0.4068357656860352,0.0370259995532744,0.00688749465062872,2.0,57.0,2025-11-14 17:04:14+00:00,75.92944444444444,145.3,2.0794520547945203
2025-11-17 21:00:00+00:00,2027-12-17 00:00:00+00:00,AVGO,AVGO271217P00450000,put,True,450.0,150.85,153.8,151.4,342.6499938964844,0.4035093829345704,0.0370259995532744,0.00688749465062872,2.0,276.0,2025-11-14 19:02:26+00:00,73.95944444444444,152.325,2.0794520547945203
2025-11-17 21:00:00+00:00,2027-12-17 00:00:00+00:00,AVGO,AVGO271217P00460000,put,True,460.0,158.05,161.05,155.95,342.6499938964844,0.4005797247314453,0.0370259995532744,0.00688749465062872,2.0,3.0,2025-11-17 17:02:05+00:00,3.9652777777777777,159.55,2.0794520547945203
2025-11-17 21:00:00+00:00,2027-12-17 00:00:00+00:00,AVGO,AVGO271217P00470000,put,True,470.0,165.35,168.4,166.4,342.6499938964844,0.39754325607299806,0.0370259995532744,0.00688749465062872,2.0,3.0,2025-11-14 18:11:33+00:00,74.8075,166.875,2.0794520547945203
2025-11-17 21:00:00+00:00,2027-12-17 00:00:00+00:00,AVGO,AVGO271217P00480000,put,True,480.0,172.75,175.9,169.15,342.6499938964844,0.39468989105224617,0.0370259995532744,0.00688749465062872,2.0,23.0,2025-11-17 14:49:05+00:00,6.1819444444444445,174.325,2.0794520547945203
2025-11-17 21:00:00+00:00,2027-12-17 00:00:00+00:00,AVGO,AVGO271217P00500000,put,True,500.0,187.9,190.8,185.3,342.6499938964844,0.38660281372070304,0.0370259995532744,0.00688749465062872,4.0,11.0,2025-11-17 17:02:12+00:00,3.9633333333333334,189.35000000000002,2.0794520547945203
2025-11-17 21:00:00+00:00,2027-12-17 00:00:00+00:00,AVGO,AVGO271217P00520000,put,True,520.0,203.4,205.0,205.93,342.6499938964844,0.37186297088623044,0.0370259995532744,0.00688749465062872,,1.0,2025-09-30 15:01:35+00:00,1157.973611111111,204.2,2.0794520547945203
2025-11-17 21:00:00+00:00,2027-12-17 00:00:00+00:00,AVGO,AVGO271217P00530000,put,True,530.0,211.5,214.75,204.77,342.6499938964844,0.3788209091186523,0.0370259995532744,0.00688749465062872,1.0,13.0,2025-11-11 15:41:40+00:00,149.30555555555554,213.125,2.0794520547945203
2025-11-17 21:00:00+00:00,2028-01-21 00:00:00+00:00,AVGO,AVGO280121C00170000,call,True,170.0,196.0,199.0,195.05,342.6499938964844,0.6021768298339845,0.0370259995532744,0.00688749465062872,6.0,20.0,2025-11-13 20:39:18+00:00,96.345,197.5,2.175342465753425
2025-11-17 21:00:00+00:00,2028-01-21 00:00:00+00:00,AVGO,AVGO280121C00175000,call,True,175.0,192.4,195.5,198.0,342.6499938964844,0.5980112220764162,0.0370259995532744,0.00688749465062872,1.0,27.0,2025-11-17 17:27:04+00:00,3.548888888888889,193.95,2.175342465753425
2025-11-17 21:00:00+00:00,2028-01-21 00:00:00+00:00,AVGO,AVGO280121C00180000,call,True,180.0,189.1,192.0,184.05,342.6499938964844,0.5950205293273927,0.0370259995532744,0.00688749465062872,3.0,7.0,2025-11-13 16:38:13+00:00,100.36305555555556,190.55,2.175342465753425
2025-11-17 21:00:00+00:00,2028-01-21 00:00:00+00:00,AVGO,AVGO280121C00185000,call,True,185.0,186.1,189.5,184.78,342.6499938964844,0.59785863571167,0.0370259995532744,0.00688749465062872,2.0,12.0,2025-11-13 20:41:51+00:00,96.3025,187.8,2.175342465753425
2025-11-17 21:00:00+00:00,2028-01-21 00:00:00+00:00,AVGO,AVGO280121C00190000,call,True,190.0,182.65,186.0,177.4,342.6499938964844,0.5932963034057618,0.0370259995532744,0.00688749465062872,2.0,11.0,2025-11-13 18:34:14+00:00,98.42944444444444,184.325,2.175342465753425
2025-11-17 21:00:00+00:00,2028-01-21 00:00:00+00:00,AVGO,AVGO280121C00195000,call,True,195.0,179.5,182.0,174.15,342.6499938964844,0.5876048320007323,0.0370259995532744,0.00688749465062872,2.0,4.0,2025-11-13 16:38:26+00:00,100.35944444444445,180.75,2.175342465753425
2025-11-17 21:00:00+00:00,2028-01-21 00:00:00+00:00,AVGO,AVGO280121C00200000,call,True,200.0,176.25,179.0,178.59,342.6499938964844,0.5856517265319823,0.0370259995532744,0.00688749465062872,1.0,118.0,2025-11-14 17:41:02+00:00,75.31611111111111,177.625,2.175342465753425
2025-11-17 21:00:00+00:00,2028-01-21 00:00:00+00:00,AVGO,AVGO280121C00210000,call,True,210.0,169.95,172.5,169.91,342.6499938964844,0.5794872373962403,0.0370259995532744,0.00688749465062872,29.0,26.0,2025-11-17 20:27:23+00:00,0.5436111111111112,171.225,2.175342465753425
2025-11-17 21:00:00+00:00,2028-01-21 00:00:00+00:00,AVGO,AVGO280121C00220000,call,True,220.0,163.85,166.5,175.0,342.6499938964844,0.5749554223632812,0.0370259995532744,0.00688749465062872,1.0,22.0,2025-11-12 15:34:45+00:00,125.42083333333333,165.175,2.175342465753425
2025-11-17 21:00:00+00:00,2028-01-21 00:00:00+00:00,AVGO,AVGO280121C00230000,call,True,230.0,157.95,160.5,158.95,342.6499938964844,0.570042141418457,0.0370259995532744,0.00688749465062872,3.0,87.0,2025-11-14 14:35:49+00:00,78.40305555555555,159.225,2.175342465753425
2025-11-17 21:00:00+00:00,2028-01-21 00:00:00+00:00,AVGO,AVGO280121C00240000,call,True,240.0,152.6,154.45,152.85,342.6499938964844,0.5658765336608886,0.0370259995532744,0.00688749465062872,1.0,27.0,2025-11-17 19:25:48+00:00,1.57,153.52499999999998,2.175342465753425
2025-11-17 21:00:00+00:00,2028-01-21 00:00:00+00:00,AVGO,AVGO280121C00250000,call,True,250.0,146.8,149.75,143.0,342.6499938964844,0.5637403245544435,0.0370259995532744,0.00688749465062872,1.0,47.0,2025-11-14 15:29:24+00:00,77.51,148.275,2.175342465753425
2025-11-17 21:00:00+00:00,2028-01-21 00:00:00+00:00,AVGO,AVGO280121C00260000,call,True,260.0,141.45,143.6,143.5,342.6499938964844,0.5572401454162599,0.0370259995532744,0.00688749465062872,6.0,71.0,2025-11-17 18:02:40+00:00,2.9555555555555557,142.52499999999998,2.175342465753425
2025-11-17 21:00:00+00:00,2028-01-21 00:00:00+00:00,AVGO,AVGO280121C00270000,call,True,270.0,136.3,138.8,139.59,342.6499938964844,0.5549055740356447,0.0370259995532744,0.00688749465062872,5.0,62.0,2025-11-17 17:51:55+00:00,3.1347222222222224,137.55,2.175342465753425
2025-11-17 21:00:00+00:00,2028-01-21 00:00:00+00:00,AVGO,AVGO280121C00280000,call,True,280.0,131.35,133.75,135.22,342.6499938964844,0.5514647515106202,0.0370259995532744,0.00688749465062872,1.0,174.0,2025-11-14 15:40:40+00:00,77.32222222222222,132.55,2.175342465753425
2025-11-17 21:00:00+00:00,2028-01-21 00:00:00+00:00,AVGO,AVGO280121C00290000,call,True,290.0,126.45,128.95,130.6,342.6499938964844,0.5480849635314944,0.0370259995532744,0.00688749465062872,2.0,33.0,2025-11-17 14:40:02+00:00,6.332777777777777,127.69999999999999,2.175342465753425
2025-11-17 21:00:00+00:00,2028-01-21 00:00:00+00:00,AVGO,AVGO280121C00300000,call,True,300.0,121.95,124.2,123.5,342.6499938964844,0.5452163398742678,0.0370259995532744,0.00688749465062872,5.0,876.0,2025-11-17 18:08:40+00:00,2.8555555555555556,123.075,2.175342465753425
2025-11-17 21:00:00+00:00,2028-01-21 00:00:00+00:00,AVGO,AVGO280121C00310000,call,True,310.0,117.5,119.95,116.05,342.6499938964844,0.5431259066772461,0.0370259995532744,0.00688749465062872,8.0,115.0,2025-11-14 15:40:26+00:00,77.32611111111112,118.725,2.175342465753425
2025-11-17 21:00:00+00:00,2028-01-21 00:00:00+00:00,AVGO,AVGO280121C00320000,call,True,320.0,113.2,115.9,116.75,342.6499938964844,0.541241465072632,0.0370259995532744,0.00688749465062872,9.0,73.0,2025-11-14 17:12:21+00:00,75.79416666666667,114.55000000000001,2.175342465753425
2025-11-17 21:00:00+00:00,2028-01-21 00:00:00+00:00,AVGO,AVGO280121C00330000,call,True,330.0,109.0,112.45,113.52,342.6499938964844,0.5405319384765627,0.0370259995532744,0.00688749465062872,5.0,146.0,2025-11-17 17:06:59+00:00,3.883611111111111,110.725,2.175342465753425
2025-11-17 21:00:00+00:00,2028-01-21 00:00:00+00:00,AVGO,AVGO280121C00340000,call,True,340.0,104.95,107.0,105.5,342.6499938964844,0.5341004232025146,0.0370259995532744,0.00688749465062872,11.0,356.0,2025-11-17 19:26:37+00:00,1.5563888888888888,105.975,2.175342465753425
2025-11-17 21:00:00+00:00,2028-01-21 00:00:00+00:00,AVGO,AVGO280121C00350000,call,False,350.0,101.3,103.4,104.9,342.6499938964844,0.5331009825134276,0.0370259995532744,0.00688749465062872,10.0,1661.0,2025-11-17 18:48:17+00:00,2.1952777777777777,102.35,2.175342465753425
2025-11-17 21:00:00+00:00,2028-01-21 00:00:00+00:00,AVGO,AVGO280121C00360000,call,False,360.0,97.4,100.1,98.68,342.6499938964844,0.5315598602294922,0.0370259995532744,0.00688749465062872,24.0,458.0,2025-11-17 19:23:47+00:00,1.603611111111111,98.75,2.175342465753425
2025-11-17 21:00:00+00:00,2028-01-21 00:00:00+00:00,AVGO,AVGO280121C00370000,call,False,370.0,94.05,96.55,98.15,342.6499938964844,0.5301713243103028,0.0370259995532744,0.00688749465062872,6.0,195.0,2025-11-17 16:48:08+00:00,4.197777777777778,95.3,2.175342465753425
2025-11-17 21:00:00+00:00,2028-01-21 00:00:00+00:00,AVGO,AVGO280121C00380000,call,False,380.0,90.55,93.1,91.0,342.6499938964844,0.5280656324768067,0.0370259995532744,0.00688749465062872,8.0,238.0,2025-11-17 18:02:04+00:00,2.9655555555555555,91.82499999999999,2.175342465753425
2025-11-17 21:00:00+00:00,2028-01-21 00:00:00+00:00,AVGO,AVGO280121C00390000,call,False,390.0,87.35,89.95,87.41,342.6499938964844,0.5269212347412109,0.0370259995532744,0.00688749465062872,7.0,213.0,2025-11-17 20:27:23+00:00,0.5436111111111112,88.65,2.175342465753425
2025-11-17 21:00:00+00:00,2028-01-21 00:00:00+00:00,AVGO,AVGO280121C00400000,call,False,400.0,84.9,86.0,83.95,342.6499938964844,0.5250901983642577,0.0370259995532744,0.00688749465062872,8.0,454.0,2025-11-17 20:38:40+00:00,0.35555555555555557,85.45,2.175342465753425
2025-11-17 21:00:00+00:00,2028-01-21 00:00:00+00:00,AVGO,AVGO280121C00410000,call,False,410.0,81.85,83.1,89.5,342.6499938964844,0.5238695074462891,0.0370259995532744,0.00688749465062872,1.0,161.0,2025-11-12 15:09:49+00:00,125.83638888888889,82.475,2.175342465753425
2025-11-17 21:00:00+00:00,2028-01-21 00:00:00+00:00,AVGO,AVGO280121C00420000,call,False,420.0,78.9,80.15,72.4,342.6499938964844,0.5222749799346923,0.0370259995532744,0.00688749465062872,2.0,256.0,2025-11-14 14:35:28+00:00,78.4088888888889,79.525,2.175342465753425
2025-11-17 21:00:00+00:00,2028-01-21 00:00:00+00:00,AVGO,AVGO280121C00430000,call,False,430.0,76.05,77.15,76.33,342.6499938964844,0.520314245147705,0.0370259995532744,0.00688749465062872,4.0,192.0,2025-11-17 14:52:09+00:00,6.130833333333333,76.6,2.175342465753425
2025-11-17 21:00:00+00:00,2028-01-21 00:00:00+00:00,AVGO,AVGO280121C00440000,call,False,440.0,73.35,74.4,74.42,342.6499938964844,0.5188799333190917,0.0370259995532744,0.00688749465062872,1.0,62.0,2025-11-17 18:06:14+00:00,2.8961111111111113,73.875,2.175342465753425
2025-11-17 21:00:00+00:00,2028-01-21 00:00:00+00:00,AVGO,AVGO280121C00450000,call,False,450.0,70.75,71.7,72.2,342.6499938964844,0.5173693283081054,0.0370259995532744,0.00688749465062872,1.0,222.0,2025-11-17 18:41:35+00:00,2.3069444444444445,71.225,2.175342465753425
2025-11-17 21:00:00+00:00,2028-01-21 00:00:00+00:00,AVGO,AVGO280121C00460000,call,False,460.0,68.2,69.3,68.25,342.6499938964844,0.5162935944366455,0.0370259995532744,0.00688749465062872,1.0,97.0,2025-11-14 20:50:53+00:00,72.15194444444444,68.75,2.175342465753425
2025-11-17 21:00:00+00:00,2028-01-21 00:00:00+00:00,AVGO,AVGO280121C00470000,call,False,470.0,65.8,67.0,66.3,342.6499938964844,0.5154162228393554,0.0370259995532744,0.00688749465062872,2.0,78.0,2025-11-14 19:04:30+00:00,73.925,66.4,2.175342465753425
2025-11-17 21:00:00+00:00,2028-01-21 00:00:00+00:00,AVGO,AVGO280121C00480000,call,False,480.0,63.45,64.6,64.3,342.6499938964844,0.5140047989654541,0.0370259995532744,0.00688749465062872,2.0,145.0,2025-11-17 18:02:12+00:00,2.9633333333333334,64.025,2.175342465753425
2025-11-17 21:00:00+00:00,2028-01-21 00:00:00+00:00,AVGO,AVGO280121C00490000,call,False,490.0,61.2,62.3,62.21,342.6499938964844,0.5127001855468749,0.0370259995532744,0.00688749465062872,7.0,60.0,2025-11-14 17:02:11+00:00,75.9636111111111,61.75,2.175342465753425
2025-11-17 21:00:00+00:00,2028-01-21 00:00:00+00:00,AVGO,AVGO280121C00500000,call,False,500.0,59.05,60.15,58.59,342.6499938964844,0.5116320809936524,0.0370259995532744,0.00688749465062872,1.0,288.0,2025-11-17 14:30:01+00:00,6.499722222222222,59.599999999999994,2.175342465753425
2025-11-17 21:00:00+00:00,2028-01-21 00:00:00+00:00,AVGO,AVGO280121C00510000,call,False,510.0,57.0,58.05,56.5,342.6499938964844,0.5105792350769043,0.0370259995532744,0.00688749465062872,1.0,132.0,2025-11-17 14:30:01+00:00,6.499722222222222,57.525,2.175342465753425
2025-11-17 21:00:00+00:00,2028-01-21 00:00:00+00:00,AVGO,AVGO280121C00520000,call,False,520.0,55.0,56.25,54.48,342.6499938964844,0.5100528121185304,0.0370259995532744,0.00688749465062872,53.0,835.0,2025-11-17 19:26:04+00:00,1.5655555555555556,55.625,2.175342465753425
2025-11-17 21:00:00+00:00,2028-01-21 00:00:00+00:00,AVGO,AVGO280121C00540000,call,False,540.0,51.25,52.45,52.2,342.6499938964844,0.5081073359680177,0.0370259995532744,0.00688749465062872,5.0,40.0,2025-11-07 20:05:48+00:00,240.90333333333334,51.85,2.175342465753425
2025-11-17 21:00:00+00:00,2028-01-21 00:00:00+00:00,AVGO,AVGO280121C00560000,call,False,560.0,47.8,48.75,47.6,342.6499938964844,0.5058948336791992,0.0370259995532744,0.00688749465062872,19.0,147.0,2025-11-17 20:31:44+00:00,0.4711111111111111,48.275,2.175342465753425
2025-11-17 21:00:00+00:00,2028-01-21 00:00:00+00:00,AVGO,AVGO280121P00170000,put,False,170.0,15.45,16.15,16.0,342.6499938964844,0.502080174560547,0.0370259995532744,0.00688749465062872,1.0,98.0,2025-11-17 20:36:15+00:00,0.3958333333333333,15.799999999999999,2.175342465753425
2025-11-17 21:00:00+00:00,2028-01-21 00:00:00+00:00,AVGO,AVGO280121P00175000,put,False,175.0,16.6,17.3,15.95,342.6499938964844,0.5026905200195313,0.0370259995532744,0.00688749465062872,1.0,35.0,2025-11-04 20:07:04+00:00,312.8822222222222,16.950000000000003,2.175342465753425
2025-11-17 21:00:00+00:00,2028-01-21 00:00:00+00:00,AVGO,AVGO280121P00180000,put,False,180.0,17.8,18.5,16.8,342.6499938964844,0.49933361999511716,0.0370259995532744,0.00688749465062872,5.0,29.0,2025-11-13 14:30:01+00:00,102.49972222222222,18.15,2.175342465753425
2025-11-17 21:00:00+00:00,2028-01-21 00:00:00+00:00,AVGO,AVGO280121P00185000,put,False,185.0,19.05,19.75,17.98,342.6499938964844,0.49609878906250005,0.0370259995532744,0.00688749465062872,,2.0,2025-10-20 17:38:43+00:00,675.3547222222222,19.4,2.175342465753425
2025-11-17 21:00:00+00:00,2028-01-21 00:00:00+00:00,AVGO,AVGO280121P00190000,put,False,190.0,20.35,21.05,18.8,342.6499938964844,0.4929555099487305,0.0370259995532744,0.00688749465062872,5.0,25.0,2025-11-11 14:42:29+00:00,150.29194444444445,20.700000000000003,2.175342465753425
2025-11-17 21:00:00+00:00,2028-01-21 00:00:00+00:00,AVGO,AVGO280121P00195000,put,False,195.0,21.65,22.4,22.35,342.6499938964844,0.48993429992675785,0.0370259995532744,0.00688749465062872,1.0,24.0,2025-11-13 16:23:54+00:00,100.60166666666667,22.025,2.175342465753425
2025-11-17 21:00:00+00:00,2028-01-21 00:00:00+00:00,AVGO,AVGO280121P00200000,put,False,200.0,23.15,23.8,23.67,342.6499938964844,0.4869893830871583,0.0370259995532744,0.00688749465062872,2.0,154.0,2025-11-17 19:56:57+00:00,1.0508333333333333,23.475,2.175342465753425
2025-11-17 21:00:00+00:00,2028-01-21 00:00:00+00:00,AVGO,AVGO280121P00210000,put,False,210.0,26.1,26.75,25.19,342.6499938964844,0.48135894622802733,0.0370259995532744,0.00688749465062872,1.0,82.0,2025-11-14 14:50:20+00:00,78.16111111111111,26.425,2.175342465753425
2025-11-17 21:00:00+00:00,2028-01-21 00:00:00+00:00,AVGO,AVGO280121P00220000,put,False,220.0,29.15,29.95,29.8,342.6499938964844,0.4764304066467285,0.0370259995532744,0.00688749465062872,11.0,115.0,2025-11-14 16:25:49+00:00,76.56972222222223,29.549999999999997,2.175342465753425
2025-11-17 21:00:00+00:00,2028-01-21 00:00:00+00:00,AVGO,AVGO280121P00230000,put,False,230.0,32.5,33.35,31.75,342.6499938964844,0.4717154879760742,0.0370259995532744,0.00688749465062872,771.0,837.0,2025-11-07 20:53:55+00:00,240.1013888888889,32.925,2.175342465753425
2025-11-17 21:00:00+00:00,2028-01-21 00:00:00+00:00,AVGO,AVGO280121P00240000,put,False,240.0,36.2,36.95,35.8,342.6499938964844,0.46718367294311525,0.0370259995532744,0.00688749465062872,1.0,160.0,2025-11-17 14:34:27+00:00,6.425833333333333,36.575,2.175342465753425
2025-11-17 21:00:00+00:00,2028-01-21 00:00:00+00:00,AVGO,AVGO280121P00250000,put,False,250.0,39.75,40.75,41.0,342.6499938964844,0.46285022018432626,0.0370259995532744,0.00688749465062872,4.0,263.0,2025-11-14 15:44:11+00:00,77.26361111111112,40.25,2.175342465753425
2025-11-17 21:00:00+00:00,2028-01-21 00:00:00+00:00,AVGO,AVGO280121P00260000,put,False,260.0,43.85,44.75,41.27,342.6499938964844,0.45869987106323246,0.0370259995532744,0.00688749465062872,2.0,463.0,2025-11-12 20:31:58+00:00,120.46722222222222,44.3,2.175342465753425
2025-11-17 21:00:00+00:00,2028-01-21 00:00:00+00:00,AVGO,AVGO280121P00270000,put,False,270.0,48.05,48.95,45.25,342.6499938964844,0.4547021083068848,0.0370259995532744,0.00688749465062872,1.0,112.0,2025-11-12 20:31:58+00:00,120.46722222222222,48.5,2.175342465753425
2025-11-17 21:00:00+00:00,2028-01-21 00:00:00+00:00,AVGO,AVGO280121P00280000,put,False,280.0,52.45,53.35,53.4,342.6499938964844,0.4508950785064698,0.0370259995532744,0.00688749465062872,76.0,454.0,2025-11-13 20:14:30+00:00,96.75833333333334,52.900000000000006,2.175342465753425
2025-11-17 21:00:00+00:00,2028-01-21 00:00:00+00:00,AVGO,AVGO280121P00290000,put,False,290.0,57.0,57.95,57.5,342.6499938964844,0.4472482643890381,0.0370259995532744,0.00688749465062872,1.0,160.0,2025-11-17 19:25:38+00:00,1.5727777777777778,57.475,2.175342465753425
2025-11-17 21:00:00+00:00,2028-01-21 00:00:00+00:00,AVGO,AVGO280121P00300000,put,False,300.0,61.7,62.75,62.7,342.6499938964844,0.4437769245910644,0.0370259995532744,0.00688749465062872,3.0,238.0,2025-11-17 19:00:31+00:00,1.9913888888888889,62.225,2.175342465753425
2025-11-17 21:00:00+00:00,2028-01-21 00:00:00+00:00,AVGO,AVGO280121P00310000,put,False,310.0,66.45,67.7,66.2,342.6499938964844,0.44020640365600583,0.0370259995532744,0.00688749465062872,1.0,98.0,2025-11-17 18:46:40+00:00,2.2222222222222223,67.075,2.175342465753425
2025-11-17 21:00:00+00:00,2028-01-21 00:00:00+00:00,AVGO,AVGO280121P00320000,put,False,320.0,71.55,72.85,71.85,342.6499938964844,0.43682661567687986,0.0370259995532744,0.00688749465062872,1.0,358.0,2025-11-17 18:08:42+00:00,2.855,72.19999999999999,2.175342465753425
2025-11-17 21:00:00+00:00,2028-01-21 00:00:00+00:00,AVGO,AVGO280121P00330000,put,False,330.0,76.85,78.15,78.19,342.6499938964844,0.43338579315185544,0.0370259995532744,0.00688749465062872,3.0,122.0,2025-11-17 19:55:39+00:00,1.0725,77.5,2.175342465753425
2025-11-17 21:00:00+00:00,2028-01-21 00:00:00+00:00,AVGO,AVGO280121P00340000,put,False,340.0,82.3,83.65,83.6,342.6499938964844,0.4301509622192383,0.0370259995532744,0.00688749465062872,8.0,314.0,2025-11-17 17:57:04+00:00,3.048888888888889,82.975,2.175342465753425
2025-11-17 21:00:00+00:00,2028-01-21 00:00:00+00:00,AVGO,AVGO280121P00350000,put,True,350.0,87.9,89.3,88.35,342.6499938964844,0.426885614013672,0.0370259995532744,0.00688749465062872,11.0,166.0,2025-11-14 18:01:34+00:00,74.9738888888889,88.6,2.175342465753425
2025-11-17 21:00:00+00:00,2028-01-21 00:00:00+00:00,AVGO,AVGO280121P00360000,put,True,360.0,93.85,95.1,93.06,342.6499938964844,0.42360500717163085,0.0370259995532744,0.00688749465062872,1.0,172.0,2025-11-17 16:34:02+00:00,4.432777777777778,94.475,2.175342465753425
2025-11-17 21:00:00+00:00,2028-01-21 00:00:00+00:00,AVGO,AVGO280121P00370000,put,True,370.0,99.65,101.05,98.3,342.6499938964844,0.42031677101135256,0.0370259995532744,0.00688749465062872,2.0,176.0,2025-11-17 16:48:54+00:00,4.185,100.35,2.175342465753425
2025-11-17 21:00:00+00:00,2028-01-21 00:00:00+00:00,AVGO,AVGO280121P00380000,put,True,380.0,105.75,107.15,106.48,342.6499938964844,0.4170437934875488,0.0370259995532744,0.00688749465062872,8.0,68.0,2025-11-14 18:01:41+00:00,74.97194444444445,106.45,2.175342465753425
2025-11-17 21:00:00+00:00,2028-01-21 00:00:00+00:00,AVGO,AVGO280121P00390000,put,True,390.0,112.1,113.4,106.5,342.6499938964844,0.4138013332366943,0.0370259995532744,0.00688749465062872,2.0,34.0,2025-11-04 20:21:24+00:00,312.6433333333333,112.75,2.175342465753425
2025-11-17 21:00:00+00:00,2028-01-21 00:00:00+00:00,AVGO,AVGO280121P00400000,put,True,400.0,118.2,119.8,118.38,342.6499938964844,0.41060464889526366,0.0370259995532744,0.00688749465062872,2.0,170.0,2025-11-14 20:13:25+00:00,72.77638888888889,119.0,2.175342465753425
2025-11-17 21:00:00+00:00,2028-01-21 00:00:00+00:00,AVGO,AVGO280121P00410000,put,True,410.0,124.7,126.35,124.6,342.6499938964844,0.40746136978149416,0.0370259995532744,0.00688749465062872,4.0,111.0,2025-11-14 17:31:28+00:00,75.47555555555556,125.525,2.175342465753425
2025-11-17 21:00:00+00:00,2028-01-21 00:00:00+00:00,AVGO,AVGO280121P00420000,put,True,420.0,131.35,133.0,131.95,342.6499938964844,0.40414261634826665,0.0370259995532744,0.00688749465062872,6.0,47.0,2025-11-14 20:26:12+00:00,72.56333333333333,132.175,2.175342465753425
2025-11-17 21:00:00+00:00,2028-01-21 00:00:00+00:00,AVGO,AVGO280121P00430000,put,True,430.0,137.95,139.3,131.9,342.6499938964844,0.3984282569885254,0.0370259995532744,0.00688749465062872,2.0,1.0,2025-10-03 17:07:38+00:00,1083.8727777777779,138.625,2.175342465753425
2025-11-17 21:00:00+00:00,2028-01-21 00:00:00+00:00,AVGO,AVGO280121P00440000,put,True,440.0,145.15,146.75,143.37,342.6499938964844,0.3977950235748291,0.0370259995532744,0.00688749465062872,5.0,11.0,2025-11-17 16:48:07+00:00,4.198055555555555,145.95,2.175342465753425
2025-11-17 21:00:00+00:00,2028-01-21 00:00:00+00:00,AVGO,AVGO280121P00450000,put,True,450.0,152.05,153.8,152.95,342.6499938964844,0.3945449340057373,0.0370259995532744,0.00688749465062872,2.0,14.0,2025-11-14 18:20:17+00:00,74.66194444444444,152.925,2.175342465753425
2025-11-17 21:00:00+00:00,2028-01-21 00:00:00+00:00,AVGO,AVGO280121P00460000,put,True,460.0,159.35,161.0,160.45,342.6499938964844,0.3914245428466796,0.0370259995532744,0.00688749465062872,2.0,1.0,2025-11-14 18:31:34+00:00,74.4738888888889,160.175,2.175342465753425
2025-11-17 21:00:00+00:00,2028-01-21 00:00:00+00:00,AVGO,AVGO280121P00470000,put,True,470.0,166.65,168.3,167.5,342.6499938964844,0.3882049705505371,0.0370259995532744,0.00688749465062872,2.0,3.0,2025-11-14 18:34:40+00:00,74.42222222222222,167.47500000000002,2.175342465753425
2025-11-17 21:00:00+00:00,2028-01-21 00:00:00+00:00,AVGO,AVGO280121P00500000,put,True,500.0,189.15,190.9,189.4,342.6499938964844,0.37855388298034665,0.0370259995532744,0.00688749465062872,2.0,2.0,2025-11-07 15:53:26+00:00,245.10944444444445,190.025,2.175342465753425
2025-11-17 21:00:00+00:00,2028-01-21 00:00:00+00:00,AVGO,AVGO280121P00510000,put,True,510.0,196.55,198.2,186.05,342.6499938964844,0.37284715293884274,0.0370259995532744,0.00688749465062872,,9.0,2025-10-13 13:30:02+00:00,847.4994444444444,197.375,2.175342465753425
2025-11-17 21:00:00+00:00,2028-01-21 00:00:00+00:00,AVGO,AVGO280121P00520000,put,True,520.0,204.7,206.45,189.15,342.6499938964844,0.37174090179443364,0.0370259995532744,0.00688749465062872,6.0,48.0,2025-10-27 19:30:25+00:00,505.49305555555554,205.575,2.175342465753425
2025-11-17 21:00:00+00:00,2028-01-21 00:00:00+00:00,AVGO,AVGO280121P00560000,put,True,560.0,237.0,238.85,247.25,342.6499938964844,0.3584582587432862,0.0370259995532744,0.00688749465062872,4.0,4.0,2025-11-14 14:34:52+00:00,78.41888888888889,237.925,2.175342465753425
