date,expiry,symbol,contractSymbol,type,inTheMoney,strike,bid,ask,last,underlying,iv_mkt,rate,div_yield,volume,openInterest,lastTradeDate,quote_age_hours,mid,T
2025-12-05 21:00:00+00:00,2025-12-05 00:00:00+00:00,MSFT,MSFT251205C00270000,call,True,270.0,211.25,214.3,210.25,480.8399963378906,5.791018386230468,0.03539610022899104,0.007070959208665306,6.0,12,2025-12-04 20:52:03+00:00,24.1325,212.775,0.0
2025-12-05 21:00:00+00:00,2025-12-05 00:00:00+00:00,MSFT,MSFT251205C00290000,call,True,290.0,191.25,194.65,191.34,480.8399963378906,5.409182926025389,0.03539610022899104,0.007070959208665306,2.0,1,2025-12-05 18:51:02+00:00,2.1494444444444443,192.95,0.0
2025-12-05 21:00:00+00:00,2025-12-05 00:00:00+00:00,MSFT,MSFT251205C00300000,call,True,300.0,181.25,184.55,182.58,480.8399963378906,5.033206833496093,0.03539610022899104,0.007070959208665306,12.0,6,2025-12-03 20:24:42+00:00,48.58833333333333,182.9,0.0
2025-12-05 21:00:00+00:00,2025-12-05 00:00:00+00:00,MSFT,MSFT251205C00320000,call,True,320.0,161.25,164.65,171.71,480.8399963378906,4.498051252441406,0.03539610022899104,0.007070959208665306,1.0,3,2025-12-02 16:19:34+00:00,76.67388888888888,162.95,0.0
2025-12-05 21:00:00+00:00,2025-12-05 00:00:00+00:00,MSFT,MSFT251205C00325000,call,True,325.0,156.25,158.65,166.89,480.8399963378906,3.615235336914063,0.03539610022899104,0.007070959208665306,1.0,3,2025-12-02 16:20:47+00:00,76.6536111111111,157.45,0.0
2025-12-05 21:00:00+00:00,2025-12-05 00:00:00+00:00,MSFT,MSFT251205C00345000,call,True,345.0,136.25,139.55,136.49,480.8399963378906,3.74218814453125,0.03539610022899104,0.007070959208665306,2.0,3,2025-12-03 20:40:49+00:00,48.319722222222225,137.9,0.0
2025-12-05 21:00:00+00:00,2025-12-05 00:00:00+00:00,MSFT,MSFT251205C00350000,call,True,350.0,131.25,134.7,128.79,480.8399963378906,3.680664860839844,0.03539610022899104,0.007070959208665306,1.0,4,2025-12-04 18:36:22+00:00,26.39388888888889,132.975,0.0
2025-12-05 21:00:00+00:00,2025-12-05 00:00:00+00:00,MSFT,MSFT251205C00355000,call,True,355.0,126.25,129.25,123.2,480.8399963378906,3.3173845190429683,0.03539610022899104,0.007070959208665306,,4,2025-11-20 20:40:16+00:00,360.3288888888889,127.75,0.0
2025-12-05 21:00:00+00:00,2025-12-05 00:00:00+00:00,MSFT,MSFT251205C00360000,call,True,360.0,121.25,124.4,137.85,480.8399963378906,3.2685565161132812,0.03539610022899104,0.007070959208665306,,1,2025-11-18 14:30:04+00:00,414.49888888888887,122.825,0.0
2025-12-05 21:00:00+00:00,2025-12-05 00:00:00+00:00,MSFT,MSFT251205C00370000,call,True,370.0,111.25,113.75,112.59,480.8399963378906,2.636722158203125,0.03539610022899104,0.007070959208665306,10.0,5,2025-12-03 20:24:42+00:00,48.58833333333333,112.5,0.0
2025-12-05 21:00:00+00:00,2025-12-05 00:00:00+00:00,MSFT,MSFT251205C00380000,call,True,380.0,101.25,104.65,98.45,480.8399963378906,2.86719033203125,0.03539610022899104,0.007070959208665306,2.0,3,2025-12-04 15:50:00+00:00,29.166666666666668,102.95,0.0
2025-12-05 21:00:00+00:00,2025-12-05 00:00:00+00:00,MSFT,MSFT251205C00385000,call,True,385.0,96.25,99.15,96.8,480.8399963378906,2.522464631347656,0.03539610022899104,0.007070959208665306,1.0,6,2025-12-05 16:10:14+00:00,4.829444444444444,97.7,0.0
2025-12-05 21:00:00+00:00,2025-12-05 00:00:00+00:00,MSFT,MSFT251205C00390000,call,True,390.0,91.25,94.25,91.44,480.8399963378906,2.4492226269531248,0.03539610022899104,0.007070959208665306,2.0,11,2025-12-05 19:52:40+00:00,1.1222222222222222,92.75,0.0
2025-12-05 21:00:00+00:00,2025-12-05 00:00:00+00:00,MSFT,MSFT251205C00395000,call,True,395.0,86.25,89.1,97.0,480.8399963378906,2.2617230957031245,0.03539610022899104,0.007070959208665306,4.0,5,2025-11-28 16:39:39+00:00,172.33916666666667,87.675,0.0
2025-12-05 21:00:00+00:00,2025-12-05 00:00:00+00:00,MSFT,MSFT251205C00400000,call,True,400.0,81.65,84.1,82.4,480.8399963378906,2.144535888671875,0.03539610022899104,0.007070959208665306,16.0,36,2025-12-05 20:35:45+00:00,0.4041666666666667,82.875,0.0
2025-12-05 21:00:00+00:00,2025-12-05 00:00:00+00:00,MSFT,MSFT251205C00405000,call,True,405.0,76.25,79.15,76.58,480.8399963378906,2.0493212829589846,0.03539610022899104,0.007070959208665306,1.0,4,2025-12-05 19:51:04+00:00,1.1488888888888888,77.7,0.0
2025-12-05 21:00:00+00:00,2025-12-05 00:00:00+00:00,MSFT,MSFT251205C00410000,call,True,410.0,71.25,74.25,71.84,480.8399963378906,1.9716798291015625,0.03539610022899104,0.007070959208665306,3.0,7,2025-12-05 20:12:11+00:00,0.7969444444444445,72.75,0.0
2025-12-05 21:00:00+00:00,2025-12-05 00:00:00+00:00,MSFT,MSFT251205C00415000,call,True,415.0,66.25,68.65,66.59,480.8399963378906,1.5859395703124997,0.03539610022899104,0.007070959208665306,4.0,1,2025-12-05 19:58:32+00:00,1.0244444444444445,67.45,0.0
2025-12-05 21:00:00+00:00,2025-12-05 00:00:00+00:00,MSFT,MSFT251205C00417500,call,True,417.5,64.15,67.05,64.1,480.8399963378906,1.8955083349609376,0.03539610022899104,0.007070959208665306,4.0,14,2025-12-05 19:58:32+00:00,1.0244444444444445,65.6,0.0
2025-12-05 21:00:00+00:00,2025-12-05 00:00:00+00:00,MSFT,MSFT251205C00420000,call,True,420.0,61.25,64.55,58.13,480.8399963378906,1.8344734838867183,0.03539610022899104,0.007070959208665306,2.0,4,2025-12-04 15:33:23+00:00,29.44361111111111,62.9,0.0
2025-12-05 21:00:00+00:00,2025-12-05 00:00:00+00:00,MSFT,MSFT251205C00422500,call,True,422.5,58.75,62.1,55.68,480.8399963378906,1.7885752758789062,0.03539610022899104,0.007070959208665306,2.0,11,2025-12-04 15:33:23+00:00,29.44361111111111,60.425,0.0
2025-12-05 21:00:00+00:00,2025-12-05 00:00:00+00:00,MSFT,MSFT251205C00425000,call,True,425.0,56.25,59.25,56.66,480.8399963378906,1.6186542504882815,0.03539610022899104,0.007070959208665306,2.0,9,2025-12-04 14:45:52+00:00,30.235555555555557,57.75,0.0
2025-12-05 21:00:00+00:00,2025-12-05 00:00:00+00:00,MSFT,MSFT251205C00427500,call,True,427.5,53.75,57.35,61.38,480.8399963378906,1.7333997705078126,0.03539610022899104,0.007070959208665306,1.0,1,2025-12-02 14:59:38+00:00,78.00611111111111,55.55,0.0
2025-12-05 21:00:00+00:00,2025-12-05 00:00:00+00:00,MSFT,MSFT251205C00430000,call,True,430.0,51.65,53.75,51.91,480.8399963378906,1.3183627832031248,0.03539610022899104,0.007070959208665306,7.0,26,2025-12-05 19:17:38+00:00,1.7061111111111111,52.7,0.0
2025-12-05 21:00:00+00:00,2025-12-05 00:00:00+00:00,MSFT,MSFT251205C00432500,call,True,432.5,49.15,51.1,46.35,480.8399963378906,1.1953165234375,0.03539610022899104,0.007070959208665306,1.0,5,2025-12-03 20:55:00+00:00,48.083333333333336,50.125,0.0
2025-12-05 21:00:00+00:00,2025-12-05 00:00:00+00:00,MSFT,MSFT251205C00435000,call,True,435.0,46.65,49.7,44.92,480.8399963378906,0.726565234375,0.03539610022899104,0.007070959208665306,13.0,27,2025-12-02 15:08:22+00:00,77.86055555555555,48.175,0.0
2025-12-05 21:00:00+00:00,2025-12-05 00:00:00+00:00,MSFT,MSFT251205C00437500,call,True,437.5,43.75,47.2,43.6,480.8399963378906,1.4448269946289063,0.03539610022899104,0.007070959208665306,1.0,2,2025-12-05 14:52:56+00:00,6.1177777777777775,45.475,0.0
2025-12-05 21:00:00+00:00,2025-12-05 00:00:00+00:00,MSFT,MSFT251205C00440000,call,True,440.0,41.65,44.3,42.5,480.8399963378906,1.2797887573242184,0.03539610022899104,0.007070959208665306,11.0,73,2025-12-05 15:59:34+00:00,5.0072222222222225,42.974999999999994,0.0
2025-12-05 21:00:00+00:00,2025-12-05 00:00:00+00:00,MSFT,MSFT251205C00445000,call,True,445.0,36.65,39.65,36.94,480.8399963378906,1.2451209619140622,0.03539610022899104,0.007070959208665306,4.0,98,2025-12-05 16:11:52+00:00,4.802222222222222,38.15,0.0
2025-12-05 21:00:00+00:00,2025-12-05 00:00:00+00:00,MSFT,MSFT251205C00450000,call,True,450.0,31.9,33.2,31.85,480.8399963378906,0.570316796875,0.03539610022899104,0.007070959208665306,120.0,172,2025-12-05 20:23:33+00:00,0.6075,32.55,0.0
2025-12-05 21:00:00+00:00,2025-12-05 00:00:00+00:00,MSFT,MSFT251205C00452500,call,True,452.5,29.4,30.7,30.45,480.8399963378906,0.5312546875,0.03539610022899104,0.007070959208665306,1.0,39,2025-12-03 20:54:50+00:00,48.08611111111111,30.049999999999997,0.0
2025-12-05 21:00:00+00:00,2025-12-05 00:00:00+00:00,MSFT,MSFT251205C00455000,call,True,455.0,26.9,28.2,27.95,480.8399963378906,0.49219257812500006,0.03539610022899104,0.007070959208665306,5.0,87,2025-12-04 17:48:25+00:00,27.193055555555556,27.549999999999997,0.0
2025-12-05 21:00:00+00:00,2025-12-05 00:00:00+00:00,MSFT,MSFT251205C00457500,call,True,457.5,24.4,25.7,25.45,480.8399963378906,0.45313046875,0.03539610022899104,0.007070959208665306,1.0,54,2025-12-03 16:16:20+00:00,52.727777777777774,25.049999999999997,0.0
2025-12-05 21:00:00+00:00,2025-12-05 00:00:00+00:00,MSFT,MSFT251205C00460000,call,True,460.0,22.9,23.2,22.35,480.8399963378906,0.41211525390625,0.03539610022899104,0.007070959208665306,88.0,285,2025-12-05 20:30:45+00:00,0.4875,23.049999999999997,0.0
2025-12-05 21:00:00+00:00,2025-12-05 00:00:00+00:00,MSFT,MSFT251205C00462500,call,True,462.5,20.4,20.7,18.48,480.8399963378906,0.3711000390625,0.03539610022899104,0.007070959208665306,14.0,36,2025-12-05 18:29:48+00:00,2.5033333333333334,20.549999999999997,0.0
2025-12-05 21:00:00+00:00,2025-12-05 00:00:00+00:00,MSFT,MSFT251205C00465000,call,True,465.0,17.9,18.2,17.95,480.8399963378906,0.3320379296875,0.03539610022899104,0.007070959208665306,67.0,472,2025-12-05 20:36:27+00:00,0.3925,18.049999999999997,0.0
2025-12-05 21:00:00+00:00,2025-12-05 00:00:00+00:00,MSFT,MSFT251205C00467500,call,True,467.5,14.4,15.7,14.85,480.8399963378906,0.2910227148437499,0.03539610022899104,0.007070959208665306,99.0,203,2025-12-05 20:30:34+00:00,0.4905555555555556,15.05,0.0
2025-12-05 21:00:00+00:00,2025-12-05 00:00:00+00:00,MSFT,MSFT251205C00470000,call,True,470.0,12.85,13.2,12.95,480.8399963378906,0.2500075,0.03539610022899104,0.007070959208665306,565.0,1472,2025-12-05 20:33:57+00:00,0.43416666666666665,13.024999999999999,0.0
2025-12-05 21:00:00+00:00,2025-12-05 00:00:00+00:00,MSFT,MSFT251205C00472500,call,True,472.5,10.35,10.7,9.85,480.8399963378906,0.20899228515624996,0.03539610022899104,0.007070959208665306,240.0,523,2025-12-05 20:52:22+00:00,0.1272222222222222,10.524999999999999,0.0
2025-12-05 21:00:00+00:00,2025-12-05 00:00:00+00:00,MSFT,MSFT251205C00475000,call,True,475.0,7.85,8.2,7.35,480.8399963378906,0.16602396484375004,0.03539610022899104,0.007070959208665306,781.0,1903,2025-12-05 20:49:18+00:00,0.17833333333333334,8.024999999999999,0.0
2025-12-05 21:00:00+00:00,2025-12-05 00:00:00+00:00,MSFT,MSFT251205C00477500,call,True,477.5,5.4,5.7,5.45,480.8399963378906,0.12207909179687501,0.03539610022899104,0.007070959208665306,1740.0,2774,2025-12-05 20:54:02+00:00,0.09944444444444445,5.550000000000001,0.0
2025-12-05 21:00:00+00:00,2025-12-05 00:00:00+00:00,MSFT,MSFT251205C00480000,call,True,480.0,2.88,3.2,3.0,480.8399963378906,0.07618111328125002,0.03539610022899104,0.007070959208665306,15650.0,5329,2025-12-05 20:59:10+00:00,0.013888888888888888,3.04,0.0
2025-12-05 21:00:00+00:00,2025-12-05 00:00:00+00:00,MSFT,MSFT251205C00482500,call,True,482.5,0.44,0.71,0.71,480.8399963378906,0.02540037109375,0.03539610022899104,0.007070959208665306,31414.0,4361,2025-12-05 20:59:32+00:00,0.0077777777777777776,0.575,0.0
2025-12-05 21:00:00+00:00,2025-12-05 00:00:00+00:00,MSFT,MSFT251205C00485000,call,False,485.0,0.0,0.01,0.01,480.8399963378906,0.038095556640625,0.03539610022899104,0.007070959208665306,25038.0,11232,2025-12-05 20:56:50+00:00,0.05277777777777778,0.005,0.0
2025-12-05 21:00:00+00:00,2025-12-05 00:00:00+00:00,MSFT,MSFT251205C00487500,call,False,487.5,0.0,0.01,0.01,480.8399963378906,0.07813421875000001,0.03539610022899104,0.007070959208665306,3366.0,3601,2025-12-05 20:59:24+00:00,0.01,0.005,0.0
2025-12-05 21:00:00+00:00,2025-12-05 00:00:00+00:00,MSFT,MSFT251205C00490000,call,False,490.0,0.0,0.01,0.01,480.8399963378906,0.11524322265625,0.03539610022899104,0.007070959208665306,4485.0,7067,2025-12-05 20:59:30+00:00,0.008333333333333333,0.005,0.0
2025-12-05 21:00:00+00:00,2025-12-05 00:00:00+00:00,MSFT,MSFT251205C00492500,call,False,492.5,0.0,0.01,0.01,480.8399963378906,0.15235222656250003,0.03539610022899104,0.007070959208665306,1155.0,4260,2025-12-05 20:59:25+00:00,0.009722222222222222,0.005,0.0
2025-12-05 21:00:00+00:00,2025-12-05 00:00:00+00:00,MSFT,MSFT251205C00495000,call,False,495.0,0.0,0.01,0.01,480.8399963378906,0.187508125,0.03539610022899104,0.007070959208665306,2959.0,4252,2025-12-05 20:59:02+00:00,0.01611111111111111,0.005,0.0
2025-12-05 21:00:00+00:00,2025-12-05 00:00:00+00:00,MSFT,MSFT251205C00497500,call,False,497.5,0.0,0.01,0.01,480.8399963378906,0.21875781249999998,0.03539610022899104,0.007070959208665306,258.0,2308,2025-12-05 20:58:40+00:00,0.022222222222222223,0.005,0.0
2025-12-05 21:00:00+00:00,2025-12-05 00:00:00+00:00,MSFT,MSFT251205C00500000,call,False,500.0,0.0,0.01,0.02,480.8399963378906,0.25391371093750004,0.03539610022899104,0.007070959208665306,2218.0,11267,2025-12-05 20:52:22+00:00,0.1272222222222222,0.005,0.0
2025-12-05 21:00:00+00:00,2025-12-05 00:00:00+00:00,MSFT,MSFT251205C00502500,call,False,502.5,0.0,0.01,0.01,480.8399963378906,0.28516339843749994,0.03539610022899104,0.007070959208665306,507.0,2818,2025-12-05 20:57:17+00:00,0.04527777777777778,0.005,0.0
2025-12-05 21:00:00+00:00,2025-12-05 00:00:00+00:00,MSFT,MSFT251205C00505000,call,False,505.0,0.0,0.01,0.01,480.8399963378906,0.32031929687499994,0.03539610022899104,0.007070959208665306,623.0,2632,2025-12-05 20:38:04+00:00,0.3655555555555556,0.005,0.0
2025-12-05 21:00:00+00:00,2025-12-05 00:00:00+00:00,MSFT,MSFT251205C00507500,call,False,507.5,0.0,0.01,0.01,480.8399963378906,0.35156898437499995,0.03539610022899104,0.007070959208665306,43.0,1280,2025-12-05 20:28:36+00:00,0.5233333333333333,0.005,0.0
2025-12-05 21:00:00+00:00,2025-12-05 00:00:00+00:00,MSFT,MSFT251205C00510000,call,False,510.0,0.0,0.01,0.01,480.8399963378906,0.38281867187499996,0.03539610022899104,0.007070959208665306,212.0,4882,2025-12-05 20:53:29+00:00,0.10861111111111112,0.005,0.0
2025-12-05 21:00:00+00:00,2025-12-05 00:00:00+00:00,MSFT,MSFT251205C00512500,call,False,512.5,0.0,0.01,0.01,480.8399963378906,0.414068359375,0.03539610022899104,0.007070959208665306,21.0,1746,2025-12-05 20:40:02+00:00,0.3327777777777778,0.005,0.0
2025-12-05 21:00:00+00:00,2025-12-05 00:00:00+00:00,MSFT,MSFT251205C00515000,call,False,515.0,0.0,0.01,0.01,480.8399963378906,0.437505625,0.03539610022899104,0.007070959208665306,98.0,2580,2025-12-05 20:55:55+00:00,0.06805555555555555,0.005,0.0
2025-12-05 21:00:00+00:00,2025-12-05 00:00:00+00:00,MSFT,MSFT251205C00517500,call,False,517.5,0.0,0.01,0.01,480.8399963378906,0.4687553125,0.03539610022899104,0.007070959208665306,33.0,585,2025-12-05 18:58:52+00:00,2.0188888888888887,0.005,0.0
2025-12-05 21:00:00+00:00,2025-12-05 00:00:00+00:00,MSFT,MSFT251205C00520000,call,False,520.0,0.0,0.01,0.01,480.8399963378906,0.500005,0.03539610022899104,0.007070959208665306,62.0,3168,2025-12-05 20:58:45+00:00,0.020833333333333332,0.005,0.0
2025-12-05 21:00:00+00:00,2025-12-05 00:00:00+00:00,MSFT,MSFT251205C00522500,call,False,522.5,0.0,0.01,0.01,480.8399963378906,0.500005,0.03539610022899104,0.007070959208665306,6.0,1958,2025-12-05 15:01:45+00:00,5.970833333333333,0.005,0.0
2025-12-05 21:00:00+00:00,2025-12-05 00:00:00+00:00,MSFT,MSFT251205C00525000,call,False,525.0,0.0,0.01,0.01,480.8399963378906,0.5312546875,0.03539610022899104,0.007070959208665306,148.0,1401,2025-12-05 20:34:53+00:00,0.4186111111111111,0.005,0.0
2025-12-05 21:00:00+00:00,2025-12-05 00:00:00+00:00,MSFT,MSFT251205C00527500,call,False,527.5,0.0,0.01,0.01,480.8399963378906,0.5468795312500001,0.03539610022899104,0.007070959208665306,94.0,440,2025-12-04 17:49:03+00:00,27.1825,0.005,0.0
2025-12-05 21:00:00+00:00,2025-12-05 00:00:00+00:00,MSFT,MSFT251205C00530000,call,False,530.0,0.0,0.01,0.01,480.8399963378906,0.57812921875,0.03539610022899104,0.007070959208665306,27.0,2455,2025-12-05 19:00:41+00:00,1.988611111111111,0.005,0.0
2025-12-05 21:00:00+00:00,2025-12-05 00:00:00+00:00,MSFT,MSFT251205C00535000,call,False,535.0,0.0,0.01,0.01,480.8399963378906,0.6250037500000001,0.03539610022899104,0.007070959208665306,4.0,1965,2025-12-05 16:09:31+00:00,4.841388888888889,0.005,0.0
2025-12-05 21:00:00+00:00,2025-12-05 00:00:00+00:00,MSFT,MSFT251205C00540000,call,False,540.0,0.0,0.01,0.01,480.8399963378906,0.6875031250000001,0.03539610022899104,0.007070959208665306,26.0,2499,2025-12-05 17:10:50+00:00,3.8194444444444446,0.005,0.0
2025-12-05 21:00:00+00:00,2025-12-05 00:00:00+00:00,MSFT,MSFT251205C00545000,call,False,545.0,0.0,0.01,0.01,480.8399963378906,0.73437765625,0.03539610022899104,0.007070959208665306,11.0,555,2025-12-04 17:16:32+00:00,27.724444444444444,0.005,0.0
2025-12-05 21:00:00+00:00,2025-12-05 00:00:00+00:00,MSFT,MSFT251205C00550000,call,False,550.0,0.0,0.01,0.01,480.8399963378906,0.7812521875,0.03539610022899104,0.007070959208665306,5.0,1838,2025-12-05 16:08:20+00:00,4.861111111111111,0.005,0.0
2025-12-05 21:00:00+00:00,2025-12-05 00:00:00+00:00,MSFT,MSFT251205C00555000,call,False,555.0,0.0,0.01,0.01,480.8399963378906,0.8437515624999999,0.03539610022899104,0.007070959208665306,10.0,434,2025-12-05 19:54:42+00:00,1.0883333333333334,0.005,0.0
2025-12-05 21:00:00+00:00,2025-12-05 00:00:00+00:00,MSFT,MSFT251205C00560000,call,False,560.0,0.0,0.01,0.01,480.8399963378906,0.87500125,0.03539610022899104,0.007070959208665306,216.0,556,2025-12-05 18:39:59+00:00,2.3336111111111113,0.005,0.0
2025-12-05 21:00:00+00:00,2025-12-05 00:00:00+00:00,MSFT,MSFT251205C00565000,call,False,565.0,0.0,0.01,0.01,480.8399963378906,0.937500625,0.03539610022899104,0.007070959208665306,1.0,395,2025-12-02 15:44:25+00:00,77.25972222222222,0.005,0.0
2025-12-05 21:00:00+00:00,2025-12-05 00:00:00+00:00,MSFT,MSFT251205C00570000,call,False,570.0,0.0,0.01,0.01,480.8399963378906,0.98437515625,0.03539610022899104,0.007070959208665306,5.0,1116,2025-12-04 20:57:57+00:00,24.034166666666668,0.005,0.0
2025-12-05 21:00:00+00:00,2025-12-05 00:00:00+00:00,MSFT,MSFT251205C00575000,call,False,575.0,0.0,0.01,0.01,480.8399963378906,1.0312548437500002,0.03539610022899104,0.007070959208665306,3.0,281,2025-12-02 15:19:07+00:00,77.68138888888889,0.005,0.0
2025-12-05 21:00:00+00:00,2025-12-05 00:00:00+00:00,MSFT,MSFT251205C00580000,call,False,580.0,0.0,0.01,0.01,480.8399963378906,1.09375453125,0.03539610022899104,0.007070959208665306,2.0,358,2025-12-04 20:57:57+00:00,24.034166666666668,0.005,0.0
2025-12-05 21:00:00+00:00,2025-12-05 00:00:00+00:00,MSFT,MSFT251205C00585000,call,False,585.0,0.0,0.01,0.01,480.8399963378906,1.125004375,0.03539610022899104,0.007070959208665306,2.0,245,2025-12-04 19:34:07+00:00,25.43138888888889,0.005,0.0
2025-12-05 21:00:00+00:00,2025-12-05 00:00:00+00:00,MSFT,MSFT251205C00590000,call,False,590.0,0.0,0.01,0.01,480.8399963378906,1.1875040625,0.03539610022899104,0.007070959208665306,10.0,997,2025-11-28 16:44:33+00:00,172.2575,0.005,0.0
2025-12-05 21:00:00+00:00,2025-12-05 00:00:00+00:00,MSFT,MSFT251205C00595000,call,False,595.0,0.0,0.01,0.01,480.8399963378906,1.21875390625,0.03539610022899104,0.007070959208665306,8.0,193,2025-12-02 17:07:08+00:00,75.88111111111111,0.005,0.0
2025-12-05 21:00:00+00:00,2025-12-05 00:00:00+00:00,MSFT,MSFT251205C00600000,call,False,600.0,0.0,0.01,0.01,480.8399963378906,1.2500037499999999,0.03539610022899104,0.007070959208665306,1.0,717,2025-12-03 16:57:53+00:00,52.03527777777778,0.005,0.0
2025-12-05 21:00:00+00:00,2025-12-05 00:00:00+00:00,MSFT,MSFT251205C00605000,call,False,605.0,0.0,0.01,0.05,480.8399963378906,1.3125034374999998,0.03539610022899104,0.007070959208665306,10.0,49,2025-11-13 16:36:11+00:00,532.3969444444444,0.005,0.0
2025-12-05 21:00:00+00:00,2025-12-05 00:00:00+00:00,MSFT,MSFT251205C00610000,call,False,610.0,0.0,0.01,0.17,480.8399963378906,1.3437532812499997,0.03539610022899104,0.007070959208665306,3.0,39,2025-11-05 19:18:25+00:00,721.6930555555556,0.005,0.0
2025-12-05 21:00:00+00:00,2025-12-05 00:00:00+00:00,MSFT,MSFT251205C00615000,call,False,615.0,0.0,0.01,0.01,480.8399963378906,1.3750031249999999,0.03539610022899104,0.007070959208665306,1.0,41,2025-12-03 16:47:39+00:00,52.20583333333333,0.005,0.0
2025-12-05 21:00:00+00:00,2025-12-05 00:00:00+00:00,MSFT,MSFT251205C00620000,call,False,620.0,0.0,0.01,0.09,480.8399963378906,1.4375028125,0.03539610022899104,0.007070959208665306,2.0,13,2025-11-06 16:07:14+00:00,700.8794444444444,0.005,0.0
2025-12-05 21:00:00+00:00,2025-12-05 00:00:00+00:00,MSFT,MSFT251205C00625000,call,False,625.0,0.0,0.01,0.04,480.8399963378906,1.5000025,0.03539610022899104,0.007070959208665306,2.0,28,2025-11-12 20:57:20+00:00,552.0444444444445,0.005,0.0
2025-12-05 21:00:00+00:00,2025-12-05 00:00:00+00:00,MSFT,MSFT251205C00630000,call,False,630.0,0.0,0.01,0.01,480.8399963378906,1.5000025,0.03539610022899104,0.007070959208665306,1.0,57,2025-12-02 14:30:00+00:00,78.5,0.005,0.0
2025-12-05 21:00:00+00:00,2025-12-05 00:00:00+00:00,MSFT,MSFT251205C00635000,call,False,635.0,0.0,0.01,0.09,480.8399963378906,1.5625021874999998,0.03539610022899104,0.007070959208665306,1.0,20,2025-11-04 20:00:08+00:00,744.9977777777777,0.005,0.0
2025-12-05 21:00:00+00:00,2025-12-05 00:00:00+00:00,MSFT,MSFT251205C00640000,call,False,640.0,0.0,0.01,0.01,480.8399963378906,1.625001875,0.03539610022899104,0.007070959208665306,2.0,23,2025-11-20 20:40:17+00:00,360.3286111111111,0.005,0.0
2025-12-05 21:00:00+00:00,2025-12-05 00:00:00+00:00,MSFT,MSFT251205C00645000,call,False,645.0,0.0,0.01,0.01,480.8399963378906,1.625001875,0.03539610022899104,0.007070959208665306,1.0,1,2025-12-02 14:30:02+00:00,78.49944444444445,0.005,0.0
2025-12-05 21:00:00+00:00,2025-12-05 00:00:00+00:00,MSFT,MSFT251205C00650000,call,False,650.0,0.0,0.01,0.01,480.8399963378906,1.6875015625,0.03539610022899104,0.007070959208665306,1.0,35,2025-12-02 14:30:00+00:00,78.5,0.005,0.0
2025-12-05 21:00:00+00:00,2025-12-05 00:00:00+00:00,MSFT,MSFT251205C00655000,call,False,655.0,0.0,0.01,0.01,480.8399963378906,1.71875140625,0.03539610022899104,0.007070959208665306,2.0,21,2025-12-02 17:59:33+00:00,75.0075,0.005,0.0
2025-12-05 21:00:00+00:00,2025-12-05 00:00:00+00:00,MSFT,MSFT251205P00270000,put,False,270.0,0.0,0.01,0.01,480.8399963378906,3.2500018749999997,0.03539610022899104,0.007070959208665306,1.0,4,2025-12-01 14:40:43+00:00,102.32138888888889,0.005,0.0
2025-12-05 21:00:00+00:00,2025-12-05 00:00:00+00:00,MSFT,MSFT251205P00280000,put,False,280.0,0.0,0.01,0.01,480.8399963378906,3.06250234375,0.03539610022899104,0.007070959208665306,5.0,19,2025-11-24 14:31:00+00:00,270.48333333333335,0.005,0.0
2025-12-05 21:00:00+00:00,2025-12-05 00:00:00+00:00,MSFT,MSFT251205P00300000,put,False,300.0,0.0,0.01,0.02,480.8399963378906,2.68750328125,0.03539610022899104,0.007070959208665306,3.0,10,2025-11-24 14:43:55+00:00,270.2680555555556,0.005,0.0
2025-12-05 21:00:00+00:00,2025-12-05 00:00:00+00:00,MSFT,MSFT251205P00310000,put,False,310.0,0.0,0.01,0.01,480.8399963378906,2.50000375,0.03539610022899104,0.007070959208665306,40.0,61,2025-11-24 15:21:11+00:00,269.64694444444444,0.005,0.0
2025-12-05 21:00:00+00:00,2025-12-05 00:00:00+00:00,MSFT,MSFT251205P00320000,put,False,320.0,0.0,0.01,0.01,480.8399963378906,2.3750040624999995,0.03539610022899104,0.007070959208665306,20.0,56,2025-11-25 15:10:49+00:00,245.81972222222223,0.005,0.0
2025-12-05 21:00:00+00:00,2025-12-05 00:00:00+00:00,MSFT,MSFT251205P00325000,put,False,325.0,0.0,0.01,0.01,480.8399963378906,2.2500043749999996,0.03539610022899104,0.007070959208665306,1.0,4,2025-11-25 15:34:41+00:00,245.42194444444445,0.005,0.0
2025-12-05 21:00:00+00:00,2025-12-05 00:00:00+00:00,MSFT,MSFT251205P00330000,put,False,330.0,0.0,0.01,0.02,480.8399963378906,2.1875045312499997,0.03539610022899104,0.007070959208665306,36.0,37,2025-11-25 15:16:21+00:00,245.7275,0.005,0.0
2025-12-05 21:00:00+00:00,2025-12-05 00:00:00+00:00,MSFT,MSFT251205P00335000,put,False,335.0,0.0,0.01,0.01,480.8399963378906,2.1250046874999997,0.03539610022899104,0.007070959208665306,1.0,45,2025-12-01 16:44:04+00:00,100.26555555555555,0.005,0.0
2025-12-05 21:00:00+00:00,2025-12-05 00:00:00+00:00,MSFT,MSFT251205P00340000,put,False,340.0,0.0,0.01,0.01,480.8399963378906,2.000005,0.03539610022899104,0.007070959208665306,1.0,49,2025-12-01 17:58:45+00:00,99.02083333333333,0.005,0.0
2025-12-05 21:00:00+00:00,2025-12-05 00:00:00+00:00,MSFT,MSFT251205P00345000,put,False,345.0,0.0,0.01,0.03,480.8399963378906,1.9375003125,0.03539610022899104,0.007070959208665306,16.0,55,2025-11-24 18:25:32+00:00,266.57444444444445,0.005,0.0
2025-12-05 21:00:00+00:00,2025-12-05 00:00:00+00:00,MSFT,MSFT251205P00350000,put,False,350.0,0.0,0.01,0.01,480.8399963378906,1.875000625,0.03539610022899104,0.007070959208665306,6.0,43,2025-12-03 15:33:06+00:00,53.44833333333333,0.005,0.0
2025-12-05 21:00:00+00:00,2025-12-05 00:00:00+00:00,MSFT,MSFT251205P00355000,put,False,355.0,0.0,0.01,0.01,480.8399963378906,1.78125109375,0.03539610022899104,0.007070959208665306,22.0,52,2025-11-26 19:21:09+00:00,217.6475,0.005,0.0
2025-12-05 21:00:00+00:00,2025-12-05 00:00:00+00:00,MSFT,MSFT251205P00360000,put,False,360.0,0.0,0.01,0.01,480.8399963378906,1.6875015625,0.03539610022899104,0.007070959208665306,3.0,107,2025-12-04 16:14:05+00:00,28.76527777777778,0.005,0.0
2025-12-05 21:00:00+00:00,2025-12-05 00:00:00+00:00,MSFT,MSFT251205P00365000,put,False,365.0,0.0,0.01,0.01,480.8399963378906,1.625001875,0.03539610022899104,0.007070959208665306,5.0,538,2025-11-28 15:12:15+00:00,173.79583333333332,0.005,0.0
2025-12-05 21:00:00+00:00,2025-12-05 00:00:00+00:00,MSFT,MSFT251205P00370000,put,False,370.0,0.0,0.01,0.02,480.8399963378906,1.5625021874999998,0.03539610022899104,0.007070959208665306,5.0,64,2025-12-01 14:30:12+00:00,102.49666666666667,0.005,0.0
2025-12-05 21:00:00+00:00,2025-12-05 00:00:00+00:00,MSFT,MSFT251205P00375000,put,False,375.0,0.0,0.01,0.01,480.8399963378906,1.5000025,0.03539610022899104,0.007070959208665306,5.0,27,2025-12-03 14:39:55+00:00,54.334722222222226,0.005,0.0
2025-12-05 21:00:00+00:00,2025-12-05 00:00:00+00:00,MSFT,MSFT251205P00380000,put,False,380.0,0.0,0.01,0.01,480.8399963378906,1.40625296875,0.03539610022899104,0.007070959208665306,1.0,151,2025-12-03 14:45:37+00:00,54.23972222222222,0.005,0.0
2025-12-05 21:00:00+00:00,2025-12-05 00:00:00+00:00,MSFT,MSFT251205P00385000,put,False,385.0,0.0,0.01,0.01,480.8399963378906,1.3437532812499997,0.03539610022899104,0.007070959208665306,3.0,59,2025-12-01 14:45:07+00:00,102.24805555555555,0.005,0.0
2025-12-05 21:00:00+00:00,2025-12-05 00:00:00+00:00,MSFT,MSFT251205P00390000,put,False,390.0,0.0,0.01,0.01,480.8399963378906,1.2812535937499998,0.03539610022899104,0.007070959208665306,6.0,58,2025-12-05 18:21:45+00:00,2.6375,0.005,0.0
2025-12-05 21:00:00+00:00,2025-12-05 00:00:00+00:00,MSFT,MSFT251205P00395000,put,False,395.0,0.0,0.01,0.01,480.8399963378906,1.1875040625,0.03539610022899104,0.007070959208665306,5.0,209,2025-12-05 18:10:31+00:00,2.8247222222222224,0.005,0.0
2025-12-05 21:00:00+00:00,2025-12-05 00:00:00+00:00,MSFT,MSFT251205P00400000,put,False,400.0,0.0,0.01,0.01,480.8399963378906,1.125004375,0.03539610022899104,0.007070959208665306,10.0,330,2025-12-05 20:09:13+00:00,0.8463888888888889,0.005,0.0
2025-12-05 21:00:00+00:00,2025-12-05 00:00:00+00:00,MSFT,MSFT251205P00405000,put,False,405.0,0.0,0.01,0.01,480.8399963378906,1.0625046875000002,0.03539610022899104,0.007070959208665306,5.0,199,2025-12-05 20:10:25+00:00,0.8263888888888888,0.005,0.0
2025-12-05 21:00:00+00:00,2025-12-05 00:00:00+00:00,MSFT,MSFT251205P00410000,put,False,410.0,0.0,0.01,0.01,480.8399963378906,0.98437515625,0.03539610022899104,0.007070959208665306,1.0,259,2025-12-05 20:35:58+00:00,0.40055555555555555,0.005,0.0
2025-12-05 21:00:00+00:00,2025-12-05 00:00:00+00:00,MSFT,MSFT251205P00412500,put,False,412.5,0.0,0.01,0.02,480.8399963378906,0.9687503125,0.03539610022899104,0.007070959208665306,28.0,180,2025-12-03 14:51:39+00:00,54.13916666666667,0.005,0.0
2025-12-05 21:00:00+00:00,2025-12-05 00:00:00+00:00,MSFT,MSFT251205P00415000,put,False,415.0,0.0,0.01,0.01,480.8399963378906,0.937500625,0.03539610022899104,0.007070959208665306,10.0,274,2025-12-03 19:52:37+00:00,49.12305555555555,0.005,0.0
2025-12-05 21:00:00+00:00,2025-12-05 00:00:00+00:00,MSFT,MSFT251205P00417500,put,False,417.5,0.0,0.01,0.01,480.8399963378906,0.8906260937499999,0.03539610022899104,0.007070959208665306,2.0,154,2025-12-03 17:29:37+00:00,51.506388888888885,0.005,0.0
2025-12-05 21:00:00+00:00,2025-12-05 00:00:00+00:00,MSFT,MSFT251205P00420000,put,False,420.0,0.0,0.01,0.01,480.8399963378906,0.8437515624999999,0.03539610022899104,0.007070959208665306,10.0,903,2025-12-04 18:55:46+00:00,26.070555555555554,0.005,0.0
2025-12-05 21:00:00+00:00,2025-12-05 00:00:00+00:00,MSFT,MSFT251205P00422500,put,False,422.5,0.0,0.01,0.01,480.8399963378906,0.8125018749999999,0.03539610022899104,0.007070959208665306,324.0,415,2025-12-03 15:20:29+00:00,53.658611111111114,0.005,0.0
2025-12-05 21:00:00+00:00,2025-12-05 00:00:00+00:00,MSFT,MSFT251205P00425000,put,False,425.0,0.0,0.01,0.01,480.8399963378906,0.7812521875,0.03539610022899104,0.007070959208665306,6.0,315,2025-12-04 19:39:31+00:00,25.34138888888889,0.005,0.0
2025-12-05 21:00:00+00:00,2025-12-05 00:00:00+00:00,MSFT,MSFT251205P00427500,put,False,427.5,0.0,0.01,0.01,480.8399963378906,0.7500025,0.03539610022899104,0.007070959208665306,10.0,214,2025-12-03 17:18:23+00:00,51.69361111111111,0.005,0.0
2025-12-05 21:00:00+00:00,2025-12-05 00:00:00+00:00,MSFT,MSFT251205P00430000,put,False,430.0,0.0,0.01,0.01,480.8399963378906,0.7187528125,0.03539610022899104,0.007070959208665306,19.0,597,2025-12-05 20:53:20+00:00,0.1111111111111111,0.005,0.0
2025-12-05 21:00:00+00:00,2025-12-05 00:00:00+00:00,MSFT,MSFT251205P00432500,put,False,432.5,0.0,0.01,0.01,480.8399963378906,0.6875031250000001,0.03539610022899104,0.007070959208665306,1.0,175,2025-12-04 15:51:48+00:00,29.136666666666667,0.005,0.0
2025-12-05 21:00:00+00:00,2025-12-05 00:00:00+00:00,MSFT,MSFT251205P00435000,put,False,435.0,0.0,0.01,0.01,480.8399963378906,0.6562534375000001,0.03539610022899104,0.007070959208665306,1.0,906,2025-12-05 15:07:07+00:00,5.881388888888889,0.005,0.0
2025-12-05 21:00:00+00:00,2025-12-05 00:00:00+00:00,MSFT,MSFT251205P00437500,put,False,437.5,0.0,0.01,0.01,480.8399963378906,0.6250037500000001,0.03539610022899104,0.007070959208665306,15.0,112,2025-12-05 18:35:49+00:00,2.4030555555555555,0.005,0.0
2025-12-05 21:00:00+00:00,2025-12-05 00:00:00+00:00,MSFT,MSFT251205P00440000,put,False,440.0,0.0,0.01,0.01,480.8399963378906,0.5937540625000001,0.03539610022899104,0.007070959208665306,16.0,823,2025-12-05 20:32:42+00:00,0.455,0.005,0.0
2025-12-05 21:00:00+00:00,2025-12-05 00:00:00+00:00,MSFT,MSFT251205P00442500,put,False,442.5,0.0,0.01,0.01,480.8399963378906,0.5625043750000001,0.03539610022899104,0.007070959208665306,15.0,245,2025-12-05 15:50:04+00:00,5.165555555555556,0.005,0.0
2025-12-05 21:00:00+00:00,2025-12-05 00:00:00+00:00,MSFT,MSFT251205P00445000,put,False,445.0,0.0,0.01,0.01,480.8399963378906,0.5312546875,0.03539610022899104,0.007070959208665306,4.0,1626,2025-12-05 15:23:34+00:00,5.607222222222222,0.005,0.0
2025-12-05 21:00:00+00:00,2025-12-05 00:00:00+00:00,MSFT,MSFT251205P00447500,put,False,447.5,0.0,0.01,0.01,480.8399963378906,0.500005,0.03539610022899104,0.007070959208665306,14.0,704,2025-12-05 15:35:22+00:00,5.410555555555556,0.005,0.0
2025-12-05 21:00:00+00:00,2025-12-05 00:00:00+00:00,MSFT,MSFT251205P00450000,put,False,450.0,0.0,0.01,0.01,480.8399963378906,0.49219257812500006,0.03539610022899104,0.007070959208665306,21.0,2544,2025-12-05 18:32:18+00:00,2.4616666666666664,0.005,0.0
2025-12-05 21:00:00+00:00,2025-12-05 00:00:00+00:00,MSFT,MSFT251205P00452500,put,False,452.5,0.0,0.01,0.01,480.8399963378906,0.45313046875,0.03539610022899104,0.007070959208665306,150.0,367,2025-12-05 20:17:31+00:00,0.7080555555555555,0.005,0.0
2025-12-05 21:00:00+00:00,2025-12-05 00:00:00+00:00,MSFT,MSFT251205P00455000,put,False,455.0,0.0,0.01,0.01,480.8399963378906,0.42188078125,0.03539610022899104,0.007070959208665306,181.0,1902,2025-12-05 20:13:17+00:00,0.7786111111111111,0.005,0.0
2025-12-05 21:00:00+00:00,2025-12-05 00:00:00+00:00,MSFT,MSFT251205P00457500,put,False,457.5,0.0,0.01,0.01,480.8399963378906,0.38281867187499996,0.03539610022899104,0.007070959208665306,71.0,1185,2025-12-05 19:46:51+00:00,1.2191666666666667,0.005,0.0
2025-12-05 21:00:00+00:00,2025-12-05 00:00:00+00:00,MSFT,MSFT251205P00460000,put,False,460.0,0.0,0.01,0.01,480.8399963378906,0.35156898437499995,0.03539610022899104,0.007070959208665306,882.0,3082,2025-12-05 20:32:42+00:00,0.455,0.005,0.0
2025-12-05 21:00:00+00:00,2025-12-05 00:00:00+00:00,MSFT,MSFT251205P00462500,put,False,462.5,0.0,0.01,0.01,480.8399963378906,0.31641308593749995,0.03539610022899104,0.007070959208665306,388.0,1347,2025-12-05 20:41:00+00:00,0.31666666666666665,0.005,0.0
2025-12-05 21:00:00+00:00,2025-12-05 00:00:00+00:00,MSFT,MSFT251205P00465000,put,False,465.0,0.0,0.01,0.01,480.8399963378906,0.28125718749999995,0.03539610022899104,0.007070959208665306,557.0,3733,2025-12-05 20:24:40+00:00,0.5888888888888889,0.005,0.0
2025-12-05 21:00:00+00:00,2025-12-05 00:00:00+00:00,MSFT,MSFT251205P00467500,put,False,467.5,0.0,0.01,0.01,480.8399963378906,0.2461012890625,0.03539610022899104,0.007070959208665306,1067.0,2603,2025-12-05 19:54:02+00:00,1.0994444444444444,0.005,0.0
2025-12-05 21:00:00+00:00,2025-12-05 00:00:00+00:00,MSFT,MSFT251205P00470000,put,False,470.0,0.01,0.02,0.01,480.8399963378906,0.22657023437499998,0.03539610022899104,0.007070959208665306,2318.0,6376,2025-12-05 20:56:49+00:00,0.05305555555555556,0.015,0.0
2025-12-05 21:00:00+00:00,2025-12-05 00:00:00+00:00,MSFT,MSFT251205P00472500,put,False,472.5,0.0,0.01,0.01,480.8399963378906,0.17188328125000002,0.03539610022899104,0.007070959208665306,1964.0,2733,2025-12-05 20:54:00+00:00,0.1,0.005,0.0
2025-12-05 21:00:00+00:00,2025-12-05 00:00:00+00:00,MSFT,MSFT251205P00475000,put,False,475.0,0.0,0.01,0.01,480.8399963378906,0.13672738281250002,0.03539610022899104,0.007070959208665306,3687.0,4550,2025-12-05 20:55:35+00:00,0.07361111111111111,0.005,0.0
2025-12-05 21:00:00+00:00,2025-12-05 00:00:00+00:00,MSFT,MSFT251205P00477500,put,False,477.5,0.0,0.01,0.01,480.8399963378906,0.09961837890625,0.03539610022899104,0.007070959208665306,5998.0,2598,2025-12-05 20:56:06+00:00,0.065,0.005,0.0
2025-12-05 21:00:00+00:00,2025-12-05 00:00:00+00:00,MSFT,MSFT251205P00480000,put,False,480.0,0.0,0.01,0.01,480.8399963378906,0.060556269531250005,0.03539610022899104,0.007070959208665306,12606.0,2776,2025-12-05 20:56:37+00:00,0.05638888888888889,0.005,0.0
2025-12-05 21:00:00+00:00,2025-12-05 00:00:00+00:00,MSFT,MSFT251205P00482500,put,False,482.5,0.01,0.05,0.02,480.8399963378906,0.02540037109375,0.03539610022899104,0.007070959208665306,6046.0,1694,2025-12-05 20:59:48+00:00,0.0033333333333333335,0.030000000000000002,0.0
2025-12-05 21:00:00+00:00,2025-12-05 00:00:00+00:00,MSFT,MSFT251205P00485000,put,True,485.0,1.82,2.12,1.73,480.8399963378906,0.0913176806640625,0.03539610022899104,0.007070959208665306,2061.0,3320,2025-12-05 20:59:53+00:00,0.0019444444444444444,1.9700000000000002,0.0
2025-12-05 21:00:00+00:00,2025-12-05 00:00:00+00:00,MSFT,MSFT251205P00487500,put,True,487.5,4.3,4.6,4.1,480.8399963378906,0.15332877929687502,0.03539610022899104,0.007070959208665306,195.0,1440,2025-12-05 20:59:25+00:00,0.009722222222222222,4.449999999999999,0.0
2025-12-05 21:00:00+00:00,2025-12-05 00:00:00+00:00,MSFT,MSFT251205P00490000,put,True,490.0,6.8,7.1,7.22,480.8399963378906,0.21143366699218746,0.03539610022899104,0.007070959208665306,284.0,1403,2025-12-05 20:53:20+00:00,0.1111111111111111,6.949999999999999,0.0
2025-12-05 21:00:00+00:00,2025-12-05 00:00:00+00:00,MSFT,MSFT251205P00492500,put,True,492.5,9.3,9.65,9.25,480.8399963378906,0.27735097656249996,0.03539610022899104,0.007070959208665306,99.0,248,2025-12-05 20:59:46+00:00,0.0038888888888888888,9.475000000000001,0.0
2025-12-05 21:00:00+00:00,2025-12-05 00:00:00+00:00,MSFT,MSFT251205P00495000,put,True,495.0,11.8,12.15,13.12,480.8399963378906,0.3305731005859375,0.03539610022899104,0.007070959208665306,74.0,77,2025-12-05 20:29:48+00:00,0.5033333333333333,11.975000000000001,0.0
2025-12-05 21:00:00+00:00,2025-12-05 00:00:00+00:00,MSFT,MSFT251205P00497500,put,True,497.5,14.3,14.65,14.55,480.8399963378906,0.3813538427734374,0.03539610022899104,0.007070959208665306,10.0,31,2025-12-05 15:51:17+00:00,5.145277777777777,14.475000000000001,0.0
2025-12-05 21:00:00+00:00,2025-12-05 00:00:00+00:00,MSFT,MSFT251205P00500000,put,True,500.0,16.0,17.15,17.05,480.8399963378906,0.43066975585937506,0.03539610022899104,0.007070959208665306,15.0,53,2025-12-05 20:46:08+00:00,0.2311111111111111,16.575,0.0
2025-12-05 21:00:00+00:00,2025-12-05 00:00:00+00:00,MSFT,MSFT251205P00502500,put,True,502.5,19.3,19.65,19.55,480.8399963378906,0.47852083984375,0.03539610022899104,0.007070959208665306,3.0,1,2025-12-05 15:50:40+00:00,5.155555555555556,19.475,0.0
2025-12-05 21:00:00+00:00,2025-12-05 00:00:00+00:00,MSFT,MSFT251205P00505000,put,True,505.0,21.8,22.15,23.1,480.8399963378906,0.52539537109375,0.03539610022899104,0.007070959208665306,1.0,10,2025-12-05 20:23:45+00:00,0.6041666666666666,21.975,0.0
2025-12-05 21:00:00+00:00,2025-12-05 00:00:00+00:00,MSFT,MSFT251205P00507500,put,True,507.5,22.85,26.25,29.96,480.8399963378906,0.5302781347656251,0.03539610022899104,0.007070959208665306,1.0,0,2025-12-04 14:52:13+00:00,30.129722222222224,24.55,0.0
2025-12-05 21:00:00+00:00,2025-12-05 00:00:00+00:00,MSFT,MSFT251205P00510000,put,True,510.0,25.85,28.35,32.2,480.8399963378906,0.59570716796875,0.03539610022899104,0.007070959208665306,182.0,0,2025-12-04 20:19:09+00:00,24.680833333333332,27.1,0.0
2025-12-05 21:00:00+00:00,2025-12-05 00:00:00+00:00,MSFT,MSFT251205P00512500,put,True,512.5,28.35,30.85,31.55,480.8399963378906,0.63867548828125,0.03539610022899104,0.007070959208665306,1.0,0,2025-12-03 17:18:41+00:00,51.68861111111111,29.6,0.0
2025-12-05 21:00:00+00:00,2025-12-05 00:00:00+00:00,MSFT,MSFT251205P00515000,put,True,515.0,30.85,33.35,36.4,480.8399963378906,0.6806672558593752,0.03539610022899104,0.007070959208665306,13.0,0,2025-12-03 20:55:00+00:00,48.083333333333336,32.1,0.0
2025-12-05 21:00:00+00:00,2025-12-05 00:00:00+00:00,MSFT,MSFT251205P00517500,put,True,517.5,32.7,36.25,42.88,480.8399963378906,0.648441015625,0.03539610022899104,0.007070959208665306,170.0,0,2025-11-24 20:39:47+00:00,264.33694444444444,34.475,0.0
2025-12-05 21:00:00+00:00,2025-12-05 00:00:00+00:00,MSFT,MSFT251205P00520000,put,True,520.0,35.85,38.35,30.7,480.8399963378906,0.76367423828125,0.03539610022899104,0.007070959208665306,2.0,1,2025-12-01 16:56:22+00:00,100.06055555555555,37.1,0.0
2025-12-05 21:00:00+00:00,2025-12-05 00:00:00+00:00,MSFT,MSFT251205P00522500,put,True,522.5,38.35,41.25,50.68,480.8399963378906,0.8945323046874999,0.03539610022899104,0.007070959208665306,2.0,0,2025-11-21 16:45:57+00:00,340.2341666666667,39.8,0.0
2025-12-05 21:00:00+00:00,2025-12-05 00:00:00+00:00,MSFT,MSFT251205P00525000,put,True,525.0,40.45,43.35,49.02,480.8399963378906,0.6796907031250001,0.03539610022899104,0.007070959208665306,1.0,0,2025-12-03 14:53:29+00:00,54.10861111111111,41.900000000000006,0.0
2025-12-05 21:00:00+00:00,2025-12-05 00:00:00+00:00,MSFT,MSFT251205P00527500,put,True,527.5,42.95,46.25,39.85,480.8399963378906,0.883790224609375,0.03539610022899104,0.007070959208665306,1.0,0,2025-12-01 19:56:51+00:00,97.0525,44.6,0.0
2025-12-05 21:00:00+00:00,2025-12-05 00:00:00+00:00,MSFT,MSFT251205P00530000,put,True,530.0,46.4,48.35,50.95,480.8399963378906,1.0522508325195314,0.03539610022899104,0.007070959208665306,500.0,20,2025-12-04 20:11:31+00:00,24.808055555555555,47.375,0.0
2025-12-05 21:00:00+00:00,2025-12-05 00:00:00+00:00,MSFT,MSFT251205P00535000,put,True,535.0,50.95,53.35,55.25,480.8399963378906,1.0293017285156252,0.03539610022899104,0.007070959208665306,7.0,0,2025-11-25 20:52:18+00:00,240.12833333333333,52.150000000000006,0.0
2025-12-05 21:00:00+00:00,2025-12-05 00:00:00+00:00,MSFT,MSFT251205P00540000,put,True,540.0,55.0,58.35,53.31,480.8399963378906,1.5234398828124998,0.03539610022899104,0.007070959208665306,1.0,0,2025-11-26 19:06:26+00:00,217.89277777777778,56.675,0.0
2025-12-05 21:00:00+00:00,2025-12-05 00:00:00+00:00,MSFT,MSFT251205P00545000,put,True,545.0,61.2,63.35,53.21,480.8399963378906,1.2519568652343749,0.03539610022899104,0.007070959208665306,1.0,0,2025-11-28 17:24:00+00:00,171.6,62.275000000000006,0.0
2025-12-05 21:00:00+00:00,2025-12-05 00:00:00+00:00,MSFT,MSFT251205P00550000,put,True,550.0,65.05,68.35,72.41,480.8399963378906,1.7070327148437499,0.03539610022899104,0.007070959208665306,12.0,0,2025-11-25 19:09:49+00:00,241.83638888888888,66.69999999999999,0.0
2025-12-05 21:00:00+00:00,2025-12-05 00:00:00+00:00,MSFT,MSFT251205P00555000,put,True,555.0,70.1,73.75,78.6,480.8399963378906,1.109379453125,0.03539610022899104,0.007070959208665306,310.0,0,2025-11-20 20:40:36+00:00,360.3233333333333,71.925,0.0
2025-12-05 21:00:00+00:00,2025-12-05 00:00:00+00:00,MSFT,MSFT251205P00560000,put,True,560.0,76.35,78.75,81.77,480.8399963378906,1.611330068359375,0.03539610022899104,0.007070959208665306,2190.0,0,2025-11-20 20:40:36+00:00,360.3233333333333,77.55,0.0
2025-12-05 21:00:00+00:00,2025-12-05 00:00:00+00:00,MSFT,MSFT251205P00565000,put,True,565.0,80.1,83.75,89.05,480.8399963378906,1.2343788281249999,0.03539610022899104,0.007070959208665306,680.0,0,2025-11-20 20:40:36+00:00,360.3233333333333,81.925,0.0
2025-12-05 21:00:00+00:00,2025-12-05 00:00:00+00:00,MSFT,MSFT251205P00570000,put,True,570.0,85.8,88.75,83.3,480.8399963378906,1.6220722021484375,0.03539610022899104,0.007070959208665306,,0,2025-12-01 14:46:05+00:00,102.23194444444445,87.275,0.0
2025-12-05 21:00:00+00:00,2025-12-05 00:00:00+00:00,MSFT,MSFT251205P00575000,put,True,575.0,90.35,93.75,84.15,480.8399963378906,1.517580537109375,0.03539610022899104,0.007070959208665306,4.0,0,2025-12-02 18:52:36+00:00,74.12333333333333,92.05,0.0
2025-12-05 21:00:00+00:00,2025-12-05 00:00:00+00:00,MSFT,MSFT251205P00580000,put,True,580.0,96.35,98.75,102.4,480.8399963378906,1.9130863720703126,0.03539610022899104,0.007070959208665306,460.0,0,2025-11-20 20:31:31+00:00,360.4747222222222,97.55,0.0
2025-12-05 21:00:00+00:00,2025-12-05 00:00:00+00:00,MSFT,MSFT251205P00585000,put,True,585.0,93.65,96.7,46.04,480.8399963378906,1.0000000000000003e-05,0.03539610022899104,0.007070959208665306,,0,2025-10-28 18:22:40+00:00,914.6222222222223,95.17500000000001,0.0
2025-12-05 21:00:00+00:00,2025-12-05 00:00:00+00:00,MSFT,MSFT251205P00600000,put,True,600.0,108.6,111.9,59.9,480.8399963378906,1.0000000000000003e-05,0.03539610022899104,0.007070959208665306,,0,2025-10-28 15:42:17+00:00,917.2952777777778,110.25,0.0
2025-12-05 21:00:00+00:00,2025-12-12 00:00:00+00:00,MSFT,MSFT251212C00300000,call,True,300.0,181.9,184.4,220.16,480.8399963378906,1.7436536254882813,0.03539610022899104,0.007070959208665306,,3,2025-11-03 15:29:22+00:00,773.5105555555556,183.15,0.01643835616438356
2025-12-05 21:00:00+00:00,2025-12-12 00:00:00+00:00,MSFT,MSFT251212C00320000,call,True,320.0,161.9,165.1,170.24,480.8399963378906,1.255863095703125,0.03539610022899104,0.007070959208665306,1.0,2,2025-12-02 20:43:17+00:00,72.2786111111111,163.5,0.01643835616438356
2025-12-05 21:00:00+00:00,2025-12-12 00:00:00+00:00,MSFT,MSFT251212C00345000,call,True,345.0,136.9,139.55,124.7,480.8399963378906,0.85937640625,0.03539610022899104,0.007070959208665306,10.0,12,2025-11-24 14:50:01+00:00,270.1663888888889,138.22500000000002,0.01643835616438356
2025-12-05 21:00:00+00:00,2025-12-12 00:00:00+00:00,MSFT,MSFT251212C00350000,call,True,350.0,131.5,135.0,122.8,480.8399963378906,0.8535170898437501,0.03539610022899104,0.007070959208665306,1.0,1,2025-11-21 18:15:06+00:00,338.74833333333333,133.25,0.01643835616438356
2025-12-05 21:00:00+00:00,2025-12-12 00:00:00+00:00,MSFT,MSFT251212C00375000,call,True,375.0,106.95,109.6,118.4,480.8399963378906,0.7070341796875,0.03539610022899104,0.007070959208665306,2.0,11,2025-12-02 17:40:29+00:00,75.32527777777777,108.275,0.01643835616438356
2025-12-05 21:00:00+00:00,2025-12-12 00:00:00+00:00,MSFT,MSFT251212C00380000,call,True,380.0,101.95,105.0,111.84,480.8399963378906,0.77148666015625,0.03539610022899104,0.007070959208665306,2.0,2,2025-12-02 15:58:24+00:00,77.02666666666667,103.475,0.01643835616438356
2025-12-05 21:00:00+00:00,2025-12-12 00:00:00+00:00,MSFT,MSFT251212C00385000,call,True,385.0,96.95,100.0,107.55,480.8399963378906,0.7348659326171875,0.03539610022899104,0.007070959208665306,5.0,0,2025-12-02 17:56:00+00:00,75.06666666666666,98.475,0.01643835616438356
2025-12-05 21:00:00+00:00,2025-12-12 00:00:00+00:00,MSFT,MSFT251212C00390000,call,True,390.0,91.95,94.55,93.0,480.8399963378906,0.5908244042968751,0.03539610022899104,0.007070959208665306,1.0,9,2025-12-05 15:35:49+00:00,5.4030555555555555,93.25,0.01643835616438356
2025-12-05 21:00:00+00:00,2025-12-12 00:00:00+00:00,MSFT,MSFT251212C00395000,call,True,395.0,86.95,90.0,94.27,480.8399963378906,0.6626010302734376,0.03539610022899104,0.007070959208665306,4.0,0,2025-12-01 18:44:36+00:00,98.25666666666666,88.475,0.01643835616438356
2025-12-05 21:00:00+00:00,2025-12-12 00:00:00+00:00,MSFT,MSFT251212C00400000,call,True,400.0,82.0,85.45,82.1,480.8399963378906,0.689700368652344,0.03539610022899104,0.007070959208665306,46.0,47,2025-12-05 20:09:13+00:00,0.8463888888888889,83.725,0.01643835616438356
2025-12-05 21:00:00+00:00,2025-12-12 00:00:00+00:00,MSFT,MSFT251212C00405000,call,True,405.0,77.0,79.65,73.0,480.8399963378906,0.5380905566406251,0.03539610022899104,0.007070959208665306,3.0,27,2025-12-03 14:46:21+00:00,54.2275,78.325,0.01643835616438356
2025-12-05 21:00:00+00:00,2025-12-12 00:00:00+00:00,MSFT,MSFT251212C00410000,call,True,410.0,72.0,73.85,72.0,480.8399963378906,0.6362341064453125,0.03539610022899104,0.007070959208665306,4.0,16,2025-12-03 18:40:45+00:00,50.32083333333333,72.925,0.01643835616438356
2025-12-05 21:00:00+00:00,2025-12-12 00:00:00+00:00,MSFT,MSFT251212C00420000,call,True,420.0,62.0,63.8,60.45,480.8399963378906,0.5502974658203126,0.03539610022899104,0.007070959208665306,12.0,7,2025-12-04 20:13:49+00:00,24.76972222222222,62.9,0.01643835616438356
2025-12-05 21:00:00+00:00,2025-12-12 00:00:00+00:00,MSFT,MSFT251212C00425000,call,True,425.0,56.6,60.05,56.29,480.8399963378906,0.6535679174804689,0.03539610022899104,0.007070959208665306,1.0,13,2025-12-03 16:55:57+00:00,52.0675,58.325,0.01643835616438356
2025-12-05 21:00:00+00:00,2025-12-12 00:00:00+00:00,MSFT,MSFT251212C00430000,call,True,430.0,52.05,54.95,50.5,480.8399963378906,0.5994913098144532,0.03539610022899104,0.007070959208665306,34.0,65,2025-12-05 17:10:50+00:00,3.8194444444444446,53.5,0.01643835616438356
2025-12-05 21:00:00+00:00,2025-12-12 00:00:00+00:00,MSFT,MSFT251212C00435000,call,True,435.0,47.0,49.75,47.0,480.8399963378906,0.537236072998047,0.03539610022899104,0.007070959208665306,18.0,14,2025-12-05 19:05:19+00:00,1.9113888888888888,48.375,0.01643835616438356
2025-12-05 21:00:00+00:00,2025-12-12 00:00:00+00:00,MSFT,MSFT251212C00440000,call,True,440.0,42.1,44.45,43.0,480.8399963378906,0.46655806884765627,0.03539610022899104,0.007070959208665306,2.0,74,2025-12-04 16:52:02+00:00,28.13277777777778,43.275000000000006,0.01643835616438356
2025-12-05 21:00:00+00:00,2025-12-12 00:00:00+00:00,MSFT,MSFT251212C00445000,call,True,445.0,36.75,39.65,37.55,480.8399963378906,0.4401911450195312,0.03539610022899104,0.007070959208665306,4.0,40,2025-12-03 17:22:16+00:00,51.62888888888889,38.2,0.01643835616438356
2025-12-05 21:00:00+00:00,2025-12-12 00:00:00+00:00,MSFT,MSFT251212C00450000,call,True,450.0,33.0,35.65,33.15,480.8399963378906,0.46362841064453125,0.03539610022899104,0.007070959208665306,17.0,78,2025-12-05 20:42:59+00:00,0.2836111111111111,34.325,0.01643835616438356
2025-12-05 21:00:00+00:00,2025-12-12 00:00:00+00:00,MSFT,MSFT251212C00455000,call,True,455.0,26.95,29.6,27.81,480.8399963378906,0.3469303588867187,0.03539610022899104,0.007070959208665306,2.0,134,2025-12-05 20:46:22+00:00,0.22722222222222221,28.275,0.01643835616438356
2025-12-05 21:00:00+00:00,2025-12-12 00:00:00+00:00,MSFT,MSFT251212C00460000,call,True,460.0,23.65,24.55,24.17,480.8399963378906,0.29798065307617183,0.03539610022899104,0.007070959208665306,103.0,231,2025-12-05 20:50:41+00:00,0.15527777777777776,24.1,0.01643835616438356
2025-12-05 21:00:00+00:00,2025-12-12 00:00:00+00:00,MSFT,MSFT251212C00465000,call,True,465.0,19.15,19.65,18.17,480.8399963378906,0.2573316455078125,0.03539610022899104,0.007070959208665306,67.0,222,2025-12-05 20:27:05+00:00,0.5486111111111112,19.4,0.01643835616438356
2025-12-05 21:00:00+00:00,2025-12-12 00:00:00+00:00,MSFT,MSFT251212C00470000,call,True,470.0,14.8,15.45,15.0,480.8399963378906,0.24817646362304688,0.03539610022899104,0.007070959208665306,2107.0,1685,2025-12-05 20:59:47+00:00,0.003611111111111111,15.125,0.01643835616438356
2025-12-05 21:00:00+00:00,2025-12-12 00:00:00+00:00,MSFT,MSFT251212C00475000,call,True,475.0,10.85,11.05,11.04,480.8399963378906,0.21643849975585935,0.03539610022899104,0.007070959208665306,1025.0,1830,2025-12-05 20:59:20+00:00,0.011111111111111112,10.95,0.01643835616438356
2025-12-05 21:00:00+00:00,2025-12-12 00:00:00+00:00,MSFT,MSFT251212C00477500,call,True,477.5,9.05,9.25,9.2,480.8399963378906,0.21149470153808592,0.03539610022899104,0.007070959208665306,1172.0,792,2025-12-05 20:59:53+00:00,0.0019444444444444444,9.15,0.01643835616438356
2025-12-05 21:00:00+00:00,2025-12-12 00:00:00+00:00,MSFT,MSFT251212C00480000,call,True,480.0,7.4,7.6,7.5,480.8399963378906,0.20691711059570309,0.03539610022899104,0.007070959208665306,5049.0,2894,2025-12-05 20:59:35+00:00,0.006944444444444444,7.5,0.01643835616438356
2025-12-05 21:00:00+00:00,2025-12-12 00:00:00+00:00,MSFT,MSFT251212C00482500,call,True,482.5,5.95,6.1,6.15,480.8399963378906,0.20209538146972655,0.03539610022899104,0.007070959208665306,3809.0,1212,2025-12-05 20:59:37+00:00,0.006388888888888889,6.025,0.01643835616438356
2025-12-05 21:00:00+00:00,2025-12-12 00:00:00+00:00,MSFT,MSFT251212C00485000,call,False,485.0,4.7,4.85,4.8,480.8399963378906,0.20014227600097656,0.03539610022899104,0.007070959208665306,6001.0,4992,2025-12-05 20:59:43+00:00,0.004722222222222222,4.775,0.01643835616438356
2025-12-05 21:00:00+00:00,2025-12-12 00:00:00+00:00,MSFT,MSFT251212C00487500,call,False,487.5,3.6,3.75,3.7,480.8399963378906,0.19733468688964845,0.03539610022899104,0.007070959208665306,5264.0,1698,2025-12-05 20:59:30+00:00,0.008333333333333333,3.675,0.01643835616438356
2025-12-05 21:00:00+00:00,2025-12-12 00:00:00+00:00,MSFT,MSFT251212C00490000,call,False,490.0,2.73,2.83,2.84,480.8399963378906,0.19477123596191404,0.03539610022899104,0.007070959208665306,9335.0,3431,2025-12-05 20:59:50+00:00,0.002777777777777778,2.7800000000000002,0.01643835616438356
2025-12-05 21:00:00+00:00,2025-12-12 00:00:00+00:00,MSFT,MSFT251212C00492500,call,False,492.5,2.06,2.32,2.1,480.8399963378906,0.20270572692871092,0.03539610022899104,0.007070959208665306,1515.0,2873,2025-12-05 20:59:58+00:00,0.0005555555555555556,2.19,0.01643835616438356
2025-12-05 21:00:00+00:00,2025-12-12 00:00:00+00:00,MSFT,MSFT251212C00495000,call,False,495.0,1.52,1.58,1.57,480.8399963378906,0.19477123596191404,0.03539610022899104,0.007070959208665306,2212.0,2777,2025-12-05 20:59:22+00:00,0.010555555555555556,1.55,0.01643835616438356
2025-12-05 21:00:00+00:00,2025-12-12 00:00:00+00:00,MSFT,MSFT251212C00497500,call,False,497.5,0.91,1.22,1.14,480.8399963378906,0.19898261962890623,0.03539610022899104,0.007070959208665306,2059.0,875,2025-12-05 20:59:56+00:00,0.0011111111111111111,1.065,0.01643835616438356
2025-12-05 21:00:00+00:00,2025-12-12 00:00:00+00:00,MSFT,MSFT251212C00500000,call,False,500.0,0.8,0.83,0.82,480.8399963378906,0.1958088232421875,0.03539610022899104,0.007070959208665306,4442.0,5303,2025-12-05 20:59:49+00:00,0.0030555555555555557,0.815,0.01643835616438356
2025-12-05 21:00:00+00:00,2025-12-12 00:00:00+00:00,MSFT,MSFT251212C00505000,call,False,505.0,0.4,0.45,0.41,480.8399963378906,0.20142400146484374,0.03539610022899104,0.007070959208665306,1505.0,3155,2025-12-05 20:59:10+00:00,0.013888888888888888,0.42500000000000004,0.01643835616438356
2025-12-05 21:00:00+00:00,2025-12-12 00:00:00+00:00,MSFT,MSFT251212C00510000,call,False,510.0,0.18,0.2,0.2,480.8399963378906,0.20069158691406247,0.03539610022899104,0.007070959208665306,1506.0,2322,2025-12-05 20:59:40+00:00,0.005555555555555556,0.19,0.01643835616438356
2025-12-05 21:00:00+00:00,2025-12-12 00:00:00+00:00,MSFT,MSFT251212C00515000,call,False,515.0,0.08,0.09,0.08,480.8399963378906,0.20264469238281246,0.03539610022899104,0.007070959208665306,841.0,2115,2025-12-05 20:59:30+00:00,0.008333333333333333,0.08499999999999999,0.01643835616438356
2025-12-05 21:00:00+00:00,2025-12-12 00:00:00+00:00,MSFT,MSFT251212C00520000,call,False,520.0,0.04,0.05,0.05,480.8399963378906,0.21094539062499998,0.03539610022899104,0.007070959208665306,1337.0,1974,2025-12-05 20:58:43+00:00,0.021388888888888888,0.045,0.01643835616438356
2025-12-05 21:00:00+00:00,2025-12-12 00:00:00+00:00,MSFT,MSFT251212C00525000,call,False,525.0,0.02,0.03,0.02,480.8399963378906,0.22168747070312497,0.03539610022899104,0.007070959208665306,99.0,2433,2025-12-05 20:50:42+00:00,0.155,0.025,0.01643835616438356
2025-12-05 21:00:00+00:00,2025-12-12 00:00:00+00:00,MSFT,MSFT251212C00530000,call,False,530.0,0.01,0.03,0.02,480.8399963378906,0.24414818359375,0.03539610022899104,0.007070959208665306,99.0,1233,2025-12-05 20:53:40+00:00,0.10555555555555556,0.02,0.01643835616438356
2025-12-05 21:00:00+00:00,2025-12-12 00:00:00+00:00,MSFT,MSFT251212C00535000,call,False,535.0,0.01,0.03,0.01,480.8399963378906,0.26563234375,0.03539610022899104,0.007070959208665306,272.0,873,2025-12-05 20:42:19+00:00,0.2947222222222222,0.02,0.01643835616438356
2025-12-05 21:00:00+00:00,2025-12-12 00:00:00+00:00,MSFT,MSFT251212C00540000,call,False,540.0,0.0,0.02,0.01,480.8399963378906,0.27539787109374997,0.03539610022899104,0.007070959208665306,159.0,595,2025-12-05 20:57:54+00:00,0.035,0.01,0.01643835616438356
2025-12-05 21:00:00+00:00,2025-12-12 00:00:00+00:00,MSFT,MSFT251212C00545000,call,False,545.0,0.0,0.02,0.01,480.8399963378906,0.29688203124999996,0.03539610022899104,0.007070959208665306,10.0,193,2025-12-05 19:35:35+00:00,1.4069444444444446,0.01,0.01643835616438356
2025-12-05 21:00:00+00:00,2025-12-12 00:00:00+00:00,MSFT,MSFT251212C00550000,call,False,550.0,0.0,0.02,0.01,480.8399963378906,0.31641308593749995,0.03539610022899104,0.007070959208665306,5.0,748,2025-12-05 20:19:12+00:00,0.68,0.01,0.01643835616438356
2025-12-05 21:00:00+00:00,2025-12-12 00:00:00+00:00,MSFT,MSFT251212C00555000,call,False,555.0,0.0,0.02,0.01,480.8399963378906,0.335944140625,0.03539610022899104,0.007070959208665306,15.0,131,2025-12-05 18:25:09+00:00,2.5808333333333335,0.01,0.01643835616438356
2025-12-05 21:00:00+00:00,2025-12-12 00:00:00+00:00,MSFT,MSFT251212C00560000,call,False,560.0,0.0,0.01,0.01,480.8399963378906,0.3320379296875,0.03539610022899104,0.007070959208665306,1713.0,162,2025-12-05 20:45:27+00:00,0.2425,0.005,0.01643835616438356
2025-12-05 21:00:00+00:00,2025-12-12 00:00:00+00:00,MSFT,MSFT251212C00565000,call,False,565.0,0.0,0.01,0.01,480.8399963378906,0.35156898437499995,0.03539610022899104,0.007070959208665306,1.0,258,2025-12-05 19:26:52+00:00,1.5522222222222222,0.005,0.01643835616438356
2025-12-05 21:00:00+00:00,2025-12-12 00:00:00+00:00,MSFT,MSFT251212C00570000,call,False,570.0,0.0,0.01,0.01,480.8399963378906,0.367193828125,0.03539610022899104,0.007070959208665306,2.0,116,2025-12-05 15:14:40+00:00,5.7555555555555555,0.005,0.01643835616438356
2025-12-05 21:00:00+00:00,2025-12-12 00:00:00+00:00,MSFT,MSFT251212C00575000,call,False,575.0,0.0,0.01,0.02,480.8399963378906,0.38672488281249995,0.03539610022899104,0.007070959208665306,2.0,277,2025-12-05 20:37:58+00:00,0.3672222222222222,0.005,0.01643835616438356
2025-12-05 21:00:00+00:00,2025-12-12 00:00:00+00:00,MSFT,MSFT251212C00580000,call,False,580.0,0.0,0.01,0.01,480.8399963378906,0.4062559375,0.03539610022899104,0.007070959208665306,1.0,81,2025-12-03 14:30:27+00:00,54.4925,0.005,0.01643835616438356
2025-12-05 21:00:00+00:00,2025-12-12 00:00:00+00:00,MSFT,MSFT251212C00585000,call,False,585.0,0.0,0.01,0.01,480.8399963378906,0.42188078125,0.03539610022899104,0.007070959208665306,7.0,45,2025-12-05 20:37:58+00:00,0.3672222222222222,0.005,0.01643835616438356
2025-12-05 21:00:00+00:00,2025-12-12 00:00:00+00:00,MSFT,MSFT251212C00590000,call,False,590.0,0.0,0.01,0.01,480.8399963378906,0.437505625,0.03539610022899104,0.007070959208665306,22.0,190,2025-12-02 20:29:49+00:00,72.50305555555556,0.005,0.01643835616438356
2025-12-05 21:00:00+00:00,2025-12-12 00:00:00+00:00,MSFT,MSFT251212C00595000,call,False,595.0,0.0,0.01,0.01,480.8399963378906,0.45313046875,0.03539610022899104,0.007070959208665306,20.0,131,2025-12-01 19:54:26+00:00,97.09277777777778,0.005,0.01643835616438356
2025-12-05 21:00:00+00:00,2025-12-12 00:00:00+00:00,MSFT,MSFT251212C00600000,call,False,600.0,0.0,0.01,0.01,480.8399963378906,0.4687553125,0.03539610022899104,0.007070959208665306,10.0,66,2025-12-01 17:02:59+00:00,99.95027777777777,0.005,0.01643835616438356
2025-12-05 21:00:00+00:00,2025-12-12 00:00:00+00:00,MSFT,MSFT251212C00605000,call,False,605.0,0.0,0.01,0.17,480.8399963378906,0.48438015625,0.03539610022899104,0.007070959208665306,,1,2025-11-10 15:39:07+00:00,605.3480555555556,0.005,0.01643835616438356
2025-12-05 21:00:00+00:00,2025-12-12 00:00:00+00:00,MSFT,MSFT251212C00610000,call,False,610.0,0.0,0.01,0.03,480.8399963378906,0.507817421875,0.03539610022899104,0.007070959208665306,2.0,45,2025-11-25 14:30:15+00:00,246.49583333333334,0.005,0.01643835616438356
2025-12-05 21:00:00+00:00,2025-12-12 00:00:00+00:00,MSFT,MSFT251212C00615000,call,False,615.0,0.0,0.01,0.01,480.8399963378906,0.500005,0.03539610022899104,0.007070959208665306,347.0,348,2025-12-03 20:52:19+00:00,48.128055555555555,0.005,0.01643835616438356
2025-12-05 21:00:00+00:00,2025-12-12 00:00:00+00:00,MSFT,MSFT251212C00625000,call,False,625.0,0.0,0.01,0.01,480.8399963378906,0.51562984375,0.03539610022899104,0.007070959208665306,1.0,8,2025-12-05 18:30:03+00:00,2.4991666666666665,0.005,0.01643835616438356
2025-12-05 21:00:00+00:00,2025-12-12 00:00:00+00:00,MSFT,MSFT251212C00630000,call,False,630.0,0.0,0.01,0.21,480.8399963378906,0.5312546875,0.03539610022899104,0.007070959208665306,,32,2025-11-04 19:02:23+00:00,745.9602777777778,0.005,0.01643835616438356
2025-12-05 21:00:00+00:00,2025-12-12 00:00:00+00:00,MSFT,MSFT251212C00640000,call,False,640.0,0.0,0.01,0.03,480.8399963378906,0.5625043750000001,0.03539610022899104,0.007070959208665306,25.0,27,2025-11-11 20:46:25+00:00,576.2263888888889,0.005,0.01643835616438356
2025-12-05 21:00:00+00:00,2025-12-12 00:00:00+00:00,MSFT,MSFT251212C00650000,call,False,650.0,0.0,0.01,0.1,480.8399963378906,0.5937540625000001,0.03539610022899104,0.007070959208665306,,81,2025-11-04 20:26:20+00:00,744.5611111111111,0.005,0.01643835616438356
2025-12-05 21:00:00+00:00,2025-12-12 00:00:00+00:00,MSFT,MSFT251212C00655000,call,False,655.0,0.0,0.01,0.02,480.8399963378906,0.6093789062500001,0.03539610022899104,0.007070959208665306,1.0,5,2025-12-03 14:40:08+00:00,54.33111111111111,0.005,0.01643835616438356
2025-12-05 21:00:00+00:00,2025-12-12 00:00:00+00:00,MSFT,MSFT251212P00270000,put,False,270.0,0.0,0.01,0.01,480.8399963378906,1.15625421875,0.03539610022899104,0.007070959208665306,1.0,9,2025-12-03 17:29:12+00:00,51.513333333333335,0.005,0.01643835616438356
2025-12-05 21:00:00+00:00,2025-12-12 00:00:00+00:00,MSFT,MSFT251212P00280000,put,False,280.0,0.0,0.01,0.02,480.8399963378906,1.09375453125,0.03539610022899104,0.007070959208665306,2.0,5,2025-11-20 16:42:41+00:00,364.2886111111111,0.005,0.01643835616438356
2025-12-05 21:00:00+00:00,2025-12-12 00:00:00+00:00,MSFT,MSFT251212P00290000,put,False,290.0,0.0,0.01,0.02,480.8399963378906,1.015629921875,0.03539610022899104,0.007070959208665306,1.0,3,2025-11-17 16:37:29+00:00,436.3752777777778,0.005,0.01643835616438356
2025-12-05 21:00:00+00:00,2025-12-12 00:00:00+00:00,MSFT,MSFT251212P00300000,put,False,300.0,0.0,0.01,0.01,480.8399963378906,0.937500625,0.03539610022899104,0.007070959208665306,5.0,10,2025-12-01 15:45:45+00:00,101.2375,0.005,0.01643835616438356
2025-12-05 21:00:00+00:00,2025-12-12 00:00:00+00:00,MSFT,MSFT251212P00310000,put,False,310.0,0.0,0.01,0.1,480.8399963378906,0.8906260937499999,0.03539610022899104,0.007070959208665306,1.0,1,2025-11-21 14:46:01+00:00,342.23305555555555,0.005,0.01643835616438356
2025-12-05 21:00:00+00:00,2025-12-12 00:00:00+00:00,MSFT,MSFT251212P00320000,put,False,320.0,0.0,0.01,0.05,480.8399963378906,0.8281267187499999,0.03539610022899104,0.007070959208665306,2.0,2,2025-11-18 19:27:28+00:00,409.5422222222222,0.005,0.01643835616438356
2025-12-05 21:00:00+00:00,2025-12-12 00:00:00+00:00,MSFT,MSFT251212P00325000,put,False,325.0,0.0,0.01,0.03,480.8399963378906,0.79687703125,0.03539610022899104,0.007070959208665306,1.0,1,2025-11-14 19:29:21+00:00,505.5108333333333,0.005,0.01643835616438356
2025-12-05 21:00:00+00:00,2025-12-12 00:00:00+00:00,MSFT,MSFT251212P00330000,put,False,330.0,0.0,0.01,0.06,480.8399963378906,0.7812521875,0.03539610022899104,0.007070959208665306,1.0,1,2025-11-25 15:40:57+00:00,245.3175,0.005,0.01643835616438356
2025-12-05 21:00:00+00:00,2025-12-12 00:00:00+00:00,MSFT,MSFT251212P00335000,put,False,335.0,0.0,0.01,0.02,480.8399963378906,0.7500025,0.03539610022899104,0.007070959208665306,,3,2025-11-26 15:59:36+00:00,221.00666666666666,0.005,0.01643835616438356
2025-12-05 21:00:00+00:00,2025-12-12 00:00:00+00:00,MSFT,MSFT251212P00340000,put,False,340.0,0.0,0.01,0.02,480.8399963378906,0.7187528125,0.03539610022899104,0.007070959208665306,20.0,52,2025-12-03 14:51:18+00:00,54.145,0.005,0.01643835616438356
2025-12-05 21:00:00+00:00,2025-12-12 00:00:00+00:00,MSFT,MSFT251212P00345000,put,False,345.0,0.0,0.01,0.02,480.8399963378906,0.6875031250000001,0.03539610022899104,0.007070959208665306,50.0,77,2025-12-03 14:53:43+00:00,54.10472222222222,0.005,0.01643835616438356
2025-12-05 21:00:00+00:00,2025-12-12 00:00:00+00:00,MSFT,MSFT251212P00350000,put,False,350.0,0.0,0.01,0.01,480.8399963378906,0.6562534375000001,0.03539610022899104,0.007070959208665306,13.0,102,2025-12-05 15:52:40+00:00,5.122222222222222,0.005,0.01643835616438356
2025-12-05 21:00:00+00:00,2025-12-12 00:00:00+00:00,MSFT,MSFT251212P00355000,put,False,355.0,0.0,0.01,0.02,480.8399963378906,0.6250037500000001,0.03539610022899104,0.007070959208665306,20.0,24,2025-12-03 15:03:15+00:00,53.94583333333333,0.005,0.01643835616438356
2025-12-05 21:00:00+00:00,2025-12-12 00:00:00+00:00,MSFT,MSFT251212P00360000,put,False,360.0,0.0,0.21,0.01,480.8399963378906,0.8007832421875,0.03539610022899104,0.007070959208665306,40.0,59,2025-12-02 15:28:07+00:00,77.53138888888888,0.105,0.01643835616438356
2025-12-05 21:00:00+00:00,2025-12-12 00:00:00+00:00,MSFT,MSFT251212P00365000,put,False,365.0,0.0,0.02,0.01,480.8399963378906,0.6093789062500001,0.03539610022899104,0.007070959208665306,751.0,20,2025-12-05 20:39:43+00:00,0.33805555555555555,0.01,0.01643835616438356
2025-12-05 21:00:00+00:00,2025-12-12 00:00:00+00:00,MSFT,MSFT251212P00370000,put,False,370.0,0.0,0.01,0.01,480.8399963378906,0.5468795312500001,0.03539610022899104,0.007070959208665306,6.0,100,2025-12-04 14:56:54+00:00,30.051666666666666,0.005,0.01643835616438356
2025-12-05 21:00:00+00:00,2025-12-12 00:00:00+00:00,MSFT,MSFT251212P00375000,put,False,375.0,0.0,0.02,0.04,480.8399963378906,0.5546919531250001,0.03539610022899104,0.007070959208665306,1.0,20,2025-11-28 16:29:20+00:00,172.51111111111112,0.01,0.01643835616438356
2025-12-05 21:00:00+00:00,2025-12-12 00:00:00+00:00,MSFT,MSFT251212P00380000,put,False,380.0,0.0,0.01,0.01,480.8399963378906,0.500005,0.03539610022899104,0.007070959208665306,27.0,135,2025-12-05 16:15:29+00:00,4.741944444444444,0.005,0.01643835616438356
2025-12-05 21:00:00+00:00,2025-12-12 00:00:00+00:00,MSFT,MSFT251212P00385000,put,False,385.0,0.0,0.02,0.01,480.8399963378906,0.500005,0.03539610022899104,0.007070959208665306,65.0,94,2025-12-05 20:46:42+00:00,0.22166666666666668,0.01,0.01643835616438356
2025-12-05 21:00:00+00:00,2025-12-12 00:00:00+00:00,MSFT,MSFT251212P00390000,put,False,390.0,0.0,0.02,0.01,480.8399963378906,0.5039112109375,0.03539610022899104,0.007070959208665306,265.0,29,2025-12-05 20:46:41+00:00,0.22194444444444444,0.01,0.01643835616438356
2025-12-05 21:00:00+00:00,2025-12-12 00:00:00+00:00,MSFT,MSFT251212P00395000,put,False,395.0,0.0,0.02,0.01,480.8399963378906,0.476567734375,0.03539610022899104,0.007070959208665306,404.0,457,2025-12-05 20:56:18+00:00,0.06166666666666667,0.01,0.01643835616438356
2025-12-05 21:00:00+00:00,2025-12-12 00:00:00+00:00,MSFT,MSFT251212P00400000,put,False,400.0,0.01,0.02,0.02,480.8399963378906,0.44922425781249997,0.03539610022899104,0.007070959208665306,479.0,480,2025-12-05 19:32:41+00:00,1.4552777777777777,0.015,0.01643835616438356
2025-12-05 21:00:00+00:00,2025-12-12 00:00:00+00:00,MSFT,MSFT251212P00405000,put,False,405.0,0.01,0.04,0.02,480.8399963378906,0.45313046875,0.03539610022899104,0.007070959208665306,26.0,133,2025-12-05 20:47:08+00:00,0.21444444444444444,0.025,0.01643835616438356
2025-12-05 21:00:00+00:00,2025-12-12 00:00:00+00:00,MSFT,MSFT251212P00410000,put,False,410.0,0.02,0.04,0.03,480.8399963378906,0.42578699218750005,0.03539610022899104,0.007070959208665306,6.0,202,2025-12-05 19:12:03+00:00,1.7991666666666666,0.03,0.01643835616438356
2025-12-05 21:00:00+00:00,2025-12-12 00:00:00+00:00,MSFT,MSFT251212P00415000,put,False,415.0,0.02,0.04,0.03,480.8399963378906,0.39649041015625003,0.03539610022899104,0.007070959208665306,40.0,179,2025-12-05 20:55:02+00:00,0.08277777777777778,0.03,0.01643835616438356
2025-12-05 21:00:00+00:00,2025-12-12 00:00:00+00:00,MSFT,MSFT251212P00420000,put,False,420.0,0.03,0.05,0.04,480.8399963378906,0.37793590820312495,0.03539610022899104,0.007070959208665306,98.0,1060,2025-12-05 19:14:12+00:00,1.7633333333333334,0.04,0.01643835616438356
2025-12-05 21:00:00+00:00,2025-12-12 00:00:00+00:00,MSFT,MSFT251212P00425000,put,False,425.0,0.04,0.05,0.05,480.8399963378906,0.34961587890624996,0.03539610022899104,0.007070959208665306,123.0,657,2025-12-05 20:46:16+00:00,0.2288888888888889,0.045,0.01643835616438356
2025-12-05 21:00:00+00:00,2025-12-12 00:00:00+00:00,MSFT,MSFT251212P00430000,put,False,430.0,0.05,0.07,0.06,480.8399963378906,0.33399103515625,0.03539610022899104,0.007070959208665306,150.0,711,2025-12-05 20:50:42+00:00,0.155,0.060000000000000005,0.01643835616438356
2025-12-05 21:00:00+00:00,2025-12-12 00:00:00+00:00,MSFT,MSFT251212P00435000,put,False,435.0,0.06,0.08,0.08,480.8399963378906,0.31055376953124997,0.03539610022899104,0.007070959208665306,90.0,696,2025-12-05 20:18:04+00:00,0.6988888888888889,0.07,0.01643835616438356
2025-12-05 21:00:00+00:00,2025-12-12 00:00:00+00:00,MSFT,MSFT251212P00440000,put,False,440.0,0.09,0.11,0.12,480.8399963378906,0.2929758203124999,0.03539610022899104,0.007070959208665306,136.0,1889,2025-12-05 20:52:07+00:00,0.1313888888888889,0.1,0.01643835616438356
2025-12-05 21:00:00+00:00,2025-12-12 00:00:00+00:00,MSFT,MSFT251212P00445000,put,False,445.0,0.13,0.15,0.14,480.8399963378906,0.274421318359375,0.03539610022899104,0.007070959208665306,473.0,1073,2025-12-05 20:58:51+00:00,0.019166666666666665,0.14,0.01643835616438356
2025-12-05 21:00:00+00:00,2025-12-12 00:00:00+00:00,MSFT,MSFT251212P00450000,put,False,450.0,0.2,0.23,0.2,480.8399963378906,0.26050544189453123,0.03539610022899104,0.007070959208665306,354.0,2904,2025-12-05 20:59:46+00:00,0.0038888888888888888,0.21500000000000002,0.01643835616438356
2025-12-05 21:00:00+00:00,2025-12-12 00:00:00+00:00,MSFT,MSFT251212P00455000,put,False,455.0,0.33,0.35,0.33,480.8399963378906,0.2456130126953125,0.03539610022899104,0.007070959208665306,996.0,3056,2025-12-05 20:59:59+00:00,0.0002777777777777778,0.33999999999999997,0.01643835616438356
2025-12-05 21:00:00+00:00,2025-12-12 00:00:00+00:00,MSFT,MSFT251212P00460000,put,False,460.0,0.53,0.58,0.54,480.8399963378906,0.23438265625,0.03539610022899104,0.007070959208665306,1193.0,2497,2025-12-05 20:59:21+00:00,0.010833333333333334,0.5549999999999999,0.01643835616438356
2025-12-05 21:00:00+00:00,2025-12-12 00:00:00+00:00,MSFT,MSFT251212P00465000,put,False,465.0,0.89,0.97,0.87,480.8399963378906,0.22425092163085933,0.03539610022899104,0.007070959208665306,1323.0,2260,2025-12-05 20:59:26+00:00,0.009444444444444445,0.9299999999999999,0.01643835616438356
2025-12-05 21:00:00+00:00,2025-12-12 00:00:00+00:00,MSFT,MSFT251212P00470000,put,False,470.0,1.49,1.62,1.46,480.8399963378906,0.21521780883789063,0.03539610022899104,0.007070959208665306,2014.0,2543,2025-12-05 20:59:43+00:00,0.004722222222222222,1.5550000000000002,0.01643835616438356
2025-12-05 21:00:00+00:00,2025-12-12 00:00:00+00:00,MSFT,MSFT251212P00475000,put,False,475.0,2.37,2.56,2.46,480.8399963378906,0.20288883056640622,0.03539610022899104,0.007070959208665306,1786.0,4431,2025-12-05 20:59:57+00:00,0.0008333333333333334,2.465,0.01643835616438356
2025-12-05 21:00:00+00:00,2025-12-12 00:00:00+00:00,MSFT,MSFT251212P00477500,put,False,477.5,3.1,3.35,3.2,480.8399963378906,0.2024005541992187,0.03539610022899104,0.007070959208665306,986.0,772,2025-12-05 20:57:17+00:00,0.04527777777777778,3.225,0.01643835616438356
2025-12-05 21:00:00+00:00,2025-12-12 00:00:00+00:00,MSFT,MSFT251212P00480000,put,False,480.0,3.95,4.2,4.05,480.8399963378906,0.19831123962402342,0.03539610022899104,0.007070959208665306,2936.0,3935,2025-12-05 20:59:59+00:00,0.0002777777777777778,4.075,0.01643835616438356
2025-12-05 21:00:00+00:00,2025-12-12 00:00:00+00:00,MSFT,MSFT251212P00482500,put,False,482.5,5.0,5.2,5.04,480.8399963378906,0.19373364868164064,0.03539610022899104,0.007070959208665306,1219.0,505,2025-12-05 20:59:51+00:00,0.0025,5.1,0.01643835616438356
2025-12-05 21:00:00+00:00,2025-12-12 00:00:00+00:00,MSFT,MSFT251212P00485000,put,True,485.0,6.25,6.45,6.35,480.8399963378906,0.19171950866699222,0.03539610022899104,0.007070959208665306,413.0,2630,2025-12-05 20:57:27+00:00,0.0425,6.35,0.01643835616438356
2025-12-05 21:00:00+00:00,2025-12-12 00:00:00+00:00,MSFT,MSFT251212P00487500,put,True,487.5,7.65,8.2,7.75,480.8399963378906,0.20142400146484374,0.03539610022899104,0.007070959208665306,223.0,471,2025-12-05 20:55:00+00:00,0.08333333333333333,7.925,0.01643835616438356
2025-12-05 21:00:00+00:00,2025-12-12 00:00:00+00:00,MSFT,MSFT251212P00490000,put,True,490.0,9.3,9.55,9.65,480.8399963378906,0.1900715759277344,0.03539610022899104,0.007070959208665306,388.0,972,2025-12-05 20:55:44+00:00,0.07111111111111111,9.425,0.01643835616438356
2025-12-05 21:00:00+00:00,2025-12-12 00:00:00+00:00,MSFT,MSFT251212P00492500,put,True,492.5,10.1,11.4,11.1,480.8399963378906,0.1915364050292969,0.03539610022899104,0.007070959208665306,94.0,437,2025-12-05 20:58:24+00:00,0.02666666666666667,10.75,0.01643835616438356
2025-12-05 21:00:00+00:00,2025-12-12 00:00:00+00:00,MSFT,MSFT251212P00495000,put,True,495.0,13.05,13.35,13.72,480.8399963378906,0.19135330139160156,0.03539610022899104,0.007070959208665306,49.0,781,2025-12-05 20:38:53+00:00,0.35194444444444445,13.2,0.01643835616438356
2025-12-05 21:00:00+00:00,2025-12-12 00:00:00+00:00,MSFT,MSFT251212P00497500,put,True,497.5,14.75,15.55,18.42,480.8399963378906,0.19849434326171872,0.03539610022899104,0.007070959208665306,1.0,63,2025-12-05 16:28:08+00:00,4.5311111111111115,15.15,0.01643835616438356
2025-12-05 21:00:00+00:00,2025-12-12 00:00:00+00:00,MSFT,MSFT251212P00500000,put,True,500.0,17.05,17.8,18.27,480.8399963378906,0.20459779785156246,0.03539610022899104,0.007070959208665306,27.0,599,2025-12-05 20:53:42+00:00,0.105,17.425,0.01643835616438356
2025-12-05 21:00:00+00:00,2025-12-12 00:00:00+00:00,MSFT,MSFT251212P00505000,put,True,505.0,21.65,22.5,23.34,480.8399963378906,0.2211991943359375,0.03539610022899104,0.007070959208665306,59.0,995,2025-12-05 20:45:00+00:00,0.25,22.075,0.01643835616438356
2025-12-05 21:00:00+00:00,2025-12-12 00:00:00+00:00,MSFT,MSFT251212P00510000,put,True,510.0,26.3,28.35,30.0,480.8399963378906,0.32166205688476557,0.03539610022899104,0.007070959208665306,47.0,5,2025-12-05 16:59:57+00:00,4.0008333333333335,27.325000000000003,0.01643835616438356
2025-12-05 21:00:00+00:00,2025-12-12 00:00:00+00:00,MSFT,MSFT251212P00515000,put,True,515.0,30.7,33.35,33.35,480.8399963378906,0.36084623535156246,0.03539610022899104,0.007070959208665306,9.0,1,2025-12-04 14:40:11+00:00,30.330277777777777,32.025,0.01643835616438356
2025-12-05 21:00:00+00:00,2025-12-12 00:00:00+00:00,MSFT,MSFT251212P00520000,put,True,520.0,36.15,38.35,36.7,480.8399963378906,0.39856558471679693,0.03539610022899104,0.007070959208665306,200.0,0,2025-12-04 15:25:24+00:00,29.576666666666668,37.25,0.01643835616438356
2025-12-05 21:00:00+00:00,2025-12-12 00:00:00+00:00,MSFT,MSFT251212P00525000,put,True,525.0,41.25,43.35,43.63,480.8399963378906,0.4351863122558594,0.03539610022899104,0.007070959208665306,1.0,1,2025-12-04 20:58:13+00:00,24.029722222222222,42.3,0.01643835616438356
2025-12-05 21:00:00+00:00,2025-12-12 00:00:00+00:00,MSFT,MSFT251212P00530000,put,True,530.0,46.3,48.35,48.65,480.8399963378906,0.47058634887695316,0.03539610022899104,0.007070959208665306,1.0,0,2025-12-04 20:58:13+00:00,24.029722222222222,47.325,0.01643835616438356
2025-12-05 21:00:00+00:00,2025-12-12 00:00:00+00:00,MSFT,MSFT251212P00535000,put,True,535.0,50.5,53.35,56.74,480.8399963378906,0.5051319018554687,0.03539610022899104,0.007070959208665306,18.0,0,2025-11-20 20:39:35+00:00,360.34027777777777,51.925,0.01643835616438356
2025-12-05 21:00:00+00:00,2025-12-12 00:00:00+00:00,MSFT,MSFT251212P00540000,put,True,540.0,55.4,58.8,48.73,480.8399963378906,0.5758099060058592,0.03539610022899104,0.007070959208665306,1.0,0,2025-12-02 18:09:21+00:00,74.84416666666667,57.099999999999994,0.01643835616438356
2025-12-05 21:00:00+00:00,2025-12-12 00:00:00+00:00,MSFT,MSFT251212P00545000,put,True,545.0,60.4,63.8,55.18,480.8399963378906,0.6098671826171876,0.03539610022899104,0.007070959208665306,35.0,0,2025-12-02 20:46:05+00:00,72.23194444444445,62.099999999999994,0.01643835616438356
2025-12-05 21:00:00+00:00,2025-12-12 00:00:00+00:00,MSFT,MSFT251212P00550000,put,True,550.0,66.25,68.35,66.62,480.8399963378906,0.6036416589355471,0.03539610022899104,0.007070959208665306,10.0,0,2025-11-26 14:32:15+00:00,222.4625,67.3,0.01643835616438356
2025-12-05 21:00:00+00:00,2025-12-12 00:00:00+00:00,MSFT,MSFT251212P00555000,put,True,555.0,70.4,73.35,77.75,480.8399963378906,0.6350134155273439,0.03539610022899104,0.007070959208665306,20.0,0,2025-11-20 20:31:31+00:00,360.4747222222222,71.875,0.01643835616438356
2025-12-05 21:00:00+00:00,2025-12-12 00:00:00+00:00,MSFT,MSFT251212P00560000,put,True,560.0,76.2,78.35,78.45,480.8399963378906,0.5224657128906249,0.03539610022899104,0.007070959208665306,1.0,0,2025-12-03 15:39:00+00:00,53.35,77.275,0.01643835616438356
2025-12-05 21:00:00+00:00,2025-12-12 00:00:00+00:00,MSFT,MSFT251212P00565000,put,True,565.0,80.6,83.8,86.94,480.8399963378906,0.5317429638671876,0.03539610022899104,0.007070959208665306,1.0,0,2025-11-21 14:44:14+00:00,342.2627777777778,82.19999999999999,0.01643835616438356
2025-12-05 21:00:00+00:00,2025-12-12 00:00:00+00:00,MSFT,MSFT251212P00585000,put,True,585.0,101.2,103.35,91.95,480.8399963378906,0.6469761865234375,0.03539610022899104,0.007070959208665306,,0,2025-11-18 20:55:00+00:00,408.0833333333333,102.275,0.01643835616438356
2025-12-05 21:00:00+00:00,2025-12-12 00:00:00+00:00,MSFT,MSFT251212P00600000,put,True,600.0,115.5,118.8,106.95,480.8399963378906,0.6826203613281252,0.03539610022899104,0.007070959208665306,,0,2025-11-18 20:55:00+00:00,408.0833333333333,117.15,0.01643835616438356
2025-12-05 21:00:00+00:00,2025-12-12 00:00:00+00:00,MSFT,MSFT251212P00605000,put,True,605.0,120.35,123.8,111.9,480.8399963378906,0.6777375976562501,0.03539610022899104,0.007070959208665306,1.0,0,2025-11-18 20:55:00+00:00,408.0833333333333,122.07499999999999,0.01643835616438356
2025-12-05 21:00:00+00:00,2025-12-19 00:00:00+00:00,MSFT,MSFT251219C00125000,call,True,125.0,356.85,359.55,351.5,480.8399963378906,2.2187544531249994,0.03539610022899104,0.007070959208665306,10.0,16,2025-12-03 14:48:32+00:00,54.19111111111111,358.20000000000005,0.03561643835616438
2025-12-05 21:00:00+00:00,2025-12-19 00:00:00+00:00,MSFT,MSFT251219C00130000,call,True,130.0,351.85,354.65,350.92,480.8399963378906,2.3203166992187496,0.03539610022899104,0.007070959208665306,11.0,463,2025-12-05 18:01:02+00:00,2.9827777777777778,353.25,0.03561643835616438
2025-12-05 21:00:00+00:00,2025-12-19 00:00:00+00:00,MSFT,MSFT251219C00135000,call,True,135.0,346.85,349.6,341.3,480.8399963378906,2.1875045312499997,0.03539610022899104,0.007070959208665306,30.0,182,2025-11-24 17:45:34+00:00,267.24055555555555,348.225,0.03561643835616438
2025-12-05 21:00:00+00:00,2025-12-19 00:00:00+00:00,MSFT,MSFT251219C00140000,call,True,140.0,341.45,344.75,339.95,480.8399963378906,3.1499044689941402,0.03539610022899104,0.007070959208665306,5.0,0,2025-11-19 20:43:47+00:00,384.2702777777778,343.1,0.03561643835616438
2025-12-05 21:00:00+00:00,2025-12-19 00:00:00+00:00,MSFT,MSFT251219C00145000,call,True,145.0,336.9,339.5,340.15,480.8399963378906,1.9765626171875001,0.03539610022899104,0.007070959208665306,7.0,1,2025-11-19 18:46:37+00:00,386.22305555555556,338.2,0.03561643835616438
2025-12-05 21:00:00+00:00,2025-12-19 00:00:00+00:00,MSFT,MSFT251219C00150000,call,True,150.0,331.5,334.85,344.23,480.8399963378906,1.78125109375,0.03539610022899104,0.007070959208665306,1.0,11,2025-11-20 15:39:36+00:00,365.34,333.175,0.03561643835616438
2025-12-05 21:00:00+00:00,2025-12-19 00:00:00+00:00,MSFT,MSFT251219C00155000,call,True,155.0,284.45,287.85,226.31,480.8399963378906,1.0000000000000003e-05,0.03539610022899104,0.007070959208665306,4.0,2,2025-04-10 15:24:15+00:00,5741.595833333334,286.15,0.03561643835616438
2025-12-05 21:00:00+00:00,2025-12-19 00:00:00+00:00,MSFT,MSFT251219C00160000,call,True,160.0,321.5,324.85,326.2,480.8399963378906,1.671876640625,0.03539610022899104,0.007070959208665306,690.0,1,2025-11-19 20:43:47+00:00,384.2702777777778,323.175,0.03561643835616438
2025-12-05 21:00:00+00:00,2025-12-19 00:00:00+00:00,MSFT,MSFT251219C00165000,call,True,165.0,0.0,0.0,195.6,480.8399963378906,1.0000000000000003e-05,0.03539610022899104,0.007070959208665306,1.0,0,2025-04-07 15:14:34+00:00,5813.7572222222225,0.0,0.03561643835616438
2025-12-05 21:00:00+00:00,2025-12-19 00:00:00+00:00,MSFT,MSFT251219C00170000,call,True,170.0,311.9,314.6,314.95,480.8399963378906,1.859375703125,0.03539610022899104,0.007070959208665306,1.0,12,2025-11-26 14:30:05+00:00,222.4986111111111,313.25,0.03561643835616438
2025-12-05 21:00:00+00:00,2025-12-19 00:00:00+00:00,MSFT,MSFT251219C00175000,call,True,175.0,306.95,310.2,311.15,480.8399963378906,2.14844212890625,0.03539610022899104,0.007070959208665306,1.0,3,2025-11-19 18:46:37+00:00,386.22305555555556,308.575,0.03561643835616438
2025-12-05 21:00:00+00:00,2025-12-19 00:00:00+00:00,MSFT,MSFT251219C00180000,call,True,180.0,301.55,305.15,297.35,480.8399963378906,1.9062504687500001,0.03539610022899104,0.007070959208665306,1.0,8,2025-11-21 14:41:39+00:00,342.30583333333334,303.35,0.03561643835616438
2025-12-05 21:00:00+00:00,2025-12-19 00:00:00+00:00,MSFT,MSFT251219C00185000,call,True,185.0,296.55,299.45,308.44,480.8399963378906,2.3979532238769528,0.03539610022899104,0.007070959208665306,10.0,20,2025-11-20 15:40:42+00:00,365.32166666666666,298.0,0.03561643835616438
2025-12-05 21:00:00+00:00,2025-12-19 00:00:00+00:00,MSFT,MSFT251219C00190000,call,True,190.0,291.95,294.6,279.13,480.8399963378906,1.7109389453125,0.03539610022899104,0.007070959208665306,1.0,4,2025-11-25 15:12:42+00:00,245.78833333333333,293.275,0.03561643835616438
2025-12-05 21:00:00+00:00,2025-12-19 00:00:00+00:00,MSFT,MSFT251219C00195000,call,True,195.0,286.95,290.05,291.0,480.8399963378906,1.8847662011718749,0.03539610022899104,0.007070959208665306,15.0,0,2025-11-19 18:34:16+00:00,386.4288888888889,288.5,0.03561643835616438
2025-12-05 21:00:00+00:00,2025-12-19 00:00:00+00:00,MSFT,MSFT251219C00200000,call,True,200.0,281.55,285.05,283.55,480.8399963378906,1.65625171875,0.03539610022899104,0.007070959208665306,1.0,36,2025-12-04 20:37:30+00:00,24.375,283.3,0.03561643835616438
2025-12-05 21:00:00+00:00,2025-12-19 00:00:00+00:00,MSFT,MSFT251219C00205000,call,True,205.0,0.0,0.0,305.2,480.8399963378906,1.0000000000000003e-05,0.03539610022899104,0.007070959208665306,5.0,23,2025-08-25 14:58:14+00:00,2454.0294444444444,0.0,0.03561643835616438
2025-12-05 21:00:00+00:00,2025-12-19 00:00:00+00:00,MSFT,MSFT251219C00210000,call,True,210.0,271.6,275.0,270.0,480.8399963378906,1.5703146484375,0.03539610022899104,0.007070959208665306,1.0,48,2025-12-05 16:15:25+00:00,4.743055555555555,273.3,0.03561643835616438
2025-12-05 21:00:00+00:00,2025-12-19 00:00:00+00:00,MSFT,MSFT251219C00215000,call,True,215.0,267.0,269.95,285.0,480.8399963378906,1.6787125439453123,0.03539610022899104,0.007070959208665306,6.0,62,2025-11-06 15:36:41+00:00,701.3886111111111,268.475,0.03561643835616438
2025-12-05 21:00:00+00:00,2025-12-19 00:00:00+00:00,MSFT,MSFT251219C00220000,call,True,220.0,261.6,264.6,262.73,480.8399963378906,2.035649442138672,0.03539610022899104,0.007070959208665306,1.0,96,2025-12-03 17:43:37+00:00,51.27305555555556,263.1,0.03561643835616438
2025-12-05 21:00:00+00:00,2025-12-19 00:00:00+00:00,MSFT,MSFT251219C00225000,call,True,225.0,256.6,260.1,286.5,480.8399963378906,1.4980493847656249,0.03539610022899104,0.007070959208665306,16.0,80,2025-11-14 17:13:43+00:00,507.7713888888889,258.35,0.03561643835616438
2025-12-05 21:00:00+00:00,2025-12-19 00:00:00+00:00,MSFT,MSFT251219C00230000,call,True,230.0,252.05,254.4,252.46,480.8399963378906,1.3007847460937496,0.03539610022899104,0.007070959208665306,4.0,105,2025-12-03 17:43:37+00:00,51.27305555555556,253.22500000000002,0.03561643835616438
2025-12-05 21:00:00+00:00,2025-12-19 00:00:00+00:00,MSFT,MSFT251219C00235000,call,True,235.0,254.15,256.75,304.8,480.8399963378906,2.6442904986572273,0.03539610022899104,0.007070959208665306,1.0,19,2025-10-29 15:06:39+00:00,893.8891666666667,255.45,0.03561643835616438
2025-12-05 21:00:00+00:00,2025-12-19 00:00:00+00:00,MSFT,MSFT251219C00240000,call,True,240.0,242.05,244.7,246.99,480.8399963378906,1.400393623046875,0.03539610022899104,0.007070959208665306,2.0,161,2025-11-19 20:58:55+00:00,384.0180555555556,243.375,0.03561643835616438
2025-12-05 21:00:00+00:00,2025-12-19 00:00:00+00:00,MSFT,MSFT251219C00245000,call,True,245.0,236.65,240.0,235.15,480.8399963378906,1.3203158984374999,0.03539610022899104,0.007070959208665306,8.0,15,2025-11-11 17:24:58+00:00,579.5838888888889,238.325,0.03561643835616438
2025-12-05 21:00:00+00:00,2025-12-19 00:00:00+00:00,MSFT,MSFT251219C00250000,call,True,250.0,232.05,234.7,228.8,480.8399963378906,1.32422212890625,0.03539610022899104,0.007070959208665306,1.0,227,2025-12-03 15:05:48+00:00,53.903333333333336,233.375,0.03561643835616438
2025-12-05 21:00:00+00:00,2025-12-19 00:00:00+00:00,MSFT,MSFT251219C00255000,call,True,255.0,226.65,230.15,221.7,480.8399963378906,1.3046909765624997,0.03539610022899104,0.007070959208665306,1.0,158,2025-12-03 14:56:48+00:00,54.053333333333335,228.4,0.03561643835616438
2025-12-05 21:00:00+00:00,2025-12-19 00:00:00+00:00,MSFT,MSFT251219C00260000,call,True,260.0,222.1,225.0,232.24,480.8399963378906,1.3486360693359374,0.03539610022899104,0.007070959208665306,1.0,95,2025-12-02 16:21:25+00:00,76.64305555555555,223.55,0.03561643835616438
2025-12-05 21:00:00+00:00,2025-12-19 00:00:00+00:00,MSFT,MSFT251219C00265000,call,True,265.0,217.1,220.0,253.6,480.8399963378906,1.3115268798828121,0.03539610022899104,0.007070959208665306,1.0,106,2025-11-03 16:51:44+00:00,772.1377777777777,218.55,0.03561643835616438
2025-12-05 21:00:00+00:00,2025-12-19 00:00:00+00:00,MSFT,MSFT251219C00270000,call,True,270.0,212.1,215.1,208.47,480.8399963378906,1.2949254003906248,0.03539610022899104,0.007070959208665306,1.0,239,2025-12-04 16:37:18+00:00,28.378333333333334,213.6,0.03561643835616438
2025-12-05 21:00:00+00:00,2025-12-19 00:00:00+00:00,MSFT,MSFT251219C00275000,call,True,275.0,207.1,210.2,202.48,480.8399963378906,1.2773473632812498,0.03539610022899104,0.007070959208665306,203.0,447,2025-11-25 20:14:54+00:00,240.75166666666667,208.64999999999998,0.03561643835616438
2025-12-05 21:00:00+00:00,2025-12-19 00:00:00+00:00,MSFT,MSFT251219C00280000,call,True,280.0,202.15,204.75,196.5,480.8399963378906,1.15625421875,0.03539610022899104,0.007070959208665306,4.0,795,2025-11-24 17:19:16+00:00,267.6788888888889,203.45,0.03561643835616438
2025-12-05 21:00:00+00:00,2025-12-19 00:00:00+00:00,MSFT,MSFT251219C00285000,call,True,285.0,0.0,0.0,223.21,480.8399963378906,1.0000000000000003e-05,0.03539610022899104,0.007070959208665306,1.0,104,2025-09-02 19:50:17+00:00,2257.1619444444445,0.0,0.03561643835616438
2025-12-05 21:00:00+00:00,2025-12-19 00:00:00+00:00,MSFT,MSFT251219C00290000,call,True,290.0,192.15,194.8,195.0,480.8399963378906,1.0996138769531252,0.03539610022899104,0.007070959208665306,1.0,248,2025-11-19 19:55:02+00:00,385.0827777777778,193.47500000000002,0.03561643835616438
2025-12-05 21:00:00+00:00,2025-12-19 00:00:00+00:00,MSFT,MSFT251219C00295000,call,True,295.0,187.15,190.05,195.13,480.8399963378906,1.1162153564453123,0.03539610022899104,0.007070959208665306,1.0,202,2025-12-01 16:52:18+00:00,100.12833333333333,188.60000000000002,0.03561643835616438
2025-12-05 21:00:00+00:00,2025-12-19 00:00:00+00:00,MSFT,MSFT251219C00300000,call,True,300.0,182.15,184.95,192.0,480.8399963378906,1.0639695239257816,0.03539610022899104,0.007070959208665306,31.0,1282,2025-12-02 17:05:28+00:00,75.9088888888889,183.55,0.03561643835616438
2025-12-05 21:00:00+00:00,2025-12-19 00:00:00+00:00,MSFT,MSFT251219C00305000,call,True,305.0,177.15,180.0,175.5,480.8399963378906,1.040043862304688,0.03539610022899104,0.007070959208665306,6.0,459,2025-12-03 20:54:40+00:00,48.08888888888889,178.575,0.03561643835616438
2025-12-05 21:00:00+00:00,2025-12-19 00:00:00+00:00,MSFT,MSFT251219C00310000,call,True,310.0,171.75,175.05,161.66,480.8399963378906,0.9355475195312499,0.03539610022899104,0.007070959208665306,1.0,272,2025-11-21 15:04:08+00:00,341.93111111111114,173.4,0.03561643835616438
2025-12-05 21:00:00+00:00,2025-12-19 00:00:00+00:00,MSFT,MSFT251219C00315000,call,True,315.0,167.2,170.1,166.81,480.8399963378906,0.99804689453125,0.03539610022899104,0.007070959208665306,1.0,917,2025-11-28 14:38:32+00:00,174.35777777777778,168.64999999999998,0.03561643835616438
2025-12-05 21:00:00+00:00,2025-12-19 00:00:00+00:00,MSFT,MSFT251219C00320000,call,True,320.0,162.2,165.1,160.94,480.8399963378906,0.9653323779296875,0.03539610022899104,0.007070959208665306,1.0,253,2025-12-03 20:55:02+00:00,48.08277777777778,163.64999999999998,0.03561643835616438
2025-12-05 21:00:00+00:00,2025-12-19 00:00:00+00:00,MSFT,MSFT251219C00325000,call,True,325.0,157.2,159.5,155.5,480.8399963378906,0.8212908496093749,0.03539610022899104,0.007070959208665306,5.0,361,2025-12-05 18:11:16+00:00,2.812222222222222,158.35,0.03561643835616438
2025-12-05 21:00:00+00:00,2025-12-19 00:00:00+00:00,MSFT,MSFT251219C00330000,call,True,330.0,152.2,154.85,151.0,480.8399963378906,0.8637708935546875,0.03539610022899104,0.007070959208665306,4.0,319,2025-12-05 18:12:18+00:00,2.795,153.52499999999998,0.03561643835616438
2025-12-05 21:00:00+00:00,2025-12-19 00:00:00+00:00,MSFT,MSFT251219C00335000,call,True,335.0,147.25,149.9,145.94,480.8399963378906,0.8491226025390625,0.03539610022899104,0.007070959208665306,2.0,451,2025-12-03 17:07:03+00:00,51.8825,148.575,0.03561643835616438
2025-12-05 21:00:00+00:00,2025-12-19 00:00:00+00:00,MSFT,MSFT251219C00340000,call,True,340.0,141.85,145.35,141.0,480.8399963378906,0.8256853369140623,0.03539610022899104,0.007070959208665306,5.0,177,2025-12-05 17:10:27+00:00,3.825833333333333,143.6,0.03561643835616438
2025-12-05 21:00:00+00:00,2025-12-19 00:00:00+00:00,MSFT,MSFT251219C00345000,call,True,345.0,137.25,139.95,135.0,480.8399963378906,0.7954122021484374,0.03539610022899104,0.007070959208665306,6.0,846,2025-12-04 18:28:10+00:00,26.530555555555555,138.6,0.03561643835616438
2025-12-05 21:00:00+00:00,2025-12-19 00:00:00+00:00,MSFT,MSFT251219C00350000,call,True,350.0,132.45,135.1,133.75,480.8399963378906,0.80664255859375,0.03539610022899104,0.007070959208665306,1.0,1897,2025-12-05 15:35:49+00:00,5.4030555555555555,133.77499999999998,0.03561643835616438
2025-12-05 21:00:00+00:00,2025-12-19 00:00:00+00:00,MSFT,MSFT251219C00355000,call,True,355.0,127.3,129.8,125.23,480.8399963378906,0.7231472998046875,0.03539610022899104,0.007070959208665306,2.0,314,2025-12-04 20:22:27+00:00,24.625833333333333,128.55,0.03561643835616438
2025-12-05 21:00:00+00:00,2025-12-19 00:00:00+00:00,MSFT,MSFT251219C00360000,call,True,360.0,122.3,124.85,123.48,480.8399963378906,0.7006865869140625,0.03539610022899104,0.007070959208665306,1.0,2183,2025-12-04 19:31:48+00:00,25.47,123.57499999999999,0.03561643835616438
2025-12-05 21:00:00+00:00,2025-12-19 00:00:00+00:00,MSFT,MSFT251219C00365000,call,True,365.0,117.3,119.4,115.8,480.8399963378906,0.6020547607421877,0.03539610022899104,0.007070959208665306,1.0,454,2025-12-05 17:44:07+00:00,3.2647222222222223,118.35,0.03561643835616438
2025-12-05 21:00:00+00:00,2025-12-19 00:00:00+00:00,MSFT,MSFT251219C00370000,call,True,370.0,112.35,115.55,112.13,480.8399963378906,0.7153348779296875,0.03539610022899104,0.007070959208665306,10.0,730,2025-12-03 16:05:45+00:00,52.90416666666667,113.94999999999999,0.03561643835616438
2025-12-05 21:00:00+00:00,2025-12-19 00:00:00+00:00,MSFT,MSFT251219C00375000,call,True,375.0,108.0,110.15,108.55,480.8399963378906,0.70312796875,0.03539610022899104,0.007070959208665306,1.0,719,2025-12-03 18:07:36+00:00,50.873333333333335,109.075,0.03561643835616438
2025-12-05 21:00:00+00:00,2025-12-19 00:00:00+00:00,MSFT,MSFT251219C00380000,call,True,380.0,102.35,104.4,102.4,480.8399963378906,0.5336960693359375,0.03539610022899104,0.007070959208665306,11.0,2857,2025-12-05 20:47:53+00:00,0.20194444444444445,103.375,0.03561643835616438
2025-12-05 21:00:00+00:00,2025-12-19 00:00:00+00:00,MSFT,MSFT251219C00385000,call,True,385.0,97.35,99.35,97.13,480.8399963378906,0.6750520776367189,0.03539610022899104,0.007070959208665306,5.0,592,2025-12-05 19:25:09+00:00,1.5808333333333333,98.35,0.03561643835616438
2025-12-05 21:00:00+00:00,2025-12-19 00:00:00+00:00,MSFT,MSFT251219C00390000,call,True,390.0,92.4,95.05,91.9,480.8399963378906,0.5600629931640625,0.03539610022899104,0.007070959208665306,11.0,949,2025-12-05 19:55:49+00:00,1.0697222222222222,93.725,0.03561643835616438
2025-12-05 21:00:00+00:00,2025-12-19 00:00:00+00:00,MSFT,MSFT251219C00395000,call,True,395.0,87.4,89.4,87.34,480.8399963378906,0.6171913281250001,0.03539610022899104,0.007070959208665306,4.0,670,2025-12-05 19:55:49+00:00,1.0697222222222222,88.4,0.03561643835616438
2025-12-05 21:00:00+00:00,2025-12-19 00:00:00+00:00,MSFT,MSFT251219C00400000,call,True,400.0,82.4,85.35,82.57,480.8399963378906,0.52539537109375,0.03539610022899104,0.007070959208665306,2.0,2209,2025-12-05 19:56:26+00:00,1.0594444444444444,83.875,0.03561643835616438
2025-12-05 21:00:00+00:00,2025-12-19 00:00:00+00:00,MSFT,MSFT251219C00405000,call,True,405.0,77.45,79.9,77.35,480.8399963378906,0.5982706188964844,0.03539610022899104,0.007070959208665306,1.0,1393,2025-12-05 15:02:04+00:00,5.9655555555555555,78.67500000000001,0.03561643835616438
2025-12-05 21:00:00+00:00,2025-12-19 00:00:00+00:00,MSFT,MSFT251219C00410000,call,True,410.0,72.45,75.35,71.86,480.8399963378906,0.5983926879882813,0.03539610022899104,0.007070959208665306,2.0,1147,2025-12-05 16:58:29+00:00,4.025277777777778,73.9,0.03561643835616438
2025-12-05 21:00:00+00:00,2025-12-19 00:00:00+00:00,MSFT,MSFT251219C00415000,call,True,415.0,67.75,69.55,67.7,480.8399963378906,0.5051319018554687,0.03539610022899104,0.007070959208665306,1.0,762,2025-12-05 16:10:14+00:00,4.829444444444444,68.65,0.03561643835616438
2025-12-05 21:00:00+00:00,2025-12-19 00:00:00+00:00,MSFT,MSFT251219C00420000,call,True,420.0,62.9,64.7,58.3,480.8399963378906,0.4852346398925781,0.03539610022899104,0.007070959208665306,2.0,1011,2025-12-04 16:14:37+00:00,28.75638888888889,63.8,0.03561643835616438
2025-12-05 21:00:00+00:00,2025-12-19 00:00:00+00:00,MSFT,MSFT251219C00425000,call,True,425.0,57.6,59.6,55.55,480.8399963378906,0.4458063232421875,0.03539610022899104,0.007070959208665306,4.0,2335,2025-12-05 16:58:29+00:00,4.025277777777778,58.6,0.03561643835616438
2025-12-05 21:00:00+00:00,2025-12-19 00:00:00+00:00,MSFT,MSFT251219C00430000,call,True,430.0,52.65,55.25,52.94,480.8399963378906,0.45642633422851564,0.03539610022899104,0.007070959208665306,3.0,932,2025-12-05 18:56:12+00:00,2.0633333333333335,53.95,0.03561643835616438
2025-12-05 21:00:00+00:00,2025-12-19 00:00:00+00:00,MSFT,MSFT251219C00435000,call,True,435.0,47.75,50.7,47.76,480.8399963378906,0.44727115234375,0.03539610022899104,0.007070959208665306,18.0,829,2025-12-05 19:35:08+00:00,1.4144444444444444,49.225,0.03561643835616438
2025-12-05 21:00:00+00:00,2025-12-19 00:00:00+00:00,MSFT,MSFT251219C00440000,call,True,440.0,43.25,45.85,41.77,480.8399963378906,0.4195614685058594,0.03539610022899104,0.007070959208665306,33.0,1884,2025-12-04 20:51:26+00:00,24.142777777777777,44.55,0.03561643835616438
2025-12-05 21:00:00+00:00,2025-12-19 00:00:00+00:00,MSFT,MSFT251219C00445000,call,True,445.0,38.75,40.8,38.95,480.8399963378906,0.3813538427734374,0.03539610022899104,0.007070959208665306,3.0,2498,2025-12-04 18:08:02+00:00,26.86611111111111,39.775,0.03561643835616438
2025-12-05 21:00:00+00:00,2025-12-19 00:00:00+00:00,MSFT,MSFT251219C00450000,call,True,450.0,34.35,35.2,33.6,480.8399963378906,0.317389638671875,0.03539610022899104,0.007070959208665306,33.0,4702,2025-12-05 20:24:32+00:00,0.5911111111111111,34.775000000000006,0.03561643835616438
2025-12-05 21:00:00+00:00,2025-12-19 00:00:00+00:00,MSFT,MSFT251219C00455000,call,True,455.0,29.75,30.45,30.0,480.8399963378906,0.2937082348632812,0.03539610022899104,0.007070959208665306,10.0,1988,2025-12-05 20:53:49+00:00,0.10305555555555555,30.1,0.03561643835616438
2025-12-05 21:00:00+00:00,2025-12-19 00:00:00+00:00,MSFT,MSFT251219C00460000,call,True,460.0,25.15,25.9,25.49,480.8399963378906,0.2752758020019531,0.03539610022899104,0.007070959208665306,123.0,3483,2025-12-05 20:57:59+00:00,0.03361111111111111,25.525,0.03561643835616438
2025-12-05 21:00:00+00:00,2025-12-19 00:00:00+00:00,MSFT,MSFT251219C00465000,call,True,465.0,20.95,21.5,21.14,480.8399963378906,0.25757578369140627,0.03539610022899104,0.007070959208665306,1113.0,2413,2025-12-05 20:57:59+00:00,0.03361111111111111,21.225,0.03561643835616438
2025-12-05 21:00:00+00:00,2025-12-19 00:00:00+00:00,MSFT,MSFT251219C00470000,call,True,470.0,16.95,17.2,16.3,480.8399963378906,0.23749541809082028,0.03539610022899104,0.007070959208665306,684.0,3980,2025-12-05 20:44:56+00:00,0.2511111111111111,17.075,0.03561643835616438
2025-12-05 21:00:00+00:00,2025-12-19 00:00:00+00:00,MSFT,MSFT251219C00475000,call,True,475.0,13.3,13.5,13.5,480.8399963378906,0.22779092529296874,0.03539610022899104,0.007070959208665306,1179.0,2859,2025-12-05 20:59:01+00:00,0.01638888888888889,13.4,0.03561643835616438
2025-12-05 21:00:00+00:00,2025-12-19 00:00:00+00:00,MSFT,MSFT251219C00480000,call,True,480.0,10.05,10.25,10.3,480.8399963378906,0.22022264160156246,0.03539610022899104,0.007070959208665306,1767.0,15045,2025-12-05 20:58:54+00:00,0.018333333333333333,10.15,0.03561643835616438
2025-12-05 21:00:00+00:00,2025-12-19 00:00:00+00:00,MSFT,MSFT251219C00482500,call,True,482.5,8.65,8.8,8.85,480.8399963378906,0.21680470703125,0.03539610022899104,0.007070959208665306,907.0,744,2025-12-05 20:57:37+00:00,0.03972222222222222,8.725000000000001,0.03561643835616438
2025-12-05 21:00:00+00:00,2025-12-19 00:00:00+00:00,MSFT,MSFT251219C00485000,call,False,485.0,7.35,7.5,7.5,480.8399963378906,0.2142412561035156,0.03539610022899104,0.007070959208665306,2252.0,12126,2025-12-05 20:59:22+00:00,0.010555555555555556,7.425,0.03561643835616438
2025-12-05 21:00:00+00:00,2025-12-19 00:00:00+00:00,MSFT,MSFT251219C00487500,call,False,487.5,6.15,6.35,6.35,480.8399963378906,0.21250177154541017,0.03539610022899104,0.007070959208665306,308.0,328,2025-12-05 20:56:20+00:00,0.06111111111111111,6.25,0.03561643835616438
2025-12-05 21:00:00+00:00,2025-12-19 00:00:00+00:00,MSFT,MSFT251219C00490000,call,False,490.0,5.15,5.3,5.35,480.8399963378906,0.2102740106201172,0.03539610022899104,0.007070959208665306,1824.0,7868,2025-12-05 20:59:43+00:00,0.004722222222222222,5.225,0.03561643835616438
2025-12-05 21:00:00+00:00,2025-12-19 00:00:00+00:00,MSFT,MSFT251219C00492500,call,False,492.5,4.3,4.4,4.4,480.8399963378906,0.2089312506103515,0.03539610022899104,0.007070959208665306,195.0,765,2025-12-05 20:58:06+00:00,0.03166666666666667,4.35,0.03561643835616438
2025-12-05 21:00:00+00:00,2025-12-19 00:00:00+00:00,MSFT,MSFT251219C00495000,call,False,495.0,3.5,3.65,3.65,480.8399963378906,0.20868711242675775,0.03539610022899104,0.007070959208665306,783.0,8517,2025-12-05 20:59:33+00:00,0.0075,3.575,0.03561643835616438
2025-12-05 21:00:00+00:00,2025-12-19 00:00:00+00:00,MSFT,MSFT251219C00500000,call,False,500.0,2.38,2.42,2.42,480.8399963378906,0.2074053869628906,0.03539610022899104,0.007070959208665306,4313.0,21734,2025-12-05 20:59:55+00:00,0.001388888888888889,2.4,0.03561643835616438
2025-12-05 21:00:00+00:00,2025-12-19 00:00:00+00:00,MSFT,MSFT251219C00505000,call,False,505.0,1.54,1.61,1.59,480.8399963378906,0.2092364233398437,0.03539610022899104,0.007070959208665306,643.0,15837,2025-12-05 20:59:55+00:00,0.001388888888888889,1.5750000000000002,0.03561643835616438
2025-12-05 21:00:00+00:00,2025-12-19 00:00:00+00:00,MSFT,MSFT251219C00510000,call,False,510.0,1.01,1.17,1.02,480.8399963378906,0.2178422943115234,0.03539610022899104,0.007070959208665306,1469.0,9403,2025-12-05 20:59:33+00:00,0.0075,1.0899999999999999,0.03561643835616438
2025-12-05 21:00:00+00:00,2025-12-19 00:00:00+00:00,MSFT,MSFT251219C00515000,call,False,515.0,0.66,0.69,0.67,480.8399963378906,0.21497367065429687,0.03539610022899104,0.007070959208665306,715.0,10040,2025-12-05 20:48:21+00:00,0.19416666666666665,0.675,0.03561643835616438
2025-12-05 21:00:00+00:00,2025-12-19 00:00:00+00:00,MSFT,MSFT251219C00520000,call,False,520.0,0.44,0.47,0.47,480.8399963378906,0.2205888488769531,0.03539610022899104,0.007070959208665306,1555.0,11858,2025-12-05 20:58:59+00:00,0.016944444444444446,0.45499999999999996,0.03561643835616438
2025-12-05 21:00:00+00:00,2025-12-19 00:00:00+00:00,MSFT,MSFT251219C00525000,call,False,525.0,0.29,0.3,0.29,480.8399963378906,0.22364057617187497,0.03539610022899104,0.007070959208665306,362.0,10745,2025-12-05 20:50:55+00:00,0.15138888888888888,0.295,0.03561643835616438
2025-12-05 21:00:00+00:00,2025-12-19 00:00:00+00:00,MSFT,MSFT251219C00530000,call,False,530.0,0.2,0.21,0.19,480.8399963378906,0.23023230712890624,0.03539610022899104,0.007070959208665306,330.0,15368,2025-12-05 20:29:36+00:00,0.5066666666666667,0.20500000000000002,0.03561643835616438
2025-12-05 21:00:00+00:00,2025-12-19 00:00:00+00:00,MSFT,MSFT251219C00535000,call,False,535.0,0.14,0.15,0.13,480.8399963378906,0.23731231445312498,0.03539610022899104,0.007070959208665306,129.0,4281,2025-12-05 20:32:56+00:00,0.45111111111111113,0.14500000000000002,0.03561643835616438
2025-12-05 21:00:00+00:00,2025-12-19 00:00:00+00:00,MSFT,MSFT251219C00540000,call,False,540.0,0.1,0.12,0.12,480.8399963378906,0.2475661181640625,0.03539610022899104,0.007070959208665306,154.0,7323,2025-12-05 19:32:49+00:00,1.4530555555555555,0.11,0.03561643835616438
2025-12-05 21:00:00+00:00,2025-12-19 00:00:00+00:00,MSFT,MSFT251219C00545000,call,False,545.0,0.07,0.1,0.08,480.8399963378906,0.25879647460937505,0.03539610022899104,0.007070959208665306,144.0,6780,2025-12-05 20:42:51+00:00,0.28583333333333333,0.085,0.03561643835616438
2025-12-05 21:00:00+00:00,2025-12-19 00:00:00+00:00,MSFT,MSFT251219C00550000,call,False,550.0,0.07,0.08,0.07,480.8399963378906,0.26807372558593745,0.03539610022899104,0.007070959208665306,269.0,15633,2025-12-05 20:49:02+00:00,0.1827777777777778,0.07500000000000001,0.03561643835616438
2025-12-05 21:00:00+00:00,2025-12-19 00:00:00+00:00,MSFT,MSFT251219C00555000,call,False,555.0,0.05,0.06,0.05,480.8399963378906,0.274421318359375,0.03539610022899104,0.007070959208665306,66.0,4100,2025-12-05 17:08:44+00:00,3.8544444444444443,0.055,0.03561643835616438
2025-12-05 21:00:00+00:00,2025-12-19 00:00:00+00:00,MSFT,MSFT251219C00560000,call,False,560.0,0.03,0.05,0.05,480.8399963378906,0.2841868457031249,0.03539610022899104,0.007070959208665306,119.0,17209,2025-12-05 20:52:33+00:00,0.12416666666666666,0.04,0.03561643835616438
2025-12-05 21:00:00+00:00,2025-12-19 00:00:00+00:00,MSFT,MSFT251219C00565000,call,False,565.0,0.02,0.05,0.04,480.8399963378906,0.299811689453125,0.03539610022899104,0.007070959208665306,119.0,5629,2025-12-05 20:57:13+00:00,0.04638888888888889,0.035,0.03561643835616438
2025-12-05 21:00:00+00:00,2025-12-19 00:00:00+00:00,MSFT,MSFT251219C00570000,call,False,570.0,0.02,0.03,0.02,480.8399963378906,0.29883513671874995,0.03539610022899104,0.007070959208665306,18.0,10247,2025-12-05 16:23:34+00:00,4.607222222222222,0.025,0.03561643835616438
2025-12-05 21:00:00+00:00,2025-12-19 00:00:00+00:00,MSFT,MSFT251219C00575000,call,False,575.0,0.02,0.03,0.02,480.8399963378906,0.31250687499999996,0.03539610022899104,0.007070959208665306,890.0,19425,2025-12-05 20:57:13+00:00,0.04638888888888889,0.025,0.03561643835616438
2025-12-05 21:00:00+00:00,2025-12-19 00:00:00+00:00,MSFT,MSFT251219C00580000,call,False,580.0,0.01,0.03,0.01,480.8399963378906,0.32617861328125,0.03539610022899104,0.007070959208665306,73.0,4948,2025-12-05 19:13:32+00:00,1.7744444444444445,0.02,0.03561643835616438
2025-12-05 21:00:00+00:00,2025-12-19 00:00:00+00:00,MSFT,MSFT251219C00585000,call,False,585.0,0.0,0.03,0.02,480.8399963378906,0.3398503515625,0.03539610022899104,0.007070959208665306,323.0,26540,2025-12-05 19:31:03+00:00,1.4825,0.015,0.03561643835616438
2025-12-05 21:00:00+00:00,2025-12-19 00:00:00+00:00,MSFT,MSFT251219C00590000,call,False,590.0,0.0,0.02,0.02,480.8399963378906,0.3398503515625,0.03539610022899104,0.007070959208665306,16.0,2256,2025-12-04 19:34:15+00:00,25.429166666666667,0.01,0.03561643835616438
2025-12-05 21:00:00+00:00,2025-12-19 00:00:00+00:00,MSFT,MSFT251219C00595000,call,False,595.0,0.0,0.01,0.01,480.8399963378906,0.3320379296875,0.03539610022899104,0.007070959208665306,3.0,2197,2025-12-05 20:29:59+00:00,0.5002777777777778,0.005,0.03561643835616438
2025-12-05 21:00:00+00:00,2025-12-19 00:00:00+00:00,MSFT,MSFT251219C00600000,call,False,600.0,0.01,0.02,0.02,480.8399963378906,0.367193828125,0.03539610022899104,0.007070959208665306,29.0,14471,2025-12-05 19:19:04+00:00,1.6822222222222223,0.015,0.03561643835616438
2025-12-05 21:00:00+00:00,2025-12-19 00:00:00+00:00,MSFT,MSFT251219C00605000,call,False,605.0,0.0,0.02,0.01,480.8399963378906,0.3789124609375,0.03539610022899104,0.007070959208665306,21.0,1433,2025-12-04 20:07:44+00:00,24.871111111111112,0.01,0.03561643835616438
2025-12-05 21:00:00+00:00,2025-12-19 00:00:00+00:00,MSFT,MSFT251219C00610000,call,False,610.0,0.0,0.02,0.01,480.8399963378906,0.39063109375,0.03539610022899104,0.007070959208665306,2.0,2353,2025-12-04 16:20:15+00:00,28.6625,0.01,0.03561643835616438
2025-12-05 21:00:00+00:00,2025-12-19 00:00:00+00:00,MSFT,MSFT251219C00615000,call,False,615.0,0.01,0.02,0.01,480.8399963378906,0.4023497265625,0.03539610022899104,0.007070959208665306,26.0,2995,2025-12-04 20:30:21+00:00,24.49416666666667,0.015,0.03561643835616438
2025-12-05 21:00:00+00:00,2025-12-19 00:00:00+00:00,MSFT,MSFT251219C00620000,call,False,620.0,0.0,0.02,0.01,480.8399963378906,0.414068359375,0.03539610022899104,0.007070959208665306,100.0,2012,2025-12-04 14:52:24+00:00,30.126666666666665,0.01,0.03561643835616438
2025-12-05 21:00:00+00:00,2025-12-19 00:00:00+00:00,MSFT,MSFT251219C00625000,call,False,625.0,0.0,0.02,0.01,480.8399963378906,0.42578699218750005,0.03539610022899104,0.007070959208665306,3.0,850,2025-12-03 14:51:55+00:00,54.13472222222222,0.01,0.03561643835616438
2025-12-05 21:00:00+00:00,2025-12-19 00:00:00+00:00,MSFT,MSFT251219C00630000,call,False,630.0,0.0,0.01,0.01,480.8399963378906,0.414068359375,0.03539610022899104,0.007070959208665306,2.0,617,2025-12-05 19:30:25+00:00,1.4930555555555556,0.005,0.03561643835616438
2025-12-05 21:00:00+00:00,2025-12-19 00:00:00+00:00,MSFT,MSFT251219C00635000,call,False,635.0,0.0,0.01,0.01,480.8399963378906,0.42578699218750005,0.03539610022899104,0.007070959208665306,1.0,1099,2025-12-02 18:03:37+00:00,74.93972222222222,0.005,0.03561643835616438
2025-12-05 21:00:00+00:00,2025-12-19 00:00:00+00:00,MSFT,MSFT251219C00640000,call,False,640.0,0.0,0.01,0.02,480.8399963378906,0.437505625,0.03539610022899104,0.007070959208665306,1.0,536,2025-12-04 18:28:37+00:00,26.523055555555555,0.005,0.03561643835616438
2025-12-05 21:00:00+00:00,2025-12-19 00:00:00+00:00,MSFT,MSFT251219C00645000,call,False,645.0,0.0,0.01,0.03,480.8399963378906,0.445318046875,0.03539610022899104,0.007070959208665306,10.0,875,2025-11-17 16:51:24+00:00,436.1433333333333,0.005,0.03561643835616438
2025-12-05 21:00:00+00:00,2025-12-19 00:00:00+00:00,MSFT,MSFT251219C00650000,call,False,650.0,0.0,0.01,0.01,480.8399963378906,0.46094289062500005,0.03539610022899104,0.007070959208665306,2.0,3048,2025-12-02 15:05:08+00:00,77.91444444444444,0.005,0.03561643835616438
2025-12-05 21:00:00+00:00,2025-12-19 00:00:00+00:00,MSFT,MSFT251219C00655000,call,False,655.0,0.0,0.01,0.01,480.8399963378906,0.4687553125,0.03539610022899104,0.007070959208665306,1.0,1153,2025-12-05 18:26:35+00:00,2.5569444444444445,0.005,0.03561643835616438
2025-12-05 21:00:00+00:00,2025-12-19 00:00:00+00:00,MSFT,MSFT251219C00660000,call,False,660.0,0.0,0.01,0.01,480.8399963378906,0.476567734375,0.03539610022899104,0.007070959208665306,20.0,5964,2025-12-01 16:57:26+00:00,100.04277777777777,0.005,0.03561643835616438
2025-12-05 21:00:00+00:00,2025-12-19 00:00:00+00:00,MSFT,MSFT251219C00665000,call,False,665.0,0.0,0.01,0.1,480.8399963378906,0.49219257812500006,0.03539610022899104,0.007070959208665306,1.0,201,2025-11-05 19:00:01+00:00,721.9997222222222,0.005,0.03561643835616438
2025-12-05 21:00:00+00:00,2025-12-19 00:00:00+00:00,MSFT,MSFT251219C00670000,call,False,670.0,0.0,0.01,0.02,480.8399963378906,0.500005,0.03539610022899104,0.007070959208665306,97.0,207,2025-11-28 15:44:00+00:00,173.26666666666668,0.005,0.03561643835616438
2025-12-05 21:00:00+00:00,2025-12-19 00:00:00+00:00,MSFT,MSFT251219C00675000,call,False,675.0,0.0,0.01,0.02,480.8399963378906,0.507817421875,0.03539610022899104,0.007070959208665306,1.0,12,2025-11-26 15:53:44+00:00,221.10444444444445,0.005,0.03561643835616438
2025-12-05 21:00:00+00:00,2025-12-19 00:00:00+00:00,MSFT,MSFT251219C00680000,call,False,680.0,0.0,0.01,0.01,480.8399963378906,0.500005,0.03539610022899104,0.007070959208665306,2.0,1065,2025-12-05 15:48:31+00:00,5.191388888888889,0.005,0.03561643835616438
2025-12-05 21:00:00+00:00,2025-12-19 00:00:00+00:00,MSFT,MSFT251219C00685000,call,False,685.0,0.0,0.01,0.02,480.8399963378906,0.500005,0.03539610022899104,0.007070959208665306,1.0,471,2025-11-26 15:54:02+00:00,221.09944444444446,0.005,0.03561643835616438
2025-12-05 21:00:00+00:00,2025-12-19 00:00:00+00:00,MSFT,MSFT251219C00690000,call,False,690.0,0.0,0.01,0.01,480.8399963378906,0.51562984375,0.03539610022899104,0.007070959208665306,1.0,148,2025-12-01 20:00:47+00:00,96.98694444444445,0.005,0.03561643835616438
2025-12-05 21:00:00+00:00,2025-12-19 00:00:00+00:00,MSFT,MSFT251219C00695000,call,False,695.0,0.0,0.01,0.02,480.8399963378906,0.5312546875,0.03539610022899104,0.007070959208665306,10.0,302,2025-11-11 16:45:16+00:00,580.2455555555556,0.005,0.03561643835616438
2025-12-05 21:00:00+00:00,2025-12-19 00:00:00+00:00,MSFT,MSFT251219C00700000,call,False,700.0,0.0,0.01,0.01,480.8399963378906,0.5312546875,0.03539610022899104,0.007070959208665306,18.0,8402,2025-12-04 20:13:27+00:00,24.775833333333335,0.005,0.03561643835616438
2025-12-05 21:00:00+00:00,2025-12-19 00:00:00+00:00,MSFT,MSFT251219P00125000,put,False,125.0,0.0,0.01,0.02,480.8399963378906,1.875000625,0.03539610022899104,0.007070959208665306,15.0,2350,2025-11-21 15:49:14+00:00,341.17944444444447,0.005,0.03561643835616438
2025-12-05 21:00:00+00:00,2025-12-19 00:00:00+00:00,MSFT,MSFT251219P00130000,put,False,130.0,0.0,0.23,0.02,480.8399963378906,2.3750040624999995,0.03539610022899104,0.007070959208665306,1.0,342,2025-10-15 13:50:09+00:00,1231.1641666666667,0.115,0.03561643835616438
2025-12-05 21:00:00+00:00,2025-12-19 00:00:00+00:00,MSFT,MSFT251219P00135000,put,False,135.0,0.0,0.01,0.01,480.8399963378906,1.78125109375,0.03539610022899104,0.007070959208665306,1.0,1974,2025-11-21 19:28:28+00:00,337.52555555555557,0.005,0.03561643835616438
2025-12-05 21:00:00+00:00,2025-12-19 00:00:00+00:00,MSFT,MSFT251219P00140000,put,False,140.0,0.0,0.02,0.02,480.8399963378906,1.8125009374999999,0.03539610022899104,0.007070959208665306,1.0,185,2025-10-17 18:45:14+00:00,1178.246111111111,0.01,0.03561643835616438
2025-12-05 21:00:00+00:00,2025-12-19 00:00:00+00:00,MSFT,MSFT251219P00145000,put,False,145.0,0.0,0.23,0.02,480.8399963378906,2.183598291015625,0.03539610022899104,0.007070959208665306,1.0,182,2025-10-07 14:01:49+00:00,1422.9697222222221,0.115,0.03561643835616438
2025-12-05 21:00:00+00:00,2025-12-19 00:00:00+00:00,MSFT,MSFT251219P00150000,put,False,150.0,0.0,0.01,0.01,480.8399963378906,1.625001875,0.03539610022899104,0.007070959208665306,1.0,558,2025-11-18 19:12:14+00:00,409.7961111111111,0.005,0.03561643835616438
2025-12-05 21:00:00+00:00,2025-12-19 00:00:00+00:00,MSFT,MSFT251219P00155000,put,False,155.0,0.0,0.01,0.01,480.8399963378906,1.5937520312499998,0.03539610022899104,0.007070959208665306,1.0,246,2025-11-21 19:28:18+00:00,337.5283333333333,0.005,0.03561643835616438
2025-12-05 21:00:00+00:00,2025-12-19 00:00:00+00:00,MSFT,MSFT251219P00160000,put,False,160.0,0.0,0.01,0.01,480.8399963378906,1.5625021874999998,0.03539610022899104,0.007070959208665306,20.0,712,2025-11-26 20:36:01+00:00,216.3997222222222,0.005,0.03561643835616438
2025-12-05 21:00:00+00:00,2025-12-19 00:00:00+00:00,MSFT,MSFT251219P00165000,put,False,165.0,0.0,0.01,0.01,480.8399963378906,1.5000025,0.03539610022899104,0.007070959208665306,20.0,209,2025-11-26 20:36:18+00:00,216.395,0.005,0.03561643835616438
2025-12-05 21:00:00+00:00,2025-12-19 00:00:00+00:00,MSFT,MSFT251219P00170000,put,False,170.0,0.0,0.01,0.01,480.8399963378906,1.46875265625,0.03539610022899104,0.007070959208665306,20.0,451,2025-11-26 20:36:33+00:00,216.39083333333335,0.005,0.03561643835616438
2025-12-05 21:00:00+00:00,2025-12-19 00:00:00+00:00,MSFT,MSFT251219P00175000,put,False,175.0,0.0,0.01,0.01,480.8399963378906,1.4375028125,0.03539610022899104,0.007070959208665306,43.0,322,2025-11-03 16:25:44+00:00,772.5711111111111,0.005,0.03561643835616438
2025-12-05 21:00:00+00:00,2025-12-19 00:00:00+00:00,MSFT,MSFT251219P00180000,put,False,180.0,0.0,0.01,0.01,480.8399963378906,1.3750031249999999,0.03539610022899104,0.007070959208665306,20.0,1154,2025-11-26 20:36:50+00:00,216.38611111111112,0.005,0.03561643835616438
2025-12-05 21:00:00+00:00,2025-12-19 00:00:00+00:00,MSFT,MSFT251219P00185000,put,False,185.0,0.0,0.01,0.02,480.8399963378906,1.3437532812499997,0.03539610022899104,0.007070959208665306,1.0,367,2025-10-28 15:09:48+00:00,917.8366666666667,0.005,0.03561643835616438
2025-12-05 21:00:00+00:00,2025-12-19 00:00:00+00:00,MSFT,MSFT251219P00190000,put,False,190.0,0.0,0.01,0.01,480.8399963378906,1.3125034374999998,0.03539610022899104,0.007070959208665306,20.0,527,2025-11-26 20:37:29+00:00,216.37527777777777,0.005,0.03561643835616438
2025-12-05 21:00:00+00:00,2025-12-19 00:00:00+00:00,MSFT,MSFT251219P00195000,put,False,195.0,0.0,0.01,0.01,480.8399963378906,1.2812535937499998,0.03539610022899104,0.007070959208665306,1.0,715,2025-11-11 19:13:16+00:00,577.7788888888889,0.005,0.03561643835616438
2025-12-05 21:00:00+00:00,2025-12-19 00:00:00+00:00,MSFT,MSFT251219P00200000,put,False,200.0,0.0,0.01,0.01,480.8399963378906,1.2500037499999999,0.03539610022899104,0.007070959208665306,1.0,872,2025-12-01 15:29:09+00:00,101.51416666666667,0.005,0.03561643835616438
2025-12-05 21:00:00+00:00,2025-12-19 00:00:00+00:00,MSFT,MSFT251219P00205000,put,False,205.0,0.0,0.01,0.03,480.8399963378906,1.21875390625,0.03539610022899104,0.007070959208665306,1.0,258,2025-11-21 16:26:58+00:00,340.55055555555555,0.005,0.03561643835616438
2025-12-05 21:00:00+00:00,2025-12-19 00:00:00+00:00,MSFT,MSFT251219P00210000,put,False,210.0,0.0,0.01,0.01,480.8399963378906,1.1875040625,0.03539610022899104,0.007070959208665306,20.0,656,2025-12-01 15:33:41+00:00,101.43861111111111,0.005,0.03561643835616438
2025-12-05 21:00:00+00:00,2025-12-19 00:00:00+00:00,MSFT,MSFT251219P00215000,put,False,215.0,0.0,0.01,0.01,480.8399963378906,1.15625421875,0.03539610022899104,0.007070959208665306,20.0,387,2025-12-01 15:33:40+00:00,101.43888888888888,0.005,0.03561643835616438
2025-12-05 21:00:00+00:00,2025-12-19 00:00:00+00:00,MSFT,MSFT251219P00220000,put,False,220.0,0.0,0.01,0.02,480.8399963378906,1.125004375,0.03539610022899104,0.007070959208665306,1.0,284,2025-11-26 16:50:39+00:00,220.15583333333333,0.005,0.03561643835616438
2025-12-05 21:00:00+00:00,2025-12-19 00:00:00+00:00,MSFT,MSFT251219P00225000,put,False,225.0,0.0,0.01,0.01,480.8399963378906,1.09375453125,0.03539610022899104,0.007070959208665306,1.0,645,2025-11-17 16:49:34+00:00,436.1738888888889,0.005,0.03561643835616438
2025-12-05 21:00:00+00:00,2025-12-19 00:00:00+00:00,MSFT,MSFT251219P00230000,put,False,230.0,0.0,0.01,0.01,480.8399963378906,1.0625046875000002,0.03539610022899104,0.007070959208665306,1.0,690,2025-12-03 19:11:03+00:00,49.81583333333333,0.005,0.03561643835616438
2025-12-05 21:00:00+00:00,2025-12-19 00:00:00+00:00,MSFT,MSFT251219P00235000,put,False,235.0,0.0,0.01,0.02,480.8399963378906,1.0312548437500002,0.03539610022899104,0.007070959208665306,2.0,479,2025-11-24 18:44:21+00:00,266.2608333333333,0.005,0.03561643835616438
2025-12-05 21:00:00+00:00,2025-12-19 00:00:00+00:00,MSFT,MSFT251219P00240000,put,False,240.0,0.0,0.01,0.01,480.8399963378906,1.000005,0.03539610022899104,0.007070959208665306,6.0,5830,2025-11-25 19:03:56+00:00,241.93444444444444,0.005,0.03561643835616438
2025-12-05 21:00:00+00:00,2025-12-19 00:00:00+00:00,MSFT,MSFT251219P00245000,put,False,245.0,0.0,0.01,0.02,480.8399963378906,0.9687503125,0.03539610022899104,0.007070959208665306,70.0,1236,2025-11-26 16:21:17+00:00,220.64527777777778,0.005,0.03561643835616438
2025-12-05 21:00:00+00:00,2025-12-19 00:00:00+00:00,MSFT,MSFT251219P00250000,put,False,250.0,0.0,0.01,0.02,480.8399963378906,0.937500625,0.03539610022899104,0.007070959208665306,1.0,799,2025-11-24 17:30:38+00:00,267.4894444444444,0.005,0.03561643835616438
2025-12-05 21:00:00+00:00,2025-12-19 00:00:00+00:00,MSFT,MSFT251219P00255000,put,False,255.0,0.0,0.01,0.03,480.8399963378906,0.9062509375,0.03539610022899104,0.007070959208665306,17.0,944,2025-11-25 20:52:54+00:00,240.11833333333334,0.005,0.03561643835616438
2025-12-05 21:00:00+00:00,2025-12-19 00:00:00+00:00,MSFT,MSFT251219P00260000,put,False,260.0,0.0,0.01,0.02,480.8399963378906,0.8906260937499999,0.03539610022899104,0.007070959208665306,20.0,2650,2025-11-25 19:48:02+00:00,241.19944444444445,0.005,0.03561643835616438
2025-12-05 21:00:00+00:00,2025-12-19 00:00:00+00:00,MSFT,MSFT251219P00265000,put,False,265.0,0.0,0.01,0.01,480.8399963378906,0.87500125,0.03539610022899104,0.007070959208665306,5.0,1326,2025-12-02 18:57:47+00:00,74.03694444444444,0.005,0.03561643835616438
2025-12-05 21:00:00+00:00,2025-12-19 00:00:00+00:00,MSFT,MSFT251219P00270000,put,False,270.0,0.0,0.01,0.01,480.8399963378906,0.8437515624999999,0.03539610022899104,0.007070959208665306,1.0,1967,2025-12-04 14:56:40+00:00,30.055555555555557,0.005,0.03561643835616438
2025-12-05 21:00:00+00:00,2025-12-19 00:00:00+00:00,MSFT,MSFT251219P00275000,put,False,275.0,0.0,0.01,0.01,480.8399963378906,0.8125018749999999,0.03539610022899104,0.007070959208665306,4.0,636,2025-12-03 19:00:27+00:00,49.9925,0.005,0.03561643835616438
2025-12-05 21:00:00+00:00,2025-12-19 00:00:00+00:00,MSFT,MSFT251219P00280000,put,False,280.0,0.0,0.01,0.01,480.8399963378906,0.7812521875,0.03539610022899104,0.007070959208665306,1.0,1609,2025-12-05 18:13:02+00:00,2.7827777777777776,0.005,0.03561643835616438
2025-12-05 21:00:00+00:00,2025-12-19 00:00:00+00:00,MSFT,MSFT251219P00285000,put,False,285.0,0.0,0.01,0.04,480.8399963378906,0.7656273437500001,0.03539610022899104,0.007070959208665306,23.0,974,2025-11-24 20:20:21+00:00,264.66083333333336,0.005,0.03561643835616438
2025-12-05 21:00:00+00:00,2025-12-19 00:00:00+00:00,MSFT,MSFT251219P00290000,put,False,290.0,0.0,0.02,0.02,480.8399963378906,0.7812521875,0.03539610022899104,0.007070959208665306,2.0,459,2025-12-01 19:23:11+00:00,97.61361111111111,0.01,0.03561643835616438
2025-12-05 21:00:00+00:00,2025-12-19 00:00:00+00:00,MSFT,MSFT251219P00295000,put,False,295.0,0.01,0.02,0.01,480.8399963378906,0.7812521875,0.03539610022899104,0.007070959208665306,3.0,464,2025-12-05 20:33:59+00:00,0.4336111111111111,0.015,0.03561643835616438
2025-12-05 21:00:00+00:00,2025-12-19 00:00:00+00:00,MSFT,MSFT251219P00300000,put,False,300.0,0.0,0.02,0.01,480.8399963378906,0.73437765625,0.03539610022899104,0.007070959208665306,7.0,5793,2025-12-05 18:31:24+00:00,2.4766666666666666,0.01,0.03561643835616438
2025-12-05 21:00:00+00:00,2025-12-19 00:00:00+00:00,MSFT,MSFT251219P00305000,put,False,305.0,0.01,0.02,0.02,480.8399963378906,0.73437765625,0.03539610022899104,0.007070959208665306,12.0,3124,2025-12-03 18:32:54+00:00,50.45166666666667,0.015,0.03561643835616438
2025-12-05 21:00:00+00:00,2025-12-19 00:00:00+00:00,MSFT,MSFT251219P00310000,put,False,310.0,0.01,0.02,0.04,480.8399963378906,0.70312796875,0.03539610022899104,0.007070959208665306,40.0,690,2025-12-03 14:40:09+00:00,54.33083333333333,0.015,0.03561643835616438
2025-12-05 21:00:00+00:00,2025-12-19 00:00:00+00:00,MSFT,MSFT251219P00315000,put,False,315.0,0.01,0.02,0.02,480.8399963378906,0.6796907031250001,0.03539610022899104,0.007070959208665306,230.0,1812,2025-12-04 17:24:14+00:00,27.59611111111111,0.015,0.03561643835616438
2025-12-05 21:00:00+00:00,2025-12-19 00:00:00+00:00,MSFT,MSFT251219P00320000,put,False,320.0,0.0,0.02,0.02,480.8399963378906,0.64062859375,0.03539610022899104,0.007070959208665306,70.0,1454,2025-12-04 16:15:07+00:00,28.748055555555556,0.01,0.03561643835616438
2025-12-05 21:00:00+00:00,2025-12-19 00:00:00+00:00,MSFT,MSFT251219P00325000,put,False,325.0,0.01,0.1,0.02,480.8399963378906,0.71679970703125,0.03539610022899104,0.007070959208665306,1.0,1850,2025-12-05 17:22:49+00:00,3.6197222222222223,0.055,0.03561643835616438
2025-12-05 21:00:00+00:00,2025-12-19 00:00:00+00:00,MSFT,MSFT251219P00330000,put,False,330.0,0.01,0.02,0.01,480.8399963378906,0.6132851171875001,0.03539610022899104,0.007070959208665306,3.0,1217,2025-12-05 18:38:08+00:00,2.3644444444444446,0.015,0.03561643835616438
2025-12-05 21:00:00+00:00,2025-12-19 00:00:00+00:00,MSFT,MSFT251219P00335000,put,False,335.0,0.0,0.03,0.02,480.8399963378906,0.5937540625000001,0.03539610022899104,0.007070959208665306,2.0,1265,2025-12-05 16:32:07+00:00,4.464722222222222,0.015,0.03561643835616438
2025-12-05 21:00:00+00:00,2025-12-19 00:00:00+00:00,MSFT,MSFT251219P00340000,put,False,340.0,0.01,0.03,0.02,480.8399963378906,0.5820354296875,0.03539610022899104,0.007070959208665306,10.0,1602,2025-12-05 19:36:41+00:00,1.388611111111111,0.02,0.03561643835616438
2025-12-05 21:00:00+00:00,2025-12-19 00:00:00+00:00,MSFT,MSFT251219P00345000,put,False,345.0,0.01,0.03,0.05,480.8399963378906,0.5625043750000001,0.03539610022899104,0.007070959208665306,67.0,1201,2025-12-03 18:49:46+00:00,50.17055555555555,0.02,0.03561643835616438
2025-12-05 21:00:00+00:00,2025-12-19 00:00:00+00:00,MSFT,MSFT251219P00350000,put,False,350.0,0.01,0.03,0.03,480.8399963378906,0.5390671093750001,0.03539610022899104,0.007070959208665306,2.0,2767,2025-12-04 20:34:27+00:00,24.425833333333333,0.02,0.03561643835616438
2025-12-05 21:00:00+00:00,2025-12-19 00:00:00+00:00,MSFT,MSFT251219P00355000,put,False,355.0,0.01,0.04,0.03,480.8399963378906,0.5273484765625001,0.03539610022899104,0.007070959208665306,3.0,2834,2025-12-05 15:14:51+00:00,5.7525,0.025,0.03561643835616438
2025-12-05 21:00:00+00:00,2025-12-19 00:00:00+00:00,MSFT,MSFT251219P00360000,put,False,360.0,0.02,0.04,0.05,480.8399963378906,0.5117236328125,0.03539610022899104,0.007070959208665306,45.0,1385,2025-12-04 17:26:21+00:00,27.560833333333335,0.03,0.03561643835616438
2025-12-05 21:00:00+00:00,2025-12-19 00:00:00+00:00,MSFT,MSFT251219P00365000,put,False,365.0,0.02,0.05,0.05,480.8399963378906,0.51562984375,0.03539610022899104,0.007070959208665306,2.0,1510,2025-12-05 14:30:04+00:00,6.498888888888889,0.035,0.03561643835616438
2025-12-05 21:00:00+00:00,2025-12-19 00:00:00+00:00,MSFT,MSFT251219P00370000,put,False,370.0,0.03,0.05,0.04,480.8399963378906,0.49414568359375005,0.03539610022899104,0.007070959208665306,5.0,2587,2025-12-05 20:02:56+00:00,0.9511111111111111,0.04,0.03561643835616438
2025-12-05 21:00:00+00:00,2025-12-19 00:00:00+00:00,MSFT,MSFT251219P00375000,put,False,375.0,0.05,0.06,0.05,480.8399963378906,0.4804739453125,0.03539610022899104,0.007070959208665306,24.0,1737,2025-12-05 16:20:13+00:00,4.663055555555555,0.055,0.03561643835616438
2025-12-05 21:00:00+00:00,2025-12-19 00:00:00+00:00,MSFT,MSFT251219P00380000,put,False,380.0,0.04,0.06,0.06,480.8399963378906,0.45703667968750006,0.03539610022899104,0.007070959208665306,11.0,3485,2025-12-05 14:30:04+00:00,6.498888888888889,0.05,0.03561643835616438
2025-12-05 21:00:00+00:00,2025-12-19 00:00:00+00:00,MSFT,MSFT251219P00385000,put,False,385.0,0.05,0.07,0.09,480.8399963378906,0.442388388671875,0.03539610022899104,0.007070959208665306,24.0,1841,2025-12-04 20:50:33+00:00,24.1575,0.060000000000000005,0.03561643835616438
2025-12-05 21:00:00+00:00,2025-12-19 00:00:00+00:00,MSFT,MSFT251219P00390000,put,False,390.0,0.05,0.08,0.08,480.8399963378906,0.42578699218750005,0.03539610022899104,0.007070959208665306,1.0,2013,2025-12-04 18:36:41+00:00,26.38861111111111,0.065,0.03561643835616438
2025-12-05 21:00:00+00:00,2025-12-19 00:00:00+00:00,MSFT,MSFT251219P00395000,put,False,395.0,0.06,0.09,0.08,480.8399963378906,0.40918559570312496,0.03539610022899104,0.007070959208665306,2.0,2376,2025-12-05 18:30:59+00:00,2.483611111111111,0.075,0.03561643835616438
2025-12-05 21:00:00+00:00,2025-12-19 00:00:00+00:00,MSFT,MSFT251219P00400000,put,False,400.0,0.08,0.1,0.08,480.8399963378906,0.39160764648437496,0.03539610022899104,0.007070959208665306,71.0,4716,2025-12-05 20:26:48+00:00,0.5533333333333333,0.09,0.03561643835616438
2025-12-05 21:00:00+00:00,2025-12-19 00:00:00+00:00,MSFT,MSFT251219P00405000,put,False,405.0,0.1,0.11,0.11,480.8399963378906,0.37305314453125,0.03539610022899104,0.007070959208665306,11.0,9566,2025-12-05 20:54:49+00:00,0.08638888888888889,0.10500000000000001,0.03561643835616438
2025-12-05 21:00:00+00:00,2025-12-19 00:00:00+00:00,MSFT,MSFT251219P00410000,put,False,410.0,0.11,0.13,0.12,480.8399963378906,0.35742830078125,0.03539610022899104,0.007070959208665306,24.0,1673,2025-12-05 16:24:24+00:00,4.593333333333334,0.12,0.03561643835616438
2025-12-05 21:00:00+00:00,2025-12-19 00:00:00+00:00,MSFT,MSFT251219P00415000,put,False,415.0,0.13,0.15,0.15,480.8399963378906,0.340826904296875,0.03539610022899104,0.007070959208665306,5.0,1597,2025-12-05 20:52:06+00:00,0.13166666666666665,0.14,0.03561643835616438
2025-12-05 21:00:00+00:00,2025-12-19 00:00:00+00:00,MSFT,MSFT251219P00420000,put,False,420.0,0.16,0.18,0.19,480.8399963378906,0.32520206054687495,0.03539610022899104,0.007070959208665306,1128.0,3708,2025-12-05 20:59:47+00:00,0.003611111111111111,0.16999999999999998,0.03561643835616438
2025-12-05 21:00:00+00:00,2025-12-19 00:00:00+00:00,MSFT,MSFT251219P00425000,put,False,425.0,0.2,0.22,0.21,480.8399963378906,0.3107979077148437,0.03539610022899104,0.007070959208665306,117.0,1765,2025-12-05 20:54:49+00:00,0.08638888888888889,0.21000000000000002,0.03561643835616438
2025-12-05 21:00:00+00:00,2025-12-19 00:00:00+00:00,MSFT,MSFT251219P00430000,put,False,430.0,0.25,0.28,0.29,480.8399963378906,0.2978585839843749,0.03539610022899104,0.007070959208665306,110.0,5010,2025-12-05 20:17:30+00:00,0.7083333333333334,0.265,0.03561643835616438
2025-12-05 21:00:00+00:00,2025-12-19 00:00:00+00:00,MSFT,MSFT251219P00435000,put,False,435.0,0.33,0.36,0.34,480.8399963378906,0.2846751220703124,0.03539610022899104,0.007070959208665306,86.0,6080,2025-12-05 20:26:48+00:00,0.5533333333333333,0.345,0.03561643835616438
2025-12-05 21:00:00+00:00,2025-12-19 00:00:00+00:00,MSFT,MSFT251219P00440000,put,False,440.0,0.44,0.68,0.48,480.8399963378906,0.2934640966796874,0.03539610022899104,0.007070959208665306,92.0,7898,2025-12-05 20:53:06+00:00,0.115,0.56,0.03561643835616438
2025-12-05 21:00:00+00:00,2025-12-19 00:00:00+00:00,MSFT,MSFT251219P00445000,put,False,445.0,0.59,0.64,0.6,480.8399963378906,0.2616040637207031,0.03539610022899104,0.007070959208665306,201.0,7397,2025-12-05 20:42:52+00:00,0.28555555555555556,0.615,0.03561643835616438
2025-12-05 21:00:00+00:00,2025-12-19 00:00:00+00:00,MSFT,MSFT251219P00450000,put,False,450.0,0.8,0.86,0.82,480.8399963378906,0.2500075,0.03539610022899104,0.007070959208665306,1298.0,8137,2025-12-05 20:58:44+00:00,0.021111111111111112,0.8300000000000001,0.03561643835616438
2025-12-05 21:00:00+00:00,2025-12-19 00:00:00+00:00,MSFT,MSFT251219P00455000,put,False,455.0,1.14,1.21,1.13,480.8399963378906,0.24097438720703124,0.03539610022899104,0.007070959208665306,262.0,6707,2025-12-05 20:57:56+00:00,0.034444444444444444,1.1749999999999998,0.03561643835616438
2025-12-05 21:00:00+00:00,2025-12-19 00:00:00+00:00,MSFT,MSFT251219P00460000,put,False,460.0,1.61,1.66,1.59,480.8399963378906,0.23035437622070312,0.03539610022899104,0.007070959208665306,1432.0,9065,2025-12-05 20:57:43+00:00,0.03805555555555556,1.635,0.03561643835616438
2025-12-05 21:00:00+00:00,2025-12-19 00:00:00+00:00,MSFT,MSFT251219P00465000,put,False,465.0,2.28,2.51,2.32,480.8399963378906,0.2283402362060547,0.03539610022899104,0.007070959208665306,540.0,5888,2025-12-05 20:59:49+00:00,0.0030555555555555557,2.3949999999999996,0.03561643835616438
2025-12-05 21:00:00+00:00,2025-12-19 00:00:00+00:00,MSFT,MSFT251219P00470000,put,False,470.0,3.2,3.3,3.23,480.8399963378906,0.21454642883300779,0.03539610022899104,0.007070959208665306,713.0,6319,2025-12-05 20:59:49+00:00,0.0030555555555555557,3.25,0.03561643835616438
2025-12-05 21:00:00+00:00,2025-12-19 00:00:00+00:00,MSFT,MSFT251219P00475000,put,False,475.0,4.5,4.65,4.53,480.8399963378906,0.20868711242675775,0.03539610022899104,0.007070959208665306,1191.0,10154,2025-12-05 20:53:53+00:00,0.10194444444444445,4.575,0.03561643835616438
2025-12-05 21:00:00+00:00,2025-12-19 00:00:00+00:00,MSFT,MSFT251219P00480000,put,False,480.0,6.25,6.4,6.45,480.8399963378906,0.20233951965332028,0.03539610022899104,0.007070959208665306,772.0,6092,2025-12-05 20:53:20+00:00,0.1111111111111111,6.325,0.03561643835616438
2025-12-05 21:00:00+00:00,2025-12-19 00:00:00+00:00,MSFT,MSFT251219P00482500,put,False,482.5,7.3,7.5,7.32,480.8399963378906,0.2004474487304687,0.03539610022899104,0.007070959208665306,371.0,267,2025-12-05 20:49:08+00:00,0.1811111111111111,7.4,0.03561643835616438
2025-12-05 21:00:00+00:00,2025-12-19 00:00:00+00:00,MSFT,MSFT251219P00485000,put,True,485.0,8.5,8.7,8.52,480.8399963378906,0.19788399780273438,0.03539610022899104,0.007070959208665306,314.0,4254,2025-12-05 20:52:51+00:00,0.11916666666666667,8.6,0.03561643835616438
2025-12-05 21:00:00+00:00,2025-12-19 00:00:00+00:00,MSFT,MSFT251219P00487500,put,True,487.5,9.85,11.05,10.22,480.8399963378906,0.2219316088867187,0.03539610022899104,0.007070959208665306,67.0,471,2025-12-05 18:43:44+00:00,2.2711111111111113,10.45,0.03561643835616438
2025-12-05 21:00:00+00:00,2025-12-19 00:00:00+00:00,MSFT,MSFT251219P00490000,put,True,490.0,10.5,11.55,11.56,480.8399963378906,0.19440502868652343,0.03539610022899104,0.007070959208665306,382.0,8754,2025-12-05 20:57:06+00:00,0.04833333333333333,11.025,0.03561643835616438
2025-12-05 21:00:00+00:00,2025-12-19 00:00:00+00:00,MSFT,MSFT251219P00492500,put,True,492.5,12.95,13.2,14.35,480.8399963378906,0.19367261413574222,0.03539610022899104,0.007070959208665306,54.0,177,2025-12-05 18:28:54+00:00,2.5183333333333335,13.075,0.03561643835616438
2025-12-05 21:00:00+00:00,2025-12-19 00:00:00+00:00,MSFT,MSFT251219P00495000,put,True,495.0,14.7,14.95,15.29,480.8399963378906,0.19245192321777344,0.03539610022899104,0.007070959208665306,240.0,4060,2025-12-05 20:36:06+00:00,0.3983333333333333,14.825,0.03561643835616438
2025-12-05 21:00:00+00:00,2025-12-19 00:00:00+00:00,MSFT,MSFT251219P00500000,put,True,500.0,18.55,18.85,19.24,480.8399963378906,0.19275709594726562,0.03539610022899104,0.007070959208665306,221.0,6315,2025-12-05 20:43:58+00:00,0.26722222222222225,18.700000000000003,0.03561643835616438
2025-12-05 21:00:00+00:00,2025-12-19 00:00:00+00:00,MSFT,MSFT251219P00505000,put,True,505.0,22.7,23.15,22.9,480.8399963378906,0.1959308923339844,0.03539610022899104,0.007070959208665306,106.0,2698,2025-12-05 20:58:40+00:00,0.022222222222222223,22.924999999999997,0.03561643835616438
2025-12-05 21:00:00+00:00,2025-12-19 00:00:00+00:00,MSFT,MSFT251219P00510000,put,True,510.0,26.8,27.7,28.02,480.8399963378906,0.2005695178222656,0.03539610022899104,0.007070959208665306,118.0,3280,2025-12-05 20:34:37+00:00,0.4230555555555556,27.25,0.03561643835616438
2025-12-05 21:00:00+00:00,2025-12-19 00:00:00+00:00,MSFT,MSFT251219P00515000,put,True,515.0,30.55,33.55,32.42,480.8399963378906,0.273444765625,0.03539610022899104,0.007070959208665306,115.0,2625,2025-12-05 19:00:54+00:00,1.985,32.05,0.03561643835616438
2025-12-05 21:00:00+00:00,2025-12-19 00:00:00+00:00,MSFT,MSFT251219P00520000,put,True,520.0,35.85,38.4,37.33,480.8399963378906,0.29383030395507803,0.03539610022899104,0.007070959208665306,56.0,2439,2025-12-05 20:08:44+00:00,0.8544444444444445,37.125,0.03561643835616438
2025-12-05 21:00:00+00:00,2025-12-19 00:00:00+00:00,MSFT,MSFT251219P00525000,put,True,525.0,40.75,43.35,43.11,480.8399963378906,0.3178779150390625,0.03539610022899104,0.007070959208665306,4.0,203,2025-12-05 20:00:00+00:00,1.0,42.05,0.03561643835616438
2025-12-05 21:00:00+00:00,2025-12-19 00:00:00+00:00,MSFT,MSFT251219P00530000,put,True,530.0,45.15,48.35,48.7,480.8399963378906,0.3437565625,0.03539610022899104,0.007070959208665306,760.0,94,2025-12-05 19:32:31+00:00,1.4580555555555557,46.75,0.03561643835616438
2025-12-05 21:00:00+00:00,2025-12-19 00:00:00+00:00,MSFT,MSFT251219P00535000,put,True,535.0,50.0,53.8,54.7,480.8399963378906,0.39502558105468755,0.03539610022899104,0.007070959208665306,1354.0,110,2025-12-05 20:21:32+00:00,0.6411111111111111,51.9,0.03561643835616438
2025-12-05 21:00:00+00:00,2025-12-19 00:00:00+00:00,MSFT,MSFT251219P00540000,put,True,540.0,55.15,58.35,58.5,480.8399963378906,0.3934386828613281,0.03539610022899104,0.007070959208665306,510.0,44,2025-12-05 19:54:08+00:00,1.0977777777777777,56.75,0.03561643835616438
2025-12-05 21:00:00+00:00,2025-12-19 00:00:00+00:00,MSFT,MSFT251219P00545000,put,True,545.0,61.25,63.35,64.7,480.8399963378906,0.41748629394531245,0.03539610022899104,0.007070959208665306,582.0,16,2025-12-05 20:21:32+00:00,0.6411111111111111,62.3,0.03561643835616438
2025-12-05 21:00:00+00:00,2025-12-19 00:00:00+00:00,MSFT,MSFT251219P00550000,put,True,550.0,65.9,68.35,68.65,480.8399963378906,0.4409235595703125,0.03539610022899104,0.007070959208665306,4.0,3,2025-12-04 20:58:13+00:00,24.029722222222222,67.125,0.03561643835616438
2025-12-05 21:00:00+00:00,2025-12-19 00:00:00+00:00,MSFT,MSFT251219P00555000,put,True,555.0,70.45,73.8,73.9,480.8399963378906,0.4936574072265626,0.03539610022899104,0.007070959208665306,14.0,2,2025-12-05 19:54:08+00:00,1.0977777777777777,72.125,0.03561643835616438
2025-12-05 21:00:00+00:00,2025-12-19 00:00:00+00:00,MSFT,MSFT251219P00560000,put,True,560.0,75.9,78.8,78.48,480.8399963378906,0.5170946728515625,0.03539610022899104,0.007070959208665306,1.0,1,2025-12-04 20:58:13+00:00,24.029722222222222,77.35,0.03561643835616438
2025-12-05 21:00:00+00:00,2025-12-19 00:00:00+00:00,MSFT,MSFT251219P00565000,put,True,565.0,81.3,83.35,83.5,480.8399963378906,0.5084277673339843,0.03539610022899104,0.007070959208665306,1.0,0,2025-12-04 20:58:13+00:00,24.029722222222222,82.32499999999999,0.03561643835616438
2025-12-05 21:00:00+00:00,2025-12-19 00:00:00+00:00,MSFT,MSFT251219P00570000,put,True,570.0,85.6,88.35,91.55,480.8399963378906,0.5300339965820313,0.03539610022899104,0.007070959208665306,1.0,0,2025-12-03 20:55:00+00:00,48.083333333333336,86.975,0.03561643835616438
2025-12-05 21:00:00+00:00,2025-12-19 00:00:00+00:00,MSFT,MSFT251219P00575000,put,True,575.0,90.45,93.35,97.85,480.8399963378906,0.5512740185546876,0.03539610022899104,0.007070959208665306,720.0,0,2025-11-20 20:31:31+00:00,360.4747222222222,91.9,0.03561643835616438
2025-12-05 21:00:00+00:00,2025-12-19 00:00:00+00:00,MSFT,MSFT251219P00580000,put,True,580.0,95.7,98.35,96.75,480.8399963378906,0.5722699023437501,0.03539610022899104,0.007070959208665306,1.0,3,2025-12-05 20:49:41+00:00,0.17194444444444446,97.025,0.03561643835616438
2025-12-05 21:00:00+00:00,2025-12-19 00:00:00+00:00,MSFT,MSFT251219P00585000,put,True,585.0,100.55,103.35,101.77,480.8399963378906,0.5927775097656252,0.03539610022899104,0.007070959208665306,1.0,0,2025-12-05 20:49:41+00:00,0.17194444444444446,101.94999999999999,0.03561643835616438
2025-12-05 21:00:00+00:00,2025-12-19 00:00:00+00:00,MSFT,MSFT251219P00590000,put,True,590.0,105.45,108.35,110.27,480.8399963378906,0.6130409790039064,0.03539610022899104,0.007070959208665306,4.0,0,2025-11-25 20:52:17+00:00,240.1286111111111,106.9,0.03561643835616438
2025-12-05 21:00:00+00:00,2025-12-19 00:00:00+00:00,MSFT,MSFT251219P00595000,put,True,595.0,110.35,113.35,117.75,480.8399963378906,0.632816171875,0.03539610022899104,0.007070959208665306,100.0,0,2025-11-20 20:31:31+00:00,360.4747222222222,111.85,0.03561643835616438
2025-12-05 21:00:00+00:00,2025-12-19 00:00:00+00:00,MSFT,MSFT251219P00600000,put,True,600.0,115.85,118.35,85.94,480.8399963378906,0.652469295654297,0.03539610022899104,0.007070959208665306,2.0,0,2025-11-04 15:27:00+00:00,749.55,117.1,0.03561643835616438
2025-12-05 21:00:00+00:00,2025-12-19 00:00:00+00:00,MSFT,MSFT251219P00605000,put,True,605.0,114.2,116.4,58.75,480.8399963378906,1.0000000000000003e-05,0.03539610022899104,0.007070959208665306,1.0,0,2025-10-28 13:31:55+00:00,919.4680555555556,115.30000000000001,0.03561643835616438
2025-12-05 21:00:00+00:00,2025-12-19 00:00:00+00:00,MSFT,MSFT251219P00610000,put,True,610.0,118.8,121.4,68.8,480.8399963378906,1.0000000000000003e-05,0.03539610022899104,0.007070959208665306,2.0,0,2025-10-28 18:17:56+00:00,914.7011111111111,120.1,0.03561643835616438
2025-12-05 21:00:00+00:00,2025-12-19 00:00:00+00:00,MSFT,MSFT251219P00620000,put,True,620.0,111.75,114.05,124.22,480.8399963378906,1.0000000000000003e-05,0.03539610022899104,0.007070959208665306,5.0,0,2025-07-08 14:20:16+00:00,3606.662222222222,112.9,0.03561643835616438
2025-12-05 21:00:00+00:00,2025-12-19 00:00:00+00:00,MSFT,MSFT251219P00625000,put,True,625.0,134.2,136.4,87.8,480.8399963378906,1.0000000000000003e-05,0.03539610022899104,0.007070959208665306,1.0,0,2025-10-29 13:53:30+00:00,895.1083333333333,135.3,0.03561643835616438
2025-12-05 21:00:00+00:00,2025-12-19 00:00:00+00:00,MSFT,MSFT251219P00630000,put,True,630.0,132.1,135.7,170.79,480.8399963378906,1.0000000000000003e-05,0.03539610022899104,0.007070959208665306,2.0,0,2025-05-28 15:14:15+00:00,4589.7625,133.89999999999998,0.03561643835616438
2025-12-05 21:00:00+00:00,2025-12-19 00:00:00+00:00,MSFT,MSFT251219P00635000,put,True,635.0,137.15,140.65,177.06,480.8399963378906,1.0000000000000003e-05,0.03539610022899104,0.007070959208665306,9.0,0,2025-05-28 19:36:04+00:00,4585.398888888889,138.9,0.03561643835616438
2025-12-05 21:00:00+00:00,2025-12-19 00:00:00+00:00,MSFT,MSFT251219P00640000,put,True,640.0,148.8,151.4,99.01,480.8399963378906,1.0000000000000003e-05,0.03539610022899104,0.007070959208665306,2.0,0,2025-10-28 15:57:06+00:00,917.0483333333333,150.10000000000002,0.03561643835616438
2025-12-05 21:00:00+00:00,2025-12-19 00:00:00+00:00,MSFT,MSFT251219P00645000,put,True,645.0,165.75,169.5,185.3,480.8399963378906,1.104618734741211,0.03539610022899104,0.007070959208665306,1.0,0,2025-05-22 14:04:22+00:00,4734.927222222223,167.625,0.03561643835616438
2025-12-05 21:00:00+00:00,2025-12-19 00:00:00+00:00,MSFT,MSFT251219P00650000,put,True,650.0,165.45,168.35,141.32,480.8399963378906,0.5390671093750001,0.03539610022899104,0.007070959208665306,1.0,0,2025-11-11 20:21:10+00:00,576.6472222222222,166.89999999999998,0.03561643835616438
2025-12-05 21:00:00+00:00,2025-12-19 00:00:00+00:00,MSFT,MSFT251219P00655000,put,True,655.0,143.95,147.35,143.35,480.8399963378906,1.0000000000000003e-05,0.03539610022899104,0.007070959208665306,1.0,0,2025-10-16 19:48:28+00:00,1201.1922222222222,145.64999999999998,0.03561643835616438
2025-12-05 21:00:00+00:00,2025-12-19 00:00:00+00:00,MSFT,MSFT251219P00660000,put,True,660.0,175.95,178.35,181.6,480.8399963378906,0.6787141503906251,0.03539610022899104,0.007070959208665306,1.0,0,2025-12-03 20:55:00+00:00,48.083333333333336,177.14999999999998,0.03561643835616438
2025-12-05 21:00:00+00:00,2025-12-19 00:00:00+00:00,MSFT,MSFT251219P00680000,put,True,680.0,169.25,172.3,165.75,480.8399963378906,1.0000000000000003e-05,0.03539610022899104,0.007070959208665306,5.0,0,2025-09-19 14:06:07+00:00,1854.8980555555556,170.775,0.03561643835616438
2025-12-05 21:00:00+00:00,2025-12-19 00:00:00+00:00,MSFT,MSFT251219P00685000,put,True,685.0,193.9,196.4,141.82,480.8399963378906,1.0000000000000003e-05,0.03539610022899104,0.007070959208665306,,0,2025-10-28 15:20:15+00:00,917.6625,195.15,0.03561643835616438
2025-12-05 21:00:00+00:00,2025-12-26 00:00:00+00:00,MSFT,MSFT251226C00270000,call,True,270.0,212.4,215.3,198.92,480.8399963378906,1.1401410180664064,0.03539610022899104,0.007070959208665306,1.0,5,2025-11-25 15:07:04+00:00,245.88222222222223,213.85000000000002,0.0547945205479452
2025-12-05 21:00:00+00:00,2025-12-26 00:00:00+00:00,MSFT,MSFT251226C00280000,call,True,280.0,202.0,204.85,191.12,480.8399963378906,0.9433599414062499,0.03539610022899104,0.007070959208665306,3.0,3,2025-11-21 16:29:31+00:00,340.50805555555553,203.425,0.0547945205479452
2025-12-05 21:00:00+00:00,2025-12-26 00:00:00+00:00,MSFT,MSFT251226C00310000,call,True,310.0,172.5,174.65,178.4,480.8399963378906,0.831056376953125,0.03539610022899104,0.007070959208665306,,1,2025-12-01 14:30:02+00:00,102.49944444444445,173.575,0.0547945205479452
2025-12-05 21:00:00+00:00,2025-12-26 00:00:00+00:00,MSFT,MSFT251226C00325000,call,True,325.0,157.1,160.4,153.07,480.8399963378906,0.7924825439453125,0.03539610022899104,0.007070959208665306,1.0,1,2025-11-21 19:39:35+00:00,337.34027777777777,158.75,0.0547945205479452
2025-12-05 21:00:00+00:00,2025-12-26 00:00:00+00:00,MSFT,MSFT251226C00345000,call,True,345.0,137.2,140.15,129.8,480.8399963378906,0.6726106958007814,0.03539610022899104,0.007070959208665306,5.0,5,2025-11-25 14:30:21+00:00,246.49416666666667,138.675,0.0547945205479452
2025-12-05 21:00:00+00:00,2025-12-26 00:00:00+00:00,MSFT,MSFT251226C00350000,call,True,350.0,132.65,135.3,128.12,480.8399963378906,0.6977569287109376,0.03539610022899104,0.007070959208665306,,3,2025-11-24 16:42:26+00:00,268.29277777777776,133.97500000000002,0.0547945205479452
2025-12-05 21:00:00+00:00,2025-12-26 00:00:00+00:00,MSFT,MSFT251226C00365000,call,True,365.0,117.7,120.0,126.99,480.8399963378906,0.601810622558594,0.03539610022899104,0.007070959208665306,,2,2025-11-18 15:45:56+00:00,413.2344444444444,118.85,0.0547945205479452
2025-12-05 21:00:00+00:00,2025-12-26 00:00:00+00:00,MSFT,MSFT251226C00370000,call,True,370.0,112.7,115.35,122.5,480.8399963378906,0.6001016552734376,0.03539610022899104,0.007070959208665306,,1,2025-11-18 17:12:17+00:00,411.79527777777776,114.025,0.0547945205479452
2025-12-05 21:00:00+00:00,2025-12-26 00:00:00+00:00,MSFT,MSFT251226C00385000,call,True,385.0,97.75,100.45,97.66,480.8399963378906,0.532231240234375,0.03539610022899104,0.007070959208665306,5.0,1,2025-12-05 19:25:09+00:00,1.5808333333333333,99.1,0.0547945205479452
2025-12-05 21:00:00+00:00,2025-12-26 00:00:00+00:00,MSFT,MSFT251226C00390000,call,True,390.0,92.8,95.45,92.61,480.8399963378906,0.5095263891601562,0.03539610022899104,0.007070959208665306,13.0,8,2025-12-05 19:55:49+00:00,1.0697222222222222,94.125,0.0547945205479452
2025-12-05 21:00:00+00:00,2025-12-26 00:00:00+00:00,MSFT,MSFT251226C00395000,call,True,395.0,87.85,90.75,87.51,480.8399963378906,0.5007374145507812,0.03539610022899104,0.007070959208665306,4.0,1,2025-12-05 19:55:49+00:00,1.0697222222222222,89.3,0.0547945205479452
2025-12-05 21:00:00+00:00,2025-12-26 00:00:00+00:00,MSFT,MSFT251226C00400000,call,True,400.0,82.85,84.85,84.4,480.8399963378906,0.5177050183105469,0.03539610022899104,0.007070959208665306,,210,2025-11-20 17:33:46+00:00,363.4372222222222,83.85,0.0547945205479452
2025-12-05 21:00:00+00:00,2025-12-26 00:00:00+00:00,MSFT,MSFT251226C00405000,call,True,405.0,77.9,80.55,72.0,480.8399963378906,0.5339402075195312,0.03539610022899104,0.007070959208665306,1.0,2,2025-12-03 14:30:06+00:00,54.498333333333335,79.225,0.0547945205479452
2025-12-05 21:00:00+00:00,2025-12-26 00:00:00+00:00,MSFT,MSFT251226C00410000,call,True,410.0,72.95,75.0,68.8,480.8399963378906,0.4731497998046875,0.03539610022899104,0.007070959208665306,3.0,6,2025-12-04 15:27:16+00:00,29.545555555555556,73.975,0.0547945205479452
2025-12-05 21:00:00+00:00,2025-12-26 00:00:00+00:00,MSFT,MSFT251226C00415000,call,True,415.0,68.0,71.0,80.45,480.8399963378906,0.4997608618164063,0.03539610022899104,0.007070959208665306,,3,2025-11-18 18:20:00+00:00,410.6666666666667,69.5,0.0547945205479452
2025-12-05 21:00:00+00:00,2025-12-26 00:00:00+00:00,MSFT,MSFT251226C00420000,call,True,420.0,63.05,66.1,71.11,480.8399963378906,0.47510290527343746,0.03539610022899104,0.007070959208665306,1.0,3,2025-12-01 16:51:00+00:00,100.15,64.57499999999999,0.0547945205479452
2025-12-05 21:00:00+00:00,2025-12-26 00:00:00+00:00,MSFT,MSFT251226C00425000,call,True,425.0,58.15,60.7,64.63,480.8399963378906,0.4270076831054688,0.03539610022899104,0.007070959208665306,,1,2025-12-01 15:16:08+00:00,101.7311111111111,59.425,0.0547945205479452
2025-12-05 21:00:00+00:00,2025-12-26 00:00:00+00:00,MSFT,MSFT251226C00430000,call,True,430.0,53.25,56.2,54.0,480.8399963378906,0.42017181396484377,0.03539610022899104,0.007070959208665306,1.0,9,2025-12-05 20:34:42+00:00,0.4216666666666667,54.725,0.0547945205479452
2025-12-05 21:00:00+00:00,2025-12-26 00:00:00+00:00,MSFT,MSFT251226C00435000,call,True,435.0,48.4,51.2,47.12,480.8399963378906,0.3903259210205078,0.03539610022899104,0.007070959208665306,3.0,3,2025-12-05 17:45:56+00:00,3.2344444444444442,49.8,0.0547945205479452
2025-12-05 21:00:00+00:00,2025-12-26 00:00:00+00:00,MSFT,MSFT251226C00440000,call,True,440.0,43.6,45.95,44.2,480.8399963378906,0.350470362548828,0.03539610022899104,0.007070959208665306,2.0,15,2025-12-03 20:58:56+00:00,48.01777777777778,44.775000000000006,0.0547945205479452
2025-12-05 21:00:00+00:00,2025-12-26 00:00:00+00:00,MSFT,MSFT251226C00445000,call,True,445.0,39.95,40.8,36.85,480.8399963378906,0.31488722229003896,0.03539610022899104,0.007070959208665306,5.0,23,2025-12-05 16:44:09+00:00,4.264166666666667,40.375,0.0547945205479452
2025-12-05 21:00:00+00:00,2025-12-26 00:00:00+00:00,MSFT,MSFT251226C00450000,call,True,450.0,35.3,36.15,35.1,480.8399963378906,0.29767548034667957,0.03539610022899104,0.007070959208665306,9.0,59,2025-12-05 20:53:50+00:00,0.10277777777777777,35.724999999999994,0.0547945205479452
2025-12-05 21:00:00+00:00,2025-12-26 00:00:00+00:00,MSFT,MSFT251226C00455000,call,True,455.0,30.75,31.6,28.0,480.8399963378906,0.2813182220458984,0.03539610022899104,0.007070959208665306,6.0,39,2025-12-05 16:29:27+00:00,4.509166666666666,31.175,0.0547945205479452
2025-12-05 21:00:00+00:00,2025-12-26 00:00:00+00:00,MSFT,MSFT251226C00460000,call,True,460.0,26.35,27.15,25.7,480.8399963378906,0.2650219982910156,0.03539610022899104,0.007070959208665306,3.0,95,2025-12-05 20:29:59+00:00,0.5002777777777778,26.75,0.0547945205479452
2025-12-05 21:00:00+00:00,2025-12-26 00:00:00+00:00,MSFT,MSFT251226C00465000,call,True,465.0,22.4,22.65,21.7,480.8399963378906,0.24402611450195313,0.03539610022899104,0.007070959208665306,62.0,128,2025-12-05 19:45:20+00:00,1.2444444444444445,22.525,0.0547945205479452
2025-12-05 21:00:00+00:00,2025-12-26 00:00:00+00:00,MSFT,MSFT251226C00470000,call,True,470.0,18.5,18.75,18.05,480.8399963378906,0.2342300698852539,0.03539610022899104,0.007070959208665306,144.0,392,2025-12-05 20:54:24+00:00,0.09333333333333334,18.625,0.0547945205479452
2025-12-05 21:00:00+00:00,2025-12-26 00:00:00+00:00,MSFT,MSFT251226C00475000,call,True,475.0,14.9,15.15,15.0,480.8399963378906,0.225319026184082,0.03539610022899104,0.007070959208665306,141.0,612,2025-12-05 20:59:00+00:00,0.016666666666666666,15.025,0.0547945205479452
2025-12-05 21:00:00+00:00,2025-12-26 00:00:00+00:00,MSFT,MSFT251226C00480000,call,True,480.0,11.75,12.15,11.8,480.8399963378906,0.22248091979980467,0.03539610022899104,0.007070959208665306,287.0,704,2025-12-05 20:58:43+00:00,0.021388888888888888,11.95,0.0547945205479452
2025-12-05 21:00:00+00:00,2025-12-26 00:00:00+00:00,MSFT,MSFT251226C00485000,call,False,485.0,9.0,9.25,9.03,480.8399963378906,0.21393608337402342,0.03539610022899104,0.007070959208665306,460.0,1652,2025-12-05 20:52:33+00:00,0.12416666666666666,9.125,0.0547945205479452
2025-12-05 21:00:00+00:00,2025-12-26 00:00:00+00:00,MSFT,MSFT251226C00490000,call,False,490.0,6.75,6.95,6.75,480.8399963378906,0.2098467687988281,0.03539610022899104,0.007070959208665306,576.0,1015,2025-12-05 20:58:30+00:00,0.025,6.85,0.0547945205479452
2025-12-05 21:00:00+00:00,2025-12-26 00:00:00+00:00,MSFT,MSFT251226C00495000,call,False,495.0,4.9,5.1,5.0,480.8399963378906,0.20700866241455074,0.03539610022899104,0.007070959208665306,271.0,516,2025-12-05 20:59:03+00:00,0.015833333333333335,5.0,0.0547945205479452
2025-12-05 21:00:00+00:00,2025-12-26 00:00:00+00:00,MSFT,MSFT251226C00500000,call,False,500.0,3.55,3.65,3.61,480.8399963378906,0.2049640051269531,0.03539610022899104,0.007070959208665306,1060.0,2947,2025-12-05 20:59:22+00:00,0.010555555555555556,3.5999999999999996,0.0547945205479452
2025-12-05 21:00:00+00:00,2025-12-26 00:00:00+00:00,MSFT,MSFT251226C00505000,call,False,505.0,2.5,2.59,2.55,480.8399963378906,0.20478090148925776,0.03539610022899104,0.007070959208665306,217.0,1867,2025-12-05 20:59:41+00:00,0.005277777777777778,2.545,0.0547945205479452
2025-12-05 21:00:00+00:00,2025-12-26 00:00:00+00:00,MSFT,MSFT251226C00510000,call,False,510.0,1.75,1.82,1.77,480.8399963378906,0.20557435058593748,0.03539610022899104,0.007070959208665306,253.0,2771,2025-12-05 20:58:23+00:00,0.026944444444444444,1.7850000000000001,0.0547945205479452
2025-12-05 21:00:00+00:00,2025-12-26 00:00:00+00:00,MSFT,MSFT251226C00515000,call,False,515.0,1.22,1.27,1.2,480.8399963378906,0.20716124877929684,0.03539610022899104,0.007070959208665306,233.0,611,2025-12-05 20:58:13+00:00,0.029722222222222223,1.245,0.0547945205479452
2025-12-05 21:00:00+00:00,2025-12-26 00:00:00+00:00,MSFT,MSFT251226C00520000,call,False,520.0,0.85,0.89,0.78,480.8399963378906,0.20960263061523435,0.03539610022899104,0.007070959208665306,246.0,1884,2025-12-05 18:58:03+00:00,2.0325,0.87,0.0547945205479452
2025-12-05 21:00:00+00:00,2025-12-26 00:00:00+00:00,MSFT,MSFT251226C00525000,call,False,525.0,0.59,0.63,0.6,480.8399963378906,0.21302056518554688,0.03539610022899104,0.007070959208665306,104.0,1285,2025-12-05 20:59:03+00:00,0.015833333333333335,0.61,0.0547945205479452
2025-12-05 21:00:00+00:00,2025-12-26 00:00:00+00:00,MSFT,MSFT251226C00530000,call,False,530.0,0.41,0.43,0.42,480.8399963378906,0.21509573974609375,0.03539610022899104,0.007070959208665306,252.0,1803,2025-12-05 20:13:43+00:00,0.7713888888888889,0.42,0.0547945205479452
2025-12-05 21:00:00+00:00,2025-12-26 00:00:00+00:00,MSFT,MSFT251226C00535000,call,False,535.0,0.29,0.32,0.3,480.8399963378906,0.22071091796874998,0.03539610022899104,0.007070959208665306,33.0,444,2025-12-05 20:53:26+00:00,0.10944444444444444,0.305,0.0547945205479452
2025-12-05 21:00:00+00:00,2025-12-26 00:00:00+00:00,MSFT,MSFT251226C00540000,call,False,540.0,0.2,0.23,0.2,480.8399963378906,0.22486126708984372,0.03539610022899104,0.007070959208665306,44.0,379,2025-12-05 19:28:49+00:00,1.5197222222222222,0.21500000000000002,0.0547945205479452
2025-12-05 21:00:00+00:00,2025-12-26 00:00:00+00:00,MSFT,MSFT251226C00545000,call,False,545.0,0.14,0.17,0.14,480.8399963378906,0.22974403076171873,0.03539610022899104,0.007070959208665306,19.0,362,2025-12-05 18:06:53+00:00,2.8852777777777776,0.15500000000000003,0.0547945205479452
2025-12-05 21:00:00+00:00,2025-12-26 00:00:00+00:00,MSFT,MSFT251226C00550000,call,False,550.0,0.11,0.13,0.12,480.8399963378906,0.23584748535156247,0.03539610022899104,0.007070959208665306,32.0,1042,2025-12-05 20:50:50+00:00,0.1527777777777778,0.12,0.0547945205479452
2025-12-05 21:00:00+00:00,2025-12-26 00:00:00+00:00,MSFT,MSFT251226C00555000,call,False,555.0,0.07,0.11,0.1,480.8399963378906,0.24414818359375,0.03539610022899104,0.007070959208665306,1.0,72,2025-12-05 15:23:57+00:00,5.600833333333333,0.09,0.0547945205479452
2025-12-05 21:00:00+00:00,2025-12-26 00:00:00+00:00,MSFT,MSFT251226C00560000,call,False,560.0,0.05,0.09,0.06,480.8399963378906,0.2514723291015625,0.03539610022899104,0.007070959208665306,112.0,172,2025-12-05 20:33:26+00:00,0.44277777777777777,0.07,0.0547945205479452
2025-12-05 21:00:00+00:00,2025-12-26 00:00:00+00:00,MSFT,MSFT251226C00565000,call,False,565.0,0.04,0.07,0.08,480.8399963378906,0.256843369140625,0.03539610022899104,0.007070959208665306,1.0,58,2025-12-04 14:29:59+00:00,30.50027777777778,0.05500000000000001,0.0547945205479452
2025-12-05 21:00:00+00:00,2025-12-26 00:00:00+00:00,MSFT,MSFT251226C00570000,call,False,570.0,0.03,0.06,0.05,480.8399963378906,0.264655791015625,0.03539610022899104,0.007070959208665306,2.0,297,2025-12-05 16:59:45+00:00,4.004166666666666,0.045,0.0547945205479452
2025-12-05 21:00:00+00:00,2025-12-26 00:00:00+00:00,MSFT,MSFT251226C00575000,call,False,575.0,0.02,0.05,0.06,480.8399963378906,0.27149166015625,0.03539610022899104,0.007070959208665306,5.0,49,2025-12-03 17:20:52+00:00,51.65222222222222,0.035,0.0547945205479452
2025-12-05 21:00:00+00:00,2025-12-26 00:00:00+00:00,MSFT,MSFT251226C00580000,call,False,580.0,0.01,0.04,0.02,480.8399963378906,0.27735097656249996,0.03539610022899104,0.007070959208665306,1.0,80,2025-12-03 20:48:34+00:00,48.190555555555555,0.025,0.0547945205479452
2025-12-05 21:00:00+00:00,2025-12-26 00:00:00+00:00,MSFT,MSFT251226C00585000,call,False,585.0,0.01,0.04,0.03,480.8399963378906,0.2890696093749999,0.03539610022899104,0.007070959208665306,1.0,17,2025-12-05 16:54:39+00:00,4.089166666666666,0.025,0.0547945205479452
2025-12-05 21:00:00+00:00,2025-12-26 00:00:00+00:00,MSFT,MSFT251226C00590000,call,False,590.0,0.0,0.04,0.04,480.8399963378906,0.299811689453125,0.03539610022899104,0.007070959208665306,1.0,43,2025-12-02 15:47:08+00:00,77.21444444444444,0.02,0.0547945205479452
2025-12-05 21:00:00+00:00,2025-12-26 00:00:00+00:00,MSFT,MSFT251226C00595000,call,False,595.0,0.0,0.03,0.07,480.8399963378906,0.30274134765625,0.03539610022899104,0.007070959208665306,3.0,18,2025-11-28 17:22:43+00:00,171.6213888888889,0.015,0.0547945205479452
2025-12-05 21:00:00+00:00,2025-12-26 00:00:00+00:00,MSFT,MSFT251226C00600000,call,False,600.0,0.0,0.03,0.03,480.8399963378906,0.31250687499999996,0.03539610022899104,0.007070959208665306,10.0,30,2025-12-04 19:34:10+00:00,25.430555555555557,0.015,0.0547945205479452
2025-12-05 21:00:00+00:00,2025-12-26 00:00:00+00:00,MSFT,MSFT251226C00605000,call,False,605.0,0.0,0.03,0.02,480.8399963378906,0.3242255078124999,0.03539610022899104,0.007070959208665306,1.0,26,2025-12-05 18:30:33+00:00,2.4908333333333332,0.015,0.0547945205479452
2025-12-05 21:00:00+00:00,2025-12-26 00:00:00+00:00,MSFT,MSFT251226C00610000,call,False,610.0,0.0,0.02,0.02,480.8399963378906,0.32227240234374993,0.03539610022899104,0.007070959208665306,2.0,9,2025-12-02 18:53:42+00:00,74.105,0.01,0.0547945205479452
2025-12-05 21:00:00+00:00,2025-12-26 00:00:00+00:00,MSFT,MSFT251226C00620000,call,False,620.0,0.0,0.02,0.01,480.8399963378906,0.3437565625,0.03539610022899104,0.007070959208665306,1.0,5,2025-12-03 19:37:35+00:00,49.37361111111111,0.01,0.0547945205479452
2025-12-05 21:00:00+00:00,2025-12-26 00:00:00+00:00,MSFT,MSFT251226C00625000,call,False,625.0,0.0,0.02,0.01,480.8399963378906,0.35156898437499995,0.03539610022899104,0.007070959208665306,1.0,6,2025-12-02 18:47:20+00:00,74.21111111111111,0.01,0.0547945205479452
2025-12-05 21:00:00+00:00,2025-12-26 00:00:00+00:00,MSFT,MSFT251226C00640000,call,False,640.0,0.0,0.01,0.01,480.8399963378906,0.35938140625,0.03539610022899104,0.007070959208665306,,2,2025-12-01 20:21:09+00:00,96.6475,0.005,0.0547945205479452
2025-12-05 21:00:00+00:00,2025-12-26 00:00:00+00:00,MSFT,MSFT251226C00650000,call,False,650.0,0.0,0.02,0.01,480.8399963378906,0.4023497265625,0.03539610022899104,0.007070959208665306,,1,2025-11-11 15:14:09+00:00,581.7641666666667,0.01,0.0547945205479452
2025-12-05 21:00:00+00:00,2025-12-26 00:00:00+00:00,MSFT,MSFT251226C00655000,call,False,655.0,0.0,0.02,0.03,480.8399963378906,0.4101621484375,0.03539610022899104,0.007070959208665306,1.0,2,2025-11-18 14:30:21+00:00,414.4941666666667,0.01,0.0547945205479452
2025-12-05 21:00:00+00:00,2025-12-26 00:00:00+00:00,MSFT,MSFT251226P00270000,put,False,270.0,0.0,0.02,0.02,480.8399963378906,0.73437765625,0.03539610022899104,0.007070959208665306,3.0,4,2025-12-01 17:53:34+00:00,99.10722222222222,0.01,0.0547945205479452
2025-12-05 21:00:00+00:00,2025-12-26 00:00:00+00:00,MSFT,MSFT251226P00300000,put,False,300.0,0.0,0.03,0.06,480.8399963378906,0.6250037500000001,0.03539610022899104,0.007070959208665306,1.0,5,2025-12-04 14:39:11+00:00,30.346944444444443,0.015,0.0547945205479452
2025-12-05 21:00:00+00:00,2025-12-26 00:00:00+00:00,MSFT,MSFT251226P00310000,put,False,310.0,0.0,0.03,0.03,480.8399963378906,0.585941640625,0.03539610022899104,0.007070959208665306,2.0,3,2025-12-05 16:30:28+00:00,4.492222222222222,0.015,0.0547945205479452
2025-12-05 21:00:00+00:00,2025-12-26 00:00:00+00:00,MSFT,MSFT251226P00320000,put,False,320.0,0.01,0.04,0.12,480.8399963378906,0.570316796875,0.03539610022899104,0.007070959208665306,2.0,2,2025-11-25 17:42:07+00:00,243.29805555555555,0.025,0.0547945205479452
2025-12-05 21:00:00+00:00,2025-12-26 00:00:00+00:00,MSFT,MSFT251226P00325000,put,False,325.0,0.01,0.04,0.07,480.8399963378906,0.5507857421875001,0.03539610022899104,0.007070959208665306,200.0,218,2025-11-26 16:45:23+00:00,220.2436111111111,0.025,0.0547945205479452
2025-12-05 21:00:00+00:00,2025-12-26 00:00:00+00:00,MSFT,MSFT251226P00330000,put,False,330.0,0.01,0.04,0.07,480.8399963378906,0.5312546875,0.03539610022899104,0.007070959208665306,3.0,19,2025-11-28 17:24:11+00:00,171.59694444444443,0.025,0.0547945205479452
2025-12-05 21:00:00+00:00,2025-12-26 00:00:00+00:00,MSFT,MSFT251226P00335000,put,False,335.0,0.01,0.05,0.05,480.8399963378906,0.5195360546875,0.03539610022899104,0.007070959208665306,2.0,72,2025-12-01 14:32:08+00:00,102.46444444444444,0.030000000000000002,0.0547945205479452
2025-12-05 21:00:00+00:00,2025-12-26 00:00:00+00:00,MSFT,MSFT251226P00340000,put,False,340.0,0.02,0.05,0.06,480.8399963378906,0.50586431640625,0.03539610022899104,0.007070959208665306,1.0,17,2025-12-02 18:25:08+00:00,74.58111111111111,0.035,0.0547945205479452
2025-12-05 21:00:00+00:00,2025-12-26 00:00:00+00:00,MSFT,MSFT251226P00345000,put,False,345.0,0.02,0.06,0.06,480.8399963378906,0.5136767382812499,0.03539610022899104,0.007070959208665306,10.0,10,2025-12-02 19:56:55+00:00,73.0513888888889,0.04,0.0547945205479452
2025-12-05 21:00:00+00:00,2025-12-26 00:00:00+00:00,MSFT,MSFT251226P00350000,put,False,350.0,0.03,0.06,0.08,480.8399963378906,0.49414568359375005,0.03539610022899104,0.007070959208665306,1.0,2025,2025-12-02 16:23:38+00:00,76.6061111111111,0.045,0.0547945205479452
2025-12-05 21:00:00+00:00,2025-12-26 00:00:00+00:00,MSFT,MSFT251226P00355000,put,False,355.0,0.03,0.07,0.07,480.8399963378906,0.481450498046875,0.03539610022899104,0.007070959208665306,3.0,157,2025-12-04 15:48:07+00:00,29.198055555555555,0.05,0.0547945205479452
2025-12-05 21:00:00+00:00,2025-12-26 00:00:00+00:00,MSFT,MSFT251226P00360000,put,False,360.0,0.04,0.07,0.11,480.8399963378906,0.46191944335937507,0.03539610022899104,0.007070959208665306,1.0,31,2025-11-28 17:42:10+00:00,171.29722222222222,0.05500000000000001,0.0547945205479452
2025-12-05 21:00:00+00:00,2025-12-26 00:00:00+00:00,MSFT,MSFT251226P00365000,put,False,365.0,0.05,0.08,0.06,480.8399963378906,0.44824770507812495,0.03539610022899104,0.007070959208665306,80.0,9,2025-12-05 15:44:06+00:00,5.265,0.065,0.0547945205479452
2025-12-05 21:00:00+00:00,2025-12-26 00:00:00+00:00,MSFT,MSFT251226P00370000,put,False,370.0,0.06,0.09,0.09,480.8399963378906,0.43457596679687505,0.03539610022899104,0.007070959208665306,2.0,66,2025-12-05 16:51:09+00:00,4.1475,0.075,0.0547945205479452
2025-12-05 21:00:00+00:00,2025-12-26 00:00:00+00:00,MSFT,MSFT251226P00375000,put,False,375.0,0.06,0.09,0.08,480.8399963378906,0.415044912109375,0.03539610022899104,0.007070959208665306,2.0,66,2025-12-05 15:22:18+00:00,5.628333333333333,0.075,0.0547945205479452
2025-12-05 21:00:00+00:00,2025-12-26 00:00:00+00:00,MSFT,MSFT251226P00380000,put,False,380.0,0.07,0.1,0.08,480.8399963378906,0.40039662109375,0.03539610022899104,0.007070959208665306,3.0,76,2025-12-05 18:33:34+00:00,2.4405555555555556,0.085,0.0547945205479452
2025-12-05 21:00:00+00:00,2025-12-26 00:00:00+00:00,MSFT,MSFT251226P00385000,put,False,385.0,0.08,0.11,0.11,480.8399963378906,0.38477177734374995,0.03539610022899104,0.007070959208665306,34.0,110,2025-12-05 16:20:23+00:00,4.660277777777778,0.095,0.0547945205479452
2025-12-05 21:00:00+00:00,2025-12-26 00:00:00+00:00,MSFT,MSFT251226P00390000,put,False,390.0,0.1,0.13,0.12,480.8399963378906,0.37305314453125,0.03539610022899104,0.007070959208665306,4.0,26,2025-12-05 19:33:40+00:00,1.4388888888888889,0.115,0.0547945205479452
2025-12-05 21:00:00+00:00,2025-12-26 00:00:00+00:00,MSFT,MSFT251226P00395000,put,False,395.0,0.11,0.14,0.14,480.8399963378906,0.3569400244140625,0.03539610022899104,0.007070959208665306,10.0,467,2025-12-05 20:50:49+00:00,0.15305555555555556,0.125,0.0547945205479452
2025-12-05 21:00:00+00:00,2025-12-26 00:00:00+00:00,MSFT,MSFT251226P00400000,put,False,400.0,0.13,0.17,0.15,480.8399963378906,0.34570966796874997,0.03539610022899104,0.007070959208665306,191.0,195,2025-12-05 20:45:49+00:00,0.2363888888888889,0.15000000000000002,0.0547945205479452
2025-12-05 21:00:00+00:00,2025-12-26 00:00:00+00:00,MSFT,MSFT251226P00405000,put,False,405.0,0.16,0.19,0.18,480.8399963378906,0.331061376953125,0.03539610022899104,0.007070959208665306,36.0,69,2025-12-05 20:45:13+00:00,0.24638888888888888,0.175,0.0547945205479452
2025-12-05 21:00:00+00:00,2025-12-26 00:00:00+00:00,MSFT,MSFT251226P00410000,put,False,410.0,0.21,0.23,0.21,480.8399963378906,0.3193427441406249,0.03539610022899104,0.007070959208665306,5.0,250,2025-12-05 20:33:25+00:00,0.44305555555555554,0.22,0.0547945205479452
2025-12-05 21:00:00+00:00,2025-12-26 00:00:00+00:00,MSFT,MSFT251226P00415000,put,False,415.0,0.24,0.27,0.3,480.8399963378906,0.3064034204101562,0.03539610022899104,0.007070959208665306,6.0,84,2025-12-05 16:58:58+00:00,4.017222222222222,0.255,0.0547945205479452
2025-12-05 21:00:00+00:00,2025-12-26 00:00:00+00:00,MSFT,MSFT251226P00420000,put,False,420.0,0.29,0.32,0.32,480.8399963378906,0.2934640966796874,0.03539610022899104,0.007070959208665306,18.0,199,2025-12-05 18:43:50+00:00,2.2694444444444444,0.305,0.0547945205479452
2025-12-05 21:00:00+00:00,2025-12-26 00:00:00+00:00,MSFT,MSFT251226P00425000,put,False,425.0,0.37,0.4,0.38,480.8399963378906,0.2829661547851562,0.03539610022899104,0.007070959208665306,32.0,245,2025-12-05 18:22:06+00:00,2.631666666666667,0.385,0.0547945205479452
2025-12-05 21:00:00+00:00,2025-12-26 00:00:00+00:00,MSFT,MSFT251226P00430000,put,False,430.0,0.46,0.5,0.5,480.8399963378906,0.2722240747070312,0.03539610022899104,0.007070959208665306,26.0,221,2025-12-05 19:48:21+00:00,1.1941666666666666,0.48,0.0547945205479452
2025-12-05 21:00:00+00:00,2025-12-26 00:00:00+00:00,MSFT,MSFT251226P00435000,put,False,435.0,0.59,0.64,0.61,480.8399963378906,0.2624585473632813,0.03539610022899104,0.007070959208665306,90.0,329,2025-12-05 20:40:47+00:00,0.3202777777777778,0.615,0.0547945205479452
2025-12-05 21:00:00+00:00,2025-12-26 00:00:00+00:00,MSFT,MSFT251226P00440000,put,False,440.0,0.77,0.82,0.85,480.8399963378906,0.2525709509277344,0.03539610022899104,0.007070959208665306,232.0,525,2025-12-05 20:50:19+00:00,0.1613888888888889,0.7949999999999999,0.0547945205479452
2025-12-05 21:00:00+00:00,2025-12-26 00:00:00+00:00,MSFT,MSFT251226P00445000,put,False,445.0,1.01,1.07,1.03,480.8399963378906,0.24353783813476562,0.03539610022899104,0.007070959208665306,185.0,406,2025-12-05 20:40:47+00:00,0.3202777777777778,1.04,0.0547945205479452
2025-12-05 21:00:00+00:00,2025-12-26 00:00:00+00:00,MSFT,MSFT251226P00450000,put,False,450.0,1.35,1.4,1.45,480.8399963378906,0.23450472534179687,0.03539610022899104,0.007070959208665306,235.0,1394,2025-12-05 20:36:54+00:00,0.385,1.375,0.0547945205479452
2025-12-05 21:00:00+00:00,2025-12-26 00:00:00+00:00,MSFT,MSFT251226P00455000,put,False,455.0,1.8,1.86,1.84,480.8399963378906,0.2264481652832031,0.03539610022899104,0.007070959208665306,151.0,749,2025-12-05 20:09:40+00:00,0.8388888888888889,1.83,0.0547945205479452
2025-12-05 21:00:00+00:00,2025-12-26 00:00:00+00:00,MSFT,MSFT251226P00460000,put,False,460.0,2.41,2.48,2.38,480.8399963378906,0.21894091613769529,0.03539610022899104,0.007070959208665306,604.0,933,2025-12-05 20:59:22+00:00,0.010555555555555556,2.4450000000000003,0.0547945205479452
2025-12-05 21:00:00+00:00,2025-12-26 00:00:00+00:00,MSFT,MSFT251226P00465000,put,False,465.0,3.2,3.35,3.25,480.8399963378906,0.21302056518554688,0.03539610022899104,0.007070959208665306,124.0,948,2025-12-05 20:57:50+00:00,0.03611111111111111,3.2750000000000004,0.0547945205479452
2025-12-05 21:00:00+00:00,2025-12-26 00:00:00+00:00,MSFT,MSFT251226P00470000,put,False,470.0,4.3,4.45,4.33,480.8399963378906,0.20642883422851557,0.03539610022899104,0.007070959208665306,160.0,1212,2025-12-05 20:59:03+00:00,0.015833333333333335,4.375,0.0547945205479452
2025-12-05 21:00:00+00:00,2025-12-26 00:00:00+00:00,MSFT,MSFT251226P00475000,put,False,475.0,5.7,5.9,5.7,480.8399963378906,0.20087469055175777,0.03539610022899104,0.007070959208665306,233.0,1726,2025-12-05 20:59:19+00:00,0.01138888888888889,5.800000000000001,0.0547945205479452
2025-12-05 21:00:00+00:00,2025-12-26 00:00:00+00:00,MSFT,MSFT251226P00480000,put,False,480.0,7.55,7.75,8.03,480.8399963378906,0.19605296142578127,0.03539610022899104,0.007070959208665306,98.0,982,2025-12-05 20:21:17+00:00,0.6452777777777777,7.65,0.0547945205479452
2025-12-05 21:00:00+00:00,2025-12-26 00:00:00+00:00,MSFT,MSFT251226P00485000,put,True,485.0,9.8,10.4,10.58,480.8399963378906,0.1994098614501953,0.03539610022899104,0.007070959208665306,62.0,460,2025-12-05 20:49:23+00:00,0.17694444444444443,10.100000000000001,0.0547945205479452
2025-12-05 21:00:00+00:00,2025-12-26 00:00:00+00:00,MSFT,MSFT251226P00490000,put,True,490.0,12.55,12.8,13.05,480.8399963378906,0.18824053955078124,0.03539610022899104,0.007070959208665306,39.0,381,2025-12-05 19:58:50+00:00,1.0194444444444444,12.675,0.0547945205479452
2025-12-05 21:00:00+00:00,2025-12-26 00:00:00+00:00,MSFT,MSFT251226P00495000,put,True,495.0,15.75,16.85,16.73,480.8399963378906,0.2049640051269531,0.03539610022899104,0.007070959208665306,13.0,227,2025-12-05 20:04:18+00:00,0.9283333333333333,16.3,0.0547945205479452
2025-12-05 21:00:00+00:00,2025-12-26 00:00:00+00:00,MSFT,MSFT251226P00500000,put,True,500.0,19.4,19.7,20.5,480.8399963378906,0.18378501770019529,0.03539610022899104,0.007070959208665306,29.0,320,2025-12-05 20:30:45+00:00,0.4875,19.549999999999997,0.0547945205479452
2025-12-05 21:00:00+00:00,2025-12-26 00:00:00+00:00,MSFT,MSFT251226P00505000,put,True,505.0,23.05,23.75,24.23,480.8399963378906,0.18323570678710935,0.03539610022899104,0.007070959208665306,25.0,111,2025-12-05 20:45:29+00:00,0.24194444444444443,23.4,0.0547945205479452
2025-12-05 21:00:00+00:00,2025-12-26 00:00:00+00:00,MSFT,MSFT251226P00510000,put,True,510.0,27.3,28.1,29.19,480.8399963378906,0.18384605224609374,0.03539610022899104,0.007070959208665306,106.0,369,2025-12-05 20:30:14+00:00,0.4961111111111111,27.700000000000003,0.0547945205479452
2025-12-05 21:00:00+00:00,2025-12-26 00:00:00+00:00,MSFT,MSFT251226P00515000,put,True,515.0,31.8,32.7,33.76,480.8399963378906,0.18726398681640627,0.03539610022899104,0.007070959208665306,19.0,59,2025-12-05 20:48:14+00:00,0.19611111111111112,32.25,0.0547945205479452
2025-12-05 21:00:00+00:00,2025-12-26 00:00:00+00:00,MSFT,MSFT251226P00520000,put,True,520.0,35.7,39.0,38.26,480.8399963378906,0.2670361383056641,0.03539610022899104,0.007070959208665306,97.0,180,2025-12-05 20:31:10+00:00,0.48055555555555557,37.35,0.0547945205479452
2025-12-05 21:00:00+00:00,2025-12-26 00:00:00+00:00,MSFT,MSFT251226P00525000,put,True,525.0,41.05,43.4,43.7,480.8399963378906,0.2647778601074219,0.03539610022899104,0.007070959208665306,22.0,2,2025-12-05 15:47:00+00:00,5.216666666666667,42.224999999999994,0.0547945205479452
2025-12-05 21:00:00+00:00,2025-12-26 00:00:00+00:00,MSFT,MSFT251226P00530000,put,True,530.0,45.8,48.8,48.23,480.8399963378906,0.30451134948730463,0.03539610022899104,0.007070959208665306,1.0,1,2025-12-05 15:08:33+00:00,5.8575,47.3,0.0547945205479452
2025-12-05 21:00:00+00:00,2025-12-26 00:00:00+00:00,MSFT,MSFT251226P00535000,put,True,535.0,50.25,53.8,44.55,480.8399963378906,0.32617861328125,0.03539610022899104,0.007070959208665306,1.0,0,2025-12-02 18:00:00+00:00,75.0,52.025,0.0547945205479452
2025-12-05 21:00:00+00:00,2025-12-26 00:00:00+00:00,MSFT,MSFT251226P00540000,put,True,540.0,55.8,58.8,58.0,480.8399963378906,0.34729656616210935,0.03539610022899104,0.007070959208665306,1.0,0,2025-12-03 15:33:08+00:00,53.44777777777778,57.3,0.0547945205479452
2025-12-05 21:00:00+00:00,2025-12-26 00:00:00+00:00,MSFT,MSFT251226P00545000,put,True,545.0,60.75,63.35,63.1,480.8399963378906,0.344733115234375,0.03539610022899104,0.007070959208665306,2.0,0,2025-12-03 18:20:06+00:00,50.665,62.05,0.0547945205479452
2025-12-05 21:00:00+00:00,2025-12-26 00:00:00+00:00,MSFT,MSFT251226P00550000,put,True,550.0,65.65,68.35,75.12,480.8399963378906,0.36414210083007814,0.03539610022899104,0.007070959208665306,36.0,0,2025-11-21 17:30:04+00:00,339.49888888888887,67.0,0.0547945205479452
2025-12-05 21:00:00+00:00,2025-12-26 00:00:00+00:00,MSFT,MSFT251226P00555000,put,True,555.0,70.8,73.8,77.25,480.8399963378906,0.40772076660156253,0.03539610022899104,0.007070959208665306,1.0,0,2025-11-25 20:54:41+00:00,240.0886111111111,72.3,0.0547945205479452
2025-12-05 21:00:00+00:00,2025-12-26 00:00:00+00:00,MSFT,MSFT251226P00560000,put,True,560.0,76.25,78.8,70.94,480.8399963378906,0.4270076831054688,0.03539610022899104,0.007070959208665306,1.0,0,2025-12-01 16:57:18+00:00,100.045,77.525,0.0547945205479452
2025-12-05 21:00:00+00:00,2025-12-26 00:00:00+00:00,MSFT,MSFT251226P00565000,put,True,565.0,80.55,83.35,74.85,480.8399963378906,0.4198056066894531,0.03539610022899104,0.007070959208665306,1.0,0,2025-12-02 15:36:57+00:00,77.38416666666667,81.94999999999999,0.0547945205479452
2025-12-05 21:00:00+00:00,2025-12-26 00:00:00+00:00,MSFT,MSFT251226P00570000,put,True,570.0,85.55,88.35,79.0,480.8399963378906,0.43774976318359377,0.03539610022899104,0.007070959208665306,1.0,0,2025-11-20 14:41:40+00:00,366.30555555555554,86.94999999999999,0.0547945205479452
2025-12-05 21:00:00+00:00,2025-12-26 00:00:00+00:00,MSFT,MSFT251226P00585000,put,True,585.0,100.7,103.8,98.96,480.8399963378906,0.5181932946777343,0.03539610022899104,0.007070959208665306,,0,2025-11-26 20:57:49+00:00,216.0363888888889,102.25,0.0547945205479452
2025-12-05 21:00:00+00:00,2026-01-02 00:00:00+00:00,MSFT,MSFT260102C00270000,call,True,270.0,212.75,216.2,202.6,480.8399963378906,1.1015669921875002,0.03539610022899104,0.007070959208665306,4.0,4,2025-11-25 15:49:50+00:00,245.16944444444445,214.475,0.07397260273972603
2025-12-05 21:00:00+00:00,2026-01-02 00:00:00+00:00,MSFT,MSFT260102C00280000,call,True,280.0,202.75,206.25,192.3,480.8399963378906,1.0441942321777344,0.03539610022899104,0.007070959208665306,14.0,14,2025-11-25 15:52:14+00:00,245.12944444444443,204.5,0.07397260273972603
2025-12-05 21:00:00+00:00,2026-01-02 00:00:00+00:00,MSFT,MSFT260102C00290000,call,True,290.0,192.8,196.3,182.41,480.8399963378906,0.9916993017578125,0.03539610022899104,0.007070959208665306,18.0,18,2025-11-25 15:52:14+00:00,245.12944444444443,194.55,0.07397260273972603
2025-12-05 21:00:00+00:00,2026-01-02 00:00:00+00:00,MSFT,MSFT260102C00300000,call,True,300.0,182.85,186.35,172.4,480.8399963378906,0.9401861450195312,0.03539610022899104,0.007070959208665306,18.0,18,2025-11-25 15:52:14+00:00,245.12944444444443,184.6,0.07397260273972603
2025-12-05 21:00:00+00:00,2026-01-02 00:00:00+00:00,MSFT,MSFT260102C00310000,call,True,310.0,172.9,176.05,162.44,480.8399963378906,0.8696302099609375,0.03539610022899104,0.007070959208665306,18.0,18,2025-11-25 15:52:14+00:00,245.12944444444443,174.47500000000002,0.07397260273972603
2025-12-05 21:00:00+00:00,2026-01-02 00:00:00+00:00,MSFT,MSFT260102C00320000,call,True,320.0,162.95,166.45,152.57,480.8399963378906,0.8403336279296875,0.03539610022899104,0.007070959208665306,18.0,18,2025-11-25 15:52:14+00:00,245.12944444444443,164.7,0.07397260273972603
2025-12-05 21:00:00+00:00,2026-01-02 00:00:00+00:00,MSFT,MSFT260102C00325000,call,True,325.0,157.95,161.45,147.57,480.8399963378906,0.8132342895507811,0.03539610022899104,0.007070959208665306,10.0,10,2025-11-25 15:52:13+00:00,245.12972222222223,159.7,0.07397260273972603
2025-12-05 21:00:00+00:00,2026-01-02 00:00:00+00:00,MSFT,MSFT260102C00330000,call,True,330.0,153.0,156.5,142.92,480.8399963378906,0.7915059912109376,0.03539610022899104,0.007070959208665306,8.0,8,2025-11-25 15:49:45+00:00,245.17083333333332,154.75,0.07397260273972603
2025-12-05 21:00:00+00:00,2026-01-02 00:00:00+00:00,MSFT,MSFT260102C00335000,call,True,335.0,147.6,151.5,153.7,480.8399963378906,0.7456080126953125,0.03539610022899104,0.007070959208665306,,1,2025-11-26 19:04:01+00:00,217.93305555555557,149.55,0.07397260273972603
2025-12-05 21:00:00+00:00,2026-01-02 00:00:00+00:00,MSFT,MSFT260102C00340000,call,True,340.0,143.05,146.3,149.54,480.8399963378906,0.7320583435058592,0.03539610022899104,0.007070959208665306,1.0,2,2025-11-28 14:32:13+00:00,174.46305555555554,144.675,0.07397260273972603
2025-12-05 21:00:00+00:00,2026-01-02 00:00:00+00:00,MSFT,MSFT260102C00345000,call,True,345.0,138.05,141.15,144.61,480.8399963378906,0.6994658959960938,0.03539610022899104,0.007070959208665306,1.0,2,2025-11-28 14:32:13+00:00,174.46305555555554,139.60000000000002,0.07397260273972603
2025-12-05 21:00:00+00:00,2026-01-02 00:00:00+00:00,MSFT,MSFT260102C00350000,call,True,350.0,133.1,135.7,126.0,480.8399963378906,0.6552768847656252,0.03539610022899104,0.007070959208665306,7.0,7,2025-11-25 16:52:24+00:00,244.12666666666667,134.39999999999998,0.07397260273972603
2025-12-05 21:00:00+00:00,2026-01-02 00:00:00+00:00,MSFT,MSFT260102C00355000,call,True,355.0,128.1,130.95,120.83,480.8399963378906,0.6425816992187501,0.03539610022899104,0.007070959208665306,8.0,8,2025-11-25 16:52:24+00:00,244.12666666666667,129.52499999999998,0.07397260273972603
2025-12-05 21:00:00+00:00,2026-01-02 00:00:00+00:00,MSFT,MSFT260102C00360000,call,True,360.0,123.15,126.65,116.03,480.8399963378906,0.649417568359375,0.03539610022899104,0.007070959208665306,9.0,9,2025-11-25 16:52:47+00:00,244.12027777777777,124.9,0.07397260273972603
2025-12-05 21:00:00+00:00,2026-01-02 00:00:00+00:00,MSFT,MSFT260102C00365000,call,True,365.0,118.2,121.65,110.92,480.8399963378906,0.626102371826172,0.03539610022899104,0.007070959208665306,9.0,9,2025-11-25 16:52:44+00:00,244.1211111111111,119.92500000000001,0.07397260273972603
2025-12-05 21:00:00+00:00,2026-01-02 00:00:00+00:00,MSFT,MSFT260102C00370000,call,True,370.0,112.8,116.7,106.23,480.8399963378906,0.5880168151855469,0.03539610022899104,0.007070959208665306,11.0,11,2025-11-25 16:52:49+00:00,244.1197222222222,114.75,0.07397260273972603
2025-12-05 21:00:00+00:00,2026-01-02 00:00:00+00:00,MSFT,MSFT260102C00375000,call,True,375.0,107.85,111.7,101.81,480.8399963378906,0.565556102294922,0.03539610022899104,0.007070959208665306,7.0,7,2025-11-25 16:51:58+00:00,244.1338888888889,109.775,0.07397260273972603
2025-12-05 21:00:00+00:00,2026-01-02 00:00:00+00:00,MSFT,MSFT260102C00380000,call,True,380.0,103.3,106.75,99.0,480.8399963378906,0.5585981640625001,0.03539610022899104,0.007070959208665306,10.0,16,2025-12-03 14:37:26+00:00,54.37611111111111,105.025,0.07397260273972603
2025-12-05 21:00:00+00:00,2026-01-02 00:00:00+00:00,MSFT,MSFT260102C00385000,call,True,385.0,97.9,101.8,104.19,480.8399963378906,0.5224657128906249,0.03539610022899104,0.007070959208665306,3.0,9,2025-11-26 17:08:26+00:00,219.85944444444445,99.85,0.07397260273972603
2025-12-05 21:00:00+00:00,2026-01-02 00:00:00+00:00,MSFT,MSFT260102C00390000,call,True,390.0,93.35,96.85,101.65,480.8399963378906,0.5142870837402342,0.03539610022899104,0.007070959208665306,1.0,11,2025-12-02 18:36:59+00:00,74.38361111111111,95.1,0.07397260273972603
2025-12-05 21:00:00+00:00,2026-01-02 00:00:00+00:00,MSFT,MSFT260102C00395000,call,True,395.0,88.0,91.55,94.85,480.8399963378906,0.5642743768310547,0.03539610022899104,0.007070959208665306,4.0,10,2025-11-26 17:08:26+00:00,219.85944444444445,89.775,0.07397260273972603
2025-12-05 21:00:00+00:00,2026-01-02 00:00:00+00:00,MSFT,MSFT260102C00400000,call,True,400.0,83.45,86.6,82.65,480.8399963378906,0.5397384893798829,0.03539610022899104,0.007070959208665306,1.0,11,2025-12-03 15:33:05+00:00,53.44861111111111,85.025,0.07397260273972603
2025-12-05 21:00:00+00:00,2026-01-02 00:00:00+00:00,MSFT,MSFT260102C00405000,call,True,405.0,78.1,81.55,84.89,480.8399963378906,0.5109301837158204,0.03539610022899104,0.007070959208665306,1.0,16,2025-11-26 17:08:21+00:00,219.86083333333335,79.82499999999999,0.07397260273972603
2025-12-05 21:00:00+00:00,2026-01-02 00:00:00+00:00,MSFT,MSFT260102C00410000,call,True,410.0,73.6,77.1,73.9,480.8399963378906,0.5064136273193358,0.03539610022899104,0.007070959208665306,2.0,34,2025-12-05 19:53:17+00:00,1.1119444444444444,75.35,0.07397260273972603
2025-12-05 21:00:00+00:00,2026-01-02 00:00:00+00:00,MSFT,MSFT260102C00415000,call,True,415.0,68.7,72.15,62.4,480.8399963378906,0.4810842907714844,0.03539610022899104,0.007070959208665306,1.0,44,2025-12-03 14:30:03+00:00,54.49916666666667,70.42500000000001,0.07397260273972603
2025-12-05 21:00:00+00:00,2026-01-02 00:00:00+00:00,MSFT,MSFT260102C00420000,call,True,420.0,63.8,67.25,69.75,480.8399963378906,0.45740288696289066,0.03539610022899104,0.007070959208665306,11.0,43,2025-11-26 19:15:03+00:00,217.74916666666667,65.525,0.07397260273972603
2025-12-05 21:00:00+00:00,2026-01-02 00:00:00+00:00,MSFT,MSFT260102C00425000,call,True,425.0,58.95,62.4,60.0,480.8399963378906,0.4351863122558594,0.03539610022899104,0.007070959208665306,1.0,24,2025-12-03 20:29:35+00:00,48.50694444444444,60.675,0.07397260273972603
2025-12-05 21:00:00+00:00,2026-01-02 00:00:00+00:00,MSFT,MSFT260102C00430000,call,True,430.0,53.65,56.3,55.0,480.8399963378906,0.36963520996093746,0.03539610022899104,0.007070959208665306,2.0,17,2025-12-03 16:02:51+00:00,52.9525,54.974999999999994,0.07397260273972603
2025-12-05 21:00:00+00:00,2026-01-02 00:00:00+00:00,MSFT,MSFT260102C00435000,call,True,435.0,49.3,52.8,47.24,480.8399963378906,0.3922179919433594,0.03539610022899104,0.007070959208665306,11.0,2,2025-11-25 20:26:08+00:00,240.56444444444443,51.05,0.07397260273972603
2025-12-05 21:00:00+00:00,2026-01-02 00:00:00+00:00,MSFT,MSFT260102C00440000,call,True,440.0,45.5,46.5,45.85,480.8399963378906,0.3237372314453124,0.03539610022899104,0.007070959208665306,1.0,19,2025-12-03 17:10:07+00:00,51.83138888888889,46.0,0.07397260273972603
2025-12-05 21:00:00+00:00,2026-01-02 00:00:00+00:00,MSFT,MSFT260102C00445000,call,True,445.0,40.85,42.0,39.25,480.8399963378906,0.31214066772460936,0.03539610022899104,0.007070959208665306,1.0,8,2025-12-05 17:59:08+00:00,3.0144444444444445,41.425,0.07397260273972603
2025-12-05 21:00:00+00:00,2026-01-02 00:00:00+00:00,MSFT,MSFT260102C00450000,call,True,450.0,36.3,37.45,35.54,480.8399963378906,0.2967599621582031,0.03539610022899104,0.007070959208665306,1.0,6,2025-12-04 19:36:49+00:00,25.386388888888888,36.875,0.07397260273972603
2025-12-05 21:00:00+00:00,2026-01-02 00:00:00+00:00,MSFT,MSFT260102C00455000,call,True,455.0,31.9,33.0,29.75,480.8399963378906,0.2819285675048828,0.03539610022899104,0.007070959208665306,107.0,179,2025-12-04 19:58:55+00:00,25.018055555555556,32.45,0.07397260273972603
2025-12-05 21:00:00+00:00,2026-01-02 00:00:00+00:00,MSFT,MSFT260102C00460000,call,True,460.0,27.65,28.75,27.2,480.8399963378906,0.26935545104980463,0.03539610022899104,0.007070959208665306,18.0,53,2025-12-05 19:10:35+00:00,1.823611111111111,28.2,0.07397260273972603
2025-12-05 21:00:00+00:00,2026-01-02 00:00:00+00:00,MSFT,MSFT260102C00465000,call,True,465.0,23.95,25.15,22.0,480.8399963378906,0.26770751831054684,0.03539610022899104,0.007070959208665306,2.0,58,2025-12-05 17:05:55+00:00,3.901388888888889,24.549999999999997,0.07397260273972603
2025-12-05 21:00:00+00:00,2026-01-02 00:00:00+00:00,MSFT,MSFT260102C00470000,call,True,470.0,20.15,20.45,18.89,480.8399963378906,0.23902128173828124,0.03539610022899104,0.007070959208665306,46.0,202,2025-12-05 17:05:13+00:00,3.9130555555555557,20.299999999999997,0.07397260273972603
2025-12-05 21:00:00+00:00,2026-01-02 00:00:00+00:00,MSFT,MSFT260102C00475000,call,True,475.0,16.7,16.95,16.05,480.8399963378906,0.23102575622558597,0.03539610022899104,0.007070959208665306,104.0,264,2025-12-05 20:39:12+00:00,0.3466666666666667,16.825,0.07397260273972603
2025-12-05 21:00:00+00:00,2026-01-02 00:00:00+00:00,MSFT,MSFT260102C00480000,call,True,480.0,12.85,13.85,13.45,480.8399963378906,0.22538006072998046,0.03539610022899104,0.007070959208665306,230.0,490,2025-12-05 20:54:56+00:00,0.08444444444444445,13.35,0.07397260273972603
2025-12-05 21:00:00+00:00,2026-01-02 00:00:00+00:00,MSFT,MSFT260102C00485000,call,False,485.0,10.8,11.05,11.06,480.8399963378906,0.21949022705078125,0.03539610022899104,0.007070959208665306,536.0,287,2025-12-05 20:59:08+00:00,0.014444444444444444,10.925,0.07397260273972603
2025-12-05 21:00:00+00:00,2026-01-02 00:00:00+00:00,MSFT,MSFT260102C00490000,call,False,490.0,8.1,8.7,8.15,480.8399963378906,0.21576711975097657,0.03539610022899104,0.007070959208665306,165.0,660,2025-12-05 20:45:12+00:00,0.24666666666666667,8.399999999999999,0.07397260273972603
2025-12-05 21:00:00+00:00,2026-01-02 00:00:00+00:00,MSFT,MSFT260102C00495000,call,False,495.0,6.5,6.7,6.5,480.8399963378906,0.21234918518066404,0.03539610022899104,0.007070959208665306,42.0,294,2025-12-05 20:57:10+00:00,0.04722222222222222,6.6,0.07397260273972603
2025-12-05 21:00:00+00:00,2026-01-02 00:00:00+00:00,MSFT,MSFT260102C00500000,call,False,500.0,4.95,5.1,5.06,480.8399963378906,0.2104571142578125,0.03539610022899104,0.007070959208665306,381.0,879,2025-12-05 20:59:46+00:00,0.0038888888888888888,5.025,0.07397260273972603
2025-12-05 21:00:00+00:00,2026-01-02 00:00:00+00:00,MSFT,MSFT260102C00505000,call,False,505.0,3.65,3.85,3.65,480.8399963378906,0.2098467687988281,0.03539610022899104,0.007070959208665306,136.0,360,2025-12-05 19:57:50+00:00,1.0361111111111112,3.75,0.07397260273972603
2025-12-05 21:00:00+00:00,2026-01-02 00:00:00+00:00,MSFT,MSFT260102C00510000,call,False,510.0,2.72,2.83,2.79,480.8399963378906,0.20862607788085932,0.03539610022899104,0.007070959208665306,82.0,1062,2025-12-05 20:45:28+00:00,0.24222222222222223,2.7750000000000004,0.07397260273972603
2025-12-05 21:00:00+00:00,2026-01-02 00:00:00+00:00,MSFT,MSFT260102C00515000,call,False,515.0,2.0,2.09,2.02,480.8399963378906,0.20917538879394526,0.03539610022899104,0.007070959208665306,89.0,320,2025-12-05 20:57:43+00:00,0.03805555555555556,2.045,0.07397260273972603
2025-12-05 21:00:00+00:00,2026-01-02 00:00:00+00:00,MSFT,MSFT260102C00520000,call,False,520.0,1.48,1.51,1.49,480.8399963378906,0.20929745788574217,0.03539610022899104,0.007070959208665306,275.0,594,2025-12-05 19:57:05+00:00,1.0486111111111112,1.495,0.07397260273972603
2025-12-05 21:00:00+00:00,2026-01-02 00:00:00+00:00,MSFT,MSFT260102C00525000,call,False,525.0,1.07,1.14,1.02,480.8399963378906,0.21253228881835937,0.03539610022899104,0.007070959208665306,52.0,1797,2025-12-05 20:36:35+00:00,0.3902777777777778,1.105,0.07397260273972603
2025-12-05 21:00:00+00:00,2026-01-02 00:00:00+00:00,MSFT,MSFT260102C00530000,call,False,530.0,0.78,0.84,0.8,480.8399963378906,0.21472953247070312,0.03539610022899104,0.007070959208665306,122.0,248,2025-12-05 20:59:03+00:00,0.015833333333333335,0.81,0.07397260273972603
2025-12-05 21:00:00+00:00,2026-01-02 00:00:00+00:00,MSFT,MSFT260102C00535000,call,False,535.0,0.57,0.63,0.54,480.8399963378906,0.21790332885742186,0.03539610022899104,0.007070959208665306,19.0,382,2025-12-05 17:04:09+00:00,3.930833333333333,0.6,0.07397260273972603
2025-12-05 21:00:00+00:00,2026-01-02 00:00:00+00:00,MSFT,MSFT260102C00540000,call,False,540.0,0.42,0.48,0.41,480.8399963378906,0.22168747070312497,0.03539610022899104,0.007070959208665306,14.0,1327,2025-12-05 19:34:43+00:00,1.4213888888888888,0.44999999999999996,0.07397260273972603
2025-12-05 21:00:00+00:00,2026-01-02 00:00:00+00:00,MSFT,MSFT260102C00545000,call,False,545.0,0.31,0.35,0.32,480.8399963378906,0.2238847143554687,0.03539610022899104,0.007070959208665306,3.0,85,2025-12-05 19:46:44+00:00,1.221111111111111,0.32999999999999996,0.07397260273972603
2025-12-05 21:00:00+00:00,2026-01-02 00:00:00+00:00,MSFT,MSFT260102C00550000,call,False,550.0,0.23,0.28,0.24,480.8399963378906,0.229499892578125,0.03539610022899104,0.007070959208665306,51.0,222,2025-12-05 20:32:32+00:00,0.4577777777777778,0.255,0.07397260273972603
2025-12-05 21:00:00+00:00,2026-01-02 00:00:00+00:00,MSFT,MSFT260102C00555000,call,False,555.0,0.17,0.22,0.2,480.8399963378906,0.23389437988281248,0.03539610022899104,0.007070959208665306,4.0,61,2025-12-05 19:29:35+00:00,1.5069444444444444,0.195,0.07397260273972603
2025-12-05 21:00:00+00:00,2026-01-02 00:00:00+00:00,MSFT,MSFT260102C00560000,call,False,560.0,0.13,0.17,0.15,480.8399963378906,0.23780059082031246,0.03539610022899104,0.007070959208665306,12.0,44,2025-12-05 18:51:00+00:00,2.15,0.15000000000000002,0.07397260273972603
2025-12-05 21:00:00+00:00,2026-01-02 00:00:00+00:00,MSFT,MSFT260102C00565000,call,False,565.0,0.09,0.15,0.12,480.8399963378906,0.2461012890625,0.03539610022899104,0.007070959208665306,2.0,25,2025-12-05 20:31:32+00:00,0.47444444444444445,0.12,0.07397260273972603
2025-12-05 21:00:00+00:00,2026-01-02 00:00:00+00:00,MSFT,MSFT260102C00570000,call,False,570.0,0.07,0.12,0.12,480.8399963378906,0.25049577636718745,0.03539610022899104,0.007070959208665306,28.0,30,2025-12-03 20:01:13+00:00,48.97972222222222,0.095,0.07397260273972603
2025-12-05 21:00:00+00:00,2026-01-02 00:00:00+00:00,MSFT,MSFT260102C00575000,call,False,575.0,0.05,0.1,0.16,480.8399963378906,0.25586681640625003,0.03539610022899104,0.007070959208665306,1.0,8,2025-12-02 15:44:35+00:00,77.25694444444444,0.07500000000000001,0.07397260273972603
2025-12-05 21:00:00+00:00,2026-01-02 00:00:00+00:00,MSFT,MSFT260102C00580000,call,False,580.0,0.04,0.09,0.1,480.8399963378906,0.26367923828125,0.03539610022899104,0.007070959208665306,1.0,9,2025-12-05 15:51:39+00:00,5.139166666666667,0.065,0.07397260273972603
2025-12-05 21:00:00+00:00,2026-01-02 00:00:00+00:00,MSFT,MSFT260102C00585000,call,False,585.0,0.03,0.08,0.1,480.8399963378906,0.270515107421875,0.03539610022899104,0.007070959208665306,1.0,4,2025-12-02 14:30:00+00:00,78.5,0.055,0.07397260273972603
2025-12-05 21:00:00+00:00,2026-01-02 00:00:00+00:00,MSFT,MSFT260102C00590000,call,False,590.0,0.02,0.07,0.09,480.8399963378906,0.27735097656249996,0.03539610022899104,0.007070959208665306,60.0,44,2025-12-02 19:25:38+00:00,73.57277777777777,0.045000000000000005,0.07397260273972603
2025-12-05 21:00:00+00:00,2026-01-02 00:00:00+00:00,MSFT,MSFT260102C00595000,call,False,595.0,0.01,0.06,0.06,480.8399963378906,0.282233740234375,0.03539610022899104,0.007070959208665306,1.0,20,2025-12-01 18:45:31+00:00,98.24138888888889,0.034999999999999996,0.07397260273972603
2025-12-05 21:00:00+00:00,2026-01-02 00:00:00+00:00,MSFT,MSFT260102C00600000,call,False,600.0,0.01,0.06,0.04,480.8399963378906,0.2929758203124999,0.03539610022899104,0.007070959208665306,5.0,35,2025-12-03 17:47:40+00:00,51.205555555555556,0.034999999999999996,0.07397260273972603
2025-12-05 21:00:00+00:00,2026-01-02 00:00:00+00:00,MSFT,MSFT260102C00605000,call,False,605.0,0.0,0.05,0.06,480.8399963378906,0.29688203124999996,0.03539610022899104,0.007070959208665306,2.0,11,2025-12-05 19:09:14+00:00,1.846111111111111,0.025,0.07397260273972603
2025-12-05 21:00:00+00:00,2026-01-02 00:00:00+00:00,MSFT,MSFT260102P00270000,put,False,270.0,0.0,0.04,0.03,480.8399963378906,0.6718782812500002,0.03539610022899104,0.007070959208665306,5.0,118,2025-12-03 18:42:18+00:00,50.295,0.02,0.07397260273972603
2025-12-05 21:00:00+00:00,2026-01-02 00:00:00+00:00,MSFT,MSFT260102P00280000,put,False,280.0,0.0,0.04,0.05,480.8399963378906,0.632816171875,0.03539610022899104,0.007070959208665306,2.0,33,2025-12-01 17:55:58+00:00,99.06722222222223,0.02,0.07397260273972603
2025-12-05 21:00:00+00:00,2026-01-02 00:00:00+00:00,MSFT,MSFT260102P00290000,put,False,290.0,0.0,0.04,0.14,480.8399963378906,0.5937540625000001,0.03539610022899104,0.007070959208665306,18.0,18,2025-11-25 15:52:14+00:00,245.12944444444443,0.02,0.07397260273972603
2025-12-05 21:00:00+00:00,2026-01-02 00:00:00+00:00,MSFT,MSFT260102P00300000,put,False,300.0,0.0,0.05,0.03,480.8399963378906,0.5664105859375,0.03539610022899104,0.007070959208665306,2.0,21,2025-12-05 16:32:41+00:00,4.455277777777778,0.025,0.07397260273972603
2025-12-05 21:00:00+00:00,2026-01-02 00:00:00+00:00,MSFT,MSFT260102P00310000,put,False,310.0,0.01,0.06,0.22,480.8399963378906,0.5468795312500001,0.03539610022899104,0.007070959208665306,18.0,18,2025-11-25 15:52:14+00:00,245.12944444444443,0.034999999999999996,0.07397260273972603
2025-12-05 21:00:00+00:00,2026-01-02 00:00:00+00:00,MSFT,MSFT260102P00320000,put,False,320.0,0.01,0.07,0.15,480.8399963378906,0.51758294921875,0.03539610022899104,0.007070959208665306,18.0,18,2025-11-25 15:52:14+00:00,245.12944444444443,0.04,0.07397260273972603
2025-12-05 21:00:00+00:00,2026-01-02 00:00:00+00:00,MSFT,MSFT260102P00325000,put,False,325.0,0.02,0.07,0.46,480.8399963378906,0.50586431640625,0.03539610022899104,0.007070959208665306,8.0,14,2025-11-25 15:49:44+00:00,245.17111111111112,0.045000000000000005,0.07397260273972603
2025-12-05 21:00:00+00:00,2026-01-02 00:00:00+00:00,MSFT,MSFT260102P00330000,put,False,330.0,0.02,0.08,0.32,480.8399963378906,0.516606396484375,0.03539610022899104,0.007070959208665306,10.0,10,2025-11-25 15:52:14+00:00,245.12944444444443,0.05,0.07397260273972603
2025-12-05 21:00:00+00:00,2026-01-02 00:00:00+00:00,MSFT,MSFT260102P00335000,put,False,335.0,0.03,0.08,0.05,480.8399963378906,0.49805189453125004,0.03539610022899104,0.007070959208665306,10.0,23,2025-12-04 14:30:00+00:00,30.5,0.055,0.07397260273972603
2025-12-05 21:00:00+00:00,2026-01-02 00:00:00+00:00,MSFT,MSFT260102P00340000,put,False,340.0,0.04,0.09,0.07,480.8399963378906,0.485356708984375,0.03539610022899104,0.007070959208665306,1.0,3,2025-12-05 17:06:19+00:00,3.894722222222222,0.065,0.07397260273972603
2025-12-05 21:00:00+00:00,2026-01-02 00:00:00+00:00,MSFT,MSFT260102P00345000,put,False,345.0,0.04,0.1,0.33,480.8399963378906,0.4726615234375,0.03539610022899104,0.007070959208665306,1.0,4,2025-11-26 19:04:01+00:00,217.93305555555557,0.07,0.07397260273972603
2025-12-05 21:00:00+00:00,2026-01-02 00:00:00+00:00,MSFT,MSFT260102P00350000,put,False,350.0,0.05,0.1,0.1,480.8399963378906,0.454107021484375,0.03539610022899104,0.007070959208665306,11.0,16,2025-12-02 19:56:45+00:00,73.05416666666666,0.07500000000000001,0.07397260273972603
2025-12-05 21:00:00+00:00,2026-01-02 00:00:00+00:00,MSFT,MSFT260102P00355000,put,False,355.0,0.06,0.11,0.48,480.8399963378906,0.4414118359375,0.03539610022899104,0.007070959208665306,8.0,10,2025-11-25 16:52:47+00:00,244.12027777777777,0.08499999999999999,0.07397260273972603
2025-12-05 21:00:00+00:00,2026-01-02 00:00:00+00:00,MSFT,MSFT260102P00360000,put,False,360.0,0.07,0.12,0.12,480.8399963378906,0.42774009765625004,0.03539610022899104,0.007070959208665306,1.0,25,2025-12-04 14:34:40+00:00,30.42222222222222,0.095,0.07397260273972603
2025-12-05 21:00:00+00:00,2026-01-02 00:00:00+00:00,MSFT,MSFT260102P00365000,put,False,365.0,0.08,0.13,0.38,480.8399963378906,0.41309180664062495,0.03539610022899104,0.007070959208665306,15.0,17,2025-11-25 16:56:15+00:00,244.0625,0.10500000000000001,0.07397260273972603
2025-12-05 21:00:00+00:00,2026-01-02 00:00:00+00:00,MSFT,MSFT260102P00370000,put,False,370.0,0.09,0.14,0.18,480.8399963378906,0.39893179199218753,0.03539610022899104,0.007070959208665306,1.0,24,2025-12-04 14:52:46+00:00,30.120555555555555,0.115,0.07397260273972603
2025-12-05 21:00:00+00:00,2026-01-02 00:00:00+00:00,MSFT,MSFT260102P00375000,put,False,375.0,0.1,0.15,0.33,480.8399963378906,0.3842835009765625,0.03539610022899104,0.007070959208665306,1.0,15,2025-11-26 17:08:33+00:00,219.8575,0.125,0.07397260273972603
2025-12-05 21:00:00+00:00,2026-01-02 00:00:00+00:00,MSFT,MSFT260102P00380000,put,False,380.0,0.12,0.17,0.19,480.8399963378906,0.372076591796875,0.03539610022899104,0.007070959208665306,4.0,21,2025-12-03 18:26:51+00:00,50.5525,0.14500000000000002,0.07397260273972603
2025-12-05 21:00:00+00:00,2026-01-02 00:00:00+00:00,MSFT,MSFT260102P00385000,put,False,385.0,0.14,0.19,0.43,480.8399963378906,0.35938140625,0.03539610022899104,0.007070959208665306,2.0,19,2025-11-26 17:08:33+00:00,219.8575,0.165,0.07397260273972603
2025-12-05 21:00:00+00:00,2026-01-02 00:00:00+00:00,MSFT,MSFT260102P00390000,put,False,390.0,0.16,0.21,0.23,480.8399963378906,0.3461979443359374,0.03539610022899104,0.007070959208665306,6.0,40,2025-12-05 16:42:51+00:00,4.285833333333334,0.185,0.07397260273972603
2025-12-05 21:00:00+00:00,2026-01-02 00:00:00+00:00,MSFT,MSFT260102P00395000,put,False,395.0,0.19,0.24,0.21,480.8399963378906,0.33447931152343746,0.03539610022899104,0.007070959208665306,2.0,368,2025-12-05 18:56:50+00:00,2.0527777777777776,0.215,0.07397260273972603
2025-12-05 21:00:00+00:00,2026-01-02 00:00:00+00:00,MSFT,MSFT260102P00400000,put,False,400.0,0.23,0.27,0.27,480.8399963378906,0.3217841259765625,0.03539610022899104,0.007070959208665306,1.0,114,2025-12-05 18:28:30+00:00,2.525,0.25,0.07397260273972603
2025-12-05 21:00:00+00:00,2026-01-02 00:00:00+00:00,MSFT,MSFT260102P00405000,put,False,405.0,0.27,0.32,0.54,480.8399963378906,0.3112861840820312,0.03539610022899104,0.007070959208665306,2.0,27,2025-12-03 15:27:57+00:00,53.534166666666664,0.29500000000000004,0.07397260273972603
2025-12-05 21:00:00+00:00,2026-01-02 00:00:00+00:00,MSFT,MSFT260102P00410000,put,False,410.0,0.33,0.37,0.38,480.8399963378906,0.2995675512695312,0.03539610022899104,0.007070959208665306,3.0,162,2025-12-05 15:31:28+00:00,5.475555555555555,0.35,0.07397260273972603
2025-12-05 21:00:00+00:00,2026-01-02 00:00:00+00:00,MSFT,MSFT260102P00415000,put,False,415.0,0.4,0.44,0.44,480.8399963378906,0.2890696093749999,0.03539610022899104,0.007070959208665306,10.0,136,2025-12-05 19:34:43+00:00,1.4213888888888888,0.42000000000000004,0.07397260273972603
2025-12-05 21:00:00+00:00,2026-01-02 00:00:00+00:00,MSFT,MSFT260102P00420000,put,False,420.0,0.49,0.53,0.53,480.8399963378906,0.2790599438476562,0.03539610022899104,0.007070959208665306,115.0,216,2025-12-05 19:21:03+00:00,1.6491666666666667,0.51,0.07397260273972603
2025-12-05 21:00:00+00:00,2026-01-02 00:00:00+00:00,MSFT,MSFT260102P00425000,put,False,425.0,0.6,0.65,0.72,480.8399963378906,0.26978269287109374,0.03539610022899104,0.007070959208665306,23.0,141,2025-12-05 18:06:19+00:00,2.894722222222222,0.625,0.07397260273972603
2025-12-05 21:00:00+00:00,2026-01-02 00:00:00+00:00,MSFT,MSFT260102P00430000,put,False,430.0,0.76,0.8,0.81,480.8399963378906,0.26050544189453123,0.03539610022899104,0.007070959208665306,129.0,1674,2025-12-05 20:16:38+00:00,0.7227777777777777,0.78,0.07397260273972603
2025-12-05 21:00:00+00:00,2026-01-02 00:00:00+00:00,MSFT,MSFT260102P00435000,put,False,435.0,0.95,1.0,1.01,480.8399963378906,0.2518385363769531,0.03539610022899104,0.007070959208665306,36.0,166,2025-12-05 20:45:36+00:00,0.24,0.975,0.07397260273972603
2025-12-05 21:00:00+00:00,2026-01-02 00:00:00+00:00,MSFT,MSFT260102P00440000,put,False,440.0,1.21,1.26,1.28,480.8399963378906,0.2436599072265625,0.03539610022899104,0.007070959208665306,50.0,307,2025-12-05 20:54:21+00:00,0.09416666666666666,1.2349999999999999,0.07397260273972603
2025-12-05 21:00:00+00:00,2026-01-02 00:00:00+00:00,MSFT,MSFT260102P00445000,put,False,445.0,1.54,1.62,1.65,480.8399963378906,0.23670196899414062,0.03539610022899104,0.007070959208665306,66.0,253,2025-12-05 20:23:41+00:00,0.6052777777777778,1.58,0.07397260273972603
2025-12-05 21:00:00+00:00,2026-01-02 00:00:00+00:00,MSFT,MSFT260102P00450000,put,False,450.0,1.98,2.07,2.05,480.8399963378906,0.22943885803222658,0.03539610022899104,0.007070959208665306,61.0,2116,2025-12-05 20:41:47+00:00,0.3036111111111111,2.025,0.07397260273972603
2025-12-05 21:00:00+00:00,2026-01-02 00:00:00+00:00,MSFT,MSFT260102P00455000,put,False,455.0,2.55,2.65,2.55,480.8399963378906,0.2224198852539062,0.03539610022899104,0.007070959208665306,92.0,336,2025-12-05 20:59:30+00:00,0.008333333333333333,2.5999999999999996,0.07397260273972603
2025-12-05 21:00:00+00:00,2026-01-02 00:00:00+00:00,MSFT,MSFT260102P00460000,put,False,460.0,3.25,3.4,3.4,480.8399963378906,0.215828154296875,0.03539610022899104,0.007070959208665306,220.0,1038,2025-12-05 20:56:54+00:00,0.051666666666666666,3.325,0.07397260273972603
2025-12-05 21:00:00+00:00,2026-01-02 00:00:00+00:00,MSFT,MSFT260102P00465000,put,False,465.0,4.2,4.4,4.25,480.8399963378906,0.21051814880371095,0.03539610022899104,0.007070959208665306,88.0,226,2025-12-05 20:59:30+00:00,0.008333333333333333,4.300000000000001,0.07397260273972603
2025-12-05 21:00:00+00:00,2026-01-02 00:00:00+00:00,MSFT,MSFT260102P00470000,put,False,470.0,5.45,5.6,5.83,480.8399963378906,0.20429262512207028,0.03539610022899104,0.007070959208665306,47.0,662,2025-12-05 20:46:51+00:00,0.21916666666666668,5.525,0.07397260273972603
2025-12-05 21:00:00+00:00,2026-01-02 00:00:00+00:00,MSFT,MSFT260102P00475000,put,False,475.0,6.95,7.15,7.0,480.8399963378906,0.1994098614501953,0.03539610022899104,0.007070959208665306,19.0,271,2025-12-05 20:36:30+00:00,0.39166666666666666,7.050000000000001,0.07397260273972603
2025-12-05 21:00:00+00:00,2026-01-02 00:00:00+00:00,MSFT,MSFT260102P00480000,put,False,480.0,8.85,9.05,9.55,480.8399963378906,0.19495433959960937,0.03539610022899104,0.007070959208665306,67.0,528,2025-12-05 20:48:00+00:00,0.2,8.95,0.07397260273972603
2025-12-05 21:00:00+00:00,2026-01-02 00:00:00+00:00,MSFT,MSFT260102P00485000,put,True,485.0,11.1,11.4,11.28,480.8399963378906,0.19211623321533206,0.03539610022899104,0.007070959208665306,73.0,233,2025-12-05 20:44:40+00:00,0.25555555555555554,11.25,0.07397260273972603
2025-12-05 21:00:00+00:00,2026-01-02 00:00:00+00:00,MSFT,MSFT260102P00490000,put,True,490.0,13.8,14.05,14.69,480.8399963378906,0.18775226318359373,0.03539610022899104,0.007070959208665306,13.0,155,2025-12-05 20:28:03+00:00,0.5325,13.925,0.07397260273972603
2025-12-05 21:00:00+00:00,2026-01-02 00:00:00+00:00,MSFT,MSFT260102P00495000,put,True,495.0,16.8,17.15,17.66,480.8399963378906,0.1846395013427734,0.03539610022899104,0.007070959208665306,4.0,167,2025-12-05 19:58:50+00:00,1.0194444444444444,16.975,0.07397260273972603
2025-12-05 21:00:00+00:00,2026-01-02 00:00:00+00:00,MSFT,MSFT260102P00500000,put,True,500.0,20.35,20.65,21.35,480.8399963378906,0.18225915405273438,0.03539610022899104,0.007070959208665306,10.0,92,2025-12-05 20:34:37+00:00,0.4230555555555556,20.5,0.07397260273972603
2025-12-05 21:00:00+00:00,2026-01-02 00:00:00+00:00,MSFT,MSFT260102P00505000,put,True,505.0,24.15,24.5,26.0,480.8399963378906,0.18030604858398439,0.03539610022899104,0.007070959208665306,10.0,64,2025-12-03 20:27:52+00:00,48.535555555555554,24.325,0.07397260273972603
2025-12-05 21:00:00+00:00,2026-01-02 00:00:00+00:00,MSFT,MSFT260102P00510000,put,True,510.0,27.95,28.8,28.93,480.8399963378906,0.18360191406249998,0.03539610022899104,0.007070959208665306,19.0,52,2025-12-05 20:34:37+00:00,0.4230555555555556,28.375,0.07397260273972603
2025-12-05 21:00:00+00:00,2026-01-02 00:00:00+00:00,MSFT,MSFT260102P00515000,put,True,515.0,32.05,33.2,34.24,480.8399963378906,0.18402915588378904,0.03539610022899104,0.007070959208665306,1.0,32,2025-12-01 15:00:52+00:00,101.98555555555555,32.625,0.07397260273972603
2025-12-05 21:00:00+00:00,2026-01-02 00:00:00+00:00,MSFT,MSFT260102P00520000,put,True,520.0,36.6,37.85,38.94,480.8399963378906,0.188484677734375,0.03539610022899104,0.007070959208665306,1.0,44,2025-12-04 20:54:41+00:00,24.08861111111111,37.225,0.07397260273972603
2025-12-05 21:00:00+00:00,2026-01-02 00:00:00+00:00,MSFT,MSFT260102P00525000,put,True,525.0,40.4,43.55,38.2,480.8399963378906,0.23657989990234374,0.03539610022899104,0.007070959208665306,2.0,8,2025-12-01 20:10:45+00:00,96.82083333333334,41.974999999999994,0.07397260273972603
2025-12-05 21:00:00+00:00,2026-01-02 00:00:00+00:00,MSFT,MSFT260102P00530000,put,True,530.0,45.45,48.4,53.88,480.8399963378906,0.2493971545410156,0.03539610022899104,0.007070959208665306,20.0,0,2025-11-25 17:20:13+00:00,243.66305555555556,46.925,0.07397260273972603
2025-12-05 21:00:00+00:00,2026-01-02 00:00:00+00:00,MSFT,MSFT260102P00535000,put,True,535.0,50.25,53.35,58.32,480.8399963378906,0.26538820556640624,0.03539610022899104,0.007070959208665306,38.0,0,2025-11-24 16:53:19+00:00,268.1113888888889,51.8,0.07397260273972603
2025-12-05 21:00:00+00:00,2026-01-02 00:00:00+00:00,MSFT,MSFT260102P00540000,put,True,540.0,54.85,58.35,55.95,480.8399963378906,0.2830882238769531,0.03539610022899104,0.007070959208665306,1.0,0,2025-11-26 14:30:03+00:00,222.49916666666667,56.6,0.07397260273972603
2025-12-05 21:00:00+00:00,2026-01-02 00:00:00+00:00,MSFT,MSFT260102P00550000,put,True,550.0,65.2,68.8,64.49,480.8399963378906,0.33801931518554684,0.03539610022899104,0.007070959208665306,,0,2025-11-26 16:14:04+00:00,220.76555555555555,67.0,0.07397260273972603
2025-12-05 21:00:00+00:00,2026-01-02 00:00:00+00:00,MSFT,MSFT260102P00555000,put,True,555.0,71.2,73.35,81.8,480.8399963378906,0.33374689697265625,0.03539610022899104,0.007070959208665306,2.0,0,2025-11-21 15:00:45+00:00,341.9875,72.275,0.07397260273972603
2025-12-05 21:00:00+00:00,2026-01-02 00:00:00+00:00,MSFT,MSFT260102P00570000,put,True,570.0,84.85,88.8,89.7,480.8399963378906,0.40454697021484376,0.03539610022899104,0.007070959208665306,,0,2025-11-20 17:35:33+00:00,363.4075,86.82499999999999,0.07397260273972603
2025-12-05 21:00:00+00:00,2026-01-02 00:00:00+00:00,MSFT,MSFT260102P00595000,put,True,595.0,109.85,113.8,107.11,480.8399963378906,0.48126739440917965,0.03539610022899104,0.007070959208665306,1.0,0,2025-12-01 16:14:49+00:00,100.75305555555556,111.82499999999999,0.07397260273972603
2025-12-05 21:00:00+00:00,2026-01-02 00:00:00+00:00,MSFT,MSFT260102P00655000,put,True,655.0,169.85,173.8,183.75,480.8399963378906,0.6435582519531251,0.03539610022899104,0.007070959208665306,4.0,0,2025-11-21 18:18:03+00:00,338.69916666666666,171.825,0.07397260273972603
2025-12-05 21:00:00+00:00,2026-01-09 00:00:00+00:00,MSFT,MSFT260109C00400000,call,True,400.0,84.0,86.65,89.09,480.8399963378906,0.4863942962646485,0.03539610022899104,0.007070959208665306,,1,2025-12-01 20:56:21+00:00,96.06083333333333,85.325,0.09315068493150686
2025-12-05 21:00:00+00:00,2026-01-09 00:00:00+00:00,MSFT,MSFT260109C00405000,call,True,405.0,79.1,82.6,75.5,480.8399963378906,0.4965260308837891,0.03539610022899104,0.007070959208665306,1.0,5,2025-12-03 15:19:28+00:00,53.675555555555555,80.85,0.09315068493150686
2025-12-05 21:00:00+00:00,2026-01-09 00:00:00+00:00,MSFT,MSFT260109C00410000,call,True,410.0,74.2,77.7,70.5,480.8399963378906,0.47485876708984376,0.03539610022899104,0.007070959208665306,1.0,13,2025-12-03 15:00:16+00:00,53.995555555555555,75.95,0.09315068493150686
2025-12-05 21:00:00+00:00,2026-01-09 00:00:00+00:00,MSFT,MSFT260109C00415000,call,True,415.0,69.35,71.55,80.6,480.8399963378906,0.4110166320800781,0.03539610022899104,0.007070959208665306,1.0,13,2025-12-02 17:28:02+00:00,75.53277777777778,70.44999999999999,0.09315068493150686
2025-12-05 21:00:00+00:00,2026-01-09 00:00:00+00:00,MSFT,MSFT260109C00420000,call,True,420.0,64.5,67.95,65.57,480.8399963378906,0.43231768859863284,0.03539610022899104,0.007070959208665306,1.0,19,2025-12-03 19:50:32+00:00,49.15777777777778,66.225,0.09315068493150686
2025-12-05 21:00:00+00:00,2026-01-09 00:00:00+00:00,MSFT,MSFT260109C00425000,call,True,425.0,59.7,62.75,70.27,480.8399963378906,0.40106800109863283,0.03539610022899104,0.007070959208665306,34.0,34,2025-11-28 16:26:37+00:00,172.55638888888888,61.225,0.09315068493150686
2025-12-05 21:00:00+00:00,2026-01-09 00:00:00+00:00,MSFT,MSFT260109C00430000,call,True,430.0,55.65,57.2,53.92,480.8399963378906,0.359808648071289,0.03539610022899104,0.007070959208665306,1.0,31,2025-12-03 16:27:00+00:00,52.55,56.425,0.09315068493150686
2025-12-05 21:00:00+00:00,2026-01-09 00:00:00+00:00,MSFT,MSFT260109C00435000,call,True,435.0,50.95,52.45,60.55,480.8399963378906,0.34229173339843744,0.03539610022899104,0.007070959208665306,9.0,11,2025-11-28 16:26:48+00:00,172.55333333333334,51.7,0.09315068493150686
2025-12-05 21:00:00+00:00,2026-01-09 00:00:00+00:00,MSFT,MSFT260109C00455000,call,True,455.0,33.15,34.55,33.68,480.8399963378906,0.2869944348144531,0.03539610022899104,0.007070959208665306,16.0,4,2025-12-05 20:59:40+00:00,0.005555555555555556,33.849999999999994,0.09315068493150686
2025-12-05 21:00:00+00:00,2026-01-09 00:00:00+00:00,MSFT,MSFT260109C00460000,call,True,460.0,29.0,30.4,29.54,480.8399963378906,0.27533683654785157,0.03539610022899104,0.007070959208665306,10.0,37,2025-12-05 20:48:58+00:00,0.18388888888888888,29.7,0.09315068493150686
2025-12-05 21:00:00+00:00,2026-01-09 00:00:00+00:00,MSFT,MSFT260109C00465000,call,True,465.0,25.15,26.45,25.63,480.8399963378906,0.26489992919921873,0.03539610022899104,0.007070959208665306,42.0,59,2025-12-05 20:59:40+00:00,0.005555555555555556,25.799999999999997,0.09315068493150686
2025-12-05 21:00:00+00:00,2026-01-09 00:00:00+00:00,MSFT,MSFT260109C00470000,call,True,470.0,21.95,22.2,22.0,480.8399963378906,0.24607077178955078,0.03539610022899104,0.007070959208665306,1.0,29,2025-12-04 20:36:41+00:00,24.38861111111111,22.075,0.09315068493150686
2025-12-05 21:00:00+00:00,2026-01-09 00:00:00+00:00,MSFT,MSFT260109C00475000,call,True,475.0,18.6,18.85,17.8,480.8399963378906,0.2399978344726562,0.03539610022899104,0.007070959208665306,32.0,66,2025-12-05 18:34:27+00:00,2.4258333333333333,18.725,0.09315068493150686
2025-12-05 21:00:00+00:00,2026-01-09 00:00:00+00:00,MSFT,MSFT260109C00480000,call,True,480.0,15.5,15.75,15.55,480.8399963378906,0.2339248971557617,0.03539610022899104,0.007070959208665306,65.0,184,2025-12-05 20:57:43+00:00,0.03805555555555556,15.625,0.09315068493150686
2025-12-05 21:00:00+00:00,2026-01-09 00:00:00+00:00,MSFT,MSFT260109C00485000,call,False,485.0,12.75,13.0,12.5,480.8399963378906,0.22919471984863282,0.03539610022899104,0.007070959208665306,54.0,117,2025-12-05 20:53:40+00:00,0.10555555555555556,12.875,0.09315068493150686
2025-12-05 21:00:00+00:00,2026-01-09 00:00:00+00:00,MSFT,MSFT260109C00490000,call,False,490.0,10.35,10.6,10.57,480.8399963378906,0.22556316436767576,0.03539610022899104,0.007070959208665306,54.0,141,2025-12-05 20:59:27+00:00,0.009166666666666667,10.475,0.09315068493150686
2025-12-05 21:00:00+00:00,2026-01-09 00:00:00+00:00,MSFT,MSFT260109C00495000,call,False,495.0,8.3,8.5,7.88,480.8399963378906,0.222114712524414,0.03539610022899104,0.007070959208665306,14.0,73,2025-12-05 19:26:22+00:00,1.5605555555555555,8.4,0.09315068493150686
2025-12-05 21:00:00+00:00,2026-01-09 00:00:00+00:00,MSFT,MSFT260109C00500000,call,False,500.0,6.55,6.75,6.57,480.8399963378906,0.21982591705322263,0.03539610022899104,0.007070959208665306,94.0,276,2025-12-05 20:58:28+00:00,0.025555555555555557,6.65,0.09315068493150686
2025-12-05 21:00:00+00:00,2026-01-09 00:00:00+00:00,MSFT,MSFT260109C00505000,call,False,505.0,5.1,5.3,4.97,480.8399963378906,0.2181779843139648,0.03539610022899104,0.007070959208665306,169.0,441,2025-12-05 20:40:02+00:00,0.3327777777777778,5.199999999999999,0.09315068493150686
2025-12-05 21:00:00+00:00,2026-01-09 00:00:00+00:00,MSFT,MSFT260109C00510000,call,False,510.0,3.95,4.1,3.97,480.8399963378906,0.2166826379394531,0.03539610022899104,0.007070959208665306,274.0,118,2025-12-05 20:56:44+00:00,0.05444444444444444,4.025,0.09315068493150686
2025-12-05 21:00:00+00:00,2026-01-09 00:00:00+00:00,MSFT,MSFT260109C00515000,call,False,515.0,3.05,3.2,3.01,480.8399963378906,0.21720143157958982,0.03539610022899104,0.007070959208665306,100.0,140,2025-12-05 20:43:30+00:00,0.275,3.125,0.09315068493150686
2025-12-05 21:00:00+00:00,2026-01-09 00:00:00+00:00,MSFT,MSFT260109C00520000,call,False,520.0,2.33,2.44,2.39,480.8399963378906,0.21680470703125,0.03539610022899104,0.007070959208665306,146.0,158,2025-12-05 20:57:47+00:00,0.036944444444444446,2.385,0.09315068493150686
2025-12-05 21:00:00+00:00,2026-01-09 00:00:00+00:00,MSFT,MSFT260109C00525000,call,False,525.0,1.78,1.88,1.7,480.8399963378906,0.21790332885742186,0.03539610022899104,0.007070959208665306,11.0,86,2025-12-05 19:10:03+00:00,1.8325,1.83,0.09315068493150686
2025-12-05 21:00:00+00:00,2026-01-09 00:00:00+00:00,MSFT,MSFT260109C00530000,call,False,530.0,1.36,1.44,1.39,480.8399963378906,0.21912401977539062,0.03539610022899104,0.007070959208665306,52.0,302,2025-12-05 20:53:40+00:00,0.10555555555555556,1.4,0.09315068493150686
2025-12-05 21:00:00+00:00,2026-01-09 00:00:00+00:00,MSFT,MSFT260109C00535000,call,False,535.0,1.03,1.12,1.04,480.8399963378906,0.22144333251953124,0.03539610022899104,0.007070959208665306,5.0,40,2025-12-04 20:52:37+00:00,24.123055555555556,1.0750000000000002,0.09315068493150686
2025-12-05 21:00:00+00:00,2026-01-09 00:00:00+00:00,MSFT,MSFT260109C00540000,call,False,540.0,0.8,0.87,0.78,480.8399963378906,0.22382367980957027,0.03539610022899104,0.007070959208665306,12.0,47,2025-12-05 20:34:36+00:00,0.42333333333333334,0.835,0.09315068493150686
2025-12-05 21:00:00+00:00,2026-01-09 00:00:00+00:00,MSFT,MSFT260109C00545000,call,False,545.0,0.61,0.69,0.62,480.8399963378906,0.22718057983398435,0.03539610022899104,0.007070959208665306,2.0,34,2025-12-05 17:17:30+00:00,3.7083333333333335,0.6499999999999999,0.09315068493150686
2025-12-05 21:00:00+00:00,2026-01-09 00:00:00+00:00,MSFT,MSFT260109C00550000,call,False,550.0,0.47,0.53,0.52,480.8399963378906,0.22925575439453127,0.03539610022899104,0.007070959208665306,2.0,16,2025-12-04 20:56:53+00:00,24.051944444444445,0.5,0.09315068493150686
2025-12-05 21:00:00+00:00,2026-01-09 00:00:00+00:00,MSFT,MSFT260109C00555000,call,False,555.0,0.36,0.42,0.39,480.8399963378906,0.23255161987304687,0.03539610022899104,0.007070959208665306,3.0,5,2025-12-05 15:41:52+00:00,5.302222222222222,0.39,0.09315068493150686
2025-12-05 21:00:00+00:00,2026-01-09 00:00:00+00:00,MSFT,MSFT260109C00560000,call,False,560.0,0.28,0.33,0.34,480.8399963378906,0.23535920898437498,0.03539610022899104,0.007070959208665306,4.0,4,2025-12-05 15:23:56+00:00,5.601111111111111,0.30500000000000005,0.09315068493150686
2025-12-05 21:00:00+00:00,2026-01-09 00:00:00+00:00,MSFT,MSFT260109C00565000,call,False,565.0,0.22,0.27,0.24,480.8399963378906,0.23975369628906246,0.03539610022899104,0.007070959208665306,3.0,4,2025-12-05 17:01:44+00:00,3.971111111111111,0.245,0.09315068493150686
2025-12-05 21:00:00+00:00,2026-01-09 00:00:00+00:00,MSFT,MSFT260109C00570000,call,False,570.0,0.17,0.22,0.36,480.8399963378906,0.2436599072265625,0.03539610022899104,0.007070959208665306,1.0,1,2025-12-02 14:42:45+00:00,78.2875,0.195,0.09315068493150686
2025-12-05 21:00:00+00:00,2026-01-09 00:00:00+00:00,MSFT,MSFT260109P00270000,put,False,270.0,0.0,0.24,0.03,480.8399963378906,0.7138700488281251,0.03539610022899104,0.007070959208665306,4.0,9,2025-12-05 17:01:39+00:00,3.9725,0.12,0.09315068493150686
2025-12-05 21:00:00+00:00,2026-01-09 00:00:00+00:00,MSFT,MSFT260109P00330000,put,False,330.0,0.0,0.51,0.12,480.8399963378906,0.5312546875,0.03539610022899104,0.007070959208665306,,1,2025-12-01 20:40:30+00:00,96.325,0.255,0.09315068493150686
2025-12-05 21:00:00+00:00,2026-01-09 00:00:00+00:00,MSFT,MSFT260109P00350000,put,False,350.0,0.08,0.14,0.1,480.8399963378906,0.4243221630859375,0.03539610022899104,0.007070959208665306,10.0,10,2025-12-02 19:56:31+00:00,73.05805555555555,0.11000000000000001,0.09315068493150686
2025-12-05 21:00:00+00:00,2026-01-09 00:00:00+00:00,MSFT,MSFT260109P00380000,put,False,380.0,0.19,0.25,0.29,480.8399963378906,0.35205726074218746,0.03539610022899104,0.007070959208665306,6.0,13,2025-12-05 16:23:21+00:00,4.610833333333333,0.22,0.09315068493150686
2025-12-05 21:00:00+00:00,2026-01-09 00:00:00+00:00,MSFT,MSFT260109P00385000,put,False,385.0,0.23,0.29,0.3,480.8399963378906,0.34229173339843744,0.03539610022899104,0.007070959208665306,6.0,11,2025-12-05 16:53:25+00:00,4.1097222222222225,0.26,0.09315068493150686
2025-12-05 21:00:00+00:00,2026-01-09 00:00:00+00:00,MSFT,MSFT260109P00390000,put,False,390.0,0.27,0.33,0.35,480.8399963378906,0.33179379150390625,0.03539610022899104,0.007070959208665306,4.0,14,2025-12-05 17:33:00+00:00,3.45,0.30000000000000004,0.09315068493150686
2025-12-05 21:00:00+00:00,2026-01-09 00:00:00+00:00,MSFT,MSFT260109P00395000,put,False,395.0,0.31,0.37,0.37,480.8399963378906,0.32031929687499994,0.03539610022899104,0.007070959208665306,5.0,374,2025-12-05 18:25:20+00:00,2.577777777777778,0.33999999999999997,0.09315068493150686
2025-12-05 21:00:00+00:00,2026-01-09 00:00:00+00:00,MSFT,MSFT260109P00400000,put,False,400.0,0.37,0.43,0.42,480.8399963378906,0.31055376953124997,0.03539610022899104,0.007070959208665306,5.0,17,2025-12-05 19:21:23+00:00,1.6436111111111111,0.4,0.09315068493150686
2025-12-05 21:00:00+00:00,2026-01-09 00:00:00+00:00,MSFT,MSFT260109P00405000,put,False,405.0,0.45,0.51,0.56,480.8399963378906,0.301764794921875,0.03539610022899104,0.007070959208665306,6.0,23,2025-12-05 16:53:25+00:00,4.1097222222222225,0.48,0.09315068493150686
2025-12-05 21:00:00+00:00,2026-01-09 00:00:00+00:00,MSFT,MSFT260109P00410000,put,False,410.0,0.54,0.6,0.59,480.8399963378906,0.2923654748535155,0.03539610022899104,0.007070959208665306,6.0,46,2025-12-05 19:21:31+00:00,1.6413888888888888,0.5700000000000001,0.09315068493150686
2025-12-05 21:00:00+00:00,2026-01-09 00:00:00+00:00,MSFT,MSFT260109P00415000,put,False,415.0,0.65,0.71,0.8,480.8399963378906,0.28321029296874994,0.03539610022899104,0.007070959208665306,7.0,19,2025-12-05 17:36:24+00:00,3.3933333333333335,0.6799999999999999,0.09315068493150686
2025-12-05 21:00:00+00:00,2026-01-09 00:00:00+00:00,MSFT,MSFT260109P00420000,put,False,420.0,0.79,0.85,1.35,480.8399963378906,0.2745433874511719,0.03539610022899104,0.007070959208665306,6.0,99,2025-12-04 19:24:25+00:00,25.593055555555555,0.8200000000000001,0.09315068493150686
2025-12-05 21:00:00+00:00,2026-01-09 00:00:00+00:00,MSFT,MSFT260109P00425000,put,False,425.0,0.96,1.02,1.11,480.8399963378906,0.26587648193359376,0.03539610022899104,0.007070959208665306,7.0,83,2025-12-05 14:55:56+00:00,6.067777777777778,0.99,0.09315068493150686
2025-12-05 21:00:00+00:00,2026-01-09 00:00:00+00:00,MSFT,MSFT260109P00430000,put,False,430.0,1.18,1.25,1.21,480.8399963378906,0.25843026733398444,0.03539610022899104,0.007070959208665306,19.0,128,2025-12-05 20:57:53+00:00,0.035277777777777776,1.2149999999999999,0.09315068493150686
2025-12-05 21:00:00+00:00,2026-01-09 00:00:00+00:00,MSFT,MSFT260109P00435000,put,False,435.0,1.46,1.52,1.53,480.8399963378906,0.2503737072753906,0.03539610022899104,0.007070959208665306,26.0,225,2025-12-05 20:57:53+00:00,0.035277777777777776,1.49,0.09315068493150686
2025-12-05 21:00:00+00:00,2026-01-09 00:00:00+00:00,MSFT,MSFT260109P00440000,put,False,440.0,1.8,1.87,1.83,480.8399963378906,0.2430495617675781,0.03539610022899104,0.007070959208665306,21.0,107,2025-12-05 20:09:07+00:00,0.8480555555555556,1.835,0.09315068493150686
2025-12-05 21:00:00+00:00,2026-01-09 00:00:00+00:00,MSFT,MSFT260109P00445000,put,False,445.0,2.24,2.35,2.31,480.8399963378906,0.23725127990722655,0.03539610022899104,0.007070959208665306,26.0,238,2025-12-05 19:10:03+00:00,1.8325,2.295,0.09315068493150686
2025-12-05 21:00:00+00:00,2026-01-09 00:00:00+00:00,MSFT,MSFT260109P00450000,put,False,450.0,2.8,2.9,2.93,480.8399963378906,0.2302933416748047,0.03539610022899104,0.007070959208665306,40.0,338,2025-12-05 20:39:44+00:00,0.3377777777777778,2.8499999999999996,0.09315068493150686
2025-12-05 21:00:00+00:00,2026-01-09 00:00:00+00:00,MSFT,MSFT260109P00455000,put,False,455.0,3.45,3.6,3.52,480.8399963378906,0.22394574890136715,0.03539610022899104,0.007070959208665306,21.0,993,2025-12-05 20:59:19+00:00,0.01138888888888889,3.5250000000000004,0.09315068493150686
2025-12-05 21:00:00+00:00,2026-01-09 00:00:00+00:00,MSFT,MSFT260109P00460000,put,False,460.0,4.35,4.5,4.41,480.8399963378906,0.21857470886230468,0.03539610022899104,0.007070959208665306,30.0,254,2025-12-05 20:59:19+00:00,0.01138888888888889,4.425,0.09315068493150686
2025-12-05 21:00:00+00:00,2026-01-09 00:00:00+00:00,MSFT,MSFT260109P00465000,put,False,465.0,5.45,5.6,5.7,480.8399963378906,0.21326470336914063,0.03539610022899104,0.007070959208665306,33.0,424,2025-12-05 20:31:44+00:00,0.4711111111111111,5.525,0.09315068493150686
2025-12-05 21:00:00+00:00,2026-01-09 00:00:00+00:00,MSFT,MSFT260109P00470000,put,False,470.0,6.75,6.95,7.0,480.8399963378906,0.20838193969726557,0.03539610022899104,0.007070959208665306,62.0,129,2025-12-05 20:41:49+00:00,0.3030555555555556,6.85,0.09315068493150686
2025-12-05 21:00:00+00:00,2026-01-09 00:00:00+00:00,MSFT,MSFT260109P00475000,put,False,475.0,8.4,8.6,8.85,480.8399963378906,0.2041705560302734,0.03539610022899104,0.007070959208665306,25.0,89,2025-12-05 19:57:05+00:00,1.0486111111111112,8.5,0.09315068493150686
2025-12-05 21:00:00+00:00,2026-01-09 00:00:00+00:00,MSFT,MSFT260109P00480000,put,False,480.0,10.3,10.55,11.05,480.8399963378906,0.20002020690917968,0.03539610022899104,0.007070959208665306,89.0,195,2025-12-05 20:29:29+00:00,0.5086111111111111,10.425,0.09315068493150686
2025-12-05 21:00:00+00:00,2026-01-09 00:00:00+00:00,MSFT,MSFT260109P00485000,put,True,485.0,12.6,12.8,12.85,480.8399963378906,0.19556468505859376,0.03539610022899104,0.007070959208665306,48.0,74,2025-12-05 20:57:30+00:00,0.041666666666666664,12.7,0.09315068493150686
2025-12-05 21:00:00+00:00,2026-01-09 00:00:00+00:00,MSFT,MSFT260109P00490000,put,True,490.0,15.2,15.45,16.27,480.8399963378906,0.1922077850341797,0.03539610022899104,0.007070959208665306,67.0,137,2025-12-05 19:47:30+00:00,1.2083333333333333,15.325,0.09315068493150686
2025-12-05 21:00:00+00:00,2026-01-09 00:00:00+00:00,MSFT,MSFT260109P00495000,put,True,495.0,18.15,18.45,19.35,480.8399963378906,0.1890645059204102,0.03539610022899104,0.007070959208665306,45.0,71,2025-12-05 19:47:30+00:00,1.2083333333333333,18.299999999999997,0.09315068493150686
2025-12-05 21:00:00+00:00,2026-01-09 00:00:00+00:00,MSFT,MSFT260109P00500000,put,True,500.0,21.5,21.8,25.52,480.8399963378906,0.18628743408203124,0.03539610022899104,0.007070959208665306,3.0,43,2025-12-04 19:10:59+00:00,25.816944444444445,21.65,0.09315068493150686
2025-12-05 21:00:00+00:00,2026-01-09 00:00:00+00:00,MSFT,MSFT260109P00505000,put,True,505.0,24.65,25.75,27.71,480.8399963378906,0.189735885925293,0.03539610022899104,0.007070959208665306,1.0,2,2025-12-05 17:41:52+00:00,3.3022222222222224,25.2,0.09315068493150686
2025-12-05 21:00:00+00:00,2026-01-09 00:00:00+00:00,MSFT,MSFT260109P00510000,put,True,510.0,28.6,29.75,30.5,480.8399963378906,0.18933916137695314,0.03539610022899104,0.007070959208665306,5.0,3,2025-12-05 15:00:13+00:00,5.996388888888889,29.175,0.09315068493150686
2025-12-05 21:00:00+00:00,2026-01-09 00:00:00+00:00,MSFT,MSFT260109P00515000,put,True,515.0,32.5,33.95,34.15,480.8399963378906,0.188484677734375,0.03539610022899104,0.007070959208665306,1.0,18,2025-12-05 20:45:29+00:00,0.24194444444444443,33.225,0.09315068493150686
2025-12-05 21:00:00+00:00,2026-01-09 00:00:00+00:00,MSFT,MSFT260109P00525000,put,True,525.0,41.45,43.05,42.7,480.8399963378906,0.19385571777343752,0.03539610022899104,0.007070959208665306,7.0,5,2025-12-05 15:35:05+00:00,5.415277777777778,42.25,0.09315068493150686
2025-12-05 21:00:00+00:00,2026-01-09 00:00:00+00:00,MSFT,MSFT260109P00530000,put,True,530.0,45.35,49.05,38.6,480.8399963378906,0.24640646179199222,0.03539610022899104,0.007070959208665306,10.0,11,2025-11-28 16:01:49+00:00,172.96972222222223,47.2,0.09315068493150686
2025-12-05 21:00:00+00:00,2026-01-09 00:00:00+00:00,MSFT,MSFT260109P00560000,put,True,560.0,75.05,78.35,77.78,480.8399963378906,0.31409377319335935,0.03539610022899104,0.007070959208665306,2.0,0,2025-12-03 18:19:29+00:00,50.67527777777778,76.69999999999999,0.09315068493150686
2025-12-05 21:00:00+00:00,2026-01-16 00:00:00+00:00,MSFT,MSFT260116C00160000,call,True,160.0,322.3,325.75,319.95,480.8399963378906,1.5185570947265623,0.03539610022899104,0.007070959208665306,1.0,220,2025-12-04 15:14:05+00:00,29.76527777777778,324.025,0.11232876712328767
2025-12-05 21:00:00+00:00,2026-01-16 00:00:00+00:00,MSFT,MSFT260116C00165000,call,True,165.0,317.3,320.8,323.55,480.8399963378906,1.4853541357421873,0.03539610022899104,0.007070959208665306,1.0,24,2025-11-18 16:05:11+00:00,412.9136111111111,319.05,0.11232876712328767
2025-12-05 21:00:00+00:00,2026-01-16 00:00:00+00:00,MSFT,MSFT260116C00170000,call,True,170.0,312.35,315.85,303.11,480.8399963378906,1.4580105224609374,0.03539610022899104,0.007070959208665306,4.0,116,2025-11-25 16:25:48+00:00,244.57,314.1,0.11232876712328767
2025-12-05 21:00:00+00:00,2026-01-16 00:00:00+00:00,MSFT,MSFT260116C00175000,call,True,175.0,333.3,336.9,329.22,480.8399963378906,3.1549703742980957,0.03539610022899104,0.007070959208665306,1.0,91,2025-07-10 18:29:53+00:00,3554.5019444444442,335.1,0.11232876712328767
2025-12-05 21:00:00+00:00,2026-01-16 00:00:00+00:00,MSFT,MSFT260116C00180000,call,True,180.0,302.4,305.9,309.29,480.8399963378906,1.39453427734375,0.03539610022899104,0.007070959208665306,5.0,106,2025-11-19 16:00:00+00:00,389.0,304.15,0.11232876712328767
2025-12-05 21:00:00+00:00,2026-01-16 00:00:00+00:00,MSFT,MSFT260116C00185000,call,True,185.0,304.4,308.25,331.75,480.8399963378906,2.0616503536987305,0.03539610022899104,0.007070959208665306,3.0,498,2025-10-31 18:47:29+00:00,842.2086111111112,306.325,0.11232876712328767
2025-12-05 21:00:00+00:00,2026-01-16 00:00:00+00:00,MSFT,MSFT260116C00190000,call,True,190.0,292.45,296.2,335.0,480.8399963378906,1.3574250878906249,0.03539610022899104,0.007070959208665306,1.0,1063,2025-11-03 14:44:28+00:00,774.2588888888889,294.325,0.11232876712328767
2025-12-05 21:00:00+00:00,2026-01-16 00:00:00+00:00,MSFT,MSFT260116C00195000,call,True,195.0,287.45,290.95,307.93,480.8399963378906,1.2993199096679686,0.03539610022899104,0.007070959208665306,9.0,107,2025-11-12 16:41:12+00:00,556.3133333333334,289.2,0.11232876712328767
2025-12-05 21:00:00+00:00,2026-01-16 00:00:00+00:00,MSFT,MSFT260116C00200000,call,True,200.0,282.5,286.0,293.69,480.8399963378906,1.275150108642578,0.03539610022899104,0.007070959208665306,1.0,215,2025-11-18 18:16:54+00:00,410.7183333333333,284.25,0.11232876712328767
2025-12-05 21:00:00+00:00,2026-01-16 00:00:00+00:00,MSFT,MSFT260116C00205000,call,True,205.0,277.25,281.15,303.08,480.8399963378906,1.2331581311035156,0.03539610022899104,0.007070959208665306,9.0,884,2025-11-17 20:35:40+00:00,432.40555555555557,279.2,0.11232876712328767
2025-12-05 21:00:00+00:00,2026-01-16 00:00:00+00:00,MSFT,MSFT260116C00210000,call,True,210.0,272.55,276.05,267.0,480.8399963378906,1.2189980456542968,0.03539610022899104,0.007070959208665306,12.0,164,2025-11-21 17:10:06+00:00,339.83166666666665,274.3,0.11232876712328767
2025-12-05 21:00:00+00:00,2026-01-16 00:00:00+00:00,MSFT,MSFT260116C00215000,call,True,215.0,267.6,271.1,278.7,480.8399963378906,1.1958048022460939,0.03539610022899104,0.007070959208665306,107.0,187,2025-11-18 17:48:34+00:00,411.19055555555553,269.35,0.11232876712328767
2025-12-05 21:00:00+00:00,2026-01-16 00:00:00+00:00,MSFT,MSFT260116C00220000,call,True,220.0,262.5,266.1,263.69,480.8399963378906,1.1567424975585938,0.03539610022899104,0.007070959208665306,1.0,229,2025-12-03 17:43:37+00:00,51.27305555555556,264.3,0.11232876712328767
2025-12-05 21:00:00+00:00,2026-01-16 00:00:00+00:00,MSFT,MSFT260116C00225000,call,True,225.0,257.65,261.15,268.78,480.8399963378906,1.1423382727050782,0.03539610022899104,0.007070959208665306,25.0,410,2025-11-18 16:29:10+00:00,412.5138888888889,259.4,0.11232876712328767
2025-12-05 21:00:00+00:00,2026-01-16 00:00:00+00:00,MSFT,MSFT260116C00230000,call,True,230.0,252.4,256.4,253.55,480.8399963378906,1.1125532653808592,0.03539610022899104,0.007070959208665306,2.0,209,2025-12-03 17:43:37+00:00,51.27305555555556,254.39999999999998,0.11232876712328767
2025-12-05 21:00:00+00:00,2026-01-16 00:00:00+00:00,MSFT,MSFT260116C00235000,call,True,235.0,247.7,251.2,280.48,480.8399963378906,1.0905807189941408,0.03539610022899104,0.007070959208665306,5.0,84,2025-11-04 16:34:59+00:00,748.4169444444444,249.45,0.11232876712328767
2025-12-05 21:00:00+00:00,2026-01-16 00:00:00+00:00,MSFT,MSFT260116C00240000,call,True,240.0,242.75,246.2,240.42,480.8399963378906,1.0654343603515626,0.03539610022899104,0.007070959208665306,1.0,157,2025-12-04 19:43:26+00:00,25.27611111111111,244.475,0.11232876712328767
2025-12-05 21:00:00+00:00,2026-01-16 00:00:00+00:00,MSFT,MSFT260116C00245000,call,True,245.0,237.75,241.25,231.24,480.8399963378906,1.0405321411132817,0.03539610022899104,0.007070959208665306,5.0,133,2025-11-25 17:04:46+00:00,243.92055555555555,239.5,0.11232876712328767
2025-12-05 21:00:00+00:00,2026-01-16 00:00:00+00:00,MSFT,MSFT260116C00250000,call,True,250.0,232.65,236.7,241.68,480.8399963378906,1.0346727954101564,0.03539610022899104,0.007070959208665306,6.0,509,2025-12-02 18:56:10+00:00,74.06388888888888,234.675,0.11232876712328767
2025-12-05 21:00:00+00:00,2026-01-16 00:00:00+00:00,MSFT,MSFT260116C00255000,call,True,255.0,227.8,231.3,218.64,480.8399963378906,0.9919434399414062,0.03539610022899104,0.007070959208665306,5.0,150,2025-11-25 16:22:52+00:00,244.61888888888888,229.55,0.11232876712328767
2025-12-05 21:00:00+00:00,2026-01-16 00:00:00+00:00,MSFT,MSFT260116C00260000,call,True,260.0,222.85,226.35,213.69,480.8399963378906,0.9711916943359374,0.03539610022899104,0.007070959208665306,5.0,502,2025-11-25 16:22:52+00:00,244.61888888888888,224.6,0.11232876712328767
2025-12-05 21:00:00+00:00,2026-01-16 00:00:00+00:00,MSFT,MSFT260116C00265000,call,True,265.0,217.9,221.5,226.79,480.8399963378906,0.956055126953125,0.03539610022899104,0.007070959208665306,2.0,302,2025-12-02 18:56:10+00:00,74.06388888888888,219.7,0.11232876712328767
2025-12-05 21:00:00+00:00,2026-01-16 00:00:00+00:00,MSFT,MSFT260116C00270000,call,True,270.0,212.95,216.65,209.11,480.8399963378906,0.940430283203125,0.03539610022899104,0.007070959208665306,1.0,913,2025-12-03 14:38:34+00:00,54.35722222222222,214.8,0.11232876712328767
2025-12-05 21:00:00+00:00,2026-01-16 00:00:00+00:00,MSFT,MSFT260116C00275000,call,True,275.0,208.05,211.0,207.85,480.8399963378906,0.8850109155273438,0.03539610022899104,0.007070959208665306,8.0,2650,2025-12-03 20:43:06+00:00,48.281666666666666,209.525,0.11232876712328767
2025-12-05 21:00:00+00:00,2026-01-16 00:00:00+00:00,MSFT,MSFT260116C00280000,call,True,280.0,202.75,206.45,198.83,480.8399963378906,0.8684095190429688,0.03539610022899104,0.007070959208665306,6.0,484,2025-12-03 14:39:37+00:00,54.33972222222222,204.6,0.11232876712328767
2025-12-05 21:00:00+00:00,2026-01-16 00:00:00+00:00,MSFT,MSFT260116C00285000,call,True,285.0,198.3,201.0,194.72,480.8399963378906,0.8488784643554688,0.03539610022899104,0.007070959208665306,5.0,520,2025-12-03 14:39:36+00:00,54.34,199.65,0.11232876712328767
2025-12-05 21:00:00+00:00,2026-01-16 00:00:00+00:00,MSFT,MSFT260116C00290000,call,True,290.0,193.05,196.55,193.74,480.8399963378906,0.8391129370117187,0.03539610022899104,0.007070959208665306,6.0,167,2025-12-03 19:17:48+00:00,49.70333333333333,194.8,0.11232876712328767
2025-12-05 21:00:00+00:00,2026-01-16 00:00:00+00:00,MSFT,MSFT260116C00295000,call,True,295.0,188.05,191.55,186.27,480.8399963378906,0.8148211877441407,0.03539610022899104,0.007070959208665306,2.0,86,2025-12-03 14:30:28+00:00,54.492222222222225,189.8,0.11232876712328767
2025-12-05 21:00:00+00:00,2026-01-16 00:00:00+00:00,MSFT,MSFT260116C00300000,call,True,300.0,183.55,186.9,180.11,480.8399963378906,0.8267839587402341,0.03539610022899104,0.007070959208665306,2.0,816,2025-12-03 14:30:15+00:00,54.49583333333333,185.22500000000002,0.11232876712328767
2025-12-05 21:00:00+00:00,2026-01-16 00:00:00+00:00,MSFT,MSFT260116C00305000,call,True,305.0,178.15,181.25,176.38,480.8399963378906,0.7583031982421876,0.03539610022899104,0.007070959208665306,2.0,132,2025-12-03 14:30:28+00:00,54.492222222222225,179.7,0.11232876712328767
2025-12-05 21:00:00+00:00,2026-01-16 00:00:00+00:00,MSFT,MSFT260116C00310000,call,True,310.0,173.65,176.8,171.47,480.8399963378906,0.778200460205078,0.03539610022899104,0.007070959208665306,2.0,208,2025-12-03 14:30:28+00:00,54.492222222222225,175.22500000000002,0.11232876712328767
2025-12-05 21:00:00+00:00,2026-01-16 00:00:00+00:00,MSFT,MSFT260116C00315000,call,True,315.0,168.85,171.1,165.6,480.8399963378906,0.7352321398925781,0.03539610022899104,0.007070959208665306,2.0,171,2025-12-03 14:30:23+00:00,54.493611111111115,169.975,0.11232876712328767
2025-12-05 21:00:00+00:00,2026-01-16 00:00:00+00:00,MSFT,MSFT260116C00320000,call,True,320.0,163.7,166.9,163.86,480.8399963378906,0.73633076171875,0.03539610022899104,0.007070959208665306,8.0,264,2025-12-03 20:38:54+00:00,48.35166666666667,165.3,0.11232876712328767
2025-12-05 21:00:00+00:00,2026-01-16 00:00:00+00:00,MSFT,MSFT260116C00325000,call,True,325.0,159.25,161.95,155.68,480.8399963378906,0.7329128271484374,0.03539610022899104,0.007070959208665306,3.0,134,2025-12-03 14:30:19+00:00,54.49472222222222,160.6,0.11232876712328767
2025-12-05 21:00:00+00:00,2026-01-16 00:00:00+00:00,MSFT,MSFT260116C00330000,call,True,330.0,153.75,156.35,151.81,480.8399963378906,0.6726106958007814,0.03539610022899104,0.007070959208665306,1.0,230,2025-12-04 20:34:55+00:00,24.418055555555554,155.05,0.11232876712328767
2025-12-05 21:00:00+00:00,2026-01-16 00:00:00+00:00,MSFT,MSFT260116C00335000,call,True,335.0,148.8,151.5,147.63,480.8399963378906,0.657229990234375,0.03539610022899104,0.007070959208665306,7.0,105,2025-12-03 17:01:31+00:00,51.97472222222222,150.15,0.11232876712328767
2025-12-05 21:00:00+00:00,2026-01-16 00:00:00+00:00,MSFT,MSFT260116C00340000,call,True,340.0,143.85,146.3,143.79,480.8399963378906,0.6300085827636719,0.03539610022899104,0.007070959208665306,1.0,181,2025-12-03 20:33:24+00:00,48.443333333333335,145.075,0.11232876712328767
2025-12-05 21:00:00+00:00,2026-01-16 00:00:00+00:00,MSFT,MSFT260116C00345000,call,True,345.0,139.4,141.35,135.57,480.8399963378906,0.6272009936523439,0.03539610022899104,0.007070959208665306,2.0,76,2025-12-03 14:30:15+00:00,54.49583333333333,140.375,0.11232876712328767
2025-12-05 21:00:00+00:00,2026-01-16 00:00:00+00:00,MSFT,MSFT260116C00350000,call,True,350.0,133.55,136.7,132.5,480.8399963378906,0.5898478515625001,0.03539610022899104,0.007070959208665306,3.0,13715,2025-12-05 16:54:43+00:00,4.088055555555556,135.125,0.11232876712328767
2025-12-05 21:00:00+00:00,2026-01-16 00:00:00+00:00,MSFT,MSFT260116C00355000,call,True,355.0,128.95,131.6,126.61,480.8399963378906,0.5773968041992188,0.03539610022899104,0.007070959208665306,2.0,403,2025-12-04 14:30:08+00:00,30.497777777777777,130.27499999999998,0.11232876712328767
2025-12-05 21:00:00+00:00,2026-01-16 00:00:00+00:00,MSFT,MSFT260116C00360000,call,True,360.0,124.55,126.8,122.32,480.8399963378906,0.5780071496582031,0.03539610022899104,0.007070959208665306,2.0,4940,2025-12-04 14:30:09+00:00,30.4975,125.675,0.11232876712328767
2025-12-05 21:00:00+00:00,2026-01-16 00:00:00+00:00,MSFT,MSFT260116C00365000,call,True,365.0,119.0,121.8,116.99,480.8399963378906,0.5416305603027345,0.03539610022899104,0.007070959208665306,2.0,675,2025-12-03 14:30:28+00:00,54.492222222222225,120.4,0.11232876712328767
2025-12-05 21:00:00+00:00,2026-01-16 00:00:00+00:00,MSFT,MSFT260116C00370000,call,True,370.0,114.05,117.3,112.88,480.8399963378906,0.5344284838867188,0.03539610022899104,0.007070959208665306,3.0,566,2025-12-03 16:57:46+00:00,52.03722222222222,115.675,0.11232876712328767
2025-12-05 21:00:00+00:00,2026-01-16 00:00:00+00:00,MSFT,MSFT260116C00375000,call,True,375.0,109.6,111.8,107.95,480.8399963378906,0.5141650146484374,0.03539610022899104,0.007070959208665306,3.0,1868,2025-12-03 16:57:46+00:00,52.03722222222222,110.69999999999999,0.11232876712328767
2025-12-05 21:00:00+00:00,2026-01-16 00:00:00+00:00,MSFT,MSFT260116C00380000,call,True,380.0,104.55,106.95,101.17,480.8399963378906,0.5458419439697266,0.03539610022899104,0.007070959208665306,2.0,1030,2025-12-04 19:45:22+00:00,25.24388888888889,105.75,0.11232876712328767
2025-12-05 21:00:00+00:00,2026-01-16 00:00:00+00:00,MSFT,MSFT260116C00385000,call,True,385.0,99.7,102.6,96.55,480.8399963378906,0.5468184967041017,0.03539610022899104,0.007070959208665306,1.0,2017,2025-12-04 17:44:25+00:00,27.259722222222223,101.15,0.11232876712328767
2025-12-05 21:00:00+00:00,2026-01-16 00:00:00+00:00,MSFT,MSFT260116C00390000,call,True,390.0,94.8,97.55,91.54,480.8399963378906,0.5217943328857422,0.03539610022899104,0.007070959208665306,1.0,1023,2025-12-04 18:57:05+00:00,26.04861111111111,96.175,0.11232876712328767
2025-12-05 21:00:00+00:00,2026-01-16 00:00:00+00:00,MSFT,MSFT260116C00395000,call,True,395.0,89.65,91.75,89.57,480.8399963378906,0.47070841796875,0.03539610022899104,0.007070959208665306,3.0,2334,2025-12-05 20:04:22+00:00,0.9272222222222222,90.7,0.11232876712328767
2025-12-05 21:00:00+00:00,2026-01-16 00:00:00+00:00,MSFT,MSFT260116C00400000,call,True,400.0,85.15,86.95,85.28,480.8399963378906,0.4555718505859375,0.03539610022899104,0.007070959208665306,137.0,5290,2025-12-05 20:51:25+00:00,0.14305555555555555,86.05000000000001,0.11232876712328767
2025-12-05 21:00:00+00:00,2026-01-16 00:00:00+00:00,MSFT,MSFT260116C00405000,call,True,405.0,79.85,81.9,79.42,480.8399963378906,0.43158527404785163,0.03539610022899104,0.007070959208665306,5.0,2674,2025-12-05 17:05:42+00:00,3.905,80.875,0.11232876712328767
2025-12-05 21:00:00+00:00,2026-01-16 00:00:00+00:00,MSFT,MSFT260116C00410000,call,True,410.0,75.25,77.45,74.32,480.8399963378906,0.4268245794677735,0.03539610022899104,0.007070959208665306,5.0,2995,2025-12-05 18:45:35+00:00,2.2402777777777776,76.35,0.11232876712328767
2025-12-05 21:00:00+00:00,2026-01-16 00:00:00+00:00,MSFT,MSFT260116C00415000,call,True,415.0,70.25,73.15,69.85,480.8399963378906,0.42438319763183596,0.03539610022899104,0.007070959208665306,6.0,1337,2025-12-05 18:28:32+00:00,2.5244444444444443,71.7,0.11232876712328767
2025-12-05 21:00:00+00:00,2026-01-16 00:00:00+00:00,MSFT,MSFT260116C00420000,call,True,420.0,66.25,67.5,63.5,480.8399963378906,0.3828797064208984,0.03539610022899104,0.007070959208665306,3.0,3444,2025-12-04 17:17:34+00:00,27.70722222222222,66.875,0.11232876712328767
2025-12-05 21:00:00+00:00,2026-01-16 00:00:00+00:00,MSFT,MSFT260116C00425000,call,True,425.0,61.65,62.55,60.4,480.8399963378906,0.36151761535644533,0.03539610022899104,0.007070959208665306,3.0,6933,2025-12-05 18:28:42+00:00,2.5216666666666665,62.099999999999994,0.11232876712328767
2025-12-05 21:00:00+00:00,2026-01-16 00:00:00+00:00,MSFT,MSFT260116C00430000,call,True,430.0,57.15,57.85,56.21,480.8399963378906,0.3465031170654296,0.03539610022899104,0.007070959208665306,4.0,3706,2025-12-05 20:30:20+00:00,0.49444444444444446,57.5,0.11232876712328767
2025-12-05 21:00:00+00:00,2026-01-16 00:00:00+00:00,MSFT,MSFT260116C00435000,call,True,435.0,52.35,53.2,51.2,480.8399963378906,0.3319158605957031,0.03539610022899104,0.007070959208665306,11.0,1638,2025-12-05 14:40:48+00:00,6.32,52.775000000000006,0.11232876712328767
2025-12-05 21:00:00+00:00,2026-01-16 00:00:00+00:00,MSFT,MSFT260116C00440000,call,True,440.0,47.8,48.65,46.81,480.8399963378906,0.31867136413574215,0.03539610022899104,0.007070959208665306,4.0,3366,2025-12-05 20:10:58+00:00,0.8172222222222222,48.224999999999994,0.11232876712328767
2025-12-05 21:00:00+00:00,2026-01-16 00:00:00+00:00,MSFT,MSFT260116C00445000,call,True,445.0,43.45,44.2,42.53,480.8399963378906,0.3062813513183594,0.03539610022899104,0.007070959208665306,825.0,2682,2025-12-05 19:50:02+00:00,1.166111111111111,43.825,0.11232876712328767
2025-12-05 21:00:00+00:00,2026-01-16 00:00:00+00:00,MSFT,MSFT260116C00450000,call,True,450.0,39.1,39.75,39.0,480.8399963378906,0.2923959921264647,0.03539610022899104,0.007070959208665306,367.0,15033,2025-12-05 20:53:50+00:00,0.10277777777777777,39.425,0.11232876712328767
2025-12-05 21:00:00+00:00,2026-01-16 00:00:00+00:00,MSFT,MSFT260116C00455000,call,True,455.0,34.9,35.7,34.0,480.8399963378906,0.28458357025146475,0.03539610022899104,0.007070959208665306,6.0,1562,2025-12-05 19:17:08+00:00,1.7144444444444444,35.3,0.11232876712328767
2025-12-05 21:00:00+00:00,2026-01-16 00:00:00+00:00,MSFT,MSFT260116C00460000,call,True,460.0,30.9,31.65,30.4,480.8399963378906,0.274421318359375,0.03539610022899104,0.007070959208665306,160.0,1708,2025-12-05 20:46:23+00:00,0.22694444444444445,31.275,0.11232876712328767
2025-12-05 21:00:00+00:00,2026-01-16 00:00:00+00:00,MSFT,MSFT260116C00465000,call,True,465.0,27.15,27.8,26.47,480.8399963378906,0.2652966537475586,0.03539610022899104,0.007070959208665306,40.0,1385,2025-12-05 20:34:29+00:00,0.42527777777777775,27.475,0.11232876712328767
2025-12-05 21:00:00+00:00,2026-01-16 00:00:00+00:00,MSFT,MSFT260116C00470000,call,True,470.0,23.65,23.95,23.73,480.8399963378906,0.25354750366210943,0.03539610022899104,0.007070959208665306,362.0,3171,2025-12-05 20:54:09+00:00,0.0975,23.799999999999997,0.11232876712328767
2025-12-05 21:00:00+00:00,2026-01-16 00:00:00+00:00,MSFT,MSFT260116C00475000,call,True,475.0,20.35,20.6,20.58,480.8399963378906,0.2468947381591797,0.03539610022899104,0.007070959208665306,338.0,3749,2025-12-05 20:59:21+00:00,0.010833333333333334,20.475,0.11232876712328767
2025-12-05 21:00:00+00:00,2026-01-16 00:00:00+00:00,MSFT,MSFT260116C00480000,call,True,480.0,17.3,17.55,17.53,480.8399963378906,0.24146266357421875,0.03539610022899104,0.007070959208665306,862.0,5663,2025-12-05 20:59:23+00:00,0.010277777777777778,17.425,0.11232876712328767
2025-12-05 21:00:00+00:00,2026-01-16 00:00:00+00:00,MSFT,MSFT260116C00485000,call,False,485.0,14.55,14.75,14.6,480.8399963378906,0.2361831753540039,0.03539610022899104,0.007070959208665306,1212.0,3416,2025-12-05 20:57:45+00:00,0.0375,14.65,0.11232876712328767
2025-12-05 21:00:00+00:00,2026-01-16 00:00:00+00:00,MSFT,MSFT260116C00490000,call,False,490.0,12.1,12.3,12.25,480.8399963378906,0.23236851623535154,0.03539610022899104,0.007070959208665306,493.0,11585,2025-12-05 20:59:13+00:00,0.013055555555555556,12.2,0.11232876712328767
2025-12-05 21:00:00+00:00,2026-01-16 00:00:00+00:00,MSFT,MSFT260116C00495000,call,False,495.0,9.95,10.15,10.1,480.8399963378906,0.22922523712158205,0.03539610022899104,0.007070959208665306,258.0,5508,2025-12-05 20:59:04+00:00,0.015555555555555555,10.05,0.11232876712328767
2025-12-05 21:00:00+00:00,2026-01-16 00:00:00+00:00,MSFT,MSFT260116C00500000,call,False,500.0,8.2,8.3,8.25,480.8399963378906,0.2268143725585937,0.03539610022899104,0.007070959208665306,2459.0,18503,2025-12-05 20:59:34+00:00,0.007222222222222222,8.25,0.11232876712328767
2025-12-05 21:00:00+00:00,2026-01-16 00:00:00+00:00,MSFT,MSFT260116C00505000,call,False,505.0,6.55,6.7,6.51,480.8399963378906,0.2245560943603515,0.03539610022899104,0.007070959208665306,310.0,4320,2025-12-05 20:56:24+00:00,0.06,6.625,0.11232876712328767
2025-12-05 21:00:00+00:00,2026-01-16 00:00:00+00:00,MSFT,MSFT260116C00510000,call,False,510.0,5.25,5.4,5.29,480.8399963378906,0.22357954162597654,0.03539610022899104,0.007070959208665306,593.0,14144,2025-12-05 20:57:35+00:00,0.04027777777777778,5.325,0.11232876712328767
2025-12-05 21:00:00+00:00,2026-01-16 00:00:00+00:00,MSFT,MSFT260116C00515000,call,False,515.0,4.15,4.3,4.29,480.8399963378906,0.2225419543457031,0.03539610022899104,0.007070959208665306,319.0,7195,2025-12-05 20:59:31+00:00,0.008055555555555555,4.225,0.11232876712328767
2025-12-05 21:00:00+00:00,2026-01-16 00:00:00+00:00,MSFT,MSFT260116C00520000,call,False,520.0,3.3,3.4,3.4,480.8399963378906,0.2219316088867187,0.03539610022899104,0.007070959208665306,995.0,35828,2025-12-05 20:59:52+00:00,0.0022222222222222222,3.3499999999999996,0.11232876712328767
2025-12-05 21:00:00+00:00,2026-01-16 00:00:00+00:00,MSFT,MSFT260116C00525000,call,False,525.0,2.64,2.71,2.7,480.8399963378906,0.22263350616455074,0.03539610022899104,0.007070959208665306,287.0,6766,2025-12-05 20:44:42+00:00,0.255,2.675,0.11232876712328767
2025-12-05 21:00:00+00:00,2026-01-16 00:00:00+00:00,MSFT,MSFT260116C00530000,call,False,530.0,2.1,2.15,2.13,480.8399963378906,0.2235185070800781,0.03539610022899104,0.007070959208665306,277.0,7075,2025-12-05 20:59:13+00:00,0.013055555555555556,2.125,0.11232876712328767
2025-12-05 21:00:00+00:00,2026-01-16 00:00:00+00:00,MSFT,MSFT260116C00535000,call,False,535.0,1.65,1.71,1.66,480.8399963378906,0.22486126708984372,0.03539610022899104,0.007070959208665306,99.0,3190,2025-12-05 20:58:44+00:00,0.021111111111111112,1.68,0.11232876712328767
2025-12-05 21:00:00+00:00,2026-01-16 00:00:00+00:00,MSFT,MSFT260116C00540000,call,False,540.0,1.31,1.36,1.33,480.8399963378906,0.22650919982910156,0.03539610022899104,0.007070959208665306,345.0,9383,2025-12-05 20:57:09+00:00,0.0475,1.335,0.11232876712328767
2025-12-05 21:00:00+00:00,2026-01-16 00:00:00+00:00,MSFT,MSFT260116C00545000,call,False,545.0,1.04,1.09,1.07,480.8399963378906,0.22864540893554688,0.03539610022899104,0.007070959208665306,382.0,22002,2025-12-05 20:50:40+00:00,0.15555555555555556,1.065,0.11232876712328767
2025-12-05 21:00:00+00:00,2026-01-16 00:00:00+00:00,MSFT,MSFT260116C00550000,call,False,550.0,0.83,0.86,0.85,480.8399963378906,0.23011023803710937,0.03539610022899104,0.007070959208665306,434.0,16997,2025-12-05 20:58:47+00:00,0.020277777777777777,0.845,0.11232876712328767
2025-12-05 21:00:00+00:00,2026-01-16 00:00:00+00:00,MSFT,MSFT260116C00555000,call,False,555.0,0.66,0.7,0.66,480.8399963378906,0.23316196533203126,0.03539610022899104,0.007070959208665306,70.0,3064,2025-12-05 20:41:21+00:00,0.31083333333333335,0.6799999999999999,0.11232876712328767
2025-12-05 21:00:00+00:00,2026-01-16 00:00:00+00:00,MSFT,MSFT260116C00560000,call,False,560.0,0.53,0.56,0.53,480.8399963378906,0.23535920898437498,0.03539610022899104,0.007070959208665306,83.0,7850,2025-12-05 20:57:09+00:00,0.0475,0.545,0.11232876712328767
2025-12-05 21:00:00+00:00,2026-01-16 00:00:00+00:00,MSFT,MSFT260116C00565000,call,False,565.0,0.41,0.5,0.43,480.8399963378906,0.24195093994140626,0.03539610022899104,0.007070959208665306,6.0,1758,2025-12-05 19:51:33+00:00,1.1408333333333334,0.45499999999999996,0.11232876712328767
2025-12-05 21:00:00+00:00,2026-01-16 00:00:00+00:00,MSFT,MSFT260116C00570000,call,False,570.0,0.33,0.37,0.35,480.8399963378906,0.24097438720703124,0.03539610022899104,0.007070959208665306,43.0,5876,2025-12-05 18:57:05+00:00,2.048611111111111,0.35,0.11232876712328767
2025-12-05 21:00:00+00:00,2026-01-16 00:00:00+00:00,MSFT,MSFT260116C00575000,call,False,575.0,0.27,0.28,0.27,480.8399963378906,0.241218525390625,0.03539610022899104,0.007070959208665306,83.0,6597,2025-12-05 20:09:05+00:00,0.8486111111111111,0.275,0.11232876712328767
2025-12-05 21:00:00+00:00,2026-01-16 00:00:00+00:00,MSFT,MSFT260116C00580000,call,False,580.0,0.22,0.25,0.24,480.8399963378906,0.247077841796875,0.03539610022899104,0.007070959208665306,81.0,7739,2025-12-05 18:56:40+00:00,2.0555555555555554,0.235,0.11232876712328767
2025-12-05 21:00:00+00:00,2026-01-16 00:00:00+00:00,MSFT,MSFT260116C00585000,call,False,585.0,0.18,0.21,0.19,480.8399963378906,0.2507399145507812,0.03539610022899104,0.007070959208665306,13.0,1717,2025-12-05 16:27:11+00:00,4.546944444444445,0.195,0.11232876712328767
2025-12-05 21:00:00+00:00,2026-01-16 00:00:00+00:00,MSFT,MSFT260116C00590000,call,False,590.0,0.14,0.18,0.15,480.8399963378906,0.25489026367187506,0.03539610022899104,0.007070959208665306,23.0,3876,2025-12-05 20:57:23+00:00,0.043611111111111114,0.16,0.11232876712328767
2025-12-05 21:00:00+00:00,2026-01-16 00:00:00+00:00,MSFT,MSFT260116C00595000,call,False,595.0,0.12,0.15,0.13,480.8399963378906,0.25830819824218754,0.03539610022899104,0.007070959208665306,1.0,1493,2025-12-05 17:18:40+00:00,3.688888888888889,0.135,0.11232876712328767
2025-12-05 21:00:00+00:00,2026-01-16 00:00:00+00:00,MSFT,MSFT260116C00600000,call,False,600.0,0.1,0.11,0.1,480.8399963378906,0.2573316455078125,0.03539610022899104,0.007070959208665306,314.0,15161,2025-12-05 20:25:59+00:00,0.5669444444444445,0.10500000000000001,0.11232876712328767
2025-12-05 21:00:00+00:00,2026-01-16 00:00:00+00:00,MSFT,MSFT260116C00605000,call,False,605.0,0.08,0.11,0.09,480.8399963378906,0.26563234375,0.03539610022899104,0.007070959208665306,80.0,2057,2025-12-05 20:57:23+00:00,0.043611111111111114,0.095,0.11232876712328767
2025-12-05 21:00:00+00:00,2026-01-16 00:00:00+00:00,MSFT,MSFT260116C00610000,call,False,610.0,0.06,0.08,0.07,480.8399963378906,0.264655791015625,0.03539610022899104,0.007070959208665306,5.0,2019,2025-12-05 15:25:23+00:00,5.576944444444444,0.07,0.11232876712328767
2025-12-05 21:00:00+00:00,2026-01-16 00:00:00+00:00,MSFT,MSFT260116C00615000,call,False,615.0,0.05,0.08,0.07,480.8399963378906,0.27246821289062495,0.03539610022899104,0.007070959208665306,3.0,817,2025-12-05 14:30:01+00:00,6.499722222222222,0.065,0.11232876712328767
2025-12-05 21:00:00+00:00,2026-01-16 00:00:00+00:00,MSFT,MSFT260116C00620000,call,False,620.0,0.05,0.07,0.06,480.8399963378906,0.27637442382812494,0.03539610022899104,0.007070959208665306,11.0,1814,2025-12-04 20:33:28+00:00,24.442222222222224,0.060000000000000005,0.11232876712328767
2025-12-05 21:00:00+00:00,2026-01-16 00:00:00+00:00,MSFT,MSFT260116C00625000,call,False,625.0,0.03,0.07,0.05,480.8399963378906,0.2841868457031249,0.03539610022899104,0.007070959208665306,5.0,757,2025-12-04 20:17:19+00:00,24.711388888888887,0.05,0.11232876712328767
2025-12-05 21:00:00+00:00,2026-01-16 00:00:00+00:00,MSFT,MSFT260116C00630000,call,False,630.0,0.02,0.06,0.04,480.8399963378906,0.2880930566406249,0.03539610022899104,0.007070959208665306,4.0,2062,2025-12-05 15:23:47+00:00,5.603611111111111,0.04,0.11232876712328767
2025-12-05 21:00:00+00:00,2026-01-16 00:00:00+00:00,MSFT,MSFT260116C00635000,call,False,635.0,0.0,0.14,0.04,480.8399963378906,0.3237372314453124,0.03539610022899104,0.007070959208665306,10.0,1119,2025-12-05 15:22:25+00:00,5.626388888888889,0.07,0.11232876712328767
2025-12-05 21:00:00+00:00,2026-01-16 00:00:00+00:00,MSFT,MSFT260116C00640000,call,False,640.0,0.01,0.05,0.05,480.8399963378906,0.29688203124999996,0.03539610022899104,0.007070959208665306,31.0,1506,2025-12-01 20:56:13+00:00,96.06305555555555,0.030000000000000002,0.11232876712328767
2025-12-05 21:00:00+00:00,2026-01-16 00:00:00+00:00,MSFT,MSFT260116C00645000,call,False,645.0,0.02,0.04,0.04,480.8399963378906,0.2978585839843749,0.03539610022899104,0.007070959208665306,2.0,431,2025-12-05 18:20:52+00:00,2.652222222222222,0.03,0.11232876712328767
2025-12-05 21:00:00+00:00,2026-01-16 00:00:00+00:00,MSFT,MSFT260116C00650000,call,False,650.0,0.0,0.24,0.03,480.8399963378906,0.3711000390625,0.03539610022899104,0.007070959208665306,1.0,3560,2025-12-05 14:30:00+00:00,6.5,0.12,0.11232876712328767
2025-12-05 21:00:00+00:00,2026-01-16 00:00:00+00:00,MSFT,MSFT260116C00655000,call,False,655.0,0.0,0.24,0.03,480.8399963378906,0.3794007373046875,0.03539610022899104,0.007070959208665306,1.0,92,2025-12-04 15:37:25+00:00,29.37638888888889,0.12,0.11232876712328767
2025-12-05 21:00:00+00:00,2026-01-16 00:00:00+00:00,MSFT,MSFT260116C00660000,call,False,660.0,0.0,0.03,0.03,480.8399963378906,0.31055376953124997,0.03539610022899104,0.007070959208665306,5.0,4242,2025-12-03 17:10:02+00:00,51.83277777777778,0.015,0.11232876712328767
2025-12-05 21:00:00+00:00,2026-01-16 00:00:00+00:00,MSFT,MSFT260116C00665000,call,False,665.0,0.02,0.07,0.03,480.8399963378906,0.3437565625,0.03539610022899104,0.007070959208665306,1.0,258,2025-12-04 20:50:00+00:00,24.166666666666668,0.045000000000000005,0.11232876712328767
2025-12-05 21:00:00+00:00,2026-01-16 00:00:00+00:00,MSFT,MSFT260116C00670000,call,False,670.0,0.01,0.03,0.04,480.8399963378906,0.3242255078124999,0.03539610022899104,0.007070959208665306,40.0,437,2025-12-01 18:19:31+00:00,98.67472222222223,0.02,0.11232876712328767
2025-12-05 21:00:00+00:00,2026-01-16 00:00:00+00:00,MSFT,MSFT260116C00675000,call,False,675.0,0.0,0.03,0.03,480.8399963378906,0.33008482421874996,0.03539610022899104,0.007070959208665306,34.0,715,2025-11-26 19:27:32+00:00,217.54111111111112,0.015,0.11232876712328767
2025-12-05 21:00:00+00:00,2026-01-16 00:00:00+00:00,MSFT,MSFT260116C00680000,call,False,680.0,0.01,0.03,0.02,480.8399963378906,0.33789724609375,0.03539610022899104,0.007070959208665306,2.0,1090,2025-12-05 20:56:19+00:00,0.06138888888888889,0.02,0.11232876712328767
2025-12-05 21:00:00+00:00,2026-01-16 00:00:00+00:00,MSFT,MSFT260116C00685000,call,False,685.0,0.01,0.03,0.03,480.8399963378906,0.3437565625,0.03539610022899104,0.007070959208665306,10.0,363,2025-11-26 18:32:56+00:00,218.45111111111112,0.02,0.11232876712328767
2025-12-05 21:00:00+00:00,2026-01-16 00:00:00+00:00,MSFT,MSFT260116C00690000,call,False,690.0,0.0,0.02,0.01,480.8399963378906,0.33789724609375,0.03539610022899104,0.007070959208665306,2.0,560,2025-12-04 14:51:51+00:00,30.135833333333334,0.01,0.11232876712328767
2025-12-05 21:00:00+00:00,2026-01-16 00:00:00+00:00,MSFT,MSFT260116C00695000,call,False,695.0,0.0,0.03,0.01,480.8399963378906,0.35742830078125,0.03539610022899104,0.007070959208665306,2.0,586,2025-12-03 15:16:17+00:00,53.728611111111114,0.015,0.11232876712328767
2025-12-05 21:00:00+00:00,2026-01-16 00:00:00+00:00,MSFT,MSFT260116C00700000,call,False,700.0,0.01,0.02,0.02,480.8399963378906,0.35156898437499995,0.03539610022899104,0.007070959208665306,130.0,25488,2025-12-05 20:43:37+00:00,0.27305555555555555,0.015,0.11232876712328767
2025-12-05 21:00:00+00:00,2026-01-16 00:00:00+00:00,MSFT,MSFT260116P00160000,put,False,160.0,0.0,0.01,0.02,480.8399963378906,0.9062509375,0.03539610022899104,0.007070959208665306,1.0,1289,2025-12-02 19:51:00+00:00,73.15,0.005,0.11232876712328767
2025-12-05 21:00:00+00:00,2026-01-16 00:00:00+00:00,MSFT,MSFT260116P00165000,put,False,165.0,0.0,0.03,0.02,480.8399963378906,0.9687503125,0.03539610022899104,0.007070959208665306,3.0,350,2025-11-24 18:44:10+00:00,266.2638888888889,0.015,0.11232876712328767
2025-12-05 21:00:00+00:00,2026-01-16 00:00:00+00:00,MSFT,MSFT260116P00170000,put,False,170.0,0.0,0.23,0.02,480.8399963378906,1.126957490234375,0.03539610022899104,0.007070959208665306,1.0,420,2025-10-29 14:54:03+00:00,894.0991666666666,0.115,0.11232876712328767
2025-12-05 21:00:00+00:00,2026-01-16 00:00:00+00:00,MSFT,MSFT260116P00175000,put,False,175.0,0.0,0.52,0.02,480.8399963378906,1.19922275390625,0.03539610022899104,0.007070959208665306,1.0,278,2025-11-19 18:50:56+00:00,386.1511111111111,0.26,0.11232876712328767
2025-12-05 21:00:00+00:00,2026-01-16 00:00:00+00:00,MSFT,MSFT260116P00180000,put,False,180.0,0.0,0.52,0.02,480.8399963378906,1.1669963525390625,0.03539610022899104,0.007070959208665306,1.0,436,2025-11-26 18:02:45+00:00,218.95416666666668,0.26,0.11232876712328767
2025-12-05 21:00:00+00:00,2026-01-16 00:00:00+00:00,MSFT,MSFT260116P00185000,put,False,185.0,0.0,0.52,0.02,480.8399963378906,1.1367230664062502,0.03539610022899104,0.007070959208665306,1.0,306,2025-11-14 17:04:57+00:00,507.9175,0.26,0.11232876712328767
2025-12-05 21:00:00+00:00,2026-01-16 00:00:00+00:00,MSFT,MSFT260116P00190000,put,False,190.0,0.0,0.25,0.02,480.8399963378906,1.021489267578125,0.03539610022899104,0.007070959208665306,1.0,438,2025-11-19 17:02:07+00:00,387.96472222222224,0.125,0.11232876712328767
2025-12-05 21:00:00+00:00,2026-01-16 00:00:00+00:00,MSFT,MSFT260116P00195000,put,False,195.0,0.0,0.08,0.05,480.8399963378906,0.8906260937499999,0.03539610022899104,0.007070959208665306,1.0,949,2025-11-21 17:33:02+00:00,339.44944444444445,0.04,0.11232876712328767
2025-12-05 21:00:00+00:00,2026-01-16 00:00:00+00:00,MSFT,MSFT260116P00200000,put,False,200.0,0.0,0.07,0.01,480.8399963378906,0.85937640625,0.03539610022899104,0.007070959208665306,2.0,1843,2025-12-05 14:40:26+00:00,6.3261111111111115,0.035,0.11232876712328767
2025-12-05 21:00:00+00:00,2026-01-16 00:00:00+00:00,MSFT,MSFT260116P00205000,put,False,205.0,0.0,0.05,0.03,480.8399963378906,0.8125018749999999,0.03539610022899104,0.007070959208665306,1.0,406,2025-11-20 20:15:56+00:00,360.7344444444444,0.025,0.11232876712328767
2025-12-05 21:00:00+00:00,2026-01-16 00:00:00+00:00,MSFT,MSFT260116P00210000,put,False,210.0,0.0,0.62,0.11,480.8399963378906,1.0166064794921876,0.03539610022899104,0.007070959208665306,1.0,453,2025-12-03 14:30:21+00:00,54.494166666666665,0.31,0.11232876712328767
2025-12-05 21:00:00+00:00,2026-01-16 00:00:00+00:00,MSFT,MSFT260116P00215000,put,False,215.0,0.0,0.02,0.02,480.8399963378906,0.7187528125,0.03539610022899104,0.007070959208665306,2.0,278,2025-12-01 18:00:08+00:00,98.99777777777778,0.01,0.11232876712328767
2025-12-05 21:00:00+00:00,2026-01-16 00:00:00+00:00,MSFT,MSFT260116P00220000,put,False,220.0,0.0,0.05,0.03,480.8399963378906,0.7460962890625,0.03539610022899104,0.007070959208665306,1.0,253,2025-11-25 17:19:55+00:00,243.66805555555555,0.025,0.11232876712328767
2025-12-05 21:00:00+00:00,2026-01-16 00:00:00+00:00,MSFT,MSFT260116P00225000,put,False,225.0,0.0,0.13,0.02,480.8399963378906,0.7929708203125,0.03539610022899104,0.007070959208665306,20.0,633,2025-11-26 16:56:09+00:00,220.06416666666667,0.065,0.11232876712328767
2025-12-05 21:00:00+00:00,2026-01-16 00:00:00+00:00,MSFT,MSFT260116P00230000,put,False,230.0,0.0,0.11,0.05,480.8399963378906,0.7578149218750001,0.03539610022899104,0.007070959208665306,1.0,1230,2025-11-24 18:53:40+00:00,266.10555555555555,0.055,0.11232876712328767
2025-12-05 21:00:00+00:00,2026-01-16 00:00:00+00:00,MSFT,MSFT260116P00235000,put,False,235.0,0.0,0.08,0.03,480.8399963378906,0.7148466015625,0.03539610022899104,0.007070959208665306,3.0,650,2025-12-03 17:49:45+00:00,51.170833333333334,0.04,0.11232876712328767
2025-12-05 21:00:00+00:00,2026-01-16 00:00:00+00:00,MSFT,MSFT260116P00240000,put,False,240.0,0.0,0.15,0.04,480.8399963378906,0.7382838671874999,0.03539610022899104,0.007070959208665306,2.0,1968,2025-12-02 15:43:37+00:00,77.27305555555556,0.075,0.11232876712328767
2025-12-05 21:00:00+00:00,2026-01-16 00:00:00+00:00,MSFT,MSFT260116P00245000,put,False,245.0,0.0,0.23,0.04,480.8399963378906,0.7509790527343749,0.03539610022899104,0.007070959208665306,4.0,781,2025-12-02 18:56:10+00:00,74.06388888888888,0.115,0.11232876712328767
2025-12-05 21:00:00+00:00,2026-01-16 00:00:00+00:00,MSFT,MSFT260116P00250000,put,False,250.0,0.0,0.2,0.05,480.8399963378906,0.7187528125,0.03539610022899104,0.007070959208665306,1.0,1136,2025-12-03 14:42:59+00:00,54.283611111111114,0.1,0.11232876712328767
2025-12-05 21:00:00+00:00,2026-01-16 00:00:00+00:00,MSFT,MSFT260116P00255000,put,False,255.0,0.0,0.24,0.04,480.8399963378906,0.7128934960937501,0.03539610022899104,0.007070959208665306,3.0,750,2025-12-02 18:56:10+00:00,74.06388888888888,0.12,0.11232876712328767
2025-12-05 21:00:00+00:00,2026-01-16 00:00:00+00:00,MSFT,MSFT260116P00260000,put,False,260.0,0.0,0.12,0.03,480.8399963378906,0.6445348046875,0.03539610022899104,0.007070959208665306,2.0,2306,2025-12-05 20:33:18+00:00,0.445,0.06,0.11232876712328767
2025-12-05 21:00:00+00:00,2026-01-16 00:00:00+00:00,MSFT,MSFT260116P00265000,put,False,265.0,0.0,0.12,0.04,480.8399963378906,0.6269568554687501,0.03539610022899104,0.007070959208665306,1.0,1922,2025-12-04 18:13:33+00:00,26.774166666666666,0.06,0.11232876712328767
2025-12-05 21:00:00+00:00,2026-01-16 00:00:00+00:00,MSFT,MSFT260116P00270000,put,False,270.0,0.0,0.54,0.04,480.8399963378906,0.717776259765625,0.03539610022899104,0.007070959208665306,25.0,3069,2025-12-05 19:29:15+00:00,1.5125,0.27,0.11232876712328767
2025-12-05 21:00:00+00:00,2026-01-16 00:00:00+00:00,MSFT,MSFT260116P00275000,put,False,275.0,0.02,0.12,0.04,480.8399963378906,0.5996133789062501,0.03539610022899104,0.007070959208665306,15.0,1236,2025-12-05 19:21:17+00:00,1.6452777777777778,0.06999999999999999,0.11232876712328767
2025-12-05 21:00:00+00:00,2026-01-16 00:00:00+00:00,MSFT,MSFT260116P00280000,put,False,280.0,0.0,0.26,0.1,480.8399963378906,0.6210975390625001,0.03539610022899104,0.007070959208665306,8.0,763,2025-12-03 14:39:37+00:00,54.33972222222222,0.13,0.11232876712328767
2025-12-05 21:00:00+00:00,2026-01-16 00:00:00+00:00,MSFT,MSFT260116P00285000,put,False,285.0,0.0,0.26,0.05,480.8399963378906,0.6025430371093752,0.03539610022899104,0.007070959208665306,10.0,1214,2025-12-04 17:55:12+00:00,27.08,0.13,0.11232876712328767
2025-12-05 21:00:00+00:00,2026-01-16 00:00:00+00:00,MSFT,MSFT260116P00290000,put,False,290.0,0.0,0.27,0.25,480.8399963378906,0.586918193359375,0.03539610022899104,0.007070959208665306,2.0,1740,2025-12-03 14:30:28+00:00,54.492222222222225,0.135,0.11232876712328767
2025-12-05 21:00:00+00:00,2026-01-16 00:00:00+00:00,MSFT,MSFT260116P00295000,put,False,295.0,0.01,0.27,0.27,480.8399963378906,0.5712933496093751,0.03539610022899104,0.007070959208665306,2.0,596,2025-12-03 14:30:28+00:00,54.492222222222225,0.14,0.11232876712328767
2025-12-05 21:00:00+00:00,2026-01-16 00:00:00+00:00,MSFT,MSFT260116P00300000,put,False,300.0,0.04,0.16,0.07,480.8399963378906,0.53320779296875,0.03539610022899104,0.007070959208665306,11.0,3374,2025-12-05 18:07:23+00:00,2.8769444444444443,0.1,0.11232876712328767
2025-12-05 21:00:00+00:00,2026-01-16 00:00:00+00:00,MSFT,MSFT260116P00305000,put,False,305.0,0.01,0.29,0.1,480.8399963378906,0.5400436621093752,0.03539610022899104,0.007070959208665306,36.0,519,2025-12-04 14:43:49+00:00,30.26972222222222,0.15,0.11232876712328767
2025-12-05 21:00:00+00:00,2026-01-16 00:00:00+00:00,MSFT,MSFT260116P00310000,put,False,310.0,0.06,0.29,0.1,480.8399963378906,0.532231240234375,0.03539610022899104,0.007070959208665306,5.0,1860,2025-12-05 17:13:09+00:00,3.7808333333333333,0.175,0.11232876712328767
2025-12-05 21:00:00+00:00,2026-01-16 00:00:00+00:00,MSFT,MSFT260116P00315000,put,False,315.0,0.07,0.17,0.1,480.8399963378906,0.5127001855468749,0.03539610022899104,0.007070959208665306,1.0,3402,2025-12-05 18:54:25+00:00,2.0930555555555554,0.12000000000000001,0.11232876712328767
2025-12-05 21:00:00+00:00,2026-01-16 00:00:00+00:00,MSFT,MSFT260116P00320000,put,False,320.0,0.08,0.14,0.14,480.8399963378906,0.48438015625,0.03539610022899104,0.007070959208665306,2.0,4597,2025-12-04 15:12:38+00:00,29.789444444444445,0.11000000000000001,0.11232876712328767
2025-12-05 21:00:00+00:00,2026-01-16 00:00:00+00:00,MSFT,MSFT260116P00325000,put,False,325.0,0.09,0.32,0.61,480.8399963378906,0.5190477783203125,0.03539610022899104,0.007070959208665306,2.0,1932,2025-12-03 14:30:15+00:00,54.49583333333333,0.20500000000000002,0.11232876712328767
2025-12-05 21:00:00+00:00,2026-01-16 00:00:00+00:00,MSFT,MSFT260116P00330000,put,False,330.0,0.1,0.13,0.13,480.8399963378906,0.44775942871093743,0.03539610022899104,0.007070959208665306,2.0,2009,2025-12-05 16:45:48+00:00,4.236666666666666,0.115,0.11232876712328767
2025-12-05 21:00:00+00:00,2026-01-16 00:00:00+00:00,MSFT,MSFT260116P00335000,put,False,335.0,0.11,0.14,0.13,480.8399963378906,0.43555251953125,0.03539610022899104,0.007070959208665306,20.0,831,2025-12-05 16:58:12+00:00,4.03,0.125,0.11232876712328767
2025-12-05 21:00:00+00:00,2026-01-16 00:00:00+00:00,MSFT,MSFT260116P00340000,put,False,340.0,0.12,0.16,0.19,480.8399963378906,0.42627526855468756,0.03539610022899104,0.007070959208665306,11.0,2606,2025-12-04 18:37:22+00:00,26.377222222222223,0.14,0.11232876712328767
2025-12-05 21:00:00+00:00,2026-01-16 00:00:00+00:00,MSFT,MSFT260116P00345000,put,False,345.0,0.14,0.17,0.22,480.8399963378906,0.41309180664062495,0.03539610022899104,0.007070959208665306,48.0,2599,2025-12-04 18:39:26+00:00,26.342777777777776,0.15500000000000003,0.11232876712328767
2025-12-05 21:00:00+00:00,2026-01-16 00:00:00+00:00,MSFT,MSFT260116P00350000,put,False,350.0,0.15,0.19,0.24,480.8399963378906,0.40332627929687503,0.03539610022899104,0.007070959208665306,12.0,16137,2025-12-04 18:38:17+00:00,26.361944444444443,0.16999999999999998,0.11232876712328767
2025-12-05 21:00:00+00:00,2026-01-16 00:00:00+00:00,MSFT,MSFT260116P00355000,put,False,355.0,0.17,0.21,0.26,480.8399963378906,0.3920959228515625,0.03539610022899104,0.007070959208665306,7.0,2757,2025-12-04 18:36:51+00:00,26.385833333333334,0.19,0.11232876712328767
2025-12-05 21:00:00+00:00,2026-01-16 00:00:00+00:00,MSFT,MSFT260116P00360000,put,False,360.0,0.19,0.23,0.23,480.8399963378906,0.38086556640624997,0.03539610022899104,0.007070959208665306,3.0,8019,2025-12-05 18:50:31+00:00,2.1580555555555554,0.21000000000000002,0.11232876712328767
2025-12-05 21:00:00+00:00,2026-01-16 00:00:00+00:00,MSFT,MSFT260116P00365000,put,False,365.0,0.21,0.46,0.33,480.8399963378906,0.40332627929687503,0.03539610022899104,0.007070959208665306,4.0,1976,2025-12-04 18:35:21+00:00,26.410833333333333,0.335,0.11232876712328767
2025-12-05 21:00:00+00:00,2026-01-16 00:00:00+00:00,MSFT,MSFT260116P00370000,put,False,370.0,0.24,0.49,0.27,480.8399963378906,0.39014281738281253,0.03539610022899104,0.007070959208665306,5.0,3651,2025-12-05 20:28:58+00:00,0.5172222222222222,0.365,0.11232876712328767
2025-12-05 21:00:00+00:00,2026-01-16 00:00:00+00:00,MSFT,MSFT260116P00375000,put,False,375.0,0.28,0.32,0.3,480.8399963378906,0.34961587890624996,0.03539610022899104,0.007070959208665306,28.0,3028,2025-12-05 17:09:49+00:00,3.836388888888889,0.30000000000000004,0.11232876712328767
2025-12-05 21:00:00+00:00,2026-01-16 00:00:00+00:00,MSFT,MSFT260116P00380000,put,False,380.0,0.34,0.37,0.37,480.8399963378906,0.34107104248046877,0.03539610022899104,0.007070959208665306,2.0,5360,2025-12-04 20:09:52+00:00,24.835555555555555,0.355,0.11232876712328767
2025-12-05 21:00:00+00:00,2026-01-16 00:00:00+00:00,MSFT,MSFT260116P00385000,put,False,385.0,0.38,0.42,0.42,480.8399963378906,0.3315496533203125,0.03539610022899104,0.007070959208665306,27.0,2585,2025-12-05 19:45:45+00:00,1.2375,0.4,0.11232876712328767
2025-12-05 21:00:00+00:00,2026-01-16 00:00:00+00:00,MSFT,MSFT260116P00390000,put,False,390.0,0.44,0.51,0.48,480.8399963378906,0.32532412963867186,0.03539610022899104,0.007070959208665306,41.0,3555,2025-12-05 19:30:58+00:00,1.4838888888888888,0.475,0.11232876712328767
2025-12-05 21:00:00+00:00,2026-01-16 00:00:00+00:00,MSFT,MSFT260116P00395000,put,False,395.0,0.51,0.55,0.62,480.8399963378906,0.3127510131835937,0.03539610022899104,0.007070959208665306,4.0,2325,2025-12-05 16:28:11+00:00,4.530277777777778,0.53,0.11232876712328767
2025-12-05 21:00:00+00:00,2026-01-16 00:00:00+00:00,MSFT,MSFT260116P00400000,put,False,400.0,0.6,0.64,0.62,480.8399963378906,0.3042061767578125,0.03539610022899104,0.007070959208665306,155.0,7280,2025-12-05 20:48:09+00:00,0.1975,0.62,0.11232876712328767
2025-12-05 21:00:00+00:00,2026-01-16 00:00:00+00:00,MSFT,MSFT260116P00405000,put,False,405.0,0.71,0.75,0.77,480.8399963378906,0.2960275476074219,0.03539610022899104,0.007070959208665306,23.0,1677,2025-12-05 19:51:04+00:00,1.1488888888888888,0.73,0.11232876712328767
2025-12-05 21:00:00+00:00,2026-01-16 00:00:00+00:00,MSFT,MSFT260116P00410000,put,False,410.0,0.84,0.88,0.9,480.8399963378906,0.28784891845703114,0.03539610022899104,0.007070959208665306,160.0,2520,2025-12-05 19:32:49+00:00,1.4530555555555555,0.86,0.11232876712328767
2025-12-05 21:00:00+00:00,2026-01-16 00:00:00+00:00,MSFT,MSFT260116P00415000,put,False,415.0,0.99,1.04,1.03,480.8399963378906,0.2799144274902343,0.03539610022899104,0.007070959208665306,237.0,2946,2025-12-05 20:44:09+00:00,0.26416666666666666,1.0150000000000001,0.11232876712328767
2025-12-05 21:00:00+00:00,2026-01-16 00:00:00+00:00,MSFT,MSFT260116P00420000,put,False,420.0,1.18,1.23,1.23,480.8399963378906,0.27197993652343744,0.03539610022899104,0.007070959208665306,64.0,6991,2025-12-05 20:54:18+00:00,0.095,1.205,0.11232876712328767
2025-12-05 21:00:00+00:00,2026-01-16 00:00:00+00:00,MSFT,MSFT260116P00425000,put,False,425.0,1.42,1.47,1.44,480.8399963378906,0.26471682556152343,0.03539610022899104,0.007070959208665306,48.0,6970,2025-12-05 20:42:44+00:00,0.2877777777777778,1.4449999999999998,0.11232876712328767
2025-12-05 21:00:00+00:00,2026-01-16 00:00:00+00:00,MSFT,MSFT260116P00430000,put,False,430.0,1.71,1.77,1.76,480.8399963378906,0.2578809564208985,0.03539610022899104,0.007070959208665306,234.0,5349,2025-12-05 20:54:18+00:00,0.095,1.74,0.11232876712328767
2025-12-05 21:00:00+00:00,2026-01-16 00:00:00+00:00,MSFT,MSFT260116P00435000,put,False,435.0,2.07,2.13,2.13,480.8399963378906,0.25098405273437496,0.03539610022899104,0.007070959208665306,644.0,3918,2025-12-05 20:33:40+00:00,0.4388888888888889,2.0999999999999996,0.11232876712328767
2025-12-05 21:00:00+00:00,2026-01-16 00:00:00+00:00,MSFT,MSFT260116P00440000,put,False,440.0,2.35,2.56,2.51,480.8399963378906,0.24408714904785156,0.03539610022899104,0.007070959208665306,225.0,4980,2025-12-05 20:59:08+00:00,0.014444444444444444,2.455,0.11232876712328767
2025-12-05 21:00:00+00:00,2026-01-16 00:00:00+00:00,MSFT,MSFT260116P00445000,put,False,445.0,3.0,3.1,3.06,480.8399963378906,0.237739556274414,0.03539610022899104,0.007070959208665306,1128.0,4545,2025-12-05 20:59:08+00:00,0.014444444444444444,3.05,0.11232876712328767
2025-12-05 21:00:00+00:00,2026-01-16 00:00:00+00:00,MSFT,MSFT260116P00450000,put,False,450.0,3.65,3.8,3.9,480.8399963378906,0.23258213714599607,0.03539610022899104,0.007070959208665306,483.0,19016,2025-12-05 20:51:25+00:00,0.14305555555555555,3.7249999999999996,0.11232876712328767
2025-12-05 21:00:00+00:00,2026-01-16 00:00:00+00:00,MSFT,MSFT260116P00455000,put,False,455.0,4.45,4.6,4.7,480.8399963378906,0.22660075164794918,0.03539610022899104,0.007070959208665306,112.0,5730,2025-12-05 20:48:29+00:00,0.19194444444444445,4.525,0.11232876712328767
2025-12-05 21:00:00+00:00,2026-01-16 00:00:00+00:00,MSFT,MSFT260116P00460000,put,False,460.0,5.45,5.6,5.66,480.8399963378906,0.22147384979248047,0.03539610022899104,0.007070959208665306,828.0,7583,2025-12-05 20:46:32+00:00,0.22444444444444445,5.525,0.11232876712328767
2025-12-05 21:00:00+00:00,2026-01-16 00:00:00+00:00,MSFT,MSFT260116P00465000,put,False,465.0,6.6,6.75,6.81,480.8399963378906,0.2157060852050781,0.03539610022899104,0.007070959208665306,313.0,5072,2025-12-05 20:40:43+00:00,0.3213888888888889,6.675,0.11232876712328767
2025-12-05 21:00:00+00:00,2026-01-16 00:00:00+00:00,MSFT,MSFT260116P00470000,put,False,470.0,8.0,8.2,8.3,480.8399963378906,0.21143366699218746,0.03539610022899104,0.007070959208665306,1263.0,10476,2025-12-05 20:45:26+00:00,0.2427777777777778,8.1,0.11232876712328767
2025-12-05 21:00:00+00:00,2026-01-16 00:00:00+00:00,MSFT,MSFT260116P00475000,put,False,475.0,9.7,9.85,10.1,480.8399963378906,0.206489868774414,0.03539610022899104,0.007070959208665306,195.0,8259,2025-12-05 20:49:23+00:00,0.17694444444444443,9.774999999999999,0.11232876712328767
2025-12-05 21:00:00+00:00,2026-01-16 00:00:00+00:00,MSFT,MSFT260116P00480000,put,False,480.0,11.65,11.85,11.7,480.8399963378906,0.202858313293457,0.03539610022899104,0.007070959208665306,339.0,8877,2025-12-05 20:41:23+00:00,0.31027777777777776,11.75,0.11232876712328767
2025-12-05 21:00:00+00:00,2026-01-16 00:00:00+00:00,MSFT,MSFT260116P00485000,put,True,485.0,13.9,14.1,14.65,480.8399963378906,0.1986164123535156,0.03539610022899104,0.007070959208665306,1304.0,3839,2025-12-05 20:49:23+00:00,0.17694444444444443,14.0,0.11232876712328767
2025-12-05 21:00:00+00:00,2026-01-16 00:00:00+00:00,MSFT,MSFT260116P00490000,put,True,490.0,16.45,16.7,16.93,480.8399963378906,0.1951374432373047,0.03539610022899104,0.007070959208665306,127.0,6147,2025-12-05 20:34:56+00:00,0.4177777777777778,16.575,0.11232876712328767
2025-12-05 21:00:00+00:00,2026-01-16 00:00:00+00:00,MSFT,MSFT260116P00495000,put,True,495.0,19.35,19.6,19.65,480.8399963378906,0.1915364050292969,0.03539610022899104,0.007070959208665306,381.0,7668,2025-12-05 20:44:54+00:00,0.25166666666666665,19.475,0.11232876712328767
2025-12-05 21:00:00+00:00,2026-01-16 00:00:00+00:00,MSFT,MSFT260116P00500000,put,True,500.0,22.55,22.85,23.43,480.8399963378906,0.1886677813720703,0.03539610022899104,0.007070959208665306,87.0,5934,2025-12-05 20:18:49+00:00,0.6863888888888889,22.700000000000003,0.11232876712328767
2025-12-05 21:00:00+00:00,2026-01-16 00:00:00+00:00,MSFT,MSFT260116P00505000,put,True,505.0,26.05,26.4,26.83,480.8399963378906,0.1860432958984375,0.03539610022899104,0.007070959208665306,48.0,2868,2025-12-05 20:18:49+00:00,0.6863888888888889,26.225,0.11232876712328767
2025-12-05 21:00:00+00:00,2026-01-16 00:00:00+00:00,MSFT,MSFT260116P00510000,put,True,510.0,29.5,30.25,30.17,480.8399963378906,0.18412070770263672,0.03539610022899104,0.007070959208665306,49.0,4297,2025-12-05 20:56:30+00:00,0.058333333333333334,29.875,0.11232876712328767
2025-12-05 21:00:00+00:00,2026-01-16 00:00:00+00:00,MSFT,MSFT260116P00515000,put,True,515.0,33.5,34.35,33.97,480.8399963378906,0.18262536132812499,0.03539610022899104,0.007070959208665306,46.0,2978,2025-12-05 20:59:30+00:00,0.008333333333333333,33.925,0.11232876712328767
2025-12-05 21:00:00+00:00,2026-01-16 00:00:00+00:00,MSFT,MSFT260116P00520000,put,True,520.0,37.8,38.65,39.0,480.8399963378906,0.18116053222656248,0.03539610022899104,0.007070959208665306,25.0,3514,2025-12-05 20:35:02+00:00,0.4161111111111111,38.224999999999994,0.11232876712328767
2025-12-05 21:00:00+00:00,2026-01-16 00:00:00+00:00,MSFT,MSFT260116P00525000,put,True,525.0,42.2,43.1,46.0,480.8399963378906,0.17920742675781248,0.03539610022899104,0.007070959208665306,5.0,2001,2025-12-05 17:01:34+00:00,3.973888888888889,42.650000000000006,0.11232876712328767
2025-12-05 21:00:00+00:00,2026-01-16 00:00:00+00:00,MSFT,MSFT260116P00530000,put,True,530.0,46.8,47.75,48.83,480.8399963378906,0.17981777221679687,0.03539610022899104,0.007070959208665306,20.0,1005,2025-12-05 18:54:48+00:00,2.0866666666666664,47.275,0.11232876712328767
2025-12-05 21:00:00+00:00,2026-01-16 00:00:00+00:00,MSFT,MSFT260116P00535000,put,True,535.0,50.95,53.6,53.0,480.8399963378906,0.2268143725585937,0.03539610022899104,0.007070959208665306,3.0,1506,2025-12-03 15:39:36+00:00,53.34,52.275000000000006,0.11232876712328767
2025-12-05 21:00:00+00:00,2026-01-16 00:00:00+00:00,MSFT,MSFT260116P00540000,put,True,540.0,56.35,58.4,59.46,480.8399963378906,0.23444369079589844,0.03539610022899104,0.007070959208665306,19.0,211,2025-12-05 16:07:57+00:00,4.8675,57.375,0.11232876712328767
2025-12-05 21:00:00+00:00,2026-01-16 00:00:00+00:00,MSFT,MSFT260116P00545000,put,True,545.0,60.7,63.8,55.1,480.8399963378906,0.263251996459961,0.03539610022899104,0.007070959208665306,20.0,3,2025-12-02 20:10:31+00:00,72.82472222222222,62.25,0.11232876712328767
2025-12-05 21:00:00+00:00,2026-01-16 00:00:00+00:00,MSFT,MSFT260116P00550000,put,True,550.0,65.25,68.8,68.6,480.8399963378906,0.2776561492919921,0.03539610022899104,0.007070959208665306,100.0,21,2025-12-05 19:32:31+00:00,1.4580555555555557,67.025,0.11232876712328767
2025-12-05 21:00:00+00:00,2026-01-16 00:00:00+00:00,MSFT,MSFT260116P00555000,put,True,555.0,70.15,73.35,73.09,480.8399963378906,0.27411614562988285,0.03539610022899104,0.007070959208665306,1.0,1,2025-12-05 19:53:48+00:00,1.1033333333333333,71.75,0.11232876712328767
2025-12-05 21:00:00+00:00,2026-01-16 00:00:00+00:00,MSFT,MSFT260116P00560000,put,True,560.0,75.7,78.35,87.61,480.8399963378906,0.28742167663574214,0.03539610022899104,0.007070959208665306,1.0,0,2025-11-24 15:04:47+00:00,269.92027777777776,77.025,0.11232876712328767
2025-12-05 21:00:00+00:00,2026-01-16 00:00:00+00:00,MSFT,MSFT260116P00565000,put,True,565.0,80.1,83.35,83.01,480.8399963378906,0.3004220349121094,0.03539610022899104,0.007070959208665306,2.0,2,2025-12-05 19:53:08+00:00,1.1144444444444443,81.725,0.11232876712328767
2025-12-05 21:00:00+00:00,2026-01-16 00:00:00+00:00,MSFT,MSFT260116P00570000,put,True,570.0,85.1,88.35,93.66,480.8399963378906,0.31323928955078123,0.03539610022899104,0.007070959208665306,1.0,0,2025-11-25 17:21:58+00:00,243.6338888888889,86.725,0.11232876712328767
2025-12-05 21:00:00+00:00,2026-01-16 00:00:00+00:00,MSFT,MSFT260116P00575000,put,True,575.0,90.3,93.35,98.1,480.8399963378906,0.32581240600585937,0.03539610022899104,0.007070959208665306,1140.0,0,2025-11-20 20:29:17+00:00,360.51194444444445,91.82499999999999,0.11232876712328767
2025-12-05 21:00:00+00:00,2026-01-16 00:00:00+00:00,MSFT,MSFT260116P00580000,put,True,580.0,95.1,98.8,100.52,480.8399963378906,0.35816071533203125,0.03539610022899104,0.007070959208665306,1.0,0,2025-12-05 16:48:49+00:00,4.186388888888889,96.94999999999999,0.11232876712328767
2025-12-05 21:00:00+00:00,2026-01-16 00:00:00+00:00,MSFT,MSFT260116P00585000,put,True,585.0,100.5,103.35,104.2,480.8399963378906,0.35034829345703117,0.03539610022899104,0.007070959208665306,2310.0,0,2025-11-20 20:29:17+00:00,360.51194444444445,101.925,0.11232876712328767
2025-12-05 21:00:00+00:00,2026-01-16 00:00:00+00:00,MSFT,MSFT260116P00590000,put,True,590.0,105.25,108.35,112.9,480.8399963378906,0.36225002990722655,0.03539610022899104,0.007070959208665306,640.0,0,2025-11-20 20:29:17+00:00,360.51194444444445,106.8,0.11232876712328767
2025-12-05 21:00:00+00:00,2026-01-16 00:00:00+00:00,MSFT,MSFT260116P00595000,put,True,595.0,110.1,113.35,118.7,480.8399963378906,0.37402969726562496,0.03539610022899104,0.007070959208665306,20.0,0,2025-11-21 14:33:50+00:00,342.43611111111113,111.725,0.11232876712328767
2025-12-05 21:00:00+00:00,2026-01-16 00:00:00+00:00,MSFT,MSFT260116P00600000,put,True,600.0,115.1,118.35,123.15,480.8399963378906,0.385626260986328,0.03539610022899104,0.007070959208665306,270.0,0,2025-11-20 20:29:17+00:00,360.51194444444445,116.725,0.11232876712328767
2025-12-05 21:00:00+00:00,2026-01-16 00:00:00+00:00,MSFT,MSFT260116P00605000,put,True,605.0,120.05,123.35,128.1,480.8399963378906,0.3969786865234375,0.03539610022899104,0.007070959208665306,770.0,0,2025-11-20 20:29:17+00:00,360.51194444444445,121.69999999999999,0.11232876712328767
2025-12-05 21:00:00+00:00,2026-01-16 00:00:00+00:00,MSFT,MSFT260116P00610000,put,True,610.0,118.8,121.4,74.25,480.8399963378906,1.0000000000000003e-05,0.03539610022899104,0.007070959208665306,29.0,0,2025-10-29 18:24:13+00:00,890.5963888888889,120.1,0.11232876712328767
2025-12-05 21:00:00+00:00,2026-01-16 00:00:00+00:00,MSFT,MSFT260116P00615000,put,True,615.0,123.8,126.4,79.25,480.8399963378906,1.0000000000000003e-05,0.03539610022899104,0.007070959208665306,,0,2025-10-29 17:10:11+00:00,891.8302777777777,125.1,0.11232876712328767
2025-12-05 21:00:00+00:00,2026-01-16 00:00:00+00:00,MSFT,MSFT260116P00620000,put,True,620.0,128.8,131.4,84.05,480.8399963378906,1.0000000000000003e-05,0.03539610022899104,0.007070959208665306,24.0,0,2025-10-29 16:27:55+00:00,892.5347222222222,130.10000000000002,0.11232876712328767
2025-12-05 21:00:00+00:00,2026-01-16 00:00:00+00:00,MSFT,MSFT260116P00625000,put,True,625.0,133.8,136.4,89.0,480.8399963378906,1.0000000000000003e-05,0.03539610022899104,0.007070959208665306,5.0,0,2025-10-29 14:52:38+00:00,894.1227777777777,135.10000000000002,0.11232876712328767
2025-12-05 21:00:00+00:00,2026-01-16 00:00:00+00:00,MSFT,MSFT260116P00630000,put,True,630.0,138.8,141.4,93.05,480.8399963378906,1.0000000000000003e-05,0.03539610022899104,0.007070959208665306,14.0,0,2025-10-29 19:19:56+00:00,889.6677777777778,140.10000000000002,0.11232876712328767
2025-12-05 21:00:00+00:00,2026-01-16 00:00:00+00:00,MSFT,MSFT260116P00635000,put,True,635.0,143.8,146.4,98.35,480.8399963378906,1.0000000000000003e-05,0.03539610022899104,0.007070959208665306,,0,2025-10-29 14:17:30+00:00,894.7083333333334,145.10000000000002,0.11232876712328767
2025-12-05 21:00:00+00:00,2026-01-16 00:00:00+00:00,MSFT,MSFT260116P00640000,put,True,640.0,155.15,158.35,158.13,480.8399963378906,0.4725394543457031,0.03539610022899104,0.007070959208665306,1.0,1,2025-12-05 19:42:39+00:00,1.2891666666666666,156.75,0.11232876712328767
2025-12-05 21:00:00+00:00,2026-01-16 00:00:00+00:00,MSFT,MSFT260116P00645000,put,True,645.0,160.25,163.35,169.02,480.8399963378906,0.48279325805664064,0.03539610022899104,0.007070959208665306,1.0,0,2025-11-24 20:58:16+00:00,264.0288888888889,161.8,0.11232876712328767
2025-12-05 21:00:00+00:00,2026-01-16 00:00:00+00:00,MSFT,MSFT260116P00650000,put,True,650.0,158.8,161.4,108.84,480.8399963378906,1.0000000000000003e-05,0.03539610022899104,0.007070959208665306,16.0,0,2025-10-28 17:45:35+00:00,915.2402777777778,160.10000000000002,0.11232876712328767
2025-12-05 21:00:00+00:00,2026-01-16 00:00:00+00:00,MSFT,MSFT260116P00660000,put,True,660.0,168.8,171.4,118.91,480.8399963378906,1.0000000000000003e-05,0.03539610022899104,0.007070959208665306,2.0,0,2025-10-28 15:58:32+00:00,917.0244444444445,170.10000000000002,0.11232876712328767
2025-12-05 21:00:00+00:00,2026-01-16 00:00:00+00:00,MSFT,MSFT260116P00665000,put,True,665.0,0.0,0.0,309.45,480.8399963378906,1.0000000000000003e-05,0.03539610022899104,0.007070959208665306,,0,2025-04-07 15:14:34+00:00,5813.7572222222225,0.0,0.11232876712328767
2025-12-05 21:00:00+00:00,2026-01-16 00:00:00+00:00,MSFT,MSFT260116P00670000,put,True,670.0,185.3,188.35,186.35,480.8399963378906,0.532231240234375,0.03539610022899104,0.007070959208665306,1.0,1,2025-12-05 20:49:42+00:00,0.17166666666666666,186.825,0.11232876712328767
2025-12-05 21:00:00+00:00,2026-01-16 00:00:00+00:00,MSFT,MSFT260116P00675000,put,True,675.0,190.2,193.35,191.37,480.8399963378906,0.5417526293945314,0.03539610022899104,0.007070959208665306,1.0,0,2025-12-05 20:49:42+00:00,0.17166666666666666,191.77499999999998,0.11232876712328767
2025-12-05 21:00:00+00:00,2026-01-16 00:00:00+00:00,MSFT,MSFT260116P00680000,put,True,680.0,230.5,235.0,257.05,480.8399963378906,1.3648408222961428,0.03539610022899104,0.007070959208665306,2.0,0,2024-12-16 05:13:21+00:00,8511.7775,232.75,0.11232876712328767
2025-12-05 21:00:00+00:00,2026-01-16 00:00:00+00:00,MSFT,MSFT260116P00695000,put,True,695.0,210.1,213.35,198.4,480.8399963378906,0.5788616333007812,0.03539610022899104,0.007070959208665306,10.0,0,2025-11-18 14:30:11+00:00,414.49694444444447,211.725,0.11232876712328767
2025-12-05 21:00:00+00:00,2026-01-16 00:00:00+00:00,MSFT,MSFT260116P00700000,put,True,700.0,186.85,189.8,191.52,480.8399963378906,1.0000000000000003e-05,0.03539610022899104,0.007070959208665306,19.0,0,2025-08-28 18:15:08+00:00,2378.7477777777776,188.325,0.11232876712328767
2025-12-05 21:00:00+00:00,2026-02-20 00:00:00+00:00,MSFT,MSFT260220C00275000,call,True,275.0,209.15,212.6,211.49,480.8399963378906,0.7485376708984376,0.03539610022899104,0.007070959208665306,1.0,6,2025-12-03 15:36:26+00:00,53.39277777777778,210.875,0.20821917808219179
2025-12-05 21:00:00+00:00,2026-02-20 00:00:00+00:00,MSFT,MSFT260220C00280000,call,True,280.0,204.2,207.7,210.24,480.8399963378906,0.7321804125976561,0.03539610022899104,0.007070959208665306,9.0,28,2025-11-26 19:03:59+00:00,217.9336111111111,205.95,0.20821917808219179
2025-12-05 21:00:00+00:00,2026-02-20 00:00:00+00:00,MSFT,MSFT260220C00285000,call,True,285.0,199.25,202.8,189.91,480.8399963378906,0.7159452233886718,0.03539610022899104,0.007070959208665306,14.0,16,2025-11-25 15:47:53+00:00,245.20194444444445,201.025,0.20821917808219179
2025-12-05 21:00:00+00:00,2026-02-20 00:00:00+00:00,MSFT,MSFT260220C00290000,call,True,290.0,194.3,197.85,200.39,480.8399963378906,0.6984893432617189,0.03539610022899104,0.007070959208665306,9.0,30,2025-11-26 19:03:59+00:00,217.9336111111111,196.075,0.20821917808219179
2025-12-05 21:00:00+00:00,2026-02-20 00:00:00+00:00,MSFT,MSFT260220C00295000,call,True,295.0,189.4,192.95,178.88,480.8399963378906,0.6835969140625001,0.03539610022899104,0.007070959208665306,12.0,14,2025-11-25 15:44:13+00:00,245.26305555555555,191.175,0.20821917808219179
2025-12-05 21:00:00+00:00,2026-02-20 00:00:00+00:00,MSFT,MSFT260220C00300000,call,True,300.0,184.45,187.95,191.68,480.8399963378906,0.6652255157470706,0.03539610022899104,0.007070959208665306,25.0,48,2025-12-02 14:46:08+00:00,78.2311111111111,186.2,0.20821917808219179
2025-12-05 21:00:00+00:00,2026-02-20 00:00:00+00:00,MSFT,MSFT260220C00305000,call,True,305.0,179.95,182.7,169.16,480.8399963378906,0.6516758465576173,0.03539610022899104,0.007070959208665306,7.0,8,2025-11-25 15:44:22+00:00,245.26055555555556,181.325,0.20821917808219179
2025-12-05 21:00:00+00:00,2026-02-20 00:00:00+00:00,MSFT,MSFT260220C00310000,call,True,310.0,175.05,177.8,182.47,480.8399963378906,0.6369054864501953,0.03539610022899104,0.007070959208665306,1.0,7,2025-12-01 17:41:28+00:00,99.30888888888889,176.425,0.20821917808219179
2025-12-05 21:00:00+00:00,2026-02-20 00:00:00+00:00,MSFT,MSFT260220C00315000,call,True,315.0,170.1,173.2,177.59,480.8399963378906,0.6274451318359376,0.03539610022899104,0.007070959208665306,1.0,1,2025-12-01 17:41:28+00:00,99.30888888888889,171.64999999999998,0.20821917808219179
2025-12-05 21:00:00+00:00,2026-02-20 00:00:00+00:00,MSFT,MSFT260220C00320000,call,True,320.0,164.85,167.5,163.67,480.8399963378906,0.5883830224609375,0.03539610022899104,0.007070959208665306,1.0,17,2025-11-26 20:58:51+00:00,216.01916666666668,166.175,0.20821917808219179
2025-12-05 21:00:00+00:00,2026-02-20 00:00:00+00:00,MSFT,MSFT260220C00325000,call,True,325.0,160.3,163.6,154.25,480.8399963378906,0.6013223461914063,0.03539610022899104,0.007070959208665306,2.0,12,2025-11-21 14:56:30+00:00,342.05833333333334,161.95,0.20821917808219179
2025-12-05 21:00:00+00:00,2026-02-20 00:00:00+00:00,MSFT,MSFT260220C00330000,call,True,330.0,154.95,158.7,162.2,480.8399963378906,0.5778240460205077,0.03539610022899104,0.007070959208665306,15.0,21,2025-12-02 14:47:36+00:00,78.20666666666666,156.825,0.20821917808219179
2025-12-05 21:00:00+00:00,2026-02-20 00:00:00+00:00,MSFT,MSFT260220C00335000,call,True,335.0,150.05,153.8,148.6,480.8399963378906,0.5630536859130859,0.03539610022899104,0.007070959208665306,1.0,3,2025-12-03 16:17:51+00:00,52.7025,151.925,0.20821917808219179
2025-12-05 21:00:00+00:00,2026-02-20 00:00:00+00:00,MSFT,MSFT260220C00340000,call,True,340.0,145.2,148.7,140.82,480.8399963378906,0.5455978057861328,0.03539610022899104,0.007070959208665306,1.0,22,2025-11-24 18:24:08+00:00,266.59777777777776,146.95,0.20821917808219179
2025-12-05 21:00:00+00:00,2026-02-20 00:00:00+00:00,MSFT,MSFT260220C00345000,call,True,345.0,140.75,143.85,168.95,480.8399963378906,0.5393722821044924,0.03539610022899104,0.007070959208665306,1.0,1,2025-11-11 20:08:14+00:00,576.8627777777778,142.3,0.20821917808219179
2025-12-05 21:00:00+00:00,2026-02-20 00:00:00+00:00,MSFT,MSFT260220C00350000,call,True,350.0,135.85,138.9,131.0,480.8399963378906,0.5235643347167969,0.03539610022899104,0.007070959208665306,1.0,28,2025-12-03 15:09:31+00:00,53.841388888888886,137.375,0.20821917808219179
2025-12-05 21:00:00+00:00,2026-02-20 00:00:00+00:00,MSFT,MSFT260220C00355000,call,True,355.0,130.6,134.05,130.36,480.8399963378906,0.5038501763916017,0.03539610022899104,0.007070959208665306,1.0,4,2025-11-20 20:10:21+00:00,360.8275,132.325,0.20821917808219179
2025-12-05 21:00:00+00:00,2026-02-20 00:00:00+00:00,MSFT,MSFT260220C00360000,call,True,360.0,126.2,129.5,135.9,480.8399963378906,0.5017139672851563,0.03539610022899104,0.007070959208665306,1.0,250,2025-12-01 16:50:40+00:00,100.15555555555555,127.85,0.20821917808219179
2025-12-05 21:00:00+00:00,2026-02-20 00:00:00+00:00,MSFT,MSFT260220C00365000,call,True,365.0,0.0,0.0,167.45,480.8399963378906,1.0000000000000003e-05,0.03539610022899104,0.007070959208665306,,1,2025-08-12 14:13:44+00:00,2766.771111111111,0.0,0.20821917808219179
2025-12-05 21:00:00+00:00,2026-02-20 00:00:00+00:00,MSFT,MSFT260220C00370000,call,True,370.0,116.55,118.7,116.51,480.8399963378906,0.488408436279297,0.03539610022899104,0.007070959208665306,10.0,25,2025-12-03 16:05:45+00:00,52.90416666666667,117.625,0.20821917808219179
2025-12-05 21:00:00+00:00,2026-02-20 00:00:00+00:00,MSFT,MSFT260220C00375000,call,True,375.0,111.8,113.9,113.81,480.8399963378906,0.4749808361816406,0.03539610022899104,0.007070959208665306,1.0,31,2025-12-03 15:36:26+00:00,53.39277777777778,112.85,0.20821917808219179
2025-12-05 21:00:00+00:00,2026-02-20 00:00:00+00:00,MSFT,MSFT260220C00380000,call,True,380.0,107.0,109.15,109.98,480.8399963378906,0.46259082336425783,0.03539610022899104,0.007070959208665306,1.0,17,2025-11-26 14:54:07+00:00,222.09805555555556,108.075,0.20821917808219179
2025-12-05 21:00:00+00:00,2026-02-20 00:00:00+00:00,MSFT,MSFT260220C00385000,call,True,385.0,102.3,105.1,102.8,480.8399963378906,0.4656730679321289,0.03539610022899104,0.007070959208665306,10.0,15,2025-11-20 19:37:12+00:00,361.38,103.69999999999999,0.20821917808219179
2025-12-05 21:00:00+00:00,2026-02-20 00:00:00+00:00,MSFT,MSFT260220C00390000,call,True,390.0,97.6,100.55,98.2,480.8399963378906,0.4563652996826172,0.03539610022899104,0.007070959208665306,2.0,33,2025-12-05 15:46:53+00:00,5.2186111111111115,99.07499999999999,0.20821917808219179
2025-12-05 21:00:00+00:00,2026-02-20 00:00:00+00:00,MSFT,MSFT260220C00395000,call,True,395.0,94.0,95.0,92.4,480.8399963378906,0.42590906127929695,0.03539610022899104,0.007070959208665306,1.0,31,2025-11-20 20:05:21+00:00,360.91083333333336,94.5,0.20821917808219179
2025-12-05 21:00:00+00:00,2026-02-20 00:00:00+00:00,MSFT,MSFT260220C00400000,call,True,400.0,89.4,90.3,88.0,480.8399963378906,0.4133359448242187,0.03539610022899104,0.007070959208665306,6.0,235,2025-12-05 18:41:08+00:00,2.3144444444444443,89.85,0.20821917808219179
2025-12-05 21:00:00+00:00,2026-02-20 00:00:00+00:00,MSFT,MSFT260220C00405000,call,True,405.0,84.8,85.75,83.95,480.8399963378906,0.40335679656982426,0.03539610022899104,0.007070959208665306,1.0,56,2025-12-05 19:56:26+00:00,1.0594444444444444,85.275,0.20821917808219179
2025-12-05 21:00:00+00:00,2026-02-20 00:00:00+00:00,MSFT,MSFT260220C00410000,call,True,410.0,80.3,81.2,79.2,480.8399963378906,0.39279782012939457,0.03539610022899104,0.007070959208665306,10.0,174,2025-12-05 18:49:45+00:00,2.1708333333333334,80.75,0.20821917808219179
2025-12-05 21:00:00+00:00,2026-02-20 00:00:00+00:00,MSFT,MSFT260220C00415000,call,True,415.0,75.85,76.7,75.5,480.8399963378906,0.3825134991455078,0.03539610022899104,0.007070959208665306,1.0,251,2025-12-05 20:34:21+00:00,0.4275,76.275,0.20821917808219179
2025-12-05 21:00:00+00:00,2026-02-20 00:00:00+00:00,MSFT,MSFT260220C00420000,call,True,420.0,71.45,72.35,70.13,480.8399963378906,0.3741822836303711,0.03539610022899104,0.007070959208665306,13.0,102,2025-12-05 16:08:25+00:00,4.8597222222222225,71.9,0.20821917808219179
2025-12-05 21:00:00+00:00,2026-02-20 00:00:00+00:00,MSFT,MSFT260220C00425000,call,True,425.0,67.15,68.05,65.0,480.8399963378906,0.3657900335693359,0.03539610022899104,0.007070959208665306,6.0,43,2025-12-04 20:46:39+00:00,24.2225,67.6,0.20821917808219179
2025-12-05 21:00:00+00:00,2026-02-20 00:00:00+00:00,MSFT,MSFT260220C00430000,call,True,430.0,62.95,63.8,60.75,480.8399963378906,0.3573062316894531,0.03539610022899104,0.007070959208665306,12.0,109,2025-12-05 16:53:54+00:00,4.101666666666667,63.375,0.20821917808219179
2025-12-05 21:00:00+00:00,2026-02-20 00:00:00+00:00,MSFT,MSFT260220C00435000,call,True,435.0,58.8,59.55,57.96,480.8399963378906,0.3479374288940429,0.03539610022899104,0.007070959208665306,18.0,118,2025-12-05 19:35:08+00:00,1.4144444444444444,59.175,0.20821917808219179
2025-12-05 21:00:00+00:00,2026-02-20 00:00:00+00:00,MSFT,MSFT260220C00440000,call,True,440.0,54.8,55.65,54.19,480.8399963378906,0.3426274234008788,0.03539610022899104,0.007070959208665306,13.0,163,2025-12-05 19:11:36+00:00,1.8066666666666666,55.224999999999994,0.20821917808219179
2025-12-05 21:00:00+00:00,2026-02-20 00:00:00+00:00,MSFT,MSFT260220C00445000,call,True,445.0,50.9,51.65,50.65,480.8399963378906,0.3347539669799804,0.03539610022899104,0.007070959208665306,7.0,99,2025-12-05 18:48:02+00:00,2.1994444444444445,51.275,0.20821917808219179
2025-12-05 21:00:00+00:00,2026-02-20 00:00:00+00:00,MSFT,MSFT260220C00450000,call,True,450.0,47.15,47.9,47.35,480.8399963378906,0.3290472369384765,0.03539610022899104,0.007070959208665306,28.0,440,2025-12-05 20:57:45+00:00,0.0375,47.525,0.20821917808219179
2025-12-05 21:00:00+00:00,2026-02-20 00:00:00+00:00,MSFT,MSFT260220C00455000,call,True,455.0,43.5,44.1,43.0,480.8399963378906,0.32141791870117187,0.03539610022899104,0.007070959208665306,29.0,124,2025-12-05 15:51:18+00:00,5.145,43.8,0.20821917808219179
2025-12-05 21:00:00+00:00,2026-02-20 00:00:00+00:00,MSFT,MSFT260220C00460000,call,True,460.0,40.0,40.6,39.3,480.8399963378906,0.3162604995727538,0.03539610022899104,0.007070959208665306,9.0,315,2025-12-05 20:48:04+00:00,0.1988888888888889,40.3,0.20821917808219179
2025-12-05 21:00:00+00:00,2026-02-20 00:00:00+00:00,MSFT,MSFT260220C00465000,call,True,465.0,36.7,37.2,37.0,480.8399963378906,0.3108894595336914,0.03539610022899104,0.007070959208665306,107.0,423,2025-12-05 20:59:21+00:00,0.010833333333333334,36.95,0.20821917808219179
2025-12-05 21:00:00+00:00,2026-02-20 00:00:00+00:00,MSFT,MSFT260220C00470000,call,True,470.0,33.55,34.05,33.6,480.8399963378906,0.3069527313232422,0.03539610022899104,0.007070959208665306,46.0,508,2025-12-05 20:58:08+00:00,0.03111111111111111,33.8,0.20821917808219179
2025-12-05 21:00:00+00:00,2026-02-20 00:00:00+00:00,MSFT,MSFT260220C00475000,call,True,475.0,30.55,31.0,30.78,480.8399963378906,0.30264979583740237,0.03539610022899104,0.007070959208665306,77.0,899,2025-12-05 19:48:17+00:00,1.1952777777777779,30.775,0.20821917808219179
2025-12-05 21:00:00+00:00,2026-02-20 00:00:00+00:00,MSFT,MSFT260220C00480000,call,True,480.0,27.75,28.0,28.05,480.8399963378906,0.29730927307128896,0.03539610022899104,0.007070959208665306,298.0,31513,2025-12-05 20:59:47+00:00,0.003611111111111111,27.875,0.20821917808219179
2025-12-05 21:00:00+00:00,2026-02-20 00:00:00+00:00,MSFT,MSFT260220C00485000,call,False,485.0,25.05,25.25,25.2,480.8399963378906,0.2931894412231445,0.03539610022899104,0.007070959208665306,423.0,1307,2025-12-05 20:55:20+00:00,0.07777777777777778,25.15,0.20821917808219179
2025-12-05 21:00:00+00:00,2026-02-20 00:00:00+00:00,MSFT,MSFT260220C00490000,call,False,490.0,22.55,22.75,22.65,480.8399963378906,0.2902140071105957,0.03539610022899104,0.007070959208665306,176.0,1617,2025-12-05 20:58:26+00:00,0.026111111111111113,22.65,0.20821917808219179
2025-12-05 21:00:00+00:00,2026-02-20 00:00:00+00:00,MSFT,MSFT260220C00495000,call,False,495.0,20.25,20.45,20.15,480.8399963378906,0.28778788391113275,0.03539610022899104,0.007070959208665306,58.0,2353,2025-12-05 20:55:49+00:00,0.06972222222222223,20.35,0.20821917808219179
2025-12-05 21:00:00+00:00,2026-02-20 00:00:00+00:00,MSFT,MSFT260220C00500000,call,False,500.0,18.1,18.3,18.25,480.8399963378906,0.2853465020751953,0.03539610022899104,0.007070959208665306,728.0,4992,2025-12-05 20:59:48+00:00,0.0033333333333333335,18.200000000000003,0.20821917808219179
2025-12-05 21:00:00+00:00,2026-02-20 00:00:00+00:00,MSFT,MSFT260220C00505000,call,False,505.0,16.1,16.3,15.8,480.8399963378906,0.28290512023925773,0.03539610022899104,0.007070959208665306,51.0,2331,2025-12-05 20:45:47+00:00,0.23694444444444446,16.200000000000003,0.20821917808219179
2025-12-05 21:00:00+00:00,2026-02-20 00:00:00+00:00,MSFT,MSFT260220C00510000,call,False,510.0,13.75,14.5,14.35,480.8399963378906,0.2811046011352538,0.03539610022899104,0.007070959208665306,259.0,14682,2025-12-05 20:57:43+00:00,0.03805555555555556,14.125,0.20821917808219179
2025-12-05 21:00:00+00:00,2026-02-20 00:00:00+00:00,MSFT,MSFT260220C00515000,call,False,515.0,12.65,12.85,12.4,480.8399963378906,0.2793956338500976,0.03539610022899104,0.007070959208665306,346.0,2460,2025-12-05 20:48:44+00:00,0.18777777777777777,12.75,0.20821917808219179
2025-12-05 21:00:00+00:00,2026-02-20 00:00:00+00:00,MSFT,MSFT260220C00520000,call,False,520.0,11.1,11.4,10.9,480.8399963378906,0.2784801156616211,0.03539610022899104,0.007070959208665306,357.0,3137,2025-12-05 20:51:44+00:00,0.13777777777777778,11.25,0.20821917808219179
2025-12-05 21:00:00+00:00,2026-02-20 00:00:00+00:00,MSFT,MSFT260220C00525000,call,False,525.0,9.15,10.05,9.65,480.8399963378906,0.27719839019775383,0.03539610022899104,0.007070959208665306,132.0,1316,2025-12-05 20:18:21+00:00,0.6941666666666667,9.600000000000001,0.20821917808219179
2025-12-05 21:00:00+00:00,2026-02-20 00:00:00+00:00,MSFT,MSFT260220C00530000,call,False,530.0,8.65,8.85,8.75,480.8399963378906,0.27628287200927726,0.03539610022899104,0.007070959208665306,254.0,2883,2025-12-05 20:59:06+00:00,0.015,8.75,0.20821917808219179
2025-12-05 21:00:00+00:00,2026-02-20 00:00:00+00:00,MSFT,MSFT260220C00535000,call,False,535.0,6.55,7.75,7.7,480.8399963378906,0.2751537329101562,0.03539610022899104,0.007070959208665306,85.0,1150,2025-12-05 20:59:22+00:00,0.010555555555555556,7.15,0.20821917808219179
2025-12-05 21:00:00+00:00,2026-02-20 00:00:00+00:00,MSFT,MSFT260220C00540000,call,False,540.0,6.0,6.8,6.6,480.8399963378906,0.27466545654296876,0.03539610022899104,0.007070959208665306,58.0,4906,2025-12-05 20:17:10+00:00,0.7138888888888889,6.4,0.20821917808219179
2025-12-05 21:00:00+00:00,2026-02-20 00:00:00+00:00,MSFT,MSFT260220C00545000,call,False,545.0,5.75,5.95,5.75,480.8399963378906,0.27423821472167964,0.03539610022899104,0.007070959208665306,247.0,22994,2025-12-05 20:53:40+00:00,0.10555555555555556,5.85,0.20821917808219179
2025-12-05 21:00:00+00:00,2026-02-20 00:00:00+00:00,MSFT,MSFT260220C00550000,call,False,550.0,5.0,5.15,5.1,480.8399963378906,0.27307855834960937,0.03539610022899104,0.007070959208665306,257.0,8584,2025-12-05 20:56:58+00:00,0.050555555555555555,5.075,0.20821917808219179
2025-12-05 21:00:00+00:00,2026-02-20 00:00:00+00:00,MSFT,MSFT260220C00555000,call,False,555.0,4.35,4.5,4.3,480.8399963378906,0.2731090756225586,0.03539610022899104,0.007070959208665306,9.0,1835,2025-12-05 18:44:19+00:00,2.261388888888889,4.425,0.20821917808219179
2025-12-05 21:00:00+00:00,2026-02-20 00:00:00+00:00,MSFT,MSFT260220C00560000,call,False,560.0,3.8,3.95,3.7,480.8399963378906,0.2737194210815429,0.03539610022899104,0.007070959208665306,43.0,5207,2025-12-05 20:37:26+00:00,0.3761111111111111,3.875,0.20821917808219179
2025-12-05 21:00:00+00:00,2026-02-20 00:00:00+00:00,MSFT,MSFT260220C00565000,call,False,565.0,3.3,3.45,3.23,480.8399963378906,0.2740551110839844,0.03539610022899104,0.007070959208665306,30.0,939,2025-12-05 20:31:27+00:00,0.47583333333333333,3.375,0.20821917808219179
2025-12-05 21:00:00+00:00,2026-02-20 00:00:00+00:00,MSFT,MSFT260220C00570000,call,False,570.0,2.7,2.97,2.9,480.8399963378906,0.2734752828979492,0.03539610022899104,0.007070959208665306,86.0,3638,2025-12-05 20:58:47+00:00,0.020277777777777777,2.835,0.20821917808219179
2025-12-05 21:00:00+00:00,2026-02-20 00:00:00+00:00,MSFT,MSFT260220C00575000,call,False,575.0,2.51,2.59,2.49,480.8399963378906,0.27399407653808594,0.03539610022899104,0.007070959208665306,8.0,1199,2025-12-05 20:18:53+00:00,0.6852777777777778,2.55,0.20821917808219179
2025-12-05 21:00:00+00:00,2026-02-20 00:00:00+00:00,MSFT,MSFT260220C00580000,call,False,580.0,2.19,2.26,2.17,480.8399963378906,0.27466545654296876,0.03539610022899104,0.007070959208665306,71.0,1308,2025-12-05 19:23:06+00:00,1.615,2.2249999999999996,0.20821917808219179
2025-12-05 21:00:00+00:00,2026-02-20 00:00:00+00:00,MSFT,MSFT260220C00585000,call,False,585.0,1.91,1.98,1.85,480.8399963378906,0.2757030438232422,0.03539610022899104,0.007070959208665306,3.0,2266,2025-12-05 19:09:36+00:00,1.84,1.9449999999999998,0.20821917808219179
2025-12-05 21:00:00+00:00,2026-02-20 00:00:00+00:00,MSFT,MSFT260220C00590000,call,False,590.0,1.66,1.73,1.55,480.8399963378906,0.2765575274658203,0.03539610022899104,0.007070959208665306,10.0,2552,2025-12-05 18:07:15+00:00,2.879166666666667,1.6949999999999998,0.20821917808219179
2025-12-05 21:00:00+00:00,2026-02-20 00:00:00+00:00,MSFT,MSFT260220C00595000,call,False,595.0,1.45,1.51,1.48,480.8399963378906,0.2774120111083984,0.03539610022899104,0.007070959208665306,2.0,808,2025-12-05 16:51:39+00:00,4.139166666666667,1.48,0.20821917808219179
2025-12-05 21:00:00+00:00,2026-02-20 00:00:00+00:00,MSFT,MSFT260220C00600000,call,False,600.0,1.27,1.33,1.29,480.8399963378906,0.2788158056640625,0.03539610022899104,0.007070959208665306,227.0,19099,2025-12-05 20:33:48+00:00,0.43666666666666665,1.3,0.20821917808219179
2025-12-05 21:00:00+00:00,2026-02-20 00:00:00+00:00,MSFT,MSFT260220C00605000,call,False,605.0,1.11,1.15,1.11,480.8399963378906,0.27924304748535156,0.03539610022899104,0.007070959208665306,18.0,787,2025-12-05 18:22:29+00:00,2.625277777777778,1.13,0.20821917808219179
2025-12-05 21:00:00+00:00,2026-02-20 00:00:00+00:00,MSFT,MSFT260220C00610000,call,False,610.0,0.76,1.03,0.96,480.8399963378906,0.2815013256835937,0.03539610022899104,0.007070959208665306,13.0,2195,2025-12-05 20:53:40+00:00,0.10555555555555556,0.895,0.20821917808219179
2025-12-05 21:00:00+00:00,2026-02-20 00:00:00+00:00,MSFT,MSFT260220C00615000,call,False,615.0,0.84,0.9,0.83,480.8399963378906,0.28247787841796873,0.03539610022899104,0.007070959208665306,2.0,1342,2025-12-04 17:45:22+00:00,27.24388888888889,0.87,0.20821917808219179
2025-12-05 21:00:00+00:00,2026-02-20 00:00:00+00:00,MSFT,MSFT260220C00620000,call,False,620.0,0.62,0.8,0.75,480.8399963378906,0.2843089147949218,0.03539610022899104,0.007070959208665306,1.0,1059,2025-12-05 20:38:41+00:00,0.3552777777777778,0.71,0.20821917808219179
2025-12-05 21:00:00+00:00,2026-02-20 00:00:00+00:00,MSFT,MSFT260220C00625000,call,False,625.0,0.45,0.7,0.66,480.8399963378906,0.2854075366210937,0.03539610022899104,0.007070959208665306,11.0,431,2025-12-05 15:38:29+00:00,5.358611111111111,0.575,0.20821917808219179
2025-12-05 21:00:00+00:00,2026-02-20 00:00:00+00:00,MSFT,MSFT260220C00630000,call,False,630.0,0.56,0.62,0.59,480.8399963378906,0.2869944348144531,0.03539610022899104,0.007070959208665306,3.0,1120,2025-12-05 20:03:08+00:00,0.9477777777777778,0.5900000000000001,0.20821917808219179
2025-12-05 21:00:00+00:00,2026-02-20 00:00:00+00:00,MSFT,MSFT260220C00635000,call,False,635.0,0.49,0.55,0.49,480.8399963378906,0.2885813330078124,0.03539610022899104,0.007070959208665306,2.0,447,2025-12-04 18:33:23+00:00,26.44361111111111,0.52,0.20821917808219179
2025-12-05 21:00:00+00:00,2026-02-20 00:00:00+00:00,MSFT,MSFT260220C00640000,call,False,640.0,0.3,0.48,0.43,480.8399963378906,0.28955788574218744,0.03539610022899104,0.007070959208665306,6.0,239,2025-12-02 14:30:00+00:00,78.5,0.39,0.20821917808219179
2025-12-05 21:00:00+00:00,2026-02-20 00:00:00+00:00,MSFT,MSFT260220C00645000,call,False,645.0,0.18,0.43,0.36,480.8399963378906,0.2915109912109374,0.03539610022899104,0.007070959208665306,3.0,328,2025-12-04 16:11:36+00:00,28.80666666666667,0.305,0.20821917808219179
2025-12-05 21:00:00+00:00,2026-02-20 00:00:00+00:00,MSFT,MSFT260220C00650000,call,False,650.0,0.13,0.56,0.35,480.8399963378906,0.3096992858886719,0.03539610022899104,0.007070959208665306,1.0,3352,2025-12-05 15:27:08+00:00,5.547777777777778,0.34500000000000003,0.20821917808219179
2025-12-05 21:00:00+00:00,2026-02-20 00:00:00+00:00,MSFT,MSFT260220C00655000,call,False,655.0,0.28,0.33,0.3,480.8399963378906,0.2934640966796874,0.03539610022899104,0.007070959208665306,21.0,98,2025-12-04 19:19:00+00:00,25.683333333333334,0.30500000000000005,0.20821917808219179
2025-12-05 21:00:00+00:00,2026-02-20 00:00:00+00:00,MSFT,MSFT260220C00660000,call,False,660.0,0.25,0.3,0.33,480.8399963378906,0.295905478515625,0.03539610022899104,0.007070959208665306,1.0,118,2025-12-01 14:41:44+00:00,102.30444444444444,0.275,0.20821917808219179
2025-12-05 21:00:00+00:00,2026-02-20 00:00:00+00:00,MSFT,MSFT260220C00665000,call,False,665.0,0.21,0.27,0.31,480.8399963378906,0.2978585839843749,0.03539610022899104,0.007070959208665306,1.0,190,2025-11-26 18:26:39+00:00,218.55583333333334,0.24,0.20821917808219179
2025-12-05 21:00:00+00:00,2026-02-20 00:00:00+00:00,MSFT,MSFT260220C00670000,call,False,670.0,0.19,0.24,0.28,480.8399963378906,0.29932341308593746,0.03539610022899104,0.007070959208665306,17.0,156,2025-11-26 19:34:57+00:00,217.4175,0.215,0.20821917808219179
2025-12-05 21:00:00+00:00,2026-02-20 00:00:00+00:00,MSFT,MSFT260220C00675000,call,False,675.0,0.16,0.21,0.19,480.8399963378906,0.3002999658203125,0.03539610022899104,0.007070959208665306,2.0,375,2025-12-04 20:23:41+00:00,24.60527777777778,0.185,0.20821917808219179
2025-12-05 21:00:00+00:00,2026-02-20 00:00:00+00:00,MSFT,MSFT260220C00680000,call,False,680.0,0.14,0.19,0.15,480.8399963378906,0.30225307128906254,0.03539610022899104,0.007070959208665306,51.0,1672,2025-12-05 20:47:44+00:00,0.20444444444444446,0.165,0.20821917808219179
2025-12-05 21:00:00+00:00,2026-02-20 00:00:00+00:00,MSFT,MSFT260220C00700000,call,False,700.0,0.1,0.12,0.11,480.8399963378906,0.30811238769531246,0.03539610022899104,0.007070959208665306,43.0,18471,2025-12-05 20:34:03+00:00,0.4325,0.11,0.20821917808219179
2025-12-05 21:00:00+00:00,2026-02-20 00:00:00+00:00,MSFT,MSFT260220C00720000,call,False,720.0,0.05,0.06,0.06,480.8399963378906,0.30664755859375,0.03539610022899104,0.007070959208665306,15.0,4455,2025-12-05 20:39:10+00:00,0.3472222222222222,0.055,0.20821917808219179
2025-12-05 21:00:00+00:00,2026-02-20 00:00:00+00:00,MSFT,MSFT260220P00275000,put,False,275.0,0.11,0.17,0.14,480.8399963378906,0.4897511962890626,0.03539610022899104,0.007070959208665306,4.0,341,2025-12-05 17:56:42+00:00,3.055,0.14,0.20821917808219179
2025-12-05 21:00:00+00:00,2026-02-20 00:00:00+00:00,MSFT,MSFT260220P00280000,put,False,280.0,0.13,0.16,0.18,480.8399963378906,0.4721732470703125,0.03539610022899104,0.007070959208665306,1.0,114,2025-12-01 16:28:22+00:00,100.52722222222222,0.14500000000000002,0.20821917808219179
2025-12-05 21:00:00+00:00,2026-02-20 00:00:00+00:00,MSFT,MSFT260220P00285000,put,False,285.0,0.15,0.2,0.18,480.8399963378906,0.47022014160156256,0.03539610022899104,0.007070959208665306,1.0,46,2025-12-05 18:36:00+00:00,2.4,0.175,0.20821917808219179
2025-12-05 21:00:00+00:00,2026-02-20 00:00:00+00:00,MSFT,MSFT260220P00290000,put,False,290.0,0.17,0.22,0.2,480.8399963378906,0.46143116699218756,0.03539610022899104,0.007070959208665306,10.0,38,2025-12-05 16:21:01+00:00,4.6497222222222225,0.195,0.20821917808219179
2025-12-05 21:00:00+00:00,2026-02-20 00:00:00+00:00,MSFT,MSFT260220P00295000,put,False,295.0,0.19,0.24,0.24,480.8399963378906,0.45215391601562505,0.03539610022899104,0.007070959208665306,1.0,31,2025-12-03 17:26:58+00:00,51.550555555555555,0.215,0.20821917808219179
2025-12-05 21:00:00+00:00,2026-02-20 00:00:00+00:00,MSFT,MSFT260220P00300000,put,False,300.0,0.22,0.26,0.23,480.8399963378906,0.442388388671875,0.03539610022899104,0.007070959208665306,5.0,86,2025-12-05 20:48:26+00:00,0.19277777777777777,0.24,0.20821917808219179
2025-12-05 21:00:00+00:00,2026-02-20 00:00:00+00:00,MSFT,MSFT260220P00305000,put,False,305.0,0.25,0.3,0.32,480.8399963378906,0.436529072265625,0.03539610022899104,0.007070959208665306,1.0,55,2025-12-03 20:52:59+00:00,48.11694444444444,0.275,0.20821917808219179
2025-12-05 21:00:00+00:00,2026-02-20 00:00:00+00:00,MSFT,MSFT260220P00310000,put,False,310.0,0.28,0.31,0.31,480.8399963378906,0.42456630126953127,0.03539610022899104,0.007070959208665306,10.0,37,2025-12-05 18:41:04+00:00,2.3155555555555556,0.29500000000000004,0.20821917808219179
2025-12-05 21:00:00+00:00,2026-02-20 00:00:00+00:00,MSFT,MSFT260220P00315000,put,False,315.0,0.15,0.38,0.46,480.8399963378906,0.42236905761718746,0.03539610022899104,0.007070959208665306,5.0,45,2025-12-03 15:14:33+00:00,53.7575,0.265,0.20821917808219179
2025-12-05 21:00:00+00:00,2026-02-20 00:00:00+00:00,MSFT,MSFT260220P00320000,put,False,320.0,0.17,0.43,0.39,480.8399963378906,0.4155331884765625,0.03539610022899104,0.007070959208665306,1.0,31,2025-12-05 20:02:54+00:00,0.9516666666666667,0.3,0.20821917808219179
2025-12-05 21:00:00+00:00,2026-02-20 00:00:00+00:00,MSFT,MSFT260220P00325000,put,False,325.0,0.3,0.66,0.51,480.8399963378906,0.42847251220703125,0.03539610022899104,0.007070959208665306,2.0,80,2025-12-03 20:52:59+00:00,48.11694444444444,0.48,0.20821917808219179
2025-12-05 21:00:00+00:00,2026-02-20 00:00:00+00:00,MSFT,MSFT260220P00330000,put,False,330.0,0.31,0.53,0.67,480.8399963378906,0.40015248291015626,0.03539610022899104,0.007070959208665306,1.0,1089,2025-12-03 14:59:20+00:00,54.01111111111111,0.42000000000000004,0.20821917808219179
2025-12-05 21:00:00+00:00,2026-02-20 00:00:00+00:00,MSFT,MSFT260220P00335000,put,False,335.0,0.38,0.6,0.71,480.8399963378906,0.39380489013671877,0.03539610022899104,0.007070959208665306,28.0,113,2025-11-26 19:31:05+00:00,217.48194444444445,0.49,0.20821917808219179
2025-12-05 21:00:00+00:00,2026-02-20 00:00:00+00:00,MSFT,MSFT260220P00340000,put,False,340.0,0.45,0.67,0.79,480.8399963378906,0.3864807446289062,0.03539610022899104,0.007070959208665306,2.0,79,2025-12-04 18:20:53+00:00,26.651944444444446,0.56,0.20821917808219179
2025-12-05 21:00:00+00:00,2026-02-20 00:00:00+00:00,MSFT,MSFT260220P00345000,put,False,345.0,0.68,0.75,0.84,480.8399963378906,0.3795228063964844,0.03539610022899104,0.007070959208665306,2.0,318,2025-12-04 14:30:03+00:00,30.499166666666667,0.7150000000000001,0.20821917808219179
2025-12-05 21:00:00+00:00,2026-02-20 00:00:00+00:00,MSFT,MSFT260220P00350000,put,False,350.0,0.59,0.83,0.81,480.8399963378906,0.37183245361328127,0.03539610022899104,0.007070959208665306,29.0,299,2025-12-05 18:47:05+00:00,2.2152777777777777,0.71,0.20821917808219179
2025-12-05 21:00:00+00:00,2026-02-20 00:00:00+00:00,MSFT,MSFT260220P00355000,put,False,355.0,0.88,0.94,1.03,480.8399963378906,0.3657289990234375,0.03539610022899104,0.007070959208665306,4.0,150,2025-12-03 20:46:20+00:00,48.227777777777774,0.9099999999999999,0.20821917808219179
2025-12-05 21:00:00+00:00,2026-02-20 00:00:00+00:00,MSFT,MSFT260220P00360000,put,False,360.0,0.82,1.25,1.04,480.8399963378906,0.3707338317871094,0.03539610022899104,0.007070959208665306,45.0,188,2025-12-05 20:45:21+00:00,0.24416666666666667,1.035,0.20821917808219179
2025-12-05 21:00:00+00:00,2026-02-20 00:00:00+00:00,MSFT,MSFT260220P00365000,put,False,365.0,0.94,1.2,1.28,480.8399963378906,0.35333898620605464,0.03539610022899104,0.007070959208665306,1.0,169,2025-12-05 16:44:02+00:00,4.266111111111111,1.0699999999999998,0.20821917808219179
2025-12-05 21:00:00+00:00,2026-02-20 00:00:00+00:00,MSFT,MSFT260220P00370000,put,False,370.0,1.09,1.45,1.36,480.8399963378906,0.35193519165039056,0.03539610022899104,0.007070959208665306,11.0,152,2025-12-05 18:41:04+00:00,2.3155555555555556,1.27,0.20821917808219179
2025-12-05 21:00:00+00:00,2026-02-20 00:00:00+00:00,MSFT,MSFT260220P00375000,put,False,375.0,1.3,1.74,1.54,480.8399963378906,0.35053139709472647,0.03539610022899104,0.007070959208665306,27.0,289,2025-12-05 20:02:54+00:00,0.9516666666666667,1.52,0.20821917808219179
2025-12-05 21:00:00+00:00,2026-02-20 00:00:00+00:00,MSFT,MSFT260220P00380000,put,False,380.0,1.48,1.75,1.73,480.8399963378906,0.3360662097167969,0.03539610022899104,0.007070959208665306,79.0,109,2025-12-05 20:45:21+00:00,0.24416666666666667,1.615,0.20821917808219179
2025-12-05 21:00:00+00:00,2026-02-20 00:00:00+00:00,MSFT,MSFT260220P00385000,put,False,385.0,1.78,1.98,2.05,480.8399963378906,0.33020689331054687,0.03539610022899104,0.007070959208665306,1.0,408,2025-12-05 18:17:58+00:00,2.7005555555555554,1.88,0.20821917808219179
2025-12-05 21:00:00+00:00,2026-02-20 00:00:00+00:00,MSFT,MSFT260220P00390000,put,False,390.0,2.19,2.25,2.29,480.8399963378906,0.32483585327148434,0.03539610022899104,0.007070959208665306,2.0,294,2025-12-05 17:50:24+00:00,3.16,2.2199999999999998,0.20821917808219179
2025-12-05 21:00:00+00:00,2026-02-20 00:00:00+00:00,MSFT,MSFT260220P00395000,put,False,395.0,2.5,2.56,2.61,480.8399963378906,0.3197089514160155,0.03539610022899104,0.007070959208665306,5.0,400,2025-12-05 20:12:58+00:00,0.7838888888888889,2.5300000000000002,0.20821917808219179
2025-12-05 21:00:00+00:00,2026-02-20 00:00:00+00:00,MSFT,MSFT260220P00400000,put,False,400.0,2.84,2.91,2.97,480.8399963378906,0.31452101501464835,0.03539610022899104,0.007070959208665306,95.0,1464,2025-12-05 20:12:58+00:00,0.7838888888888889,2.875,0.20821917808219179
2025-12-05 21:00:00+00:00,2026-02-20 00:00:00+00:00,MSFT,MSFT260220P00405000,put,False,405.0,3.2,3.3,3.4,480.8399963378906,0.30927204406738285,0.03539610022899104,0.007070959208665306,9.0,603,2025-12-05 20:23:00+00:00,0.6166666666666667,3.25,0.20821917808219179
2025-12-05 21:00:00+00:00,2026-02-20 00:00:00+00:00,MSFT,MSFT260220P00410000,put,False,410.0,3.65,3.8,3.85,480.8399963378906,0.3055489367675781,0.03539610022899104,0.007070959208665306,24.0,762,2025-12-05 20:12:45+00:00,0.7875,3.7249999999999996,0.20821917808219179
2025-12-05 21:00:00+00:00,2026-02-20 00:00:00+00:00,MSFT,MSFT260220P00415000,put,False,415.0,4.2,4.3,4.4,480.8399963378906,0.30039151763916017,0.03539610022899104,0.007070959208665306,18.0,1015,2025-12-05 20:23:00+00:00,0.6166666666666667,4.25,0.20821917808219179
2025-12-05 21:00:00+00:00,2026-02-20 00:00:00+00:00,MSFT,MSFT260220P00420000,put,False,420.0,4.75,4.9,5.0,480.8399963378906,0.2960275476074219,0.03539610022899104,0.007070959208665306,96.0,684,2025-12-05 20:23:00+00:00,0.6166666666666667,4.825,0.20821917808219179
2025-12-05 21:00:00+00:00,2026-02-20 00:00:00+00:00,MSFT,MSFT260220P00425000,put,False,425.0,5.4,5.55,5.5,480.8399963378906,0.2912668530273437,0.03539610022899104,0.007070959208665306,24.0,2023,2025-12-05 20:15:57+00:00,0.7341666666666666,5.475,0.20821917808219179
2025-12-05 21:00:00+00:00,2026-02-20 00:00:00+00:00,MSFT,MSFT260220P00430000,put,False,430.0,6.15,6.3,6.25,480.8399963378906,0.2869028829956054,0.03539610022899104,0.007070959208665306,27.0,1165,2025-12-05 20:19:25+00:00,0.6763888888888889,6.225,0.20821917808219179
2025-12-05 21:00:00+00:00,2026-02-20 00:00:00+00:00,MSFT,MSFT260220P00435000,put,False,435.0,7.0,7.2,7.2,480.8399963378906,0.28357650024414055,0.03539610022899104,0.007070959208665306,20.0,1143,2025-12-05 20:19:13+00:00,0.6797222222222222,7.1,0.20821917808219179
2025-12-05 21:00:00+00:00,2026-02-20 00:00:00+00:00,MSFT,MSFT260220P00440000,put,False,440.0,8.0,8.15,8.1,480.8399963378906,0.2793956338500976,0.03539610022899104,0.007070959208665306,99.0,3925,2025-12-05 20:55:55+00:00,0.06805555555555555,8.075,0.20821917808219179
2025-12-05 21:00:00+00:00,2026-02-20 00:00:00+00:00,MSFT,MSFT260220P00445000,put,False,445.0,9.05,9.25,9.35,480.8399963378906,0.2758861474609374,0.03539610022899104,0.007070959208665306,128.0,2355,2025-12-05 20:18:57+00:00,0.6841666666666667,9.15,0.20821917808219179
2025-12-05 21:00:00+00:00,2026-02-20 00:00:00+00:00,MSFT,MSFT260220P00450000,put,False,450.0,10.25,10.4,10.6,480.8399963378906,0.2714306256103516,0.03539610022899104,0.007070959208665306,129.0,2057,2025-12-05 20:49:03+00:00,0.1825,10.325,0.20821917808219179
2025-12-05 21:00:00+00:00,2026-02-20 00:00:00+00:00,MSFT,MSFT260220P00455000,put,False,455.0,11.6,11.75,11.95,480.8399963378906,0.26798217376708977,0.03539610022899104,0.007070959208665306,44.0,2987,2025-12-05 20:18:57+00:00,0.6841666666666667,11.675,0.20821917808219179
2025-12-05 21:00:00+00:00,2026-02-20 00:00:00+00:00,MSFT,MSFT260220P00460000,put,False,460.0,13.05,13.2,13.1,480.8399963378906,0.2640759628295898,0.03539610022899104,0.007070959208665306,44.0,2327,2025-12-05 20:45:08+00:00,0.2477777777777778,13.125,0.20821917808219179
2025-12-05 21:00:00+00:00,2026-02-20 00:00:00+00:00,MSFT,MSFT260220P00465000,put,False,465.0,14.7,14.85,15.15,480.8399963378906,0.2608716491699219,0.03539610022899104,0.007070959208665306,52.0,1281,2025-12-05 20:50:38+00:00,0.15611111111111112,14.774999999999999,0.20821917808219179
2025-12-05 21:00:00+00:00,2026-02-20 00:00:00+00:00,MSFT,MSFT260220P00470000,put,False,470.0,16.5,16.65,16.55,480.8399963378906,0.25762155960083005,0.03539610022899104,0.007070959208665306,104.0,2485,2025-12-05 20:58:37+00:00,0.023055555555555555,16.575,0.20821917808219179
2025-12-05 21:00:00+00:00,2026-02-20 00:00:00+00:00,MSFT,MSFT260220P00475000,put,False,475.0,18.45,18.6,18.8,480.8399963378906,0.2542494009399414,0.03539610022899104,0.007070959208665306,60.0,1881,2025-12-05 20:54:50+00:00,0.08611111111111111,18.525,0.20821917808219179
2025-12-05 21:00:00+00:00,2026-02-20 00:00:00+00:00,MSFT,MSFT260220P00480000,put,False,480.0,20.55,20.75,20.95,480.8399963378906,0.2512281909179687,0.03539610022899104,0.007070959208665306,170.0,2404,2025-12-05 20:18:23+00:00,0.6936111111111111,20.65,0.20821917808219179
2025-12-05 21:00:00+00:00,2026-02-20 00:00:00+00:00,MSFT,MSFT260220P00485000,put,True,485.0,22.65,23.05,22.95,480.8399963378906,0.2479475840759277,0.03539610022899104,0.007070959208665306,407.0,1802,2025-12-05 20:59:03+00:00,0.015833333333333335,22.85,0.20821917808219179
2025-12-05 21:00:00+00:00,2026-02-20 00:00:00+00:00,MSFT,MSFT260220P00490000,put,True,490.0,25.35,25.6,25.5,480.8399963378906,0.24549094360351562,0.03539610022899104,0.007070959208665306,156.0,1596,2025-12-05 20:58:53+00:00,0.01861111111111111,25.475,0.20821917808219179
2025-12-05 21:00:00+00:00,2026-02-20 00:00:00+00:00,MSFT,MSFT260220P00495000,put,True,495.0,27.45,28.25,28.44,480.8399963378906,0.24213404357910157,0.03539610022899104,0.007070959208665306,18.0,1717,2025-12-05 20:34:30+00:00,0.425,27.85,0.20821917808219179
2025-12-05 21:00:00+00:00,2026-02-20 00:00:00+00:00,MSFT,MSFT260220P00500000,put,True,500.0,30.75,31.2,31.67,480.8399963378906,0.2401504208374023,0.03539610022899104,0.007070959208665306,10.0,2467,2025-12-05 19:19:37+00:00,1.6730555555555555,30.975,0.20821917808219179
2025-12-05 21:00:00+00:00,2026-02-20 00:00:00+00:00,MSFT,MSFT260220P00505000,put,True,505.0,33.7,34.25,34.7,480.8399963378906,0.23725127990722655,0.03539610022899104,0.007070959208665306,27.0,854,2025-12-05 20:48:44+00:00,0.18777777777777777,33.975,0.20821917808219179
2025-12-05 21:00:00+00:00,2026-02-20 00:00:00+00:00,MSFT,MSFT260220P00510000,put,True,510.0,36.95,37.5,37.95,480.8399963378906,0.23462679443359374,0.03539610022899104,0.007070959208665306,44.0,1308,2025-12-05 20:47:13+00:00,0.21305555555555555,37.225,0.20821917808219179
2025-12-05 21:00:00+00:00,2026-02-20 00:00:00+00:00,MSFT,MSFT260220P00515000,put,True,515.0,40.25,40.85,40.51,480.8399963378906,0.2310867907714844,0.03539610022899104,0.007070959208665306,42.0,682,2025-12-05 20:59:30+00:00,0.008333333333333333,40.55,0.20821917808219179
2025-12-05 21:00:00+00:00,2026-02-20 00:00:00+00:00,MSFT,MSFT260220P00520000,put,True,520.0,43.85,44.4,46.92,480.8399963378906,0.2278519598388672,0.03539610022899104,0.007070959208665306,291.0,996,2025-12-05 15:37:39+00:00,5.3725,44.125,0.20821917808219179
2025-12-05 21:00:00+00:00,2026-02-20 00:00:00+00:00,MSFT,MSFT260220P00525000,put,True,525.0,47.45,48.2,48.75,480.8399963378906,0.2258988543701172,0.03539610022899104,0.007070959208665306,3.0,573,2025-12-04 20:19:10+00:00,24.680555555555557,47.825,0.20821917808219179
2025-12-05 21:00:00+00:00,2026-02-20 00:00:00+00:00,MSFT,MSFT260220P00530000,put,True,530.0,51.3,52.05,53.5,480.8399963378906,0.222389367980957,0.03539610022899104,0.007070959208665306,1.0,364,2025-12-03 19:13:11+00:00,49.780277777777776,51.675,0.20821917808219179
2025-12-05 21:00:00+00:00,2026-02-20 00:00:00+00:00,MSFT,MSFT260220P00535000,put,True,535.0,55.25,56.1,56.72,480.8399963378906,0.21970384796142578,0.03539610022899104,0.007070959208665306,3.0,642,2025-12-03 14:43:11+00:00,54.280277777777776,55.675,0.20821917808219179
2025-12-05 21:00:00+00:00,2026-02-20 00:00:00+00:00,MSFT,MSFT260220P00540000,put,True,540.0,59.45,60.2,61.3,480.8399963378906,0.21537039520263673,0.03539610022899104,0.007070959208665306,1.0,198,2025-12-05 14:40:00+00:00,6.333333333333333,59.825,0.20821917808219179
2025-12-05 21:00:00+00:00,2026-02-20 00:00:00+00:00,MSFT,MSFT260220P00545000,put,True,545.0,63.65,64.6,68.28,480.8399963378906,0.21454642883300779,0.03539610022899104,0.007070959208665306,1.0,199,2025-12-04 17:41:49+00:00,27.303055555555556,64.125,0.20821917808219179
2025-12-05 21:00:00+00:00,2026-02-20 00:00:00+00:00,MSFT,MSFT260220P00550000,put,True,550.0,68.0,68.95,72.2,480.8399963378906,0.2101824588012695,0.03539610022899104,0.007070959208665306,40.0,240,2025-12-04 17:14:40+00:00,27.755555555555556,68.475,0.20821917808219179
2025-12-05 21:00:00+00:00,2026-02-20 00:00:00+00:00,MSFT,MSFT260220P00555000,put,True,555.0,72.5,73.5,73.3,480.8399963378906,0.2082598706054687,0.03539610022899104,0.007070959208665306,20.0,74,2025-12-03 18:14:09+00:00,50.76416666666667,73.0,0.20821917808219179
2025-12-05 21:00:00+00:00,2026-02-20 00:00:00+00:00,MSFT,MSFT260220P00560000,put,True,560.0,77.05,78.1,71.05,480.8399963378906,0.20520814331054685,0.03539610022899104,0.007070959208665306,14.0,38,2025-11-28 15:08:21+00:00,173.86083333333335,77.57499999999999,0.20821917808219179
2025-12-05 21:00:00+00:00,2026-02-20 00:00:00+00:00,MSFT,MSFT260220P00565000,put,True,565.0,81.05,83.7,75.3,480.8399963378906,0.23413851806640623,0.03539610022899104,0.007070959208665306,2.0,4,2025-11-28 15:17:56+00:00,173.70111111111112,82.375,0.20821917808219179
2025-12-05 21:00:00+00:00,2026-02-20 00:00:00+00:00,MSFT,MSFT260220P00570000,put,True,570.0,85.4,89.0,83.35,480.8399963378906,0.25269302001953126,0.03539610022899104,0.007070959208665306,3.0,4,2025-12-01 14:32:09+00:00,102.46416666666667,87.2,0.20821917808219179
2025-12-05 21:00:00+00:00,2026-02-20 00:00:00+00:00,MSFT,MSFT260220P00575000,put,True,575.0,90.3,93.9,103.9,480.8399963378906,0.2595899237060547,0.03539610022899104,0.007070959208665306,6.0,0,2025-11-25 15:46:37+00:00,245.22305555555556,92.1,0.20821917808219179
2025-12-05 21:00:00+00:00,2026-02-20 00:00:00+00:00,MSFT,MSFT260220P00580000,put,True,580.0,95.25,98.85,101.77,480.8399963378906,0.2676464837646484,0.03539610022899104,0.007070959208665306,5.0,0,2025-11-20 20:56:50+00:00,360.0527777777778,97.05,0.20821917808219179
2025-12-05 21:00:00+00:00,2026-02-20 00:00:00+00:00,MSFT,MSFT260220P00585000,put,True,585.0,93.25,96.9,72.75,480.8399963378906,1.0000000000000003e-05,0.03539610022899104,0.007070959208665306,15.0,0,2025-10-31 17:59:16+00:00,843.0122222222222,95.075,0.20821917808219179
2025-12-05 21:00:00+00:00,2026-02-20 00:00:00+00:00,MSFT,MSFT260220P00590000,put,True,590.0,105.2,108.35,107.55,480.8399963378906,0.2691723474121094,0.03539610022899104,0.007070959208665306,9.0,0,2025-11-20 17:02:25+00:00,363.95972222222224,106.775,0.20821917808219179
2025-12-05 21:00:00+00:00,2026-02-20 00:00:00+00:00,MSFT,MSFT260220P00595000,put,True,595.0,110.25,113.85,117.9,480.8399963378906,0.295356167602539,0.03539610022899104,0.007070959208665306,80.0,0,2025-11-20 20:29:17+00:00,360.51194444444445,112.05,0.20821917808219179
2025-12-05 21:00:00+00:00,2026-02-20 00:00:00+00:00,MSFT,MSFT260220P00600000,put,True,600.0,115.25,118.85,119.15,480.8399963378906,0.3042672113037109,0.03539610022899104,0.007070959208665306,140.0,0,2025-11-20 20:29:17+00:00,360.51194444444445,117.05,0.20821917808219179
2025-12-05 21:00:00+00:00,2026-02-20 00:00:00+00:00,MSFT,MSFT260220P00605000,put,True,605.0,120.25,123.85,124.2,480.8399963378906,0.3130561859130859,0.03539610022899104,0.007070959208665306,130.0,0,2025-11-20 20:29:17+00:00,360.51194444444445,122.05,0.20821917808219179
2025-12-05 21:00:00+00:00,2026-02-20 00:00:00+00:00,MSFT,MSFT260220P00610000,put,True,610.0,125.2,128.85,130.05,480.8399963378906,0.3217841259765625,0.03539610022899104,0.007070959208665306,80.0,0,2025-11-20 20:38:36+00:00,360.3566666666667,127.025,0.20821917808219179
2025-12-05 21:00:00+00:00,2026-02-20 00:00:00+00:00,MSFT,MSFT260220P00615000,put,True,615.0,130.15,133.85,123.11,480.8399963378906,0.3303289624023437,0.03539610022899104,0.007070959208665306,22.0,0,2025-12-02 15:56:23+00:00,77.06027777777778,132.0,0.20821917808219179
2025-12-05 21:00:00+00:00,2026-02-20 00:00:00+00:00,MSFT,MSFT260220P00620000,put,True,620.0,135.2,138.8,144.02,480.8399963378906,0.336920693359375,0.03539610022899104,0.007070959208665306,6.0,0,2025-11-24 20:58:16+00:00,264.0288888888889,137.0,0.20821917808219179
2025-12-05 21:00:00+00:00,2026-02-20 00:00:00+00:00,MSFT,MSFT260220P00625000,put,True,625.0,140.25,143.85,144.9,480.8399963378906,0.34705242797851554,0.03539610022899104,0.007070959208665306,3.0,0,2025-11-25 20:52:17+00:00,240.1286111111111,142.05,0.20821917808219179
2025-12-05 21:00:00+00:00,2026-02-20 00:00:00+00:00,MSFT,MSFT260220P00630000,put,True,630.0,138.35,141.9,98.26,480.8399963378906,1.0000000000000003e-05,0.03539610022899104,0.007070959208665306,,0,2025-10-30 13:33:50+00:00,871.4361111111111,140.125,0.20821917808219179
2025-12-05 21:00:00+00:00,2026-02-20 00:00:00+00:00,MSFT,MSFT260220P00635000,put,True,635.0,155.9,159.25,113.0,480.8399963378906,0.5001575863647462,0.03539610022899104,0.007070959208665306,,0,2025-10-22 16:30:39+00:00,1060.4891666666667,157.575,0.20821917808219179
2025-12-05 21:00:00+00:00,2026-02-20 00:00:00+00:00,MSFT,MSFT260220P00640000,put,True,640.0,148.8,151.4,106.9,480.8399963378906,1.0000000000000003e-05,0.03539610022899104,0.007070959208665306,,0,2025-10-30 13:34:25+00:00,871.4263888888889,150.10000000000002,0.20821917808219179
2025-12-05 21:00:00+00:00,2026-02-20 00:00:00+00:00,MSFT,MSFT260220P00645000,put,True,645.0,153.35,156.4,105.55,480.8399963378906,1.0000000000000003e-05,0.03539610022899104,0.007070959208665306,,0,2025-10-29 19:59:59+00:00,889.0002777777778,154.875,0.20821917808219179
2025-12-05 21:00:00+00:00,2026-02-20 00:00:00+00:00,MSFT,MSFT260220P00650000,put,True,650.0,158.8,161.4,114.4,480.8399963378906,1.0000000000000003e-05,0.03539610022899104,0.007070959208665306,,0,2025-10-29 18:41:27+00:00,890.3091666666667,160.10000000000002,0.20821917808219179
2025-12-05 21:00:00+00:00,2026-02-20 00:00:00+00:00,MSFT,MSFT260220P00655000,put,True,655.0,163.8,166.4,111.7,480.8399963378906,1.0000000000000003e-05,0.03539610022899104,0.007070959208665306,,0,2025-10-28 13:39:44+00:00,919.3377777777778,165.10000000000002,0.20821917808219179
2025-12-05 21:00:00+00:00,2026-02-20 00:00:00+00:00,MSFT,MSFT260220P00660000,put,True,660.0,168.35,171.9,122.35,480.8399963378906,1.0000000000000003e-05,0.03539610022899104,0.007070959208665306,,0,2025-10-29 18:36:00+00:00,890.4,170.125,0.20821917808219179
2025-12-05 21:00:00+00:00,2026-02-20 00:00:00+00:00,MSFT,MSFT260220P00670000,put,True,670.0,178.35,181.9,129.44,480.8399963378906,1.0000000000000003e-05,0.03539610022899104,0.007070959208665306,,0,2025-10-28 15:59:48+00:00,917.0033333333333,180.125,0.20821917808219179
2025-12-05 21:00:00+00:00,2026-03-20 00:00:00+00:00,MSFT,MSFT260320C00175000,call,True,175.0,308.15,311.75,330.05,480.8399963378906,1.0031788122558591,0.03539610022899104,0.007070959208665306,16.0,51,2025-11-13 20:30:21+00:00,528.4941666666666,309.95,0.28493150684931506
2025-12-05 21:00:00+00:00,2026-03-20 00:00:00+00:00,MSFT,MSFT260320C00180000,call,True,180.0,309.95,313.85,338.4,480.8399963378906,1.3703644763183593,0.03539610022899104,0.007070959208665306,34.0,16,2025-10-31 16:01:07+00:00,844.9813888888889,311.9,0.28493150684931506
2025-12-05 21:00:00+00:00,2026-03-20 00:00:00+00:00,MSFT,MSFT260320C00185000,call,True,185.0,298.15,301.9,320.23,480.8399963378906,0.9592289233398437,0.03539610022899104,0.007070959208665306,11.0,22,2025-11-13 20:33:29+00:00,528.4419444444444,300.025,0.28493150684931506
2025-12-05 21:00:00+00:00,2026-03-20 00:00:00+00:00,MSFT,MSFT260320C00190000,call,True,190.0,293.1,296.95,315.27,480.8399963378906,0.9348151049804687,0.03539610022899104,0.007070959208665306,25.0,33,2025-11-13 20:32:45+00:00,528.4541666666667,295.025,0.28493150684931506
2025-12-05 21:00:00+00:00,2026-03-20 00:00:00+00:00,MSFT,MSFT260320C00195000,call,True,195.0,283.3,286.8,329.59,480.8399963378906,1.0000000000000003e-05,0.03539610022899104,0.007070959208665306,2.0,2,2025-10-22 14:36:09+00:00,1062.3975,285.05,0.28493150684931506
2025-12-05 21:00:00+00:00,2026-03-20 00:00:00+00:00,MSFT,MSFT260320C00200000,call,True,200.0,283.35,287.1,289.0,480.8399963378906,0.9040536938476562,0.03539610022899104,0.007070959208665306,15.0,17,2025-11-26 17:24:09+00:00,219.5975,285.225,0.28493150684931506
2025-12-05 21:00:00+00:00,2026-03-20 00:00:00+00:00,MSFT,MSFT260320C00210000,call,True,210.0,268.35,272.25,248.0,480.8399963378906,1.0000000000000003e-05,0.03539610022899104,0.007070959208665306,1.0,2,2025-05-16 17:35:41+00:00,4875.405277777778,270.3,0.28493150684931506
2025-12-05 21:00:00+00:00,2026-03-20 00:00:00+00:00,MSFT,MSFT260320C00220000,call,True,220.0,263.7,267.4,293.0,480.8399963378906,0.8381363842773437,0.03539610022899104,0.007070959208665306,1.0,2,2025-11-12 20:00:03+00:00,552.9991666666666,265.54999999999995,0.28493150684931506
2025-12-05 21:00:00+00:00,2026-03-20 00:00:00+00:00,MSFT,MSFT260320C00230000,call,True,230.0,225.35,229.85,158.71,480.8399963378906,1.0000000000000003e-05,0.03539610022899104,0.007070959208665306,,1,2025-04-23 15:06:39+00:00,5429.889166666667,227.6,0.28493150684931506
2025-12-05 21:00:00+00:00,2026-03-20 00:00:00+00:00,MSFT,MSFT260320C00240000,call,True,240.0,244.0,247.55,241.65,480.8399963378906,0.7688011401367189,0.03539610022899104,0.007070959208665306,1.0,34,2025-12-04 19:43:26+00:00,25.27611111111111,245.775,0.28493150684931506
2025-12-05 21:00:00+00:00,2026-03-20 00:00:00+00:00,MSFT,MSFT260320C00250000,call,True,250.0,233.9,237.7,234.06,480.8399963378906,0.7307155834960937,0.03539610022899104,0.007070959208665306,20.0,31,2025-12-03 17:16:33+00:00,51.72416666666667,235.8,0.28493150684931506
2025-12-05 21:00:00+00:00,2026-03-20 00:00:00+00:00,MSFT,MSFT260320C00260000,call,True,260.0,224.3,227.85,234.74,480.8399963378906,0.7069121105957032,0.03539610022899104,0.007070959208665306,1.0,28,2025-12-02 16:21:25+00:00,76.64305555555555,226.075,0.28493150684931506
2025-12-05 21:00:00+00:00,2026-03-20 00:00:00+00:00,MSFT,MSFT260320C00270000,call,True,270.0,214.9,217.95,251.11,480.8399963378906,0.6860382958984376,0.03539610022899104,0.007070959208665306,3.0,44,2025-11-03 18:50:40+00:00,770.1555555555556,216.425,0.28493150684931506
2025-12-05 21:00:00+00:00,2026-03-20 00:00:00+00:00,MSFT,MSFT260320C00280000,call,True,280.0,205.1,208.35,232.31,480.8399963378906,0.6621127539062501,0.03539610022899104,0.007070959208665306,1.0,28,2025-11-13 17:47:34+00:00,531.2072222222222,206.725,0.28493150684931506
2025-12-05 21:00:00+00:00,2026-03-20 00:00:00+00:00,MSFT,MSFT260320C00290000,call,True,290.0,231.25,234.4,213.5,480.8399963378906,1.3885223445129393,0.03539610022899104,0.007070959208665306,2.0,30,2025-09-05 15:45:31+00:00,2189.241388888889,232.825,0.28493150684931506
2025-12-05 21:00:00+00:00,2026-03-20 00:00:00+00:00,MSFT,MSFT260320C00300000,call,True,300.0,185.5,188.55,173.52,480.8399963378906,0.6023599334716798,0.03539610022899104,0.007070959208665306,1.0,353,2025-11-25 15:13:58+00:00,245.76722222222222,187.025,0.28493150684931506
2025-12-05 21:00:00+00:00,2026-03-20 00:00:00+00:00,MSFT,MSFT260320C00310000,call,True,310.0,175.7,179.15,182.14,480.8399963378906,0.5816081878662109,0.03539610022899104,0.007070959208665306,1.0,43,2025-11-19 20:34:48+00:00,384.42,177.425,0.28493150684931506
2025-12-05 21:00:00+00:00,2026-03-20 00:00:00+00:00,MSFT,MSFT260320C00320000,call,True,320.0,165.55,169.2,154.25,480.8399963378906,0.5459640130615235,0.03539610022899104,0.007070959208665306,1.0,90,2025-11-25 15:13:58+00:00,245.76722222222222,167.375,0.28493150684931506
2025-12-05 21:00:00+00:00,2026-03-20 00:00:00+00:00,MSFT,MSFT260320C00330000,call,True,330.0,156.25,159.0,150.25,480.8399963378906,0.520390538330078,0.03539610022899104,0.007070959208665306,1.0,48,2025-11-21 14:46:43+00:00,342.2213888888889,157.625,0.28493150684931506
2025-12-05 21:00:00+00:00,2026-03-20 00:00:00+00:00,MSFT,MSFT260320C00340000,call,True,340.0,146.6,148.65,155.34,480.8399963378906,0.5154467401123046,0.03539610022899104,0.007070959208665306,4.0,84,2025-12-02 19:59:46+00:00,73.0038888888889,147.625,0.28493150684931506
2025-12-05 21:00:00+00:00,2026-03-20 00:00:00+00:00,MSFT,MSFT260320C00350000,call,True,350.0,137.0,139.8,135.1,480.8399963378906,0.5094348373413086,0.03539610022899104,0.007070959208665306,23.0,220,2025-12-04 18:54:58+00:00,26.08388888888889,138.4,0.28493150684931506
2025-12-05 21:00:00+00:00,2026-03-20 00:00:00+00:00,MSFT,MSFT260320C00360000,call,True,360.0,127.0,130.25,123.01,480.8399963378906,0.48529567443847654,0.03539610022899104,0.007070959208665306,1.0,228,2025-12-04 19:31:48+00:00,25.47,128.625,0.28493150684931506
2025-12-05 21:00:00+00:00,2026-03-20 00:00:00+00:00,MSFT,MSFT260320C00370000,call,True,370.0,118.0,121.5,128.18,480.8399963378906,0.4762015270996094,0.03539610022899104,0.007070959208665306,1.0,307,2025-11-28 17:26:56+00:00,171.5511111111111,119.75,0.28493150684931506
2025-12-05 21:00:00+00:00,2026-03-20 00:00:00+00:00,MSFT,MSFT260320C00380000,call,True,380.0,108.7,111.3,105.76,480.8399963378906,0.4383295913696289,0.03539610022899104,0.007070959208665306,3.0,891,2025-12-04 19:45:22+00:00,25.24388888888889,110.0,0.28493150684931506
2025-12-05 21:00:00+00:00,2026-03-20 00:00:00+00:00,MSFT,MSFT260320C00390000,call,True,390.0,100.45,101.25,96.8,480.8399963378906,0.403875590209961,0.03539610022899104,0.007070959208665306,81.0,508,2025-12-04 18:44:53+00:00,26.251944444444444,100.85,0.28493150684931506
2025-12-05 21:00:00+00:00,2026-03-20 00:00:00+00:00,MSFT,MSFT260320C00400000,call,True,400.0,91.35,92.3,91.75,480.8399963378906,0.38779298736572265,0.03539610022899104,0.007070959208665306,52.0,865,2025-12-05 20:58:09+00:00,0.030833333333333334,91.82499999999999,0.28493150684931506
2025-12-05 21:00:00+00:00,2026-03-20 00:00:00+00:00,MSFT,MSFT260320C00405000,call,True,405.0,87.0,87.85,78.7,480.8399963378906,0.37933970275878903,0.03539610022899104,0.007070959208665306,1.0,26,2025-11-25 16:20:41+00:00,244.65527777777777,87.425,0.28493150684931506
2025-12-05 21:00:00+00:00,2026-03-20 00:00:00+00:00,MSFT,MSFT260320C00410000,call,True,410.0,82.6,83.5,91.48,480.8399963378906,0.37186297088623044,0.03539610022899104,0.007070959208665306,122.0,600,2025-12-02 17:51:35+00:00,75.14027777777778,83.05,0.28493150684931506
2025-12-05 21:00:00+00:00,2026-03-20 00:00:00+00:00,MSFT,MSFT260320C00415000,call,True,415.0,78.3,79.15,77.33,480.8399963378906,0.36377589355468753,0.03539610022899104,0.007070959208665306,1.0,49,2025-12-05 19:51:04+00:00,1.1488888888888888,78.725,0.28493150684931506
2025-12-05 21:00:00+00:00,2026-03-20 00:00:00+00:00,MSFT,MSFT260320C00420000,call,True,420.0,74.1,74.9,69.55,480.8399963378906,0.35645174804687496,0.03539610022899104,0.007070959208665306,2.0,892,2025-12-04 16:14:33+00:00,28.7575,74.5,0.28493150684931506
2025-12-05 21:00:00+00:00,2026-03-20 00:00:00+00:00,MSFT,MSFT260320C00425000,call,True,425.0,69.95,70.8,70.5,480.8399963378906,0.35040932800292957,0.03539610022899104,0.007070959208665306,10.0,38,2025-12-05 15:29:06+00:00,5.515,70.375,0.28493150684931506
2025-12-05 21:00:00+00:00,2026-03-20 00:00:00+00:00,MSFT,MSFT260320C00430000,call,True,430.0,65.9,66.8,62.85,480.8399963378906,0.3448246670532227,0.03539610022899104,0.007070959208665306,22.0,901,2025-12-04 15:47:23+00:00,29.210277777777776,66.35,0.28493150684931506
2025-12-05 21:00:00+00:00,2026-03-20 00:00:00+00:00,MSFT,MSFT260320C00435000,call,True,435.0,61.95,62.75,57.23,480.8399963378906,0.33777517700195314,0.03539610022899104,0.007070959208665306,14.0,52,2025-12-03 15:08:30+00:00,53.858333333333334,62.35,0.28493150684931506
2025-12-05 21:00:00+00:00,2026-03-20 00:00:00+00:00,MSFT,MSFT260320C00440000,call,True,440.0,58.1,58.85,57.68,480.8399963378906,0.33170223968505863,0.03539610022899104,0.007070959208665306,2.0,1516,2025-12-05 14:56:52+00:00,6.052222222222222,58.475,0.28493150684931506
2025-12-05 21:00:00+00:00,2026-03-20 00:00:00+00:00,MSFT,MSFT260320C00445000,call,True,445.0,54.35,55.1,54.35,480.8399963378906,0.3264532687377929,0.03539610022899104,0.007070959208665306,1.0,82,2025-12-05 15:35:19+00:00,5.411388888888889,54.725,0.28493150684931506
2025-12-05 21:00:00+00:00,2026-03-20 00:00:00+00:00,MSFT,MSFT260320C00450000,call,True,450.0,50.7,51.5,49.5,480.8399963378906,0.3218909364318847,0.03539610022899104,0.007070959208665306,31.0,1708,2025-12-05 20:50:32+00:00,0.15777777777777777,51.1,0.28493150684931506
2025-12-05 21:00:00+00:00,2026-03-20 00:00:00+00:00,MSFT,MSFT260320C00455000,call,True,455.0,47.3,47.9,45.45,480.8399963378906,0.31632153411865227,0.03539610022899104,0.007070959208665306,1.0,511,2025-12-05 17:06:11+00:00,3.8969444444444443,47.599999999999994,0.28493150684931506
2025-12-05 21:00:00+00:00,2026-03-20 00:00:00+00:00,MSFT,MSFT260320C00460000,call,True,460.0,43.95,44.55,43.6,480.8399963378906,0.3123237713623046,0.03539610022899104,0.007070959208665306,21.0,766,2025-12-05 20:44:45+00:00,0.25416666666666665,44.25,0.28493150684931506
2025-12-05 21:00:00+00:00,2026-03-20 00:00:00+00:00,MSFT,MSFT260320C00465000,call,True,465.0,40.7,41.25,40.15,480.8399963378906,0.3077766976928711,0.03539610022899104,0.007070959208665306,2.0,174,2025-12-05 20:21:12+00:00,0.6466666666666666,40.975,0.28493150684931506
2025-12-05 21:00:00+00:00,2026-03-20 00:00:00+00:00,MSFT,MSFT260320C00470000,call,True,470.0,37.65,38.1,37.72,480.8399963378906,0.30359583129882806,0.03539610022899104,0.007070959208665306,24.0,870,2025-12-05 20:58:08+00:00,0.03111111111111111,37.875,0.28493150684931506
2025-12-05 21:00:00+00:00,2026-03-20 00:00:00+00:00,MSFT,MSFT260320C00475000,call,True,475.0,34.7,35.0,34.35,480.8399963378906,0.2987893608093261,0.03539610022899104,0.007070959208665306,70.0,686,2025-12-05 20:44:37+00:00,0.2563888888888889,34.85,0.28493150684931506
2025-12-05 21:00:00+00:00,2026-03-20 00:00:00+00:00,MSFT,MSFT260320C00480000,call,True,480.0,31.9,32.15,32.0,480.8399963378906,0.29526461578369134,0.03539610022899104,0.007070959208665306,224.0,2122,2025-12-05 20:56:17+00:00,0.06194444444444445,32.025,0.28493150684931506
2025-12-05 21:00:00+00:00,2026-03-20 00:00:00+00:00,MSFT,MSFT260320C00485000,call,False,485.0,29.2,29.45,29.1,480.8399963378906,0.29196875030517566,0.03539610022899104,0.007070959208665306,423.0,880,2025-12-05 20:53:53+00:00,0.10194444444444445,29.325,0.28493150684931506
2025-12-05 21:00:00+00:00,2026-03-20 00:00:00+00:00,MSFT,MSFT260320C00490000,call,False,490.0,26.7,26.95,26.8,480.8399963378906,0.2893747821044921,0.03539610022899104,0.007070959208665306,136.0,1850,2025-12-05 20:23:06+00:00,0.615,26.825,0.28493150684931506
2025-12-05 21:00:00+00:00,2026-03-20 00:00:00+00:00,MSFT,MSFT260320C00495000,call,False,495.0,24.35,24.6,23.79,480.8399963378906,0.2869944348144531,0.03539610022899104,0.007070959208665306,49.0,840,2025-12-05 20:27:05+00:00,0.5486111111111112,24.475,0.28493150684931506
2025-12-05 21:00:00+00:00,2026-03-20 00:00:00+00:00,MSFT,MSFT260320C00500000,call,False,500.0,22.15,22.35,22.33,480.8399963378906,0.28432417343139643,0.03539610022899104,0.007070959208665306,237.0,4782,2025-12-05 20:59:43+00:00,0.004722222222222222,22.25,0.28493150684931506
2025-12-05 21:00:00+00:00,2026-03-20 00:00:00+00:00,MSFT,MSFT260320C00505000,call,False,505.0,20.1,20.3,19.55,480.8399963378906,0.28234055068969727,0.03539610022899104,0.007070959208665306,14.0,1019,2025-12-05 20:28:02+00:00,0.5327777777777778,20.200000000000003,0.28493150684931506
2025-12-05 21:00:00+00:00,2026-03-20 00:00:00+00:00,MSFT,MSFT260320C00510000,call,False,510.0,18.2,18.35,18.2,480.8399963378906,0.28008227249145495,0.03539610022899104,0.007070959208665306,24.0,2296,2025-12-05 20:55:49+00:00,0.06972222222222223,18.275,0.28493150684931506
2025-12-05 21:00:00+00:00,2026-03-20 00:00:00+00:00,MSFT,MSFT260320C00515000,call,False,515.0,16.4,16.6,15.45,480.8399963378906,0.27858692611694336,0.03539610022899104,0.007070959208665306,34.0,1700,2025-12-05 17:14:06+00:00,3.765,16.5,0.28493150684931506
2025-12-05 21:00:00+00:00,2026-03-20 00:00:00+00:00,MSFT,MSFT260320C00520000,call,False,520.0,14.8,14.95,14.95,480.8399963378906,0.27686270019531245,0.03539610022899104,0.007070959208665306,53.0,3592,2025-12-05 20:59:22+00:00,0.010555555555555556,14.875,0.28493150684931506
2025-12-05 21:00:00+00:00,2026-03-20 00:00:00+00:00,MSFT,MSFT260320C00525000,call,False,525.0,13.3,13.45,13.0,480.8399963378906,0.2754894229125976,0.03539610022899104,0.007070959208665306,87.0,1689,2025-12-05 19:45:46+00:00,1.2372222222222222,13.375,0.28493150684931506
2025-12-05 21:00:00+00:00,2026-03-20 00:00:00+00:00,MSFT,MSFT260320C00530000,call,False,530.0,11.9,12.1,11.85,480.8399963378906,0.2745433874511719,0.03539610022899104,0.007070959208665306,109.0,4256,2025-12-05 20:53:47+00:00,0.10361111111111111,12.0,0.28493150684931506
2025-12-05 21:00:00+00:00,2026-03-20 00:00:00+00:00,MSFT,MSFT260320C00535000,call,False,535.0,10.65,10.85,10.65,480.8399963378906,0.2735058001708984,0.03539610022899104,0.007070959208665306,21.0,1083,2025-12-05 20:56:47+00:00,0.05361111111111111,10.75,0.28493150684931506
2025-12-05 21:00:00+00:00,2026-03-20 00:00:00+00:00,MSFT,MSFT260320C00540000,call,False,540.0,9.55,9.7,9.42,480.8399963378906,0.27246821289062495,0.03539610022899104,0.007070959208665306,32.0,3356,2025-12-05 20:36:50+00:00,0.3861111111111111,9.625,0.28493150684931506
2025-12-05 21:00:00+00:00,2026-03-20 00:00:00+00:00,MSFT,MSFT260320C00545000,call,False,545.0,8.5,8.65,8.35,480.8399963378906,0.27149166015625,0.03539610022899104,0.007070959208665306,79.0,868,2025-12-05 20:49:55+00:00,0.16805555555555557,8.575,0.28493150684931506
2025-12-05 21:00:00+00:00,2026-03-20 00:00:00+00:00,MSFT,MSFT260320C00550000,call,False,550.0,7.6,7.75,7.55,480.8399963378906,0.27127803924560545,0.03539610022899104,0.007070959208665306,79.0,3993,2025-12-05 20:46:52+00:00,0.21888888888888888,7.675,0.28493150684931506
2025-12-05 21:00:00+00:00,2026-03-20 00:00:00+00:00,MSFT,MSFT260320C00555000,call,False,555.0,6.75,6.9,6.56,480.8399963378906,0.2706371765136719,0.03539610022899104,0.007070959208665306,31.0,655,2025-12-05 19:52:08+00:00,1.1311111111111112,6.825,0.28493150684931506
2025-12-05 21:00:00+00:00,2026-03-20 00:00:00+00:00,MSFT,MSFT260320C00560000,call,False,560.0,6.05,6.15,6.11,480.8399963378906,0.27033200378417965,0.03539610022899104,0.007070959208665306,8.0,3765,2025-12-05 20:59:36+00:00,0.006666666666666667,6.1,0.28493150684931506
2025-12-05 21:00:00+00:00,2026-03-20 00:00:00+00:00,MSFT,MSFT260320C00565000,call,False,565.0,5.35,5.5,5.19,480.8399963378906,0.270515107421875,0.03539610022899104,0.007070959208665306,6.0,1008,2025-12-05 19:54:27+00:00,1.0925,5.425,0.28493150684931506
2025-12-05 21:00:00+00:00,2026-03-20 00:00:00+00:00,MSFT,MSFT260320C00570000,call,False,570.0,4.75,4.9,4.65,480.8399963378906,0.2704845901489258,0.03539610022899104,0.007070959208665306,9.0,2244,2025-12-05 19:13:06+00:00,1.7816666666666667,4.825,0.28493150684931506
2025-12-05 21:00:00+00:00,2026-03-20 00:00:00+00:00,MSFT,MSFT260320C00575000,call,False,575.0,4.2,4.35,4.17,480.8399963378906,0.27033200378417965,0.03539610022899104,0.007070959208665306,751.0,3235,2025-12-05 20:35:30+00:00,0.4083333333333333,4.275,0.28493150684931506
2025-12-05 21:00:00+00:00,2026-03-20 00:00:00+00:00,MSFT,MSFT260320C00580000,call,False,580.0,3.75,3.85,3.8,480.8399963378906,0.27008786560058595,0.03539610022899104,0.007070959208665306,6.0,1121,2025-12-05 20:57:44+00:00,0.03777777777777778,3.8,0.28493150684931506
2025-12-05 21:00:00+00:00,2026-03-20 00:00:00+00:00,MSFT,MSFT260320C00585000,call,False,585.0,3.3,3.45,3.35,480.8399963378906,0.27082028015136717,0.03539610022899104,0.007070959208665306,3.0,773,2025-12-05 14:47:26+00:00,6.209444444444444,3.375,0.28493150684931506
2025-12-05 21:00:00+00:00,2026-03-20 00:00:00+00:00,MSFT,MSFT260320C00590000,call,False,590.0,2.78,3.1,2.75,480.8399963378906,0.2718273501586914,0.03539610022899104,0.007070959208665306,11.0,778,2025-12-05 17:52:06+00:00,3.131666666666667,2.94,0.28493150684931506
2025-12-05 21:00:00+00:00,2026-03-20 00:00:00+00:00,MSFT,MSFT260320C00595000,call,False,595.0,2.25,3.45,2.4,480.8399963378906,0.28778788391113275,0.03539610022899104,0.007070959208665306,28.0,1237,2025-12-05 17:08:34+00:00,3.857222222222222,2.85,0.28493150684931506
2025-12-05 21:00:00+00:00,2026-03-20 00:00:00+00:00,MSFT,MSFT260320C00600000,call,False,600.0,2.26,2.5,2.36,480.8399963378906,0.2738109729003906,0.03539610022899104,0.007070959208665306,20.0,4487,2025-12-05 20:49:38+00:00,0.17277777777777778,2.38,0.28493150684931506
2025-12-05 21:00:00+00:00,2026-03-20 00:00:00+00:00,MSFT,MSFT260320C00610000,call,False,610.0,1.86,2.47,1.83,480.8399963378906,0.2884287466430663,0.03539610022899104,0.007070959208665306,1.0,873,2025-12-04 18:50:13+00:00,26.163055555555555,2.165,0.28493150684931506
2025-12-05 21:00:00+00:00,2026-03-20 00:00:00+00:00,MSFT,MSFT260320C00620000,call,False,620.0,1.45,1.5,1.44,480.8399963378906,0.273444765625,0.03539610022899104,0.007070959208665306,20.0,2834,2025-12-05 20:48:33+00:00,0.19083333333333333,1.475,0.28493150684931506
2025-12-05 21:00:00+00:00,2026-03-20 00:00:00+00:00,MSFT,MSFT260320C00630000,call,False,630.0,1.15,1.22,1.08,480.8399963378906,0.2761302856445312,0.03539610022899104,0.007070959208665306,3.0,1640,2025-12-04 20:15:48+00:00,24.736666666666668,1.185,0.28493150684931506
2025-12-05 21:00:00+00:00,2026-03-20 00:00:00+00:00,MSFT,MSFT260320C00640000,call,False,640.0,0.92,0.97,0.92,480.8399963378906,0.2776561492919921,0.03539610022899104,0.007070959208665306,9.0,1498,2025-12-05 18:58:42+00:00,2.0216666666666665,0.9450000000000001,0.28493150684931506
2025-12-05 21:00:00+00:00,2026-03-20 00:00:00+00:00,MSFT,MSFT260320C00650000,call,False,650.0,0.72,0.78,0.74,480.8399963378906,0.27967028930664056,0.03539610022899104,0.007070959208665306,4.0,2386,2025-12-05 18:58:01+00:00,2.0330555555555554,0.75,0.28493150684931506
2025-12-05 21:00:00+00:00,2026-03-20 00:00:00+00:00,MSFT,MSFT260320C00660000,call,False,660.0,0.56,0.62,0.58,480.8399963378906,0.28125718749999995,0.03539610022899104,0.007070959208665306,5.0,1368,2025-12-05 18:57:25+00:00,2.0430555555555556,0.5900000000000001,0.28493150684931506
2025-12-05 21:00:00+00:00,2026-03-20 00:00:00+00:00,MSFT,MSFT260320C00680000,call,False,680.0,0.34,0.39,0.37,480.8399963378906,0.284064776611328,0.03539610022899104,0.007070959208665306,14.0,2442,2025-12-05 18:57:43+00:00,2.0380555555555557,0.365,0.28493150684931506
2025-12-05 21:00:00+00:00,2026-03-20 00:00:00+00:00,MSFT,MSFT260320C00700000,call,False,700.0,0.2,0.26,0.22,480.8399963378906,0.28882547119140617,0.03539610022899104,0.007070959208665306,3.0,1528,2025-12-05 16:07:05+00:00,4.881944444444445,0.23,0.28493150684931506
2025-12-05 21:00:00+00:00,2026-03-20 00:00:00+00:00,MSFT,MSFT260320C00720000,call,False,720.0,0.12,0.17,0.13,480.8399963378906,0.29273168212890616,0.03539610022899104,0.007070959208665306,250.0,402,2025-12-04 19:30:58+00:00,25.483888888888888,0.14500000000000002,0.28493150684931506
2025-12-05 21:00:00+00:00,2026-03-20 00:00:00+00:00,MSFT,MSFT260320C00740000,call,False,740.0,0.08,0.12,0.11,480.8399963378906,0.29883513671874995,0.03539610022899104,0.007070959208665306,87.0,2880,2025-12-05 19:58:36+00:00,1.0233333333333334,0.1,0.28493150684931506
2025-12-05 21:00:00+00:00,2026-03-20 00:00:00+00:00,MSFT,MSFT260320P00175000,put,False,175.0,0.0,0.44,0.03,480.8399963378906,0.7490259472656251,0.03539610022899104,0.007070959208665306,2.0,235,2025-11-20 17:39:28+00:00,363.34222222222223,0.22,0.28493150684931506
2025-12-05 21:00:00+00:00,2026-03-20 00:00:00+00:00,MSFT,MSFT260320P00180000,put,False,180.0,0.0,0.44,0.03,480.8399963378906,0.729494892578125,0.03539610022899104,0.007070959208665306,1.0,21,2025-12-02 17:41:17+00:00,75.31194444444445,0.22,0.28493150684931506
2025-12-05 21:00:00+00:00,2026-03-20 00:00:00+00:00,MSFT,MSFT260320P00185000,put,False,185.0,0.0,0.44,0.03,480.8399963378906,0.709963837890625,0.03539610022899104,0.007070959208665306,1.0,20,2025-12-01 20:27:27+00:00,96.5425,0.22,0.28493150684931506
2025-12-05 21:00:00+00:00,2026-03-20 00:00:00+00:00,MSFT,MSFT260320P00190000,put,False,190.0,0.0,0.37,0.04,480.8399963378906,0.6782258740234376,0.03539610022899104,0.007070959208665306,1.0,29,2025-11-05 16:41:19+00:00,724.3113888888889,0.185,0.28493150684931506
2025-12-05 21:00:00+00:00,2026-03-20 00:00:00+00:00,MSFT,MSFT260320P00195000,put,False,195.0,0.0,0.27,0.05,480.8399963378906,0.63867548828125,0.03539610022899104,0.007070959208665306,62.0,568,2025-10-30 19:50:50+00:00,865.1527777777778,0.135,0.28493150684931506
2025-12-05 21:00:00+00:00,2026-03-20 00:00:00+00:00,MSFT,MSFT260320P00200000,put,False,200.0,0.01,0.46,0.05,480.8399963378906,0.6606479248046876,0.03539610022899104,0.007070959208665306,40.0,189,2025-11-26 16:49:38+00:00,220.17277777777778,0.23500000000000001,0.28493150684931506
2025-12-05 21:00:00+00:00,2026-03-20 00:00:00+00:00,MSFT,MSFT260320P00210000,put,False,210.0,0.0,0.55,0.05,480.8399963378906,0.6381872119140625,0.03539610022899104,0.007070959208665306,3.0,220,2025-11-11 14:30:40+00:00,582.4888888888889,0.275,0.28493150684931506
2025-12-05 21:00:00+00:00,2026-03-20 00:00:00+00:00,MSFT,MSFT260320P00220000,put,False,220.0,0.0,0.18,0.06,480.8399963378906,0.5351608984375,0.03539610022899104,0.007070959208665306,2.0,103,2025-12-03 18:38:40+00:00,50.355555555555554,0.09,0.28493150684931506
2025-12-05 21:00:00+00:00,2026-03-20 00:00:00+00:00,MSFT,MSFT260320P00230000,put,False,230.0,0.04,0.18,0.07,480.8399963378906,0.51758294921875,0.03539610022899104,0.007070959208665306,30.0,205,2025-12-05 17:59:07+00:00,3.0147222222222223,0.11,0.28493150684931506
2025-12-05 21:00:00+00:00,2026-03-20 00:00:00+00:00,MSFT,MSFT260320P00240000,put,False,240.0,0.0,0.63,0.12,480.8399963378906,0.5520064331054688,0.03539610022899104,0.007070959208665306,1.0,91,2025-12-01 20:21:34+00:00,96.64055555555555,0.315,0.28493150684931506
2025-12-05 21:00:00+00:00,2026-03-20 00:00:00+00:00,MSFT,MSFT260320P00250000,put,False,250.0,0.0,0.25,0.14,480.8399963378906,0.507817421875,0.03539610022899104,0.007070959208665306,15.0,1509,2025-12-04 18:00:06+00:00,26.998333333333335,0.125,0.28493150684931506
2025-12-05 21:00:00+00:00,2026-03-20 00:00:00+00:00,MSFT,MSFT260320P00260000,put,False,260.0,0.13,0.18,0.24,480.8399963378906,0.46143116699218756,0.03539610022899104,0.007070959208665306,51.0,615,2025-11-26 19:37:20+00:00,217.37777777777777,0.155,0.28493150684931506
2025-12-05 21:00:00+00:00,2026-03-20 00:00:00+00:00,MSFT,MSFT260320P00270000,put,False,270.0,0.17,0.22,0.2,480.8399963378906,0.4458063232421875,0.03539610022899104,0.007070959208665306,1.0,287,2025-12-05 19:21:37+00:00,1.6397222222222223,0.195,0.28493150684931506
2025-12-05 21:00:00+00:00,2026-03-20 00:00:00+00:00,MSFT,MSFT260320P00280000,put,False,280.0,0.25,0.28,0.25,480.8399963378906,0.4331111376953125,0.03539610022899104,0.007070959208665306,30.0,457,2025-12-05 17:59:07+00:00,3.0147222222222223,0.265,0.28493150684931506
2025-12-05 21:00:00+00:00,2026-03-20 00:00:00+00:00,MSFT,MSFT260320P00290000,put,False,290.0,0.29,0.35,0.35,480.8399963378906,0.41992767578125,0.03539610022899104,0.007070959208665306,1.0,657,2025-12-03 20:52:17+00:00,48.12861111111111,0.31999999999999995,0.28493150684931506
2025-12-05 21:00:00+00:00,2026-03-20 00:00:00+00:00,MSFT,MSFT260320P00300000,put,False,300.0,0.38,0.45,0.41,480.8399963378906,0.40845318115234375,0.03539610022899104,0.007070959208665306,2.0,1371,2025-12-05 20:47:55+00:00,0.2013888888888889,0.41500000000000004,0.28493150684931506
2025-12-05 21:00:00+00:00,2026-03-20 00:00:00+00:00,MSFT,MSFT260320P00310000,put,False,310.0,0.3,0.74,0.56,480.8399963378906,0.41309180664062495,0.03539610022899104,0.007070959208665306,1.0,479,2025-12-05 15:20:46+00:00,5.653888888888889,0.52,0.28493150684931506
2025-12-05 21:00:00+00:00,2026-03-20 00:00:00+00:00,MSFT,MSFT260320P00320000,put,False,320.0,0.51,0.81,0.64,480.8399963378906,0.3927062683105469,0.03539610022899104,0.007070959208665306,1.0,1441,2025-12-02 20:23:12+00:00,72.61333333333333,0.66,0.28493150684931506
2025-12-05 21:00:00+00:00,2026-03-20 00:00:00+00:00,MSFT,MSFT260320P00330000,put,False,330.0,0.59,1.07,0.82,480.8399963378906,0.3850159155273437,0.03539610022899104,0.007070959208665306,1.0,2291,2025-12-05 20:24:10+00:00,0.5972222222222222,0.8300000000000001,0.28493150684931506
2025-12-05 21:00:00+00:00,2026-03-20 00:00:00+00:00,MSFT,MSFT260320P00340000,put,False,340.0,0.83,1.08,1.04,480.8399963378906,0.35962554443359374,0.03539610022899104,0.007070959208665306,23.0,2080,2025-12-05 19:41:20+00:00,1.3111111111111111,0.9550000000000001,0.28493150684931506
2025-12-05 21:00:00+00:00,2026-03-20 00:00:00+00:00,MSFT,MSFT260320P00350000,put,False,350.0,1.29,1.35,1.31,480.8399963378906,0.3484562225341796,0.03539610022899104,0.007070959208665306,11.0,4599,2025-12-05 20:35:36+00:00,0.4066666666666667,1.32,0.28493150684931506
2025-12-05 21:00:00+00:00,2026-03-20 00:00:00+00:00,MSFT,MSFT260320P00360000,put,False,360.0,1.63,1.69,1.66,480.8399963378906,0.3377141424560547,0.03539610022899104,0.007070959208665306,1.0,980,2025-12-05 20:35:36+00:00,0.4066666666666667,1.66,0.28493150684931506
2025-12-05 21:00:00+00:00,2026-03-20 00:00:00+00:00,MSFT,MSFT260320P00370000,put,False,370.0,2.06,2.12,2.2,480.8399963378906,0.32746033874511715,0.03539610022899104,0.007070959208665306,1.0,1203,2025-12-05 17:11:09+00:00,3.8141666666666665,2.09,0.28493150684931506
2025-12-05 21:00:00+00:00,2026-03-20 00:00:00+00:00,MSFT,MSFT260320P00380000,put,False,380.0,2.6,2.67,2.64,480.8399963378906,0.31781688049316403,0.03539610022899104,0.007070959208665306,28.0,2012,2025-12-05 20:18:51+00:00,0.6858333333333333,2.635,0.28493150684931506
2025-12-05 21:00:00+00:00,2026-03-20 00:00:00+00:00,MSFT,MSFT260320P00390000,put,False,390.0,3.25,3.35,3.36,480.8399963378906,0.3082954913330078,0.03539610022899104,0.007070959208665306,4.0,1839,2025-12-05 20:47:49+00:00,0.20305555555555554,3.3,0.28493150684931506
2025-12-05 21:00:00+00:00,2026-03-20 00:00:00+00:00,MSFT,MSFT260320P00400000,put,False,400.0,4.1,4.25,4.2,480.8399963378906,0.3001778967285156,0.03539610022899104,0.007070959208665306,49.0,5207,2025-12-05 18:30:43+00:00,2.4880555555555555,4.175,0.28493150684931506
2025-12-05 21:00:00+00:00,2026-03-20 00:00:00+00:00,MSFT,MSFT260320P00405000,put,False,405.0,4.65,4.75,4.85,480.8399963378906,0.29560030578613283,0.03539610022899104,0.007070959208665306,213.0,1340,2025-12-05 14:41:05+00:00,6.315277777777778,4.7,0.28493150684931506
2025-12-05 21:00:00+00:00,2026-03-20 00:00:00+00:00,MSFT,MSFT260320P00410000,put,False,410.0,5.2,5.35,5.3,480.8399963378906,0.2919077157592772,0.03539610022899104,0.007070959208665306,353.0,2594,2025-12-05 20:14:53+00:00,0.7519444444444444,5.275,0.28493150684931506
2025-12-05 21:00:00+00:00,2026-03-20 00:00:00+00:00,MSFT,MSFT260320P00415000,put,False,415.0,5.85,6.0,6.09,480.8399963378906,0.287970987548828,0.03539610022899104,0.007070959208665306,21.0,401,2025-12-05 19:01:10+00:00,1.9805555555555556,5.925,0.28493150684931506
2025-12-05 21:00:00+00:00,2026-03-20 00:00:00+00:00,MSFT,MSFT260320P00420000,put,False,420.0,6.55,6.7,6.65,480.8399963378906,0.2837290866088866,0.03539610022899104,0.007070959208665306,4.0,4121,2025-12-05 20:57:43+00:00,0.03805555555555556,6.625,0.28493150684931506
2025-12-05 21:00:00+00:00,2026-03-20 00:00:00+00:00,MSFT,MSFT260320P00425000,put,False,425.0,7.35,7.5,7.6,480.8399963378906,0.27994494476318355,0.03539610022899104,0.007070959208665306,77.0,452,2025-12-05 18:57:21+00:00,2.0441666666666665,7.425,0.28493150684931506
2025-12-05 21:00:00+00:00,2026-03-20 00:00:00+00:00,MSFT,MSFT260320P00430000,put,False,430.0,8.25,8.4,8.55,480.8399963378906,0.2764201997375488,0.03539610022899104,0.007070959208665306,23.0,2346,2025-12-05 20:12:26+00:00,0.7927777777777778,8.325,0.28493150684931506
2025-12-05 21:00:00+00:00,2026-03-20 00:00:00+00:00,MSFT,MSFT260320P00435000,put,False,435.0,9.25,9.4,9.35,480.8399963378906,0.27304804107666014,0.03539610022899104,0.007070959208665306,4.0,592,2025-12-05 20:55:00+00:00,0.08333333333333333,9.325,0.28493150684931506
2025-12-05 21:00:00+00:00,2026-03-20 00:00:00+00:00,MSFT,MSFT260320P00440000,put,False,440.0,10.35,10.5,10.5,480.8399963378906,0.2696911410522461,0.03539610022899104,0.007070959208665306,1109.0,2403,2025-12-05 20:34:27+00:00,0.42583333333333334,10.425,0.28493150684931506
2025-12-05 21:00:00+00:00,2026-03-20 00:00:00+00:00,MSFT,MSFT260320P00445000,put,False,445.0,11.55,11.7,11.81,480.8399963378906,0.26630372375488287,0.03539610022899104,0.007070959208665306,3.0,822,2025-12-05 19:02:49+00:00,1.9530555555555555,11.625,0.28493150684931506
2025-12-05 21:00:00+00:00,2026-03-20 00:00:00+00:00,MSFT,MSFT260320P00450000,put,False,450.0,12.85,13.05,13.1,480.8399963378906,0.2633740655517578,0.03539610022899104,0.007070959208665306,98.0,3956,2025-12-05 20:54:24+00:00,0.09333333333333334,12.95,0.28493150684931506
2025-12-05 21:00:00+00:00,2026-03-20 00:00:00+00:00,MSFT,MSFT260320P00455000,put,False,455.0,14.3,14.5,14.5,480.8399963378906,0.26023078643798825,0.03539610022899104,0.007070959208665306,220.0,1952,2025-12-05 20:55:42+00:00,0.07166666666666667,14.4,0.28493150684931506
2025-12-05 21:00:00+00:00,2026-03-20 00:00:00+00:00,MSFT,MSFT260320P00460000,put,False,460.0,15.9,16.05,16.35,480.8399963378906,0.2568128518676758,0.03539610022899104,0.007070959208665306,16.0,1412,2025-12-05 19:06:56+00:00,1.8844444444444444,15.975000000000001,0.28493150684931506
2025-12-05 21:00:00+00:00,2026-03-20 00:00:00+00:00,MSFT,MSFT260320P00465000,put,False,465.0,17.6,17.8,17.95,480.8399963378906,0.2541273318481446,0.03539610022899104,0.007070959208665306,44.0,1842,2025-12-05 20:15:41+00:00,0.7386111111111111,17.700000000000003,0.28493150684931506
2025-12-05 21:00:00+00:00,2026-03-20 00:00:00+00:00,MSFT,MSFT260320P00470000,put,False,470.0,19.45,19.65,19.85,480.8399963378906,0.25106034591674803,0.03539610022899104,0.007070959208665306,114.0,2486,2025-12-05 20:53:39+00:00,0.10583333333333333,19.549999999999997,0.28493150684931506
2025-12-05 21:00:00+00:00,2026-03-20 00:00:00+00:00,MSFT,MSFT260320P00475000,put,False,475.0,21.5,21.7,22.1,480.8399963378906,0.2485426708984375,0.03539610022899104,0.007070959208665306,54.0,1812,2025-12-05 19:01:17+00:00,1.978611111111111,21.6,0.28493150684931506
2025-12-05 21:00:00+00:00,2026-03-20 00:00:00+00:00,MSFT,MSFT260320P00480000,put,False,480.0,23.65,23.85,24.08,480.8399963378906,0.24556723678588865,0.03539610022899104,0.007070959208665306,72.0,3312,2025-12-05 20:48:15+00:00,0.19583333333333333,23.75,0.28493150684931506
2025-12-05 21:00:00+00:00,2026-03-20 00:00:00+00:00,MSFT,MSFT260320P00485000,put,True,485.0,25.95,26.15,26.5,480.8399963378906,0.2425612854003906,0.03539610022899104,0.007070959208665306,92.0,1016,2025-12-05 20:48:44+00:00,0.18777777777777777,26.049999999999997,0.28493150684931506
2025-12-05 21:00:00+00:00,2026-03-20 00:00:00+00:00,MSFT,MSFT260320P00490000,put,True,490.0,28.4,28.65,28.59,480.8399963378906,0.24001309310913083,0.03539610022899104,0.007070959208665306,81.0,2680,2025-12-05 20:58:08+00:00,0.03111111111111111,28.525,0.28493150684931506
2025-12-05 21:00:00+00:00,2026-03-20 00:00:00+00:00,MSFT,MSFT260320P00495000,put,True,495.0,31.05,31.3,31.85,480.8399963378906,0.23738860763549802,0.03539610022899104,0.007070959208665306,2.0,872,2025-12-05 19:05:09+00:00,1.9141666666666666,31.175,0.28493150684931506
2025-12-05 21:00:00+00:00,2026-03-20 00:00:00+00:00,MSFT,MSFT260320P00500000,put,True,500.0,33.85,34.05,34.4,480.8399963378906,0.23419955261230468,0.03539610022899104,0.007070959208665306,29.0,2416,2025-12-05 20:45:13+00:00,0.24638888888888888,33.95,0.28493150684931506
2025-12-05 21:00:00+00:00,2026-03-20 00:00:00+00:00,MSFT,MSFT260320P00505000,put,True,505.0,36.8,37.05,37.75,480.8399963378906,0.23191075714111326,0.03539610022899104,0.007070959208665306,11.0,953,2025-12-05 19:02:09+00:00,1.9641666666666666,36.925,0.28493150684931506
2025-12-05 21:00:00+00:00,2026-03-20 00:00:00+00:00,MSFT,MSFT260320P00510000,put,True,510.0,39.85,40.1,43.9,480.8399963378906,0.22852333984375,0.03539610022899104,0.007070959208665306,2.0,1874,2025-12-04 18:12:13+00:00,26.796388888888888,39.975,0.28493150684931506
2025-12-05 21:00:00+00:00,2026-03-20 00:00:00+00:00,MSFT,MSFT260320P00515000,put,True,515.0,42.85,43.5,44.19,480.8399963378906,0.22716532119750976,0.03539610022899104,0.007070959208665306,10.0,1116,2025-12-05 18:30:21+00:00,2.4941666666666666,43.175,0.28493150684931506
2025-12-05 21:00:00+00:00,2026-03-20 00:00:00+00:00,MSFT,MSFT260320P00520000,put,True,520.0,46.25,46.9,48.53,480.8399963378906,0.22422040435791013,0.03539610022899104,0.007070959208665306,1.0,2008,2025-12-05 16:18:23+00:00,4.693611111111111,46.575,0.28493150684931506
2025-12-05 21:00:00+00:00,2026-03-20 00:00:00+00:00,MSFT,MSFT260320P00525000,put,True,525.0,49.8,50.45,50.8,480.8399963378906,0.22126022888183594,0.03539610022899104,0.007070959208665306,12.0,760,2025-12-05 20:16:49+00:00,0.7197222222222223,50.125,0.28493150684931506
2025-12-05 21:00:00+00:00,2026-03-20 00:00:00+00:00,MSFT,MSFT260320P00530000,put,True,530.0,53.45,54.15,54.72,480.8399963378906,0.21833057067871092,0.03539610022899104,0.007070959208665306,2.0,575,2025-12-05 17:20:51+00:00,3.6525,53.8,0.28493150684931506
2025-12-05 21:00:00+00:00,2026-03-20 00:00:00+00:00,MSFT,MSFT260320P00535000,put,True,535.0,57.1,57.95,57.65,480.8399963378906,0.2148516015625,0.03539610022899104,0.007070959208665306,10.0,384,2025-12-02 16:31:43+00:00,76.4713888888889,57.525000000000006,0.28493150684931506
2025-12-05 21:00:00+00:00,2026-03-20 00:00:00+00:00,MSFT,MSFT260320P00540000,put,True,540.0,61.1,61.9,64.01,480.8399963378906,0.21149470153808592,0.03539610022899104,0.007070959208665306,5.0,1932,2025-12-05 16:28:08+00:00,4.5311111111111115,61.5,0.28493150684931506
2025-12-05 21:00:00+00:00,2026-03-20 00:00:00+00:00,MSFT,MSFT260320P00545000,put,True,545.0,65.15,65.95,65.75,480.8399963378906,0.20764952514648435,0.03539610022899104,0.007070959208665306,15.0,153,2025-12-05 20:57:13+00:00,0.04638888888888889,65.55000000000001,0.28493150684931506
2025-12-05 21:00:00+00:00,2026-03-20 00:00:00+00:00,MSFT,MSFT260320P00550000,put,True,550.0,69.2,70.15,72.44,480.8399963378906,0.20410952148437497,0.03539610022899104,0.007070959208665306,1.0,20479,2025-12-05 16:28:08+00:00,4.5311111111111115,69.67500000000001,0.28493150684931506
2025-12-05 21:00:00+00:00,2026-03-20 00:00:00+00:00,MSFT,MSFT260320P00555000,put,True,555.0,73.45,74.5,70.6,480.8399963378906,0.20124089782714843,0.03539610022899104,0.007070959208665306,16.0,61,2025-11-26 16:30:08+00:00,220.49777777777777,73.975,0.28493150684931506
2025-12-05 21:00:00+00:00,2026-03-20 00:00:00+00:00,MSFT,MSFT260320P00560000,put,True,560.0,77.8,78.9,88.45,480.8399963378906,0.19721261779785154,0.03539610022899104,0.007070959208665306,3.0,80,2025-11-24 15:09:25+00:00,269.84305555555557,78.35,0.28493150684931506
2025-12-05 21:00:00+00:00,2026-03-20 00:00:00+00:00,MSFT,MSFT260320P00565000,put,True,565.0,82.45,83.45,94.0,480.8399963378906,0.19440502868652343,0.03539610022899104,0.007070959208665306,5.0,34,2025-11-21 20:55:53+00:00,336.0686111111111,82.95,0.28493150684931506
2025-12-05 21:00:00+00:00,2026-03-20 00:00:00+00:00,MSFT,MSFT260320P00570000,put,True,570.0,86.95,88.05,84.8,480.8399963378906,0.19062088684082032,0.03539610022899104,0.007070959208665306,1.0,24,2025-11-19 20:53:40+00:00,384.10555555555555,87.5,0.28493150684931506
2025-12-05 21:00:00+00:00,2026-03-20 00:00:00+00:00,MSFT,MSFT260320P00575000,put,True,575.0,90.85,94.2,83.96,480.8399963378906,0.23011023803710937,0.03539610022899104,0.007070959208665306,22.0,28,2025-12-02 15:56:23+00:00,77.06027777777778,92.525,0.28493150684931506
2025-12-05 21:00:00+00:00,2026-03-20 00:00:00+00:00,MSFT,MSFT260320P00580000,put,True,580.0,95.4,99.0,107.93,480.8399963378906,0.23352817260742187,0.03539610022899104,0.007070959208665306,1.0,0,2025-11-24 15:27:53+00:00,269.53527777777776,97.2,0.28493150684931506
2025-12-05 21:00:00+00:00,2026-03-20 00:00:00+00:00,MSFT,MSFT260320P00585000,put,True,585.0,105.9,109.35,72.75,480.8399963378906,0.3412846633911133,0.03539610022899104,0.007070959208665306,,0,2025-10-20 14:50:07+00:00,1110.1647222222223,107.625,0.28493150684931506
2025-12-05 21:00:00+00:00,2026-03-20 00:00:00+00:00,MSFT,MSFT260320P00590000,put,True,590.0,98.85,101.5,78.1,480.8399963378906,1.0000000000000003e-05,0.03539610022899104,0.007070959208665306,2.0,0,2025-10-31 18:00:48+00:00,842.9866666666667,100.175,0.28493150684931506
2025-12-05 21:00:00+00:00,2026-03-20 00:00:00+00:00,MSFT,MSFT260320P00595000,put,True,595.0,110.25,113.85,118.65,480.8399963378906,0.25345595184326175,0.03539610022899104,0.007070959208665306,1.0,0,2025-11-25 18:31:58+00:00,242.46722222222223,112.05,0.28493150684931506
2025-12-05 21:00:00+00:00,2026-03-20 00:00:00+00:00,MSFT,MSFT260320P00600000,put,True,600.0,115.25,118.85,123.65,480.8399963378906,0.2611157873535156,0.03539610022899104,0.007070959208665306,1.0,1,2025-11-25 18:31:58+00:00,242.46722222222223,117.05,0.28493150684931506
2025-12-05 21:00:00+00:00,2026-03-20 00:00:00+00:00,MSFT,MSFT260320P00610000,put,True,610.0,125.2,128.85,91.05,480.8399963378906,0.2761302856445312,0.03539610022899104,0.007070959208665306,,1,2025-11-03 14:30:03+00:00,774.4991666666666,127.025,0.28493150684931506
2025-12-05 21:00:00+00:00,2026-03-20 00:00:00+00:00,MSFT,MSFT260320P00620000,put,True,620.0,135.15,138.35,123.35,480.8399963378906,0.274421318359375,0.03539610022899104,0.007070959208665306,1.0,0,2025-11-18 14:30:04+00:00,414.49888888888887,136.75,0.28493150684931506
2025-12-05 21:00:00+00:00,2026-03-20 00:00:00+00:00,MSFT,MSFT260320P00630000,put,True,630.0,138.75,141.4,106.6,480.8399963378906,1.0000000000000003e-05,0.03539610022899104,0.007070959208665306,2.0,0,2025-10-30 19:50:00+00:00,865.1666666666666,140.075,0.28493150684931506
2025-12-05 21:00:00+00:00,2026-03-20 00:00:00+00:00,MSFT,MSFT260320P00640000,put,True,640.0,148.75,151.45,104.35,480.8399963378906,1.0000000000000003e-05,0.03539610022899104,0.007070959208665306,13.0,0,2025-10-29 18:36:00+00:00,890.4,150.1,0.28493150684931506
2025-12-05 21:00:00+00:00,2026-03-20 00:00:00+00:00,MSFT,MSFT260320P00650000,put,True,650.0,158.75,161.4,118.6,480.8399963378906,1.0000000000000003e-05,0.03539610022899104,0.007070959208665306,1.0,0,2025-10-30 13:37:37+00:00,871.3730555555555,160.075,0.28493150684931506
2025-12-05 21:00:00+00:00,2026-03-20 00:00:00+00:00,MSFT,MSFT260320P00660000,put,True,660.0,168.75,171.4,122.85,480.8399963378906,1.0000000000000003e-05,0.03539610022899104,0.007070959208665306,17.0,0,2025-10-29 18:36:00+00:00,890.4,170.075,0.28493150684931506
2025-12-05 21:00:00+00:00,2026-03-20 00:00:00+00:00,MSFT,MSFT260320P00680000,put,True,680.0,172.4,176.15,201.31,480.8399963378906,1.0000000000000003e-05,0.03539610022899104,0.007070959208665306,,0,2025-06-13 14:00:14+00:00,4206.9961111111115,174.275,0.28493150684931506
2025-12-05 21:00:00+00:00,2026-04-17 00:00:00+00:00,MSFT,MSFT260417C00270000,call,True,270.0,215.3,219.35,215.48,480.8399963378906,0.6440465283203125,0.03539610022899104,0.007070959208665306,20.0,23,2025-12-03 17:16:33+00:00,51.72416666666667,217.325,0.36164383561643837
2025-12-05 21:00:00+00:00,2026-04-17 00:00:00+00:00,MSFT,MSFT260417C00280000,call,True,280.0,206.15,209.6,211.8,480.8399963378906,0.6281775463867189,0.03539610022899104,0.007070959208665306,2.0,21,2025-12-01 19:51:00+00:00,97.15,207.875,0.36164383561643837
2025-12-05 21:00:00+00:00,2026-04-17 00:00:00+00:00,MSFT,MSFT260417C00300000,call,True,300.0,186.7,189.95,192.57,480.8399963378906,0.574772318725586,0.03539610022899104,0.007070959208665306,1.0,4,2025-11-26 17:50:15+00:00,219.1625,188.325,0.36164383561643837
2025-12-05 21:00:00+00:00,2026-04-17 00:00:00+00:00,MSFT,MSFT260417C00310000,call,True,310.0,177.0,180.35,180.25,480.8399963378906,0.5518233294677735,0.03539610022899104,0.007070959208665306,,2,2025-11-19 17:56:15+00:00,387.0625,178.675,0.36164383561643837
2025-12-05 21:00:00+00:00,2026-04-17 00:00:00+00:00,MSFT,MSFT260417C00320000,call,True,320.0,167.4,170.7,167.0,480.8399963378906,0.5293626165771486,0.03539610022899104,0.007070959208665306,1.0,3,2025-11-18 14:31:05+00:00,414.4819444444444,169.05,0.36164383561643837
2025-12-05 21:00:00+00:00,2026-04-17 00:00:00+00:00,MSFT,MSFT260417C00330000,call,True,330.0,157.8,160.85,164.26,480.8399963378906,0.5043384527587891,0.03539610022899104,0.007070959208665306,1.0,3,2025-12-01 14:30:03+00:00,102.49916666666667,159.325,0.36164383561643837
2025-12-05 21:00:00+00:00,2026-04-17 00:00:00+00:00,MSFT,MSFT260417C00340000,call,True,340.0,148.25,151.7,153.85,480.8399963378906,0.5218858847045899,0.03539610022899104,0.007070959208665306,2.0,3,2025-12-01 19:50:52+00:00,97.15222222222222,149.975,0.36164383561643837
2025-12-05 21:00:00+00:00,2026-04-17 00:00:00+00:00,MSFT,MSFT260417C00350000,call,True,350.0,138.75,141.35,146.86,480.8399963378906,0.48312894805908213,0.03539610022899104,0.007070959208665306,82.0,42,2025-12-02 16:40:14+00:00,76.32944444444445,140.05,0.36164383561643837
2025-12-05 21:00:00+00:00,2026-04-17 00:00:00+00:00,MSFT,MSFT260417C00360000,call,True,360.0,136.25,138.95,191.43,480.8399963378906,0.5522505712890625,0.03539610022899104,0.007070959208665306,1.0,3,2025-10-28 14:53:47+00:00,918.1036111111111,137.6,0.36164383561643837
2025-12-05 21:00:00+00:00,2026-04-17 00:00:00+00:00,MSFT,MSFT260417C00370000,call,True,370.0,120.1,123.55,127.94,480.8399963378906,0.45691461059570315,0.03539610022899104,0.007070959208665306,10.0,37,2025-12-02 16:36:39+00:00,76.38916666666667,121.82499999999999,0.36164383561643837
2025-12-05 21:00:00+00:00,2026-04-17 00:00:00+00:00,MSFT,MSFT260417C00380000,call,True,380.0,111.8,112.85,110.3,480.8399963378906,0.4143430148315429,0.03539610022899104,0.007070959208665306,1.0,4,2025-12-03 17:12:38+00:00,51.78944444444444,112.32499999999999,0.36164383561643837
2025-12-05 21:00:00+00:00,2026-04-17 00:00:00+00:00,MSFT,MSFT260417C00390000,call,True,390.0,102.8,103.9,106.99,480.8399963378906,0.3985045501708985,0.03539610022899104,0.007070959208665306,1.0,28,2025-11-26 20:54:44+00:00,216.08777777777777,103.35,0.36164383561643837
2025-12-05 21:00:00+00:00,2026-04-17 00:00:00+00:00,MSFT,MSFT260417C00400000,call,True,400.0,94.05,95.0,90.07,480.8399963378906,0.38184211914062494,0.03539610022899104,0.007070959208665306,1.0,1711,2025-12-04 16:45:44+00:00,28.23777777777778,94.525,0.36164383561643837
2025-12-05 21:00:00+00:00,2026-04-17 00:00:00+00:00,MSFT,MSFT260417C00410000,call,True,410.0,85.5,86.5,82.6,480.8399963378906,0.3686128813171387,0.03539610022899104,0.007070959208665306,18.0,66,2025-12-04 19:47:59+00:00,25.200277777777778,86.0,0.36164383561643837
2025-12-05 21:00:00+00:00,2026-04-17 00:00:00+00:00,MSFT,MSFT260417C00420000,call,True,420.0,77.2,78.15,75.1,480.8399963378906,0.3550479534912109,0.03539610022899104,0.007070959208665306,2.0,42,2025-12-04 18:28:22+00:00,26.52722222222222,77.67500000000001,0.36164383561643837
2025-12-05 21:00:00+00:00,2026-04-17 00:00:00+00:00,MSFT,MSFT260417C00430000,call,True,430.0,69.25,70.05,67.3,480.8399963378906,0.3420170779418945,0.03539610022899104,0.007070959208665306,23.0,48,2025-12-04 20:16:30+00:00,24.725,69.65,0.36164383561643837
2025-12-05 21:00:00+00:00,2026-04-17 00:00:00+00:00,MSFT,MSFT260417C00435000,call,True,435.0,65.4,66.3,64.49,480.8399963378906,0.3377141424560547,0.03539610022899104,0.007070959208665306,2.0,39,2025-12-05 19:47:40+00:00,1.2055555555555555,65.85,0.36164383561643837
2025-12-05 21:00:00+00:00,2026-04-17 00:00:00+00:00,MSFT,MSFT260417C00440000,call,True,440.0,61.65,62.55,61.5,480.8399963378906,0.33266353378295904,0.03539610022899104,0.007070959208665306,16.0,62,2025-12-05 20:35:24+00:00,0.41,62.099999999999994,0.36164383561643837
2025-12-05 21:00:00+00:00,2026-04-17 00:00:00+00:00,MSFT,MSFT260417C00445000,call,True,445.0,58.0,58.8,57.12,480.8399963378906,0.32688051055908207,0.03539610022899104,0.007070959208665306,3.0,43,2025-12-03 19:10:19+00:00,49.82805555555556,58.4,0.36164383561643837
2025-12-05 21:00:00+00:00,2026-04-17 00:00:00+00:00,MSFT,MSFT260417C00450000,call,True,450.0,54.6,55.25,52.8,480.8399963378906,0.32227240234374993,0.03539610022899104,0.007070959208665306,2.0,132,2025-12-04 16:03:42+00:00,28.938333333333333,54.925,0.36164383561643837
2025-12-05 21:00:00+00:00,2026-04-17 00:00:00+00:00,MSFT,MSFT260417C00455000,call,True,455.0,51.15,51.8,50.66,480.8399963378906,0.31781688049316403,0.03539610022899104,0.007070959208665306,11.0,51,2025-12-05 17:43:55+00:00,3.2680555555555557,51.474999999999994,0.36164383561643837
2025-12-05 21:00:00+00:00,2026-04-17 00:00:00+00:00,MSFT,MSFT260417C00460000,call,True,460.0,47.85,48.4,46.3,480.8399963378906,0.3129951513671875,0.03539610022899104,0.007070959208665306,1.0,191,2025-12-05 17:22:19+00:00,3.6280555555555556,48.125,0.36164383561643837
2025-12-05 21:00:00+00:00,2026-04-17 00:00:00+00:00,MSFT,MSFT260417C00465000,call,True,465.0,44.65,45.2,44.4,480.8399963378906,0.30914997497558594,0.03539610022899104,0.007070959208665306,13.0,332,2025-12-05 20:36:56+00:00,0.3844444444444444,44.925,0.36164383561643837
2025-12-05 21:00:00+00:00,2026-04-17 00:00:00+00:00,MSFT,MSFT260417C00470000,call,True,470.0,41.6,42.1,40.71,480.8399963378906,0.3053047985839844,0.03539610022899104,0.007070959208665306,3.0,126,2025-12-05 19:47:40+00:00,1.2055555555555555,41.85,0.36164383561643837
2025-12-05 21:00:00+00:00,2026-04-17 00:00:00+00:00,MSFT,MSFT260417C00475000,call,True,475.0,38.8,39.2,37.3,480.8399963378906,0.302314105834961,0.03539610022899104,0.007070959208665306,12.0,185,2025-12-05 18:04:42+00:00,2.921666666666667,39.0,0.36164383561643837
2025-12-05 21:00:00+00:00,2026-04-17 00:00:00+00:00,MSFT,MSFT260417C00480000,call,True,480.0,35.95,36.2,36.0,480.8399963378906,0.29753815261840816,0.03539610022899104,0.007070959208665306,88.0,349,2025-12-05 20:42:40+00:00,0.28888888888888886,36.075,0.36164383561643837
2025-12-05 21:00:00+00:00,2026-04-17 00:00:00+00:00,MSFT,MSFT260417C00485000,call,False,485.0,33.3,33.5,33.05,480.8399963378906,0.2944101321411132,0.03539610022899104,0.007070959208665306,64.0,173,2025-12-05 20:41:20+00:00,0.3111111111111111,33.4,0.36164383561643837
2025-12-05 21:00:00+00:00,2026-04-17 00:00:00+00:00,MSFT,MSFT260417C00490000,call,False,490.0,30.75,30.95,30.12,480.8399963378906,0.29161780166625967,0.03539610022899104,0.007070959208665306,62.0,425,2025-12-05 20:23:38+00:00,0.6061111111111112,30.85,0.36164383561643837
2025-12-05 21:00:00+00:00,2026-04-17 00:00:00+00:00,MSFT,MSFT260417C00495000,call,False,495.0,28.3,28.55,28.6,480.8399963378906,0.2891306439208984,0.03539610022899104,0.007070959208665306,11.0,376,2025-12-05 20:59:29+00:00,0.008611111111111111,28.425,0.36164383561643837
2025-12-05 21:00:00+00:00,2026-04-17 00:00:00+00:00,MSFT,MSFT260417C00500000,call,False,500.0,26.05,26.5,26.1,480.8399963378906,0.2886881434631347,0.03539610022899104,0.007070959208665306,77.0,843,2025-12-05 20:49:52+00:00,0.1688888888888889,26.275,0.36164383561643837
2025-12-05 21:00:00+00:00,2026-04-17 00:00:00+00:00,MSFT,MSFT260417C00505000,call,False,505.0,23.95,24.15,22.81,480.8399963378906,0.2846751220703124,0.03539610022899104,0.007070959208665306,24.0,576,2025-12-05 16:58:55+00:00,4.018055555555556,24.049999999999997,0.36164383561643837
2025-12-05 21:00:00+00:00,2026-04-17 00:00:00+00:00,MSFT,MSFT260417C00510000,call,False,510.0,21.95,22.15,21.02,480.8399963378906,0.2827220166015625,0.03539610022899104,0.007070959208665306,57.0,713,2025-12-05 18:07:08+00:00,2.881111111111111,22.049999999999997,0.36164383561643837
2025-12-05 21:00:00+00:00,2026-04-17 00:00:00+00:00,MSFT,MSFT260417C00515000,call,False,515.0,20.1,20.3,20.2,480.8399963378906,0.2811046011352538,0.03539610022899104,0.007070959208665306,60.0,927,2025-12-05 20:40:17+00:00,0.32861111111111113,20.200000000000003,0.36164383561643837
2025-12-05 21:00:00+00:00,2026-04-17 00:00:00+00:00,MSFT,MSFT260417C00520000,call,False,520.0,17.35,18.55,18.0,480.8399963378906,0.2793956338500976,0.03539610022899104,0.007070959208665306,28.0,971,2025-12-05 19:52:48+00:00,1.12,17.950000000000003,0.36164383561643837
2025-12-05 21:00:00+00:00,2026-04-17 00:00:00+00:00,MSFT,MSFT260417C00525000,call,False,525.0,16.35,16.9,16.39,480.8399963378906,0.2776561492919921,0.03539610022899104,0.007070959208665306,12.0,695,2025-12-05 20:20:12+00:00,0.6633333333333333,16.625,0.36164383561643837
2025-12-05 21:00:00+00:00,2026-04-17 00:00:00+00:00,MSFT,MSFT260417C00530000,call,False,530.0,14.75,15.4,14.5,480.8399963378906,0.2763286479187011,0.03539610022899104,0.007070959208665306,101.0,867,2025-12-05 17:35:52+00:00,3.402222222222222,15.075,0.36164383561643837
2025-12-05 21:00:00+00:00,2026-04-17 00:00:00+00:00,MSFT,MSFT260417C00535000,call,False,535.0,13.3,14.05,13.57,480.8399963378906,0.2755046815490722,0.03539610022899104,0.007070959208665306,39.0,495,2025-12-05 15:26:19+00:00,5.561388888888889,13.675,0.36164383561643837
2025-12-05 21:00:00+00:00,2026-04-17 00:00:00+00:00,MSFT,MSFT260417C00540000,call,False,540.0,12.25,12.75,12.29,480.8399963378906,0.27425347335815425,0.03539610022899104,0.007070959208665306,2.0,809,2025-12-05 14:49:32+00:00,6.174444444444444,12.5,0.36164383561643837
2025-12-05 21:00:00+00:00,2026-04-17 00:00:00+00:00,MSFT,MSFT260417C00545000,call,False,545.0,10.75,11.7,10.86,480.8399963378906,0.27466545654296876,0.03539610022899104,0.007070959208665306,46.0,764,2025-12-05 18:26:04+00:00,2.5655555555555556,11.225,0.36164383561643837
2025-12-05 21:00:00+00:00,2026-04-17 00:00:00+00:00,MSFT,MSFT260417C00550000,call,False,550.0,10.05,10.5,10.21,480.8399963378906,0.27259028198242186,0.03539610022899104,0.007070959208665306,69.0,1663,2025-12-05 20:21:51+00:00,0.6358333333333334,10.275,0.36164383561643837
2025-12-05 21:00:00+00:00,2026-04-17 00:00:00+00:00,MSFT,MSFT260417C00555000,call,False,555.0,9.35,9.5,9.17,480.8399963378906,0.27176631561279296,0.03539610022899104,0.007070959208665306,1.0,644,2025-12-04 20:54:40+00:00,24.08888888888889,9.425,0.36164383561643837
2025-12-05 21:00:00+00:00,2026-04-17 00:00:00+00:00,MSFT,MSFT260417C00560000,call,False,560.0,8.15,8.6,7.99,480.8399963378906,0.271217004699707,0.03539610022899104,0.007070959208665306,10.0,710,2025-12-05 18:01:12+00:00,2.98,8.375,0.36164383561643837
2025-12-05 21:00:00+00:00,2026-04-17 00:00:00+00:00,MSFT,MSFT260417C00565000,call,False,565.0,7.35,7.8,7.44,480.8399963378906,0.27103390106201175,0.03539610022899104,0.007070959208665306,26.0,322,2025-12-05 20:32:25+00:00,0.4597222222222222,7.574999999999999,0.36164383561643837
2025-12-05 21:00:00+00:00,2026-04-17 00:00:00+00:00,MSFT,MSFT260417C00570000,call,False,570.0,6.8,7.05,6.7,480.8399963378906,0.2706371765136719,0.03539610022899104,0.007070959208665306,15.0,937,2025-12-05 15:28:47+00:00,5.520277777777777,6.925,0.36164383561643837
2025-12-05 21:00:00+00:00,2026-04-17 00:00:00+00:00,MSFT,MSFT260417C00575000,call,False,575.0,6.2,6.35,5.8,480.8399963378906,0.27010312423706057,0.03539610022899104,0.007070959208665306,10.0,1274,2025-12-05 16:14:40+00:00,4.7555555555555555,6.275,0.36164383561643837
2025-12-05 21:00:00+00:00,2026-04-17 00:00:00+00:00,MSFT,MSFT260417C00580000,call,False,580.0,5.5,5.75,5.44,480.8399963378906,0.2701489001464844,0.03539610022899104,0.007070959208665306,15.0,349,2025-12-05 20:12:43+00:00,0.7880555555555555,5.625,0.36164383561643837
2025-12-05 21:00:00+00:00,2026-04-17 00:00:00+00:00,MSFT,MSFT260417C00585000,call,False,585.0,4.95,5.2,5.4,480.8399963378906,0.27020993469238286,0.03539610022899104,0.007070959208665306,23.0,382,2025-12-01 18:34:19+00:00,98.42805555555556,5.075,0.36164383561643837
2025-12-05 21:00:00+00:00,2026-04-17 00:00:00+00:00,MSFT,MSFT260417C00590000,call,False,590.0,4.45,4.65,4.31,480.8399963378906,0.2694470028686523,0.03539610022899104,0.007070959208665306,3.0,542,2025-12-04 19:35:59+00:00,25.400277777777777,4.550000000000001,0.36164383561643837
2025-12-05 21:00:00+00:00,2026-04-17 00:00:00+00:00,MSFT,MSFT260417C00595000,call,False,595.0,4.0,4.2,3.85,480.8399963378906,0.26959958923339844,0.03539610022899104,0.007070959208665306,163.0,711,2025-12-03 19:38:12+00:00,49.36333333333334,4.1,0.36164383561643837
2025-12-05 21:00:00+00:00,2026-04-17 00:00:00+00:00,MSFT,MSFT260417C00600000,call,False,600.0,3.6,3.8,3.6,480.8399963378906,0.2699352792358398,0.03539610022899104,0.007070959208665306,22.0,1713,2025-12-05 17:36:37+00:00,3.3897222222222223,3.7,0.36164383561643837
2025-12-05 21:00:00+00:00,2026-04-17 00:00:00+00:00,MSFT,MSFT260417C00605000,call,False,605.0,3.25,3.45,3.2,480.8399963378906,0.27054562469482424,0.03539610022899104,0.007070959208665306,5.0,154,2025-12-04 15:09:48+00:00,29.836666666666666,3.35,0.36164383561643837
2025-12-05 21:00:00+00:00,2026-04-17 00:00:00+00:00,MSFT,MSFT260417C00610000,call,False,610.0,2.79,3.1,2.89,480.8399963378906,0.270515107421875,0.03539610022899104,0.007070959208665306,2.0,502,2025-12-05 18:55:49+00:00,2.069722222222222,2.9450000000000003,0.36164383561643837
2025-12-05 21:00:00+00:00,2026-04-17 00:00:00+00:00,MSFT,MSFT260417C00615000,call,False,615.0,2.5,2.78,2.62,480.8399963378906,0.2703930383300781,0.03539610022899104,0.007070959208665306,1.0,357,2025-12-05 14:40:20+00:00,6.3277777777777775,2.6399999999999997,0.36164383561643837
2025-12-05 21:00:00+00:00,2026-04-17 00:00:00+00:00,MSFT,MSFT260417C00620000,call,False,620.0,2.24,2.81,2.28,480.8399963378906,0.27780873565673825,0.03539610022899104,0.007070959208665306,1.0,169,2025-12-04 18:06:58+00:00,26.88388888888889,2.5250000000000004,0.36164383561643837
2025-12-05 21:00:00+00:00,2026-04-17 00:00:00+00:00,MSFT,MSFT260417C00625000,call,False,625.0,1.8,2.78,2.04,480.8399963378906,0.2837290866088866,0.03539610022899104,0.007070959208665306,1.0,489,2025-12-04 14:53:11+00:00,30.113611111111112,2.29,0.36164383561643837
2025-12-05 21:00:00+00:00,2026-04-17 00:00:00+00:00,MSFT,MSFT260417C00630000,call,False,630.0,1.65,2.49,1.75,480.8399963378906,0.28327132751464834,0.03539610022899104,0.007070959208665306,13.0,678,2025-12-03 18:58:42+00:00,50.02166666666667,2.0700000000000003,0.36164383561643837
2025-12-05 21:00:00+00:00,2026-04-17 00:00:00+00:00,MSFT,MSFT260417C00640000,call,False,640.0,1.45,1.86,1.52,480.8399963378906,0.27851063293457035,0.03539610022899104,0.007070959208665306,1.0,163,2025-12-04 20:14:13+00:00,24.763055555555557,1.655,0.36164383561643837
2025-12-05 21:00:00+00:00,2026-04-17 00:00:00+00:00,MSFT,MSFT260417C00660000,call,False,660.0,1.04,1.1,0.95,480.8399963378906,0.2742992492675781,0.03539610022899104,0.007070959208665306,3.0,516,2025-12-05 16:23:51+00:00,4.6025,1.07,0.36164383561643837
2025-12-05 21:00:00+00:00,2026-04-17 00:00:00+00:00,MSFT,MSFT260417C00680000,call,False,680.0,0.67,0.73,0.62,480.8399963378906,0.27649649291992184,0.03539610022899104,0.007070959208665306,45.0,1198,2025-12-04 15:50:09+00:00,29.164166666666667,0.7,0.36164383561643837
2025-12-05 21:00:00+00:00,2026-04-17 00:00:00+00:00,MSFT,MSFT260417C00700000,call,False,700.0,0.43,0.49,0.44,480.8399963378906,0.2790599438476562,0.03539610022899104,0.007070959208665306,25.0,934,2025-12-05 15:00:42+00:00,5.988333333333333,0.45999999999999996,0.36164383561643837
2025-12-05 21:00:00+00:00,2026-04-17 00:00:00+00:00,MSFT,MSFT260417C00720000,call,False,720.0,0.28,0.33,0.3,480.8399963378906,0.28174546386718746,0.03539610022899104,0.007070959208665306,1.0,94,2025-12-02 14:35:54+00:00,78.40166666666667,0.30500000000000005,0.36164383561643837
2025-12-05 21:00:00+00:00,2026-04-17 00:00:00+00:00,MSFT,MSFT260417C00740000,call,False,740.0,0.17,0.23,0.21,480.8399963378906,0.2854075366210937,0.03539610022899104,0.007070959208665306,46.0,6900,2025-12-03 16:31:19+00:00,52.47805555555556,0.2,0.36164383561643837
2025-12-05 21:00:00+00:00,2026-04-17 00:00:00+00:00,MSFT,MSFT260417C00760000,call,False,760.0,0.1,0.16,0.12,480.8399963378906,0.2885813330078124,0.03539610022899104,0.007070959208665306,1.0,821,2025-12-04 20:05:02+00:00,24.91611111111111,0.13,0.36164383561643837
2025-12-05 21:00:00+00:00,2026-04-17 00:00:00+00:00,MSFT,MSFT260417P00270000,put,False,270.0,0.24,0.3,0.36,480.8399963378906,0.41211525390625,0.03539610022899104,0.007070959208665306,3.0,259,2025-12-03 15:06:29+00:00,53.89194444444445,0.27,0.36164383561643837
2025-12-05 21:00:00+00:00,2026-04-17 00:00:00+00:00,MSFT,MSFT260417P00280000,put,False,280.0,0.15,0.38,0.42,480.8399963378906,0.4008848974609375,0.03539610022899104,0.007070959208665306,25.0,129,2025-11-26 19:40:55+00:00,217.31805555555556,0.265,0.36164383561643837
2025-12-05 21:00:00+00:00,2026-04-17 00:00:00+00:00,MSFT,MSFT260417P00290000,put,False,290.0,0.22,0.67,0.71,480.8399963378906,0.4094297338867187,0.03539610022899104,0.007070959208665306,11.0,64,2025-11-25 19:03:05+00:00,241.94861111111112,0.445,0.36164383561643837
2025-12-05 21:00:00+00:00,2026-04-17 00:00:00+00:00,MSFT,MSFT260417P00300000,put,False,300.0,0.54,0.77,0.64,480.8399963378906,0.393560751953125,0.03539610022899104,0.007070959208665306,1.0,202,2025-12-04 18:36:36+00:00,26.39,0.655,0.36164383561643837
2025-12-05 21:00:00+00:00,2026-04-17 00:00:00+00:00,MSFT,MSFT260417P00310000,put,False,310.0,0.69,0.75,0.73,480.8399963378906,0.36817038085937503,0.03539610022899104,0.007070959208665306,2.0,66,2025-11-26 19:40:40+00:00,217.32222222222222,0.72,0.36164383561643837
2025-12-05 21:00:00+00:00,2026-04-17 00:00:00+00:00,MSFT,MSFT260417P00320000,put,False,320.0,0.76,1.14,1.05,480.8399963378906,0.370123486328125,0.03539610022899104,0.007070959208665306,18.0,233,2025-12-04 16:16:31+00:00,28.724722222222223,0.95,0.36164383561643837
2025-12-05 21:00:00+00:00,2026-04-17 00:00:00+00:00,MSFT,MSFT260417P00330000,put,False,330.0,0.93,1.37,1.09,480.8399963378906,0.35809968078613286,0.03539610022899104,0.007070959208665306,7.0,62,2025-12-02 18:32:00+00:00,74.46666666666667,1.1500000000000001,0.36164383561643837
2025-12-05 21:00:00+00:00,2026-04-17 00:00:00+00:00,MSFT,MSFT260417P00340000,put,False,340.0,1.43,1.49,1.75,480.8399963378906,0.33960621337890623,0.03539610022899104,0.007070959208665306,6.0,651,2025-12-04 19:21:00+00:00,25.65,1.46,0.36164383561643837
2025-12-05 21:00:00+00:00,2026-04-17 00:00:00+00:00,MSFT,MSFT260417P00350000,put,False,350.0,1.81,1.87,1.87,480.8399963378906,0.33081723876953123,0.03539610022899104,0.007070959208665306,13.0,130,2025-12-04 20:52:58+00:00,24.11722222222222,1.84,0.36164383561643837
2025-12-05 21:00:00+00:00,2026-04-17 00:00:00+00:00,MSFT,MSFT260417P00360000,put,False,360.0,2.07,2.34,2.35,480.8399963378906,0.32227240234374993,0.03539610022899104,0.007070959208665306,20.0,148,2025-12-05 20:54:02+00:00,0.09944444444444445,2.205,0.36164383561643837
2025-12-05 21:00:00+00:00,2026-04-17 00:00:00+00:00,MSFT,MSFT260417P00370000,put,False,370.0,2.84,2.92,3.25,480.8399963378906,0.3139411868286133,0.03539610022899104,0.007070959208665306,37.0,421,2025-12-05 14:41:30+00:00,6.308333333333334,2.88,0.36164383561643837
2025-12-05 21:00:00+00:00,2026-04-17 00:00:00+00:00,MSFT,MSFT260417P00380000,put,False,380.0,3.55,3.65,3.75,480.8399963378906,0.306220316772461,0.03539610022899104,0.007070959208665306,125.0,390,2025-12-03 20:39:10+00:00,48.34722222222222,3.5999999999999996,0.36164383561643837
2025-12-05 21:00:00+00:00,2026-04-17 00:00:00+00:00,MSFT,MSFT260417P00390000,put,False,390.0,4.4,4.5,5.05,480.8399963378906,0.2978585839843749,0.03539610022899104,0.007070959208665306,4.0,312,2025-12-04 19:50:27+00:00,25.159166666666668,4.45,0.36164383561643837
2025-12-05 21:00:00+00:00,2026-04-17 00:00:00+00:00,MSFT,MSFT260417P00400000,put,False,400.0,5.45,5.6,5.7,480.8399963378906,0.2908090939331054,0.03539610022899104,0.007070959208665306,6.0,635,2025-12-05 19:25:02+00:00,1.5827777777777778,5.525,0.36164383561643837
2025-12-05 21:00:00+00:00,2026-04-17 00:00:00+00:00,MSFT,MSFT260417P00410000,put,False,410.0,6.75,6.9,7.3,480.8399963378906,0.2834239138793945,0.03539610022899104,0.007070959208665306,25.0,1302,2025-12-05 16:48:23+00:00,4.193611111111111,6.825,0.36164383561643837
2025-12-05 21:00:00+00:00,2026-04-17 00:00:00+00:00,MSFT,MSFT260417P00420000,put,False,420.0,8.35,8.45,8.45,480.8399963378906,0.27603873382568356,0.03539610022899104,0.007070959208665306,36.0,607,2025-12-05 20:46:13+00:00,0.22972222222222222,8.399999999999999,0.36164383561643837
2025-12-05 21:00:00+00:00,2026-04-17 00:00:00+00:00,MSFT,MSFT260417P00430000,put,False,430.0,10.25,10.35,10.5,480.8399963378906,0.26934019241333,0.03539610022899104,0.007070959208665306,23.0,488,2025-12-05 18:59:55+00:00,2.001388888888889,10.3,0.36164383561643837
2025-12-05 21:00:00+00:00,2026-04-17 00:00:00+00:00,MSFT,MSFT260417P00435000,put,False,435.0,11.3,11.45,11.6,480.8399963378906,0.26625794784545903,0.03539610022899104,0.007070959208665306,1.0,396,2025-12-04 20:36:03+00:00,24.399166666666666,11.375,0.36164383561643837
2025-12-05 21:00:00+00:00,2026-04-17 00:00:00+00:00,MSFT,MSFT260417P00440000,put,False,440.0,12.5,12.65,12.75,480.8399963378906,0.263251996459961,0.03539610022899104,0.007070959208665306,20.0,1029,2025-12-05 18:32:06+00:00,2.465,12.575,0.36164383561643837
2025-12-05 21:00:00+00:00,2026-04-17 00:00:00+00:00,MSFT,MSFT260417P00445000,put,False,445.0,13.8,13.95,14.05,480.8399963378906,0.26024604507446286,0.03539610022899104,0.007070959208665306,6.0,833,2025-12-05 18:31:04+00:00,2.482222222222222,13.875,0.36164383561643837
2025-12-05 21:00:00+00:00,2026-04-17 00:00:00+00:00,MSFT,MSFT260417P00450000,put,False,450.0,15.2,15.4,15.35,480.8399963378906,0.2576978527832031,0.03539610022899104,0.007070959208665306,4.0,2559,2025-12-05 19:58:09+00:00,1.0308333333333333,15.3,0.36164383561643837
2025-12-05 21:00:00+00:00,2026-04-17 00:00:00+00:00,MSFT,MSFT260417P00455000,put,False,455.0,16.65,17.2,18.65,480.8399963378906,0.2574079386901856,0.03539610022899104,0.007070959208665306,3.0,611,2025-12-04 16:26:00+00:00,28.566666666666666,16.924999999999997,0.36164383561643837
2025-12-05 21:00:00+00:00,2026-04-17 00:00:00+00:00,MSFT,MSFT260417P00460000,put,False,460.0,18.3,18.55,18.5,480.8399963378906,0.25171646728515623,0.03539610022899104,0.007070959208665306,126.0,1198,2025-12-05 20:57:12+00:00,0.04666666666666667,18.425,0.36164383561643837
2025-12-05 21:00:00+00:00,2026-04-17 00:00:00+00:00,MSFT,MSFT260417P00465000,put,False,465.0,20.1,20.65,20.95,480.8399963378906,0.2518690536499023,0.03539610022899104,0.007070959208665306,4.0,1145,2025-12-05 18:05:44+00:00,2.9044444444444446,20.375,0.36164383561643837
2025-12-05 21:00:00+00:00,2026-04-17 00:00:00+00:00,MSFT,MSFT260417P00470000,put,False,470.0,22.0,22.7,23.22,480.8399963378906,0.25034319000244143,0.03539610022899104,0.007070959208665306,2.0,872,2025-12-05 17:36:24+00:00,3.3933333333333335,22.35,0.36164383561643837
2025-12-05 21:00:00+00:00,2026-04-17 00:00:00+00:00,MSFT,MSFT260417P00475000,put,False,475.0,24.05,24.25,25.34,480.8399963378906,0.24330895858764645,0.03539610022899104,0.007070959208665306,3.0,1062,2025-12-05 17:36:24+00:00,3.3933333333333335,24.15,0.36164383561643837
2025-12-05 21:00:00+00:00,2026-04-17 00:00:00+00:00,MSFT,MSFT260417P00480000,put,False,480.0,26.2,26.45,26.75,480.8399963378906,0.24083705947875977,0.03539610022899104,0.007070959208665306,7.0,1473,2025-12-05 20:34:39+00:00,0.4225,26.325,0.36164383561643837
2025-12-05 21:00:00+00:00,2026-04-17 00:00:00+00:00,MSFT,MSFT260417P00485000,put,True,485.0,28.55,28.75,29.1,480.8399963378906,0.23804472900390622,0.03539610022899104,0.007070959208665306,4.0,600,2025-12-05 20:16:49+00:00,0.7197222222222223,28.65,0.36164383561643837
2025-12-05 21:00:00+00:00,2026-04-17 00:00:00+00:00,MSFT,MSFT260417P00490000,put,True,490.0,31.0,32.45,31.33,480.8399963378906,0.24604025451660155,0.03539610022899104,0.007070959208665306,38.0,858,2025-12-05 20:39:42+00:00,0.3383333333333333,31.725,0.36164383561643837
2025-12-05 21:00:00+00:00,2026-04-17 00:00:00+00:00,MSFT,MSFT260417P00495000,put,True,495.0,33.55,33.85,34.42,480.8399963378906,0.23313144805908204,0.03539610022899104,0.007070959208665306,29.0,221,2025-12-05 19:47:30+00:00,1.2083333333333333,33.7,0.36164383561643837
2025-12-05 21:00:00+00:00,2026-04-17 00:00:00+00:00,MSFT,MSFT260417P00500000,put,True,500.0,36.3,36.6,37.85,480.8399963378906,0.23055273849487307,0.03539610022899104,0.007070959208665306,4.0,1529,2025-12-05 16:53:25+00:00,4.1097222222222225,36.45,0.36164383561643837
2025-12-05 21:00:00+00:00,2026-04-17 00:00:00+00:00,MSFT,MSFT260417P00505000,put,True,505.0,39.2,39.45,40.79,480.8399963378906,0.22760782165527343,0.03539610022899104,0.007070959208665306,1.0,729,2025-12-05 16:15:00+00:00,4.75,39.325,0.36164383561643837
2025-12-05 21:00:00+00:00,2026-04-17 00:00:00+00:00,MSFT,MSFT260417P00510000,put,True,510.0,42.2,42.5,42.1,480.8399963378906,0.2251359225463867,0.03539610022899104,0.007070959208665306,3.0,884,2025-12-03 20:04:00+00:00,48.93333333333333,42.35,0.36164383561643837
2025-12-05 21:00:00+00:00,2026-04-17 00:00:00+00:00,MSFT,MSFT260417P00515000,put,True,515.0,45.35,45.65,46.45,480.8399963378906,0.22228255752563475,0.03539610022899104,0.007070959208665306,1.0,459,2025-12-03 18:42:11+00:00,50.29694444444444,45.5,0.36164383561643837
2025-12-05 21:00:00+00:00,2026-04-17 00:00:00+00:00,MSFT,MSFT260417P00520000,put,True,520.0,48.4,49.05,50.68,480.8399963378906,0.22046677978515622,0.03539610022899104,0.007070959208665306,7.0,323,2025-12-03 16:55:06+00:00,52.08166666666666,48.724999999999994,0.36164383561643837
2025-12-05 21:00:00+00:00,2026-04-17 00:00:00+00:00,MSFT,MSFT260417P00525000,put,True,525.0,51.8,52.5,56.65,480.8399963378906,0.21781177703857418,0.03539610022899104,0.007070959208665306,3.0,424,2025-12-04 19:27:54+00:00,25.535,52.15,0.36164383561643837
2025-12-05 21:00:00+00:00,2026-04-17 00:00:00+00:00,MSFT,MSFT260417P00530000,put,True,530.0,55.4,56.05,56.15,480.8399963378906,0.21479056701660154,0.03539610022899104,0.007070959208665306,1.0,298,2025-12-05 20:39:35+00:00,0.3402777777777778,55.724999999999994,0.36164383561643837
2025-12-05 21:00:00+00:00,2026-04-17 00:00:00+00:00,MSFT,MSFT260417P00535000,put,True,535.0,58.9,59.75,63.6,480.8399963378906,0.21192194335937498,0.03539610022899104,0.007070959208665306,3.0,357,2025-11-24 20:54:52+00:00,264.0855555555556,59.325,0.36164383561643837
2025-12-05 21:00:00+00:00,2026-04-17 00:00:00+00:00,MSFT,MSFT260417P00540000,put,True,540.0,62.65,63.6,57.45,480.8399963378906,0.20929745788574217,0.03539610022899104,0.007070959208665306,1.0,473,2025-12-02 15:30:09+00:00,77.4975,63.125,0.36164383561643837
2025-12-05 21:00:00+00:00,2026-04-17 00:00:00+00:00,MSFT,MSFT260417P00545000,put,True,545.0,66.55,67.5,70.1,480.8399963378906,0.20575745422363279,0.03539610022899104,0.007070959208665306,10.0,64,2025-12-04 20:45:51+00:00,24.235833333333332,67.025,0.36164383561643837
2025-12-05 21:00:00+00:00,2026-04-17 00:00:00+00:00,MSFT,MSFT260417P00550000,put,True,550.0,70.55,71.5,72.5,480.8399963378906,0.20182072601318357,0.03539610022899104,0.007070959208665306,1.0,121,2025-12-05 14:48:52+00:00,6.185555555555555,71.025,0.36164383561643837
2025-12-05 21:00:00+00:00,2026-04-17 00:00:00+00:00,MSFT,MSFT260417P00555000,put,True,555.0,74.65,75.7,82.88,480.8399963378906,0.19904365417480469,0.03539610022899104,0.007070959208665306,1.0,28,2025-11-24 14:32:51+00:00,270.4525,75.17500000000001,0.36164383561643837
2025-12-05 21:00:00+00:00,2026-04-17 00:00:00+00:00,MSFT,MSFT260417P00560000,put,True,560.0,78.9,79.95,91.1,480.8399963378906,0.195320546875,0.03539610022899104,0.007070959208665306,1.0,5,2025-11-21 16:03:50+00:00,340.93611111111113,79.42500000000001,0.36164383561643837
2025-12-05 21:00:00+00:00,2026-04-17 00:00:00+00:00,MSFT,MSFT260417P00565000,put,True,565.0,76.8,78.2,51.6,480.8399963378906,1.0000000000000003e-05,0.03539610022899104,0.007070959208665306,1.0,4,2025-10-30 14:04:25+00:00,870.9263888888889,77.5,0.36164383561643837
2025-12-05 21:00:00+00:00,2026-04-17 00:00:00+00:00,MSFT,MSFT260417P00570000,put,True,570.0,81.1,82.55,54.39,480.8399963378906,1.0000000000000003e-05,0.03539610022899104,0.007070959208665306,2.0,1,2025-10-27 16:52:50+00:00,940.1194444444444,81.82499999999999,0.36164383561643837
2025-12-05 21:00:00+00:00,2026-04-17 00:00:00+00:00,MSFT,MSFT260417P00575000,put,True,575.0,85.55,87.0,61.25,480.8399963378906,1.0000000000000003e-05,0.03539610022899104,0.007070959208665306,,1,2025-10-30 18:11:42+00:00,866.805,86.275,0.36164383561643837
2025-12-05 21:00:00+00:00,2026-04-17 00:00:00+00:00,MSFT,MSFT260417P00580000,put,True,580.0,90.2,91.55,54.65,480.8399963378906,1.0000000000000003e-05,0.03539610022899104,0.007070959208665306,,0,2025-10-28 18:33:12+00:00,914.4466666666667,90.875,0.36164383561643837
2025-12-05 21:00:00+00:00,2026-04-17 00:00:00+00:00,MSFT,MSFT260417P00585000,put,True,585.0,101.1,103.75,84.45,480.8399963378906,0.20914487152099603,0.03539610022899104,0.007070959208665306,15.0,0,2025-11-14 15:08:40+00:00,509.85555555555555,102.425,0.36164383561643837
2025-12-05 21:00:00+00:00,2026-04-17 00:00:00+00:00,MSFT,MSFT260417P00590000,put,True,590.0,106.15,108.5,97.78,480.8399963378906,0.20972469970703123,0.03539610022899104,0.007070959208665306,10.0,0,2025-12-02 17:37:46+00:00,75.37055555555555,107.325,0.36164383561643837
2025-12-05 21:00:00+00:00,2026-04-17 00:00:00+00:00,MSFT,MSFT260417P00595000,put,True,595.0,110.3,113.9,89.95,480.8399963378906,0.2267533380126953,0.03539610022899104,0.007070959208665306,25.0,1,2025-11-05 20:13:12+00:00,720.78,112.1,0.36164383561643837
2025-12-05 21:00:00+00:00,2026-04-17 00:00:00+00:00,MSFT,MSFT260417P00600000,put,True,600.0,115.1,118.85,107.5,480.8399963378906,0.23236851623535154,0.03539610022899104,0.007070959208665306,1.0,1,2025-11-18 14:58:33+00:00,414.02416666666664,116.975,0.36164383561643837
2025-12-05 21:00:00+00:00,2026-04-17 00:00:00+00:00,MSFT,MSFT260417P00605000,put,True,605.0,113.55,116.9,91.9,480.8399963378906,1.0000000000000003e-05,0.03539610022899104,0.007070959208665306,10.0,0,2025-10-31 16:13:14+00:00,844.7794444444445,115.225,0.36164383561643837
2025-12-05 21:00:00+00:00,2026-04-17 00:00:00+00:00,MSFT,MSFT260417P00615000,put,True,615.0,123.75,126.4,99.1,480.8399963378906,1.0000000000000003e-05,0.03539610022899104,0.007070959208665306,3.0,0,2025-10-31 15:39:50+00:00,845.3361111111111,125.075,0.36164383561643837
2025-12-05 21:00:00+00:00,2026-04-17 00:00:00+00:00,MSFT,MSFT260417P00620000,put,True,620.0,135.2,138.45,144.0,480.8399963378906,0.2472914627075195,0.03539610022899104,0.007070959208665306,80.0,0,2025-11-20 20:38:36+00:00,360.3566666666667,136.825,0.36164383561643837
2025-12-05 21:00:00+00:00,2026-04-17 00:00:00+00:00,MSFT,MSFT260417P00625000,put,True,625.0,140.05,143.95,148.7,480.8399963378906,0.26770751831054684,0.03539610022899104,0.007070959208665306,100.0,0,2025-11-20 20:38:36+00:00,360.3566666666667,142.0,0.36164383561643837
2025-12-05 21:00:00+00:00,2026-04-17 00:00:00+00:00,MSFT,MSFT260417P00630000,put,True,630.0,145.1,148.95,150.41,480.8399963378906,0.27402459381103517,0.03539610022899104,0.007070959208665306,200.0,0,2025-11-20 20:38:36+00:00,360.3566666666667,147.02499999999998,0.36164383561643837
2025-12-05 21:00:00+00:00,2026-04-17 00:00:00+00:00,MSFT,MSFT260417P00640000,put,True,640.0,155.25,158.85,147.38,480.8399963378906,0.28357650024414055,0.03539610022899104,0.007070959208665306,10.0,0,2025-12-02 17:37:46+00:00,75.37055555555555,157.05,0.36164383561643837
2025-12-05 21:00:00+00:00,2026-04-17 00:00:00+00:00,MSFT,MSFT260417P00660000,put,True,660.0,175.7,178.85,145.61,480.8399963378906,0.3071968695068359,0.03539610022899104,0.007070959208665306,,0,2025-11-04 15:35:23+00:00,749.4102777777778,177.27499999999998,0.36164383561643837
2025-12-05 21:00:00+00:00,2026-04-17 00:00:00+00:00,MSFT,MSFT260417P00680000,put,True,680.0,195.25,198.85,200.05,480.8399963378906,0.3297796514892578,0.03539610022899104,0.007070959208665306,,0,2025-11-20 20:38:36+00:00,360.3566666666667,197.05,0.36164383561643837
2025-12-05 21:00:00+00:00,2026-04-17 00:00:00+00:00,MSFT,MSFT260417P00700000,put,True,700.0,215.05,218.95,220.05,480.8399963378906,0.3544986425781249,0.03539610022899104,0.007070959208665306,30.0,0,2025-11-20 20:38:36+00:00,360.3566666666667,217.0,0.36164383561643837
2025-12-05 21:00:00+00:00,2026-05-15 00:00:00+00:00,MSFT,MSFT260515C00240000,call,True,240.0,245.85,249.7,259.0,480.8399963378906,0.7016021051025392,0.03539610022899104,0.007070959208665306,1.0,4,2025-11-19 15:00:17+00:00,389.9952777777778,247.77499999999998,0.4383561643835616
2025-12-05 21:00:00+00:00,2026-05-15 00:00:00+00:00,MSFT,MSFT260515C00250000,call,True,250.0,263.15,266.85,266.5,480.8399963378906,1.2215615093994139,0.03539610022899104,0.007070959208665306,4.0,9,2025-09-24 15:03:41+00:00,1733.9386111111112,265.0,0.4383561643835616
2025-12-05 21:00:00+00:00,2026-05-15 00:00:00+00:00,MSFT,MSFT260515C00260000,call,True,260.0,226.2,230.3,238.07,480.8399963378906,0.6473423937988281,0.03539610022899104,0.007070959208665306,4.0,4,2025-11-18 19:19:12+00:00,409.68,228.25,0.4383561643835616
2025-12-05 21:00:00+00:00,2026-05-15 00:00:00+00:00,MSFT,MSFT260515C00270000,call,True,270.0,216.7,220.6,239.11,480.8399963378906,0.6255530609130859,0.03539610022899104,0.007070959208665306,,1,2025-11-11 16:06:16+00:00,580.8955555555556,218.64999999999998,0.4383561643835616
2025-12-05 21:00:00+00:00,2026-05-15 00:00:00+00:00,MSFT,MSFT260515C00280000,call,True,280.0,207.05,210.95,210.01,480.8399963378906,0.6022988989257814,0.03539610022899104,0.007070959208665306,,1,2025-11-26 14:53:56+00:00,222.10111111111112,209.0,0.4383561643835616
2025-12-05 21:00:00+00:00,2026-05-15 00:00:00+00:00,MSFT,MSFT260515C00300000,call,True,300.0,187.8,191.7,198.48,480.8399963378906,0.5571333349609376,0.03539610022899104,0.007070959208665306,1.0,3,2025-11-28 16:30:22+00:00,172.49388888888888,189.75,0.4383561643835616
2025-12-05 21:00:00+00:00,2026-05-15 00:00:00+00:00,MSFT,MSFT260515C00310000,call,True,310.0,178.65,180.8,179.32,480.8399963378906,0.5258531301879883,0.03539610022899104,0.007070959208665306,5.0,6,2025-12-03 17:58:18+00:00,51.028333333333336,179.72500000000002,0.4383561643835616
2025-12-05 21:00:00+00:00,2026-05-15 00:00:00+00:00,MSFT,MSFT260515C00320000,call,True,320.0,200.4,204.25,203.29,480.8399963378906,0.9698947102355957,0.03539610022899104,0.007070959208665306,1.0,1,2025-09-16 17:48:38+00:00,1923.1894444444445,202.325,0.4383561643835616
2025-12-05 21:00:00+00:00,2026-05-15 00:00:00+00:00,MSFT,MSFT260515C00330000,call,True,330.0,159.75,162.45,197.0,480.8399963378906,0.5180407083129883,0.03539610022899104,0.007070959208665306,1.0,12,2025-11-03 16:18:51+00:00,772.6858333333333,161.1,0.4383561643835616
2025-12-05 21:00:00+00:00,2026-05-15 00:00:00+00:00,MSFT,MSFT260515C00340000,call,True,340.0,150.35,153.25,159.9,480.8399963378906,0.5007984490966797,0.03539610022899104,0.007070959208665306,1.0,4,2025-12-02 15:24:44+00:00,77.58777777777777,151.8,0.4383561643835616
2025-12-05 21:00:00+00:00,2026-05-15 00:00:00+00:00,MSFT,MSFT260515C00350000,call,True,350.0,141.1,144.0,138.8,480.8399963378906,0.481999808959961,0.03539610022899104,0.007070959208665306,6.0,7,2025-11-25 20:48:35+00:00,240.19027777777777,142.55,0.4383561643835616
2025-12-05 21:00:00+00:00,2026-05-15 00:00:00+00:00,MSFT,MSFT260515C00360000,call,True,360.0,132.65,133.85,137.93,480.8399963378906,0.44946839599609373,0.03539610022899104,0.007070959208665306,1.0,4,2025-11-19 17:12:07+00:00,387.79805555555555,133.25,0.4383561643835616
2025-12-05 21:00:00+00:00,2026-05-15 00:00:00+00:00,MSFT,MSFT260515C00370000,call,True,370.0,123.65,124.8,124.0,480.8399963378906,0.43306536178588867,0.03539610022899104,0.007070959208665306,2.0,12,2025-11-13 18:50:39+00:00,530.1558333333334,124.225,0.4383561643835616
2025-12-05 21:00:00+00:00,2026-05-15 00:00:00+00:00,MSFT,MSFT260515C00380000,call,True,380.0,114.75,115.9,115.05,480.8399963378906,0.4176388803100586,0.03539610022899104,0.007070959208665306,3.0,12,2025-12-05 15:05:27+00:00,5.909166666666667,115.325,0.4383561643835616
2025-12-05 21:00:00+00:00,2026-05-15 00:00:00+00:00,MSFT,MSFT260515C00390000,call,True,390.0,106.05,107.2,103.55,480.8399963378906,0.40344834838867194,0.03539610022899104,0.007070959208665306,2.0,4,2025-12-03 15:33:01+00:00,53.44972222222222,106.625,0.4383561643835616
2025-12-05 21:00:00+00:00,2026-05-15 00:00:00+00:00,MSFT,MSFT260515C00400000,call,True,400.0,97.6,98.75,95.85,480.8399963378906,0.3907226455688476,0.03539610022899104,0.007070959208665306,11.0,75,2025-12-05 17:33:13+00:00,3.446388888888889,98.175,0.4383561643835616
2025-12-05 21:00:00+00:00,2026-05-15 00:00:00+00:00,MSFT,MSFT260515C00410000,call,True,410.0,89.35,90.4,89.34,480.8399963378906,0.3774323731994628,0.03539610022899104,0.007070959208665306,9.0,70,2025-12-03 15:49:30+00:00,53.175,89.875,0.4383561643835616
2025-12-05 21:00:00+00:00,2026-05-15 00:00:00+00:00,MSFT,MSFT260515C00420000,call,True,420.0,81.4,82.45,78.5,480.8399963378906,0.36647667221069335,0.03539610022899104,0.007070959208665306,6.0,64,2025-12-04 17:24:06+00:00,27.598333333333333,81.92500000000001,0.4383561643835616
2025-12-05 21:00:00+00:00,2026-05-15 00:00:00+00:00,MSFT,MSFT260515C00430000,call,True,430.0,73.75,74.85,71.26,480.8399963378906,0.35681795532226557,0.03539610022899104,0.007070959208665306,1.0,265,2025-12-04 18:07:17+00:00,26.878611111111113,74.3,0.4383561643835616
2025-12-05 21:00:00+00:00,2026-05-15 00:00:00+00:00,MSFT,MSFT260515C00440000,call,True,440.0,66.5,67.5,64.1,480.8399963378906,0.34717449707031245,0.03539610022899104,0.007070959208665306,2.0,68,2025-12-04 18:27:56+00:00,26.534444444444443,67.0,0.4383561643835616
2025-12-05 21:00:00+00:00,2026-05-15 00:00:00+00:00,MSFT,MSFT260515C00450000,call,True,450.0,59.55,60.45,59.88,480.8399963378906,0.33777517700195314,0.03539610022899104,0.007070959208665306,1.0,140,2025-12-03 19:25:42+00:00,49.571666666666665,60.0,0.4383561643835616
2025-12-05 21:00:00+00:00,2026-05-15 00:00:00+00:00,MSFT,MSFT260515C00460000,call,True,460.0,53.2,53.9,53.15,480.8399963378906,0.33008482421874996,0.03539610022899104,0.007070959208665306,1.0,112,2025-12-05 15:14:00+00:00,5.766666666666667,53.55,0.4383561643835616
2025-12-05 21:00:00+00:00,2026-05-15 00:00:00+00:00,MSFT,MSFT260515C00470000,call,True,470.0,47.05,47.7,47.2,480.8399963378906,0.3225317991638183,0.03539610022899104,0.007070959208665306,21.0,195,2025-12-05 20:57:03+00:00,0.049166666666666664,47.375,0.4383561643835616
2025-12-05 21:00:00+00:00,2026-05-15 00:00:00+00:00,MSFT,MSFT260515C00480000,call,True,480.0,41.15,41.85,41.3,480.8399963378906,0.314963515472412,0.03539610022899104,0.007070959208665306,47.0,568,2025-12-05 20:45:15+00:00,0.24583333333333332,41.5,0.4383561643835616
2025-12-05 21:00:00+00:00,2026-05-15 00:00:00+00:00,MSFT,MSFT260515C00490000,call,False,490.0,36.3,36.8,35.7,480.8399963378906,0.3107673904418945,0.03539610022899104,0.007070959208665306,75.0,416,2025-12-05 20:52:08+00:00,0.13111111111111112,36.55,0.4383561643835616
2025-12-05 21:00:00+00:00,2026-05-15 00:00:00+00:00,MSFT,MSFT260515C00500000,call,False,500.0,31.6,32.1,31.55,480.8399963378906,0.30631186859130854,0.03539610022899104,0.007070959208665306,36.0,1457,2025-12-05 20:57:03+00:00,0.049166666666666664,31.85,0.4383561643835616
2025-12-05 21:00:00+00:00,2026-05-15 00:00:00+00:00,MSFT,MSFT260515C00510000,call,False,510.0,27.15,28.7,26.56,480.8399963378906,0.3090889404296875,0.03539610022899104,0.007070959208665306,28.0,876,2025-12-05 18:38:10+00:00,2.363888888888889,27.924999999999997,0.4383561643835616
2025-12-05 21:00:00+00:00,2026-05-15 00:00:00+00:00,MSFT,MSFT260515C00520000,call,False,520.0,23.55,24.7,23.25,480.8399963378906,0.3042519526672363,0.03539610022899104,0.007070959208665306,92.0,1502,2025-12-05 20:35:56+00:00,0.4011111111111111,24.125,0.4383561643835616
2025-12-05 21:00:00+00:00,2026-05-15 00:00:00+00:00,MSFT,MSFT260515C00530000,call,False,530.0,20.15,20.35,20.34,480.8399963378906,0.2934183207702636,0.03539610022899104,0.007070959208665306,32.0,1004,2025-12-05 20:59:27+00:00,0.009166666666666667,20.25,0.4383561643835616
2025-12-05 21:00:00+00:00,2026-05-15 00:00:00+00:00,MSFT,MSFT260515C00540000,call,False,540.0,16.35,17.7,16.9,480.8399963378906,0.29369297622680657,0.03539610022899104,0.007070959208665306,62.0,1941,2025-12-05 20:45:33+00:00,0.24083333333333334,17.025,0.4383561643835616
2025-12-05 21:00:00+00:00,2026-05-15 00:00:00+00:00,MSFT,MSFT260515C00550000,call,False,550.0,14.6,14.95,14.7,480.8399963378906,0.2903055589294433,0.03539610022899104,0.007070959208665306,62.0,1980,2025-12-05 20:59:25+00:00,0.009722222222222222,14.774999999999999,0.4383561643835616
2025-12-05 21:00:00+00:00,2026-05-15 00:00:00+00:00,MSFT,MSFT260515C00560000,call,False,560.0,11.65,12.55,12.08,480.8399963378906,0.28719279708862294,0.03539610022899104,0.007070959208665306,19.0,610,2025-12-05 20:23:35+00:00,0.6069444444444444,12.100000000000001,0.4383561643835616
2025-12-05 21:00:00+00:00,2026-05-15 00:00:00+00:00,MSFT,MSFT260515C00570000,call,False,570.0,10.15,10.6,10.15,480.8399963378906,0.2856821920776367,0.03539610022899104,0.007070959208665306,16.0,1190,2025-12-05 20:13:43+00:00,0.7713888888888889,10.375,0.4383561643835616
2025-12-05 21:00:00+00:00,2026-05-15 00:00:00+00:00,MSFT,MSFT260515C00580000,call,False,580.0,7.75,8.95,8.45,480.8399963378906,0.2847361566162109,0.03539610022899104,0.007070959208665306,36.0,1045,2025-12-05 18:33:47+00:00,2.4369444444444444,8.35,0.4383561643835616
2025-12-05 21:00:00+00:00,2026-05-15 00:00:00+00:00,MSFT,MSFT260515C00590000,call,False,590.0,7.2,7.65,6.95,480.8399963378906,0.2853465020751953,0.03539610022899104,0.007070959208665306,10.0,1026,2025-12-05 18:14:48+00:00,2.7533333333333334,7.425000000000001,0.4383561643835616
2025-12-05 21:00:00+00:00,2026-05-15 00:00:00+00:00,MSFT,MSFT260515C00600000,call,False,600.0,6.05,6.45,6.05,480.8399963378906,0.2849802947998046,0.03539610022899104,0.007070959208665306,1.0,2222,2025-12-05 20:16:15+00:00,0.7291666666666666,6.25,0.4383561643835616
2025-12-05 21:00:00+00:00,2026-05-15 00:00:00+00:00,MSFT,MSFT260515C00610000,call,False,610.0,5.1,6.25,5.04,480.8399963378906,0.29651582397460935,0.03539610022899104,0.007070959208665306,31.0,532,2025-12-05 20:46:06+00:00,0.23166666666666666,5.675,0.4383561643835616
2025-12-05 21:00:00+00:00,2026-05-15 00:00:00+00:00,MSFT,MSFT260515C00620000,call,False,620.0,3.25,4.4,3.95,480.8399963378906,0.2819285675048828,0.03539610022899104,0.007070959208665306,11.0,387,2025-12-03 19:25:37+00:00,49.573055555555555,3.825,0.4383561643835616
2025-12-05 21:00:00+00:00,2026-05-15 00:00:00+00:00,MSFT,MSFT260515C00630000,call,False,630.0,3.55,3.7,3.36,480.8399963378906,0.282233740234375,0.03539610022899104,0.007070959208665306,3.0,317,2025-12-04 18:51:53+00:00,26.135277777777777,3.625,0.4383561643835616
2025-12-05 21:00:00+00:00,2026-05-15 00:00:00+00:00,MSFT,MSFT260515C00640000,call,False,640.0,2.8,3.1,2.77,480.8399963378906,0.28241684387207033,0.03539610022899104,0.007070959208665306,1.0,1278,2025-12-04 15:22:53+00:00,29.61861111111111,2.95,0.4383561643835616
2025-12-05 21:00:00+00:00,2026-05-15 00:00:00+00:00,MSFT,MSFT260515C00650000,call,False,650.0,2.3,2.59,2.37,480.8399963378906,0.2825999475097656,0.03539610022899104,0.007070959208665306,5.0,559,2025-12-04 16:57:34+00:00,28.040555555555557,2.445,0.4383561643835616
2025-12-05 21:00:00+00:00,2026-05-15 00:00:00+00:00,MSFT,MSFT260515C00660000,call,False,660.0,2.09,2.17,2.1,480.8399963378906,0.28302718933105464,0.03539610022899104,0.007070959208665306,11.0,308,2025-12-05 20:58:07+00:00,0.03138888888888889,2.13,0.4383561643835616
2025-12-05 21:00:00+00:00,2026-05-15 00:00:00+00:00,MSFT,MSFT260515C00680000,call,False,680.0,1.45,1.52,1.37,480.8399963378906,0.28400374206542955,0.03539610022899104,0.007070959208665306,2.0,351,2025-12-05 18:26:35+00:00,2.5569444444444445,1.4849999999999999,0.4383561643835616
2025-12-05 21:00:00+00:00,2026-05-15 00:00:00+00:00,MSFT,MSFT260515C00700000,call,False,700.0,1.0,1.07,1.06,480.8399963378906,0.2854075366210937,0.03539610022899104,0.007070959208665306,1.0,2334,2025-12-05 14:30:01+00:00,6.499722222222222,1.0350000000000001,0.4383561643835616
2025-12-05 21:00:00+00:00,2026-05-15 00:00:00+00:00,MSFT,MSFT260515C00720000,call,False,720.0,0.68,0.75,0.73,480.8399963378906,0.2867502966308593,0.03539610022899104,0.007070959208665306,16.0,174,2025-11-26 16:53:07+00:00,220.1147222222222,0.7150000000000001,0.4383561643835616
2025-12-05 21:00:00+00:00,2026-05-15 00:00:00+00:00,MSFT,MSFT260515C00740000,call,False,740.0,0.46,0.53,0.48,480.8399963378906,0.28833719482421866,0.03539610022899104,0.007070959208665306,1.0,969,2025-12-04 20:17:52+00:00,24.702222222222222,0.495,0.4383561643835616
2025-12-05 21:00:00+00:00,2026-05-15 00:00:00+00:00,MSFT,MSFT260515C00760000,call,False,760.0,0.31,0.38,0.31,480.8399963378906,0.29053443847656246,0.03539610022899104,0.007070959208665306,11.0,4764,2025-12-04 17:28:19+00:00,27.528055555555557,0.345,0.4383561643835616
2025-12-05 21:00:00+00:00,2026-05-15 00:00:00+00:00,MSFT,MSFT260515C00780000,call,False,780.0,0.21,0.27,0.22,480.8399963378906,0.29224340576171864,0.03539610022899104,0.007070959208665306,11.0,2361,2025-12-04 17:28:19+00:00,27.528055555555557,0.24,0.4383561643835616
2025-12-05 21:00:00+00:00,2026-05-15 00:00:00+00:00,MSFT,MSFT260515C00800000,call,False,800.0,0.14,0.2,0.14,480.8399963378906,0.2951730639648437,0.03539610022899104,0.007070959208665306,10.0,952,2025-12-05 16:58:49+00:00,4.019722222222223,0.17,0.4383561643835616
2025-12-05 21:00:00+00:00,2026-05-15 00:00:00+00:00,MSFT,MSFT260515P00240000,put,False,240.0,0.21,0.28,0.47,480.8399963378906,0.43994700683593746,0.03539610022899104,0.007070959208665306,1.0,149,2025-11-25 14:48:07+00:00,246.19805555555556,0.245,0.4383561643835616
2025-12-05 21:00:00+00:00,2026-05-15 00:00:00+00:00,MSFT,MSFT260515P00250000,put,False,250.0,0.28,0.35,0.39,480.8399963378906,0.4282283740234375,0.03539610022899104,0.007070959208665306,1.0,527,2025-12-03 15:26:19+00:00,53.56138888888889,0.315,0.4383561643835616
2025-12-05 21:00:00+00:00,2026-05-15 00:00:00+00:00,MSFT,MSFT260515P00260000,put,False,260.0,0.37,0.44,0.32,480.8399963378906,0.4172421557617187,0.03539610022899104,0.007070959208665306,2.0,51,2025-11-12 20:41:10+00:00,552.3138888888889,0.405,0.4383561643835616
2025-12-05 21:00:00+00:00,2026-05-15 00:00:00+00:00,MSFT,MSFT260515P00270000,put,False,270.0,0.25,0.55,0.55,480.8399963378906,0.4067442138671875,0.03539610022899104,0.007070959208665306,1.0,24,2025-12-03 18:40:58+00:00,50.31722222222222,0.4,0.4383561643835616
2025-12-05 21:00:00+00:00,2026-05-15 00:00:00+00:00,MSFT,MSFT260515P00280000,put,False,280.0,0.42,0.7,1.2,480.8399963378906,0.39771110107421875,0.03539610022899104,0.007070959208665306,5.0,91,2025-11-21 17:16:56+00:00,339.71777777777777,0.5599999999999999,0.4383561643835616
2025-12-05 21:00:00+00:00,2026-05-15 00:00:00+00:00,MSFT,MSFT260515P00290000,put,False,290.0,0.59,0.97,0.64,480.8399963378906,0.3947814428710938,0.03539610022899104,0.007070959208665306,1.0,27,2025-11-03 15:30:41+00:00,773.4886111111111,0.78,0.4383561643835616
2025-12-05 21:00:00+00:00,2026-05-15 00:00:00+00:00,MSFT,MSFT260515P00300000,put,False,300.0,0.99,1.06,1.11,480.8399963378906,0.37720349365234374,0.03539610022899104,0.007070959208665306,5.0,232,2025-12-04 16:04:23+00:00,28.926944444444445,1.025,0.4383561643835616
2025-12-05 21:00:00+00:00,2026-05-15 00:00:00+00:00,MSFT,MSFT260515P00310000,put,False,310.0,1.25,1.46,1.34,480.8399963378906,0.37525038818359374,0.03539610022899104,0.007070959208665306,11.0,174,2025-12-03 17:37:23+00:00,51.37694444444445,1.355,0.4383561643835616
2025-12-05 21:00:00+00:00,2026-05-15 00:00:00+00:00,MSFT,MSFT260515P00320000,put,False,320.0,1.56,1.63,1.65,480.8399963378906,0.35950347534179683,0.03539610022899104,0.007070959208665306,1.0,104,2025-12-05 15:59:51+00:00,5.0025,1.595,0.4383561643835616
2025-12-05 21:00:00+00:00,2026-05-15 00:00:00+00:00,MSFT,MSFT260515P00330000,put,False,330.0,1.94,2.01,2.15,480.8399963378906,0.35108070800781244,0.03539610022899104,0.007070959208665306,1.0,71,2025-12-05 14:57:19+00:00,6.044722222222222,1.9749999999999999,0.4383561643835616
2025-12-05 21:00:00+00:00,2026-05-15 00:00:00+00:00,MSFT,MSFT260515P00340000,put,False,340.0,2.4,2.5,2.77,480.8399963378906,0.3437565625,0.03539610022899104,0.007070959208665306,52.0,196,2025-12-04 20:56:54+00:00,24.051666666666666,2.45,0.4383561643835616
2025-12-05 21:00:00+00:00,2026-05-15 00:00:00+00:00,MSFT,MSFT260515P00350000,put,False,350.0,2.95,3.05,3.3,480.8399963378906,0.3354558642578125,0.03539610022899104,0.007070959208665306,47.0,296,2025-12-04 16:15:35+00:00,28.740277777777777,3.0,0.4383561643835616
2025-12-05 21:00:00+00:00,2026-05-15 00:00:00+00:00,MSFT,MSFT260515P00360000,put,False,360.0,3.6,3.7,3.87,480.8399963378906,0.327155166015625,0.03539610022899104,0.007070959208665306,1.0,428,2025-12-05 16:23:59+00:00,4.6002777777777775,3.6500000000000004,0.4383561643835616
2025-12-05 21:00:00+00:00,2026-05-15 00:00:00+00:00,MSFT,MSFT260515P00370000,put,False,370.0,4.4,4.5,4.4,480.8399963378906,0.31952584777832027,0.03539610022899104,0.007070959208665306,357.0,860,2025-12-03 19:46:20+00:00,49.227777777777774,4.45,0.4383561643835616
2025-12-05 21:00:00+00:00,2026-05-15 00:00:00+00:00,MSFT,MSFT260515P00380000,put,False,380.0,5.35,5.45,5.56,480.8399963378906,0.31201859863281245,0.03539610022899104,0.007070959208665306,2.0,811,2025-12-05 15:55:26+00:00,5.0761111111111115,5.4,0.4383561643835616
2025-12-05 21:00:00+00:00,2026-05-15 00:00:00+00:00,MSFT,MSFT260515P00390000,put,False,390.0,6.45,6.6,6.65,480.8399963378906,0.3050606604003906,0.03539610022899104,0.007070959208665306,5.0,294,2025-12-05 18:31:55+00:00,2.4680555555555554,6.525,0.4383561643835616
2025-12-05 21:00:00+00:00,2026-05-15 00:00:00+00:00,MSFT,MSFT260515P00400000,put,False,400.0,7.8,8.0,7.95,480.8399963378906,0.2987741021728515,0.03539610022899104,0.007070959208665306,7.0,829,2025-12-05 19:58:04+00:00,1.0322222222222222,7.9,0.4383561643835616
2025-12-05 21:00:00+00:00,2026-05-15 00:00:00+00:00,MSFT,MSFT260515P00410000,put,False,410.0,9.35,9.6,9.6,480.8399963378906,0.29209081939697257,0.03539610022899104,0.007070959208665306,13.0,505,2025-12-05 14:39:45+00:00,6.3375,9.475,0.4383561643835616
2025-12-05 21:00:00+00:00,2026-05-15 00:00:00+00:00,MSFT,MSFT260515P00420000,put,False,420.0,10.8,12.5,11.55,480.8399963378906,0.2967599621582031,0.03539610022899104,0.007070959208665306,1.0,1832,2025-12-05 18:33:20+00:00,2.4444444444444446,11.65,0.4383561643835616
2025-12-05 21:00:00+00:00,2026-05-15 00:00:00+00:00,MSFT,MSFT260515P00430000,put,False,430.0,13.35,14.2,13.79,480.8399963378906,0.28470563934326165,0.03539610022899104,0.007070959208665306,325.0,483,2025-12-05 20:54:09+00:00,0.0975,13.774999999999999,0.4383561643835616
2025-12-05 21:00:00+00:00,2026-05-15 00:00:00+00:00,MSFT,MSFT260515P00440000,put,False,440.0,15.75,16.25,16.31,480.8399963378906,0.27370416244506834,0.03539610022899104,0.007070959208665306,30.0,1902,2025-12-05 18:33:05+00:00,2.448611111111111,16.0,0.4383561643835616
2025-12-05 21:00:00+00:00,2026-05-15 00:00:00+00:00,MSFT,MSFT260515P00450000,put,False,450.0,18.65,19.2,19.25,480.8399963378906,0.26807372558593745,0.03539610022899104,0.007070959208665306,11.0,2154,2025-12-05 18:33:52+00:00,2.4355555555555557,18.924999999999997,0.4383561643835616
2025-12-05 21:00:00+00:00,2026-05-15 00:00:00+00:00,MSFT,MSFT260515P00460000,put,False,460.0,21.95,22.5,22.44,480.8399963378906,0.2620465641784668,0.03539610022899104,0.007070959208665306,14.0,931,2025-12-05 20:42:29+00:00,0.29194444444444445,22.225,0.4383561643835616
2025-12-05 21:00:00+00:00,2026-05-15 00:00:00+00:00,MSFT,MSFT260515P00470000,put,False,470.0,25.95,26.65,26.65,480.8399963378906,0.2594525959777832,0.03539610022899104,0.007070959208665306,2.0,2358,2025-12-05 15:52:33+00:00,5.1241666666666665,26.299999999999997,0.4383561643835616
2025-12-05 21:00:00+00:00,2026-05-15 00:00:00+00:00,MSFT,MSFT260515P00480000,put,False,480.0,30.25,30.5,30.95,480.8399963378906,0.2508162077331542,0.03539610022899104,0.007070959208665306,39.0,886,2025-12-05 18:40:04+00:00,2.332222222222222,30.375,0.4383561643835616
2025-12-05 21:00:00+00:00,2026-05-15 00:00:00+00:00,MSFT,MSFT260515P00490000,put,True,490.0,34.95,35.25,38.3,480.8399963378906,0.24559775405883788,0.03539610022899104,0.007070959208665306,24.0,890,2025-12-04 19:31:23+00:00,25.476944444444445,35.1,0.4383561643835616
2025-12-05 21:00:00+00:00,2026-05-15 00:00:00+00:00,MSFT,MSFT260515P00500000,put,True,500.0,40.15,40.55,43.4,480.8399963378906,0.24083705947875977,0.03539610022899104,0.007070959208665306,1.0,1451,2025-12-04 14:44:25+00:00,30.259722222222223,40.349999999999994,0.4383561643835616
2025-12-05 21:00:00+00:00,2026-05-15 00:00:00+00:00,MSFT,MSFT260515P00510000,put,True,510.0,45.9,46.25,46.4,480.8399963378906,0.23529817443847656,0.03539610022899104,0.007070959208665306,11.0,1280,2025-12-05 20:35:24+00:00,0.41,46.075,0.4383561643835616
2025-12-05 21:00:00+00:00,2026-05-15 00:00:00+00:00,MSFT,MSFT260515P00520000,put,True,520.0,52.1,52.5,52.85,480.8399963378906,0.23015601394653318,0.03539610022899104,0.007070959208665306,6.0,541,2025-12-05 20:21:17+00:00,0.6452777777777777,52.3,0.4383561643835616
2025-12-05 21:00:00+00:00,2026-05-15 00:00:00+00:00,MSFT,MSFT260515P00530000,put,True,530.0,58.55,59.3,59.15,480.8399963378906,0.22551738845825192,0.03539610022899104,0.007070959208665306,5.0,335,2025-12-02 14:31:32+00:00,78.47444444444444,58.925,0.4383561643835616
2025-12-05 21:00:00+00:00,2026-05-15 00:00:00+00:00,MSFT,MSFT260515P00540000,put,True,540.0,65.75,66.45,66.25,480.8399963378906,0.21973436523437498,0.03539610022899104,0.007070959208665306,20.0,250,2025-12-05 18:34:39+00:00,2.4225,66.1,0.4383561643835616
2025-12-05 21:00:00+00:00,2026-05-15 00:00:00+00:00,MSFT,MSFT260515P00550000,put,True,550.0,73.05,74.1,67.7,480.8399963378906,0.21433280792236326,0.03539610022899104,0.007070959208665306,5.0,445,2025-12-02 18:31:41+00:00,74.47194444444445,73.57499999999999,0.4383561643835616
2025-12-05 21:00:00+00:00,2026-05-15 00:00:00+00:00,MSFT,MSFT260515P00560000,put,True,560.0,80.95,82.1,89.61,480.8399963378906,0.20789366333007808,0.03539610022899104,0.007070959208665306,1.0,54,2025-11-24 15:20:45+00:00,269.65416666666664,81.525,0.4383561643835616
2025-12-05 21:00:00+00:00,2026-05-15 00:00:00+00:00,MSFT,MSFT260515P00570000,put,True,570.0,89.35,90.4,90.4,480.8399963378906,0.19968451690673827,0.03539610022899104,0.007070959208665306,5.0,34,2025-12-05 20:39:56+00:00,0.33444444444444443,89.875,0.4383561643835616
2025-12-05 21:00:00+00:00,2026-05-15 00:00:00+00:00,MSFT,MSFT260515P00580000,put,True,580.0,98.25,99.15,91.23,480.8399963378906,0.19208571594238283,0.03539610022899104,0.007070959208665306,9.0,13,2025-12-02 15:41:02+00:00,77.31611111111111,98.7,0.4383561643835616
2025-12-05 21:00:00+00:00,2026-05-15 00:00:00+00:00,MSFT,MSFT260515P00590000,put,True,590.0,107.1,108.25,100.23,480.8399963378906,0.18451743225097655,0.03539610022899104,0.007070959208665306,9.0,36,2025-12-02 15:41:02+00:00,77.31611111111111,107.675,0.4383561643835616
2025-12-05 21:00:00+00:00,2026-05-15 00:00:00+00:00,MSFT,MSFT260515P00600000,put,True,600.0,116.0,118.65,101.0,480.8399963378906,0.20673400695800775,0.03539610022899104,0.007070959208665306,10.0,0,2025-11-14 15:01:46+00:00,509.97055555555556,117.325,0.4383561643835616
2025-12-05 21:00:00+00:00,2026-05-15 00:00:00+00:00,MSFT,MSFT260515P00610000,put,True,610.0,125.2,128.85,101.4,480.8399963378906,0.22357954162597654,0.03539610022899104,0.007070959208665306,5.0,0,2025-11-04 17:59:07+00:00,747.0147222222222,127.025,0.4383561643835616
2025-12-05 21:00:00+00:00,2026-05-15 00:00:00+00:00,MSFT,MSFT260515P00620000,put,True,620.0,128.25,131.9,92.64,480.8399963378906,1.0000000000000003e-05,0.03539610022899104,0.007070959208665306,2.0,0,2025-10-27 19:22:45+00:00,937.6208333333333,130.075,0.4383561643835616
2025-12-05 21:00:00+00:00,2026-05-15 00:00:00+00:00,MSFT,MSFT260515P00630000,put,True,630.0,138.35,141.4,111.47,480.8399963378906,1.0000000000000003e-05,0.03539610022899104,0.007070959208665306,1.0,0,2025-10-31 13:51:45+00:00,847.1375,139.875,0.4383561643835616
2025-12-05 21:00:00+00:00,2026-05-15 00:00:00+00:00,MSFT,MSFT260515P00640000,put,True,640.0,155.0,158.95,157.19,480.8399963378906,0.26056647644042963,0.03539610022899104,0.007070959208665306,1.0,1,2025-12-03 20:12:12+00:00,48.79666666666667,156.975,0.4383561643835616
2025-12-05 21:00:00+00:00,2026-05-15 00:00:00+00:00,MSFT,MSFT260515P00650000,put,True,650.0,165.25,168.85,131.25,480.8399963378906,0.26892820922851557,0.03539610022899104,0.007070959208665306,2.0,0,2025-11-03 16:02:25+00:00,772.9597222222222,167.05,0.4383561643835616
2025-12-05 21:00:00+00:00,2026-06-18 00:00:00+00:00,MSFT,MSFT260618C00175000,call,True,175.0,309.65,313.35,317.28,480.8399963378906,0.8284929260253906,0.03539610022899104,0.007070959208665306,50.0,455,2025-12-01 17:38:18+00:00,99.36166666666666,311.5,0.5315068493150685
2025-12-05 21:00:00+00:00,2026-06-18 00:00:00+00:00,MSFT,MSFT260618C00180000,call,True,180.0,304.65,308.55,296.9,480.8399963378906,0.8122577368164061,0.03539610022899104,0.007070959208665306,1.0,1,2025-11-25 14:30:31+00:00,246.49138888888888,306.6,0.5315068493150685
2025-12-05 21:00:00+00:00,2026-06-18 00:00:00+00:00,MSFT,MSFT260618C00185000,call,True,185.0,299.75,303.7,292.0,480.8399963378906,0.7975484112548827,0.03539610022899104,0.007070959208665306,1.0,779,2025-11-25 14:30:31+00:00,246.49138888888888,301.725,0.5315068493150685
2025-12-05 21:00:00+00:00,2026-06-18 00:00:00+00:00,MSFT,MSFT260618C00190000,call,True,190.0,329.9,333.4,326.05,480.8399963378906,1.5924092645263668,0.03539610022899104,0.007070959208665306,1.0,56,2025-09-05 13:30:21+00:00,2191.494166666667,331.65,0.5315068493150685
2025-12-05 21:00:00+00:00,2026-06-18 00:00:00+00:00,MSFT,MSFT260618C00195000,call,True,195.0,290.0,293.65,311.98,480.8399963378906,0.7623314782714845,0.03539610022899104,0.007070959208665306,36.0,37,2025-11-13 20:33:29+00:00,528.4419444444444,291.825,0.5315068493150685
2025-12-05 21:00:00+00:00,2026-06-18 00:00:00+00:00,MSFT,MSFT260618C00200000,call,True,200.0,285.15,288.9,282.77,480.8399963378906,0.7515893981933592,0.03539610022899104,0.007070959208665306,2.0,29,2025-11-25 20:54:40+00:00,240.0888888888889,287.025,0.5315068493150685
2025-12-05 21:00:00+00:00,2026-06-18 00:00:00+00:00,MSFT,MSFT260618C00205000,call,True,205.0,238.5,242.0,235.75,480.8399963378906,1.0000000000000003e-05,0.03539610022899104,0.007070959208665306,8.0,4,2024-11-26 20:26:14+00:00,8976.562777777777,240.25,0.5315068493150685
2025-12-05 21:00:00+00:00,2026-06-18 00:00:00+00:00,MSFT,MSFT260618C00210000,call,True,210.0,301.3,305.05,303.33,480.8399963378906,1.3036228666687006,0.03539610022899104,0.007070959208665306,1.0,6,2025-07-22 16:02:48+00:00,3268.9533333333334,303.175,0.5315068493150685
2025-12-05 21:00:00+00:00,2026-06-18 00:00:00+00:00,MSFT,MSFT260618C00215000,call,True,215.0,250.5,255.0,224.0,480.8399963378906,1.0000000000000003e-05,0.03539610022899104,0.007070959208665306,1.0,10,2025-05-01 13:39:38+00:00,5239.339444444445,252.75,0.5315068493150685
2025-12-05 21:00:00+00:00,2026-06-18 00:00:00+00:00,MSFT,MSFT260618C00220000,call,True,220.0,0.0,0.0,314.6,480.8399963378906,1.0000000000000003e-05,0.03539610022899104,0.007070959208665306,2.0,122,2025-08-12 17:15:46+00:00,2763.737222222222,0.0,0.5315068493150685
2025-12-05 21:00:00+00:00,2026-06-18 00:00:00+00:00,MSFT,MSFT260618C00225000,call,True,225.0,0.0,0.0,309.83,480.8399963378906,1.0000000000000003e-05,0.03539610022899104,0.007070959208665306,3.0,15,2025-08-12 17:14:06+00:00,2763.765,0.0,0.5315068493150685
2025-12-05 21:00:00+00:00,2026-06-18 00:00:00+00:00,MSFT,MSFT260618C00230000,call,True,230.0,256.0,259.75,268.78,480.8399963378906,0.674502766723633,0.03539610022899104,0.007070959208665306,2.0,215,2025-11-18 20:15:53+00:00,408.73527777777775,257.875,0.5315068493150685
2025-12-05 21:00:00+00:00,2026-06-18 00:00:00+00:00,MSFT,MSFT260618C00235000,call,True,235.0,223.05,226.95,154.7,480.8399963378906,1.0000000000000003e-05,0.03539610022899104,0.007070959208665306,14.0,30,2025-04-23 17:55:17+00:00,5427.078611111111,225.0,0.5315068493150685
2025-12-05 21:00:00+00:00,2026-06-18 00:00:00+00:00,MSFT,MSFT260618C00240000,call,True,240.0,246.3,250.05,278.46,480.8399963378906,0.6502110174560547,0.03539610022899104,0.007070959208665306,15.0,30,2025-11-04 16:34:28+00:00,748.4255555555555,248.175,0.5315068493150685
2025-12-05 21:00:00+00:00,2026-06-18 00:00:00+00:00,MSFT,MSFT260618C00245000,call,True,245.0,241.45,245.2,242.0,480.8399963378906,0.6381872119140625,0.03539610022899104,0.007070959208665306,21.0,42,2025-12-05 17:38:53+00:00,3.3519444444444444,243.325,0.5315068493150685
2025-12-05 21:00:00+00:00,2026-06-18 00:00:00+00:00,MSFT,MSFT260618C00250000,call,True,250.0,236.55,240.35,239.68,480.8399963378906,0.6255530609130859,0.03539610022899104,0.007070959208665306,3.0,227,2025-11-19 19:53:13+00:00,385.11305555555555,238.45,0.5315068493150685
2025-12-05 21:00:00+00:00,2026-06-18 00:00:00+00:00,MSFT,MSFT260618C00255000,call,True,255.0,231.8,235.45,226.34,480.8399963378906,0.6144447735595704,0.03539610022899104,0.007070959208665306,4.0,39,2025-11-24 17:12:32+00:00,267.7911111111111,233.625,0.5315068493150685
2025-12-05 21:00:00+00:00,2026-06-18 00:00:00+00:00,MSFT,MSFT260618C00260000,call,True,260.0,227.0,230.7,235.49,480.8399963378906,0.6046487289428714,0.03539610022899104,0.007070959208665306,1.0,24,2025-12-02 20:59:05+00:00,72.01527777777778,228.85,0.5315068493150685
2025-12-05 21:00:00+00:00,2026-06-18 00:00:00+00:00,MSFT,MSFT260618C00265000,call,True,265.0,222.2,225.65,238.37,480.8399963378906,0.5910075079345705,0.03539610022899104,0.007070959208665306,1.0,23,2025-11-06 16:17:43+00:00,700.7047222222222,223.925,0.5315068493150685
2025-12-05 21:00:00+00:00,2026-06-18 00:00:00+00:00,MSFT,MSFT260618C00270000,call,True,270.0,217.4,220.85,241.04,480.8399963378906,0.5806316351318359,0.03539610022899104,0.007070959208665306,43.0,57,2025-11-12 17:43:41+00:00,555.2719444444444,219.125,0.5315068493150685
2025-12-05 21:00:00+00:00,2026-06-18 00:00:00+00:00,MSFT,MSFT260618C00275000,call,True,275.0,212.5,216.15,241.73,480.8399963378906,0.5702252450561524,0.03539610022899104,0.007070959208665306,7.0,40,2025-11-12 19:39:53+00:00,553.3352777777778,214.325,0.5315068493150685
2025-12-05 21:00:00+00:00,2026-06-18 00:00:00+00:00,MSFT,MSFT260618C00280000,call,True,280.0,207.55,211.5,207.0,480.8399963378906,0.5598188549804688,0.03539610022899104,0.007070959208665306,1.0,24,2025-12-03 16:44:45+00:00,52.25416666666667,209.525,0.5315068493150685
2025-12-05 21:00:00+00:00,2026-06-18 00:00:00+00:00,MSFT,MSFT260618C00285000,call,True,285.0,202.9,206.7,228.62,480.8399963378906,0.5510909149169922,0.03539610022899104,0.007070959208665306,47.0,302,2025-11-11 18:28:16+00:00,578.5288888888889,204.8,0.5315068493150685
2025-12-05 21:00:00+00:00,2026-06-18 00:00:00+00:00,MSFT,MSFT260618C00290000,call,True,290.0,198.15,201.85,203.2,480.8399963378906,0.5406540075683595,0.03539610022899104,0.007070959208665306,4.0,412,2025-11-19 18:03:18+00:00,386.945,200.0,0.5315068493150685
2025-12-05 21:00:00+00:00,2026-06-18 00:00:00+00:00,MSFT,MSFT260618C00295000,call,True,295.0,221.35,223.4,211.0,480.8399963378906,0.930741049041748,0.03539610022899104,0.007070959208665306,1.0,527,2025-06-25 14:07:14+00:00,3918.8794444444443,222.375,0.5315068493150685
2025-12-05 21:00:00+00:00,2026-06-18 00:00:00+00:00,MSFT,MSFT260618C00300000,call,True,300.0,188.75,192.0,190.08,480.8399963378906,0.519261399230957,0.03539610022899104,0.007070959208665306,10.0,849,2025-12-03 20:30:56+00:00,48.48444444444444,190.375,0.5315068493150685
2025-12-05 21:00:00+00:00,2026-06-18 00:00:00+00:00,MSFT,MSFT260618C00305000,call,True,305.0,184.0,186.35,204.59,480.8399963378906,0.5009815527343751,0.03539610022899104,0.007070959208665306,2.0,45,2025-11-12 17:29:14+00:00,555.5127777777777,185.175,0.5315068493150685
2025-12-05 21:00:00+00:00,2026-06-18 00:00:00+00:00,MSFT,MSFT260618C00310000,call,True,310.0,179.3,182.95,174.35,480.8399963378906,0.5049182809448242,0.03539610022899104,0.007070959208665306,25.0,138,2025-12-03 14:43:09+00:00,54.280833333333334,181.125,0.5315068493150685
2025-12-05 21:00:00+00:00,2026-06-18 00:00:00+00:00,MSFT,MSFT260618C00315000,call,True,315.0,174.35,178.25,174.6,480.8399963378906,0.5272874420166016,0.03539610022899104,0.007070959208665306,1.0,28,2025-12-03 19:02:50+00:00,49.952777777777776,176.3,0.5315068493150685
2025-12-05 21:00:00+00:00,2026-06-18 00:00:00+00:00,MSFT,MSFT260618C00320000,call,True,320.0,169.9,173.5,177.5,480.8399963378906,0.5165453619384766,0.03539610022899104,0.007070959208665306,1.0,158,2025-12-02 15:40:29+00:00,77.32527777777777,171.7,0.5315068493150685
2025-12-05 21:00:00+00:00,2026-06-18 00:00:00+00:00,MSFT,MSFT260618C00325000,call,True,325.0,165.25,168.85,182.55,480.8399963378906,0.5073596627807617,0.03539610022899104,0.007070959208665306,8.0,148,2025-11-06 17:59:03+00:00,699.0158333333334,167.05,0.5315068493150685
2025-12-05 21:00:00+00:00,2026-06-18 00:00:00+00:00,MSFT,MSFT260618C00330000,call,True,330.0,160.6,162.9,177.78,480.8399963378906,0.47806308074951176,0.03539610022899104,0.007070959208665306,9.0,96,2025-11-06 17:59:03+00:00,699.0158333333334,161.75,0.5315068493150685
2025-12-05 21:00:00+00:00,2026-06-18 00:00:00+00:00,MSFT,MSFT260618C00335000,call,True,335.0,156.0,158.95,158.69,480.8399963378906,0.47983308258056634,0.03539610022899104,0.007070959208665306,2.0,68,2025-11-19 19:41:10+00:00,385.31388888888887,157.475,0.5315068493150685
2025-12-05 21:00:00+00:00,2026-06-18 00:00:00+00:00,MSFT,MSFT260618C00340000,call,True,340.0,151.4,155.0,155.62,480.8399963378906,0.4805960144042969,0.03539610022899104,0.007070959208665306,30.0,113,2025-11-19 20:04:00+00:00,384.93333333333334,153.2,0.5315068493150685
2025-12-05 21:00:00+00:00,2026-06-18 00:00:00+00:00,MSFT,MSFT260618C00345000,call,True,345.0,146.95,149.8,143.5,480.8399963378906,0.4634147897338867,0.03539610022899104,0.007070959208665306,2.0,180,2025-11-25 17:24:40+00:00,243.5888888888889,148.375,0.5315068493150685
2025-12-05 21:00:00+00:00,2026-06-18 00:00:00+00:00,MSFT,MSFT260618C00350000,call,True,350.0,142.4,144.55,150.3,480.8399963378906,0.44577580596923827,0.03539610022899104,0.007070959208665306,5.0,584,2025-12-01 17:30:59+00:00,99.48361111111112,143.47500000000002,0.5315068493150685
2025-12-05 21:00:00+00:00,2026-06-18 00:00:00+00:00,MSFT,MSFT260618C00355000,call,True,355.0,138.65,139.95,135.0,480.8399963378906,0.4371089004516602,0.03539610022899104,0.007070959208665306,13.0,85,2025-12-04 18:54:12+00:00,26.096666666666668,139.3,0.5315068493150685
2025-12-05 21:00:00+00:00,2026-06-18 00:00:00+00:00,MSFT,MSFT260618C00360000,call,True,360.0,134.15,135.4,144.2,480.8399963378906,0.42896078857421877,0.03539610022899104,0.007070959208665306,2.0,734,2025-11-28 16:07:03+00:00,172.8825,134.775,0.5315068493150685
2025-12-05 21:00:00+00:00,2026-06-18 00:00:00+00:00,MSFT,MSFT260618C00365000,call,True,365.0,129.7,131.0,148.14,480.8399963378906,0.4225216439819336,0.03539610022899104,0.007070959208665306,1.0,53,2025-11-06 15:33:42+00:00,701.4383333333334,130.35,0.5315068493150685
2025-12-05 21:00:00+00:00,2026-06-18 00:00:00+00:00,MSFT,MSFT260618C00370000,call,True,370.0,125.35,126.55,126.0,480.8399963378906,0.4151669812011719,0.03539610022899104,0.007070959208665306,2.0,230,2025-12-05 15:35:49+00:00,5.4030555555555555,125.94999999999999,0.5315068493150685
2025-12-05 21:00:00+00:00,2026-06-18 00:00:00+00:00,MSFT,MSFT260618C00375000,call,True,375.0,120.95,122.15,119.8,480.8399963378906,0.4081480084228516,0.03539610022899104,0.007070959208665306,1.0,360,2025-12-03 16:33:17+00:00,52.445277777777775,121.55000000000001,0.5315068493150685
2025-12-05 21:00:00+00:00,2026-06-18 00:00:00+00:00,MSFT,MSFT260618C00380000,call,True,380.0,116.7,117.85,111.7,480.8399963378906,0.40201403656005863,0.03539610022899104,0.007070959208665306,8.0,512,2025-12-03 14:50:25+00:00,54.15972222222222,117.275,0.5315068493150685
2025-12-05 21:00:00+00:00,2026-06-18 00:00:00+00:00,MSFT,MSFT260618C00385000,call,True,385.0,112.35,113.5,118.25,480.8399963378906,0.39501032241821293,0.03539610022899104,0.007070959208665306,1.0,122,2025-12-01 14:30:01+00:00,102.49972222222222,112.925,0.5315068493150685
2025-12-05 21:00:00+00:00,2026-06-18 00:00:00+00:00,MSFT,MSFT260618C00390000,call,True,390.0,108.15,109.15,104.25,480.8399963378906,0.3877319528198242,0.03539610022899104,0.007070959208665306,11.0,280,2025-12-04 17:45:09+00:00,27.2475,108.65,0.5315068493150685
2025-12-05 21:00:00+00:00,2026-06-18 00:00:00+00:00,MSFT,MSFT260618C00395000,call,True,395.0,103.95,105.15,97.35,480.8399963378906,0.38376470733642576,0.03539610022899104,0.007070959208665306,1.0,283,2025-11-25 17:01:28+00:00,243.97555555555556,104.55000000000001,0.5315068493150685
2025-12-05 21:00:00+00:00,2026-06-18 00:00:00+00:00,MSFT,MSFT260618C00400000,call,True,400.0,99.9,101.0,99.22,480.8399963378906,0.37782909774780266,0.03539610022899104,0.007070959208665306,4.0,1045,2025-12-05 19:52:00+00:00,1.1333333333333333,100.45,0.5315068493150685
2025-12-05 21:00:00+00:00,2026-06-18 00:00:00+00:00,MSFT,MSFT260618C00405000,call,True,405.0,95.8,96.8,92.4,480.8399963378906,0.37105426315307616,0.03539610022899104,0.007070959208665306,2.0,451,2025-12-04 18:03:52+00:00,26.935555555555556,96.3,0.5315068493150685
2025-12-05 21:00:00+00:00,2026-06-18 00:00:00+00:00,MSFT,MSFT260618C00410000,call,True,410.0,91.85,92.95,91.05,480.8399963378906,0.36723960403442385,0.03539610022899104,0.007070959208665306,2.0,387,2025-12-05 20:43:29+00:00,0.2752777777777778,92.4,0.5315068493150685
2025-12-05 21:00:00+00:00,2026-06-18 00:00:00+00:00,MSFT,MSFT260618C00415000,call,True,415.0,87.95,89.05,87.5,480.8399963378906,0.36246365081787113,0.03539610022899104,0.007070959208665306,5.0,1457,2025-12-05 20:25:13+00:00,0.5797222222222222,88.5,0.5315068493150685
2025-12-05 21:00:00+00:00,2026-06-18 00:00:00+00:00,MSFT,MSFT260618C00420000,call,True,420.0,84.2,85.15,84.48,480.8399963378906,0.3572451971435546,0.03539610022899104,0.007070959208665306,18.0,1118,2025-12-05 20:57:45+00:00,0.0375,84.67500000000001,0.5315068493150685
2025-12-05 21:00:00+00:00,2026-06-18 00:00:00+00:00,MSFT,MSFT260618C00425000,call,True,425.0,80.3,81.35,77.85,480.8399963378906,0.3524692439270019,0.03539610022899104,0.007070959208665306,5.0,495,2025-12-05 16:33:56+00:00,4.434444444444445,80.82499999999999,0.5315068493150685
2025-12-05 21:00:00+00:00,2026-06-18 00:00:00+00:00,MSFT,MSFT260618C00430000,call,True,430.0,76.6,77.6,76.0,480.8399963378906,0.34763225616455073,0.03539610022899104,0.007070959208665306,2.0,1338,2025-12-05 15:52:49+00:00,5.119722222222222,77.1,0.5315068493150685
2025-12-05 21:00:00+00:00,2026-06-18 00:00:00+00:00,MSFT,MSFT260618C00435000,call,True,435.0,73.05,73.95,71.85,480.8399963378906,0.34316147567749017,0.03539610022899104,0.007070959208665306,22.0,227,2025-12-03 16:34:24+00:00,52.42666666666667,73.5,0.5315068493150685
2025-12-05 21:00:00+00:00,2026-06-18 00:00:00+00:00,MSFT,MSFT260618C00440000,call,True,440.0,69.5,70.45,70.05,480.8399963378906,0.3393925924682617,0.03539610022899104,0.007070959208665306,12.0,1330,2025-12-05 19:07:08+00:00,1.8811111111111112,69.975,0.5315068493150685
2025-12-05 21:00:00+00:00,2026-06-18 00:00:00+00:00,MSFT,MSFT260618C00445000,call,True,445.0,66.2,67.0,65.75,480.8399963378906,0.3354863815307617,0.03539610022899104,0.007070959208665306,3.0,383,2025-12-05 14:48:41+00:00,6.188611111111111,66.6,0.5315068493150685
2025-12-05 21:00:00+00:00,2026-06-18 00:00:00+00:00,MSFT,MSFT260618C00450000,call,True,450.0,62.85,63.6,62.5,480.8399963378906,0.3314428428649902,0.03539610022899104,0.007070959208665306,20.0,3413,2025-12-05 20:00:59+00:00,0.9836111111111111,63.225,0.5315068493150685
2025-12-05 21:00:00+00:00,2026-06-18 00:00:00+00:00,MSFT,MSFT260618C00455000,call,True,455.0,59.6,60.25,56.62,480.8399963378906,0.32723145919799806,0.03539610022899104,0.007070959208665306,1.0,802,2025-12-04 17:29:20+00:00,27.511111111111113,59.925,0.5315068493150685
2025-12-05 21:00:00+00:00,2026-06-18 00:00:00+00:00,MSFT,MSFT260618C00460000,call,True,460.0,56.45,57.1,55.48,480.8399963378906,0.32398136962890617,0.03539610022899104,0.007070959208665306,5.0,872,2025-12-05 18:56:12+00:00,2.0633333333333335,56.775000000000006,0.5315068493150685
2025-12-05 21:00:00+00:00,2026-06-18 00:00:00+00:00,MSFT,MSFT260618C00465000,call,True,465.0,53.4,54.05,52.7,480.8399963378906,0.32089912506103513,0.03539610022899104,0.007070959208665306,4.0,420,2025-12-05 19:22:19+00:00,1.6280555555555556,53.724999999999994,0.5315068493150685
2025-12-05 21:00:00+00:00,2026-06-18 00:00:00+00:00,MSFT,MSFT260618C00470000,call,True,470.0,50.45,51.15,50.6,480.8399963378906,0.31832041549682616,0.03539610022899104,0.007070959208665306,34.0,814,2025-12-05 20:57:50+00:00,0.03611111111111111,50.8,0.5315068493150685
2025-12-05 21:00:00+00:00,2026-06-18 00:00:00+00:00,MSFT,MSFT260618C00475000,call,True,475.0,47.6,48.2,47.56,480.8399963378906,0.3147804118347168,0.03539610022899104,0.007070959208665306,10.0,1358,2025-12-05 20:31:27+00:00,0.47583333333333333,47.900000000000006,0.5315068493150685
2025-12-05 21:00:00+00:00,2026-06-18 00:00:00+00:00,MSFT,MSFT260618C00480000,call,True,480.0,44.9,45.25,45.0,480.8399963378906,0.3106453213500976,0.03539610022899104,0.007070959208665306,94.0,1781,2025-12-05 20:21:33+00:00,0.6408333333333334,45.075,0.5315068493150685
2025-12-05 21:00:00+00:00,2026-06-18 00:00:00+00:00,MSFT,MSFT260618C00485000,call,False,485.0,42.3,42.6,41.65,480.8399963378906,0.308051353149414,0.03539610022899104,0.007070959208665306,44.0,811,2025-12-05 20:51:40+00:00,0.1388888888888889,42.45,0.5315068493150685
2025-12-05 21:00:00+00:00,2026-06-18 00:00:00+00:00,MSFT,MSFT260618C00490000,call,False,490.0,39.75,40.05,38.9,480.8399963378906,0.3055489367675781,0.03539610022899104,0.007070959208665306,35.0,904,2025-12-05 18:45:36+00:00,2.24,39.9,0.5315068493150685
2025-12-05 21:00:00+00:00,2026-06-18 00:00:00+00:00,MSFT,MSFT260618C00495000,call,False,495.0,37.3,37.6,36.95,480.8399963378906,0.30313807220458977,0.03539610022899104,0.007070959208665306,3.0,361,2025-12-05 19:57:28+00:00,1.0422222222222222,37.45,0.5315068493150685
2025-12-05 21:00:00+00:00,2026-06-18 00:00:00+00:00,MSFT,MSFT260618C00500000,call,False,500.0,35.0,35.25,35.25,480.8399963378906,0.3008035008239746,0.03539610022899104,0.007070959208665306,272.0,6303,2025-12-05 20:59:13+00:00,0.013055555555555556,35.125,0.5315068493150685
2025-12-05 21:00:00+00:00,2026-06-18 00:00:00+00:00,MSFT,MSFT260618C00505000,call,False,505.0,32.75,33.0,32.66,480.8399963378906,0.298560481262207,0.03539610022899104,0.007070959208665306,9.0,664,2025-12-05 20:57:33+00:00,0.04083333333333333,32.875,0.5315068493150685
2025-12-05 21:00:00+00:00,2026-06-18 00:00:00+00:00,MSFT,MSFT260618C00510000,call,False,510.0,30.65,30.9,30.0,480.8399963378906,0.2967447035217285,0.03539610022899104,0.007070959208665306,64.0,2190,2025-12-05 19:04:11+00:00,1.9302777777777778,30.775,0.5315068493150685
2025-12-05 21:00:00+00:00,2026-06-18 00:00:00+00:00,MSFT,MSFT260618C00515000,call,False,515.0,28.65,28.9,27.75,480.8399963378906,0.29502047760009764,0.03539610022899104,0.007070959208665306,10.0,965,2025-12-05 16:08:10+00:00,4.863888888888889,28.775,0.5315068493150685
2025-12-05 21:00:00+00:00,2026-06-18 00:00:00+00:00,MSFT,MSFT260618C00520000,call,False,520.0,26.75,26.95,26.25,480.8399963378906,0.29302159622192375,0.03539610022899104,0.007070959208665306,123.0,2454,2025-12-05 20:48:32+00:00,0.19111111111111112,26.85,0.5315068493150685
2025-12-05 21:00:00+00:00,2026-06-18 00:00:00+00:00,MSFT,MSFT260618C00525000,call,False,525.0,24.9,25.15,23.89,480.8399963378906,0.29149573257446276,0.03539610022899104,0.007070959208665306,2.0,2740,2025-12-05 18:03:43+00:00,2.9380555555555556,25.025,0.5315068493150685
2025-12-05 21:00:00+00:00,2026-06-18 00:00:00+00:00,MSFT,MSFT260618C00530000,call,False,530.0,23.2,23.45,22.8,480.8399963378906,0.2900919380187988,0.03539610022899104,0.007070959208665306,6.0,1564,2025-12-05 20:47:46+00:00,0.2038888888888889,23.325,0.5315068493150685
2025-12-05 21:00:00+00:00,2026-06-18 00:00:00+00:00,MSFT,MSFT260618C00535000,call,False,535.0,21.55,21.85,21.25,480.8399963378906,0.28882547119140617,0.03539610022899104,0.007070959208665306,556.0,1258,2025-12-05 18:57:59+00:00,2.033611111111111,21.700000000000003,0.5315068493150685
2025-12-05 21:00:00+00:00,2026-06-18 00:00:00+00:00,MSFT,MSFT260618C00540000,call,False,540.0,20.0,20.65,20.25,480.8399963378906,0.29003090347290034,0.03539610022899104,0.007070959208665306,7.0,1430,2025-12-05 20:59:03+00:00,0.015833333333333335,20.325,0.5315068493150685
2025-12-05 21:00:00+00:00,2026-06-18 00:00:00+00:00,MSFT,MSFT260618C00545000,call,False,545.0,18.6,18.9,18.65,480.8399963378906,0.2863840893554687,0.03539610022899104,0.007070959208665306,51.0,594,2025-12-05 16:18:41+00:00,4.688611111111111,18.75,0.5315068493150685
2025-12-05 21:00:00+00:00,2026-06-18 00:00:00+00:00,MSFT,MSFT260618C00550000,call,False,550.0,17.25,17.65,17.5,480.8399963378906,0.2860636579895019,0.03539610022899104,0.007070959208665306,197.0,2391,2025-12-05 20:59:07+00:00,0.014722222222222222,17.45,0.5315068493150685
2025-12-05 21:00:00+00:00,2026-06-18 00:00:00+00:00,MSFT,MSFT260618C00555000,call,False,555.0,16.0,16.3,16.2,480.8399963378906,0.28433943206787105,0.03539610022899104,0.007070959208665306,7.0,455,2025-12-05 20:56:58+00:00,0.050555555555555555,16.15,0.5315068493150685
2025-12-05 21:00:00+00:00,2026-06-18 00:00:00+00:00,MSFT,MSFT260618C00560000,call,False,560.0,14.85,15.15,15.0,480.8399963378906,0.2836833106994628,0.03539610022899104,0.007070959208665306,1.0,2837,2025-12-04 20:44:05+00:00,24.26527777777778,15.0,0.5315068493150685
2025-12-05 21:00:00+00:00,2026-06-18 00:00:00+00:00,MSFT,MSFT260618C00565000,call,False,565.0,13.7,14.25,13.13,480.8399963378906,0.2846293461608886,0.03539610022899104,0.007070959208665306,17.0,796,2025-12-05 17:42:14+00:00,3.296111111111111,13.975,0.5315068493150685
2025-12-05 21:00:00+00:00,2026-06-18 00:00:00+00:00,MSFT,MSFT260618C00570000,call,False,570.0,12.7,13.0,12.6,480.8399963378906,0.28195908477783205,0.03539610022899104,0.007070959208665306,79.0,1291,2025-12-05 17:45:13+00:00,3.2463888888888888,12.85,0.5315068493150685
2025-12-05 21:00:00+00:00,2026-06-18 00:00:00+00:00,MSFT,MSFT260618C00575000,call,False,575.0,11.75,12.25,11.45,480.8399963378906,0.28325606887817373,0.03539610022899104,0.007070959208665306,16.0,2067,2025-12-05 18:34:48+00:00,2.42,12.0,0.5315068493150685
2025-12-05 21:00:00+00:00,2026-06-18 00:00:00+00:00,MSFT,MSFT260618C00580000,call,False,580.0,10.85,11.15,10.76,480.8399963378906,0.2807383938598632,0.03539610022899104,0.007070959208665306,21.0,986,2025-12-05 20:15:49+00:00,0.7363888888888889,11.0,0.5315068493150685
2025-12-05 21:00:00+00:00,2026-06-18 00:00:00+00:00,MSFT,MSFT260618C00585000,call,False,585.0,10.0,10.3,9.95,480.8399963378906,0.28003649658203117,0.03539610022899104,0.007070959208665306,28.0,388,2025-12-05 18:57:59+00:00,2.033611111111111,10.15,0.5315068493150685
2025-12-05 21:00:00+00:00,2026-06-18 00:00:00+00:00,MSFT,MSFT260618C00590000,call,False,590.0,9.25,9.7,9.17,480.8399963378906,0.28137925659179686,0.03539610022899104,0.007070959208665306,2.0,1849,2025-12-05 19:19:40+00:00,1.6722222222222223,9.475,0.5315068493150685
2025-12-05 21:00:00+00:00,2026-06-18 00:00:00+00:00,MSFT,MSFT260618C00595000,call,False,595.0,8.4,8.85,7.88,480.8399963378906,0.2796245133972168,0.03539610022899104,0.007070959208665306,1.0,529,2025-12-04 16:33:27+00:00,28.4425,8.625,0.5315068493150685
2025-12-05 21:00:00+00:00,2026-06-18 00:00:00+00:00,MSFT,MSFT260618C00600000,call,False,600.0,7.45,8.5,8.0,480.8399963378906,0.28281356842041017,0.03539610022899104,0.007070959208665306,55.0,7065,2025-12-05 20:51:49+00:00,0.1363888888888889,7.975,0.5315068493150685
2025-12-05 21:00:00+00:00,2026-06-18 00:00:00+00:00,MSFT,MSFT260618C00605000,call,False,605.0,7.25,7.5,7.21,480.8399963378906,0.27826649475097653,0.03539610022899104,0.007070959208665306,1.0,1411,2025-12-05 19:52:45+00:00,1.1208333333333333,7.375,0.5315068493150685
2025-12-05 21:00:00+00:00,2026-06-18 00:00:00+00:00,MSFT,MSFT260618C00610000,call,False,610.0,6.75,8.0,6.64,480.8399963378906,0.2907022834777831,0.03539610022899104,0.007070959208665306,7.0,1049,2025-12-05 20:50:40+00:00,0.15555555555555556,7.375,0.5315068493150685
2025-12-05 21:00:00+00:00,2026-06-18 00:00:00+00:00,MSFT,MSFT260618C00615000,call,False,615.0,6.05,7.0,5.99,480.8399963378906,0.28531598480224607,0.03539610022899104,0.007070959208665306,3.0,393,2025-12-03 19:44:45+00:00,49.25416666666667,6.525,0.5315068493150685
2025-12-05 21:00:00+00:00,2026-06-18 00:00:00+00:00,MSFT,MSFT260618C00620000,call,False,620.0,5.75,6.15,5.7,480.8399963378906,0.2808452043151855,0.03539610022899104,0.007070959208665306,8.0,1223,2025-12-05 18:54:28+00:00,2.0922222222222224,5.95,0.5315068493150685
2025-12-05 21:00:00+00:00,2026-06-18 00:00:00+00:00,MSFT,MSFT260618C00625000,call,False,625.0,5.25,6.45,5.17,480.8399963378906,0.29090064575195307,0.03539610022899104,0.007070959208665306,2.0,513,2025-12-05 15:04:36+00:00,5.923333333333333,5.85,0.5315068493150685
2025-12-05 21:00:00+00:00,2026-06-18 00:00:00+00:00,MSFT,MSFT260618C00630000,call,False,630.0,4.85,5.05,4.94,480.8399963378906,0.2776561492919921,0.03539610022899104,0.007070959208665306,109.0,697,2025-12-05 20:55:27+00:00,0.07583333333333334,4.949999999999999,0.5315068493150685
2025-12-05 21:00:00+00:00,2026-06-18 00:00:00+00:00,MSFT,MSFT260618C00635000,call,False,635.0,4.5,4.65,4.42,480.8399963378906,0.27744252838134764,0.03539610022899104,0.007070959208665306,23.0,4139,2025-12-05 18:55:50+00:00,2.0694444444444446,4.575,0.5315068493150685
2025-12-05 21:00:00+00:00,2026-06-18 00:00:00+00:00,MSFT,MSFT260618C00640000,call,False,640.0,4.15,4.3,3.85,480.8399963378906,0.27756459747314455,0.03539610022899104,0.007070959208665306,104.0,717,2025-12-04 18:20:06+00:00,26.665,4.225,0.5315068493150685
2025-12-05 21:00:00+00:00,2026-06-18 00:00:00+00:00,MSFT,MSFT260618C00645000,call,False,645.0,3.85,4.0,3.64,480.8399963378906,0.2781139083862304,0.03539610022899104,0.007070959208665306,11.0,787,2025-12-05 16:55:49+00:00,4.0697222222222225,3.925,0.5315068493150685
2025-12-05 21:00:00+00:00,2026-06-18 00:00:00+00:00,MSFT,MSFT260618C00650000,call,False,650.0,3.55,3.7,3.28,480.8399963378906,0.27829701202392576,0.03539610022899104,0.007070959208665306,1.0,1574,2025-12-04 20:52:04+00:00,24.13222222222222,3.625,0.5315068493150685
2025-12-05 21:00:00+00:00,2026-06-18 00:00:00+00:00,MSFT,MSFT260618C00655000,call,False,655.0,3.25,3.4,3.18,480.8399963378906,0.27805287384033206,0.03539610022899104,0.007070959208665306,13.0,180,2025-12-04 20:15:32+00:00,24.74111111111111,3.325,0.5315068493150685
2025-12-05 21:00:00+00:00,2026-06-18 00:00:00+00:00,MSFT,MSFT260618C00660000,call,False,660.0,3.0,3.15,3.03,480.8399963378906,0.27838856384277344,0.03539610022899104,0.007070959208665306,1.0,306,2025-12-05 15:29:03+00:00,5.515833333333333,3.075,0.5315068493150685
2025-12-05 21:00:00+00:00,2026-06-18 00:00:00+00:00,MSFT,MSFT260618C00665000,call,False,665.0,2.59,2.89,2.68,480.8399963378906,0.27814442565917963,0.03539610022899104,0.007070959208665306,4.0,553,2025-12-04 20:43:49+00:00,24.26972222222222,2.74,0.5315068493150685
2025-12-05 21:00:00+00:00,2026-06-18 00:00:00+00:00,MSFT,MSFT260618C00670000,call,False,670.0,2.57,2.67,2.53,480.8399963378906,0.278327529296875,0.03539610022899104,0.007070959208665306,3.0,394,2025-12-05 18:48:56+00:00,2.1844444444444444,2.62,0.5315068493150685
2025-12-05 21:00:00+00:00,2026-06-18 00:00:00+00:00,MSFT,MSFT260618C00675000,call,False,675.0,2.37,2.46,2.15,480.8399963378906,0.27838856384277344,0.03539610022899104,0.007070959208665306,5.0,593,2025-12-03 19:42:29+00:00,49.29194444444445,2.415,0.5315068493150685
2025-12-05 21:00:00+00:00,2026-06-18 00:00:00+00:00,MSFT,MSFT260618C00680000,call,False,680.0,2.19,2.28,2.03,480.8399963378906,0.2787852883911133,0.03539610022899104,0.007070959208665306,9.0,1218,2025-12-04 18:08:27+00:00,26.859166666666667,2.235,0.5315068493150685
2025-12-05 21:00:00+00:00,2026-06-18 00:00:00+00:00,MSFT,MSFT260618C00700000,call,False,700.0,1.57,1.65,1.57,480.8399963378906,0.2794261511230468,0.03539610022899104,0.007070959208665306,29.0,1537,2025-12-05 20:16:47+00:00,0.7202777777777778,1.6099999999999999,0.5315068493150685
2025-12-05 21:00:00+00:00,2026-06-18 00:00:00+00:00,MSFT,MSFT260618C00720000,call,False,720.0,1.12,1.2,1.12,480.8399963378906,0.2804637384033203,0.03539610022899104,0.007070959208665306,14.0,325,2025-12-04 20:52:04+00:00,24.13222222222222,1.1600000000000001,0.5315068493150685
2025-12-05 21:00:00+00:00,2026-06-18 00:00:00+00:00,MSFT,MSFT260618C00740000,call,False,740.0,0.8,0.87,0.84,480.8399963378906,0.2814402911376953,0.03539610022899104,0.007070959208665306,5.0,245,2025-12-05 20:19:20+00:00,0.6777777777777778,0.835,0.5315068493150685
2025-12-05 21:00:00+00:00,2026-06-18 00:00:00+00:00,MSFT,MSFT260618C00760000,call,False,760.0,0.57,0.64,0.57,480.8399963378906,0.2829661547851562,0.03539610022899104,0.007070959208665306,5.0,3158,2025-12-05 15:51:49+00:00,5.136388888888889,0.605,0.5315068493150685
2025-12-05 21:00:00+00:00,2026-06-18 00:00:00+00:00,MSFT,MSFT260618C00780000,call,False,780.0,0.4,0.47,0.43,480.8399963378906,0.28443098388671867,0.03539610022899104,0.007070959208665306,504.0,3617,2025-12-05 20:38:10+00:00,0.3638888888888889,0.435,0.5315068493150685
2025-12-05 21:00:00+00:00,2026-06-18 00:00:00+00:00,MSFT,MSFT260618C00800000,call,False,800.0,0.29,0.33,0.3,480.8399963378906,0.2843089147949218,0.03539610022899104,0.007070959208665306,14.0,2839,2025-12-05 16:42:04+00:00,4.2988888888888885,0.31,0.5315068493150685
2025-12-05 21:00:00+00:00,2026-06-18 00:00:00+00:00,MSFT,MSFT260618P00175000,put,False,175.0,0.05,0.29,0.07,480.8399963378906,0.5351608984375,0.03539610022899104,0.007070959208665306,9.0,608,2025-12-05 20:13:00+00:00,0.7833333333333333,0.16999999999999998,0.5315068493150685
2025-12-05 21:00:00+00:00,2026-06-18 00:00:00+00:00,MSFT,MSFT260618P00180000,put,False,180.0,0.05,0.5,0.12,480.8399963378906,0.5502974658203126,0.03539610022899104,0.007070959208665306,5.0,29,2025-11-14 15:19:37+00:00,509.67305555555555,0.275,0.5315068493150685
2025-12-05 21:00:00+00:00,2026-06-18 00:00:00+00:00,MSFT,MSFT260618P00185000,put,False,185.0,0.0,0.51,0.05,480.8399963378906,0.5312546875,0.03539610022899104,0.007070959208665306,4.0,607,2025-11-14 15:16:30+00:00,509.725,0.255,0.5315068493150685
2025-12-05 21:00:00+00:00,2026-06-18 00:00:00+00:00,MSFT,MSFT260618P00190000,put,False,190.0,0.05,0.38,0.11,480.8399963378906,0.5073291455078125,0.03539610022899104,0.007070959208665306,4.0,391,2025-10-24 19:58:35+00:00,1009.0236111111111,0.215,0.5315068493150685
2025-12-05 21:00:00+00:00,2026-06-18 00:00:00+00:00,MSFT,MSFT260618P00195000,put,False,195.0,0.08,0.35,0.13,480.8399963378906,0.523442265625,0.03539610022899104,0.007070959208665306,6.0,40,2025-10-27 18:51:15+00:00,938.1458333333334,0.215,0.5315068493150685
2025-12-05 21:00:00+00:00,2026-06-18 00:00:00+00:00,MSFT,MSFT260618P00200000,put,False,200.0,0.08,0.35,0.14,480.8399963378906,0.5097705273437501,0.03539610022899104,0.007070959208665306,10.0,303,2025-12-04 14:57:15+00:00,30.045833333333334,0.215,0.5315068493150685
2025-12-05 21:00:00+00:00,2026-06-18 00:00:00+00:00,MSFT,MSFT260618P00205000,put,False,205.0,0.1,0.77,0.19,480.8399963378906,0.5105029418945313,0.03539610022899104,0.007070959208665306,12.0,252,2025-11-26 19:44:16+00:00,217.26222222222222,0.435,0.5315068493150685
2025-12-05 21:00:00+00:00,2026-06-18 00:00:00+00:00,MSFT,MSFT260618P00210000,put,False,210.0,0.0,0.38,0.18,480.8399963378906,0.4885305053710938,0.03539610022899104,0.007070959208665306,54.0,123,2025-12-01 14:30:06+00:00,102.49833333333333,0.19,0.5315068493150685
2025-12-05 21:00:00+00:00,2026-06-18 00:00:00+00:00,MSFT,MSFT260618P00215000,put,False,215.0,0.14,0.22,0.2,480.8399963378906,0.445318046875,0.03539610022899104,0.007070959208665306,48.0,85,2025-11-26 19:44:16+00:00,217.26222222222222,0.18,0.5315068493150685
2025-12-05 21:00:00+00:00,2026-06-18 00:00:00+00:00,MSFT,MSFT260618P00220000,put,False,220.0,0.17,0.24,0.44,480.8399963378906,0.4379939013671875,0.03539610022899104,0.007070959208665306,2.0,127,2025-11-21 17:19:30+00:00,339.675,0.20500000000000002,0.5315068493150685
2025-12-05 21:00:00+00:00,2026-06-18 00:00:00+00:00,MSFT,MSFT260618P00225000,put,False,225.0,0.2,0.27,0.3,480.8399963378906,0.4321345849609375,0.03539610022899104,0.007070959208665306,1.0,97,2025-12-03 14:34:47+00:00,54.42027777777778,0.23500000000000001,0.5315068493150685
2025-12-05 21:00:00+00:00,2026-06-18 00:00:00+00:00,MSFT,MSFT260618P00230000,put,False,230.0,0.23,0.3,0.26,480.8399963378906,0.4260311303710938,0.03539610022899104,0.007070959208665306,20.0,196,2025-12-05 15:25:42+00:00,5.571666666666666,0.265,0.5315068493150685
2025-12-05 21:00:00+00:00,2026-06-18 00:00:00+00:00,MSFT,MSFT260618P00235000,put,False,235.0,0.27,0.34,0.3,480.8399963378906,0.4211483666992188,0.03539610022899104,0.007070959208665306,2.0,378,2025-11-17 16:39:39+00:00,436.33916666666664,0.30500000000000005,0.5315068493150685
2025-12-05 21:00:00+00:00,2026-06-18 00:00:00+00:00,MSFT,MSFT260618P00240000,put,False,240.0,0.31,0.38,0.68,480.8399963378906,0.4157773266601562,0.03539610022899104,0.007070959208665306,1.0,99,2025-11-21 20:54:50+00:00,336.0861111111111,0.345,0.5315068493150685
2025-12-05 21:00:00+00:00,2026-06-18 00:00:00+00:00,MSFT,MSFT260618P00245000,put,False,245.0,0.37,0.43,0.42,480.8399963378906,0.411138701171875,0.03539610022899104,0.007070959208665306,30.0,346,2025-12-03 20:52:19+00:00,48.128055555555555,0.4,0.5315068493150685
2025-12-05 21:00:00+00:00,2026-06-18 00:00:00+00:00,MSFT,MSFT260618P00250000,put,False,250.0,0.41,0.48,0.46,480.8399963378906,0.40601179931640624,0.03539610022899104,0.007070959208665306,1.0,1664,2025-12-03 17:50:09+00:00,51.16416666666667,0.44499999999999995,0.5315068493150685
2025-12-05 21:00:00+00:00,2026-06-18 00:00:00+00:00,MSFT,MSFT260618P00255000,put,False,255.0,0.46,0.54,0.61,480.8399963378906,0.401373173828125,0.03539610022899104,0.007070959208665306,12.0,46,2025-11-26 19:43:13+00:00,217.27972222222223,0.5,0.5315068493150685
2025-12-05 21:00:00+00:00,2026-06-18 00:00:00+00:00,MSFT,MSFT260618P00260000,put,False,260.0,0.53,0.6,0.64,480.8399963378906,0.39624627197265627,0.03539610022899104,0.007070959208665306,12.0,119,2025-11-26 19:43:13+00:00,217.27972222222223,0.565,0.5315068493150685
2025-12-05 21:00:00+00:00,2026-06-18 00:00:00+00:00,MSFT,MSFT260618P00265000,put,False,265.0,0.6,0.67,0.68,480.8399963378906,0.39148557739257805,0.03539610022899104,0.007070959208665306,20.0,388,2025-12-05 15:25:26+00:00,5.5761111111111115,0.635,0.5315068493150685
2025-12-05 21:00:00+00:00,2026-06-18 00:00:00+00:00,MSFT,MSFT260618P00270000,put,False,270.0,0.48,0.75,1.03,480.8399963378906,0.38709109008789055,0.03539610022899104,0.007070959208665306,20.0,320,2025-11-25 15:59:54+00:00,245.00166666666667,0.615,0.5315068493150685
2025-12-05 21:00:00+00:00,2026-06-18 00:00:00+00:00,MSFT,MSFT260618P00275000,put,False,275.0,0.57,0.86,0.8,480.8399963378906,0.3841614318847656,0.03539610022899104,0.007070959208665306,4.0,403,2025-12-02 15:14:54+00:00,77.75166666666667,0.715,0.5315068493150685
2025-12-05 21:00:00+00:00,2026-06-18 00:00:00+00:00,MSFT,MSFT260618P00280000,put,False,280.0,0.7,1.13,1.08,480.8399963378906,0.3902648864746094,0.03539610022899104,0.007070959208665306,5.0,519,2025-11-26 14:32:59+00:00,222.45027777777779,0.9149999999999999,0.5315068493150685
2025-12-05 21:00:00+00:00,2026-06-18 00:00:00+00:00,MSFT,MSFT260618P00285000,put,False,285.0,0.78,1.23,1.06,480.8399963378906,0.3846497082519531,0.03539610022899104,0.007070959208665306,5.0,450,2025-12-01 15:46:04+00:00,101.23222222222222,1.005,0.5315068493150685
2025-12-05 21:00:00+00:00,2026-06-18 00:00:00+00:00,MSFT,MSFT260618P00290000,put,False,290.0,1.08,1.35,1.22,480.8399963378906,0.37964487548828124,0.03539610022899104,0.007070959208665306,12.0,963,2025-12-04 14:38:33+00:00,30.3575,1.215,0.5315068493150685
2025-12-05 21:00:00+00:00,2026-06-18 00:00:00+00:00,MSFT,MSFT260618P00295000,put,False,295.0,1.21,1.47,1.4,480.8399963378906,0.3742738354492187,0.03539610022899104,0.007070959208665306,1.0,870,2025-12-04 15:08:41+00:00,29.85527777777778,1.3399999999999999,0.5315068493150685
2025-12-05 21:00:00+00:00,2026-06-18 00:00:00+00:00,MSFT,MSFT260618P00300000,put,False,300.0,1.35,1.62,1.44,480.8399963378906,0.36975727905273437,0.03539610022899104,0.007070959208665306,11.0,2614,2025-12-05 14:44:50+00:00,6.252777777777778,1.485,0.5315068493150685
2025-12-05 21:00:00+00:00,2026-06-18 00:00:00+00:00,MSFT,MSFT260618P00305000,put,False,305.0,1.5,1.78,1.55,480.8399963378906,0.3651796881103516,0.03539610022899104,0.007070959208665306,1.0,291,2025-12-05 19:56:14+00:00,1.0627777777777778,1.6400000000000001,0.5315068493150685
2025-12-05 21:00:00+00:00,2026-06-18 00:00:00+00:00,MSFT,MSFT260618P00310000,put,False,310.0,1.67,1.94,1.93,480.8399963378906,0.3601138208007812,0.03539610022899104,0.007070959208665306,1.0,628,2025-12-03 15:22:02+00:00,53.632777777777775,1.805,0.5315068493150685
2025-12-05 21:00:00+00:00,2026-06-18 00:00:00+00:00,MSFT,MSFT260618P00315000,put,False,315.0,1.66,2.13,2.08,480.8399963378906,0.3557193334960937,0.03539610022899104,0.007070959208665306,1.0,979,2025-11-28 14:44:44+00:00,174.25444444444443,1.895,0.5315068493150685
2025-12-05 21:00:00+00:00,2026-06-18 00:00:00+00:00,MSFT,MSFT260618P00320000,put,False,320.0,2.06,2.34,2.37,480.8399963378906,0.3515079498291015,0.03539610022899104,0.007070959208665306,1.0,819,2025-12-04 18:21:40+00:00,26.63888888888889,2.2,0.5315068493150685
2025-12-05 21:00:00+00:00,2026-06-18 00:00:00+00:00,MSFT,MSFT260618P00325000,put,False,325.0,2.08,2.56,2.42,480.8399963378906,0.34705242797851554,0.03539610022899104,0.007070959208665306,52.0,776,2025-12-03 20:47:41+00:00,48.20527777777778,2.3200000000000003,0.5315068493150685
2025-12-05 21:00:00+00:00,2026-06-18 00:00:00+00:00,MSFT,MSFT260618P00330000,put,False,330.0,2.52,2.81,2.93,480.8399963378906,0.34290207885742185,0.03539610022899104,0.007070959208665306,14.0,1351,2025-12-04 20:57:05+00:00,24.04861111111111,2.665,0.5315068493150685
2025-12-05 21:00:00+00:00,2026-06-18 00:00:00+00:00,MSFT,MSFT260618P00335000,put,False,335.0,2.79,3.1,2.85,480.8399963378906,0.33933155792236325,0.03539610022899104,0.007070959208665306,1.0,624,2025-12-05 19:56:14+00:00,1.0627777777777778,2.9450000000000003,0.5315068493150685
2025-12-05 21:00:00+00:00,2026-06-18 00:00:00+00:00,MSFT,MSFT260618P00340000,put,False,340.0,3.05,3.25,3.4,480.8399963378906,0.3318243087768554,0.03539610022899104,0.007070959208665306,4.0,1269,2025-12-04 19:09:47+00:00,25.836944444444445,3.15,0.5315068493150685
2025-12-05 21:00:00+00:00,2026-06-18 00:00:00+00:00,MSFT,MSFT260618P00345000,put,False,345.0,3.35,3.55,3.65,480.8399963378906,0.32758240783691406,0.03539610022899104,0.007070959208665306,2.0,1603,2025-12-03 15:26:48+00:00,53.553333333333335,3.45,0.5315068493150685
2025-12-05 21:00:00+00:00,2026-06-18 00:00:00+00:00,MSFT,MSFT260618P00350000,put,False,350.0,3.7,3.9,3.82,480.8399963378906,0.32392033508300777,0.03539610022899104,0.007070959208665306,10.0,2119,2025-12-04 17:58:42+00:00,27.02166666666667,3.8,0.5315068493150685
2025-12-05 21:00:00+00:00,2026-06-18 00:00:00+00:00,MSFT,MSFT260618P00355000,put,False,355.0,4.1,4.25,4.6,480.8399963378906,0.3197089514160155,0.03539610022899104,0.007070959208665306,5.0,635,2025-12-04 14:53:12+00:00,30.113333333333333,4.175,0.5315068493150685
2025-12-05 21:00:00+00:00,2026-06-18 00:00:00+00:00,MSFT,MSFT260618P00360000,put,False,360.0,4.5,4.65,5.05,480.8399963378906,0.31592480957031244,0.03539610022899104,0.007070959208665306,13.0,1376,2025-12-04 18:07:41+00:00,26.871944444444445,4.575,0.5315068493150685
2025-12-05 21:00:00+00:00,2026-06-18 00:00:00+00:00,MSFT,MSFT260618P00365000,put,False,365.0,4.95,5.1,5.0,480.8399963378906,0.3124458404541015,0.03539610022899104,0.007070959208665306,54.0,1007,2025-12-05 20:54:33+00:00,0.09083333333333334,5.025,0.5315068493150685
2025-12-05 21:00:00+00:00,2026-06-18 00:00:00+00:00,MSFT,MSFT260618P00370000,put,False,370.0,5.45,5.55,5.6,480.8399963378906,0.3084175604248046,0.03539610022899104,0.007070959208665306,10.0,1210,2025-12-05 19:47:11+00:00,1.2136111111111112,5.5,0.5315068493150685
2025-12-05 21:00:00+00:00,2026-06-18 00:00:00+00:00,MSFT,MSFT260618P00375000,put,False,375.0,5.95,6.1,5.99,480.8399963378906,0.3053963504028321,0.03539610022899104,0.007070959208665306,3.0,979,2025-12-03 19:42:43+00:00,49.28805555555556,6.025,0.5315068493150685
2025-12-05 21:00:00+00:00,2026-06-18 00:00:00+00:00,MSFT,MSFT260618P00380000,put,False,380.0,6.5,6.7,6.75,480.8399963378906,0.302466692199707,0.03539610022899104,0.007070959208665306,11.0,1884,2025-12-05 15:29:53+00:00,5.501944444444445,6.6,0.5315068493150685
2025-12-05 21:00:00+00:00,2026-06-18 00:00:00+00:00,MSFT,MSFT260618P00385000,put,False,385.0,7.15,7.3,7.25,480.8399963378906,0.2988656539916992,0.03539610022899104,0.007070959208665306,418.0,1231,2025-12-05 20:54:00+00:00,0.1,7.225,0.5315068493150685
2025-12-05 21:00:00+00:00,2026-06-18 00:00:00+00:00,MSFT,MSFT260618P00390000,put,False,390.0,7.8,8.0,8.47,480.8399963378906,0.2960122889709473,0.03539610022899104,0.007070959208665306,1.0,1232,2025-12-05 14:37:33+00:00,6.3741666666666665,7.9,0.5315068493150685
2025-12-05 21:00:00+00:00,2026-06-18 00:00:00+00:00,MSFT,MSFT260618P00395000,put,False,395.0,8.55,8.7,8.9,480.8399963378906,0.2924875439453124,0.03539610022899104,0.007070959208665306,1.0,1274,2025-12-05 18:21:18+00:00,2.645,8.625,0.5315068493150685
2025-12-05 21:00:00+00:00,2026-06-18 00:00:00+00:00,MSFT,MSFT260618P00400000,put,False,400.0,9.35,9.5,9.54,480.8399963378906,0.28955788574218744,0.03539610022899104,0.007070959208665306,21.0,3025,2025-12-05 20:06:39+00:00,0.8891666666666667,9.425,0.5315068493150685
2025-12-05 21:00:00+00:00,2026-06-18 00:00:00+00:00,MSFT,MSFT260618P00405000,put,False,405.0,10.15,10.35,10.44,480.8399963378906,0.28650615844726557,0.03539610022899104,0.007070959208665306,42.0,860,2025-12-05 18:55:50+00:00,2.0694444444444446,10.25,0.5315068493150685
2025-12-05 21:00:00+00:00,2026-06-18 00:00:00+00:00,MSFT,MSFT260618P00410000,put,False,410.0,11.1,11.25,12.1,480.8399963378906,0.2833476206970214,0.03539610022899104,0.007070959208665306,45.0,1378,2025-12-04 20:58:00+00:00,24.033333333333335,11.175,0.5315068493150685
2025-12-05 21:00:00+00:00,2026-06-18 00:00:00+00:00,MSFT,MSFT260618P00415000,put,False,415.0,12.05,12.25,12.9,480.8399963378906,0.28057054885864247,0.03539610022899104,0.007070959208665306,1.0,1330,2025-12-05 14:46:24+00:00,6.226666666666667,12.15,0.5315068493150685
2025-12-05 21:00:00+00:00,2026-06-18 00:00:00+00:00,MSFT,MSFT260618P00420000,put,False,420.0,13.15,13.3,13.35,480.8399963378906,0.2775951147460937,0.03539610022899104,0.007070959208665306,26.0,3040,2025-12-05 19:20:38+00:00,1.656111111111111,13.225000000000001,0.5315068493150685
2025-12-05 21:00:00+00:00,2026-06-18 00:00:00+00:00,MSFT,MSFT260618P00425000,put,False,425.0,14.25,14.45,15.48,480.8399963378906,0.2748790774536133,0.03539610022899104,0.007070959208665306,11.0,1075,2025-12-04 18:51:50+00:00,26.136111111111113,14.35,0.5315068493150685
2025-12-05 21:00:00+00:00,2026-06-18 00:00:00+00:00,MSFT,MSFT260618P00430000,put,False,430.0,15.45,15.65,15.68,480.8399963378906,0.2719341606140136,0.03539610022899104,0.007070959208665306,168.0,1346,2025-12-05 20:53:55+00:00,0.10138888888888889,15.55,0.5315068493150685
2025-12-05 21:00:00+00:00,2026-06-18 00:00:00+00:00,MSFT,MSFT260618P00435000,put,False,435.0,16.75,16.95,17.05,480.8399963378906,0.2691723474121094,0.03539610022899104,0.007070959208665306,615.0,839,2025-12-05 18:31:54+00:00,2.4683333333333333,16.85,0.5315068493150685
2025-12-05 21:00:00+00:00,2026-06-18 00:00:00+00:00,MSFT,MSFT260618P00440000,put,False,440.0,18.1,18.4,18.85,480.8399963378906,0.26697510375976563,0.03539610022899104,0.007070959208665306,228.0,3102,2025-12-05 16:17:56+00:00,4.7011111111111115,18.25,0.5315068493150685
2025-12-05 21:00:00+00:00,2026-06-18 00:00:00+00:00,MSFT,MSFT260618P00445000,put,False,445.0,19.6,20.85,20.05,480.8399963378906,0.27211726425170896,0.03539610022899104,0.007070959208665306,53.0,1103,2025-12-05 20:54:43+00:00,0.08805555555555555,20.225,0.5315068493150685
2025-12-05 21:00:00+00:00,2026-06-18 00:00:00+00:00,MSFT,MSFT260618P00450000,put,False,450.0,21.15,21.45,21.28,480.8399963378906,0.2615735464477539,0.03539610022899104,0.007070959208665306,148.0,6789,2025-12-05 20:58:10+00:00,0.030555555555555555,21.299999999999997,0.5315068493150685
2025-12-05 21:00:00+00:00,2026-06-18 00:00:00+00:00,MSFT,MSFT260618P00455000,put,False,455.0,22.85,23.1,24.4,480.8399963378906,0.25878121597290044,0.03539610022899104,0.007070959208665306,16.0,922,2025-12-04 20:29:13+00:00,24.513055555555557,22.975,0.5315068493150685
2025-12-05 21:00:00+00:00,2026-06-18 00:00:00+00:00,MSFT,MSFT260618P00460000,put,False,460.0,24.6,24.85,24.94,480.8399963378906,0.2560194027709961,0.03539610022899104,0.007070959208665306,2.0,1330,2025-12-05 20:45:10+00:00,0.24722222222222223,24.725,0.5315068493150685
2025-12-05 21:00:00+00:00,2026-06-18 00:00:00+00:00,MSFT,MSFT260618P00465000,put,False,465.0,26.5,26.7,26.95,480.8399963378906,0.2532575895690918,0.03539610022899104,0.007070959208665306,5.0,729,2025-12-05 16:28:44+00:00,4.521111111111111,26.6,0.5315068493150685
2025-12-05 21:00:00+00:00,2026-06-18 00:00:00+00:00,MSFT,MSFT260618P00470000,put,False,470.0,28.45,28.7,28.7,480.8399963378906,0.25084672500610344,0.03539610022899104,0.007070959208665306,141.0,1126,2025-12-05 20:55:35+00:00,0.07361111111111111,28.575,0.5315068493150685
2025-12-05 21:00:00+00:00,2026-06-18 00:00:00+00:00,MSFT,MSFT260618P00475000,put,False,475.0,30.5,30.8,31.15,480.8399963378906,0.24839008453369144,0.03539610022899104,0.007070959208665306,45.0,1185,2025-12-05 20:54:43+00:00,0.08805555555555555,30.65,0.5315068493150685
2025-12-05 21:00:00+00:00,2026-06-18 00:00:00+00:00,MSFT,MSFT260618P00480000,put,False,480.0,32.7,33.0,32.75,480.8399963378906,0.24588766815185548,0.03539610022899104,0.007070959208665306,145.0,1724,2025-12-05 18:30:27+00:00,2.4925,32.85,0.5315068493150685
2025-12-05 21:00:00+00:00,2026-06-18 00:00:00+00:00,MSFT,MSFT260618P00485000,put,True,485.0,35.0,35.3,35.2,480.8399963378906,0.24330895858764645,0.03539610022899104,0.007070959208665306,70.0,735,2025-12-05 20:58:43+00:00,0.021388888888888888,35.15,0.5315068493150685
2025-12-05 21:00:00+00:00,2026-06-18 00:00:00+00:00,MSFT,MSFT260618P00490000,put,True,490.0,37.4,37.75,38.7,480.8399963378906,0.24098964584350585,0.03539610022899104,0.007070959208665306,17.0,563,2025-12-04 19:27:31+00:00,25.54138888888889,37.575,0.5315068493150685
2025-12-05 21:00:00+00:00,2026-06-18 00:00:00+00:00,MSFT,MSFT260618P00495000,put,True,495.0,39.95,40.3,40.25,480.8399963378906,0.23859403991699218,0.03539610022899104,0.007070959208665306,2.0,409,2025-12-03 15:46:09+00:00,53.23083333333334,40.125,0.5315068493150685
2025-12-05 21:00:00+00:00,2026-06-18 00:00:00+00:00,MSFT,MSFT260618P00500000,put,True,500.0,42.6,43.45,43.95,480.8399963378906,0.23964688583374016,0.03539610022899104,0.007070959208665306,32.0,1866,2025-12-05 18:00:53+00:00,2.9852777777777777,43.025000000000006,0.5315068493150685
2025-12-05 21:00:00+00:00,2026-06-18 00:00:00+00:00,MSFT,MSFT260618P00505000,put,True,505.0,45.35,45.7,48.55,480.8399963378906,0.23346713806152342,0.03539610022899104,0.007070959208665306,7.0,358,2025-12-04 19:35:50+00:00,25.40277777777778,45.525000000000006,0.5315068493150685
2025-12-05 21:00:00+00:00,2026-06-18 00:00:00+00:00,MSFT,MSFT260618P00510000,put,True,510.0,48.25,49.3,47.92,480.8399963378906,0.2361908046722412,0.03539610022899104,0.007070959208665306,1.0,541,2025-12-03 20:05:07+00:00,48.914722222222224,48.775,0.5315068493150685
2025-12-05 21:00:00+00:00,2026-06-18 00:00:00+00:00,MSFT,MSFT260618P00515000,put,True,515.0,50.6,51.9,53.37,480.8399963378906,0.23083502326965333,0.03539610022899104,0.007070959208665306,74.0,928,2025-12-04 20:55:45+00:00,24.070833333333333,51.25,0.5315068493150685
2025-12-05 21:00:00+00:00,2026-06-18 00:00:00+00:00,MSFT,MSFT260618P00520000,put,True,520.0,53.85,54.75,55.15,480.8399963378906,0.22638713073730468,0.03539610022899104,0.007070959208665306,5.0,884,2025-12-05 18:34:43+00:00,2.421388888888889,54.3,0.5315068493150685
2025-12-05 21:00:00+00:00,2026-06-18 00:00:00+00:00,MSFT,MSFT260618P00525000,put,True,525.0,57.55,57.95,58.4,480.8399963378906,0.22367109344482416,0.03539610022899104,0.007070959208665306,10.0,590,2025-12-05 18:34:43+00:00,2.421388888888889,57.75,0.5315068493150685
2025-12-05 21:00:00+00:00,2026-06-18 00:00:00+00:00,MSFT,MSFT260618P00530000,put,True,530.0,60.65,61.4,61.85,480.8399963378906,0.22202316070556638,0.03539610022899104,0.007070959208665306,16.0,580,2025-12-05 18:34:12+00:00,2.43,61.025,0.5315068493150685
2025-12-05 21:00:00+00:00,2026-06-18 00:00:00+00:00,MSFT,MSFT260618P00535000,put,True,535.0,64.05,64.85,59.0,480.8399963378906,0.21950548568725586,0.03539610022899104,0.007070959208665306,10.0,250,2025-12-02 19:49:13+00:00,73.17972222222222,64.44999999999999,0.5315068493150685
2025-12-05 21:00:00+00:00,2026-06-18 00:00:00+00:00,MSFT,MSFT260618P00540000,put,True,540.0,67.65,68.45,69.83,480.8399963378906,0.21732350067138673,0.03539610022899104,0.007070959208665306,1.0,251,2025-12-05 14:44:50+00:00,6.252777777777778,68.05000000000001,0.5315068493150685
2025-12-05 21:00:00+00:00,2026-06-18 00:00:00+00:00,MSFT,MSFT260618P00545000,put,True,545.0,71.05,72.05,65.39,480.8399963378906,0.2141954801940918,0.03539610022899104,0.007070959208665306,1.0,189,2025-11-18 20:36:28+00:00,408.39222222222224,71.55,0.5315068493150685
2025-12-05 21:00:00+00:00,2026-06-18 00:00:00+00:00,MSFT,MSFT260618P00550000,put,True,550.0,74.8,75.75,77.38,480.8399963378906,0.21094539062499998,0.03539610022899104,0.007070959208665306,1.0,1214,2025-12-04 17:59:54+00:00,27.001666666666665,75.275,0.5315068493150685
2025-12-05 21:00:00+00:00,2026-06-18 00:00:00+00:00,MSFT,MSFT260618P00555000,put,True,555.0,78.7,79.6,80.4,480.8399963378906,0.20807676696777339,0.03539610022899104,0.007070959208665306,1.0,198,2025-12-05 14:59:01+00:00,6.016388888888889,79.15,0.5315068493150685
2025-12-05 21:00:00+00:00,2026-06-18 00:00:00+00:00,MSFT,MSFT260618P00560000,put,True,560.0,82.4,83.6,84.04,480.8399963378906,0.20571167831420895,0.03539610022899104,0.007070959208665306,5.0,435,2025-11-20 16:15:24+00:00,364.74333333333334,83.0,0.5315068493150685
2025-12-05 21:00:00+00:00,2026-06-18 00:00:00+00:00,MSFT,MSFT260618P00565000,put,True,565.0,86.4,87.6,80.25,480.8399963378906,0.20227848510742186,0.03539610022899104,0.007070959208665306,2.0,106,2025-11-18 20:09:17+00:00,408.84527777777777,87.0,0.5315068493150685
2025-12-05 21:00:00+00:00,2026-06-18 00:00:00+00:00,MSFT,MSFT260618P00570000,put,True,570.0,90.75,91.75,92.04,480.8399963378906,0.1994098614501953,0.03539610022899104,0.007070959208665306,8.0,111,2025-12-05 19:16:42+00:00,1.7216666666666667,91.25,0.5315068493150685
2025-12-05 21:00:00+00:00,2026-06-18 00:00:00+00:00,MSFT,MSFT260618P00575000,put,True,575.0,95.0,97.3,96.4,480.8399963378906,0.2132036688232422,0.03539610022899104,0.007070959208665306,25.0,71,2025-12-05 18:34:39+00:00,2.4225,96.15,0.5315068493150685
2025-12-05 21:00:00+00:00,2026-06-18 00:00:00+00:00,MSFT,MSFT260618P00580000,put,True,580.0,99.15,100.35,100.59,480.8399963378906,0.19409985595703128,0.03539610022899104,0.007070959208665306,3.0,76,2025-12-05 19:16:42+00:00,1.7216666666666667,99.75,0.5315068493150685
2025-12-05 21:00:00+00:00,2026-06-18 00:00:00+00:00,MSFT,MSFT260618P00585000,put,True,585.0,103.25,104.75,99.75,480.8399963378906,0.19113968048095703,0.03539610022899104,0.007070959208665306,4.0,49,2025-12-01 20:16:42+00:00,96.72166666666666,104.0,0.5315068493150685
2025-12-05 21:00:00+00:00,2026-06-18 00:00:00+00:00,MSFT,MSFT260618P00590000,put,True,590.0,108.0,109.2,82.83,480.8399963378906,0.18763019409179688,0.03539610022899104,0.007070959208665306,92.0,27,2025-11-03 20:46:58+00:00,768.2172222222222,108.6,0.5315068493150685
2025-12-05 21:00:00+00:00,2026-06-18 00:00:00+00:00,MSFT,MSFT260618P00595000,put,True,595.0,112.2,113.6,93.14,480.8399963378906,0.18140467041015623,0.03539610022899104,0.007070959208665306,1.0,56,2025-11-05 20:24:24+00:00,720.5933333333334,112.9,0.5315068493150685
2025-12-05 21:00:00+00:00,2026-06-18 00:00:00+00:00,MSFT,MSFT260618P00600000,put,True,600.0,116.8,118.2,114.0,480.8399963378906,0.17749845947265624,0.03539610022899104,0.007070959208665306,1.0,37,2025-12-01 14:49:46+00:00,102.17055555555555,117.5,0.5315068493150685
2025-12-05 21:00:00+00:00,2026-06-18 00:00:00+00:00,MSFT,MSFT260618P00605000,put,True,605.0,114.9,116.6,69.35,480.8399963378906,1.0000000000000003e-05,0.03539610022899104,0.007070959208665306,1.0,0,2025-10-28 13:30:44+00:00,919.4877777777778,115.75,0.5315068493150685
2025-12-05 21:00:00+00:00,2026-06-18 00:00:00+00:00,MSFT,MSFT260618P00610000,put,True,610.0,125.95,128.65,108.1,480.8399963378906,0.19898261962890623,0.03539610022899104,0.007070959208665306,15.0,0,2025-11-12 15:52:09+00:00,557.1308333333334,127.30000000000001,0.5315068493150685
2025-12-05 21:00:00+00:00,2026-06-18 00:00:00+00:00,MSFT,MSFT260618P00615000,put,True,615.0,130.35,133.5,133.0,480.8399963378906,0.20075262145996092,0.03539610022899104,0.007070959208665306,1.0,0,2025-11-19 19:39:47+00:00,385.33694444444444,131.925,0.5315068493150685
2025-12-05 21:00:00+00:00,2026-06-18 00:00:00+00:00,MSFT,MSFT260618P00620000,put,True,620.0,135.2,138.8,136.92,480.8399963378906,0.21299004791259768,0.03539610022899104,0.007070959208665306,1.0,0,2025-11-19 19:37:43+00:00,385.3713888888889,137.0,0.5315068493150685
2025-12-05 21:00:00+00:00,2026-06-18 00:00:00+00:00,MSFT,MSFT260618P00625000,put,True,625.0,140.25,143.75,141.9,480.8399963378906,0.21707936248779297,0.03539610022899104,0.007070959208665306,1.0,0,2025-11-19 19:34:25+00:00,385.4263888888889,142.0,0.5315068493150685
2025-12-05 21:00:00+00:00,2026-06-18 00:00:00+00:00,MSFT,MSFT260618P00630000,put,True,630.0,138.35,141.9,98.58,480.8399963378906,1.0000000000000003e-05,0.03539610022899104,0.007070959208665306,9.0,0,2025-10-29 19:57:05+00:00,889.0486111111111,140.125,0.5315068493150685
2025-12-05 21:00:00+00:00,2026-06-18 00:00:00+00:00,MSFT,MSFT260618P00635000,put,True,635.0,150.0,153.75,160.93,480.8399963378906,0.22730264892578123,0.03539610022899104,0.007070959208665306,1.0,0,2025-11-21 14:57:15+00:00,342.04583333333335,151.875,0.5315068493150685
2025-12-05 21:00:00+00:00,2026-06-18 00:00:00+00:00,MSFT,MSFT260618P00640000,put,True,640.0,155.15,158.75,142.55,480.8399963378906,0.23233799896240231,0.03539610022899104,0.007070959208665306,1.0,0,2025-11-18 14:30:07+00:00,414.49805555555554,156.95,0.5315068493150685
2025-12-05 21:00:00+00:00,2026-06-18 00:00:00+00:00,MSFT,MSFT260618P00645000,put,True,645.0,153.75,156.4,118.2,480.8399963378906,1.0000000000000003e-05,0.03539610022899104,0.007070959208665306,1.0,0,2025-10-30 14:02:26+00:00,870.9594444444444,155.075,0.5315068493150685
2025-12-05 21:00:00+00:00,2026-06-18 00:00:00+00:00,MSFT,MSFT260618P00650000,put,True,650.0,158.75,161.4,116.0,480.8399963378906,1.0000000000000003e-05,0.03539610022899104,0.007070959208665306,2.0,0,2025-10-29 18:58:20+00:00,890.0277777777778,160.075,0.5315068493150685
2025-12-05 21:00:00+00:00,2026-06-18 00:00:00+00:00,MSFT,MSFT260618P00655000,put,True,655.0,163.75,166.4,126.5,480.8399963378906,1.0000000000000003e-05,0.03539610022899104,0.007070959208665306,2.0,0,2025-10-30 13:55:16+00:00,871.0788888888889,165.075,0.5315068493150685
2025-12-05 21:00:00+00:00,2026-06-18 00:00:00+00:00,MSFT,MSFT260618P00660000,put,True,660.0,175.15,178.75,166.56,480.8399963378906,0.25177750183105463,0.03539610022899104,0.007070959208665306,1.0,0,2025-11-18 15:27:14+00:00,413.5461111111111,176.95,0.5315068493150685
2025-12-05 21:00:00+00:00,2026-06-18 00:00:00+00:00,MSFT,MSFT260618P00665000,put,True,665.0,173.75,176.4,126.9,480.8399963378906,1.0000000000000003e-05,0.03539610022899104,0.007070959208665306,,0,2025-10-29 13:35:10+00:00,895.4138888888889,175.075,0.5315068493150685
2025-12-05 21:00:00+00:00,2026-06-18 00:00:00+00:00,MSFT,MSFT260618P00670000,put,True,670.0,185.2,188.75,160.85,480.8399963378906,0.26117682189941405,0.03539610022899104,0.007070959208665306,2.0,0,2025-11-05 18:44:14+00:00,722.2627777777777,186.975,0.5315068493150685
2025-12-05 21:00:00+00:00,2026-06-18 00:00:00+00:00,MSFT,MSFT260618P00675000,put,True,675.0,183.75,186.4,147.05,480.8399963378906,1.0000000000000003e-05,0.03539610022899104,0.007070959208665306,,0,2025-10-30 16:26:55+00:00,868.5513888888889,185.075,0.5315068493150685
2025-12-05 21:00:00+00:00,2026-06-18 00:00:00+00:00,MSFT,MSFT260618P00680000,put,True,680.0,188.75,191.4,142.35,480.8399963378906,1.0000000000000003e-05,0.03539610022899104,0.007070959208665306,5.0,0,2025-10-29 13:43:49+00:00,895.2697222222222,190.075,0.5315068493150685
2025-12-05 21:00:00+00:00,2026-06-18 00:00:00+00:00,MSFT,MSFT260618P00700000,put,True,700.0,187.2,190.9,199.0,480.8399963378906,1.0000000000000003e-05,0.03539610022899104,0.007070959208665306,1.0,0,2025-09-10 13:30:06+00:00,2071.4983333333334,189.05,0.5315068493150685
2025-12-05 21:00:00+00:00,2026-06-18 00:00:00+00:00,MSFT,MSFT260618P00720000,put,True,720.0,234.9,238.75,238.3,480.8399963378906,0.3050606604003906,0.03539610022899104,0.007070959208665306,1.0,1,2025-12-05 19:44:26+00:00,1.2594444444444444,236.825,0.5315068493150685
2025-12-05 21:00:00+00:00,2026-06-18 00:00:00+00:00,MSFT,MSFT260618P00740000,put,True,740.0,255.25,258.35,263.87,480.8399963378906,0.3087227331542969,0.03539610022899104,0.007070959208665306,1.0,0,2025-11-24 20:58:16+00:00,264.0288888888889,256.8,0.5315068493150685
2025-12-05 21:00:00+00:00,2026-06-18 00:00:00+00:00,MSFT,MSFT260618P00780000,put,True,780.0,295.25,298.75,299.25,480.8399963378906,0.35217932983398437,0.03539610022899104,0.007070959208665306,,0,2025-12-03 15:33:06+00:00,53.44833333333333,297.0,0.5315068493150685
2025-12-05 21:00:00+00:00,2026-07-17 00:00:00+00:00,MSFT,MSFT260717C00380000,call,True,380.0,118.55,120.1,108.5,480.8399963378906,0.39838248107910157,0.03539610022899104,0.007070959208665306,1.0,1,2025-11-25 15:09:21+00:00,245.84416666666667,119.32499999999999,0.6109589041095891
2025-12-05 21:00:00+00:00,2026-07-17 00:00:00+00:00,MSFT,MSFT260717C00395000,call,True,395.0,106.1,107.65,105.35,480.8399963378906,0.38164375686645496,0.03539610022899104,0.007070959208665306,1.0,1,2025-12-05 19:24:46+00:00,1.5872222222222223,106.875,0.6109589041095891
2025-12-05 21:00:00+00:00,2026-07-17 00:00:00+00:00,MSFT,MSFT260717C00400000,call,True,400.0,102.05,103.55,102.81,480.8399963378906,0.37589125091552733,0.03539610022899104,0.007070959208665306,17.0,19,2025-12-03 20:00:15+00:00,48.99583333333333,102.8,0.6109589041095891
2025-12-05 21:00:00+00:00,2026-07-17 00:00:00+00:00,MSFT,MSFT260717C00405000,call,True,405.0,98.05,99.65,94.92,480.8399963378906,0.3715883154296875,0.03539610022899104,0.007070959208665306,1.0,3,2025-12-04 18:19:55+00:00,26.668055555555554,98.85,0.6109589041095891
2025-12-05 21:00:00+00:00,2026-07-17 00:00:00+00:00,MSFT,MSFT260717C00410000,call,True,410.0,94.15,95.55,99.88,480.8399963378906,0.365164429473877,0.03539610022899104,0.007070959208665306,2.0,6,2025-12-01 16:06:26+00:00,100.89277777777778,94.85,0.6109589041095891
2025-12-05 21:00:00+00:00,2026-07-17 00:00:00+00:00,MSFT,MSFT260717C00420000,call,True,420.0,86.5,87.95,81.85,480.8399963378906,0.35631442031860344,0.03539610022899104,0.007070959208665306,,7,2025-11-24 20:16:20+00:00,264.72777777777776,87.225,0.6109589041095891
2025-12-05 21:00:00+00:00,2026-07-17 00:00:00+00:00,MSFT,MSFT260717C00425000,call,True,425.0,82.8,84.1,87.9,480.8399963378906,0.3508976043701171,0.03539610022899104,0.007070959208665306,15.0,11,2025-12-01 18:45:39+00:00,98.23916666666666,83.44999999999999,0.6109589041095891
2025-12-05 21:00:00+00:00,2026-07-17 00:00:00+00:00,MSFT,MSFT260717C00450000,call,True,450.0,65.5,66.65,65.15,480.8399963378906,0.33124448059082034,0.03539610022899104,0.007070959208665306,4.0,26,2025-12-05 19:53:15+00:00,1.1125,66.075,0.6109589041095891
2025-12-05 21:00:00+00:00,2026-07-17 00:00:00+00:00,MSFT,MSFT260717C00455000,call,True,455.0,62.3,63.45,61.27,480.8399963378906,0.32802490829467773,0.03539610022899104,0.007070959208665306,4.0,12,2025-12-03 16:41:59+00:00,52.30027777777778,62.875,0.6109589041095891
2025-12-05 21:00:00+00:00,2026-07-17 00:00:00+00:00,MSFT,MSFT260717C00460000,call,True,460.0,59.1,60.2,59.3,480.8399963378906,0.323950852355957,0.03539610022899104,0.007070959208665306,2.0,4,2025-12-03 15:48:48+00:00,53.18666666666667,59.650000000000006,0.6109589041095891
2025-12-05 21:00:00+00:00,2026-07-17 00:00:00+00:00,MSFT,MSFT260717C00465000,call,True,465.0,56.15,57.25,53.15,480.8399963378906,0.3214789532470703,0.03539610022899104,0.007070959208665306,2.0,25,2025-12-04 19:22:45+00:00,25.620833333333334,56.7,0.6109589041095891
2025-12-05 21:00:00+00:00,2026-07-17 00:00:00+00:00,MSFT,MSFT260717C00470000,call,True,470.0,53.2,54.4,49.9,480.8399963378906,0.31915964050292955,0.03539610022899104,0.007070959208665306,1.0,35,2025-12-04 16:11:17+00:00,28.811944444444446,53.8,0.6109589041095891
2025-12-05 21:00:00+00:00,2026-07-17 00:00:00+00:00,MSFT,MSFT260717C00475000,call,True,475.0,50.4,51.5,50.01,480.8399963378906,0.3159858441162109,0.03539610022899104,0.007070959208665306,47.0,34,2025-12-05 19:44:50+00:00,1.2527777777777778,50.95,0.6109589041095891
2025-12-05 21:00:00+00:00,2026-07-17 00:00:00+00:00,MSFT,MSFT260717C00480000,call,True,480.0,47.65,48.75,47.29,480.8399963378906,0.3133003240966796,0.03539610022899104,0.007070959208665306,39.0,87,2025-12-05 19:39:37+00:00,1.3397222222222223,48.2,0.6109589041095891
2025-12-05 21:00:00+00:00,2026-07-17 00:00:00+00:00,MSFT,MSFT260717C00485000,call,False,485.0,45.0,46.1,44.52,480.8399963378906,0.3107521318054199,0.03539610022899104,0.007070959208665306,13.0,24,2025-12-05 19:44:24+00:00,1.26,45.55,0.6109589041095891
2025-12-05 21:00:00+00:00,2026-07-17 00:00:00+00:00,MSFT,MSFT260717C00490000,call,False,490.0,42.45,43.35,42.0,480.8399963378906,0.3070137658691406,0.03539610022899104,0.007070959208665306,11.0,26,2025-12-05 19:21:37+00:00,1.6397222222222223,42.900000000000006,0.6109589041095891
2025-12-05 21:00:00+00:00,2026-07-17 00:00:00+00:00,MSFT,MSFT260717C00495000,call,False,495.0,40.05,40.95,39.45,480.8399963378906,0.3050606604003906,0.03539610022899104,0.007070959208665306,2.0,29,2025-12-03 17:14:45+00:00,51.75416666666667,40.5,0.6109589041095891
2025-12-05 21:00:00+00:00,2026-07-17 00:00:00+00:00,MSFT,MSFT260717C00500000,call,False,500.0,37.7,38.7,37.49,480.8399963378906,0.3035500553894042,0.03539610022899104,0.007070959208665306,11.0,64,2025-12-05 20:28:54+00:00,0.5183333333333333,38.2,0.6109589041095891
2025-12-05 21:00:00+00:00,2026-07-17 00:00:00+00:00,MSFT,MSFT260717C00505000,call,False,505.0,35.7,36.45,34.45,480.8399963378906,0.30151302742004393,0.03539610022899104,0.007070959208665306,1.0,21,2025-12-03 18:42:05+00:00,50.298611111111114,36.075,0.6109589041095891
2025-12-05 21:00:00+00:00,2026-07-17 00:00:00+00:00,MSFT,MSFT260717C00510000,call,False,510.0,33.35,34.3,32.45,480.8399963378906,0.2995980685424804,0.03539610022899104,0.007070959208665306,2.0,17,2025-11-21 17:12:00+00:00,339.8,33.825,0.6109589041095891
2025-12-05 21:00:00+00:00,2026-07-17 00:00:00+00:00,MSFT,MSFT260717C00520000,call,False,520.0,29.35,30.3,27.95,480.8399963378906,0.29614961669921874,0.03539610022899104,0.007070959208665306,3.0,22,2025-12-04 15:44:47+00:00,29.253611111111113,29.825000000000003,0.6109589041095891
2025-12-05 21:00:00+00:00,2026-07-17 00:00:00+00:00,MSFT,MSFT260717C00525000,call,False,525.0,27.5,28.45,27.2,480.8399963378906,0.2946237530517578,0.03539610022899104,0.007070959208665306,3.0,8,2025-12-04 20:57:56+00:00,24.034444444444443,27.975,0.6109589041095891
2025-12-05 21:00:00+00:00,2026-07-17 00:00:00+00:00,MSFT,MSFT260717C00530000,call,False,530.0,25.75,26.65,24.96,480.8399963378906,0.29291478576660146,0.03539610022899104,0.007070959208665306,13.0,39,2025-12-05 16:30:49+00:00,4.4863888888888885,26.2,0.6109589041095891
2025-12-05 21:00:00+00:00,2026-07-17 00:00:00+00:00,MSFT,MSFT260717C00535000,call,False,535.0,24.05,25.0,24.06,480.8399963378906,0.29170935348510735,0.03539610022899104,0.007070959208665306,1.0,4,2025-12-03 20:19:01+00:00,48.683055555555555,24.525,0.6109589041095891
2025-12-05 21:00:00+00:00,2026-07-17 00:00:00+00:00,MSFT,MSFT260717C00540000,call,False,540.0,22.4,23.3,21.93,480.8399963378906,0.28962654960632317,0.03539610022899104,0.007070959208665306,36.0,31,2025-12-03 19:24:56+00:00,49.58444444444444,22.85,0.6109589041095891
2025-12-05 21:00:00+00:00,2026-07-17 00:00:00+00:00,MSFT,MSFT260717C00545000,call,False,545.0,20.95,21.75,20.4,480.8399963378906,0.2880625393676757,0.03539610022899104,0.007070959208665306,3.0,6,2025-12-03 20:47:35+00:00,48.206944444444446,21.35,0.6109589041095891
2025-12-05 21:00:00+00:00,2026-07-17 00:00:00+00:00,MSFT,MSFT260717C00550000,call,False,550.0,19.7,20.45,19.46,480.8399963378906,0.28780314254760736,0.03539610022899104,0.007070959208665306,14.0,55,2025-12-05 19:23:07+00:00,1.6147222222222222,20.075,0.6109589041095891
2025-12-05 21:00:00+00:00,2026-07-17 00:00:00+00:00,MSFT,MSFT260717C00555000,call,False,555.0,18.2,19.0,17.5,480.8399963378906,0.2859263302612304,0.03539610022899104,0.007070959208665306,3.0,5,2025-12-04 17:32:06+00:00,27.465,18.6,0.6109589041095891
2025-12-05 21:00:00+00:00,2026-07-17 00:00:00+00:00,MSFT,MSFT260717C00560000,call,False,560.0,16.9,17.85,17.2,480.8399963378906,0.2858042611694336,0.03539610022899104,0.007070959208665306,1.0,8,2025-12-03 15:35:46+00:00,53.403888888888886,17.375,0.6109589041095891
2025-12-05 21:00:00+00:00,2026-07-17 00:00:00+00:00,MSFT,MSFT260717C00565000,call,False,565.0,15.7,16.65,17.18,480.8399963378906,0.28482770843505856,0.03539610022899104,0.007070959208665306,2.0,3,2025-12-01 18:29:42+00:00,98.505,16.174999999999997,0.6109589041095891
2025-12-05 21:00:00+00:00,2026-07-17 00:00:00+00:00,MSFT,MSFT260717C00570000,call,False,570.0,14.65,15.4,11.95,480.8399963378906,0.28293563751220696,0.03539610022899104,0.007070959208665306,1.0,3,2025-11-25 19:27:14+00:00,241.54611111111112,15.025,0.6109589041095891
2025-12-05 21:00:00+00:00,2026-07-17 00:00:00+00:00,MSFT,MSFT260717C00575000,call,False,575.0,13.6,14.4,13.26,480.8399963378906,0.28255417160034174,0.03539610022899104,0.007070959208665306,3.0,1,2025-12-05 17:24:54+00:00,3.585,14.0,0.6109589041095891
2025-12-05 21:00:00+00:00,2026-07-17 00:00:00+00:00,MSFT,MSFT260717C00580000,call,False,580.0,12.6,13.45,13.45,480.8399963378906,0.2821421884155273,0.03539610022899104,0.007070959208665306,1.0,2,2025-12-01 15:30:50+00:00,101.48611111111111,13.024999999999999,0.6109589041095891
2025-12-05 21:00:00+00:00,2026-07-17 00:00:00+00:00,MSFT,MSFT260717C00590000,call,False,590.0,10.8,11.65,11.82,480.8399963378906,0.28078416976928705,0.03539610022899104,0.007070959208665306,15.0,16,2025-12-01 19:14:47+00:00,97.75361111111111,11.225000000000001,0.6109589041095891
2025-12-05 21:00:00+00:00,2026-07-17 00:00:00+00:00,MSFT,MSFT260717C00595000,call,False,595.0,10.05,10.95,10.08,480.8399963378906,0.28127244613647456,0.03539610022899104,0.007070959208665306,20.0,82,2025-12-03 17:57:17+00:00,51.04527777777778,10.5,0.6109589041095891
2025-12-05 21:00:00+00:00,2026-07-17 00:00:00+00:00,MSFT,MSFT260717C00600000,call,False,600.0,9.3,10.0,9.27,480.8399963378906,0.27893787475585935,0.03539610022899104,0.007070959208665306,2.0,51,2025-12-05 14:39:54+00:00,6.335,9.65,0.6109589041095891
2025-12-05 21:00:00+00:00,2026-07-17 00:00:00+00:00,MSFT,MSFT260717C00620000,call,False,620.0,6.85,7.6,6.95,480.8399963378906,0.2790599438476562,0.03539610022899104,0.007070959208665306,10.0,51,2025-12-03 17:26:32+00:00,51.55777777777778,7.225,0.6109589041095891
2025-12-05 21:00:00+00:00,2026-07-17 00:00:00+00:00,MSFT,MSFT260717C00640000,call,False,640.0,5.05,5.7,4.9,480.8399963378906,0.27866321929931637,0.03539610022899104,0.007070959208665306,266.0,82,2025-12-03 18:33:17+00:00,50.445277777777775,5.375,0.6109589041095891
2025-12-05 21:00:00+00:00,2026-07-17 00:00:00+00:00,MSFT,MSFT260717C00660000,call,False,660.0,3.75,4.2,3.7,480.8399963378906,0.2776256320190429,0.03539610022899104,0.007070959208665306,1.0,46,2025-12-05 17:36:10+00:00,3.397222222222222,3.975,0.6109589041095891
2025-12-05 21:00:00+00:00,2026-07-17 00:00:00+00:00,MSFT,MSFT260717C00680000,call,False,680.0,2.8,3.3,2.8,480.8399963378906,0.2810130493164062,0.03539610022899104,0.007070959208665306,5.0,8,2025-12-03 19:57:44+00:00,49.03777777777778,3.05,0.6109589041095891
2025-12-05 21:00:00+00:00,2026-07-17 00:00:00+00:00,MSFT,MSFT260717C00700000,call,False,700.0,2.14,2.52,2.26,480.8399963378906,0.28253891296386713,0.03539610022899104,0.007070959208665306,3.0,165,2025-12-04 16:56:38+00:00,28.05611111111111,2.33,0.6109589041095891
2025-12-05 21:00:00+00:00,2026-07-17 00:00:00+00:00,MSFT,MSFT260717P00300000,put,False,300.0,1.51,1.97,1.7,480.8399963378906,0.3582827844238281,0.03539610022899104,0.007070959208665306,79.0,204,2025-12-05 17:31:18+00:00,3.4783333333333335,1.74,0.6109589041095891
2025-12-05 21:00:00+00:00,2026-07-17 00:00:00+00:00,MSFT,MSFT260717P00310000,put,False,310.0,1.89,2.35,2.12,480.8399963378906,0.34943277526855465,0.03539610022899104,0.007070959208665306,31.0,157,2025-12-05 17:30:18+00:00,3.495,2.12,0.6109589041095891
2025-12-05 21:00:00+00:00,2026-07-17 00:00:00+00:00,MSFT,MSFT260717P00320000,put,False,320.0,2.34,2.77,2.63,480.8399963378906,0.34015552429199214,0.03539610022899104,0.007070959208665306,6.0,150,2025-12-03 15:41:41+00:00,53.305277777777775,2.5549999999999997,0.6109589041095891
2025-12-05 21:00:00+00:00,2026-07-17 00:00:00+00:00,MSFT,MSFT260717P00340000,put,False,340.0,3.5,4.0,3.69,480.8399963378906,0.3257513714599609,0.03539610022899104,0.007070959208665306,20.0,21,2025-12-05 19:53:43+00:00,1.1047222222222222,3.75,0.6109589041095891
2025-12-05 21:00:00+00:00,2026-07-17 00:00:00+00:00,MSFT,MSFT260717P00350000,put,False,350.0,4.25,4.75,4.7,480.8399963378906,0.31830515686035155,0.03539610022899104,0.007070959208665306,3.0,28,2025-12-03 20:54:49+00:00,48.08638888888889,4.5,0.6109589041095891
2025-12-05 21:00:00+00:00,2026-07-17 00:00:00+00:00,MSFT,MSFT260717P00360000,put,False,360.0,5.1,5.65,5.15,480.8399963378906,0.31143877044677726,0.03539610022899104,0.007070959208665306,2.0,65,2025-12-05 19:03:46+00:00,1.9372222222222222,5.375,0.6109589041095891
2025-12-05 21:00:00+00:00,2026-07-17 00:00:00+00:00,MSFT,MSFT260717P00370000,put,False,370.0,6.15,6.65,6.61,480.8399963378906,0.30405359039306634,0.03539610022899104,0.007070959208665306,48.0,320,2025-12-03 16:56:39+00:00,52.05583333333333,6.4,0.6109589041095891
2025-12-05 21:00:00+00:00,2026-07-17 00:00:00+00:00,MSFT,MSFT260717P00380000,put,False,380.0,7.25,7.9,7.55,480.8399963378906,0.29799591171264644,0.03539610022899104,0.007070959208665306,26.0,40,2025-12-03 20:40:12+00:00,48.33,7.575,0.6109589041095891
2025-12-05 21:00:00+00:00,2026-07-17 00:00:00+00:00,MSFT,MSFT260717P00395000,put,False,395.0,9.55,10.1,10.78,480.8399963378906,0.28864236755371087,0.03539610022899104,0.007070959208665306,2.0,15,2025-12-04 18:12:11+00:00,26.796944444444446,9.825,0.6109589041095891
2025-12-05 21:00:00+00:00,2026-07-17 00:00:00+00:00,MSFT,MSFT260717P00400000,put,False,400.0,10.35,10.95,10.95,480.8399963378906,0.28566693344116206,0.03539610022899104,0.007070959208665306,1.0,22,2025-12-05 17:42:27+00:00,3.2925,10.649999999999999,0.6109589041095891
2025-12-05 21:00:00+00:00,2026-07-17 00:00:00+00:00,MSFT,MSFT260717P00405000,put,False,405.0,11.25,11.9,12.26,480.8399963378906,0.2831187411499023,0.03539610022899104,0.007070959208665306,24.0,32,2025-12-03 15:26:40+00:00,53.55555555555556,11.575,0.6109589041095891
2025-12-05 21:00:00+00:00,2026-07-17 00:00:00+00:00,MSFT,MSFT260717P00410000,put,False,410.0,12.1,12.85,12.55,480.8399963378906,0.27997546203613277,0.03539610022899104,0.007070959208665306,1.0,6,2025-12-04 16:23:26+00:00,28.609444444444446,12.475,0.6109589041095891
2025-12-05 21:00:00+00:00,2026-07-17 00:00:00+00:00,MSFT,MSFT260717P00415000,put,False,415.0,13.2,13.85,17.3,480.8399963378906,0.27674063110351554,0.03539610022899104,0.007070959208665306,4.0,5,2025-11-25 14:57:48+00:00,246.03666666666666,13.524999999999999,0.6109589041095891
2025-12-05 21:00:00+00:00,2026-07-17 00:00:00+00:00,MSFT,MSFT260717P00420000,put,False,420.0,14.3,15.0,15.0,480.8399963378906,0.27425347335815425,0.03539610022899104,0.007070959208665306,3.0,288,2025-12-05 18:45:49+00:00,2.236388888888889,14.65,0.6109589041095891
2025-12-05 21:00:00+00:00,2026-07-17 00:00:00+00:00,MSFT,MSFT260717P00425000,put,False,425.0,15.4,16.15,16.62,480.8399963378906,0.27115597015380855,0.03539610022899104,0.007070959208665306,1.0,16,2025-12-03 20:57:29+00:00,48.04194444444445,15.774999999999999,0.6109589041095891
2025-12-05 21:00:00+00:00,2026-07-17 00:00:00+00:00,MSFT,MSFT260717P00430000,put,False,430.0,16.75,17.45,17.15,480.8399963378906,0.2687145883178711,0.03539610022899104,0.007070959208665306,45.0,2,2025-12-05 19:18:42+00:00,1.6883333333333332,17.1,0.6109589041095891
2025-12-05 21:00:00+00:00,2026-07-17 00:00:00+00:00,MSFT,MSFT260717P00435000,put,False,435.0,18.0,18.7,19.55,480.8399963378906,0.2652508778381348,0.03539610022899104,0.007070959208665306,66.0,73,2025-12-04 19:59:17+00:00,25.011944444444445,18.35,0.6109589041095891
2025-12-05 21:00:00+00:00,2026-07-17 00:00:00+00:00,MSFT,MSFT260717P00440000,put,False,440.0,19.5,20.2,20.55,480.8399963378906,0.2631451860046387,0.03539610022899104,0.007070959208665306,1.0,49,2025-12-05 16:49:22+00:00,4.177222222222222,19.85,0.6109589041095891
2025-12-05 21:00:00+00:00,2026-07-17 00:00:00+00:00,MSFT,MSFT260717P00445000,put,False,445.0,21.05,21.75,21.46,480.8399963378906,0.2607648387145996,0.03539610022899104,0.007070959208665306,3.0,28,2025-12-03 15:48:13+00:00,53.19638888888889,21.4,0.6109589041095891
2025-12-05 21:00:00+00:00,2026-07-17 00:00:00+00:00,MSFT,MSFT260717P00450000,put,False,450.0,22.55,23.35,24.5,480.8399963378906,0.25810983596801756,0.03539610022899104,0.007070959208665306,51.0,75,2025-12-03 20:55:05+00:00,48.081944444444446,22.950000000000003,0.6109589041095891
2025-12-05 21:00:00+00:00,2026-07-17 00:00:00+00:00,MSFT,MSFT260717P00455000,put,False,455.0,24.35,25.05,26.05,480.8399963378906,0.2555311264038086,0.03539610022899104,0.007070959208665306,1.0,20,2025-12-04 20:10:43+00:00,24.82138888888889,24.700000000000003,0.6109589041095891
2025-12-05 21:00:00+00:00,2026-07-17 00:00:00+00:00,MSFT,MSFT260717P00460000,put,False,460.0,26.05,26.75,27.93,480.8399963378906,0.252311554107666,0.03539610022899104,0.007070959208665306,1.0,51,2025-12-04 19:16:33+00:00,25.724166666666665,26.4,0.6109589041095891
2025-12-05 21:00:00+00:00,2026-07-17 00:00:00+00:00,MSFT,MSFT260717P00465000,put,False,465.0,28.05,28.75,29.93,480.8399963378906,0.2505415522766113,0.03539610022899104,0.007070959208665306,2.0,34,2025-12-04 19:16:33+00:00,25.724166666666665,28.4,0.6109589041095891
2025-12-05 21:00:00+00:00,2026-07-17 00:00:00+00:00,MSFT,MSFT260717P00470000,put,False,470.0,30.05,30.8,30.46,480.8399963378906,0.24842060180664063,0.03539610022899104,0.007070959208665306,2.0,27,2025-12-03 18:42:32+00:00,50.291111111111114,30.425,0.6109589041095891
2025-12-05 21:00:00+00:00,2026-07-17 00:00:00+00:00,MSFT,MSFT260717P00475000,put,False,475.0,32.15,32.85,31.95,480.8399963378906,0.2456282713317871,0.03539610022899104,0.007070959208665306,30.0,29,2025-12-05 15:25:07+00:00,5.581388888888889,32.5,0.6109589041095891
2025-12-05 21:00:00+00:00,2026-07-17 00:00:00+00:00,MSFT,MSFT260717P00480000,put,False,480.0,34.25,35.05,35.19,480.8399963378906,0.24316400154113768,0.03539610022899104,0.007070959208665306,30.0,18,2025-12-05 16:10:34+00:00,4.823888888888889,34.65,0.6109589041095891
2025-12-05 21:00:00+00:00,2026-07-17 00:00:00+00:00,MSFT,MSFT260717P00485000,put,True,485.0,36.5,37.45,37.4,480.8399963378906,0.24134059448242187,0.03539610022899104,0.007070959208665306,1.0,25,2025-12-03 15:48:09+00:00,53.1975,36.975,0.6109589041095891
2025-12-05 21:00:00+00:00,2026-07-17 00:00:00+00:00,MSFT,MSFT260717P00490000,put,True,490.0,38.95,39.85,35.35,480.8399963378906,0.23882291946411133,0.03539610022899104,0.007070959208665306,1.0,26,2025-12-02 19:58:46+00:00,73.02055555555556,39.400000000000006,0.6109589041095891
2025-12-05 21:00:00+00:00,2026-07-17 00:00:00+00:00,MSFT,MSFT260717P00500000,put,True,500.0,44.15,45.05,46.88,480.8399963378906,0.23431399238586423,0.03539610022899104,0.007070959208665306,1.0,12,2025-12-04 17:56:46+00:00,27.05388888888889,44.599999999999994,0.6109589041095891
2025-12-05 21:00:00+00:00,2026-07-17 00:00:00+00:00,MSFT,MSFT260717P00505000,put,True,505.0,46.9,47.8,53.61,480.8399963378906,0.23198705032348632,0.03539610022899104,0.007070959208665306,1.0,1,2025-11-21 17:03:34+00:00,339.94055555555553,47.349999999999994,0.6109589041095891
2025-12-05 21:00:00+00:00,2026-07-17 00:00:00+00:00,MSFT,MSFT260717P00510000,put,True,510.0,49.65,50.6,57.89,480.8399963378906,0.22925575439453127,0.03539610022899104,0.007070959208665306,10.0,10,2025-11-21 15:37:02+00:00,341.3827777777778,50.125,0.6109589041095891
2025-12-05 21:00:00+00:00,2026-07-17 00:00:00+00:00,MSFT,MSFT260717P00520000,put,True,520.0,55.7,56.7,53.3,480.8399963378906,0.2249833361816406,0.03539610022899104,0.007070959208665306,86.0,30,2025-11-26 19:33:38+00:00,217.43944444444443,56.2,0.6109589041095891
2025-12-05 21:00:00+00:00,2026-07-17 00:00:00+00:00,MSFT,MSFT260717P00525000,put,True,525.0,58.85,59.9,58.84,480.8399963378906,0.22277083389282226,0.03539610022899104,0.007070959208665306,5.0,28,2025-11-26 15:09:22+00:00,221.8438888888889,59.375,0.6109589041095891
2025-12-05 21:00:00+00:00,2026-07-17 00:00:00+00:00,MSFT,MSFT260717P00530000,put,True,530.0,62.05,63.2,63.67,480.8399963378906,0.22051255569458006,0.03539610022899104,0.007070959208665306,24.0,19,2025-12-03 16:02:40+00:00,52.955555555555556,62.625,0.6109589041095891
2025-12-05 21:00:00+00:00,2026-07-17 00:00:00+00:00,MSFT,MSFT260717P00540000,put,True,540.0,68.9,70.75,70.45,480.8399963378906,0.22089402160644528,0.03539610022899104,0.007070959208665306,24.0,10,2025-12-03 16:02:40+00:00,52.955555555555556,69.825,0.6109589041095891
2025-12-05 21:00:00+00:00,2026-07-17 00:00:00+00:00,MSFT,MSFT260717P00555000,put,True,555.0,79.8,81.0,85.02,480.8399963378906,0.20699340377807612,0.03539610022899104,0.007070959208665306,1.0,0,2025-11-25 20:00:44+00:00,240.98777777777778,80.4,0.6109589041095891
2025-12-05 21:00:00+00:00,2026-08-21 00:00:00+00:00,MSFT,MSFT260821C00250000,call,True,250.0,238.9,242.6,262.0,480.8399963378906,0.5949442361450196,0.03539610022899104,0.007070959208665306,1.0,1,2025-11-06 14:30:04+00:00,702.4988888888889,240.75,0.7068493150684931
2025-12-05 21:00:00+00:00,2026-08-21 00:00:00+00:00,MSFT,MSFT260821C00270000,call,True,270.0,226.8,230.25,275.79,480.8399963378906,0.6650729293823244,0.03539610022899104,0.007070959208665306,14.0,20,2025-10-29 18:43:37+00:00,890.2730555555555,228.525,0.7068493150684931
2025-12-05 21:00:00+00:00,2026-08-21 00:00:00+00:00,MSFT,MSFT260821C00280000,call,True,280.0,210.35,213.7,231.04,480.8399963378906,0.5322922747802734,0.03539610022899104,0.007070959208665306,4.0,42,2025-11-12 16:13:50+00:00,556.7694444444444,212.02499999999998,0.7068493150684931
2025-12-05 21:00:00+00:00,2026-08-21 00:00:00+00:00,MSFT,MSFT260821C00290000,call,True,290.0,201.05,204.8,199.55,480.8399963378906,0.5195360546875,0.03539610022899104,0.007070959208665306,1.0,5,2025-12-03 19:18:57+00:00,49.68416666666667,202.925,0.7068493150684931
2025-12-05 21:00:00+00:00,2026-08-21 00:00:00+00:00,MSFT,MSFT260821C00300000,call,True,300.0,191.7,195.5,198.37,480.8399963378906,0.5025989682006836,0.03539610022899104,0.007070959208665306,2.0,9,2025-12-02 14:54:55+00:00,78.08472222222223,193.6,0.7068493150684931
2025-12-05 21:00:00+00:00,2026-08-21 00:00:00+00:00,MSFT,MSFT260821C00320000,call,True,320.0,173.2,176.75,186.92,480.8399963378906,0.491414387664795,0.03539610022899104,0.007070959208665306,1.0,18,2025-11-07 17:50:55+00:00,675.1513888888888,174.975,0.7068493150684931
2025-12-05 21:00:00+00:00,2026-08-21 00:00:00+00:00,MSFT,MSFT260821C00330000,call,True,330.0,164.1,167.2,162.75,480.8399963378906,0.4699149688720704,0.03539610022899104,0.007070959208665306,2.0,6,2025-12-03 16:20:37+00:00,52.65638888888889,165.64999999999998,0.7068493150684931
2025-12-05 21:00:00+00:00,2026-08-21 00:00:00+00:00,MSFT,MSFT260821C00340000,call,True,340.0,156.25,157.8,166.4,480.8399963378906,0.4503076210021973,0.03539610022899104,0.007070959208665306,1.0,1,2025-11-18 18:47:27+00:00,410.20916666666665,157.025,0.7068493150684931
2025-12-05 21:00:00+00:00,2026-08-21 00:00:00+00:00,MSFT,MSFT260821C00350000,call,True,350.0,147.45,148.75,143.52,480.8399963378906,0.434499673614502,0.03539610022899104,0.007070959208665306,1.0,40,2025-12-04 19:20:09+00:00,25.664166666666667,148.1,0.7068493150684931
2025-12-05 21:00:00+00:00,2026-08-21 00:00:00+00:00,MSFT,MSFT260821C00360000,call,True,360.0,138.75,140.25,150.45,480.8399963378906,0.4238644039916992,0.03539610022899104,0.007070959208665306,13.0,19,2025-11-18 15:27:47+00:00,413.53694444444443,139.5,0.7068493150684931
2025-12-05 21:00:00+00:00,2026-08-21 00:00:00+00:00,MSFT,MSFT260821C00370000,call,True,370.0,130.2,131.35,153.0,480.8399963378906,0.4083921466064453,0.03539610022899104,0.007070959208665306,1.0,6,2025-11-17 19:40:45+00:00,433.3208333333333,130.77499999999998,0.7068493150684931
2025-12-05 21:00:00+00:00,2026-08-21 00:00:00+00:00,MSFT,MSFT260821C00380000,call,True,380.0,121.85,123.0,127.37,480.8399963378906,0.39739066970825193,0.03539610022899104,0.007070959208665306,3.0,16,2025-11-19 17:12:44+00:00,387.78777777777776,122.425,0.7068493150684931
2025-12-05 21:00:00+00:00,2026-08-21 00:00:00+00:00,MSFT,MSFT260821C00390000,call,True,390.0,113.7,114.8,101.05,480.8399963378906,0.3866791069030761,0.03539610022899104,0.007070959208665306,1.0,7,2025-11-25 14:47:34+00:00,246.2072222222222,114.25,0.7068493150684931
2025-12-05 21:00:00+00:00,2026-08-21 00:00:00+00:00,MSFT,MSFT260821C00400000,call,True,400.0,105.75,106.85,104.5,480.8399963378906,0.37694409683227537,0.03539610022899104,0.007070959208665306,2.0,35,2025-12-03 16:40:06+00:00,52.33166666666666,106.3,0.7068493150684931
2025-12-05 21:00:00+00:00,2026-08-21 00:00:00+00:00,MSFT,MSFT260821C00410000,call,True,410.0,98.05,99.1,94.65,480.8399963378906,0.3675600354003906,0.03539610022899104,0.007070959208665306,1.0,21,2025-12-04 15:24:43+00:00,29.588055555555556,98.57499999999999,0.7068493150684931
2025-12-05 21:00:00+00:00,2026-08-21 00:00:00+00:00,MSFT,MSFT260821C00420000,call,True,420.0,90.65,91.65,86.43,480.8399963378906,0.3591372680664062,0.03539610022899104,0.007070959208665306,2.0,20,2025-12-03 14:34:42+00:00,54.42166666666667,91.15,0.7068493150684931
2025-12-05 21:00:00+00:00,2026-08-21 00:00:00+00:00,MSFT,MSFT260821C00430000,call,True,430.0,83.55,84.5,79.8,480.8399963378906,0.35146217391967766,0.03539610022899104,0.007070959208665306,5.0,53,2025-12-04 16:04:15+00:00,28.929166666666667,84.025,0.7068493150684931
2025-12-05 21:00:00+00:00,2026-08-21 00:00:00+00:00,MSFT,MSFT260821C00440000,call,True,440.0,76.65,77.8,76.42,480.8399963378906,0.34540449523925776,0.03539610022899104,0.007070959208665306,6.0,73,2025-12-03 20:33:05+00:00,48.44861111111111,77.225,0.7068493150684931
2025-12-05 21:00:00+00:00,2026-08-21 00:00:00+00:00,MSFT,MSFT260821C00450000,call,True,450.0,70.2,71.25,68.46,480.8399963378906,0.33872121246337883,0.03539610022899104,0.007070959208665306,1.0,156,2025-12-04 14:31:45+00:00,30.470833333333335,70.725,0.7068493150684931
2025-12-05 21:00:00+00:00,2026-08-21 00:00:00+00:00,MSFT,MSFT260821C00460000,call,True,460.0,63.95,64.95,63.4,480.8399963378906,0.3320531883239746,0.03539610022899104,0.007070959208665306,2.0,43,2025-12-04 17:31:17+00:00,27.47861111111111,64.45,0.7068493150684931
2025-12-05 21:00:00+00:00,2026-08-21 00:00:00+00:00,MSFT,MSFT260821C00470000,call,True,470.0,58.1,58.95,57.19,480.8399963378906,0.32565981964111324,0.03539610022899104,0.007070959208665306,2.0,60,2025-12-04 20:57:24+00:00,24.043333333333333,58.525000000000006,0.7068493150684931
2025-12-05 21:00:00+00:00,2026-08-21 00:00:00+00:00,MSFT,MSFT260821C00480000,call,True,480.0,52.65,53.1,53.09,480.8399963378906,0.3184958898162841,0.03539610022899104,0.007070959208665306,7.0,170,2025-12-05 20:59:46+00:00,0.0038888888888888888,52.875,0.7068493150684931
2025-12-05 21:00:00+00:00,2026-08-21 00:00:00+00:00,MSFT,MSFT260821C00490000,call,False,490.0,47.5,47.9,45.97,480.8399963378906,0.31362838478088384,0.03539610022899104,0.007070959208665306,14.0,295,2025-12-05 17:37:32+00:00,3.3744444444444444,47.7,0.7068493150684931
2025-12-05 21:00:00+00:00,2026-08-21 00:00:00+00:00,MSFT,MSFT260821C00500000,call,False,500.0,42.75,43.1,41.5,480.8399963378906,0.30942463043212887,0.03539610022899104,0.007070959208665306,44.0,1407,2025-12-05 16:00:24+00:00,4.993333333333333,42.925,0.7068493150684931
2025-12-05 21:00:00+00:00,2026-08-21 00:00:00+00:00,MSFT,MSFT260821C00510000,call,False,510.0,38.3,38.6,37.75,480.8399963378906,0.30524376403808595,0.03539610022899104,0.007070959208665306,521.0,250,2025-12-05 14:49:05+00:00,6.1819444444444445,38.45,0.7068493150684931
2025-12-05 21:00:00+00:00,2026-08-21 00:00:00+00:00,MSFT,MSFT260821C00520000,call,False,520.0,34.2,34.5,33.3,480.8399963378906,0.3017190190124512,0.03539610022899104,0.007070959208665306,10.0,469,2025-12-05 14:46:53+00:00,6.2186111111111115,34.35,0.7068493150684931
2025-12-05 21:00:00+00:00,2026-08-21 00:00:00+00:00,MSFT,MSFT260821C00530000,call,False,530.0,30.0,30.7,29.97,480.8399963378906,0.29825530853271476,0.03539610022899104,0.007070959208665306,15.0,254,2025-12-05 19:38:14+00:00,1.3627777777777779,30.35,0.7068493150684931
2025-12-05 21:00:00+00:00,2026-08-21 00:00:00+00:00,MSFT,MSFT260821C00540000,call,False,540.0,27.0,27.3,26.75,480.8399963378906,0.2955392712402344,0.03539610022899104,0.007070959208665306,6.0,853,2025-12-05 20:45:12+00:00,0.24666666666666667,27.15,0.7068493150684931
2025-12-05 21:00:00+00:00,2026-08-21 00:00:00+00:00,MSFT,MSFT260821C00550000,call,False,550.0,23.9,24.15,23.03,480.8399963378906,0.29267064758300776,0.03539610022899104,0.007070959208665306,10.0,478,2025-12-05 16:30:13+00:00,4.496388888888889,24.025,0.7068493150684931
2025-12-05 21:00:00+00:00,2026-08-21 00:00:00+00:00,MSFT,MSFT260821C00560000,call,False,560.0,21.1,21.4,21.25,480.8399963378906,0.2907328007507323,0.03539610022899104,0.007070959208665306,6.0,189,2025-12-05 15:33:49+00:00,5.436388888888889,21.25,0.7068493150684931
2025-12-05 21:00:00+00:00,2026-08-21 00:00:00+00:00,MSFT,MSFT260821C00570000,call,False,570.0,18.35,18.85,17.55,480.8399963378906,0.28848978118896473,0.03539610022899104,0.007070959208665306,3.0,168,2025-12-04 18:27:42+00:00,26.538333333333334,18.6,0.7068493150684931
2025-12-05 21:00:00+00:00,2026-08-21 00:00:00+00:00,MSFT,MSFT260821C00580000,call,False,580.0,16.4,16.65,15.95,480.8399963378906,0.2871012452697753,0.03539610022899104,0.007070959208665306,1.0,268,2025-12-05 14:46:53+00:00,6.2186111111111115,16.525,0.7068493150684931
2025-12-05 21:00:00+00:00,2026-08-21 00:00:00+00:00,MSFT,MSFT260821C00590000,call,False,590.0,14.4,14.65,13.65,480.8399963378906,0.28563641616821284,0.03539610022899104,0.007070959208665306,6.0,206,2025-12-04 19:07:59+00:00,25.866944444444446,14.525,0.7068493150684931
2025-12-05 21:00:00+00:00,2026-08-21 00:00:00+00:00,MSFT,MSFT260821C00600000,call,False,600.0,12.65,12.9,12.45,480.8399963378906,0.284614087524414,0.03539610022899104,0.007070959208665306,3.0,374,2025-12-05 18:58:22+00:00,2.027222222222222,12.775,0.7068493150684931
2025-12-05 21:00:00+00:00,2026-08-21 00:00:00+00:00,MSFT,MSFT260821C00610000,call,False,610.0,11.1,11.3,10.45,480.8399963378906,0.2833323620605468,0.03539610022899104,0.007070959208665306,3.0,374,2025-12-04 15:45:13+00:00,29.246388888888887,11.2,0.7068493150684931
2025-12-05 21:00:00+00:00,2026-08-21 00:00:00+00:00,MSFT,MSFT260821C00620000,call,False,620.0,9.75,9.95,9.5,480.8399963378906,0.2828288270568847,0.03539610022899104,0.007070959208665306,2.0,739,2025-12-04 20:03:45+00:00,24.9375,9.85,0.7068493150684931
2025-12-05 21:00:00+00:00,2026-08-21 00:00:00+00:00,MSFT,MSFT260821C00630000,call,False,630.0,8.5,8.75,7.92,480.8399963378906,0.2823863265991211,0.03539610022899104,0.007070959208665306,2.0,149,2025-12-03 18:45:36+00:00,50.24,8.625,0.7068493150684931
2025-12-05 21:00:00+00:00,2026-08-21 00:00:00+00:00,MSFT,MSFT260821C00640000,call,False,640.0,7.45,7.85,8.12,480.8399963378906,0.28377486251831047,0.03539610022899104,0.007070959208665306,1.0,104,2025-12-02 15:38:54+00:00,77.35166666666667,7.65,0.7068493150684931
2025-12-05 21:00:00+00:00,2026-08-21 00:00:00+00:00,MSFT,MSFT260821C00650000,call,False,650.0,6.55,6.8,6.5,480.8399963378906,0.28232529205322265,0.03539610022899104,0.007070959208665306,3.0,300,2025-12-05 18:44:48+00:00,2.2533333333333334,6.675,0.7068493150684931
2025-12-05 21:00:00+00:00,2026-08-21 00:00:00+00:00,MSFT,MSFT260821C00660000,call,False,660.0,5.3,5.95,5.75,480.8399963378906,0.2818980502319336,0.03539610022899104,0.007070959208665306,3.0,51,2025-12-03 15:40:55+00:00,53.31805555555555,5.625,0.7068493150684931
2025-12-05 21:00:00+00:00,2026-08-21 00:00:00+00:00,MSFT,MSFT260821C00680000,call,False,680.0,4.4,4.6,4.35,480.8399963378906,0.2819896020507812,0.03539610022899104,0.007070959208665306,1.0,319,2025-12-03 14:50:20+00:00,54.16111111111111,4.5,0.7068493150684931
2025-12-05 21:00:00+00:00,2026-08-21 00:00:00+00:00,MSFT,MSFT260821C00700000,call,False,700.0,3.4,3.6,3.38,480.8399963378906,0.2830882238769531,0.03539610022899104,0.007070959208665306,2.0,100,2025-12-05 15:50:06+00:00,5.165,3.5,0.7068493150684931
2025-12-05 21:00:00+00:00,2026-08-21 00:00:00+00:00,MSFT,MSFT260821C00720000,call,False,720.0,2.47,2.78,2.62,480.8399963378906,0.2834544311523437,0.03539610022899104,0.007070959208665306,1.0,223,2025-12-05 18:49:33+00:00,2.174166666666667,2.625,0.7068493150684931
2025-12-05 21:00:00+00:00,2026-08-21 00:00:00+00:00,MSFT,MSFT260821C00740000,call,False,740.0,2.05,2.61,1.89,480.8399963378906,0.2945932357788086,0.03539610022899104,0.007070959208665306,1.0,39,2025-12-03 20:59:41+00:00,48.00527777777778,2.33,0.7068493150684931
2025-12-05 21:00:00+00:00,2026-08-21 00:00:00+00:00,MSFT,MSFT260821C00760000,call,False,760.0,1.56,1.87,1.87,480.8399963378906,0.290473403930664,0.03539610022899104,0.007070959208665306,2.0,56,2025-11-28 16:39:50+00:00,172.3361111111111,1.715,0.7068493150684931
2025-12-05 21:00:00+00:00,2026-08-21 00:00:00+00:00,MSFT,MSFT260821C00780000,call,False,780.0,1.2,1.28,1.1,480.8399963378906,0.2851023638916015,0.03539610022899104,0.007070959208665306,1.0,84,2025-12-03 18:45:23+00:00,50.243611111111115,1.24,0.7068493150684931
2025-12-05 21:00:00+00:00,2026-08-21 00:00:00+00:00,MSFT,MSFT260821C00800000,call,False,800.0,0.91,1.0,0.87,480.8399963378906,0.2862009857177734,0.03539610022899104,0.007070959208665306,4.0,460,2025-12-05 16:45:34+00:00,4.240555555555556,0.9550000000000001,0.7068493150684931
2025-12-05 21:00:00+00:00,2026-08-21 00:00:00+00:00,MSFT,MSFT260821P00250000,put,False,250.0,0.75,0.83,0.83,480.8399963378906,0.3815979809570312,0.03539610022899104,0.007070959208665306,3.0,86,2025-12-05 16:45:34+00:00,4.240555555555556,0.79,0.7068493150684931
2025-12-05 21:00:00+00:00,2026-08-21 00:00:00+00:00,MSFT,MSFT260821P00260000,put,False,260.0,0.74,1.02,1.03,480.8399963378906,0.3729921099853516,0.03539610022899104,0.007070959208665306,4.0,243,2025-12-05 16:20:59+00:00,4.650277777777778,0.88,0.7068493150684931
2025-12-05 21:00:00+00:00,2026-08-21 00:00:00+00:00,MSFT,MSFT260821P00270000,put,False,270.0,1.17,1.26,1.28,480.8399963378906,0.36536279174804687,0.03539610022899104,0.007070959208665306,13.0,77,2025-12-05 17:36:26+00:00,3.392777777777778,1.2149999999999999,0.7068493150684931
2025-12-05 21:00:00+00:00,2026-08-21 00:00:00+00:00,MSFT,MSFT260821P00280000,put,False,280.0,1.46,1.55,1.66,480.8399963378906,0.3580386462402344,0.03539610022899104,0.007070959208665306,6.0,22,2025-12-03 17:05:52+00:00,51.90222222222222,1.505,0.7068493150684931
2025-12-05 21:00:00+00:00,2026-08-21 00:00:00+00:00,MSFT,MSFT260821P00290000,put,False,290.0,1.6,2.09,2.06,480.8399963378906,0.3575503698730469,0.03539610022899104,0.007070959208665306,2.0,17,2025-12-03 15:26:20+00:00,53.56111111111111,1.845,0.7068493150684931
2025-12-05 21:00:00+00:00,2026-08-21 00:00:00+00:00,MSFT,MSFT260821P00300000,put,False,300.0,2.03,2.51,2.44,480.8399963378906,0.34998208618164056,0.03539610022899104,0.007070959208665306,56.0,73,2025-12-03 16:59:37+00:00,52.006388888888885,2.2699999999999996,0.7068493150684931
2025-12-05 21:00:00+00:00,2026-08-21 00:00:00+00:00,MSFT,MSFT260821P00310000,put,False,310.0,2.52,3.0,2.94,480.8399963378906,0.342505354309082,0.03539610022899104,0.007070959208665306,2.0,171,2025-12-03 16:59:30+00:00,52.00833333333333,2.76,0.7068493150684931
2025-12-05 21:00:00+00:00,2026-08-21 00:00:00+00:00,MSFT,MSFT260821P00320000,put,False,320.0,3.25,3.4,3.6,480.8399963378906,0.33139706695556637,0.03539610022899104,0.007070959208665306,1.0,21,2025-12-04 17:06:40+00:00,27.88888888888889,3.325,0.7068493150684931
2025-12-05 21:00:00+00:00,2026-08-21 00:00:00+00:00,MSFT,MSFT260821P00330000,put,False,330.0,3.9,4.15,4.25,480.8399963378906,0.3264532687377929,0.03539610022899104,0.007070959208665306,1.0,78,2025-11-21 14:50:22+00:00,342.16055555555556,4.025,0.7068493150684931
2025-12-05 21:00:00+00:00,2026-08-21 00:00:00+00:00,MSFT,MSFT260821P00340000,put,False,340.0,4.05,5.85,4.91,480.8399963378906,0.33515069152832033,0.03539610022899104,0.007070959208665306,14.0,101,2025-12-05 15:20:41+00:00,5.655277777777778,4.949999999999999,0.7068493150684931
2025-12-05 21:00:00+00:00,2026-08-21 00:00:00+00:00,MSFT,MSFT260821P00350000,put,False,350.0,4.6,5.8,5.65,480.8399963378906,0.312934116821289,0.03539610022899104,0.007070959208665306,1.0,112,2025-12-03 19:45:30+00:00,49.24166666666667,5.199999999999999,0.7068493150684931
2025-12-05 21:00:00+00:00,2026-08-21 00:00:00+00:00,MSFT,MSFT260821P00360000,put,False,360.0,6.25,6.85,7.15,480.8399963378906,0.30680014495849606,0.03539610022899104,0.007070959208665306,300.0,380,2025-12-05 14:46:00+00:00,6.233333333333333,6.55,0.7068493150684931
2025-12-05 21:00:00+00:00,2026-08-21 00:00:00+00:00,MSFT,MSFT260821P00370000,put,False,370.0,7.85,8.05,8.17,480.8399963378906,0.3006814317321777,0.03539610022899104,0.007070959208665306,1.0,203,2025-12-04 15:58:49+00:00,29.01972222222222,7.95,0.7068493150684931
2025-12-05 21:00:00+00:00,2026-08-21 00:00:00+00:00,MSFT,MSFT260821P00380000,put,False,380.0,9.25,9.45,9.75,480.8399963378906,0.2949899603271484,0.03539610022899104,0.007070959208665306,3.0,346,2025-12-03 17:00:00+00:00,52.0,9.35,0.7068493150684931
2025-12-05 21:00:00+00:00,2026-08-21 00:00:00+00:00,MSFT,MSFT260821P00390000,put,False,390.0,10.8,11.05,11.45,480.8399963378906,0.2894052993774413,0.03539610022899104,0.007070959208665306,2.0,148,2025-12-05 16:30:09+00:00,4.4975,10.925,0.7068493150684931
2025-12-05 21:00:00+00:00,2026-08-21 00:00:00+00:00,MSFT,MSFT260821P00400000,put,False,400.0,12.65,12.85,12.8,480.8399963378906,0.28377486251831047,0.03539610022899104,0.007070959208665306,39.0,195,2025-12-05 20:42:05+00:00,0.2986111111111111,12.75,0.7068493150684931
2025-12-05 21:00:00+00:00,2026-08-21 00:00:00+00:00,MSFT,MSFT260821P00410000,put,False,410.0,14.7,14.9,15.29,480.8399963378906,0.2783427879333496,0.03539610022899104,0.007070959208665306,5.0,247,2025-12-05 17:13:32+00:00,3.7744444444444443,14.8,0.7068493150684931
2025-12-05 21:00:00+00:00,2026-08-21 00:00:00+00:00,MSFT,MSFT260821P00420000,put,False,420.0,17.05,17.25,17.21,480.8399963378906,0.27332269653320307,0.03539610022899104,0.007070959208665306,15.0,362,2025-12-05 20:42:05+00:00,0.2986111111111111,17.15,0.7068493150684931
2025-12-05 21:00:00+00:00,2026-08-21 00:00:00+00:00,MSFT,MSFT260821P00430000,put,False,430.0,19.65,19.9,20.37,480.8399963378906,0.2685009674072265,0.03539610022899104,0.007070959208665306,16.0,240,2025-12-03 16:36:37+00:00,52.389722222222225,19.775,0.7068493150684931
2025-12-05 21:00:00+00:00,2026-08-21 00:00:00+00:00,MSFT,MSFT260821P00440000,put,False,440.0,22.55,22.85,23.37,480.8399963378906,0.2636944969177246,0.03539610022899104,0.007070959208665306,1.0,489,2025-12-05 17:01:03+00:00,3.9825,22.700000000000003,0.7068493150684931
2025-12-05 21:00:00+00:00,2026-08-21 00:00:00+00:00,MSFT,MSFT260821P00450000,put,False,450.0,24.8,26.45,27.4,480.8399963378906,0.2611310459899902,0.03539610022899104,0.007070959208665306,1.0,936,2025-12-04 18:33:49+00:00,26.43638888888889,25.625,0.7068493150684931
2025-12-05 21:00:00+00:00,2026-08-21 00:00:00+00:00,MSFT,MSFT260821P00460000,put,False,460.0,29.4,29.7,30.43,480.8399963378906,0.2539594868469239,0.03539610022899104,0.007070959208665306,1.0,561,2025-12-05 16:20:59+00:00,4.650277777777778,29.549999999999997,0.7068493150684931
2025-12-05 21:00:00+00:00,2026-08-21 00:00:00+00:00,MSFT,MSFT260821P00470000,put,False,470.0,33.4,33.65,33.77,480.8399963378906,0.24913775772094726,0.03539610022899104,0.007070959208665306,175.0,711,2025-12-05 20:53:45+00:00,0.10416666666666667,33.525,0.7068493150684931
2025-12-05 21:00:00+00:00,2026-08-21 00:00:00+00:00,MSFT,MSFT260821P00480000,put,False,480.0,37.7,38.0,38.25,480.8399963378906,0.24451439086914065,0.03539610022899104,0.007070959208665306,31.0,897,2025-12-05 19:38:49+00:00,1.3530555555555555,37.85,0.7068493150684931
2025-12-05 21:00:00+00:00,2026-08-21 00:00:00+00:00,MSFT,MSFT260821P00490000,put,True,490.0,42.4,42.7,42.8,480.8399963378906,0.23970792037963862,0.03539610022899104,0.007070959208665306,2.0,284,2025-12-05 20:34:06+00:00,0.43166666666666664,42.55,0.7068493150684931
2025-12-05 21:00:00+00:00,2026-08-21 00:00:00+00:00,MSFT,MSFT260821P00500000,put,True,500.0,47.5,47.9,48.48,480.8399963378906,0.2355728298950195,0.03539610022899104,0.007070959208665306,1.0,341,2025-12-05 18:40:29+00:00,2.325277777777778,47.7,0.7068493150684931
2025-12-05 21:00:00+00:00,2026-08-21 00:00:00+00:00,MSFT,MSFT260821P00510000,put,True,510.0,53.0,53.45,60.3,480.8399963378906,0.23114782531738282,0.03539610022899104,0.007070959208665306,1.0,237,2025-11-25 15:37:00+00:00,245.38333333333333,53.225,0.7068493150684931
2025-12-05 21:00:00+00:00,2026-08-21 00:00:00+00:00,MSFT,MSFT260821P00520000,put,True,520.0,58.85,59.35,61.05,480.8399963378906,0.226394760055542,0.03539610022899104,0.007070959208665306,5.0,290,2025-11-26 15:36:28+00:00,221.39222222222222,59.1,0.7068493150684931
2025-12-05 21:00:00+00:00,2026-08-21 00:00:00+00:00,MSFT,MSFT260821P00530000,put,True,530.0,65.15,65.65,67.5,480.8399963378906,0.22162643615722655,0.03539610022899104,0.007070959208665306,23.0,162,2025-12-04 15:13:17+00:00,29.77861111111111,65.4,0.7068493150684931
2025-12-05 21:00:00+00:00,2026-08-21 00:00:00+00:00,MSFT,MSFT260821P00540000,put,True,540.0,71.5,72.55,68.62,480.8399963378906,0.21826953613281247,0.03539610022899104,0.007070959208665306,1.0,73,2025-11-18 16:33:02+00:00,412.44944444444445,72.025,0.7068493150684931
2025-12-05 21:00:00+00:00,2026-08-21 00:00:00+00:00,MSFT,MSFT260821P00550000,put,True,550.0,78.45,79.7,72.7,480.8399963378906,0.21404289382934572,0.03539610022899104,0.007070959208665306,7.0,43,2025-11-07 14:57:19+00:00,678.0447222222223,79.075,0.7068493150684931
2025-12-05 21:00:00+00:00,2026-08-21 00:00:00+00:00,MSFT,MSFT260821P00560000,put,True,560.0,85.8,87.0,94.11,480.8399963378906,0.20804624969482416,0.03539610022899104,0.007070959208665306,1.0,52,2025-11-24 15:04:47+00:00,269.92027777777776,86.4,0.7068493150684931
2025-12-05 21:00:00+00:00,2026-08-21 00:00:00+00:00,MSFT,MSFT260821P00570000,put,True,570.0,93.45,94.85,79.65,480.8399963378906,0.2034991760253906,0.03539610022899104,0.007070959208665306,4.0,21,2025-11-14 15:17:39+00:00,509.7058333333333,94.15,0.7068493150684931
2025-12-05 21:00:00+00:00,2026-08-21 00:00:00+00:00,MSFT,MSFT260821P00580000,put,True,580.0,101.4,102.9,110.62,480.8399963378906,0.1975635664367676,0.03539610022899104,0.007070959208665306,1.0,13,2025-11-21 15:35:13+00:00,341.41305555555556,102.15,0.7068493150684931
2025-12-05 21:00:00+00:00,2026-08-21 00:00:00+00:00,MSFT,MSFT260821P00590000,put,True,590.0,109.75,111.3,115.5,480.8399963378906,0.19165847412109377,0.03539610022899104,0.007070959208665306,10.0,43,2025-12-03 15:15:07+00:00,53.74805555555555,110.525,0.7068493150684931
2025-12-05 21:00:00+00:00,2026-08-21 00:00:00+00:00,MSFT,MSFT260821P00600000,put,True,600.0,118.35,120.0,110.93,480.8399963378906,0.18550924362182614,0.03539610022899104,0.007070959208665306,4.0,40,2025-11-18 20:12:47+00:00,408.78694444444443,119.175,0.7068493150684931
2025-12-05 21:00:00+00:00,2026-08-21 00:00:00+00:00,MSFT,MSFT260821P00610000,put,True,610.0,120.7,122.4,93.6,480.8399963378906,1.0000000000000003e-05,0.03539610022899104,0.007070959208665306,8.0,36,2025-10-30 16:28:47+00:00,868.5202777777778,121.55000000000001,0.7068493150684931
2025-12-05 21:00:00+00:00,2026-08-21 00:00:00+00:00,MSFT,MSFT260821P00620000,put,True,620.0,104.95,108.0,112.0,480.8399963378906,1.0000000000000003e-05,0.03539610022899104,0.007070959208665306,5.0,5,2025-08-22 14:44:00+00:00,2526.266666666667,106.475,0.7068493150684931
2025-12-05 21:00:00+00:00,2026-08-21 00:00:00+00:00,MSFT,MSFT260821P00630000,put,True,630.0,145.4,148.55,150.45,480.8399963378906,0.1889729541015625,0.03539610022899104,0.007070959208665306,1.0,0,2025-11-20 19:12:15+00:00,361.79583333333335,146.97500000000002,0.7068493150684931
2025-12-05 21:00:00+00:00,2026-08-21 00:00:00+00:00,MSFT,MSFT260821P00640000,put,True,640.0,154.9,158.45,159.25,480.8399963378906,0.19538158142089845,0.03539610022899104,0.007070959208665306,1.0,0,2025-12-03 15:33:06+00:00,53.44833333333333,156.675,0.7068493150684931
2025-12-05 21:00:00+00:00,2026-08-21 00:00:00+00:00,MSFT,MSFT260821P00650000,put,True,650.0,165.25,168.75,153.8,480.8399963378906,0.21051814880371095,0.03539610022899104,0.007070959208665306,1.0,0,2025-11-18 14:30:03+00:00,414.49916666666667,167.0,0.7068493150684931
2025-12-05 21:00:00+00:00,2026-08-21 00:00:00+00:00,MSFT,MSFT260821P00660000,put,True,660.0,168.75,171.45,122.25,480.8399963378906,1.0000000000000003e-05,0.03539610022899104,0.007070959208665306,,0,2025-10-28 19:37:52+00:00,913.3688888888889,170.1,0.7068493150684931
2025-12-05 21:00:00+00:00,2026-08-21 00:00:00+00:00,MSFT,MSFT260821P00680000,put,True,680.0,195.1,198.35,183.3,480.8399963378906,0.22516643981933593,0.03539610022899104,0.007070959208665306,1.0,0,2025-11-18 14:30:03+00:00,414.49916666666667,196.725,0.7068493150684931
2025-12-05 21:00:00+00:00,2026-08-21 00:00:00+00:00,MSFT,MSFT260821P00700000,put,True,700.0,215.4,218.4,203.4,480.8399963378906,0.2415236981201172,0.03539610022899104,0.007070959208665306,2.0,0,2025-11-18 14:30:05+00:00,414.49861111111113,216.9,0.7068493150684931
2025-12-05 21:00:00+00:00,2026-08-21 00:00:00+00:00,MSFT,MSFT260821P00720000,put,True,720.0,235.5,238.75,216.1,480.8399963378906,0.2651440673828125,0.03539610022899104,0.007070959208665306,2.0,0,2025-11-06 14:30:04+00:00,702.4988888888889,237.125,0.7068493150684931
2025-12-05 21:00:00+00:00,2026-08-21 00:00:00+00:00,MSFT,MSFT260821P00740000,put,True,740.0,255.0,258.75,251.13,480.8399963378906,0.27936511657714835,0.03539610022899104,0.007070959208665306,50.0,0,2025-12-01 17:46:36+00:00,99.22333333333333,256.875,0.7068493150684931
2025-12-05 21:00:00+00:00,2026-08-21 00:00:00+00:00,MSFT,MSFT260821P00760000,put,True,760.0,275.15,278.95,263.3,480.8399963378906,0.29813323944091785,0.03539610022899104,0.007070959208665306,1.0,0,2025-11-18 14:30:03+00:00,414.49916666666667,277.04999999999995,0.7068493150684931
2025-12-05 21:00:00+00:00,2026-08-21 00:00:00+00:00,MSFT,MSFT260821P00780000,put,True,780.0,295.15,298.75,270.55,480.8399963378906,0.3061592822265625,0.03539610022899104,0.007070959208665306,,0,2025-11-04 14:30:07+00:00,750.4980555555555,296.95,0.7068493150684931
2025-12-05 21:00:00+00:00,2026-08-21 00:00:00+00:00,MSFT,MSFT260821P00800000,put,True,800.0,315.05,318.75,290.6,480.8399963378906,0.3188544677734374,0.03539610022899104,0.007070959208665306,,0,2025-11-04 14:30:07+00:00,750.4980555555555,316.9,0.7068493150684931
2025-12-05 21:00:00+00:00,2026-09-18 00:00:00+00:00,MSFT,MSFT260918C00230000,call,True,230.0,258.15,261.95,263.85,480.8399963378906,0.6095314926147463,0.03539610022899104,0.007070959208665306,4.0,32,2025-11-26 19:57:02+00:00,217.04944444444445,260.04999999999995,0.7835616438356164
2025-12-05 21:00:00+00:00,2026-09-18 00:00:00+00:00,MSFT,MSFT260918C00240000,call,True,240.0,0.0,0.0,284.6,480.8399963378906,1.0000000000000003e-05,0.03539610022899104,0.007070959208665306,1.0,1,2025-08-18 15:16:49+00:00,2621.719722222222,0.0,0.7835616438356164
2025-12-05 21:00:00+00:00,2026-09-18 00:00:00+00:00,MSFT,MSFT260918C00250000,call,True,250.0,239.2,242.85,234.65,480.8399963378906,0.5706830041503907,0.03539610022899104,0.007070959208665306,3.0,35,2025-12-03 14:39:34+00:00,54.340555555555554,241.02499999999998,0.7835616438356164
2025-12-05 21:00:00+00:00,2026-09-18 00:00:00+00:00,MSFT,MSFT260918C00260000,call,True,260.0,229.75,233.4,247.13,480.8399963378906,0.5525557440185547,0.03539610022899104,0.007070959208665306,25.0,28,2025-11-06 17:17:51+00:00,699.7025,231.575,0.7835616438356164
2025-12-05 21:00:00+00:00,2026-09-18 00:00:00+00:00,MSFT,MSFT260918C00270000,call,True,270.0,220.3,224.1,231.37,480.8399963378906,0.5356796920776368,0.03539610022899104,0.007070959208665306,1.0,69,2025-11-28 16:55:00+00:00,172.08333333333334,222.2,0.7835616438356164
2025-12-05 21:00:00+00:00,2026-09-18 00:00:00+00:00,MSFT,MSFT260918C00280000,call,True,280.0,210.9,214.75,209.84,480.8399963378906,0.5186510537719727,0.03539610022899104,0.007070959208665306,14.0,49,2025-11-20 20:04:07+00:00,360.9313888888889,212.825,0.7835616438356164
2025-12-05 21:00:00+00:00,2026-09-18 00:00:00+00:00,MSFT,MSFT260918C00290000,call,True,290.0,231.5,235.7,235.85,480.8399963378906,0.8501907070922851,0.03539610022899104,0.007070959208665306,1.0,1,2025-08-19 14:01:01+00:00,2598.9830555555554,233.6,0.7835616438356164
2025-12-05 21:00:00+00:00,2026-09-18 00:00:00+00:00,MSFT,MSFT260918C00300000,call,True,300.0,192.3,195.85,192.0,480.8399963378906,0.5084277673339843,0.03539610022899104,0.007070959208665306,3.0,94,2025-12-05 18:27:37+00:00,2.539722222222222,194.075,0.7835616438356164
2025-12-05 21:00:00+00:00,2026-09-18 00:00:00+00:00,MSFT,MSFT260918C00310000,call,True,310.0,183.25,186.15,191.3,480.8399963378906,0.4856313644409179,0.03539610022899104,0.007070959208665306,30.0,23,2025-12-01 16:49:11+00:00,100.18027777777777,184.7,0.7835616438356164
2025-12-05 21:00:00+00:00,2026-09-18 00:00:00+00:00,MSFT,MSFT260918C00320000,call,True,320.0,181.0,184.3,233.22,480.8399963378906,0.5337113279724122,0.03539610022899104,0.007070959208665306,4.0,11,2025-10-29 19:53:24+00:00,889.11,182.65,0.7835616438356164
2025-12-05 21:00:00+00:00,2026-09-18 00:00:00+00:00,MSFT,MSFT260918C00330000,call,True,330.0,165.1,168.95,156.43,480.8399963378906,0.4661155683898926,0.03539610022899104,0.007070959208665306,1.0,27,2025-11-25 15:49:19+00:00,245.17805555555555,167.02499999999998,0.7835616438356164
2025-12-05 21:00:00+00:00,2026-09-18 00:00:00+00:00,MSFT,MSFT260918C00340000,call,True,340.0,157.15,158.75,162.5,480.8399963378906,0.4380701945495606,0.03539610022899104,0.007070959208665306,1.0,33,2025-12-01 15:07:52+00:00,101.86888888888889,157.95,0.7835616438356164
2025-12-05 21:00:00+00:00,2026-09-18 00:00:00+00:00,MSFT,MSFT260918C00350000,call,True,350.0,148.45,150.0,152.61,480.8399963378906,0.4255123367309571,0.03539610022899104,0.007070959208665306,1.0,20,2025-11-26 16:13:12+00:00,220.78,149.225,0.7835616438356164
2025-12-05 21:00:00+00:00,2026-09-18 00:00:00+00:00,MSFT,MSFT260918C00360000,call,True,360.0,139.85,141.4,129.0,480.8399963378906,0.413717410736084,0.03539610022899104,0.007070959208665306,1.0,36,2025-11-25 14:42:13+00:00,246.29638888888888,140.625,0.7835616438356164
2025-12-05 21:00:00+00:00,2026-09-18 00:00:00+00:00,MSFT,MSFT260918C00370000,call,True,370.0,131.45,133.0,150.33,480.8399963378906,0.4029295547485352,0.03539610022899104,0.007070959208665306,11.0,41,2025-11-12 17:32:41+00:00,555.4552777777777,132.225,0.7835616438356164
2025-12-05 21:00:00+00:00,2026-09-18 00:00:00+00:00,MSFT,MSFT260918C00380000,call,True,380.0,123.25,124.7,150.0,480.8399963378906,0.3921111814880371,0.03539610022899104,0.007070959208665306,1.0,55,2025-11-14 19:23:13+00:00,505.61305555555555,123.975,0.7835616438356164
2025-12-05 21:00:00+00:00,2026-09-18 00:00:00+00:00,MSFT,MSFT260918C00390000,call,True,390.0,115.2,116.65,123.5,480.8399963378906,0.3823914300537109,0.03539610022899104,0.007070959208665306,2.0,53,2025-11-28 15:16:34+00:00,173.7238888888889,115.92500000000001,0.7835616438356164
2025-12-05 21:00:00+00:00,2026-09-18 00:00:00+00:00,MSFT,MSFT260918C00400000,call,True,400.0,107.45,108.85,105.87,480.8399963378906,0.37354142089843745,0.03539610022899104,0.007070959208665306,3.0,725,2025-12-05 17:27:33+00:00,3.5408333333333335,108.15,0.7835616438356164
2025-12-05 21:00:00+00:00,2026-09-18 00:00:00+00:00,MSFT,MSFT260918C00410000,call,True,410.0,100.1,101.25,96.5,480.8399963378906,0.36499658447265626,0.03539610022899104,0.007070959208665306,2.0,55,2025-12-04 15:25:00+00:00,29.583333333333332,100.675,0.7835616438356164
2025-12-05 21:00:00+00:00,2026-09-18 00:00:00+00:00,MSFT,MSFT260918C00420000,call,True,420.0,92.6,93.9,91.96,480.8399963378906,0.35701631759643554,0.03539610022899104,0.007070959208665306,3.0,107,2025-12-05 18:30:15+00:00,2.495833333333333,93.25,0.7835616438356164
2025-12-05 21:00:00+00:00,2026-09-18 00:00:00+00:00,MSFT,MSFT260918C00430000,call,True,430.0,85.55,86.85,85.0,480.8399963378906,0.34976846527099603,0.03539610022899104,0.007070959208665306,2.0,152,2025-12-05 20:11:06+00:00,0.815,86.19999999999999,0.7835616438356164
2025-12-05 21:00:00+00:00,2026-09-18 00:00:00+00:00,MSFT,MSFT260918C00440000,call,True,440.0,79.05,80.05,78.6,480.8399963378906,0.34279526840209956,0.03539610022899104,0.007070959208665306,2.0,97,2025-12-05 15:07:51+00:00,5.869166666666667,79.55,0.7835616438356164
2025-12-05 21:00:00+00:00,2026-09-18 00:00:00+00:00,MSFT,MSFT260918C00450000,call,True,450.0,72.6,73.45,72.3,480.8399963378906,0.33568474380493163,0.03539610022899104,0.007070959208665306,43.0,222,2025-12-05 19:07:33+00:00,1.8741666666666668,73.025,0.7835616438356164
2025-12-05 21:00:00+00:00,2026-09-18 00:00:00+00:00,MSFT,MSFT260918C00460000,call,True,460.0,66.5,67.4,66.3,480.8399963378906,0.33052732467651363,0.03539610022899104,0.007070959208665306,4.0,627,2025-12-05 15:49:28+00:00,5.1755555555555555,66.95,0.7835616438356164
2025-12-05 21:00:00+00:00,2026-09-18 00:00:00+00:00,MSFT,MSFT260918C00470000,call,True,470.0,60.65,61.5,59.38,480.8399963378906,0.32472904281616205,0.03539610022899104,0.007070959208665306,12.0,259,2025-12-05 17:56:18+00:00,3.0616666666666665,61.075,0.7835616438356164
2025-12-05 21:00:00+00:00,2026-09-18 00:00:00+00:00,MSFT,MSFT260918C00480000,call,True,480.0,55.15,55.75,55.1,480.8399963378906,0.31828989822387693,0.03539610022899104,0.007070959208665306,45.0,461,2025-12-05 20:53:50+00:00,0.10277777777777777,55.45,0.7835616438356164
2025-12-05 21:00:00+00:00,2026-09-18 00:00:00+00:00,MSFT,MSFT260918C00490000,call,False,490.0,50.1,50.5,49.3,480.8399963378906,0.3132240309143066,0.03539610022899104,0.007070959208665306,13.0,489,2025-12-05 18:54:19+00:00,2.0947222222222224,50.3,0.7835616438356164
2025-12-05 21:00:00+00:00,2026-09-18 00:00:00+00:00,MSFT,MSFT260918C00500000,call,False,500.0,45.3,46.1,44.64,480.8399963378906,0.311507434310913,0.03539610022899104,0.007070959208665306,45.0,773,2025-12-05 19:17:08+00:00,1.7144444444444444,45.7,0.7835616438356164
2025-12-05 21:00:00+00:00,2026-09-18 00:00:00+00:00,MSFT,MSFT260918C00510000,call,False,510.0,40.85,41.2,40.0,480.8399963378906,0.30524376403808595,0.03539610022899104,0.007070959208665306,13.0,1044,2025-12-05 18:29:05+00:00,2.515277777777778,41.025000000000006,0.7835616438356164
2025-12-05 21:00:00+00:00,2026-09-18 00:00:00+00:00,MSFT,MSFT260918C00520000,call,False,520.0,36.3,37.0,36.11,480.8399963378906,0.30144436355590826,0.03539610022899104,0.007070959208665306,23.0,2045,2025-12-05 19:17:08+00:00,1.7144444444444444,36.65,0.7835616438356164
2025-12-05 21:00:00+00:00,2026-09-18 00:00:00+00:00,MSFT,MSFT260918C00530000,call,False,530.0,32.9,33.2,32.35,480.8399963378906,0.2983697483062744,0.03539610022899104,0.007070959208665306,15.0,809,2025-12-05 17:35:52+00:00,3.402222222222222,33.05,0.7835616438356164
2025-12-05 21:00:00+00:00,2026-09-18 00:00:00+00:00,MSFT,MSFT260918C00540000,call,False,540.0,29.4,29.7,29.15,480.8399963378906,0.29549349533081054,0.03539610022899104,0.007070959208665306,3.0,1359,2025-12-05 20:40:33+00:00,0.32416666666666666,29.549999999999997,0.7835616438356164
2025-12-05 21:00:00+00:00,2026-09-18 00:00:00+00:00,MSFT,MSFT260918C00550000,call,False,550.0,26.2,26.45,26.3,480.8399963378906,0.29253331985473624,0.03539610022899104,0.007070959208665306,22.0,863,2025-12-05 20:58:53+00:00,0.01861111111111111,26.325,0.7835616438356164
2025-12-05 21:00:00+00:00,2026-09-18 00:00:00+00:00,MSFT,MSFT260918C00560000,call,False,560.0,23.25,23.6,23.0,480.8399963378906,0.29051917984008785,0.03539610022899104,0.007070959208665306,6.0,2033,2025-12-05 20:02:30+00:00,0.9583333333333334,23.425,0.7835616438356164
2025-12-05 21:00:00+00:00,2026-09-18 00:00:00+00:00,MSFT,MSFT260918C00570000,call,False,570.0,20.65,21.0,20.43,480.8399963378906,0.288596591644287,0.03539610022899104,0.007070959208665306,2.0,665,2025-12-05 19:56:32+00:00,1.0577777777777777,20.825,0.7835616438356164
2025-12-05 21:00:00+00:00,2026-09-18 00:00:00+00:00,MSFT,MSFT260918C00580000,call,False,580.0,18.3,18.65,18.2,480.8399963378906,0.28685710708618156,0.03539610022899104,0.007070959208665306,26.0,5332,2025-12-05 20:18:42+00:00,0.6883333333333334,18.475,0.7835616438356164
2025-12-05 21:00:00+00:00,2026-09-18 00:00:00+00:00,MSFT,MSFT260918C00590000,call,False,590.0,16.2,16.55,16.4,480.8399963378906,0.2854227952575683,0.03539610022899104,0.007070959208665306,4.0,1756,2025-12-05 15:33:04+00:00,5.448888888888889,16.375,0.7835616438356164
2025-12-05 21:00:00+00:00,2026-09-18 00:00:00+00:00,MSFT,MSFT260918C00600000,call,False,600.0,14.3,14.65,14.5,480.8399963378906,0.28401900070190417,0.03539610022899104,0.007070959208665306,13.0,2150,2025-12-05 16:16:10+00:00,4.730555555555555,14.475000000000001,0.7835616438356164
2025-12-05 21:00:00+00:00,2026-09-18 00:00:00+00:00,MSFT,MSFT260918C00610000,call,False,610.0,12.7,12.95,12.85,480.8399963378906,0.28278305114746094,0.03539610022899104,0.007070959208665306,55.0,1465,2025-12-05 20:56:27+00:00,0.059166666666666666,12.825,0.7835616438356164
2025-12-05 21:00:00+00:00,2026-09-18 00:00:00+00:00,MSFT,MSFT260918C00620000,call,False,620.0,11.25,11.5,10.71,480.8399963378906,0.2822642575073242,0.03539610022899104,0.007070959208665306,2.0,525,2025-12-04 14:57:55+00:00,30.03472222222222,11.375,0.7835616438356164
2025-12-05 21:00:00+00:00,2026-09-18 00:00:00+00:00,MSFT,MSFT260918C00630000,call,False,630.0,9.95,10.15,9.66,480.8399963378906,0.281333480682373,0.03539610022899104,0.007070959208665306,2.0,517,2025-12-05 17:56:34+00:00,3.0572222222222223,10.05,0.7835616438356164
2025-12-05 21:00:00+00:00,2026-09-18 00:00:00+00:00,MSFT,MSFT260918C00640000,call,False,640.0,8.8,9.0,8.7,480.8399963378906,0.2810130493164062,0.03539610022899104,0.007070959208665306,1.0,130,2025-12-03 17:30:25+00:00,51.49305555555556,8.9,0.7835616438356164
2025-12-05 21:00:00+00:00,2026-09-18 00:00:00+00:00,MSFT,MSFT260918C00650000,call,False,650.0,7.8,8.0,7.47,480.8399963378906,0.2810130493164062,0.03539610022899104,0.007070959208665306,5.0,539,2025-12-04 16:53:21+00:00,28.110833333333332,7.9,0.7835616438356164
2025-12-05 21:00:00+00:00,2026-09-18 00:00:00+00:00,MSFT,MSFT260918C00660000,call,False,660.0,6.9,7.1,7.4,480.8399963378906,0.2809520147705078,0.03539610022899104,0.007070959208665306,7.0,153,2025-12-02 19:08:53+00:00,73.85194444444444,7.0,0.7835616438356164
2025-12-05 21:00:00+00:00,2026-09-18 00:00:00+00:00,MSFT,MSFT260918C00670000,call,False,670.0,6.1,6.3,4.95,480.8399963378906,0.280982532043457,0.03539610022899104,0.007070959208665306,1.0,199,2025-11-25 16:06:43+00:00,244.88805555555555,6.199999999999999,0.7835616438356164
2025-12-05 21:00:00+00:00,2026-09-18 00:00:00+00:00,MSFT,MSFT260918C00680000,call,False,680.0,5.4,5.6,5.3,480.8399963378906,0.28116563568115227,0.03539610022899104,0.007070959208665306,2.0,253,2025-12-05 15:55:23+00:00,5.076944444444444,5.5,0.7835616438356164
2025-12-05 21:00:00+00:00,2026-09-18 00:00:00+00:00,MSFT,MSFT260918C00700000,call,False,700.0,4.2,4.45,3.9,480.8399963378906,0.2820506365966796,0.03539610022899104,0.007070959208665306,2.0,518,2025-12-03 14:32:11+00:00,54.46361111111111,4.325,0.7835616438356164
2025-12-05 21:00:00+00:00,2026-09-18 00:00:00+00:00,MSFT,MSFT260918C00720000,call,False,720.0,3.3,3.75,3.4,480.8399963378906,0.286567192993164,0.03539610022899104,0.007070959208665306,4.0,206,2025-12-05 14:40:36+00:00,6.323333333333333,3.525,0.7835616438356164
2025-12-05 21:00:00+00:00,2026-09-18 00:00:00+00:00,MSFT,MSFT260918C00740000,call,False,740.0,2.47,2.78,2.69,480.8399963378906,0.2833323620605468,0.03539610022899104,0.007070959208665306,1.0,106,2025-12-05 15:23:52+00:00,5.602222222222222,2.625,0.7835616438356164
2025-12-05 21:00:00+00:00,2026-09-18 00:00:00+00:00,MSFT,MSFT260918C00760000,call,False,760.0,1.89,2.21,1.94,480.8399963378906,0.28436994934082027,0.03539610022899104,0.007070959208665306,2.0,83,2025-12-03 19:09:27+00:00,49.8425,2.05,0.7835616438356164
2025-12-05 21:00:00+00:00,2026-09-18 00:00:00+00:00,MSFT,MSFT260918C00780000,call,False,780.0,1.53,1.74,1.6,480.8399963378906,0.2848582257080078,0.03539610022899104,0.007070959208665306,2.0,113,2025-12-04 20:44:08+00:00,24.264444444444443,1.635,0.7835616438356164
2025-12-05 21:00:00+00:00,2026-09-18 00:00:00+00:00,MSFT,MSFT260918C00800000,call,False,800.0,1.07,1.37,1.23,480.8399963378906,0.2854075366210937,0.03539610022899104,0.007070959208665306,2.0,599,2025-12-05 17:45:00+00:00,3.25,1.2200000000000002,0.7835616438356164
2025-12-05 21:00:00+00:00,2026-09-18 00:00:00+00:00,MSFT,MSFT260918P00230000,put,False,230.0,0.2,0.68,0.68,480.8399963378906,0.3920959228515625,0.03539610022899104,0.007070959208665306,12.0,212,2025-12-03 17:47:22+00:00,51.21055555555556,0.44000000000000006,0.7835616438356164
2025-12-05 21:00:00+00:00,2026-09-18 00:00:00+00:00,MSFT,MSFT260918P00240000,put,False,240.0,0.55,1.04,0.87,480.8399963378906,0.3963683410644532,0.03539610022899104,0.007070959208665306,13.0,71,2025-11-26 19:47:04+00:00,217.21555555555557,0.795,0.7835616438356164
2025-12-05 21:00:00+00:00,2026-09-18 00:00:00+00:00,MSFT,MSFT260918P00250000,put,False,250.0,0.94,1.23,1.05,480.8399963378906,0.3859924682617187,0.03539610022899104,0.007070959208665306,4.0,80,2025-12-03 18:23:13+00:00,50.613055555555555,1.085,0.7835616438356164
2025-12-05 21:00:00+00:00,2026-09-18 00:00:00+00:00,MSFT,MSFT260918P00260000,put,False,260.0,1.17,1.27,1.34,480.8399963378906,0.36743796630859377,0.03539610022899104,0.007070959208665306,1.0,55,2025-12-04 18:03:35+00:00,26.940277777777776,1.22,0.7835616438356164
2025-12-05 21:00:00+00:00,2026-09-18 00:00:00+00:00,MSFT,MSFT260918P00270000,put,False,270.0,1.25,1.75,1.59,480.8399963378906,0.3679262426757813,0.03539610022899104,0.007070959208665306,5.0,68,2025-11-26 19:46:42+00:00,217.22166666666666,1.5,0.7835616438356164
2025-12-05 21:00:00+00:00,2026-09-18 00:00:00+00:00,MSFT,MSFT260918P00280000,put,False,280.0,1.58,2.08,1.74,480.8399963378906,0.35938140625,0.03539610022899104,0.007070959208665306,1.0,74,2025-12-02 15:04:25+00:00,77.9263888888889,1.83,0.7835616438356164
2025-12-05 21:00:00+00:00,2026-09-18 00:00:00+00:00,MSFT,MSFT260918P00290000,put,False,290.0,1.97,2.47,3.16,480.8399963378906,0.3513248461914062,0.03539610022899104,0.007070959208665306,5.0,134,2025-11-21 17:53:07+00:00,339.1147222222222,2.22,0.7835616438356164
2025-12-05 21:00:00+00:00,2026-09-18 00:00:00+00:00,MSFT,MSFT260918P00300000,put,False,300.0,2.32,2.94,2.85,480.8399963378906,0.3438786315917969,0.03539610022899104,0.007070959208665306,30.0,200,2025-11-26 19:00:09+00:00,217.9975,2.63,0.7835616438356164
2025-12-05 21:00:00+00:00,2026-09-18 00:00:00+00:00,MSFT,MSFT260918P00310000,put,False,310.0,2.65,3.3,3.05,480.8399963378906,0.33246517150878907,0.03539610022899104,0.007070959208665306,2.0,455,2025-11-06 17:58:20+00:00,699.0277777777778,2.9749999999999996,0.7835616438356164
2025-12-05 21:00:00+00:00,2026-09-18 00:00:00+00:00,MSFT,MSFT260918P00320000,put,False,320.0,3.55,4.25,4.72,480.8399963378906,0.3321294815063477,0.03539610022899104,0.007070959208665306,10.0,88,2025-11-20 18:43:52+00:00,362.2688888888889,3.9,0.7835616438356164
2025-12-05 21:00:00+00:00,2026-09-18 00:00:00+00:00,MSFT,MSFT260918P00330000,put,False,330.0,4.45,4.75,4.76,480.8399963378906,0.3209906768798828,0.03539610022899104,0.007070959208665306,7.0,557,2025-12-03 16:06:55+00:00,52.88472222222222,4.6,0.7835616438356164
2025-12-05 21:00:00+00:00,2026-09-18 00:00:00+00:00,MSFT,MSFT260918P00340000,put,False,340.0,4.75,5.5,5.8,480.8399963378906,0.3130561859130859,0.03539610022899104,0.007070959208665306,1.0,387,2025-12-04 17:40:51+00:00,27.319166666666668,5.125,0.7835616438356164
2025-12-05 21:00:00+00:00,2026-09-18 00:00:00+00:00,MSFT,MSFT260918P00350000,put,False,350.0,6.3,6.5,6.47,480.8399963378906,0.30728842132568357,0.03539610022899104,0.007070959208665306,3.0,376,2025-12-05 18:55:51+00:00,2.069166666666667,6.4,0.7835616438356164
2025-12-05 21:00:00+00:00,2026-09-18 00:00:00+00:00,MSFT,MSFT260918P00360000,put,False,360.0,7.4,7.6,7.59,480.8399963378906,0.3010628976440429,0.03539610022899104,0.007070959208665306,1.0,845,2025-12-03 15:07:11+00:00,53.88027777777778,7.5,0.7835616438356164
2025-12-05 21:00:00+00:00,2026-09-18 00:00:00+00:00,MSFT,MSFT260918P00370000,put,False,370.0,8.7,8.9,9.0,480.8399963378906,0.2954629780578613,0.03539610022899104,0.007070959208665306,18.0,705,2025-12-03 20:49:59+00:00,48.16694444444445,8.8,0.7835616438356164
2025-12-05 21:00:00+00:00,2026-09-18 00:00:00+00:00,MSFT,MSFT260918P00380000,put,False,380.0,10.15,10.35,10.4,480.8399963378906,0.2896494375610351,0.03539610022899104,0.007070959208665306,1.0,1071,2025-12-05 20:15:04+00:00,0.7488888888888889,10.25,0.7835616438356164
2025-12-05 21:00:00+00:00,2026-09-18 00:00:00+00:00,MSFT,MSFT260918P00390000,put,False,390.0,11.85,12.05,12.15,480.8399963378906,0.28449201843261707,0.03539610022899104,0.007070959208665306,106.0,1119,2025-12-03 16:35:33+00:00,52.4075,11.95,0.7835616438356164
2025-12-05 21:00:00+00:00,2026-09-18 00:00:00+00:00,MSFT,MSFT260918P00400000,put,False,400.0,13.75,13.95,14.07,480.8399963378906,0.27924304748535156,0.03539610022899104,0.007070959208665306,2.0,2273,2025-12-05 20:01:09+00:00,0.9808333333333333,13.85,0.7835616438356164
2025-12-05 21:00:00+00:00,2026-09-18 00:00:00+00:00,MSFT,MSFT260918P00410000,put,False,410.0,15.9,16.15,16.2,480.8399963378906,0.27457390472412113,0.03539610022899104,0.007070959208665306,66.0,1067,2025-12-05 17:29:22+00:00,3.5105555555555554,16.025,0.7835616438356164
2025-12-05 21:00:00+00:00,2026-09-18 00:00:00+00:00,MSFT,MSFT260918P00420000,put,False,420.0,18.35,18.55,18.97,480.8399963378906,0.26950803741455076,0.03539610022899104,0.007070959208665306,3.0,948,2025-12-05 17:20:08+00:00,3.6644444444444444,18.450000000000003,0.7835616438356164
2025-12-05 21:00:00+00:00,2026-09-18 00:00:00+00:00,MSFT,MSFT260918P00430000,put,False,430.0,21.05,21.35,21.75,480.8399963378906,0.26538820556640624,0.03539610022899104,0.007070959208665306,1.0,1244,2025-12-05 16:55:54+00:00,4.068333333333333,21.200000000000003,0.7835616438356164
2025-12-05 21:00:00+00:00,2026-09-18 00:00:00+00:00,MSFT,MSFT260918P00440000,put,False,440.0,24.0,24.4,24.4,480.8399963378906,0.26094794235229496,0.03539610022899104,0.007070959208665306,310.0,1976,2025-12-05 20:52:13+00:00,0.1297222222222222,24.2,0.7835616438356164
2025-12-05 21:00:00+00:00,2026-09-18 00:00:00+00:00,MSFT,MSFT260918P00450000,put,False,450.0,27.35,27.7,27.85,480.8399963378906,0.2561262132263184,0.03539610022899104,0.007070959208665306,12.0,1990,2025-12-05 14:43:21+00:00,6.2775,27.525,0.7835616438356164
2025-12-05 21:00:00+00:00,2026-09-18 00:00:00+00:00,MSFT,MSFT260918P00460000,put,False,460.0,31.0,31.35,31.4,480.8399963378906,0.2514952170562744,0.03539610022899104,0.007070959208665306,20.0,3047,2025-12-05 20:24:20+00:00,0.5944444444444444,31.175,0.7835616438356164
2025-12-05 21:00:00+00:00,2026-09-18 00:00:00+00:00,MSFT,MSFT260918P00470000,put,False,470.0,35.0,35.35,35.55,480.8399963378906,0.2469328847503662,0.03539610022899104,0.007070959208665306,13.0,2100,2025-12-05 15:04:27+00:00,5.925833333333333,35.175,0.7835616438356164
2025-12-05 21:00:00+00:00,2026-09-18 00:00:00+00:00,MSFT,MSFT260918P00480000,put,False,480.0,39.35,39.75,39.62,480.8399963378906,0.24265283721923825,0.03539610022899104,0.007070959208665306,30.0,2018,2025-12-05 20:55:58+00:00,0.06722222222222222,39.55,0.7835616438356164
2025-12-05 21:00:00+00:00,2026-09-18 00:00:00+00:00,MSFT,MSFT260918P00490000,put,True,490.0,44.05,44.4,44.42,480.8399963378906,0.23770903900146478,0.03539610022899104,0.007070959208665306,13.0,995,2025-12-05 20:55:58+00:00,0.06722222222222222,44.224999999999994,0.7835616438356164
2025-12-05 21:00:00+00:00,2026-09-18 00:00:00+00:00,MSFT,MSFT260918P00500000,put,True,500.0,49.15,49.55,50.5,480.8399963378906,0.23349765533447264,0.03539610022899104,0.007070959208665306,3.0,1169,2025-12-05 17:24:56+00:00,3.5844444444444443,49.349999999999994,0.7835616438356164
2025-12-05 21:00:00+00:00,2026-09-18 00:00:00+00:00,MSFT,MSFT260918P00510000,put,True,510.0,54.6,55.05,55.95,480.8399963378906,0.2291184266662598,0.03539610022899104,0.007070959208665306,4.0,679,2025-12-05 18:00:43+00:00,2.9880555555555555,54.825,0.7835616438356164
2025-12-05 21:00:00+00:00,2026-09-18 00:00:00+00:00,MSFT,MSFT260918P00520000,put,True,520.0,60.4,60.9,63.16,480.8399963378906,0.2245408357238769,0.03539610022899104,0.007070959208665306,7.0,1570,2025-12-04 15:23:48+00:00,29.60333333333333,60.65,0.7835616438356164
2025-12-05 21:00:00+00:00,2026-09-18 00:00:00+00:00,MSFT,MSFT260918P00530000,put,True,530.0,66.6,67.1,61.8,480.8399963378906,0.21973436523437498,0.03539610022899104,0.007070959208665306,10.0,442,2025-11-28 15:36:16+00:00,173.39555555555555,66.85,0.7835616438356164
2025-12-05 21:00:00+00:00,2026-09-18 00:00:00+00:00,MSFT,MSFT260918P00540000,put,True,540.0,73.15,73.7,73.62,480.8399963378906,0.21501944656372068,0.03539610022899104,0.007070959208665306,2.0,179,2025-12-03 18:24:57+00:00,50.58416666666667,73.42500000000001,0.7835616438356164
2025-12-05 21:00:00+00:00,2026-09-18 00:00:00+00:00,MSFT,MSFT260918P00550000,put,True,550.0,79.85,80.75,85.33,480.8399963378906,0.21079280426025387,0.03539610022899104,0.007070959208665306,12.0,313,2025-11-21 19:18:13+00:00,337.69638888888886,80.3,0.7835616438356164
2025-12-05 21:00:00+00:00,2026-09-18 00:00:00+00:00,MSFT,MSFT260918P00560000,put,True,560.0,87.05,88.1,81.1,480.8399963378906,0.20610840286254878,0.03539610022899104,0.007070959208665306,1.0,167,2025-11-28 16:47:12+00:00,172.21333333333334,87.57499999999999,0.7835616438356164
2025-12-05 21:00:00+00:00,2026-09-18 00:00:00+00:00,MSFT,MSFT260918P00570000,put,True,570.0,88.3,89.95,67.1,480.8399963378906,0.14460083923339845,0.03539610022899104,0.007070959208665306,3.0,27,2025-10-30 17:20:45+00:00,867.6541666666667,89.125,0.7835616438356164
2025-12-05 21:00:00+00:00,2026-09-18 00:00:00+00:00,MSFT,MSFT260918P00580000,put,True,580.0,102.45,103.6,91.2,480.8399963378906,0.19443554595947266,0.03539610022899104,0.007070959208665306,1.0,19,2025-11-10 14:37:01+00:00,606.3830555555555,103.025,0.7835616438356164
2025-12-05 21:00:00+00:00,2026-09-18 00:00:00+00:00,MSFT,MSFT260918P00590000,put,True,590.0,110.65,111.85,111.08,480.8399963378906,0.18825579818725585,0.03539610022899104,0.007070959208665306,1.0,311,2025-11-26 14:41:12+00:00,222.31333333333333,111.25,0.7835616438356164
2025-12-05 21:00:00+00:00,2026-09-18 00:00:00+00:00,MSFT,MSFT260918P00600000,put,True,600.0,118.8,120.4,120.7,480.8399963378906,0.18163354995727538,0.03539610022899104,0.007070959208665306,15.0,211,2025-12-05 19:09:50+00:00,1.836111111111111,119.6,0.7835616438356164
2025-12-05 21:00:00+00:00,2026-09-18 00:00:00+00:00,MSFT,MSFT260918P00610000,put,True,610.0,121.05,122.9,90.52,480.8399963378906,1.0000000000000003e-05,0.03539610022899104,0.007070959208665306,2.0,4,2025-10-27 15:32:07+00:00,941.4647222222222,121.975,0.7835616438356164
2025-12-05 21:00:00+00:00,2026-09-18 00:00:00+00:00,MSFT,MSFT260918P00620000,put,True,620.0,136.7,138.4,145.33,480.8399963378906,0.16816017395019534,0.03539610022899104,0.007070959208665306,5.0,12,2025-11-21 17:17:09+00:00,339.71416666666664,137.55,0.7835616438356164
2025-12-05 21:00:00+00:00,2026-09-18 00:00:00+00:00,MSFT,MSFT260918P00630000,put,True,630.0,146.05,149.05,149.35,480.8399963378906,0.18918657501220704,0.03539610022899104,0.007070959208665306,1.0,1,2025-12-03 15:33:06+00:00,53.44833333333333,147.55,0.7835616438356164
2025-12-05 21:00:00+00:00,2026-09-18 00:00:00+00:00,MSFT,MSFT260918P00640000,put,True,640.0,155.3,158.45,168.42,480.8399963378906,0.18573812316894528,0.03539610022899104,0.007070959208665306,1.0,0,2025-11-24 15:25:47+00:00,269.5702777777778,156.875,0.7835616438356164
2025-12-05 21:00:00+00:00,2026-09-18 00:00:00+00:00,MSFT,MSFT260918P00650000,put,True,650.0,164.85,168.95,181.01,480.8399963378906,0.20404848693847655,0.03539610022899104,0.007070959208665306,1.0,0,2025-11-24 14:57:35+00:00,270.04027777777776,166.89999999999998,0.7835616438356164
2025-12-05 21:00:00+00:00,2026-09-18 00:00:00+00:00,MSFT,MSFT260918P00660000,put,True,660.0,175.0,179.0,157.42,480.8399963378906,0.2130815997314453,0.03539610022899104,0.007070959208665306,2.0,0,2025-11-12 16:07:25+00:00,556.8763888888889,177.0,0.7835616438356164
2025-12-05 21:00:00+00:00,2026-09-18 00:00:00+00:00,MSFT,MSFT260918P00670000,put,True,670.0,178.75,181.45,153.07,480.8399963378906,1.0000000000000003e-05,0.03539610022899104,0.007070959208665306,1.0,0,2025-10-31 19:46:40+00:00,841.2222222222222,180.1,0.7835616438356164
2025-12-05 21:00:00+00:00,2026-09-18 00:00:00+00:00,MSFT,MSFT260918P00680000,put,True,680.0,195.2,198.75,157.89,480.8399963378906,0.223365920715332,0.03539610022899104,0.007070959208665306,5.0,0,2025-11-03 14:51:21+00:00,774.1441666666667,196.975,0.7835616438356164
2025-12-05 21:00:00+00:00,2026-09-18 00:00:00+00:00,MSFT,MSFT260918P00700000,put,True,700.0,190.65,194.7,187.0,480.8399963378906,1.0000000000000003e-05,0.03539610022899104,0.007070959208665306,,0,2025-07-17 16:17:05+00:00,3388.715277777778,192.675,0.7835616438356164
2025-12-05 21:00:00+00:00,2026-09-18 00:00:00+00:00,MSFT,MSFT260918P00740000,put,True,740.0,0.0,0.0,202.9,480.8399963378906,1.0000000000000003e-05,0.03539610022899104,0.007070959208665306,,0,2025-08-04 16:23:28+00:00,2956.608888888889,0.0,0.7835616438356164
2025-12-05 21:00:00+00:00,2026-12-18 00:00:00+00:00,MSFT,MSFT261218C00175000,call,True,175.0,311.5,316.5,338.5,480.8399963378906,0.6722750057983401,0.03539610022899104,0.007070959208665306,4.0,10,2025-11-12 14:33:51+00:00,558.4358333333333,314.0,1.0328767123287672
2025-12-05 21:00:00+00:00,2026-12-18 00:00:00+00:00,MSFT,MSFT261218C00180000,call,True,180.0,328.0,333.0,296.9,480.8399963378906,1.042637843475342,0.03539610022899104,0.007070959208665306,1.0,1,2025-06-05 19:50:00+00:00,4393.166666666667,330.5,1.0328767123287672
2025-12-05 21:00:00+00:00,2026-12-18 00:00:00+00:00,MSFT,MSFT261218C00185000,call,True,185.0,302.0,307.0,326.64,480.8399963378906,0.6516453292846681,0.03539610022899104,0.007070959208665306,2.0,1002,2025-11-12 18:00:51+00:00,554.9858333333333,304.5,1.0328767123287672
2025-12-05 21:00:00+00:00,2026-12-18 00:00:00+00:00,MSFT,MSFT261218C00190000,call,True,190.0,0.0,0.0,340.52,480.8399963378906,1.0000000000000003e-05,0.03539610022899104,0.007070959208665306,7.0,90,2025-08-11 18:18:43+00:00,2786.6880555555554,0.0,1.0328767123287672
2025-12-05 21:00:00+00:00,2026-12-18 00:00:00+00:00,MSFT,MSFT261218C00195000,call,True,195.0,292.5,297.5,290.28,480.8399963378906,0.6313513427734375,0.03539610022899104,0.007070959208665306,2.0,107,2025-11-21 14:43:52+00:00,342.2688888888889,295.0,1.0328767123287672
2025-12-05 21:00:00+00:00,2026-12-18 00:00:00+00:00,MSFT,MSFT261218C00200000,call,True,200.0,287.5,292.5,287.5,480.8399963378906,0.6157875335693359,0.03539610022899104,0.007070959208665306,1.0,336,2025-12-04 14:30:00+00:00,30.5,290.0,1.0328767123287672
2025-12-05 21:00:00+00:00,2026-12-18 00:00:00+00:00,MSFT,MSFT261218C00205000,call,True,205.0,283.0,288.0,303.33,480.8399963378906,0.6113930462646486,0.03539610022899104,0.007070959208665306,9.0,71,2025-11-12 16:41:12+00:00,556.3133333333334,285.5,1.0328767123287672
2025-12-05 21:00:00+00:00,2026-12-18 00:00:00+00:00,MSFT,MSFT261218C00210000,call,True,210.0,278.5,283.0,305.7,480.8399963378906,0.6015359671020509,0.03539610022899104,0.007070959208665306,42.0,102,2025-11-14 18:53:03+00:00,506.11583333333334,280.75,1.0328767123287672
2025-12-05 21:00:00+00:00,2026-12-18 00:00:00+00:00,MSFT,MSFT261218C00215000,call,True,215.0,273.5,278.5,264.0,480.8399963378906,0.5917399224853517,0.03539610022899104,0.007070959208665306,2.0,70,2025-11-25 14:41:03+00:00,246.31583333333333,276.0,1.0328767123287672
2025-12-05 21:00:00+00:00,2026-12-18 00:00:00+00:00,MSFT,MSFT261218C00220000,call,True,220.0,269.0,273.5,276.5,480.8399963378906,0.5820659469604492,0.03539610022899104,0.007070959208665306,2.0,76,2025-12-01 16:11:17+00:00,100.81194444444445,271.25,1.0328767123287672
2025-12-05 21:00:00+00:00,2026-12-18 00:00:00+00:00,MSFT,MSFT261218C00225000,call,True,225.0,264.0,269.0,276.29,480.8399963378906,0.5724530059814454,0.03539610022899104,0.007070959208665306,111.0,66,2025-11-18 17:48:43+00:00,411.18805555555554,266.5,1.0328767123287672
2025-12-05 21:00:00+00:00,2026-12-18 00:00:00+00:00,MSFT,MSFT261218C00230000,call,True,230.0,259.5,264.0,255.0,480.8399963378906,0.56290109954834,0.03539610022899104,0.007070959208665306,3.0,54,2025-11-21 17:37:19+00:00,339.37805555555553,261.75,1.0328767123287672
2025-12-05 21:00:00+00:00,2026-12-18 00:00:00+00:00,MSFT,MSFT261218C00235000,call,True,235.0,280.7,284.8,282.9,480.8399963378906,0.8862926409912109,0.03539610022899104,0.007070959208665306,2.0,12,2025-07-11 18:03:07+00:00,3530.9480555555556,282.75,1.0328767123287672
2025-12-05 21:00:00+00:00,2026-12-18 00:00:00+00:00,MSFT,MSFT261218C00240000,call,True,240.0,250.0,255.0,247.6,480.8399963378906,0.5481917739868166,0.03539610022899104,0.007070959208665306,1.0,126,2025-12-04 16:00:29+00:00,28.991944444444446,252.5,1.0328767123287672
2025-12-05 21:00:00+00:00,2026-12-18 00:00:00+00:00,MSFT,MSFT261218C00245000,call,True,245.0,245.5,250.0,243.14,480.8399963378906,0.5387314193725586,0.03539610022899104,0.007070959208665306,1.0,43,2025-12-04 16:22:15+00:00,28.629166666666666,247.75,1.0328767123287672
2025-12-05 21:00:00+00:00,2026-12-18 00:00:00+00:00,MSFT,MSFT261218C00250000,call,True,250.0,241.0,245.5,252.2,480.8399963378906,0.53320779296875,0.03539610022899104,0.007070959208665306,1.0,47,2025-11-18 18:39:18+00:00,410.345,243.25,1.0328767123287672
2025-12-05 21:00:00+00:00,2026-12-18 00:00:00+00:00,MSFT,MSFT261218C00255000,call,True,255.0,236.0,241.0,263.49,480.8399963378906,0.5238084729003907,0.03539610022899104,0.007070959208665306,13.0,23,2025-11-14 18:30:22+00:00,506.4938888888889,238.5,1.0328767123287672
2025-12-05 21:00:00+00:00,2026-12-18 00:00:00+00:00,MSFT,MSFT261218C00260000,call,True,260.0,231.5,236.5,230.2,480.8399963378906,0.5180407083129883,0.03539610022899104,0.007070959208665306,2.0,216,2025-12-04 18:22:14+00:00,26.629444444444445,234.0,1.0328767123287672
2025-12-05 21:00:00+00:00,2026-12-18 00:00:00+00:00,MSFT,MSFT261218C00265000,call,True,265.0,227.0,231.5,258.47,480.8399963378906,0.5086719055175781,0.03539610022899104,0.007070959208665306,9.0,49,2025-11-04 19:37:14+00:00,745.3794444444444,229.25,1.0328767123287672
2025-12-05 21:00:00+00:00,2026-12-18 00:00:00+00:00,MSFT,MSFT261218C00270000,call,True,270.0,222.5,227.0,224.01,480.8399963378906,0.5027515545654297,0.03539610022899104,0.007070959208665306,1.0,59,2025-12-05 20:47:15+00:00,0.2125,224.75,1.0328767123287672
2025-12-05 21:00:00+00:00,2026-12-18 00:00:00+00:00,MSFT,MSFT261218C00275000,call,True,275.0,218.0,222.5,212.66,480.8399963378906,0.5249070947265625,0.03539610022899104,0.007070959208665306,2.0,32,2025-11-24 18:45:18+00:00,266.245,220.25,1.0328767123287672
2025-12-05 21:00:00+00:00,2026-12-18 00:00:00+00:00,MSFT,MSFT261218C00280000,call,True,280.0,213.0,217.0,224.0,480.8399963378906,0.50586431640625,0.03539610022899104,0.007070959208665306,3.0,111,2025-11-28 15:40:55+00:00,173.31805555555556,215.0,1.0328767123287672
2025-12-05 21:00:00+00:00,2026-12-18 00:00:00+00:00,MSFT,MSFT261218C00285000,call,True,285.0,243.0,247.5,223.05,480.8399963378906,0.8175524836730956,0.03539610022899104,0.007070959208665306,75.0,213,2025-09-05 19:47:26+00:00,2185.2094444444447,245.25,1.0328767123287672
2025-12-05 21:00:00+00:00,2026-12-18 00:00:00+00:00,MSFT,MSFT261218C00290000,call,True,290.0,204.0,209.0,199.78,480.8399963378906,0.5034229345703125,0.03539610022899104,0.007070959208665306,1.0,149,2025-12-03 15:10:43+00:00,53.82138888888889,206.5,1.0328767123287672
2025-12-05 21:00:00+00:00,2026-12-18 00:00:00+00:00,MSFT,MSFT261218C00295000,call,True,295.0,200.0,204.5,210.5,480.8399963378906,0.4961598236083985,0.03539610022899104,0.007070959208665306,1.0,141,2025-12-02 16:17:14+00:00,76.71277777777777,202.25,1.0328767123287672
2025-12-05 21:00:00+00:00,2026-12-18 00:00:00+00:00,MSFT,MSFT261218C00300000,call,True,300.0,195.5,200.0,192.5,480.8399963378906,0.48883567810058604,0.03539610022899104,0.007070959208665306,4.0,458,2025-12-04 14:51:50+00:00,30.136111111111113,197.75,1.0328767123287672
2025-12-05 21:00:00+00:00,2026-12-18 00:00:00+00:00,MSFT,MSFT261218C00305000,call,True,305.0,191.0,195.5,233.0,480.8399963378906,0.481450498046875,0.03539610022899104,0.007070959208665306,1.0,27,2025-11-03 14:32:41+00:00,774.4552777777777,193.25,1.0328767123287672
2025-12-05 21:00:00+00:00,2026-12-18 00:00:00+00:00,MSFT,MSFT261218C00310000,call,True,310.0,186.5,191.0,191.19,480.8399963378906,0.47403480072021487,0.03539610022899104,0.007070959208665306,4.0,27,2025-11-26 15:43:19+00:00,221.27805555555557,188.75,1.0328767123287672
2025-12-05 21:00:00+00:00,2026-12-18 00:00:00+00:00,MSFT,MSFT261218C00315000,call,True,315.0,182.0,187.0,207.75,480.8399963378906,0.47141031524658206,0.03539610022899104,0.007070959208665306,1.0,33,2025-11-10 19:52:11+00:00,601.1302777777778,184.5,1.0328767123287672
2025-12-05 21:00:00+00:00,2026-12-18 00:00:00+00:00,MSFT,MSFT261218C00320000,call,True,320.0,179.0,180.85,187.55,480.8399963378906,0.4480646014404296,0.03539610022899104,0.007070959208665306,1.0,67,2025-12-02 17:55:52+00:00,75.06888888888889,179.925,1.0328767123287672
2025-12-05 21:00:00+00:00,2026-12-18 00:00:00+00:00,MSFT,MSFT261218C00325000,call,True,325.0,174.7,176.55,185.25,480.8399963378906,0.44266304412841795,0.03539610022899104,0.007070959208665306,69.0,132,2025-11-28 17:33:16+00:00,171.44555555555556,175.625,1.0328767123287672
2025-12-05 21:00:00+00:00,2026-12-18 00:00:00+00:00,MSFT,MSFT261218C00330000,call,True,330.0,170.4,172.2,168.05,480.8399963378906,0.4366663999938965,0.03539610022899104,0.007070959208665306,1.0,112,2025-12-04 14:30:03+00:00,30.499166666666667,171.3,1.0328767123287672
2025-12-05 21:00:00+00:00,2026-12-18 00:00:00+00:00,MSFT,MSFT261218C00335000,call,True,335.0,192.2,195.2,193.56,480.8399963378906,0.6379583323669433,0.03539610022899104,0.007070959208665306,1.0,96,2025-10-14 14:49:45+00:00,1254.1708333333333,193.7,1.0328767123287672
2025-12-05 21:00:00+00:00,2026-12-18 00:00:00+00:00,MSFT,MSFT261218C00340000,call,True,340.0,161.9,163.65,157.0,480.8399963378906,0.4256038885498047,0.03539610022899104,0.007070959208665306,2.0,137,2025-12-04 18:10:17+00:00,26.828611111111112,162.775,1.0328767123287672
2025-12-05 21:00:00+00:00,2026-12-18 00:00:00+00:00,MSFT,MSFT261218C00345000,call,True,345.0,157.7,159.45,156.0,480.8399963378906,0.4205075039672852,0.03539610022899104,0.007070959208665306,1.0,2875,2025-12-03 15:33:03+00:00,53.44916666666666,158.575,1.0328767123287672
2025-12-05 21:00:00+00:00,2026-12-18 00:00:00+00:00,MSFT,MSFT261218C00350000,call,True,350.0,153.5,155.25,151.4,480.8399963378906,0.41522801574707036,0.03539610022899104,0.007070959208665306,1.0,2457,2025-12-04 20:19:11+00:00,24.68027777777778,154.375,1.0328767123287672
2025-12-05 21:00:00+00:00,2026-12-18 00:00:00+00:00,MSFT,MSFT261218C00355000,call,True,355.0,149.4,151.1,157.0,480.8399963378906,0.4101926657104492,0.03539610022899104,0.007070959208665306,2.0,154,2025-12-02 18:11:42+00:00,74.805,150.25,1.0328767123287672
2025-12-05 21:00:00+00:00,2026-12-18 00:00:00+00:00,MSFT,MSFT261218C00360000,call,True,360.0,145.35,147.0,146.2,480.8399963378906,0.40537093658447265,0.03539610022899104,0.007070959208665306,2.0,8201,2025-12-05 15:35:25+00:00,5.409722222222222,146.175,1.0328767123287672
2025-12-05 21:00:00+00:00,2026-12-18 00:00:00+00:00,MSFT,MSFT261218C00365000,call,True,365.0,141.3,142.95,135.88,480.8399963378906,0.400747569732666,0.03539610022899104,0.007070959208665306,4.0,1143,2025-12-03 14:53:14+00:00,54.11277777777778,142.125,1.0328767123287672
2025-12-05 21:00:00+00:00,2026-12-18 00:00:00+00:00,MSFT,MSFT261218C00370000,call,True,370.0,137.3,138.9,133.2,480.8399963378906,0.3959258406066895,0.03539610022899104,0.007070959208665306,1.0,1176,2025-12-04 14:42:25+00:00,30.293055555555554,138.10000000000002,1.0328767123287672
2025-12-05 21:00:00+00:00,2026-12-18 00:00:00+00:00,MSFT,MSFT261218C00375000,call,True,375.0,133.35,134.95,133.0,480.8399963378906,0.3916534223937988,0.03539610022899104,0.007070959208665306,5.0,4398,2025-12-03 15:55:22+00:00,53.077222222222225,134.14999999999998,1.0328767123287672
2025-12-05 21:00:00+00:00,2026-12-18 00:00:00+00:00,MSFT,MSFT261218C00380000,call,True,380.0,129.45,131.05,126.2,480.8399963378906,0.3875183319091796,0.03539610022899104,0.007070959208665306,1.0,4618,2025-12-04 18:07:17+00:00,26.878611111111113,130.25,1.0328767123287672
2025-12-05 21:00:00+00:00,2026-12-18 00:00:00+00:00,MSFT,MSFT261218C00385000,call,True,385.0,125.6,127.2,122.0,480.8399963378906,0.38350531051635744,0.03539610022899104,0.007070959208665306,2.0,1898,2025-12-03 15:21:02+00:00,53.64944444444444,126.4,1.0328767123287672
2025-12-05 21:00:00+00:00,2026-12-18 00:00:00+00:00,MSFT,MSFT261218C00390000,call,True,390.0,121.8,123.35,118.96,480.8399963378906,0.37926340957641597,0.03539610022899104,0.007070959208665306,1.0,675,2025-12-04 18:57:05+00:00,26.04861111111111,122.57499999999999,1.0328767123287672
2025-12-05 21:00:00+00:00,2026-12-18 00:00:00+00:00,MSFT,MSFT261218C00395000,call,True,395.0,118.0,119.6,115.1,480.8399963378906,0.3754792677307129,0.03539610022899104,0.007070959208665306,3.0,727,2025-12-04 18:22:17+00:00,26.628611111111113,118.8,1.0328767123287672
2025-12-05 21:00:00+00:00,2026-12-18 00:00:00+00:00,MSFT,MSFT261218C00400000,call,True,400.0,114.35,115.9,114.28,480.8399963378906,0.37177141906738287,0.03539610022899104,0.007070959208665306,6.0,2427,2025-12-05 20:36:56+00:00,0.3844444444444444,115.125,1.0328767123287672
2025-12-05 21:00:00+00:00,2026-12-18 00:00:00+00:00,MSFT,MSFT261218C00405000,call,True,405.0,110.75,112.25,111.5,480.8399963378906,0.3681398635864258,0.03539610022899104,0.007070959208665306,11.0,1545,2025-12-05 18:29:12+00:00,2.513333333333333,111.5,1.0328767123287672
2025-12-05 21:00:00+00:00,2026-12-18 00:00:00+00:00,MSFT,MSFT261218C00410000,call,True,410.0,107.15,108.65,106.8,480.8399963378906,0.3645846012878418,0.03539610022899104,0.007070959208665306,3.0,1500,2025-12-05 19:17:07+00:00,1.7147222222222223,107.9,1.0328767123287672
2025-12-05 21:00:00+00:00,2026-12-18 00:00:00+00:00,MSFT,MSFT261218C00415000,call,True,415.0,103.6,104.95,103.28,480.8399963378906,0.3601748553466796,0.03539610022899104,0.007070959208665306,1.0,704,2025-12-05 19:52:00+00:00,1.1333333333333333,104.275,1.0328767123287672
2025-12-05 21:00:00+00:00,2026-12-18 00:00:00+00:00,MSFT,MSFT261218C00420000,call,True,420.0,100.1,101.65,96.73,480.8399963378906,0.3579318357849121,0.03539610022899104,0.007070959208665306,1.0,1418,2025-12-04 19:21:49+00:00,25.636388888888888,100.875,1.0328767123287672
2025-12-05 21:00:00+00:00,2026-12-18 00:00:00+00:00,MSFT,MSFT261218C00425000,call,True,425.0,96.8,98.05,97.0,480.8399963378906,0.3536289002990722,0.03539610022899104,0.007070959208665306,5.0,483,2025-12-05 19:05:17+00:00,1.9119444444444444,97.425,1.0328767123287672
2025-12-05 21:00:00+00:00,2026-12-18 00:00:00+00:00,MSFT,MSFT261218C00430000,call,True,430.0,93.4,94.9,90.13,480.8399963378906,0.35170631210327147,0.03539610022899104,0.007070959208665306,4.0,1119,2025-12-04 19:22:45+00:00,25.620833333333334,94.15,1.0328767123287672
2025-12-05 21:00:00+00:00,2026-12-18 00:00:00+00:00,MSFT,MSFT261218C00435000,call,True,435.0,90.2,91.6,94.0,480.8399963378906,0.3486240675354004,0.03539610022899104,0.007070959208665306,1.0,316,2025-12-01 14:50:39+00:00,102.15583333333333,90.9,1.0328767123287672
2025-12-05 21:00:00+00:00,2026-12-18 00:00:00+00:00,MSFT,MSFT261218C00440000,call,True,440.0,87.25,88.4,87.25,480.8399963378906,0.3458317370605468,0.03539610022899104,0.007070959208665306,1.0,520,2025-12-04 20:45:13+00:00,24.246388888888887,87.825,1.0328767123287672
2025-12-05 21:00:00+00:00,2026-12-18 00:00:00+00:00,MSFT,MSFT261218C00445000,call,True,445.0,84.05,85.25,83.3,480.8399963378906,0.3430394065856933,0.03539610022899104,0.007070959208665306,1.0,430,2025-12-05 20:48:38+00:00,0.18944444444444444,84.65,1.0328767123287672
2025-12-05 21:00:00+00:00,2026-12-18 00:00:00+00:00,MSFT,MSFT261218C00450000,call,True,450.0,81.05,82.2,80.65,480.8399963378906,0.34052173156738286,0.03539610022899104,0.007070959208665306,16.0,1041,2025-12-05 19:10:42+00:00,1.8216666666666668,81.625,1.0328767123287672
2025-12-05 21:00:00+00:00,2026-12-18 00:00:00+00:00,MSFT,MSFT261218C00455000,call,True,455.0,78.05,79.05,77.35,480.8399963378906,0.3371800901794434,0.03539610022899104,0.007070959208665306,2.0,389,2025-12-05 18:32:30+00:00,2.4583333333333335,78.55,1.0328767123287672
2025-12-05 21:00:00+00:00,2026-12-18 00:00:00+00:00,MSFT,MSFT261218C00460000,call,True,460.0,75.1,76.25,75.05,480.8399963378906,0.33543297630310054,0.03539610022899104,0.007070959208665306,2.0,446,2025-12-04 18:28:37+00:00,26.523055555555555,75.675,1.0328767123287672
2025-12-05 21:00:00+00:00,2026-12-18 00:00:00+00:00,MSFT,MSFT261218C00465000,call,True,465.0,72.25,73.2,71.95,480.8399963378906,0.33206844696044924,0.03539610022899104,0.007070959208665306,3.0,378,2025-12-05 20:00:28+00:00,0.9922222222222222,72.725,1.0328767123287672
2025-12-05 21:00:00+00:00,2026-12-18 00:00:00+00:00,MSFT,MSFT261218C00470000,call,True,470.0,69.45,70.4,68.0,480.8399963378906,0.3297415048980713,0.03539610022899104,0.007070959208665306,4.0,1184,2025-12-05 16:27:48+00:00,4.536666666666667,69.92500000000001,1.0328767123287672
2025-12-05 21:00:00+00:00,2026-12-18 00:00:00+00:00,MSFT,MSFT261218C00475000,call,True,475.0,66.95,67.75,66.4,480.8399963378906,0.3279028392028808,0.03539610022899104,0.007070959208665306,3.0,2179,2025-12-05 16:19:20+00:00,4.677777777777778,67.35,1.0328767123287672
2025-12-05 21:00:00+00:00,2026-12-18 00:00:00+00:00,MSFT,MSFT261218C00480000,call,True,480.0,64.1,65.05,63.4,480.8399963378906,0.3255148625946044,0.03539610022899104,0.007070959208665306,23.0,2492,2025-12-05 19:47:04+00:00,1.2155555555555555,64.57499999999999,1.0328767123287672
2025-12-05 21:00:00+00:00,2026-12-18 00:00:00+00:00,MSFT,MSFT261218C00485000,call,False,485.0,61.75,62.25,61.6,480.8399963378906,0.3223181782531737,0.03539610022899104,0.007070959208665306,29.0,162,2025-12-05 17:48:37+00:00,3.189722222222222,62.0,1.0328767123287672
2025-12-05 21:00:00+00:00,2026-12-18 00:00:00+00:00,MSFT,MSFT261218C00490000,call,False,490.0,58.15,59.75,59.0,480.8399963378906,0.3203727021026611,0.03539610022899104,0.007070959208665306,15.0,482,2025-12-05 20:38:37+00:00,0.35638888888888887,58.95,1.0328767123287672
2025-12-05 21:00:00+00:00,2026-12-18 00:00:00+00:00,MSFT,MSFT261218C00495000,call,False,495.0,56.85,57.3,56.6,480.8399963378906,0.31838145004272456,0.03539610022899104,0.007070959208665306,1.0,1682,2025-12-05 15:49:15+00:00,5.179166666666666,57.075,1.0328767123287672
2025-12-05 21:00:00+00:00,2026-12-18 00:00:00+00:00,MSFT,MSFT261218C00500000,call,False,500.0,53.5,54.9,54.7,480.8399963378906,0.3163596807098388,0.03539610022899104,0.007070959208665306,47.0,4011,2025-12-05 20:59:51+00:00,0.0025,54.2,1.0328767123287672
2025-12-05 21:00:00+00:00,2026-12-18 00:00:00+00:00,MSFT,MSFT261218C00505000,call,False,505.0,52.2,52.6,50.58,480.8399963378906,0.3145439029693603,0.03539610022899104,0.007070959208665306,4.0,528,2025-12-04 20:02:13+00:00,24.963055555555556,52.400000000000006,1.0328767123287672
2025-12-05 21:00:00+00:00,2026-12-18 00:00:00+00:00,MSFT,MSFT261218C00510000,call,False,510.0,49.95,50.35,48.52,480.8399963378906,0.31268234931945804,0.03539610022899104,0.007070959208665306,2.0,537,2025-12-04 20:09:36+00:00,24.84,50.150000000000006,1.0328767123287672
2025-12-05 21:00:00+00:00,2026-12-18 00:00:00+00:00,MSFT,MSFT261218C00515000,call,False,515.0,47.8,48.2,46.36,480.8399963378906,0.3110420458984374,0.03539610022899104,0.007070959208665306,10.0,1296,2025-12-04 20:09:34+00:00,24.840555555555557,48.0,1.0328767123287672
2025-12-05 21:00:00+00:00,2026-12-18 00:00:00+00:00,MSFT,MSFT261218C00520000,call,False,520.0,45.7,46.1,45.8,480.8399963378906,0.30934833724975586,0.03539610022899104,0.007070959208665306,7.0,1681,2025-12-05 20:10:44+00:00,0.8211111111111111,45.900000000000006,1.0328767123287672
2025-12-05 21:00:00+00:00,2026-12-18 00:00:00+00:00,MSFT,MSFT261218C00525000,call,False,525.0,42.75,44.1,43.24,480.8399963378906,0.30787587882995604,0.03539610022899104,0.007070959208665306,6.0,523,2025-12-05 19:03:52+00:00,1.9355555555555555,43.425,1.0328767123287672
2025-12-05 21:00:00+00:00,2026-12-18 00:00:00+00:00,MSFT,MSFT261218C00530000,call,False,530.0,41.75,42.15,41.23,480.8399963378906,0.306372903137207,0.03539610022899104,0.007070959208665306,9.0,1609,2025-12-05 19:25:35+00:00,1.573611111111111,41.95,1.0328767123287672
2025-12-05 21:00:00+00:00,2026-12-18 00:00:00+00:00,MSFT,MSFT261218C00535000,call,False,535.0,39.9,40.25,39.45,480.8399963378906,0.3048165222167969,0.03539610022899104,0.007070959208665306,6.0,731,2025-12-05 19:04:58+00:00,1.9172222222222222,40.075,1.0328767123287672
2025-12-05 21:00:00+00:00,2026-12-18 00:00:00+00:00,MSFT,MSFT261218C00540000,call,False,540.0,38.1,38.45,37.35,480.8399963378906,0.3035042794799804,0.03539610022899104,0.007070959208665306,3.0,853,2025-12-04 20:58:33+00:00,24.024166666666666,38.275000000000006,1.0328767123287672
2025-12-05 21:00:00+00:00,2026-12-18 00:00:00+00:00,MSFT,MSFT261218C00545000,call,False,545.0,36.35,36.7,35.52,480.8399963378906,0.30214626083374024,0.03539610022899104,0.007070959208665306,9.0,271,2025-12-03 18:10:05+00:00,50.831944444444446,36.525000000000006,1.0328767123287672
2025-12-05 21:00:00+00:00,2026-12-18 00:00:00+00:00,MSFT,MSFT261218C00550000,call,False,550.0,34.7,35.05,34.78,480.8399963378906,0.3010400096893311,0.03539610022899104,0.007070959208665306,39.0,3936,2025-12-05 20:58:03+00:00,0.0325,34.875,1.0328767123287672
2025-12-05 21:00:00+00:00,2026-12-18 00:00:00+00:00,MSFT,MSFT261218C00555000,call,False,555.0,33.05,33.4,31.49,480.8399963378906,0.29964384445190423,0.03539610022899104,0.007070959208665306,2.0,190,2025-12-04 15:39:25+00:00,29.343055555555555,33.224999999999994,1.0328767123287672
2025-12-05 21:00:00+00:00,2026-12-18 00:00:00+00:00,MSFT,MSFT261218C00560000,call,False,560.0,31.5,31.85,31.3,480.8399963378906,0.2984918173980713,0.03539610022899104,0.007070959208665306,23.0,1722,2025-12-05 19:15:00+00:00,1.75,31.675,1.0328767123287672
2025-12-05 21:00:00+00:00,2026-12-18 00:00:00+00:00,MSFT,MSFT261218C00565000,call,False,565.0,30.0,30.35,28.8,480.8399963378906,0.2973321610260009,0.03539610022899104,0.007070959208665306,5.0,185,2025-12-03 16:19:44+00:00,52.67111111111111,30.175,1.0328767123287672
2025-12-05 21:00:00+00:00,2026-12-18 00:00:00+00:00,MSFT,MSFT261218C00570000,call,False,570.0,28.6,28.95,28.19,480.8399963378906,0.29643953079223634,0.03539610022899104,0.007070959208665306,4.0,12468,2025-12-05 18:44:54+00:00,2.2516666666666665,28.775,1.0328767123287672
2025-12-05 21:00:00+00:00,2026-12-18 00:00:00+00:00,MSFT,MSFT261218C00575000,call,False,575.0,27.2,27.55,27.15,480.8399963378906,0.29526461578369134,0.03539610022899104,0.007070959208665306,5.0,325,2025-12-03 20:14:59+00:00,48.750277777777775,27.375,1.0328767123287672
2025-12-05 21:00:00+00:00,2026-12-18 00:00:00+00:00,MSFT,MSFT261218C00580000,call,False,580.0,25.9,26.25,24.85,480.8399963378906,0.2943872441864013,0.03539610022899104,0.007070959208665306,1.0,1225,2025-12-05 16:38:07+00:00,4.364722222222222,26.075,1.0328767123287672
2025-12-05 21:00:00+00:00,2026-12-18 00:00:00+00:00,MSFT,MSFT261218C00585000,call,False,585.0,24.65,25.0,23.64,480.8399963378906,0.2935251312255859,0.03539610022899104,0.007070959208665306,1.0,205,2025-12-04 19:08:35+00:00,25.856944444444444,24.825,1.0328767123287672
2025-12-05 21:00:00+00:00,2026-12-18 00:00:00+00:00,MSFT,MSFT261218C00590000,call,False,590.0,23.45,23.8,22.57,480.8399963378906,0.29267064758300776,0.03539610022899104,0.007070959208665306,18.0,685,2025-12-04 16:57:20+00:00,28.044444444444444,23.625,1.0328767123287672
2025-12-05 21:00:00+00:00,2026-12-18 00:00:00+00:00,MSFT,MSFT261218C00595000,call,False,595.0,22.3,22.65,21.4,480.8399963378906,0.29186193984985337,0.03539610022899104,0.007070959208665306,2.0,377,2025-12-03 16:19:45+00:00,52.670833333333334,22.475,1.0328767123287672
2025-12-05 21:00:00+00:00,2026-12-18 00:00:00+00:00,MSFT,MSFT261218C00600000,call,False,600.0,21.2,21.55,20.9,480.8399963378906,0.2910837493896483,0.03539610022899104,0.007070959208665306,9.0,1450,2025-12-05 18:55:10+00:00,2.0805555555555557,21.375,1.0328767123287672
2025-12-05 21:00:00+00:00,2026-12-18 00:00:00+00:00,MSFT,MSFT261218C00605000,call,False,605.0,20.15,20.5,19.19,480.8399963378906,0.2903513348388671,0.03539610022899104,0.007070959208665306,10.0,492,2025-12-05 16:29:23+00:00,4.510277777777778,20.325,1.0328767123287672
2025-12-05 21:00:00+00:00,2026-12-18 00:00:00+00:00,MSFT,MSFT261218C00610000,call,False,610.0,18.75,19.5,19.15,480.8399963378906,0.28967995483398434,0.03539610022899104,0.007070959208665306,11.0,237,2025-12-05 20:43:46+00:00,0.27055555555555555,19.125,1.0328767123287672
2025-12-05 21:00:00+00:00,2026-12-18 00:00:00+00:00,MSFT,MSFT261218C00615000,call,False,615.0,18.2,18.5,17.35,480.8399963378906,0.28874917800903316,0.03539610022899104,0.007070959208665306,1.0,154,2025-12-04 17:16:58+00:00,27.717222222222222,18.35,1.0328767123287672
2025-12-05 21:00:00+00:00,2026-12-18 00:00:00+00:00,MSFT,MSFT261218C00620000,call,False,620.0,17.3,17.6,16.75,480.8399963378906,0.2881998670959472,0.03539610022899104,0.007070959208665306,2.0,633,2025-12-03 16:10:35+00:00,52.82361111111111,17.450000000000003,1.0328767123287672
2025-12-05 21:00:00+00:00,2026-12-18 00:00:00+00:00,MSFT,MSFT261218C00625000,call,False,625.0,16.45,16.75,16.5,480.8399963378906,0.2877573666381835,0.03539610022899104,0.007070959208665306,16.0,150,2025-12-05 20:55:32+00:00,0.07444444444444444,16.6,1.0328767123287672
2025-12-05 21:00:00+00:00,2026-12-18 00:00:00+00:00,MSFT,MSFT261218C00630000,call,False,630.0,15.65,15.9,15.27,480.8399963378906,0.2870630986785888,0.03539610022899104,0.007070959208665306,3.0,2549,2025-12-05 17:56:34+00:00,3.0572222222222223,15.775,1.0328767123287672
2025-12-05 21:00:00+00:00,2026-12-18 00:00:00+00:00,MSFT,MSFT261218C00635000,call,False,635.0,14.85,15.15,14.7,480.8399963378906,0.28682658981323234,0.03539610022899104,0.007070959208665306,1.0,2620,2025-12-05 15:06:34+00:00,5.890555555555555,15.0,1.0328767123287672
2025-12-05 21:00:00+00:00,2026-12-18 00:00:00+00:00,MSFT,MSFT261218C00640000,call,False,640.0,14.15,14.4,13.5,480.8399963378906,0.28635357208251955,0.03539610022899104,0.007070959208665306,1.0,1287,2025-12-04 17:51:12+00:00,27.14666666666667,14.275,1.0328767123287672
2025-12-05 21:00:00+00:00,2026-12-18 00:00:00+00:00,MSFT,MSFT261218C00645000,call,False,645.0,13.45,13.7,12.9,480.8399963378906,0.28601788208007806,0.03539610022899104,0.007070959208665306,3.0,103,2025-12-03 16:50:34+00:00,52.157222222222224,13.575,1.0328767123287672
2025-12-05 21:00:00+00:00,2026-12-18 00:00:00+00:00,MSFT,MSFT261218C00650000,call,False,650.0,12.75,13.0,12.45,480.8399963378906,0.2854685711669921,0.03539610022899104,0.007070959208665306,2.0,419,2025-12-04 17:14:19+00:00,27.761388888888888,12.875,1.0328767123287672
2025-12-05 21:00:00+00:00,2026-12-18 00:00:00+00:00,MSFT,MSFT261218C00655000,call,False,655.0,12.1,12.35,11.62,480.8399963378906,0.28507184661865226,0.03539610022899104,0.007070959208665306,50.0,191,2025-12-04 17:51:36+00:00,27.14,12.225,1.0328767123287672
2025-12-05 21:00:00+00:00,2026-12-18 00:00:00+00:00,MSFT,MSFT261218C00660000,call,False,660.0,11.5,11.75,10.7,480.8399963378906,0.28482770843505856,0.03539610022899104,0.007070959208665306,1.0,382,2025-12-04 16:06:52+00:00,28.885555555555555,11.625,1.0328767123287672
2025-12-05 21:00:00+00:00,2026-12-18 00:00:00+00:00,MSFT,MSFT261218C00665000,call,False,665.0,10.95,11.2,10.64,480.8399963378906,0.2847819325256347,0.03539610022899104,0.007070959208665306,2.0,139,2025-12-04 18:28:50+00:00,26.519444444444446,11.075,1.0328767123287672
2025-12-05 21:00:00+00:00,2026-12-18 00:00:00+00:00,MSFT,MSFT261218C00670000,call,False,670.0,10.4,10.65,10.18,480.8399963378906,0.2845377943420409,0.03539610022899104,0.007070959208665306,1.0,84,2025-12-03 20:04:55+00:00,48.918055555555554,10.525,1.0328767123287672
2025-12-05 21:00:00+00:00,2026-12-18 00:00:00+00:00,MSFT,MSFT261218C00675000,call,False,675.0,9.9,10.1,9.9,480.8399963378906,0.28409529388427723,0.03539610022899104,0.007070959208665306,5.0,11865,2025-12-05 20:03:43+00:00,0.9380555555555555,10.0,1.0328767123287672
2025-12-05 21:00:00+00:00,2026-12-18 00:00:00+00:00,MSFT,MSFT261218C00680000,call,False,680.0,9.4,9.65,8.7,480.8399963378906,0.2842936561584472,0.03539610022899104,0.007070959208665306,4.0,227,2025-12-03 14:43:39+00:00,54.2725,9.525,1.0328767123287672
2025-12-05 21:00:00+00:00,2026-12-18 00:00:00+00:00,MSFT,MSFT261218C00685000,call,False,685.0,8.95,9.15,8.6,480.8399963378906,0.28388167297363276,0.03539610022899104,0.007070959208665306,35.0,55,2025-12-04 17:45:03+00:00,27.249166666666667,9.05,1.0328767123287672
2025-12-05 21:00:00+00:00,2026-12-18 00:00:00+00:00,MSFT,MSFT261218C00690000,call,False,690.0,8.5,8.75,7.3,480.8399963378906,0.2841715870666503,0.03539610022899104,0.007070959208665306,5.0,72,2025-11-24 14:30:23+00:00,270.49361111111114,8.625,1.0328767123287672
2025-12-05 21:00:00+00:00,2026-12-18 00:00:00+00:00,MSFT,MSFT261218C00695000,call,False,695.0,8.1,8.3,8.1,480.8399963378906,0.2838206384277343,0.03539610022899104,0.007070959208665306,5.0,1966,2025-12-05 20:05:01+00:00,0.9163888888888889,8.2,1.0328767123287672
2025-12-05 21:00:00+00:00,2026-12-18 00:00:00+00:00,MSFT,MSFT261218C00700000,call,False,700.0,7.7,7.9,7.5,480.8399963378906,0.28375960388183585,0.03539610022899104,0.007070959208665306,3.0,4448,2025-12-05 17:34:01+00:00,3.4330555555555557,7.800000000000001,1.0328767123287672
2025-12-05 21:00:00+00:00,2026-12-18 00:00:00+00:00,MSFT,MSFT261218C00720000,call,False,720.0,6.3,6.55,6.1,480.8399963378906,0.28433943206787105,0.03539610022899104,0.007070959208665306,50.0,205,2025-12-03 20:31:59+00:00,48.466944444444444,6.425,1.0328767123287672
2025-12-05 21:00:00+00:00,2026-12-18 00:00:00+00:00,MSFT,MSFT261218C00740000,call,False,740.0,5.2,5.4,5.26,480.8399963378906,0.2845530529785155,0.03539610022899104,0.007070959208665306,2.0,125,2025-12-03 15:07:52+00:00,53.86888888888889,5.300000000000001,1.0328767123287672
2025-12-05 21:00:00+00:00,2026-12-18 00:00:00+00:00,MSFT,MSFT261218C00760000,call,False,760.0,4.3,4.5,4.29,480.8399963378906,0.2854990884399413,0.03539610022899104,0.007070959208665306,4.0,70,2025-12-04 20:53:28+00:00,24.108888888888888,4.4,1.0328767123287672
2025-12-05 21:00:00+00:00,2026-12-18 00:00:00+00:00,MSFT,MSFT261218C00780000,call,False,780.0,3.55,3.75,3.45,480.8399963378906,0.2863840893554687,0.03539610022899104,0.007070959208665306,17.0,50,2025-12-04 14:52:44+00:00,30.121111111111112,3.65,1.0328767123287672
2025-12-05 21:00:00+00:00,2026-12-18 00:00:00+00:00,MSFT,MSFT261218C00800000,call,False,800.0,2.25,3.5,2.97,480.8399963378906,0.2936472003173828,0.03539610022899104,0.007070959208665306,103.0,698,2025-12-05 20:21:51+00:00,0.6358333333333334,2.875,1.0328767123287672
2025-12-05 21:00:00+00:00,2026-12-18 00:00:00+00:00,MSFT,MSFT261218P00175000,put,False,175.0,0.25,0.37,0.35,480.8399963378906,0.42139250488281255,0.03539610022899104,0.007070959208665306,4.0,346,2025-12-04 18:27:17+00:00,26.545277777777777,0.31,1.0328767123287672
2025-12-05 21:00:00+00:00,2026-12-18 00:00:00+00:00,MSFT,MSFT261218P00180000,put,False,180.0,0.29,0.41,0.52,480.8399963378906,0.4157773266601562,0.03539610022899104,0.007070959208665306,2.0,44,2025-11-21 18:02:36+00:00,338.95666666666665,0.35,1.0328767123287672
2025-12-05 21:00:00+00:00,2026-12-18 00:00:00+00:00,MSFT,MSFT261218P00185000,put,False,185.0,0.34,0.46,0.45,480.8399963378906,0.41089456298828125,0.03539610022899104,0.007070959208665306,2.0,912,2025-12-01 16:28:17+00:00,100.5286111111111,0.4,1.0328767123287672
2025-12-05 21:00:00+00:00,2026-12-18 00:00:00+00:00,MSFT,MSFT261218P00190000,put,False,190.0,0.39,0.51,0.54,480.8399963378906,0.4057676611328125,0.03539610022899104,0.007070959208665306,9.0,289,2025-11-26 19:49:36+00:00,217.17333333333335,0.45,1.0328767123287672
2025-12-05 21:00:00+00:00,2026-12-18 00:00:00+00:00,MSFT,MSFT261218P00195000,put,False,195.0,0.46,0.57,0.53,480.8399963378906,0.40112903564453123,0.03539610022899104,0.007070959208665306,1.0,81,2025-11-28 14:47:03+00:00,174.21583333333334,0.515,1.0328767123287672
2025-12-05 21:00:00+00:00,2026-12-18 00:00:00+00:00,MSFT,MSFT261218P00200000,put,False,200.0,0.52,0.63,0.6,480.8399963378906,0.39624627197265627,0.03539610022899104,0.007070959208665306,4.0,190,2025-12-03 20:54:58+00:00,48.083888888888886,0.575,1.0328767123287672
2025-12-05 21:00:00+00:00,2026-12-18 00:00:00+00:00,MSFT,MSFT261218P00205000,put,False,205.0,0.38,0.7,0.7,480.8399963378906,0.39172971557617187,0.03539610022899104,0.007070959208665306,13.0,85,2025-11-26 19:49:36+00:00,217.17333333333335,0.54,1.0328767123287672
2025-12-05 21:00:00+00:00,2026-12-18 00:00:00+00:00,MSFT,MSFT261218P00210000,put,False,210.0,0.66,0.79,1.0,480.8399963378906,0.38843385009765624,0.03539610022899104,0.007070959208665306,2.0,243,2025-11-20 19:38:25+00:00,361.3597222222222,0.7250000000000001,1.0328767123287672
2025-12-05 21:00:00+00:00,2026-12-18 00:00:00+00:00,MSFT,MSFT261218P00215000,put,False,215.0,0.55,1.07,1.1,480.8399963378906,0.3961242028808594,0.03539610022899104,0.007070959208665306,5.0,72,2025-11-24 15:39:05+00:00,269.3486111111111,0.81,1.0328767123287672
2025-12-05 21:00:00+00:00,2026-12-18 00:00:00+00:00,MSFT,MSFT261218P00220000,put,False,220.0,0.84,1.16,0.97,480.8399963378906,0.39087523193359375,0.03539610022899104,0.007070959208665306,1.0,160,2025-12-03 20:54:58+00:00,48.083888888888886,1.0,1.0328767123287672
2025-12-05 21:00:00+00:00,2026-12-18 00:00:00+00:00,MSFT,MSFT261218P00225000,put,False,225.0,0.73,1.1,1.14,480.8399963378906,0.37756970092773434,0.03539610022899104,0.007070959208665306,4.0,70,2025-11-26 19:48:56+00:00,217.18444444444444,0.915,1.0328767123287672
2025-12-05 21:00:00+00:00,2026-12-18 00:00:00+00:00,MSFT,MSFT261218P00230000,put,False,230.0,1.04,1.2,1.24,480.8399963378906,0.37293107543945314,0.03539610022899104,0.007070959208665306,6.0,440,2025-11-26 20:32:06+00:00,216.465,1.12,1.0328767123287672
2025-12-05 21:00:00+00:00,2026-12-18 00:00:00+00:00,MSFT,MSFT261218P00235000,put,False,235.0,1.18,1.7,1.24,480.8399963378906,0.3853821228027343,0.03539610022899104,0.007070959208665306,2.0,55,2025-12-02 17:59:33+00:00,75.0075,1.44,1.0328767123287672
2025-12-05 21:00:00+00:00,2026-12-18 00:00:00+00:00,MSFT,MSFT261218P00240000,put,False,240.0,1.3,1.84,1.54,480.8399963378906,0.38068246276855466,0.03539610022899104,0.007070959208665306,18.0,132,2025-11-26 19:48:45+00:00,217.1875,1.57,1.0328767123287672
2025-12-05 21:00:00+00:00,2026-12-18 00:00:00+00:00,MSFT,MSFT261218P00245000,put,False,245.0,1.07,1.78,1.64,480.8399963378906,0.36853658813476564,0.03539610022899104,0.007070959208665306,3.0,92,2025-11-26 19:48:45+00:00,217.1875,1.425,1.0328767123287672
2025-12-05 21:00:00+00:00,2026-12-18 00:00:00+00:00,MSFT,MSFT261218P00250000,put,False,250.0,1.62,1.94,1.79,480.8399963378906,0.3645083081054688,0.03539610022899104,0.007070959208665306,1.0,216,2025-12-03 18:27:25+00:00,50.543055555555554,1.78,1.0328767123287672
2025-12-05 21:00:00+00:00,2026-12-18 00:00:00+00:00,MSFT,MSFT261218P00255000,put,False,255.0,1.6,2.12,1.92,480.8399963378906,0.360785200805664,0.03539610022899104,0.007070959208665306,1.0,99,2025-12-03 20:12:24+00:00,48.79333333333334,1.86,1.0328767123287672
2025-12-05 21:00:00+00:00,2026-12-18 00:00:00+00:00,MSFT,MSFT261218P00260000,put,False,260.0,1.78,2.3,2.26,480.8399963378906,0.3567569207763671,0.03539610022899104,0.007070959208665306,1.0,450,2025-12-03 15:32:53+00:00,53.45194444444444,2.04,1.0328767123287672
2025-12-05 21:00:00+00:00,2026-12-18 00:00:00+00:00,MSFT,MSFT261218P00265000,put,False,265.0,2.18,2.51,2.23,480.8399963378906,0.3532779516601562,0.03539610022899104,0.007070959208665306,1.0,200,2025-11-07 14:57:56+00:00,678.0344444444445,2.3449999999999998,1.0328767123287672
2025-12-05 21:00:00+00:00,2026-12-18 00:00:00+00:00,MSFT,MSFT261218P00270000,put,False,270.0,2.4,2.73,2.35,480.8399963378906,0.34967691345214835,0.03539610022899104,0.007070959208665306,10.0,121,2025-11-20 15:18:21+00:00,365.69416666666666,2.565,1.0328767123287672
2025-12-05 21:00:00+00:00,2026-12-18 00:00:00+00:00,MSFT,MSFT261218P00275000,put,False,275.0,2.64,2.96,3.15,480.8399963378906,0.3459538061523437,0.03539610022899104,0.007070959208665306,1.0,190,2025-12-03 14:42:03+00:00,54.299166666666665,2.8,1.0328767123287672
2025-12-05 21:00:00+00:00,2026-12-18 00:00:00+00:00,MSFT,MSFT261218P00280000,put,False,280.0,2.89,3.05,3.12,480.8399963378906,0.3386601779174804,0.03539610022899104,0.007070959208665306,1.0,255,2025-12-05 16:38:07+00:00,4.364722222222222,2.9699999999999998,1.0328767123287672
2025-12-05 21:00:00+00:00,2026-12-18 00:00:00+00:00,MSFT,MSFT261218P00285000,put,False,285.0,2.43,3.4,3.48,480.8399963378906,0.3372258660888672,0.03539610022899104,0.007070959208665306,1.0,161,2025-12-03 15:31:51+00:00,53.469166666666666,2.915,1.0328767123287672
2025-12-05 21:00:00+00:00,2026-12-18 00:00:00+00:00,MSFT,MSFT261218P00290000,put,False,290.0,2.89,3.7,4.26,480.8399963378906,0.3341436215209961,0.03539610022899104,0.007070959208665306,2.0,137,2025-11-25 16:16:29+00:00,244.7252777777778,3.295,1.0328767123287672
2025-12-05 21:00:00+00:00,2026-12-18 00:00:00+00:00,MSFT,MSFT261218P00295000,put,False,295.0,2.77,4.0,3.63,480.8399963378906,0.3306951696777344,0.03539610022899104,0.007070959208665306,3.0,135,2025-12-02 19:24:43+00:00,73.58805555555556,3.385,1.0328767123287672
2025-12-05 21:00:00+00:00,2026-12-18 00:00:00+00:00,MSFT,MSFT261218P00300000,put,False,300.0,4.1,4.35,4.55,480.8399963378906,0.32782654602050776,0.03539610022899104,0.007070959208665306,1.0,507,2025-12-04 18:05:28+00:00,26.90888888888889,4.225,1.0328767123287672
2025-12-05 21:00:00+00:00,2026-12-18 00:00:00+00:00,MSFT,MSFT261218P00305000,put,False,305.0,4.45,4.7,4.54,480.8399963378906,0.3245611978149413,0.03539610022899104,0.007070959208665306,1.0,596,2025-11-20 16:15:42+00:00,364.73833333333334,4.575,1.0328767123287672
2025-12-05 21:00:00+00:00,2026-12-18 00:00:00+00:00,MSFT,MSFT261218P00310000,put,False,310.0,4.8,5.1,5.3,480.8399963378906,0.3217841259765625,0.03539610022899104,0.007070959208665306,2.0,296,2025-12-03 15:04:08+00:00,53.931111111111115,4.949999999999999,1.0328767123287672
2025-12-05 21:00:00+00:00,2026-12-18 00:00:00+00:00,MSFT,MSFT261218P00315000,put,False,315.0,5.2,6.45,6.1,480.8399963378906,0.33257198196411136,0.03539610022899104,0.007070959208665306,1.0,381,2025-11-24 18:13:38+00:00,266.7727777777778,5.825,1.0328767123287672
2025-12-05 21:00:00+00:00,2026-12-18 00:00:00+00:00,MSFT,MSFT261218P00320000,put,False,320.0,5.7,5.9,5.9,480.8399963378906,0.31510084320068354,0.03539610022899104,0.007070959208665306,36.0,619,2025-12-03 19:01:42+00:00,49.971666666666664,5.800000000000001,1.0328767123287672
2025-12-05 21:00:00+00:00,2026-12-18 00:00:00+00:00,MSFT,MSFT261218P00325000,put,False,325.0,6.15,6.4,6.11,480.8399963378906,0.3126747200012207,0.03539610022899104,0.007070959208665306,2.0,542,2025-11-28 15:37:42+00:00,173.37166666666667,6.275,1.0328767123287672
2025-12-05 21:00:00+00:00,2026-12-18 00:00:00+00:00,MSFT,MSFT261218P00330000,put,False,330.0,5.65,7.85,7.48,480.8399963378906,0.3217993846130371,0.03539610022899104,0.007070959208665306,3.0,285,2025-12-03 14:54:10+00:00,54.09722222222222,6.75,1.0328767123287672
2025-12-05 21:00:00+00:00,2026-12-18 00:00:00+00:00,MSFT,MSFT261218P00335000,put,False,335.0,7.15,7.8,8.03,480.8399963378906,0.3114998049926757,0.03539610022899104,0.007070959208665306,3.0,477,2025-12-03 14:54:10+00:00,54.09722222222222,7.475,1.0328767123287672
2025-12-05 21:00:00+00:00,2026-12-18 00:00:00+00:00,MSFT,MSFT261218P00340000,put,False,340.0,7.75,7.95,7.76,480.8399963378906,0.30368738311767574,0.03539610022899104,0.007070959208665306,3.0,1020,2025-12-03 17:59:31+00:00,51.00805555555556,7.85,1.0328767123287672
2025-12-05 21:00:00+00:00,2026-12-18 00:00:00+00:00,MSFT,MSFT261218P00345000,put,False,345.0,8.35,8.55,9.0,480.8399963378906,0.30097134582519536,0.03539610022899104,0.007070959208665306,1.0,574,2025-12-05 14:45:03+00:00,6.2491666666666665,8.45,1.0328767123287672
2025-12-05 21:00:00+00:00,2026-12-18 00:00:00+00:00,MSFT,MSFT261218P00350000,put,False,350.0,9.0,9.2,9.81,480.8399963378906,0.2984078948974609,0.03539610022899104,0.007070959208665306,2.0,1900,2025-12-04 18:07:23+00:00,26.876944444444444,9.1,1.0328767123287672
2025-12-05 21:00:00+00:00,2026-12-18 00:00:00+00:00,MSFT,MSFT261218P00355000,put,False,355.0,9.7,9.9,9.85,480.8399963378906,0.29598177169799805,0.03539610022899104,0.007070959208665306,2.0,184,2025-12-05 20:01:13+00:00,0.9797222222222223,9.8,1.0328767123287672
2025-12-05 21:00:00+00:00,2026-12-18 00:00:00+00:00,MSFT,MSFT261218P00360000,put,False,360.0,10.4,10.65,10.67,480.8399963378906,0.2936624589538574,0.03539610022899104,0.007070959208665306,6.0,956,2025-12-05 20:14:15+00:00,0.7625,10.525,1.0328767123287672
2025-12-05 21:00:00+00:00,2026-12-18 00:00:00+00:00,MSFT,MSFT261218P00365000,put,False,365.0,11.15,11.4,11.9,480.8399963378906,0.2909616802978515,0.03539610022899104,0.007070959208665306,13.0,839,2025-12-04 18:28:37+00:00,26.523055555555555,11.275,1.0328767123287672
2025-12-05 21:00:00+00:00,2026-12-18 00:00:00+00:00,MSFT,MSFT261218P00370000,put,False,370.0,12.0,12.2,13.09,480.8399963378906,0.28833719482421866,0.03539610022899104,0.007070959208665306,2.0,814,2025-12-04 16:57:39+00:00,28.039166666666667,12.1,1.0328767123287672
2025-12-05 21:00:00+00:00,2026-12-18 00:00:00+00:00,MSFT,MSFT261218P00375000,put,False,375.0,12.85,13.1,13.15,480.8399963378906,0.28621624435424803,0.03539610022899104,0.007070959208665306,5.0,437,2025-12-05 20:14:15+00:00,0.7625,12.975,1.0328767123287672
2025-12-05 21:00:00+00:00,2026-12-18 00:00:00+00:00,MSFT,MSFT261218P00380000,put,False,380.0,13.75,14.0,14.2,480.8399963378906,0.2836833106994628,0.03539610022899104,0.007070959208665306,1.0,795,2025-12-05 15:44:02+00:00,5.266111111111111,13.875,1.0328767123287672
2025-12-05 21:00:00+00:00,2026-12-18 00:00:00+00:00,MSFT,MSFT261218P00385000,put,False,385.0,14.7,14.95,15.03,480.8399963378906,0.2811961529541015,0.03539610022899104,0.007070959208665306,15.0,1121,2025-12-04 17:45:28+00:00,27.24222222222222,14.825,1.0328767123287672
2025-12-05 21:00:00+00:00,2026-12-18 00:00:00+00:00,MSFT,MSFT261218P00390000,put,False,390.0,15.75,16.0,15.88,480.8399963378906,0.27910571975708004,0.03539610022899104,0.007070959208665306,5.0,579,2025-12-03 19:05:51+00:00,49.9025,15.875,1.0328767123287672
2025-12-05 21:00:00+00:00,2026-12-18 00:00:00+00:00,MSFT,MSFT261218P00395000,put,False,395.0,16.8,17.05,17.55,480.8399963378906,0.2766033033752441,0.03539610022899104,0.007070959208665306,3.0,679,2025-12-05 16:15:22+00:00,4.743888888888889,16.925,1.0328767123287672
2025-12-05 21:00:00+00:00,2026-12-18 00:00:00+00:00,MSFT,MSFT261218P00400000,put,False,400.0,17.95,18.2,18.24,480.8399963378906,0.27446709426879884,0.03539610022899104,0.007070959208665306,9.0,2808,2025-12-05 16:21:23+00:00,4.643611111111111,18.075,1.0328767123287672
2025-12-05 21:00:00+00:00,2026-12-18 00:00:00+00:00,MSFT,MSFT261218P00405000,put,False,405.0,19.1,19.4,20.44,480.8399963378906,0.272269850616455,0.03539610022899104,0.007070959208665306,5.0,316,2025-12-04 14:47:54+00:00,30.201666666666668,19.25,1.0328767123287672
2025-12-05 21:00:00+00:00,2026-12-18 00:00:00+00:00,MSFT,MSFT261218P00410000,put,False,410.0,20.35,20.65,21.0,480.8399963378906,0.2700420896911621,0.03539610022899104,0.007070959208665306,1.0,1554,2025-12-05 14:59:59+00:00,6.000277777777778,20.5,1.0328767123287672
2025-12-05 21:00:00+00:00,2026-12-18 00:00:00+00:00,MSFT,MSFT261218P00415000,put,False,415.0,21.7,22.0,21.7,480.8399963378906,0.26807372558593745,0.03539610022899104,0.007070959208665306,4.0,586,2025-12-03 20:37:12+00:00,48.38,21.85,1.0328767123287672
2025-12-05 21:00:00+00:00,2026-12-18 00:00:00+00:00,MSFT,MSFT261218P00420000,put,False,420.0,23.05,23.35,23.5,480.8399963378906,0.26570863693237307,0.03539610022899104,0.007070959208665306,18.0,2478,2025-12-05 19:42:46+00:00,1.2872222222222223,23.200000000000003,1.0328767123287672
2025-12-05 21:00:00+00:00,2026-12-18 00:00:00+00:00,MSFT,MSFT261218P00425000,put,False,425.0,24.5,24.8,24.9,480.8399963378906,0.2635876864624024,0.03539610022899104,0.007070959208665306,14.0,631,2025-12-03 16:33:59+00:00,52.43361111111111,24.65,1.0328767123287672
2025-12-05 21:00:00+00:00,2026-12-18 00:00:00+00:00,MSFT,MSFT261218P00430000,put,False,430.0,26.0,26.35,27.36,480.8399963378906,0.26167272758483884,0.03539610022899104,0.007070959208665306,8.0,501,2025-12-04 20:17:33+00:00,24.7075,26.175,1.0328767123287672
2025-12-05 21:00:00+00:00,2026-12-18 00:00:00+00:00,MSFT,MSFT261218P00435000,put,False,435.0,27.55,27.9,28.55,480.8399963378906,0.25936867347717296,0.03539610022899104,0.007070959208665306,1.0,233,2025-12-05 16:38:07+00:00,4.364722222222222,27.725,1.0328767123287672
2025-12-05 21:00:00+00:00,2026-12-18 00:00:00+00:00,MSFT,MSFT261218P00440000,put,False,440.0,29.2,29.55,30.95,480.8399963378906,0.25725535232543945,0.03539610022899104,0.007070959208665306,3.0,884,2025-12-04 19:39:26+00:00,25.342777777777776,29.375,1.0328767123287672
2025-12-05 21:00:00+00:00,2026-12-18 00:00:00+00:00,MSFT,MSFT261218P00445000,put,False,445.0,29.8,32.25,31.35,480.8399963378906,0.2606580282592773,0.03539610022899104,0.007070959208665306,13.0,229,2025-12-03 16:35:18+00:00,52.41166666666667,31.025,1.0328767123287672
2025-12-05 21:00:00+00:00,2026-12-18 00:00:00+00:00,MSFT,MSFT261218P00450000,put,False,450.0,32.7,33.15,32.9,480.8399963378906,0.25353987434387215,0.03539610022899104,0.007070959208665306,9.0,1261,2025-12-05 20:58:20+00:00,0.027777777777777776,32.925,1.0328767123287672
2025-12-05 21:00:00+00:00,2026-12-18 00:00:00+00:00,MSFT,MSFT261218P00455000,put,False,455.0,34.55,34.9,36.0,480.8399963378906,0.2508162077331542,0.03539610022899104,0.007070959208665306,7.0,130,2025-12-03 20:54:49+00:00,48.08638888888889,34.724999999999994,1.0328767123287672
2025-12-05 21:00:00+00:00,2026-12-18 00:00:00+00:00,MSFT,MSFT261218P00460000,put,False,460.0,36.5,36.85,36.9,480.8399963378906,0.24878680908203127,0.03539610022899104,0.007070959208665306,12.0,460,2025-12-05 16:16:10+00:00,4.730555555555555,36.675,1.0328767123287672
2025-12-05 21:00:00+00:00,2026-12-18 00:00:00+00:00,MSFT,MSFT261218P00465000,put,False,465.0,38.5,38.95,39.72,480.8399963378906,0.24716176429748535,0.03539610022899104,0.007070959208665306,3.0,214,2025-12-05 16:16:10+00:00,4.730555555555555,38.725,1.0328767123287672
2025-12-05 21:00:00+00:00,2026-12-18 00:00:00+00:00,MSFT,MSFT261218P00470000,put,False,470.0,40.6,41.95,40.9,480.8399963378906,0.2498396549987793,0.03539610022899104,0.007070959208665306,1.0,1388,2025-12-05 15:18:45+00:00,5.6875,41.275000000000006,1.0328767123287672
2025-12-05 21:00:00+00:00,2026-12-18 00:00:00+00:00,MSFT,MSFT261218P00475000,put,False,475.0,42.75,43.15,43.5,480.8399963378906,0.24268335449218748,0.03539610022899104,0.007070959208665306,8.0,15023,2025-12-05 19:16:47+00:00,1.7202777777777778,42.95,1.0328767123287672
2025-12-05 21:00:00+00:00,2026-12-18 00:00:00+00:00,MSFT,MSFT261218P00480000,put,False,480.0,45.0,45.4,45.39,480.8399963378906,0.2406234385681152,0.03539610022899104,0.007070959208665306,21.0,2730,2025-12-05 20:59:44+00:00,0.0044444444444444444,45.2,1.0328767123287672
2025-12-05 21:00:00+00:00,2026-12-18 00:00:00+00:00,MSFT,MSFT261218P00485000,put,True,485.0,47.3,47.8,48.1,480.8399963378906,0.23892972991943356,0.03539610022899104,0.007070959208665306,2.0,291,2025-12-05 19:23:53+00:00,1.6019444444444444,47.55,1.0328767123287672
2025-12-05 21:00:00+00:00,2026-12-18 00:00:00+00:00,MSFT,MSFT261218P00490000,put,True,490.0,49.7,51.25,50.5,480.8399963378906,0.2421721901702881,0.03539610022899104,0.007070959208665306,45.0,955,2025-12-05 19:05:20+00:00,1.9111111111111112,50.475,1.0328767123287672
2025-12-05 21:00:00+00:00,2026-12-18 00:00:00+00:00,MSFT,MSFT261218P00495000,put,True,495.0,52.15,52.6,52.84,480.8399963378906,0.2342911044311523,0.03539610022899104,0.007070959208665306,2.0,675,2025-12-05 19:38:57+00:00,1.3508333333333333,52.375,1.0328767123287672
2025-12-05 21:00:00+00:00,2026-12-18 00:00:00+00:00,MSFT,MSFT261218P00500000,put,True,500.0,54.65,55.15,55.5,480.8399963378906,0.23212437805175778,0.03539610022899104,0.007070959208665306,16.0,4642,2025-12-05 20:53:20+00:00,0.1111111111111111,54.9,1.0328767123287672
2025-12-05 21:00:00+00:00,2026-12-18 00:00:00+00:00,MSFT,MSFT261218P00505000,put,True,505.0,57.35,57.9,56.99,480.8399963378906,0.23055273849487307,0.03539610022899104,0.007070959208665306,1.0,246,2025-12-03 20:12:24+00:00,48.79333333333334,57.625,1.0328767123287672
2025-12-05 21:00:00+00:00,2026-12-18 00:00:00+00:00,MSFT,MSFT261218P00510000,put,True,510.0,59.95,60.55,65.85,480.8399963378906,0.2280426927947998,0.03539610022899104,0.007070959208665306,1.0,201,2025-11-25 15:52:34+00:00,245.1238888888889,60.25,1.0328767123287672
2025-12-05 21:00:00+00:00,2026-12-18 00:00:00+00:00,MSFT,MSFT261218P00515000,put,True,515.0,62.85,63.4,61.37,480.8399963378906,0.22613536323547365,0.03539610022899104,0.007070959208665306,2.0,548,2025-11-18 17:41:36+00:00,411.3066666666667,63.125,1.0328767123287672
2025-12-05 21:00:00+00:00,2026-12-18 00:00:00+00:00,MSFT,MSFT261218P00520000,put,True,520.0,65.75,66.3,68.5,480.8399963378906,0.22405255935668938,0.03539610022899104,0.007070959208665306,1.0,296,2025-12-04 19:49:43+00:00,25.171388888888888,66.025,1.0328767123287672
2025-12-05 21:00:00+00:00,2026-12-18 00:00:00+00:00,MSFT,MSFT261218P00525000,put,True,525.0,68.7,69.2,69.05,480.8399963378906,0.22153488433837887,0.03539610022899104,0.007070959208665306,1.0,105,2025-12-03 19:20:37+00:00,49.65638888888889,68.95,1.0328767123287672
2025-12-05 21:00:00+00:00,2026-12-18 00:00:00+00:00,MSFT,MSFT261218P00530000,put,True,530.0,69.75,72.25,75.6,480.8399963378906,0.2193528993225098,0.03539610022899104,0.007070959208665306,12.0,771,2025-11-24 19:05:03+00:00,265.91583333333335,71.0,1.0328767123287672
2025-12-05 21:00:00+00:00,2026-12-18 00:00:00+00:00,MSFT,MSFT261218P00535000,put,True,535.0,74.85,75.4,62.75,480.8399963378906,0.21726246612548827,0.03539610022899104,0.007070959208665306,1.0,20,2025-11-14 18:04:06+00:00,506.9316666666667,75.125,1.0328767123287672
2025-12-05 21:00:00+00:00,2026-12-18 00:00:00+00:00,MSFT,MSFT261218P00540000,put,True,540.0,78.05,78.6,74.84,480.8399963378906,0.21498129997253418,0.03539610022899104,0.007070959208665306,1.0,276,2025-11-28 14:34:13+00:00,174.4297222222222,78.32499999999999,1.0328767123287672
2025-12-05 21:00:00+00:00,2026-12-18 00:00:00+00:00,MSFT,MSFT261218P00545000,put,True,545.0,81.3,81.9,84.95,480.8399963378906,0.2127916856384277,0.03539610022899104,0.007070959208665306,1.0,216,2025-11-25 20:00:44+00:00,240.98777777777778,81.6,1.0328767123287672
2025-12-05 21:00:00+00:00,2026-12-18 00:00:00+00:00,MSFT,MSFT261218P00550000,put,True,550.0,84.65,85.3,81.82,480.8399963378906,0.21068599380493164,0.03539610022899104,0.007070959208665306,7.0,960,2025-12-01 15:38:33+00:00,101.3575,84.975,1.0328767123287672
2025-12-05 21:00:00+00:00,2026-12-18 00:00:00+00:00,MSFT,MSFT261218P00555000,put,True,555.0,87.1,88.8,73.2,480.8399963378906,0.20869474174499505,0.03539610022899104,0.007070959208665306,2.0,14,2025-11-14 17:42:49+00:00,507.2863888888889,87.94999999999999,1.0328767123287672
2025-12-05 21:00:00+00:00,2026-12-18 00:00:00+00:00,MSFT,MSFT261218P00560000,put,True,560.0,91.05,92.45,88.4,480.8399963378906,0.20712310218811034,0.03539610022899104,0.007070959208665306,1.0,58,2025-11-26 17:35:08+00:00,219.41444444444446,91.75,1.0328767123287672
2025-12-05 21:00:00+00:00,2026-12-18 00:00:00+00:00,MSFT,MSFT261218P00565000,put,True,565.0,89.0,90.55,65.4,480.8399963378906,0.16817543258666995,0.03539610022899104,0.007070959208665306,2.0,24,2025-10-29 15:05:53+00:00,893.9019444444444,89.775,1.0328767123287672
2025-12-05 21:00:00+00:00,2026-12-18 00:00:00+00:00,MSFT,MSFT261218P00570000,put,True,570.0,98.35,99.7,101.25,480.8399963378906,0.2022174505615234,0.03539610022899104,0.007070959208665306,3.0,46,2025-11-25 20:53:00+00:00,240.11666666666667,99.025,1.0328767123287672
2025-12-05 21:00:00+00:00,2026-12-18 00:00:00+00:00,MSFT,MSFT261218P00575000,put,True,575.0,102.05,103.45,97.38,480.8399963378906,0.19976081008911134,0.03539610022899104,0.007070959208665306,1.0,27,2025-11-18 18:09:33+00:00,410.8408333333333,102.75,1.0328767123287672
2025-12-05 21:00:00+00:00,2026-12-18 00:00:00+00:00,MSFT,MSFT261218P00580000,put,True,580.0,105.95,107.2,108.8,480.8399963378906,0.19675485870361326,0.03539610022899104,0.007070959208665306,3.0,195,2025-11-25 20:50:50+00:00,240.15277777777777,106.575,1.0328767123287672
2025-12-05 21:00:00+00:00,2026-12-18 00:00:00+00:00,MSFT,MSFT261218P00585000,put,True,585.0,103.35,105.35,81.38,480.8399963378906,0.14450928741455077,0.03539610022899104,0.007070959208665306,2.0,7,2025-10-30 17:20:35+00:00,867.6569444444444,104.35,1.0328767123287672
2025-12-05 21:00:00+00:00,2026-12-18 00:00:00+00:00,MSFT,MSFT261218P00590000,put,True,590.0,113.35,117.0,109.81,480.8399963378906,0.206138920135498,0.03539610022899104,0.007070959208665306,14.0,67,2025-12-01 15:51:38+00:00,101.13944444444445,115.175,1.0328767123287672
2025-12-05 21:00:00+00:00,2026-12-18 00:00:00+00:00,MSFT,MSFT261218P00595000,put,True,595.0,96.0,101.0,94.95,480.8399963378906,1.0000000000000003e-05,0.03539610022899104,0.007070959208665306,3.0,143,2025-09-12 15:35:29+00:00,2021.4086111111112,98.5,1.0328767123287672
2025-12-05 21:00:00+00:00,2026-12-18 00:00:00+00:00,MSFT,MSFT261218P00600000,put,True,600.0,121.75,123.15,125.93,480.8399963378906,0.1855855368041992,0.03539610022899104,0.007070959208665306,1.0,134,2025-12-04 15:11:32+00:00,29.807777777777776,122.45,1.0328767123287672
2025-12-05 21:00:00+00:00,2026-12-18 00:00:00+00:00,MSFT,MSFT261218P00605000,put,True,605.0,105.85,107.8,95.35,480.8399963378906,1.0000000000000003e-05,0.03539610022899104,0.007070959208665306,1.0,30,2025-10-06 13:51:29+00:00,1447.1419444444443,106.82499999999999,1.0328767123287672
2025-12-05 21:00:00+00:00,2026-12-18 00:00:00+00:00,MSFT,MSFT261218P00610000,put,True,610.0,130.0,131.55,134.33,480.8399963378906,0.17960415130615232,0.03539610022899104,0.007070959208665306,1.0,31,2025-11-25 20:41:41+00:00,240.30527777777777,130.775,1.0328767123287672
2025-12-05 21:00:00+00:00,2026-12-18 00:00:00+00:00,MSFT,MSFT261218P00615000,put,True,615.0,134.35,135.85,140.96,480.8399963378906,0.17646087219238282,0.03539610022899104,0.007070959208665306,21.0,27,2025-11-24 19:15:12+00:00,265.74666666666667,135.1,1.0328767123287672
2025-12-05 21:00:00+00:00,2026-12-18 00:00:00+00:00,MSFT,MSFT261218P00620000,put,True,620.0,138.7,140.2,143.63,480.8399963378906,0.17304293762207032,0.03539610022899104,0.007070959208665306,38.0,72,2025-11-25 20:59:30+00:00,240.00833333333333,139.45,1.0328767123287672
2025-12-05 21:00:00+00:00,2026-12-18 00:00:00+00:00,MSFT,MSFT261218P00625000,put,True,625.0,143.25,144.65,146.55,480.8399963378906,0.16997595169067387,0.03539610022899104,0.007070959208665306,10.0,20,2025-12-05 17:01:07+00:00,3.981388888888889,143.95,1.0328767123287672
2025-12-05 21:00:00+00:00,2026-12-18 00:00:00+00:00,MSFT,MSFT261218P00630000,put,True,630.0,147.6,149.15,141.8,480.8399963378906,0.16668008621215824,0.03539610022899104,0.007070959208665306,1.0,92,2025-11-28 15:09:18+00:00,173.845,148.375,1.0328767123287672
2025-12-05 21:00:00+00:00,2026-12-18 00:00:00+00:00,MSFT,MSFT261218P00635000,put,True,635.0,125.85,128.0,131.45,480.8399963378906,1.0000000000000003e-05,0.03539610022899104,0.007070959208665306,2.0,41,2025-08-27 15:22:35+00:00,2405.623611111111,126.925,1.0328767123287672
2025-12-05 21:00:00+00:00,2026-12-18 00:00:00+00:00,MSFT,MSFT261218P00640000,put,True,640.0,156.8,158.35,161.84,480.8399963378906,0.16028671752929688,0.03539610022899104,0.007070959208665306,3.0,77,2025-11-25 20:48:46+00:00,240.18722222222223,157.575,1.0328767123287672
2025-12-05 21:00:00+00:00,2026-12-18 00:00:00+00:00,MSFT,MSFT261218P00645000,put,True,645.0,161.1,163.1,165.39,480.8399963378906,0.15857775024414064,0.03539610022899104,0.007070959208665306,1.0,0,2025-11-20 19:20:41+00:00,361.65527777777777,162.1,1.0328767123287672
2025-12-05 21:00:00+00:00,2026-12-18 00:00:00+00:00,MSFT,MSFT261218P00650000,put,True,650.0,165.0,169.5,168.0,480.8399963378906,0.18680622772216798,0.03539610022899104,0.007070959208665306,1.0,1,2025-12-03 17:30:55+00:00,51.484722222222224,167.25,1.0328767123287672
2025-12-05 21:00:00+00:00,2026-12-18 00:00:00+00:00,MSFT,MSFT261218P00655000,put,True,655.0,170.0,174.5,180.32,480.8399963378906,0.19043778320312502,0.03539610022899104,0.007070959208665306,12.0,0,2025-11-24 17:13:50+00:00,267.76944444444445,172.25,1.0328767123287672
2025-12-05 21:00:00+00:00,2026-12-18 00:00:00+00:00,MSFT,MSFT261218P00660000,put,True,660.0,174.5,179.5,179.43,480.8399963378906,0.1940083041381836,0.03539610022899104,0.007070959208665306,2.0,0,2025-11-20 20:20:00+00:00,360.6666666666667,177.0,1.0328767123287672
2025-12-05 21:00:00+00:00,2026-12-18 00:00:00+00:00,MSFT,MSFT261218P00665000,put,True,665.0,179.5,184.5,157.35,480.8399963378906,0.19754830780029298,0.03539610022899104,0.007070959208665306,5.0,0,2025-11-05 17:06:09+00:00,723.8975,182.0,1.0328767123287672
2025-12-05 21:00:00+00:00,2026-12-18 00:00:00+00:00,MSFT,MSFT261218P00670000,put,True,670.0,184.5,189.5,157.7,480.8399963378906,0.2010577941894531,0.03539610022899104,0.007070959208665306,15.0,0,2025-11-04 16:24:08+00:00,748.5977777777778,187.0,1.0328767123287672
2025-12-05 21:00:00+00:00,2026-12-18 00:00:00+00:00,MSFT,MSFT261218P00675000,put,True,675.0,195.5,200.0,154.9,480.8399963378906,0.26758544921875,0.03539610022899104,0.007070959208665306,5.0,0,2025-10-22 16:30:42+00:00,1060.4883333333332,197.75,1.0328767123287672
2025-12-05 21:00:00+00:00,2026-12-18 00:00:00+00:00,MSFT,MSFT261218P00680000,put,True,680.0,188.0,192.5,156.55,480.8399963378906,1.0000000000000003e-05,0.03539610022899104,0.007070959208665306,2.0,0,2025-10-30 14:10:28+00:00,870.8255555555555,190.25,1.0328767123287672
2025-12-05 21:00:00+00:00,2026-12-18 00:00:00+00:00,MSFT,MSFT261218P00685000,put,True,685.0,173.5,178.0,158.72,480.8399963378906,1.0000000000000003e-05,0.03539610022899104,0.007070959208665306,1.0,1,2025-10-07 13:40:08+00:00,1423.331111111111,175.75,1.0328767123287672
2025-12-05 21:00:00+00:00,2026-12-18 00:00:00+00:00,MSFT,MSFT261218P00690000,put,True,690.0,197.5,202.5,164.15,480.8399963378906,1.0000000000000003e-05,0.03539610022899104,0.007070959208665306,5.0,0,2025-10-30 17:58:15+00:00,867.0291666666667,200.0,1.0328767123287672
2025-12-05 21:00:00+00:00,2026-12-18 00:00:00+00:00,MSFT,MSFT261218P00695000,put,True,695.0,203.0,207.5,168.85,480.8399963378906,1.0000000000000003e-05,0.03539610022899104,0.007070959208665306,,0,2025-10-30 17:58:15+00:00,867.0291666666667,205.25,1.0328767123287672
2025-12-05 21:00:00+00:00,2026-12-18 00:00:00+00:00,MSFT,MSFT261218P00700000,put,True,700.0,208.0,212.5,170.9,480.8399963378906,1.0000000000000003e-05,0.03539610022899104,0.007070959208665306,1.0,0,2025-10-30 13:56:39+00:00,871.0558333333333,210.25,1.0328767123287672
2025-12-05 21:00:00+00:00,2026-12-18 00:00:00+00:00,MSFT,MSFT261218P00720000,put,True,720.0,0.0,0.0,191.0,480.8399963378906,1.0000000000000003e-05,0.03539610022899104,0.007070959208665306,20.0,0,2025-08-12 17:53:30+00:00,2763.108333333333,0.0,1.0328767123287672
2025-12-05 21:00:00+00:00,2026-12-18 00:00:00+00:00,MSFT,MSFT261218P00740000,put,True,740.0,231.0,235.5,226.83,480.8399963378906,1.0000000000000003e-05,0.03539610022899104,0.007070959208665306,4.0,0,2025-07-30 18:35:30+00:00,3074.4083333333333,233.25,1.0328767123287672
2025-12-05 21:00:00+00:00,2026-12-18 00:00:00+00:00,MSFT,MSFT261218P00800000,put,True,800.0,288.0,292.5,287.55,480.8399963378906,1.0000000000000003e-05,0.03539610022899104,0.007070959208665306,2.0,0,2025-10-15 19:41:20+00:00,1225.3111111111111,290.25,1.0328767123287672
2025-12-05 21:00:00+00:00,2027-01-15 00:00:00+00:00,MSFT,MSFT270115C00175000,call,True,175.0,312.0,317.0,311.44,480.8399963378906,0.6614413739013674,0.03539610022899104,0.007070959208665306,10.0,241,2025-12-05 16:59:51+00:00,4.0025,314.5,1.1095890410958904
2025-12-05 21:00:00+00:00,2027-01-15 00:00:00+00:00,MSFT,MSFT270115C00185000,call,True,185.0,309.5,314.0,338.97,480.8399963378906,0.7725547647094727,0.03539610022899104,0.007070959208665306,25.0,27,2025-10-31 16:55:36+00:00,844.0733333333334,311.75,1.1095890410958904
2025-12-05 21:00:00+00:00,2027-01-15 00:00:00+00:00,MSFT,MSFT270115C00195000,call,True,195.0,293.0,298.0,305.06,480.8399963378906,0.6200599517822267,0.03539610022899104,0.007070959208665306,64.0,45,2025-11-18 16:29:42+00:00,412.505,295.5,1.1095890410958904
2025-12-05 21:00:00+00:00,2027-01-15 00:00:00+00:00,MSFT,MSFT270115C00200000,call,True,200.0,316.0,321.0,320.0,480.8399963378906,1.015004314651489,0.03539610022899104,0.007070959208665306,1.0,16,2025-10-14 19:38:38+00:00,1249.3561111111112,318.5,1.1095890410958904
2025-12-05 21:00:00+00:00,2027-01-15 00:00:00+00:00,MSFT,MSFT270115C00210000,call,True,210.0,279.0,284.0,291.54,480.8399963378906,0.5949137188720703,0.03539610022899104,0.007070959208665306,1.0,434,2025-11-18 18:16:54+00:00,410.7183333333333,281.5,1.1095890410958904
2025-12-05 21:00:00+00:00,2027-01-15 00:00:00+00:00,MSFT,MSFT270115C00220000,call,True,220.0,269.5,274.5,279.54,480.8399963378906,0.5751385260009765,0.03539610022899104,0.007070959208665306,2.0,366,2025-12-02 19:06:30+00:00,73.89166666666667,272.0,1.1095890410958904
2025-12-05 21:00:00+00:00,2027-01-15 00:00:00+00:00,MSFT,MSFT270115C00230000,call,True,230.0,260.0,265.0,257.9,480.8399963378906,0.555790574951172,0.03539610022899104,0.007070959208665306,1.0,143,2025-12-04 16:00:29+00:00,28.991944444444446,262.5,1.1095890410958904
2025-12-05 21:00:00+00:00,2027-01-15 00:00:00+00:00,MSFT,MSFT270115C00240000,call,True,240.0,278.5,283.2,282.01,480.8399963378906,0.8682874499511719,0.03539610022899104,0.007070959208665306,10.0,152,2025-09-19 15:50:27+00:00,1853.1591666666666,280.85,1.1095890410958904
2025-12-05 21:00:00+00:00,2027-01-15 00:00:00+00:00,MSFT,MSFT270115C00250000,call,True,250.0,241.5,245.5,241.0,480.8399963378906,0.5181932946777343,0.03539610022899104,0.007070959208665306,1.0,63,2025-12-05 16:28:10+00:00,4.530555555555556,243.5,1.1095890410958904
2025-12-05 21:00:00+00:00,2027-01-15 00:00:00+00:00,MSFT,MSFT270115C00260000,call,True,260.0,232.5,237.5,258.76,480.8399963378906,0.5134631173706053,0.03539610022899104,0.007070959208665306,2.0,23,2025-11-17 19:00:15+00:00,433.99583333333334,235.0,1.1095890410958904
2025-12-05 21:00:00+00:00,2027-01-15 00:00:00+00:00,MSFT,MSFT270115C00270000,call,True,270.0,223.5,228.5,233.0,480.8399963378906,0.5009968113708496,0.03539610022899104,0.007070959208665306,1.0,94,2025-11-18 17:23:13+00:00,411.61305555555555,226.0,1.1095890410958904
2025-12-05 21:00:00+00:00,2027-01-15 00:00:00+00:00,MSFT,MSFT270115C00280000,call,True,280.0,214.5,219.5,251.13,480.8399963378906,0.5165148446655273,0.03539610022899104,0.007070959208665306,3.0,230,2025-11-03 18:50:40+00:00,770.1555555555556,217.0,1.1095890410958904
2025-12-05 21:00:00+00:00,2027-01-15 00:00:00+00:00,MSFT,MSFT270115C00290000,call,True,290.0,205.5,210.0,195.57,480.8399963378906,0.4964344790649414,0.03539610022899104,0.007070959208665306,6.0,2505,2025-11-25 14:58:19+00:00,246.02805555555557,207.75,1.1095890410958904
2025-12-05 21:00:00+00:00,2027-01-15 00:00:00+00:00,MSFT,MSFT270115C00300000,call,True,300.0,196.5,201.5,198.0,480.8399963378906,0.48674524490356447,0.03539610022899104,0.007070959208665306,4.0,474,2025-12-05 18:47:33+00:00,2.2075,199.0,1.1095890410958904
2025-12-05 21:00:00+00:00,2027-01-15 00:00:00+00:00,MSFT,MSFT270115C00310000,call,True,310.0,194.5,199.0,249.5,480.8399963378906,0.510594493713379,0.03539610022899104,0.007070959208665306,1.0,122,2025-10-28 13:49:05+00:00,919.1819444444444,196.75,1.1095890410958904
2025-12-05 21:00:00+00:00,2027-01-15 00:00:00+00:00,MSFT,MSFT270115C00320000,call,True,320.0,180.55,182.5,180.21,480.8399963378906,0.44751529052734373,0.03539610022899104,0.007070959208665306,9.0,67,2025-12-03 20:38:54+00:00,48.35166666666667,181.525,1.1095890410958904
2025-12-05 21:00:00+00:00,2027-01-15 00:00:00+00:00,MSFT,MSFT270115C00330000,call,True,330.0,172.0,173.9,171.2,480.8399963378906,0.43614760635375976,0.03539610022899104,0.007070959208665306,3.0,571,2025-12-03 17:00:32+00:00,51.99111111111111,172.95,1.1095890410958904
2025-12-05 21:00:00+00:00,2027-01-15 00:00:00+00:00,MSFT,MSFT270115C00340000,call,True,340.0,163.6,165.45,163.5,480.8399963378906,0.4255275953674317,0.03539610022899104,0.007070959208665306,3.0,70,2025-12-05 20:50:56+00:00,0.1511111111111111,164.52499999999998,1.1095890410958904
2025-12-05 21:00:00+00:00,2027-01-15 00:00:00+00:00,MSFT,MSFT270115C00350000,call,True,350.0,155.35,157.1,155.57,480.8399963378906,0.4151364639282227,0.03539610022899104,0.007070959208665306,6.0,310,2025-12-05 20:44:06+00:00,0.265,156.225,1.1095890410958904
2025-12-05 21:00:00+00:00,2027-01-15 00:00:00+00:00,MSFT,MSFT270115C00360000,call,True,360.0,147.2,148.95,145.36,480.8399963378906,0.4056608506774902,0.03539610022899104,0.007070959208665306,12.0,146,2025-12-03 16:23:11+00:00,52.61361111111111,148.075,1.1095890410958904
2025-12-05 21:00:00+00:00,2027-01-15 00:00:00+00:00,MSFT,MSFT270115C00370000,call,True,370.0,139.25,140.95,138.83,480.8399963378906,0.39656670333862304,0.03539610022899104,0.007070959208665306,2.0,167,2025-12-03 17:01:31+00:00,51.97472222222222,140.1,1.1095890410958904
2025-12-05 21:00:00+00:00,2027-01-15 00:00:00+00:00,MSFT,MSFT270115C00380000,call,True,380.0,131.45,133.15,131.5,480.8399963378906,0.38812867736816403,0.03539610022899104,0.007070959208665306,8.0,199,2025-12-05 20:18:42+00:00,0.6883333333333334,132.3,1.1095890410958904
2025-12-05 21:00:00+00:00,2027-01-15 00:00:00+00:00,MSFT,MSFT270115C00390000,call,True,390.0,123.9,125.55,120.65,480.8399963378906,0.38019418640136715,0.03539610022899104,0.007070959208665306,3.0,191,2025-12-04 16:45:57+00:00,28.234166666666667,124.725,1.1095890410958904
2025-12-05 21:00:00+00:00,2027-01-15 00:00:00+00:00,MSFT,MSFT270115C00400000,call,True,400.0,116.5,118.0,116.1,480.8399963378906,0.37177141906738287,0.03539610022899104,0.007070959208665306,21.0,1565,2025-12-05 18:42:31+00:00,2.2913888888888887,117.25,1.1095890410958904
2025-12-05 21:00:00+00:00,2027-01-15 00:00:00+00:00,MSFT,MSFT270115C00410000,call,True,410.0,109.35,110.95,108.5,480.8399963378906,0.3655306367492676,0.03539610022899104,0.007070959208665306,5.0,1176,2025-12-05 14:55:48+00:00,6.07,110.15,1.1095890410958904
2025-12-05 21:00:00+00:00,2027-01-15 00:00:00+00:00,MSFT,MSFT270115C00420000,call,True,420.0,102.45,103.85,99.75,480.8399963378906,0.358053904876709,0.03539610022899104,0.007070959208665306,2.0,717,2025-12-04 17:26:09+00:00,27.564166666666665,103.15,1.1095890410958904
2025-12-05 21:00:00+00:00,2027-01-15 00:00:00+00:00,MSFT,MSFT270115C00430000,call,True,430.0,95.85,97.25,96.19,480.8399963378906,0.35247687324523924,0.03539610022899104,0.007070959208665306,116.0,1676,2025-12-05 20:57:20+00:00,0.044444444444444446,96.55,1.1095890410958904
2025-12-05 21:00:00+00:00,2027-01-15 00:00:00+00:00,MSFT,MSFT270115C00440000,call,True,440.0,89.35,90.85,89.5,480.8399963378906,0.3469761347961425,0.03539610022899104,0.007070959208665306,3.0,701,2025-12-05 15:48:35+00:00,5.190277777777778,90.1,1.1095890410958904
2025-12-05 21:00:00+00:00,2027-01-15 00:00:00+00:00,MSFT,MSFT270115C00450000,call,True,450.0,83.25,84.65,83.7,480.8399963378906,0.3415211722564697,0.03539610022899104,0.007070959208665306,27.0,2694,2025-12-05 20:57:33+00:00,0.04083333333333333,83.95,1.1095890410958904
2025-12-05 21:00:00+00:00,2027-01-15 00:00:00+00:00,MSFT,MSFT270115C00460000,call,True,460.0,77.4,78.7,77.5,480.8399963378906,0.33633323585510255,0.03539610022899104,0.007070959208665306,9.0,643,2025-12-05 20:23:16+00:00,0.6122222222222222,78.05000000000001,1.1095890410958904
2025-12-05 21:00:00+00:00,2027-01-15 00:00:00+00:00,MSFT,MSFT270115C00470000,call,True,470.0,71.75,73.05,71.9,480.8399963378906,0.33162594650268556,0.03539610022899104,0.007070959208665306,60.0,468,2025-12-05 20:42:53+00:00,0.2852777777777778,72.4,1.1095890410958904
2025-12-05 21:00:00+00:00,2027-01-15 00:00:00+00:00,MSFT,MSFT270115C00480000,call,True,480.0,66.5,67.5,66.78,480.8399963378906,0.32636171691894533,0.03539610022899104,0.007070959208665306,244.0,1134,2025-12-05 20:57:20+00:00,0.044444444444444446,67.0,1.1095890410958904
2025-12-05 21:00:00+00:00,2027-01-15 00:00:00+00:00,MSFT,MSFT270115C00490000,call,False,490.0,60.75,62.2,61.35,480.8399963378906,0.32128059097290035,0.03539610022899104,0.007070959208665306,63.0,922,2025-12-05 19:56:51+00:00,1.0525,61.475,1.1095890410958904
2025-12-05 21:00:00+00:00,2027-01-15 00:00:00+00:00,MSFT,MSFT270115C00500000,call,False,500.0,55.95,57.4,57.0,480.8399963378906,0.3175803716278076,0.03539610022899104,0.007070959208665306,255.0,7064,2025-12-05 20:57:37+00:00,0.03972222222222222,56.675,1.1095890410958904
2025-12-05 21:00:00+00:00,2027-01-15 00:00:00+00:00,MSFT,MSFT270115C00505000,call,False,505.0,53.65,55.1,53.3,480.8399963378906,0.3158103697967528,0.03539610022899104,0.007070959208665306,13.0,766,2025-12-05 17:26:10+00:00,3.563888888888889,54.375,1.1095890410958904
2025-12-05 21:00:00+00:00,2027-01-15 00:00:00+00:00,MSFT,MSFT270115C00510000,call,False,510.0,51.75,52.85,51.39,480.8399963378906,0.314009850692749,0.03539610022899104,0.007070959208665306,51.0,1420,2025-12-05 18:24:21+00:00,2.5941666666666667,52.3,1.1095890410958904
2025-12-05 21:00:00+00:00,2027-01-15 00:00:00+00:00,MSFT,MSFT270115C00515000,call,False,515.0,50.15,50.65,48.63,480.8399963378906,0.3121864436340332,0.03539610022899104,0.007070959208665306,2.0,244,2025-12-05 17:02:19+00:00,3.961388888888889,50.4,1.1095890410958904
2025-12-05 21:00:00+00:00,2027-01-15 00:00:00+00:00,MSFT,MSFT270115C00520000,call,False,520.0,47.15,48.55,48.3,480.8399963378906,0.31057665748596186,0.03539610022899104,0.007070959208665306,37.0,1407,2025-12-05 20:40:14+00:00,0.32944444444444443,47.849999999999994,1.1095890410958904
2025-12-05 21:00:00+00:00,2027-01-15 00:00:00+00:00,MSFT,MSFT270115C00525000,call,False,525.0,46.05,46.5,44.95,480.8399963378906,0.30894398338317863,0.03539610022899104,0.007070959208665306,12.0,280,2025-12-05 17:26:22+00:00,3.5605555555555557,46.275,1.1095890410958904
2025-12-05 21:00:00+00:00,2027-01-15 00:00:00+00:00,MSFT,MSFT270115C00530000,call,False,530.0,44.1,44.55,43.0,480.8399963378906,0.30753255950927727,0.03539610022899104,0.007070959208665306,5.0,1598,2025-12-05 17:30:34+00:00,3.4905555555555554,44.325,1.1095890410958904
2025-12-05 21:00:00+00:00,2027-01-15 00:00:00+00:00,MSFT,MSFT270115C00535000,call,False,535.0,42.2,42.65,41.76,480.8399963378906,0.3060906183624268,0.03539610022899104,0.007070959208665306,3.0,158,2025-12-05 19:08:47+00:00,1.853611111111111,42.425,1.1095890410958904
2025-12-05 21:00:00+00:00,2027-01-15 00:00:00+00:00,MSFT,MSFT270115C00540000,call,False,540.0,40.35,40.8,39.0,480.8399963378906,0.30463341857910153,0.03539610022899104,0.007070959208665306,9.0,919,2025-12-05 17:01:34+00:00,3.973888888888889,40.575,1.1095890410958904
2025-12-05 21:00:00+00:00,2027-01-15 00:00:00+00:00,MSFT,MSFT270115C00545000,call,False,545.0,38.6,39.0,38.24,480.8399963378906,0.3031609601593017,0.03539610022899104,0.007070959208665306,4.0,324,2025-12-05 19:08:47+00:00,1.853611111111111,38.8,1.1095890410958904
2025-12-05 21:00:00+00:00,2027-01-15 00:00:00+00:00,MSFT,MSFT270115C00550000,call,False,550.0,36.9,37.3,37.0,480.8399963378906,0.30191738128662116,0.03539610022899104,0.007070959208665306,23.0,3000,2025-12-05 19:21:08+00:00,1.6477777777777778,37.099999999999994,1.1095890410958904
2025-12-05 21:00:00+00:00,2027-01-15 00:00:00+00:00,MSFT,MSFT270115C00555000,call,False,555.0,35.25,35.65,34.89,480.8399963378906,0.3006661730957031,0.03539610022899104,0.007070959208665306,1.0,200,2025-12-04 19:46:56+00:00,25.217777777777776,35.45,1.1095890410958904
2025-12-05 21:00:00+00:00,2027-01-15 00:00:00+00:00,MSFT,MSFT270115C00560000,call,False,560.0,33.65,34.1,33.2,480.8399963378906,0.29967436172485346,0.03539610022899104,0.007070959208665306,11.0,625,2025-12-05 18:38:32+00:00,2.3577777777777778,33.875,1.1095890410958904
2025-12-05 21:00:00+00:00,2027-01-15 00:00:00+00:00,MSFT,MSFT270115C00565000,call,False,565.0,32.15,32.55,30.54,480.8399963378906,0.2984078948974609,0.03539610022899104,0.007070959208665306,20.0,479,2025-12-04 19:22:00+00:00,25.633333333333333,32.349999999999994,1.1095890410958904
2025-12-05 21:00:00+00:00,2027-01-15 00:00:00+00:00,MSFT,MSFT270115C00570000,call,False,570.0,30.65,31.15,29.95,480.8399963378906,0.29767548034667957,0.03539610022899104,0.007070959208665306,4.0,517,2025-12-05 18:02:13+00:00,2.9630555555555556,30.9,1.1095890410958904
2025-12-05 21:00:00+00:00,2027-01-15 00:00:00+00:00,MSFT,MSFT270115C00575000,call,False,575.0,29.25,29.65,29.43,480.8399963378906,0.29616487533569336,0.03539610022899104,0.007070959208665306,5.0,211,2025-12-05 20:58:52+00:00,0.01888888888888889,29.45,1.1095890410958904
2025-12-05 21:00:00+00:00,2027-01-15 00:00:00+00:00,MSFT,MSFT270115C00580000,call,False,580.0,27.95,28.3,26.68,480.8399963378906,0.29518832260131833,0.03539610022899104,0.007070959208665306,3.0,727,2025-12-04 18:56:22+00:00,26.060555555555556,28.125,1.1095890410958904
2025-12-05 21:00:00+00:00,2027-01-15 00:00:00+00:00,MSFT,MSFT270115C00585000,call,False,585.0,26.65,27.0,26.34,480.8399963378906,0.29423465782165514,0.03539610022899104,0.007070959208665306,2.0,66,2025-12-05 14:42:33+00:00,6.2908333333333335,26.825,1.1095890410958904
2025-12-05 21:00:00+00:00,2027-01-15 00:00:00+00:00,MSFT,MSFT270115C00590000,call,False,590.0,25.4,25.75,24.6,480.8399963378906,0.2933115103149413,0.03539610022899104,0.007070959208665306,3.0,2583,2025-12-05 16:58:27+00:00,4.025833333333333,25.575,1.1095890410958904
2025-12-05 21:00:00+00:00,2027-01-15 00:00:00+00:00,MSFT,MSFT270115C00595000,call,False,595.0,24.2,24.55,23.95,480.8399963378906,0.29241125076293933,0.03539610022899104,0.007070959208665306,12.0,48,2025-12-05 14:34:14+00:00,6.429444444444444,24.375,1.1095890410958904
2025-12-05 21:00:00+00:00,2027-01-15 00:00:00+00:00,MSFT,MSFT270115C00600000,call,False,600.0,23.1,23.45,23.28,480.8399963378906,0.29183142257690414,0.03539610022899104,0.007070959208665306,44.0,10124,2025-12-05 20:58:52+00:00,0.01888888888888889,23.275,1.1095890410958904
2025-12-05 21:00:00+00:00,2027-01-15 00:00:00+00:00,MSFT,MSFT270115C00605000,call,False,605.0,22.0,22.35,21.6,480.8399963378906,0.2910227148437499,0.03539610022899104,0.007070959208665306,5.0,319,2025-12-05 19:17:13+00:00,1.7130555555555556,22.175,1.1095890410958904
2025-12-05 21:00:00+00:00,2027-01-15 00:00:00+00:00,MSFT,MSFT270115C00610000,call,False,610.0,21.0,21.3,20.9,480.8399963378906,0.2902750416564941,0.03539610022899104,0.007070959208665306,17.0,805,2025-12-05 15:32:29+00:00,5.458611111111111,21.15,1.1095890410958904
2025-12-05 21:00:00+00:00,2027-01-15 00:00:00+00:00,MSFT,MSFT270115C00615000,call,False,615.0,19.95,20.3,19.45,480.8399963378906,0.2895807736968994,0.03539610022899104,0.007070959208665306,3.0,88,2025-12-03 16:33:31+00:00,52.44138888888889,20.125,1.1095890410958904
2025-12-05 21:00:00+00:00,2027-01-15 00:00:00+00:00,MSFT,MSFT270115C00620000,call,False,620.0,17.15,19.35,18.3,480.8399963378906,0.28896279891967763,0.03539610022899104,0.007070959208665306,11.0,848,2025-12-03 20:48:00+00:00,48.2,18.25,1.1095890410958904
2025-12-05 21:00:00+00:00,2027-01-15 00:00:00+00:00,MSFT,MSFT270115C00625000,call,False,625.0,18.1,18.45,17.75,480.8399963378906,0.2884287466430663,0.03539610022899104,0.007070959208665306,3.0,214,2025-12-03 20:10:03+00:00,48.8325,18.275,1.1095890410958904
2025-12-05 21:00:00+00:00,2027-01-15 00:00:00+00:00,MSFT,MSFT270115C00630000,call,False,630.0,17.25,17.55,16.6,480.8399963378906,0.2876734441375731,0.03539610022899104,0.007070959208665306,2.0,212,2025-12-03 16:19:45+00:00,52.670833333333334,17.4,1.1095890410958904
2025-12-05 21:00:00+00:00,2027-01-15 00:00:00+00:00,MSFT,MSFT270115C00635000,call,False,635.0,16.4,16.75,16.0,480.8399963378906,0.28733012481689446,0.03539610022899104,0.007070959208665306,2.0,69,2025-12-03 16:38:29+00:00,52.35861111111111,16.575,1.1095890410958904
2025-12-05 21:00:00+00:00,2027-01-15 00:00:00+00:00,MSFT,MSFT270115C00640000,call,False,640.0,15.65,15.95,15.45,480.8399963378906,0.2867808139038085,0.03539610022899104,0.007070959208665306,1.0,526,2025-12-05 15:42:53+00:00,5.285277777777778,15.8,1.1095890410958904
2025-12-05 21:00:00+00:00,2027-01-15 00:00:00+00:00,MSFT,MSFT270115C00645000,call,False,645.0,14.9,15.2,14.55,480.8399963378906,0.28635357208251955,0.03539610022899104,0.007070959208665306,41.0,98,2025-12-03 17:54:17+00:00,51.09527777777778,15.05,1.1095890410958904
2025-12-05 21:00:00+00:00,2027-01-15 00:00:00+00:00,MSFT,MSFT270115C00650000,call,False,650.0,14.15,14.95,14.15,480.8399963378906,0.2891764198303222,0.03539610022899104,0.007070959208665306,215.0,8597,2025-12-05 19:42:37+00:00,1.2897222222222222,14.55,1.1095890410958904
2025-12-05 21:00:00+00:00,2027-01-15 00:00:00+00:00,MSFT,MSFT270115C00655000,call,False,655.0,13.5,13.8,13.31,480.8399963378906,0.2855753816223144,0.03539610022899104,0.007070959208665306,6.0,540,2025-12-04 20:34:58+00:00,24.41722222222222,13.65,1.1095890410958904
2025-12-05 21:00:00+00:00,2027-01-15 00:00:00+00:00,MSFT,MSFT270115C00660000,call,False,660.0,12.85,13.15,12.66,480.8399963378906,0.2852244329833984,0.03539610022899104,0.007070959208665306,100.0,779,2025-12-03 15:07:55+00:00,53.86805555555556,13.0,1.1095890410958904
2025-12-05 21:00:00+00:00,2027-01-15 00:00:00+00:00,MSFT,MSFT270115C00665000,call,False,665.0,12.2,12.6,11.25,480.8399963378906,0.2854227952575683,0.03539610022899104,0.007070959208665306,3.0,64,2025-11-21 19:34:20+00:00,337.4277777777778,12.399999999999999,1.1095890410958904
2025-12-05 21:00:00+00:00,2027-01-15 00:00:00+00:00,MSFT,MSFT270115C00670000,call,False,670.0,11.65,11.95,11.3,480.8399963378906,0.28469038070678704,0.03539610022899104,0.007070959208665306,2.0,431,2025-12-05 16:56:58+00:00,4.0505555555555555,11.8,1.1095890410958904
2025-12-05 21:00:00+00:00,2027-01-15 00:00:00+00:00,MSFT,MSFT270115C00675000,call,False,675.0,11.1,11.4,11.2,480.8399963378906,0.2845225357055663,0.03539610022899104,0.007070959208665306,1.0,109,2025-12-05 20:56:29+00:00,0.058611111111111114,11.25,1.1095890410958904
2025-12-05 21:00:00+00:00,2027-01-15 00:00:00+00:00,MSFT,MSFT270115C00680000,call,False,680.0,10.6,10.85,10.45,480.8399963378906,0.2841715870666503,0.03539610022899104,0.007070959208665306,2.0,445,2025-12-05 18:29:00+00:00,2.5166666666666666,10.725,1.1095890410958904
2025-12-05 21:00:00+00:00,2027-01-15 00:00:00+00:00,MSFT,MSFT270115C00685000,call,False,685.0,10.1,10.35,9.25,480.8399963378906,0.2840342593383788,0.03539610022899104,0.007070959208665306,3.0,17,2025-11-21 19:30:55+00:00,337.4847222222222,10.225,1.1095890410958904
2025-12-05 21:00:00+00:00,2027-01-15 00:00:00+00:00,MSFT,MSFT270115C00690000,call,False,690.0,9.2,9.95,9.1,480.8399963378906,0.2845530529785155,0.03539610022899104,0.007070959208665306,1.0,38,2025-12-03 18:40:17+00:00,50.32861111111111,9.575,1.1095890410958904
2025-12-05 21:00:00+00:00,2027-01-15 00:00:00+00:00,MSFT,MSFT270115C00695000,call,False,695.0,9.15,9.4,10.1,480.8399963378906,0.28365279342651356,0.03539610022899104,0.007070959208665306,1.0,23,2025-12-02 17:19:18+00:00,75.67833333333333,9.275,1.1095890410958904
2025-12-05 21:00:00+00:00,2027-01-15 00:00:00+00:00,MSFT,MSFT270115C00700000,call,False,700.0,8.7,9.0,8.6,480.8399963378906,0.28385115570068353,0.03539610022899104,0.007070959208665306,72.0,1337,2025-12-05 20:22:31+00:00,0.6247222222222222,8.85,1.1095890410958904
2025-12-05 21:00:00+00:00,2027-01-15 00:00:00+00:00,MSFT,MSFT270115C00705000,call,False,705.0,8.3,8.55,8.95,480.8399963378906,0.2834391725158691,0.03539610022899104,0.007070959208665306,20.0,45,2025-11-26 20:31:07+00:00,216.4813888888889,8.425,1.1095890410958904
2025-12-05 21:00:00+00:00,2027-01-15 00:00:00+00:00,MSFT,MSFT270115C00710000,call,False,710.0,7.9,8.15,8.0,480.8399963378906,0.28330184478759757,0.03539610022899104,0.007070959208665306,2.0,34,2025-12-05 19:06:09+00:00,1.8975,8.025,1.1095890410958904
2025-12-05 21:00:00+00:00,2027-01-15 00:00:00+00:00,MSFT,MSFT270115C00715000,call,False,715.0,7.55,7.8,7.45,480.8399963378906,0.28350020706176754,0.03539610022899104,0.007070959208665306,18.0,38,2025-12-03 17:53:25+00:00,51.109722222222224,7.675,1.1095890410958904
2025-12-05 21:00:00+00:00,2027-01-15 00:00:00+00:00,MSFT,MSFT270115C00720000,call,False,720.0,7.2,7.45,7.08,480.8399963378906,0.28353072433471677,0.03539610022899104,0.007070959208665306,7.0,183,2025-12-04 20:44:23+00:00,24.260277777777777,7.325,1.1095890410958904
2025-12-05 21:00:00+00:00,2027-01-15 00:00:00+00:00,MSFT,MSFT270115C00725000,call,False,725.0,6.85,7.1,6.75,480.8399963378906,0.2834239138793945,0.03539610022899104,0.007070959208665306,2.0,58,2025-12-04 20:44:23+00:00,24.260277777777777,6.975,1.1095890410958904
2025-12-05 21:00:00+00:00,2027-01-15 00:00:00+00:00,MSFT,MSFT270115C00730000,call,False,730.0,6.55,6.8,6.4,480.8399963378906,0.2836680520629882,0.03539610022899104,0.007070959208665306,5.0,41,2025-12-04 20:47:34+00:00,24.20722222222222,6.675,1.1095890410958904
2025-12-05 21:00:00+00:00,2027-01-15 00:00:00+00:00,MSFT,MSFT270115C00735000,call,False,735.0,6.25,6.5,5.65,480.8399963378906,0.28375960388183585,0.03539610022899104,0.007070959208665306,8.0,37,2025-11-21 19:32:02+00:00,337.4661111111111,6.375,1.1095890410958904
2025-12-05 21:00:00+00:00,2027-01-15 00:00:00+00:00,MSFT,MSFT270115C00740000,call,False,740.0,5.95,6.2,5.7,480.8399963378906,0.2837290866088866,0.03539610022899104,0.007070959208665306,1.0,235,2025-12-05 16:28:23+00:00,4.526944444444444,6.075,1.1095890410958904
2025-12-05 21:00:00+00:00,2027-01-15 00:00:00+00:00,MSFT,MSFT270115C00745000,call,False,745.0,5.7,5.9,7.5,480.8399963378906,0.28353072433471677,0.03539610022899104,0.007070959208665306,3.0,44,2025-11-18 19:09:19+00:00,409.84472222222223,5.800000000000001,1.1095890410958904
2025-12-05 21:00:00+00:00,2027-01-15 00:00:00+00:00,MSFT,MSFT270115C00750000,call,False,750.0,5.45,5.65,5.4,480.8399963378906,0.28375960388183585,0.03539610022899104,0.007070959208665306,3.0,184,2025-12-05 15:50:28+00:00,5.158888888888889,5.550000000000001,1.1095890410958904
2025-12-05 21:00:00+00:00,2027-01-15 00:00:00+00:00,MSFT,MSFT270115C00755000,call,False,755.0,5.2,5.4,4.8,480.8399963378906,0.28388167297363276,0.03539610022899104,0.007070959208665306,6.0,13,2025-11-21 17:11:16+00:00,339.8122222222222,5.300000000000001,1.1095890410958904
2025-12-05 21:00:00+00:00,2027-01-15 00:00:00+00:00,MSFT,MSFT270115C00760000,call,False,760.0,3.55,5.2,6.55,480.8399963378906,0.28446150115966784,0.03539610022899104,0.007070959208665306,3.0,194,2025-11-18 19:10:08+00:00,409.8311111111111,4.375,1.1095890410958904
2025-12-05 21:00:00+00:00,2027-01-15 00:00:00+00:00,MSFT,MSFT270115C00765000,call,False,765.0,4.75,4.95,6.25,480.8399963378906,0.2843089147949218,0.03539610022899104,0.007070959208665306,8.0,189,2025-11-18 19:14:52+00:00,409.7522222222222,4.85,1.1095890410958904
2025-12-05 21:00:00+00:00,2027-01-15 00:00:00+00:00,MSFT,MSFT270115C00770000,call,False,770.0,4.5,4.7,4.55,480.8399963378906,0.28400374206542955,0.03539610022899104,0.007070959208665306,2.0,16,2025-12-05 20:43:08+00:00,0.2811111111111111,4.6,1.1095890410958904
2025-12-05 21:00:00+00:00,2027-01-15 00:00:00+00:00,MSFT,MSFT270115C00775000,call,False,775.0,4.3,4.5,4.35,480.8399963378906,0.28421736297607414,0.03539610022899104,0.007070959208665306,2.0,35,2025-12-03 17:13:32+00:00,51.77444444444444,4.4,1.1095890410958904
2025-12-05 21:00:00+00:00,2027-01-15 00:00:00+00:00,MSFT,MSFT270115C00780000,call,False,780.0,4.1,4.3,3.95,480.8399963378906,0.28432417343139643,0.03539610022899104,0.007070959208665306,103.0,207,2025-12-04 18:08:31+00:00,26.858055555555556,4.199999999999999,1.1095890410958904
2025-12-05 21:00:00+00:00,2027-01-15 00:00:00+00:00,MSFT,MSFT270115C00800000,call,False,800.0,3.4,3.55,3.5,480.8399963378906,0.2841563284301757,0.03539610022899104,0.007070959208665306,15.0,4353,2025-12-05 20:08:26+00:00,0.8594444444444445,3.4749999999999996,1.1095890410958904
2025-12-05 21:00:00+00:00,2027-01-15 00:00:00+00:00,MSFT,MSFT270115P00175000,put,False,175.0,0.29,0.41,0.36,480.8399963378906,0.4118711157226562,0.03539610022899104,0.007070959208665306,1.0,333,2025-12-03 17:48:04+00:00,51.19888888888889,0.35,1.1095890410958904
2025-12-05 21:00:00+00:00,2027-01-15 00:00:00+00:00,MSFT,MSFT270115P00180000,put,False,180.0,0.36,0.49,0.41,480.8399963378906,0.4106504248046875,0.03539610022899104,0.007070959208665306,4.0,59,2025-10-28 18:27:34+00:00,914.5405555555556,0.425,1.1095890410958904
2025-12-05 21:00:00+00:00,2027-01-15 00:00:00+00:00,MSFT,MSFT270115P00185000,put,False,185.0,0.39,0.71,0.58,480.8399963378906,0.4206600903320313,0.03539610022899104,0.007070959208665306,1.0,65,2025-11-07 18:03:47+00:00,674.9369444444444,0.55,1.1095890410958904
2025-12-05 21:00:00+00:00,2027-01-15 00:00:00+00:00,MSFT,MSFT270115P00190000,put,False,190.0,0.05,0.97,0.8,480.8399963378906,0.4290828576660156,0.03539610022899104,0.007070959208665306,1.0,30,2025-11-21 16:09:35+00:00,340.84027777777777,0.51,1.1095890410958904
2025-12-05 21:00:00+00:00,2027-01-15 00:00:00+00:00,MSFT,MSFT270115P00195000,put,False,195.0,0.31,1.03,0.5,480.8399963378906,0.42188078125,0.03539610022899104,0.007070959208665306,1.0,213,2025-11-13 15:22:38+00:00,533.6227777777777,0.67,1.1095890410958904
2025-12-05 21:00:00+00:00,2027-01-15 00:00:00+00:00,MSFT,MSFT270115P00200000,put,False,200.0,0.2,0.91,0.68,480.8399963378906,0.40332627929687503,0.03539610022899104,0.007070959208665306,1.0,219,2025-12-03 20:46:07+00:00,48.23138888888889,0.555,1.1095890410958904
2025-12-05 21:00:00+00:00,2027-01-15 00:00:00+00:00,MSFT,MSFT270115P00210000,put,False,210.0,0.37,0.9,1.2,480.8399963378906,0.3820862573242187,0.03539610022899104,0.007070959208665306,3.0,564,2025-11-21 14:30:05+00:00,342.49861111111113,0.635,1.1095890410958904
2025-12-05 21:00:00+00:00,2027-01-15 00:00:00+00:00,MSFT,MSFT270115P00220000,put,False,220.0,0.75,1.47,1.09,480.8399963378906,0.39227902648925783,0.03539610022899104,0.007070959208665306,4.0,420,2025-12-03 17:51:26+00:00,51.14277777777778,1.1099999999999999,1.1095890410958904
2025-12-05 21:00:00+00:00,2027-01-15 00:00:00+00:00,MSFT,MSFT270115P00230000,put,False,230.0,0.99,1.51,1.54,480.8399963378906,0.3739686627197265,0.03539610022899104,0.007070959208665306,2.0,438,2025-11-25 18:02:26+00:00,242.95944444444444,1.25,1.1095890410958904
2025-12-05 21:00:00+00:00,2027-01-15 00:00:00+00:00,MSFT,MSFT270115P00240000,put,False,240.0,1.28,1.8,1.67,480.8399963378906,0.36591210266113283,0.03539610022899104,0.007070959208665306,2.0,173,2025-12-03 15:49:50+00:00,53.169444444444444,1.54,1.1095890410958904
2025-12-05 21:00:00+00:00,2027-01-15 00:00:00+00:00,MSFT,MSFT270115P00250000,put,False,250.0,1.46,2.14,1.89,480.8399963378906,0.3582827844238281,0.03539610022899104,0.007070959208665306,21.0,1039,2025-12-05 20:53:33+00:00,0.1075,1.8,1.1095890410958904
2025-12-05 21:00:00+00:00,2027-01-15 00:00:00+00:00,MSFT,MSFT270115P00260000,put,False,260.0,2.2,2.53,2.51,480.8399963378906,0.3507755352783203,0.03539610022899104,0.007070959208665306,4.0,818,2025-12-04 15:20:05+00:00,29.665277777777778,2.365,1.1095890410958904
2025-12-05 21:00:00+00:00,2027-01-15 00:00:00+00:00,MSFT,MSFT270115P00270000,put,False,270.0,2.46,2.95,3.05,480.8399963378906,0.34290207885742185,0.03539610022899104,0.007070959208665306,9.0,1160,2025-12-04 19:26:23+00:00,25.560277777777777,2.705,1.1095890410958904
2025-12-05 21:00:00+00:00,2027-01-15 00:00:00+00:00,MSFT,MSFT270115P00280000,put,False,280.0,2.83,4.35,3.2,480.8399963378906,0.35382726257324215,0.03539610022899104,0.007070959208665306,84.0,845,2025-12-05 20:44:27+00:00,0.25916666666666666,3.59,1.1095890410958904
2025-12-05 21:00:00+00:00,2027-01-15 00:00:00+00:00,MSFT,MSFT270115P00290000,put,False,290.0,2.95,3.95,3.95,480.8399963378906,0.32730775238037113,0.03539610022899104,0.007070959208665306,63.0,978,2025-12-05 19:08:47+00:00,1.853611111111111,3.45,1.1095890410958904
2025-12-05 21:00:00+00:00,2027-01-15 00:00:00+00:00,MSFT,MSFT270115P00300000,put,False,300.0,2.72,4.65,4.6,480.8399963378906,0.32150947052001955,0.03539610022899104,0.007070959208665306,8.0,1547,2025-12-05 20:53:33+00:00,0.1075,3.6850000000000005,1.1095890410958904
2025-12-05 21:00:00+00:00,2027-01-15 00:00:00+00:00,MSFT,MSFT270115P00310000,put,False,310.0,4.25,6.45,5.7,480.8399963378906,0.3303899969482421,0.03539610022899104,0.007070959208665306,1.0,677,2025-12-04 14:57:54+00:00,30.035,5.35,1.1095890410958904
2025-12-05 21:00:00+00:00,2027-01-15 00:00:00+00:00,MSFT,MSFT270115P00320000,put,False,320.0,5.15,6.65,6.75,480.8399963378906,0.31427687683105465,0.03539610022899104,0.007070959208665306,1.0,781,2025-12-03 14:30:05+00:00,54.49861111111111,5.9,1.1095890410958904
2025-12-05 21:00:00+00:00,2027-01-15 00:00:00+00:00,MSFT,MSFT270115P00330000,put,False,330.0,5.05,8.4,7.6,480.8399963378906,0.3169623968505859,0.03539610022899104,0.007070959208665306,3.0,612,2025-12-03 17:40:59+00:00,51.316944444444445,6.725,1.1095890410958904
2025-12-05 21:00:00+00:00,2027-01-15 00:00:00+00:00,MSFT,MSFT270115P00340000,put,False,340.0,6.2,8.65,7.87,480.8399963378906,0.30084927673339845,0.03539610022899104,0.007070959208665306,13.0,1977,2025-11-28 17:05:00+00:00,171.91666666666666,7.425000000000001,1.1095890410958904
2025-12-05 21:00:00+00:00,2027-01-15 00:00:00+00:00,MSFT,MSFT270115P00350000,put,False,350.0,9.65,9.9,9.75,480.8399963378906,0.29505099487304687,0.03539610022899104,0.007070959208665306,201.0,3099,2025-12-05 20:19:23+00:00,0.6769444444444445,9.775,1.1095890410958904
2025-12-05 21:00:00+00:00,2027-01-15 00:00:00+00:00,MSFT,MSFT270115P00360000,put,False,360.0,11.1,11.4,11.35,480.8399963378906,0.2903208175659179,0.03539610022899104,0.007070959208665306,1.0,1224,2025-12-04 20:54:02+00:00,24.099444444444444,11.25,1.1095890410958904
2025-12-05 21:00:00+00:00,2027-01-15 00:00:00+00:00,MSFT,MSFT270115P00370000,put,False,370.0,12.75,13.0,13.8,480.8399963378906,0.28504132934570303,0.03539610022899104,0.007070959208665306,2.0,896,2025-12-04 14:57:34+00:00,30.040555555555557,12.875,1.1095890410958904
2025-12-05 21:00:00+00:00,2027-01-15 00:00:00+00:00,MSFT,MSFT270115P00380000,put,False,380.0,14.55,14.85,14.9,480.8399963378906,0.28043322113037106,0.03539610022899104,0.007070959208665306,1.0,1775,2025-12-05 20:50:36+00:00,0.15666666666666668,14.7,1.1095890410958904
2025-12-05 21:00:00+00:00,2027-01-15 00:00:00+00:00,MSFT,MSFT270115P00390000,put,False,390.0,16.6,16.9,16.75,480.8399963378906,0.27590140609741204,0.03539610022899104,0.007070959208665306,14.0,744,2025-12-03 17:29:46+00:00,51.50388888888889,16.75,1.1095890410958904
2025-12-05 21:00:00+00:00,2027-01-15 00:00:00+00:00,MSFT,MSFT270115P00400000,put,False,400.0,18.85,19.15,19.11,480.8399963378906,0.2713390737915039,0.03539610022899104,0.007070959208665306,22.0,1596,2025-12-05 20:41:00+00:00,0.31666666666666665,19.0,1.1095890410958904
2025-12-05 21:00:00+00:00,2027-01-15 00:00:00+00:00,MSFT,MSFT270115P00410000,put,False,410.0,21.35,21.65,21.85,480.8399963378906,0.26700562103271486,0.03539610022899104,0.007070959208665306,14.0,770,2025-12-05 15:03:18+00:00,5.945,21.5,1.1095890410958904
2025-12-05 21:00:00+00:00,2027-01-15 00:00:00+00:00,MSFT,MSFT270115P00420000,put,False,420.0,24.1,24.45,24.75,480.8399963378906,0.26308415145874026,0.03539610022899104,0.007070959208665306,8.0,2536,2025-12-05 15:04:43+00:00,5.921388888888889,24.275,1.1095890410958904
2025-12-05 21:00:00+00:00,2027-01-15 00:00:00+00:00,MSFT,MSFT270115P00430000,put,False,430.0,27.1,27.45,27.4,480.8399963378906,0.2588651384735108,0.03539610022899104,0.007070959208665306,110.0,566,2025-12-05 20:54:01+00:00,0.09972222222222223,27.275,1.1095890410958904
2025-12-05 21:00:00+00:00,2027-01-15 00:00:00+00:00,MSFT,MSFT270115P00440000,put,False,440.0,30.35,30.7,31.1,480.8399963378906,0.25461560821533213,0.03539610022899104,0.007070959208665306,30.0,1129,2025-12-05 18:06:52+00:00,2.8855555555555554,30.525,1.1095890410958904
2025-12-05 21:00:00+00:00,2027-01-15 00:00:00+00:00,MSFT,MSFT270115P00450000,put,False,450.0,32.85,34.25,34.32,480.8399963378906,0.25053392295837396,0.03539610022899104,0.007070959208665306,13.0,4342,2025-12-05 19:42:37+00:00,1.2897222222222222,33.55,1.1095890410958904
2025-12-05 21:00:00+00:00,2027-01-15 00:00:00+00:00,MSFT,MSFT270115P00460000,put,False,460.0,36.65,38.1,38.37,480.8399963378906,0.24655141883850099,0.03539610022899104,0.007070959208665306,1.0,1353,2025-12-05 15:07:23+00:00,5.876944444444445,37.375,1.1095890410958904
2025-12-05 21:00:00+00:00,2027-01-15 00:00:00+00:00,MSFT,MSFT270115P00470000,put,False,470.0,41.8,42.25,42.75,480.8399963378906,0.24261469062805172,0.03539610022899104,0.007070959208665306,2.0,1525,2025-12-04 20:13:19+00:00,24.778055555555557,42.025,1.1095890410958904
2025-12-05 21:00:00+00:00,2027-01-15 00:00:00+00:00,MSFT,MSFT270115P00480000,put,False,480.0,46.2,46.65,46.59,480.8399963378906,0.23842619491577144,0.03539610022899104,0.007070959208665306,131.0,1474,2025-12-05 20:57:20+00:00,0.044444444444444446,46.425,1.1095890410958904
2025-12-05 21:00:00+00:00,2027-01-15 00:00:00+00:00,MSFT,MSFT270115P00490000,put,True,490.0,50.9,51.4,51.8,480.8399963378906,0.23444369079589844,0.03539610022899104,0.007070959208665306,11.0,831,2025-12-05 17:00:00+00:00,4.0,51.15,1.1095890410958904
2025-12-05 21:00:00+00:00,2027-01-15 00:00:00+00:00,MSFT,MSFT270115P00500000,put,True,500.0,55.95,56.45,56.61,480.8399963378906,0.23040015213012693,0.03539610022899104,0.007070959208665306,23.0,1868,2025-12-05 16:04:08+00:00,4.931111111111111,56.2,1.1095890410958904
2025-12-05 21:00:00+00:00,2027-01-15 00:00:00+00:00,MSFT,MSFT270115P00505000,put,True,505.0,58.55,59.05,59.1,480.8399963378906,0.22815713256835937,0.03539610022899104,0.007070959208665306,5.0,461,2025-12-05 15:48:45+00:00,5.1875,58.8,1.1095890410958904
2025-12-05 21:00:00+00:00,2027-01-15 00:00:00+00:00,MSFT,MSFT270115P00510000,put,True,510.0,61.25,61.8,60.92,480.8399963378906,0.2262498030090332,0.03539610022899104,0.007070959208665306,1.0,382,2025-12-03 19:51:57+00:00,49.134166666666665,61.525,1.1095890410958904
2025-12-05 21:00:00+00:00,2027-01-15 00:00:00+00:00,MSFT,MSFT270115P00515000,put,True,515.0,64.05,64.55,59.45,480.8399963378906,0.22395337821960445,0.03539610022899104,0.007070959208665306,7.0,127,2025-11-28 16:38:47+00:00,172.35361111111112,64.3,1.1095890410958904
2025-12-05 21:00:00+00:00,2027-01-15 00:00:00+00:00,MSFT,MSFT270115P00520000,put,True,520.0,66.9,67.45,68.3,480.8399963378906,0.22199264343261715,0.03539610022899104,0.007070959208665306,2.0,1355,2025-12-02 17:34:56+00:00,75.41777777777777,67.17500000000001,1.1095890410958904
2025-12-05 21:00:00+00:00,2027-01-15 00:00:00+00:00,MSFT,MSFT270115P00525000,put,True,525.0,69.85,70.4,65.46,480.8399963378906,0.21987169296264647,0.03539610022899104,0.007070959208665306,1.0,34,2025-12-01 16:39:08+00:00,100.34777777777778,70.125,1.1095890410958904
2025-12-05 21:00:00+00:00,2027-01-15 00:00:00+00:00,MSFT,MSFT270115P00530000,put,True,530.0,72.85,73.45,76.09,480.8399963378906,0.21784992362976072,0.03539610022899104,0.007070959208665306,5.0,511,2025-11-25 17:40:19+00:00,243.32805555555555,73.15,1.1095890410958904
2025-12-05 21:00:00+00:00,2027-01-15 00:00:00+00:00,MSFT,MSFT270115P00535000,put,True,535.0,75.95,76.6,80.97,480.8399963378906,0.21591970611572264,0.03539610022899104,0.007070959208665306,20.0,39,2025-11-20 20:50:42+00:00,360.155,76.275,1.1095890410958904
2025-12-05 21:00:00+00:00,2027-01-15 00:00:00+00:00,MSFT,MSFT270115P00540000,put,True,540.0,79.15,79.75,81.6,480.8399963378906,0.21356987609863282,0.03539610022899104,0.007070959208665306,10.0,430,2025-11-25 20:54:41+00:00,240.0886111111111,79.45,1.1095890410958904
2025-12-05 21:00:00+00:00,2027-01-15 00:00:00+00:00,MSFT,MSFT270115P00545000,put,True,545.0,82.35,82.95,82.68,480.8399963378906,0.21103694244384763,0.03539610022899104,0.007070959208665306,10.0,31,2025-11-19 19:14:05+00:00,385.7652777777778,82.65,1.1095890410958904
2025-12-05 21:00:00+00:00,2027-01-15 00:00:00+00:00,MSFT,MSFT270115P00550000,put,True,550.0,85.7,87.75,89.05,480.8399963378906,0.21678944839477537,0.03539610022899104,0.007070959208665306,6.0,241,2025-12-03 15:04:11+00:00,53.930277777777775,86.725,1.1095890410958904
2025-12-05 21:00:00+00:00,2027-01-15 00:00:00+00:00,MSFT,MSFT270115P00555000,put,True,555.0,83.8,84.6,65.95,480.8399963378906,0.1767736742401123,0.03539610022899104,0.007070959208665306,23.0,34,2025-10-30 19:50:00+00:00,865.1666666666666,84.19999999999999,1.1095890410958904
2025-12-05 21:00:00+00:00,2027-01-15 00:00:00+00:00,MSFT,MSFT270115P00560000,put,True,560.0,92.55,93.3,92.15,480.8399963378906,0.2048419360351562,0.03539610022899104,0.007070959208665306,1.0,222,2025-11-26 14:42:07+00:00,222.29805555555555,92.925,1.1095890410958904
2025-12-05 21:00:00+00:00,2027-01-15 00:00:00+00:00,MSFT,MSFT270115P00565000,put,True,565.0,95.7,96.95,81.79,480.8399963378906,0.20302615829467768,0.03539610022899104,0.007070959208665306,50.0,86,2025-11-17 15:29:41+00:00,437.5052777777778,96.325,1.1095890410958904
2025-12-05 21:00:00+00:00,2027-01-15 00:00:00+00:00,MSFT,MSFT270115P00570000,put,True,570.0,99.2,100.6,102.15,480.8399963378906,0.20075262145996092,0.03539610022899104,0.007070959208665306,3.0,454,2025-11-25 20:53:00+00:00,240.11666666666667,99.9,1.1095890410958904
2025-12-05 21:00:00+00:00,2027-01-15 00:00:00+00:00,MSFT,MSFT270115P00575000,put,True,575.0,102.85,104.3,98.38,480.8399963378906,0.1982807223510742,0.03539610022899104,0.007070959208665306,1.0,36,2025-11-18 18:09:33+00:00,410.8408333333333,103.57499999999999,1.1095890410958904
2025-12-05 21:00:00+00:00,2027-01-15 00:00:00+00:00,MSFT,MSFT270115P00580000,put,True,580.0,106.55,108.05,109.6,480.8399963378906,0.1956257196044922,0.03539610022899104,0.007070959208665306,3.0,429,2025-11-25 20:50:50+00:00,240.15277777777777,107.3,1.1095890410958904
2025-12-05 21:00:00+00:00,2027-01-15 00:00:00+00:00,MSFT,MSFT270115P00585000,put,True,585.0,104.4,106.35,74.85,480.8399963378906,0.14931575790405271,0.03539610022899104,0.007070959208665306,2.0,17,2025-10-28 15:22:19+00:00,917.6280555555555,105.375,1.1095890410958904
2025-12-05 21:00:00+00:00,2027-01-15 00:00:00+00:00,MSFT,MSFT270115P00590000,put,True,590.0,114.4,115.8,117.94,480.8399963378906,0.19034623138427736,0.03539610022899104,0.007070959208665306,2.0,90,2025-11-25 20:49:51+00:00,240.16916666666665,115.1,1.1095890410958904
2025-12-05 21:00:00+00:00,2027-01-15 00:00:00+00:00,MSFT,MSFT270115P00595000,put,True,595.0,122.0,123.6,93.41,480.8399963378906,0.21511099838256836,0.03539610022899104,0.007070959208665306,2.0,8,2025-10-20 17:46:21+00:00,1107.2275,122.8,1.1095890410958904
2025-12-05 21:00:00+00:00,2027-01-15 00:00:00+00:00,MSFT,MSFT270115P00600000,put,True,600.0,122.0,123.8,124.0,480.8399963378906,0.1845632081604004,0.03539610022899104,0.007070959208665306,3.0,328,2025-12-05 20:46:08+00:00,0.2311111111111111,122.9,1.1095890410958904
2025-12-05 21:00:00+00:00,2027-01-15 00:00:00+00:00,MSFT,MSFT270115P00605000,put,True,605.0,120.05,122.2,88.52,480.8399963378906,0.10340252075195311,0.03539610022899104,0.007070959208665306,2.0,5,2025-10-28 16:21:11+00:00,916.6469444444444,121.125,1.1095890410958904
2025-12-05 21:00:00+00:00,2027-01-15 00:00:00+00:00,MSFT,MSFT270115P00610000,put,True,610.0,130.6,132.1,134.83,480.8399963378906,0.17865811584472657,0.03539610022899104,0.007070959208665306,1.0,70,2025-11-25 20:41:41+00:00,240.30527777777777,131.35,1.1095890410958904
2025-12-05 21:00:00+00:00,2027-01-15 00:00:00+00:00,MSFT,MSFT270115P00615000,put,True,615.0,134.8,136.35,141.71,480.8399963378906,0.17556061264038086,0.03539610022899104,0.007070959208665306,82.0,79,2025-11-24 20:06:04+00:00,264.8988888888889,135.575,1.1095890410958904
2025-12-05 21:00:00+00:00,2027-01-15 00:00:00+00:00,MSFT,MSFT270115P00620000,put,True,620.0,139.1,142.05,144.06,480.8399963378906,0.1866994172668457,0.03539610022899104,0.007070959208665306,38.0,104,2025-11-25 20:59:30+00:00,240.00833333333333,140.575,1.1095890410958904
2025-12-05 21:00:00+00:00,2027-01-15 00:00:00+00:00,MSFT,MSFT270115P00625000,put,True,625.0,143.45,145.05,137.27,480.8399963378906,0.16913672668457033,0.03539610022899104,0.007070959208665306,1.0,11,2025-11-18 18:12:32+00:00,410.7911111111111,144.25,1.1095890410958904
2025-12-05 21:00:00+00:00,2027-01-15 00:00:00+00:00,MSFT,MSFT270115P00630000,put,True,630.0,148.05,149.55,150.1,480.8399963378906,0.16651224121093755,0.03539610022899104,0.007070959208665306,5.0,103,2025-12-05 18:37:07+00:00,2.381388888888889,148.8,1.1095890410958904
2025-12-05 21:00:00+00:00,2027-01-15 00:00:00+00:00,MSFT,MSFT270115P00635000,put,True,635.0,152.1,154.05,156.95,480.8399963378906,0.16303327209472657,0.03539610022899104,0.007070959208665306,1.0,28,2025-12-04 19:56:32+00:00,25.057777777777776,153.075,1.1095890410958904
2025-12-05 21:00:00+00:00,2027-01-15 00:00:00+00:00,MSFT,MSFT270115P00640000,put,True,640.0,157.05,158.6,162.01,480.8399963378906,0.15927964752197266,0.03539610022899104,0.007070959208665306,9.0,30,2025-11-25 20:48:46+00:00,240.18722222222223,157.825,1.1095890410958904
2025-12-05 21:00:00+00:00,2027-01-15 00:00:00+00:00,MSFT,MSFT270115P00645000,put,True,645.0,161.6,163.3,173.4,480.8399963378906,0.15717395568847659,0.03539610022899104,0.007070959208665306,5.0,0,2025-11-25 16:27:20+00:00,244.54444444444445,162.45,1.1095890410958904
2025-12-05 21:00:00+00:00,2027-01-15 00:00:00+00:00,MSFT,MSFT270115P00650000,put,True,650.0,166.05,168.05,167.23,480.8399963378906,0.15531240203857422,0.03539610022899104,0.007070959208665306,1.0,3,2025-12-03 16:18:57+00:00,52.68416666666667,167.05,1.1095890410958904
2025-12-05 21:00:00+00:00,2027-01-15 00:00:00+00:00,MSFT,MSFT270115P00655000,put,True,655.0,163.0,167.5,134.45,480.8399963378906,1.0000000000000003e-05,0.03539610022899104,0.007070959208665306,2.0,1,2025-10-30 17:42:10+00:00,867.2972222222222,165.25,1.1095890410958904
2025-12-05 21:00:00+00:00,2027-01-15 00:00:00+00:00,MSFT,MSFT270115P00660000,put,True,660.0,175.0,179.5,170.41,480.8399963378906,0.1872945040893555,0.03539610022899104,0.007070959208665306,1.0,4,2025-11-19 14:40:06+00:00,390.33166666666665,177.25,1.1095890410958904
2025-12-05 21:00:00+00:00,2027-01-15 00:00:00+00:00,MSFT,MSFT270115P00670000,put,True,670.0,178.0,182.5,136.74,480.8399963378906,1.0000000000000003e-05,0.03539610022899104,0.007070959208665306,,0,2025-10-28 15:54:00+00:00,917.1,180.25,1.1095890410958904
2025-12-05 21:00:00+00:00,2027-01-15 00:00:00+00:00,MSFT,MSFT270115P00675000,put,True,675.0,189.5,194.5,164.3,480.8399963378906,0.19742623870849607,0.03539610022899104,0.007070959208665306,15.0,0,2025-11-04 17:56:11+00:00,747.0636111111111,192.0,1.1095890410958904
2025-12-05 21:00:00+00:00,2027-01-15 00:00:00+00:00,MSFT,MSFT270115P00680000,put,True,680.0,194.5,199.0,183.96,480.8399963378906,0.1926960614013672,0.03539610022899104,0.007070959208665306,4.0,0,2025-11-07 15:20:39+00:00,677.6558333333334,196.75,1.1095890410958904
2025-12-05 21:00:00+00:00,2027-01-15 00:00:00+00:00,MSFT,MSFT270115P00690000,put,True,690.0,198.0,202.5,161.85,480.8399963378906,1.0000000000000003e-05,0.03539610022899104,0.007070959208665306,,0,2025-10-30 13:47:38+00:00,871.2061111111111,200.25,1.1095890410958904
2025-12-05 21:00:00+00:00,2027-01-15 00:00:00+00:00,MSFT,MSFT270115P00695000,put,True,695.0,209.5,214.0,194.57,480.8399963378906,0.20215641601562498,0.03539610022899104,0.007070959208665306,2.0,0,2025-11-06 15:10:30+00:00,701.825,211.75,1.1095890410958904
2025-12-05 21:00:00+00:00,2027-01-15 00:00:00+00:00,MSFT,MSFT270115P00700000,put,True,700.0,214.5,219.0,206.99,480.8399963378906,0.20520814331054685,0.03539610022899104,0.007070959208665306,2.0,0,2025-11-18 15:30:46+00:00,413.4872222222222,216.75,1.1095890410958904
2025-12-05 21:00:00+00:00,2027-01-15 00:00:00+00:00,MSFT,MSFT270115P00705000,put,True,705.0,213.0,217.5,175.5,480.8399963378906,1.0000000000000003e-05,0.03539610022899104,0.007070959208665306,,0,2025-10-30 13:46:30+00:00,871.225,215.25,1.1095890410958904
2025-12-05 21:00:00+00:00,2027-01-15 00:00:00+00:00,MSFT,MSFT270115P00720000,put,True,720.0,210.95,214.45,218.14,480.8399963378906,1.0000000000000003e-05,0.03539610022899104,0.007070959208665306,,0,2025-07-23 15:36:07+00:00,3245.3980555555554,212.7,1.1095890410958904
2025-12-05 21:00:00+00:00,2027-01-15 00:00:00+00:00,MSFT,MSFT270115P00730000,put,True,730.0,237.5,242.5,192.93,480.8399963378906,1.0000000000000003e-05,0.03539610022899104,0.007070959208665306,,0,2025-10-29 16:46:57+00:00,892.2175,240.0,1.1095890410958904
2025-12-05 21:00:00+00:00,2027-01-15 00:00:00+00:00,MSFT,MSFT270115P00740000,put,True,740.0,230.7,235.0,230.02,480.8399963378906,1.0000000000000003e-05,0.03539610022899104,0.007070959208665306,8.0,0,2025-07-21 19:51:24+00:00,3289.1433333333334,232.85,1.1095890410958904
2025-12-05 21:00:00+00:00,2027-01-15 00:00:00+00:00,MSFT,MSFT270115P00760000,put,True,760.0,0.0,0.0,233.36,480.8399963378906,1.0000000000000003e-05,0.03539610022899104,0.007070959208665306,,0,2025-08-12 15:53:10+00:00,2765.113888888889,0.0,1.1095890410958904
2025-12-05 21:00:00+00:00,2027-01-15 00:00:00+00:00,MSFT,MSFT270115P00780000,put,True,780.0,287.5,292.5,247.81,480.8399963378906,1.0000000000000003e-05,0.03539610022899104,0.007070959208665306,1.0,0,2025-10-27 13:30:01+00:00,943.4997222222222,290.0,1.1095890410958904
2025-12-05 21:00:00+00:00,2027-01-15 00:00:00+00:00,MSFT,MSFT270115P00800000,put,True,800.0,314.5,319.5,306.99,480.8399963378906,0.27057614196777346,0.03539610022899104,0.007070959208665306,2.0,0,2025-11-18 15:30:46+00:00,413.4872222222222,317.0,1.1095890410958904
2025-12-05 21:00:00+00:00,2027-06-17 00:00:00+00:00,MSFT,MSFT270617C00175000,call,True,175.0,314.0,319.0,332.0,480.8399963378906,0.6036416589355471,0.03539610022899104,0.007070959208665306,1.0,4,2025-11-06 18:13:37+00:00,698.7730555555555,316.5,1.5287671232876712
2025-12-05 21:00:00+00:00,2027-06-17 00:00:00+00:00,MSFT,MSFT270617C00180000,call,True,180.0,333.5,338.5,321.5,480.8399963378906,0.9233100930786133,0.03539610022899104,0.007070959208665306,,1,2025-07-01 19:01:20+00:00,3769.9777777777776,336.0,1.5287671232876712
2025-12-05 21:00:00+00:00,2027-06-17 00:00:00+00:00,MSFT,MSFT270617C00185000,call,True,185.0,339.0,343.5,330.28,480.8399963378906,1.016011389694214,0.03539610022899104,0.007070959208665306,1.0,25,2025-09-03 14:26:38+00:00,2238.556111111111,341.25,1.5287671232876712
2025-12-05 21:00:00+00:00,2027-06-17 00:00:00+00:00,MSFT,MSFT270617C00190000,call,True,190.0,327.5,332.5,344.75,480.8399963378906,0.9239204385375978,0.03539610022899104,0.007070959208665306,1.0,12,2025-10-08 14:44:59+00:00,1398.2502777777777,330.0,1.5287671232876712
2025-12-05 21:00:00+00:00,2027-06-17 00:00:00+00:00,MSFT,MSFT270617C00195000,call,True,195.0,0.0,0.0,210.0,480.8399963378906,1.0000000000000003e-05,0.03539610022899104,0.007070959208665306,,0,2025-03-17 16:08:30+00:00,6316.858333333334,0.0,1.5287671232876712
2025-12-05 21:00:00+00:00,2027-06-17 00:00:00+00:00,MSFT,MSFT270617C00200000,call,True,200.0,291.0,296.0,285.25,480.8399963378906,0.5647931704711916,0.03539610022899104,0.007070959208665306,1.0,17,2025-11-24 19:53:49+00:00,265.10305555555556,293.5,1.5287671232876712
2025-12-05 21:00:00+00:00,2027-06-17 00:00:00+00:00,MSFT,MSFT270617C00210000,call,True,210.0,282.0,286.5,290.0,480.8399963378906,0.5485884985351563,0.03539610022899104,0.007070959208665306,1.0,9,2025-11-20 16:15:11+00:00,364.74694444444447,284.25,1.5287671232876712
2025-12-05 21:00:00+00:00,2027-06-17 00:00:00+00:00,MSFT,MSFT270617C00220000,call,True,220.0,300.0,305.0,305.93,480.8399963378906,0.8266313723754881,0.03539610022899104,0.007070959208665306,1.0,6,2025-10-01 13:30:02+00:00,1567.4994444444444,302.5,1.5287671232876712
2025-12-05 21:00:00+00:00,2027-06-17 00:00:00+00:00,MSFT,MSFT270617C00230000,call,True,230.0,263.5,268.5,289.25,480.8399963378906,0.5199022619628906,0.03539610022899104,0.007070959208665306,5.0,7,2025-11-10 20:27:08+00:00,600.5477777777778,266.0,1.5287671232876712
2025-12-05 21:00:00+00:00,2027-06-17 00:00:00+00:00,MSFT,MSFT270617C00240000,call,True,240.0,254.5,259.5,261.98,480.8399963378906,0.5069781968688964,0.03539610022899104,0.007070959208665306,1.0,3,2025-12-01 15:01:23+00:00,101.97694444444444,257.0,1.5287671232876712
2025-12-05 21:00:00+00:00,2027-06-17 00:00:00+00:00,MSFT,MSFT270617C00250000,call,True,250.0,252.5,257.0,291.0,480.8399963378906,0.5628858409118653,0.03539610022899104,0.007070959208665306,1.0,6,2025-10-30 17:12:22+00:00,867.7938888888889,254.75,1.5287671232876712
2025-12-05 21:00:00+00:00,2027-06-17 00:00:00+00:00,MSFT,MSFT270617C00260000,call,True,260.0,237.0,242.0,263.05,480.8399963378906,0.5106555282592774,0.03539610022899104,0.007070959208665306,1.0,6,2025-11-17 20:25:53+00:00,432.5686111111111,239.5,1.5287671232876712
2025-12-05 21:00:00+00:00,2027-06-17 00:00:00+00:00,MSFT,MSFT270617C00270000,call,True,270.0,235.0,239.5,266.63,480.8399963378906,0.5338181384277343,0.03539610022899104,0.007070959208665306,50.0,74,2025-10-31 19:35:26+00:00,841.4094444444445,237.25,1.5287671232876712
2025-12-05 21:00:00+00:00,2027-06-17 00:00:00+00:00,MSFT,MSFT270617C00280000,call,True,280.0,219.5,224.5,227.15,480.8399963378906,0.4853719676208496,0.03539610022899104,0.007070959208665306,1.0,197,2025-11-26 18:40:47+00:00,218.3202777777778,222.0,1.5287671232876712
2025-12-05 21:00:00+00:00,2027-06-17 00:00:00+00:00,MSFT,MSFT270617C00290000,call,True,290.0,211.0,216.0,207.22,480.8399963378906,0.4745993702697754,0.03539610022899104,0.007070959208665306,1.0,51,2025-11-24 18:13:37+00:00,266.7730555555556,213.5,1.5287671232876712
2025-12-05 21:00:00+00:00,2027-06-17 00:00:00+00:00,MSFT,MSFT270617C00300000,call,True,300.0,202.85,206.05,211.61,480.8399963378906,0.4520928814697266,0.03539610022899104,0.007070959208665306,1.0,35,2025-12-02 19:14:24+00:00,73.76,204.45,1.5287671232876712
2025-12-05 21:00:00+00:00,2027-06-17 00:00:00+00:00,MSFT,MSFT270617C00310000,call,True,310.0,195.5,197.75,228.0,480.8399963378906,0.44280037185668947,0.03539610022899104,0.007070959208665306,1.0,18,2025-11-03 20:51:09+00:00,768.1475,196.625,1.5287671232876712
2025-12-05 21:00:00+00:00,2027-06-17 00:00:00+00:00,MSFT,MSFT270617C00320000,call,True,320.0,187.25,189.45,196.8,480.8399963378906,0.43306536178588867,0.03539610022899104,0.007070959208665306,1.0,56,2025-11-28 17:13:13+00:00,171.77972222222223,188.35,1.5287671232876712
2025-12-05 21:00:00+00:00,2027-06-17 00:00:00+00:00,MSFT,MSFT270617C00330000,call,True,330.0,179.15,181.35,179.25,480.8399963378906,0.4243069044494629,0.03539610022899104,0.007070959208665306,1.0,52,2025-12-03 20:29:38+00:00,48.50611111111111,180.25,1.5287671232876712
2025-12-05 21:00:00+00:00,2027-06-17 00:00:00+00:00,MSFT,MSFT270617C00340000,call,True,340.0,171.2,173.35,178.17,480.8399963378906,0.41573155075073237,0.03539610022899104,0.007070959208665306,17.0,46,2025-12-02 20:58:01+00:00,72.03305555555555,172.27499999999998,1.5287671232876712
2025-12-05 21:00:00+00:00,2027-06-17 00:00:00+00:00,MSFT,MSFT270617C00350000,call,True,350.0,163.9,165.5,162.95,480.8399963378906,0.40761395614624024,0.03539610022899104,0.007070959208665306,3.0,130,2025-12-04 18:08:25+00:00,26.85972222222222,164.7,1.5287671232876712
2025-12-05 21:00:00+00:00,2027-06-17 00:00:00+00:00,MSFT,MSFT270617C00360000,call,True,360.0,155.75,157.85,152.9,480.8399963378906,0.4001677415466309,0.03539610022899104,0.007070959208665306,4.0,47,2025-12-04 14:59:50+00:00,30.002777777777776,156.8,1.5287671232876712
2025-12-05 21:00:00+00:00,2027-06-17 00:00:00+00:00,MSFT,MSFT270617C00370000,call,True,370.0,148.55,149.95,144.0,480.8399963378906,0.390707386932373,0.03539610022899104,0.007070959208665306,1.0,67,2025-12-04 16:06:01+00:00,28.899722222222223,149.25,1.5287671232876712
2025-12-05 21:00:00+00:00,2027-06-17 00:00:00+00:00,MSFT,MSFT270617C00380000,call,True,380.0,140.95,142.65,142.25,480.8399963378906,0.384146173248291,0.03539610022899104,0.007070959208665306,1.0,177,2025-11-26 14:31:58+00:00,222.46722222222223,141.8,1.5287671232876712
2025-12-05 21:00:00+00:00,2027-06-17 00:00:00+00:00,MSFT,MSFT270617C00390000,call,True,390.0,133.85,135.5,133.35,480.8399963378906,0.3777528045654296,0.03539610022899104,0.007070959208665306,1.0,910,2025-12-05 14:41:30+00:00,6.308333333333334,134.675,1.5287671232876712
2025-12-05 21:00:00+00:00,2027-06-17 00:00:00+00:00,MSFT,MSFT270617C00400000,call,True,400.0,126.9,128.55,124.67,480.8399963378906,0.37174090179443364,0.03539610022899104,0.007070959208665306,1.0,391,2025-12-04 14:30:06+00:00,30.498333333333335,127.72500000000001,1.5287671232876712
2025-12-05 21:00:00+00:00,2027-06-17 00:00:00+00:00,MSFT,MSFT270617C00410000,call,True,410.0,120.15,122.2,115.5,480.8399963378906,0.36804831176757813,0.03539610022899104,0.007070959208665306,2.0,154,2025-12-03 14:57:02+00:00,54.04944444444445,121.17500000000001,1.5287671232876712
2025-12-05 21:00:00+00:00,2027-06-17 00:00:00+00:00,MSFT,MSFT270617C00420000,call,True,420.0,113.6,115.3,109.05,480.8399963378906,0.3608920112609863,0.03539610022899104,0.007070959208665306,1.0,128,2025-12-03 14:52:28+00:00,54.12555555555556,114.44999999999999,1.5287671232876712
2025-12-05 21:00:00+00:00,2027-06-17 00:00:00+00:00,MSFT,MSFT270617C00430000,call,True,430.0,107.35,109.25,108.2,480.8399963378906,0.35713838668823245,0.03539610022899104,0.007070959208665306,1.0,193,2025-12-05 20:58:55+00:00,0.018055555555555554,108.3,1.5287671232876712
2025-12-05 21:00:00+00:00,2027-06-17 00:00:00+00:00,MSFT,MSFT270617C00440000,call,True,440.0,101.25,102.8,98.22,480.8399963378906,0.3507755352783203,0.03539610022899104,0.007070959208665306,6.0,404,2025-12-03 20:59:39+00:00,48.005833333333335,102.025,1.5287671232876712
2025-12-05 21:00:00+00:00,2027-06-17 00:00:00+00:00,MSFT,MSFT270617C00450000,call,True,450.0,95.45,96.9,95.22,480.8399963378906,0.34622083229064937,0.03539610022899104,0.007070959208665306,14.0,467,2025-12-05 19:20:12+00:00,1.6633333333333333,96.17500000000001,1.5287671232876712
2025-12-05 21:00:00+00:00,2027-06-17 00:00:00+00:00,MSFT,MSFT270617C00460000,call,True,460.0,89.9,91.1,89.53,480.8399963378906,0.341376215209961,0.03539610022899104,0.007070959208665306,13.0,352,2025-12-05 19:20:12+00:00,1.6633333333333333,90.5,1.5287671232876712
2025-12-05 21:00:00+00:00,2027-06-17 00:00:00+00:00,MSFT,MSFT270617C00470000,call,True,470.0,84.35,86.1,82.0,480.8399963378906,0.33929341133117674,0.03539610022899104,0.007070959208665306,2.0,232,2025-12-04 18:06:52+00:00,26.885555555555555,85.225,1.5287671232876712
2025-12-05 21:00:00+00:00,2027-06-17 00:00:00+00:00,MSFT,MSFT270617C00480000,call,True,480.0,79.25,80.55,79.14,480.8399963378906,0.3340368110656738,0.03539610022899104,0.007070959208665306,8.0,286,2025-12-05 19:13:48+00:00,1.77,79.9,1.5287671232876712
2025-12-05 21:00:00+00:00,2027-06-17 00:00:00+00:00,MSFT,MSFT270617C00490000,call,False,490.0,74.2,75.65,72.13,480.8399963378906,0.33083249740600584,0.03539610022899104,0.007070959208665306,2.0,910,2025-12-04 18:42:07+00:00,26.298055555555557,74.92500000000001,1.5287671232876712
2025-12-05 21:00:00+00:00,2027-06-17 00:00:00+00:00,MSFT,MSFT270617C00500000,call,False,500.0,69.95,70.55,70.35,480.8399963378906,0.32602602691650384,0.03539610022899104,0.007070959208665306,64.0,837,2025-12-05 15:12:38+00:00,5.789444444444444,70.25,1.5287671232876712
2025-12-05 21:00:00+00:00,2027-06-17 00:00:00+00:00,MSFT,MSFT270617C00505000,call,False,505.0,67.65,68.25,65.75,480.8399963378906,0.32439335281372067,0.03539610022899104,0.007070959208665306,18.0,1923,2025-12-03 20:43:22+00:00,48.27722222222222,67.95,1.5287671232876712
2025-12-05 21:00:00+00:00,2027-06-17 00:00:00+00:00,MSFT,MSFT270617C00510000,call,False,510.0,65.4,66.0,64.1,480.8399963378906,0.3227911959838866,0.03539610022899104,0.007070959208665306,2.0,468,2025-12-04 20:14:52+00:00,24.752222222222223,65.7,1.5287671232876712
2025-12-05 21:00:00+00:00,2027-06-17 00:00:00+00:00,MSFT,MSFT270617C00515000,call,False,515.0,63.25,64.5,60.8,480.8399963378906,0.32413395599365225,0.03539610022899104,0.007070959208665306,1.0,163,2025-12-04 14:40:27+00:00,30.325833333333332,63.875,1.5287671232876712
2025-12-05 21:00:00+00:00,2027-06-17 00:00:00+00:00,MSFT,MSFT270617C00520000,call,False,520.0,60.15,61.7,59.6,480.8399963378906,0.31984627914428704,0.03539610022899104,0.007070959208665306,8.0,641,2025-12-03 18:32:55+00:00,50.451388888888886,60.925,1.5287671232876712
2025-12-05 21:00:00+00:00,2027-06-17 00:00:00+00:00,MSFT,MSFT270617C00525000,call,False,525.0,59.05,59.6,58.25,480.8399963378906,0.31829752754211427,0.03539610022899104,0.007070959208665306,1.0,106,2025-12-05 14:53:00+00:00,6.116666666666666,59.325,1.5287671232876712
2025-12-05 21:00:00+00:00,2027-06-17 00:00:00+00:00,MSFT,MSFT270617C00530000,call,False,530.0,57.05,57.6,56.67,480.8399963378906,0.31698528480529786,0.03539610022899104,0.007070959208665306,3.0,393,2025-12-05 19:14:06+00:00,1.765,57.325,1.5287671232876712
2025-12-05 21:00:00+00:00,2027-06-17 00:00:00+00:00,MSFT,MSFT270617C00535000,call,False,535.0,55.1,55.65,54.75,480.8399963378906,0.3156959300231933,0.03539610022899104,0.007070959208665306,3.0,369,2025-12-05 19:14:06+00:00,1.765,55.375,1.5287671232876712
2025-12-05 21:00:00+00:00,2027-06-17 00:00:00+00:00,MSFT,MSFT270617C00540000,call,False,540.0,53.2,53.7,52.76,480.8399963378906,0.3142311009216308,0.03539610022899104,0.007070959208665306,10.0,434,2025-12-05 15:40:35+00:00,5.323611111111111,53.45,1.5287671232876712
2025-12-05 21:00:00+00:00,2027-06-17 00:00:00+00:00,MSFT,MSFT270617C00545000,call,False,545.0,51.3,51.85,55.7,480.8399963378906,0.3129951513671875,0.03539610022899104,0.007070959208665306,1.0,211,2025-11-28 16:59:46+00:00,172.0038888888889,51.575,1.5287671232876712
2025-12-05 21:00:00+00:00,2027-06-17 00:00:00+00:00,MSFT,MSFT270617C00550000,call,False,550.0,49.55,50.05,47.85,480.8399963378906,0.311782089767456,0.03539610022899104,0.007070959208665306,2.0,1258,2025-12-04 19:41:15+00:00,25.3125,49.8,1.5287671232876712
2025-12-05 21:00:00+00:00,2027-06-17 00:00:00+00:00,MSFT,MSFT270617C00555000,call,False,555.0,47.8,48.3,46.0,480.8399963378906,0.3106071747589111,0.03539610022899104,0.007070959208665306,1.0,215,2025-12-04 18:41:27+00:00,26.309166666666666,48.05,1.5287671232876712
2025-12-05 21:00:00+00:00,2027-06-17 00:00:00+00:00,MSFT,MSFT270617C00560000,call,False,560.0,46.05,47.4,44.5,480.8399963378906,0.31287308227539057,0.03539610022899104,0.007070959208665306,2.0,351,2025-12-03 18:43:29+00:00,50.27527777777778,46.724999999999994,1.5287671232876712
2025-12-05 21:00:00+00:00,2027-06-17 00:00:00+00:00,MSFT,MSFT270617C00565000,call,False,565.0,44.4,44.95,42.85,480.8399963378906,0.3083565258789062,0.03539610022899104,0.007070959208665306,38.0,46,2025-12-03 20:54:01+00:00,48.09972222222222,44.675,1.5287671232876712
2025-12-05 21:00:00+00:00,2027-06-17 00:00:00+00:00,MSFT,MSFT270617C00570000,call,False,570.0,42.85,43.35,42.79,480.8399963378906,0.3072807920074463,0.03539610022899104,0.007070959208665306,2.0,212,2025-12-05 15:12:27+00:00,5.7925,43.1,1.5287671232876712
2025-12-05 21:00:00+00:00,2027-06-17 00:00:00+00:00,MSFT,MSFT270617C00575000,call,False,575.0,41.3,41.8,39.75,480.8399963378906,0.3062508340454102,0.03539610022899104,0.007070959208665306,5.0,22,2025-12-03 16:19:45+00:00,52.670833333333334,41.55,1.5287671232876712
2025-12-05 21:00:00+00:00,2027-06-17 00:00:00+00:00,MSFT,MSFT270617C00580000,call,False,580.0,39.8,40.3,39.57,480.8399963378906,0.30525902267456057,0.03539610022899104,0.007070959208665306,2.0,143,2025-12-05 19:13:48+00:00,1.77,40.05,1.5287671232876712
2025-12-05 21:00:00+00:00,2027-06-17 00:00:00+00:00,MSFT,MSFT270617C00585000,call,False,585.0,38.35,38.85,38.32,480.8399963378906,0.3043206165313721,0.03539610022899104,0.007070959208665306,2.0,15,2025-12-05 15:12:27+00:00,5.7925,38.6,1.5287671232876712
2025-12-05 21:00:00+00:00,2027-06-17 00:00:00+00:00,MSFT,MSFT270617C00590000,call,False,590.0,36.95,37.45,35.5,480.8399963378906,0.3034279862976074,0.03539610022899104,0.007070959208665306,1.0,169,2025-12-04 17:49:58+00:00,27.16722222222222,37.2,1.5287671232876712
2025-12-05 21:00:00+00:00,2027-06-17 00:00:00+00:00,MSFT,MSFT270617C00595000,call,False,595.0,35.6,36.05,35.18,480.8399963378906,0.3023598817443848,0.03539610022899104,0.007070959208665306,3.0,6,2025-12-05 18:50:33+00:00,2.1575,35.825,1.5287671232876712
2025-12-05 21:00:00+00:00,2027-06-17 00:00:00+00:00,MSFT,MSFT270617C00600000,call,False,600.0,34.3,34.75,34.0,480.8399963378906,0.30158169128417966,0.03539610022899104,0.007070959208665306,20.0,815,2025-12-05 19:01:29+00:00,1.9752777777777777,34.525,1.5287671232876712
2025-12-05 21:00:00+00:00,2027-06-17 00:00:00+00:00,MSFT,MSFT270617C00605000,call,False,605.0,33.0,33.45,31.85,480.8399963378906,0.30063565582275387,0.03539610022899104,0.007070959208665306,1.0,14,2025-12-04 16:56:27+00:00,28.059166666666666,33.225,1.5287671232876712
2025-12-05 21:00:00+00:00,2027-06-17 00:00:00+00:00,MSFT,MSFT270617C00610000,call,False,610.0,31.75,32.25,30.55,480.8399963378906,0.2999795344543457,0.03539610022899104,0.007070959208665306,2.0,216,2025-12-03 16:29:46+00:00,52.50388888888889,32.0,1.5287671232876712
2025-12-05 21:00:00+00:00,2027-06-17 00:00:00+00:00,MSFT,MSFT270617C00615000,call,False,615.0,30.6,31.05,30.05,480.8399963378906,0.29916319740295405,0.03539610022899104,0.007070959208665306,10.0,9,2025-12-05 17:57:31+00:00,3.0413888888888887,30.825000000000003,1.5287671232876712
2025-12-05 21:00:00+00:00,2027-06-17 00:00:00+00:00,MSFT,MSFT270617C00620000,call,False,620.0,29.45,29.9,29.8,480.8399963378906,0.2984231535339355,0.03539610022899104,0.007070959208665306,1.0,200,2025-12-01 20:55:00+00:00,96.08333333333333,29.674999999999997,1.5287671232876712
2025-12-05 21:00:00+00:00,2027-06-17 00:00:00+00:00,MSFT,MSFT270617C00625000,call,False,625.0,28.35,28.8,29.4,480.8399963378906,0.29775177352905263,0.03539610022899104,0.007070959208665306,2.0,18,2025-11-26 19:41:15+00:00,217.3125,28.575000000000003,1.5287671232876712
2025-12-05 21:00:00+00:00,2027-06-17 00:00:00+00:00,MSFT,MSFT270617C00630000,call,False,630.0,27.3,27.75,25.45,480.8399963378906,0.29717194534301755,0.03539610022899104,0.007070959208665306,24.0,162,2025-11-25 18:44:18+00:00,242.26166666666666,27.525,1.5287671232876712
2025-12-05 21:00:00+00:00,2027-06-17 00:00:00+00:00,MSFT,MSFT270617C00635000,call,False,635.0,26.3,26.7,27.91,480.8399963378906,0.29643953079223634,0.03539610022899104,0.007070959208665306,4.0,16,2025-11-26 16:43:37+00:00,220.27305555555554,26.5,1.5287671232876712
2025-12-05 21:00:00+00:00,2027-06-17 00:00:00+00:00,MSFT,MSFT270617C00640000,call,False,640.0,25.3,25.7,25.06,480.8399963378906,0.2957986680603027,0.03539610022899104,0.007070959208665306,3.0,487,2025-12-05 15:38:22+00:00,5.360555555555556,25.5,1.5287671232876712
2025-12-05 21:00:00+00:00,2027-06-17 00:00:00+00:00,MSFT,MSFT270617C00645000,call,False,645.0,24.3,24.75,23.75,480.8399963378906,0.29524935714721673,0.03539610022899104,0.007070959208665306,3.0,4,2025-12-03 15:51:45+00:00,53.1375,24.525,1.5287671232876712
2025-12-05 21:00:00+00:00,2027-06-17 00:00:00+00:00,MSFT,MSFT270617C00650000,call,False,650.0,23.4,23.85,23.05,480.8399963378906,0.29480685668945306,0.03539610022899104,0.007070959208665306,13.0,285,2025-12-04 20:58:29+00:00,24.025277777777777,23.625,1.5287671232876712
2025-12-05 21:00:00+00:00,2027-06-17 00:00:00+00:00,MSFT,MSFT270617C00655000,call,False,655.0,22.05,22.95,20.9,480.8399963378906,0.29422702850341786,0.03539610022899104,0.007070959208665306,2.0,3,2025-11-25 18:43:40+00:00,242.2722222222222,22.5,1.5287671232876712
2025-12-05 21:00:00+00:00,2027-06-17 00:00:00+00:00,MSFT,MSFT270617C00660000,call,False,660.0,19.65,22.1,22.37,480.8399963378906,0.29375401077270497,0.03539610022899104,0.007070959208665306,5.0,707,2025-12-01 14:47:51+00:00,102.2025,20.875,1.5287671232876712
2025-12-05 21:00:00+00:00,2027-06-17 00:00:00+00:00,MSFT,MSFT270617C00665000,call,False,665.0,20.85,21.25,20.08,480.8399963378906,0.29314366531372066,0.03539610022899104,0.007070959208665306,1.0,11,2025-12-04 15:40:22+00:00,29.327222222222222,21.05,1.5287671232876712
2025-12-05 21:00:00+00:00,2027-06-17 00:00:00+00:00,MSFT,MSFT270617C00670000,call,False,670.0,20.05,20.5,18.35,480.8399963378906,0.2929300444030761,0.03539610022899104,0.007070959208665306,1.0,3,2025-11-21 18:29:44+00:00,338.50444444444446,20.275,1.5287671232876712
2025-12-05 21:00:00+00:00,2027-06-17 00:00:00+00:00,MSFT,MSFT270617C00675000,call,False,675.0,19.3,19.7,18.95,480.8399963378906,0.29230444030761704,0.03539610022899104,0.007070959208665306,13.0,129,2025-12-05 14:45:39+00:00,6.239166666666667,19.5,1.5287671232876712
2025-12-05 21:00:00+00:00,2027-06-17 00:00:00+00:00,MSFT,MSFT270617C00680000,call,False,680.0,18.6,19.0,19.0,480.8399963378906,0.29209081939697257,0.03539610022899104,0.007070959208665306,1.0,557,2025-12-01 14:30:38+00:00,102.48944444444444,18.8,1.5287671232876712
2025-12-05 21:00:00+00:00,2027-06-17 00:00:00+00:00,MSFT,MSFT270617C00685000,call,False,685.0,17.9,18.3,17.6,480.8399963378906,0.29175512939453113,0.03539610022899104,0.007070959208665306,2.0,5,2025-12-04 15:14:26+00:00,29.759444444444444,18.1,1.5287671232876712
2025-12-05 21:00:00+00:00,2027-06-17 00:00:00+00:00,MSFT,MSFT270617C00690000,call,False,690.0,17.2,17.6,17.85,480.8399963378906,0.2912821116638183,0.03539610022899104,0.007070959208665306,,2,2025-11-26 20:54:40+00:00,216.0888888888889,17.4,1.5287671232876712
2025-12-05 21:00:00+00:00,2027-06-17 00:00:00+00:00,MSFT,MSFT270617C00695000,call,False,695.0,23.0,23.65,22.65,480.8399963378906,0.3283605982971191,0.03539610022899104,0.007070959208665306,,0,2025-10-15 15:01:56+00:00,1229.9677777777779,23.325,1.5287671232876712
2025-12-05 21:00:00+00:00,2027-06-17 00:00:00+00:00,MSFT,MSFT270617C00700000,call,False,700.0,15.95,16.35,15.97,480.8399963378906,0.2908396112060546,0.03539610022899104,0.007070959208665306,1.0,184,2025-12-05 19:23:15+00:00,1.6125,16.15,1.5287671232876712
2025-12-05 21:00:00+00:00,2027-06-17 00:00:00+00:00,MSFT,MSFT270617C00705000,call,False,705.0,15.35,15.75,14.5,480.8399963378906,0.2905802143859863,0.03539610022899104,0.007070959208665306,1.0,4,2025-12-03 14:47:05+00:00,54.21527777777778,15.55,1.5287671232876712
2025-12-05 21:00:00+00:00,2027-06-17 00:00:00+00:00,MSFT,MSFT270617C00710000,call,False,710.0,14.75,15.15,12.05,480.8399963378906,0.2901911191558838,0.03539610022899104,0.007070959208665306,2.0,10,2025-11-25 15:41:11+00:00,245.3136111111111,14.95,1.5287671232876712
2025-12-05 21:00:00+00:00,2027-06-17 00:00:00+00:00,MSFT,MSFT270617C00715000,call,False,715.0,14.2,14.6,14.11,480.8399963378906,0.2900003861999511,0.03539610022899104,0.007070959208665306,1.0,6,2025-12-01 14:30:16+00:00,102.49555555555555,14.399999999999999,1.5287671232876712
2025-12-05 21:00:00+00:00,2027-06-17 00:00:00+00:00,MSFT,MSFT270617C00720000,call,False,720.0,13.7,14.05,14.35,480.8399963378906,0.28967995483398434,0.03539610022899104,0.007070959208665306,10.0,116,2025-12-02 20:16:58+00:00,72.71722222222222,13.875,1.5287671232876712
2025-12-05 21:00:00+00:00,2027-06-17 00:00:00+00:00,MSFT,MSFT270617C00725000,call,False,725.0,13.15,13.55,13.85,480.8399963378906,0.28957314437866205,0.03539610022899104,0.007070959208665306,2.0,7,2025-11-26 20:49:32+00:00,216.17444444444445,13.350000000000001,1.5287671232876712
2025-12-05 21:00:00+00:00,2027-06-17 00:00:00+00:00,MSFT,MSFT270617C00730000,call,False,730.0,12.7,13.05,16.55,480.8399963378906,0.28935189414978013,0.03539610022899104,0.007070959208665306,,2,2025-11-06 20:43:07+00:00,696.2813888888888,12.875,1.5287671232876712
2025-12-05 21:00:00+00:00,2027-06-17 00:00:00+00:00,MSFT,MSFT270617C00735000,call,False,735.0,12.2,12.55,11.2,480.8399963378906,0.28900857482910147,0.03539610022899104,0.007070959208665306,1.0,54,2025-11-25 20:07:31+00:00,240.87472222222223,12.375,1.5287671232876712
2025-12-05 21:00:00+00:00,2027-06-17 00:00:00+00:00,MSFT,MSFT270617C00740000,call,False,740.0,11.75,12.1,11.98,480.8399963378906,0.2889017643737792,0.03539610022899104,0.007070959208665306,2.0,128,2025-12-01 15:40:33+00:00,101.32416666666667,11.925,1.5287671232876712
2025-12-05 21:00:00+00:00,2027-06-17 00:00:00+00:00,MSFT,MSFT270617C00745000,call,False,745.0,11.35,11.7,10.4,480.8399963378906,0.289046721420288,0.03539610022899104,0.007070959208665306,2.0,4,2025-11-21 19:31:13+00:00,337.4797222222222,11.524999999999999,1.5287671232876712
2025-12-05 21:00:00+00:00,2027-06-17 00:00:00+00:00,MSFT,MSFT270617C00750000,call,False,750.0,10.9,11.25,9.5,480.8399963378906,0.28871866073608393,0.03539610022899104,0.007070959208665306,25.0,53,2025-11-24 17:05:34+00:00,267.90722222222223,11.075,1.5287671232876712
2025-12-05 21:00:00+00:00,2027-06-17 00:00:00+00:00,MSFT,MSFT270617C00755000,call,False,755.0,10.55,10.85,10.2,480.8399963378906,0.2886576261901855,0.03539610022899104,0.007070959208665306,1.0,4,2025-12-04 18:05:43+00:00,26.904722222222222,10.7,1.5287671232876712
2025-12-05 21:00:00+00:00,2027-06-17 00:00:00+00:00,MSFT,MSFT270617C00760000,call,False,760.0,10.15,10.45,10.03,480.8399963378906,0.28848978118896473,0.03539610022899104,0.007070959208665306,1.0,206,2025-12-05 18:27:28+00:00,2.542222222222222,10.3,1.5287671232876712
2025-12-05 21:00:00+00:00,2027-06-17 00:00:00+00:00,MSFT,MSFT270617C00765000,call,False,765.0,9.75,10.1,10.46,480.8399963378906,0.288596591644287,0.03539610022899104,0.007070959208665306,1.0,5,2025-11-26 19:20:03+00:00,217.66583333333332,9.925,1.5287671232876712
2025-12-05 21:00:00+00:00,2027-06-17 00:00:00+00:00,MSFT,MSFT270617C00770000,call,False,770.0,9.4,9.7,9.75,480.8399963378906,0.2882151257324218,0.03539610022899104,0.007070959208665306,2.0,6,2025-12-02 20:13:39+00:00,72.7725,9.55,1.5287671232876712
2025-12-05 21:00:00+00:00,2027-06-17 00:00:00+00:00,MSFT,MSFT270617C00775000,call,False,775.0,9.05,9.35,12.7,480.8399963378906,0.2881235739135741,0.03539610022899104,0.007070959208665306,1.0,3,2025-11-14 15:58:13+00:00,509.02972222222223,9.2,1.5287671232876712
2025-12-05 21:00:00+00:00,2027-06-17 00:00:00+00:00,MSFT,MSFT270617C00780000,call,False,780.0,8.75,9.05,9.3,480.8399963378906,0.28835245346069327,0.03539610022899104,0.007070959208665306,2.0,116,2025-11-26 20:32:59+00:00,216.45027777777779,8.9,1.5287671232876712
2025-12-05 21:00:00+00:00,2027-06-17 00:00:00+00:00,MSFT,MSFT270617C00800000,call,False,800.0,7.5,7.8,7.5,480.8399963378906,0.28790995300292954,0.03539610022899104,0.007070959208665306,1.0,1214,2025-12-05 14:41:19+00:00,6.311388888888889,7.65,1.5287671232876712
2025-12-05 21:00:00+00:00,2027-06-17 00:00:00+00:00,MSFT,MSFT270617P00175000,put,False,175.0,0.72,0.88,0.88,480.8399963378906,0.3898986791992188,0.03539610022899104,0.007070959208665306,10.0,147,2025-12-01 20:29:46+00:00,96.5038888888889,0.8,1.5287671232876712
2025-12-05 21:00:00+00:00,2027-06-17 00:00:00+00:00,MSFT,MSFT270617P00180000,put,False,180.0,0.82,0.98,0.96,480.8399963378906,0.3859924682617187,0.03539610022899104,0.007070959208665306,1.0,61,2025-12-02 16:34:58+00:00,76.41722222222222,0.8999999999999999,1.5287671232876712
2025-12-05 21:00:00+00:00,2027-06-17 00:00:00+00:00,MSFT,MSFT270617P00185000,put,False,185.0,0.92,1.09,1.4,480.8399963378906,0.38220832641601554,0.03539610022899104,0.007070959208665306,2.0,87,2025-11-21 14:58:44+00:00,342.0211111111111,1.0050000000000001,1.5287671232876712
2025-12-05 21:00:00+00:00,2027-06-17 00:00:00+00:00,MSFT,MSFT270617P00190000,put,False,190.0,0.66,1.41,1.55,480.8399963378906,0.3880676428222656,0.03539610022899104,0.007070959208665306,2.0,57,2025-11-21 14:58:26+00:00,342.0261111111111,1.035,1.5287671232876712
2025-12-05 21:00:00+00:00,2027-06-17 00:00:00+00:00,MSFT,MSFT270617P00195000,put,False,195.0,0.96,1.33,1.75,480.8399963378906,0.3745179736328125,0.03539610022899104,0.007070959208665306,2.0,33,2025-11-21 14:48:14+00:00,342.1961111111111,1.145,1.5287671232876712
2025-12-05 21:00:00+00:00,2027-06-17 00:00:00+00:00,MSFT,MSFT270617P00200000,put,False,200.0,1.3,1.66,1.7,480.8399963378906,0.3787293572998046,0.03539610022899104,0.007070959208665306,2.0,67,2025-12-03 14:52:49+00:00,54.11972222222222,1.48,1.5287671232876712
2025-12-05 21:00:00+00:00,2027-06-17 00:00:00+00:00,MSFT,MSFT270617P00210000,put,False,210.0,1.61,1.97,1.85,480.8399963378906,0.37067279724121094,0.03539610022899104,0.007070959208665306,1.0,292,2025-11-26 20:34:10+00:00,216.43055555555554,1.79,1.5287671232876712
2025-12-05 21:00:00+00:00,2027-06-17 00:00:00+00:00,MSFT,MSFT270617P00220000,put,False,220.0,1.96,2.32,2.19,480.8399963378906,0.36286037536621096,0.03539610022899104,0.007070959208665306,32.0,83,2025-12-03 17:04:23+00:00,51.926944444444445,2.1399999999999997,1.5287671232876712
2025-12-05 21:00:00+00:00,2027-06-17 00:00:00+00:00,MSFT,MSFT270617P00230000,put,False,230.0,2.37,2.74,2.8,480.8399963378906,0.35584140258789054,0.03539610022899104,0.007070959208665306,4.0,35,2025-11-18 15:03:36+00:00,413.94,2.555,1.5287671232876712
2025-12-05 21:00:00+00:00,2027-06-17 00:00:00+00:00,MSFT,MSFT270617P00240000,put,False,240.0,2.84,3.05,3.23,480.8399963378906,0.3452213916015625,0.03539610022899104,0.007070959208665306,1.0,71,2025-12-04 20:48:43+00:00,24.188055555555554,2.945,1.5287671232876712
2025-12-05 21:00:00+00:00,2027-06-17 00:00:00+00:00,MSFT,MSFT270617P00250000,put,False,250.0,2.69,4.75,3.89,480.8399963378906,0.36105985626220705,0.03539610022899104,0.007070959208665306,1.0,127,2025-11-18 18:39:43+00:00,410.33805555555557,3.7199999999999998,1.5287671232876712
2025-12-05 21:00:00+00:00,2027-06-17 00:00:00+00:00,MSFT,MSFT270617P00260000,put,False,260.0,2.82,4.3,3.5,480.8399963378906,0.3349065533447265,0.03539610022899104,0.007070959208665306,4.0,118,2025-11-04 18:46:12+00:00,746.23,3.5599999999999996,1.5287671232876712
2025-12-05 21:00:00+00:00,2027-06-17 00:00:00+00:00,MSFT,MSFT270617P00270000,put,False,270.0,3.65,5.9,5.27,480.8399963378906,0.3428105270385742,0.03539610022899104,0.007070959208665306,1.0,40,2025-11-25 17:35:54+00:00,243.40166666666667,4.775,1.5287671232876712
2025-12-05 21:00:00+00:00,2027-06-17 00:00:00+00:00,MSFT,MSFT270617P00280000,put,False,280.0,4.45,7.7,7.2,480.8399963378906,0.34885294708251957,0.03539610022899104,0.007070959208665306,2.0,30,2025-11-21 16:12:10+00:00,340.7972222222222,6.075,1.5287671232876712
2025-12-05 21:00:00+00:00,2027-06-17 00:00:00+00:00,MSFT,MSFT270617P00290000,put,False,290.0,4.0,6.65,8.3,480.8399963378906,0.3176948114013671,0.03539610022899104,0.007070959208665306,4.0,86,2025-11-21 16:12:51+00:00,340.78583333333336,5.325,1.5287671232876712
2025-12-05 21:00:00+00:00,2027-06-17 00:00:00+00:00,MSFT,MSFT270617P00300000,put,False,300.0,7.25,9.4,7.6,480.8399963378906,0.3319006019592285,0.03539610022899104,0.007070959208665306,1.0,1315,2025-12-03 16:06:48+00:00,52.88666666666666,8.325,1.5287671232876712
2025-12-05 21:00:00+00:00,2027-06-17 00:00:00+00:00,MSFT,MSFT270617P00310000,put,False,310.0,8.05,8.75,7.2,480.8399963378906,0.307349455871582,0.03539610022899104,0.007070959208665306,1.0,89,2025-11-11 19:47:27+00:00,577.2091666666666,8.4,1.5287671232876712
2025-12-05 21:00:00+00:00,2027-06-17 00:00:00+00:00,MSFT,MSFT270617P00320000,put,False,320.0,9.6,9.95,9.75,480.8399963378906,0.3021004849243164,0.03539610022899104,0.007070959208665306,8.0,81,2025-11-19 15:50:30+00:00,389.15833333333336,9.774999999999999,1.5287671232876712
2025-12-05 21:00:00+00:00,2027-06-17 00:00:00+00:00,MSFT,MSFT270617P00330000,put,False,330.0,10.95,11.25,10.43,480.8399963378906,0.2967294448852539,0.03539610022899104,0.007070959208665306,2.0,449,2025-12-01 17:28:08+00:00,99.53111111111112,11.1,1.5287671232876712
2025-12-05 21:00:00+00:00,2027-06-17 00:00:00+00:00,MSFT,MSFT270617P00340000,put,False,340.0,12.05,12.75,12.9,480.8399963378906,0.2920297848510741,0.03539610022899104,0.007070959208665306,1.0,259,2025-12-03 15:46:37+00:00,53.223055555555554,12.4,1.5287671232876712
2025-12-05 21:00:00+00:00,2027-06-17 00:00:00+00:00,MSFT,MSFT270617P00350000,put,False,350.0,14.05,14.4,14.47,480.8399963378906,0.28743693527221675,0.03539610022899104,0.007070959208665306,10.0,211,2025-12-03 17:02:21+00:00,51.96083333333333,14.225000000000001,1.5287671232876712
2025-12-05 21:00:00+00:00,2027-06-17 00:00:00+00:00,MSFT,MSFT270617P00360000,put,False,360.0,15.85,16.25,16.5,480.8399963378906,0.28319503433227533,0.03539610022899104,0.007070959208665306,4.0,593,2025-12-05 17:40:00+00:00,3.3333333333333335,16.05,1.5287671232876712
2025-12-05 21:00:00+00:00,2027-06-17 00:00:00+00:00,MSFT,MSFT270617P00370000,put,False,370.0,17.85,18.2,18.4,480.8399963378906,0.27855640884399413,0.03539610022899104,0.007070959208665306,5.0,372,2025-12-04 18:00:28+00:00,26.99222222222222,18.025,1.5287671232876712
2025-12-05 21:00:00+00:00,2027-06-17 00:00:00+00:00,MSFT,MSFT270617P00380000,put,False,380.0,20.05,20.4,20.25,480.8399963378906,0.2744594649505615,0.03539610022899104,0.007070959208665306,30.0,888,2025-12-03 15:46:18+00:00,53.22833333333333,20.225,1.5287671232876712
2025-12-05 21:00:00+00:00,2027-06-17 00:00:00+00:00,MSFT,MSFT270617P00390000,put,False,390.0,22.4,22.8,22.65,480.8399963378906,0.27046933151245117,0.03539610022899104,0.007070959208665306,12.0,383,2025-12-03 15:46:25+00:00,53.22638888888889,22.6,1.5287671232876712
2025-12-05 21:00:00+00:00,2027-06-17 00:00:00+00:00,MSFT,MSFT270617P00400000,put,False,400.0,24.95,25.4,23.2,480.8399963378906,0.26651734466552734,0.03539610022899104,0.007070959208665306,13.0,1377,2025-12-01 18:47:59+00:00,98.20027777777777,25.174999999999997,1.5287671232876712
2025-12-05 21:00:00+00:00,2027-06-17 00:00:00+00:00,MSFT,MSFT270617P00410000,put,False,410.0,27.7,28.3,29.15,480.8399963378906,0.26308415145874026,0.03539610022899104,0.007070959208665306,28.0,164,2025-12-03 15:00:45+00:00,53.9875,28.0,1.5287671232876712
2025-12-05 21:00:00+00:00,2027-06-17 00:00:00+00:00,MSFT,MSFT270617P00420000,put,False,420.0,30.75,31.2,32.15,480.8399963378906,0.2585599657440186,0.03539610022899104,0.007070959208665306,35.0,384,2025-12-03 15:00:54+00:00,53.985,30.975,1.5287671232876712
2025-12-05 21:00:00+00:00,2027-06-17 00:00:00+00:00,MSFT,MSFT270617P00430000,put,False,430.0,34.0,34.45,33.82,480.8399963378906,0.2547224186706543,0.03539610022899104,0.007070959208665306,31.0,402,2025-12-03 15:40:46+00:00,53.32055555555556,34.225,1.5287671232876712
2025-12-05 21:00:00+00:00,2027-06-17 00:00:00+00:00,MSFT,MSFT270617P00440000,put,False,440.0,37.45,37.95,38.03,480.8399963378906,0.25099168205261224,0.03539610022899104,0.007070959208665306,1.0,336,2025-12-05 20:04:36+00:00,0.9233333333333333,37.7,1.5287671232876712
2025-12-05 21:00:00+00:00,2027-06-17 00:00:00+00:00,MSFT,MSFT270617P00450000,put,False,450.0,41.15,41.7,42.8,480.8399963378906,0.24732960929870604,0.03539610022899104,0.007070959208665306,53.0,569,2025-12-04 17:44:19+00:00,27.261388888888888,41.425,1.5287671232876712
2025-12-05 21:00:00+00:00,2027-06-17 00:00:00+00:00,MSFT,MSFT270617P00460000,put,False,460.0,45.1,45.7,45.0,480.8399963378906,0.24369042449951173,0.03539610022899104,0.007070959208665306,89.0,296,2025-12-03 15:45:58+00:00,53.23388888888889,45.400000000000006,1.5287671232876712
2025-12-05 21:00:00+00:00,2027-06-17 00:00:00+00:00,MSFT,MSFT270617P00470000,put,False,470.0,49.35,49.9,50.17,480.8399963378906,0.23984524810791014,0.03539610022899104,0.007070959208665306,6.0,492,2025-12-03 20:01:31+00:00,48.97472222222222,49.625,1.5287671232876712
2025-12-05 21:00:00+00:00,2027-06-17 00:00:00+00:00,MSFT,MSFT270617P00480000,put,False,480.0,53.8,54.4,54.62,480.8399963378906,0.2361908046722412,0.03539610022899104,0.007070959208665306,6.0,189,2025-12-03 14:59:45+00:00,54.00416666666667,54.099999999999994,1.5287671232876712
2025-12-05 21:00:00+00:00,2027-06-17 00:00:00+00:00,MSFT,MSFT270617P00490000,put,True,490.0,58.5,59.15,62.33,480.8399963378906,0.23249058532714845,0.03539610022899104,0.007070959208665306,1.0,161,2025-11-24 19:55:59+00:00,265.06694444444446,58.825,1.5287671232876712
2025-12-05 21:00:00+00:00,2027-06-17 00:00:00+00:00,MSFT,MSFT270617P00500000,put,True,500.0,63.5,64.15,64.29,480.8399963378906,0.22872170211791992,0.03539610022899104,0.007070959208665306,1.0,506,2025-12-05 19:16:44+00:00,1.721111111111111,63.825,1.5287671232876712
2025-12-05 21:00:00+00:00,2027-06-17 00:00:00+00:00,MSFT,MSFT270617P00505000,put,True,505.0,66.1,66.75,62.44,480.8399963378906,0.22683726051330563,0.03539610022899104,0.007070959208665306,20.0,90,2025-12-01 18:59:29+00:00,98.00861111111111,66.425,1.5287671232876712
2025-12-05 21:00:00+00:00,2027-06-17 00:00:00+00:00,MSFT,MSFT270617P00510000,put,True,510.0,68.75,69.4,71.77,480.8399963378906,0.22487652572631833,0.03539610022899104,0.007070959208665306,4.0,609,2025-12-04 19:34:24+00:00,25.426666666666666,69.075,1.5287671232876712
2025-12-05 21:00:00+00:00,2027-06-17 00:00:00+00:00,MSFT,MSFT270617P00515000,put,True,515.0,71.45,72.15,69.05,480.8399963378906,0.2230531186676025,0.03539610022899104,0.007070959208665306,3.0,24,2025-11-26 17:48:07+00:00,219.19805555555556,71.80000000000001,1.5287671232876712
2025-12-05 21:00:00+00:00,2027-06-17 00:00:00+00:00,MSFT,MSFT270617P00520000,put,True,520.0,74.25,74.95,77.41,480.8399963378906,0.22114578910827634,0.03539610022899104,0.007070959208665306,4.0,613,2025-12-04 19:34:24+00:00,25.426666666666666,74.6,1.5287671232876712
2025-12-05 21:00:00+00:00,2027-06-17 00:00:00+00:00,MSFT,MSFT270617P00525000,put,True,525.0,77.1,77.8,81.58,480.8399963378906,0.21916216636657712,0.03539610022899104,0.007070959208665306,59.0,133,2025-11-24 19:28:52+00:00,265.5188888888889,77.44999999999999,1.5287671232876712
2025-12-05 21:00:00+00:00,2027-06-17 00:00:00+00:00,MSFT,MSFT270617P00530000,put,True,530.0,80.0,80.7,79.93,480.8399963378906,0.21709462112426758,0.03539610022899104,0.007070959208665306,2.0,536,2025-11-26 15:03:42+00:00,221.93833333333333,80.35,1.5287671232876712
2025-12-05 21:00:00+00:00,2027-06-17 00:00:00+00:00,MSFT,MSFT270617P00535000,put,True,535.0,82.95,83.7,89.51,480.8399963378906,0.2151567742919922,0.03539610022899104,0.007070959208665306,11.0,5,2025-11-24 15:11:38+00:00,269.80611111111114,83.325,1.5287671232876712
2025-12-05 21:00:00+00:00,2027-06-17 00:00:00+00:00,MSFT,MSFT270617P00540000,put,True,540.0,86.0,86.75,89.95,480.8399963378906,0.21313500495910645,0.03539610022899104,0.007070959208665306,28.0,431,2025-11-24 18:33:40+00:00,266.43888888888887,86.375,1.5287671232876712
2025-12-05 21:00:00+00:00,2027-06-17 00:00:00+00:00,MSFT,MSFT270617P00545000,put,True,545.0,89.1,89.9,90.9,480.8399963378906,0.21124293403625485,0.03539610022899104,0.007070959208665306,1.0,25,2025-12-03 16:26:59+00:00,52.55027777777778,89.5,1.5287671232876712
2025-12-05 21:00:00+00:00,2027-06-17 00:00:00+00:00,MSFT,MSFT270617P00550000,put,True,550.0,90.5,95.3,93.4,480.8399963378906,0.2190782438659668,0.03539610022899104,0.007070959208665306,5.0,139,2025-12-03 20:46:38+00:00,48.22277777777778,92.9,1.5287671232876712
2025-12-05 21:00:00+00:00,2027-06-17 00:00:00+00:00,MSFT,MSFT270617P00555000,put,True,555.0,94.55,98.5,100.25,480.8399963378906,0.21694203475952145,0.03539610022899104,0.007070959208665306,1.0,2,2025-12-03 14:49:49+00:00,54.16972222222222,96.525,1.5287671232876712
2025-12-05 21:00:00+00:00,2027-06-17 00:00:00+00:00,MSFT,MSFT270617P00560000,put,True,560.0,98.85,101.45,96.25,480.8399963378906,0.21334099655151367,0.03539610022899104,0.007070959208665306,5.0,307,2025-11-26 16:38:14+00:00,220.36277777777778,100.15,1.5287671232876712
2025-12-05 21:00:00+00:00,2027-06-17 00:00:00+00:00,MSFT,MSFT270617P00565000,put,True,565.0,105.2,106.05,80.65,480.8399963378906,0.21704884521484374,0.03539610022899104,0.007070959208665306,6.0,3,2025-10-20 18:00:05+00:00,1106.9986111111111,105.625,1.5287671232876712
2025-12-05 21:00:00+00:00,2027-06-17 00:00:00+00:00,MSFT,MSFT270617P00570000,put,True,570.0,99.0,103.5,81.7,480.8399963378906,0.18611195976257325,0.03539610022899104,0.007070959208665306,304.0,310,2025-10-30 19:50:00+00:00,865.1666666666666,101.25,1.5287671232876712
2025-12-05 21:00:00+00:00,2027-06-17 00:00:00+00:00,MSFT,MSFT270617P00575000,put,True,575.0,112.25,115.05,86.55,480.8399963378906,0.22309126525878903,0.03539610022899104,0.007070959208665306,,1,2025-10-20 17:56:25+00:00,1107.0597222222223,113.65,1.5287671232876712
2025-12-05 21:00:00+00:00,2027-06-17 00:00:00+00:00,MSFT,MSFT270617P00580000,put,True,580.0,112.7,113.55,109.8,480.8399963378906,0.1963428755187988,0.03539610022899104,0.007070959208665306,1.0,52,2025-11-26 16:38:14+00:00,220.36277777777778,113.125,1.5287671232876712
2025-12-05 21:00:00+00:00,2027-06-17 00:00:00+00:00,MSFT,MSFT270617P00585000,put,True,585.0,115.8,117.5,101.05,480.8399963378906,0.19574778869628906,0.03539610022899104,0.007070959208665306,,25,2025-11-12 18:55:18+00:00,554.0783333333334,116.65,1.5287671232876712
2025-12-05 21:00:00+00:00,2027-06-17 00:00:00+00:00,MSFT,MSFT270617P00590000,put,True,590.0,101.55,105.1,95.7,480.8399963378906,1.0000000000000003e-05,0.03539610022899104,0.007070959208665306,8.0,14,2025-10-09 17:21:20+00:00,1371.6444444444444,103.32499999999999,1.5287671232876712
2025-12-05 21:00:00+00:00,2027-06-17 00:00:00+00:00,MSFT,MSFT270617P00600000,put,True,600.0,127.05,128.9,122.95,480.8399963378906,0.18959855819702148,0.03539610022899104,0.007070959208665306,1.0,122,2025-12-01 19:24:25+00:00,97.59305555555555,127.975,1.5287671232876712
2025-12-05 21:00:00+00:00,2027-06-17 00:00:00+00:00,MSFT,MSFT270617P00610000,put,True,610.0,116.3,119.5,109.06,480.8399963378906,1.0000000000000003e-05,0.03539610022899104,0.007070959208665306,2.0,1,2025-10-09 17:21:06+00:00,1371.6483333333333,117.9,1.5287671232876712
2025-12-05 21:00:00+00:00,2027-06-17 00:00:00+00:00,MSFT,MSFT270617P00620000,put,True,620.0,142.6,144.75,143.29,480.8399963378906,0.179695703125,0.03539610022899104,0.007070959208665306,1.0,1,2025-11-26 14:37:28+00:00,222.37555555555556,143.675,1.5287671232876712
2025-12-05 21:00:00+00:00,2027-06-17 00:00:00+00:00,MSFT,MSFT270617P00625000,put,True,625.0,146.9,150.5,142.95,480.8399963378906,0.18865252273559568,0.03539610022899104,0.007070959208665306,1.0,1,2025-11-28 14:44:29+00:00,174.25861111111112,148.7,1.5287671232876712
2025-12-05 21:00:00+00:00,2027-06-17 00:00:00+00:00,MSFT,MSFT270617P00630000,put,True,630.0,151.1,154.5,147.45,480.8399963378906,0.1854024331665039,0.03539610022899104,0.007070959208665306,1.0,3,2025-11-28 14:44:34+00:00,174.25722222222223,152.8,1.5287671232876712
2025-12-05 21:00:00+00:00,2027-06-17 00:00:00+00:00,MSFT,MSFT270617P00635000,put,True,635.0,155.3,157.25,149.75,480.8399963378906,0.1715628498840332,0.03539610022899104,0.007070959208665306,2.0,3,2025-11-28 15:41:46+00:00,173.30388888888888,156.275,1.5287671232876712
2025-12-05 21:00:00+00:00,2027-06-17 00:00:00+00:00,MSFT,MSFT270617P00640000,put,True,640.0,159.15,161.55,153.0,480.8399963378906,0.16886207122802738,0.03539610022899104,0.007070959208665306,1.0,20,2025-11-28 15:43:50+00:00,173.26944444444445,160.35000000000002,1.5287671232876712
2025-12-05 21:00:00+00:00,2027-06-17 00:00:00+00:00,MSFT,MSFT270617P00645000,put,True,645.0,163.55,165.95,159.95,480.8399963378906,0.16654275848388678,0.03539610022899104,0.007070959208665306,1.0,32,2025-11-28 14:43:49+00:00,174.2697222222222,164.75,1.5287671232876712
2025-12-05 21:00:00+00:00,2027-06-17 00:00:00+00:00,MSFT,MSFT270617P00650000,put,True,650.0,167.95,172.0,176.15,480.8399963378906,0.1795125994873047,0.03539610022899104,0.007070959208665306,103.0,83,2025-11-24 20:45:23+00:00,264.24361111111114,169.975,1.5287671232876712
2025-12-05 21:00:00+00:00,2027-06-17 00:00:00+00:00,MSFT,MSFT270617P00655000,put,True,655.0,172.4,176.5,166.75,480.8399963378906,0.1782156153869629,0.03539610022899104,0.007070959208665306,1.0,4,2025-11-28 15:42:26+00:00,173.2927777777778,174.45,1.5287671232876712
2025-12-05 21:00:00+00:00,2027-06-17 00:00:00+00:00,MSFT,MSFT270617P00660000,put,True,660.0,176.95,179.45,185.25,480.8399963378906,0.1593711993408203,0.03539610022899104,0.007070959208665306,89.0,82,2025-11-24 20:51:59+00:00,264.1336111111111,178.2,1.5287671232876712
2025-12-05 21:00:00+00:00,2027-06-17 00:00:00+00:00,MSFT,MSFT270617P00665000,put,True,665.0,181.6,184.0,192.46,480.8399963378906,0.15631947204589847,0.03539610022899104,0.007070959208665306,26.0,21,2025-11-24 15:06:37+00:00,269.88972222222225,182.8,1.5287671232876712
2025-12-05 21:00:00+00:00,2027-06-17 00:00:00+00:00,MSFT,MSFT270617P00675000,put,True,675.0,191.1,193.5,199.25,480.8399963378906,0.1542748147583008,0.03539610022899104,0.007070959208665306,4.0,0,2025-11-24 17:37:07+00:00,267.38138888888886,192.3,1.5287671232876712
2025-12-05 21:00:00+00:00,2027-06-17 00:00:00+00:00,MSFT,MSFT270617P00680000,put,True,680.0,195.0,199.5,206.88,480.8399963378906,0.1714865567016602,0.03539610022899104,0.007070959208665306,12.0,3,2025-11-24 15:02:38+00:00,269.9561111111111,197.25,1.5287671232876712
2025-12-05 21:00:00+00:00,2027-06-17 00:00:00+00:00,MSFT,MSFT270617P00685000,put,True,685.0,200.0,204.5,210.4,480.8399963378906,0.17427888717651369,0.03539610022899104,0.007070959208665306,4.0,0,2025-11-21 17:27:03+00:00,339.5491666666667,202.25,1.5287671232876712
2025-12-05 21:00:00+00:00,2027-06-17 00:00:00+00:00,MSFT,MSFT270617P00690000,put,True,690.0,204.5,209.5,206.19,480.8399963378906,0.17704070037841796,0.03539610022899104,0.007070959208665306,,0,2025-11-19 19:29:02+00:00,385.5161111111111,207.0,1.5287671232876712
2025-12-05 21:00:00+00:00,2027-06-17 00:00:00+00:00,MSFT,MSFT270617P00695000,put,True,695.0,202.5,207.5,170.0,480.8399963378906,1.0000000000000003e-05,0.03539610022899104,0.007070959208665306,,0,2025-10-30 14:01:30+00:00,870.975,205.0,1.5287671232876712
2025-12-05 21:00:00+00:00,2027-06-17 00:00:00+00:00,MSFT,MSFT270617P00700000,put,True,700.0,214.5,219.5,207.1,480.8399963378906,0.18247277496337888,0.03539610022899104,0.007070959208665306,2.0,0,2025-11-18 15:27:48+00:00,413.5366666666667,217.0,1.5287671232876712
2025-12-05 21:00:00+00:00,2027-06-17 00:00:00+00:00,MSFT,MSFT270617P00715000,put,True,715.0,229.5,234.5,198.95,480.8399963378906,0.19040726593017582,0.03539610022899104,0.007070959208665306,,0,2025-11-03 19:47:08+00:00,769.2144444444444,232.0,1.5287671232876712
2025-12-05 21:00:00+00:00,2027-06-17 00:00:00+00:00,MSFT,MSFT270617P00720000,put,True,720.0,227.5,232.5,173.74,480.8399963378906,1.0000000000000003e-05,0.03539610022899104,0.007070959208665306,2.0,0,2025-10-28 13:30:06+00:00,919.4983333333333,230.0,1.5287671232876712
2025-12-05 21:00:00+00:00,2027-06-17 00:00:00+00:00,MSFT,MSFT270617P00740000,put,True,740.0,0.0,0.0,209.0,480.8399963378906,1.0000000000000003e-05,0.03539610022899104,0.007070959208665306,1.0,0,2025-08-04 13:31:50+00:00,2959.4694444444444,0.0,1.5287671232876712
2025-12-05 21:00:00+00:00,2027-06-17 00:00:00+00:00,MSFT,MSFT270617P00760000,put,True,760.0,247.5,252.5,237.45,480.8399963378906,1.0000000000000003e-05,0.03539610022899104,0.007070959208665306,2.0,0,2025-10-07 17:45:20+00:00,1419.2444444444445,250.0,1.5287671232876712
2025-12-05 21:00:00+00:00,2027-06-17 00:00:00+00:00,MSFT,MSFT270617P00780000,put,True,780.0,267.5,272.5,257.74,480.8399963378906,1.0000000000000003e-05,0.03539610022899104,0.007070959208665306,2.0,0,2025-10-07 17:34:16+00:00,1419.4288888888889,270.0,1.5287671232876712
2025-12-05 21:00:00+00:00,2027-06-17 00:00:00+00:00,MSFT,MSFT270617P00800000,put,True,800.0,314.5,319.5,322.69,480.8399963378906,0.23117834259033204,0.03539610022899104,0.007070959208665306,1.0,0,2025-11-21 14:39:23+00:00,342.3436111111111,317.0,1.5287671232876712
2025-12-05 21:00:00+00:00,2027-12-17 00:00:00+00:00,MSFT,MSFT271217C00175000,call,True,175.0,316.5,321.5,305.0,480.8399963378906,0.5624128231811524,0.03539610022899104,0.007070959208665306,1.0,267,2025-11-21 15:02:56+00:00,341.9511111111111,319.0,2.03013698630137
2025-12-05 21:00:00+00:00,2027-12-17 00:00:00+00:00,MSFT,MSFT271217C00180000,call,True,180.0,318.5,323.5,370.47,480.8399963378906,0.6387670401000977,0.03539610022899104,0.007070959208665306,41.0,243,2025-10-29 19:24:09+00:00,889.5975,321.0,2.03013698630137
2025-12-05 21:00:00+00:00,2027-12-17 00:00:00+00:00,MSFT,MSFT271217C00185000,call,True,185.0,307.5,312.5,308.01,480.8399963378906,0.548680050354004,0.03539610022899104,0.007070959208665306,3.0,167,2025-11-20 17:04:58+00:00,363.9172222222222,310.0,2.03013698630137
2025-12-05 21:00:00+00:00,2027-12-17 00:00:00+00:00,MSFT,MSFT271217C00190000,call,True,190.0,303.0,308.0,335.49,480.8399963378906,0.5418289225769044,0.03539610022899104,0.007070959208665306,1.0,51,2025-11-04 19:17:23+00:00,745.7102777777778,305.5,2.03013698630137
2025-12-05 21:00:00+00:00,2027-12-17 00:00:00+00:00,MSFT,MSFT271217C00195000,call,True,195.0,326.0,331.0,330.5,480.8399963378906,0.8154925677490235,0.03539610022899104,0.007070959208665306,1.0,1833,2025-10-16 15:26:16+00:00,1205.5622222222223,328.5,2.03013698630137
2025-12-05 21:00:00+00:00,2027-12-17 00:00:00+00:00,MSFT,MSFT271217C00200000,call,True,200.0,294.0,299.0,291.0,480.8399963378906,0.5281114083862305,0.03539610022899104,0.007070959208665306,5.0,74,2025-12-04 15:25:18+00:00,29.578333333333333,296.5,2.03013698630137
2025-12-05 21:00:00+00:00,2027-12-17 00:00:00+00:00,MSFT,MSFT271217C00210000,call,True,210.0,285.0,290.0,283.0,480.8399963378906,0.5144396701049804,0.03539610022899104,0.007070959208665306,13.0,1240,2025-12-03 15:32:21+00:00,53.46083333333333,287.5,2.03013698630137
2025-12-05 21:00:00+00:00,2027-12-17 00:00:00+00:00,MSFT,MSFT271217C00220000,call,True,220.0,276.5,281.5,278.0,480.8399963378906,0.5060931959533692,0.03539610022899104,0.007070959208665306,2.0,925,2025-12-05 20:46:46+00:00,0.22055555555555556,279.0,2.03013698630137
2025-12-05 21:00:00+00:00,2027-12-17 00:00:00+00:00,MSFT,MSFT271217C00230000,call,True,230.0,268.0,273.0,254.75,480.8399963378906,0.5208940733337402,0.03539610022899104,0.007070959208665306,3.0,36,2025-11-25 14:53:10+00:00,246.11388888888888,270.5,2.03013698630137
2025-12-05 21:00:00+00:00,2027-12-17 00:00:00+00:00,MSFT,MSFT271217C00240000,call,True,240.0,259.5,264.0,252.53,480.8399963378906,0.50566595413208,0.03539610022899104,0.007070959208665306,2.0,26,2025-11-25 14:32:27+00:00,246.45916666666668,261.75,2.03013698630137
2025-12-05 21:00:00+00:00,2027-12-17 00:00:00+00:00,MSFT,MSFT271217C00250000,call,True,250.0,251.0,255.5,259.75,480.8399963378906,0.49486283950805665,0.03539610022899104,0.007070959208665306,2.0,323,2025-12-02 19:47:00+00:00,73.21666666666667,253.25,2.03013698630137
2025-12-05 21:00:00+00:00,2027-12-17 00:00:00+00:00,MSFT,MSFT271217C00260000,call,True,260.0,242.5,247.5,253.15,480.8399963378906,0.48781334945678717,0.03539610022899104,0.007070959208665306,1.0,62,2025-11-28 16:42:07+00:00,172.29805555555555,245.0,2.03013698630137
2025-12-05 21:00:00+00:00,2027-12-17 00:00:00+00:00,MSFT,MSFT271217C00270000,call,True,270.0,234.0,239.0,231.3,480.8399963378906,0.47649144119262693,0.03539610022899104,0.007070959208665306,1.0,278,2025-12-04 19:27:10+00:00,25.54722222222222,236.5,2.03013698630137
2025-12-05 21:00:00+00:00,2027-12-17 00:00:00+00:00,MSFT,MSFT271217C00280000,call,True,280.0,232.0,237.0,260.75,480.8399963378906,0.5099765189361574,0.03539610022899104,0.007070959208665306,23.0,131,2025-10-31 17:19:36+00:00,843.6733333333333,234.5,2.03013698630137
2025-12-05 21:00:00+00:00,2027-12-17 00:00:00+00:00,MSFT,MSFT271217C00290000,call,True,290.0,218.7,221.4,224.8,480.8399963378906,0.4495141719055175,0.03539610022899104,0.007070959208665306,1.0,34,2025-11-28 14:30:03+00:00,174.49916666666667,220.05,2.03013698630137
2025-12-05 21:00:00+00:00,2027-12-17 00:00:00+00:00,MSFT,MSFT271217C00300000,call,True,300.0,210.75,214.3,210.63,480.8399963378906,0.44714908325195313,0.03539610022899104,0.007070959208665306,1.0,614,2025-12-05 19:19:02+00:00,1.6827777777777777,212.525,2.03013698630137
2025-12-05 21:00:00+00:00,2027-12-17 00:00:00+00:00,MSFT,MSFT271217C00310000,call,True,310.0,202.85,205.3,203.45,480.8399963378906,0.43221087814331055,0.03539610022899104,0.007070959208665306,4.0,168,2025-12-03 15:39:31+00:00,53.341388888888886,204.075,2.03013698630137
2025-12-05 21:00:00+00:00,2027-12-17 00:00:00+00:00,MSFT,MSFT271217C00320000,call,True,320.0,195.05,197.45,191.83,480.8399963378906,0.42427638717651367,0.03539610022899104,0.007070959208665306,2.0,297,2025-12-04 14:41:40+00:00,30.305555555555557,196.25,2.03013698630137
2025-12-05 21:00:00+00:00,2027-12-17 00:00:00+00:00,MSFT,MSFT271217C00330000,call,True,330.0,187.4,189.8,178.7,480.8399963378906,0.41710482803344723,0.03539610022899104,0.007070959208665306,1.0,51,2025-11-25 15:55:37+00:00,245.07305555555556,188.60000000000002,2.03013698630137
2025-12-05 21:00:00+00:00,2027-12-17 00:00:00+00:00,MSFT,MSFT271217C00340000,call,True,340.0,179.9,182.3,189.65,480.8399963378906,0.41032999343872073,0.03539610022899104,0.007070959208665306,67.0,131,2025-11-28 17:33:16+00:00,171.44555555555556,181.10000000000002,2.03013698630137
2025-12-05 21:00:00+00:00,2027-12-17 00:00:00+00:00,MSFT,MSFT271217C00350000,call,True,350.0,172.6,174.9,172.32,480.8399963378906,0.4036314520263672,0.03539610022899104,0.007070959208665306,3.0,440,2025-12-05 19:11:30+00:00,1.8083333333333333,173.75,2.03013698630137
2025-12-05 21:00:00+00:00,2027-12-17 00:00:00+00:00,MSFT,MSFT271217C00360000,call,True,360.0,165.25,167.75,173.62,480.8399963378906,0.39775687698364254,0.03539610022899104,0.007070959208665306,1.0,317,2025-11-28 17:30:47+00:00,171.48694444444445,166.5,2.03013698630137
2025-12-05 21:00:00+00:00,2027-12-17 00:00:00+00:00,MSFT,MSFT271217C00370000,call,True,370.0,158.25,160.65,158.13,480.8399963378906,0.3916229051208496,0.03539610022899104,0.007070959208665306,2.0,619,2025-12-05 19:12:04+00:00,1.798888888888889,159.45,2.03013698630137
2025-12-05 21:00:00+00:00,2027-12-17 00:00:00+00:00,MSFT,MSFT271217C00380000,call,True,380.0,151.35,153.75,151.36,480.8399963378906,0.3859695803070068,0.03539610022899104,0.007070959208665306,4.0,491,2025-12-05 19:12:43+00:00,1.7880555555555555,152.55,2.03013698630137
2025-12-05 21:00:00+00:00,2027-12-17 00:00:00+00:00,MSFT,MSFT271217C00390000,call,True,390.0,145.05,146.7,142.24,480.8399963378906,0.3791413404846191,0.03539610022899104,0.007070959208665306,8.0,263,2025-12-04 16:53:05+00:00,28.115277777777777,145.875,2.03013698630137
2025-12-05 21:00:00+00:00,2027-12-17 00:00:00+00:00,MSFT,MSFT271217C00400000,call,True,400.0,138.1,140.15,137.9,480.8399963378906,0.374105990447998,0.03539610022899104,0.007070959208665306,2.0,1910,2025-12-05 19:00:28+00:00,1.9922222222222221,139.125,2.03013698630137
2025-12-05 21:00:00+00:00,2027-12-17 00:00:00+00:00,MSFT,MSFT271217C00410000,call,True,410.0,131.75,134.05,129.46,480.8399963378906,0.37047443496704097,0.03539610022899104,0.007070959208665306,2.0,777,2025-12-04 17:14:05+00:00,27.76527777777778,132.9,2.03013698630137
2025-12-05 21:00:00+00:00,2027-12-17 00:00:00+00:00,MSFT,MSFT271217C00420000,call,True,420.0,125.6,127.55,122.8,480.8399963378906,0.36459223060607915,0.03539610022899104,0.007070959208665306,1.0,416,2025-12-04 17:31:19+00:00,27.478055555555557,126.57499999999999,2.03013698630137
2025-12-05 21:00:00+00:00,2027-12-17 00:00:00+00:00,MSFT,MSFT271217C00430000,call,True,430.0,119.65,121.55,120.0,480.8399963378906,0.3602892951202392,0.03539610022899104,0.007070959208665306,5.0,393,2025-12-05 20:40:45+00:00,0.32083333333333336,120.6,2.03013698630137
2025-12-05 21:00:00+00:00,2027-12-17 00:00:00+00:00,MSFT,MSFT271217C00440000,call,True,440.0,113.85,115.75,113.87,480.8399963378906,0.35624575645446765,0.03539610022899104,0.007070959208665306,1.0,901,2025-12-05 19:16:34+00:00,1.7238888888888888,114.8,2.03013698630137
2025-12-05 21:00:00+00:00,2027-12-17 00:00:00+00:00,MSFT,MSFT271217C00450000,call,True,450.0,108.4,110.2,108.4,480.8399963378906,0.35264471824645993,0.03539610022899104,0.007070959208665306,25.0,843,2025-12-05 19:08:26+00:00,1.8594444444444445,109.30000000000001,2.03013698630137
2025-12-05 21:00:00+00:00,2027-12-17 00:00:00+00:00,MSFT,MSFT271217C00460000,call,True,460.0,102.9,104.75,102.93,480.8399963378906,0.3488758350372314,0.03539610022899104,0.007070959208665306,1.0,404,2025-12-05 19:16:34+00:00,1.7238888888888888,103.825,2.03013698630137
2025-12-05 21:00:00+00:00,2027-12-17 00:00:00+00:00,MSFT,MSFT271217C00470000,call,True,470.0,97.6,99.5,98.4,480.8399963378906,0.34532820205688475,0.03539610022899104,0.007070959208665306,27.0,476,2025-12-05 19:08:26+00:00,1.8594444444444445,98.55,2.03013698630137
2025-12-05 21:00:00+00:00,2027-12-17 00:00:00+00:00,MSFT,MSFT271217C00480000,call,True,480.0,92.7,94.6,93.65,480.8399963378906,0.3425587595367431,0.03539610022899104,0.007070959208665306,11.0,654,2025-12-05 19:27:17+00:00,1.5452777777777778,93.65,2.03013698630137
2025-12-05 21:00:00+00:00,2027-12-17 00:00:00+00:00,MSFT,MSFT271217C00490000,call,False,490.0,87.8,89.85,85.62,480.8399963378906,0.33978168769836425,0.03539610022899104,0.007070959208665306,34.0,976,2025-12-04 18:18:25+00:00,26.693055555555556,88.82499999999999,2.03013698630137
2025-12-05 21:00:00+00:00,2027-12-17 00:00:00+00:00,MSFT,MSFT271217C00500000,call,False,500.0,83.6,84.85,83.62,480.8399963378906,0.33554741607666017,0.03539610022899104,0.007070959208665306,55.0,4759,2025-12-05 19:09:29+00:00,1.8419444444444444,84.225,2.03013698630137
2025-12-05 21:00:00+00:00,2027-12-17 00:00:00+00:00,MSFT,MSFT271217C00505000,call,False,505.0,81.65,82.4,78.88,480.8399963378906,0.33341883628845215,0.03539610022899104,0.007070959208665306,13.0,42,2025-12-04 15:34:24+00:00,29.426666666666666,82.025,2.03013698630137
2025-12-05 21:00:00+00:00,2027-12-17 00:00:00+00:00,MSFT,MSFT271217C00510000,call,False,510.0,79.45,80.15,77.19,480.8399963378906,0.3318853433227539,0.03539610022899104,0.007070959208665306,2.0,833,2025-12-03 19:04:21+00:00,49.9275,79.80000000000001,2.03013698630137
2025-12-05 21:00:00+00:00,2027-12-17 00:00:00+00:00,MSFT,MSFT271217C00515000,call,False,515.0,76.3,78.0,75.55,480.8399963378906,0.3305883592224121,0.03539610022899104,0.007070959208665306,1.0,82,2025-12-03 18:25:21+00:00,50.5775,77.15,2.03013698630137
2025-12-05 21:00:00+00:00,2027-12-17 00:00:00+00:00,MSFT,MSFT271217C00520000,call,False,520.0,75.15,75.85,74.57,480.8399963378906,0.3291616767120361,0.03539610022899104,0.007070959208665306,12.0,701,2025-12-05 19:01:41+00:00,1.9719444444444445,75.5,2.03013698630137
2025-12-05 21:00:00+00:00,2027-12-17 00:00:00+00:00,MSFT,MSFT271217C00525000,call,False,525.0,73.05,73.75,72.81,480.8399963378906,0.327780770111084,0.03539610022899104,0.007070959208665306,5.0,77,2025-12-05 20:22:30+00:00,0.625,73.4,2.03013698630137
2025-12-05 21:00:00+00:00,2027-12-17 00:00:00+00:00,MSFT,MSFT271217C00530000,call,False,530.0,71.05,71.75,70.66,480.8399963378906,0.326628743057251,0.03539610022899104,0.007070959208665306,5.0,1016,2025-12-05 19:16:52+00:00,1.718888888888889,71.4,2.03013698630137
2025-12-05 21:00:00+00:00,2027-12-17 00:00:00+00:00,MSFT,MSFT271217C00535000,call,False,535.0,69.05,69.75,68.7,480.8399963378906,0.3253470175933838,0.03539610022899104,0.007070959208665306,4.0,31,2025-12-05 19:16:52+00:00,1.718888888888889,69.4,2.03013698630137
2025-12-05 21:00:00+00:00,2027-12-17 00:00:00+00:00,MSFT,MSFT271217C00540000,call,False,540.0,67.1,67.8,66.71,480.8399963378906,0.3241110680389403,0.03539610022899104,0.007070959208665306,2.0,1291,2025-12-05 19:12:43+00:00,1.7880555555555555,67.44999999999999,2.03013698630137
2025-12-05 21:00:00+00:00,2027-12-17 00:00:00+00:00,MSFT,MSFT271217C00545000,call,False,545.0,65.2,67.8,64.39,480.8399963378906,0.3298406860351562,0.03539610022899104,0.007070959208665306,5.0,77,2025-12-03 17:59:22+00:00,51.010555555555555,66.5,2.03013698630137
2025-12-05 21:00:00+00:00,2027-12-17 00:00:00+00:00,MSFT,MSFT271217C00550000,call,False,550.0,63.35,64.0,63.06,480.8399963378906,0.32162391029357906,0.03539610022899104,0.007070959208665306,12.0,1548,2025-12-05 19:11:30+00:00,1.8083333333333333,63.675,2.03013698630137
2025-12-05 21:00:00+00:00,2027-12-17 00:00:00+00:00,MSFT,MSFT271217C00555000,call,False,555.0,61.55,62.2,60.0,480.8399963378906,0.3205481764221191,0.03539610022899104,0.007070959208665306,5.0,28,2025-12-03 18:20:31+00:00,50.658055555555556,61.875,2.03013698630137
2025-12-05 21:00:00+00:00,2027-12-17 00:00:00+00:00,MSFT,MSFT271217C00560000,call,False,560.0,59.8,60.4,58.86,480.8399963378906,0.3193427441406249,0.03539610022899104,0.007070959208665306,10.0,274,2025-12-05 17:53:02+00:00,3.116111111111111,60.099999999999994,2.03013698630137
2025-12-05 21:00:00+00:00,2027-12-17 00:00:00+00:00,MSFT,MSFT271217C00565000,call,False,565.0,58.05,58.7,60.4,480.8399963378906,0.31838145004272456,0.03539610022899104,0.007070959208665306,2.0,66,2025-11-26 16:51:43+00:00,220.13805555555555,58.375,2.03013698630137
2025-12-05 21:00:00+00:00,2027-12-17 00:00:00+00:00,MSFT,MSFT271217C00570000,call,False,570.0,56.4,57.0,55.98,480.8399963378906,0.31729045753479,0.03539610022899104,0.007070959208665306,3.0,584,2025-12-05 19:06:41+00:00,1.888611111111111,56.7,2.03013698630137
2025-12-05 21:00:00+00:00,2027-12-17 00:00:00+00:00,MSFT,MSFT271217C00575000,call,False,575.0,54.75,55.35,51.0,480.8399963378906,0.3162604995727538,0.03539610022899104,0.007070959208665306,4.0,22,2025-11-25 17:09:35+00:00,243.84027777777777,55.05,2.03013698630137
2025-12-05 21:00:00+00:00,2027-12-17 00:00:00+00:00,MSFT,MSFT271217C00580000,call,False,580.0,53.1,53.75,52.19,480.8399963378906,0.31529157615661607,0.03539610022899104,0.007070959208665306,1.0,374,2025-12-03 17:36:48+00:00,51.38666666666666,53.425,2.03013698630137
2025-12-05 21:00:00+00:00,2027-12-17 00:00:00+00:00,MSFT,MSFT271217C00585000,call,False,585.0,49.85,52.2,50.45,480.8399963378906,0.3143760579681396,0.03539610022899104,0.007070959208665306,101.0,104,2025-12-03 18:28:37+00:00,50.52305555555556,51.025000000000006,2.03013698630137
2025-12-05 21:00:00+00:00,2027-12-17 00:00:00+00:00,MSFT,MSFT271217C00590000,call,False,590.0,50.05,50.65,48.05,480.8399963378906,0.31334610000610347,0.03539610022899104,0.007070959208665306,3.0,172,2025-12-04 17:25:00+00:00,27.583333333333332,50.349999999999994,2.03013698630137
2025-12-05 21:00:00+00:00,2027-12-17 00:00:00+00:00,MSFT,MSFT271217C00595000,call,False,595.0,48.55,49.2,47.2,480.8399963378906,0.3125679095458984,0.03539610022899104,0.007070959208665306,3.0,47,2025-12-03 19:18:58+00:00,49.68388888888889,48.875,2.03013698630137
2025-12-05 21:00:00+00:00,2027-12-17 00:00:00+00:00,MSFT,MSFT271217C00600000,call,False,600.0,47.1,47.75,47.0,480.8399963378906,0.31166764999389646,0.03539610022899104,0.007070959208665306,3.0,2224,2025-12-05 20:21:12+00:00,0.6466666666666666,47.425,2.03013698630137
2025-12-05 21:00:00+00:00,2027-12-17 00:00:00+00:00,MSFT,MSFT271217C00605000,call,False,605.0,45.7,46.35,43.86,480.8399963378906,0.31084368362426756,0.03539610022899104,0.007070959208665306,1.0,20,2025-12-04 17:10:31+00:00,27.82472222222222,46.025000000000006,2.03013698630137
2025-12-05 21:00:00+00:00,2027-12-17 00:00:00+00:00,MSFT,MSFT271217C00610000,call,False,610.0,42.7,44.95,45.84,480.8399963378906,0.30989764816284177,0.03539610022899104,0.007070959208665306,7.0,322,2025-12-01 16:07:18+00:00,100.87833333333333,43.825,2.03013698630137
2025-12-05 21:00:00+00:00,2027-12-17 00:00:00+00:00,MSFT,MSFT271217C00615000,call,False,615.0,42.05,43.65,36.72,480.8399963378906,0.30921863883972167,0.03539610022899104,0.007070959208665306,1.0,35,2025-11-25 15:04:44+00:00,245.92111111111112,42.849999999999994,2.03013698630137
2025-12-05 21:00:00+00:00,2027-12-17 00:00:00+00:00,MSFT,MSFT271217C00620000,call,False,620.0,41.1,42.35,40.25,480.8399963378906,0.3084175604248046,0.03539610022899104,0.007070959208665306,1.0,492,2025-12-04 15:19:49+00:00,29.669722222222223,41.725,2.03013698630137
2025-12-05 21:00:00+00:00,2027-12-17 00:00:00+00:00,MSFT,MSFT271217C00625000,call,False,625.0,38.8,41.1,43.25,480.8399963378906,0.307700404510498,0.03539610022899104,0.007070959208665306,1.0,40,2025-11-28 14:49:15+00:00,174.17916666666667,39.95,2.03013698630137
2025-12-05 21:00:00+00:00,2027-12-17 00:00:00+00:00,MSFT,MSFT271217C00630000,call,False,630.0,38.3,39.85,37.95,480.8399963378906,0.3068764381408691,0.03539610022899104,0.007070959208665306,1.0,484,2025-12-04 15:04:26+00:00,29.926111111111112,39.075,2.03013698630137
2025-12-05 21:00:00+00:00,2027-12-17 00:00:00+00:00,MSFT,MSFT271217C00635000,call,False,635.0,37.1,38.65,34.4,480.8399963378906,0.3061287649536133,0.03539610022899104,0.007070959208665306,2.0,7,2025-11-24 19:26:03+00:00,265.56583333333333,37.875,2.03013698630137
2025-12-05 21:00:00+00:00,2027-12-17 00:00:00+00:00,MSFT,MSFT271217C00640000,call,False,640.0,36.9,37.5,35.0,480.8399963378906,0.30547264358520504,0.03539610022899104,0.007070959208665306,2.0,1523,2025-12-03 20:55:01+00:00,48.08305555555555,37.2,2.03013698630137
2025-12-05 21:00:00+00:00,2027-12-17 00:00:00+00:00,MSFT,MSFT271217C00645000,call,False,645.0,35.85,36.4,39.65,480.8399963378906,0.3049004447174073,0.03539610022899104,0.007070959208665306,1.0,54,2025-11-20 15:45:14+00:00,365.24611111111113,36.125,2.03013698630137
2025-12-05 21:00:00+00:00,2027-12-17 00:00:00+00:00,MSFT,MSFT271217C00650000,call,False,650.0,34.65,35.05,34.7,480.8399963378906,0.30321436538696284,0.03539610022899104,0.007070959208665306,23.0,159,2025-12-05 20:53:40+00:00,0.10555555555555556,34.849999999999994,2.03013698630137
2025-12-05 21:00:00+00:00,2027-12-17 00:00:00+00:00,MSFT,MSFT271217C00655000,call,False,655.0,33.7,34.25,33.43,480.8399963378906,0.30364923652648923,0.03539610022899104,0.007070959208665306,3.0,20,2025-12-05 18:50:33+00:00,2.1575,33.975,2.03013698630137
2025-12-05 21:00:00+00:00,2027-12-17 00:00:00+00:00,MSFT,MSFT271217C00660000,call,False,660.0,32.65,33.2,32.18,480.8399963378906,0.3029625978851318,0.03539610022899104,0.007070959208665306,1.0,2434,2025-12-05 17:53:02+00:00,3.116111111111111,32.925,2.03013698630137
2025-12-05 21:00:00+00:00,2027-12-17 00:00:00+00:00,MSFT,MSFT271217C00665000,call,False,665.0,31.7,32.2,30.51,480.8399963378906,0.3023827696990967,0.03539610022899104,0.007070959208665306,14.0,16,2025-12-03 18:23:49+00:00,50.60305555555556,31.950000000000003,2.03013698630137
2025-12-05 21:00:00+00:00,2027-12-17 00:00:00+00:00,MSFT,MSFT271217C00670000,call,False,670.0,30.75,31.25,30.23,480.8399963378906,0.3019097519683839,0.03539610022899104,0.007070959208665306,1.0,53,2025-12-05 17:53:02+00:00,3.116111111111111,31.0,2.03013698630137
2025-12-05 21:00:00+00:00,2027-12-17 00:00:00+00:00,MSFT,MSFT271217C00675000,call,False,675.0,29.8,30.3,28.75,480.8399963378906,0.3013299237823487,0.03539610022899104,0.007070959208665306,23.0,15,2025-12-03 18:35:32+00:00,50.40777777777778,30.05,2.03013698630137
2025-12-05 21:00:00+00:00,2027-12-17 00:00:00+00:00,MSFT,MSFT271217C00680000,call,False,680.0,28.9,29.4,27.8,480.8399963378906,0.30086453536987307,0.03539610022899104,0.007070959208665306,14.0,222,2025-12-03 18:32:24+00:00,50.46,29.15,2.03013698630137
2025-12-05 21:00:00+00:00,2027-12-17 00:00:00+00:00,MSFT,MSFT271217C00685000,call,False,685.0,28.0,28.55,26.96,480.8399963378906,0.30052121604919435,0.03539610022899104,0.007070959208665306,6.0,60,2025-12-03 18:31:40+00:00,50.47222222222222,28.275,2.03013698630137
2025-12-05 21:00:00+00:00,2027-12-17 00:00:00+00:00,MSFT,MSFT271217C00690000,call,False,690.0,27.15,27.7,25.12,480.8399963378906,0.3000787155914306,0.03539610022899104,0.007070959208665306,1.0,96,2025-11-25 20:00:54+00:00,240.985,27.424999999999997,2.03013698630137
2025-12-05 21:00:00+00:00,2027-12-17 00:00:00+00:00,MSFT,MSFT271217C00695000,call,False,695.0,26.35,26.85,24.35,480.8399963378906,0.29953703399658205,0.03539610022899104,0.007070959208665306,6.0,22,2025-11-25 20:00:54+00:00,240.985,26.6,2.03013698630137
2025-12-05 21:00:00+00:00,2027-12-17 00:00:00+00:00,MSFT,MSFT271217C00700000,call,False,700.0,25.55,26.05,25.25,480.8399963378906,0.2991326801300048,0.03539610022899104,0.007070959208665306,2.0,1354,2025-12-05 18:27:32+00:00,2.5411111111111113,25.8,2.03013698630137
2025-12-05 21:00:00+00:00,2027-12-17 00:00:00+00:00,MSFT,MSFT271217C00705000,call,False,705.0,24.75,25.25,21.8,480.8399963378906,0.29862151580810536,0.03539610022899104,0.007070959208665306,31.0,27,2025-11-24 19:25:17+00:00,265.5786111111111,25.0,2.03013698630137
2025-12-05 21:00:00+00:00,2027-12-17 00:00:00+00:00,MSFT,MSFT271217C00710000,call,False,710.0,22.5,25.25,34.35,480.8399963378906,0.30170376037597657,0.03539610022899104,0.007070959208665306,6.0,7,2025-10-30 17:42:40+00:00,867.2888888888889,23.875,2.03013698630137
2025-12-05 21:00:00+00:00,2027-12-17 00:00:00+00:00,MSFT,MSFT271217C00715000,call,False,715.0,23.25,23.8,20.03,480.8399963378906,0.29802642898559567,0.03539610022899104,0.007070959208665306,10.0,26,2025-11-24 14:48:00+00:00,270.2,23.525,2.03013698630137
2025-12-05 21:00:00+00:00,2027-12-17 00:00:00+00:00,MSFT,MSFT271217C00720000,call,False,720.0,21.6,23.1,25.05,480.8399963378906,0.29771362693786607,0.03539610022899104,0.007070959208665306,1.0,163,2025-11-20 15:25:34+00:00,365.5738888888889,22.35,2.03013698630137
2025-12-05 21:00:00+00:00,2027-12-17 00:00:00+00:00,MSFT,MSFT271217C00725000,call,False,725.0,21.9,22.4,23.95,480.8399963378906,0.29730927307128896,0.03539610022899104,0.007070959208665306,1.0,9,2025-11-20 15:53:11+00:00,365.1136111111111,22.15,2.03013698630137
2025-12-05 21:00:00+00:00,2027-12-17 00:00:00+00:00,MSFT,MSFT271217C00730000,call,False,730.0,21.25,21.75,23.2,480.8399963378906,0.297057505569458,0.03539610022899104,0.007070959208665306,1.0,6,2025-11-20 15:53:09+00:00,365.1141666666667,21.5,2.03013698630137
2025-12-05 21:00:00+00:00,2027-12-17 00:00:00+00:00,MSFT,MSFT271217C00735000,call,False,735.0,20.6,21.1,22.5,480.8399963378906,0.2967218155670166,0.03539610022899104,0.007070959208665306,1.0,3,2025-11-20 15:53:09+00:00,365.1141666666667,20.85,2.03013698630137
2025-12-05 21:00:00+00:00,2027-12-17 00:00:00+00:00,MSFT,MSFT271217C00740000,call,False,740.0,19.0,20.45,16.35,480.8399963378906,0.2963022030639648,0.03539610022899104,0.007070959208665306,13.0,991,2025-11-25 14:52:44+00:00,246.1211111111111,19.725,2.03013698630137
2025-12-05 21:00:00+00:00,2027-12-17 00:00:00+00:00,MSFT,MSFT271217C00745000,call,False,745.0,19.4,19.85,17.95,480.8399963378906,0.2960428062438965,0.03539610022899104,0.007070959208665306,30.0,35,2025-11-21 16:04:11+00:00,340.9302777777778,19.625,2.03013698630137
2025-12-05 21:00:00+00:00,2027-12-17 00:00:00+00:00,MSFT,MSFT271217C00750000,call,False,750.0,18.8,19.25,18.84,480.8399963378906,0.295707116241455,0.03539610022899104,0.007070959208665306,4.0,101,2025-12-05 15:29:09+00:00,5.514166666666667,19.025,2.03013698630137
2025-12-05 21:00:00+00:00,2027-12-17 00:00:00+00:00,MSFT,MSFT271217C00755000,call,False,755.0,18.25,18.7,20.05,480.8399963378906,0.2955392712402344,0.03539610022899104,0.007070959208665306,1.0,22,2025-11-20 15:35:06+00:00,365.415,18.475,2.03013698630137
2025-12-05 21:00:00+00:00,2027-12-17 00:00:00+00:00,MSFT,MSFT271217C00760000,call,False,760.0,16.7,18.15,18.64,480.8399963378906,0.29529513305664057,0.03539610022899104,0.007070959208665306,2.0,301,2025-12-02 17:56:43+00:00,75.05472222222222,17.424999999999997,2.03013698630137
2025-12-05 21:00:00+00:00,2027-12-17 00:00:00+00:00,MSFT,MSFT271217C00765000,call,False,765.0,15.45,15.95,22.8,480.8399963378906,0.2859721061706542,0.03539610022899104,0.007070959208665306,,6,2025-10-23 19:54:12+00:00,1033.0966666666666,15.7,2.03013698630137
2025-12-05 21:00:00+00:00,2027-12-17 00:00:00+00:00,MSFT,MSFT271217C00770000,call,False,770.0,16.65,17.1,16.45,480.8399963378906,0.29484500328063956,0.03539610022899104,0.007070959208665306,1.0,9,2025-12-05 17:53:02+00:00,3.116111111111111,16.875,2.03013698630137
2025-12-05 21:00:00+00:00,2027-12-17 00:00:00+00:00,MSFT,MSFT271217C00775000,call,False,775.0,16.15,16.6,17.8,480.8399963378906,0.2946390116882324,0.03539610022899104,0.007070959208665306,1.0,4,2025-11-20 15:35:38+00:00,365.4061111111111,16.375,2.03013698630137
2025-12-05 21:00:00+00:00,2027-12-17 00:00:00+00:00,MSFT,MSFT271217C00780000,call,False,780.0,15.7,16.1,14.34,480.8399963378906,0.29435672691345205,0.03539610022899104,0.007070959208665306,2.0,111,2025-11-21 19:19:49+00:00,337.6697222222222,15.9,2.03013698630137
2025-12-05 21:00:00+00:00,2027-12-17 00:00:00+00:00,MSFT,MSFT271217C00800000,call,False,800.0,13.9,14.3,14.0,480.8399963378906,0.29361668304443356,0.03539610022899104,0.007070959208665306,3.0,1000,2025-12-05 14:44:33+00:00,6.2575,14.100000000000001,2.03013698630137
2025-12-05 21:00:00+00:00,2027-12-17 00:00:00+00:00,MSFT,MSFT271217P00175000,put,False,175.0,1.58,1.69,1.68,480.8399963378906,0.37543349182128904,0.03539610022899104,0.007070959208665306,8.0,3979,2025-12-03 20:54:59+00:00,48.08361111111111,1.635,2.03013698630137
2025-12-05 21:00:00+00:00,2027-12-17 00:00:00+00:00,MSFT,MSFT271217P00180000,put,False,180.0,1.44,2.03,1.78,480.8399963378906,0.3776917700195312,0.03539610022899104,0.007070959208665306,5.0,67,2025-12-05 18:10:38+00:00,2.8227777777777776,1.7349999999999999,2.03013698630137
2025-12-05 21:00:00+00:00,2027-12-17 00:00:00+00:00,MSFT,MSFT271217P00185000,put,False,185.0,1.61,2.2,2.57,480.8399963378906,0.3734193518066406,0.03539610022899104,0.007070959208665306,1.0,25,2025-11-21 15:22:30+00:00,341.625,1.9050000000000002,2.03013698630137
2025-12-05 21:00:00+00:00,2027-12-17 00:00:00+00:00,MSFT,MSFT271217P00190000,put,False,190.0,1.79,2.38,2.35,480.8399963378906,0.3692079681396484,0.03539610022899104,0.007070959208665306,1.0,52,2025-11-24 18:51:47+00:00,266.13694444444445,2.085,2.03013698630137
2025-12-05 21:00:00+00:00,2027-12-17 00:00:00+00:00,MSFT,MSFT271217P00195000,put,False,195.0,1.82,2.58,2.99,480.8399963378906,0.3653933090209961,0.03539610022899104,0.007070959208665306,1.0,651,2025-11-21 15:00:54+00:00,341.985,2.2,2.03013698630137
2025-12-05 21:00:00+00:00,2027-12-17 00:00:00+00:00,MSFT,MSFT271217P00200000,put,False,200.0,2.04,2.99,2.6,480.8399963378906,0.36652244812011714,0.03539610022899104,0.007070959208665306,1.0,648,2025-12-05 17:06:18+00:00,3.895,2.515,2.03013698630137
2025-12-05 21:00:00+00:00,2027-12-17 00:00:00+00:00,MSFT,MSFT271217P00210000,put,False,210.0,2.96,4.1,3.05,480.8399963378906,0.37189348815917966,0.03539610022899104,0.007070959208665306,1.0,953,2025-12-05 17:06:34+00:00,3.8905555555555558,3.53,2.03013698630137
2025-12-05 21:00:00+00:00,2027-12-17 00:00:00+00:00,MSFT,MSFT271217P00220000,put,False,220.0,2.87,4.6,3.56,480.8399963378906,0.3626467544555664,0.03539610022899104,0.007070959208665306,3.0,1701,2025-12-05 19:57:49+00:00,1.0363888888888888,3.735,2.03013698630137
2025-12-05 21:00:00+00:00,2027-12-17 00:00:00+00:00,MSFT,MSFT271217P00230000,put,False,230.0,2.99,5.5,4.1,480.8399963378906,0.3593508889770508,0.03539610022899104,0.007070959208665306,2.0,114,2025-12-01 17:05:44+00:00,99.90444444444445,4.245,2.03013698630137
2025-12-05 21:00:00+00:00,2027-12-17 00:00:00+00:00,MSFT,MSFT271217P00240000,put,False,240.0,4.55,5.9,4.87,480.8399963378906,0.34746441116333,0.03539610022899104,0.007070959208665306,2.0,138,2025-11-19 17:22:01+00:00,387.63305555555553,5.225,2.03013698630137
2025-12-05 21:00:00+00:00,2027-12-17 00:00:00+00:00,MSFT,MSFT271217P00250000,put,False,250.0,5.35,6.65,5.55,480.8399963378906,0.34027759338378905,0.03539610022899104,0.007070959208665306,2.0,370,2025-12-01 17:02:31+00:00,99.95805555555556,6.0,2.03013698630137
2025-12-05 21:00:00+00:00,2027-12-17 00:00:00+00:00,MSFT,MSFT271217P00260000,put,False,260.0,6.25,7.85,6.75,480.8399963378906,0.33780569427490237,0.03539610022899104,0.007070959208665306,2.0,178,2025-11-26 18:10:52+00:00,218.8188888888889,7.05,2.03013698630137
2025-12-05 21:00:00+00:00,2027-12-17 00:00:00+00:00,MSFT,MSFT271217P00270000,put,False,270.0,7.15,8.45,7.5,480.8399963378906,0.32747559738159177,0.03539610022899104,0.007070959208665306,1.0,130,2025-12-03 19:51:37+00:00,49.139722222222225,7.8,2.03013698630137
2025-12-05 21:00:00+00:00,2027-12-17 00:00:00+00:00,MSFT,MSFT271217P00280000,put,False,280.0,8.2,9.15,8.4,480.8399963378906,0.3180457600402831,0.03539610022899104,0.007070959208665306,1.0,443,2025-12-05 18:55:15+00:00,2.0791666666666666,8.675,2.03013698630137
2025-12-05 21:00:00+00:00,2027-12-17 00:00:00+00:00,MSFT,MSFT271217P00290000,put,False,290.0,9.35,10.65,9.6,480.8399963378906,0.31581799911499014,0.03539610022899104,0.007070959208665306,1.0,742,2025-12-05 18:58:05+00:00,2.0319444444444446,10.0,2.03013698630137
2025-12-05 21:00:00+00:00,2027-12-17 00:00:00+00:00,MSFT,MSFT271217P00300000,put,False,300.0,10.6,11.95,10.85,480.8399963378906,0.310630062713623,0.03539610022899104,0.007070959208665306,2.0,1061,2025-12-05 18:57:17+00:00,2.0452777777777778,11.274999999999999,2.03013698630137
2025-12-05 21:00:00+00:00,2027-12-17 00:00:00+00:00,MSFT,MSFT271217P00310000,put,False,310.0,12.0,13.05,12.29,480.8399963378906,0.30307703765869143,0.03539610022899104,0.007070959208665306,2.0,466,2025-12-05 20:04:04+00:00,0.9322222222222222,12.525,2.03013698630137
2025-12-05 21:00:00+00:00,2027-12-17 00:00:00+00:00,MSFT,MSFT271217P00320000,put,False,320.0,13.5,13.9,13.65,480.8399963378906,0.29325047576904284,0.03539610022899104,0.007070959208665306,5.0,389,2025-12-03 20:06:31+00:00,48.89138888888889,13.7,2.03013698630137
2025-12-05 21:00:00+00:00,2027-12-17 00:00:00+00:00,MSFT,MSFT271217P00330000,put,False,330.0,15.15,15.55,14.96,480.8399963378906,0.288794953918457,0.03539610022899104,0.007070959208665306,1.0,318,2025-11-26 17:53:08+00:00,219.11444444444444,15.350000000000001,2.03013698630137
2025-12-05 21:00:00+00:00,2027-12-17 00:00:00+00:00,MSFT,MSFT271217P00340000,put,False,340.0,16.0,17.4,17.8,480.8399963378906,0.28481244979858394,0.03539610022899104,0.007070959208665306,1.0,1510,2025-12-03 15:16:20+00:00,53.727777777777774,16.7,2.03013698630137
2025-12-05 21:00:00+00:00,2027-12-17 00:00:00+00:00,MSFT,MSFT271217P00350000,put,False,350.0,18.95,19.35,19.77,480.8399963378906,0.28057054885864247,0.03539610022899104,0.007070959208665306,22.0,1210,2025-12-04 18:29:00+00:00,26.516666666666666,19.15,2.03013698630137
2025-12-05 21:00:00+00:00,2027-12-17 00:00:00+00:00,MSFT,MSFT271217P00360000,put,False,360.0,20.05,21.5,22.58,480.8399963378906,0.2766643379211425,0.03539610022899104,0.007070959208665306,2.0,385,2025-11-24 16:12:37+00:00,268.7897222222222,20.775,2.03013698630137
2025-12-05 21:00:00+00:00,2027-12-17 00:00:00+00:00,MSFT,MSFT271217P00370000,put,False,370.0,22.35,24.8,24.84,480.8399963378906,0.27806050315856934,0.03539610022899104,0.007070959208665306,1.0,793,2025-12-03 14:56:46+00:00,54.05388888888889,23.575000000000003,2.03013698630137
2025-12-05 21:00:00+00:00,2027-12-17 00:00:00+00:00,MSFT,MSFT271217P00380000,put,False,380.0,25.8,26.3,26.2,480.8399963378906,0.268989243774414,0.03539610022899104,0.007070959208665306,2.0,1017,2025-12-03 15:55:43+00:00,53.07138888888889,26.05,2.03013698630137
2025-12-05 21:00:00+00:00,2027-12-17 00:00:00+00:00,MSFT,MSFT271217P00390000,put,False,390.0,28.5,28.95,28.7,480.8399963378906,0.2651593260192871,0.03539610022899104,0.007070959208665306,1.0,244,2025-12-03 15:47:10+00:00,53.21388888888889,28.725,2.03013698630137
2025-12-05 21:00:00+00:00,2027-12-17 00:00:00+00:00,MSFT,MSFT271217P00400000,put,False,400.0,31.3,31.85,31.95,480.8399963378906,0.2616803569030762,0.03539610022899104,0.007070959208665306,29.0,961,2025-12-03 20:53:01+00:00,48.11638888888889,31.575000000000003,2.03013698630137
2025-12-05 21:00:00+00:00,2027-12-17 00:00:00+00:00,MSFT,MSFT271217P00410000,put,False,410.0,34.35,34.9,35.1,480.8399963378906,0.2580335427856446,0.03539610022899104,0.007070959208665306,2.0,337,2025-12-05 15:25:19+00:00,5.578055555555555,34.625,2.03013698630137
2025-12-05 21:00:00+00:00,2027-12-17 00:00:00+00:00,MSFT,MSFT271217P00420000,put,False,420.0,37.6,38.15,37.4,480.8399963378906,0.2544477632141114,0.03539610022899104,0.007070959208665306,2.0,386,2025-12-03 15:36:01+00:00,53.39972222222222,37.875,2.03013698630137
2025-12-05 21:00:00+00:00,2027-12-17 00:00:00+00:00,MSFT,MSFT271217P00430000,put,False,430.0,41.0,41.6,42.27,480.8399963378906,0.25087724227905267,0.03539610022899104,0.007070959208665306,7.0,375,2025-12-04 15:47:36+00:00,29.206666666666667,41.3,2.03013698630137
2025-12-05 21:00:00+00:00,2027-12-17 00:00:00+00:00,MSFT,MSFT271217P00440000,put,False,440.0,44.65,45.3,45.98,480.8399963378906,0.24750508361816403,0.03539610022899104,0.007070959208665306,7.0,229,2025-12-04 15:47:36+00:00,29.206666666666667,44.974999999999994,2.03013698630137
2025-12-05 21:00:00+00:00,2027-12-17 00:00:00+00:00,MSFT,MSFT271217P00450000,put,False,450.0,48.5,49.15,50.25,480.8399963378906,0.24390404541015626,0.03539610022899104,0.007070959208665306,20.0,688,2025-12-03 15:00:54+00:00,53.985,48.825,2.03013698630137
2025-12-05 21:00:00+00:00,2027-12-17 00:00:00+00:00,MSFT,MSFT271217P00460000,put,False,460.0,52.55,53.25,54.2,480.8399963378906,0.2404555935668945,0.03539610022899104,0.007070959208665306,1.0,300,2025-12-04 15:19:49+00:00,29.669722222222223,52.9,2.03013698630137
2025-12-05 21:00:00+00:00,2027-12-17 00:00:00+00:00,MSFT,MSFT271217P00470000,put,False,470.0,56.85,57.6,59.55,480.8399963378906,0.23712921081542968,0.03539610022899104,0.007070959208665306,10.0,458,2025-12-04 19:23:01+00:00,25.61638888888889,57.225,2.03013698630137
2025-12-05 21:00:00+00:00,2027-12-17 00:00:00+00:00,MSFT,MSFT271217P00480000,put,False,480.0,61.45,62.1,62.1,480.8399963378906,0.23354343124389648,0.03539610022899104,0.007070959208665306,1.0,355,2025-12-05 15:12:25+00:00,5.793055555555555,61.775000000000006,2.03013698630137
2025-12-05 21:00:00+00:00,2027-12-17 00:00:00+00:00,MSFT,MSFT271217P00490000,put,True,490.0,66.05,66.85,67.15,480.8399963378906,0.23005683280944825,0.03539610022899104,0.007070959208665306,5.0,245,2025-12-05 15:00:56+00:00,5.984444444444445,66.44999999999999,2.03013698630137
2025-12-05 21:00:00+00:00,2027-12-17 00:00:00+00:00,MSFT,MSFT271217P00500000,put,True,500.0,71.0,71.8,71.77,480.8399963378906,0.22646342391967772,0.03539610022899104,0.007070959208665306,2.0,995,2025-12-05 19:19:37+00:00,1.6730555555555555,71.4,2.03013698630137
2025-12-05 21:00:00+00:00,2027-12-17 00:00:00+00:00,MSFT,MSFT271217P00505000,put,True,505.0,73.55,74.4,76.36,480.8399963378906,0.22480786186218257,0.03539610022899104,0.007070959208665306,2.0,12,2025-11-25 18:30:58+00:00,242.48388888888888,73.975,2.03013698630137
2025-12-05 21:00:00+00:00,2027-12-17 00:00:00+00:00,MSFT,MSFT271217P00510000,put,True,510.0,76.15,77.0,76.79,480.8399963378906,0.22293867889404295,0.03539610022899104,0.007070959208665306,1.0,515,2025-12-03 18:56:45+00:00,50.05416666666667,76.575,2.03013698630137
2025-12-05 21:00:00+00:00,2027-12-17 00:00:00+00:00,MSFT,MSFT271217P00515000,put,True,515.0,78.85,79.7,81.43,480.8399963378906,0.2212220822906494,0.03539610022899104,0.007070959208665306,2.0,143,2025-12-04 19:16:15+00:00,25.729166666666668,79.275,2.03013698630137
2025-12-05 21:00:00+00:00,2027-12-17 00:00:00+00:00,MSFT,MSFT271217P00520000,put,True,520.0,81.55,82.45,82.12,480.8399963378906,0.21947496841430664,0.03539610022899104,0.007070959208665306,5.0,321,2025-12-03 18:50:52+00:00,50.15222222222222,82.0,2.03013698630137
2025-12-05 21:00:00+00:00,2027-12-17 00:00:00+00:00,MSFT,MSFT271217P00525000,put,True,525.0,84.35,85.25,86.85,480.8399963378906,0.21768970794677733,0.03539610022899104,0.007070959208665306,1.0,27,2025-12-04 18:00:39+00:00,26.989166666666666,84.8,2.03013698630137
2025-12-05 21:00:00+00:00,2027-12-17 00:00:00+00:00,MSFT,MSFT271217P00530000,put,True,530.0,87.15,88.1,83.55,480.8399963378906,0.2158739302062988,0.03539610022899104,0.007070959208665306,5.0,670,2025-12-02 20:52:39+00:00,72.1225,87.625,2.03013698630137
2025-12-05 21:00:00+00:00,2027-12-17 00:00:00+00:00,MSFT,MSFT271217P00540000,put,True,540.0,93.0,93.95,91.33,480.8399963378906,0.2121279349517822,0.03539610022899104,0.007070959208665306,1.0,633,2025-11-26 16:12:02+00:00,220.79944444444445,93.475,2.03013698630137
2025-12-05 21:00:00+00:00,2027-12-17 00:00:00+00:00,MSFT,MSFT271217P00545000,put,True,545.0,96.0,96.95,103.74,480.8399963378906,0.21019771743774412,0.03539610022899104,0.007070959208665306,30.0,31,2025-11-24 14:55:00+00:00,270.0833333333333,96.475,2.03013698630137
2025-12-05 21:00:00+00:00,2027-12-17 00:00:00+00:00,MSFT,MSFT271217P00550000,put,True,550.0,98.15,100.05,101.0,480.8399963378906,0.20841245697021477,0.03539610022899104,0.007070959208665306,1.0,1852,2025-12-05 17:24:40+00:00,3.588888888888889,99.1,2.03013698630137
2025-12-05 21:00:00+00:00,2027-12-17 00:00:00+00:00,MSFT,MSFT271217P00555000,put,True,555.0,102.2,103.2,106.84,480.8399963378906,0.2065966792297363,0.03539610022899104,0.007070959208665306,1.0,32,2025-12-03 14:49:49+00:00,54.16972222222222,102.7,2.03013698630137
2025-12-05 21:00:00+00:00,2027-12-17 00:00:00+00:00,MSFT,MSFT271217P00560000,put,True,560.0,105.4,106.4,99.6,480.8399963378906,0.20472749626159664,0.03539610022899104,0.007070959208665306,1.0,538,2025-12-02 17:02:54+00:00,75.95166666666667,105.9,2.03013698630137
2025-12-05 21:00:00+00:00,2027-12-17 00:00:00+00:00,MSFT,MSFT271217P00565000,put,True,565.0,102.55,107.0,85.35,480.8399963378906,0.19232985412597658,0.03539610022899104,0.007070959208665306,10.0,57,2025-10-30 14:13:04+00:00,870.7822222222222,104.775,2.03013698630137
2025-12-05 21:00:00+00:00,2027-12-17 00:00:00+00:00,MSFT,MSFT271217P00570000,put,True,570.0,111.9,112.9,104.37,480.8399963378906,0.20067632827758786,0.03539610022899104,0.007070959208665306,5.0,149,2025-11-06 17:47:06+00:00,699.215,112.4,2.03013698630137
2025-12-05 21:00:00+00:00,2027-12-17 00:00:00+00:00,MSFT,MSFT271217P00575000,put,True,575.0,115.25,116.3,97.33,480.8399963378906,0.19887580917358394,0.03539610022899104,0.007070959208665306,2.0,114,2025-11-04 16:39:47+00:00,748.3369444444445,115.775,2.03013698630137
2025-12-05 21:00:00+00:00,2027-12-17 00:00:00+00:00,MSFT,MSFT271217P00580000,put,True,580.0,117.25,121.8,119.5,480.8399963378906,0.2054522814941406,0.03539610022899104,0.007070959208665306,2.0,171,2025-12-03 18:27:33+00:00,50.54083333333333,119.525,2.03013698630137
2025-12-05 21:00:00+00:00,2027-12-17 00:00:00+00:00,MSFT,MSFT271217P00590000,put,True,590.0,109.25,110.9,93.86,480.8399963378906,0.1110165803527832,0.03539610022899104,0.007070959208665306,12.0,14,2025-10-06 18:43:11+00:00,1442.2802777777779,110.075,2.03013698630137
2025-12-05 21:00:00+00:00,2027-12-17 00:00:00+00:00,MSFT,MSFT271217P00595000,put,True,595.0,123.6,126.4,97.16,480.8399963378906,0.17302767898559573,0.03539610022899104,0.007070959208665306,,5,2025-10-29 19:36:56+00:00,889.3844444444444,125.0,2.03013698630137
2025-12-05 21:00:00+00:00,2027-12-17 00:00:00+00:00,MSFT,MSFT271217P00600000,put,True,600.0,132.8,133.9,128.25,480.8399963378906,0.18853808296203614,0.03539610022899104,0.007070959208665306,1.0,201,2025-12-01 16:35:31+00:00,100.40805555555555,133.35000000000002,2.03013698630137
2025-12-05 21:00:00+00:00,2027-12-17 00:00:00+00:00,MSFT,MSFT271217P00610000,put,True,610.0,138.95,143.5,122.9,480.8399963378906,0.1944736925506592,0.03539610022899104,0.007070959208665306,1.0,4,2025-11-13 15:48:00+00:00,533.2,141.225,2.03013698630137
2025-12-05 21:00:00+00:00,2027-12-17 00:00:00+00:00,MSFT,MSFT271217P00620000,put,True,620.0,147.4,151.0,154.03,480.8399963378906,0.1899189895629883,0.03539610022899104,0.007070959208665306,2.0,18,2025-11-24 20:50:00+00:00,264.1666666666667,149.2,2.03013698630137
2025-12-05 21:00:00+00:00,2027-12-17 00:00:00+00:00,MSFT,MSFT271217P00625000,put,True,625.0,151.2,153.35,151.75,480.8399963378906,0.17986354812622068,0.03539610022899104,0.007070959208665306,1.0,16,2025-11-26 14:37:16+00:00,222.3788888888889,152.27499999999998,2.03013698630137
2025-12-05 21:00:00+00:00,2027-12-17 00:00:00+00:00,MSFT,MSFT271217P00630000,put,True,630.0,155.1,157.3,151.9,480.8399963378906,0.1775594940185547,0.03539610022899104,0.007070959208665306,1.0,185,2025-11-28 14:44:22+00:00,174.26055555555556,156.2,2.03013698630137
2025-12-05 21:00:00+00:00,2027-12-17 00:00:00+00:00,MSFT,MSFT271217P00635000,put,True,635.0,158.95,161.4,153.15,480.8399963378906,0.17575897491455078,0.03539610022899104,0.007070959208665306,2.0,7,2025-11-28 15:43:58+00:00,173.26722222222222,160.175,2.03013698630137
2025-12-05 21:00:00+00:00,2027-12-17 00:00:00+00:00,MSFT,MSFT271217P00640000,put,True,640.0,163.0,167.0,157.96,480.8399963378906,0.18244225769042968,0.03539610022899104,0.007070959208665306,1.0,46,2025-11-28 15:43:34+00:00,173.27388888888888,165.0,2.03013698630137
2025-12-05 21:00:00+00:00,2027-12-17 00:00:00+00:00,MSFT,MSFT271217P00645000,put,True,645.0,166.7,169.6,169.05,480.8399963378906,0.17116612533569336,0.03539610022899104,0.007070959208665306,1.0,3,2025-11-26 14:37:59+00:00,222.36694444444444,168.14999999999998,2.03013698630137
2025-12-05 21:00:00+00:00,2027-12-17 00:00:00+00:00,MSFT,MSFT271217P00650000,put,True,650.0,171.25,173.7,166.37,480.8399963378906,0.16827461372375493,0.03539610022899104,0.007070959208665306,2.0,4,2025-11-28 15:42:55+00:00,173.28472222222223,172.475,2.03013698630137
2025-12-05 21:00:00+00:00,2027-12-17 00:00:00+00:00,MSFT,MSFT271217P00655000,put,True,655.0,175.2,177.9,169.5,480.8399963378906,0.1656272402954102,0.03539610022899104,0.007070959208665306,2.0,1,2025-11-28 15:45:36+00:00,173.24,176.55,2.03013698630137
2025-12-05 21:00:00+00:00,2027-12-17 00:00:00+00:00,MSFT,MSFT271217P00660000,put,True,660.0,179.65,182.2,175.37,480.8399963378906,0.16327741027832032,0.03539610022899104,0.007070959208665306,2.0,4,2025-12-01 19:07:58+00:00,97.86722222222222,180.925,2.03013698630137
2025-12-05 21:00:00+00:00,2027-12-17 00:00:00+00:00,MSFT,MSFT271217P00665000,put,True,665.0,184.25,186.55,178.5,480.8399963378906,0.16088180435180666,0.03539610022899104,0.007070959208665306,1.0,2,2025-11-28 15:44:39+00:00,173.25583333333333,185.4,2.03013698630137
2025-12-05 21:00:00+00:00,2027-12-17 00:00:00+00:00,MSFT,MSFT271217P00675000,put,True,675.0,193.1,195.45,194.04,480.8399963378906,0.15648731704711916,0.03539610022899104,0.007070959208665306,1.0,2,2025-11-26 14:37:17+00:00,222.3786111111111,194.27499999999998,2.03013698630137
2025-12-05 21:00:00+00:00,2027-12-17 00:00:00+00:00,MSFT,MSFT271217P00680000,put,True,680.0,197.25,199.95,195.56,480.8399963378906,0.15406119384765626,0.03539610022899104,0.007070959208665306,3.0,25,2025-12-01 20:55:07+00:00,96.0813888888889,198.6,2.03013698630137
2025-12-05 21:00:00+00:00,2027-12-17 00:00:00+00:00,MSFT,MSFT271217P00685000,put,True,685.0,201.9,204.55,212.13,480.8399963378906,0.15223015747070315,0.03539610022899104,0.007070959208665306,2.0,0,2025-11-25 14:30:22+00:00,246.49388888888888,203.22500000000002,2.03013698630137
2025-12-05 21:00:00+00:00,2027-12-17 00:00:00+00:00,MSFT,MSFT271217P00695000,put,True,695.0,211.35,213.95,201.06,480.8399963378906,0.14975825836181644,0.03539610022899104,0.007070959208665306,2.0,2,2025-11-07 20:42:00+00:00,672.3,212.64999999999998,2.03013698630137
2025-12-05 21:00:00+00:00,2027-12-17 00:00:00+00:00,MSFT,MSFT271217P00700000,put,True,700.0,215.0,219.5,220.4,480.8399963378906,0.1588066297912598,0.03539610022899104,0.007070959208665306,5.0,9,2025-12-04 14:37:03+00:00,30.3825,217.25,2.03013698630137
2025-12-05 21:00:00+00:00,2027-12-17 00:00:00+00:00,MSFT,MSFT271217P00705000,put,True,705.0,219.5,224.5,235.49,480.8399963378906,0.1611259425354004,0.03539610022899104,0.007070959208665306,16.0,0,2025-11-24 14:55:00+00:00,270.0833333333333,222.0,2.03013698630137
2025-12-05 21:00:00+00:00,2027-12-17 00:00:00+00:00,MSFT,MSFT271217P00710000,put,True,710.0,217.5,222.5,178.55,480.8399963378906,1.0000000000000003e-05,0.03539610022899104,0.007070959208665306,,0,2025-10-29 18:35:30+00:00,890.4083333333333,220.0,2.03013698630137
2025-12-05 21:00:00+00:00,2027-12-17 00:00:00+00:00,MSFT,MSFT271217P00715000,put,True,715.0,229.5,234.5,244.85,480.8399963378906,0.16570353347778322,0.03539610022899104,0.007070959208665306,10.0,0,2025-11-24 14:47:43+00:00,270.20472222222224,232.0,2.03013698630137
2025-12-05 21:00:00+00:00,2027-12-17 00:00:00+00:00,MSFT,MSFT271217P00735000,put,True,735.0,249.5,254.5,261.88,480.8399963378906,0.1745840599060059,0.03539610022899104,0.007070959208665306,2.0,0,2025-11-25 14:30:22+00:00,246.49388888888888,252.0,2.03013698630137
2025-12-05 21:00:00+00:00,2027-12-17 00:00:00+00:00,MSFT,MSFT271217P00750000,put,True,750.0,257.5,262.5,209.68,480.8399963378906,1.0000000000000003e-05,0.03539610022899104,0.007070959208665306,,0,2025-10-28 19:50:24+00:00,913.16,260.0,2.03013698630137
2025-12-05 21:00:00+00:00,2027-12-17 00:00:00+00:00,MSFT,MSFT271217P00760000,put,True,760.0,0.0,0.0,233.56,480.8399963378906,1.0000000000000003e-05,0.03539610022899104,0.007070959208665306,1.0,0,2025-08-12 15:53:10+00:00,2765.113888888889,0.0,2.03013698630137
2025-12-05 21:00:00+00:00,2027-12-17 00:00:00+00:00,MSFT,MSFT271217P00765000,put,True,765.0,279.5,284.5,252.02,480.8399963378906,0.18726398681640627,0.03539610022899104,0.007070959208665306,,0,2025-11-04 16:39:47+00:00,748.3369444444445,282.0,2.03013698630137
2025-12-05 21:00:00+00:00,2027-12-17 00:00:00+00:00,MSFT,MSFT271217P00770000,put,True,770.0,277.5,282.5,238.37,480.8399963378906,1.0000000000000003e-05,0.03539610022899104,0.007070959208665306,,0,2025-10-27 16:21:02+00:00,940.6494444444445,280.0,2.03013698630137
2025-12-05 21:00:00+00:00,2027-12-17 00:00:00+00:00,MSFT,MSFT271217P00780000,put,True,780.0,259.5,264.0,273.0,480.8399963378906,1.0000000000000003e-05,0.03539610022899104,0.007070959208665306,250.0,0,2025-08-22 19:39:57+00:00,2521.3341666666665,261.75,2.03013698630137
2025-12-05 21:00:00+00:00,2027-12-17 00:00:00+00:00,MSFT,MSFT271217P00800000,put,True,800.0,314.5,319.5,319.08,480.8399963378906,0.2012103805541992,0.03539610022899104,0.007070959208665306,1.0,1,2025-12-03 20:48:29+00:00,48.191944444444445,317.0,2.03013698630137
2025-12-05 21:00:00+00:00,2028-01-21 00:00:00+00:00,MSFT,MSFT280121C00240000,call,True,240.0,260.5,265.5,259.86,480.8399963378906,0.5069324209594727,0.03539610022899104,0.007070959208665306,1.0,2,2025-12-05 16:24:54+00:00,4.585,263.0,2.126027397260274
2025-12-05 21:00:00+00:00,2028-01-21 00:00:00+00:00,MSFT,MSFT280121C00250000,call,True,250.0,252.0,257.0,249.0,480.8399963378906,0.495671547241211,0.03539610022899104,0.007070959208665306,1.0,10,2025-12-04 15:26:57+00:00,29.550833333333333,254.5,2.126027397260274
2025-12-05 21:00:00+00:00,2028-01-21 00:00:00+00:00,MSFT,MSFT280121C00260000,call,True,260.0,244.0,248.5,243.6,480.8399963378906,0.48431912170410163,0.03539610022899104,0.007070959208665306,1.0,53,2025-12-05 17:58:29+00:00,3.0252777777777777,246.25,2.126027397260274
2025-12-05 21:00:00+00:00,2028-01-21 00:00:00+00:00,MSFT,MSFT280121C00270000,call,True,270.0,235.5,240.5,232.83,480.8399963378906,0.4764609239196777,0.03539610022899104,0.007070959208665306,1.0,17,2025-12-04 19:26:44+00:00,25.554444444444446,238.0,2.126027397260274
2025-12-05 21:00:00+00:00,2028-01-21 00:00:00+00:00,MSFT,MSFT280121C00280000,call,True,280.0,227.5,232.0,220.0,480.8399963378906,0.4647880670166016,0.03539610022899104,0.007070959208665306,1.0,15,2025-11-21 18:18:43+00:00,338.68805555555554,229.75,2.126027397260274
2025-12-05 21:00:00+00:00,2028-01-21 00:00:00+00:00,MSFT,MSFT280121C00290000,call,True,290.0,220.0,222.55,219.15,480.8399963378906,0.4468591691589356,0.03539610022899104,0.007070959208665306,1.0,34,2025-12-04 16:18:03+00:00,28.699166666666667,221.275,2.126027397260274
2025-12-05 21:00:00+00:00,2028-01-21 00:00:00+00:00,MSFT,MSFT280121C00300000,call,True,300.0,212.05,214.55,212.0,480.8399963378906,0.4385279536437989,0.03539610022899104,0.007070959208665306,2.0,264,2025-12-05 19:46:40+00:00,1.2222222222222223,213.3,2.126027397260274
2025-12-05 21:00:00+00:00,2028-01-21 00:00:00+00:00,MSFT,MSFT280121C00310000,call,True,310.0,204.25,206.7,205.54,480.8399963378906,0.43076893699646,0.03539610022899104,0.007070959208665306,1.0,2,2025-11-26 14:43:10+00:00,222.28055555555557,205.475,2.126027397260274
2025-12-05 21:00:00+00:00,2028-01-21 00:00:00+00:00,MSFT,MSFT280121C00320000,call,True,320.0,196.55,199.0,191.0,480.8399963378906,0.4235058260345459,0.03539610022899104,0.007070959208665306,1.0,29,2025-12-03 14:49:26+00:00,54.17611111111111,197.775,2.126027397260274
2025-12-05 21:00:00+00:00,2028-01-21 00:00:00+00:00,MSFT,MSFT280121C00330000,call,True,330.0,188.95,191.4,187.56,480.8399963378906,0.4164029307556152,0.03539610022899104,0.007070959208665306,4.0,55,2025-12-05 14:30:11+00:00,6.496944444444445,190.175,2.126027397260274
2025-12-05 21:00:00+00:00,2028-01-21 00:00:00+00:00,MSFT,MSFT280121C00340000,call,True,340.0,181.55,183.95,176.95,480.8399963378906,0.4096891307067871,0.03539610022899104,0.007070959208665306,1.0,12,2025-12-03 15:15:32+00:00,53.74111111111111,182.75,2.126027397260274
2025-12-05 21:00:00+00:00,2028-01-21 00:00:00+00:00,MSFT,MSFT280121C00350000,call,True,350.0,174.2,176.7,173.81,480.8399963378906,0.4035780467987061,0.03539610022899104,0.007070959208665306,1.0,53,2025-12-05 18:14:51+00:00,2.7525,175.45,2.126027397260274
2025-12-05 21:00:00+00:00,2028-01-21 00:00:00+00:00,MSFT,MSFT280121C00360000,call,True,360.0,167.05,169.55,167.1,480.8399963378906,0.3975051094818115,0.03539610022899104,0.007070959208665306,1.0,13,2025-12-03 18:15:24+00:00,50.74333333333333,168.3,2.126027397260274
2025-12-05 21:00:00+00:00,2028-01-21 00:00:00+00:00,MSFT,MSFT280121C00370000,call,True,370.0,160.1,162.55,157.67,480.8399963378906,0.391683939666748,0.03539610022899104,0.007070959208665306,1.0,54,2025-12-04 15:34:15+00:00,29.429166666666667,161.325,2.126027397260274
2025-12-05 21:00:00+00:00,2028-01-21 00:00:00+00:00,MSFT,MSFT280121C00380000,call,True,380.0,153.3,155.7,154.09,480.8399963378906,0.3860992787170409,0.03539610022899104,0.007070959208665306,1.0,10,2025-12-04 16:09:46+00:00,28.837222222222223,154.5,2.126027397260274
2025-12-05 21:00:00+00:00,2028-01-21 00:00:00+00:00,MSFT,MSFT280121C00390000,call,True,390.0,146.65,149.05,147.32,480.8399963378906,0.38092660095214836,0.03539610022899104,0.007070959208665306,3.0,300,2025-12-03 15:45:27+00:00,53.2425,147.85000000000002,2.126027397260274
2025-12-05 21:00:00+00:00,2028-01-21 00:00:00+00:00,MSFT,MSFT280121C00400000,call,True,400.0,140.55,142.55,141.09,480.8399963378906,0.37592176818847656,0.03539610022899104,0.007070959208665306,1.0,236,2025-12-04 19:35:00+00:00,25.416666666666668,141.55,2.126027397260274
2025-12-05 21:00:00+00:00,2028-01-21 00:00:00+00:00,MSFT,MSFT280121C00410000,call,True,410.0,133.95,136.25,129.95,480.8399963378906,0.3712602547454834,0.03539610022899104,0.007070959208665306,1.0,125,2025-12-03 14:29:59+00:00,54.500277777777775,135.1,2.126027397260274
2025-12-05 21:00:00+00:00,2028-01-21 00:00:00+00:00,MSFT,MSFT280121C00420000,call,True,420.0,127.8,130.15,132.72,480.8399963378906,0.3669191726684571,0.03539610022899104,0.007070959208665306,1.0,59,2025-11-26 16:37:14+00:00,220.37944444444443,128.975,2.126027397260274
2025-12-05 21:00:00+00:00,2028-01-21 00:00:00+00:00,MSFT,MSFT280121C00430000,call,True,430.0,121.9,125.2,128.0,480.8399963378906,0.36667503448486327,0.03539610022899104,0.007070959208665306,1.0,68,2025-12-02 16:24:10+00:00,76.59722222222223,123.55000000000001,2.126027397260274
2025-12-05 21:00:00+00:00,2028-01-21 00:00:00+00:00,MSFT,MSFT280121C00440000,call,True,440.0,116.2,118.4,112.83,480.8399963378906,0.35850403465270997,0.03539610022899104,0.007070959208665306,1.0,41,2025-12-04 16:09:33+00:00,28.840833333333332,117.30000000000001,2.126027397260274
2025-12-05 21:00:00+00:00,2028-01-21 00:00:00+00:00,MSFT,MSFT280121C00450000,call,True,450.0,110.6,112.85,109.55,480.8399963378906,0.3547961859893798,0.03539610022899104,0.007070959208665306,14.0,179,2025-12-04 20:25:25+00:00,24.57638888888889,111.725,2.126027397260274
2025-12-05 21:00:00+00:00,2028-01-21 00:00:00+00:00,MSFT,MSFT280121C00460000,call,True,460.0,105.35,107.5,104.0,480.8399963378906,0.3513248461914062,0.03539610022899104,0.007070959208665306,2.0,71,2025-12-05 16:41:35+00:00,4.3069444444444445,106.425,2.126027397260274
2025-12-05 21:00:00+00:00,2028-01-21 00:00:00+00:00,MSFT,MSFT280121C00470000,call,True,470.0,100.2,102.35,101.5,480.8399963378906,0.3480747566223144,0.03539610022899104,0.007070959208665306,13.0,263,2025-12-05 16:18:03+00:00,4.699166666666667,101.275,2.126027397260274
2025-12-05 21:00:00+00:00,2028-01-21 00:00:00+00:00,MSFT,MSFT280121C00480000,call,True,480.0,95.1,97.35,96.32,480.8399963378906,0.3448704429626465,0.03539610022899104,0.007070959208665306,6.0,399,2025-12-05 18:38:54+00:00,2.3516666666666666,96.225,2.126027397260274
2025-12-05 21:00:00+00:00,2028-01-21 00:00:00+00:00,MSFT,MSFT280121C00490000,call,False,490.0,90.4,92.55,90.5,480.8399963378906,0.34187212089538566,0.03539610022899104,0.007070959208665306,106.0,168,2025-12-05 18:51:04+00:00,2.148888888888889,91.475,2.126027397260274
2025-12-05 21:00:00+00:00,2028-01-21 00:00:00+00:00,MSFT,MSFT280121C00500000,call,False,500.0,85.85,87.95,86.1,480.8399963378906,0.33908741973876955,0.03539610022899104,0.007070959208665306,107.0,883,2025-12-05 20:13:33+00:00,0.7741666666666667,86.9,2.126027397260274
2025-12-05 21:00:00+00:00,2028-01-21 00:00:00+00:00,MSFT,MSFT280121C00505000,call,False,505.0,83.55,85.6,82.52,480.8399963378906,0.33732504722595213,0.03539610022899104,0.007070959208665306,3.0,54,2025-12-04 20:43:21+00:00,24.2775,84.57499999999999,2.126027397260274
2025-12-05 21:00:00+00:00,2028-01-21 00:00:00+00:00,MSFT,MSFT280121C00510000,call,False,510.0,82.35,83.15,81.42,480.8399963378906,0.3350820276641846,0.03539610022899104,0.007070959208665306,1.0,352,2025-12-04 16:57:58+00:00,28.03388888888889,82.75,2.126027397260274
2025-12-05 21:00:00+00:00,2028-01-21 00:00:00+00:00,MSFT,MSFT280121C00515000,call,False,515.0,80.2,80.95,78.99,480.8399963378906,0.3336095692443848,0.03539610022899104,0.007070959208665306,3.0,148,2025-12-05 15:36:34+00:00,5.390555555555555,80.575,2.126027397260274
2025-12-05 21:00:00+00:00,2028-01-21 00:00:00+00:00,MSFT,MSFT280121C00520000,call,False,520.0,78.1,78.8,76.53,480.8399963378906,0.33218288673400886,0.03539610022899104,0.007070959208665306,4.0,387,2025-12-04 20:55:57+00:00,24.0675,78.44999999999999,2.126027397260274
2025-12-05 21:00:00+00:00,2028-01-21 00:00:00+00:00,MSFT,MSFT280121C00525000,call,False,525.0,76.0,76.75,74.5,480.8399963378906,0.3309965277481079,0.03539610022899104,0.007070959208665306,4.0,248,2025-12-05 16:57:04+00:00,4.0488888888888885,76.375,2.126027397260274
2025-12-05 21:00:00+00:00,2028-01-21 00:00:00+00:00,MSFT,MSFT280121C00530000,call,False,530.0,73.5,74.7,73.0,480.8399963378906,0.32968047035217285,0.03539610022899104,0.007070959208665306,6.0,215,2025-12-05 17:54:27+00:00,3.0925,74.1,2.126027397260274
2025-12-05 21:00:00+00:00,2028-01-21 00:00:00+00:00,MSFT,MSFT280121C00535000,call,False,535.0,72.0,72.7,70.75,480.8399963378906,0.32842163284301756,0.03539610022899104,0.007070959208665306,1.0,202,2025-12-05 17:47:40+00:00,3.2055555555555557,72.35,2.126027397260274
2025-12-05 21:00:00+00:00,2028-01-21 00:00:00+00:00,MSFT,MSFT280121C00540000,call,False,540.0,70.0,70.75,69.2,480.8399963378906,0.32721620056152345,0.03539610022899104,0.007070959208665306,1.0,177,2025-12-05 17:54:27+00:00,3.0925,70.375,2.126027397260274
2025-12-05 21:00:00+00:00,2028-01-21 00:00:00+00:00,MSFT,MSFT280121C00545000,call,False,545.0,68.15,68.8,63.99,480.8399963378906,0.32588869918823243,0.03539610022899104,0.007070959208665306,10.0,96,2025-12-03 14:55:51+00:00,54.06916666666667,68.475,2.126027397260274
2025-12-05 21:00:00+00:00,2028-01-21 00:00:00+00:00,MSFT,MSFT280121C00550000,call,False,550.0,66.25,66.95,65.79,480.8399963378906,0.3247900773620605,0.03539610022899104,0.007070959208665306,2.0,1032,2025-12-05 20:04:45+00:00,0.9208333333333333,66.6,2.126027397260274
2025-12-05 21:00:00+00:00,2028-01-21 00:00:00+00:00,MSFT,MSFT280121C00555000,call,False,555.0,62.8,65.1,62.12,480.8399963378906,0.323577015762329,0.03539610022899104,0.007070959208665306,1.0,48,2025-12-04 17:04:29+00:00,27.92527777777778,63.949999999999996,2.126027397260274
2025-12-05 21:00:00+00:00,2028-01-21 00:00:00+00:00,MSFT,MSFT280121C00560000,call,False,560.0,62.65,63.35,60.67,480.8399963378906,0.32259283370971675,0.03539610022899104,0.007070959208665306,24.0,260,2025-12-04 19:16:50+00:00,25.719444444444445,63.0,2.126027397260274
2025-12-05 21:00:00+00:00,2028-01-21 00:00:00+00:00,MSFT,MSFT280121C00565000,call,False,565.0,58.9,61.6,56.5,480.8399963378906,0.32149421188354493,0.03539610022899104,0.007070959208665306,1.0,171,2025-12-03 15:09:01+00:00,53.84972222222222,60.25,2.126027397260274
2025-12-05 21:00:00+00:00,2028-01-21 00:00:00+00:00,MSFT,MSFT280121C00570000,call,False,570.0,59.2,59.9,56.9,480.8399963378906,0.32045662460327146,0.03539610022899104,0.007070959208665306,2.0,55,2025-12-04 14:37:53+00:00,30.36861111111111,59.55,2.126027397260274
2025-12-05 21:00:00+00:00,2028-01-21 00:00:00+00:00,MSFT,MSFT280121C00575000,call,False,575.0,56.55,58.2,56.42,480.8399963378906,0.3192969682312011,0.03539610022899104,0.007070959208665306,36.0,137,2025-12-04 20:51:24+00:00,24.143333333333334,57.375,2.126027397260274
2025-12-05 21:00:00+00:00,2028-01-21 00:00:00+00:00,MSFT,MSFT280121C00580000,call,False,580.0,54.95,56.6,55.5,480.8399963378906,0.3183852647018432,0.03539610022899104,0.007070959208665306,6.0,878,2025-12-05 18:57:21+00:00,2.0441666666666665,55.775000000000006,2.126027397260274
2025-12-05 21:00:00+00:00,2028-01-21 00:00:00+00:00,MSFT,MSFT280121C00585000,call,False,585.0,53.35,55.0,52.77,480.8399963378906,0.31735149208068847,0.03539610022899104,0.007070959208665306,2.0,45,2025-12-04 20:58:22+00:00,24.02722222222222,54.175,2.126027397260274
2025-12-05 21:00:00+00:00,2028-01-21 00:00:00+00:00,MSFT,MSFT280121C00590000,call,False,590.0,51.8,53.45,51.62,480.8399963378906,0.316390197982788,0.03539610022899104,0.007070959208665306,20.0,997,2025-12-05 16:13:31+00:00,4.7747222222222225,52.625,2.126027397260274
2025-12-05 21:00:00+00:00,2028-01-21 00:00:00+00:00,MSFT,MSFT280121C00595000,call,False,595.0,51.3,51.95,53.7,480.8399963378906,0.3154899384307861,0.03539610022899104,0.007070959208665306,2.0,12,2025-11-26 16:50:14+00:00,220.1627777777778,51.625,2.126027397260274
2025-12-05 21:00:00+00:00,2028-01-21 00:00:00+00:00,MSFT,MSFT280121C00600000,call,False,600.0,49.85,50.5,49.7,480.8399963378906,0.3146659720611572,0.03539610022899104,0.007070959208665306,24.0,1215,2025-12-05 19:14:52+00:00,1.7522222222222221,50.175,2.126027397260274
2025-12-05 21:00:00+00:00,2028-01-21 00:00:00+00:00,MSFT,MSFT280121C00605000,call,False,605.0,48.4,49.05,46.98,480.8399963378906,0.31372756591796874,0.03539610022899104,0.007070959208665306,2.0,21,2025-12-05 16:29:10+00:00,4.513888888888889,48.724999999999994,2.126027397260274
2025-12-05 21:00:00+00:00,2028-01-21 00:00:00+00:00,MSFT,MSFT280121C00610000,call,False,610.0,45.95,47.65,46.87,480.8399963378906,0.31285782363891596,0.03539610022899104,0.007070959208665306,4.0,42,2025-12-05 19:14:52+00:00,1.7522222222222221,46.8,2.126027397260274
2025-12-05 21:00:00+00:00,2028-01-21 00:00:00+00:00,MSFT,MSFT280121C00615000,call,False,615.0,45.6,46.3,45.05,480.8399963378906,0.3120643745422363,0.03539610022899104,0.007070959208665306,4.0,5,2025-12-03 20:07:13+00:00,48.87972222222222,45.95,2.126027397260274
2025-12-05 21:00:00+00:00,2028-01-21 00:00:00+00:00,MSFT,MSFT280121C00620000,call,False,620.0,43.35,45.0,43.59,480.8399963378906,0.31135484794616686,0.03539610022899104,0.007070959208665306,2.0,202,2025-12-03 18:05:43+00:00,50.90472222222222,44.175,2.126027397260274
2025-12-05 21:00:00+00:00,2028-01-21 00:00:00+00:00,MSFT,MSFT280121C00625000,call,False,625.0,43.05,43.7,42.09,480.8399963378906,0.3105308815765381,0.03539610022899104,0.007070959208665306,2.0,588,2025-12-03 19:40:05+00:00,49.331944444444446,43.375,2.126027397260274
2025-12-05 21:00:00+00:00,2028-01-21 00:00:00+00:00,MSFT,MSFT280121C00630000,call,False,630.0,41.75,42.45,41.59,480.8399963378906,0.3097908377075196,0.03539610022899104,0.007070959208665306,1.0,30,2025-12-05 15:37:45+00:00,5.370833333333334,42.1,2.126027397260274
2025-12-05 21:00:00+00:00,2028-01-21 00:00:00+00:00,MSFT,MSFT280121C00635000,call,False,635.0,40.6,41.2,39.23,480.8399963378906,0.30895161270141597,0.03539610022899104,0.007070959208665306,2.0,36,2025-12-04 18:47:24+00:00,26.21,40.900000000000006,2.126027397260274
2025-12-05 21:00:00+00:00,2028-01-21 00:00:00+00:00,MSFT,MSFT280121C00640000,call,False,640.0,39.45,40.05,39.33,480.8399963378906,0.3083794138336181,0.03539610022899104,0.007070959208665306,1.0,145,2025-11-26 14:45:31+00:00,222.24138888888888,39.75,2.126027397260274
2025-12-05 21:00:00+00:00,2028-01-21 00:00:00+00:00,MSFT,MSFT280121C00645000,call,False,645.0,38.3,38.9,36.44,480.8399963378906,0.30771566314697263,0.03539610022899104,0.007070959208665306,2.0,15,2025-12-04 14:41:38+00:00,30.30611111111111,38.599999999999994,2.126027397260274
2025-12-05 21:00:00+00:00,2028-01-21 00:00:00+00:00,MSFT,MSFT280121C00650000,call,False,650.0,37.2,37.75,36.9,480.8399963378906,0.3069451020050049,0.03539610022899104,0.007070959208665306,4.0,251,2025-12-05 15:41:37+00:00,5.306388888888889,37.475,2.126027397260274
2025-12-05 21:00:00+00:00,2028-01-21 00:00:00+00:00,MSFT,MSFT280121C00655000,call,False,655.0,36.1,36.65,35.89,480.8399963378906,0.30626609268188476,0.03539610022899104,0.007070959208665306,2.0,512,2025-12-03 15:35:29+00:00,53.408611111111114,36.375,2.126027397260274
2025-12-05 21:00:00+00:00,2028-01-21 00:00:00+00:00,MSFT,MSFT280121C00660000,call,False,660.0,35.05,35.6,35.01,480.8399963378906,0.3056862644958496,0.03539610022899104,0.007070959208665306,1.0,75,2025-12-01 14:43:52+00:00,102.2688888888889,35.325,2.126027397260274
2025-12-05 21:00:00+00:00,2028-01-21 00:00:00+00:00,MSFT,MSFT280121C00665000,call,False,665.0,34.0,34.6,30.5,480.8399963378906,0.30520561744689945,0.03539610022899104,0.007070959208665306,1.0,3,2025-11-24 19:25:41+00:00,265.57194444444445,34.3,2.126027397260274
2025-12-05 21:00:00+00:00,2028-01-21 00:00:00+00:00,MSFT,MSFT280121C00670000,call,False,670.0,33.05,33.6,33.05,480.8399963378906,0.30463341857910153,0.03539610022899104,0.007070959208665306,2.0,16,2025-11-24 20:52:19+00:00,264.12805555555553,33.325,2.126027397260274
2025-12-05 21:00:00+00:00,2028-01-21 00:00:00+00:00,MSFT,MSFT280121C00675000,call,False,675.0,32.1,32.6,29.57,480.8399963378906,0.3039620385742187,0.03539610022899104,0.007070959208665306,15.0,23,2025-11-21 19:56:54+00:00,337.0516666666667,32.35,2.126027397260274
2025-12-05 21:00:00+00:00,2028-01-21 00:00:00+00:00,MSFT,MSFT280121C00680000,call,False,680.0,31.15,31.65,31.34,480.8399963378906,0.3033974690246582,0.03539610022899104,0.007070959208665306,1.0,340,2025-12-05 20:39:52+00:00,0.33555555555555555,31.4,2.126027397260274
2025-12-05 21:00:00+00:00,2028-01-21 00:00:00+00:00,MSFT,MSFT280121C00685000,call,False,685.0,30.25,30.75,30.05,480.8399963378906,0.30294733924865724,0.03539610022899104,0.007070959208665306,1.0,159,2025-12-05 20:48:30+00:00,0.19166666666666668,30.5,2.126027397260274
2025-12-05 21:00:00+00:00,2028-01-21 00:00:00+00:00,MSFT,MSFT280121C00690000,call,False,690.0,29.35,29.85,29.2,480.8399963378906,0.30240565765380856,0.03539610022899104,0.007070959208665306,1.0,17,2025-12-05 19:01:05+00:00,1.9819444444444445,29.6,2.126027397260274
2025-12-05 21:00:00+00:00,2028-01-21 00:00:00+00:00,MSFT,MSFT280121C00695000,call,False,695.0,27.5,29.0,27.8,480.8399963378906,0.3019784158325196,0.03539610022899104,0.007070959208665306,1.0,10,2025-12-03 14:30:19+00:00,54.49472222222222,28.25,2.126027397260274
2025-12-05 21:00:00+00:00,2028-01-21 00:00:00+00:00,MSFT,MSFT280121C00700000,call,False,700.0,27.65,28.15,27.94,480.8399963378906,0.30146725151062015,0.03539610022899104,0.007070959208665306,1.0,1299,2025-12-05 15:19:46+00:00,5.670555555555556,27.9,2.126027397260274
2025-12-05 21:00:00+00:00,2028-01-21 00:00:00+00:00,MSFT,MSFT280121C00705000,call,False,705.0,26.8,27.35,31.25,480.8399963378906,0.3010857855987549,0.03539610022899104,0.007070959208665306,14.0,10,2025-11-19 15:01:36+00:00,389.97333333333336,27.075000000000003,2.126027397260274
2025-12-05 21:00:00+00:00,2028-01-21 00:00:00+00:00,MSFT,MSFT280121C00710000,call,False,710.0,26.0,26.55,25.25,480.8399963378906,0.30060513854980464,0.03539610022899104,0.007070959208665306,2.0,6,2025-12-05 16:24:12+00:00,4.596666666666667,26.275,2.126027397260274
2025-12-05 21:00:00+00:00,2028-01-21 00:00:00+00:00,MSFT,MSFT280121C00715000,call,False,715.0,25.2,25.8,29.45,480.8399963378906,0.30026944854736326,0.03539610022899104,0.007070959208665306,1.0,13,2025-11-19 15:01:36+00:00,389.97333333333336,25.5,2.126027397260274
2025-12-05 21:00:00+00:00,2028-01-21 00:00:00+00:00,MSFT,MSFT280121C00720000,call,False,720.0,23.55,25.05,23.85,480.8399963378906,0.2998422067260742,0.03539610022899104,0.007070959208665306,2.0,125,2025-12-05 16:23:41+00:00,4.605277777777777,24.3,2.126027397260274
2025-12-05 21:00:00+00:00,2028-01-21 00:00:00+00:00,MSFT,MSFT280121C00725000,call,False,725.0,22.85,24.35,21.1,480.8399963378906,0.2995599219512939,0.03539610022899104,0.007070959208665306,1.0,29,2025-11-24 16:07:50+00:00,268.86944444444447,23.6,2.126027397260274
2025-12-05 21:00:00+00:00,2028-01-21 00:00:00+00:00,MSFT,MSFT280121C00730000,call,False,730.0,22.15,23.65,23.04,480.8399963378906,0.29920134399414056,0.03539610022899104,0.007070959208665306,1.0,76,2025-12-05 15:37:45+00:00,5.370833333333334,22.9,2.126027397260274
2025-12-05 21:00:00+00:00,2028-01-21 00:00:00+00:00,MSFT,MSFT280121C00735000,call,False,735.0,21.5,22.95,19.79,480.8399963378906,0.29875121421813955,0.03539610022899104,0.007070959208665306,1.0,55,2025-11-24 20:05:00+00:00,264.9166666666667,22.225,2.126027397260274
2025-12-05 21:00:00+00:00,2028-01-21 00:00:00+00:00,MSFT,MSFT280121C00740000,call,False,740.0,20.85,22.3,21.05,480.8399963378906,0.29845367080688473,0.03539610022899104,0.007070959208665306,3.0,210,2025-12-03 15:56:58+00:00,53.050555555555555,21.575000000000003,2.126027397260274
2025-12-05 21:00:00+00:00,2028-01-21 00:00:00+00:00,MSFT,MSFT280121C00745000,call,False,745.0,20.2,21.7,22.15,480.8399963378906,0.2983163430786132,0.03539610022899104,0.007070959208665306,11.0,45,2025-11-26 19:04:36+00:00,217.92333333333335,20.95,2.126027397260274
2025-12-05 21:00:00+00:00,2028-01-21 00:00:00+00:00,MSFT,MSFT280121C00750000,call,False,750.0,19.6,21.05,20.0,480.8399963378906,0.2978662133026122,0.03539610022899104,0.007070959208665306,1.0,291,2025-12-05 16:28:10+00:00,4.530555555555556,20.325000000000003,2.126027397260274
2025-12-05 21:00:00+00:00,2028-01-21 00:00:00+00:00,MSFT,MSFT280121C00755000,call,False,755.0,19.0,20.45,25.0,480.8399963378906,0.2975762992095947,0.03539610022899104,0.007070959208665306,1.0,5,2025-11-12 15:13:00+00:00,557.7833333333333,19.725,2.126027397260274
2025-12-05 21:00:00+00:00,2028-01-21 00:00:00+00:00,MSFT,MSFT280121C00760000,call,False,760.0,18.4,19.9,18.85,480.8399963378906,0.2974618594360351,0.03539610022899104,0.007070959208665306,5.0,351,2025-12-05 16:28:12+00:00,4.53,19.15,2.126027397260274
2025-12-05 21:00:00+00:00,2028-01-21 00:00:00+00:00,MSFT,MSFT280121C00765000,call,False,765.0,17.85,19.3,20.45,480.8399963378906,0.2970193589782714,0.03539610022899104,0.007070959208665306,2.0,9,2025-11-19 17:43:12+00:00,387.28,18.575000000000003,2.126027397260274
2025-12-05 21:00:00+00:00,2028-01-21 00:00:00+00:00,MSFT,MSFT280121C00770000,call,False,770.0,17.3,18.75,18.28,480.8399963378906,0.2967523328399658,0.03539610022899104,0.007070959208665306,1.0,42,2025-12-05 18:48:13+00:00,2.196388888888889,18.025,2.126027397260274
2025-12-05 21:00:00+00:00,2028-01-21 00:00:00+00:00,MSFT,MSFT280121C00775000,call,False,775.0,17.05,18.25,18.5,480.8399963378906,0.2966684103393554,0.03539610022899104,0.007070959208665306,1.0,1059,2025-12-02 20:30:39+00:00,72.48916666666666,17.65,2.126027397260274
2025-12-05 21:00:00+00:00,2028-01-21 00:00:00+00:00,MSFT,MSFT280121C00780000,call,False,780.0,16.5,19.4,17.1,480.8399963378906,0.3050911776733398,0.03539610022899104,0.007070959208665306,12.0,1241,2025-12-05 16:21:48+00:00,4.636666666666667,17.95,2.126027397260274
2025-12-05 21:00:00+00:00,2028-01-21 00:00:00+00:00,MSFT,MSFT280121C00800000,call,False,800.0,15.35,15.85,15.0,480.8399963378906,0.29576815078735347,0.03539610022899104,0.007070959208665306,2.0,975,2025-12-05 16:15:13+00:00,4.746388888888889,15.6,2.126027397260274
2025-12-05 21:00:00+00:00,2028-01-21 00:00:00+00:00,MSFT,MSFT280121P00240000,put,False,240.0,3.1,6.0,5.3,480.8399963378906,0.34097949066162114,0.03539610022899104,0.007070959208665306,55.0,58,2025-12-03 17:48:35+00:00,51.19027777777778,4.55,2.126027397260274
2025-12-05 21:00:00+00:00,2028-01-21 00:00:00+00:00,MSFT,MSFT280121P00250000,put,False,250.0,4.8,8.0,6.11,480.8399963378906,0.34909708526611327,0.03539610022899104,0.007070959208665306,11.0,71,2025-12-03 20:26:36+00:00,48.556666666666665,6.4,2.126027397260274
2025-12-05 21:00:00+00:00,2028-01-21 00:00:00+00:00,MSFT,MSFT280121P00260000,put,False,260.0,5.7,9.5,6.89,480.8399963378906,0.3481815670776367,0.03539610022899104,0.007070959208665306,357.0,321,2025-12-05 17:06:42+00:00,3.888333333333333,7.6,2.126027397260274
2025-12-05 21:00:00+00:00,2028-01-21 00:00:00+00:00,MSFT,MSFT280121P00270000,put,False,270.0,7.15,10.5,8.1,480.8399963378906,0.340826904296875,0.03539610022899104,0.007070959208665306,5.0,114,2025-12-03 20:50:03+00:00,48.16583333333333,8.825,2.126027397260274
2025-12-05 21:00:00+00:00,2028-01-21 00:00:00+00:00,MSFT,MSFT280121P00280000,put,False,280.0,7.75,11.5,9.45,480.8399963378906,0.3329534478759766,0.03539610022899104,0.007070959208665306,2.0,23,2025-12-04 20:44:50+00:00,24.252777777777776,9.625,2.126027397260274
2025-12-05 21:00:00+00:00,2028-01-21 00:00:00+00:00,MSFT,MSFT280121P00290000,put,False,290.0,8.95,11.3,10.14,480.8399963378906,0.31438368728637694,0.03539610022899104,0.007070959208665306,2.0,59,2025-12-03 18:15:02+00:00,50.74944444444444,10.125,2.126027397260274
2025-12-05 21:00:00+00:00,2028-01-21 00:00:00+00:00,MSFT,MSFT280121P00300000,put,False,300.0,10.25,12.6,11.69,480.8399963378906,0.3088753195190429,0.03539610022899104,0.007070959208665306,1.0,292,2025-12-04 16:11:25+00:00,28.809722222222224,11.425,2.126027397260274
2025-12-05 21:00:00+00:00,2028-01-21 00:00:00+00:00,MSFT,MSFT280121P00310000,put,False,310.0,11.7,15.5,12.95,480.8399963378906,0.3144904977416991,0.03539610022899104,0.007070959208665306,1.0,118,2025-12-03 15:50:11+00:00,53.16361111111111,13.6,2.126027397260274
2025-12-05 21:00:00+00:00,2028-01-21 00:00:00+00:00,MSFT,MSFT280121P00320000,put,False,320.0,14.25,15.65,14.91,480.8399963378906,0.2990258696746826,0.03539610022899104,0.007070959208665306,2.0,32,2025-12-05 16:37:38+00:00,4.372777777777777,14.95,2.126027397260274
2025-12-05 21:00:00+00:00,2028-01-21 00:00:00+00:00,MSFT,MSFT280121P00330000,put,False,330.0,15.95,17.4,16.5,480.8399963378906,0.2944864253234863,0.03539610022899104,0.007070959208665306,2.0,22,2025-12-05 16:14:38+00:00,4.756111111111111,16.674999999999997,2.126027397260274
2025-12-05 21:00:00+00:00,2028-01-21 00:00:00+00:00,MSFT,MSFT280121P00340000,put,False,340.0,17.8,18.25,18.3,480.8399963378906,0.2836451641082762,0.03539610022899104,0.007070959208665306,1.0,20,2025-12-05 15:08:44+00:00,5.854444444444445,18.025,2.126027397260274
2025-12-05 21:00:00+00:00,2028-01-21 00:00:00+00:00,MSFT,MSFT280121P00350000,put,False,350.0,19.85,20.3,20.35,480.8399963378906,0.2797618411254882,0.03539610022899104,0.007070959208665306,4.0,105,2025-12-05 17:14:08+00:00,3.7644444444444445,20.075000000000003,2.126027397260274
2025-12-05 21:00:00+00:00,2028-01-21 00:00:00+00:00,MSFT,MSFT280121P00360000,put,False,360.0,22.0,22.45,22.57,480.8399963378906,0.2756114920043945,0.03539610022899104,0.007070959208665306,17.0,191,2025-12-05 18:24:10+00:00,2.5972222222222223,22.225,2.126027397260274
2025-12-05 21:00:00+00:00,2028-01-21 00:00:00+00:00,MSFT,MSFT280121P00370000,put,False,370.0,24.35,24.85,24.99,480.8399963378906,0.2720028244781494,0.03539610022899104,0.007070959208665306,17.0,173,2025-12-05 18:24:10+00:00,2.5972222222222223,24.6,2.126027397260274
2025-12-05 21:00:00+00:00,2028-01-21 00:00:00+00:00,MSFT,MSFT280121P00380000,put,False,380.0,26.9,27.4,28.05,480.8399963378906,0.2683178637695312,0.03539610022899104,0.007070959208665306,50.0,157,2025-12-04 15:45:25+00:00,29.243055555555557,27.15,2.126027397260274
2025-12-05 21:00:00+00:00,2028-01-21 00:00:00+00:00,MSFT,MSFT280121P00390000,put,False,390.0,29.6,30.15,30.63,480.8399963378906,0.26478548942565916,0.03539610022899104,0.007070959208665306,1.0,145,2025-12-04 17:24:24+00:00,27.593333333333334,29.875,2.126027397260274
2025-12-05 21:00:00+00:00,2028-01-21 00:00:00+00:00,MSFT,MSFT280121P00400000,put,False,400.0,32.5,33.05,32.95,480.8399963378906,0.26113867530822754,0.03539610022899104,0.007070959208665306,111.0,648,2025-12-05 20:50:07+00:00,0.16472222222222221,32.775,2.126027397260274
2025-12-05 21:00:00+00:00,2028-01-21 00:00:00+00:00,MSFT,MSFT280121P00410000,put,False,410.0,35.55,36.15,35.35,480.8399963378906,0.2575834130096436,0.03539610022899104,0.007070959208665306,28.0,910,2025-12-03 20:05:43+00:00,48.90472222222222,35.849999999999994,2.126027397260274
2025-12-05 21:00:00+00:00,2028-01-21 00:00:00+00:00,MSFT,MSFT280121P00420000,put,False,420.0,38.85,40.45,39.05,480.8399963378906,0.2582471636962891,0.03539610022899104,0.007070959208665306,6.0,46,2025-12-03 20:38:42+00:00,48.355,39.650000000000006,2.126027397260274
2025-12-05 21:00:00+00:00,2028-01-21 00:00:00+00:00,MSFT,MSFT280121P00430000,put,False,430.0,42.35,43.0,42.65,480.8399963378906,0.25082383705139155,0.03539610022899104,0.007070959208665306,6.0,83,2025-12-03 20:39:19+00:00,48.344722222222224,42.675,2.126027397260274
2025-12-05 21:00:00+00:00,2028-01-21 00:00:00+00:00,MSFT,MSFT280121P00440000,put,False,440.0,46.0,46.7,46.35,480.8399963378906,0.24736012657165526,0.03539610022899104,0.007070959208665306,7.0,39,2025-12-03 20:39:43+00:00,48.338055555555556,46.35,2.126027397260274
2025-12-05 21:00:00+00:00,2028-01-21 00:00:00+00:00,MSFT,MSFT280121P00450000,put,False,450.0,49.9,50.6,50.43,480.8399963378906,0.24389641609191895,0.03539610022899104,0.007070959208665306,1.0,330,2025-12-05 15:57:22+00:00,5.043888888888889,50.25,2.126027397260274
2025-12-05 21:00:00+00:00,2028-01-21 00:00:00+00:00,MSFT,MSFT280121P00460000,put,False,460.0,54.0,54.75,56.45,480.8399963378906,0.24059292129516602,0.03539610022899104,0.007070959208665306,5.0,120,2025-12-03 15:00:35+00:00,53.99027777777778,54.375,2.126027397260274
2025-12-05 21:00:00+00:00,2028-01-21 00:00:00+00:00,MSFT,MSFT280121P00470000,put,False,470.0,58.3,59.05,60.15,480.8399963378906,0.23706817626953125,0.03539610022899104,0.007070959208665306,10.0,198,2025-12-04 20:44:27+00:00,24.259166666666665,58.675,2.126027397260274
2025-12-05 21:00:00+00:00,2028-01-21 00:00:00+00:00,MSFT,MSFT280121P00480000,put,False,480.0,62.85,63.65,64.2,480.8399963378906,0.23384860397338864,0.03539610022899104,0.007070959208665306,37.0,367,2025-12-04 20:29:27+00:00,24.509166666666665,63.25,2.126027397260274
2025-12-05 21:00:00+00:00,2028-01-21 00:00:00+00:00,MSFT,MSFT280121P00490000,put,True,490.0,67.6,68.4,69.0,480.8399963378906,0.23038107883453368,0.03539610022899104,0.007070959208665306,1.0,1126,2025-12-05 14:30:31+00:00,6.491388888888889,68.0,2.126027397260274
2025-12-05 21:00:00+00:00,2028-01-21 00:00:00+00:00,MSFT,MSFT280121P00500000,put,True,500.0,72.55,73.4,73.2,480.8399963378906,0.22701273483276363,0.03539610022899104,0.007070959208665306,2.0,658,2025-12-05 20:00:43+00:00,0.9880555555555556,72.975,2.126027397260274
2025-12-05 21:00:00+00:00,2028-01-21 00:00:00+00:00,MSFT,MSFT280121P00505000,put,True,505.0,75.1,75.95,70.71,480.8399963378906,0.22521221572875977,0.03539610022899104,0.007070959208665306,1.0,38,2025-12-02 15:25:00+00:00,77.58333333333333,75.525,2.126027397260274
2025-12-05 21:00:00+00:00,2028-01-21 00:00:00+00:00,MSFT,MSFT280121P00510000,put,True,510.0,77.7,78.6,82.08,480.8399963378906,0.22356428298950193,0.03539610022899104,0.007070959208665306,1.0,139,2025-11-25 14:30:15+00:00,246.49583333333334,78.15,2.126027397260274
2025-12-05 21:00:00+00:00,2028-01-21 00:00:00+00:00,MSFT,MSFT280121P00515000,put,True,515.0,80.35,81.25,81.49,480.8399963378906,0.22171035865783686,0.03539610022899104,0.007070959208665306,3.0,161,2025-12-05 16:13:23+00:00,4.776944444444444,80.8,2.126027397260274
2025-12-05 21:00:00+00:00,2028-01-21 00:00:00+00:00,MSFT,MSFT280121P00520000,put,True,520.0,83.1,84.0,82.9,480.8399963378906,0.22001665000915524,0.03539610022899104,0.007070959208665306,8.0,484,2025-12-03 19:51:25+00:00,49.143055555555556,83.55,2.126027397260274
2025-12-05 21:00:00+00:00,2028-01-21 00:00:00+00:00,MSFT,MSFT280121P00525000,put,True,525.0,85.85,86.8,88.4,480.8399963378906,0.2182924240875244,0.03539610022899104,0.007070959208665306,2.0,85,2025-12-04 18:00:39+00:00,26.989166666666666,86.32499999999999,2.126027397260274
2025-12-05 21:00:00+00:00,2028-01-21 00:00:00+00:00,MSFT,MSFT280121P00530000,put,True,530.0,88.7,89.65,90.57,480.8399963378906,0.2165376808929443,0.03539610022899104,0.007070959208665306,3.0,87,2025-12-05 17:42:16+00:00,3.2955555555555556,89.17500000000001,2.126027397260274
2025-12-05 21:00:00+00:00,2028-01-21 00:00:00+00:00,MSFT,MSFT280121P00535000,put,True,535.0,91.6,92.55,93.53,480.8399963378906,0.21475623508453368,0.03539610022899104,0.007070959208665306,7.0,150,2025-12-05 17:42:16+00:00,3.2955555555555556,92.07499999999999,2.126027397260274
2025-12-05 21:00:00+00:00,2028-01-21 00:00:00+00:00,MSFT,MSFT280121P00540000,put,True,540.0,94.55,95.5,96.45,480.8399963378906,0.21294427200317384,0.03539610022899104,0.007070959208665306,4.0,123,2025-12-05 17:42:16+00:00,3.2955555555555556,95.025,2.126027397260274
2025-12-05 21:00:00+00:00,2028-01-21 00:00:00+00:00,MSFT,MSFT280121P00545000,put,True,545.0,97.5,98.5,103.14,480.8399963378906,0.2111056063079834,0.03539610022899104,0.007070959208665306,1.0,104,2025-11-21 14:37:13+00:00,342.3797222222222,98.0,2.126027397260274
2025-12-05 21:00:00+00:00,2028-01-21 00:00:00+00:00,MSFT,MSFT280121P00550000,put,True,550.0,100.55,101.6,103.23,480.8399963378906,0.2094118976593017,0.03539610022899104,0.007070959208665306,1.0,628,2025-12-03 15:28:50+00:00,53.519444444444446,101.07499999999999,2.126027397260274
2025-12-05 21:00:00+00:00,2028-01-21 00:00:00+00:00,MSFT,MSFT280121P00555000,put,True,555.0,103.7,104.7,86.9,480.8399963378906,0.20750456809997556,0.03539610022899104,0.007070959208665306,35.0,35,2025-11-04 20:52:16+00:00,744.1288888888889,104.2,2.126027397260274
2025-12-05 21:00:00+00:00,2028-01-21 00:00:00+00:00,MSFT,MSFT280121P00560000,put,True,560.0,106.85,107.9,103.94,480.8399963378906,0.20574982490539548,0.03539610022899104,0.007070959208665306,1.0,170,2025-12-01 15:25:20+00:00,101.57777777777778,107.375,2.126027397260274
2025-12-05 21:00:00+00:00,2028-01-21 00:00:00+00:00,MSFT,MSFT280121P00565000,put,True,565.0,110.05,112.2,115.49,480.8399963378906,0.20796232719421384,0.03539610022899104,0.007070959208665306,20.0,21,2025-11-20 20:54:18+00:00,360.095,111.125,2.126027397260274
2025-12-05 21:00:00+00:00,2028-01-21 00:00:00+00:00,MSFT,MSFT280121P00570000,put,True,570.0,113.3,114.55,109.55,480.8399963378906,0.2025302526092529,0.03539610022899104,0.007070959208665306,1.0,1001,2025-12-01 17:08:27+00:00,99.85916666666667,113.925,2.126027397260274
2025-12-05 21:00:00+00:00,2028-01-21 00:00:00+00:00,MSFT,MSFT280121P00575000,put,True,575.0,116.65,117.7,120.0,480.8399963378906,0.1998981378173828,0.03539610022899104,0.007070959208665306,3.0,32,2025-11-24 18:59:20+00:00,266.0111111111111,117.17500000000001,2.126027397260274
2025-12-05 21:00:00+00:00,2028-01-21 00:00:00+00:00,MSFT,MSFT280121P00580000,put,True,580.0,120.0,121.1,115.77,480.8399963378906,0.19799843757629396,0.03539610022899104,0.007070959208665306,2.0,74,2025-11-28 14:59:40+00:00,174.00555555555556,120.55,2.126027397260274
2025-12-05 21:00:00+00:00,2028-01-21 00:00:00+00:00,MSFT,MSFT280121P00590000,put,True,590.0,126.9,128.05,130.63,480.8399963378906,0.19408459732055666,0.03539610022899104,0.007070959208665306,2.0,6,2025-12-04 18:49:57+00:00,26.1675,127.47500000000001,2.126027397260274
2025-12-05 21:00:00+00:00,2028-01-21 00:00:00+00:00,MSFT,MSFT280121P00595000,put,True,595.0,130.45,131.6,134.19,480.8399963378906,0.1920628279876709,0.03539610022899104,0.007070959208665306,2.0,4,2025-12-04 18:48:57+00:00,26.184166666666666,131.02499999999998,2.126027397260274
2025-12-05 21:00:00+00:00,2028-01-21 00:00:00+00:00,MSFT,MSFT280121P00600000,put,True,600.0,134.05,135.25,137.0,480.8399963378906,0.1902165329742432,0.03539610022899104,0.007070959208665306,2.0,128,2025-12-05 16:31:05+00:00,4.481944444444444,134.65,2.126027397260274
2025-12-05 21:00:00+00:00,2028-01-21 00:00:00+00:00,MSFT,MSFT280121P00610000,put,True,610.0,139.9,142.6,151.45,480.8399963378906,0.1859517440795898,0.03539610022899104,0.007070959208665306,1.0,1,2025-11-21 15:41:32+00:00,341.3077777777778,141.25,2.126027397260274
2025-12-05 21:00:00+00:00,2028-01-21 00:00:00+00:00,MSFT,MSFT280121P00620000,put,True,620.0,147.6,152.0,144.51,480.8399963378906,0.19040726593017582,0.03539610022899104,0.007070959208665306,7.0,4,2025-12-01 17:07:49+00:00,99.86972222222222,149.8,2.126027397260274
2025-12-05 21:00:00+00:00,2028-01-21 00:00:00+00:00,MSFT,MSFT280121P00630000,put,True,630.0,155.9,158.1,154.99,480.8399963378906,0.17782652015686037,0.03539610022899104,0.007070959208665306,12.0,52,2025-11-20 16:38:54+00:00,364.3516666666667,157.0,2.126027397260274
2025-12-05 21:00:00+00:00,2028-01-21 00:00:00+00:00,MSFT,MSFT280121P00640000,put,True,640.0,163.8,166.1,165.9,480.8399963378906,0.17322604125976562,0.03539610022899104,0.007070959208665306,1.0,68,2025-12-05 19:53:32+00:00,1.1077777777777778,164.95,2.126027397260274
2025-12-05 21:00:00+00:00,2028-01-21 00:00:00+00:00,MSFT,MSFT280121P00650000,put,True,650.0,172.1,174.35,157.0,480.8399963378906,0.1686942262268067,0.03539610022899104,0.007070959208665306,1.0,26,2025-11-10 15:05:15+00:00,605.9125,173.225,2.126027397260274
2025-12-05 21:00:00+00:00,2028-01-21 00:00:00+00:00,MSFT,MSFT280121P00655000,put,True,655.0,175.8,178.45,172.8,480.8399963378906,0.1656882748413086,0.03539610022899104,0.007070959208665306,1.0,1,2025-11-28 14:44:12+00:00,174.26333333333332,177.125,2.126027397260274
2025-12-05 21:00:00+00:00,2028-01-21 00:00:00+00:00,MSFT,MSFT280121P00660000,put,True,660.0,180.2,184.5,188.4,480.8399963378906,0.1754843194580078,0.03539610022899104,0.007070959208665306,1.0,9,2025-11-21 20:01:34+00:00,336.9738888888889,182.35,2.126027397260274
2025-12-05 21:00:00+00:00,2028-01-21 00:00:00+00:00,MSFT,MSFT280121P00670000,put,True,670.0,188.5,191.3,184.75,480.8399963378906,0.15786059432983396,0.03539610022899104,0.007070959208665306,1.0,41,2025-12-01 17:08:27+00:00,99.85916666666667,189.9,2.126027397260274
2025-12-05 21:00:00+00:00,2028-01-21 00:00:00+00:00,MSFT,MSFT280121P00675000,put,True,675.0,192.8,195.75,189.2,480.8399963378906,0.15570912658691405,0.03539610022899104,0.007070959208665306,7.0,3,2025-12-01 17:07:49+00:00,99.86972222222222,194.275,2.126027397260274
2025-12-05 21:00:00+00:00,2028-01-21 00:00:00+00:00,MSFT,MSFT280121P00680000,put,True,680.0,197.6,200.2,193.77,480.8399963378906,0.1530846411132813,0.03539610022899104,0.007070959208665306,1.0,74,2025-12-01 17:11:25+00:00,99.80972222222222,198.89999999999998,2.126027397260274
2025-12-05 21:00:00+00:00,2028-01-21 00:00:00+00:00,MSFT,MSFT280121P00685000,put,True,685.0,201.95,204.7,196.16,480.8399963378906,0.15046015563964849,0.03539610022899104,0.007070959208665306,1.0,1,2025-11-28 15:45:08+00:00,173.24777777777777,203.325,2.126027397260274
2025-12-05 21:00:00+00:00,2028-01-21 00:00:00+00:00,MSFT,MSFT280121P00695000,put,True,695.0,204.4,207.5,183.96,480.8399963378906,1.0000000000000003e-05,0.03539610022899104,0.007070959208665306,2.0,6,2025-10-31 17:43:06+00:00,843.2816666666666,205.95,2.126027397260274
2025-12-05 21:00:00+00:00,2028-01-21 00:00:00+00:00,MSFT,MSFT280121P00700000,put,True,700.0,216.4,218.7,211.6,480.8399963378906,0.1453790296936035,0.03539610022899104,0.007070959208665306,2.0,270,2025-12-01 17:02:56+00:00,99.95111111111112,217.55,2.126027397260274
2025-12-05 21:00:00+00:00,2028-01-21 00:00:00+00:00,MSFT,MSFT280121P00705000,put,True,705.0,219.5,224.5,213.5,480.8399963378906,0.1575401629638672,0.03539610022899104,0.007070959208665306,5.0,0,2025-11-20 14:30:21+00:00,366.4941666666667,222.0,2.126027397260274
2025-12-05 21:00:00+00:00,2028-01-21 00:00:00+00:00,MSFT,MSFT280121P00720000,put,True,720.0,234.5,239.5,236.0,480.8399963378906,0.16422344573974612,0.03539610022899104,0.007070959208665306,,0,2025-11-19 17:36:35+00:00,387.3902777777778,237.0,2.126027397260274
2025-12-05 21:00:00+00:00,2028-01-21 00:00:00+00:00,MSFT,MSFT280121P00730000,put,True,730.0,244.5,249.5,223.99,480.8399963378906,0.16855689849853522,0.03539610022899104,0.007070959208665306,1.0,0,2025-11-17 20:37:15+00:00,432.37916666666666,247.0,2.126027397260274
2025-12-05 21:00:00+00:00,2028-01-21 00:00:00+00:00,MSFT,MSFT280121P00745000,put,True,745.0,259.5,264.5,253.0,480.8399963378906,0.17490449127197266,0.03539610022899104,0.007070959208665306,5.0,0,2025-11-20 14:30:21+00:00,366.4941666666667,262.0,2.126027397260274
2025-12-05 21:00:00+00:00,2028-01-21 00:00:00+00:00,MSFT,MSFT280121P00760000,put,True,760.0,267.5,272.5,233.75,480.8399963378906,1.0000000000000003e-05,0.03539610022899104,0.007070959208665306,2.0,0,2025-10-30 15:14:58+00:00,869.7505555555556,270.0,2.126027397260274
2025-12-05 21:00:00+00:00,2028-01-21 00:00:00+00:00,MSFT,MSFT280121P00765000,put,True,765.0,279.5,284.5,276.45,480.8399963378906,0.18309837905883786,0.03539610022899104,0.007070959208665306,2.0,0,2025-12-01 17:07:49+00:00,99.86972222222222,282.0,2.126027397260274
2025-12-05 21:00:00+00:00,2028-01-21 00:00:00+00:00,MSFT,MSFT280121P00775000,put,True,775.0,289.5,294.5,286.36,480.8399963378906,0.18708088317871097,0.03539610022899104,0.007070959208665306,5.0,0,2025-12-01 17:06:54+00:00,99.885,292.0,2.126027397260274
2025-12-05 21:00:00+00:00,2028-01-21 00:00:00+00:00,MSFT,MSFT280121P00780000,put,True,780.0,294.5,299.5,291.34,480.8399963378906,0.18903398864746096,0.03539610022899104,0.007070959208665306,1.0,0,2025-12-01 17:10:08+00:00,99.83111111111111,297.0,2.126027397260274
2025-12-05 21:00:00+00:00,2028-01-21 00:00:00+00:00,MSFT,MSFT280121P00800000,put,True,800.0,314.5,319.5,318.87,480.8399963378906,0.19672434143066403,0.03539610022899104,0.007070959208665306,1.0,1,2025-12-03 20:47:16+00:00,48.21222222222222,317.0,2.126027397260274
2025-12-05 21:00:00+00:00,2028-06-16 00:00:00+00:00,MSFT,MSFT280616C00240000,call,True,240.0,263.5,268.5,260.85,480.8399963378906,0.48769128036499027,0.03539610022899104,0.007070959208665306,2.0,23,2025-12-04 14:42:06+00:00,30.298333333333332,266.0,2.5287671232876714
2025-12-05 21:00:00+00:00,2028-06-16 00:00:00+00:00,MSFT,MSFT280616C00250000,call,True,250.0,255.5,260.5,257.1,480.8399963378906,0.47971101348876954,0.03539610022899104,0.007070959208665306,1.0,12,2025-12-03 15:05:48+00:00,53.903333333333336,258.0,2.5287671232876714
2025-12-05 21:00:00+00:00,2028-06-16 00:00:00+00:00,MSFT,MSFT280616C00270000,call,True,270.0,239.5,244.5,243.12,480.8399963378906,0.4628044442749024,0.03539610022899104,0.007070959208665306,,10,2025-11-26 14:49:23+00:00,222.17694444444444,242.0,2.5287671232876714
2025-12-05 21:00:00+00:00,2028-06-16 00:00:00+00:00,MSFT,MSFT280616C00290000,call,True,290.0,224.0,229.0,220.82,480.8399963378906,0.4478357218933105,0.03539610022899104,0.007070959208665306,2.0,3,2025-12-04 16:18:03+00:00,28.699166666666667,226.5,2.5287671232876714
2025-12-05 21:00:00+00:00,2028-06-16 00:00:00+00:00,MSFT,MSFT280616C00300000,call,True,300.0,217.0,221.0,217.1,480.8399963378906,0.43851269500732426,0.03539610022899104,0.007070959208665306,1.0,21,2025-12-05 19:56:25+00:00,1.0597222222222222,219.0,2.5287671232876714
2025-12-05 21:00:00+00:00,2028-06-16 00:00:00+00:00,MSFT,MSFT280616C00310000,call,True,310.0,209.0,213.5,210.5,480.8399963378906,0.4317073431396484,0.03539610022899104,0.007070959208665306,1.0,3,2025-12-05 20:22:02+00:00,0.6327777777777778,211.25,2.5287671232876714
2025-12-05 21:00:00+00:00,2028-06-16 00:00:00+00:00,MSFT,MSFT280616C00320000,call,True,320.0,201.5,206.0,198.84,480.8399963378906,0.42456630126953127,0.03539610022899104,0.007070959208665306,1.0,4,2025-12-04 19:23:03+00:00,25.615833333333335,203.75,2.5287671232876714
2025-12-05 21:00:00+00:00,2028-06-16 00:00:00+00:00,MSFT,MSFT280616C00330000,call,True,330.0,194.0,199.0,191.31,480.8399963378906,0.419576727142334,0.03539610022899104,0.007070959208665306,2.0,11,2025-12-03 15:21:35+00:00,53.640277777777776,196.5,2.5287671232876714
2025-12-05 21:00:00+00:00,2028-06-16 00:00:00+00:00,MSFT,MSFT280616C00350000,call,True,350.0,180.0,184.5,182.1,480.8399963378906,0.4060041699981689,0.03539610022899104,0.007070959208665306,3.0,7,2025-12-05 19:11:30+00:00,1.8083333333333333,182.25,2.5287671232876714
2025-12-05 21:00:00+00:00,2028-06-16 00:00:00+00:00,MSFT,MSFT280616C00360000,call,True,360.0,173.0,178.0,173.0,480.8399963378906,0.40208270042419436,0.03539610022899104,0.007070959208665306,2.0,3,2025-12-04 20:54:29+00:00,24.091944444444444,175.5,2.5287671232876714
2025-12-05 21:00:00+00:00,2028-06-16 00:00:00+00:00,MSFT,MSFT280616C00370000,call,True,370.0,166.8,171.0,167.77,480.8399963378906,0.395536745376587,0.03539610022899104,0.007070959208665306,2.0,3,2025-12-05 19:12:04+00:00,1.798888888888889,168.9,2.5287671232876714
2025-12-05 21:00:00+00:00,2028-06-16 00:00:00+00:00,MSFT,MSFT280616C00380000,call,True,380.0,159.8,164.5,160.91,480.8399963378906,0.39075316284179684,0.03539610022899104,0.007070959208665306,4.0,4,2025-12-05 19:12:43+00:00,1.7880555555555555,162.15,2.5287671232876714
2025-12-05 21:00:00+00:00,2028-06-16 00:00:00+00:00,MSFT,MSFT280616C00390000,call,True,390.0,154.2,158.0,152.2,480.8399963378906,0.38556522644042956,0.03539610022899104,0.007070959208665306,14.0,11,2025-12-04 19:36:14+00:00,25.39611111111111,156.1,2.5287671232876714
2025-12-05 21:00:00+00:00,2028-06-16 00:00:00+00:00,MSFT,MSFT280616C00400000,call,True,400.0,147.0,152.0,149.19,480.8399963378906,0.38196418823242184,0.03539610022899104,0.007070959208665306,4.0,35,2025-12-05 19:00:28+00:00,1.9922222222222221,149.5,2.5287671232876714
2025-12-05 21:00:00+00:00,2028-06-16 00:00:00+00:00,MSFT,MSFT280616C00410000,call,True,410.0,141.0,146.0,148.0,480.8399963378906,0.377913020248413,0.03539610022899104,0.007070959208665306,3.0,8,2025-12-01 18:21:56+00:00,98.63444444444444,143.5,2.5287671232876714
2025-12-05 21:00:00+00:00,2028-06-16 00:00:00+00:00,MSFT,MSFT280616C00420000,call,True,420.0,135.5,140.0,133.5,480.8399963378906,0.3734346104431152,0.03539610022899104,0.007070959208665306,1.0,24,2025-12-04 17:33:40+00:00,27.43888888888889,137.75,2.5287671232876714
2025-12-05 21:00:00+00:00,2028-06-16 00:00:00+00:00,MSFT,MSFT280616C00430000,call,True,430.0,129.5,134.0,128.5,480.8399963378906,0.36856710540771487,0.03539610022899104,0.007070959208665306,6.0,15,2025-12-04 17:45:25+00:00,27.243055555555557,131.75,2.5287671232876714
2025-12-05 21:00:00+00:00,2028-06-16 00:00:00+00:00,MSFT,MSFT280616C00440000,call,True,440.0,124.0,128.5,124.76,480.8399963378906,0.36511865356445317,0.03539610022899104,0.007070959208665306,1.0,1,2025-12-05 19:16:34+00:00,1.7238888888888888,126.25,2.5287671232876714
2025-12-05 21:00:00+00:00,2028-06-16 00:00:00+00:00,MSFT,MSFT280616C00450000,call,True,450.0,118.5,123.0,120.5,480.8399963378906,0.3612429598999023,0.03539610022899104,0.007070959208665306,36.0,17,2025-12-05 19:20:12+00:00,1.6633333333333333,120.75,2.5287671232876714
2025-12-05 21:00:00+00:00,2028-06-16 00:00:00+00:00,MSFT,MSFT280616C00460000,call,True,460.0,113.0,118.0,115.11,480.8399963378906,0.35871002624511716,0.03539610022899104,0.007070959208665306,12.0,27,2025-12-05 19:20:12+00:00,1.6633333333333333,115.5,2.5287671232876714
2025-12-05 21:00:00+00:00,2028-06-16 00:00:00+00:00,MSFT,MSFT280616C00470000,call,True,470.0,108.0,112.5,109.58,480.8399963378906,0.3540103662109374,0.03539610022899104,0.007070959208665306,32.0,52,2025-12-05 19:08:26+00:00,1.8594444444444445,110.25,2.5287671232876714
2025-12-05 21:00:00+00:00,2028-06-16 00:00:00+00:00,MSFT,MSFT280616C00480000,call,True,480.0,103.0,108.0,106.0,480.8399963378906,0.35233954551696767,0.03539610022899104,0.007070959208665306,71.0,102,2025-12-05 18:50:02+00:00,2.1661111111111113,105.5,2.5287671232876714
2025-12-05 21:00:00+00:00,2028-06-16 00:00:00+00:00,MSFT,MSFT280616C00490000,call,False,490.0,98.5,103.0,100.3,480.8399963378906,0.34853633037567133,0.03539610022899104,0.007070959208665306,2.0,72,2025-12-05 18:30:57+00:00,2.484166666666667,100.75,2.5287671232876714
2025-12-05 21:00:00+00:00,2028-06-16 00:00:00+00:00,MSFT,MSFT280616C00500000,call,False,500.0,94.0,98.5,96.0,480.8399963378906,0.3460072113800049,0.03539610022899104,0.007070959208665306,34.0,284,2025-12-05 19:09:29+00:00,1.8419444444444444,96.25,2.5287671232876714
2025-12-05 21:00:00+00:00,2028-06-16 00:00:00+00:00,MSFT,MSFT280616C00510000,call,False,510.0,89.5,94.0,92.0,480.8399963378906,0.34306610919952385,0.03539610022899104,0.007070959208665306,1.0,105,2025-12-04 19:29:20+00:00,25.511111111111113,91.75,2.5287671232876714
2025-12-05 21:00:00+00:00,2028-06-16 00:00:00+00:00,MSFT,MSFT280616C00520000,call,False,520.0,85.0,90.0,87.1,480.8399963378906,0.3413685858917237,0.03539610022899104,0.007070959208665306,40.0,154,2025-12-05 20:07:40+00:00,0.8722222222222222,87.5,2.5287671232876714
2025-12-05 21:00:00+00:00,2028-06-16 00:00:00+00:00,MSFT,MSFT280616C00530000,call,False,530.0,82.15,84.65,82.98,480.8399963378906,0.33484170413970943,0.03539610022899104,0.007070959208665306,19.0,57,2025-12-05 20:07:40+00:00,0.8722222222222222,83.4,2.5287671232876714
2025-12-05 21:00:00+00:00,2028-06-16 00:00:00+00:00,MSFT,MSFT280616C00540000,call,False,540.0,78.2,82.0,78.75,480.8399963378906,0.3367604776763916,0.03539610022899104,0.007070959208665306,2.0,12,2025-12-05 19:12:43+00:00,1.7880555555555555,80.1,2.5287671232876714
2025-12-05 21:00:00+00:00,2028-06-16 00:00:00+00:00,MSFT,MSFT280616C00550000,call,False,550.0,75.7,76.85,75.2,480.8399963378906,0.3301153414916992,0.03539610022899104,0.007070959208665306,16.0,46,2025-12-05 20:22:30+00:00,0.625,76.275,2.5287671232876714
2025-12-05 21:00:00+00:00,2028-06-16 00:00:00+00:00,MSFT,MSFT280616C00560000,call,False,560.0,70.75,73.2,68.8,480.8399963378906,0.32797531772613525,0.03539610022899104,0.007070959208665306,3.0,65,2025-12-04 16:32:50+00:00,28.45277777777778,71.975,2.5287671232876714
2025-12-05 21:00:00+00:00,2028-06-16 00:00:00+00:00,MSFT,MSFT280616C00570000,call,False,570.0,67.2,69.7,67.65,480.8399963378906,0.32593828975677486,0.03539610022899104,0.007070959208665306,4.0,43,2025-12-05 19:06:41+00:00,1.888611111111111,68.45,2.5287671232876714
2025-12-05 21:00:00+00:00,2028-06-16 00:00:00+00:00,MSFT,MSFT280616C00580000,call,False,580.0,63.95,66.35,64.49,480.8399963378906,0.32401188690185534,0.03539610022899104,0.007070959208665306,5.0,18,2025-12-04 16:45:56+00:00,28.234444444444446,65.15,2.5287671232876714
2025-12-05 21:00:00+00:00,2028-06-16 00:00:00+00:00,MSFT,MSFT280616C00590000,call,False,590.0,60.6,63.15,60.0,480.8399963378906,0.3221961091613769,0.03539610022899104,0.007070959208665306,2.0,4,2025-12-04 17:15:38+00:00,27.739444444444445,61.875,2.5287671232876714
2025-12-05 21:00:00+00:00,2028-06-16 00:00:00+00:00,MSFT,MSFT280616C00600000,call,False,600.0,57.65,59.95,57.4,480.8399963378906,0.3200141241455078,0.03539610022899104,0.007070959208665306,10.0,109,2025-12-05 19:17:13+00:00,1.7130555555555556,58.8,2.5287671232876714
2025-12-05 21:00:00+00:00,2028-06-16 00:00:00+00:00,MSFT,MSFT280616C00610000,call,False,610.0,54.7,57.15,54.15,480.8399963378906,0.31879343322753895,0.03539610022899104,0.007070959208665306,7.0,6,2025-12-05 19:17:13+00:00,1.7130555555555556,55.925,2.5287671232876714
2025-12-05 21:00:00+00:00,2028-06-16 00:00:00+00:00,MSFT,MSFT280616C00620000,call,False,620.0,51.9,54.3,51.78,480.8399963378906,0.3170539486694336,0.03539610022899104,0.007070959208665306,1.0,57,2025-12-04 14:30:05+00:00,30.49861111111111,53.099999999999994,2.5287671232876714
2025-12-05 21:00:00+00:00,2028-06-16 00:00:00+00:00,MSFT,MSFT280616C00630000,call,False,630.0,49.2,51.65,52.5,480.8399963378906,0.3156348954772949,0.03539610022899104,0.007070959208665306,4.0,5,2025-11-26 20:27:04+00:00,216.54888888888888,50.425,2.5287671232876714
2025-12-05 21:00:00+00:00,2028-06-16 00:00:00+00:00,MSFT,MSFT280616C00640000,call,False,640.0,46.7,49.0,46.07,480.8399963378906,0.3138648936462402,0.03539610022899104,0.007070959208665306,1.0,2,2025-12-04 14:30:05+00:00,30.49861111111111,47.85,2.5287671232876714
2025-12-05 21:00:00+00:00,2028-06-16 00:00:00+00:00,MSFT,MSFT280616C00650000,call,False,650.0,44.2,46.65,43.75,480.8399963378906,0.31279297443389886,0.03539610022899104,0.007070959208665306,22.0,99,2025-12-05 16:30:04+00:00,4.498888888888889,45.425,2.5287671232876714
2025-12-05 21:00:00+00:00,2028-06-16 00:00:00+00:00,MSFT,MSFT280616C00660000,call,False,660.0,41.9,44.25,41.45,480.8399963378906,0.3112175202178955,0.03539610022899104,0.007070959208665306,21.0,8,2025-12-05 16:30:04+00:00,4.498888888888889,43.075,2.5287671232876714
2025-12-05 21:00:00+00:00,2028-06-16 00:00:00+00:00,MSFT,MSFT280616C00680000,call,False,680.0,37.65,40.0,38.0,480.8399963378906,0.3090355352020263,0.03539610022899104,0.007070959208665306,2.0,12,2025-12-03 20:53:55+00:00,48.10138888888889,38.825,2.5287671232876714
2025-12-05 21:00:00+00:00,2028-06-16 00:00:00+00:00,MSFT,MSFT280616C00690000,call,False,690.0,36.2,38.0,36.3,480.8399963378906,0.3079292840576171,0.03539610022899104,0.007070959208665306,1.0,12,2025-12-04 19:55:42+00:00,25.071666666666665,37.1,2.5287671232876714
2025-12-05 21:00:00+00:00,2028-06-16 00:00:00+00:00,MSFT,MSFT280616C00700000,call,False,700.0,33.85,36.1,34.65,480.8399963378906,0.30689169677734374,0.03539610022899104,0.007070959208665306,26.0,78,2025-12-05 19:56:25+00:00,1.0597222222222222,34.975,2.5287671232876714
2025-12-05 21:00:00+00:00,2028-06-16 00:00:00+00:00,MSFT,MSFT280616P00240000,put,False,240.0,6.35,7.0,6.75,480.8399963378906,0.32507999145507804,0.03539610022899104,0.007070959208665306,155.0,1130,2025-12-05 19:40:24+00:00,1.3266666666666667,6.675,2.5287671232876714
2025-12-05 21:00:00+00:00,2028-06-16 00:00:00+00:00,MSFT,MSFT280616P00250000,put,False,250.0,7.1,8.3,7.72,480.8399963378906,0.3233862828063964,0.03539610022899104,0.007070959208665306,6.0,4,2025-12-04 18:07:52+00:00,26.86888888888889,7.7,2.5287671232876714
2025-12-05 21:00:00+00:00,2028-06-16 00:00:00+00:00,MSFT,MSFT280616P00270000,put,False,270.0,9.2,10.55,10.41,480.8399963378906,0.3130256686401367,0.03539610022899104,0.007070959208665306,3.0,3,2025-12-04 18:33:15+00:00,26.445833333333333,9.875,2.5287671232876714
2025-12-05 21:00:00+00:00,2028-06-16 00:00:00+00:00,MSFT,MSFT280616P00280000,put,False,280.0,10.45,11.85,11.46,480.8399963378906,0.308249715423584,0.03539610022899104,0.007070959208665306,,1,2025-12-01 20:19:13+00:00,96.67972222222222,11.149999999999999,2.5287671232876714
2025-12-05 21:00:00+00:00,2028-06-16 00:00:00+00:00,MSFT,MSFT280616P00290000,put,False,290.0,11.8,13.05,12.55,480.8399963378906,0.3020089331054688,0.03539610022899104,0.007070959208665306,42.0,460,2025-12-05 19:40:24+00:00,1.3266666666666667,12.425,2.5287671232876714
2025-12-05 21:00:00+00:00,2028-06-16 00:00:00+00:00,MSFT,MSFT280616P00300000,put,False,300.0,13.25,14.75,15.0,480.8399963378906,0.2988046194458007,0.03539610022899104,0.007070959208665306,15.0,61,2025-12-03 14:30:00+00:00,54.5,14.0,2.5287671232876714
2025-12-05 21:00:00+00:00,2028-06-16 00:00:00+00:00,MSFT,MSFT280616P00310000,put,False,310.0,14.85,16.4,15.55,480.8399963378906,0.2943948735046386,0.03539610022899104,0.007070959208665306,130.0,1,2025-11-26 17:05:38+00:00,219.9061111111111,15.625,2.5287671232876714
2025-12-05 21:00:00+00:00,2028-06-16 00:00:00+00:00,MSFT,MSFT280616P00320000,put,False,320.0,16.8,18.15,17.49,480.8399963378906,0.28990883438110343,0.03539610022899104,0.007070959208665306,1.0,12,2025-12-05 20:04:04+00:00,0.9322222222222222,17.475,2.5287671232876714
2025-12-05 21:00:00+00:00,2028-06-16 00:00:00+00:00,MSFT,MSFT280616P00330000,put,False,330.0,18.65,20.05,19.14,480.8399963378906,0.28563641616821284,0.03539610022899104,0.007070959208665306,21.0,15,2025-12-05 17:58:21+00:00,3.0275,19.35,2.5287671232876714
2025-12-05 21:00:00+00:00,2028-06-16 00:00:00+00:00,MSFT,MSFT280616P00350000,put,False,350.0,22.6,24.35,23.65,480.8399963378906,0.2777553304290771,0.03539610022899104,0.007070959208665306,3.0,120,2025-12-05 20:33:28+00:00,0.44222222222222224,23.475,2.5287671232876714
2025-12-05 21:00:00+00:00,2028-06-16 00:00:00+00:00,MSFT,MSFT280616P00360000,put,False,360.0,24.9,26.7,25.2,480.8399963378906,0.27379571426391597,0.03539610022899104,0.007070959208665306,2.0,59,2025-12-01 16:24:37+00:00,100.58972222222222,25.799999999999997,2.5287671232876714
2025-12-05 21:00:00+00:00,2028-06-16 00:00:00+00:00,MSFT,MSFT280616P00380000,put,False,380.0,30.35,31.9,31.14,480.8399963378906,0.2661969132995606,0.03539610022899104,0.007070959208665306,11.0,44,2025-12-03 14:30:00+00:00,54.5,31.125,2.5287671232876714
2025-12-05 21:00:00+00:00,2028-06-16 00:00:00+00:00,MSFT,MSFT280616P00400000,put,False,400.0,35.8,37.8,37.35,480.8399963378906,0.2589643196105958,0.03539610022899104,0.007070959208665306,126.0,193,2025-12-05 18:11:59+00:00,2.8002777777777776,36.8,2.5287671232876714
2025-12-05 21:00:00+00:00,2028-06-16 00:00:00+00:00,MSFT,MSFT280616P00410000,put,False,410.0,38.9,41.05,41.59,480.8399963378906,0.2555616436767578,0.03539610022899104,0.007070959208665306,1.0,23,2025-12-05 17:33:20+00:00,3.4444444444444446,39.974999999999994,2.5287671232876714
2025-12-05 21:00:00+00:00,2028-06-16 00:00:00+00:00,MSFT,MSFT280616P00420000,put,False,420.0,42.45,44.4,47.68,480.8399963378906,0.2518843122863769,0.03539610022899104,0.007070959208665306,6.0,1,2025-11-25 15:41:09+00:00,245.31416666666667,43.425,2.5287671232876714
2025-12-05 21:00:00+00:00,2028-06-16 00:00:00+00:00,MSFT,MSFT280616P00430000,put,False,430.0,45.7,48.05,48.3,480.8399963378906,0.24867999862670898,0.03539610022899104,0.007070959208665306,10.0,28,2025-12-04 20:59:44+00:00,24.004444444444445,46.875,2.5287671232876714
2025-12-05 21:00:00+00:00,2028-06-16 00:00:00+00:00,MSFT,MSFT280616P00440000,put,False,440.0,49.5,51.8,51.6,480.8399963378906,0.24517814155578613,0.03539610022899104,0.007070959208665306,2.0,1,2025-12-05 17:32:47+00:00,3.453611111111111,50.65,2.5287671232876714
2025-12-05 21:00:00+00:00,2028-06-16 00:00:00+00:00,MSFT,MSFT280616P00450000,put,False,450.0,53.5,55.5,55.0,480.8399963378906,0.24085994743347167,0.03539610022899104,0.007070959208665306,1.0,127,2025-12-05 20:35:24+00:00,0.41,54.5,2.5287671232876714
2025-12-05 21:00:00+00:00,2028-06-16 00:00:00+00:00,MSFT,MSFT280616P00460000,put,False,460.0,57.8,59.95,59.63,480.8399963378906,0.2385101174163818,0.03539610022899104,0.007070959208665306,5.0,6,2025-12-04 14:30:04+00:00,30.49888888888889,58.875,2.5287671232876714
2025-12-05 21:00:00+00:00,2028-06-16 00:00:00+00:00,MSFT,MSFT280616P00470000,put,False,470.0,61.95,64.3,63.6,480.8399963378906,0.23513032943725587,0.03539610022899104,0.007070959208665306,7.0,50,2025-12-05 19:38:43+00:00,1.3547222222222222,63.125,2.5287671232876714
2025-12-05 21:00:00+00:00,2028-06-16 00:00:00+00:00,MSFT,MSFT280616P00480000,put,False,480.0,66.65,68.9,68.42,480.8399963378906,0.23194127441406248,0.03539610022899104,0.007070959208665306,1.0,9,2025-12-05 15:37:00+00:00,5.383333333333334,67.775,2.5287671232876714
2025-12-05 21:00:00+00:00,2028-06-16 00:00:00+00:00,MSFT,MSFT280616P00490000,put,True,490.0,71.0,73.65,74.48,480.8399963378906,0.22859200370788577,0.03539610022899104,0.007070959208665306,3.0,49,2025-12-04 17:02:29+00:00,27.95861111111111,72.325,2.5287671232876714
2025-12-05 21:00:00+00:00,2028-06-16 00:00:00+00:00,MSFT,MSFT280616P00500000,put,True,500.0,75.95,78.65,77.8,480.8399963378906,0.22539531936645507,0.03539610022899104,0.007070959208665306,4.0,10,2025-12-05 15:29:27+00:00,5.509166666666666,77.30000000000001,2.5287671232876714
2025-12-05 21:00:00+00:00,2028-06-16 00:00:00+00:00,MSFT,MSFT280616P00510000,put,True,510.0,81.05,83.9,82.95,480.8399963378906,0.2223474067306518,0.03539610022899104,0.007070959208665306,1.0,8,2025-12-03 18:56:45+00:00,50.05416666666667,82.475,2.5287671232876714
2025-12-05 21:00:00+00:00,2028-06-16 00:00:00+00:00,MSFT,MSFT280616P00530000,put,True,530.0,91.95,94.8,92.42,480.8399963378906,0.21553061088562012,0.03539610022899104,0.007070959208665306,,1,2025-11-26 18:23:39+00:00,218.60583333333332,93.375,2.5287671232876714
2025-12-05 21:00:00+00:00,2028-06-16 00:00:00+00:00,MSFT,MSFT280616P00680000,put,True,680.0,198.5,203.5,196.25,480.8399963378906,0.1651313346099854,0.03539610022899104,0.007070959208665306,1.0,2,2025-11-28 14:46:15+00:00,174.22916666666666,201.0,2.5287671232876714
2025-12-05 21:00:00+00:00,2028-06-16 00:00:00+00:00,MSFT,MSFT280616P00700000,put,True,700.0,216.0,221.0,218.55,480.8399963378906,0.1564110238647461,0.03539610022899104,0.007070959208665306,2.0,4,2025-12-05 15:29:27+00:00,5.509166666666666,218.5,2.5287671232876714
