date,expiry,symbol,contractSymbol,type,inTheMoney,strike,bid,ask,last,underlying,iv_mkt,rate,div_yield,volume,openInterest,lastTradeDate,quote_age_hours,mid,T
2025-11-26 21:00:00+00:00,2025-11-28 00:00:00+00:00,NET,NET251128C00120000,call,True,120.0,76.55,79.1,78.05,197.49000549316406,3.9589844775390626,0.036842886271592254,0.0,1.0,1,2025-11-26 16:47:04+00:00,4.2155555555555555,77.82499999999999,0.0027397260273972603
2025-11-26 21:00:00+00:00,2025-11-28 00:00:00+00:00,NET,NET251128C00125000,call,True,125.0,71.55,74.15,67.52,197.49000549316406,3.7011726220703123,0.036842886271592254,0.0,1.0,3,2025-11-24 20:26:26+00:00,48.559444444444445,72.85,0.0027397260273972603
2025-11-26 21:00:00+00:00,2025-11-28 00:00:00+00:00,NET,NET251128C00130000,call,True,130.0,65.5,69.15,62.2,197.49000549316406,2.886721533203125,0.036842886271592254,0.0,,1,2025-11-18 14:30:32+00:00,198.4911111111111,67.325,0.0027397260273972603
2025-11-26 21:00:00+00:00,2025-11-28 00:00:00+00:00,NET,NET251128C00135000,call,True,135.0,60.45,64.15,57.55,197.49000549316406,2.6250034375,0.036842886271592254,0.0,1.0,0,2025-11-24 20:23:05+00:00,48.61527777777778,62.300000000000004,0.0027397260273972603
2025-11-26 21:00:00+00:00,2025-11-28 00:00:00+00:00,NET,NET251128C00145000,call,True,145.0,51.6,54.15,44.7,197.49000549316406,2.680667360839844,0.036842886271592254,0.0,1.0,1,2025-11-21 14:31:20+00:00,126.47777777777777,52.875,0.0027397260273972603
2025-11-26 21:00:00+00:00,2025-11-28 00:00:00+00:00,NET,NET251128C00150000,call,True,150.0,46.6,49.15,50.42,197.49000549316406,2.43750390625,0.036842886271592254,0.0,,1,2025-11-18 18:15:23+00:00,194.7436111111111,47.875,0.0027397260273972603
2025-11-26 21:00:00+00:00,2025-11-28 00:00:00+00:00,NET,NET251128C00157500,call,True,157.5,39.1,41.65,35.19,197.49000549316406,2.0820360449218747,0.036842886271592254,0.0,,5,2025-11-24 18:32:14+00:00,50.46277777777778,40.375,0.0027397260273972603
2025-11-26 21:00:00+00:00,2025-11-28 00:00:00+00:00,NET,NET251128C00160000,call,True,160.0,36.6,39.15,32.72,197.49000549316406,1.96484392578125,0.036842886271592254,0.0,,5,2025-11-24 18:32:14+00:00,50.46277777777778,37.875,0.0027397260273972603
2025-11-26 21:00:00+00:00,2025-11-28 00:00:00+00:00,NET,NET251128C00162500,call,True,162.5,34.1,36.65,30.74,197.49000549316406,1.8496101269531249,0.036842886271592254,0.0,,20,2025-11-24 18:06:16+00:00,50.89555555555555,35.375,0.0027397260273972603
2025-11-26 21:00:00+00:00,2025-11-28 00:00:00+00:00,NET,NET251128C00165000,call,True,165.0,31.6,34.15,28.29,197.49000549316406,1.734376328125,0.036842886271592254,0.0,,18,2025-11-24 18:06:16+00:00,50.89555555555555,32.875,0.0027397260273972603
2025-11-26 21:00:00+00:00,2025-11-28 00:00:00+00:00,NET,NET251128C00167500,call,True,167.5,29.1,31.65,20.82,197.49000549316406,1.6201190869140625,0.036842886271592254,0.0,2.0,6,2025-11-25 15:19:18+00:00,29.678333333333335,30.375,0.0027397260273972603
2025-11-26 21:00:00+00:00,2025-11-28 00:00:00+00:00,NET,NET251128C00170000,call,True,170.0,26.6,29.15,26.61,197.49000549316406,1.505861845703125,0.036842886271592254,0.0,6.0,15,2025-11-25 20:36:53+00:00,24.385277777777777,27.875,0.0027397260273972603
2025-11-26 21:00:00+00:00,2025-11-28 00:00:00+00:00,NET,NET251128C00172500,call,True,172.5,24.1,26.7,25.35,197.49000549316406,1.40234673828125,0.036842886271592254,0.0,2.0,5,2025-11-26 17:03:47+00:00,3.9369444444444444,25.4,0.0027397260273972603
2025-11-26 21:00:00+00:00,2025-11-28 00:00:00+00:00,NET,NET251128C00175000,call,True,175.0,21.65,24.2,22.87,197.49000549316406,1.2973667944335934,0.036842886271592254,0.0,4.0,7,2025-11-26 17:03:47+00:00,3.9369444444444444,22.924999999999997,0.0027397260273972603
2025-11-26 21:00:00+00:00,2025-11-28 00:00:00+00:00,NET,NET251128C00177500,call,True,177.5,19.25,21.7,21.35,197.49000549316406,1.2001993115234375,0.036842886271592254,0.0,4.0,2,2025-11-26 19:36:15+00:00,1.3958333333333333,20.475,0.0027397260273972603
2025-11-26 21:00:00+00:00,2025-11-28 00:00:00+00:00,NET,NET251128C00180000,call,True,180.0,16.45,19.25,18.88,197.49000549316406,1.0395555834960941,0.036842886271592254,0.0,5.0,9,2025-11-26 19:36:15+00:00,1.3958333333333333,17.85,0.0027397260273972603
2025-11-26 21:00:00+00:00,2025-11-28 00:00:00+00:00,NET,NET251128C00182500,call,True,182.5,13.75,16.75,15.43,197.49000549316406,0.8896495410156249,0.036842886271592254,0.0,2.0,3,2025-11-26 16:15:43+00:00,4.7380555555555555,15.25,0.0027397260273972603
2025-11-26 21:00:00+00:00,2025-11-28 00:00:00+00:00,NET,NET251128C00185000,call,True,185.0,11.75,14.3,12.25,197.49000549316406,0.8588881298828125,0.036842886271592254,0.0,5.0,7,2025-11-26 17:04:33+00:00,3.924166666666667,13.025,0.0027397260273972603
2025-11-26 21:00:00+00:00,2025-11-28 00:00:00+00:00,NET,NET251128C00187500,call,True,187.5,9.35,11.95,11.25,197.49000549316406,0.7675804492187501,0.036842886271592254,0.0,22.0,50,2025-11-26 19:43:15+00:00,1.2791666666666666,10.649999999999999,0.0027397260273972603
2025-11-26 21:00:00+00:00,2025-11-28 00:00:00+00:00,NET,NET251128C00190000,call,True,190.0,6.85,8.75,8.36,197.49000549316406,0.5502974658203126,0.036842886271592254,0.0,6.0,175,2025-11-26 20:57:06+00:00,0.04833333333333333,7.8,0.0027397260273972603
2025-11-26 21:00:00+00:00,2025-11-28 00:00:00+00:00,NET,NET251128C00192500,call,True,192.5,4.5,7.3,5.76,197.49000549316406,0.5498091894531252,0.036842886271592254,0.0,9.0,67,2025-11-26 19:50:12+00:00,1.1633333333333333,5.9,0.0027397260273972603
2025-11-26 21:00:00+00:00,2025-11-28 00:00:00+00:00,NET,NET251128C00195000,call,True,195.0,3.0,4.55,4.82,197.49000549316406,0.5986368261718751,0.036842886271592254,0.0,50.0,106,2025-11-26 20:22:09+00:00,0.6308333333333334,3.775,0.0027397260273972603
2025-11-26 21:00:00+00:00,2025-11-28 00:00:00+00:00,NET,NET251128C00197500,call,False,197.5,1.66,2.84,2.74,197.49000549316406,0.5302781347656251,0.036842886271592254,0.0,60.0,133,2025-11-26 20:53:07+00:00,0.11472222222222223,2.25,0.0027397260273972603
2025-11-26 21:00:00+00:00,2025-11-28 00:00:00+00:00,NET,NET251128C00200000,call,False,200.0,0.86,1.76,1.01,197.49000549316406,0.5170946728515625,0.036842886271592254,0.0,92.0,343,2025-11-26 20:51:37+00:00,0.13972222222222222,1.31,0.0027397260273972603
2025-11-26 21:00:00+00:00,2025-11-28 00:00:00+00:00,NET,NET251128C00202500,call,False,202.5,0.06,1.02,0.56,197.49000549316406,0.5092822509765625,0.036842886271592254,0.0,18.0,87,2025-11-26 20:50:48+00:00,0.15333333333333332,0.54,0.0027397260273972603
2025-11-26 21:00:00+00:00,2025-11-28 00:00:00+00:00,NET,NET251128C00205000,call,False,205.0,0.2,0.47,0.26,197.49000549316406,0.4804739453125,0.036842886271592254,0.0,86.0,454,2025-11-26 20:50:01+00:00,0.1663888888888889,0.33499999999999996,0.0027397260273972603
2025-11-26 21:00:00+00:00,2025-11-28 00:00:00+00:00,NET,NET251128C00207500,call,False,207.5,0.0,0.38,0.18,197.49000549316406,0.5449264257812501,0.036842886271592254,0.0,20.0,220,2025-11-26 18:40:55+00:00,2.3180555555555555,0.19,0.0027397260273972603
2025-11-26 21:00:00+00:00,2025-11-28 00:00:00+00:00,NET,NET251128C00210000,call,False,210.0,0.0,0.3,0.1,197.49000549316406,0.51562984375,0.036842886271592254,0.0,34.0,182,2025-11-26 17:44:46+00:00,3.253888888888889,0.15,0.0027397260273972603
2025-11-26 21:00:00+00:00,2025-11-28 00:00:00+00:00,NET,NET251128C00212500,call,False,212.5,0.0,0.18,0.11,197.49000549316406,0.5390671093750001,0.036842886271592254,0.0,6.0,50,2025-11-25 20:49:36+00:00,24.173333333333332,0.09,0.0027397260273972603
2025-11-26 21:00:00+00:00,2025-11-28 00:00:00+00:00,NET,NET251128C00215000,call,False,215.0,0.0,0.08,0.05,197.49000549316406,0.5371140039062501,0.036842886271592254,0.0,3.0,52,2025-11-26 20:56:37+00:00,0.05638888888888889,0.04,0.0027397260273972603
2025-11-26 21:00:00+00:00,2025-11-28 00:00:00+00:00,NET,NET251128C00217500,call,False,217.5,0.0,0.24,0.12,197.49000549316406,0.7050810742187501,0.036842886271592254,0.0,17.0,103,2025-11-26 20:53:33+00:00,0.1075,0.12,0.0027397260273972603
2025-11-26 21:00:00+00:00,2025-11-28 00:00:00+00:00,NET,NET251128C00220000,call,False,220.0,0.0,0.14,0.1,197.49000549316406,0.710940390625,0.036842886271592254,0.0,2.0,89,2025-11-26 19:00:28+00:00,1.9922222222222221,0.07,0.0027397260273972603
2025-11-26 21:00:00+00:00,2025-11-28 00:00:00+00:00,NET,NET251128C00222500,call,False,222.5,0.0,0.17,0.01,197.49000549316406,0.7929708203125,0.036842886271592254,0.0,2.0,10,2025-11-26 16:43:54+00:00,4.2683333333333335,0.085,0.0027397260273972603
2025-11-26 21:00:00+00:00,2025-11-28 00:00:00+00:00,NET,NET251128C00225000,call,False,225.0,0.0,0.15,0.05,197.49000549316406,0.8378922460937499,0.036842886271592254,0.0,1.0,429,2025-11-24 15:42:59+00:00,53.283611111111114,0.075,0.0027397260273972603
2025-11-26 21:00:00+00:00,2025-11-28 00:00:00+00:00,NET,NET251128C00227500,call,False,227.5,0.0,0.72,0.3,197.49000549316406,1.1660197949218751,0.036842886271592254,0.0,19.0,20,2025-11-19 15:22:21+00:00,173.6275,0.36,0.0027397260273972603
2025-11-26 21:00:00+00:00,2025-11-28 00:00:00+00:00,NET,NET251128C00230000,call,False,230.0,0.0,0.6,0.01,197.49000549316406,1.1923868505859376,0.036842886271592254,0.0,14.0,100,2025-11-25 16:02:50+00:00,28.95277777777778,0.3,0.0027397260273972603
2025-11-26 21:00:00+00:00,2025-11-28 00:00:00+00:00,NET,NET251128C00232500,call,False,232.5,0.0,0.54,0.19,197.49000549316406,1.2343788281249999,0.036842886271592254,0.0,2.0,246,2025-11-24 17:39:49+00:00,51.33638888888889,0.27,0.0027397260273972603
2025-11-26 21:00:00+00:00,2025-11-28 00:00:00+00:00,NET,NET251128C00235000,call,False,235.0,0.0,0.01,0.16,197.49000549316406,0.79687703125,0.036842886271592254,0.0,6.0,51,2025-11-21 17:21:12+00:00,123.64666666666666,0.005,0.0027397260273972603
2025-11-26 21:00:00+00:00,2025-11-28 00:00:00+00:00,NET,NET251128C00237500,call,False,237.5,0.0,0.58,4.98,197.49000549316406,1.3789093554687497,0.036842886271592254,0.0,,1,2025-11-12 16:29:39+00:00,340.5058333333333,0.29,0.0027397260273972603
2025-11-26 21:00:00+00:00,2025-11-28 00:00:00+00:00,NET,NET251128C00240000,call,False,240.0,0.0,0.51,0.1,197.49000549316406,1.41015919921875,0.036842886271592254,0.0,1.0,148,2025-11-26 17:09:05+00:00,3.848611111111111,0.255,0.0027397260273972603
2025-11-26 21:00:00+00:00,2025-11-28 00:00:00+00:00,NET,NET251128C00242500,call,False,242.5,0.0,1.1,0.01,197.49000549316406,1.69140779296875,0.036842886271592254,0.0,1.0,11,2025-11-20 19:19:03+00:00,145.6825,0.55,0.0027397260273972603
2025-11-26 21:00:00+00:00,2025-11-28 00:00:00+00:00,NET,NET251128C00245000,call,False,245.0,0.0,0.04,0.04,197.49000549316406,1.09375453125,0.036842886271592254,0.0,1.0,232,2025-11-26 20:06:27+00:00,0.8925,0.02,0.0027397260273972603
2025-11-26 21:00:00+00:00,2025-11-28 00:00:00+00:00,NET,NET251128C00247500,call,False,247.5,0.0,1.3,5.74,197.49000549316406,1.8808599707031248,0.036842886271592254,0.0,,16,2025-11-11 15:34:06+00:00,365.4316666666667,0.65,0.0027397260273972603
2025-11-26 21:00:00+00:00,2025-11-28 00:00:00+00:00,NET,NET251128C00250000,call,False,250.0,0.0,0.29,0.18,197.49000549316406,1.5078149609375,0.036842886271592254,0.0,10.0,126,2025-11-25 19:19:03+00:00,25.6825,0.145,0.0027397260273972603
2025-11-26 21:00:00+00:00,2025-11-28 00:00:00+00:00,NET,NET251128C00252500,call,False,252.5,0.0,0.3,1.7,197.49000549316406,1.5664084179687499,0.036842886271592254,0.0,,0,2025-11-12 18:42:13+00:00,338.2963888888889,0.15,0.0027397260273972603
2025-11-26 21:00:00+00:00,2025-11-28 00:00:00+00:00,NET,NET251128C00255000,call,False,255.0,0.0,0.16,0.01,197.49000549316406,1.4882838085937498,0.036842886271592254,0.0,1.0,49,2025-11-24 20:48:14+00:00,48.19611111111111,0.08,0.0027397260273972603
2025-11-26 21:00:00+00:00,2025-11-28 00:00:00+00:00,NET,NET251128C00257500,call,False,257.5,0.0,0.29,3.8,197.49000549316406,1.6640641796875002,0.036842886271592254,0.0,,5,2025-11-11 17:20:49+00:00,363.65305555555557,0.145,0.0027397260273972603
2025-11-26 21:00:00+00:00,2025-11-28 00:00:00+00:00,NET,NET251128C00260000,call,False,260.0,0.0,0.5,0.01,197.49000549316406,1.85546947265625,0.036842886271592254,0.0,1.0,38,2025-11-26 16:00:47+00:00,4.986944444444444,0.25,0.0027397260273972603
2025-11-26 21:00:00+00:00,2025-11-28 00:00:00+00:00,NET,NET251128C00262500,call,False,262.5,0.0,0.24,0.04,197.49000549316406,1.71875140625,0.036842886271592254,0.0,1.0,6,2025-11-26 16:08:16+00:00,4.862222222222222,0.12,0.0027397260273972603
2025-11-26 21:00:00+00:00,2025-11-28 00:00:00+00:00,NET,NET251128C00265000,call,False,265.0,0.0,0.15,0.13,197.49000549316406,1.6640641796875002,0.036842886271592254,0.0,1.0,24,2025-11-17 14:54:34+00:00,222.09055555555557,0.075,0.0027397260273972603
2025-11-26 21:00:00+00:00,2025-11-28 00:00:00+00:00,NET,NET251128C00270000,call,False,270.0,0.0,1.02,0.04,197.49000549316406,2.3164104589843744,0.036842886271592254,0.0,1.0,226,2025-11-24 16:31:17+00:00,52.478611111111114,0.51,0.0027397260273972603
2025-11-26 21:00:00+00:00,2025-11-28 00:00:00+00:00,NET,NET251128C00275000,call,False,275.0,0.0,0.46,0.41,197.49000549316406,2.134770288085937,0.036842886271592254,0.0,1.0,17,2025-11-13 14:33:19+00:00,318.4447222222222,0.23,0.0027397260273972603
2025-11-26 21:00:00+00:00,2025-11-28 00:00:00+00:00,NET,NET251128C00280000,call,False,280.0,0.0,1.41,0.4,197.49000549316406,2.6767611206054687,0.036842886271592254,0.0,1.0,42,2025-11-07 15:06:36+00:00,461.89,0.705,0.0027397260273972603
2025-11-26 21:00:00+00:00,2025-11-28 00:00:00+00:00,NET,NET251128C00285000,call,False,285.0,0.0,1.3,1.5,197.49000549316406,2.7412140844726567,0.036842886271592254,0.0,1.0,24,2025-11-04 15:48:36+00:00,533.19,0.65,0.0027397260273972603
2025-11-26 21:00:00+00:00,2025-11-28 00:00:00+00:00,NET,NET251128C00290000,call,False,290.0,0.0,0.01,0.41,197.49000549316406,1.625001875,0.036842886271592254,0.0,2.0,4,2025-11-13 14:33:20+00:00,318.44444444444446,0.005,0.0027397260273972603
2025-11-26 21:00:00+00:00,2025-11-28 00:00:00+00:00,NET,NET251128C00295000,call,False,295.0,0.0,0.36,0.11,197.49000549316406,2.419925825195312,0.036842886271592254,0.0,1.0,40,2025-11-12 16:21:20+00:00,340.64444444444445,0.18,0.0027397260273972603
2025-11-26 21:00:00+00:00,2025-11-28 00:00:00+00:00,NET,NET251128C00300000,call,False,300.0,0.0,0.3,0.18,197.49000549316406,2.44531638671875,0.036842886271592254,0.0,3.0,53,2025-11-17 17:12:13+00:00,219.79638888888888,0.15,0.0027397260273972603
2025-11-26 21:00:00+00:00,2025-11-28 00:00:00+00:00,NET,NET251128C00305000,call,False,305.0,0.0,0.15,0.05,197.49000549316406,2.328129179687499,0.036842886271592254,0.0,1.0,10,2025-11-13 14:36:22+00:00,318.3938888888889,0.075,0.0027397260273972603
2025-11-26 21:00:00+00:00,2025-11-28 00:00:00+00:00,NET,NET251128C00310000,call,False,310.0,0.0,0.4,0.06,197.49000549316406,2.7031282421875,0.036842886271592254,0.0,1.0,2,2025-11-26 19:36:30+00:00,1.3916666666666666,0.2,0.0027397260273972603
2025-11-26 21:00:00+00:00,2025-11-28 00:00:00+00:00,NET,NET251128C00325000,call,False,325.0,0.0,0.24,0.05,197.49000549316406,2.75781560546875,0.036842886271592254,0.0,,1,2025-11-19 16:30:46+00:00,172.48722222222221,0.12,0.0027397260273972603
2025-11-26 21:00:00+00:00,2025-11-28 00:00:00+00:00,NET,NET251128C00340000,call,False,340.0,0.0,0.44,0.01,197.49000549316406,3.1992207519531246,0.036842886271592254,0.0,1.0,1,2025-11-26 17:30:00+00:00,3.5,0.22,0.0027397260273972603
2025-11-26 21:00:00+00:00,2025-11-28 00:00:00+00:00,NET,NET251128C00345000,call,False,345.0,0.0,0.24,0.07,197.49000549316406,3.03906490234375,0.036842886271592254,0.0,2.0,13,2025-11-26 16:14:15+00:00,4.7625,0.12,0.0027397260273972603
2025-11-26 21:00:00+00:00,2025-11-28 00:00:00+00:00,NET,NET251128C00350000,call,False,350.0,0.0,0.05,0.02,197.49000549316406,2.6562533593750004,0.036842886271592254,0.0,3.0,19,2025-11-26 16:14:15+00:00,4.7625,0.025,0.0027397260273972603
2025-11-26 21:00:00+00:00,2025-11-28 00:00:00+00:00,NET,NET251128P00115000,put,False,115.0,0.0,0.04,0.26,197.49000549316406,2.56250359375,0.036842886271592254,0.0,2.0,2,2025-11-25 20:29:27+00:00,24.509166666666665,0.02,0.0027397260273972603
2025-11-26 21:00:00+00:00,2025-11-28 00:00:00+00:00,NET,NET251128P00120000,put,False,120.0,0.0,0.04,0.31,197.49000549316406,2.3750040624999995,0.036842886271592254,0.0,1.0,2,2025-11-25 20:29:27+00:00,24.509166666666665,0.02,0.0027397260273972603
2025-11-26 21:00:00+00:00,2025-11-28 00:00:00+00:00,NET,NET251128P00125000,put,False,125.0,0.0,0.04,0.04,197.49000549316406,2.2031294921874993,0.036842886271592254,0.0,1.0,3,2025-11-25 17:07:04+00:00,27.88222222222222,0.02,0.0027397260273972603
2025-11-26 21:00:00+00:00,2025-11-28 00:00:00+00:00,NET,NET251128P00130000,put,False,130.0,0.0,0.3,0.09,197.49000549316406,2.5585973535156246,0.036842886271592254,0.0,1.0,1,2025-11-25 17:07:04+00:00,27.88222222222222,0.15,0.0027397260273972603
2025-11-26 21:00:00+00:00,2025-11-28 00:00:00+00:00,NET,NET251128P00135000,put,False,135.0,0.0,1.75,0.16,197.49000549316406,3.178712990722656,0.036842886271592254,0.0,1.0,4,2025-11-21 20:59:33+00:00,120.0075,0.875,0.0027397260273972603
2025-11-26 21:00:00+00:00,2025-11-28 00:00:00+00:00,NET,NET251128P00140000,put,False,140.0,0.0,0.29,0.23,197.49000549316406,2.1406296484375,0.036842886271592254,0.0,20.0,22,2025-11-19 14:45:19+00:00,174.2447222222222,0.145,0.0027397260273972603
2025-11-26 21:00:00+00:00,2025-11-28 00:00:00+00:00,NET,NET251128P00145000,put,False,145.0,0.0,1.65,0.25,197.49000549316406,2.6406283984375003,0.036842886271592254,0.0,3.0,4,2025-11-21 17:21:55+00:00,123.63472222222222,0.825,0.0027397260273972603
2025-11-26 21:00:00+00:00,2025-11-28 00:00:00+00:00,NET,NET251128P00150000,put,False,150.0,0.0,0.05,0.1,197.49000549316406,1.40625296875,0.036842886271592254,0.0,36.0,35,2025-11-21 20:32:36+00:00,120.45666666666666,0.025,0.0027397260273972603
2025-11-26 21:00:00+00:00,2025-11-28 00:00:00+00:00,NET,NET251128P00152500,put,False,152.5,0.0,0.1,0.22,197.49000549316406,1.4375028125,0.036842886271592254,0.0,,3,2025-11-20 15:24:53+00:00,149.58527777777778,0.05,0.0027397260273972603
2025-11-26 21:00:00+00:00,2025-11-28 00:00:00+00:00,NET,NET251128P00155000,put,False,155.0,0.0,0.2,0.05,197.49000549316406,1.4882838085937498,0.036842886271592254,0.0,31.0,28,2025-11-24 19:13:56+00:00,49.76777777777778,0.1,0.0027397260273972603
2025-11-26 21:00:00+00:00,2025-11-28 00:00:00+00:00,NET,NET251128P00157500,put,False,157.5,0.0,0.83,0.08,197.49000549316406,1.7714855175781248,0.036842886271592254,0.0,1.0,2,2025-11-24 19:13:56+00:00,49.76777777777778,0.415,0.0027397260273972603
2025-11-26 21:00:00+00:00,2025-11-28 00:00:00+00:00,NET,NET251128P00160000,put,False,160.0,0.0,0.29,0.35,197.49000549316406,1.3867218164062498,0.036842886271592254,0.0,35.0,65,2025-11-21 17:20:01+00:00,123.66638888888889,0.145,0.0027397260273972603
2025-11-26 21:00:00+00:00,2025-11-28 00:00:00+00:00,NET,NET251128P00162500,put,False,162.5,0.0,0.29,0.16,197.49000549316406,1.2988316308593748,0.036842886271592254,0.0,1.0,23,2025-11-24 14:37:13+00:00,54.37972222222222,0.145,0.0027397260273972603
2025-11-26 21:00:00+00:00,2025-11-28 00:00:00+00:00,NET,NET251128P00165000,put,False,165.0,0.0,0.16,0.11,197.49000549316406,1.1054732226562503,0.036842886271592254,0.0,10.0,57,2025-11-25 16:06:26+00:00,28.892777777777777,0.08,0.0027397260273972603
2025-11-26 21:00:00+00:00,2025-11-28 00:00:00+00:00,NET,NET251128P00167500,put,False,167.5,0.0,0.25,0.19,197.49000549316406,1.0957076464843751,0.036842886271592254,0.0,2.0,38,2025-11-25 16:06:37+00:00,28.889722222222222,0.125,0.0027397260273972603
2025-11-26 21:00:00+00:00,2025-11-28 00:00:00+00:00,NET,NET251128P00170000,put,False,170.0,0.01,0.05,0.03,197.49000549316406,0.8281267187499999,0.036842886271592254,0.0,10.0,140,2025-11-26 19:50:46+00:00,1.153888888888889,0.030000000000000002,0.0027397260273972603
2025-11-26 21:00:00+00:00,2025-11-28 00:00:00+00:00,NET,NET251128P00172500,put,False,172.5,0.0,0.19,0.03,197.49000549316406,0.88476677734375,0.036842886271592254,0.0,4.0,53,2025-11-26 19:52:32+00:00,1.1244444444444444,0.095,0.0027397260273972603
2025-11-26 21:00:00+00:00,2025-11-28 00:00:00+00:00,NET,NET251128P00175000,put,False,175.0,0.01,0.18,0.09,197.49000549316406,0.8007832421875,0.036842886271592254,0.0,3.0,105,2025-11-26 20:58:42+00:00,0.021666666666666667,0.095,0.0027397260273972603
2025-11-26 21:00:00+00:00,2025-11-28 00:00:00+00:00,NET,NET251128P00177500,put,False,177.5,0.0,0.2,0.09,197.49000549316406,0.726565234375,0.036842886271592254,0.0,1.0,60,2025-11-26 15:19:24+00:00,5.676666666666667,0.1,0.0027397260273972603
2025-11-26 21:00:00+00:00,2025-11-28 00:00:00+00:00,NET,NET251128P00180000,put,False,180.0,0.05,0.26,0.09,197.49000549316406,0.6953155468750001,0.036842886271592254,0.0,39.0,260,2025-11-26 20:47:03+00:00,0.21583333333333332,0.155,0.0027397260273972603
2025-11-26 21:00:00+00:00,2025-11-28 00:00:00+00:00,NET,NET251128P00182500,put,False,182.5,0.03,0.25,0.15,197.49000549316406,0.594730615234375,0.036842886271592254,0.0,2.0,53,2025-11-26 18:34:54+00:00,2.4183333333333334,0.14,0.0027397260273972603
2025-11-26 21:00:00+00:00,2025-11-28 00:00:00+00:00,NET,NET251128P00185000,put,False,185.0,0.0,0.2,0.12,197.49000549316406,0.5459029785156251,0.036842886271592254,0.0,93.0,169,2025-11-26 20:50:42+00:00,0.155,0.1,0.0027397260273972603
2025-11-26 21:00:00+00:00,2025-11-28 00:00:00+00:00,NET,NET251128P00187500,put,False,187.5,0.01,0.23,0.18,197.49000549316406,0.467778759765625,0.036842886271592254,0.0,15.0,145,2025-11-26 20:47:03+00:00,0.21583333333333332,0.12000000000000001,0.0027397260273972603
2025-11-26 21:00:00+00:00,2025-11-28 00:00:00+00:00,NET,NET251128P00190000,put,False,190.0,0.17,0.43,0.26,197.49000549316406,0.4419001123046875,0.036842886271592254,0.0,155.0,183,2025-11-26 20:56:58+00:00,0.050555555555555555,0.3,0.0027397260273972603
2025-11-26 21:00:00+00:00,2025-11-28 00:00:00+00:00,NET,NET251128P00192500,put,False,192.5,0.1,0.69,0.41,197.49000549316406,0.3930724755859375,0.036842886271592254,0.0,59.0,204,2025-11-26 20:33:26+00:00,0.44277777777777777,0.39499999999999996,0.0027397260273972603
2025-11-26 21:00:00+00:00,2025-11-28 00:00:00+00:00,NET,NET251128P00195000,put,False,195.0,0.31,1.35,0.8,197.49000549316406,0.38086556640624997,0.036842886271592254,0.0,95.0,99,2025-11-26 20:18:29+00:00,0.6919444444444445,0.8300000000000001,0.0027397260273972603
2025-11-26 21:00:00+00:00,2025-11-28 00:00:00+00:00,NET,NET251128P00197500,put,True,197.5,1.25,2.5,1.5,197.49000549316406,0.383795224609375,0.036842886271592254,0.0,33.0,48,2025-11-26 20:44:54+00:00,0.25166666666666665,1.875,0.0027397260273972603
2025-11-26 21:00:00+00:00,2025-11-28 00:00:00+00:00,NET,NET251128P00200000,put,True,200.0,2.54,4.05,2.55,197.49000549316406,0.3803772900390625,0.036842886271592254,0.0,40.0,131,2025-11-26 20:33:16+00:00,0.44555555555555554,3.295,0.0027397260273972603
2025-11-26 21:00:00+00:00,2025-11-28 00:00:00+00:00,NET,NET251128P00202500,put,True,202.5,3.65,6.35,4.95,197.49000549316406,0.4687553125,0.036842886271592254,0.0,3.0,38,2025-11-26 19:46:25+00:00,1.226388888888889,5.0,0.0027397260273972603
2025-11-26 21:00:00+00:00,2025-11-28 00:00:00+00:00,NET,NET251128P00205000,put,True,205.0,6.95,8.7,6.5,197.49000549316406,0.5449264257812501,0.036842886271592254,0.0,2.0,98,2025-11-26 17:44:18+00:00,3.2616666666666667,7.824999999999999,0.0027397260273972603
2025-11-26 21:00:00+00:00,2025-11-28 00:00:00+00:00,NET,NET251128P00207500,put,True,207.5,8.4,11.3,19.67,197.49000549316406,0.6782258740234376,0.036842886271592254,0.0,6.0,11,2025-11-25 15:00:32+00:00,29.99111111111111,9.850000000000001,0.0027397260273972603
2025-11-26 21:00:00+00:00,2025-11-28 00:00:00+00:00,NET,NET251128P00210000,put,True,210.0,11.15,13.35,11.94,197.49000549316406,0.6171913281250001,0.036842886271592254,0.0,1.0,37,2025-11-26 20:57:06+00:00,0.04833333333333333,12.25,0.0027397260273972603
2025-11-26 21:00:00+00:00,2025-11-28 00:00:00+00:00,NET,NET251128P00212500,put,True,212.5,13.4,16.4,17.17,197.49000549316406,0.9072274902343749,0.036842886271592254,0.0,5.0,18,2025-11-25 19:57:32+00:00,25.04111111111111,14.899999999999999,0.0027397260273972603
2025-11-26 21:00:00+00:00,2025-11-28 00:00:00+00:00,NET,NET251128P00215000,put,True,215.0,15.7,18.7,16.33,197.49000549316406,0.93164130859375,0.036842886271592254,0.0,1.0,27,2025-11-26 20:42:41+00:00,0.2886111111111111,17.2,0.0027397260273972603
2025-11-26 21:00:00+00:00,2025-11-28 00:00:00+00:00,NET,NET251128P00217500,put,True,217.5,18.4,20.95,26.0,197.49000549316406,0.911133701171875,0.036842886271592254,0.0,2.0,1,2025-11-24 15:19:53+00:00,53.66861111111111,19.674999999999997,0.0027397260273972603
2025-11-26 21:00:00+00:00,2025-11-28 00:00:00+00:00,NET,NET251128P00220000,put,True,220.0,20.85,23.25,25.6,197.49000549316406,0.8730481445312499,0.036842886271592254,0.0,2.0,4,2025-11-25 18:36:53+00:00,26.385277777777777,22.05,0.0027397260273972603
2025-11-26 21:00:00+00:00,2025-11-28 00:00:00+00:00,NET,NET251128P00222500,put,True,222.5,23.4,25.95,31.73,197.49000549316406,1.0673874755859378,0.036842886271592254,0.0,2.0,1,2025-11-20 20:52:07+00:00,144.1313888888889,24.674999999999997,0.0027397260273972603
2025-11-26 21:00:00+00:00,2025-11-28 00:00:00+00:00,NET,NET251128P00225000,put,True,225.0,25.75,28.35,33.0,197.49000549316406,1.08203583984375,0.036842886271592254,0.0,1.0,3,2025-11-25 14:32:21+00:00,30.460833333333333,27.05,0.0027397260273972603
2025-11-26 21:00:00+00:00,2025-11-28 00:00:00+00:00,NET,NET251128P00227500,put,True,227.5,28.4,30.95,34.77,197.49000549316406,1.2148476757812499,0.036842886271592254,0.0,7.0,0,2025-11-20 20:00:10+00:00,144.99722222222223,29.674999999999997,0.0027397260273972603
2025-11-26 21:00:00+00:00,2025-11-28 00:00:00+00:00,NET,NET251128P00230000,put,True,230.0,30.9,33.45,37.4,197.49000549316406,1.2851598242187499,0.036842886271592254,0.0,5.0,1,2025-11-20 20:35:06+00:00,144.415,32.175,0.0027397260273972603
2025-11-26 21:00:00+00:00,2025-11-28 00:00:00+00:00,NET,NET251128P00232500,put,True,232.5,33.4,35.95,39.05,197.49000549316406,1.3554719726562499,0.036842886271592254,0.0,1.0,0,2025-11-19 16:26:30+00:00,172.55833333333334,34.675,0.0027397260273972603
2025-11-26 21:00:00+00:00,2025-11-28 00:00:00+00:00,NET,NET251128P00235000,put,True,235.0,35.7,38.35,43.01,197.49000549316406,1.3544954150390622,0.036842886271592254,0.0,540.0,0,2025-11-20 20:31:54+00:00,144.46833333333333,37.025000000000006,0.0027397260273972603
2025-11-26 21:00:00+00:00,2025-11-28 00:00:00+00:00,NET,NET251128P00237500,put,True,237.5,38.4,40.95,43.45,197.49000549316406,1.4902369238281248,0.036842886271592254,0.0,100.0,0,2025-11-20 20:31:54+00:00,144.46833333333333,39.675,0.0027397260273972603
2025-11-26 21:00:00+00:00,2025-11-28 00:00:00+00:00,NET,NET251128P00240000,put,True,240.0,40.7,43.35,45.95,197.49000549316406,1.482424462890625,0.036842886271592254,0.0,265.0,0,2025-11-20 20:31:54+00:00,144.46833333333333,42.025000000000006,0.0027397260273972603
2025-11-26 21:00:00+00:00,2025-11-28 00:00:00+00:00,NET,NET251128P00242500,put,True,242.5,43.4,45.95,11.0,197.49000549316406,1.619142529296875,0.036842886271592254,0.0,,0,2025-11-10 14:48:57+00:00,390.18416666666667,44.675,0.0027397260273972603
2025-11-26 21:00:00+00:00,2025-11-28 00:00:00+00:00,NET,NET251128P00245000,put,True,245.0,45.9,48.45,53.85,197.49000549316406,1.681642216796875,0.036842886271592254,0.0,138.0,0,2025-11-20 20:31:54+00:00,144.46833333333333,47.175,0.0027397260273972603
2025-11-26 21:00:00+00:00,2025-11-28 00:00:00+00:00,NET,NET251128P00247500,put,True,247.5,48.4,50.95,12.35,197.49000549316406,1.7441419042968749,0.036842886271592254,0.0,,0,2025-11-10 19:17:59+00:00,385.7002777777778,49.675,0.0027397260273972603
2025-11-26 21:00:00+00:00,2025-11-28 00:00:00+00:00,NET,NET251128P00250000,put,True,250.0,50.9,53.45,58.85,197.49000549316406,1.8046884765624998,0.036842886271592254,0.0,87.0,0,2025-11-20 20:31:54+00:00,144.46833333333333,52.175,0.0027397260273972603
2025-11-26 21:00:00+00:00,2025-11-28 00:00:00+00:00,NET,NET251128P00255000,put,True,255.0,55.9,58.45,17.7,197.49000549316406,1.9238285058593751,0.036842886271592254,0.0,5.0,0,2025-10-31 15:57:55+00:00,629.0347222222222,57.175,0.0027397260273972603
2025-11-26 21:00:00+00:00,2025-11-28 00:00:00+00:00,NET,NET251128P00265000,put,True,265.0,65.9,68.45,29.75,197.49000549316406,2.150395249023437,0.036842886271592254,0.0,1.0,0,2025-11-04 16:31:16+00:00,532.4788888888888,67.17500000000001,0.0027397260273972603
2025-11-26 21:00:00+00:00,2025-11-28 00:00:00+00:00,NET,NET251128P00270000,put,True,270.0,70.9,73.45,56.65,197.49000549316406,2.2578168554687497,0.036842886271592254,0.0,,0,2025-11-13 19:12:01+00:00,313.7997222222222,72.17500000000001,0.0027397260273972603
2025-11-26 21:00:00+00:00,2025-12-05 00:00:00+00:00,NET,NET251205C00115000,call,True,115.0,81.8,84.2,78.13,197.49000549316406,2.080082924804687,0.036842886271592254,0.0,1.0,2,2025-11-24 16:52:51+00:00,52.119166666666665,83.0,0.021917808219178082
2025-11-26 21:00:00+00:00,2025-12-05 00:00:00+00:00,NET,NET251205C00120000,call,True,120.0,76.75,79.2,72.3,197.49000549316406,1.9287112939453124,0.036842886271592254,0.0,,1,2025-11-18 14:30:32+00:00,198.4911111111111,77.975,0.021917808219178082
2025-11-26 21:00:00+00:00,2025-12-05 00:00:00+00:00,NET,NET251205C00125000,call,True,125.0,71.65,74.2,68.5,197.49000549316406,1.7744151904296874,0.036842886271592254,0.0,4.0,4,2025-11-24 20:59:45+00:00,48.00416666666667,72.92500000000001,0.021917808219178082
2025-11-26 21:00:00+00:00,2025-12-05 00:00:00+00:00,NET,NET251205C00140000,call,True,140.0,56.8,59.25,55.65,197.49000549316406,1.429202072753906,0.036842886271592254,0.0,,2,2025-11-19 17:47:55+00:00,171.20138888888889,58.025,0.021917808219178082
2025-11-26 21:00:00+00:00,2025-12-05 00:00:00+00:00,NET,NET251205C00150000,call,True,150.0,46.7,49.3,40.25,197.49000549316406,1.1840861108398437,0.036842886271592254,0.0,1.0,1,2025-11-21 14:36:02+00:00,126.39944444444444,48.0,0.021917808219178082
2025-11-26 21:00:00+00:00,2025-12-05 00:00:00+00:00,NET,NET251205C00170000,call,True,170.0,27.0,29.65,71.45,197.49000549316406,0.7954122021484374,0.036842886271592254,0.0,1.0,1,2025-10-31 13:49:52+00:00,631.1688888888889,28.325,0.021917808219178082
2025-11-26 21:00:00+00:00,2025-12-05 00:00:00+00:00,NET,NET251205C00175000,call,True,175.0,22.2,24.9,14.24,197.49000549316406,0.7143583251953125,0.036842886271592254,0.0,2.0,2,2025-11-25 14:48:52+00:00,30.185555555555556,23.549999999999997,0.021917808219178082
2025-11-26 21:00:00+00:00,2025-12-05 00:00:00+00:00,NET,NET251205C00177500,call,True,177.5,19.95,22.6,17.6,197.49000549316406,0.6860382958984376,0.036842886271592254,0.0,2.0,0,2025-11-24 15:27:31+00:00,53.54138888888889,21.275,0.021917808219178082
2025-11-26 21:00:00+00:00,2025-12-05 00:00:00+00:00,NET,NET251205C00185000,call,True,185.0,13.65,14.75,12.0,197.49000549316406,0.5457809094238282,0.036842886271592254,0.0,7.0,5,2025-11-25 17:30:01+00:00,27.49972222222222,14.2,0.021917808219178082
2025-11-26 21:00:00+00:00,2025-12-05 00:00:00+00:00,NET,NET251205C00187500,call,True,187.5,11.6,13.25,10.82,197.49000549316406,0.5505416040039064,0.036842886271592254,0.0,6.0,7,2025-11-24 17:48:58+00:00,51.18388888888889,12.425,0.021917808219178082
2025-11-26 21:00:00+00:00,2025-12-05 00:00:00+00:00,NET,NET251205C00190000,call,True,190.0,9.9,11.65,10.63,197.49000549316406,0.5537154003906251,0.036842886271592254,0.0,109.0,99,2025-11-25 20:11:04+00:00,24.815555555555555,10.775,0.021917808219178082
2025-11-26 21:00:00+00:00,2025-12-05 00:00:00+00:00,NET,NET251205C00192500,call,True,192.5,8.15,10.15,8.7,197.49000549316406,0.5466353930664063,0.036842886271592254,0.0,3.0,21,2025-11-26 17:09:46+00:00,3.837222222222222,9.15,0.021917808219178082
2025-11-26 21:00:00+00:00,2025-12-05 00:00:00+00:00,NET,NET251205C00195000,call,True,195.0,6.8,7.4,7.46,197.49000549316406,0.5178270874023438,0.036842886271592254,0.0,10.0,83,2025-11-26 17:08:15+00:00,3.8625,7.1,0.021917808219178082
2025-11-26 21:00:00+00:00,2025-12-05 00:00:00+00:00,NET,NET251205C00197500,call,False,197.5,5.35,5.95,6.7,197.49000549316406,0.5019581054687501,0.036842886271592254,0.0,29.0,61,2025-11-26 20:41:51+00:00,0.3025,5.65,0.021917808219178082
2025-11-26 21:00:00+00:00,2025-12-05 00:00:00+00:00,NET,NET251205C00200000,call,False,200.0,4.3,4.75,4.5,197.49000549316406,0.4936574072265626,0.036842886271592254,0.0,98.0,54,2025-11-26 20:59:10+00:00,0.013888888888888888,4.525,0.021917808219178082
2025-11-26 21:00:00+00:00,2025-12-05 00:00:00+00:00,NET,NET251205C00202500,call,False,202.5,3.25,3.75,3.93,197.49000549316406,0.4887746435546876,0.036842886271592254,0.0,13.0,83,2025-11-26 20:49:24+00:00,0.17666666666666667,3.5,0.021917808219178082
2025-11-26 21:00:00+00:00,2025-12-05 00:00:00+00:00,NET,NET251205C00205000,call,False,205.0,2.37,2.95,3.1,197.49000549316406,0.4880422290039063,0.036842886271592254,0.0,39.0,200,2025-11-26 20:16:34+00:00,0.7238888888888889,2.66,0.021917808219178082
2025-11-26 21:00:00+00:00,2025-12-05 00:00:00+00:00,NET,NET251205C00207500,call,False,207.5,1.71,2.18,2.24,197.49000549316406,0.476567734375,0.036842886271592254,0.0,52.0,95,2025-11-26 20:43:10+00:00,0.28055555555555556,1.945,0.021917808219178082
2025-11-26 21:00:00+00:00,2025-12-05 00:00:00+00:00,NET,NET251205C00210000,call,False,210.0,1.19,1.6,1.7,197.49000549316406,0.46973186523437505,0.036842886271592254,0.0,66.0,67,2025-11-26 20:52:41+00:00,0.12194444444444444,1.395,0.021917808219178082
2025-11-26 21:00:00+00:00,2025-12-05 00:00:00+00:00,NET,NET251205C00212500,call,False,212.5,0.85,1.14,1.35,197.49000549316406,0.4626518579101563,0.036842886271592254,0.0,3.0,85,2025-11-26 16:00:22+00:00,4.993888888888889,0.9949999999999999,0.021917808219178082
2025-11-26 21:00:00+00:00,2025-12-05 00:00:00+00:00,NET,NET251205C00215000,call,False,215.0,0.54,1.23,0.8,197.49000549316406,0.5214891601562499,0.036842886271592254,0.0,16.0,22,2025-11-26 20:56:37+00:00,0.05638888888888889,0.885,0.021917808219178082
2025-11-26 21:00:00+00:00,2025-12-05 00:00:00+00:00,NET,NET251205C00217500,call,False,217.5,0.18,0.81,0.64,197.49000549316406,0.5014698291015626,0.036842886271592254,0.0,2.0,94,2025-11-26 18:40:55+00:00,2.3180555555555555,0.495,0.021917808219178082
2025-11-26 21:00:00+00:00,2025-12-05 00:00:00+00:00,NET,NET251205C00220000,call,False,220.0,0.11,0.33,0.32,197.49000549316406,0.43848217773437503,0.036842886271592254,0.0,17.0,141,2025-11-26 20:57:20+00:00,0.044444444444444446,0.22,0.021917808219178082
2025-11-26 21:00:00+00:00,2025-12-05 00:00:00+00:00,NET,NET251205C00222500,call,False,222.5,0.0,0.4,0.2,197.49000549316406,0.49268085449218757,0.036842886271592254,0.0,3.0,22,2025-11-26 17:04:29+00:00,3.9252777777777776,0.2,0.021917808219178082
2025-11-26 21:00:00+00:00,2025-12-05 00:00:00+00:00,NET,NET251205C00225000,call,False,225.0,0.0,0.33,0.15,197.49000549316406,0.506840869140625,0.036842886271592254,0.0,4.0,31,2025-11-26 20:56:37+00:00,0.05638888888888889,0.165,0.021917808219178082
2025-11-26 21:00:00+00:00,2025-12-05 00:00:00+00:00,NET,NET251205C00227500,call,False,227.5,0.0,1.16,0.92,197.49000549316406,0.6079140771484376,0.036842886271592254,0.0,,6,2025-11-20 16:50:43+00:00,148.15472222222223,0.58,0.021917808219178082
2025-11-26 21:00:00+00:00,2025-12-05 00:00:00+00:00,NET,NET251205C00230000,call,False,230.0,0.0,0.86,0.28,197.49000549316406,0.6030313134765627,0.036842886271592254,0.0,5.0,167,2025-11-25 20:29:01+00:00,24.51638888888889,0.43,0.021917808219178082
2025-11-26 21:00:00+00:00,2025-12-05 00:00:00+00:00,NET,NET251205C00235000,call,False,235.0,0.0,0.82,0.28,197.49000549316406,0.6616244775390626,0.036842886271592254,0.0,6.0,11,2025-11-20 20:54:29+00:00,144.09194444444444,0.41,0.021917808219178082
2025-11-26 21:00:00+00:00,2025-12-05 00:00:00+00:00,NET,NET251205C00237500,call,False,237.5,0.0,0.77,0.53,197.49000549316406,0.684573466796875,0.036842886271592254,0.0,,2,2025-11-19 20:39:34+00:00,168.34055555555557,0.385,0.021917808219178082
2025-11-26 21:00:00+00:00,2025-12-05 00:00:00+00:00,NET,NET251205C00240000,call,False,240.0,0.0,0.56,0.69,197.49000549316406,0.6748079394531252,0.036842886271592254,0.0,2.0,59,2025-11-21 18:31:56+00:00,122.46777777777778,0.28,0.021917808219178082
2025-11-26 21:00:00+00:00,2025-12-05 00:00:00+00:00,NET,NET251205C00245000,call,False,245.0,0.0,0.5,0.33,197.49000549316406,0.717776259765625,0.036842886271592254,0.0,10.0,31,2025-11-25 19:19:03+00:00,25.6825,0.25,0.021917808219178082
2025-11-26 21:00:00+00:00,2025-12-05 00:00:00+00:00,NET,NET251205C00250000,call,False,250.0,0.0,0.01,0.01,197.49000549316406,0.500005,0.036842886271592254,0.0,1.0,65,2025-11-26 16:00:43+00:00,4.9880555555555555,0.005,0.021917808219178082
2025-11-26 21:00:00+00:00,2025-12-05 00:00:00+00:00,NET,NET251205C00255000,call,False,255.0,0.0,0.37,0.01,197.49000549316406,0.78711150390625,0.036842886271592254,0.0,1.0,68,2025-11-24 15:25:54+00:00,53.568333333333335,0.185,0.021917808219178082
2025-11-26 21:00:00+00:00,2025-12-05 00:00:00+00:00,NET,NET251205C00260000,call,False,260.0,0.0,0.44,0.07,197.49000549316406,0.858399853515625,0.036842886271592254,0.0,10.0,27,2025-11-20 20:33:28+00:00,144.44222222222223,0.22,0.021917808219178082
2025-11-26 21:00:00+00:00,2025-12-05 00:00:00+00:00,NET,NET251205C00265000,call,False,265.0,0.0,0.01,1.2,197.49000549316406,0.5937540625000001,0.036842886271592254,0.0,2.0,34,2025-11-21 15:55:41+00:00,125.07194444444444,0.005,0.021917808219178082
2025-11-26 21:00:00+00:00,2025-12-05 00:00:00+00:00,NET,NET251205C00270000,call,False,270.0,0.0,0.35,0.38,197.49000549316406,0.9238288867187501,0.036842886271592254,0.0,2.0,56,2025-11-25 15:55:03+00:00,29.0825,0.175,0.021917808219178082
2025-11-26 21:00:00+00:00,2025-12-05 00:00:00+00:00,NET,NET251205C00275000,call,False,275.0,0.0,0.43,0.43,197.49000549316406,0.9960937890625,0.036842886271592254,0.0,5.0,5,2025-11-14 15:35:20+00:00,293.4111111111111,0.215,0.021917808219178082
2025-11-26 21:00:00+00:00,2025-12-05 00:00:00+00:00,NET,NET251205C00280000,call,False,280.0,0.0,1.04,0.09,197.49000549316406,1.1953165234375,0.036842886271592254,0.0,6.0,46,2025-11-21 19:03:11+00:00,121.94694444444444,0.52,0.021917808219178082
2025-11-26 21:00:00+00:00,2025-12-05 00:00:00+00:00,NET,NET251205C00285000,call,False,285.0,0.0,0.45,2.51,197.49000549316406,1.091801416015625,0.036842886271592254,0.0,1.0,1,2025-10-31 13:31:55+00:00,631.4680555555556,0.225,0.021917808219178082
2025-11-26 21:00:00+00:00,2025-12-05 00:00:00+00:00,NET,NET251205C00290000,call,False,290.0,0.0,0.43,0.29,197.49000549316406,1.126957490234375,0.036842886271592254,0.0,2.0,2,2025-11-19 16:28:49+00:00,172.5197222222222,0.215,0.021917808219178082
2025-11-26 21:00:00+00:00,2025-12-05 00:00:00+00:00,NET,NET251205C00295000,call,False,295.0,0.0,0.2,0.06,197.49000549316406,1.05859845703125,0.036842886271592254,0.0,20.0,94,2025-11-13 18:09:52+00:00,314.8355555555556,0.1,0.021917808219178082
2025-11-26 21:00:00+00:00,2025-12-05 00:00:00+00:00,NET,NET251205C00300000,call,False,300.0,0.0,0.44,2.28,197.49000549316406,1.2128945605468748,0.036842886271592254,0.0,1.0,1,2025-10-31 18:48:47+00:00,626.1869444444444,0.22,0.021917808219178082
2025-11-26 21:00:00+00:00,2025-12-05 00:00:00+00:00,NET,NET251205P00115000,put,False,115.0,0.0,0.03,0.05,197.49000549316406,1.1875040625,0.036842886271592254,0.0,11.0,14,2025-11-18 17:53:02+00:00,195.1161111111111,0.015,0.021917808219178082
2025-11-26 21:00:00+00:00,2025-12-05 00:00:00+00:00,NET,NET251205P00120000,put,False,120.0,0.0,0.9,0.27,197.49000549316406,1.6679704101562502,0.036842886271592254,0.0,,1,2025-11-13 19:25:57+00:00,313.5675,0.45,0.021917808219178082
2025-11-26 21:00:00+00:00,2025-12-05 00:00:00+00:00,NET,NET251205P00125000,put,False,125.0,0.0,0.95,0.01,197.49000549316406,1.5615256298828122,0.036842886271592254,0.0,1.0,1,2025-11-26 20:40:43+00:00,0.3213888888888889,0.475,0.021917808219178082
2025-11-26 21:00:00+00:00,2025-12-05 00:00:00+00:00,NET,NET251205P00135000,put,False,135.0,0.0,1.15,0.38,197.49000549316406,1.3789093554687497,0.036842886271592254,0.0,,10,2025-11-18 14:37:28+00:00,198.37555555555556,0.575,0.021917808219178082
2025-11-26 21:00:00+00:00,2025-12-05 00:00:00+00:00,NET,NET251205P00140000,put,False,140.0,0.0,0.5,0.24,197.49000549316406,1.09375453125,0.036842886271592254,0.0,1.0,46,2025-11-21 20:57:47+00:00,120.03694444444444,0.25,0.021917808219178082
2025-11-26 21:00:00+00:00,2025-12-05 00:00:00+00:00,NET,NET251205P00145000,put,False,145.0,0.0,1.79,0.58,197.49000549316406,1.2666052294921872,0.036842886271592254,0.0,3.0,5,2025-11-21 15:56:21+00:00,125.06083333333333,0.895,0.021917808219178082
2025-11-26 21:00:00+00:00,2025-12-05 00:00:00+00:00,NET,NET251205P00150000,put,False,150.0,0.0,0.48,0.12,197.49000549316406,0.8945323046874999,0.036842886271592254,0.0,11.0,10,2025-11-26 18:04:21+00:00,2.9275,0.24,0.021917808219178082
2025-11-26 21:00:00+00:00,2025-12-05 00:00:00+00:00,NET,NET251205P00155000,put,False,155.0,0.0,1.15,0.65,197.49000549316406,0.9433599414062499,0.036842886271592254,0.0,3.0,3,2025-11-14 15:49:43+00:00,293.1713888888889,0.575,0.021917808219178082
2025-11-26 21:00:00+00:00,2025-12-05 00:00:00+00:00,NET,NET251205P00160000,put,False,160.0,0.0,0.45,0.12,197.49000549316406,0.70312796875,0.036842886271592254,0.0,10.0,26,2025-11-26 18:42:03+00:00,2.299166666666667,0.225,0.021917808219178082
2025-11-26 21:00:00+00:00,2025-12-05 00:00:00+00:00,NET,NET251205P00162500,put,False,162.5,0.0,1.06,1.19,197.49000549316406,0.7758811474609376,0.036842886271592254,0.0,,3,2025-11-24 17:34:39+00:00,51.4225,0.53,0.021917808219178082
2025-11-26 21:00:00+00:00,2025-12-05 00:00:00+00:00,NET,NET251205P00165000,put,False,165.0,0.0,0.75,0.38,197.49000549316406,0.6757844921875001,0.036842886271592254,0.0,3.0,33,2025-11-26 20:29:34+00:00,0.5072222222222222,0.375,0.021917808219178082
2025-11-26 21:00:00+00:00,2025-12-05 00:00:00+00:00,NET,NET251205P00167500,put,False,167.5,0.01,0.67,0.93,197.49000549316406,0.6162147753906251,0.036842886271592254,0.0,9.0,9,2025-11-25 16:46:29+00:00,28.225277777777777,0.34,0.021917808219178082
2025-11-26 21:00:00+00:00,2025-12-05 00:00:00+00:00,NET,NET251205P00170000,put,False,170.0,0.07,0.56,0.38,197.49000549316406,0.5610395458984375,0.036842886271592254,0.0,13.0,310,2025-11-26 20:28:57+00:00,0.5175,0.31500000000000006,0.021917808219178082
2025-11-26 21:00:00+00:00,2025-12-05 00:00:00+00:00,NET,NET251205P00172500,put,False,172.5,0.26,0.82,0.57,197.49000549316406,0.5795940478515625,0.036842886271592254,0.0,1.0,2,2025-11-26 14:54:07+00:00,6.098055555555556,0.54,0.021917808219178082
2025-11-26 21:00:00+00:00,2025-12-05 00:00:00+00:00,NET,NET251205P00175000,put,False,175.0,0.32,0.63,0.49,197.49000549316406,0.5141650146484374,0.036842886271592254,0.0,7.0,18,2025-11-26 20:58:07+00:00,0.03138888888888889,0.475,0.021917808219178082
2025-11-26 21:00:00+00:00,2025-12-05 00:00:00+00:00,NET,NET251205P00177500,put,False,177.5,0.42,0.96,0.74,197.49000549316406,0.5119677709960937,0.036842886271592254,0.0,11.0,11,2025-11-26 17:47:48+00:00,3.203333333333333,0.69,0.021917808219178082
2025-11-26 21:00:00+00:00,2025-12-05 00:00:00+00:00,NET,NET251205P00180000,put,False,180.0,0.61,0.98,0.89,197.49000549316406,0.5097705273437501,0.036842886271592254,0.0,30.0,59,2025-11-26 18:24:05+00:00,2.598611111111111,0.7949999999999999,0.021917808219178082
2025-11-26 21:00:00+00:00,2025-12-05 00:00:00+00:00,NET,NET251205P00182500,put,False,182.5,0.78,1.33,1.2,197.49000549316406,0.5034229345703125,0.036842886271592254,0.0,13.0,18,2025-11-26 19:49:00+00:00,1.1833333333333333,1.0550000000000002,0.021917808219178082
2025-11-26 21:00:00+00:00,2025-12-05 00:00:00+00:00,NET,NET251205P00185000,put,False,185.0,1.47,1.91,1.6,197.49000549316406,0.5124560473632812,0.036842886271592254,0.0,31.0,87,2025-11-26 20:59:45+00:00,0.004166666666666667,1.69,0.021917808219178082
2025-11-26 21:00:00+00:00,2025-12-05 00:00:00+00:00,NET,NET251205P00187500,put,False,187.5,2.02,2.44,2.09,197.49000549316406,0.5013477600097658,0.036842886271592254,0.0,2.0,15,2025-11-26 19:54:38+00:00,1.0894444444444444,2.23,0.021917808219178082
2025-11-26 21:00:00+00:00,2025-12-05 00:00:00+00:00,NET,NET251205P00190000,put,False,190.0,2.69,3.0,2.45,197.49000549316406,0.4821829125976563,0.036842886271592254,0.0,22.0,82,2025-11-26 20:41:23+00:00,0.31027777777777776,2.8449999999999998,0.021917808219178082
2025-11-26 21:00:00+00:00,2025-12-05 00:00:00+00:00,NET,NET251205P00192500,put,False,192.5,3.5,4.0,3.44,197.49000549316406,0.49023947265625006,0.036842886271592254,0.0,15.0,27,2025-11-26 19:54:38+00:00,1.0894444444444444,3.75,0.021917808219178082
2025-11-26 21:00:00+00:00,2025-12-05 00:00:00+00:00,NET,NET251205P00195000,put,False,195.0,4.5,4.9,4.34,197.49000549316406,0.4758353198242187,0.036842886271592254,0.0,24.0,104,2025-11-26 20:57:01+00:00,0.04972222222222222,4.7,0.021917808219178082
2025-11-26 21:00:00+00:00,2025-12-05 00:00:00+00:00,NET,NET251205P00197500,put,True,197.5,5.65,6.1,5.61,197.49000549316406,0.47290566162109376,0.036842886271592254,0.0,40.0,9,2025-11-26 20:58:06+00:00,0.03166666666666667,5.875,0.021917808219178082
2025-11-26 21:00:00+00:00,2025-12-05 00:00:00+00:00,NET,NET251205P00200000,put,True,200.0,7.0,7.85,6.3,197.49000549316406,0.5012256909179689,0.036842886271592254,0.0,30.0,88,2025-11-26 20:47:31+00:00,0.20805555555555555,7.425,0.021917808219178082
2025-11-26 21:00:00+00:00,2025-12-05 00:00:00+00:00,NET,NET251205P00202500,put,True,202.5,8.25,9.2,8.4,197.49000549316406,0.4836477416992188,0.036842886271592254,0.0,32.0,36,2025-11-26 17:05:39+00:00,3.9058333333333333,8.725,0.021917808219178082
2025-11-26 21:00:00+00:00,2025-12-05 00:00:00+00:00,NET,NET251205P00205000,put,True,205.0,9.0,10.75,8.87,197.49000549316406,0.4687553125,0.036842886271592254,0.0,7.0,66,2025-11-26 19:34:52+00:00,1.4188888888888889,9.875,0.021917808219178082
2025-11-26 21:00:00+00:00,2025-12-05 00:00:00+00:00,NET,NET251205P00207500,put,True,207.5,10.35,13.15,14.07,197.49000549316406,0.5218553674316406,0.036842886271592254,0.0,2.0,2,2025-11-25 19:57:32+00:00,25.04111111111111,11.75,0.021917808219178082
2025-11-26 21:00:00+00:00,2025-12-05 00:00:00+00:00,NET,NET251205P00210000,put,True,210.0,12.2,14.55,15.11,197.49000549316406,0.46289599609375004,0.036842886271592254,0.0,1.0,29,2025-11-25 20:34:40+00:00,24.42222222222222,13.375,0.021917808219178082
2025-11-26 21:00:00+00:00,2025-12-05 00:00:00+00:00,NET,NET251205P00212500,put,True,212.5,14.15,17.15,20.1,197.49000549316406,0.5258836474609375,0.036842886271592254,0.0,1.0,7,2025-11-24 20:59:20+00:00,48.01111111111111,15.649999999999999,0.021917808219178082
2025-11-26 21:00:00+00:00,2025-12-05 00:00:00+00:00,NET,NET251205P00215000,put,True,215.0,16.35,19.05,16.95,197.49000549316406,0.4946339599609375,0.036842886271592254,0.0,5.0,27,2025-11-26 20:42:41+00:00,0.2886111111111111,17.700000000000003,0.021917808219178082
2025-11-26 21:00:00+00:00,2025-12-05 00:00:00+00:00,NET,NET251205P00217500,put,True,217.5,18.65,21.2,21.1,197.49000549316406,0.4802298071289062,0.036842886271592254,0.0,1.0,3,2025-11-26 15:28:45+00:00,5.520833333333333,19.924999999999997,0.021917808219178082
2025-11-26 21:00:00+00:00,2025-12-05 00:00:00+00:00,NET,NET251205P00220000,put,True,220.0,20.95,24.1,22.2,197.49000549316406,0.5888712988281251,0.036842886271592254,0.0,1.0,87,2025-11-26 14:38:45+00:00,6.354166666666667,22.525,0.021917808219178082
2025-11-26 21:00:00+00:00,2025-12-05 00:00:00+00:00,NET,NET251205P00225000,put,True,225.0,25.9,28.45,35.8,197.49000549316406,0.5380905566406251,0.036842886271592254,0.0,3.0,24,2025-11-25 15:31:34+00:00,29.47388888888889,27.174999999999997,0.021917808219178082
2025-11-26 21:00:00+00:00,2025-12-05 00:00:00+00:00,NET,NET251205P00227500,put,True,227.5,28.4,30.95,30.2,197.49000549316406,0.5727581787109376,0.036842886271592254,0.0,1.0,1,2025-11-26 14:49:55+00:00,6.168055555555555,29.674999999999997,0.021917808219178082
2025-11-26 21:00:00+00:00,2025-12-05 00:00:00+00:00,NET,NET251205P00230000,put,True,230.0,30.9,33.45,33.1,197.49000549316406,0.6059609716796877,0.036842886271592254,0.0,3.0,0,2025-11-25 20:43:19+00:00,24.278055555555557,32.175,0.021917808219178082
2025-11-26 21:00:00+00:00,2025-12-05 00:00:00+00:00,NET,NET251205P00235000,put,True,235.0,35.9,38.3,50.55,197.49000549316406,0.6201209863281252,0.036842886271592254,0.0,1.0,0,2025-11-21 15:58:01+00:00,125.03305555555555,37.099999999999994,0.021917808219178082
2025-11-26 21:00:00+00:00,2025-12-05 00:00:00+00:00,NET,NET251205P00240000,put,True,240.0,40.9,43.45,43.68,197.49000549316406,0.7334011035156249,0.036842886271592254,0.0,2.0,0,2025-11-18 17:10:16+00:00,195.82888888888888,42.175,0.021917808219178082
2025-11-26 21:00:00+00:00,2025-12-05 00:00:00+00:00,NET,NET251205P00245000,put,True,245.0,45.9,48.45,50.94,197.49000549316406,0.7929708203125,0.036842886271592254,0.0,2.0,0,2025-11-18 15:20:07+00:00,197.66472222222222,47.175,0.021917808219178082
2025-11-26 21:00:00+00:00,2025-12-05 00:00:00+00:00,NET,NET251205P00250000,put,True,250.0,50.9,53.45,53.34,197.49000549316406,0.8510757080078125,0.036842886271592254,0.0,1.0,0,2025-11-19 16:42:44+00:00,172.2877777777778,52.175,0.021917808219178082
2025-11-26 21:00:00+00:00,2025-12-12 00:00:00+00:00,NET,NET251212C00170000,call,True,170.0,27.75,29.75,26.3,197.49000549316406,0.649417568359375,0.036842886271592254,0.0,1.0,2,2025-11-18 14:30:27+00:00,198.4925,28.75,0.0410958904109589
2025-11-26 21:00:00+00:00,2025-12-12 00:00:00+00:00,NET,NET251212C00177500,call,True,177.5,21.2,23.8,22.5,197.49000549316406,0.6296423754882813,0.036842886271592254,0.0,30.0,30,2025-11-25 20:49:36+00:00,24.173333333333332,22.5,0.0410958904109589
2025-11-26 21:00:00+00:00,2025-12-12 00:00:00+00:00,NET,NET251212C00180000,call,True,180.0,19.1,21.65,23.4,197.49000549316406,0.6090126989746094,0.036842886271592254,0.0,,4,2025-11-18 16:49:44+00:00,196.17111111111112,20.375,0.0410958904109589
2025-11-26 21:00:00+00:00,2025-12-12 00:00:00+00:00,NET,NET251212C00185000,call,True,185.0,14.8,17.8,17.72,197.49000549316406,0.5692181750488281,0.036842886271592254,0.0,,5,2025-11-18 15:09:32+00:00,197.8411111111111,16.3,0.0410958904109589
2025-11-26 21:00:00+00:00,2025-12-12 00:00:00+00:00,NET,NET251212C00187500,call,True,187.5,13.4,16.05,11.95,197.49000549316406,0.5742230078125,0.036842886271592254,0.0,,4,2025-11-24 20:05:30+00:00,48.90833333333333,14.725000000000001,0.0410958904109589
2025-11-26 21:00:00+00:00,2025-12-12 00:00:00+00:00,NET,NET251212C00190000,call,True,190.0,12.0,14.3,13.01,197.49000549316406,0.5719036950683594,0.036842886271592254,0.0,4.0,10,2025-11-26 20:59:50+00:00,0.002777777777777778,13.15,0.0410958904109589
2025-11-26 21:00:00+00:00,2025-12-12 00:00:00+00:00,NET,NET251212C00192500,call,True,192.5,10.4,12.3,11.58,197.49000549316406,0.549076774902344,0.036842886271592254,0.0,1.0,8,2025-11-26 20:56:39+00:00,0.05583333333333333,11.350000000000001,0.0410958904109589
2025-11-26 21:00:00+00:00,2025-12-12 00:00:00+00:00,NET,NET251212C00195000,call,True,195.0,8.65,10.1,9.82,197.49000549316406,0.5097705273437501,0.036842886271592254,0.0,1.0,34,2025-11-26 20:57:06+00:00,0.04833333333333333,9.375,0.0410958904109589
2025-11-26 21:00:00+00:00,2025-12-12 00:00:00+00:00,NET,NET251212C00197500,call,False,197.5,7.8,8.4,8.62,197.49000549316406,0.5072070764160157,0.036842886271592254,0.0,3.0,16,2025-11-26 17:41:26+00:00,3.3094444444444444,8.1,0.0410958904109589
2025-11-26 21:00:00+00:00,2025-12-12 00:00:00+00:00,NET,NET251212C00200000,call,False,200.0,6.65,7.3,7.53,197.49000549316406,0.5064746618652343,0.036842886271592254,0.0,3.0,77,2025-11-26 20:56:39+00:00,0.05583333333333333,6.975,0.0410958904109589
2025-11-26 21:00:00+00:00,2025-12-12 00:00:00+00:00,NET,NET251212C00202500,call,False,202.5,5.1,5.9,6.65,197.49000549316406,0.5018360363769532,0.036842886271592254,0.0,7.0,3,2025-11-26 18:28:08+00:00,2.531111111111111,5.5,0.0410958904109589
2025-11-26 21:00:00+00:00,2025-12-12 00:00:00+00:00,NET,NET251212C00205000,call,False,205.0,4.55,5.3,5.37,197.49000549316406,0.5201464001464844,0.036842886271592254,0.0,12.0,38,2025-11-26 18:25:37+00:00,2.5730555555555554,4.925,0.0410958904109589
2025-11-26 21:00:00+00:00,2025-12-12 00:00:00+00:00,NET,NET251212C00207500,call,False,207.5,3.75,4.45,4.6,197.49000549316406,0.5162401892089843,0.036842886271592254,0.0,3.0,3,2025-11-26 18:35:18+00:00,2.4116666666666666,4.1,0.0410958904109589
2025-11-26 21:00:00+00:00,2025-12-12 00:00:00+00:00,NET,NET251212C00210000,call,False,210.0,3.05,3.7,3.75,197.49000549316406,0.5123339782714844,0.036842886271592254,0.0,21.0,50,2025-11-26 20:17:25+00:00,0.7097222222222223,3.375,0.0410958904109589
2025-11-26 21:00:00+00:00,2025-12-12 00:00:00+00:00,NET,NET251212C00215000,call,False,215.0,1.91,2.42,2.37,197.49000549316406,0.49927258544921876,0.036842886271592254,0.0,5.0,20,2025-11-26 16:14:34+00:00,4.7572222222222225,2.165,0.0410958904109589
2025-11-26 21:00:00+00:00,2025-12-12 00:00:00+00:00,NET,NET251212C00220000,call,False,220.0,0.87,2.28,1.33,197.49000549316406,0.5612836840820312,0.036842886271592254,0.0,3.0,60,2025-11-26 16:51:08+00:00,4.147777777777778,1.575,0.0410958904109589
2025-11-26 21:00:00+00:00,2025-12-12 00:00:00+00:00,NET,NET251212C00225000,call,False,225.0,0.73,1.12,0.91,197.49000549316406,0.5065967309570312,0.036842886271592254,0.0,2.0,17,2025-11-26 14:32:23+00:00,6.460277777777778,0.925,0.0410958904109589
2025-11-26 21:00:00+00:00,2025-12-12 00:00:00+00:00,NET,NET251212C00230000,call,False,230.0,0.25,0.84,0.7,197.49000549316406,0.5251512329101562,0.036842886271592254,0.0,3.0,63,2025-11-26 15:34:41+00:00,5.421944444444445,0.5449999999999999,0.0410958904109589
2025-11-26 21:00:00+00:00,2025-12-12 00:00:00+00:00,NET,NET251212C00235000,call,False,235.0,0.0,1.95,0.01,197.49000549316406,0.5991251025390626,0.036842886271592254,0.0,4.0,27,2025-11-24 15:46:57+00:00,53.2175,0.975,0.0410958904109589
2025-11-26 21:00:00+00:00,2025-12-12 00:00:00+00:00,NET,NET251212C00240000,call,False,240.0,0.0,0.95,0.09,197.49000549316406,0.5581098876953126,0.036842886271592254,0.0,3.0,64,2025-11-25 15:53:03+00:00,29.115833333333335,0.475,0.0410958904109589
2025-11-26 21:00:00+00:00,2025-12-12 00:00:00+00:00,NET,NET251212C00245000,call,False,245.0,0.0,2.2,0.5,197.49000549316406,0.7211941943359376,0.036842886271592254,0.0,5.0,8,2025-11-24 14:54:07+00:00,54.098055555555554,1.1,0.0410958904109589
2025-11-26 21:00:00+00:00,2025-12-12 00:00:00+00:00,NET,NET251212C00250000,call,False,250.0,0.0,0.57,1.12,197.49000549316406,0.5918009570312501,0.036842886271592254,0.0,1.0,74,2025-11-25 14:32:21+00:00,30.460833333333333,0.285,0.0410958904109589
2025-11-26 21:00:00+00:00,2025-12-12 00:00:00+00:00,NET,NET251212C00255000,call,False,255.0,0.0,0.95,0.43,197.49000549316406,0.6894562304687502,0.036842886271592254,0.0,1.0,48,2025-11-20 15:25:12+00:00,149.58,0.475,0.0410958904109589
2025-11-26 21:00:00+00:00,2025-12-12 00:00:00+00:00,NET,NET251212C00260000,call,False,260.0,0.0,0.66,0.46,197.49000549316406,0.6860382958984376,0.036842886271592254,0.0,6.0,61,2025-11-24 19:31:16+00:00,49.47888888888889,0.33,0.0410958904109589
2025-11-26 21:00:00+00:00,2025-12-12 00:00:00+00:00,NET,NET251212C00265000,call,False,265.0,0.0,0.75,0.5,197.49000549316406,0.7397486962890624,0.036842886271592254,0.0,2.0,5,2025-11-25 16:02:24+00:00,28.96,0.375,0.0410958904109589
2025-11-26 21:00:00+00:00,2025-12-12 00:00:00+00:00,NET,NET251212C00270000,call,False,270.0,0.0,1.25,0.84,197.49000549316406,0.84961087890625,0.036842886271592254,0.0,1.0,10,2025-11-24 15:15:36+00:00,53.74,0.625,0.0410958904109589
2025-11-26 21:00:00+00:00,2025-12-12 00:00:00+00:00,NET,NET251212C00275000,call,False,275.0,0.0,1.6,1.36,197.49000549316406,0.9301764794921875,0.036842886271592254,0.0,,1,2025-11-12 18:53:47+00:00,338.1036111111111,0.8,0.0410958904109589
2025-11-26 21:00:00+00:00,2025-12-12 00:00:00+00:00,NET,NET251212C00280000,call,False,280.0,0.0,0.5,0.65,197.49000549316406,0.797853583984375,0.036842886271592254,0.0,1.0,3,2025-11-13 18:42:58+00:00,314.2838888888889,0.25,0.0410958904109589
2025-11-26 21:00:00+00:00,2025-12-12 00:00:00+00:00,NET,NET251212C00290000,call,False,290.0,0.0,2.0,6.4,197.49000549316406,1.0888717431640624,0.036842886271592254,0.0,2.0,3,2025-11-03 14:42:35+00:00,558.2902777777778,1.0,0.0410958904109589
2025-11-26 21:00:00+00:00,2025-12-12 00:00:00+00:00,NET,NET251212C00295000,call,False,295.0,0.0,0.4,0.03,197.49000549316406,0.868165380859375,0.036842886271592254,0.0,1.0,25,2025-11-20 15:21:10+00:00,149.6472222222222,0.2,0.0410958904109589
2025-11-26 21:00:00+00:00,2025-12-12 00:00:00+00:00,NET,NET251212C00340000,call,False,340.0,0.0,1.15,0.29,197.49000549316406,1.2963902368164062,0.036842886271592254,0.0,,1,2025-11-06 14:34:19+00:00,486.42805555555555,0.575,0.0410958904109589
2025-11-26 21:00:00+00:00,2025-12-12 00:00:00+00:00,NET,NET251212C00345000,call,False,345.0,0.0,0.95,0.28,197.49000549316406,1.2861363818359375,0.036842886271592254,0.0,,2,2025-11-06 14:34:19+00:00,486.42805555555555,0.475,0.0410958904109589
2025-11-26 21:00:00+00:00,2025-12-12 00:00:00+00:00,NET,NET251212C00350000,call,False,350.0,0.0,1.36,0.28,197.49000549316406,1.3876983740234374,0.036842886271592254,0.0,,1,2025-11-06 14:34:19+00:00,486.42805555555555,0.68,0.0410958904109589
2025-11-26 21:00:00+00:00,2025-12-12 00:00:00+00:00,NET,NET251212P00130000,put,False,130.0,0.0,1.15,1.19,197.49000549316406,1.12109814453125,0.036842886271592254,0.0,3.0,3,2025-11-21 17:21:44+00:00,123.63777777777777,0.575,0.0410958904109589
2025-11-26 21:00:00+00:00,2025-12-12 00:00:00+00:00,NET,NET251212P00135000,put,False,135.0,0.0,1.15,0.01,197.49000549316406,1.0341845166015626,0.036842886271592254,0.0,,3,2025-11-24 15:29:56+00:00,53.50111111111111,0.575,0.0410958904109589
2025-11-26 21:00:00+00:00,2025-12-12 00:00:00+00:00,NET,NET251212P00140000,put,False,140.0,0.0,1.45,1.37,197.49000549316406,0.9936524072265626,0.036842886271592254,0.0,3.0,3,2025-11-21 17:21:44+00:00,123.63777777777777,0.725,0.0410958904109589
2025-11-26 21:00:00+00:00,2025-12-12 00:00:00+00:00,NET,NET251212P00150000,put,False,150.0,0.0,0.75,0.33,197.49000549316406,0.7246121289062499,0.036842886271592254,0.0,3.0,11,2025-11-24 15:29:56+00:00,53.50111111111111,0.375,0.0410958904109589
2025-11-26 21:00:00+00:00,2025-12-12 00:00:00+00:00,NET,NET251212P00155000,put,False,155.0,0.0,2.38,1.85,197.49000549316406,0.8349625878906248,0.036842886271592254,0.0,2.0,3,2025-11-21 15:43:15+00:00,125.27916666666667,1.19,0.0410958904109589
2025-11-26 21:00:00+00:00,2025-12-12 00:00:00+00:00,NET,NET251212P00160000,put,False,160.0,0.0,0.87,1.49,197.49000549316406,0.5952188916015625,0.036842886271592254,0.0,,7,2025-11-19 18:00:45+00:00,170.9875,0.435,0.0410958904109589
2025-11-26 21:00:00+00:00,2025-12-12 00:00:00+00:00,NET,NET251212P00165000,put,False,165.0,0.32,0.99,2.74,197.49000549316406,0.5708050732421875,0.036842886271592254,0.0,2.0,17,2025-11-21 16:56:56+00:00,124.05111111111111,0.655,0.0410958904109589
2025-11-26 21:00:00+00:00,2025-12-12 00:00:00+00:00,NET,NET251212P00167500,put,False,167.5,0.43,1.25,1.42,197.49000549316406,0.5651898950195313,0.036842886271592254,0.0,4.0,5,2025-11-25 18:15:34+00:00,26.740555555555556,0.84,0.0410958904109589
2025-11-26 21:00:00+00:00,2025-12-12 00:00:00+00:00,NET,NET251212P00170000,put,False,170.0,0.59,1.34,1.07,197.49000549316406,0.5446822875976562,0.036842886271592254,0.0,1.0,14,2025-11-26 14:47:11+00:00,6.213611111111111,0.9650000000000001,0.0410958904109589
2025-11-26 21:00:00+00:00,2025-12-12 00:00:00+00:00,NET,NET251212P00175000,put,False,175.0,1.26,1.49,4.45,197.49000549316406,0.514653291015625,0.036842886271592254,0.0,4.0,26,2025-11-25 14:50:16+00:00,30.162222222222223,1.375,0.0410958904109589
2025-11-26 21:00:00+00:00,2025-12-12 00:00:00+00:00,NET,NET251212P00177500,put,False,177.5,1.47,2.06,1.67,197.49000549316406,0.5124560473632812,0.036842886271592254,0.0,1.0,1,2025-11-26 18:15:50+00:00,2.736111111111111,1.7650000000000001,0.0410958904109589
2025-11-26 21:00:00+00:00,2025-12-12 00:00:00+00:00,NET,NET251212P00180000,put,False,180.0,2.05,2.34,2.1,197.49000549316406,0.506840869140625,0.036842886271592254,0.0,4.0,124,2025-11-26 20:57:48+00:00,0.03666666666666667,2.195,0.0410958904109589
2025-11-26 21:00:00+00:00,2025-12-12 00:00:00+00:00,NET,NET251212P00185000,put,False,185.0,2.98,3.4,4.6,197.49000549316406,0.5023243127441408,0.036842886271592254,0.0,3.0,26,2025-11-25 18:24:09+00:00,26.5975,3.19,0.0410958904109589
2025-11-26 21:00:00+00:00,2025-12-12 00:00:00+00:00,NET,NET251212P00187500,put,False,187.5,3.7,4.15,3.6,197.49000549316406,0.4996387927246094,0.036842886271592254,0.0,1.0,1,2025-11-26 18:25:11+00:00,2.580277777777778,3.9250000000000003,0.0410958904109589
2025-11-26 21:00:00+00:00,2025-12-12 00:00:00+00:00,NET,NET251212P00190000,put,False,190.0,4.6,5.0,5.28,197.49000549316406,0.49622085815429695,0.036842886271592254,0.0,106.0,122,2025-11-25 20:57:41+00:00,24.038611111111113,4.8,0.0410958904109589
2025-11-26 21:00:00+00:00,2025-12-12 00:00:00+00:00,NET,NET251212P00195000,put,False,195.0,6.65,7.2,6.9,197.49000549316406,0.4985401708984375,0.036842886271592254,0.0,2.0,20,2025-11-26 17:04:38+00:00,3.9227777777777777,6.925000000000001,0.0410958904109589
2025-11-26 21:00:00+00:00,2025-12-12 00:00:00+00:00,NET,NET251212P00200000,put,True,200.0,9.2,9.8,15.47,197.49000549316406,0.4952443054199219,0.036842886271592254,0.0,1.0,64,2025-11-25 15:45:00+00:00,29.25,9.5,0.0410958904109589
2025-11-26 21:00:00+00:00,2025-12-12 00:00:00+00:00,NET,NET251212P00202500,put,True,202.5,9.35,11.15,10.3,197.49000549316406,0.4857229162597656,0.036842886271592254,0.0,1.0,2,2025-11-26 20:57:06+00:00,0.04833333333333333,10.25,0.0410958904109589
2025-11-26 21:00:00+00:00,2025-12-12 00:00:00+00:00,NET,NET251212P00205000,put,True,205.0,11.0,12.9,14.03,197.49000549316406,0.4939015454101563,0.036842886271592254,0.0,4.0,9,2025-11-25 19:41:46+00:00,25.30388888888889,11.95,0.0410958904109589
2025-11-26 21:00:00+00:00,2025-12-12 00:00:00+00:00,NET,NET251212P00207500,put,True,207.5,13.4,14.25,21.36,197.49000549316406,0.46851117431640626,0.036842886271592254,0.0,1.0,1,2025-11-25 14:43:50+00:00,30.269444444444446,13.825,0.0410958904109589
2025-11-26 21:00:00+00:00,2025-12-12 00:00:00+00:00,NET,NET251212P00210000,put,True,210.0,13.85,16.75,19.59,197.49000549316406,0.5151415673828125,0.036842886271592254,0.0,3.0,9,2025-11-24 17:16:24+00:00,51.72666666666667,15.3,0.0410958904109589
2025-11-26 21:00:00+00:00,2025-12-12 00:00:00+00:00,NET,NET251212P00215000,put,True,215.0,17.6,20.55,20.05,197.49000549316406,0.5091601818847658,0.036842886271592254,0.0,1.0,27,2025-11-26 15:28:45+00:00,5.520833333333333,19.075000000000003,0.0410958904109589
2025-11-26 21:00:00+00:00,2025-12-12 00:00:00+00:00,NET,NET251212P00220000,put,True,220.0,21.85,24.6,24.93,197.49000549316406,0.4958546508789063,0.036842886271592254,0.0,8.0,21,2025-11-25 20:45:03+00:00,24.249166666666667,23.225,0.0410958904109589
2025-11-26 21:00:00+00:00,2025-12-12 00:00:00+00:00,NET,NET251212P00225000,put,True,225.0,26.4,29.05,28.64,197.49000549316406,0.49658706542968756,0.036842886271592254,0.0,1.0,29,2025-11-25 20:33:57+00:00,24.434166666666666,27.725,0.0410958904109589
2025-11-26 21:00:00+00:00,2025-12-12 00:00:00+00:00,NET,NET251212P00230000,put,True,230.0,31.1,33.7,37.62,197.49000549316406,0.5014698291015626,0.036842886271592254,0.0,1.0,26,2025-11-24 16:14:25+00:00,52.75972222222222,32.400000000000006,0.0410958904109589
2025-11-26 21:00:00+00:00,2025-12-12 00:00:00+00:00,NET,NET251212P00235000,put,True,235.0,35.95,38.55,44.21,197.49000549316406,0.5246629565429688,0.036842886271592254,0.0,1.0,17,2025-11-25 16:45:34+00:00,28.240555555555556,37.25,0.0410958904109589
2025-11-26 21:00:00+00:00,2025-12-12 00:00:00+00:00,NET,NET251212P00240000,put,True,240.0,40.9,44.1,14.51,197.49000549316406,0.6689486230468751,0.036842886271592254,0.0,2.0,0,2025-11-11 15:41:08+00:00,365.31444444444446,42.5,0.0410958904109589
2025-11-26 21:00:00+00:00,2025-12-19 00:00:00+00:00,NET,NET251219C00022500,call,True,22.5,186.4,190.3,197.71,197.49000549316406,11.297854501342773,0.036842886271592254,0.0,4.0,22,2025-10-09 17:42:20+00:00,1155.2944444444445,188.35000000000002,0.06027397260273973
2025-11-26 21:00:00+00:00,2025-12-19 00:00:00+00:00,NET,NET251219C00025000,call,True,25.0,171.7,174.1,230.0,197.49000549316406,4.478520026855468,0.036842886271592254,0.0,1.0,7,2025-11-03 15:13:41+00:00,557.7719444444444,172.89999999999998,0.06027397260273973
2025-11-26 21:00:00+00:00,2025-12-19 00:00:00+00:00,NET,NET251219C00030000,call,True,30.0,166.7,169.25,192.6,197.49000549316406,4.126957966308594,0.036842886271592254,0.0,1.0,4,2025-11-06 16:56:50+00:00,484.0527777777778,167.975,0.06027397260273973
2025-11-26 21:00:00+00:00,2025-12-19 00:00:00+00:00,NET,NET251219C00035000,call,True,35.0,177.35,181.4,187.45,197.49000549316406,9.193851910095214,0.036842886271592254,0.0,1.0,27,2025-09-12 14:37:29+00:00,1806.3752777777777,179.375,0.06027397260273973
2025-11-26 21:00:00+00:00,2025-12-19 00:00:00+00:00,NET,NET251219C00040000,call,True,40.0,156.6,159.15,210.0,197.49000549316406,3.425782685546875,0.036842886271592254,0.0,5.0,287,2025-10-31 18:33:42+00:00,626.4383333333334,157.875,0.06027397260273973
2025-11-26 21:00:00+00:00,2025-12-19 00:00:00+00:00,NET,NET251219C00042500,call,True,42.5,65.0,67.5,79.83,197.49000549316406,1.0000000000000003e-05,0.036842886271592254,0.0,1.0,0,2025-03-10 14:04:55+00:00,6270.918055555556,66.25,0.06027397260273973
2025-11-26 21:00:00+00:00,2025-12-19 00:00:00+00:00,NET,NET251219C00045000,call,True,45.0,151.6,154.15,150.2,197.49000549316406,3.1767598706054683,0.036842886271592254,0.0,1.0,33,2025-11-25 19:17:51+00:00,25.7025,152.875,0.06027397260273973
2025-11-26 21:00:00+00:00,2025-12-19 00:00:00+00:00,NET,NET251219C00047500,call,True,47.5,143.05,146.3,123.68,197.49000549316406,1.0000000000000003e-05,0.036842886271592254,0.0,,2,2025-06-13 13:34:36+00:00,3991.423333333333,144.675,0.06027397260273973
2025-11-26 21:00:00+00:00,2025-12-19 00:00:00+00:00,NET,NET251219C00050000,call,True,50.0,146.75,149.15,143.05,197.49000549316406,3.0000025,0.036842886271592254,0.0,3.0,17,2025-11-24 20:59:15+00:00,48.0125,147.95,0.06027397260273973
2025-11-26 21:00:00+00:00,2025-12-19 00:00:00+00:00,NET,NET251219C00055000,call,True,55.0,154.1,157.9,168.4,197.49000549316406,5.883303427124024,0.036842886271592254,0.0,1.0,52,2025-09-23 16:35:03+00:00,1540.4158333333332,156.0,0.06027397260273973
2025-11-26 21:00:00+00:00,2025-12-19 00:00:00+00:00,NET,NET251219C00060000,call,True,60.0,136.5,138.95,178.47,197.49000549316406,2.4990271899414065,0.036842886271592254,0.0,2.0,192,2025-11-04 14:35:11+00:00,534.4136111111111,137.725,0.06027397260273973
2025-11-26 21:00:00+00:00,2025-12-19 00:00:00+00:00,NET,NET251219C00065000,call,True,65.0,131.75,134.2,133.38,197.49000549316406,2.4658241479492187,0.036842886271592254,0.0,5.0,144,2025-11-26 20:56:48+00:00,0.05333333333333334,132.975,0.06027397260273973
2025-11-26 21:00:00+00:00,2025-12-19 00:00:00+00:00,NET,NET251219C00070000,call,True,70.0,126.3,129.3,120.68,197.49000549316406,2.232426293945312,0.036842886271592254,0.0,1.0,161,2025-11-20 20:45:50+00:00,144.23611111111111,127.80000000000001,0.06027397260273973
2025-11-26 21:00:00+00:00,2025-12-19 00:00:00+00:00,NET,NET251219C00075000,call,True,75.0,121.7,124.25,164.15,197.49000549316406,2.1699264501953124,0.036842886271592254,0.0,5.0,185,2025-11-04 16:16:04+00:00,532.7322222222223,122.975,0.06027397260273973
2025-11-26 21:00:00+00:00,2025-12-19 00:00:00+00:00,NET,NET251219C00077500,call,True,77.5,131.15,134.8,133.3,197.49000549316406,4.35254362182617,0.036842886271592254,0.0,7.0,8,2025-09-17 18:13:19+00:00,1682.7780555555555,132.97500000000002,0.06027397260273973
2025-11-26 21:00:00+00:00,2025-12-19 00:00:00+00:00,NET,NET251219C00080000,call,True,80.0,116.4,119.25,118.25,197.49000549316406,1.9765626171875001,0.036842886271592254,0.0,8.0,170,2025-11-18 14:39:06+00:00,198.34833333333333,117.825,0.06027397260273973
2025-11-26 21:00:00+00:00,2025-12-19 00:00:00+00:00,NET,NET251219C00082500,call,True,82.5,99.3,102.0,55.35,197.49000549316406,1.0000000000000003e-05,0.036842886271592254,0.0,2.0,1,2025-05-09 14:54:48+00:00,4830.086666666667,100.65,0.06027397260273973
2025-11-26 21:00:00+00:00,2025-12-19 00:00:00+00:00,NET,NET251219C00085000,call,True,85.0,125.75,129.15,137.05,197.49000549316406,4.232426584472656,0.036842886271592254,0.0,1.0,73,2025-09-16 16:09:02+00:00,1708.8494444444445,127.45,0.06027397260273973
2025-11-26 21:00:00+00:00,2025-12-19 00:00:00+00:00,NET,NET251219C00087500,call,True,87.5,94.95,98.8,73.65,197.49000549316406,1.0000000000000003e-05,0.036842886271592254,0.0,1.0,17,2025-05-19 14:06:28+00:00,4590.892222222222,96.875,0.06027397260273973
2025-11-26 21:00:00+00:00,2025-12-19 00:00:00+00:00,NET,NET251219C00090000,call,True,90.0,123.45,126.7,135.2,197.49000549316406,4.2985886111450196,0.036842886271592254,0.0,1.0,183,2025-09-10 13:51:34+00:00,1855.1405555555555,125.075,0.06027397260273973
2025-11-26 21:00:00+00:00,2025-12-19 00:00:00+00:00,NET,NET251219C00092500,call,True,92.5,120.65,124.25,127.8,197.49000549316406,4.166630768280029,0.036842886271592254,0.0,1.0,42,2025-09-08 16:30:56+00:00,1900.4844444444445,122.45,0.06027397260273973
2025-11-26 21:00:00+00:00,2025-12-19 00:00:00+00:00,NET,NET251219C00095000,call,True,95.0,101.75,104.4,100.5,197.49000549316406,1.7182631274414062,0.036842886271592254,0.0,1.0,92,2025-11-20 16:38:30+00:00,148.35833333333332,103.075,0.06027397260273973
2025-11-26 21:00:00+00:00,2025-12-19 00:00:00+00:00,NET,NET251219C00097500,call,True,97.5,99.5,101.8,140.27,197.49000549316406,1.6865250048828124,0.036842886271592254,0.0,1.0,21,2025-11-11 19:29:38+00:00,361.5061111111111,100.65,0.06027397260273973
2025-11-26 21:00:00+00:00,2025-12-19 00:00:00+00:00,NET,NET251219C00100000,call,True,100.0,96.4,99.4,92.8,197.49000549316406,1.5576193994140621,0.036842886271592254,0.0,1.0,367,2025-11-24 19:29:23+00:00,49.51027777777778,97.9,0.06027397260273973
2025-11-26 21:00:00+00:00,2025-12-19 00:00:00+00:00,NET,NET251219C00105000,call,True,105.0,104.8,107.6,116.01,197.49000549316406,3.257570215454101,0.036842886271592254,0.0,1.0,180,2025-10-16 13:31:05+00:00,991.4819444444445,106.19999999999999,0.06027397260273973
2025-11-26 21:00:00+00:00,2025-12-19 00:00:00+00:00,NET,NET251219C00110000,call,True,110.0,86.7,89.35,78.03,197.49000549316406,1.3999053442382814,0.036842886271592254,0.0,1.0,71,2025-11-21 16:37:23+00:00,124.37694444444445,88.025,0.06027397260273973
2025-11-26 21:00:00+00:00,2025-12-19 00:00:00+00:00,NET,NET251219C00115000,call,True,115.0,81.55,84.55,81.1,197.49000549316406,1.3139682739257812,0.036842886271592254,0.0,386.0,476,2025-11-19 18:15:03+00:00,170.74916666666667,83.05,0.06027397260273973
2025-11-26 21:00:00+00:00,2025-12-19 00:00:00+00:00,NET,NET251219C00120000,call,True,120.0,76.6,79.4,70.11,197.49000549316406,1.2128945605468748,0.036842886271592254,0.0,1.0,29,2025-11-21 19:39:06+00:00,121.34833333333333,78.0,0.06027397260273973
2025-11-26 21:00:00+00:00,2025-12-19 00:00:00+00:00,NET,NET251219C00125000,call,True,125.0,71.85,74.55,65.41,197.49000549316406,1.1723674194335936,0.036842886271592254,0.0,1.0,101,2025-11-25 16:33:09+00:00,28.4475,73.19999999999999,0.06027397260273973
2025-11-26 21:00:00+00:00,2025-12-19 00:00:00+00:00,NET,NET251219C00130000,call,True,130.0,67.0,69.5,57.45,197.49000549316406,1.0976607617187502,0.036842886271592254,0.0,1.0,160,2025-11-21 16:36:12+00:00,124.39666666666666,68.25,0.06027397260273973
2025-11-26 21:00:00+00:00,2025-12-19 00:00:00+00:00,NET,NET251219C00135000,call,True,135.0,62.1,64.7,58.15,197.49000549316406,1.0422411169433596,0.036842886271592254,0.0,2.0,203,2025-11-24 20:23:05+00:00,48.61527777777778,63.400000000000006,0.06027397260273973
2025-11-26 21:00:00+00:00,2025-12-19 00:00:00+00:00,NET,NET251219C00140000,call,True,140.0,57.1,59.65,59.14,197.49000549316406,0.9565434033203124,0.036842886271592254,0.0,2.0,151,2025-11-26 19:43:15+00:00,1.2791666666666666,58.375,0.06027397260273973
2025-11-26 21:00:00+00:00,2025-12-19 00:00:00+00:00,NET,NET251219C00145000,call,True,145.0,51.9,54.75,53.24,197.49000549316406,0.86914193359375,0.036842886271592254,0.0,2.0,146,2025-11-26 17:05:14+00:00,3.912777777777778,53.325,0.06027397260273973
2025-11-26 21:00:00+00:00,2025-12-19 00:00:00+00:00,NET,NET251219C00150000,call,True,150.0,47.1,50.0,44.14,197.49000549316406,0.8247087841796874,0.036842886271592254,0.0,3.0,129,2025-11-24 20:59:15+00:00,48.0125,48.55,0.06027397260273973
2025-11-26 21:00:00+00:00,2025-12-19 00:00:00+00:00,NET,NET251219C00155000,call,True,155.0,42.6,45.2,39.2,197.49000549316406,0.7907735766601562,0.036842886271592254,0.0,21.0,203,2025-11-24 18:56:09+00:00,50.064166666666665,43.900000000000006,0.06027397260273973
2025-11-26 21:00:00+00:00,2025-12-19 00:00:00+00:00,NET,NET251219C00160000,call,True,160.0,37.7,40.55,54.31,197.49000549316406,0.7360866235351562,0.036842886271592254,0.0,2.0,103,2025-11-14 18:13:45+00:00,290.7708333333333,39.125,0.06027397260273973
2025-11-26 21:00:00+00:00,2025-12-19 00:00:00+00:00,NET,NET251219C00165000,call,True,165.0,33.15,35.85,29.98,197.49000549316406,0.692385888671875,0.036842886271592254,0.0,2.0,276,2025-11-24 15:22:17+00:00,53.62861111111111,34.5,0.06027397260273973
2025-11-26 21:00:00+00:00,2025-12-19 00:00:00+00:00,NET,NET251219C00170000,call,True,170.0,28.6,31.25,27.0,197.49000549316406,0.64648791015625,0.036842886271592254,0.0,3.0,194,2025-11-24 20:59:48+00:00,48.00333333333333,29.925,0.06027397260273973
2025-11-26 21:00:00+00:00,2025-12-19 00:00:00+00:00,NET,NET251219C00175000,call,True,175.0,24.4,27.1,20.85,197.49000549316406,0.6231727136230469,0.036842886271592254,0.0,2.0,105,2025-11-21 14:32:08+00:00,126.46444444444444,25.75,0.06027397260273973
2025-11-26 21:00:00+00:00,2025-12-19 00:00:00+00:00,NET,NET251219C00180000,call,True,180.0,20.35,23.1,21.66,197.49000549316406,0.596683720703125,0.036842886271592254,0.0,4.0,83,2025-11-26 17:20:20+00:00,3.661111111111111,21.725,0.06027397260273973
2025-11-26 21:00:00+00:00,2025-12-19 00:00:00+00:00,NET,NET251219C00182500,call,True,182.5,18.75,21.1,13.95,197.49000549316406,0.5914347497558594,0.036842886271592254,0.0,1.0,1,2025-11-25 14:59:37+00:00,30.00638888888889,19.925,0.06027397260273973
2025-11-26 21:00:00+00:00,2025-12-19 00:00:00+00:00,NET,NET251219C00185000,call,True,185.0,16.95,19.5,16.82,197.49000549316406,0.5876506079101562,0.036842886271592254,0.0,31.0,69,2025-11-25 19:45:13+00:00,25.246388888888887,18.225,0.06027397260273973
2025-11-26 21:00:00+00:00,2025-12-19 00:00:00+00:00,NET,NET251219C00190000,call,True,190.0,13.7,16.2,14.0,197.49000549316406,0.5737347314453125,0.036842886271592254,0.0,3.0,326,2025-11-26 16:57:55+00:00,4.034722222222222,14.95,0.06027397260273973
2025-11-26 21:00:00+00:00,2025-12-19 00:00:00+00:00,NET,NET251219C00192500,call,True,192.5,11.95,14.3,13.26,197.49000549316406,0.5506636730957033,0.036842886271592254,0.0,4.0,6,2025-11-26 20:59:50+00:00,0.002777777777777778,13.125,0.06027397260273973
2025-11-26 21:00:00+00:00,2025-12-19 00:00:00+00:00,NET,NET251219C00195000,call,True,195.0,10.95,11.75,12.1,197.49000549316406,0.526371923828125,0.036842886271592254,0.0,3.0,259,2025-11-26 16:13:14+00:00,4.779444444444445,11.35,0.06027397260273973
2025-11-26 21:00:00+00:00,2025-12-19 00:00:00+00:00,NET,NET251219C00197500,call,False,197.5,9.45,10.55,10.09,197.49000549316406,0.5194139855957032,0.036842886271592254,0.0,6.0,0,2025-11-26 17:33:03+00:00,3.4491666666666667,10.0,0.06027397260273973
2025-11-26 21:00:00+00:00,2025-12-19 00:00:00+00:00,NET,NET251219C00200000,call,False,200.0,8.35,9.15,8.89,197.49000549316406,0.5127001855468749,0.036842886271592254,0.0,21.0,1780,2025-11-26 20:58:21+00:00,0.0275,8.75,0.06027397260273973
2025-11-26 21:00:00+00:00,2025-12-19 00:00:00+00:00,NET,NET251219C00202500,call,False,202.5,7.3,9.1,5.17,197.49000549316406,0.5368698657226563,0.036842886271592254,0.0,3.0,3,2025-11-25 16:31:41+00:00,28.471944444444443,8.2,0.06027397260273973
2025-11-26 21:00:00+00:00,2025-12-19 00:00:00+00:00,NET,NET251219C00205000,call,False,205.0,6.2,6.95,7.0,197.49000549316406,0.5009815527343751,0.036842886271592254,0.0,2.0,1,2025-11-26 19:57:10+00:00,1.0472222222222223,6.575,0.06027397260273973
2025-11-26 21:00:00+00:00,2025-12-19 00:00:00+00:00,NET,NET251219C00207500,call,False,207.5,5.35,6.0,5.7,197.49000549316406,0.5150194982910157,0.036842886271592254,0.0,12.0,2,2025-11-26 17:33:35+00:00,3.4402777777777778,5.675,0.06027397260273973
2025-11-26 21:00:00+00:00,2025-12-19 00:00:00+00:00,NET,NET251219C00210000,call,False,210.0,4.6,5.2,5.42,197.49000549316406,0.5128222546386718,0.036842886271592254,0.0,252.0,695,2025-11-26 20:46:34+00:00,0.2238888888888889,4.9,0.06027397260273973
2025-11-26 21:00:00+00:00,2025-12-19 00:00:00+00:00,NET,NET251219C00215000,call,False,215.0,3.35,3.8,3.6,197.49000549316406,0.50586431640625,0.036842886271592254,0.0,8.0,18,2025-11-26 16:34:51+00:00,4.4191666666666665,3.575,0.06027397260273973
2025-11-26 21:00:00+00:00,2025-12-19 00:00:00+00:00,NET,NET251219C00220000,call,False,220.0,2.23,2.7,2.75,197.49000549316406,0.49878430908203125,0.036842886271592254,0.0,188.0,904,2025-11-26 19:40:52+00:00,1.318888888888889,2.465,0.06027397260273973
2025-11-26 21:00:00+00:00,2025-12-19 00:00:00+00:00,NET,NET251219C00225000,call,False,225.0,1.36,1.98,1.35,197.49000549316406,0.5014698291015626,0.036842886271592254,0.0,1.0,7,2025-11-25 17:09:46+00:00,27.837222222222223,1.67,0.06027397260273973
2025-11-26 21:00:00+00:00,2025-12-19 00:00:00+00:00,NET,NET251219C00230000,call,False,230.0,0.92,1.32,1.3,197.49000549316406,0.4924367163085938,0.036842886271592254,0.0,27.0,1166,2025-11-26 20:17:48+00:00,0.7033333333333334,1.12,0.06027397260273973
2025-11-26 21:00:00+00:00,2025-12-19 00:00:00+00:00,NET,NET251219C00235000,call,False,235.0,0.54,1.32,0.87,197.49000549316406,0.5397995239257813,0.036842886271592254,0.0,,3,2025-11-24 15:15:24+00:00,53.74333333333333,0.93,0.06027397260273973
2025-11-26 21:00:00+00:00,2025-12-19 00:00:00+00:00,NET,NET251219C00240000,call,False,240.0,0.4,0.53,0.59,197.49000549316406,0.47559118164062497,0.036842886271592254,0.0,12.0,1192,2025-11-26 20:01:27+00:00,0.9758333333333333,0.465,0.06027397260273973
2025-11-26 21:00:00+00:00,2025-12-19 00:00:00+00:00,NET,NET251219C00245000,call,False,245.0,0.01,0.85,0.42,197.49000549316406,0.5671430004882813,0.036842886271592254,0.0,,1,2025-11-24 16:07:49+00:00,52.86972222222222,0.43,0.06027397260273973
2025-11-26 21:00:00+00:00,2025-12-19 00:00:00+00:00,NET,NET251219C00250000,call,False,250.0,0.0,0.3,0.26,197.49000549316406,0.4975636181640626,0.036842886271592254,0.0,2.0,1108,2025-11-26 17:03:23+00:00,3.943611111111111,0.15,0.06027397260273973
2025-11-26 21:00:00+00:00,2025-12-19 00:00:00+00:00,NET,NET251219C00260000,call,False,260.0,0.1,0.41,0.17,197.49000549316406,0.5488326367187502,0.036842886271592254,0.0,35.0,602,2025-11-26 18:18:42+00:00,2.6883333333333335,0.255,0.06027397260273973
2025-11-26 21:00:00+00:00,2025-12-19 00:00:00+00:00,NET,NET251219C00270000,call,False,270.0,0.06,0.11,0.1,197.49000549316406,0.52539537109375,0.036842886271592254,0.0,39.0,338,2025-11-26 20:34:27+00:00,0.42583333333333334,0.08499999999999999,0.06027397260273973
2025-11-26 21:00:00+00:00,2025-12-19 00:00:00+00:00,NET,NET251219C00280000,call,False,280.0,0.0,0.4,0.35,197.49000549316406,0.6445348046875,0.036842886271592254,0.0,3.0,857,2025-11-24 17:15:31+00:00,51.74138888888889,0.2,0.06027397260273973
2025-11-26 21:00:00+00:00,2025-12-19 00:00:00+00:00,NET,NET251219C00290000,call,False,290.0,0.0,0.75,0.24,197.49000549316406,0.7651390673828126,0.036842886271592254,0.0,1.0,285,2025-11-25 15:37:40+00:00,29.372222222222224,0.375,0.06027397260273973
2025-11-26 21:00:00+00:00,2025-12-19 00:00:00+00:00,NET,NET251219C00300000,call,False,300.0,0.0,0.15,0.08,197.49000549316406,0.6640658593750002,0.036842886271592254,0.0,1.0,235,2025-11-26 15:16:48+00:00,5.72,0.075,0.06027397260273973
2025-11-26 21:00:00+00:00,2025-12-19 00:00:00+00:00,NET,NET251219C00310000,call,False,310.0,0.0,0.75,0.27,197.49000549316406,0.8710950390625,0.036842886271592254,0.0,1.0,84,2025-11-21 15:50:14+00:00,125.16277777777778,0.375,0.06027397260273973
2025-11-26 21:00:00+00:00,2025-12-19 00:00:00+00:00,NET,NET251219C00320000,call,False,320.0,0.0,0.75,0.01,197.49000549316406,0.920899228515625,0.036842886271592254,0.0,1.0,32,2025-11-19 19:24:11+00:00,169.59694444444443,0.375,0.06027397260273973
2025-11-26 21:00:00+00:00,2025-12-19 00:00:00+00:00,NET,NET251219C00330000,call,False,330.0,0.0,0.5,0.2,197.49000549316406,0.9150399121093751,0.036842886271592254,0.0,1.0,55,2025-11-13 14:49:48+00:00,318.17,0.25,0.06027397260273973
2025-11-26 21:00:00+00:00,2025-12-19 00:00:00+00:00,NET,NET251219C00340000,call,False,340.0,0.0,0.5,0.43,197.49000549316406,0.9589847851562499,0.036842886271592254,0.0,1.0,9,2025-11-10 15:05:33+00:00,389.9075,0.25,0.06027397260273973
2025-11-26 21:00:00+00:00,2025-12-19 00:00:00+00:00,NET,NET251219C00350000,call,False,350.0,0.0,0.9,1.16,197.49000549316406,1.0864303491210938,0.036842886271592254,0.0,,1,2025-11-03 14:53:44+00:00,558.1044444444444,0.45,0.06027397260273973
2025-11-26 21:00:00+00:00,2025-12-19 00:00:00+00:00,NET,NET251219C00360000,call,False,360.0,0.0,0.05,0.06,197.49000549316406,0.8125018749999999,0.036842886271592254,0.0,1.0,5,2025-11-24 14:30:13+00:00,54.49638888888889,0.025,0.06027397260273973
2025-11-26 21:00:00+00:00,2025-12-19 00:00:00+00:00,NET,NET251219C00380000,call,False,380.0,0.0,0.26,0.02,197.49000549316406,1.0351610742187503,0.036842886271592254,0.0,1.0,31,2025-11-25 15:47:47+00:00,29.203611111111112,0.13,0.06027397260273973
2025-11-26 21:00:00+00:00,2025-12-19 00:00:00+00:00,NET,NET251219P00022500,put,False,22.5,0.0,0.75,0.01,197.49000549316406,4.076176779785157,0.036842886271592254,0.0,1.0,155,2025-11-05 15:13:32+00:00,509.77444444444444,0.375,0.06027397260273973
2025-11-26 21:00:00+00:00,2025-12-19 00:00:00+00:00,NET,NET251219P00025000,put,False,25.0,0.0,2.13,0.4,197.49000549316406,4.611332360839843,0.036842886271592254,0.0,157.0,695,2025-10-03 15:49:59+00:00,1301.1669444444444,1.065,0.06027397260273973
2025-11-26 21:00:00+00:00,2025-12-19 00:00:00+00:00,NET,NET251219P00030000,put,False,30.0,0.0,0.5,0.01,197.49000549316406,3.3242204394531245,0.036842886271592254,0.0,1.0,109,2025-11-18 20:09:51+00:00,192.83583333333334,0.25,0.06027397260273973
2025-11-26 21:00:00+00:00,2025-12-19 00:00:00+00:00,NET,NET251219P00035000,put,False,35.0,0.0,2.13,0.06,197.49000549316406,3.8398441503906247,0.036842886271592254,0.0,3.0,120,2025-10-10 13:30:41+00:00,1135.4886111111111,1.065,0.06027397260273973
2025-11-26 21:00:00+00:00,2025-12-19 00:00:00+00:00,NET,NET251219P00040000,put,False,40.0,0.0,0.75,0.01,197.49000549316406,2.982424418945312,0.036842886271592254,0.0,2.0,112,2025-11-24 15:26:14+00:00,53.562777777777775,0.375,0.06027397260273973
2025-11-26 21:00:00+00:00,2025-12-19 00:00:00+00:00,NET,NET251219P00042500,put,False,42.5,0.0,0.71,0.6,197.49000549316406,2.847659130859375,0.036842886271592254,0.0,1.0,1,2024-12-27 20:49:58+00:00,8016.167222222222,0.355,0.06027397260273973
2025-11-26 21:00:00+00:00,2025-12-19 00:00:00+00:00,NET,NET251219P00045000,put,False,45.0,0.0,0.6,0.19,197.49000549316406,2.67969080078125,0.036842886271592254,0.0,2.0,112,2025-06-24 13:41:33+00:00,3727.3075,0.3,0.06027397260273973
2025-11-26 21:00:00+00:00,2025-12-19 00:00:00+00:00,NET,NET251219P00047500,put,False,47.5,0.0,0.0,0.5,197.49000549316406,0.500005,0.036842886271592254,0.0,1.0,19,2025-05-12 13:46:00+00:00,4759.233333333334,0.0,0.06027397260273973
2025-11-26 21:00:00+00:00,2025-12-19 00:00:00+00:00,NET,NET251219P00050000,put,False,50.0,0.0,1.1,0.01,197.49000549316406,2.7304719238281248,0.036842886271592254,0.0,3.0,172,2025-10-29 14:51:50+00:00,678.1361111111111,0.55,0.06027397260273973
2025-11-26 21:00:00+00:00,2025-12-19 00:00:00+00:00,NET,NET251219P00055000,put,False,55.0,0.0,0.0,0.45,197.49000549316406,0.500005,0.036842886271592254,0.0,2.0,156,2025-05-27 17:26:54+00:00,4395.551666666666,0.0,0.06027397260273973
2025-11-26 21:00:00+00:00,2025-12-19 00:00:00+00:00,NET,NET251219P00060000,put,False,60.0,0.0,0.65,0.4,197.49000549316406,2.1992232519531245,0.036842886271592254,0.0,2.0,54,2025-08-01 14:12:35+00:00,2814.7902777777776,0.325,0.06027397260273973
2025-11-26 21:00:00+00:00,2025-12-19 00:00:00+00:00,NET,NET251219P00065000,put,False,65.0,0.0,0.54,0.1,197.49000549316406,2.0058643603515627,0.036842886271592254,0.0,1.0,248,2025-09-17 13:31:36+00:00,1687.4733333333334,0.27,0.06027397260273973
2025-11-26 21:00:00+00:00,2025-12-19 00:00:00+00:00,NET,NET251219P00070000,put,False,70.0,0.0,2.16,0.14,197.49000549316406,2.3525431811523427,0.036842886271592254,0.0,3.0,188,2025-09-10 19:42:23+00:00,1849.2936111111112,1.08,0.06027397260273973
2025-11-26 21:00:00+00:00,2025-12-19 00:00:00+00:00,NET,NET251219P00072500,put,False,72.5,0.0,2.14,0.2,197.49000549316406,2.275394936523437,0.036842886271592254,0.0,1.0,18,2025-10-01 15:17:29+00:00,1349.7086111111112,1.07,0.06027397260273973
2025-11-26 21:00:00+00:00,2025-12-19 00:00:00+00:00,NET,NET251219P00075000,put,False,75.0,0.0,2.14,0.13,197.49000549316406,2.20459433227539,0.036842886271592254,0.0,3.0,457,2025-10-10 13:30:41+00:00,1135.4886111111111,1.07,0.06027397260273973
2025-11-26 21:00:00+00:00,2025-12-19 00:00:00+00:00,NET,NET251219P00077500,put,False,77.5,0.26,0.9,1.26,197.49000549316406,1.9160160449218753,0.036842886271592254,0.0,27.0,34,2025-05-27 15:30:03+00:00,4397.4991666666665,0.5800000000000001,0.06027397260273973
2025-11-26 21:00:00+00:00,2025-12-19 00:00:00+00:00,NET,NET251219P00080000,put,False,80.0,0.0,0.5,0.1,197.49000549316406,1.6347674511718748,0.036842886271592254,0.0,10.0,253,2025-10-29 19:25:36+00:00,673.5733333333334,0.25,0.06027397260273973
2025-11-26 21:00:00+00:00,2025-12-19 00:00:00+00:00,NET,NET251219P00082500,put,False,82.5,0.85,2.81,6.45,197.49000549316406,2.2402387744140624,0.036842886271592254,0.0,76.0,74,2025-04-30 18:17:59+00:00,5042.700277777778,1.83,0.06027397260273973
2025-11-26 21:00:00+00:00,2025-12-19 00:00:00+00:00,NET,NET251219P00085000,put,False,85.0,0.0,0.9,0.05,197.49000549316406,1.671876640625,0.036842886271592254,0.0,40.0,91,2025-11-12 19:54:22+00:00,337.0938888888889,0.45,0.06027397260273973
2025-11-26 21:00:00+00:00,2025-12-19 00:00:00+00:00,NET,NET251219P00087500,put,False,87.5,0.0,0.76,0.9,197.49000549316406,1.5771505517578124,0.036842886271592254,0.0,2.0,21,2025-08-01 16:15:52+00:00,2812.7355555555555,0.38,0.06027397260273973
2025-11-26 21:00:00+00:00,2025-12-19 00:00:00+00:00,NET,NET251219P00090000,put,False,90.0,0.0,2.24,0.4,197.49000549316406,1.8422859448242184,0.036842886271592254,0.0,2.0,92,2025-09-11 16:00:17+00:00,1828.9952777777778,1.12,0.06027397260273973
2025-11-26 21:00:00+00:00,2025-12-19 00:00:00+00:00,NET,NET251219P00092500,put,False,92.5,0.0,0.0,19.09,197.49000549316406,0.500005,0.036842886271592254,0.0,1.0,0,2025-04-07 13:33:25+00:00,5599.4430555555555,0.0,0.06027397260273973
2025-11-26 21:00:00+00:00,2025-12-19 00:00:00+00:00,NET,NET251219P00095000,put,False,95.0,0.0,1.68,0.73,197.49000549316406,1.6367205664062499,0.036842886271592254,0.0,10.0,57,2025-08-08 18:49:34+00:00,2642.173888888889,0.84,0.06027397260273973
2025-11-26 21:00:00+00:00,2025-12-19 00:00:00+00:00,NET,NET251219P00097500,put,False,97.5,0.0,1.1,0.06,197.49000549316406,1.470705771484375,0.036842886271592254,0.0,2.0,17,2025-11-19 18:58:31+00:00,170.0247222222222,0.55,0.06027397260273973
2025-11-26 21:00:00+00:00,2025-12-19 00:00:00+00:00,NET,NET251219P00100000,put,False,100.0,0.0,1.35,0.07,197.49000549316406,1.474612001953125,0.036842886271592254,0.0,10.0,163,2025-11-21 16:35:11+00:00,124.41361111111111,0.675,0.06027397260273973
2025-11-26 21:00:00+00:00,2025-12-19 00:00:00+00:00,NET,NET251219P00105000,put,False,105.0,0.0,1.09,0.52,197.49000549316406,1.3291049169921871,0.036842886271592254,0.0,1.0,110,2025-09-16 18:38:02+00:00,1706.3661111111112,0.545,0.06027397260273973
2025-11-26 21:00:00+00:00,2025-12-19 00:00:00+00:00,NET,NET251219P00110000,put,False,110.0,0.0,1.95,0.05,197.49000549316406,1.3833038647460936,0.036842886271592254,0.0,150.0,303,2025-11-24 19:45:54+00:00,49.235,0.975,0.06027397260273973
2025-11-26 21:00:00+00:00,2025-12-19 00:00:00+00:00,NET,NET251219P00115000,put,False,115.0,0.0,0.41,0.55,197.49000549316406,0.993164130859375,0.036842886271592254,0.0,1.0,114,2025-10-06 16:40:13+00:00,1228.3297222222222,0.205,0.06027397260273973
2025-11-26 21:00:00+00:00,2025-12-19 00:00:00+00:00,NET,NET251219P00120000,put,False,120.0,0.0,1.55,0.24,197.49000549316406,1.1508831518554685,0.036842886271592254,0.0,1.0,191,2025-11-21 20:41:16+00:00,120.31222222222222,0.775,0.06027397260273973
2025-11-26 21:00:00+00:00,2025-12-19 00:00:00+00:00,NET,NET251219P00125000,put,False,125.0,0.0,0.5,0.25,197.49000549316406,0.8798840136718749,0.036842886271592254,0.0,1.0,82,2025-11-24 18:28:13+00:00,50.52972222222222,0.25,0.06027397260273973
2025-11-26 21:00:00+00:00,2025-12-19 00:00:00+00:00,NET,NET251219P00130000,put,False,130.0,0.0,0.32,0.2,197.49000549316406,0.7617211328125001,0.036842886271592254,0.0,14.0,304,2025-11-26 15:34:53+00:00,5.418611111111111,0.16,0.06027397260273973
2025-11-26 21:00:00+00:00,2025-12-19 00:00:00+00:00,NET,NET251219P00135000,put,False,135.0,0.0,0.55,0.34,197.49000549316406,0.7587914746093751,0.036842886271592254,0.0,15.0,139,2025-11-26 15:34:15+00:00,5.429166666666666,0.275,0.06027397260273973
2025-11-26 21:00:00+00:00,2025-12-19 00:00:00+00:00,NET,NET251219P00140000,put,False,140.0,0.01,1.02,0.71,197.49000549316406,0.7753928710937501,0.036842886271592254,0.0,1.0,105,2025-11-18 18:53:55+00:00,194.1013888888889,0.515,0.06027397260273973
2025-11-26 21:00:00+00:00,2025-12-19 00:00:00+00:00,NET,NET251219P00145000,put,False,145.0,0.04,0.6,0.41,197.49000549316406,0.649417568359375,0.036842886271592254,0.0,3.0,109,2025-11-26 15:34:53+00:00,5.418611111111111,0.32,0.06027397260273973
2025-11-26 21:00:00+00:00,2025-12-19 00:00:00+00:00,NET,NET251219P00150000,put,False,150.0,0.45,0.77,0.65,197.49000549316406,0.6635775830078127,0.036842886271592254,0.0,4.0,805,2025-11-26 15:34:15+00:00,5.429166666666666,0.61,0.06027397260273973
2025-11-26 21:00:00+00:00,2025-12-19 00:00:00+00:00,NET,NET251219P00155000,put,False,155.0,0.39,0.77,0.62,197.49000549316406,0.5913126806640626,0.036842886271592254,0.0,1.0,299,2025-11-26 20:41:08+00:00,0.31444444444444447,0.5800000000000001,0.06027397260273973
2025-11-26 21:00:00+00:00,2025-12-19 00:00:00+00:00,NET,NET251219P00160000,put,False,160.0,0.75,1.06,1.28,197.49000549316406,0.5825237060546875,0.036842886271592254,0.0,8.0,440,2025-11-25 18:34:25+00:00,26.426388888888887,0.905,0.06027397260273973
2025-11-26 21:00:00+00:00,2025-12-19 00:00:00+00:00,NET,NET251219P00165000,put,False,165.0,0.94,1.33,1.15,197.49000549316406,0.5454147021484376,0.036842886271592254,0.0,4.0,200,2025-11-26 20:48:31+00:00,0.1913888888888889,1.135,0.06027397260273973
2025-11-26 21:00:00+00:00,2025-12-19 00:00:00+00:00,NET,NET251219P00167500,put,False,167.5,1.19,1.54,1.41,197.49000549316406,0.537236072998047,0.036842886271592254,0.0,26.0,1,2025-11-26 20:49:50+00:00,0.16944444444444445,1.365,0.06027397260273973
2025-11-26 21:00:00+00:00,2025-12-19 00:00:00+00:00,NET,NET251219P00170000,put,False,170.0,1.44,1.89,1.68,197.49000549316406,0.532231240234375,0.036842886271592254,0.0,42.0,497,2025-11-26 20:56:48+00:00,0.05333333333333334,1.665,0.06027397260273973
2025-11-26 21:00:00+00:00,2025-12-19 00:00:00+00:00,NET,NET251219P00172500,put,False,172.5,1.86,2.25,1.99,197.49000549316406,0.5305222729492188,0.036842886271592254,0.0,5.0,1,2025-11-26 20:00:24+00:00,0.9933333333333333,2.055,0.06027397260273973
2025-11-26 21:00:00+00:00,2025-12-19 00:00:00+00:00,NET,NET251219P00175000,put,False,175.0,2.37,2.69,2.31,197.49000549316406,0.5305222729492188,0.036842886271592254,0.0,8.0,342,2025-11-26 20:41:25+00:00,0.30972222222222223,2.5300000000000002,0.06027397260273973
2025-11-26 21:00:00+00:00,2025-12-19 00:00:00+00:00,NET,NET251219P00177500,put,False,177.5,2.8,3.1,2.83,197.49000549316406,0.5207567456054687,0.036842886271592254,0.0,4.0,5,2025-11-26 20:00:24+00:00,0.9933333333333333,2.95,0.06027397260273973
2025-11-26 21:00:00+00:00,2025-12-19 00:00:00+00:00,NET,NET251219P00180000,put,False,180.0,3.25,3.55,3.26,197.49000549316406,0.5090381127929688,0.036842886271592254,0.0,27.0,540,2025-11-26 19:48:31+00:00,1.1913888888888888,3.4,0.06027397260273973
2025-11-26 21:00:00+00:00,2025-12-19 00:00:00+00:00,NET,NET251219P00182500,put,False,182.5,3.8,4.25,4.02,197.49000549316406,0.5045215563964844,0.036842886271592254,0.0,5.0,16,2025-11-26 19:54:02+00:00,1.0994444444444444,4.025,0.06027397260273973
2025-11-26 21:00:00+00:00,2025-12-19 00:00:00+00:00,NET,NET251219P00185000,put,False,185.0,4.5,4.8,4.75,197.49000549316406,0.5040332800292968,0.036842886271592254,0.0,8.0,405,2025-11-26 16:53:56+00:00,4.101111111111111,4.65,0.06027397260273973
2025-11-26 21:00:00+00:00,2025-12-19 00:00:00+00:00,NET,NET251219P00187500,put,False,187.5,5.35,5.9,5.52,197.49000549316406,0.5009815527343751,0.036842886271592254,0.0,9.0,8,2025-11-26 19:54:02+00:00,1.0994444444444444,5.625,0.06027397260273973
2025-11-26 21:00:00+00:00,2025-12-19 00:00:00+00:00,NET,NET251219P00190000,put,False,190.0,6.2,6.65,6.05,197.49000549316406,0.5035450036621094,0.036842886271592254,0.0,9.0,165,2025-11-26 18:22:02+00:00,2.6327777777777777,6.425000000000001,0.06027397260273973
2025-11-26 21:00:00+00:00,2025-12-19 00:00:00+00:00,NET,NET251219P00192500,put,False,192.5,7.2,7.65,7.01,197.49000549316406,0.49927258544921876,0.036842886271592254,0.0,4.0,2,2025-11-26 20:00:24+00:00,0.9933333333333333,7.425000000000001,0.06027397260273973
2025-11-26 21:00:00+00:00,2025-12-19 00:00:00+00:00,NET,NET251219P00195000,put,False,195.0,8.2,8.65,7.84,197.49000549316406,0.4901174035644532,0.036842886271592254,0.0,22.0,383,2025-11-26 20:44:12+00:00,0.2633333333333333,8.425,0.06027397260273973
2025-11-26 21:00:00+00:00,2025-12-19 00:00:00+00:00,NET,NET251219P00200000,put,True,200.0,10.8,11.2,10.1,197.49000549316406,0.4842580871582032,0.036842886271592254,0.0,18.0,944,2025-11-26 18:49:04+00:00,2.1822222222222223,11.0,0.06027397260273973
2025-11-26 21:00:00+00:00,2025-12-19 00:00:00+00:00,NET,NET251219P00205000,put,True,205.0,12.5,14.05,13.9,197.49000549316406,0.4730277307128906,0.036842886271592254,0.0,8.0,7,2025-11-26 17:04:38+00:00,3.9227777777777777,13.275,0.06027397260273973
2025-11-26 21:00:00+00:00,2025-12-19 00:00:00+00:00,NET,NET251219P00210000,put,True,210.0,15.75,17.35,16.23,197.49000549316406,0.4644828942871094,0.036842886271592254,0.0,3.0,413,2025-11-26 20:33:55+00:00,0.43472222222222223,16.55,0.06027397260273973
2025-11-26 21:00:00+00:00,2025-12-19 00:00:00+00:00,NET,NET251219P00220000,put,True,220.0,23.05,25.55,24.39,197.49000549316406,0.48743188354492195,0.036842886271592254,0.0,6.0,383,2025-11-26 15:58:48+00:00,5.02,24.3,0.06027397260273973
2025-11-26 21:00:00+00:00,2025-12-19 00:00:00+00:00,NET,NET251219P00230000,put,True,230.0,31.65,34.3,37.1,197.49000549316406,0.48950705810546885,0.036842886271592254,0.0,5.0,578,2025-11-25 14:36:46+00:00,30.38722222222222,32.974999999999994,0.06027397260273973
2025-11-26 21:00:00+00:00,2025-12-19 00:00:00+00:00,NET,NET251219P00235000,put,True,235.0,36.3,38.9,42.3,197.49000549316406,0.4892629199218751,0.036842886271592254,0.0,,17,2025-11-24 16:06:49+00:00,52.88638888888889,37.599999999999994,0.06027397260273973
2025-11-26 21:00:00+00:00,2025-12-19 00:00:00+00:00,NET,NET251219P00240000,put,True,240.0,40.95,43.6,42.13,197.49000549316406,0.48633326171875,0.036842886271592254,0.0,4.0,142,2025-11-26 16:44:34+00:00,4.2572222222222225,42.275000000000006,0.06027397260273973
2025-11-26 21:00:00+00:00,2025-12-19 00:00:00+00:00,NET,NET251219P00245000,put,True,245.0,45.95,48.4,52.0,197.49000549316406,0.485356708984375,0.036842886271592254,0.0,,17,2025-11-24 16:06:49+00:00,52.88638888888889,47.175,0.06027397260273973
2025-11-26 21:00:00+00:00,2025-12-19 00:00:00+00:00,NET,NET251219P00250000,put,True,250.0,50.7,53.9,54.52,197.49000549316406,0.6127968408203126,0.036842886271592254,0.0,1.0,39,2025-11-25 20:07:30+00:00,24.875,52.3,0.06027397260273973
2025-11-26 21:00:00+00:00,2025-12-19 00:00:00+00:00,NET,NET251219P00260000,put,True,260.0,60.9,63.4,71.8,197.49000549316406,0.5888712988281251,0.036842886271592254,0.0,1.0,0,2025-11-21 14:56:01+00:00,126.0663888888889,62.15,0.06027397260273973
2025-11-26 21:00:00+00:00,2025-12-19 00:00:00+00:00,NET,NET251219P00270000,put,True,270.0,70.9,73.45,75.8,197.49000549316406,0.6660189648437502,0.036842886271592254,0.0,62.0,0,2025-11-20 19:34:18+00:00,145.42833333333334,72.17500000000001,0.06027397260273973
2025-11-26 21:00:00+00:00,2025-12-19 00:00:00+00:00,NET,NET251219P00280000,put,True,280.0,80.9,83.4,80.4,197.49000549316406,0.7133817724609376,0.036842886271592254,0.0,4.0,0,2025-11-18 20:15:00+00:00,192.75,82.15,0.06027397260273973
2025-11-26 21:00:00+00:00,2025-12-19 00:00:00+00:00,NET,NET251219P00290000,put,True,290.0,90.9,93.45,75.85,197.49000549316406,0.7856466748046875,0.036842886271592254,0.0,5.0,0,2025-11-13 19:52:47+00:00,313.1202777777778,92.17500000000001,0.06027397260273973
2025-11-26 21:00:00+00:00,2025-12-19 00:00:00+00:00,NET,NET251219P00300000,put,True,300.0,100.9,103.45,68.5,197.49000549316406,0.840821904296875,0.036842886271592254,0.0,4.0,0,2025-11-05 15:04:55+00:00,509.91805555555555,102.17500000000001,0.06027397260273973
2025-11-26 21:00:00+00:00,2025-12-19 00:00:00+00:00,NET,NET251219P00310000,put,True,310.0,110.9,113.4,99.6,197.49000549316406,0.87695435546875,0.036842886271592254,0.0,1.0,0,2025-11-14 14:45:40+00:00,294.2388888888889,112.15,0.06027397260273973
2025-11-26 21:00:00+00:00,2025-12-26 00:00:00+00:00,NET,NET251226C00150000,call,True,150.0,47.65,50.2,45.2,197.49000549316406,0.7656273437500001,0.036842886271592254,0.0,2.0,5,2025-11-24 17:06:09+00:00,51.8975,48.925,0.07945205479452055
2025-11-26 21:00:00+00:00,2025-12-26 00:00:00+00:00,NET,NET251226C00160000,call,True,160.0,38.2,40.8,35.2,197.49000549316406,0.6784700122070313,0.036842886271592254,0.0,6.0,7,2025-11-24 19:22:03+00:00,49.6325,39.5,0.07945205479452055
2025-11-26 21:00:00+00:00,2025-12-26 00:00:00+00:00,NET,NET251226C00170000,call,True,170.0,29.2,31.8,31.0,197.49000549316406,0.606571317138672,0.036842886271592254,0.0,4.0,3,2025-11-26 15:36:47+00:00,5.3869444444444445,30.5,0.07945205479452055
2025-11-26 21:00:00+00:00,2025-12-26 00:00:00+00:00,NET,NET251226C00175000,call,True,175.0,24.75,27.75,29.7,197.49000549316406,0.5765423205566407,0.036842886271592254,0.0,,1,2025-11-18 16:45:52+00:00,196.23555555555555,26.25,0.07945205479452055
2025-11-26 21:00:00+00:00,2025-12-26 00:00:00+00:00,NET,NET251226C00180000,call,True,180.0,21.1,23.7,15.25,197.49000549316406,0.5596967858886719,0.036842886271592254,0.0,6.0,3,2025-11-21 15:54:31+00:00,125.09138888888889,22.4,0.07945205479452055
2025-11-26 21:00:00+00:00,2025-12-26 00:00:00+00:00,NET,NET251226C00185000,call,True,185.0,17.6,20.35,14.4,197.49000549316406,0.5520064331054688,0.036842886271592254,0.0,1.0,3,2025-11-25 16:29:22+00:00,28.510555555555555,18.975,0.07945205479452055
2025-11-26 21:00:00+00:00,2025-12-26 00:00:00+00:00,NET,NET251226C00190000,call,True,190.0,14.55,17.05,16.3,197.49000549316406,0.5419967675781252,0.036842886271592254,0.0,1.0,89,2025-11-26 18:47:08+00:00,2.2144444444444447,15.8,0.07945205479452055
2025-11-26 21:00:00+00:00,2025-12-26 00:00:00+00:00,NET,NET251226C00195000,call,True,195.0,11.5,14.1,12.9,197.49000549316406,0.5258836474609375,0.036842886271592254,0.0,9.0,23,2025-11-26 19:43:15+00:00,1.2791666666666666,12.8,0.07945205479452055
2025-11-26 21:00:00+00:00,2025-12-26 00:00:00+00:00,NET,NET251226C00200000,call,False,200.0,8.85,11.45,10.3,197.49000549316406,0.5111132873535156,0.036842886271592254,0.0,61.0,113,2025-11-26 19:44:41+00:00,1.2552777777777777,10.149999999999999,0.07945205479452055
2025-11-26 21:00:00+00:00,2025-12-26 00:00:00+00:00,NET,NET251226C00205000,call,False,205.0,6.75,9.0,7.3,197.49000549316406,0.5488326367187502,0.036842886271592254,0.0,3.0,33,2025-11-26 16:58:33+00:00,4.024166666666667,7.875,0.07945205479452055
2025-11-26 21:00:00+00:00,2025-12-26 00:00:00+00:00,NET,NET251226C00210000,call,False,210.0,4.75,7.8,5.88,197.49000549316406,0.5007374145507812,0.036842886271592254,0.0,17.0,12,2025-11-26 15:20:02+00:00,5.666111111111111,6.275,0.07945205479452055
2025-11-26 21:00:00+00:00,2025-12-26 00:00:00+00:00,NET,NET251226C00215000,call,False,215.0,3.25,5.3,4.0,197.49000549316406,0.5210619183349607,0.036842886271592254,0.0,3.0,31,2025-11-25 18:36:46+00:00,26.38722222222222,4.275,0.07945205479452055
2025-11-26 21:00:00+00:00,2025-12-26 00:00:00+00:00,NET,NET251226C00220000,call,False,220.0,2.85,4.8,3.55,197.49000549316406,0.503056727294922,0.036842886271592254,0.0,8.0,16,2025-11-26 19:40:52+00:00,1.318888888888889,3.825,0.07945205479452055
2025-11-26 21:00:00+00:00,2025-12-26 00:00:00+00:00,NET,NET251226C00225000,call,False,225.0,1.85,2.75,2.5,197.49000549316406,0.49182637084960945,0.036842886271592254,0.0,2.0,12,2025-11-26 19:46:15+00:00,1.2291666666666667,2.3,0.07945205479452055
2025-11-26 21:00:00+00:00,2025-12-26 00:00:00+00:00,NET,NET251226C00230000,call,False,230.0,1.09,2.83,1.86,197.49000549316406,0.5462691857910158,0.036842886271592254,0.0,1.0,6,2025-11-26 16:38:21+00:00,4.360833333333333,1.96,0.07945205479452055
2025-11-26 21:00:00+00:00,2025-12-26 00:00:00+00:00,NET,NET251226C00235000,call,False,235.0,0.88,1.73,0.86,197.49000549316406,0.5092822509765625,0.036842886271592254,0.0,2.0,8,2025-11-26 16:41:45+00:00,4.304166666666666,1.305,0.07945205479452055
2025-11-26 21:00:00+00:00,2025-12-26 00:00:00+00:00,NET,NET251226C00240000,call,False,240.0,0.4,1.6,0.86,197.49000549316406,0.5390671093750001,0.036842886271592254,0.0,3.0,9,2025-11-26 15:34:52+00:00,5.418888888888889,1.0,0.07945205479452055
2025-11-26 21:00:00+00:00,2025-12-26 00:00:00+00:00,NET,NET251226C00245000,call,False,245.0,0.15,1.3,3.25,197.49000549316406,0.5483443603515626,0.036842886271592254,0.0,1.0,7,2025-11-17 14:47:21+00:00,222.21083333333334,0.725,0.07945205479452055
2025-11-26 21:00:00+00:00,2025-12-26 00:00:00+00:00,NET,NET251226C00250000,call,False,250.0,0.02,1.0,0.7,197.49000549316406,0.5502974658203126,0.036842886271592254,0.0,25.0,27,2025-11-25 16:40:12+00:00,28.33,0.51,0.07945205479452055
2025-11-26 21:00:00+00:00,2025-12-26 00:00:00+00:00,NET,NET251226C00255000,call,False,255.0,0.0,2.43,1.76,197.49000549316406,0.610599597167969,0.036842886271592254,0.0,2.0,1,2025-11-17 15:42:54+00:00,221.285,1.215,0.07945205479452055
2025-11-26 21:00:00+00:00,2025-12-26 00:00:00+00:00,NET,NET251226C00260000,call,False,260.0,0.0,2.22,3.85,197.49000549316406,0.6313513427734375,0.036842886271592254,0.0,1.0,2,2025-11-13 15:04:49+00:00,317.9197222222222,1.11,0.07945205479452055
2025-11-26 21:00:00+00:00,2025-12-26 00:00:00+00:00,NET,NET251226C00265000,call,False,265.0,0.0,2.31,0.59,197.49000549316406,0.6694368994140626,0.036842886271592254,0.0,4.0,4,2025-11-20 18:19:40+00:00,146.67222222222222,1.155,0.07945205479452055
2025-11-26 21:00:00+00:00,2025-12-26 00:00:00+00:00,NET,NET251226C00270000,call,False,270.0,0.0,2.15,1.0,197.49000549316406,0.6904327832031252,0.036842886271592254,0.0,5.0,16,2025-11-19 15:59:13+00:00,173.01305555555555,1.075,0.07945205479452055
2025-11-26 21:00:00+00:00,2025-12-26 00:00:00+00:00,NET,NET251226C00275000,call,False,275.0,0.0,2.25,6.1,197.49000549316406,0.727541787109375,0.036842886271592254,0.0,,2,2025-11-10 14:33:40+00:00,390.43888888888887,1.125,0.07945205479452055
2025-11-26 21:00:00+00:00,2025-12-26 00:00:00+00:00,NET,NET251226C00280000,call,False,280.0,0.0,2.23,5.1,197.49000549316406,0.7556176782226562,0.036842886271592254,0.0,,1,2025-11-10 14:33:40+00:00,390.43888888888887,1.115,0.07945205479452055
2025-11-26 21:00:00+00:00,2025-12-26 00:00:00+00:00,NET,NET251226C00285000,call,False,285.0,0.0,2.21,1.22,197.49000549316406,0.7829611547851563,0.036842886271592254,0.0,,3,2025-11-13 20:55:13+00:00,312.07972222222224,1.105,0.07945205479452055
2025-11-26 21:00:00+00:00,2025-12-26 00:00:00+00:00,NET,NET251226C00290000,call,False,290.0,0.0,2.2,3.5,197.49000549316406,0.8103046313476561,0.036842886271592254,0.0,,1,2025-11-10 14:33:40+00:00,390.43888888888887,1.1,0.07945205479452055
2025-11-26 21:00:00+00:00,2025-12-26 00:00:00+00:00,NET,NET251226C00295000,call,False,295.0,0.0,2.19,0.1,197.49000549316406,0.8366715551757811,0.036842886271592254,0.0,1.0,2,2025-11-25 17:02:08+00:00,27.964444444444446,1.095,0.07945205479452055
2025-11-26 21:00:00+00:00,2025-12-26 00:00:00+00:00,NET,NET251226C00315000,call,False,315.0,0.0,2.18,1.35,197.49000549316406,0.938477177734375,0.036842886271592254,0.0,,1,2025-11-10 14:33:41+00:00,390.43861111111113,1.09,0.07945205479452055
2025-11-26 21:00:00+00:00,2025-12-26 00:00:00+00:00,NET,NET251226C00320000,call,False,320.0,0.0,2.0,1.17,197.49000549316406,0.94726615234375,0.036842886271592254,0.0,,1,2025-11-10 14:33:41+00:00,390.43861111111113,1.0,0.07945205479452055
2025-11-26 21:00:00+00:00,2025-12-26 00:00:00+00:00,NET,NET251226P00150000,put,False,150.0,0.0,2.56,1.25,197.49000549316406,0.6867707104492189,0.036842886271592254,0.0,,3,2025-11-24 19:22:53+00:00,49.618611111111115,1.28,0.07945205479452055
2025-11-26 21:00:00+00:00,2025-12-26 00:00:00+00:00,NET,NET251226P00155000,put,False,155.0,0.01,0.9,0.96,197.49000549316406,0.5700726586914062,0.036842886271592254,0.0,3.0,4,2025-11-26 18:46:06+00:00,2.2316666666666665,0.455,0.07945205479452055
2025-11-26 21:00:00+00:00,2025-12-26 00:00:00+00:00,NET,NET251226P00160000,put,False,160.0,0.57,1.34,1.01,197.49000549316406,0.5168505346679688,0.036842886271592254,0.0,2.0,21,2025-11-26 20:34:06+00:00,0.43166666666666664,0.9550000000000001,0.07945205479452055
2025-11-26 21:00:00+00:00,2025-12-26 00:00:00+00:00,NET,NET251226P00165000,put,False,165.0,1.28,1.76,1.64,197.49000549316406,0.5180712255859375,0.036842886271592254,0.0,13.0,6,2025-11-26 20:29:34+00:00,0.5072222222222222,1.52,0.07945205479452055
2025-11-26 21:00:00+00:00,2025-12-26 00:00:00+00:00,NET,NET251226P00170000,put,False,170.0,1.65,2.78,3.37,197.49000549316406,0.5118457019042968,0.036842886271592254,0.0,2.0,3,2025-11-25 17:34:48+00:00,27.42,2.215,0.07945205479452055
2025-11-26 21:00:00+00:00,2025-12-26 00:00:00+00:00,NET,NET251226P00175000,put,False,175.0,2.38,3.35,2.92,197.49000549316406,0.5195360546875,0.036842886271592254,0.0,11.0,216,2025-11-26 16:01:05+00:00,4.981944444444444,2.865,0.07945205479452055
2025-11-26 21:00:00+00:00,2025-12-26 00:00:00+00:00,NET,NET251226P00180000,put,False,180.0,2.89,4.25,3.7,197.49000549316406,0.4952443054199219,0.036842886271592254,0.0,14.0,24,2025-11-26 20:34:01+00:00,0.4330555555555556,3.5700000000000003,0.07945205479452055
2025-11-26 21:00:00+00:00,2025-12-26 00:00:00+00:00,NET,NET251226P00185000,put,False,185.0,3.75,5.6,4.97,197.49000549316406,0.48242705078125003,0.036842886271592254,0.0,130.0,28,2025-11-26 20:34:01+00:00,0.4330555555555556,4.675,0.07945205479452055
2025-11-26 21:00:00+00:00,2025-12-26 00:00:00+00:00,NET,NET251226P00190000,put,False,190.0,5.35,8.1,6.43,197.49000549316406,0.5089160437011719,0.036842886271592254,0.0,1.0,4,2025-11-26 18:25:17+00:00,2.578611111111111,6.725,0.07945205479452055
2025-11-26 21:00:00+00:00,2025-12-26 00:00:00+00:00,NET,NET251226P00195000,put,False,195.0,7.55,10.0,8.88,197.49000549316406,0.4896291271972657,0.036842886271592254,0.0,1.0,33,2025-11-26 18:40:02+00:00,2.332777777777778,8.775,0.07945205479452055
2025-11-26 21:00:00+00:00,2025-12-26 00:00:00+00:00,NET,NET251226P00200000,put,True,200.0,11.05,12.35,11.5,197.49000549316406,0.4751639398193359,0.036842886271592254,0.0,12.0,37,2025-11-26 20:57:25+00:00,0.043055555555555555,11.7,0.07945205479452055
2025-11-26 21:00:00+00:00,2025-12-26 00:00:00+00:00,NET,NET251226P00205000,put,True,205.0,12.65,15.4,14.26,197.49000549316406,0.4759573889160156,0.036842886271592254,0.0,3.0,21,2025-11-26 18:46:06+00:00,2.2316666666666665,14.025,0.07945205479452055
2025-11-26 21:00:00+00:00,2025-12-26 00:00:00+00:00,NET,NET251226P00210000,put,True,210.0,15.95,18.3,22.65,197.49000549316406,0.4534966760253906,0.036842886271592254,0.0,2.0,10,2025-11-20 20:31:26+00:00,144.47611111111112,17.125,0.07945205479452055
2025-11-26 21:00:00+00:00,2025-12-26 00:00:00+00:00,NET,NET251226P00215000,put,True,215.0,19.45,21.75,21.24,197.49000549316406,0.4397639031982422,0.036842886271592254,0.0,3.0,12,2025-11-26 18:18:38+00:00,2.6894444444444443,20.6,0.07945205479452055
2025-11-26 21:00:00+00:00,2025-12-26 00:00:00+00:00,NET,NET251226P00220000,put,True,220.0,23.35,25.85,27.48,197.49000549316406,0.4454401159667969,0.036842886271592254,0.0,2.0,3,2025-11-18 17:10:28+00:00,195.82555555555555,24.6,0.07945205479452055
2025-11-26 21:00:00+00:00,2025-12-26 00:00:00+00:00,NET,NET251226P00225000,put,True,225.0,27.55,30.4,31.67,197.49000549316406,0.46802289794921875,0.036842886271592254,0.0,3.0,6,2025-11-18 17:10:28+00:00,195.82555555555555,28.975,0.07945205479452055
2025-11-26 21:00:00+00:00,2025-12-26 00:00:00+00:00,NET,NET251226P00230000,put,True,230.0,31.95,34.7,23.2,197.49000549316406,0.46289599609375004,0.036842886271592254,0.0,9.0,9,2025-11-13 19:01:47+00:00,313.97027777777777,33.325,0.07945205479452055
2025-11-26 21:00:00+00:00,2025-12-26 00:00:00+00:00,NET,NET251226P00235000,put,True,235.0,36.55,39.2,47.8,197.49000549316406,0.4602104760742188,0.036842886271592254,0.0,10.0,1,2025-11-21 17:03:16+00:00,123.94555555555556,37.875,0.07945205479452055
2025-11-26 21:00:00+00:00,2025-12-26 00:00:00+00:00,NET,NET251226P00240000,put,True,240.0,41.25,43.9,19.75,197.49000549316406,0.46582565429687506,0.036842886271592254,0.0,,1,2025-11-12 15:44:21+00:00,341.2608333333333,42.575,0.07945205479452055
2025-11-26 21:00:00+00:00,2025-12-26 00:00:00+00:00,NET,NET251226P00250000,put,True,250.0,50.95,54.35,36.59,197.49000549316406,0.5896037133789063,0.036842886271592254,0.0,,1,2025-11-13 17:57:49+00:00,315.0363888888889,52.650000000000006,0.07945205479452055
2025-11-26 21:00:00+00:00,2026-01-02 00:00:00+00:00,NET,NET260102C00175000,call,True,175.0,25.85,28.75,22.03,197.49000549316406,0.5755047332763672,0.036842886271592254,0.0,1.0,1,2025-11-25 16:29:22+00:00,28.510555555555555,27.3,0.09863013698630137
2025-11-26 21:00:00+00:00,2026-01-02 00:00:00+00:00,NET,NET260102C00180000,call,True,180.0,22.1,23.95,23.7,197.49000549316406,0.5344284838867188,0.036842886271592254,0.0,1.0,2,2025-11-25 20:24:22+00:00,24.593888888888888,23.025,0.09863013698630137
2025-11-26 21:00:00+00:00,2026-01-02 00:00:00+00:00,NET,NET260102C00190000,call,True,190.0,16.0,16.95,16.9,197.49000549316406,0.5163012237548827,0.036842886271592254,0.0,2.0,2,2025-11-25 20:58:57+00:00,24.0175,16.475,0.09863013698630137
2025-11-26 21:00:00+00:00,2026-01-02 00:00:00+00:00,NET,NET260102C00195000,call,True,195.0,12.95,15.6,14.52,197.49000549316406,0.5330857238769531,0.036842886271592254,0.0,1.0,5,2025-11-26 18:51:10+00:00,2.147222222222222,14.274999999999999,0.09863013698630137
2025-11-26 21:00:00+00:00,2026-01-02 00:00:00+00:00,NET,NET260102C00200000,call,False,200.0,10.05,12.1,11.88,197.49000549316406,0.5381515911865236,0.036842886271592254,0.0,8.0,14,2025-11-26 18:51:10+00:00,2.147222222222222,11.075,0.09863013698630137
2025-11-26 21:00:00+00:00,2026-01-02 00:00:00+00:00,NET,NET260102C00205000,call,False,205.0,8.15,10.9,8.81,197.49000549316406,0.5154467401123046,0.036842886271592254,0.0,2.0,2,2025-11-25 20:35:53+00:00,24.401944444444446,9.525,0.09863013698630137
2025-11-26 21:00:00+00:00,2026-01-02 00:00:00+00:00,NET,NET260102C00210000,call,False,210.0,5.75,8.55,6.93,197.49000549316406,0.5467574621582032,0.036842886271592254,0.0,1.0,12,2025-11-26 15:52:30+00:00,5.125,7.15,0.09863013698630137
2025-11-26 21:00:00+00:00,2026-01-02 00:00:00+00:00,NET,NET260102C00215000,call,False,215.0,4.75,6.4,9.05,197.49000549316406,0.5184374328613282,0.036842886271592254,0.0,,7,2025-11-18 19:50:32+00:00,193.15777777777777,5.575,0.09863013698630137
2025-11-26 21:00:00+00:00,2026-01-02 00:00:00+00:00,NET,NET260102C00220000,call,False,220.0,3.55,4.45,3.98,197.49000549316406,0.48413601806640627,0.036842886271592254,0.0,1.0,26,2025-11-26 15:52:30+00:00,5.125,4.0,0.09863013698630137
2025-11-26 21:00:00+00:00,2026-01-02 00:00:00+00:00,NET,NET260102C00225000,call,False,225.0,2.53,3.75,3.1,197.49000549316406,0.49847913635253904,0.036842886271592254,0.0,1.0,6,2025-11-26 17:50:52+00:00,3.152222222222222,3.1399999999999997,0.09863013698630137
2025-11-26 21:00:00+00:00,2026-01-02 00:00:00+00:00,NET,NET260102C00230000,call,False,230.0,1.48,3.0,2.25,197.49000549316406,0.502080174560547,0.036842886271592254,0.0,1.0,3,2025-11-26 20:48:43+00:00,0.18805555555555556,2.24,0.09863013698630137
2025-11-26 21:00:00+00:00,2026-01-02 00:00:00+00:00,NET,NET260102C00235000,call,False,235.0,1.42,2.23,1.74,197.49000549316406,0.4947560290527344,0.036842886271592254,0.0,3.0,5,2025-11-26 17:45:00+00:00,3.25,1.825,0.09863013698630137
2025-11-26 21:00:00+00:00,2026-01-02 00:00:00+00:00,NET,NET260102C00240000,call,False,240.0,0.63,1.9,1.43,197.49000549316406,0.5090381127929688,0.036842886271592254,0.0,1.0,2,2025-11-25 20:08:16+00:00,24.862222222222222,1.265,0.09863013698630137
2025-11-26 21:00:00+00:00,2026-01-02 00:00:00+00:00,NET,NET260102C00245000,call,False,245.0,0.5,1.4,7.2,197.49000549316406,0.503056727294922,0.036842886271592254,0.0,,1,2025-11-13 15:51:29+00:00,317.14194444444445,0.95,0.09863013698630137
2025-11-26 21:00:00+00:00,2026-01-02 00:00:00+00:00,NET,NET260102C00255000,call,False,255.0,0.0,2.54,1.5,197.49000549316406,0.5554243676757813,0.036842886271592254,0.0,,1,2025-11-20 14:45:26+00:00,150.24277777777777,1.27,0.09863013698630137
2025-11-26 21:00:00+00:00,2026-01-02 00:00:00+00:00,NET,NET260102C00270000,call,False,270.0,0.0,2.25,0.98,197.49000549316406,0.6276892700195313,0.036842886271592254,0.0,,2,2025-11-19 18:08:33+00:00,170.8575,1.125,0.09863013698630137
2025-11-26 21:00:00+00:00,2026-01-02 00:00:00+00:00,NET,NET260102C00335000,call,False,335.0,0.0,2.16,0.23,197.49000549316406,0.92773509765625,0.036842886271592254,0.0,1.0,1,2025-11-14 14:31:32+00:00,294.47444444444443,1.08,0.09863013698630137
2025-11-26 21:00:00+00:00,2026-01-02 00:00:00+00:00,NET,NET260102P00150000,put,False,150.0,0.16,1.09,0.68,197.49000549316406,0.5258836474609375,0.036842886271592254,0.0,5.0,4,2025-11-26 18:46:06+00:00,2.2316666666666665,0.625,0.09863013698630137
2025-11-26 21:00:00+00:00,2026-01-02 00:00:00+00:00,NET,NET260102P00160000,put,False,160.0,0.98,1.65,1.41,197.49000549316406,0.5051319018554687,0.036842886271592254,0.0,2.0,2,2025-11-26 19:17:28+00:00,1.708888888888889,1.315,0.09863013698630137
2025-11-26 21:00:00+00:00,2026-01-02 00:00:00+00:00,NET,NET260102P00165000,put,False,165.0,1.45,2.75,2.18,197.49000549316406,0.5148974291992188,0.036842886271592254,0.0,1.0,3,2025-11-25 15:53:51+00:00,29.1025,2.1,0.09863013698630137
2025-11-26 21:00:00+00:00,2026-01-02 00:00:00+00:00,NET,NET260102P00170000,put,False,170.0,2.2,3.45,2.7,197.49000549316406,0.5026905200195313,0.036842886271592254,0.0,2.0,9,2025-11-26 17:30:19+00:00,3.4947222222222223,2.825,0.09863013698630137
2025-11-26 21:00:00+00:00,2026-01-02 00:00:00+00:00,NET,NET260102P00175000,put,False,175.0,2.83,4.85,3.4,197.49000549316406,0.5512740185546876,0.036842886271592254,0.0,10.0,5,2025-11-26 20:53:20+00:00,0.1111111111111111,3.84,0.09863013698630137
2025-11-26 21:00:00+00:00,2026-01-02 00:00:00+00:00,NET,NET260102P00180000,put,False,180.0,4.2,6.05,4.7,197.49000549316406,0.5352219329833985,0.036842886271592254,0.0,3.0,7,2025-11-26 17:30:19+00:00,3.4947222222222223,5.125,0.09863013698630137
2025-11-26 21:00:00+00:00,2026-01-02 00:00:00+00:00,NET,NET260102P00185000,put,False,185.0,4.75,7.1,6.2,197.49000549316406,0.5022022436523439,0.036842886271592254,0.0,3.0,14,2025-11-26 16:32:03+00:00,4.465833333333333,5.925,0.09863013698630137
2025-11-26 21:00:00+00:00,2026-01-02 00:00:00+00:00,NET,NET260102P00190000,put,False,190.0,7.8,8.6,11.2,197.49000549316406,0.4792532543945312,0.036842886271592254,0.0,1.0,21,2025-11-24 18:46:03+00:00,50.2325,8.2,0.09863013698630137
2025-11-26 21:00:00+00:00,2026-01-02 00:00:00+00:00,NET,NET260102P00195000,put,False,195.0,8.65,11.15,13.4,197.49000549316406,0.48730981445312505,0.036842886271592254,0.0,1.0,21,2025-11-25 16:57:00+00:00,28.05,9.9,0.09863013698630137
2025-11-26 21:00:00+00:00,2026-01-02 00:00:00+00:00,NET,NET260102P00200000,put,True,200.0,12.35,13.9,12.13,197.49000549316406,0.48987326538085946,0.036842886271592254,0.0,3.0,13,2025-11-26 18:46:06+00:00,2.2316666666666665,13.125,0.09863013698630137
2025-11-26 21:00:00+00:00,2026-01-02 00:00:00+00:00,NET,NET260102P00205000,put,True,205.0,13.8,16.15,16.25,197.49000549316406,0.4592339233398438,0.036842886271592254,0.0,,0,2025-11-18 14:46:48+00:00,198.22,14.975,0.09863013698630137
2025-11-26 21:00:00+00:00,2026-01-02 00:00:00+00:00,NET,NET260102P00210000,put,True,210.0,17.5,19.3,26.82,197.49000549316406,0.45166563964843753,0.036842886271592254,0.0,1.0,4,2025-11-21 18:23:32+00:00,122.60777777777778,18.4,0.09863013698630137
2025-11-26 21:00:00+00:00,2026-01-02 00:00:00+00:00,NET,NET260102P00215000,put,True,215.0,20.25,23.3,17.47,197.49000549316406,0.4688163470458985,0.036842886271592254,0.0,8.0,6,2025-11-14 15:44:23+00:00,293.2602777777778,21.775,0.09863013698630137
2025-11-26 21:00:00+00:00,2026-01-02 00:00:00+00:00,NET,NET260102P00220000,put,True,220.0,24.05,26.75,28.64,197.49000549316406,0.44873598144531246,0.036842886271592254,0.0,,2,2025-11-19 20:54:45+00:00,168.0875,25.4,0.09863013698630137
2025-11-26 21:00:00+00:00,2026-01-02 00:00:00+00:00,NET,NET260102P00225000,put,True,225.0,28.05,30.45,20.9,197.49000549316406,0.42456630126953127,0.036842886271592254,0.0,,18,2025-11-13 19:01:46+00:00,313.97055555555556,29.25,0.09863013698630137
2025-11-26 21:00:00+00:00,2026-01-02 00:00:00+00:00,NET,NET260102P00230000,put,True,230.0,32.4,34.6,24.05,197.49000549316406,0.4094297338867187,0.036842886271592254,0.0,,6,2025-11-13 19:01:51+00:00,313.9691666666667,33.5,0.09863013698630137
2025-11-26 21:00:00+00:00,2026-01-02 00:00:00+00:00,NET,NET260102P00235000,put,True,235.0,36.85,39.4,48.0,197.49000549316406,0.4317683776855469,0.036842886271592254,0.0,10.0,10,2025-11-21 17:03:16+00:00,123.94555555555556,38.125,0.09863013698630137
2025-11-26 21:00:00+00:00,2026-01-02 00:00:00+00:00,NET,NET260102P00240000,put,True,240.0,41.5,44.1,52.02,197.49000549316406,0.44006907592773437,0.036842886271592254,0.0,1.0,1,2025-11-21 18:37:46+00:00,122.37055555555555,42.8,0.09863013698630137
2025-11-26 21:00:00+00:00,2026-01-16 00:00:00+00:00,NET,NET260116C00030000,call,True,30.0,165.9,169.35,219.5,197.49000549316406,2.566409833984375,0.036842886271592254,0.0,1.0,26,2025-10-31 19:10:36+00:00,625.8233333333334,167.625,0.136986301369863
2025-11-26 21:00:00+00:00,2026-01-16 00:00:00+00:00,NET,NET260116C00035000,call,True,35.0,0.0,0.0,162.52,197.49000549316406,1.0000000000000003e-05,0.036842886271592254,0.0,1.0,24,2025-08-25 18:46:05+00:00,2234.2319444444443,0.0,0.136986301369863
2025-11-26 21:00:00+00:00,2026-01-16 00:00:00+00:00,NET,NET260116C00040000,call,True,40.0,156.0,159.5,159.65,197.49000549316406,2.2402387744140624,0.036842886271592254,0.0,1.0,86,2025-11-20 15:19:56+00:00,149.6677777777778,157.75,0.136986301369863
2025-11-26 21:00:00+00:00,2026-01-16 00:00:00+00:00,NET,NET260116C00042500,call,True,42.5,153.55,156.95,187.94,197.49000549316406,2.156254609375,0.036842886271592254,0.0,63.0,63,2025-10-30 17:48:45+00:00,651.1875,155.25,0.136986301369863
2025-11-26 21:00:00+00:00,2026-01-16 00:00:00+00:00,NET,NET260116C00045000,call,True,45.0,151.0,154.55,185.46,197.49000549316406,2.0888719653320305,0.036842886271592254,0.0,63.0,114,2025-10-30 17:48:45+00:00,651.1875,152.775,0.136986301369863
2025-11-26 21:00:00+00:00,2026-01-16 00:00:00+00:00,NET,NET260116C00047500,call,True,47.5,67.55,71.95,49.76,197.49000549316406,1.0000000000000003e-05,0.036842886271592254,0.0,1.0,4,2024-12-16 05:10:46+00:00,8295.820555555556,69.75,0.136986301369863
2025-11-26 21:00:00+00:00,2026-01-16 00:00:00+00:00,NET,NET260116C00050000,call,True,50.0,145.55,149.5,174.23,197.49000549316406,1.8251961865234374,0.036842886271592254,0.0,5.0,61,2025-11-06 18:10:25+00:00,482.8263888888889,147.525,0.136986301369863
2025-11-26 21:00:00+00:00,2026-01-16 00:00:00+00:00,NET,NET260116C00055000,call,True,55.0,141.1,144.75,143.0,197.49000549316406,1.871582673339844,0.036842886271592254,0.0,1.0,56,2025-11-26 15:54:19+00:00,5.094722222222222,142.925,0.136986301369863
2025-11-26 21:00:00+00:00,2026-01-16 00:00:00+00:00,NET,NET260116C00060000,call,True,60.0,136.3,139.6,126.09,197.49000549316406,1.7587902685546877,0.036842886271592254,0.0,2.0,73,2025-11-21 15:23:43+00:00,125.60472222222222,137.95,0.136986301369863
2025-11-26 21:00:00+00:00,2026-01-16 00:00:00+00:00,NET,NET260116C00065000,call,True,65.0,131.9,134.85,133.72,197.49000549316406,1.767579287109375,0.036842886271592254,0.0,5.0,374,2025-11-26 20:56:48+00:00,0.05333333333333334,133.375,0.136986301369863
2025-11-26 21:00:00+00:00,2026-01-16 00:00:00+00:00,NET,NET260116C00070000,call,True,70.0,126.2,129.7,154.5,197.49000549316406,1.5454124291992186,0.036842886271592254,0.0,1.0,438,2025-11-13 14:35:10+00:00,318.4138888888889,127.94999999999999,0.136986301369863
2025-11-26 21:00:00+00:00,2026-01-16 00:00:00+00:00,NET,NET260116C00072500,call,True,72.5,100.55,103.95,83.23,197.49000549316406,1.0000000000000003e-05,0.036842886271592254,0.0,1.0,20,2025-05-15 13:47:38+00:00,4687.206111111111,102.25,0.136986301369863
2025-11-26 21:00:00+00:00,2026-01-16 00:00:00+00:00,NET,NET260116C00075000,call,True,75.0,121.1,124.75,150.37,197.49000549316406,1.443362158203125,0.036842886271592254,0.0,2.0,114,2025-11-06 17:51:00+00:00,483.15,122.925,0.136986301369863
2025-11-26 21:00:00+00:00,2026-01-16 00:00:00+00:00,NET,NET260116C00077500,call,True,77.5,26.55,27.4,22.7,197.49000549316406,1.0000000000000003e-05,0.036842886271592254,0.0,1.0,1,2024-12-16 05:10:47+00:00,8295.820277777777,26.975,0.136986301369863
2025-11-26 21:00:00+00:00,2026-01-16 00:00:00+00:00,NET,NET260116C00080000,call,True,80.0,116.15,119.5,127.55,197.49000549316406,1.3271518017578123,0.036842886271592254,0.0,1.0,418,2025-11-17 14:32:45+00:00,222.45416666666668,117.825,0.136986301369863
2025-11-26 21:00:00+00:00,2026-01-16 00:00:00+00:00,NET,NET260116C00082500,call,True,82.5,127.45,130.95,135.87,197.49000549316406,2.8618192517089844,0.036842886271592254,0.0,1.0,28,2025-09-29 16:07:37+00:00,1396.8730555555555,129.2,0.136986301369863
2025-11-26 21:00:00+00:00,2026-01-16 00:00:00+00:00,NET,NET260116C00085000,call,True,85.0,111.4,114.9,109.13,197.49000549316406,1.3261752441406247,0.036842886271592254,0.0,1.0,107,2025-11-24 16:52:51+00:00,52.119166666666665,113.15,0.136986301369863
2025-11-26 21:00:00+00:00,2026-01-16 00:00:00+00:00,NET,NET260116C00087500,call,True,87.5,0.0,0.0,115.2,197.49000549316406,1.0000000000000003e-05,0.036842886271592254,0.0,1.0,32,2025-08-12 14:45:53+00:00,2550.235277777778,0.0,0.136986301369863
2025-11-26 21:00:00+00:00,2026-01-16 00:00:00+00:00,NET,NET260116C00090000,call,True,90.0,106.2,109.9,117.65,197.49000549316406,1.2236366943359376,0.036842886271592254,0.0,1.0,272,2025-11-17 14:32:45+00:00,222.45416666666668,108.05000000000001,0.136986301369863
2025-11-26 21:00:00+00:00,2026-01-16 00:00:00+00:00,NET,NET260116C00092500,call,True,92.5,90.9,93.65,48.0,197.49000549316406,1.0000000000000003e-05,0.036842886271592254,0.0,40.0,25,2025-05-09 14:47:05+00:00,4830.215277777777,92.275,0.136986301369863
2025-11-26 21:00:00+00:00,2026-01-16 00:00:00+00:00,NET,NET260116C00095000,call,True,95.0,101.8,104.95,142.57,197.49000549316406,1.2124062817382812,0.036842886271592254,0.0,1.0,524,2025-11-11 18:40:04+00:00,362.33222222222224,103.375,0.136986301369863
2025-11-26 21:00:00+00:00,2026-01-16 00:00:00+00:00,NET,NET260116C00097500,call,True,97.5,0.0,0.0,110.84,197.49000549316406,1.0000000000000003e-05,0.036842886271592254,0.0,2.0,52,2025-09-02 16:36:42+00:00,2044.3883333333333,0.0,0.136986301369863
2025-11-26 21:00:00+00:00,2026-01-16 00:00:00+00:00,NET,NET260116C00100000,call,True,100.0,96.8,98.7,100.43,197.49000549316406,1.0112354125976561,0.036842886271592254,0.0,1.0,1104,2025-11-26 18:58:23+00:00,2.0269444444444447,97.75,0.136986301369863
2025-11-26 21:00:00+00:00,2026-01-16 00:00:00+00:00,NET,NET260116C00105000,call,True,105.0,92.2,95.1,93.34,197.49000549316406,1.1101118713378906,0.036842886271592254,0.0,12.0,902,2025-11-25 20:35:00+00:00,24.416666666666668,93.65,0.136986301369863
2025-11-26 21:00:00+00:00,2026-01-16 00:00:00+00:00,NET,NET260116C00110000,call,True,110.0,87.0,90.15,90.12,197.49000549316406,1.0290575891113285,0.036842886271592254,0.0,1.0,454,2025-11-26 18:58:23+00:00,2.0269444444444447,88.575,0.136986301369863
2025-11-26 21:00:00+00:00,2026-01-16 00:00:00+00:00,NET,NET260116C00115000,call,True,115.0,82.85,85.25,83.57,197.49000549316406,1.0241748010253908,0.036842886271592254,0.0,19.0,519,2025-11-25 20:54:39+00:00,24.089166666666667,84.05,0.136986301369863
2025-11-26 21:00:00+00:00,2026-01-16 00:00:00+00:00,NET,NET260116C00120000,call,True,120.0,77.35,79.2,78.78,197.49000549316406,0.8571791625976561,0.036842886271592254,0.0,17.0,884,2025-11-25 20:52:17+00:00,24.128611111111113,78.275,0.136986301369863
2025-11-26 21:00:00+00:00,2026-01-16 00:00:00+00:00,NET,NET260116C00125000,call,True,125.0,72.95,75.5,73.91,197.49000549316406,0.911133701171875,0.036842886271592254,0.0,15.0,480,2025-11-25 20:54:39+00:00,24.089166666666667,74.225,0.136986301369863
2025-11-26 21:00:00+00:00,2026-01-16 00:00:00+00:00,NET,NET260116C00130000,call,True,130.0,68.1,70.7,69.45,197.49000549316406,0.8649915844726561,0.036842886271592254,0.0,9.0,1373,2025-11-25 20:52:17+00:00,24.128611111111113,69.4,0.136986301369863
2025-11-26 21:00:00+00:00,2026-01-16 00:00:00+00:00,NET,NET260116C00135000,call,True,135.0,63.3,65.9,64.37,197.49000549316406,0.8208025732421874,0.036842886271592254,0.0,3.0,205,2025-11-25 20:51:50+00:00,24.136111111111113,64.6,0.136986301369863
2025-11-26 21:00:00+00:00,2026-01-16 00:00:00+00:00,NET,NET260116C00140000,call,True,140.0,58.15,61.1,60.4,197.49000549316406,0.7613549255371095,0.036842886271592254,0.0,5.0,2029,2025-11-26 16:23:30+00:00,4.608333333333333,59.625,0.136986301369863
2025-11-26 21:00:00+00:00,2026-01-16 00:00:00+00:00,NET,NET260116C00145000,call,True,145.0,53.8,56.35,79.01,197.49000549316406,0.7358424853515625,0.036842886271592254,0.0,1.0,673,2025-11-13 15:01:07+00:00,317.9813888888889,55.075,0.136986301369863
2025-11-26 21:00:00+00:00,2026-01-16 00:00:00+00:00,NET,NET260116C00150000,call,True,150.0,49.25,51.8,46.28,197.49000549316406,0.706179696044922,0.036842886271592254,0.0,16.0,635,2025-11-24 18:39:20+00:00,50.34444444444444,50.525,0.136986301369863
2025-11-26 21:00:00+00:00,2026-01-16 00:00:00+00:00,NET,NET260116C00155000,call,True,155.0,44.5,47.4,40.2,197.49000549316406,0.6715120739746094,0.036842886271592254,0.0,2.0,807,2025-11-25 16:43:12+00:00,28.28,45.95,0.136986301369863
2025-11-26 21:00:00+00:00,2026-01-16 00:00:00+00:00,NET,NET260116C00160000,call,True,160.0,40.1,42.9,48.6,197.49000549316406,0.6409948010253907,0.036842886271592254,0.0,11.0,277,2025-11-17 18:43:52+00:00,218.26888888888888,41.5,0.136986301369863
2025-11-26 21:00:00+00:00,2026-01-16 00:00:00+00:00,NET,NET260116C00165000,call,True,165.0,35.9,38.7,37.05,197.49000549316406,0.6192665026855471,0.036842886271592254,0.0,2.0,606,2025-11-26 15:37:19+00:00,5.378055555555555,37.3,0.136986301369863
2025-11-26 21:00:00+00:00,2026-01-16 00:00:00+00:00,NET,NET260116C00170000,call,True,170.0,31.8,34.45,30.18,197.49000549316406,0.5932657861328126,0.036842886271592254,0.0,2.0,598,2025-11-24 17:14:01+00:00,51.76638888888889,33.125,0.136986301369863
2025-11-26 21:00:00+00:00,2026-01-16 00:00:00+00:00,NET,NET260116C00175000,call,True,175.0,27.85,30.7,22.7,197.49000549316406,0.5758099060058592,0.036842886271592254,0.0,3.0,457,2025-11-25 15:27:36+00:00,29.54,29.275,0.136986301369863
2025-11-26 21:00:00+00:00,2026-01-16 00:00:00+00:00,NET,NET260116C00180000,call,True,180.0,24.4,27.0,25.61,197.49000549316406,0.5623823059082032,0.036842886271592254,0.0,6.0,751,2025-11-26 19:52:48+00:00,1.12,25.7,0.136986301369863
2025-11-26 21:00:00+00:00,2026-01-16 00:00:00+00:00,NET,NET260116C00185000,call,True,185.0,21.3,23.7,21.62,197.49000549316406,0.5553633331298828,0.036842886271592254,0.0,1.0,442,2025-11-25 20:34:56+00:00,24.41777777777778,22.5,0.136986301369863
2025-11-26 21:00:00+00:00,2026-01-16 00:00:00+00:00,NET,NET260116C00190000,call,True,190.0,18.4,19.0,19.84,197.49000549316406,0.5188036401367188,0.036842886271592254,0.0,119.0,333,2025-11-26 20:46:34+00:00,0.2238888888888889,18.7,0.136986301369863
2025-11-26 21:00:00+00:00,2026-01-16 00:00:00+00:00,NET,NET260116C00195000,call,True,195.0,15.45,16.25,15.93,197.49000549316406,0.5082446636962892,0.036842886271592254,0.0,8.0,278,2025-11-26 16:55:04+00:00,4.082222222222223,15.85,0.136986301369863
2025-11-26 21:00:00+00:00,2026-01-16 00:00:00+00:00,NET,NET260116C00200000,call,False,200.0,13.1,13.75,13.69,197.49000549316406,0.503483969116211,0.036842886271592254,0.0,142.0,1153,2025-11-26 20:57:20+00:00,0.044444444444444446,13.425,0.136986301369863
2025-11-26 21:00:00+00:00,2026-01-16 00:00:00+00:00,NET,NET260116C00210000,call,False,210.0,8.9,9.55,9.98,197.49000549316406,0.5009815527343751,0.036842886271592254,0.0,12.0,793,2025-11-26 20:21:22+00:00,0.6438888888888888,9.225000000000001,0.136986301369863
2025-11-26 21:00:00+00:00,2026-01-16 00:00:00+00:00,NET,NET260116C00220000,call,False,220.0,5.85,6.45,6.1,197.49000549316406,0.49255878540039066,0.036842886271592254,0.0,5.0,2262,2025-11-26 20:57:56+00:00,0.034444444444444444,6.15,0.136986301369863
2025-11-26 21:00:00+00:00,2026-01-16 00:00:00+00:00,NET,NET260116C00230000,call,False,230.0,3.7,4.15,4.3,197.49000549316406,0.48279325805664064,0.036842886271592254,0.0,11.0,900,2025-11-26 19:32:34+00:00,1.4572222222222222,3.9250000000000003,0.136986301369863
2025-11-26 21:00:00+00:00,2026-01-16 00:00:00+00:00,NET,NET260116C00240000,call,False,240.0,2.22,2.7,2.53,197.49000549316406,0.48187773986816407,0.036842886271592254,0.0,15.0,770,2025-11-26 18:23:23+00:00,2.6102777777777777,2.46,0.136986301369863
2025-11-26 21:00:00+00:00,2026-01-16 00:00:00+00:00,NET,NET260116C00250000,call,False,250.0,1.29,2.16,1.51,197.49000549316406,0.5117236328125,0.036842886271592254,0.0,24.0,1454,2025-11-26 18:23:23+00:00,2.6102777777777777,1.725,0.136986301369863
2025-11-26 21:00:00+00:00,2026-01-16 00:00:00+00:00,NET,NET260116C00260000,call,False,260.0,0.7,1.16,0.9,197.49000549316406,0.48901878173828134,0.036842886271592254,0.0,67.0,1203,2025-11-26 20:59:33+00:00,0.0075,0.9299999999999999,0.136986301369863
2025-11-26 21:00:00+00:00,2026-01-16 00:00:00+00:00,NET,NET260116C00270000,call,False,270.0,0.17,1.25,0.7,197.49000549316406,0.5468795312500001,0.036842886271592254,0.0,25.0,404,2025-11-24 18:04:08+00:00,50.931111111111115,0.71,0.136986301369863
2025-11-26 21:00:00+00:00,2026-01-16 00:00:00+00:00,NET,NET260116C00280000,call,False,280.0,0.14,0.8,0.41,197.49000549316406,0.5427291821289064,0.036842886271592254,0.0,1.0,560,2025-11-25 14:32:31+00:00,30.458055555555557,0.47000000000000003,0.136986301369863
2025-11-26 21:00:00+00:00,2026-01-16 00:00:00+00:00,NET,NET260116C00290000,call,False,290.0,0.05,0.75,0.05,197.49000549316406,0.5190477783203125,0.036842886271592254,0.0,1.0,147,2025-11-25 19:31:07+00:00,25.48138888888889,0.4,0.136986301369863
2025-11-26 21:00:00+00:00,2026-01-16 00:00:00+00:00,NET,NET260116C00300000,call,False,300.0,0.01,0.7,0.24,197.49000549316406,0.5459029785156251,0.036842886271592254,0.0,5.0,176,2025-11-25 15:53:48+00:00,29.10333333333333,0.355,0.136986301369863
2025-11-26 21:00:00+00:00,2026-01-16 00:00:00+00:00,NET,NET260116C00310000,call,False,310.0,0.01,0.57,0.19,197.49000549316406,0.5634809277343751,0.036842886271592254,0.0,2.0,117,2025-11-25 15:53:20+00:00,29.11111111111111,0.29,0.136986301369863
2025-11-26 21:00:00+00:00,2026-01-16 00:00:00+00:00,NET,NET260116C00320000,call,False,320.0,0.0,0.48,0.81,197.49000549316406,0.5810588769531251,0.036842886271592254,0.0,4.0,52,2025-11-13 18:30:07+00:00,314.49805555555554,0.24,0.136986301369863
2025-11-26 21:00:00+00:00,2026-01-16 00:00:00+00:00,NET,NET260116C00330000,call,False,330.0,0.01,0.44,0.01,197.49000549316406,0.6064492480468751,0.036842886271592254,0.0,1.0,169,2025-11-25 16:14:54+00:00,28.751666666666665,0.225,0.136986301369863
2025-11-26 21:00:00+00:00,2026-01-16 00:00:00+00:00,NET,NET260116C00340000,call,False,340.0,0.0,0.42,0.45,197.49000549316406,0.629886513671875,0.036842886271592254,0.0,1.0,16,2025-11-13 19:43:30+00:00,313.275,0.21,0.136986301369863
2025-11-26 21:00:00+00:00,2026-01-16 00:00:00+00:00,NET,NET260116C00360000,call,False,360.0,0.0,0.39,0.56,197.49000549316406,0.6787141503906251,0.036842886271592254,0.0,8.0,8,2025-11-07 20:56:38+00:00,456.05611111111114,0.195,0.136986301369863
2025-11-26 21:00:00+00:00,2026-01-16 00:00:00+00:00,NET,NET260116C00380000,call,False,380.0,0.0,0.11,0.39,197.49000549316406,0.6347692773437501,0.036842886271592254,0.0,10.0,12,2025-11-13 14:33:27+00:00,318.4425,0.055,0.136986301369863
2025-11-26 21:00:00+00:00,2026-01-16 00:00:00+00:00,NET,NET260116P00030000,put,False,30.0,0.0,0.15,0.03,197.49000549316406,1.9296878515625,0.036842886271592254,0.0,1.0,85,2025-11-19 15:35:28+00:00,173.4088888888889,0.075,0.136986301369863
2025-11-26 21:00:00+00:00,2026-01-16 00:00:00+00:00,NET,NET260116P00035000,put,False,35.0,0.0,0.13,0.03,197.49000549316406,1.74609501953125,0.036842886271592254,0.0,15.0,825,2025-11-20 19:46:06+00:00,145.23166666666665,0.065,0.136986301369863
2025-11-26 21:00:00+00:00,2026-01-16 00:00:00+00:00,NET,NET260116P00040000,put,False,40.0,0.0,0.35,0.1,197.49000549316406,1.8066415917968748,0.036842886271592254,0.0,1.0,85,2025-10-10 16:05:54+00:00,1132.9016666666666,0.175,0.136986301369863
2025-11-26 21:00:00+00:00,2026-01-16 00:00:00+00:00,NET,NET260116P00042500,put,False,42.5,0.0,0.62,0.12,197.49000549316406,1.876953740234375,0.036842886271592254,0.0,2.0,12,2025-07-16 18:15:20+00:00,3194.7444444444445,0.31,0.136986301369863
2025-11-26 21:00:00+00:00,2026-01-16 00:00:00+00:00,NET,NET260116P00045000,put,False,45.0,0.0,2.13,0.08,197.49000549316406,2.2065474523925777,0.036842886271592254,0.0,4.0,184,2025-09-08 19:45:38+00:00,1897.2394444444444,1.065,0.136986301369863
2025-11-26 21:00:00+00:00,2026-01-16 00:00:00+00:00,NET,NET260116P00047500,put,False,47.5,0.0,1.36,0.27,197.49000549316406,1.9658204833984376,0.036842886271592254,0.0,1.0,18,2025-07-21 19:46:28+00:00,3073.2255555555557,0.68,0.136986301369863
2025-11-26 21:00:00+00:00,2026-01-16 00:00:00+00:00,NET,NET260116P00050000,put,False,50.0,0.0,0.42,0.19,197.49000549316406,1.5957051464843748,0.036842886271592254,0.0,1.0,425,2025-08-22 16:51:49+00:00,2308.136388888889,0.21,0.136986301369863
2025-11-26 21:00:00+00:00,2026-01-16 00:00:00+00:00,NET,NET260116P00055000,put,False,55.0,0.0,2.19,0.06,197.49000549316406,1.9267581787109376,0.036842886271592254,0.0,2.0,81,2025-09-24 19:15:52+00:00,1513.7355555555555,1.095,0.136986301369863
2025-11-26 21:00:00+00:00,2026-01-16 00:00:00+00:00,NET,NET260116P00060000,put,False,60.0,0.0,1.39,0.57,197.49000549316406,1.6621110644531252,0.036842886271592254,0.0,1.0,284,2025-08-08 19:21:19+00:00,2641.6447222222223,0.695,0.136986301369863
2025-11-26 21:00:00+00:00,2026-01-16 00:00:00+00:00,NET,NET260116P00065000,put,False,65.0,0.0,2.18,0.26,197.49000549316406,1.6875015625,0.036842886271592254,0.0,1.0,218,2025-09-10 16:15:42+00:00,1852.7383333333332,1.09,0.136986301369863
2025-11-26 21:00:00+00:00,2026-01-16 00:00:00+00:00,NET,NET260116P00070000,put,False,70.0,0.0,0.85,0.17,197.49000549316406,1.3486360693359374,0.036842886271592254,0.0,2.0,1003,2025-09-22 16:15:12+00:00,1564.7466666666667,0.425,0.136986301369863
2025-11-26 21:00:00+00:00,2026-01-16 00:00:00+00:00,NET,NET260116P00072500,put,False,72.5,0.0,0.0,11.12,197.49000549316406,0.500005,0.036842886271592254,0.0,1.0,0,2025-04-07 13:33:25+00:00,5599.4430555555555,0.0,0.136986301369863
2025-11-26 21:00:00+00:00,2026-01-16 00:00:00+00:00,NET,NET260116P00075000,put,False,75.0,0.0,2.2,0.17,197.49000549316406,1.4882838085937498,0.036842886271592254,0.0,1.0,298,2025-10-27 18:04:04+00:00,722.9322222222222,1.1,0.136986301369863
2025-11-26 21:00:00+00:00,2026-01-16 00:00:00+00:00,NET,NET260116P00077500,put,False,77.5,0.31,1.74,1.07,197.49000549316406,1.4228544482421874,0.036842886271592254,0.0,1.0,90,2025-06-11 15:49:35+00:00,4037.1736111111113,1.025,0.136986301369863
2025-11-26 21:00:00+00:00,2026-01-16 00:00:00+00:00,NET,NET260116P00080000,put,False,80.0,0.0,2.21,0.25,197.49000549316406,1.3989287866210938,0.036842886271592254,0.0,2.0,1123,2025-10-30 15:26:16+00:00,653.5622222222222,1.105,0.136986301369863
2025-11-26 21:00:00+00:00,2026-01-16 00:00:00+00:00,NET,NET260116P00082500,put,False,82.5,0.0,2.22,0.4,197.49000549316406,1.3569368090820313,0.036842886271592254,0.0,1.0,104,2025-11-14 20:29:46+00:00,288.50388888888887,1.11,0.136986301369863
2025-11-26 21:00:00+00:00,2026-01-16 00:00:00+00:00,NET,NET260116P00085000,put,False,85.0,0.0,0.8,0.54,197.49000549316406,1.1025435498046878,0.036842886271592254,0.0,1.0,157,2025-11-14 20:29:46+00:00,288.50388888888887,0.4,0.136986301369863
2025-11-26 21:00:00+00:00,2026-01-16 00:00:00+00:00,NET,NET260116P00087500,put,False,87.5,0.0,0.56,0.79,197.49000549316406,1.0127002490234376,0.036842886271592254,0.0,5.0,32,2025-08-21 17:10:36+00:00,2331.8233333333333,0.28,0.136986301369863
2025-11-26 21:00:00+00:00,2026-01-16 00:00:00+00:00,NET,NET260116P00090000,put,False,90.0,0.0,0.42,0.17,197.49000549316406,0.9414068359375,0.036842886271592254,0.0,2.0,1799,2025-10-30 15:26:27+00:00,653.5591666666667,0.21,0.136986301369863
2025-11-26 21:00:00+00:00,2026-01-16 00:00:00+00:00,NET,NET260116P00092500,put,False,92.5,0.0,0.43,0.32,197.49000549316406,0.914063359375,0.036842886271592254,0.0,1.0,613,2025-11-19 18:59:16+00:00,170.01222222222222,0.215,0.136986301369863
2025-11-26 21:00:00+00:00,2026-01-16 00:00:00+00:00,NET,NET260116P00095000,put,False,95.0,0.0,0.45,0.27,197.49000549316406,0.8896495410156249,0.036842886271592254,0.0,1.0,467,2025-11-20 20:44:04+00:00,144.26555555555555,0.225,0.136986301369863
2025-11-26 21:00:00+00:00,2026-01-16 00:00:00+00:00,NET,NET260116P00097500,put,False,97.5,0.0,2.07,0.66,197.49000549316406,1.107426337890625,0.036842886271592254,0.0,1.0,370,2025-08-27 18:48:33+00:00,2186.1908333333336,1.035,0.136986301369863
2025-11-26 21:00:00+00:00,2026-01-16 00:00:00+00:00,NET,NET260116P00100000,put,False,100.0,0.0,0.49,0.26,197.49000549316406,0.842775009765625,0.036842886271592254,0.0,3.0,1337,2025-11-25 20:08:22+00:00,24.860555555555557,0.245,0.136986301369863
2025-11-26 21:00:00+00:00,2026-01-16 00:00:00+00:00,NET,NET260116P00105000,put,False,105.0,0.05,0.5,0.27,197.49000549316406,0.8007832421875,0.036842886271592254,0.0,2.0,558,2025-11-26 18:58:23+00:00,2.0269444444444447,0.275,0.136986301369863
2025-11-26 21:00:00+00:00,2026-01-16 00:00:00+00:00,NET,NET260116P00110000,put,False,110.0,0.07,0.61,0.26,197.49000549316406,0.7719749365234375,0.036842886271592254,0.0,19.0,874,2025-11-25 20:35:00+00:00,24.416666666666668,0.33999999999999997,0.136986301369863
2025-11-26 21:00:00+00:00,2026-01-16 00:00:00+00:00,NET,NET260116P00115000,put,False,115.0,0.12,0.46,0.37,197.49000549316406,0.702151416015625,0.036842886271592254,0.0,21.0,278,2025-11-25 20:48:25+00:00,24.193055555555556,0.29000000000000004,0.136986301369863
2025-11-26 21:00:00+00:00,2026-01-16 00:00:00+00:00,NET,NET260116P00120000,put,False,120.0,0.03,0.76,0.34,197.49000549316406,0.68555001953125,0.036842886271592254,0.0,1.0,908,2025-11-26 19:59:38+00:00,1.0061111111111112,0.395,0.136986301369863
2025-11-26 21:00:00+00:00,2026-01-16 00:00:00+00:00,NET,NET260116P00125000,put,False,125.0,0.1,0.76,0.6,197.49000549316406,0.6450230810546875,0.036842886271592254,0.0,50.0,288,2025-11-25 20:52:17+00:00,24.128611111111113,0.43,0.136986301369863
2025-11-26 21:00:00+00:00,2026-01-16 00:00:00+00:00,NET,NET260116P00130000,put,False,130.0,0.55,1.0,0.72,197.49000549316406,0.6650424121093752,0.036842886271592254,0.0,11.0,1253,2025-11-25 20:51:50+00:00,24.136111111111113,0.775,0.136986301369863
2025-11-26 21:00:00+00:00,2026-01-16 00:00:00+00:00,NET,NET260116P00135000,put,False,135.0,0.4,1.15,0.93,197.49000549316406,0.6140175317382813,0.036842886271592254,0.0,4.0,235,2025-11-25 20:48:25+00:00,24.193055555555556,0.7749999999999999,0.136986301369863
2025-11-26 21:00:00+00:00,2026-01-16 00:00:00+00:00,NET,NET260116P00140000,put,False,140.0,0.71,1.4,1.54,197.49000549316406,0.6030313134765627,0.036842886271592254,0.0,1.0,945,2025-11-25 14:57:20+00:00,30.044444444444444,1.055,0.136986301369863
2025-11-26 21:00:00+00:00,2026-01-16 00:00:00+00:00,NET,NET260116P00145000,put,False,145.0,0.98,1.43,1.24,197.49000549316406,0.5695843823242188,0.036842886271592254,0.0,7.0,1036,2025-11-26 18:35:59+00:00,2.4002777777777777,1.205,0.136986301369863
2025-11-26 21:00:00+00:00,2026-01-16 00:00:00+00:00,NET,NET260116P00150000,put,False,150.0,1.25,1.82,1.54,197.49000549316406,0.5516402258300781,0.036842886271592254,0.0,1.0,977,2025-11-26 15:41:19+00:00,5.311388888888889,1.5350000000000001,0.136986301369863
2025-11-26 21:00:00+00:00,2026-01-16 00:00:00+00:00,NET,NET260116P00155000,put,False,155.0,1.85,2.19,1.97,197.49000549316406,0.5397995239257813,0.036842886271592254,0.0,10.0,374,2025-11-26 15:40:15+00:00,5.329166666666667,2.02,0.136986301369863
2025-11-26 21:00:00+00:00,2026-01-16 00:00:00+00:00,NET,NET260116P00160000,put,False,160.0,2.15,2.77,2.83,197.49000549316406,0.5170946728515625,0.036842886271592254,0.0,11.0,248,2025-11-26 20:30:41+00:00,0.4886111111111111,2.46,0.136986301369863
2025-11-26 21:00:00+00:00,2026-01-16 00:00:00+00:00,NET,NET260116P00165000,put,False,165.0,2.8,3.5,3.03,197.49000549316406,0.5036670727539063,0.036842886271592254,0.0,68.0,1083,2025-11-26 20:48:13+00:00,0.1963888888888889,3.15,0.136986301369863
2025-11-26 21:00:00+00:00,2026-01-16 00:00:00+00:00,NET,NET260116P00170000,put,False,170.0,3.85,4.3,4.02,197.49000549316406,0.505742247314453,0.036842886271592254,0.0,14.0,1256,2025-11-26 20:56:48+00:00,0.05333333333333334,4.075,0.136986301369863
2025-11-26 21:00:00+00:00,2026-01-16 00:00:00+00:00,NET,NET260116P00175000,put,False,175.0,4.95,5.6,5.25,197.49000549316406,0.5031787963867188,0.036842886271592254,0.0,2.0,708,2025-11-26 15:40:13+00:00,5.329722222222222,5.275,0.136986301369863
2025-11-26 21:00:00+00:00,2026-01-16 00:00:00+00:00,NET,NET260116P00180000,put,False,180.0,6.45,6.75,6.13,197.49000549316406,0.4844411907958984,0.036842886271592254,0.0,25.0,266,2025-11-26 18:54:58+00:00,2.0838888888888887,6.6,0.136986301369863
2025-11-26 21:00:00+00:00,2026-01-16 00:00:00+00:00,NET,NET260116P00185000,put,False,185.0,8.1,8.45,7.6,197.49000549316406,0.47876497802734375,0.036842886271592254,0.0,15.0,208,2025-11-26 20:51:11+00:00,0.14694444444444443,8.274999999999999,0.136986301369863
2025-11-26 21:00:00+00:00,2026-01-16 00:00:00+00:00,NET,NET260116P00190000,put,False,190.0,10.05,10.4,9.79,197.49000549316406,0.47241738525390625,0.036842886271592254,0.0,3.0,618,2025-11-26 17:55:27+00:00,3.075833333333333,10.225000000000001,0.136986301369863
2025-11-26 21:00:00+00:00,2026-01-16 00:00:00+00:00,NET,NET260116P00195000,put,False,195.0,12.15,12.8,11.95,197.49000549316406,0.47186807434082034,0.036842886271592254,0.0,12.0,531,2025-11-26 17:55:27+00:00,3.075833333333333,12.475000000000001,0.136986301369863
2025-11-26 21:00:00+00:00,2026-01-16 00:00:00+00:00,NET,NET260116P00200000,put,True,200.0,14.65,15.05,14.7,197.49000549316406,0.45642633422851564,0.036842886271592254,0.0,15.0,712,2025-11-26 20:57:07+00:00,0.04805555555555555,14.850000000000001,0.136986301369863
2025-11-26 21:00:00+00:00,2026-01-16 00:00:00+00:00,NET,NET260116P00210000,put,True,210.0,20.6,20.85,21.8,197.49000549316406,0.4405573522949219,0.036842886271592254,0.0,3.0,357,2025-11-25 20:08:17+00:00,24.861944444444443,20.725,0.136986301369863
2025-11-26 21:00:00+00:00,2026-01-16 00:00:00+00:00,NET,NET260116P00220000,put,True,220.0,25.7,28.1,31.55,197.49000549316406,0.43884838500976564,0.036842886271592254,0.0,4.0,340,2025-11-24 19:21:55+00:00,49.63472222222222,26.9,0.136986301369863
2025-11-26 21:00:00+00:00,2026-01-16 00:00:00+00:00,NET,NET260116P00230000,put,True,230.0,33.5,36.25,34.0,197.49000549316406,0.4398249377441406,0.036842886271592254,0.0,3.0,230,2025-11-26 20:41:21+00:00,0.31083333333333335,34.875,0.136986301369863
2025-11-26 21:00:00+00:00,2026-01-16 00:00:00+00:00,NET,NET260116P00240000,put,True,240.0,42.15,44.9,51.39,197.49000549316406,0.4332332067871094,0.036842886271592254,0.0,1.0,153,2025-11-20 20:43:30+00:00,144.275,43.525,0.136986301369863
2025-11-26 21:00:00+00:00,2026-01-16 00:00:00+00:00,NET,NET260116P00250000,put,True,250.0,51.3,53.7,60.88,197.49000549316406,0.39014281738281253,0.036842886271592254,0.0,1.0,87,2025-11-25 16:12:00+00:00,28.8,52.5,0.136986301369863
2025-11-26 21:00:00+00:00,2026-01-16 00:00:00+00:00,NET,NET260116P00260000,put,True,260.0,61.05,63.55,29.8,197.49000549316406,0.41919526123046874,0.036842886271592254,0.0,2.0,38,2025-11-10 15:37:51+00:00,389.3691666666667,62.3,0.136986301369863
2025-11-26 21:00:00+00:00,2026-01-16 00:00:00+00:00,NET,NET260116P00270000,put,True,270.0,70.9,74.5,48.34,197.49000549316406,0.569340244140625,0.036842886271592254,0.0,1.0,1,2025-11-12 17:45:04+00:00,339.24888888888887,72.7,0.136986301369863
2025-11-26 21:00:00+00:00,2026-01-16 00:00:00+00:00,NET,NET260116P00280000,put,True,280.0,80.9,84.4,47.05,197.49000549316406,0.6076699389648439,0.036842886271592254,0.0,5.0,0,2025-11-04 14:32:27+00:00,534.4591666666666,82.65,0.136986301369863
2025-11-26 21:00:00+00:00,2026-01-16 00:00:00+00:00,NET,NET260116P00290000,put,True,290.0,90.9,94.3,66.0,197.49000549316406,0.6423375610351563,0.036842886271592254,0.0,10.0,0,2025-10-28 13:32:29+00:00,703.4586111111112,92.6,0.136986301369863
2025-11-26 21:00:00+00:00,2026-01-16 00:00:00+00:00,NET,NET260116P00300000,put,True,300.0,0.0,0.0,100.65,197.49000549316406,1.0000000000000003e-05,0.036842886271592254,0.0,,1,2025-09-02 13:31:17+00:00,2047.4786111111111,0.0,0.136986301369863
2025-11-26 21:00:00+00:00,2026-01-16 00:00:00+00:00,NET,NET260116P00320000,put,True,320.0,107.35,111.0,110.0,197.49000549316406,1.0000000000000003e-05,0.036842886271592254,0.0,26.0,0,2025-10-16 19:41:51+00:00,985.3025,109.175,0.136986301369863
2025-11-26 21:00:00+00:00,2026-02-20 00:00:00+00:00,NET,NET260220C00090000,call,True,90.0,108.6,109.95,105.98,197.49000549316406,1.1110884289550782,0.036842886271592254,0.0,,20,2025-06-26 16:26:13+00:00,3676.5630555555554,109.275,0.2328767123287671
2025-11-26 21:00:00+00:00,2026-02-20 00:00:00+00:00,NET,NET260220C00095000,call,True,95.0,102.0,105.65,93.5,197.49000549316406,0.9924317163085938,0.036842886271592254,0.0,2.0,4,2025-11-21 17:34:47+00:00,123.42027777777778,103.825,0.2328767123287671
2025-11-26 21:00:00+00:00,2026-02-20 00:00:00+00:00,NET,NET260220C00100000,call,True,100.0,97.3,100.8,88.45,197.49000549316406,0.9575199560546874,0.036842886271592254,0.0,1.0,1,2025-11-21 16:35:31+00:00,124.40805555555555,99.05,0.2328767123287671
2025-11-26 21:00:00+00:00,2026-02-20 00:00:00+00:00,NET,NET260220C00110000,call,True,110.0,88.55,91.25,80.95,197.49000549316406,0.9196785375976562,0.036842886271592254,0.0,2.0,2,2025-11-21 17:50:36+00:00,123.15666666666667,89.9,0.2328767123287671
2025-11-26 21:00:00+00:00,2026-02-20 00:00:00+00:00,NET,NET260220C00115000,call,True,115.0,83.7,85.85,108.5,197.49000549316406,0.8519301916503907,0.036842886271592254,0.0,3.0,3,2025-10-27 15:06:01+00:00,725.8997222222222,84.775,0.2328767123287671
2025-11-26 21:00:00+00:00,2026-02-20 00:00:00+00:00,NET,NET260220C00120000,call,True,120.0,78.85,81.85,77.71,197.49000549316406,0.8399674206542969,0.036842886271592254,0.0,20.0,18,2025-11-18 15:39:29+00:00,197.34194444444444,80.35,0.2328767123287671
2025-11-26 21:00:00+00:00,2026-02-20 00:00:00+00:00,NET,NET260220C00125000,call,True,125.0,74.6,77.2,74.85,197.49000549316406,0.8214129187011718,0.036842886271592254,0.0,1.0,5,2025-11-26 15:21:16+00:00,5.645555555555555,75.9,0.2328767123287671
2025-11-26 21:00:00+00:00,2026-02-20 00:00:00+00:00,NET,NET260220C00130000,call,True,130.0,70.0,72.65,66.07,197.49000549316406,0.7922384057617188,0.036842886271592254,0.0,1.0,18,2025-11-24 18:50:23+00:00,50.16027777777778,71.325,0.2328767123287671
2025-11-26 21:00:00+00:00,2026-02-20 00:00:00+00:00,NET,NET260220C00135000,call,True,135.0,65.55,68.15,57.05,197.49000549316406,0.766725965576172,0.036842886271592254,0.0,1.0,4,2025-11-21 16:34:35+00:00,124.42361111111111,66.85,0.2328767123287671
2025-11-26 21:00:00+00:00,2026-02-20 00:00:00+00:00,NET,NET260220C00140000,call,True,140.0,61.1,63.0,54.92,197.49000549316406,0.7229031616210937,0.036842886271592254,0.0,1.0,21,2025-11-24 14:44:33+00:00,54.2575,62.05,0.2328767123287671
2025-11-26 21:00:00+00:00,2026-02-20 00:00:00+00:00,NET,NET260220C00145000,call,True,145.0,56.65,58.7,54.67,197.49000549316406,0.6992827923583984,0.036842886271592254,0.0,2.0,21,2025-11-24 15:00:20+00:00,53.99444444444445,57.675,0.2328767123287671
2025-11-26 21:00:00+00:00,2026-02-20 00:00:00+00:00,NET,NET260220C00150000,call,True,150.0,52.3,55.15,53.05,197.49000549316406,0.6914093359375001,0.036842886271592254,0.0,2.0,24,2025-11-19 17:21:32+00:00,171.64111111111112,53.724999999999994,0.2328767123287671
2025-11-26 21:00:00+00:00,2026-02-20 00:00:00+00:00,NET,NET260220C00155000,call,True,155.0,48.55,50.8,49.5,197.49000549316406,0.6746858703613283,0.036842886271592254,0.0,1.0,12,2025-11-18 15:34:18+00:00,197.42833333333334,49.675,0.2328767123287671
2025-11-26 21:00:00+00:00,2026-02-20 00:00:00+00:00,NET,NET260220C00160000,call,True,160.0,44.05,47.35,77.15,197.49000549316406,0.6571079211425781,0.036842886271592254,0.0,1.0,23,2025-11-05 19:07:48+00:00,505.87,45.7,0.2328767123287671
2025-11-26 21:00:00+00:00,2026-02-20 00:00:00+00:00,NET,NET260220C00165000,call,True,165.0,40.85,43.15,33.54,197.49000549316406,0.6455113574218749,0.036842886271592254,0.0,22.0,40,2025-11-21 16:02:24+00:00,124.96,42.0,0.2328767123287671
2025-11-26 21:00:00+00:00,2026-02-20 00:00:00+00:00,NET,NET260220C00170000,call,True,170.0,37.2,38.65,85.15,197.49000549316406,0.6176185699462893,0.036842886271592254,0.0,2.0,59,2025-10-31 19:10:36+00:00,625.8233333333334,37.925,0.2328767123287671
2025-11-26 21:00:00+00:00,2026-02-20 00:00:00+00:00,NET,NET260220C00175000,call,True,175.0,34.15,35.85,31.81,197.49000549316406,0.6221961608886719,0.036842886271592254,0.0,1.0,18,2025-11-24 20:36:41+00:00,48.38861111111111,35.0,0.2328767123287671
2025-11-26 21:00:00+00:00,2026-02-20 00:00:00+00:00,NET,NET260220C00180000,call,True,180.0,31.35,32.0,36.0,197.49000549316406,0.6093789062500001,0.036842886271592254,0.0,2.0,28,2025-11-18 20:28:04+00:00,192.53222222222223,31.675,0.2328767123287671
2025-11-26 21:00:00+00:00,2026-02-20 00:00:00+00:00,NET,NET260220C00185000,call,True,185.0,27.95,30.5,30.04,197.49000549316406,0.6169471899414063,0.036842886271592254,0.0,1.0,36,2025-11-26 19:09:40+00:00,1.8388888888888888,29.225,0.2328767123287671
2025-11-26 21:00:00+00:00,2026-02-20 00:00:00+00:00,NET,NET260220C00190000,call,True,190.0,25.65,26.75,27.0,197.49000549316406,0.6035195898437502,0.036842886271592254,0.0,100.0,2591,2025-11-26 19:07:30+00:00,1.875,26.2,0.2328767123287671
2025-11-26 21:00:00+00:00,2026-02-20 00:00:00+00:00,NET,NET260220C00195000,call,True,195.0,22.6,25.1,23.62,197.49000549316406,0.6039163143920901,0.036842886271592254,0.0,2.0,40,2025-11-26 17:13:32+00:00,3.7744444444444443,23.85,0.2328767123287671
2025-11-26 21:00:00+00:00,2026-02-20 00:00:00+00:00,NET,NET260220C00200000,call,False,200.0,20.7,21.2,21.68,197.49000549316406,0.5852702606201172,0.036842886271592254,0.0,112.0,229,2025-11-26 19:58:02+00:00,1.0327777777777778,20.95,0.2328767123287671
2025-11-26 21:00:00+00:00,2026-02-20 00:00:00+00:00,NET,NET260220C00210000,call,False,210.0,16.45,16.9,17.7,197.49000549316406,0.5751995605468749,0.036842886271592254,0.0,6.0,203,2025-11-26 18:48:11+00:00,2.1969444444444446,16.674999999999997,0.2328767123287671
2025-11-26 21:00:00+00:00,2026-02-20 00:00:00+00:00,NET,NET260220C00220000,call,False,220.0,12.65,13.3,14.08,197.49000549316406,0.5631147204589844,0.036842886271592254,0.0,12.0,252,2025-11-26 19:21:11+00:00,1.6469444444444445,12.975000000000001,0.2328767123287671
2025-11-26 21:00:00+00:00,2026-02-20 00:00:00+00:00,NET,NET260220C00230000,call,False,230.0,9.65,10.3,10.95,197.49000549316406,0.5535933312988282,0.036842886271592254,0.0,23.0,285,2025-11-26 19:17:36+00:00,1.7066666666666668,9.975000000000001,0.2328767123287671
2025-11-26 21:00:00+00:00,2026-02-20 00:00:00+00:00,NET,NET260220C00240000,call,False,240.0,7.4,8.1,8.06,197.49000549316406,0.5512129840087892,0.036842886271592254,0.0,5.0,107,2025-11-26 18:46:26+00:00,2.226111111111111,7.75,0.2328767123287671
2025-11-26 21:00:00+00:00,2026-02-20 00:00:00+00:00,NET,NET260220C00250000,call,False,250.0,5.8,6.25,6.1,197.49000549316406,0.5509078112792969,0.036842886271592254,0.0,14.0,237,2025-11-26 20:52:28+00:00,0.12555555555555556,6.025,0.2328767123287671
2025-11-26 21:00:00+00:00,2026-02-20 00:00:00+00:00,NET,NET260220C00260000,call,False,260.0,3.8,5.05,4.99,197.49000549316406,0.5413864221191409,0.036842886271592254,0.0,1.0,84,2025-11-26 19:37:17+00:00,1.378611111111111,4.425,0.2328767123287671
2025-11-26 21:00:00+00:00,2026-02-20 00:00:00+00:00,NET,NET260220C00270000,call,False,270.0,3.3,3.9,3.5,197.49000549316406,0.5512740185546876,0.036842886271592254,0.0,2.0,262,2025-11-21 17:30:16+00:00,123.49555555555555,3.5999999999999996,0.2328767123287671
2025-11-26 21:00:00+00:00,2026-02-20 00:00:00+00:00,NET,NET260220C00280000,call,False,280.0,2.4,3.35,4.5,197.49000549316406,0.5572554040527344,0.036842886271592254,0.0,1.0,193,2025-11-20 14:32:46+00:00,150.45388888888888,2.875,0.2328767123287671
2025-11-26 21:00:00+00:00,2026-02-20 00:00:00+00:00,NET,NET260220C00290000,call,False,290.0,1.45,2.48,1.85,197.49000549316406,0.5422409057617189,0.036842886271592254,0.0,1.0,212,2025-11-24 15:02:32+00:00,53.95777777777778,1.9649999999999999,0.2328767123287671
2025-11-26 21:00:00+00:00,2026-02-20 00:00:00+00:00,NET,NET260220C00300000,call,False,300.0,1.3,1.87,1.6,197.49000549316406,0.5498091894531252,0.036842886271592254,0.0,7.0,507,2025-11-26 20:48:49+00:00,0.18638888888888888,1.585,0.2328767123287671
2025-11-26 21:00:00+00:00,2026-02-20 00:00:00+00:00,NET,NET260220C00310000,call,False,310.0,0.89,1.58,1.85,197.49000549316406,0.55273884765625,0.036842886271592254,0.0,4.0,282,2025-11-19 20:54:28+00:00,168.09222222222223,1.235,0.2328767123287671
2025-11-26 21:00:00+00:00,2026-02-20 00:00:00+00:00,NET,NET260220C00320000,call,False,320.0,0.44,1.7,1.4,197.49000549316406,0.5664105859375,0.036842886271592254,0.0,1.0,48,2025-11-20 16:58:15+00:00,148.02916666666667,1.07,0.2328767123287671
2025-11-26 21:00:00+00:00,2026-02-20 00:00:00+00:00,NET,NET260220C00330000,call,False,330.0,0.35,1.1,0.65,197.49000549316406,0.5549360913085939,0.036842886271592254,0.0,1.0,118,2025-11-25 18:09:36+00:00,26.84,0.7250000000000001,0.2328767123287671
2025-11-26 21:00:00+00:00,2026-02-20 00:00:00+00:00,NET,NET260220C00340000,call,False,340.0,0.04,1.15,1.04,197.49000549316406,0.5620160986328125,0.036842886271592254,0.0,2.0,8,2025-11-20 20:27:09+00:00,144.5475,0.595,0.2328767123287671
2025-11-26 21:00:00+00:00,2026-02-20 00:00:00+00:00,NET,NET260220C00370000,call,False,370.0,0.07,0.75,0.93,197.49000549316406,0.5976602734375001,0.036842886271592254,0.0,1.0,1,2025-11-14 14:31:33+00:00,294.4741666666667,0.41000000000000003,0.2328767123287671
2025-11-26 21:00:00+00:00,2026-02-20 00:00:00+00:00,NET,NET260220C00380000,call,False,380.0,0.0,0.71,0.44,197.49000549316406,0.6059609716796877,0.036842886271592254,0.0,1.0,17,2025-11-19 15:55:23+00:00,173.07694444444445,0.355,0.2328767123287671
2025-11-26 21:00:00+00:00,2026-02-20 00:00:00+00:00,NET,NET260220P00090000,put,False,90.0,0.76,1.53,1.81,197.49000549316406,0.9567875415039062,0.036842886271592254,0.0,,2,2025-06-26 19:13:47+00:00,3673.7702777777777,1.145,0.2328767123287671
2025-11-26 21:00:00+00:00,2026-02-20 00:00:00+00:00,NET,NET260220P00095000,put,False,95.0,0.09,0.81,0.59,197.49000549316406,0.7602563037109377,0.036842886271592254,0.0,1.0,3,2025-11-20 20:44:04+00:00,144.26555555555555,0.45,0.2328767123287671
2025-11-26 21:00:00+00:00,2026-02-20 00:00:00+00:00,NET,NET260220P00100000,put,False,100.0,0.2,0.95,0.58,197.49000549316406,0.7414576635742187,0.036842886271592254,0.0,38.0,43,2025-11-25 19:54:48+00:00,25.086666666666666,0.575,0.2328767123287671
2025-11-26 21:00:00+00:00,2026-02-20 00:00:00+00:00,NET,NET260220P00105000,put,False,105.0,0.5,0.95,1.1,197.49000549316406,0.7231472998046875,0.036842886271592254,0.0,2.0,4,2025-11-18 15:34:37+00:00,197.42305555555555,0.725,0.2328767123287671
2025-11-26 21:00:00+00:00,2026-02-20 00:00:00+00:00,NET,NET260220P00110000,put,False,110.0,0.25,1.19,1.51,197.49000549316406,0.6750520776367189,0.036842886271592254,0.0,2.0,62,2025-10-01 19:20:51+00:00,1345.6525,0.72,0.2328767123287671
2025-11-26 21:00:00+00:00,2026-02-20 00:00:00+00:00,NET,NET260220P00115000,put,False,115.0,0.6,1.55,0.57,197.49000549316406,0.6816438085937502,0.036842886271592254,0.0,2.0,3,2025-11-13 14:33:25+00:00,318.44305555555553,1.075,0.2328767123287671
2025-11-26 21:00:00+00:00,2026-02-20 00:00:00+00:00,NET,NET260220P00120000,put,False,120.0,0.9,1.85,1.41,197.49000549316406,0.6701693139648439,0.036842886271592254,0.0,10.0,80,2025-11-25 19:43:30+00:00,25.275,1.375,0.2328767123287671
2025-11-26 21:00:00+00:00,2026-02-20 00:00:00+00:00,NET,NET260220P00125000,put,False,125.0,1.21,1.78,1.86,197.49000549316406,0.6359899682617188,0.036842886271592254,0.0,1.0,4,2025-11-25 18:53:01+00:00,26.11638888888889,1.495,0.2328767123287671
2025-11-26 21:00:00+00:00,2026-02-20 00:00:00+00:00,NET,NET260220P00130000,put,False,130.0,1.57,2.43,2.27,197.49000549316406,0.6344030700683594,0.036842886271592254,0.0,4.0,86,2025-11-25 20:06:50+00:00,24.886111111111113,2.0,0.2328767123287671
2025-11-26 21:00:00+00:00,2026-02-20 00:00:00+00:00,NET,NET260220P00135000,put,False,135.0,1.97,2.77,3.71,197.49000549316406,0.6154823608398439,0.036842886271592254,0.0,2.0,34,2025-11-21 17:36:56+00:00,123.38444444444444,2.37,0.2328767123287671
2025-11-26 21:00:00+00:00,2026-02-20 00:00:00+00:00,NET,NET260220P00140000,put,False,140.0,2.58,3.25,4.1,197.49000549316406,0.6041299353027345,0.036842886271592254,0.0,1.0,67,2025-11-19 18:28:31+00:00,170.5247222222222,2.915,0.2328767123287671
2025-11-26 21:00:00+00:00,2026-02-20 00:00:00+00:00,NET,NET260220P00145000,put,False,145.0,3.0,4.8,4.5,197.49000549316406,0.6114540808105471,0.036842886271592254,0.0,5.0,60,2025-11-24 16:53:50+00:00,52.102777777777774,3.9,0.2328767123287671
2025-11-26 21:00:00+00:00,2026-02-20 00:00:00+00:00,NET,NET260220P00150000,put,False,150.0,3.95,4.6,4.4,197.49000549316406,0.5808757733154297,0.036842886271592254,0.0,21.0,115,2025-11-26 19:49:38+00:00,1.1727777777777777,4.275,0.2328767123287671
2025-11-26 21:00:00+00:00,2026-02-20 00:00:00+00:00,NET,NET260220P00155000,put,False,155.0,3.95,5.55,7.1,197.49000549316406,0.5532881585693359,0.036842886271592254,0.0,3.0,21,2025-11-25 15:59:14+00:00,29.012777777777778,4.75,0.2328767123287671
2025-11-26 21:00:00+00:00,2026-02-20 00:00:00+00:00,NET,NET260220P00160000,put,False,160.0,6.1,6.6,7.14,197.49000549316406,0.5685467950439453,0.036842886271592254,0.0,3.0,543,2025-11-25 19:26:37+00:00,25.55638888888889,6.35,0.2328767123287671
2025-11-26 21:00:00+00:00,2026-02-20 00:00:00+00:00,NET,NET260220P00165000,put,False,165.0,7.25,7.8,8.34,197.49000549316406,0.5590864404296876,0.036842886271592254,0.0,12.0,117,2025-11-25 20:13:43+00:00,24.77138888888889,7.525,0.2328767123287671
2025-11-26 21:00:00+00:00,2026-02-20 00:00:00+00:00,NET,NET260220P00170000,put,False,170.0,8.8,9.2,8.78,197.49000549316406,0.5546309185791016,0.036842886271592254,0.0,4.0,129,2025-11-26 19:36:12+00:00,1.3966666666666667,9.0,0.2328767123287671
2025-11-26 21:00:00+00:00,2026-02-20 00:00:00+00:00,NET,NET260220P00175000,put,False,175.0,10.4,10.85,10.54,197.49000549316406,0.5491988439941409,0.036842886271592254,0.0,1.0,901,2025-11-26 20:04:12+00:00,0.93,10.625,0.2328767123287671
2025-11-26 21:00:00+00:00,2026-02-20 00:00:00+00:00,NET,NET260220P00180000,put,False,180.0,12.15,12.6,12.44,197.49000549316406,0.5421188366699221,0.036842886271592254,0.0,2.0,231,2025-11-26 20:04:12+00:00,0.93,12.375,0.2328767123287671
2025-11-26 21:00:00+00:00,2026-02-20 00:00:00+00:00,NET,NET260220P00185000,put,False,185.0,13.85,14.9,15.38,197.49000549316406,0.5369309002685547,0.036842886271592254,0.0,2.0,96,2025-11-25 20:12:05+00:00,24.79861111111111,14.375,0.2328767123287671
2025-11-26 21:00:00+00:00,2026-02-20 00:00:00+00:00,NET,NET260220P00190000,put,False,190.0,16.2,17.0,16.37,197.49000549316406,0.5326889993286132,0.036842886271592254,0.0,1.0,122,2025-11-26 20:33:55+00:00,0.43472222222222223,16.6,0.2328767123287671
2025-11-26 21:00:00+00:00,2026-02-20 00:00:00+00:00,NET,NET260220P00195000,put,False,195.0,18.7,19.4,19.0,197.49000549316406,0.5292405474853517,0.036842886271592254,0.0,4.0,130,2025-11-26 20:59:10+00:00,0.013888888888888888,19.049999999999997,0.2328767123287671
2025-11-26 21:00:00+00:00,2026-02-20 00:00:00+00:00,NET,NET260220P00200000,put,True,200.0,21.2,21.8,21.45,197.49000549316406,0.5206957110595702,0.036842886271592254,0.0,4.0,327,2025-11-26 19:48:42+00:00,1.1883333333333332,21.5,0.2328767123287671
2025-11-26 21:00:00+00:00,2026-02-20 00:00:00+00:00,NET,NET260220P00210000,put,True,210.0,27.0,27.65,26.25,197.49000549316406,0.5130663928222656,0.036842886271592254,0.0,5.0,509,2025-11-26 20:29:37+00:00,0.5063888888888889,27.325,0.2328767123287671
2025-11-26 21:00:00+00:00,2026-02-20 00:00:00+00:00,NET,NET260220P00220000,put,True,220.0,32.75,34.0,33.3,197.49000549316406,0.5089160437011719,0.036842886271592254,0.0,1.0,113,2025-11-26 15:35:14+00:00,5.4127777777777775,33.375,0.2328767123287671
2025-11-26 21:00:00+00:00,2026-02-20 00:00:00+00:00,NET,NET260220P00230000,put,True,230.0,39.1,41.55,48.46,197.49000549316406,0.5117846673583983,0.036842886271592254,0.0,3.0,457,2025-11-21 20:51:09+00:00,120.1475,40.325,0.2328767123287671
2025-11-26 21:00:00+00:00,2026-02-20 00:00:00+00:00,NET,NET260220P00240000,put,True,240.0,46.25,49.1,55.49,197.49000549316406,0.49768568725585943,0.036842886271592254,0.0,2.0,70,2025-11-21 19:51:22+00:00,121.1438888888889,47.675,0.2328767123287671
2025-11-26 21:00:00+00:00,2026-02-20 00:00:00+00:00,NET,NET260220P00250000,put,True,250.0,54.75,57.45,61.27,197.49000549316406,0.49323016540527354,0.036842886271592254,0.0,7.0,22,2025-11-20 20:28:01+00:00,144.53305555555556,56.1,0.2328767123287671
2025-11-26 21:00:00+00:00,2026-02-20 00:00:00+00:00,NET,NET260220P00260000,put,True,260.0,63.15,65.95,53.81,197.49000549316406,0.477544287109375,0.036842886271592254,0.0,2.0,14,2025-11-13 20:19:54+00:00,312.66833333333335,64.55,0.2328767123287671
2025-11-26 21:00:00+00:00,2026-02-20 00:00:00+00:00,NET,NET260220P00270000,put,True,270.0,72.25,75.1,87.4,197.49000549316406,0.4756522161865234,0.036842886271592254,0.0,2.0,10,2025-11-21 15:29:47+00:00,125.50361111111111,73.675,0.2328767123287671
2025-11-26 21:00:00+00:00,2026-02-20 00:00:00+00:00,NET,NET260220P00290000,put,True,290.0,91.2,93.9,92.7,197.49000549316406,0.4598442687988281,0.036842886271592254,0.0,,26,2025-11-18 14:45:25+00:00,198.24305555555554,92.55000000000001,0.2328767123287671
2025-11-26 21:00:00+00:00,2026-02-20 00:00:00+00:00,NET,NET260220P00310000,put,True,310.0,110.9,113.4,67.35,197.49000549316406,0.4545952978515625,0.036842886271592254,0.0,10.0,0,2025-10-31 19:49:18+00:00,625.1783333333333,112.15,0.2328767123287671
2025-11-26 21:00:00+00:00,2026-02-20 00:00:00+00:00,NET,NET260220P00340000,put,True,340.0,140.9,144.3,93.05,197.49000549316406,0.6428258374023439,0.036842886271592254,0.0,5.0,0,2025-10-31 19:22:15+00:00,625.6291666666667,142.60000000000002,0.2328767123287671
2025-11-26 21:00:00+00:00,2026-03-20 00:00:00+00:00,NET,NET260320C00047500,call,True,47.5,133.0,136.0,86.7,197.49000549316406,1.0000000000000003e-05,0.036842886271592254,0.0,,1,2025-05-09 14:46:37+00:00,4830.223055555555,134.5,0.3095890410958904
2025-11-26 21:00:00+00:00,2026-03-20 00:00:00+00:00,NET,NET260320C00055000,call,True,55.0,141.45,145.05,169.0,197.49000549316406,1.3234897106933592,0.036842886271592254,0.0,4.0,4,2025-11-13 14:36:38+00:00,318.38944444444445,143.25,0.3095890410958904
2025-11-26 21:00:00+00:00,2026-03-20 00:00:00+00:00,NET,NET260320C00060000,call,True,60.0,137.05,140.15,164.5,197.49000549316406,1.3007847460937496,0.036842886271592254,0.0,1.0,16,2025-11-13 14:35:31+00:00,318.40805555555556,138.60000000000002,0.3095890410958904
2025-11-26 21:00:00+00:00,2026-03-20 00:00:00+00:00,NET,NET260320C00065000,call,True,65.0,132.35,135.25,164.32,197.49000549316406,1.249515471191406,0.036842886271592254,0.0,1.0,2,2025-10-30 16:38:28+00:00,652.3588888888889,133.8,0.3095890410958904
2025-11-26 21:00:00+00:00,2026-03-20 00:00:00+00:00,NET,NET260320C00070000,call,True,70.0,127.2,130.4,156.5,197.49000549316406,1.1728556982421874,0.036842886271592254,0.0,1.0,4,2025-11-06 18:02:14+00:00,482.9627777777778,128.8,0.3095890410958904
2025-11-26 21:00:00+00:00,2026-03-20 00:00:00+00:00,NET,NET260320C00075000,call,True,75.0,122.1,125.55,150.88,197.49000549316406,1.1047408044433595,0.036842886271592254,0.0,1.0,44,2025-11-06 18:02:14+00:00,482.9627777777778,123.82499999999999,0.3095890410958904
2025-11-26 21:00:00+00:00,2026-03-20 00:00:00+00:00,NET,NET260320C00080000,call,True,80.0,117.15,120.05,155.66,197.49000549316406,1.0092822973632813,0.036842886271592254,0.0,1.0,28,2025-11-04 20:20:32+00:00,528.6577777777778,118.6,0.3095890410958904
2025-11-26 21:00:00+00:00,2026-03-20 00:00:00+00:00,NET,NET260320C00085000,call,True,85.0,113.75,115.45,100.36,197.49000549316406,1.0593308752441408,0.036842886271592254,0.0,2.0,14,2025-06-23 14:26:00+00:00,3750.5666666666666,114.6,0.3095890410958904
2025-11-26 21:00:00+00:00,2026-03-20 00:00:00+00:00,NET,NET260320C00090000,call,True,90.0,133.95,135.8,112.1,197.49000549316406,2.4211465252685542,0.036842886271592254,0.0,1.0,220,2025-08-13 19:40:58+00:00,2521.3172222222224,134.875,0.3095890410958904
2025-11-26 21:00:00+00:00,2026-03-20 00:00:00+00:00,NET,NET260320C00092500,call,True,92.5,102.3,105.25,97.5,197.49000549316406,0.7446314599609375,0.036842886271592254,0.0,1.0,7,2025-06-20 13:43:38+00:00,3823.2727777777777,103.775,0.3095890410958904
2025-11-26 21:00:00+00:00,2026-03-20 00:00:00+00:00,NET,NET260320C00095000,call,True,95.0,102.8,106.3,144.44,197.49000549316406,0.9326178613281251,0.036842886271592254,0.0,3.0,12,2025-11-11 19:19:20+00:00,361.6777777777778,104.55,0.3095890410958904
2025-11-26 21:00:00+00:00,2026-03-20 00:00:00+00:00,NET,NET260320C00100000,call,True,100.0,98.65,101.5,97.3,197.49000549316406,0.9196785375976562,0.036842886271592254,0.0,1.0,22,2025-11-25 19:31:36+00:00,25.473333333333333,100.075,0.3095890410958904
2025-11-26 21:00:00+00:00,2026-03-20 00:00:00+00:00,NET,NET260320C00105000,call,True,105.0,111.1,114.6,121.35,197.49000549316406,1.7568371533203124,0.036842886271592254,0.0,1.0,8,2025-09-12 16:15:02+00:00,1804.7494444444444,112.85,0.3095890410958904
2025-11-26 21:00:00+00:00,2026-03-20 00:00:00+00:00,NET,NET260320C00110000,call,True,110.0,106.45,110.0,117.0,197.49000549316406,1.6798111712646484,0.036842886271592254,0.0,1.0,37,2025-09-12 15:25:34+00:00,1805.5738888888889,108.225,0.3095890410958904
2025-11-26 21:00:00+00:00,2026-03-20 00:00:00+00:00,NET,NET260320C00115000,call,True,115.0,84.3,87.3,114.3,197.49000549316406,0.8077411804199219,0.036842886271592254,0.0,30.0,73,2025-10-29 18:16:08+00:00,674.7311111111111,85.8,0.3095890410958904
2025-11-26 21:00:00+00:00,2026-03-20 00:00:00+00:00,NET,NET260320C00120000,call,True,120.0,79.45,82.9,77.43,197.49000549316406,0.7786887365722657,0.036842886271592254,0.0,4.0,42,2025-11-24 16:58:52+00:00,52.01888888888889,81.17500000000001,0.3095890410958904
2025-11-26 21:00:00+00:00,2026-03-20 00:00:00+00:00,NET,NET260320C00125000,call,True,125.0,75.05,77.6,84.76,197.49000549316406,0.7366969689941407,0.036842886271592254,0.0,1.0,195,2025-11-17 17:55:50+00:00,219.06944444444446,76.32499999999999,0.3095890410958904
2025-11-26 21:00:00+00:00,2026-03-20 00:00:00+00:00,NET,NET260320C00130000,call,True,130.0,70.55,73.7,100.67,197.49000549316406,0.7277859252929688,0.036842886271592254,0.0,3.0,144,2025-11-06 15:22:38+00:00,485.6227777777778,72.125,0.3095890410958904
2025-11-26 21:00:00+00:00,2026-03-20 00:00:00+00:00,NET,NET260320C00135000,call,True,135.0,66.3,68.8,61.98,197.49000549316406,0.6980010668945313,0.036842886271592254,0.0,1.0,45,2025-11-18 14:30:28+00:00,198.4922222222222,67.55,0.3095890410958904
2025-11-26 21:00:00+00:00,2026-03-20 00:00:00+00:00,NET,NET260320C00140000,call,True,140.0,61.95,65.4,68.36,197.49000549316406,0.6962310650634767,0.036842886271592254,0.0,1.0,36,2025-11-17 20:10:40+00:00,216.82222222222222,63.675000000000004,0.3095890410958904
2025-11-26 21:00:00+00:00,2026-03-20 00:00:00+00:00,NET,NET260320C00145000,call,True,145.0,58.0,60.25,58.5,197.49000549316406,0.6640658593750002,0.036842886271592254,0.0,2.0,226,2025-11-18 15:40:24+00:00,197.32666666666665,59.125,0.3095890410958904
2025-11-26 21:00:00+00:00,2026-03-20 00:00:00+00:00,NET,NET260320C00150000,call,True,150.0,53.9,57.15,108.72,197.49000549316406,0.6647372393798829,0.036842886271592254,0.0,1.0,261,2025-10-31 19:54:54+00:00,625.085,55.525,0.3095890410958904
2025-11-26 21:00:00+00:00,2026-03-20 00:00:00+00:00,NET,NET260320C00155000,call,True,155.0,50.35,53.0,45.22,197.49000549316406,0.6522251574707032,0.036842886271592254,0.0,1.0,448,2025-11-21 19:55:15+00:00,121.07916666666667,51.675,0.3095890410958904
2025-11-26 21:00:00+00:00,2026-03-20 00:00:00+00:00,NET,NET260320C00160000,call,True,160.0,46.9,49.45,46.95,197.49000549316406,0.6472203247070312,0.036842886271592254,0.0,1.0,88,2025-11-20 16:39:07+00:00,148.34805555555556,48.175,0.3095890410958904
2025-11-26 21:00:00+00:00,2026-03-20 00:00:00+00:00,NET,NET260320C00165000,call,True,165.0,43.3,45.85,39.33,197.49000549316406,0.6354406573486329,0.036842886271592254,0.0,2.0,598,2025-11-24 14:40:36+00:00,54.32333333333333,44.575,0.3095890410958904
2025-11-26 21:00:00+00:00,2026-03-20 00:00:00+00:00,NET,NET260320C00170000,call,True,170.0,39.7,40.9,38.18,197.49000549316406,0.6020547607421877,0.036842886271592254,0.0,1.0,745,2025-11-24 16:16:45+00:00,52.72083333333333,40.3,0.3095890410958904
2025-11-26 21:00:00+00:00,2026-03-20 00:00:00+00:00,NET,NET260320C00175000,call,True,175.0,36.15,39.3,66.63,197.49000549316406,0.6117592535400393,0.036842886271592254,0.0,2.0,35,2025-10-30 17:22:29+00:00,651.6252777777778,37.724999999999994,0.3095890410958904
2025-11-26 21:00:00+00:00,2026-03-20 00:00:00+00:00,NET,NET260320C00180000,call,True,180.0,33.6,34.75,34.91,197.49000549316406,0.5921061297607424,0.036842886271592254,0.0,1.0,197,2025-11-26 19:50:49+00:00,1.1530555555555555,34.175,0.3095890410958904
2025-11-26 21:00:00+00:00,2026-03-20 00:00:00+00:00,NET,NET260320C00185000,call,True,185.0,30.7,33.4,32.77,197.49000549316406,0.6043740734863283,0.036842886271592254,0.0,3.0,352,2025-11-26 20:20:01+00:00,0.6663888888888889,32.05,0.3095890410958904
2025-11-26 21:00:00+00:00,2026-03-20 00:00:00+00:00,NET,NET260320C00190000,call,True,190.0,28.3,29.45,28.05,197.49000549316406,0.5873454351806642,0.036842886271592254,0.0,2.0,94,2025-11-20 18:33:08+00:00,146.4477777777778,28.875,0.3095890410958904
2025-11-26 21:00:00+00:00,2026-03-20 00:00:00+00:00,NET,NET260320C00195000,call,True,195.0,25.3,28.0,26.85,197.49000549316406,0.5894206097412109,0.036842886271592254,0.0,3.0,40,2025-11-26 15:44:46+00:00,5.253888888888889,26.65,0.3095890410958904
2025-11-26 21:00:00+00:00,2026-03-20 00:00:00+00:00,NET,NET260320C00200000,call,False,200.0,23.1,24.35,24.31,197.49000549316406,0.5718426605224609,0.036842886271592254,0.0,11.0,642,2025-11-26 19:50:49+00:00,1.1530555555555555,23.725,0.3095890410958904
2025-11-26 21:00:00+00:00,2026-03-20 00:00:00+00:00,NET,NET260320C00210000,call,False,210.0,18.85,19.95,20.6,197.49000549316406,0.5617414431762696,0.036842886271592254,0.0,20.0,1048,2025-11-26 18:28:12+00:00,2.53,19.4,0.3095890410958904
2025-11-26 21:00:00+00:00,2026-03-20 00:00:00+00:00,NET,NET260320C00220000,call,False,220.0,15.5,16.15,16.0,197.49000549316406,0.555790574951172,0.036842886271592254,0.0,12.0,161,2025-11-26 20:57:20+00:00,0.044444444444444446,15.825,0.3095890410958904
2025-11-26 21:00:00+00:00,2026-03-20 00:00:00+00:00,NET,NET260320C00230000,call,False,230.0,12.45,13.1,13.33,197.49000549316406,0.5497481549072267,0.036842886271592254,0.0,1.0,586,2025-11-26 20:45:36+00:00,0.24,12.774999999999999,0.3095890410958904
2025-11-26 21:00:00+00:00,2026-03-20 00:00:00+00:00,NET,NET260320C00240000,call,False,240.0,9.75,10.4,10.6,197.49000549316406,0.5404098693847659,0.036842886271592254,0.0,2.0,353,2025-11-26 20:06:21+00:00,0.8941666666666667,10.075,0.3095890410958904
2025-11-26 21:00:00+00:00,2026-03-20 00:00:00+00:00,NET,NET260320C00250000,call,False,250.0,7.7,8.3,8.57,197.49000549316406,0.5359543475341797,0.036842886271592254,0.0,1.0,636,2025-11-26 14:40:15+00:00,6.329166666666667,8.0,0.3095890410958904
2025-11-26 21:00:00+00:00,2026-03-20 00:00:00+00:00,NET,NET260320C00260000,call,False,260.0,6.05,6.55,6.5,197.49000549316406,0.5316819293212891,0.036842886271592254,0.0,3.0,603,2025-11-26 15:25:17+00:00,5.578611111111111,6.3,0.3095890410958904
2025-11-26 21:00:00+00:00,2026-03-20 00:00:00+00:00,NET,NET260320C00270000,call,False,270.0,4.4,6.6,4.85,197.49000549316406,0.5473067730712893,0.036842886271592254,0.0,2.0,196,2025-11-26 18:48:51+00:00,2.1858333333333335,5.5,0.3095890410958904
2025-11-26 21:00:00+00:00,2026-03-20 00:00:00+00:00,NET,NET260320C00280000,call,False,280.0,2.99,4.45,4.06,197.49000549316406,0.5197801928710937,0.036842886271592254,0.0,3.0,290,2025-11-26 20:25:32+00:00,0.5744444444444444,3.72,0.3095890410958904
2025-11-26 21:00:00+00:00,2026-03-20 00:00:00+00:00,NET,NET260320C00290000,call,False,290.0,2.7,3.6,4.55,197.49000549316406,0.5294846856689455,0.036842886271592254,0.0,4.0,133,2025-11-19 20:19:03+00:00,168.6825,3.1500000000000004,0.3095890410958904
2025-11-26 21:00:00+00:00,2026-03-20 00:00:00+00:00,NET,NET260320C00300000,call,False,300.0,2.33,2.97,2.53,197.49000549316406,0.537236072998047,0.036842886271592254,0.0,3.0,399,2025-11-26 20:25:32+00:00,0.5744444444444444,2.6500000000000004,0.3095890410958904
2025-11-26 21:00:00+00:00,2026-03-20 00:00:00+00:00,NET,NET260320C00310000,call,False,310.0,1.74,2.45,1.91,197.49000549316406,0.5365036584472658,0.036842886271592254,0.0,1.0,179,2025-11-21 14:31:14+00:00,126.47944444444444,2.095,0.3095890410958904
2025-11-26 21:00:00+00:00,2026-03-20 00:00:00+00:00,NET,NET260320C00320000,call,False,320.0,1.17,2.09,1.65,197.49000549316406,0.5343064147949219,0.036842886271592254,0.0,6.0,203,2025-11-21 15:12:15+00:00,125.79583333333333,1.63,0.3095890410958904
2025-11-26 21:00:00+00:00,2026-03-20 00:00:00+00:00,NET,NET260320C00330000,call,False,330.0,1.05,1.53,1.27,197.49000549316406,0.5343064147949219,0.036842886271592254,0.0,4.0,212,2025-11-25 16:24:46+00:00,28.587222222222223,1.29,0.3095890410958904
2025-11-26 21:00:00+00:00,2026-03-20 00:00:00+00:00,NET,NET260320C00340000,call,False,340.0,0.79,1.35,2.87,197.49000549316406,0.5388229711914063,0.036842886271592254,0.0,1.0,3,2025-11-14 17:26:47+00:00,291.55361111111114,1.07,0.3095890410958904
2025-11-26 21:00:00+00:00,2026-03-20 00:00:00+00:00,NET,NET260320C00350000,call,False,350.0,0.8,1.35,0.95,197.49000549316406,0.5614057531738281,0.036842886271592254,0.0,1.0,18,2025-11-26 19:48:00+00:00,1.2,1.0750000000000002,0.3095890410958904
2025-11-26 21:00:00+00:00,2026-03-20 00:00:00+00:00,NET,NET260320C00370000,call,False,370.0,0.32,1.18,1.04,197.49000549316406,0.5681195532226562,0.036842886271592254,0.0,41.0,130,2025-11-19 15:55:23+00:00,173.07694444444445,0.75,0.3095890410958904
2025-11-26 21:00:00+00:00,2026-03-20 00:00:00+00:00,NET,NET260320C00380000,call,False,380.0,0.25,1.25,1.15,197.49000549316406,0.5871623315429688,0.036842886271592254,0.0,1.0,8,2025-11-18 16:50:51+00:00,196.1525,0.75,0.3095890410958904
2025-11-26 21:00:00+00:00,2026-03-20 00:00:00+00:00,NET,NET260320P00047500,put,False,47.5,0.03,0.49,0.13,197.49000549316406,1.1376996240234376,0.036842886271592254,0.0,20.0,21,2025-11-26 15:52:17+00:00,5.128611111111111,0.26,0.3095890410958904
2025-11-26 21:00:00+00:00,2026-03-20 00:00:00+00:00,NET,NET260320P00050000,put,False,50.0,0.0,1.88,1.03,197.49000549316406,1.342776723632812,0.036842886271592254,0.0,1.0,1,2025-10-31 13:31:56+00:00,631.4677777777778,0.94,0.3095890410958904
2025-11-26 21:00:00+00:00,2026-03-20 00:00:00+00:00,NET,NET260320P00055000,put,False,55.0,0.31,1.7,2.7,197.49000549316406,1.2685583447265623,0.036842886271592254,0.0,1.0,4,2025-04-28 18:47:59+00:00,5090.200277777778,1.005,0.3095890410958904
2025-11-26 21:00:00+00:00,2026-03-20 00:00:00+00:00,NET,NET260320P00060000,put,False,60.0,0.0,0.35,0.26,197.49000549316406,0.9091805957031249,0.036842886271592254,0.0,20.0,23,2025-10-31 13:31:55+00:00,631.4680555555556,0.175,0.3095890410958904
2025-11-26 21:00:00+00:00,2026-03-20 00:00:00+00:00,NET,NET260320P00065000,put,False,65.0,0.0,0.4,0.24,197.49000549316406,0.8652357226562499,0.036842886271592254,0.0,20.0,36,2025-11-26 15:52:17+00:00,5.128611111111111,0.2,0.3095890410958904
2025-11-26 21:00:00+00:00,2026-03-20 00:00:00+00:00,NET,NET260320P00070000,put,False,70.0,0.0,0.46,1.16,197.49000549316406,0.8261736132812498,0.036842886271592254,0.0,1.0,21,2025-10-31 13:31:56+00:00,631.4677777777778,0.23,0.3095890410958904
2025-11-26 21:00:00+00:00,2026-03-20 00:00:00+00:00,NET,NET260320P00075000,put,False,75.0,0.0,0.74,0.31,197.49000549316406,0.8281267187499999,0.036842886271592254,0.0,3.0,62,2025-11-20 17:01:34+00:00,147.9738888888889,0.37,0.3095890410958904
2025-11-26 21:00:00+00:00,2026-03-20 00:00:00+00:00,NET,NET260320P00080000,put,False,80.0,0.0,0.68,0.4,197.49000549316406,0.7670921728515626,0.036842886271592254,0.0,3.0,69,2025-11-20 17:01:34+00:00,147.9738888888889,0.34,0.3095890410958904
2025-11-26 21:00:00+00:00,2026-03-20 00:00:00+00:00,NET,NET260320P00085000,put,False,85.0,0.01,0.66,0.69,197.49000549316406,0.717776259765625,0.036842886271592254,0.0,40.0,146,2025-10-09 15:07:51+00:00,1157.8691666666666,0.335,0.3095890410958904
2025-11-26 21:00:00+00:00,2026-03-20 00:00:00+00:00,NET,NET260320P00090000,put,False,90.0,0.01,0.84,0.5,197.49000549316406,0.6982452050781252,0.036842886271592254,0.0,2.0,220,2025-11-17 19:56:24+00:00,217.06,0.425,0.3095890410958904
2025-11-26 21:00:00+00:00,2026-03-20 00:00:00+00:00,NET,NET260320P00092500,put,False,92.5,3.15,3.45,10.6,197.49000549316406,1.0266161950683594,0.036842886271592254,0.0,7.0,8,2025-05-07 16:38:55+00:00,4876.351388888889,3.3,0.3095890410958904
2025-11-26 21:00:00+00:00,2026-03-20 00:00:00+00:00,NET,NET260320P00095000,put,False,95.0,0.28,1.04,1.0,197.49000549316406,0.7038603833007813,0.036842886271592254,0.0,1.0,16,2025-11-19 14:59:18+00:00,174.01166666666666,0.66,0.3095890410958904
2025-11-26 21:00:00+00:00,2026-03-20 00:00:00+00:00,NET,NET260320P00097500,put,False,97.5,0.4,1.14,1.1,197.49000549316406,0.7004424487304688,0.036842886271592254,0.0,2.0,4,2025-11-18 15:27:07+00:00,197.54805555555555,0.77,0.3095890410958904
2025-11-26 21:00:00+00:00,2026-03-20 00:00:00+00:00,NET,NET260320P00100000,put,False,100.0,0.35,1.25,1.12,197.49000549316406,0.6828644995117189,0.036842886271592254,0.0,1.0,398,2025-11-21 15:25:54+00:00,125.56833333333333,0.8,0.3095890410958904
2025-11-26 21:00:00+00:00,2026-03-20 00:00:00+00:00,NET,NET260320P00105000,put,False,105.0,2.39,2.71,3.76,197.49000549316406,0.8227556787109375,0.036842886271592254,0.0,3.0,26,2025-07-17 19:40:26+00:00,3169.326111111111,2.55,0.3095890410958904
2025-11-26 21:00:00+00:00,2026-03-20 00:00:00+00:00,NET,NET260320P00110000,put,False,110.0,0.93,1.69,1.82,197.49000549316406,0.6604037866210939,0.036842886271592254,0.0,2.0,98,2025-11-18 20:32:25+00:00,192.4597222222222,1.31,0.3095890410958904
2025-11-26 21:00:00+00:00,2026-03-20 00:00:00+00:00,NET,NET260320P00115000,put,False,115.0,1.33,2.2,2.76,197.49000549316406,0.6601596484375001,0.036842886271592254,0.0,1.0,67,2025-10-17 13:32:22+00:00,967.4605555555555,1.7650000000000001,0.3095890410958904
2025-11-26 21:00:00+00:00,2026-03-20 00:00:00+00:00,NET,NET260320P00120000,put,False,120.0,1.59,2.24,3.0,197.49000549316406,0.6289099609375001,0.036842886271592254,0.0,3.0,75,2025-11-21 15:02:42+00:00,125.955,1.915,0.3095890410958904
2025-11-26 21:00:00+00:00,2026-03-20 00:00:00+00:00,NET,NET260320P00125000,put,False,125.0,1.79,2.54,3.58,197.49000549316406,0.6046182116699221,0.036842886271592254,0.0,16.0,1067,2025-11-21 17:03:00+00:00,123.95,2.165,0.3095890410958904
2025-11-26 21:00:00+00:00,2026-03-20 00:00:00+00:00,NET,NET260320P00130000,put,False,130.0,2.19,3.25,3.87,197.49000549316406,0.5982706188964844,0.036842886271592254,0.0,2.0,118,2025-11-21 16:30:32+00:00,124.49111111111111,2.7199999999999998,0.3095890410958904
2025-11-26 21:00:00+00:00,2026-03-20 00:00:00+00:00,NET,NET260320P00135000,put,False,135.0,3.0,3.6,1.41,197.49000549316406,0.5881388842773438,0.036842886271592254,0.0,2.0,17,2025-10-31 14:51:06+00:00,630.1483333333333,3.3,0.3095890410958904
2025-11-26 21:00:00+00:00,2026-03-20 00:00:00+00:00,NET,NET260320P00140000,put,False,140.0,3.45,4.4,5.76,197.49000549316406,0.5759319750976561,0.036842886271592254,0.0,2.0,1158,2025-11-21 19:54:08+00:00,121.09777777777778,3.9250000000000003,0.3095890410958904
2025-11-26 21:00:00+00:00,2026-03-20 00:00:00+00:00,NET,NET260320P00145000,put,False,145.0,4.4,5.15,7.75,197.49000549316406,0.5697064514160157,0.036842886271592254,0.0,1.0,33,2025-11-21 16:19:36+00:00,124.67333333333333,4.775,0.3095890410958904
2025-11-26 21:00:00+00:00,2026-03-20 00:00:00+00:00,NET,NET260320P00150000,put,False,150.0,4.5,6.8,8.4,197.49000549316406,0.5598188549804688,0.036842886271592254,0.0,10.0,206,2025-11-21 20:54:06+00:00,120.09833333333333,5.65,0.3095890410958904
2025-11-26 21:00:00+00:00,2026-03-20 00:00:00+00:00,NET,NET260320P00155000,put,False,155.0,6.65,7.05,8.95,197.49000549316406,0.5573164385986329,0.036842886271592254,0.0,3.0,567,2025-11-20 17:41:17+00:00,147.31194444444444,6.85,0.3095890410958904
2025-11-26 21:00:00+00:00,2026-03-20 00:00:00+00:00,NET,NET260320P00160000,put,False,160.0,7.85,8.3,8.05,197.49000549316406,0.5506636730957033,0.036842886271592254,0.0,10.0,74,2025-11-26 17:48:44+00:00,3.187777777777778,8.075,0.3095890410958904
2025-11-26 21:00:00+00:00,2026-03-20 00:00:00+00:00,NET,NET260320P00165000,put,False,165.0,9.25,9.65,9.15,197.49000549316406,0.5441329766845704,0.036842886271592254,0.0,1.0,50,2025-11-26 20:53:47+00:00,0.10361111111111111,9.45,0.3095890410958904
2025-11-26 21:00:00+00:00,2026-03-20 00:00:00+00:00,NET,NET260320P00170000,put,False,170.0,10.75,11.2,13.05,197.49000549316406,0.5376633148193359,0.036842886271592254,0.0,4.0,298,2025-11-24 15:49:15+00:00,53.17916666666667,10.975,0.3095890410958904
2025-11-26 21:00:00+00:00,2026-03-20 00:00:00+00:00,NET,NET260320P00175000,put,False,175.0,12.45,13.2,12.33,197.49000549316406,0.5356491748046875,0.036842886271592254,0.0,10.0,658,2025-11-26 19:39:00+00:00,1.35,12.825,0.3095890410958904
2025-11-26 21:00:00+00:00,2026-03-20 00:00:00+00:00,NET,NET260320P00180000,put,False,180.0,14.3,14.75,14.7,197.49000549316406,0.52539537109375,0.036842886271592254,0.0,18.0,812,2025-11-26 17:38:35+00:00,3.3569444444444443,14.525,0.3095890410958904
2025-11-26 21:00:00+00:00,2026-03-20 00:00:00+00:00,NET,NET260320P00185000,put,False,185.0,16.45,16.9,18.95,197.49000549316406,0.5223741610717773,0.036842886271592254,0.0,7.0,41,2025-11-24 16:52:12+00:00,52.13,16.674999999999997,0.3095890410958904
2025-11-26 21:00:00+00:00,2026-03-20 00:00:00+00:00,NET,NET260320P00190000,put,False,190.0,18.75,19.5,18.25,197.49000549316406,0.5222826092529296,0.036842886271592254,0.0,60.0,112,2025-11-26 20:51:12+00:00,0.14666666666666667,19.125,0.3095890410958904
2025-11-26 21:00:00+00:00,2026-03-20 00:00:00+00:00,NET,NET260320P00195000,put,False,195.0,20.1,21.8,23.27,197.49000549316406,0.5036060382080079,0.036842886271592254,0.0,2.0,571,2025-11-25 19:08:24+00:00,25.86,20.950000000000003,0.3095890410958904
2025-11-26 21:00:00+00:00,2026-03-20 00:00:00+00:00,NET,NET260320P00200000,put,True,200.0,22.95,24.4,23.15,197.49000549316406,0.5019581054687501,0.036842886271592254,0.0,7.0,353,2025-11-26 18:39:00+00:00,2.35,23.674999999999997,0.3095890410958904
2025-11-26 21:00:00+00:00,2026-03-20 00:00:00+00:00,NET,NET260320P00210000,put,True,210.0,29.25,29.9,30.03,197.49000549316406,0.5046436254882812,0.036842886271592254,0.0,1.0,566,2025-11-26 15:41:37+00:00,5.306388888888889,29.575,0.3095890410958904
2025-11-26 21:00:00+00:00,2026-03-20 00:00:00+00:00,NET,NET260320P00220000,put,True,220.0,35.6,36.3,35.1,197.49000549316406,0.49670913452148446,0.036842886271592254,0.0,8.0,144,2025-11-26 20:48:54+00:00,0.185,35.95,0.3095890410958904
2025-11-26 21:00:00+00:00,2026-03-20 00:00:00+00:00,NET,NET260320P00230000,put,True,230.0,40.95,43.6,44.6,197.49000549316406,0.496373444519043,0.036842886271592254,0.0,10.0,90,2025-11-25 18:36:45+00:00,26.3875,42.275000000000006,0.3095890410958904
2025-11-26 21:00:00+00:00,2026-03-20 00:00:00+00:00,NET,NET260320P00240000,put,True,240.0,48.05,51.05,57.73,197.49000549316406,0.48682153808593753,0.036842886271592254,0.0,1.0,86,2025-11-21 14:54:26+00:00,126.09277777777778,49.55,0.3095890410958904
2025-11-26 21:00:00+00:00,2026-03-20 00:00:00+00:00,NET,NET260320P00250000,put,True,250.0,56.15,58.55,64.56,197.49000549316406,0.46381151428222656,0.036842886271592254,0.0,1.0,39,2025-11-25 16:12:00+00:00,28.8,57.349999999999994,0.3095890410958904
2025-11-26 21:00:00+00:00,2026-03-20 00:00:00+00:00,NET,NET260320P00260000,put,True,260.0,64.4,66.9,35.91,197.49000549316406,0.4514215014648438,0.036842886271592254,0.0,,1,2025-11-03 16:24:22+00:00,556.5938888888888,65.65,0.3095890410958904
2025-11-26 21:00:00+00:00,2026-03-20 00:00:00+00:00,NET,NET260320P00270000,put,True,270.0,73.2,76.0,53.25,197.49000549316406,0.45435115966796874,0.036842886271592254,0.0,1.0,2,2025-11-05 15:13:19+00:00,509.77805555555557,74.6,0.3095890410958904
2025-11-26 21:00:00+00:00,2026-03-20 00:00:00+00:00,NET,NET260320P00280000,put,True,280.0,82.3,85.05,82.7,197.49000549316406,0.4440973559570312,0.036842886271592254,0.0,2.0,0,2025-11-26 20:52:20+00:00,0.12777777777777777,83.675,0.3095890410958904
2025-11-26 21:00:00+00:00,2026-03-20 00:00:00+00:00,NET,NET260320P00290000,put,True,290.0,91.65,93.95,55.0,197.49000549316406,0.40381455566406255,0.036842886271592254,0.0,2.0,5,2025-11-03 19:37:11+00:00,553.3802777777778,92.80000000000001,0.3095890410958904
2025-11-26 21:00:00+00:00,2026-03-20 00:00:00+00:00,NET,NET260320P00300000,put,True,300.0,101.25,103.7,72.0,197.49000549316406,0.40759869750976563,0.036842886271592254,0.0,1.0,1,2025-11-04 14:33:14+00:00,534.4461111111111,102.475,0.3095890410958904
2025-11-26 21:00:00+00:00,2026-03-20 00:00:00+00:00,NET,NET260320P00310000,put,True,310.0,102.45,105.5,101.65,197.49000549316406,1.0000000000000003e-05,0.036842886271592254,0.0,,1,2025-09-17 15:45:58+00:00,1685.233888888889,103.975,0.3095890410958904
2025-11-26 21:00:00+00:00,2026-04-17 00:00:00+00:00,NET,NET260417C00120000,call,True,120.0,81.2,83.85,78.42,197.49000549316406,0.7631859619140625,0.036842886271592254,0.0,4.0,5,2025-11-24 16:58:52+00:00,52.01888888888889,82.525,0.3863013698630137
2025-11-26 21:00:00+00:00,2026-04-17 00:00:00+00:00,NET,NET260417C00160000,call,True,160.0,48.45,51.35,44.0,197.49000549316406,0.6262244409179689,0.036842886271592254,0.0,2.0,2,2025-11-25 15:32:23+00:00,29.460277777777776,49.900000000000006,0.3863013698630137
2025-11-26 21:00:00+00:00,2026-04-17 00:00:00+00:00,NET,NET260417C00180000,call,True,180.0,35.55,37.0,32.52,197.49000549316406,0.5776104251098633,0.036842886271592254,0.0,1.0,1,2025-11-21 14:54:26+00:00,126.09277777777778,36.275,0.3863013698630137
2025-11-26 21:00:00+00:00,2026-04-17 00:00:00+00:00,NET,NET260417C00185000,call,True,185.0,33.35,35.55,34.0,197.49000549316406,0.5936625106811525,0.036842886271592254,0.0,1.0,1,2025-11-26 16:53:34+00:00,4.107222222222222,34.45,0.3863013698630137
2025-11-26 21:00:00+00:00,2026-04-17 00:00:00+00:00,NET,NET260417C00190000,call,True,190.0,30.6,31.8,27.29,197.49000549316406,0.5755657678222657,0.036842886271592254,0.0,1.0,4,2025-11-25 15:45:39+00:00,29.239166666666666,31.200000000000003,0.3863013698630137
2025-11-26 21:00:00+00:00,2026-04-17 00:00:00+00:00,NET,NET260417C00195000,call,True,195.0,28.15,30.65,27.45,197.49000549316406,0.5853923297119141,0.036842886271592254,0.0,5.0,8,2025-11-24 16:05:08+00:00,52.91444444444444,29.4,0.3863013698630137
2025-11-26 21:00:00+00:00,2026-04-17 00:00:00+00:00,NET,NET260417C00200000,call,False,200.0,26.05,27.4,27.11,197.49000549316406,0.5740399041748048,0.036842886271592254,0.0,1.0,4,2025-11-26 15:38:11+00:00,5.363611111111111,26.725,0.3863013698630137
2025-11-26 21:00:00+00:00,2026-04-17 00:00:00+00:00,NET,NET260417C00210000,call,False,210.0,21.45,23.9,22.05,197.49000549316406,0.5701336932373047,0.036842886271592254,0.0,2.0,5,2025-11-26 15:18:06+00:00,5.698333333333333,22.674999999999997,0.3863013698630137
2025-11-26 21:00:00+00:00,2026-04-17 00:00:00+00:00,NET,NET260417C00230000,call,False,230.0,14.95,16.35,14.2,197.49000549316406,0.5541731594848633,0.036842886271592254,0.0,10.0,12,2025-11-24 16:05:08+00:00,52.91444444444444,15.65,0.3863013698630137
2025-11-26 21:00:00+00:00,2026-04-17 00:00:00+00:00,NET,NET260417C00250000,call,False,250.0,9.2,12.0,10.8,197.49000549316406,0.5432784930419923,0.036842886271592254,0.0,2.0,6,2025-11-26 18:54:37+00:00,2.089722222222222,10.6,0.3863013698630137
2025-11-26 21:00:00+00:00,2026-04-17 00:00:00+00:00,NET,NET260417P00100000,put,False,100.0,0.84,1.6,1.67,197.49000549316406,0.664309997558594,0.036842886271592254,0.0,1.0,1,2025-11-25 14:32:22+00:00,30.460555555555555,1.22,0.3863013698630137
2025-11-26 21:00:00+00:00,2026-04-17 00:00:00+00:00,NET,NET260417P00130000,put,False,130.0,2.88,4.25,4.5,197.49000549316406,0.5800823242187501,0.036842886271592254,0.0,,1,2025-11-20 20:54:40+00:00,144.0888888888889,3.565,0.3863013698630137
2025-11-26 21:00:00+00:00,2026-04-17 00:00:00+00:00,NET,NET260417P00140000,put,False,140.0,3.8,5.85,6.95,197.49000549316406,0.5533491931152343,0.036842886271592254,0.0,1.0,3,2025-11-25 15:11:07+00:00,29.814722222222223,4.824999999999999,0.3863013698630137
2025-11-26 21:00:00+00:00,2026-04-17 00:00:00+00:00,NET,NET260417P00145000,put,False,145.0,4.7,6.2,6.2,197.49000549316406,0.5357712438964843,0.036842886271592254,0.0,2.0,4,2025-11-26 16:00:07+00:00,4.998055555555555,5.45,0.3863013698630137
2025-11-26 21:00:00+00:00,2026-04-17 00:00:00+00:00,NET,NET260417P00150000,put,False,150.0,6.6,7.25,7.3,197.49000549316406,0.5444381494140625,0.036842886271592254,0.0,2.0,2,2025-11-25 20:54:55+00:00,24.084722222222222,6.925,0.3863013698630137
2025-11-26 21:00:00+00:00,2026-04-17 00:00:00+00:00,NET,NET260417P00155000,put,False,155.0,7.05,8.45,8.0,197.49000549316406,0.5271653729248047,0.036842886271592254,0.0,10.0,2,2025-11-26 17:50:04+00:00,3.1655555555555557,7.75,0.3863013698630137
2025-11-26 21:00:00+00:00,2026-04-17 00:00:00+00:00,NET,NET260417P00160000,put,False,160.0,8.2,9.85,11.8,197.49000549316406,0.5204210556030272,0.036842886271592254,0.0,2.0,2,2025-11-25 15:56:05+00:00,29.065277777777776,9.024999999999999,0.3863013698630137
2025-11-26 21:00:00+00:00,2026-04-17 00:00:00+00:00,NET,NET260417P00165000,put,False,165.0,10.45,11.1,12.1,197.49000549316406,0.5225877819824218,0.036842886271592254,0.0,1.0,2,2025-11-25 17:42:23+00:00,27.29361111111111,10.774999999999999,0.3863013698630137
2025-11-26 21:00:00+00:00,2026-04-17 00:00:00+00:00,NET,NET260417P00170000,put,False,170.0,11.95,12.9,14.5,197.49000549316406,0.5177965701293946,0.036842886271592254,0.0,,120,2025-11-20 17:15:32+00:00,147.7411111111111,12.425,0.3863013698630137
2025-11-26 21:00:00+00:00,2026-04-17 00:00:00+00:00,NET,NET260417P00175000,put,False,175.0,13.75,15.05,14.85,197.49000549316406,0.5170336383056642,0.036842886271592254,0.0,7.0,201,2025-11-26 15:12:49+00:00,5.786388888888889,14.4,0.3863013698630137
2025-11-26 21:00:00+00:00,2026-04-17 00:00:00+00:00,NET,NET260417P00180000,put,False,180.0,15.4,16.5,16.2,197.49000549316406,0.5029346582031251,0.036842886271592254,0.0,25.0,5,2025-11-26 19:49:00+00:00,1.1833333333333333,15.95,0.3863013698630137
2025-11-26 21:00:00+00:00,2026-04-17 00:00:00+00:00,NET,NET260417P00185000,put,False,185.0,17.4,19.65,18.95,197.49000549316406,0.5083056982421875,0.036842886271592254,0.0,2.0,1,2025-11-26 18:23:58+00:00,2.6005555555555557,18.525,0.3863013698630137
2025-11-26 21:00:00+00:00,2026-04-17 00:00:00+00:00,NET,NET260417P00195000,put,False,195.0,22.1,23.9,28.1,197.49000549316406,0.5124560473632812,0.036842886271592254,0.0,1.0,4,2025-11-25 16:43:49+00:00,28.26972222222222,23.0,0.3863013698630137
2025-11-26 21:00:00+00:00,2026-04-17 00:00:00+00:00,NET,NET260417P00200000,put,True,200.0,25.2,26.5,26.57,197.49000549316406,0.5076953527832031,0.036842886271592254,0.0,1.0,1,2025-11-25 20:49:34+00:00,24.17388888888889,25.85,0.3863013698630137
2025-11-26 21:00:00+00:00,2026-04-17 00:00:00+00:00,NET,NET260417P00220000,put,True,220.0,36.25,38.45,44.42,197.49000549316406,0.4901174035644532,0.036842886271592254,0.0,1.0,1,2025-11-21 14:54:26+00:00,126.09277777777778,37.35,0.3863013698630137
2025-11-26 21:00:00+00:00,2026-05-15 00:00:00+00:00,NET,NET260515C00110000,call,True,110.0,91.5,94.1,142.55,197.49000549316406,0.8029804858398437,0.036842886271592254,0.0,2.0,6,2025-10-31 15:11:12+00:00,629.8133333333334,92.8,0.46301369863013697
2025-11-26 21:00:00+00:00,2026-05-15 00:00:00+00:00,NET,NET260515C00115000,call,True,115.0,87.1,89.75,136.45,197.49000549316406,0.7817404638671875,0.036842886271592254,0.0,1.0,11,2025-10-31 14:32:00+00:00,630.4666666666667,88.425,0.46301369863013697
2025-11-26 21:00:00+00:00,2026-05-15 00:00:00+00:00,NET,NET260515C00120000,call,True,120.0,82.8,85.45,78.95,197.49000549316406,0.7622094091796876,0.036842886271592254,0.0,1.0,11,2025-11-20 20:57:11+00:00,144.04694444444445,84.125,0.46301369863013697
2025-11-26 21:00:00+00:00,2026-05-15 00:00:00+00:00,NET,NET260515C00125000,call,True,125.0,78.6,80.75,82.2,197.49000549316406,0.7358424853515625,0.036842886271592254,0.0,1.0,6,2025-11-18 19:07:40+00:00,193.87222222222223,79.675,0.46301369863013697
2025-11-26 21:00:00+00:00,2026-05-15 00:00:00+00:00,NET,NET260515C00130000,call,True,130.0,74.55,77.05,107.4,197.49000549316406,0.7283962707519531,0.036842886271592254,0.0,,2,2025-10-30 17:37:29+00:00,651.3752777777778,75.8,0.46301369863013697
2025-11-26 21:00:00+00:00,2026-05-15 00:00:00+00:00,NET,NET260515C00135000,call,True,135.0,70.25,73.1,94.4,197.49000549316406,0.7102079760742188,0.036842886271592254,0.0,2.0,3,2025-11-13 14:46:55+00:00,318.21805555555557,71.675,0.46301369863013697
2025-11-26 21:00:00+00:00,2026-05-15 00:00:00+00:00,NET,NET260515C00140000,call,True,140.0,66.55,69.15,70.27,197.49000549316406,0.6994048614501953,0.036842886271592254,0.0,1.0,2,2025-11-18 20:40:51+00:00,192.31916666666666,67.85,0.46301369863013697
2025-11-26 21:00:00+00:00,2026-05-15 00:00:00+00:00,NET,NET260515C00145000,call,True,145.0,62.55,65.55,75.05,197.49000549316406,0.6870148486328126,0.036842886271592254,0.0,25.0,37,2025-11-17 14:32:20+00:00,222.4611111111111,64.05,0.46301369863013697
2025-11-26 21:00:00+00:00,2026-05-15 00:00:00+00:00,NET,NET260515C00150000,call,True,150.0,58.8,61.8,111.83,197.49000549316406,0.6738313867187502,0.036842886271592254,0.0,1.0,29,2025-10-31 19:54:54+00:00,625.085,60.3,0.46301369863013697
2025-11-26 21:00:00+00:00,2026-05-15 00:00:00+00:00,NET,NET260515C00155000,call,True,155.0,68.55,71.15,76.9,197.49000549316406,0.9787599780273439,0.036842886271592254,0.0,1.0,1,2025-09-26 19:06:46+00:00,1465.8872222222221,69.85,0.46301369863013697
2025-11-26 21:00:00+00:00,2026-05-15 00:00:00+00:00,NET,NET260515C00160000,call,True,160.0,52.15,54.75,50.8,197.49000549316406,0.6572910247802735,0.036842886271592254,0.0,15.0,17,2025-11-24 16:36:19+00:00,52.39472222222222,53.45,0.46301369863013697
2025-11-26 21:00:00+00:00,2026-05-15 00:00:00+00:00,NET,NET260515C00165000,call,True,165.0,48.6,50.8,74.67,197.49000549316406,0.6381872119140625,0.036842886271592254,0.0,1.0,1,2025-10-29 14:49:37+00:00,678.1730555555556,49.7,0.46301369863013697
2025-11-26 21:00:00+00:00,2026-05-15 00:00:00+00:00,NET,NET260515C00170000,call,True,170.0,45.75,48.35,53.76,197.49000549316406,0.641605146484375,0.036842886271592254,0.0,,10,2025-11-17 18:44:30+00:00,218.25833333333333,47.05,0.46301369863013697
2025-11-26 21:00:00+00:00,2026-05-15 00:00:00+00:00,NET,NET260515C00175000,call,True,175.0,42.8,45.35,39.41,197.49000549316406,0.6351354846191408,0.036842886271592254,0.0,2.0,8,2025-11-24 14:40:36+00:00,54.32333333333333,44.075,0.46301369863013697
2025-11-26 21:00:00+00:00,2026-05-15 00:00:00+00:00,NET,NET260515C00180000,call,True,180.0,40.45,42.8,47.25,197.49000549316406,0.6371496246337891,0.036842886271592254,0.0,21.0,21,2025-11-17 18:42:01+00:00,218.29972222222221,41.625,0.46301369863013697
2025-11-26 21:00:00+00:00,2026-05-15 00:00:00+00:00,NET,NET260515C00185000,call,True,185.0,37.35,39.95,32.0,197.49000549316406,0.6260413372802736,0.036842886271592254,0.0,4.0,6,2025-11-21 15:18:15+00:00,125.69583333333334,38.650000000000006,0.46301369863013697
2025-11-26 21:00:00+00:00,2026-05-15 00:00:00+00:00,NET,NET260515C00190000,call,True,190.0,35.1,37.25,29.97,197.49000549316406,0.6227149545288085,0.036842886271592254,0.0,9.0,10,2025-11-25 14:43:45+00:00,30.270833333333332,36.175,0.46301369863013697
2025-11-26 21:00:00+00:00,2026-05-15 00:00:00+00:00,NET,NET260515C00195000,call,True,195.0,32.85,34.9,34.0,197.49000549316406,0.6205177108764649,0.036842886271592254,0.0,3.0,5,2025-11-26 19:29:00+00:00,1.5166666666666666,33.875,0.46301369863013697
2025-11-26 21:00:00+00:00,2026-05-15 00:00:00+00:00,NET,NET260515C00200000,call,False,200.0,30.4,31.4,31.8,197.49000549316406,0.6033975207519533,0.036842886271592254,0.0,2.0,27,2025-11-26 20:23:44+00:00,0.6044444444444445,30.9,0.46301369863013697
2025-11-26 21:00:00+00:00,2026-05-15 00:00:00+00:00,NET,NET260515C00210000,call,False,210.0,25.75,27.1,25.27,197.49000549316406,0.5910075079345705,0.036842886271592254,0.0,1.0,22,2025-11-24 15:08:48+00:00,53.85333333333333,26.425,0.46301369863013697
2025-11-26 21:00:00+00:00,2026-05-15 00:00:00+00:00,NET,NET260515C00220000,call,False,220.0,22.3,23.3,20.59,197.49000549316406,0.5864299169921875,0.036842886271592254,0.0,2.0,15,2025-11-25 14:32:31+00:00,30.458055555555557,22.8,0.46301369863013697
2025-11-26 21:00:00+00:00,2026-05-15 00:00:00+00:00,NET,NET260515C00230000,call,False,230.0,18.95,20.1,19.85,197.49000549316406,0.5807231869506836,0.036842886271592254,0.0,1.0,24,2025-11-26 18:17:44+00:00,2.7044444444444444,19.525,0.46301369863013697
2025-11-26 21:00:00+00:00,2026-05-15 00:00:00+00:00,NET,NET260515C00240000,call,False,240.0,15.8,17.05,15.95,197.49000549316406,0.5709881768798828,0.036842886271592254,0.0,1.0,25,2025-11-25 17:35:37+00:00,27.406388888888888,16.425,0.46301369863013697
2025-11-26 21:00:00+00:00,2026-05-15 00:00:00+00:00,NET,NET260515C00250000,call,False,250.0,13.55,14.65,13.42,197.49000549316406,0.5695538650512696,0.036842886271592254,0.0,6.0,98,2025-11-25 17:23:53+00:00,27.601944444444445,14.100000000000001,0.46301369863013697
2025-11-26 21:00:00+00:00,2026-05-15 00:00:00+00:00,NET,NET260515C00260000,call,False,260.0,11.6,12.85,11.6,197.49000549316406,0.5712628323364258,0.036842886271592254,0.0,1.0,25,2025-11-26 18:59:51+00:00,2.0025,12.225,0.46301369863013697
2025-11-26 21:00:00+00:00,2026-05-15 00:00:00+00:00,NET,NET260515C00270000,call,False,270.0,9.95,10.95,13.8,197.49000549316406,0.5695233477783204,0.036842886271592254,0.0,26.0,127,2025-11-17 19:42:13+00:00,217.29638888888888,10.45,0.46301369863013697
2025-11-26 21:00:00+00:00,2026-05-15 00:00:00+00:00,NET,NET260515C00280000,call,False,280.0,7.5,9.0,11.9,197.49000549316406,0.5516402258300781,0.036842886271592254,0.0,7.0,9,2025-11-17 19:43:46+00:00,217.27055555555555,8.25,0.46301369863013697
2025-11-26 21:00:00+00:00,2026-05-15 00:00:00+00:00,NET,NET260515C00290000,call,False,290.0,6.4,8.2,7.0,197.49000549316406,0.5585371295166017,0.036842886271592254,0.0,1.0,15,2025-11-21 19:33:38+00:00,121.43944444444445,7.3,0.46301369863013697
2025-11-26 21:00:00+00:00,2026-05-15 00:00:00+00:00,NET,NET260515C00300000,call,False,300.0,5.0,6.8,5.78,197.49000549316406,0.5487716021728517,0.036842886271592254,0.0,1.0,107,2025-11-21 19:33:38+00:00,121.43944444444445,5.9,0.46301369863013697
2025-11-26 21:00:00+00:00,2026-05-15 00:00:00+00:00,NET,NET260515C00310000,call,False,310.0,4.1,5.95,18.55,197.49000549316406,0.5488936712646486,0.036842886271592254,0.0,16.0,1,2025-11-10 18:40:36+00:00,386.3233333333333,5.025,0.46301369863013697
2025-11-26 21:00:00+00:00,2026-05-15 00:00:00+00:00,NET,NET260515C00320000,call,False,320.0,3.85,4.9,9.9,197.49000549316406,0.5523116058349609,0.036842886271592254,0.0,42.0,53,2025-11-13 16:02:10+00:00,316.9638888888889,4.375,0.46301369863013697
2025-11-26 21:00:00+00:00,2026-05-15 00:00:00+00:00,NET,NET260515C00330000,call,False,330.0,3.2,4.6,5.66,197.49000549316406,0.5587202331542969,0.036842886271592254,0.0,1.0,123,2025-11-18 18:02:58+00:00,194.95055555555555,3.9,0.46301369863013697
2025-11-26 21:00:00+00:00,2026-05-15 00:00:00+00:00,NET,NET260515C00340000,call,False,340.0,2.8,3.55,2.6,197.49000549316406,0.5522505712890625,0.036842886271592254,0.0,4.0,6,2025-11-21 17:33:42+00:00,123.43833333333333,3.175,0.46301369863013697
2025-11-26 21:00:00+00:00,2026-05-15 00:00:00+00:00,NET,NET260515C00350000,call,False,350.0,2.44,3.95,3.7,197.49000549316406,0.573673696899414,0.036842886271592254,0.0,4.0,4,2025-11-19 15:08:31+00:00,173.85805555555555,3.1950000000000003,0.46301369863013697
2025-11-26 21:00:00+00:00,2026-05-15 00:00:00+00:00,NET,NET260515C00360000,call,False,360.0,2.0,2.91,11.32,197.49000549316406,0.5596967858886719,0.036842886271592254,0.0,,1,2025-11-03 17:00:46+00:00,555.9872222222223,2.455,0.46301369863013697
2025-11-26 21:00:00+00:00,2026-05-15 00:00:00+00:00,NET,NET260515C00370000,call,False,370.0,1.48,2.64,8.2,197.49000549316406,0.5576216113281252,0.036842886271592254,0.0,,1,2025-11-11 15:59:13+00:00,365.0130555555556,2.06,0.46301369863013697
2025-11-26 21:00:00+00:00,2026-05-15 00:00:00+00:00,NET,NET260515C00380000,call,False,380.0,1.38,2.36,1.55,197.49000549316406,0.5640912731933594,0.036842886271592254,0.0,2.0,30,2025-11-21 20:56:32+00:00,120.05777777777777,1.8699999999999999,0.46301369863013697
2025-11-26 21:00:00+00:00,2026-05-15 00:00:00+00:00,NET,NET260515P00100000,put,False,100.0,1.26,3.45,2.5,197.49000549316406,0.7033721069335939,0.036842886271592254,0.0,1.0,1,2025-11-21 14:31:14+00:00,126.47944444444444,2.355,0.46301369863013697
2025-11-26 21:00:00+00:00,2026-05-15 00:00:00+00:00,NET,NET260515P00110000,put,False,110.0,2.09,3.15,2.96,197.49000549316406,0.6364782446289063,0.036842886271592254,0.0,1.0,23,2025-11-25 19:06:48+00:00,25.886666666666667,2.62,0.46301369863013697
2025-11-26 21:00:00+00:00,2026-05-15 00:00:00+00:00,NET,NET260515P00115000,put,False,115.0,2.59,3.4,4.5,197.49000549316406,0.6181068463134767,0.036842886271592254,0.0,1.0,1,2025-11-21 15:24:00+00:00,125.6,2.995,0.46301369863013697
2025-11-26 21:00:00+00:00,2026-05-15 00:00:00+00:00,NET,NET260515P00120000,put,False,120.0,2.92,4.65,5.0,197.49000549316406,0.6187782263183594,0.036842886271592254,0.0,,2,2025-11-18 14:30:42+00:00,198.48833333333334,3.785,0.46301369863013697
2025-11-26 21:00:00+00:00,2026-05-15 00:00:00+00:00,NET,NET260515P00125000,put,False,125.0,3.3,4.7,5.8,197.49000549316406,0.5885050915527343,0.036842886271592254,0.0,1.0,2,2025-11-21 17:39:44+00:00,123.33777777777777,4.0,0.46301369863013697
2025-11-26 21:00:00+00:00,2026-05-15 00:00:00+00:00,NET,NET260515P00130000,put,False,130.0,3.95,5.7,5.06,197.49000549316406,0.5837443969726561,0.036842886271592254,0.0,1.0,3,2025-11-17 18:40:00+00:00,218.33333333333334,4.825,0.46301369863013697
2025-11-26 21:00:00+00:00,2026-05-15 00:00:00+00:00,NET,NET260515P00135000,put,False,135.0,4.9,6.4,7.74,197.49000549316406,0.575077491455078,0.036842886271592254,0.0,2.0,15,2025-11-25 15:14:28+00:00,29.75888888888889,5.65,0.46301369863013697
2025-11-26 21:00:00+00:00,2026-05-15 00:00:00+00:00,NET,NET260515P00145000,put,False,145.0,7.95,8.85,5.55,197.49000549316406,0.582462671508789,0.036842886271592254,0.0,,1,2025-11-11 17:52:32+00:00,363.12444444444446,8.4,0.46301369863013697
2025-11-26 21:00:00+00:00,2026-05-15 00:00:00+00:00,NET,NET260515P00150000,put,False,150.0,8.05,9.9,9.52,197.49000549316406,0.5569502313232424,0.036842886271592254,0.0,3.0,185,2025-11-26 19:32:25+00:00,1.4597222222222221,8.975000000000001,0.46301369863013697
2025-11-26 21:00:00+00:00,2026-05-15 00:00:00+00:00,NET,NET260515P00155000,put,False,155.0,9.6,11.15,11.23,197.49000549316406,0.5524336749267578,0.036842886271592254,0.0,1.0,488,2025-11-20 14:47:17+00:00,150.21194444444444,10.375,0.46301369863013697
2025-11-26 21:00:00+00:00,2026-05-15 00:00:00+00:00,NET,NET260515P00160000,put,False,160.0,11.7,12.8,11.98,197.49000549316406,0.5564009204101563,0.036842886271592254,0.0,1.0,10,2025-11-14 14:50:05+00:00,294.16527777777776,12.25,0.46301369863013697
2025-11-26 21:00:00+00:00,2026-05-15 00:00:00+00:00,NET,NET260515P00165000,put,False,165.0,12.55,14.35,17.53,197.49000549316406,0.5406845248413087,0.036842886271592254,0.0,10.0,51,2025-11-21 20:33:53+00:00,120.43527777777778,13.45,0.46301369863013697
2025-11-26 21:00:00+00:00,2026-05-15 00:00:00+00:00,NET,NET260515P00170000,put,False,170.0,15.05,17.1,11.9,197.49000549316406,0.5545698840332032,0.036842886271592254,0.0,3.0,18,2025-11-06 15:50:32+00:00,485.15777777777777,16.075000000000003,0.46301369863013697
2025-11-26 21:00:00+00:00,2026-05-15 00:00:00+00:00,NET,NET260515P00175000,put,False,175.0,17.0,18.25,17.47,197.49000549316406,0.541264353027344,0.036842886271592254,0.0,1.0,828,2025-11-26 19:32:25+00:00,1.4597222222222221,17.625,0.46301369863013697
2025-11-26 21:00:00+00:00,2026-05-15 00:00:00+00:00,NET,NET260515P00180000,put,False,180.0,18.9,20.45,18.66,197.49000549316406,0.5360153820800782,0.036842886271592254,0.0,1.0,4,2025-11-17 14:37:57+00:00,222.3675,19.674999999999997,0.46301369863013697
2025-11-26 21:00:00+00:00,2026-05-15 00:00:00+00:00,NET,NET260515P00185000,put,False,185.0,21.6,22.5,22.27,197.49000549316406,0.534581070251465,0.036842886271592254,0.0,1.0,26,2025-11-26 14:37:58+00:00,6.367222222222222,22.05,0.46301369863013697
2025-11-26 21:00:00+00:00,2026-05-15 00:00:00+00:00,NET,NET260515P00190000,put,False,190.0,23.4,24.8,25.9,197.49000549316406,0.5240526110839843,0.036842886271592254,0.0,17.0,8,2025-11-18 20:12:38+00:00,192.78944444444446,24.1,0.46301369863013697
2025-11-26 21:00:00+00:00,2026-05-15 00:00:00+00:00,NET,NET260515P00195000,put,False,195.0,25.8,28.0,29.05,197.49000549316406,0.5254564056396485,0.036842886271592254,0.0,,10,2025-11-19 19:34:14+00:00,169.42944444444444,26.9,0.46301369863013697
2025-11-26 21:00:00+00:00,2026-05-15 00:00:00+00:00,NET,NET260515P00200000,put,True,200.0,28.25,30.3,29.02,197.49000549316406,0.5161486373901367,0.036842886271592254,0.0,3.0,129,2025-11-26 19:10:26+00:00,1.826111111111111,29.275,0.46301369863013697
2025-11-26 21:00:00+00:00,2026-05-15 00:00:00+00:00,NET,NET260515P00210000,put,True,210.0,33.7,36.3,37.42,197.49000549316406,0.5084888018798828,0.036842886271592254,0.0,1.0,1,2025-11-18 17:58:21+00:00,195.0275,35.0,0.46301369863013697
2025-11-26 21:00:00+00:00,2026-05-15 00:00:00+00:00,NET,NET260515P00220000,put,True,220.0,40.0,42.2,43.2,197.49000549316406,0.5189257092285156,0.036842886271592254,0.0,1.0,3,2025-11-18 16:25:11+00:00,196.58027777777778,41.1,0.46301369863013697
2025-11-26 21:00:00+00:00,2026-05-15 00:00:00+00:00,NET,NET260515P00240000,put,True,240.0,53.8,55.65,33.0,197.49000549316406,0.4958546508789063,0.036842886271592254,0.0,2.0,17,2025-10-31 13:53:48+00:00,631.1033333333334,54.724999999999994,0.46301369863013697
2025-11-26 21:00:00+00:00,2026-05-15 00:00:00+00:00,NET,NET260515P00250000,put,True,250.0,55.1,57.6,54.26,197.49000549316406,0.35501743621826165,0.036842886271592254,0.0,,1,2025-10-08 13:32:28+00:00,1183.4588888888889,56.35,0.46301369863013697
2025-11-26 21:00:00+00:00,2026-06-18 00:00:00+00:00,NET,NET260618C00047500,call,True,47.5,162.85,166.65,170.0,197.49000549316406,2.2940716476440426,0.036842886271592254,0.0,5.0,7,2025-09-26 14:14:12+00:00,1470.7633333333333,164.75,0.5561643835616439
2025-11-26 21:00:00+00:00,2026-06-18 00:00:00+00:00,NET,NET260618C00050000,call,True,50.0,147.4,150.55,176.0,197.49000549316406,1.1638225402832032,0.036842886271592254,0.0,4.0,21,2025-11-06 17:15:40+00:00,483.7388888888889,148.97500000000002,0.5561643835616439
2025-11-26 21:00:00+00:00,2026-06-18 00:00:00+00:00,NET,NET260618C00055000,call,True,55.0,142.6,145.8,170.0,197.49000549316406,1.112797404785156,0.036842886271592254,0.0,2.0,2,2025-11-13 14:36:36+00:00,318.39,144.2,0.5561643835616439
2025-11-26 21:00:00+00:00,2026-06-18 00:00:00+00:00,NET,NET260618C00060000,call,True,60.0,137.75,141.0,166.0,197.49000549316406,1.0596970843505862,0.036842886271592254,0.0,1.0,1,2025-11-13 14:35:10+00:00,318.4138888888889,139.375,0.5561643835616439
2025-11-26 21:00:00+00:00,2026-06-18 00:00:00+00:00,NET,NET260618C00065000,call,True,65.0,146.15,149.95,152.86,197.49000549316406,1.8366707385253904,0.036842886271592254,0.0,1.0,2,2025-10-16 15:24:08+00:00,989.5977777777778,148.05,0.5561643835616439
2025-11-26 21:00:00+00:00,2026-06-18 00:00:00+00:00,NET,NET260618C00075000,call,True,75.0,123.5,126.8,135.17,197.49000549316406,0.9387213159179688,0.036842886271592254,0.0,1.0,1,2025-11-17 16:56:08+00:00,220.06444444444443,125.15,0.5561643835616439
2025-11-26 21:00:00+00:00,2026-06-18 00:00:00+00:00,NET,NET260618C00080000,call,True,80.0,118.8,122.1,130.0,197.49000549316406,0.9039316247558593,0.036842886271592254,0.0,1.0,1,2025-11-17 14:32:45+00:00,222.45416666666668,120.44999999999999,0.5561643835616439
2025-11-26 21:00:00+00:00,2026-06-18 00:00:00+00:00,NET,NET260618C00090000,call,True,90.0,107.35,109.0,96.45,197.49000549316406,0.6250037500000001,0.036842886271592254,0.0,1.0,4,2025-06-16 16:10:31+00:00,3916.824722222222,108.175,0.5561643835616439
2025-11-26 21:00:00+00:00,2026-06-18 00:00:00+00:00,NET,NET260618C00092500,call,True,92.5,108.65,110.95,101.2,197.49000549316406,0.8787243572998047,0.036842886271592254,0.0,1.0,0,2025-07-15 16:04:16+00:00,3220.928888888889,109.80000000000001,0.5561643835616439
2025-11-26 21:00:00+00:00,2026-06-18 00:00:00+00:00,NET,NET260618C00095000,call,True,95.0,105.6,108.4,136.95,197.49000549316406,0.8378922460937499,0.036842886271592254,0.0,2.0,30,2025-10-30 14:40:10+00:00,654.3305555555555,107.0,0.5561643835616439
2025-11-26 21:00:00+00:00,2026-06-18 00:00:00+00:00,NET,NET260618C00097500,call,True,97.5,115.8,119.3,119.52,197.49000549316406,1.3271518017578123,0.036842886271592254,0.0,10.0,23,2025-09-17 18:35:49+00:00,1682.4030555555555,117.55,0.5561643835616439
2025-11-26 21:00:00+00:00,2026-06-18 00:00:00+00:00,NET,NET260618C00100000,call,True,100.0,101.3,104.0,137.5,197.49000549316406,0.8198870550537107,0.036842886271592254,0.0,1.0,18,2025-11-05 14:58:15+00:00,510.02916666666664,102.65,0.5561643835616439
2025-11-26 21:00:00+00:00,2026-06-18 00:00:00+00:00,NET,NET260618C00105000,call,True,105.0,97.0,99.55,131.5,197.49000549316406,0.7991963439941407,0.036842886271592254,0.0,1.0,28,2025-11-05 15:52:40+00:00,509.1222222222222,98.275,0.5561643835616439
2025-11-26 21:00:00+00:00,2026-06-18 00:00:00+00:00,NET,NET260618C00110000,call,True,110.0,92.35,95.2,139.4,197.49000549316406,0.772463212890625,0.036842886271592254,0.0,1.0,12,2025-10-31 13:52:01+00:00,631.1330555555555,93.775,0.5561643835616439
2025-11-26 21:00:00+00:00,2026-06-18 00:00:00+00:00,NET,NET260618C00115000,call,True,115.0,100.9,104.5,112.52,197.49000549316406,1.174076395263672,0.036842886271592254,0.0,1.0,35,2025-09-18 15:51:00+00:00,1661.15,102.7,0.5561643835616439
2025-11-26 21:00:00+00:00,2026-06-18 00:00:00+00:00,NET,NET260618C00120000,call,True,120.0,101.15,104.95,112.35,197.49000549316406,1.2623938247680666,0.036842886271592254,0.0,1.0,49,2025-09-12 13:33:14+00:00,1807.4461111111111,103.05000000000001,0.5561643835616439
2025-11-26 21:00:00+00:00,2026-06-18 00:00:00+00:00,NET,NET260618C00125000,call,True,125.0,79.95,82.65,131.52,197.49000549316406,0.7242459216308592,0.036842886271592254,0.0,2.0,13,2025-10-31 15:09:06+00:00,629.8483333333334,81.30000000000001,0.5561643835616439
2025-11-26 21:00:00+00:00,2026-06-18 00:00:00+00:00,NET,NET260618C00130000,call,True,130.0,76.2,78.6,126.59,197.49000549316406,0.7129545306396485,0.036842886271592254,0.0,1.0,28,2025-10-31 15:10:01+00:00,629.8330555555556,77.4,0.5561643835616439
2025-11-26 21:00:00+00:00,2026-06-18 00:00:00+00:00,NET,NET260618C00135000,call,True,135.0,72.0,74.7,121.45,197.49000549316406,0.6954986505126954,0.036842886271592254,0.0,1.0,46,2025-10-31 19:10:36+00:00,625.8233333333334,73.35,0.5561643835616439
2025-11-26 21:00:00+00:00,2026-06-18 00:00:00+00:00,NET,NET260618C00140000,call,True,140.0,68.1,70.85,71.2,197.49000549316406,0.6814607049560548,0.036842886271592254,0.0,1.0,50,2025-11-26 19:01:05+00:00,1.9819444444444445,69.475,0.5561643835616439
2025-11-26 21:00:00+00:00,2026-06-18 00:00:00+00:00,NET,NET260618C00145000,call,True,145.0,64.55,67.15,81.67,197.49000549316406,0.6720308676147463,0.036842886271592254,0.0,6.0,11,2025-11-13 19:30:46+00:00,313.4872222222222,65.85,0.5561643835616439
2025-11-26 21:00:00+00:00,2026-06-18 00:00:00+00:00,NET,NET260618C00150000,call,True,150.0,61.15,63.7,62.45,197.49000549316406,0.665286550292969,0.036842886271592254,0.0,2.0,396,2025-11-26 14:51:21+00:00,6.144166666666667,62.425,0.5561643835616439
2025-11-26 21:00:00+00:00,2026-06-18 00:00:00+00:00,NET,NET260618C00155000,call,True,155.0,57.6,60.25,51.55,197.49000549316406,0.6547275738525393,0.036842886271592254,0.0,2.0,56,2025-11-21 19:54:37+00:00,121.08972222222222,58.925,0.5561643835616439
2025-11-26 21:00:00+00:00,2026-06-18 00:00:00+00:00,NET,NET260618C00160000,call,True,160.0,54.4,57.0,50.29,197.49000549316406,0.6482273947143554,0.036842886271592254,0.0,2.0,81,2025-11-25 16:52:08+00:00,28.13111111111111,55.7,0.5561643835616439
2025-11-26 21:00:00+00:00,2026-06-18 00:00:00+00:00,NET,NET260618C00165000,call,True,165.0,51.15,53.55,79.55,197.49000549316406,0.6371191073608399,0.036842886271592254,0.0,2.0,65,2025-10-30 18:46:53+00:00,650.2186111111112,52.349999999999994,0.5561643835616439
2025-11-26 21:00:00+00:00,2026-06-18 00:00:00+00:00,NET,NET260618C00170000,call,True,170.0,48.35,50.75,52.07,197.49000549316406,0.6351965191650393,0.036842886271592254,0.0,4.0,991,2025-11-18 18:13:46+00:00,194.77055555555555,49.55,0.5561643835616439
2025-11-26 21:00:00+00:00,2026-06-18 00:00:00+00:00,NET,NET260618C00175000,call,True,175.0,56.4,59.95,67.0,197.49000549316406,0.850587431640625,0.036842886271592254,0.0,1.0,75,2025-10-15 17:18:49+00:00,1011.6863888888889,58.175,0.5561643835616439
2025-11-26 21:00:00+00:00,2026-06-18 00:00:00+00:00,NET,NET260618C00180000,call,True,180.0,42.35,45.0,41.8,197.49000549316406,0.6198158135986329,0.036842886271592254,0.0,2.0,150,2025-11-25 19:14:55+00:00,25.75138888888889,43.675,0.5561643835616439
2025-11-26 21:00:00+00:00,2026-06-18 00:00:00+00:00,NET,NET260618C00185000,call,True,185.0,39.45,42.45,38.7,197.49000549316406,0.6132851171875001,0.036842886271592254,0.0,2.0,295,2025-11-20 20:33:44+00:00,144.43777777777777,40.95,0.5561643835616439
2025-11-26 21:00:00+00:00,2026-06-18 00:00:00+00:00,NET,NET260618C00190000,call,True,190.0,36.95,39.8,38.93,197.49000549316406,0.6076394216918947,0.036842886271592254,0.0,1.0,3216,2025-11-26 19:57:43+00:00,1.0380555555555555,38.375,0.5561643835616439
2025-11-26 21:00:00+00:00,2026-06-18 00:00:00+00:00,NET,NET260618C00195000,call,True,195.0,35.0,37.3,37.05,197.49000549316406,0.6063271789550781,0.036842886271592254,0.0,3.0,34,2025-11-26 19:09:07+00:00,1.8480555555555556,36.15,0.5561643835616439
2025-11-26 21:00:00+00:00,2026-06-18 00:00:00+00:00,NET,NET260618C00200000,call,False,200.0,32.6,35.3,28.65,197.49000549316406,0.6035806243896487,0.036842886271592254,0.0,9.0,200,2025-11-21 20:55:06+00:00,120.08166666666666,33.95,0.5561643835616439
2025-11-26 21:00:00+00:00,2026-06-18 00:00:00+00:00,NET,NET260618C00210000,call,False,210.0,28.7,30.9,25.71,197.49000549316406,0.597080445251465,0.036842886271592254,0.0,1.0,91,2025-11-25 16:26:38+00:00,28.55611111111111,29.799999999999997,0.5561643835616439
2025-11-26 21:00:00+00:00,2026-06-18 00:00:00+00:00,NET,NET260618C00220000,call,False,220.0,24.8,26.9,24.3,197.49000549316406,0.587314917907715,0.036842886271592254,0.0,2.0,135,2025-11-25 19:31:04+00:00,25.482222222222223,25.85,0.5561643835616439
2025-11-26 21:00:00+00:00,2026-06-18 00:00:00+00:00,NET,NET260618C00230000,call,False,230.0,20.95,23.65,20.75,197.49000549316406,0.5780071496582031,0.036842886271592254,0.0,5.0,529,2025-11-20 18:53:46+00:00,146.1038888888889,22.299999999999997,0.5561643835616439
2025-11-26 21:00:00+00:00,2026-06-18 00:00:00+00:00,NET,NET260618C00240000,call,False,240.0,18.5,20.4,15.55,197.49000549316406,0.5747418014526368,0.036842886271592254,0.0,2.0,264,2025-11-21 15:53:22+00:00,125.11055555555555,19.45,0.5561643835616439
2025-11-26 21:00:00+00:00,2026-06-18 00:00:00+00:00,NET,NET260618C00250000,call,False,250.0,16.0,17.6,16.0,197.49000549316406,0.5693707614135742,0.036842886271592254,0.0,3.0,4083,2025-11-26 14:57:52+00:00,6.035555555555556,16.8,0.5561643835616439
2025-11-26 21:00:00+00:00,2026-06-18 00:00:00+00:00,NET,NET260618C00260000,call,False,260.0,13.5,15.35,14.8,197.49000549316406,0.5635419622802735,0.036842886271592254,0.0,1.0,1187,2025-11-20 16:31:11+00:00,148.4802777777778,14.425,0.5561643835616439
2025-11-26 21:00:00+00:00,2026-06-18 00:00:00+00:00,NET,NET260618C00270000,call,False,270.0,11.75,13.1,11.5,197.49000549316406,0.5596662686157227,0.036842886271592254,0.0,5.0,964,2025-11-24 20:07:33+00:00,48.87416666666667,12.425,0.5561643835616439
2025-11-26 21:00:00+00:00,2026-06-18 00:00:00+00:00,NET,NET260618C00280000,call,False,280.0,10.1,12.2,10.82,197.49000549316406,0.5658002404785156,0.036842886271592254,0.0,2.0,2368,2025-11-26 18:34:36+00:00,2.4233333333333333,11.149999999999999,0.5561643835616439
2025-11-26 21:00:00+00:00,2026-06-18 00:00:00+00:00,NET,NET260618C00290000,call,False,290.0,8.0,10.75,9.4,197.49000549316406,0.5574079904174806,0.036842886271592254,0.0,2.0,41,2025-11-26 19:35:28+00:00,1.4088888888888889,9.375,0.5561643835616439
2025-11-26 21:00:00+00:00,2026-06-18 00:00:00+00:00,NET,NET260618C00300000,call,False,300.0,6.8,8.3,6.65,197.49000549316406,0.5424850439453126,0.036842886271592254,0.0,19.0,83,2025-11-25 14:41:15+00:00,30.3125,7.550000000000001,0.5561643835616439
2025-11-26 21:00:00+00:00,2026-06-18 00:00:00+00:00,NET,NET260618C00310000,call,False,310.0,6.4,7.35,7.0,197.49000549316406,0.5508467767333984,0.036842886271592254,0.0,1.0,14,2025-11-26 19:21:55+00:00,1.6347222222222222,6.875,0.5561643835616439
2025-11-26 21:00:00+00:00,2026-06-18 00:00:00+00:00,NET,NET260618C00320000,call,False,320.0,5.45,6.4,5.95,197.49000549316406,0.5493209130859377,0.036842886271592254,0.0,2.0,42,2025-11-21 14:32:48+00:00,126.45333333333333,5.925000000000001,0.5561643835616439
2025-11-26 21:00:00+00:00,2026-06-18 00:00:00+00:00,NET,NET260618C00330000,call,False,330.0,4.85,5.6,4.35,197.49000549316406,0.5513960876464845,0.036842886271592254,0.0,1.0,30,2025-11-25 14:32:21+00:00,30.460833333333333,5.225,0.5561643835616439
2025-11-26 21:00:00+00:00,2026-06-18 00:00:00+00:00,NET,NET260618C00340000,call,False,340.0,3.7,5.0,4.35,197.49000549316406,0.545048494873047,0.036842886271592254,0.0,1.0,6,2025-11-26 14:32:20+00:00,6.461111111111111,4.35,0.5561643835616439
2025-11-26 21:00:00+00:00,2026-06-18 00:00:00+00:00,NET,NET260618C00350000,call,False,350.0,2.91,4.25,3.75,197.49000549316406,0.5379684875488282,0.036842886271592254,0.0,3.0,5,2025-11-26 14:32:20+00:00,6.461111111111111,3.58,0.5561643835616439
2025-11-26 21:00:00+00:00,2026-06-18 00:00:00+00:00,NET,NET260618C00360000,call,False,360.0,2.84,3.75,3.25,197.49000549316406,0.5455367712402344,0.036842886271592254,0.0,3.0,13,2025-11-26 14:32:20+00:00,6.461111111111111,3.295,0.5561643835616439
2025-11-26 21:00:00+00:00,2026-06-18 00:00:00+00:00,NET,NET260618C00380000,call,False,380.0,2.26,3.55,2.45,197.49000549316406,0.5637861004638673,0.036842886271592254,0.0,1.0,6,2025-11-26 14:32:20+00:00,6.461111111111111,2.905,0.5561643835616439
2025-11-26 21:00:00+00:00,2026-06-18 00:00:00+00:00,NET,NET260618P00047500,put,False,47.5,0.0,0.75,0.25,197.49000549316406,0.8959971337890623,0.036842886271592254,0.0,5.0,5,2025-11-19 14:33:01+00:00,174.44972222222222,0.375,0.5561643835616439
2025-11-26 21:00:00+00:00,2026-06-18 00:00:00+00:00,NET,NET260618P00050000,put,False,50.0,0.0,0.87,0.29,197.49000549316406,0.883790224609375,0.036842886271592254,0.0,,77,2025-11-19 14:33:03+00:00,174.44916666666666,0.435,0.5561643835616439
2025-11-26 21:00:00+00:00,2026-06-18 00:00:00+00:00,NET,NET260618P00055000,put,False,55.0,0.0,2.55,0.37,197.49000549316406,0.9919434399414062,0.036842886271592254,0.0,5.0,10,2025-09-11 13:30:56+00:00,1831.4844444444445,1.275,0.5561643835616439
2025-11-26 21:00:00+00:00,2026-06-18 00:00:00+00:00,NET,NET260618P00060000,put,False,60.0,0.0,2.37,1.7,197.49000549316406,0.9150399121093751,0.036842886271592254,0.0,25.0,28,2025-05-29 15:33:38+00:00,4349.439444444444,1.185,0.5561643835616439
2025-11-26 21:00:00+00:00,2026-06-18 00:00:00+00:00,NET,NET260618P00065000,put,False,65.0,0.0,2.3,1.38,197.49000549316406,0.8522963989257812,0.036842886271592254,0.0,1.0,2,2025-06-26 16:04:21+00:00,3676.9275,1.15,0.5561643835616439
2025-11-26 21:00:00+00:00,2026-06-18 00:00:00+00:00,NET,NET260618P00070000,put,False,70.0,0.02,1.35,0.98,197.49000549316406,0.7280300634765625,0.036842886271592254,0.0,9.0,18,2025-10-03 14:00:02+00:00,1302.9994444444444,0.685,0.5561643835616439
2025-11-26 21:00:00+00:00,2026-06-18 00:00:00+00:00,NET,NET260618P00075000,put,False,75.0,0.29,1.56,0.65,197.49000549316406,0.7204617797851562,0.036842886271592254,0.0,10.0,78,2025-10-31 15:59:50+00:00,629.0027777777777,0.925,0.5561643835616439
2025-11-26 21:00:00+00:00,2026-06-18 00:00:00+00:00,NET,NET260618P00080000,put,False,80.0,0.31,3.3,1.32,197.49000549316406,0.7736839038085939,0.036842886271592254,0.0,10.0,21,2025-09-12 15:18:49+00:00,1805.6863888888888,1.805,0.5561643835616439
2025-11-26 21:00:00+00:00,2026-06-18 00:00:00+00:00,NET,NET260618P00085000,put,False,85.0,0.0,0.0,2.13,197.49000549316406,0.2500075,0.036842886271592254,0.0,3.0,21,2025-08-18 15:31:33+00:00,2405.474166666667,0.0,0.5561643835616439
2025-11-26 21:00:00+00:00,2026-06-18 00:00:00+00:00,NET,NET260618P00090000,put,False,90.0,1.08,2.73,2.77,197.49000549316406,0.6918976123046876,0.036842886271592254,0.0,1.0,28,2025-08-15 15:06:17+00:00,2477.8952777777777,1.905,0.5561643835616439
2025-11-26 21:00:00+00:00,2026-06-18 00:00:00+00:00,NET,NET260618P00092500,put,False,92.5,0.84,2.7,1.67,197.49000549316406,0.6596713720703126,0.036842886271592254,0.0,2.0,13,2025-11-17 20:40:01+00:00,216.33305555555555,1.77,0.5561643835616439
2025-11-26 21:00:00+00:00,2026-06-18 00:00:00+00:00,NET,NET260618P00095000,put,False,95.0,1.22,3.55,1.22,197.49000549316406,0.6854279504394531,0.036842886271592254,0.0,3.0,31,2025-10-31 15:41:02+00:00,629.3161111111111,2.385,0.5561643835616439
2025-11-26 21:00:00+00:00,2026-06-18 00:00:00+00:00,NET,NET260618P00097500,put,False,97.5,1.46,2.63,2.2,197.49000549316406,0.6405065246582031,0.036842886271592254,0.0,1.0,18,2025-09-25 19:55:44+00:00,1489.0711111111111,2.045,0.5561643835616439
2025-11-26 21:00:00+00:00,2026-06-18 00:00:00+00:00,NET,NET260618P00100000,put,False,100.0,1.65,3.75,2.9,197.49000549316406,0.6644320666503909,0.036842886271592254,0.0,2.0,1686,2025-11-18 20:29:56+00:00,192.5011111111111,2.7,0.5561643835616439
2025-11-26 21:00:00+00:00,2026-06-18 00:00:00+00:00,NET,NET260618P00105000,put,False,105.0,2.51,3.4,2.8,197.49000549316406,0.6389196264648438,0.036842886271592254,0.0,3.0,18,2025-10-29 19:54:31+00:00,673.0913888888889,2.955,0.5561643835616439
2025-11-26 21:00:00+00:00,2026-06-18 00:00:00+00:00,NET,NET260618P00110000,put,False,110.0,2.8,3.7,4.16,197.49000549316406,0.6154823608398439,0.036842886271592254,0.0,8.0,62,2025-11-19 15:33:59+00:00,173.4336111111111,3.25,0.5561643835616439
2025-11-26 21:00:00+00:00,2026-06-18 00:00:00+00:00,NET,NET260618P00115000,put,False,115.0,3.0,5.3,5.26,197.49000549316406,0.6195716754150393,0.036842886271592254,0.0,1.0,49,2025-11-21 20:56:13+00:00,120.06305555555555,4.15,0.5561643835616439
2025-11-26 21:00:00+00:00,2026-06-18 00:00:00+00:00,NET,NET260618P00120000,put,False,120.0,3.5,5.1,2.6,197.49000549316406,0.5871623315429688,0.036842886271592254,0.0,20.0,141,2025-11-03 19:07:46+00:00,553.8705555555556,4.3,0.5561643835616439
2025-11-26 21:00:00+00:00,2026-06-18 00:00:00+00:00,NET,NET260618P00125000,put,False,125.0,4.8,6.65,3.7,197.49000549316406,0.6039468316650394,0.036842886271592254,0.0,1.0,37,2025-11-04 18:37:28+00:00,530.3755555555556,5.725,0.5561643835616439
2025-11-26 21:00:00+00:00,2026-06-18 00:00:00+00:00,NET,NET260618P00130000,put,False,130.0,5.25,7.15,7.09,197.49000549316406,0.5813640496826171,0.036842886271592254,0.0,1.0,56,2025-11-20 18:13:37+00:00,146.77305555555554,6.2,0.5561643835616439
2025-11-26 21:00:00+00:00,2026-06-18 00:00:00+00:00,NET,NET260618P00135000,put,False,135.0,6.0,7.95,4.5,197.49000549316406,0.5676312768554688,0.036842886271592254,0.0,1.0,33,2025-10-31 13:38:05+00:00,631.3652777777778,6.975,0.5561643835616439
2025-11-26 21:00:00+00:00,2026-06-18 00:00:00+00:00,NET,NET260618P00140000,put,False,140.0,7.9,8.75,11.54,197.49000549316406,0.5687298986816407,0.036842886271592254,0.0,2.0,187,2025-11-21 16:04:32+00:00,124.92444444444445,8.325,0.5561643835616439
2025-11-26 21:00:00+00:00,2026-06-18 00:00:00+00:00,NET,NET260618P00145000,put,False,145.0,8.25,10.55,7.0,197.49000549316406,0.5585981640625001,0.036842886271592254,0.0,1.0,156,2025-11-12 16:48:15+00:00,340.1958333333333,9.4,0.5561643835616439
2025-11-26 21:00:00+00:00,2026-06-18 00:00:00+00:00,NET,NET260618P00150000,put,False,150.0,10.45,11.7,12.35,197.49000549316406,0.5611616149902343,0.036842886271592254,0.0,22.0,155,2025-11-24 20:03:50+00:00,48.93611111111111,11.075,0.5561643835616439
2025-11-26 21:00:00+00:00,2026-06-18 00:00:00+00:00,NET,NET260618P00155000,put,False,155.0,11.8,12.7,14.15,197.49000549316406,0.5485274639892579,0.036842886271592254,0.0,2.0,62,2025-11-20 20:41:58+00:00,144.30055555555555,12.25,0.5561643835616439
2025-11-26 21:00:00+00:00,2026-06-18 00:00:00+00:00,NET,NET260618P00160000,put,False,160.0,14.25,16.7,13.27,197.49000549316406,0.5788616333007812,0.036842886271592254,0.0,3.0,154,2025-10-23 19:40:11+00:00,817.3302777777777,15.475,0.5561643835616439
2025-11-26 21:00:00+00:00,2026-06-18 00:00:00+00:00,NET,NET260618P00165000,put,False,165.0,14.1,16.2,18.45,197.49000549316406,0.5294541683959962,0.036842886271592254,0.0,2.0,26,2025-11-20 18:58:02+00:00,146.03277777777777,15.149999999999999,0.5561643835616439
2025-11-26 21:00:00+00:00,2026-06-18 00:00:00+00:00,NET,NET260618P00170000,put,False,170.0,16.0,18.05,15.65,197.49000549316406,0.5253343365478516,0.036842886271592254,0.0,13.0,61,2025-11-14 19:03:31+00:00,289.94138888888887,17.025,0.5561643835616439
2025-11-26 21:00:00+00:00,2026-06-18 00:00:00+00:00,NET,NET260618P00175000,put,False,175.0,17.7,20.05,19.0,197.49000549316406,0.5182543292236328,0.036842886271592254,0.0,50.0,661,2025-11-26 20:51:22+00:00,0.1438888888888889,18.875,0.5561643835616439
2025-11-26 21:00:00+00:00,2026-06-18 00:00:00+00:00,NET,NET260618P00180000,put,False,180.0,20.2,22.8,27.6,197.49000549316406,0.5233812310791015,0.036842886271592254,0.0,1.0,380,2025-11-21 15:34:39+00:00,125.4225,21.5,0.5561643835616439
2025-11-26 21:00:00+00:00,2026-06-18 00:00:00+00:00,NET,NET260618P00185000,put,False,185.0,23.5,26.25,21.76,197.49000549316406,0.5392502130126955,0.036842886271592254,0.0,2.0,26,2025-10-23 19:40:11+00:00,817.3302777777777,24.875,0.5561643835616439
2025-11-26 21:00:00+00:00,2026-06-18 00:00:00+00:00,NET,NET260618P00190000,put,False,190.0,25.25,27.05,31.25,197.49000549316406,0.5147143255615234,0.036842886271592254,0.0,3.0,14,2025-11-21 16:55:25+00:00,124.07638888888889,26.15,0.5561643835616439
2025-11-26 21:00:00+00:00,2026-06-18 00:00:00+00:00,NET,NET260618P00195000,put,False,195.0,27.65,30.05,29.3,197.49000549316406,0.5136157037353515,0.036842886271592254,0.0,2.0,28,2025-11-20 16:17:01+00:00,148.7163888888889,28.85,0.5561643835616439
2025-11-26 21:00:00+00:00,2026-06-18 00:00:00+00:00,NET,NET260618P00200000,put,True,200.0,30.2,32.65,35.05,197.49000549316406,0.5081531118774415,0.036842886271592254,0.0,53.0,103,2025-11-18 15:34:27+00:00,197.42583333333334,31.424999999999997,0.5561643835616439
2025-11-26 21:00:00+00:00,2026-06-18 00:00:00+00:00,NET,NET260618P00210000,put,True,210.0,35.4,38.3,39.3,197.49000549316406,0.520390538330078,0.036842886271592254,0.0,1.0,82,2025-11-19 18:14:13+00:00,170.76305555555555,36.849999999999994,0.5561643835616439
2025-11-26 21:00:00+00:00,2026-06-18 00:00:00+00:00,NET,NET260618P00220000,put,True,220.0,41.6,44.35,45.82,197.49000549316406,0.510594493713379,0.036842886271592254,0.0,11.0,46,2025-11-18 20:57:09+00:00,192.0475,42.975,0.5561643835616439
2025-11-26 21:00:00+00:00,2026-06-18 00:00:00+00:00,NET,NET260618P00230000,put,True,230.0,48.1,50.85,36.6,197.49000549316406,0.5010120700073243,0.036842886271592254,0.0,1.0,23,2025-11-05 19:29:10+00:00,505.5138888888889,49.475,0.5561643835616439
2025-11-26 21:00:00+00:00,2026-06-18 00:00:00+00:00,NET,NET260618P00240000,put,True,240.0,55.05,57.85,34.7,197.49000549316406,0.4929860272216797,0.036842886271592254,0.0,4.0,33,2025-10-31 14:28:05+00:00,630.5319444444444,56.45,0.5561643835616439
2025-11-26 21:00:00+00:00,2026-06-18 00:00:00+00:00,NET,NET260618P00250000,put,True,250.0,62.35,64.65,68.0,197.49000549316406,0.4736991107177735,0.036842886271592254,0.0,3.0,5,2025-11-18 15:29:32+00:00,197.5077777777778,63.5,0.5561643835616439
2025-11-26 21:00:00+00:00,2026-06-18 00:00:00+00:00,NET,NET260618P00260000,put,True,260.0,70.05,72.25,60.0,197.49000549316406,0.46191944335937507,0.036842886271592254,0.0,2.0,11,2025-11-13 17:01:04+00:00,315.9822222222222,71.15,0.5561643835616439
2025-11-26 21:00:00+00:00,2026-06-18 00:00:00+00:00,NET,NET260618P00270000,put,True,270.0,78.1,80.8,67.7,197.49000549316406,0.46335375518798827,0.036842886271592254,0.0,20.0,102,2025-11-13 17:27:34+00:00,315.54055555555556,79.44999999999999,0.5561643835616439
2025-11-26 21:00:00+00:00,2026-06-18 00:00:00+00:00,NET,NET260618P00280000,put,True,280.0,86.45,89.5,56.25,197.49000549316406,0.46289599609375004,0.036842886271592254,0.0,8.0,22,2025-11-03 20:34:15+00:00,552.4291666666667,87.975,0.5561643835616439
2025-11-26 21:00:00+00:00,2026-06-18 00:00:00+00:00,NET,NET260618P00290000,put,True,290.0,95.1,98.05,63.65,197.49000549316406,0.4528252960205078,0.036842886271592254,0.0,2.0,39,2025-11-03 20:38:31+00:00,552.3580555555556,96.57499999999999,0.5561643835616439
2025-11-26 21:00:00+00:00,2026-06-18 00:00:00+00:00,NET,NET260618P00300000,put,True,300.0,104.0,106.65,88.16,197.49000549316406,0.43622389953613283,0.036842886271592254,0.0,1.0,7,2025-11-07 14:51:54+00:00,462.135,105.325,0.5561643835616439
2025-11-26 21:00:00+00:00,2026-06-18 00:00:00+00:00,NET,NET260618P00340000,put,True,340.0,141.35,144.7,101.15,197.49000549316406,0.4403742486572265,0.036842886271592254,0.0,6.0,6,2025-10-31 19:10:36+00:00,625.8233333333334,143.02499999999998,0.5561643835616439
2025-11-26 21:00:00+00:00,2026-09-18 00:00:00+00:00,NET,NET260918C00080000,call,True,80.0,121.6,124.0,109.47,197.49000549316406,0.870118486328125,0.036842886271592254,0.0,2.0,2,2025-07-11 19:05:42+00:00,3313.905,122.8,0.8082191780821918
2025-11-26 21:00:00+00:00,2026-09-18 00:00:00+00:00,NET,NET260918C00095000,call,True,95.0,108.25,111.3,97.5,197.49000549316406,0.8029804858398437,0.036842886271592254,0.0,6.0,6,2025-11-21 15:20:54+00:00,125.65166666666667,109.775,0.8082191780821918
2025-11-26 21:00:00+00:00,2026-09-18 00:00:00+00:00,NET,NET260918C00100000,call,True,100.0,103.85,106.95,150.87,197.49000549316406,0.7788108056640625,0.036842886271592254,0.0,18.0,1,2025-11-04 15:00:28+00:00,533.9922222222223,105.4,0.8082191780821918
2025-11-26 21:00:00+00:00,2026-09-18 00:00:00+00:00,NET,NET260918C00105000,call,True,105.0,112.35,116.05,127.0,197.49000549316406,1.126347141723633,0.036842886271592254,0.0,2.0,3,2025-10-06 16:29:08+00:00,1228.5144444444445,114.19999999999999,0.8082191780821918
2025-11-26 21:00:00+00:00,2026-09-18 00:00:00+00:00,NET,NET260918C00115000,call,True,115.0,104.0,108.2,106.88,197.49000549316406,1.0576829342651366,0.036842886271592254,0.0,2.0,4,2025-09-17 16:02:40+00:00,1684.9555555555555,106.1,0.8082191780821918
2025-11-26 21:00:00+00:00,2026-09-18 00:00:00+00:00,NET,NET260918C00120000,call,True,120.0,87.5,91.0,118.95,197.49000549316406,0.7170438452148438,0.036842886271592254,0.0,2.0,6,2025-10-30 18:16:16+00:00,650.7288888888888,89.25,0.8082191780821918
2025-11-26 21:00:00+00:00,2026-09-18 00:00:00+00:00,NET,NET260918C00125000,call,True,125.0,96.2,100.15,106.01,197.49000549316406,0.9964599963378906,0.036842886271592254,0.0,1.0,10,2025-10-10 15:26:24+00:00,1133.56,98.17500000000001,0.8082191780821918
2025-11-26 21:00:00+00:00,2026-09-18 00:00:00+00:00,NET,NET260918C00130000,call,True,130.0,80.0,83.55,110.95,197.49000549316406,0.6946441668701173,0.036842886271592254,0.0,6.0,76,2025-10-30 18:19:44+00:00,650.6711111111111,81.775,0.8082191780821918
2025-11-26 21:00:00+00:00,2026-09-18 00:00:00+00:00,NET,NET260918C00135000,call,True,135.0,76.5,80.2,93.7,197.49000549316406,0.6882660568237305,0.036842886271592254,0.0,1.0,6,2025-11-14 16:52:03+00:00,292.1325,78.35,0.8082191780821918
2025-11-26 21:00:00+00:00,2026-09-18 00:00:00+00:00,NET,NET260918C00140000,call,True,140.0,73.0,76.5,120.24,197.49000549316406,0.6766389758300781,0.036842886271592254,0.0,1.0,23,2025-10-31 16:37:11+00:00,628.3802777777778,74.75,0.8082191780821918
2025-11-26 21:00:00+00:00,2026-09-18 00:00:00+00:00,NET,NET260918C00145000,call,True,145.0,69.5,73.3,93.5,197.49000549316406,0.6687655194091797,0.036842886271592254,0.0,5.0,7,2025-10-24 14:12:03+00:00,798.7991666666667,71.4,0.8082191780821918
2025-11-26 21:00:00+00:00,2026-09-18 00:00:00+00:00,NET,NET260918C00150000,call,True,150.0,66.0,69.4,89.25,197.49000549316406,0.652896537475586,0.036842886271592254,0.0,1.0,34,2025-11-07 14:36:41+00:00,462.3886111111111,67.7,0.8082191780821918
2025-11-26 21:00:00+00:00,2026-09-18 00:00:00+00:00,NET,NET260918C00155000,call,True,155.0,75.45,79.05,83.9,197.49000549316406,0.8747571118164061,0.036842886271592254,0.0,1.0,8,2025-10-16 14:48:32+00:00,990.1911111111111,77.25,0.8082191780821918
2025-11-26 21:00:00+00:00,2026-09-18 00:00:00+00:00,NET,NET260918C00160000,call,True,160.0,61.0,63.75,58.93,197.49000549316406,0.6551548156738283,0.036842886271592254,0.0,1.0,1553,2025-11-25 17:27:41+00:00,27.538611111111113,62.375,0.8082191780821918
2025-11-26 21:00:00+00:00,2026-09-18 00:00:00+00:00,NET,NET260918C00165000,call,True,165.0,56.65,60.55,94.8,197.49000549316406,0.6346777255249024,0.036842886271592254,0.0,1.0,7,2025-10-31 13:46:56+00:00,631.2177777777778,58.599999999999994,0.8082191780821918
2025-11-26 21:00:00+00:00,2026-09-18 00:00:00+00:00,NET,NET260918C00170000,call,True,170.0,53.85,57.65,58.0,197.49000549316406,0.6288794436645508,0.036842886271592254,0.0,1.0,5,2025-11-18 14:44:55+00:00,198.2513888888889,55.75,0.8082191780821918
2025-11-26 21:00:00+00:00,2026-09-18 00:00:00+00:00,NET,NET260918C00175000,call,True,175.0,51.5,54.85,82.75,197.49000549316406,0.6261634063720705,0.036842886271592254,0.0,2.0,6,2025-11-07 20:58:14+00:00,456.02944444444444,53.175,0.8082191780821918
2025-11-26 21:00:00+00:00,2026-09-18 00:00:00+00:00,NET,NET260918C00180000,call,True,180.0,48.3,52.1,42.4,197.49000549316406,0.6157264990234376,0.036842886271592254,0.0,4.0,13,2025-11-21 15:35:41+00:00,125.40527777777778,50.2,0.8082191780821918
2025-11-26 21:00:00+00:00,2026-09-18 00:00:00+00:00,NET,NET260918C00185000,call,True,185.0,46.35,49.65,48.28,197.49000549316406,0.6160927062988282,0.036842886271592254,0.0,10.0,17,2025-11-19 14:33:01+00:00,174.44972222222222,48.0,0.8082191780821918
2025-11-26 21:00:00+00:00,2026-09-18 00:00:00+00:00,NET,NET260918C00190000,call,True,190.0,44.55,47.1,43.6,197.49000549316406,0.615360291748047,0.036842886271592254,0.0,3.0,18,2025-11-24 17:13:11+00:00,51.780277777777776,45.825,0.8082191780821918
2025-11-26 21:00:00+00:00,2026-09-18 00:00:00+00:00,NET,NET260918C00195000,call,True,195.0,41.5,44.9,43.25,197.49000549316406,0.6066628689575196,0.036842886271592254,0.0,5.0,146,2025-11-26 14:42:51+00:00,6.285833333333334,43.2,0.8082191780821918
2025-11-26 21:00:00+00:00,2026-09-18 00:00:00+00:00,NET,NET260918C00200000,call,False,200.0,39.85,42.6,36.35,197.49000549316406,0.6063271789550781,0.036842886271592254,0.0,3.0,48,2025-11-21 17:48:12+00:00,123.19666666666667,41.225,0.8082191780821918
2025-11-26 21:00:00+00:00,2026-09-18 00:00:00+00:00,NET,NET260918C00210000,call,False,210.0,35.95,38.45,37.2,197.49000549316406,0.6009561389160158,0.036842886271592254,0.0,3.0,45,2025-11-26 20:20:01+00:00,0.6663888888888889,37.2,0.8082191780821918
2025-11-26 21:00:00+00:00,2026-09-18 00:00:00+00:00,NET,NET260918C00220000,call,False,220.0,31.95,34.7,45.8,197.49000549316406,0.5932352688598633,0.036842886271592254,0.0,1.0,44,2025-11-13 17:35:18+00:00,315.4116666666667,33.325,0.8082191780821918
2025-11-26 21:00:00+00:00,2026-09-18 00:00:00+00:00,NET,NET260918C00230000,call,False,230.0,28.7,31.5,29.7,197.49000549316406,0.5904887142944336,0.036842886271592254,0.0,1.0,71,2025-11-26 16:04:12+00:00,4.93,30.1,0.8082191780821918
2025-11-26 21:00:00+00:00,2026-09-18 00:00:00+00:00,NET,NET260918C00240000,call,False,240.0,25.05,27.95,23.46,197.49000549316406,0.578403874206543,0.036842886271592254,0.0,1.0,180,2025-11-25 16:26:38+00:00,28.55611111111111,26.5,0.8082191780821918
2025-11-26 21:00:00+00:00,2026-09-18 00:00:00+00:00,NET,NET260918C00250000,call,False,250.0,22.3,25.25,23.2,197.49000549316406,0.5749859396362305,0.036842886271592254,0.0,30.0,337,2025-11-25 18:35:55+00:00,26.40138888888889,23.775,0.8082191780821918
2025-11-26 21:00:00+00:00,2026-09-18 00:00:00+00:00,NET,NET260918C00260000,call,False,260.0,20.0,22.7,19.7,197.49000549316406,0.5723309368896485,0.036842886271592254,0.0,8.0,3483,2025-11-24 20:10:30+00:00,48.825,21.35,0.8082191780821918
2025-11-26 21:00:00+00:00,2026-09-18 00:00:00+00:00,NET,NET260918C00270000,call,False,270.0,17.55,20.4,17.82,197.49000549316406,0.5670514486694337,0.036842886271592254,0.0,2.0,124,2025-11-24 17:15:25+00:00,51.74305555555556,18.975,0.8082191780821918
2025-11-26 21:00:00+00:00,2026-09-18 00:00:00+00:00,NET,NET260918C00280000,call,False,280.0,15.65,17.65,18.09,197.49000549316406,0.5591779922485353,0.036842886271592254,0.0,3.0,38,2025-11-19 14:33:01+00:00,174.44972222222222,16.65,0.8082191780821918
2025-11-26 21:00:00+00:00,2026-09-18 00:00:00+00:00,NET,NET260918C00290000,call,False,290.0,13.6,16.55,15.25,197.49000549316406,0.5599714413452149,0.036842886271592254,0.0,1.0,633,2025-11-20 16:30:32+00:00,148.4911111111111,15.075,0.8082191780821918
2025-11-26 21:00:00+00:00,2026-09-18 00:00:00+00:00,NET,NET260918C00300000,call,False,300.0,12.15,14.25,28.62,197.49000549316406,0.5530440203857423,0.036842886271592254,0.0,2.0,197,2025-11-04 20:39:29+00:00,528.3419444444445,13.2,0.8082191780821918
2025-11-26 21:00:00+00:00,2026-09-18 00:00:00+00:00,NET,NET260918C00310000,call,False,310.0,10.55,13.3,14.27,197.49000549316406,0.5534712622070312,0.036842886271592254,0.0,3.0,44,2025-11-18 18:29:30+00:00,194.50833333333333,11.925,0.8082191780821918
2025-11-26 21:00:00+00:00,2026-09-18 00:00:00+00:00,NET,NET260918C00320000,call,False,320.0,9.95,11.3,23.23,197.49000549316406,0.551060397644043,0.036842886271592254,0.0,10.0,27,2025-11-05 15:47:21+00:00,509.2108333333333,10.625,0.8082191780821918
2025-11-26 21:00:00+00:00,2026-09-18 00:00:00+00:00,NET,NET260918C00330000,call,False,330.0,8.2,10.35,18.62,197.49000549316406,0.5451400466918946,0.036842886271592254,0.0,6.0,153,2025-11-07 18:29:47+00:00,458.5036111111111,9.274999999999999,0.8082191780821918
2025-11-26 21:00:00+00:00,2026-09-18 00:00:00+00:00,NET,NET260918C00340000,call,False,340.0,7.75,9.35,22.0,197.49000549316406,0.5491988439941409,0.036842886271592254,0.0,1.0,2,2025-10-31 13:33:29+00:00,631.4419444444444,8.55,0.8082191780821918
2025-11-26 21:00:00+00:00,2026-09-18 00:00:00+00:00,NET,NET260918C00370000,call,False,370.0,5.8,7.75,5.65,197.49000549316406,0.5607648904418946,0.036842886271592254,0.0,1.0,1,2025-11-25 14:32:22+00:00,30.460555555555555,6.775,0.8082191780821918
2025-11-26 21:00:00+00:00,2026-09-18 00:00:00+00:00,NET,NET260918C00380000,call,False,380.0,4.95,7.1,7.68,197.49000549316406,0.5579267840576172,0.036842886271592254,0.0,1.0,2,2025-11-17 20:32:52+00:00,216.45222222222222,6.025,0.8082191780821918
2025-11-26 21:00:00+00:00,2026-09-18 00:00:00+00:00,NET,NET260918P00080000,put,False,80.0,0.63,2.82,1.64,197.49000549316406,0.6359899682617188,0.036842886271592254,0.0,2.0,25,2025-11-07 14:31:59+00:00,462.46694444444444,1.7249999999999999,0.8082191780821918
2025-11-26 21:00:00+00:00,2026-09-18 00:00:00+00:00,NET,NET260918P00085000,put,False,85.0,1.72,3.8,1.97,197.49000549316406,0.6667513793945314,0.036842886271592254,0.0,2.0,6,2025-11-07 14:31:59+00:00,462.46694444444444,2.76,0.8082191780821918
2025-11-26 21:00:00+00:00,2026-09-18 00:00:00+00:00,NET,NET260918P00090000,put,False,90.0,2.09,4.3,3.13,197.49000549316406,0.6512486047363282,0.036842886271592254,0.0,1.0,11,2025-11-21 18:54:35+00:00,122.09027777777777,3.195,0.8082191780821918
2025-11-26 21:00:00+00:00,2026-09-18 00:00:00+00:00,NET,NET260918P00095000,put,False,95.0,2.8,4.9,2.44,197.49000549316406,0.6445348046875,0.036842886271592254,0.0,5.0,1,2025-10-31 15:40:11+00:00,629.3302777777777,3.85,0.8082191780821918
2025-11-26 21:00:00+00:00,2026-09-18 00:00:00+00:00,NET,NET260918P00100000,put,False,100.0,2.93,5.6,2.84,197.49000549316406,0.6246375427246094,0.036842886271592254,0.0,2.0,40,2025-11-11 18:22:27+00:00,362.62583333333333,4.265,0.8082191780821918
2025-11-26 21:00:00+00:00,2026-09-18 00:00:00+00:00,NET,NET260918P00105000,put,False,105.0,3.4,5.3,3.68,197.49000549316406,0.5910685424804689,0.036842886271592254,0.0,1.0,2,2025-10-28 15:10:35+00:00,701.8236111111111,4.35,0.8082191780821918
2025-11-26 21:00:00+00:00,2026-09-18 00:00:00+00:00,NET,NET260918P00110000,put,False,110.0,4.65,6.3,6.24,197.49000549316406,0.5970499279785157,0.036842886271592254,0.0,1.0,5,2025-11-21 18:54:35+00:00,122.09027777777777,5.475,0.8082191780821918
2025-11-26 21:00:00+00:00,2026-09-18 00:00:00+00:00,NET,NET260918P00115000,put,False,115.0,4.15,8.05,6.3,197.49000549316406,0.5818523260498047,0.036842886271592254,0.0,838.0,838,2025-10-02 19:58:47+00:00,1321.0202777777777,6.1000000000000005,0.8082191780821918
2025-11-26 21:00:00+00:00,2026-09-18 00:00:00+00:00,NET,NET260918P00120000,put,False,120.0,5.95,8.2,4.81,197.49000549316406,0.576054044189453,0.036842886271592254,0.0,5.0,113,2025-10-31 15:40:11+00:00,629.3302777777777,7.074999999999999,0.8082191780821918
2025-11-26 21:00:00+00:00,2026-09-18 00:00:00+00:00,NET,NET260918P00125000,put,False,125.0,7.35,9.95,6.0,197.49000549316406,0.5839885351562499,0.036842886271592254,0.0,1.0,41,2025-11-04 18:21:18+00:00,530.645,8.649999999999999,0.8082191780821918
2025-11-26 21:00:00+00:00,2026-09-18 00:00:00+00:00,NET,NET260918P00130000,put,False,130.0,8.3,10.2,8.6,197.49000549316406,0.563328341369629,0.036842886271592254,0.0,1.0,31,2025-09-24 13:32:30+00:00,1519.4583333333333,9.25,0.8082191780821918
2025-11-26 21:00:00+00:00,2026-09-18 00:00:00+00:00,NET,NET260918P00135000,put,False,135.0,9.5,11.8,12.0,197.49000549316406,0.5611616149902343,0.036842886271592254,0.0,1.0,130,2025-11-18 14:36:26+00:00,198.39277777777778,10.65,0.8082191780821918
2025-11-26 21:00:00+00:00,2026-09-18 00:00:00+00:00,NET,NET260918P00140000,put,False,140.0,10.7,14.05,7.0,197.49000549316406,0.5635419622802735,0.036842886271592254,0.0,1.0,74,2025-11-03 14:36:23+00:00,558.3936111111111,12.375,0.8082191780821918
2025-11-26 21:00:00+00:00,2026-09-18 00:00:00+00:00,NET,NET260918P00145000,put,False,145.0,11.3,14.0,12.5,197.49000549316406,0.5331467584228515,0.036842886271592254,0.0,2.0,42,2025-10-09 16:44:58+00:00,1156.2505555555556,12.65,0.8082191780821918
2025-11-26 21:00:00+00:00,2026-09-18 00:00:00+00:00,NET,NET260918P00150000,put,False,150.0,13.1,16.35,11.11,197.49000549316406,0.5386703848266602,0.036842886271592254,0.0,1.0,110,2025-10-28 15:10:46+00:00,701.8205555555555,14.725000000000001,0.8082191780821918
2025-11-26 21:00:00+00:00,2026-09-18 00:00:00+00:00,NET,NET260918P00155000,put,False,155.0,15.0,18.75,21.05,197.49000549316406,0.5426071130371095,0.036842886271592254,0.0,14.0,411,2025-11-21 15:29:05+00:00,125.51527777777778,16.875,0.8082191780821918
2025-11-26 21:00:00+00:00,2026-09-18 00:00:00+00:00,NET,NET260918P00160000,put,False,160.0,16.8,19.85,17.5,197.49000549316406,0.5314988256835937,0.036842886271592254,0.0,160.0,169,2025-11-14 15:10:19+00:00,293.8280555555556,18.325000000000003,0.8082191780821918
2025-11-26 21:00:00+00:00,2026-09-18 00:00:00+00:00,NET,NET260918P00165000,put,False,165.0,20.1,23.4,19.8,197.49000549316406,0.55273884765625,0.036842886271592254,0.0,2.0,12,2025-10-21 17:42:51+00:00,867.2858333333334,21.75,0.8082191780821918
2025-11-26 21:00:00+00:00,2026-09-18 00:00:00+00:00,NET,NET260918P00170000,put,False,170.0,20.65,24.25,26.71,197.49000549316406,0.5257310610961915,0.036842886271592254,0.0,5.0,36,2025-11-21 15:03:09+00:00,125.9475,22.45,0.8082191780821918
2025-11-26 21:00:00+00:00,2026-09-18 00:00:00+00:00,NET,NET260918P00175000,put,False,175.0,22.8,26.3,29.11,197.49000549316406,0.5207567456054687,0.036842886271592254,0.0,5.0,27,2025-11-21 15:03:09+00:00,125.9475,24.55,0.8082191780821918
2025-11-26 21:00:00+00:00,2026-09-18 00:00:00+00:00,NET,NET260918P00180000,put,False,180.0,25.25,27.7,28.3,197.49000549316406,0.5114794946289063,0.036842886271592254,0.0,4.0,72,2025-11-18 19:39:13+00:00,193.3463888888889,26.475,0.8082191780821918
2025-11-26 21:00:00+00:00,2026-09-18 00:00:00+00:00,NET,NET260918P00185000,put,False,185.0,27.5,30.0,35.13,197.49000549316406,0.5061694891357422,0.036842886271592254,0.0,1.0,89,2025-11-21 15:54:10+00:00,125.09722222222223,28.75,0.8082191780821918
2025-11-26 21:00:00+00:00,2026-09-18 00:00:00+00:00,NET,NET260918P00190000,put,False,190.0,30.3,32.5,36.43,197.49000549316406,0.5048572463989257,0.036842886271592254,0.0,5.0,178,2025-11-21 20:35:42+00:00,120.405,31.4,0.8082191780821918
2025-11-26 21:00:00+00:00,2026-09-18 00:00:00+00:00,NET,NET260918P00195000,put,False,195.0,32.5,35.45,38.86,197.49000549316406,0.5008594836425782,0.036842886271592254,0.0,1.0,6,2025-11-24 14:40:38+00:00,54.32277777777778,33.975,0.8082191780821918
2025-11-26 21:00:00+00:00,2026-09-18 00:00:00+00:00,NET,NET260918P00200000,put,True,200.0,35.6,37.65,42.95,197.49000549316406,0.5112048391723633,0.036842886271592254,0.0,2.0,17,2025-11-21 16:24:28+00:00,124.59222222222222,36.625,0.8082191780821918
2025-11-26 21:00:00+00:00,2026-09-18 00:00:00+00:00,NET,NET260918P00210000,put,True,210.0,38.7,41.45,35.84,197.49000549316406,0.47662876892089845,0.036842886271592254,0.0,2.0,17,2025-09-16 16:17:14+00:00,1708.7127777777778,40.075,0.8082191780821918
2025-11-26 21:00:00+00:00,2026-09-18 00:00:00+00:00,NET,NET260918P00220000,put,True,220.0,42.55,46.2,42.31,197.49000549316406,0.45017029327392577,0.036842886271592254,0.0,2.0,37,2025-10-15 15:13:15+00:00,1013.7791666666667,44.375,0.8082191780821918
2025-11-26 21:00:00+00:00,2026-09-18 00:00:00+00:00,NET,NET260918P00230000,put,True,230.0,48.5,52.05,50.62,197.49000549316406,0.43335527587890627,0.036842886271592254,0.0,1.0,74,2025-10-14 19:45:30+00:00,1033.2416666666666,50.275,0.8082191780821918
2025-11-26 21:00:00+00:00,2026-09-18 00:00:00+00:00,NET,NET260918P00240000,put,True,240.0,60.05,63.0,44.72,197.49000549316406,0.4852651571655273,0.036842886271592254,0.0,1.0,51,2025-11-11 17:59:36+00:00,363.00666666666666,61.525,0.8082191780821918
2025-11-26 21:00:00+00:00,2026-09-18 00:00:00+00:00,NET,NET260918P00250000,put,True,250.0,67.2,69.85,56.5,197.49000549316406,0.47354652435302735,0.036842886271592254,0.0,1.0,1,2025-10-29 17:16:31+00:00,675.7247222222222,68.525,0.8082191780821918
2025-11-26 21:00:00+00:00,2026-09-18 00:00:00+00:00,NET,NET260918P00260000,put,True,260.0,74.5,77.35,59.95,197.49000549316406,0.4668327243041992,0.036842886271592254,0.0,4.0,6,2025-11-05 18:09:49+00:00,506.8363888888889,75.925,0.8082191780821918
2025-11-26 21:00:00+00:00,2026-09-18 00:00:00+00:00,NET,NET260918P00270000,put,True,270.0,82.15,85.0,66.7,197.49000549316406,0.4577996115112305,0.036842886271592254,0.0,1.0,3,2025-11-05 17:03:24+00:00,507.9433333333333,83.575,0.8082191780821918
2025-11-26 21:00:00+00:00,2026-09-18 00:00:00+00:00,NET,NET260918P00280000,put,True,280.0,90.0,93.65,71.25,197.49000549316406,0.46130909790039065,0.036842886271592254,0.0,1.0,4,2025-11-04 18:58:34+00:00,530.0238888888889,91.825,0.8082191780821918
2025-11-26 21:00:00+00:00,2026-09-18 00:00:00+00:00,NET,NET260918P00290000,put,True,290.0,88.05,92.4,94.35,197.49000549316406,1.0000000000000003e-05,0.036842886271592254,0.0,3.0,3,2025-08-08 13:50:28+00:00,2647.1588888888887,90.225,0.8082191780821918
2025-11-26 21:00:00+00:00,2026-09-18 00:00:00+00:00,NET,NET260918P00300000,put,True,300.0,107.0,109.85,76.7,197.49000549316406,0.43637648590087885,0.036842886271592254,0.0,,1,2025-11-03 19:26:26+00:00,553.5594444444445,108.425,0.8082191780821918
2025-11-26 21:00:00+00:00,2026-12-18 00:00:00+00:00,NET,NET261218C00100000,call,True,100.0,106.5,110.0,103.3,197.49000549316406,0.7614769946289064,0.036842886271592254,0.0,,1,2025-11-24 19:29:23+00:00,49.51027777777778,108.25,1.0575342465753426
2025-11-26 21:00:00+00:00,2026-12-18 00:00:00+00:00,NET,NET261218C00115000,call,True,115.0,95.0,98.5,132.45,197.49000549316406,0.7218960916137696,0.036842886271592254,0.0,5.0,19,2025-11-11 20:53:34+00:00,360.1072222222222,96.75,1.0575342465753426
2025-11-26 21:00:00+00:00,2026-12-18 00:00:00+00:00,NET,NET261218C00120000,call,True,120.0,91.5,94.95,122.95,197.49000549316406,0.7135953933715821,0.036842886271592254,0.0,,1,2025-10-30 18:08:17+00:00,650.8619444444445,93.225,1.0575342465753426
2025-11-26 21:00:00+00:00,2026-12-18 00:00:00+00:00,NET,NET261218C00125000,call,True,125.0,87.5,91.5,119.1,197.49000549316406,0.6999846896362305,0.036842886271592254,0.0,,2,2025-10-30 18:10:56+00:00,650.8177777777778,89.5,1.0575342465753426
2025-11-26 21:00:00+00:00,2026-12-18 00:00:00+00:00,NET,NET261218C00150000,call,True,150.0,71.45,74.8,68.9,197.49000549316406,0.6596408547973633,0.036842886271592254,0.0,,3,2025-11-20 17:46:19+00:00,147.22805555555556,73.125,1.0575342465753426
2025-11-26 21:00:00+00:00,2026-12-18 00:00:00+00:00,NET,NET261218C00155000,call,True,155.0,68.0,72.0,114.24,197.49000549316406,0.6509739492797851,0.036842886271592254,0.0,1.0,1,2025-10-31 16:37:11+00:00,628.3802777777778,70.0,1.0575342465753426
2025-11-26 21:00:00+00:00,2026-12-18 00:00:00+00:00,NET,NET261218C00170000,call,True,170.0,59.85,63.25,61.1,197.49000549316406,0.63321289642334,0.036842886271592254,0.0,,2,2025-11-19 15:17:00+00:00,173.71666666666667,61.55,1.0575342465753426
2025-11-26 21:00:00+00:00,2026-12-18 00:00:00+00:00,NET,NET261218C00175000,call,True,175.0,57.55,60.55,59.45,197.49000549316406,0.6297949618530273,0.036842886271592254,0.0,1.0,1,2025-11-26 15:53:06+00:00,5.115,59.05,1.0575342465753426
2025-11-26 21:00:00+00:00,2026-12-18 00:00:00+00:00,NET,NET261218C00180000,call,True,180.0,54.5,58.2,56.99,197.49000549316406,0.6225928854370117,0.036842886271592254,0.0,5.0,6,2025-11-19 20:25:48+00:00,168.57,56.35,1.0575342465753426
2025-11-26 21:00:00+00:00,2026-12-18 00:00:00+00:00,NET,NET261218C00185000,call,True,185.0,52.05,56.0,48.52,197.49000549316406,0.6195716754150393,0.036842886271592254,0.0,1.0,3,2025-11-21 20:29:10+00:00,120.51388888888889,54.025,1.0575342465753426
2025-11-26 21:00:00+00:00,2026-12-18 00:00:00+00:00,NET,NET261218C00190000,call,True,190.0,50.4,53.35,46.0,197.49000549316406,0.6178932254028321,0.036842886271592254,0.0,2.0,2,2025-11-21 17:34:43+00:00,123.42138888888888,51.875,1.0575342465753426
2025-11-26 21:00:00+00:00,2026-12-18 00:00:00+00:00,NET,NET261218C00195000,call,True,195.0,47.75,51.3,46.8,197.49000549316406,0.6125832199096681,0.036842886271592254,0.0,1.0,3,2025-11-24 20:26:29+00:00,48.55861111111111,49.525,1.0575342465753426
2025-11-26 21:00:00+00:00,2026-12-18 00:00:00+00:00,NET,NET261218C00200000,call,False,200.0,46.1,49.35,44.0,197.49000549316406,0.6135445140075684,0.036842886271592254,0.0,50.0,556,2025-11-24 15:08:18+00:00,53.861666666666665,47.725,1.0575342465753426
2025-11-26 21:00:00+00:00,2026-12-18 00:00:00+00:00,NET,NET261218C00210000,call,False,210.0,41.8,44.8,38.4,197.49000549316406,0.6021768298339845,0.036842886271592254,0.0,600.0,601,2025-11-21 19:19:55+00:00,121.66805555555555,43.3,1.0575342465753426
2025-11-26 21:00:00+00:00,2026-12-18 00:00:00+00:00,NET,NET261218C00220000,call,False,220.0,38.65,41.5,38.83,197.49000549316406,0.6026040716552736,0.036842886271592254,0.0,1.0,3,2025-11-25 20:01:05+00:00,24.981944444444444,40.075,1.0575342465753426
2025-11-26 21:00:00+00:00,2026-12-18 00:00:00+00:00,NET,NET261218C00230000,call,False,230.0,34.4,37.3,36.34,197.49000549316406,0.5874675042724609,0.036842886271592254,0.0,1.0,8,2025-11-26 19:09:40+00:00,1.8388888888888888,35.849999999999994,1.0575342465753426
2025-11-26 21:00:00+00:00,2026-12-18 00:00:00+00:00,NET,NET261218C00240000,call,False,240.0,31.4,34.45,29.85,197.49000549316406,0.5854533642578125,0.036842886271592254,0.0,1.0,6,2025-11-25 16:54:28+00:00,28.092222222222222,32.925,1.0575342465753426
2025-11-26 21:00:00+00:00,2026-12-18 00:00:00+00:00,NET,NET261218C00250000,call,False,250.0,28.65,31.35,30.5,197.49000549316406,0.5806468937683105,0.036842886271592254,0.0,1.0,45,2025-11-26 14:36:03+00:00,6.399166666666667,30.0,1.0575342465753426
2025-11-26 21:00:00+00:00,2026-12-18 00:00:00+00:00,NET,NET261218C00260000,call,False,260.0,26.0,28.15,27.11,197.49000549316406,0.5731243859863282,0.036842886271592254,0.0,3.0,4,2025-11-26 19:53:52+00:00,1.1022222222222222,27.075,1.0575342465753426
2025-11-26 21:00:00+00:00,2026-12-18 00:00:00+00:00,NET,NET261218C00270000,call,False,270.0,23.5,25.8,24.68,197.49000549316406,0.569340244140625,0.036842886271592254,0.0,2.0,12,2025-11-20 18:12:48+00:00,146.78666666666666,24.65,1.0575342465753426
2025-11-26 21:00:00+00:00,2026-12-18 00:00:00+00:00,NET,NET261218C00280000,call,False,280.0,21.4,24.25,22.0,197.49000549316406,0.5708661077880859,0.036842886271592254,0.0,1.0,2,2025-11-25 14:36:19+00:00,30.39472222222222,22.825,1.0575342465753426
2025-11-26 21:00:00+00:00,2026-12-18 00:00:00+00:00,NET,NET261218C00290000,call,False,290.0,18.5,21.7,21.6,197.49000549316406,0.5583845431518556,0.036842886271592254,0.0,2.0,573,2025-11-19 19:44:25+00:00,169.25972222222222,20.1,1.0575342465753426
2025-11-26 21:00:00+00:00,2026-12-18 00:00:00+00:00,NET,NET261218C00300000,call,False,300.0,17.7,20.45,36.55,197.49000549316406,0.5663800686645508,0.036842886271592254,0.0,1.0,0,2025-11-04 18:17:32+00:00,530.7077777777778,19.075,1.0575342465753426
2025-11-26 21:00:00+00:00,2026-12-18 00:00:00+00:00,NET,NET261218C00310000,call,False,310.0,15.6,17.9,18.43,197.49000549316406,0.5546919531250001,0.036842886271592254,0.0,1.0,8,2025-11-19 19:44:25+00:00,169.25972222222222,16.75,1.0575342465753426
2025-11-26 21:00:00+00:00,2026-12-18 00:00:00+00:00,NET,NET261218C00320000,call,False,320.0,14.2,17.15,19.5,197.49000549316406,0.5585371295166017,0.036842886271592254,0.0,1.0,1,2025-11-14 14:31:33+00:00,294.4741666666667,15.674999999999999,1.0575342465753426
2025-11-26 21:00:00+00:00,2026-12-18 00:00:00+00:00,NET,NET261218P00120000,put,False,120.0,9.2,11.1,12.13,197.49000549316406,0.579105771484375,0.036842886271592254,0.0,50.0,51,2025-11-18 14:30:27+00:00,198.4925,10.149999999999999,1.0575342465753426
2025-11-26 21:00:00+00:00,2026-12-18 00:00:00+00:00,NET,NET261218P00130000,put,False,130.0,11.05,13.4,14.0,197.49000549316406,0.5558821267700197,0.036842886271592254,0.0,1.0,1,2025-11-21 17:44:01+00:00,123.26638888888888,12.225000000000001,1.0575342465753426
2025-11-26 21:00:00+00:00,2026-12-18 00:00:00+00:00,NET,NET261218P00140000,put,False,140.0,13.5,16.65,12.28,197.49000549316406,0.543247975769043,0.036842886271592254,0.0,1.0,11,2025-11-12 20:36:30+00:00,336.39166666666665,15.075,1.0575342465753426
2025-11-26 21:00:00+00:00,2026-12-18 00:00:00+00:00,NET,NET261218P00150000,put,False,150.0,17.5,19.8,20.55,197.49000549316406,0.5371750384521485,0.036842886271592254,0.0,,1,2025-11-19 17:29:56+00:00,171.5011111111111,18.65,1.0575342465753426
2025-11-26 21:00:00+00:00,2026-12-18 00:00:00+00:00,NET,NET261218P00155000,put,False,155.0,19.1,22.0,23.23,197.49000549316406,0.5335129656982422,0.036842886271592254,0.0,25.0,36,2025-11-25 15:23:19+00:00,29.61138888888889,20.55,1.0575342465753426
2025-11-26 21:00:00+00:00,2026-12-18 00:00:00+00:00,NET,NET261218P00160000,put,False,160.0,21.8,23.5,24.5,197.49000549316406,0.5314377911376953,0.036842886271592254,0.0,2.0,3,2025-11-19 17:31:42+00:00,171.47166666666666,22.65,1.0575342465753426
2025-11-26 21:00:00+00:00,2026-12-18 00:00:00+00:00,NET,NET261218P00170000,put,False,170.0,25.9,27.5,27.23,197.49000549316406,0.5207262283325195,0.036842886271592254,0.0,1.0,1,2025-11-26 14:32:19+00:00,6.461388888888889,26.7,1.0575342465753426
2025-11-26 21:00:00+00:00,2026-12-18 00:00:00+00:00,NET,NET261218P00175000,put,False,175.0,28.1,30.1,32.23,197.49000549316406,0.5187731228637695,0.036842886271592254,0.0,1.0,1,2025-11-21 14:53:43+00:00,126.10472222222222,29.1,1.0575342465753426
2025-11-26 21:00:00+00:00,2026-12-18 00:00:00+00:00,NET,NET261218P00185000,put,False,185.0,32.0,36.0,38.52,197.49000549316406,0.512272943725586,0.036842886271592254,0.0,31.0,31,2025-11-21 20:29:10+00:00,120.51388888888889,34.0,1.0575342465753426
2025-11-26 21:00:00+00:00,2026-12-18 00:00:00+00:00,NET,NET261218P00200000,put,True,200.0,39.6,44.0,27.5,197.49000549316406,0.5275315802001954,0.036842886271592254,0.0,,1,2025-11-03 15:31:03+00:00,557.4825,41.8,1.0575342465753426
2025-11-26 21:00:00+00:00,2026-12-18 00:00:00+00:00,NET,NET261218P00210000,put,True,210.0,45.5,49.45,44.82,197.49000549316406,0.516331741027832,0.036842886271592254,0.0,1.0,1,2025-11-14 14:54:17+00:00,294.09527777777777,47.475,1.0575342465753426
2025-11-26 21:00:00+00:00,2026-12-18 00:00:00+00:00,NET,NET261218P00220000,put,True,220.0,51.9,54.35,39.3,197.49000549316406,0.49451189086914066,0.036842886271592254,0.0,,9,2025-11-11 15:14:20+00:00,365.7611111111111,53.125,1.0575342465753426
2025-11-26 21:00:00+00:00,2026-12-18 00:00:00+00:00,NET,NET261218P00260000,put,True,260.0,78.9,81.65,59.88,197.49000549316406,0.4657341024780274,0.036842886271592254,0.0,,0,2025-11-10 20:32:20+00:00,384.4611111111111,80.275,1.0575342465753426
2025-11-26 21:00:00+00:00,2027-01-15 00:00:00+00:00,NET,NET270115C00040000,call,True,40.0,158.0,162.5,158.25,197.49000549316406,1.0637253845214847,0.036842886271592254,0.0,2.0,27,2025-11-19 16:22:31+00:00,172.62472222222223,160.25,1.1342465753424658
2025-11-26 21:00:00+00:00,2027-01-15 00:00:00+00:00,NET,NET270115C00042500,call,True,42.5,156.0,160.0,163.06,197.49000549316406,1.0429735351562504,0.036842886271592254,0.0,2.0,36,2025-11-17 19:55:40+00:00,217.07222222222222,158.0,1.1342465753424658
2025-11-26 21:00:00+00:00,2027-01-15 00:00:00+00:00,NET,NET270115C00045000,call,True,45.0,153.5,158.0,153.26,197.49000549316406,1.0229541040039063,0.036842886271592254,0.0,1.0,21,2025-11-25 19:17:51+00:00,25.7025,155.75,1.1342465753424658
2025-11-26 21:00:00+00:00,2027-01-15 00:00:00+00:00,NET,NET270115C00047500,call,True,47.5,164.2,167.8,157.33,197.49000549316406,1.6702897344970704,0.036842886271592254,0.0,,2,2025-07-30 19:24:35+00:00,2857.590277777778,166.0,1.1342465753424658
2025-11-26 21:00:00+00:00,2027-01-15 00:00:00+00:00,NET,NET270115C00050000,call,True,50.0,149.0,153.5,142.75,197.49000549316406,0.98437515625,0.036842886271592254,0.0,1.0,32,2025-11-21 20:22:05+00:00,120.63194444444444,151.25,1.1342465753424658
2025-11-26 21:00:00+00:00,2027-01-15 00:00:00+00:00,NET,NET270115C00055000,call,True,55.0,144.5,149.0,136.5,197.49000549316406,0.9479375323486328,0.036842886271592254,0.0,2.0,55,2025-11-21 20:53:52+00:00,120.10222222222222,146.75,1.1342465753424658
2025-11-26 21:00:00+00:00,2027-01-15 00:00:00+00:00,NET,NET270115C00060000,call,True,60.0,140.5,144.5,184.2,197.49000549316406,0.9260261303710937,0.036842886271592254,0.0,1.0,29,2025-11-10 14:33:40+00:00,390.43888888888887,142.5,1.1342465753424658
2025-11-26 21:00:00+00:00,2027-01-15 00:00:00+00:00,NET,NET270115C00065000,call,True,65.0,136.5,140.0,142.71,197.49000549316406,0.903321279296875,0.036842886271592254,0.0,3.0,10,2025-11-17 20:13:47+00:00,216.77027777777778,138.25,1.1342465753424658
2025-11-26 21:00:00+00:00,2027-01-15 00:00:00+00:00,NET,NET270115C00070000,call,True,70.0,132.0,135.5,138.18,197.49000549316406,0.8698743481445312,0.036842886271592254,0.0,2.0,18,2025-11-17 19:59:29+00:00,217.00861111111112,133.75,1.1342465753424658
2025-11-26 21:00:00+00:00,2027-01-15 00:00:00+00:00,NET,NET270115C00072500,call,True,72.5,130.2,133.2,126.09,197.49000549316406,0.8616346844482423,0.036842886271592254,0.0,1.0,5,2025-07-23 15:33:40+00:00,3029.438888888889,131.7,1.1342465753424658
2025-11-26 21:00:00+00:00,2027-01-15 00:00:00+00:00,NET,NET270115C00075000,call,True,75.0,128.25,130.7,127.5,197.49000549316406,0.8464981170654295,0.036842886271592254,0.0,3.0,5,2025-06-27 14:37:30+00:00,3654.375,129.475,1.1342465753424658
2025-11-26 21:00:00+00:00,2027-01-15 00:00:00+00:00,NET,NET270115C00077500,call,True,77.5,63.1,64.8,40.74,197.49000549316406,1.0000000000000003e-05,0.036842886271592254,0.0,2.0,4,2024-11-27 19:56:01+00:00,8737.066388888888,63.95,1.1342465753424658
2025-11-26 21:00:00+00:00,2027-01-15 00:00:00+00:00,NET,NET270115C00080000,call,True,80.0,124.0,127.0,156.5,197.49000549316406,0.8335587933349606,0.036842886271592254,0.0,2.0,149,2025-10-30 16:56:00+00:00,652.0666666666667,125.5,1.1342465753424658
2025-11-26 21:00:00+00:00,2027-01-15 00:00:00+00:00,NET,NET270115C00082500,call,True,82.5,0.0,0.0,59.17,197.49000549316406,1.0000000000000003e-05,0.036842886271592254,0.0,1.0,2,2025-03-07 18:17:06+00:00,6338.715,0.0,1.1342465753424658
2025-11-26 21:00:00+00:00,2027-01-15 00:00:00+00:00,NET,NET270115C00085000,call,True,85.0,119.5,122.5,156.46,197.49000549316406,0.8023701403808592,0.036842886271592254,0.0,1.0,122,2025-11-04 20:20:32+00:00,528.6577777777778,121.0,1.1342465753424658
2025-11-26 21:00:00+00:00,2027-01-15 00:00:00+00:00,NET,NET270115C00087500,call,True,87.5,91.05,95.0,51.7,197.49000549316406,1.0000000000000003e-05,0.036842886271592254,0.0,1.0,2,2025-04-30 13:43:32+00:00,5047.274444444444,93.025,1.1342465753424658
2025-11-26 21:00:00+00:00,2027-01-15 00:00:00+00:00,NET,NET270115C00090000,call,True,90.0,115.5,118.5,112.6,197.49000549316406,0.7873556420898438,0.036842886271592254,0.0,1.0,81,2025-11-20 17:11:23+00:00,147.81027777777777,117.0,1.1342465753424658
2025-11-26 21:00:00+00:00,2027-01-15 00:00:00+00:00,NET,NET270115C00092500,call,True,92.5,113.0,116.5,163.25,197.49000549316406,0.7722801092529297,0.036842886271592254,0.0,3.0,5,2025-10-31 14:48:02+00:00,630.1994444444445,114.75,1.1342465753424658
2025-11-26 21:00:00+00:00,2027-01-15 00:00:00+00:00,NET,NET270115C00095000,call,True,95.0,111.55,114.5,106.1,197.49000549316406,0.7721580401611328,0.036842886271592254,0.0,1.0,28,2025-11-25 16:17:24+00:00,28.71,113.025,1.1342465753424658
2025-11-26 21:00:00+00:00,2027-01-15 00:00:00+00:00,NET,NET270115C00097500,call,True,97.5,0.0,0.0,139.34,197.49000549316406,1.0000000000000003e-05,0.036842886271592254,0.0,1.0,0,2025-09-15 19:01:00+00:00,1729.9833333333333,0.0,1.1342465753424658
2025-11-26 21:00:00+00:00,2027-01-15 00:00:00+00:00,NET,NET270115C00100000,call,True,100.0,107.5,110.5,108.3,197.49000549316406,0.754885263671875,0.036842886271592254,0.0,11.0,513,2025-11-25 20:33:03+00:00,24.449166666666667,109.0,1.1342465753424658
2025-11-26 21:00:00+00:00,2027-01-15 00:00:00+00:00,NET,NET270115C00105000,call,True,105.0,103.5,107.0,105.45,197.49000549316406,0.7438990454101562,0.036842886271592254,0.0,2.0,54,2025-11-18 14:54:15+00:00,198.09583333333333,105.25,1.1342465753424658
2025-11-26 21:00:00+00:00,2027-01-15 00:00:00+00:00,NET,NET270115C00110000,call,True,110.0,99.5,103.0,94.25,197.49000549316406,0.7260769580078125,0.036842886271592254,0.0,1.0,292,2025-11-21 18:56:03+00:00,122.06583333333333,101.25,1.1342465753424658
2025-11-26 21:00:00+00:00,2027-01-15 00:00:00+00:00,NET,NET270115C00115000,call,True,115.0,96.0,99.5,92.0,197.49000549316406,0.7187222952270508,0.036842886271592254,0.0,3.0,1777,2025-11-20 17:36:45+00:00,147.3875,97.75,1.1342465753424658
2025-11-26 21:00:00+00:00,2027-01-15 00:00:00+00:00,NET,NET270115C00120000,call,True,120.0,92.5,95.5,95.0,197.49000549316406,0.7049590051269532,0.036842886271592254,0.0,7.0,180,2025-11-26 17:44:46+00:00,3.253888888888889,94.0,1.1342465753424658
2025-11-26 21:00:00+00:00,2027-01-15 00:00:00+00:00,NET,NET270115C00125000,call,True,125.0,89.5,92.0,86.6,197.49000549316406,0.7002288278198242,0.036842886271592254,0.0,1.0,569,2025-11-24 19:20:50+00:00,49.65277777777778,90.75,1.1342465753424658
2025-11-26 21:00:00+00:00,2027-01-15 00:00:00+00:00,NET,NET270115C00130000,call,True,130.0,85.2,89.0,79.33,197.49000549316406,0.6866791586303712,0.036842886271592254,0.0,2.0,145,2025-11-21 15:00:26+00:00,125.99277777777777,87.1,1.1342465753424658
2025-11-26 21:00:00+00:00,2027-01-15 00:00:00+00:00,NET,NET270115C00135000,call,True,135.0,82.0,85.5,79.0,197.49000549316406,0.6778291494750978,0.036842886271592254,0.0,1.0,585,2025-11-21 18:51:33+00:00,122.14083333333333,83.75,1.1342465753424658
2025-11-26 21:00:00+00:00,2027-01-15 00:00:00+00:00,NET,NET270115C00140000,call,True,140.0,79.15,82.2,81.54,197.49000549316406,0.6726717303466798,0.036842886271592254,0.0,39.0,270,2025-11-26 20:46:34+00:00,0.2238888888888889,80.67500000000001,1.1342465753424658
2025-11-26 21:00:00+00:00,2027-01-15 00:00:00+00:00,NET,NET270115C00145000,call,True,145.0,76.1,78.2,76.99,197.49000549316406,0.6590305093383789,0.036842886271592254,0.0,2.0,29,2025-11-26 20:59:30+00:00,0.008333333333333333,77.15,1.1342465753424658
2025-11-26 21:00:00+00:00,2027-01-15 00:00:00+00:00,NET,NET270115C00150000,call,True,150.0,72.5,76.0,74.1,197.49000549316406,0.6546360220336916,0.036842886271592254,0.0,9.0,389,2025-11-26 16:40:49+00:00,4.3197222222222225,74.25,1.1342465753424658
2025-11-26 21:00:00+00:00,2027-01-15 00:00:00+00:00,NET,NET270115C00155000,call,True,155.0,69.95,73.0,65.2,197.49000549316406,0.6510044665527344,0.036842886271592254,0.0,1.0,137,2025-11-21 17:21:38+00:00,123.63944444444445,71.475,1.1342465753424658
2025-11-26 21:00:00+00:00,2027-01-15 00:00:00+00:00,NET,NET270115C00160000,call,True,160.0,67.4,70.5,69.49,197.49000549316406,0.6499058447265625,0.036842886271592254,0.0,3.0,108,2025-11-26 19:59:58+00:00,1.0005555555555556,68.95,1.1342465753424658
2025-11-26 21:00:00+00:00,2027-01-15 00:00:00+00:00,NET,NET270115C00165000,call,True,165.0,64.5,67.35,63.15,197.49000549316406,0.6404454901123047,0.036842886271592254,0.0,2.0,2966,2025-11-25 18:01:57+00:00,26.9675,65.925,1.1342465753424658
2025-11-26 21:00:00+00:00,2027-01-15 00:00:00+00:00,NET,NET270115C00170000,call,True,170.0,61.95,64.9,62.0,197.49000549316406,0.637576866455078,0.036842886271592254,0.0,3.0,205,2025-11-18 15:35:27+00:00,197.40916666666666,63.425000000000004,1.1342465753424658
2025-11-26 21:00:00+00:00,2027-01-15 00:00:00+00:00,NET,NET270115C00175000,call,True,175.0,58.95,62.05,57.51,197.49000549316406,0.6278723736572267,0.036842886271592254,0.0,1.0,489,2025-11-24 19:36:48+00:00,49.38666666666666,60.5,1.1342465753424658
2025-11-26 21:00:00+00:00,2027-01-15 00:00:00+00:00,NET,NET270115C00180000,call,True,180.0,56.45,60.0,51.75,197.49000549316406,0.6261328890991212,0.036842886271592254,0.0,3.0,68,2025-11-25 14:58:21+00:00,30.0275,58.225,1.1342465753424658
2025-11-26 21:00:00+00:00,2027-01-15 00:00:00+00:00,NET,NET270115C00185000,call,True,185.0,54.05,57.05,50.0,197.49000549316406,0.6181678808593751,0.036842886271592254,0.0,2.0,58,2025-11-24 14:30:07+00:00,54.49805555555555,55.55,1.1342465753424658
2025-11-26 21:00:00+00:00,2027-01-15 00:00:00+00:00,NET,NET270115C00190000,call,True,190.0,52.0,54.55,52.63,197.49000549316406,0.6146278771972657,0.036842886271592254,0.0,2.0,91,2025-11-25 20:35:25+00:00,24.40972222222222,53.275,1.1342465753424658
2025-11-26 21:00:00+00:00,2027-01-15 00:00:00+00:00,NET,NET270115C00195000,call,True,195.0,49.65,52.65,50.45,197.49000549316406,0.6120949435424806,0.036842886271592254,0.0,2.0,28,2025-11-25 20:35:25+00:00,24.40972222222222,51.15,1.1342465753424658
2025-11-26 21:00:00+00:00,2027-01-15 00:00:00+00:00,NET,NET270115C00200000,call,False,200.0,48.0,50.5,49.07,197.49000549316406,0.611499856719971,0.036842886271592254,0.0,2.0,297,2025-11-26 19:55:23+00:00,1.0769444444444445,49.25,1.1342465753424658
2025-11-26 21:00:00+00:00,2027-01-15 00:00:00+00:00,NET,NET270115C00210000,call,False,210.0,43.5,46.3,38.05,197.49000549316406,0.6010171734619143,0.036842886271592254,0.0,20.0,430,2025-11-25 14:48:25+00:00,30.193055555555556,44.9,1.1342465753424658
2025-11-26 21:00:00+00:00,2027-01-15 00:00:00+00:00,NET,NET270115C00220000,call,False,220.0,40.2,42.5,41.02,197.49000549316406,0.5972940661621093,0.036842886271592254,0.0,2.0,125,2025-11-26 16:10:00+00:00,4.833333333333333,41.35,1.1342465753424658
2025-11-26 21:00:00+00:00,2027-01-15 00:00:00+00:00,NET,NET270115C00230000,call,False,230.0,36.0,38.6,33.62,197.49000549316406,0.5846293978881835,0.036842886271592254,0.0,7.0,117,2025-11-21 19:18:38+00:00,121.68944444444445,37.3,1.1342465753424658
2025-11-26 21:00:00+00:00,2027-01-15 00:00:00+00:00,NET,NET270115C00240000,call,False,240.0,32.05,35.45,31.6,197.49000549316406,0.5751995605468749,0.036842886271592254,0.0,1.0,306,2025-11-24 20:10:59+00:00,48.816944444444445,33.75,1.1342465753424658
2025-11-26 21:00:00+00:00,2027-01-15 00:00:00+00:00,NET,NET270115C00250000,call,False,250.0,30.3,32.65,31.5,197.49000549316406,0.5783733569335938,0.036842886271592254,0.0,10.0,373,2025-11-26 16:14:20+00:00,4.761111111111111,31.475,1.1342465753424658
2025-11-26 21:00:00+00:00,2027-01-15 00:00:00+00:00,NET,NET270115C00260000,call,False,260.0,27.1,30.2,27.92,197.49000549316406,0.5725140405273439,0.036842886271592254,0.0,5.0,192,2025-11-26 18:44:29+00:00,2.258611111111111,28.65,1.1342465753424658
2025-11-26 21:00:00+00:00,2027-01-15 00:00:00+00:00,NET,NET270115C00270000,call,False,270.0,24.7,27.1,26.65,197.49000549316406,0.5651288604736329,0.036842886271592254,0.0,4.0,119,2025-11-26 19:12:38+00:00,1.7894444444444444,25.9,1.1342465753424658
2025-11-26 21:00:00+00:00,2027-01-15 00:00:00+00:00,NET,NET270115C00280000,call,False,280.0,23.15,25.4,22.7,197.49000549316406,0.5693249855041504,0.036842886271592254,0.0,15.0,101,2025-11-24 16:36:14+00:00,52.39611111111111,24.275,1.1342465753424658
2025-11-26 21:00:00+00:00,2027-01-15 00:00:00+00:00,NET,NET270115C00290000,call,False,290.0,20.7,22.0,20.35,197.49000549316406,0.5552107467651368,0.036842886271592254,0.0,1.0,605,2025-11-24 20:11:42+00:00,48.805,21.35,1.1342465753424658
2025-11-26 21:00:00+00:00,2027-01-15 00:00:00+00:00,NET,NET270115C00300000,call,False,300.0,18.3,20.9,18.95,197.49000549316406,0.5537764349365235,0.036842886271592254,0.0,3.0,126,2025-11-24 20:17:08+00:00,48.714444444444446,19.6,1.1342465753424658
2025-11-26 21:00:00+00:00,2027-01-15 00:00:00+00:00,NET,NET270115C00310000,call,False,310.0,17.0,19.75,17.11,197.49000549316406,0.557469024963379,0.036842886271592254,0.0,13.0,879,2025-11-24 19:27:44+00:00,49.53777777777778,18.375,1.1342465753424658
2025-11-26 21:00:00+00:00,2027-01-15 00:00:00+00:00,NET,NET270115C00320000,call,False,320.0,15.35,17.55,19.9,197.49000549316406,0.5500838449096681,0.036842886271592254,0.0,4.0,85,2025-11-17 20:24:40+00:00,216.5888888888889,16.45,1.1342465753424658
2025-11-26 21:00:00+00:00,2027-01-15 00:00:00+00:00,NET,NET270115C00330000,call,False,330.0,13.9,16.25,13.55,197.49000549316406,0.5484359121704102,0.036842886271592254,0.0,5.0,142,2025-11-21 20:51:54+00:00,120.135,15.075,1.1342465753424658
2025-11-26 21:00:00+00:00,2027-01-15 00:00:00+00:00,NET,NET270115C00340000,call,False,340.0,12.0,15.35,10.7,197.49000549316406,0.5447738394165039,0.036842886271592254,0.0,2.0,15,2025-11-21 17:19:31+00:00,123.67472222222223,13.675,1.1342465753424658
2025-11-26 21:00:00+00:00,2027-01-15 00:00:00+00:00,NET,NET270115C00350000,call,False,350.0,11.35,14.35,12.29,197.49000549316406,0.5481612567138674,0.036842886271592254,0.0,1.0,23,2025-11-25 20:44:53+00:00,24.251944444444444,12.85,1.1342465753424658
2025-11-26 21:00:00+00:00,2027-01-15 00:00:00+00:00,NET,NET270115C00360000,call,False,360.0,10.05,13.3,10.2,197.49000549316406,0.5448959085083008,0.036842886271592254,0.0,2.0,5,2025-11-21 17:10:25+00:00,123.82638888888889,11.675,1.1342465753424658
2025-11-26 21:00:00+00:00,2027-01-15 00:00:00+00:00,NET,NET270115C00370000,call,False,370.0,9.4,12.1,10.09,197.49000549316406,0.5441940112304688,0.036842886271592254,0.0,3.0,7,2025-11-25 17:06:58+00:00,27.88388888888889,10.75,1.1342465753424658
2025-11-26 21:00:00+00:00,2027-01-15 00:00:00+00:00,NET,NET270115C00380000,call,False,380.0,9.1,11.35,9.9,197.49000549316406,0.5490157403564455,0.036842886271592254,0.0,1.0,53,2025-11-26 18:33:22+00:00,2.443888888888889,10.225,1.1342465753424658
2025-11-26 21:00:00+00:00,2027-01-15 00:00:00+00:00,NET,NET270115P00040000,put,False,40.0,0.48,2.25,0.74,197.49000549316406,0.87500125,0.036842886271592254,0.0,16.0,159,2025-11-18 15:59:05+00:00,197.01527777777778,1.365,1.1342465753424658
2025-11-26 21:00:00+00:00,2027-01-15 00:00:00+00:00,NET,NET270115P00042500,put,False,42.5,0.06,2.89,0.8,197.49000549316406,0.8552260571289063,0.036842886271592254,0.0,1.0,33,2025-11-21 16:22:48+00:00,124.62,1.475,1.1342465753424658
2025-11-26 21:00:00+00:00,2027-01-15 00:00:00+00:00,NET,NET270115P00045000,put,False,45.0,0.14,1.14,1.0,197.49000549316406,0.7075224560546876,0.036842886271592254,0.0,1.0,25,2025-11-19 14:34:39+00:00,174.4225,0.6399999999999999,1.1342465753424658
2025-11-26 21:00:00+00:00,2027-01-15 00:00:00+00:00,NET,NET270115P00047500,put,False,47.5,0.05,1.93,0.96,197.49000549316406,0.7360866235351562,0.036842886271592254,0.0,2.0,8,2025-11-13 14:33:19+00:00,318.4447222222222,0.99,1.1342465753424658
2025-11-26 21:00:00+00:00,2027-01-15 00:00:00+00:00,NET,NET270115P00050000,put,False,50.0,0.74,2.07,1.03,197.49000549316406,0.7595238891601563,0.036842886271592254,0.0,2.0,57,2025-11-13 14:33:19+00:00,318.4447222222222,1.4049999999999998,1.1342465753424658
2025-11-26 21:00:00+00:00,2027-01-15 00:00:00+00:00,NET,NET270115P00055000,put,False,55.0,0.63,1.55,3.3,197.49000549316406,0.6750520776367189,0.036842886271592254,0.0,1.0,65,2025-10-02 13:31:49+00:00,1327.4697222222221,1.09,1.1342465753424658
2025-11-26 21:00:00+00:00,2027-01-15 00:00:00+00:00,NET,NET270115P00060000,put,False,60.0,0.41,5.0,1.55,197.49000549316406,0.7656273437500001,0.036842886271592254,0.0,1.0,25,2025-09-09 18:16:23+00:00,1874.7269444444444,2.705,1.1342465753424658
2025-11-26 21:00:00+00:00,2027-01-15 00:00:00+00:00,NET,NET270115P00065000,put,False,65.0,1.68,2.32,2.31,197.49000549316406,0.6695589685058594,0.036842886271592254,0.0,1.0,76,2025-11-25 14:32:22+00:00,30.460555555555555,2.0,1.1342465753424658
2025-11-26 21:00:00+00:00,2027-01-15 00:00:00+00:00,NET,NET270115P00070000,put,False,70.0,1.11,2.81,2.35,197.49000549316406,0.6256140954589844,0.036842886271592254,0.0,1.0,81,2025-11-17 18:48:18+00:00,218.195,1.96,1.1342465753424658
2025-11-26 21:00:00+00:00,2027-01-15 00:00:00+00:00,NET,NET270115P00072500,put,False,72.5,2.19,3.1,2.5,197.49000549316406,0.6497837756347657,0.036842886271592254,0.0,1.0,14,2025-11-20 19:56:08+00:00,145.06444444444443,2.645,1.1342465753424658
2025-11-26 21:00:00+00:00,2027-01-15 00:00:00+00:00,NET,NET270115P00075000,put,False,75.0,2.25,4.15,3.0,197.49000549316406,0.6605258557128908,0.036842886271592254,0.0,3.0,46,2025-11-26 17:31:32+00:00,3.4744444444444444,3.2,1.1342465753424658
2025-11-26 21:00:00+00:00,2027-01-15 00:00:00+00:00,NET,NET270115P00077500,put,False,77.5,2.17,3.75,4.05,197.49000549316406,0.6280554772949221,0.036842886271592254,0.0,2.0,26,2025-08-14 18:23:55+00:00,2498.601388888889,2.96,1.1342465753424658
2025-11-26 21:00:00+00:00,2027-01-15 00:00:00+00:00,NET,NET270115P00080000,put,False,80.0,2.57,3.9,3.22,197.49000549316406,0.62305064453125,0.036842886271592254,0.0,1.0,83,2025-09-18 18:06:28+00:00,1658.8922222222222,3.235,1.1342465753424658
2025-11-26 21:00:00+00:00,2027-01-15 00:00:00+00:00,NET,NET270115P00082500,put,False,82.5,2.34,5.1,3.44,197.49000549316406,0.627078924560547,0.036842886271592254,0.0,5.0,37,2025-11-11 19:44:30+00:00,361.2583333333333,3.7199999999999998,1.1342465753424658
2025-11-26 21:00:00+00:00,2027-01-15 00:00:00+00:00,NET,NET270115P00085000,put,False,85.0,2.96,5.5,4.3,197.49000549316406,0.6304358245849608,0.036842886271592254,0.0,50.0,194,2025-11-20 16:57:39+00:00,148.03916666666666,4.23,1.1342465753424658
2025-11-26 21:00:00+00:00,2027-01-15 00:00:00+00:00,NET,NET270115P00087500,put,False,87.5,3.1,5.65,5.6,197.49000549316406,0.6176796044921876,0.036842886271592254,0.0,2.0,23,2025-11-18 14:30:30+00:00,198.49166666666667,4.375,1.1342465753424658
2025-11-26 21:00:00+00:00,2027-01-15 00:00:00+00:00,NET,NET270115P00090000,put,False,90.0,3.45,6.35,3.7,197.49000549316406,0.619693744506836,0.036842886271592254,0.0,3.0,119,2025-11-07 19:58:59+00:00,457.01694444444445,4.9,1.1342465753424658
2025-11-26 21:00:00+00:00,2027-01-15 00:00:00+00:00,NET,NET270115P00092500,put,False,92.5,4.6,6.5,5.05,197.49000549316406,0.6247596118164063,0.036842886271592254,0.0,2.0,19,2025-09-17 17:52:09+00:00,1683.1308333333334,5.55,1.1342465753424658
2025-11-26 21:00:00+00:00,2027-01-15 00:00:00+00:00,NET,NET270115P00095000,put,False,95.0,3.5,8.5,5.21,197.49000549316406,0.6217078845214845,0.036842886271592254,0.0,8.0,195,2025-09-08 14:52:19+00:00,1902.1280555555556,6.0,1.1342465753424658
2025-11-26 21:00:00+00:00,2027-01-15 00:00:00+00:00,NET,NET270115P00097500,put,False,97.5,5.05,6.45,5.25,197.49000549316406,0.5954019952392577,0.036842886271592254,0.0,2.0,25,2025-09-23 14:55:26+00:00,1542.076111111111,5.75,1.1342465753424658
2025-11-26 21:00:00+00:00,2027-01-15 00:00:00+00:00,NET,NET270115P00100000,put,False,100.0,5.9,6.7,7.62,197.49000549316406,0.5953409606933593,0.036842886271592254,0.0,1.0,522,2025-11-18 14:55:50+00:00,198.06944444444446,6.300000000000001,1.1342465753424658
2025-11-26 21:00:00+00:00,2027-01-15 00:00:00+00:00,NET,NET270115P00105000,put,False,105.0,6.0,8.75,7.3,197.49000549316406,0.5921061297607424,0.036842886271592254,0.0,1.0,19,2025-11-26 20:59:22+00:00,0.010555555555555556,7.375,1.1342465753424658
2025-11-26 21:00:00+00:00,2027-01-15 00:00:00+00:00,NET,NET270115P00110000,put,False,110.0,7.3,9.35,9.1,197.49000549316406,0.5830730169677734,0.036842886271592254,0.0,4.0,303,2025-11-24 18:14:57+00:00,50.75083333333333,8.325,1.1342465753424658
2025-11-26 21:00:00+00:00,2027-01-15 00:00:00+00:00,NET,NET270115P00115000,put,False,115.0,8.65,9.9,7.13,197.49000549316406,0.5725750750732423,0.036842886271592254,0.0,38.0,38,2025-11-12 16:36:03+00:00,340.39916666666664,9.275,1.1342465753424658
2025-11-26 21:00:00+00:00,2027-01-15 00:00:00+00:00,NET,NET270115P00120000,put,False,120.0,9.4,11.2,12.05,197.49000549316406,0.5625959268188477,0.036842886271592254,0.0,3.0,221,2025-11-19 14:33:01+00:00,174.44972222222222,10.3,1.1342465753424658
2025-11-26 21:00:00+00:00,2027-01-15 00:00:00+00:00,NET,NET270115P00125000,put,False,125.0,11.55,12.25,13.3,197.49000549316406,0.5635114450073243,0.036842886271592254,0.0,1.0,52,2025-11-21 14:31:17+00:00,126.4786111111111,11.9,1.1342465753424658
2025-11-26 21:00:00+00:00,2027-01-15 00:00:00+00:00,NET,NET270115P00130000,put,False,130.0,11.95,14.05,10.0,197.49000549316406,0.552159019470215,0.036842886271592254,0.0,1.0,60,2025-11-04 19:38:03+00:00,529.3658333333333,13.0,1.1342465753424658
2025-11-26 21:00:00+00:00,2027-01-15 00:00:00+00:00,NET,NET270115P00135000,put,False,135.0,13.5,15.25,17.0,197.49000549316406,0.5450179776000977,0.036842886271592254,0.0,1.0,229,2025-11-21 17:52:11+00:00,123.13027777777778,14.375,1.1342465753424658
2025-11-26 21:00:00+00:00,2027-01-15 00:00:00+00:00,NET,NET270115P00140000,put,False,140.0,15.5,16.75,18.28,197.49000549316406,0.5431259066772461,0.036842886271592254,0.0,25.0,223,2025-11-25 15:23:19+00:00,29.61138888888889,16.125,1.1342465753424658
2025-11-26 21:00:00+00:00,2027-01-15 00:00:00+00:00,NET,NET270115P00145000,put,False,145.0,16.65,18.45,19.6,197.49000549316406,0.5340622766113281,0.036842886271592254,0.0,8.0,38,2025-11-19 17:34:11+00:00,171.43027777777777,17.549999999999997,1.1342465753424658
2025-11-26 21:00:00+00:00,2027-01-15 00:00:00+00:00,NET,NET270115P00150000,put,False,150.0,18.8,20.5,22.4,197.49000549316406,0.5347336566162109,0.036842886271592254,0.0,25.0,107,2025-11-25 15:23:44+00:00,29.604444444444443,19.65,1.1342465753424658
2025-11-26 21:00:00+00:00,2027-01-15 00:00:00+00:00,NET,NET270115P00155000,put,False,155.0,21.05,22.9,23.45,197.49000549316406,0.5370529693603516,0.036842886271592254,0.0,2.0,36,2025-11-19 17:36:08+00:00,171.39777777777778,21.975,1.1342465753424658
2025-11-26 21:00:00+00:00,2027-01-15 00:00:00+00:00,NET,NET270115P00160000,put,False,160.0,22.35,24.4,24.71,197.49000549316406,0.5239000247192382,0.036842886271592254,0.0,2.0,67,2025-11-18 20:20:00+00:00,192.66666666666666,23.375,1.1342465753424658
2025-11-26 21:00:00+00:00,2027-01-15 00:00:00+00:00,NET,NET270115P00165000,put,False,165.0,24.05,26.9,23.35,197.49000549316406,0.5200548483276367,0.036842886271592254,0.0,14.0,156,2025-11-14 19:58:12+00:00,289.03,25.475,1.1342465753424658
2025-11-26 21:00:00+00:00,2027-01-15 00:00:00+00:00,NET,NET270115P00170000,put,False,170.0,26.2,29.0,27.92,197.49000549316406,0.5153246710205077,0.036842886271592254,0.0,5.0,25,2025-11-26 18:44:29+00:00,2.258611111111111,27.6,1.1342465753424658
2025-11-26 21:00:00+00:00,2027-01-15 00:00:00+00:00,NET,NET270115P00175000,put,False,175.0,29.55,31.35,34.95,197.49000549316406,0.5191393301391601,0.036842886271592254,0.0,2.0,23,2025-11-21 16:11:36+00:00,124.80666666666667,30.450000000000003,1.1342465753424658
2025-11-26 21:00:00+00:00,2027-01-15 00:00:00+00:00,NET,NET270115P00180000,put,False,180.0,30.5,33.65,33.25,197.49000549316406,0.5053455227661132,0.036842886271592254,0.0,5.0,65,2025-11-20 14:31:42+00:00,150.47166666666666,32.075,1.1342465753424658
2025-11-26 21:00:00+00:00,2027-01-15 00:00:00+00:00,NET,NET270115P00185000,put,False,185.0,33.25,36.15,34.9,197.49000549316406,0.5036975900268555,0.036842886271592254,0.0,5.0,16,2025-11-20 14:31:33+00:00,150.47416666666666,34.7,1.1342465753424658
2025-11-26 21:00:00+00:00,2027-01-15 00:00:00+00:00,NET,NET270115P00190000,put,False,190.0,35.9,38.7,39.58,197.49000549316406,0.5005543109130859,0.036842886271592254,0.0,3.0,42,2025-11-24 16:36:13+00:00,52.396388888888886,37.3,1.1342465753424658
2025-11-26 21:00:00+00:00,2027-01-15 00:00:00+00:00,NET,NET270115P00195000,put,False,195.0,39.05,41.4,39.6,197.49000549316406,0.5003406900024415,0.036842886271592254,0.0,2.0,40,2025-11-26 18:11:32+00:00,2.807777777777778,40.224999999999994,1.1342465753424658
2025-11-26 21:00:00+00:00,2027-01-15 00:00:00+00:00,NET,NET270115P00200000,put,True,200.0,40.7,44.5,43.07,197.49000549316406,0.5155993264770508,0.036842886271592254,0.0,2.0,73,2025-11-26 19:23:15+00:00,1.6125,42.6,1.1342465753424658
2025-11-26 21:00:00+00:00,2027-01-15 00:00:00+00:00,NET,NET270115P00210000,put,True,210.0,46.45,49.0,51.88,197.49000549316406,0.4931996481323243,0.036842886271592254,0.0,2.0,83,2025-11-24 16:36:13+00:00,52.396388888888886,47.725,1.1342465753424658
2025-11-26 21:00:00+00:00,2027-01-15 00:00:00+00:00,NET,NET270115P00220000,put,True,220.0,53.4,55.55,59.44,197.49000549316406,0.4918874053955079,0.036842886271592254,0.0,5.0,62,2025-11-21 20:11:00+00:00,120.81666666666666,54.474999999999994,1.1342465753424658
2025-11-26 21:00:00+00:00,2027-01-15 00:00:00+00:00,NET,NET270115P00230000,put,True,230.0,59.35,61.9,49.89,197.49000549316406,0.4845174839782715,0.036842886271592254,0.0,25.0,40,2025-10-29 18:28:33+00:00,674.5241666666667,60.625,1.1342465753424658
2025-11-26 21:00:00+00:00,2027-01-15 00:00:00+00:00,NET,NET270115P00240000,put,True,240.0,66.15,68.3,49.48,197.49000549316406,0.4742484216308594,0.036842886271592254,0.0,6.0,19,2025-10-31 13:35:29+00:00,631.4086111111111,67.225,1.1342465753424658
2025-11-26 21:00:00+00:00,2027-01-15 00:00:00+00:00,NET,NET270115P00250000,put,True,250.0,73.05,75.1,64.4,197.49000549316406,0.46533737792968755,0.036842886271592254,0.0,3.0,80,2025-11-07 17:23:19+00:00,459.6113888888889,74.07499999999999,1.1342465753424658
2025-11-26 21:00:00+00:00,2027-01-15 00:00:00+00:00,NET,NET270115P00260000,put,True,260.0,80.05,82.15,81.07,197.49000549316406,0.45609064422607426,0.036842886271592254,0.0,1.0,14,2025-11-26 19:23:15+00:00,1.6125,81.1,1.1342465753424658
2025-11-26 21:00:00+00:00,2027-01-15 00:00:00+00:00,NET,NET270115P00270000,put,True,270.0,86.5,90.0,73.0,197.49000549316406,0.4537713314819336,0.036842886271592254,0.0,2.0,9,2025-11-06 14:52:27+00:00,486.12583333333333,88.25,1.1342465753424658
2025-11-26 21:00:00+00:00,2027-01-15 00:00:00+00:00,NET,NET270115P00280000,put,True,280.0,94.5,97.5,67.31,197.49000549316406,0.443792183227539,0.036842886271592254,0.0,7.0,4,2025-10-31 19:47:23+00:00,625.2102777777778,96.0,1.1342465753424658
2025-11-26 21:00:00+00:00,2027-01-15 00:00:00+00:00,NET,NET270115P00290000,put,True,290.0,102.5,106.0,73.9,197.49000549316406,0.44446356323242187,0.036842886271592254,0.0,2.0,2,2025-10-31 19:48:00+00:00,625.2,104.25,1.1342465753424658
2025-11-26 21:00:00+00:00,2027-01-15 00:00:00+00:00,NET,NET270115P00300000,put,True,300.0,110.75,114.3,117.06,197.49000549316406,0.4397639031982422,0.036842886271592254,0.0,1.0,1,2025-11-24 19:23:22+00:00,49.61055555555556,112.525,1.1342465753424658
2025-11-26 21:00:00+00:00,2027-01-15 00:00:00+00:00,NET,NET270115P00310000,put,True,310.0,119.0,121.95,125.42,197.49000549316406,0.4217892294311524,0.036842886271592254,0.0,1.0,2,2025-11-24 19:23:22+00:00,49.61055555555556,120.475,1.1342465753424658
2025-11-26 21:00:00+00:00,2027-01-15 00:00:00+00:00,NET,NET270115P00320000,put,True,320.0,127.5,130.5,102.95,197.49000549316406,0.41440404937744135,0.036842886271592254,0.0,1.0,2,2025-11-11 16:26:32+00:00,364.5577777777778,129.0,1.1342465753424658
2025-11-26 21:00:00+00:00,2027-01-15 00:00:00+00:00,NET,NET270115P00330000,put,True,330.0,136.0,139.3,110.5,197.49000549316406,0.4083921466064453,0.036842886271592254,0.0,1.0,2,2025-11-11 16:26:32+00:00,364.5577777777778,137.65,1.1342465753424658
2025-11-26 21:00:00+00:00,2027-01-15 00:00:00+00:00,NET,NET270115P00340000,put,True,340.0,145.0,147.95,122.2,197.49000549316406,0.39597161651611334,0.036842886271592254,0.0,2.0,0,2025-11-04 19:52:50+00:00,529.1194444444444,146.475,1.1342465753424658
2025-11-26 21:00:00+00:00,2027-01-15 00:00:00+00:00,NET,NET270115P00350000,put,True,350.0,154.0,157.5,160.26,197.49000549316406,0.39990834472656256,0.036842886271592254,0.0,1.0,2,2025-11-24 19:23:22+00:00,49.61055555555556,155.75,1.1342465753424658
2025-11-26 21:00:00+00:00,2027-01-15 00:00:00+00:00,NET,NET270115P00360000,put,True,360.0,163.0,166.65,169.48,197.49000549316406,0.39258419921875,0.036842886271592254,0.0,1.0,0,2025-11-24 19:23:22+00:00,49.61055555555556,164.825,1.1342465753424658
2025-11-26 21:00:00+00:00,2027-01-15 00:00:00+00:00,NET,NET270115P00380000,put,True,380.0,182.0,184.5,190.8,197.49000549316406,0.34766277343749996,0.036842886271592254,0.0,1.0,1,2025-11-20 20:42:15+00:00,144.29583333333332,183.25,1.1342465753424658
2025-11-26 21:00:00+00:00,2028-01-21 00:00:00+00:00,NET,NET280121C00095000,call,True,95.0,120.45,123.5,121.92,197.49000549316406,0.7300442034912109,0.036842886271592254,0.0,1.0,1,2025-11-26 16:35:19+00:00,4.411388888888889,121.975,2.1506849315068495
2025-11-26 21:00:00+00:00,2028-01-21 00:00:00+00:00,NET,NET280121C00100000,call,True,100.0,116.5,120.0,114.2,197.49000549316406,0.7131071170043947,0.036842886271592254,0.0,,2,2025-11-24 19:58:29+00:00,49.02527777777778,118.25,2.1506849315068495
2025-11-26 21:00:00+00:00,2028-01-21 00:00:00+00:00,NET,NET280121C00105000,call,True,105.0,113.5,117.0,111.99,197.49000549316406,0.7082243533325195,0.036842886271592254,0.0,,1,2025-11-19 18:48:28+00:00,170.19222222222223,115.25,2.1506849315068495
2025-11-26 21:00:00+00:00,2028-01-21 00:00:00+00:00,NET,NET280121C00110000,call,True,110.0,110.5,113.5,112.85,197.49000549316406,0.6985198605346681,0.036842886271592254,0.0,1.0,16,2025-11-26 16:12:15+00:00,4.795833333333333,112.0,2.1506849315068495
2025-11-26 21:00:00+00:00,2028-01-21 00:00:00+00:00,NET,NET280121C00115000,call,True,115.0,107.5,110.5,133.2,197.49000549316406,0.6921112332153321,0.036842886271592254,0.0,1.0,8,2025-11-07 18:23:49+00:00,458.60305555555556,109.0,2.1506849315068495
2025-11-26 21:00:00+00:00,2028-01-21 00:00:00+00:00,NET,NET280121C00120000,call,True,120.0,104.0,107.5,107.25,197.49000549316406,0.6814607049560548,0.036842886271592254,0.0,1.0,3,2025-11-26 19:10:40+00:00,1.8222222222222222,105.75,2.1506849315068495
2025-11-26 21:00:00+00:00,2028-01-21 00:00:00+00:00,NET,NET280121C00125000,call,True,125.0,100.55,103.75,113.0,197.49000549316406,0.6657290507507325,0.036842886271592254,0.0,2.0,4,2025-10-17 19:15:50+00:00,961.7361111111111,102.15,2.1506849315068495
2025-11-26 21:00:00+00:00,2028-01-21 00:00:00+00:00,NET,NET280121C00130000,call,True,130.0,98.0,102.0,125.5,197.49000549316406,0.6692080198669434,0.036842886271592254,0.0,5.0,5,2025-11-06 15:01:56+00:00,485.96777777777777,100.0,2.1506849315068495
2025-11-26 21:00:00+00:00,2028-01-21 00:00:00+00:00,NET,NET280121C00135000,call,True,135.0,95.5,99.0,146.28,197.49000549316406,0.6638217211914064,0.036842886271592254,0.0,2.0,2,2025-10-31 19:42:06+00:00,625.2983333333333,97.25,2.1506849315068495
2025-11-26 21:00:00+00:00,2028-01-21 00:00:00+00:00,NET,NET280121C00140000,call,True,140.0,92.5,96.5,85.0,197.49000549316406,0.6578403356933593,0.036842886271592254,0.0,10.0,60,2025-11-25 14:48:17+00:00,30.19527777777778,94.5,2.1506849315068495
2025-11-26 21:00:00+00:00,2028-01-21 00:00:00+00:00,NET,NET280121C00145000,call,True,145.0,90.0,93.5,83.8,197.49000549316406,0.6513706738281251,0.036842886271592254,0.0,1.0,2,2025-11-21 16:34:56+00:00,124.41777777777777,91.75,2.1506849315068495
2025-11-26 21:00:00+00:00,2028-01-21 00:00:00+00:00,NET,NET280121C00150000,call,True,150.0,88.0,91.0,80.0,197.49000549316406,0.6502415347290039,0.036842886271592254,0.0,1.0,11,2025-11-21 15:08:13+00:00,125.86305555555556,89.5,2.1506849315068495
2025-11-26 21:00:00+00:00,2028-01-21 00:00:00+00:00,NET,NET280121C00165000,call,True,165.0,80.5,84.0,76.87,197.49000549316406,0.6374547973632813,0.036842886271592254,0.0,1.0,2,2025-11-20 20:40:23+00:00,144.32694444444445,82.25,2.1506849315068495
2025-11-26 21:00:00+00:00,2028-01-21 00:00:00+00:00,NET,NET280121C00170000,call,True,170.0,77.5,81.5,77.75,197.49000549316406,0.6287268572998048,0.036842886271592254,0.0,1.0,7,2025-11-19 15:31:00+00:00,173.48333333333332,79.5,2.1506849315068495
2025-11-26 21:00:00+00:00,2028-01-21 00:00:00+00:00,NET,NET280121C00175000,call,True,175.0,75.0,79.5,75.5,197.49000549316406,0.6248969395446777,0.036842886271592254,0.0,1.0,8,2025-11-19 15:31:00+00:00,173.48333333333332,77.25,2.1506849315068495
2025-11-26 21:00:00+00:00,2028-01-21 00:00:00+00:00,NET,NET280121C00180000,call,True,180.0,74.0,77.0,69.0,197.49000549316406,0.6256598713684083,0.036842886271592254,0.0,5.0,17,2025-11-25 14:40:05+00:00,30.331944444444446,75.5,2.1506849315068495
2025-11-26 21:00:00+00:00,2028-01-21 00:00:00+00:00,NET,NET280121C00185000,call,True,185.0,71.5,75.0,74.69,197.49000549316406,0.6208534008789064,0.036842886271592254,0.0,1.0,6,2025-11-18 19:20:32+00:00,193.65777777777777,73.25,2.1506849315068495
2025-11-26 21:00:00+00:00,2028-01-21 00:00:00+00:00,NET,NET280121C00190000,call,True,190.0,69.5,72.9,64.2,197.49000549316406,0.6176338285827638,0.036842886271592254,0.0,5.0,13,2025-11-21 20:33:46+00:00,120.43722222222222,71.2,2.1506849315068495
2025-11-26 21:00:00+00:00,2028-01-21 00:00:00+00:00,NET,NET280121C00195000,call,True,195.0,67.5,70.25,69.75,197.49000549316406,0.6113320117187502,0.036842886271592254,0.0,10.0,12,2025-11-26 20:01:14+00:00,0.9794444444444445,68.875,2.1506849315068495
2025-11-26 21:00:00+00:00,2028-01-21 00:00:00+00:00,NET,NET280121C00200000,call,False,200.0,65.5,69.0,67.75,197.49000549316406,0.6113625289916994,0.036842886271592254,0.0,12.0,17,2025-11-26 20:01:14+00:00,0.9794444444444445,67.25,2.1506849315068495
2025-11-26 21:00:00+00:00,2028-01-21 00:00:00+00:00,NET,NET280121C00210000,call,False,210.0,61.75,65.0,61.0,197.49000549316406,0.604267263031006,0.036842886271592254,0.0,10.0,23,2025-11-24 17:37:20+00:00,51.37777777777778,63.375,2.1506849315068495
2025-11-26 21:00:00+00:00,2028-01-21 00:00:00+00:00,NET,NET280121C00220000,call,False,220.0,58.5,61.5,60.0,197.49000549316406,0.6003000175476074,0.036842886271592254,0.0,1.0,58,2025-11-26 14:34:05+00:00,6.4319444444444445,60.0,2.1506849315068495
2025-11-26 21:00:00+00:00,2028-01-21 00:00:00+00:00,NET,NET280121C00230000,call,False,230.0,54.5,58.0,57.3,197.49000549316406,0.5915263015747071,0.036842886271592254,0.0,102.0,248,2025-11-26 19:38:08+00:00,1.3644444444444443,56.25,2.1506849315068495
2025-11-26 21:00:00+00:00,2028-01-21 00:00:00+00:00,NET,NET280121C00240000,call,False,240.0,51.5,55.0,46.6,197.49000549316406,0.5881694015502931,0.036842886271592254,0.0,2.0,25,2025-11-21 15:19:22+00:00,125.67722222222223,53.25,2.1506849315068495
2025-11-26 21:00:00+00:00,2028-01-21 00:00:00+00:00,NET,NET280121C00250000,call,False,250.0,48.15,52.0,49.37,197.49000549316406,0.5819743951416017,0.036842886271592254,0.0,1.0,75,2025-11-26 15:41:21+00:00,5.310833333333333,50.075,2.1506849315068495
2025-11-26 21:00:00+00:00,2028-01-21 00:00:00+00:00,NET,NET280121C00260000,call,False,260.0,46.0,48.85,44.5,197.49000549316406,0.579182064666748,0.036842886271592254,0.0,1.0,23,2025-11-20 19:33:35+00:00,145.44027777777777,47.425,2.1506849315068495
2025-11-26 21:00:00+00:00,2028-01-21 00:00:00+00:00,NET,NET280121C00270000,call,False,270.0,42.8,46.25,46.6,197.49000549316406,0.5730633514404297,0.036842886271592254,0.0,21.0,5,2025-11-18 20:37:22+00:00,192.37722222222223,44.525,2.1506849315068495
2025-11-26 21:00:00+00:00,2028-01-21 00:00:00+00:00,NET,NET280121C00280000,call,False,280.0,40.5,44.0,40.66,197.49000549316406,0.5712933496093751,0.036842886271592254,0.0,2.0,4,2025-11-26 15:08:57+00:00,5.850833333333333,42.25,2.1506849315068495
2025-11-26 21:00:00+00:00,2028-01-21 00:00:00+00:00,NET,NET280121C00290000,call,False,290.0,38.0,41.5,37.2,197.49000549316406,0.5665173963928223,0.036842886271592254,0.0,1.0,4,2025-11-18 14:30:28+00:00,198.4922222222222,39.75,2.1506849315068495
2025-11-26 21:00:00+00:00,2028-01-21 00:00:00+00:00,NET,NET280121C00300000,call,False,300.0,36.0,39.15,35.82,197.49000549316406,0.5635877381896974,0.036842886271592254,0.0,2.0,166,2025-11-25 18:43:00+00:00,26.283333333333335,37.575,2.1506849315068495
2025-11-26 21:00:00+00:00,2028-01-21 00:00:00+00:00,NET,NET280121C00310000,call,False,310.0,33.5,37.45,58.97,197.49000549316406,0.5603529072570801,0.036842886271592254,0.0,,1,2025-11-10 15:47:24+00:00,389.21,35.475,2.1506849315068495
2025-11-26 21:00:00+00:00,2028-01-21 00:00:00+00:00,NET,NET280121C00320000,call,False,320.0,31.5,35.5,65.0,197.49000549316406,0.5573164385986329,0.036842886271592254,0.0,1.0,8,2025-11-03 15:02:03+00:00,557.9658333333333,33.5,2.1506849315068495
2025-11-26 21:00:00+00:00,2028-01-21 00:00:00+00:00,NET,NET280121C00330000,call,False,330.0,30.0,32.8,28.28,197.49000549316406,0.5523116058349609,0.036842886271592254,0.0,1.0,12,2025-11-21 20:51:35+00:00,120.14027777777778,31.4,2.1506849315068495
2025-11-26 21:00:00+00:00,2028-01-21 00:00:00+00:00,NET,NET280121C00340000,call,False,340.0,28.45,31.5,29.81,197.49000549316406,0.5524947094726562,0.036842886271592254,0.0,4.0,2,2025-11-26 19:39:15+00:00,1.3458333333333334,29.975,2.1506849315068495
2025-11-26 21:00:00+00:00,2028-01-21 00:00:00+00:00,NET,NET280121C00350000,call,False,350.0,27.0,29.95,43.99,197.49000549316406,0.551258759918213,0.036842886271592254,0.0,,1,2025-11-05 20:01:02+00:00,504.98277777777776,28.475,2.1506849315068495
2025-11-26 21:00:00+00:00,2028-01-21 00:00:00+00:00,NET,NET280121C00370000,call,False,370.0,24.0,27.4,22.46,197.49000549316406,0.5487410848999025,0.036842886271592254,0.0,1.0,59,2025-11-21 18:14:52+00:00,122.75222222222222,25.7,2.1506849315068495
2025-11-26 21:00:00+00:00,2028-01-21 00:00:00+00:00,NET,NET280121C00380000,call,False,380.0,22.55,25.05,22.97,197.49000549316406,0.5416153016662599,0.036842886271592254,0.0,1.0,14,2025-11-25 18:24:11+00:00,26.596944444444443,23.8,2.1506849315068495
2025-11-26 21:00:00+00:00,2028-01-21 00:00:00+00:00,NET,NET280121P00100000,put,False,100.0,11.55,14.2,13.67,197.49000549316406,0.5649457568359376,0.036842886271592254,0.0,1.0,1,2025-11-21 18:41:25+00:00,122.30972222222222,12.875,2.1506849315068495
2025-11-26 21:00:00+00:00,2028-01-21 00:00:00+00:00,NET,NET280121P00105000,put,False,105.0,12.05,14.8,14.8,197.49000549316406,0.5437057348632813,0.036842886271592254,0.0,1.0,1,2025-11-26 17:29:04+00:00,3.5155555555555558,13.425,2.1506849315068495
2025-11-26 21:00:00+00:00,2028-01-21 00:00:00+00:00,NET,NET280121P00110000,put,False,110.0,14.0,16.95,16.75,197.49000549316406,0.5478560839843751,0.036842886271592254,0.0,1.0,85,2025-11-21 18:41:25+00:00,122.30972222222222,15.475,2.1506849315068495
2025-11-26 21:00:00+00:00,2028-01-21 00:00:00+00:00,NET,NET280121P00115000,put,False,115.0,15.5,17.75,13.9,197.49000549316406,0.5359848648071289,0.036842886271592254,0.0,1.0,22,2025-11-12 17:57:24+00:00,339.04333333333335,16.625,2.1506849315068495
2025-11-26 21:00:00+00:00,2028-01-21 00:00:00+00:00,NET,NET280121P00120000,put,False,120.0,17.8,19.45,18.4,197.49000549316406,0.5362900375366212,0.036842886271592254,0.0,2.0,45,2025-11-26 15:06:06+00:00,5.898333333333333,18.625,2.1506849315068495
2025-11-26 21:00:00+00:00,2028-01-21 00:00:00+00:00,NET,NET280121P00125000,put,False,125.0,19.0,21.2,21.0,197.49000549316406,0.5278367529296876,0.036842886271592254,0.0,5.0,39,2025-11-18 15:03:54+00:00,197.935,20.1,2.1506849315068495
2025-11-26 21:00:00+00:00,2028-01-21 00:00:00+00:00,NET,NET280121P00130000,put,False,130.0,20.5,23.85,22.55,197.49000549316406,0.5267991656494142,0.036842886271592254,0.0,2.0,58,2025-11-20 17:07:49+00:00,147.8697222222222,22.175,2.1506849315068495
2025-11-26 21:00:00+00:00,2028-01-21 00:00:00+00:00,NET,NET280121P00135000,put,False,135.0,23.05,26.5,22.35,197.49000549316406,0.5312852047729493,0.036842886271592254,0.0,12.0,5,2025-10-21 17:18:39+00:00,867.6891666666667,24.775,2.1506849315068495
2025-11-26 21:00:00+00:00,2028-01-21 00:00:00+00:00,NET,NET280121P00140000,put,False,140.0,24.5,27.3,26.45,197.49000549316406,0.5162249305725097,0.036842886271592254,0.0,85.0,85,2025-11-19 16:36:32+00:00,172.39111111111112,25.9,2.1506849315068495
2025-11-26 21:00:00+00:00,2028-01-21 00:00:00+00:00,NET,NET280121P00145000,put,False,145.0,26.5,29.35,25.75,197.49000549316406,0.5117846673583983,0.036842886271592254,0.0,2.0,3,2025-11-14 20:05:27+00:00,288.9091666666667,27.925,2.1506849315068495
2025-11-26 21:00:00+00:00,2028-01-21 00:00:00+00:00,NET,NET280121P00150000,put,False,150.0,29.0,31.5,30.1,197.49000549316406,0.5100146655273439,0.036842886271592254,0.0,1.0,1,2025-11-26 17:00:04+00:00,3.9988888888888887,30.25,2.1506849315068495
2025-11-26 21:00:00+00:00,2028-01-21 00:00:00+00:00,NET,NET280121P00155000,put,False,155.0,29.1,31.65,27.7,197.49000549316406,0.497197410888672,0.036842886271592254,0.0,,5,2025-09-24 13:32:30+00:00,1519.4583333333333,30.375,2.1506849315068495
2025-11-26 21:00:00+00:00,2028-01-21 00:00:00+00:00,NET,NET280121P00160000,put,False,160.0,33.55,36.35,35.11,197.49000549316406,0.504536815032959,0.036842886271592254,0.0,1.0,1,2025-11-19 19:23:20+00:00,169.61111111111111,34.95,2.1506849315068495
2025-11-26 21:00:00+00:00,2028-01-21 00:00:00+00:00,NET,NET280121P00170000,put,False,170.0,34.5,38.25,34.35,197.49000549316406,0.48196929168701175,0.036842886271592254,0.0,20.0,39,2025-10-02 19:07:58+00:00,1321.8672222222222,36.375,2.1506849315068495
2025-11-26 21:00:00+00:00,2028-01-21 00:00:00+00:00,NET,NET280121P00175000,put,False,175.0,40.5,44.0,42.8,197.49000549316406,0.5110827700805664,0.036842886271592254,0.0,20.0,24,2025-11-19 17:39:25+00:00,171.34305555555557,42.25,2.1506849315068495
2025-11-26 21:00:00+00:00,2028-01-21 00:00:00+00:00,NET,NET280121P00180000,put,False,180.0,43.0,46.5,35.0,197.49000549316406,0.5065356964111327,0.036842886271592254,0.0,1.0,0,2025-10-31 13:32:08+00:00,631.4644444444444,44.75,2.1506849315068495
2025-11-26 21:00:00+00:00,2028-01-21 00:00:00+00:00,NET,NET280121P00185000,put,False,185.0,45.5,49.5,49.52,197.49000549316406,0.5062457823181152,0.036842886271592254,0.0,1.0,5,2025-11-21 20:11:00+00:00,120.81666666666666,47.5,2.1506849315068495
2025-11-26 21:00:00+00:00,2028-01-21 00:00:00+00:00,NET,NET280121P00190000,put,False,190.0,48.0,49.6,53.93,197.49000549316406,0.47795627029418947,0.036842886271592254,0.0,2.0,6,2025-11-21 15:02:11+00:00,125.9636111111111,48.8,2.1506849315068495
2025-11-26 21:00:00+00:00,2028-01-21 00:00:00+00:00,NET,NET280121P00195000,put,False,195.0,51.0,53.8,53.6,197.49000549316406,0.4879659358215333,0.036842886271592254,0.0,11.0,22,2025-11-20 17:32:14+00:00,147.46277777777777,52.4,2.1506849315068495
2025-11-26 21:00:00+00:00,2028-01-21 00:00:00+00:00,NET,NET280121P00200000,put,True,200.0,53.5,56.15,55.06,197.49000549316406,0.4801382553100586,0.036842886271592254,0.0,2.0,18,2025-11-26 15:06:06+00:00,5.898333333333333,54.825,2.1506849315068495
2025-11-26 21:00:00+00:00,2028-01-21 00:00:00+00:00,NET,NET280121P00210000,put,True,210.0,59.5,62.0,61.35,197.49000549316406,0.47354652435302735,0.036842886271592254,0.0,2.0,6,2025-11-24 17:14:04+00:00,51.76555555555556,60.75,2.1506849315068495
2025-11-26 21:00:00+00:00,2028-01-21 00:00:00+00:00,NET,NET280121P00220000,put,True,220.0,65.5,68.7,71.25,197.49000549316406,0.4725241957092285,0.036842886271592254,0.0,4.0,33,2025-11-21 14:53:55+00:00,126.10138888888889,67.1,2.1506849315068495
2025-11-26 21:00:00+00:00,2028-01-21 00:00:00+00:00,NET,NET280121P00230000,put,True,230.0,71.5,74.5,75.08,197.49000549316406,0.46164478790283214,0.036842886271592254,0.0,2.0,6,2025-11-18 15:41:24+00:00,197.31,73.0,2.1506849315068495
2025-11-26 21:00:00+00:00,2028-01-21 00:00:00+00:00,NET,NET280121P00240000,put,True,240.0,78.0,81.0,77.1,197.49000549316406,0.45512935012817385,0.036842886271592254,0.0,1.0,4,2025-11-17 19:09:39+00:00,217.83916666666667,79.5,2.1506849315068495
2025-11-26 21:00:00+00:00,2028-01-21 00:00:00+00:00,NET,NET280121P00250000,put,True,250.0,84.5,87.4,74.1,197.49000549316406,0.44600468551635747,0.036842886271592254,0.0,1.0,3,2025-10-28 14:41:43+00:00,702.3047222222223,85.95,2.1506849315068495
2025-11-26 21:00:00+00:00,2028-01-21 00:00:00+00:00,NET,NET280121P00280000,put,True,280.0,106.0,109.0,83.05,197.49000549316406,0.4295558753967285,0.036842886271592254,0.0,,1,2025-11-03 20:32:06+00:00,552.465,107.5,2.1506849315068495
