date,expiry,symbol,contractSymbol,type,inTheMoney,strike,bid,ask,last,underlying,iv_mkt,rate,div_yield,volume,openInterest,lastTradeDate,quote_age_hours,mid,T
2025-12-04 21:00:00+00:00,2025-12-05 00:00:00+00:00,NET,NET251205C00115000,call,True,115.0,87.35,89.9,88.64,204.35000610351562,4.373051408691405,0.03548296713488007,0.0,1.0,3,2025-12-03 20:36:12+00:00,24.39666666666667,88.625,0.0
2025-12-04 21:00:00+00:00,2025-12-05 00:00:00+00:00,NET,NET251205C00120000,call,True,120.0,83.25,85.8,72.3,204.35000610351562,3.6289071777343755,0.03548296713488007,0.0,,1,2025-11-18 14:30:32+00:00,390.49111111111114,84.525,0.0
2025-12-04 21:00:00+00:00,2025-12-05 00:00:00+00:00,NET,NET251205C00125000,call,True,125.0,78.25,80.8,68.5,204.35000610351562,3.3808609228515625,0.03548296713488007,0.0,4.0,4,2025-11-24 20:59:45+00:00,240.00416666666666,79.525,0.0
2025-12-04 21:00:00+00:00,2025-12-05 00:00:00+00:00,NET,NET251205C00140000,call,True,140.0,63.35,65.8,63.82,204.35000610351562,2.746096884765625,0.03548296713488007,0.0,2.0,2,2025-12-03 20:23:20+00:00,24.61111111111111,64.575,0.0
2025-12-04 21:00:00+00:00,2025-12-05 00:00:00+00:00,NET,NET251205C00145000,call,True,145.0,58.35,60.8,55.35,204.35000610351562,2.5273474316406244,0.03548296713488007,0.0,1.0,1,2025-11-28 16:38:47+00:00,148.35361111111112,59.575,0.0
2025-12-04 21:00:00+00:00,2025-12-05 00:00:00+00:00,NET,NET251205C00150000,call,True,150.0,53.35,55.8,46.72,204.35000610351562,2.3125042187499996,0.03548296713488007,0.0,1.0,2,2025-12-01 16:32:50+00:00,76.45277777777778,54.575,0.0
2025-12-04 21:00:00+00:00,2025-12-05 00:00:00+00:00,NET,NET251205C00160000,call,True,160.0,43.3,45.8,38.28,204.35000610351562,1.875000625,0.03548296713488007,0.0,,1,2025-11-26 16:37:08+00:00,196.38111111111112,44.55,0.0
2025-12-04 21:00:00+00:00,2025-12-05 00:00:00+00:00,NET,NET251205C00162500,call,True,162.5,40.8,43.3,35.83,204.35000610351562,1.7753917480468748,0.03548296713488007,0.0,,1,2025-11-26 16:37:08+00:00,196.38111111111112,42.05,0.0
2025-12-04 21:00:00+00:00,2025-12-05 00:00:00+00:00,NET,NET251205C00170000,call,True,170.0,30.8,33.45,71.45,204.35000610351562,1.0000000000000003e-05,0.03548296713488007,0.0,1.0,1,2025-10-31 13:49:52+00:00,823.1688888888889,32.125,0.0
2025-12-04 21:00:00+00:00,2025-12-05 00:00:00+00:00,NET,NET251205C00175000,call,True,175.0,28.35,30.85,25.1,204.35000610351562,1.3183627832031248,0.03548296713488007,0.0,2.0,1,2025-11-28 17:55:09+00:00,147.08083333333335,29.6,0.0
2025-12-04 21:00:00+00:00,2025-12-05 00:00:00+00:00,NET,NET251205C00177500,call,True,177.5,25.85,28.35,17.6,204.35000610351562,1.2197304638671875,0.03548296713488007,0.0,2.0,0,2025-11-24 15:27:31+00:00,245.5413888888889,27.1,0.0
2025-12-04 21:00:00+00:00,2025-12-05 00:00:00+00:00,NET,NET251205C00180000,call,True,180.0,23.45,25.85,24.78,204.35000610351562,1.1494183154296875,0.03548296713488007,0.0,1.0,1,2025-11-28 17:56:26+00:00,147.05944444444444,24.65,0.0
2025-12-04 21:00:00+00:00,2025-12-05 00:00:00+00:00,NET,NET251205C00185000,call,True,185.0,18.4,20.9,12.0,204.35000610351562,0.9501958105468749,0.03548296713488007,0.0,7.0,5,2025-11-25 17:30:01+00:00,219.49972222222223,19.65,0.0
2025-12-04 21:00:00+00:00,2025-12-05 00:00:00+00:00,NET,NET251205C00187500,call,True,187.5,15.9,18.4,15.41,204.35000610351562,0.84961087890625,0.03548296713488007,0.0,2.0,7,2025-12-02 17:00:48+00:00,51.986666666666665,17.15,0.0
2025-12-04 21:00:00+00:00,2025-12-05 00:00:00+00:00,NET,NET251205C00190000,call,True,190.0,13.5,15.6,13.01,204.35000610351562,0.7060576269531251,0.03548296713488007,0.0,3.0,100,2025-12-02 17:00:48+00:00,51.986666666666665,14.55,0.0
2025-12-04 21:00:00+00:00,2025-12-05 00:00:00+00:00,NET,NET251205C00192500,call,True,192.5,10.95,13.45,11.1,204.35000610351562,0.6630893066406252,0.03548296713488007,0.0,3.0,23,2025-12-04 15:27:41+00:00,5.538611111111111,12.2,0.0
2025-12-04 21:00:00+00:00,2025-12-05 00:00:00+00:00,NET,NET251205C00195000,call,True,195.0,8.5,11.05,9.5,204.35000610351562,0.5795940478515625,0.03548296713488007,0.0,12.0,84,2025-12-03 20:12:41+00:00,24.788611111111113,9.775,0.0
2025-12-04 21:00:00+00:00,2025-12-05 00:00:00+00:00,NET,NET251205C00197500,call,True,197.5,5.7,8.85,5.65,204.35000610351562,0.8115253222656249,0.03548296713488007,0.0,2.0,75,2025-12-04 19:33:17+00:00,1.4452777777777779,7.275,0.0
2025-12-04 21:00:00+00:00,2025-12-05 00:00:00+00:00,NET,NET251205C00200000,call,True,200.0,4.4,6.25,5.77,204.35000610351562,0.64062859375,0.03548296713488007,0.0,20.0,179,2025-12-04 19:39:53+00:00,1.3352777777777778,5.325,0.0
2025-12-04 21:00:00+00:00,2025-12-05 00:00:00+00:00,NET,NET251205C00202500,call,True,202.5,2.68,3.65,3.45,204.35000610351562,0.45752495605468757,0.03548296713488007,0.0,13.0,104,2025-12-04 17:29:07+00:00,3.5147222222222223,3.165,0.0
2025-12-04 21:00:00+00:00,2025-12-05 00:00:00+00:00,NET,NET251205C00205000,call,False,205.0,1.45,2.08,1.67,204.35000610351562,0.41089456298828125,0.03548296713488007,0.0,37.0,212,2025-12-04 20:57:32+00:00,0.04111111111111111,1.7650000000000001,0.0
2025-12-04 21:00:00+00:00,2025-12-05 00:00:00+00:00,NET,NET251205C00207500,call,False,207.5,0.48,1.49,0.99,204.35000610351562,0.47022014160156256,0.03548296713488007,0.0,25.0,300,2025-12-04 20:46:15+00:00,0.22916666666666666,0.985,0.0
2025-12-04 21:00:00+00:00,2025-12-05 00:00:00+00:00,NET,NET251205C00210000,call,False,210.0,0.4,0.66,0.43,204.35000610351562,0.42578699218750005,0.03548296713488007,0.0,63.0,513,2025-12-04 20:53:33+00:00,0.1075,0.53,0.0
2025-12-04 21:00:00+00:00,2025-12-05 00:00:00+00:00,NET,NET251205C00212500,call,False,212.5,0.08,0.32,0.35,204.35000610351562,0.42676354492187507,0.03548296713488007,0.0,19.0,240,2025-12-04 19:49:27+00:00,1.1758333333333333,0.2,0.0
2025-12-04 21:00:00+00:00,2025-12-05 00:00:00+00:00,NET,NET251205C00215000,call,False,215.0,0.07,0.15,0.08,204.35000610351562,0.432622861328125,0.03548296713488007,0.0,53.0,139,2025-12-04 20:58:28+00:00,0.025555555555555557,0.11,0.0
2025-12-04 21:00:00+00:00,2025-12-05 00:00:00+00:00,NET,NET251205C00217500,call,False,217.5,0.01,0.2,0.13,204.35000610351562,0.5380905566406251,0.03548296713488007,0.0,4.0,152,2025-12-04 20:19:08+00:00,0.6811111111111111,0.10500000000000001,0.0
2025-12-04 21:00:00+00:00,2025-12-05 00:00:00+00:00,NET,NET251205C00220000,call,False,220.0,0.01,0.06,0.03,204.35000610351562,0.49609878906250005,0.03548296713488007,0.0,29.0,162,2025-12-04 19:41:44+00:00,1.3044444444444445,0.034999999999999996,0.0
2025-12-04 21:00:00+00:00,2025-12-05 00:00:00+00:00,NET,NET251205C00222500,call,False,222.5,0.0,0.21,0.01,204.35000610351562,0.6093789062500001,0.03548296713488007,0.0,2.0,26,2025-12-02 20:29:36+00:00,48.50666666666667,0.105,0.0
2025-12-04 21:00:00+00:00,2025-12-05 00:00:00+00:00,NET,NET251205C00225000,call,False,225.0,0.0,0.14,0.06,204.35000610351562,0.632816171875,0.03548296713488007,0.0,6.0,29,2025-12-04 19:06:04+00:00,1.8988888888888888,0.07,0.0
2025-12-04 21:00:00+00:00,2025-12-05 00:00:00+00:00,NET,NET251205C00227500,call,False,227.5,0.0,0.23,0.04,204.35000610351562,0.7500025,0.03548296713488007,0.0,12.0,14,2025-12-03 16:33:22+00:00,28.44388888888889,0.115,0.0
2025-12-04 21:00:00+00:00,2025-12-05 00:00:00+00:00,NET,NET251205C00230000,call,False,230.0,0.0,0.21,0.03,204.35000610351562,0.8007832421875,0.03548296713488007,0.0,1.0,167,2025-12-02 20:44:35+00:00,48.25694444444444,0.105,0.0
2025-12-04 21:00:00+00:00,2025-12-05 00:00:00+00:00,NET,NET251205C00232500,call,False,232.5,0.0,0.16,0.05,204.35000610351562,0.8261736132812498,0.03548296713488007,0.0,,1,2025-12-01 15:49:10+00:00,77.18055555555556,0.08,0.0
2025-12-04 21:00:00+00:00,2025-12-05 00:00:00+00:00,NET,NET251205C00235000,call,False,235.0,0.0,0.29,0.28,204.35000610351562,0.96679720703125,0.03548296713488007,0.0,6.0,11,2025-11-20 20:54:29+00:00,336.09194444444444,0.145,0.0
2025-12-04 21:00:00+00:00,2025-12-05 00:00:00+00:00,NET,NET251205C00237500,call,False,237.5,0.0,0.12,0.53,204.35000610351562,0.9023447265625,0.03548296713488007,0.0,,2,2025-11-19 20:39:34+00:00,360.34055555555557,0.06,0.0
2025-12-04 21:00:00+00:00,2025-12-05 00:00:00+00:00,NET,NET251205C00240000,call,False,240.0,0.0,0.25,0.05,204.35000610351562,1.0605515722656251,0.03548296713488007,0.0,1.0,47,2025-12-04 20:02:52+00:00,0.9522222222222222,0.125,0.0
2025-12-04 21:00:00+00:00,2025-12-05 00:00:00+00:00,NET,NET251205C00245000,call,False,245.0,0.0,0.09,0.01,204.35000610351562,1.0234423828125,0.03548296713488007,0.0,3.0,23,2025-12-04 18:09:47+00:00,2.8369444444444443,0.045,0.0
2025-12-04 21:00:00+00:00,2025-12-05 00:00:00+00:00,NET,NET251205C00250000,call,False,250.0,0.0,0.01,0.01,204.35000610351562,0.9062509375,0.03548296713488007,0.0,8.0,60,2025-12-04 15:43:22+00:00,5.277222222222222,0.005,0.0
2025-12-04 21:00:00+00:00,2025-12-05 00:00:00+00:00,NET,NET251205C00255000,call,False,255.0,0.0,0.26,0.01,204.35000610351562,1.39453427734375,0.03548296713488007,0.0,1.0,68,2025-11-24 15:25:54+00:00,245.56833333333333,0.13,0.0
2025-12-04 21:00:00+00:00,2025-12-05 00:00:00+00:00,NET,NET251205C00260000,call,False,260.0,0.0,0.41,0.07,204.35000610351562,1.5976582617187498,0.03548296713488007,0.0,10.0,27,2025-11-20 20:33:28+00:00,336.4422222222222,0.205,0.0
2025-12-04 21:00:00+00:00,2025-12-05 00:00:00+00:00,NET,NET251205C00265000,call,False,265.0,0.0,0.01,1.2,204.35000610351562,1.125004375,0.03548296713488007,0.0,2.0,34,2025-11-21 15:55:41+00:00,317.07194444444445,0.005,0.0
2025-12-04 21:00:00+00:00,2025-12-05 00:00:00+00:00,NET,NET251205C00270000,call,False,270.0,0.0,0.02,0.38,204.35000610351562,1.2812535937499998,0.03548296713488007,0.0,2.0,56,2025-11-25 15:55:03+00:00,221.0825,0.01,0.0
2025-12-04 21:00:00+00:00,2025-12-05 00:00:00+00:00,NET,NET251205C00275000,call,False,275.0,0.0,0.67,0.43,204.35000610351562,2.0488330029296877,0.03548296713488007,0.0,5.0,5,2025-11-14 15:35:20+00:00,485.4111111111111,0.335,0.0
2025-12-04 21:00:00+00:00,2025-12-05 00:00:00+00:00,NET,NET251205C00280000,call,False,280.0,0.0,0.18,0.09,204.35000610351562,1.7890635546875,0.03548296713488007,0.0,6.0,46,2025-11-21 19:03:11+00:00,313.94694444444445,0.09,0.0
2025-12-04 21:00:00+00:00,2025-12-05 00:00:00+00:00,NET,NET251205C00285000,call,False,285.0,0.0,0.24,2.51,204.35000610351562,1.9453127734375002,0.03548296713488007,0.0,1.0,1,2025-10-31 13:31:55+00:00,823.4680555555556,0.12,0.0
2025-12-04 21:00:00+00:00,2025-12-05 00:00:00+00:00,NET,NET251205C00290000,call,False,290.0,0.0,0.29,0.29,204.35000610351562,2.0781298046874994,0.03548296713488007,0.0,2.0,2,2025-11-19 16:28:49+00:00,364.51972222222224,0.145,0.0
2025-12-04 21:00:00+00:00,2025-12-05 00:00:00+00:00,NET,NET251205C00295000,call,False,295.0,0.0,0.08,0.06,204.35000610351562,1.8671881640625,0.03548296713488007,0.0,20.0,94,2025-11-13 18:09:52+00:00,506.8355555555556,0.04,0.0
2025-12-04 21:00:00+00:00,2025-12-05 00:00:00+00:00,NET,NET251205C00300000,call,False,300.0,0.0,0.23,2.28,204.35000610351562,2.183598291015625,0.03548296713488007,0.0,1.0,1,2025-10-31 18:48:47+00:00,818.1869444444444,0.115,0.0
2025-12-04 21:00:00+00:00,2025-12-05 00:00:00+00:00,NET,NET251205P00115000,put,False,115.0,0.0,0.01,0.01,204.35000610351562,2.43750390625,0.03548296713488007,0.0,3.0,18,2025-12-04 16:28:43+00:00,4.521388888888889,0.005,0.0
2025-12-04 21:00:00+00:00,2025-12-05 00:00:00+00:00,NET,NET251205P00120000,put,False,120.0,0.0,0.26,0.04,204.35000610351562,3.1171897070312498,0.03548296713488007,0.0,3.0,3,2025-12-04 16:28:43+00:00,4.521388888888889,0.13,0.0
2025-12-04 21:00:00+00:00,2025-12-05 00:00:00+00:00,NET,NET251205P00125000,put,False,125.0,0.0,0.01,0.01,204.35000610351562,2.0625048437499998,0.03548296713488007,0.0,1.0,13,2025-12-03 20:55:19+00:00,24.078055555555554,0.005,0.0
2025-12-04 21:00:00+00:00,2025-12-05 00:00:00+00:00,NET,NET251205P00130000,put,False,130.0,0.0,0.24,0.04,204.35000610351562,2.6601595996093756,0.03548296713488007,0.0,4.0,6,2025-12-03 17:32:07+00:00,27.46472222222222,0.12,0.0
2025-12-04 21:00:00+00:00,2025-12-05 00:00:00+00:00,NET,NET251205P00135000,put,False,135.0,0.0,0.06,0.04,204.35000610351562,2.0937547656249995,0.03548296713488007,0.0,1.0,34,2025-12-03 17:45:29+00:00,27.241944444444446,0.03,0.0
2025-12-04 21:00:00+00:00,2025-12-05 00:00:00+00:00,NET,NET251205P00140000,put,False,140.0,0.0,0.26,0.01,204.35000610351562,2.28906677734375,0.03548296713488007,0.0,1.0,45,2025-12-02 14:41:21+00:00,54.310833333333335,0.13,0.0
2025-12-04 21:00:00+00:00,2025-12-05 00:00:00+00:00,NET,NET251205P00145000,put,False,145.0,0.0,0.26,0.01,204.35000610351562,2.1015672460937496,0.03548296713488007,0.0,5.0,6,2025-12-02 14:41:22+00:00,54.31055555555555,0.13,0.0
2025-12-04 21:00:00+00:00,2025-12-05 00:00:00+00:00,NET,NET251205P00148000,put,False,148.0,0.0,0.27,0.01,204.35000610351562,1.998046884765625,0.03548296713488007,0.0,11.0,11,2025-12-02 14:41:02+00:00,54.31611111111111,0.135,0.0
2025-12-04 21:00:00+00:00,2025-12-05 00:00:00+00:00,NET,NET251205P00149000,put,False,149.0,0.0,0.27,0.1,204.35000610351562,1.9609376953125,0.03548296713488007,0.0,1.0,1,2025-12-02 15:30:29+00:00,53.49194444444444,0.135,0.0
2025-12-04 21:00:00+00:00,2025-12-05 00:00:00+00:00,NET,NET251205P00150000,put,False,150.0,0.0,0.1,0.03,204.35000610351562,1.6953140234375002,0.03548296713488007,0.0,1.0,22,2025-12-02 15:30:46+00:00,53.48722222222222,0.05,0.0
2025-12-04 21:00:00+00:00,2025-12-05 00:00:00+00:00,NET,NET251205P00152500,put,False,152.5,0.0,0.14,0.01,204.35000610351562,1.6796891015625,0.03548296713488007,0.0,1.0,3,2025-12-01 16:06:27+00:00,76.8925,0.07,0.0
2025-12-04 21:00:00+00:00,2025-12-05 00:00:00+00:00,NET,NET251205P00155000,put,False,155.0,0.0,0.23,0.65,204.35000610351562,1.703126484375,0.03548296713488007,0.0,3.0,3,2025-11-14 15:49:43+00:00,485.1713888888889,0.115,0.0
2025-12-04 21:00:00+00:00,2025-12-05 00:00:00+00:00,NET,NET251205P00157500,put,False,157.5,0.01,0.21,0.02,204.35000610351562,1.60547072265625,0.03548296713488007,0.0,111.0,124,2025-12-01 16:10:52+00:00,76.81888888888889,0.11,0.0
2025-12-04 21:00:00+00:00,2025-12-05 00:00:00+00:00,NET,NET251205P00160000,put,False,160.0,0.0,0.19,0.04,204.35000610351562,1.4921900390624998,0.03548296713488007,0.0,1.0,35,2025-12-03 17:53:17+00:00,27.111944444444443,0.095,0.0
2025-12-04 21:00:00+00:00,2025-12-05 00:00:00+00:00,NET,NET251205P00162500,put,False,162.5,0.0,0.11,0.05,204.35000610351562,1.3085972070312497,0.03548296713488007,0.0,20.0,23,2025-11-28 15:56:26+00:00,149.05944444444444,0.055,0.0
2025-12-04 21:00:00+00:00,2025-12-05 00:00:00+00:00,NET,NET251205P00165000,put,False,165.0,0.0,0.28,0.38,204.35000610351562,1.40234673828125,0.03548296713488007,0.0,3.0,33,2025-11-26 20:29:34+00:00,192.50722222222223,0.14,0.0
2025-12-04 21:00:00+00:00,2025-12-05 00:00:00+00:00,NET,NET251205P00167500,put,False,167.5,0.0,0.27,0.02,204.35000610351562,1.3085972070312497,0.03548296713488007,0.0,2.0,5,2025-12-02 19:28:03+00:00,49.5325,0.135,0.0
2025-12-04 21:00:00+00:00,2025-12-05 00:00:00+00:00,NET,NET251205P00170000,put,False,170.0,0.01,0.29,0.01,204.35000610351562,1.2441444042968748,0.03548296713488007,0.0,5.0,346,2025-12-04 14:50:42+00:00,6.155,0.15,0.0
2025-12-04 21:00:00+00:00,2025-12-05 00:00:00+00:00,NET,NET251205P00172500,put,False,172.5,0.0,0.18,0.11,204.35000610351562,1.0703171484375003,0.03548296713488007,0.0,2.0,4,2025-12-03 16:27:06+00:00,28.548333333333332,0.09,0.0
2025-12-04 21:00:00+00:00,2025-12-05 00:00:00+00:00,NET,NET251205P00175000,put,False,175.0,0.0,0.27,0.17,204.35000610351562,1.0546922265625,0.03548296713488007,0.0,16.0,47,2025-12-04 18:42:35+00:00,2.290277777777778,0.135,0.0
2025-12-04 21:00:00+00:00,2025-12-05 00:00:00+00:00,NET,NET251205P00177500,put,False,177.5,0.0,0.24,0.04,204.35000610351562,0.9531254687499999,0.03548296713488007,0.0,15.0,20,2025-12-04 18:43:07+00:00,2.281388888888889,0.12,0.0
2025-12-04 21:00:00+00:00,2025-12-05 00:00:00+00:00,NET,NET251205P00180000,put,False,180.0,0.0,0.21,0.04,204.35000610351562,0.8535170898437501,0.03548296713488007,0.0,4.0,89,2025-12-04 17:50:09+00:00,3.1641666666666666,0.105,0.0
2025-12-04 21:00:00+00:00,2025-12-05 00:00:00+00:00,NET,NET251205P00182500,put,False,182.5,0.01,0.25,0.03,204.35000610351562,0.8007832421875,0.03548296713488007,0.0,6.0,92,2025-12-04 14:36:08+00:00,6.397777777777778,0.13,0.0
2025-12-04 21:00:00+00:00,2025-12-05 00:00:00+00:00,NET,NET251205P00185000,put,False,185.0,0.01,0.24,0.05,204.35000610351562,0.7148466015625,0.03548296713488007,0.0,14.0,213,2025-12-04 17:47:21+00:00,3.2108333333333334,0.125,0.0
2025-12-04 21:00:00+00:00,2025-12-05 00:00:00+00:00,NET,NET251205P00187500,put,False,187.5,0.03,0.35,0.07,204.35000610351562,0.6835969140625001,0.03548296713488007,0.0,7.0,135,2025-12-04 17:44:32+00:00,3.2577777777777777,0.19,0.0
2025-12-04 21:00:00+00:00,2025-12-05 00:00:00+00:00,NET,NET251205P00190000,put,False,190.0,0.0,0.32,0.08,204.35000610351562,0.57617611328125,0.03548296713488007,0.0,77.0,238,2025-12-04 20:12:48+00:00,0.7866666666666666,0.16,0.0
2025-12-04 21:00:00+00:00,2025-12-05 00:00:00+00:00,NET,NET251205P00192500,put,False,192.5,0.0,0.23,0.12,204.35000610351562,0.5302781347656251,0.03548296713488007,0.0,38.0,172,2025-12-04 20:44:43+00:00,0.25472222222222224,0.115,0.0
2025-12-04 21:00:00+00:00,2025-12-05 00:00:00+00:00,NET,NET251205P00195000,put,False,195.0,0.01,0.34,0.19,204.35000610351562,0.48438015625,0.03548296713488007,0.0,143.0,538,2025-12-04 20:14:07+00:00,0.7647222222222222,0.17500000000000002,0.0
2025-12-04 21:00:00+00:00,2025-12-05 00:00:00+00:00,NET,NET251205P00197500,put,False,197.5,0.01,0.51,0.3,204.35000610351562,0.43506424316406256,0.03548296713488007,0.0,15.0,64,2025-12-04 20:39:10+00:00,0.3472222222222222,0.26,0.0
2025-12-04 21:00:00+00:00,2025-12-05 00:00:00+00:00,NET,NET251205P00200000,put,False,200.0,0.16,1.13,0.69,204.35000610351562,0.45508357421875,0.03548296713488007,0.0,74.0,176,2025-12-04 18:47:39+00:00,2.2058333333333335,0.6449999999999999,0.0
2025-12-04 21:00:00+00:00,2025-12-05 00:00:00+00:00,NET,NET251205P00202500,put,False,202.5,0.78,2.28,1.38,204.35000610351562,0.5053760400390624,0.03548296713488007,0.0,35.0,79,2025-12-04 20:27:17+00:00,0.5452777777777778,1.5299999999999998,0.0
2025-12-04 21:00:00+00:00,2025-12-05 00:00:00+00:00,NET,NET251205P00205000,put,True,205.0,2.22,3.4,2.8,204.35000610351562,0.4892629199218751,0.03548296713488007,0.0,9.0,82,2025-12-04 20:57:32+00:00,0.04111111111111111,2.81,0.0
2025-12-04 21:00:00+00:00,2025-12-05 00:00:00+00:00,NET,NET251205P00207500,put,True,207.5,3.15,5.1,4.1,204.35000610351562,0.51758294921875,0.03548296713488007,0.0,1.0,5,2025-12-04 20:38:26+00:00,0.35944444444444446,4.125,0.0
2025-12-04 21:00:00+00:00,2025-12-05 00:00:00+00:00,NET,NET251205P00210000,put,True,210.0,5.45,7.25,6.0,204.35000610351562,0.5874064697265625,0.03548296713488007,0.0,3.0,33,2025-12-04 20:53:29+00:00,0.10861111111111112,6.35,0.0
2025-12-04 21:00:00+00:00,2025-12-05 00:00:00+00:00,NET,NET251205P00212500,put,True,212.5,6.95,9.4,9.17,204.35000610351562,0.629886513671875,0.03548296713488007,0.0,3.0,6,2025-12-04 17:17:21+00:00,3.7108333333333334,8.175,0.0
2025-12-04 21:00:00+00:00,2025-12-05 00:00:00+00:00,NET,NET251205P00215000,put,True,215.0,9.85,11.95,10.8,204.35000610351562,0.7500025,0.03548296713488007,0.0,1.0,27,2025-12-04 20:30:50+00:00,0.4861111111111111,10.899999999999999,0.0
2025-12-04 21:00:00+00:00,2025-12-05 00:00:00+00:00,NET,NET251205P00217500,put,True,217.5,11.75,14.25,17.83,204.35000610351562,0.7973653076171875,0.03548296713488007,0.0,1.0,3,2025-11-28 17:31:52+00:00,147.4688888888889,13.0,0.0
2025-12-04 21:00:00+00:00,2025-12-05 00:00:00+00:00,NET,NET251205P00220000,put,True,220.0,14.25,16.9,18.0,204.35000610351562,0.9360357958984374,0.03548296713488007,0.0,1.0,83,2025-12-04 14:44:23+00:00,6.260277777777778,15.575,0.0
2025-12-04 21:00:00+00:00,2025-12-05 00:00:00+00:00,NET,NET251205P00225000,put,True,225.0,19.25,21.75,24.64,204.35000610351562,1.0703171484375003,0.03548296713488007,0.0,4.0,0,2025-11-28 15:28:52+00:00,149.51888888888888,20.5,0.0
2025-12-04 21:00:00+00:00,2025-12-05 00:00:00+00:00,NET,NET251205P00227500,put,True,227.5,21.75,24.2,30.2,204.35000610351562,1.1376996240234376,0.03548296713488007,0.0,1.0,0,2025-11-26 14:49:55+00:00,198.16805555555555,22.975,0.0
2025-12-04 21:00:00+00:00,2025-12-05 00:00:00+00:00,NET,NET251205P00230000,put,True,230.0,24.25,26.75,33.1,204.35000610351562,1.2373085009765623,0.03548296713488007,0.0,3.0,0,2025-11-25 20:43:18+00:00,216.27833333333334,25.5,0.0
2025-12-04 21:00:00+00:00,2025-12-05 00:00:00+00:00,NET,NET251205P00232500,put,True,232.5,26.75,29.25,28.6,204.35000610351562,1.3173862255859374,0.03548296713488007,0.0,1.0,1,2025-12-04 19:22:57+00:00,1.6175,28.0,0.0
2025-12-04 21:00:00+00:00,2025-12-05 00:00:00+00:00,NET,NET251205P00235000,put,True,235.0,29.25,31.75,50.55,204.35000610351562,1.3955108349609375,0.03548296713488007,0.0,1.0,0,2025-11-21 15:58:01+00:00,317.03305555555556,30.5,0.0
2025-12-04 21:00:00+00:00,2025-12-05 00:00:00+00:00,NET,NET251205P00240000,put,True,240.0,34.25,36.7,43.68,204.35000610351562,1.5249047192382812,0.03548296713488007,0.0,2.0,0,2025-11-18 17:10:16+00:00,387.8288888888889,35.475,0.0
2025-12-04 21:00:00+00:00,2025-12-05 00:00:00+00:00,NET,NET251205P00245000,put,True,245.0,39.25,41.7,50.94,204.35000610351562,1.6679704101562502,0.03548296713488007,0.0,2.0,0,2025-11-18 15:20:07+00:00,389.6647222222222,40.475,0.0
2025-12-04 21:00:00+00:00,2025-12-05 00:00:00+00:00,NET,NET251205P00250000,put,True,250.0,44.25,46.75,53.34,204.35000610351562,1.8281258593749998,0.03548296713488007,0.0,1.0,0,2025-11-19 16:42:44+00:00,364.28777777777776,45.5,0.0
2025-12-04 21:00:00+00:00,2025-12-12 00:00:00+00:00,NET,NET251212C00120000,call,True,120.0,82.5,85.9,78.29,204.35000610351562,1.3125034374999998,0.03548296713488007,0.0,,1,2025-11-26 16:47:04+00:00,196.21555555555557,84.2,0.019178082191780823
2025-12-04 21:00:00+00:00,2025-12-12 00:00:00+00:00,NET,NET251212C00170000,call,True,170.0,33.55,36.05,32.66,204.35000610351562,0.7729514892578125,0.03548296713488007,0.0,1.0,2,2025-11-18 14:30:27+00:00,390.4925,34.8,0.019178082191780823
2025-12-04 21:00:00+00:00,2025-12-12 00:00:00+00:00,NET,NET251212C00175000,call,True,175.0,27.9,30.25,30.32,204.35000610351562,0.770510107421875,0.03548296713488007,0.0,2.0,2,2025-12-02 15:33:23+00:00,53.44361111111111,29.075,0.019178082191780823
2025-12-04 21:00:00+00:00,2025-12-12 00:00:00+00:00,NET,NET251212C00177500,call,True,177.5,26.2,28.7,22.5,204.35000610351562,0.6586948193359375,0.03548296713488007,0.0,30.0,30,2025-11-25 20:49:36+00:00,216.17333333333335,27.45,0.019178082191780823
2025-12-04 21:00:00+00:00,2025-12-12 00:00:00+00:00,NET,NET251212C00180000,call,True,180.0,23.1,25.3,25.1,204.35000610351562,0.6718782812500002,0.03548296713488007,0.0,4.0,1,2025-12-02 14:52:00+00:00,54.13333333333333,24.200000000000003,0.019178082191780823
2025-12-04 21:00:00+00:00,2025-12-12 00:00:00+00:00,NET,NET251212C00185000,call,True,185.0,18.25,21.6,17.72,204.35000610351562,0.5019581054687501,0.03548296713488007,0.0,,5,2025-11-18 15:09:32+00:00,389.8411111111111,19.925,0.019178082191780823
2025-12-04 21:00:00+00:00,2025-12-12 00:00:00+00:00,NET,NET251212C00187500,call,True,187.5,16.75,19.3,11.95,204.35000610351562,0.540287800292969,0.03548296713488007,0.0,,4,2025-11-24 20:05:30+00:00,240.90833333333333,18.025,0.019178082191780823
2025-12-04 21:00:00+00:00,2025-12-12 00:00:00+00:00,NET,NET251212C00190000,call,True,190.0,14.6,17.3,12.6,204.35000610351562,0.5346726220703125,0.03548296713488007,0.0,3.0,10,2025-12-01 17:40:30+00:00,75.325,15.95,0.019178082191780823
2025-12-04 21:00:00+00:00,2025-12-12 00:00:00+00:00,NET,NET251212C00192500,call,True,192.5,12.55,13.85,12.87,204.35000610351562,0.5161181201171875,0.03548296713488007,0.0,5.0,8,2025-12-02 19:14:50+00:00,49.75277777777778,13.2,0.019178082191780823
2025-12-04 21:00:00+00:00,2025-12-12 00:00:00+00:00,NET,NET251212C00195000,call,True,195.0,10.1,12.05,11.6,204.35000610351562,0.5178270874023438,0.03548296713488007,0.0,1.0,33,2025-12-04 16:49:02+00:00,4.182777777777778,11.075,0.019178082191780823
2025-12-04 21:00:00+00:00,2025-12-12 00:00:00+00:00,NET,NET251212C00197500,call,True,197.5,9.0,10.15,8.5,204.35000610351562,0.49878430908203125,0.03548296713488007,0.0,1.0,35,2025-12-04 14:56:45+00:00,6.054166666666666,9.575,0.019178082191780823
2025-12-04 21:00:00+00:00,2025-12-12 00:00:00+00:00,NET,NET251212C00200000,call,True,200.0,7.55,8.9,8.7,204.35000610351562,0.5229539892578124,0.03548296713488007,0.0,2.0,103,2025-12-04 20:24:21+00:00,0.5941666666666666,8.225,0.019178082191780823
2025-12-04 21:00:00+00:00,2025-12-12 00:00:00+00:00,NET,NET251212C00202500,call,True,202.5,6.2,7.3,7.25,204.35000610351562,0.50586431640625,0.03548296713488007,0.0,4.0,26,2025-12-04 20:02:22+00:00,0.9605555555555556,6.75,0.019178082191780823
2025-12-04 21:00:00+00:00,2025-12-12 00:00:00+00:00,NET,NET251212C00205000,call,False,205.0,5.1,6.4,5.51,204.35000610351562,0.5319871020507813,0.03548296713488007,0.0,14.0,103,2025-12-04 20:49:05+00:00,0.18194444444444444,5.75,0.019178082191780823
2025-12-04 21:00:00+00:00,2025-12-12 00:00:00+00:00,NET,NET251212C00207500,call,False,207.5,4.05,4.65,4.37,204.35000610351562,0.47949739257812496,0.03548296713488007,0.0,20.0,20,2025-12-04 20:57:32+00:00,0.04111111111111111,4.35,0.019178082191780823
2025-12-04 21:00:00+00:00,2025-12-12 00:00:00+00:00,NET,NET251212C00210000,call,False,210.0,3.2,3.75,3.52,204.35000610351562,0.481450498046875,0.03548296713488007,0.0,79.0,195,2025-12-04 20:49:05+00:00,0.18194444444444444,3.475,0.019178082191780823
2025-12-04 21:00:00+00:00,2025-12-12 00:00:00+00:00,NET,NET251212C00212500,call,False,212.5,2.39,2.83,2.85,204.35000610351562,0.4691215197753906,0.03548296713488007,0.0,1.0,81,2025-12-04 19:38:43+00:00,1.3547222222222222,2.6100000000000003,0.019178082191780823
2025-12-04 21:00:00+00:00,2025-12-12 00:00:00+00:00,NET,NET251212C00215000,call,False,215.0,1.58,2.22,2.15,204.35000610351562,0.471684970703125,0.03548296713488007,0.0,136.0,90,2025-12-04 20:19:08+00:00,0.6811111111111111,1.9000000000000001,0.019178082191780823
2025-12-04 21:00:00+00:00,2025-12-12 00:00:00+00:00,NET,NET251212C00217500,call,False,217.5,1.23,1.65,1.56,204.35000610351562,0.46631393066406257,0.03548296713488007,0.0,1.0,6,2025-12-03 16:38:03+00:00,28.365833333333335,1.44,0.019178082191780823
2025-12-04 21:00:00+00:00,2025-12-12 00:00:00+00:00,NET,NET251212C00220000,call,False,220.0,0.84,1.27,1.02,204.35000610351562,0.4699760034179688,0.03548296713488007,0.0,7.0,199,2025-12-04 20:08:24+00:00,0.86,1.055,0.019178082191780823
2025-12-04 21:00:00+00:00,2025-12-12 00:00:00+00:00,NET,NET251212C00225000,call,False,225.0,0.17,0.79,0.6,204.35000610351562,0.48682153808593753,0.03548296713488007,0.0,25.0,36,2025-12-02 20:02:10+00:00,48.96388888888889,0.48000000000000004,0.019178082191780823
2025-12-04 21:00:00+00:00,2025-12-12 00:00:00+00:00,NET,NET251212C00230000,call,False,230.0,0.1,0.39,0.36,204.35000610351562,0.47852083984375,0.03548296713488007,0.0,36.0,89,2025-12-04 19:59:55+00:00,1.0013888888888889,0.245,0.019178082191780823
2025-12-04 21:00:00+00:00,2025-12-12 00:00:00+00:00,NET,NET251212C00235000,call,False,235.0,0.0,0.64,0.2,204.35000610351562,0.523442265625,0.03548296713488007,0.0,1.0,28,2025-12-02 15:22:58+00:00,53.617222222222225,0.32,0.019178082191780823
2025-12-04 21:00:00+00:00,2025-12-12 00:00:00+00:00,NET,NET251212C00240000,call,False,240.0,0.0,0.4,0.15,204.35000610351562,0.5385788330078126,0.03548296713488007,0.0,1.0,83,2025-12-03 16:46:26+00:00,28.226111111111113,0.2,0.019178082191780823
2025-12-04 21:00:00+00:00,2025-12-12 00:00:00+00:00,NET,NET251212C00245000,call,False,245.0,0.0,0.74,0.74,204.35000610351562,0.6616244775390626,0.03548296713488007,0.0,3.0,18,2025-12-04 18:09:47+00:00,2.8369444444444443,0.37,0.019178082191780823
2025-12-04 21:00:00+00:00,2025-12-12 00:00:00+00:00,NET,NET251212C00250000,call,False,250.0,0.0,0.23,0.33,204.35000610351562,0.596683720703125,0.03548296713488007,0.0,10.0,84,2025-12-03 19:47:03+00:00,25.215833333333332,0.115,0.019178082191780823
2025-12-04 21:00:00+00:00,2025-12-12 00:00:00+00:00,NET,NET251212C00255000,call,False,255.0,0.0,0.26,0.09,204.35000610351562,0.6562534375000001,0.03548296713488007,0.0,1.0,49,2025-12-02 17:28:59+00:00,51.51694444444445,0.13,0.019178082191780823
2025-12-04 21:00:00+00:00,2025-12-12 00:00:00+00:00,NET,NET251212C00260000,call,False,260.0,0.0,0.3,0.02,204.35000610351562,0.7187528125,0.03548296713488007,0.0,1.0,61,2025-12-04 15:48:37+00:00,5.189722222222223,0.15,0.019178082191780823
2025-12-04 21:00:00+00:00,2025-12-12 00:00:00+00:00,NET,NET251212C00265000,call,False,265.0,0.0,0.34,0.5,204.35000610351562,0.780275634765625,0.03548296713488007,0.0,2.0,5,2025-11-25 16:02:24+00:00,220.96,0.17,0.019178082191780823
2025-12-04 21:00:00+00:00,2025-12-12 00:00:00+00:00,NET,NET251212C00270000,call,False,270.0,0.0,0.45,0.84,204.35000610351562,0.86132951171875,0.03548296713488007,0.0,1.0,10,2025-11-24 15:15:36+00:00,245.74,0.225,0.019178082191780823
2025-12-04 21:00:00+00:00,2025-12-12 00:00:00+00:00,NET,NET251212C00275000,call,False,275.0,0.0,0.42,1.36,204.35000610351562,0.8994150683593749,0.03548296713488007,0.0,,1,2025-11-12 18:53:47+00:00,530.1036111111111,0.21,0.019178082191780823
2025-12-04 21:00:00+00:00,2025-12-12 00:00:00+00:00,NET,NET251212C00280000,call,False,280.0,0.0,1.24,0.32,204.35000610351562,1.1254926538085939,0.03548296713488007,0.0,1.0,3,2025-12-02 15:19:05+00:00,53.68194444444445,0.62,0.019178082191780823
2025-12-04 21:00:00+00:00,2025-12-12 00:00:00+00:00,NET,NET251212C00290000,call,False,290.0,0.0,1.45,6.4,204.35000610351562,1.2583044897460938,0.03548296713488007,0.0,2.0,3,2025-11-03 14:42:35+00:00,750.2902777777778,0.725,0.019178082191780823
2025-12-04 21:00:00+00:00,2025-12-12 00:00:00+00:00,NET,NET251212C00295000,call,False,295.0,0.0,0.4,0.03,204.35000610351562,1.0654343603515626,0.03548296713488007,0.0,1.0,25,2025-11-20 15:21:10+00:00,341.64722222222224,0.2,0.019178082191780823
2025-12-04 21:00:00+00:00,2025-12-12 00:00:00+00:00,NET,NET251212C00340000,call,False,340.0,0.0,0.43,0.29,204.35000610351562,1.4140654296875002,0.03548296713488007,0.0,,1,2025-11-06 14:34:19+00:00,678.4280555555556,0.215,0.019178082191780823
2025-12-04 21:00:00+00:00,2025-12-12 00:00:00+00:00,NET,NET251212C00345000,call,False,345.0,0.0,0.46,0.28,204.35000610351562,1.4609401953124999,0.03548296713488007,0.0,,2,2025-11-06 14:34:19+00:00,678.4280555555556,0.23,0.019178082191780823
2025-12-04 21:00:00+00:00,2025-12-12 00:00:00+00:00,NET,NET251212C00350000,call,False,350.0,0.0,0.43,0.28,204.35000610351562,1.48047134765625,0.03548296713488007,0.0,,1,2025-11-06 14:34:19+00:00,678.4280555555556,0.215,0.019178082191780823
2025-12-04 21:00:00+00:00,2025-12-12 00:00:00+00:00,NET,NET251212P00130000,put,False,130.0,0.0,0.65,1.19,204.35000610351562,1.4472683886718751,0.03548296713488007,0.0,3.0,3,2025-11-21 17:21:44+00:00,315.6377777777778,0.325,0.019178082191780823
2025-12-04 21:00:00+00:00,2025-12-12 00:00:00+00:00,NET,NET251212P00135000,put,False,135.0,0.0,0.26,0.01,204.35000610351562,1.171879140625,0.03548296713488007,0.0,,3,2025-11-24 15:29:56+00:00,245.5011111111111,0.13,0.019178082191780823
2025-12-04 21:00:00+00:00,2025-12-12 00:00:00+00:00,NET,NET251212P00140000,put,False,140.0,0.0,0.97,0.05,204.35000610351562,1.3251986865234373,0.03548296713488007,0.0,1.0,3,2025-12-04 20:08:12+00:00,0.8633333333333333,0.485,0.019178082191780823
2025-12-04 21:00:00+00:00,2025-12-12 00:00:00+00:00,NET,NET251212P00150000,put,False,150.0,0.0,0.25,0.07,204.35000610351562,0.8984385156249999,0.03548296713488007,0.0,10.0,19,2025-12-03 17:42:03+00:00,27.299166666666668,0.125,0.019178082191780823
2025-12-04 21:00:00+00:00,2025-12-12 00:00:00+00:00,NET,NET251212P00155000,put,False,155.0,0.0,0.05,0.05,204.35000610351562,0.6679720703125002,0.03548296713488007,0.0,10.0,13,2025-12-04 14:40:38+00:00,6.322777777777778,0.025,0.019178082191780823
2025-12-04 21:00:00+00:00,2025-12-12 00:00:00+00:00,NET,NET251212P00160000,put,False,160.0,0.0,0.18,0.4,204.35000610351562,0.6972686523437501,0.03548296713488007,0.0,1.0,7,2025-12-04 15:13:23+00:00,5.776944444444444,0.09,0.019178082191780823
2025-12-04 21:00:00+00:00,2025-12-12 00:00:00+00:00,NET,NET251212P00162500,put,False,162.5,0.0,0.18,0.6,204.35000610351562,0.65820654296875,0.03548296713488007,0.0,,1,2025-11-26 20:01:53+00:00,192.9686111111111,0.09,0.019178082191780823
2025-12-04 21:00:00+00:00,2025-12-12 00:00:00+00:00,NET,NET251212P00165000,put,False,165.0,0.0,0.1,0.45,204.35000610351562,0.5742230078125,0.03548296713488007,0.0,1.0,24,2025-12-04 15:13:23+00:00,5.776944444444444,0.05,0.019178082191780823
2025-12-04 21:00:00+00:00,2025-12-12 00:00:00+00:00,NET,NET251212P00167500,put,False,167.5,0.0,0.39,0.46,204.35000610351562,0.6533237792968751,0.03548296713488007,0.0,2.0,4,2025-12-01 16:53:40+00:00,76.10555555555555,0.195,0.019178082191780823
2025-12-04 21:00:00+00:00,2025-12-12 00:00:00+00:00,NET,NET251212P00170000,put,False,170.0,0.0,0.54,0.53,204.35000610351562,0.647464462890625,0.03548296713488007,0.0,13.0,23,2025-12-01 20:25:31+00:00,72.57472222222222,0.27,0.019178082191780823
2025-12-04 21:00:00+00:00,2025-12-12 00:00:00+00:00,NET,NET251212P00175000,put,False,175.0,0.05,0.5,0.22,204.35000610351562,0.5629926513671876,0.03548296713488007,0.0,2.0,56,2025-12-04 17:47:53+00:00,3.2019444444444445,0.275,0.019178082191780823
2025-12-04 21:00:00+00:00,2025-12-12 00:00:00+00:00,NET,NET251212P00177500,put,False,177.5,0.01,0.58,0.36,204.35000610351562,0.5273484765625001,0.03548296713488007,0.0,78.0,13,2025-12-04 15:15:16+00:00,5.745555555555556,0.295,0.019178082191780823
2025-12-04 21:00:00+00:00,2025-12-12 00:00:00+00:00,NET,NET251212P00180000,put,False,180.0,0.08,0.86,0.37,204.35000610351562,0.534184345703125,0.03548296713488007,0.0,25.0,150,2025-12-04 20:01:36+00:00,0.9733333333333334,0.47,0.019178082191780823
2025-12-04 21:00:00+00:00,2025-12-12 00:00:00+00:00,NET,NET251212P00182500,put,False,182.5,0.1,0.62,0.43,204.35000610351562,0.5214891601562499,0.03548296713488007,0.0,81.0,7,2025-12-04 19:41:59+00:00,1.3002777777777779,0.36,0.019178082191780823
2025-12-04 21:00:00+00:00,2025-12-12 00:00:00+00:00,NET,NET251212P00185000,put,False,185.0,0.34,0.78,0.56,204.35000610351562,0.5029346582031251,0.03548296713488007,0.0,58.0,144,2025-12-04 20:39:13+00:00,0.3463888888888889,0.56,0.019178082191780823
2025-12-04 21:00:00+00:00,2025-12-12 00:00:00+00:00,NET,NET251212P00187500,put,False,187.5,0.57,1.07,0.78,204.35000610351562,0.4973194799804688,0.03548296713488007,0.0,4.0,15,2025-12-04 20:53:25+00:00,0.10972222222222222,0.8200000000000001,0.019178082191780823
2025-12-04 21:00:00+00:00,2025-12-12 00:00:00+00:00,NET,NET251212P00190000,put,False,190.0,0.8,1.19,1.18,204.35000610351562,0.45898978515625005,0.03548296713488007,0.0,15.0,91,2025-12-04 20:49:11+00:00,0.1802777777777778,0.995,0.019178082191780823
2025-12-04 21:00:00+00:00,2025-12-12 00:00:00+00:00,NET,NET251212P00192500,put,False,192.5,1.34,1.6,1.99,204.35000610351562,0.45093322509765627,0.03548296713488007,0.0,2.0,8,2025-12-03 18:18:56+00:00,26.684444444444445,1.4700000000000002,0.019178082191780823
2025-12-04 21:00:00+00:00,2025-12-12 00:00:00+00:00,NET,NET251212P00195000,put,False,195.0,1.89,2.35,2.2,204.35000610351562,0.46533737792968755,0.03548296713488007,0.0,34.0,25,2025-12-04 20:49:06+00:00,0.18166666666666667,2.12,0.019178082191780823
2025-12-04 21:00:00+00:00,2025-12-12 00:00:00+00:00,NET,NET251212P00197500,put,False,197.5,2.65,2.98,2.91,204.35000610351562,0.45313046875,0.03548296713488007,0.0,57.0,48,2025-12-04 15:43:07+00:00,5.2813888888888885,2.815,0.019178082191780823
2025-12-04 21:00:00+00:00,2025-12-12 00:00:00+00:00,NET,NET251212P00200000,put,False,200.0,3.5,4.25,3.8,204.35000610351562,0.4821829125976563,0.03548296713488007,0.0,45.0,105,2025-12-04 19:58:08+00:00,1.031111111111111,3.875,0.019178082191780823
2025-12-04 21:00:00+00:00,2025-12-12 00:00:00+00:00,NET,NET251212P00202500,put,False,202.5,4.6,5.1,4.87,204.35000610351562,0.4624077197265626,0.03548296713488007,0.0,8.0,23,2025-12-04 20:57:32+00:00,0.04111111111111111,4.85,0.019178082191780823
2025-12-04 21:00:00+00:00,2025-12-12 00:00:00+00:00,NET,NET251212P00205000,put,True,205.0,5.85,6.2,5.93,204.35000610351562,0.44995667236328124,0.03548296713488007,0.0,21.0,17,2025-12-04 20:37:40+00:00,0.37222222222222223,6.025,0.019178082191780823
2025-12-04 21:00:00+00:00,2025-12-12 00:00:00+00:00,NET,NET251212P00207500,put,True,207.5,7.15,8.2,7.67,204.35000610351562,0.4953663745117188,0.03548296713488007,0.0,3.0,18,2025-12-04 20:53:29+00:00,0.10861111111111112,7.675,0.019178082191780823
2025-12-04 21:00:00+00:00,2025-12-12 00:00:00+00:00,NET,NET251212P00210000,put,True,210.0,8.55,9.75,8.55,204.35000610351562,0.4939015454101563,0.03548296713488007,0.0,5.0,10,2025-12-04 14:36:06+00:00,6.398333333333333,9.15,0.019178082191780823
2025-12-04 21:00:00+00:00,2025-12-12 00:00:00+00:00,NET,NET251212P00215000,put,True,215.0,10.9,13.85,12.92,204.35000610351562,0.5451705639648439,0.03548296713488007,0.0,1.0,34,2025-12-04 17:17:10+00:00,3.713888888888889,12.375,0.019178082191780823
2025-12-04 21:00:00+00:00,2025-12-12 00:00:00+00:00,NET,NET251212P00220000,put,True,220.0,15.2,17.95,24.93,204.35000610351562,0.5656781713867188,0.03548296713488007,0.0,8.0,21,2025-11-25 20:45:03+00:00,216.24916666666667,16.575,0.019178082191780823
2025-12-04 21:00:00+00:00,2025-12-12 00:00:00+00:00,NET,NET251212P00225000,put,True,225.0,19.6,22.9,28.64,204.35000610351562,0.6569858520507813,0.03548296713488007,0.0,1.0,29,2025-11-25 20:33:57+00:00,216.43416666666667,21.25,0.019178082191780823
2025-12-04 21:00:00+00:00,2025-12-12 00:00:00+00:00,NET,NET251212P00230000,put,True,230.0,24.35,26.85,26.4,204.35000610351562,0.6001016552734376,0.03548296713488007,0.0,1.0,29,2025-12-04 19:22:57+00:00,1.6175,25.6,0.019178082191780823
2025-12-04 21:00:00+00:00,2025-12-12 00:00:00+00:00,NET,NET251212P00235000,put,True,235.0,29.25,31.75,44.21,204.35000610351562,0.6579624047851562,0.03548296713488007,0.0,1.0,0,2025-11-25 16:45:34+00:00,220.24055555555555,30.5,0.019178082191780823
2025-12-04 21:00:00+00:00,2025-12-12 00:00:00+00:00,NET,NET251212P00240000,put,True,240.0,34.25,37.55,14.51,204.35000610351562,0.8627943408203125,0.03548296713488007,0.0,2.0,0,2025-11-11 15:41:08+00:00,557.3144444444445,35.9,0.019178082191780823
2025-12-04 21:00:00+00:00,2025-12-19 00:00:00+00:00,NET,NET251219C00022500,call,True,22.5,186.4,190.3,197.71,204.35000610351562,9.548832156982423,0.03548296713488007,0.0,4.0,22,2025-10-09 17:42:20+00:00,1347.2944444444445,188.35000000000002,0.038356164383561646
2025-12-04 21:00:00+00:00,2025-12-19 00:00:00+00:00,NET,NET251219C00025000,call,True,25.0,177.5,180.8,230.0,204.35000610351562,0.500005,0.03548296713488007,0.0,1.0,7,2025-11-03 15:13:41+00:00,749.7719444444444,179.15,0.038356164383561646
2025-12-04 21:00:00+00:00,2025-12-19 00:00:00+00:00,NET,NET251219C00030000,call,True,30.0,172.5,175.8,192.6,204.35000610351562,0.500005,0.03548296713488007,0.0,1.0,4,2025-11-06 16:56:50+00:00,676.0527777777778,174.15,0.038356164383561646
2025-12-04 21:00:00+00:00,2025-12-19 00:00:00+00:00,NET,NET251219C00035000,call,True,35.0,177.35,181.4,187.45,204.35000610351562,8.588871819458008,0.03548296713488007,0.0,1.0,27,2025-09-12 14:37:29+00:00,1998.3752777777777,179.375,0.038356164383561646
2025-12-04 21:00:00+00:00,2025-12-19 00:00:00+00:00,NET,NET251219C00040000,call,True,40.0,159.65,163.35,210.0,204.35000610351562,1.0000000000000003e-05,0.03548296713488007,0.0,5.0,287,2025-10-31 18:33:42+00:00,818.4383333333334,161.5,0.038356164383561646
2025-12-04 21:00:00+00:00,2025-12-19 00:00:00+00:00,NET,NET251219C00042500,call,True,42.5,65.0,67.5,79.83,204.35000610351562,1.0000000000000003e-05,0.03548296713488007,0.0,1.0,0,2025-03-10 14:04:55+00:00,6462.918055555556,66.25,0.038356164383561646
2025-12-04 21:00:00+00:00,2025-12-19 00:00:00+00:00,NET,NET251219C00045000,call,True,45.0,157.5,160.85,150.2,204.35000610351562,2.468753828125,0.03548296713488007,0.0,1.0,33,2025-11-25 19:17:51+00:00,217.7025,159.175,0.038356164383561646
2025-12-04 21:00:00+00:00,2025-12-19 00:00:00+00:00,NET,NET251219C00047500,call,True,47.5,143.05,146.3,123.68,204.35000610351562,1.0000000000000003e-05,0.03548296713488007,0.0,,2,2025-06-13 13:34:36+00:00,4183.423333333333,144.675,0.038356164383561646
2025-12-04 21:00:00+00:00,2025-12-19 00:00:00+00:00,NET,NET251219C00050000,call,True,50.0,152.5,155.85,143.05,204.35000610351562,2.3125042187499996,0.03548296713488007,0.0,3.0,17,2025-11-24 20:59:15+00:00,240.0125,154.175,0.038356164383561646
2025-12-04 21:00:00+00:00,2025-12-19 00:00:00+00:00,NET,NET251219C00055000,call,True,55.0,154.1,157.9,168.4,204.35000610351562,5.475100812377928,0.03548296713488007,0.0,1.0,52,2025-09-23 16:35:03+00:00,1732.4158333333332,156.0,0.038356164383561646
2025-12-04 21:00:00+00:00,2025-12-19 00:00:00+00:00,NET,NET251219C00060000,call,True,60.0,142.75,145.85,136.48,204.35000610351562,2.43750390625,0.03548296713488007,0.0,1.0,191,2025-12-01 15:44:36+00:00,77.25666666666666,144.3,0.038356164383561646
2025-12-04 21:00:00+00:00,2025-12-19 00:00:00+00:00,NET,NET251219C00065000,call,True,65.0,138.5,140.85,140.0,204.35000610351562,2.718753203125,0.03548296713488007,0.0,1.0,144,2025-12-04 18:17:19+00:00,2.711388888888889,139.675,0.038356164383561646
2025-12-04 21:00:00+00:00,2025-12-19 00:00:00+00:00,NET,NET251219C00070000,call,True,70.0,133.5,135.9,120.68,204.35000610351562,2.572269194335937,0.03548296713488007,0.0,1.0,161,2025-11-20 20:45:50+00:00,336.2361111111111,134.7,0.038356164383561646
2025-12-04 21:00:00+00:00,2025-12-19 00:00:00+00:00,NET,NET251219C00075000,call,True,75.0,127.55,130.9,164.15,204.35000610351562,1.85546947265625,0.03548296713488007,0.0,5.0,185,2025-11-04 16:16:04+00:00,724.7322222222223,129.225,0.038356164383561646
2025-12-04 21:00:00+00:00,2025-12-19 00:00:00+00:00,NET,NET251219C00077500,call,True,77.5,131.15,134.8,133.3,204.35000610351562,4.0468799414062495,0.03548296713488007,0.0,7.0,8,2025-09-17 18:13:19+00:00,1874.7780555555555,132.97500000000002,0.038356164383561646
2025-12-04 21:00:00+00:00,2025-12-19 00:00:00+00:00,NET,NET251219C00080000,call,True,80.0,123.5,125.9,119.51,204.35000610351562,2.2734418164062498,0.03548296713488007,0.0,1.0,169,2025-12-03 14:38:46+00:00,30.35388888888889,124.7,0.038356164383561646
2025-12-04 21:00:00+00:00,2025-12-19 00:00:00+00:00,NET,NET251219C00082500,call,True,82.5,99.3,102.0,55.35,204.35000610351562,1.0000000000000003e-05,0.03548296713488007,0.0,2.0,1,2025-05-09 14:54:48+00:00,5022.086666666667,100.65,0.038356164383561646
2025-12-04 21:00:00+00:00,2025-12-19 00:00:00+00:00,NET,NET251219C00085000,call,True,85.0,125.75,129.15,137.05,204.35000610351562,4.059575238037109,0.03548296713488007,0.0,1.0,73,2025-09-16 16:09:02+00:00,1900.8494444444445,127.45,0.038356164383561646
2025-12-04 21:00:00+00:00,2025-12-19 00:00:00+00:00,NET,NET251219C00087500,call,True,87.5,94.95,98.8,73.65,204.35000610351562,1.0000000000000003e-05,0.03548296713488007,0.0,1.0,17,2025-05-19 14:06:28+00:00,4782.892222222222,96.875,0.038356164383561646
2025-12-04 21:00:00+00:00,2025-12-19 00:00:00+00:00,NET,NET251219C00090000,call,True,90.0,123.45,126.7,135.2,204.35000610351562,4.242192197265625,0.03548296713488007,0.0,1.0,183,2025-09-10 13:51:34+00:00,2047.1405555555555,125.075,0.038356164383561646
2025-12-04 21:00:00+00:00,2025-12-19 00:00:00+00:00,NET,NET251219C00092500,call,True,92.5,120.65,124.25,127.8,204.35000610351562,4.107915021362304,0.03548296713488007,0.0,1.0,42,2025-09-08 16:30:56+00:00,2092.4844444444443,122.45,0.038356164383561646
2025-12-04 21:00:00+00:00,2025-12-19 00:00:00+00:00,NET,NET251219C00095000,call,True,95.0,107.55,110.95,100.5,204.35000610351562,1.4882838085937498,0.03548296713488007,0.0,1.0,92,2025-11-20 16:38:30+00:00,340.35833333333335,109.25,0.038356164383561646
2025-12-04 21:00:00+00:00,2025-12-19 00:00:00+00:00,NET,NET251219C00097500,call,True,97.5,105.1,108.45,140.27,204.35000610351562,1.482424462890625,0.03548296713488007,0.0,1.0,21,2025-11-11 19:29:38+00:00,553.5061111111111,106.775,0.038356164383561646
2025-12-04 21:00:00+00:00,2025-12-19 00:00:00+00:00,NET,NET251219C00100000,call,True,100.0,102.8,106.05,92.8,204.35000610351562,1.5937520312499998,0.03548296713488007,0.0,1.0,367,2025-11-24 19:29:23+00:00,241.5102777777778,104.425,0.038356164383561646
2025-12-04 21:00:00+00:00,2025-12-19 00:00:00+00:00,NET,NET251219C00105000,call,True,105.0,98.5,100.95,91.74,204.35000610351562,1.6787125439453123,0.03548296713488007,0.0,1.0,180,2025-12-01 16:39:26+00:00,76.34277777777778,99.725,0.038356164383561646
2025-12-04 21:00:00+00:00,2025-12-19 00:00:00+00:00,NET,NET251219C00110000,call,True,110.0,92.55,96.0,78.03,204.35000610351562,1.2578162109375,0.03548296713488007,0.0,1.0,71,2025-11-21 16:37:23+00:00,316.37694444444446,94.275,0.038356164383561646
2025-12-04 21:00:00+00:00,2025-12-19 00:00:00+00:00,NET,NET251219C00115000,call,True,115.0,87.85,91.0,81.1,204.35000610351562,1.3095737646484373,0.03548296713488007,0.0,386.0,476,2025-11-19 18:15:03+00:00,362.74916666666667,89.425,0.038356164383561646
2025-12-04 21:00:00+00:00,2025-12-19 00:00:00+00:00,NET,NET251219C00120000,call,True,120.0,83.5,86.1,82.86,204.35000610351562,1.408206083984375,0.03548296713488007,0.0,1.0,28,2025-12-03 19:39:05+00:00,25.34861111111111,84.8,0.038356164383561646
2025-12-04 21:00:00+00:00,2025-12-19 00:00:00+00:00,NET,NET251219C00125000,call,True,125.0,78.5,81.05,71.84,204.35000610351562,1.3046909765624997,0.03548296713488007,0.0,1.0,101,2025-12-01 16:39:26+00:00,76.34277777777778,79.775,0.038356164383561646
2025-12-04 21:00:00+00:00,2025-12-19 00:00:00+00:00,NET,NET251219C00130000,call,True,130.0,73.0,76.05,57.45,204.35000610351562,1.1103560107421875,0.03548296713488007,0.0,1.0,160,2025-11-21 16:36:12+00:00,316.39666666666665,74.525,0.038356164383561646
2025-12-04 21:00:00+00:00,2025-12-19 00:00:00+00:00,NET,NET251219C00135000,call,True,135.0,68.5,71.05,67.97,204.35000610351562,1.1264692114257815,0.03548296713488007,0.0,2.0,203,2025-12-03 16:43:26+00:00,28.27611111111111,69.775,0.038356164383561646
2025-12-04 21:00:00+00:00,2025-12-19 00:00:00+00:00,NET,NET251219C00140000,call,True,140.0,63.55,66.1,59.14,204.35000610351562,1.0571336206054687,0.03548296713488007,0.0,2.0,151,2025-11-26 19:43:15+00:00,193.27916666666667,64.82499999999999,0.038356164383561646
2025-12-04 21:00:00+00:00,2025-12-19 00:00:00+00:00,NET,NET251219C00145000,call,True,145.0,58.55,61.15,53.24,204.35000610351562,0.9809572216796876,0.03548296713488007,0.0,2.0,144,2025-11-26 17:05:14+00:00,195.9127777777778,59.849999999999994,0.038356164383561646
2025-12-04 21:00:00+00:00,2025-12-19 00:00:00+00:00,NET,NET251219C00150000,call,True,150.0,53.2,56.2,55.37,204.35000610351562,0.85742330078125,0.03548296713488007,0.0,1.0,129,2025-12-04 18:17:23+00:00,2.710277777777778,54.7,0.038356164383561646
2025-12-04 21:00:00+00:00,2025-12-19 00:00:00+00:00,NET,NET251219C00155000,call,True,155.0,48.75,51.4,39.2,204.35000610351562,0.8706067626953125,0.03548296713488007,0.0,21.0,203,2025-11-24 18:56:09+00:00,242.06416666666667,50.075,0.038356164383561646
2025-12-04 21:00:00+00:00,2025-12-19 00:00:00+00:00,NET,NET251219C00160000,call,True,160.0,43.25,45.3,44.26,204.35000610351562,0.5468795312500001,0.03548296713488007,0.0,1.0,103,2025-12-02 15:41:54+00:00,53.30166666666667,44.275,0.038356164383561646
2025-12-04 21:00:00+00:00,2025-12-19 00:00:00+00:00,NET,NET251219C00165000,call,True,165.0,39.05,40.25,29.98,204.35000610351562,0.6191444335937502,0.03548296713488007,0.0,2.0,276,2025-11-24 15:22:17+00:00,245.6286111111111,39.65,0.038356164383561646
2025-12-04 21:00:00+00:00,2025-12-19 00:00:00+00:00,NET,NET251219C00170000,call,True,170.0,34.15,36.65,35.32,204.35000610351562,0.6811555322265627,0.03548296713488007,0.0,2.0,193,2025-12-02 17:07:16+00:00,51.87888888888889,35.4,0.038356164383561646
2025-12-04 21:00:00+00:00,2025-12-19 00:00:00+00:00,NET,NET251219C00175000,call,True,175.0,28.8,31.55,31.14,204.35000610351562,0.5668988623046876,0.03548296713488007,0.0,2.0,107,2025-12-02 15:33:23+00:00,53.44361111111111,30.175,0.038356164383561646
2025-12-04 21:00:00+00:00,2025-12-19 00:00:00+00:00,NET,NET251219C00180000,call,True,180.0,24.8,26.95,20.72,204.35000610351562,0.5712933496093751,0.03548296713488007,0.0,3.0,82,2025-12-01 20:01:25+00:00,72.97638888888889,25.875,0.038356164383561646
2025-12-04 21:00:00+00:00,2025-12-19 00:00:00+00:00,NET,NET251219C00182500,call,True,182.5,22.0,25.1,13.95,204.35000610351562,0.5454147021484376,0.03548296713488007,0.0,1.0,1,2025-11-25 14:59:37+00:00,222.0063888888889,23.55,0.038356164383561646
2025-12-04 21:00:00+00:00,2025-12-19 00:00:00+00:00,NET,NET251219C00185000,call,True,185.0,19.8,23.05,19.55,204.35000610351562,0.5356491748046875,0.03548296713488007,0.0,2.0,68,2025-12-04 15:01:55+00:00,5.968055555555556,21.425,0.038356164383561646
2025-12-04 21:00:00+00:00,2025-12-19 00:00:00+00:00,NET,NET251219C00187500,call,True,187.5,17.35,20.9,17.5,204.35000610351562,0.50586431640625,0.03548296713488007,0.0,3.0,3,2025-11-28 17:10:40+00:00,147.82222222222222,19.125,0.038356164383561646
2025-12-04 21:00:00+00:00,2025-12-19 00:00:00+00:00,NET,NET251219C00190000,call,True,190.0,16.5,17.7,17.0,204.35000610351562,0.5405319384765627,0.03548296713488007,0.0,2.0,334,2025-12-03 17:24:15+00:00,27.595833333333335,17.1,0.038356164383561646
2025-12-04 21:00:00+00:00,2025-12-19 00:00:00+00:00,NET,NET251219C00192500,call,True,192.5,14.6,16.9,13.26,204.35000610351562,0.526371923828125,0.03548296713488007,0.0,4.0,9,2025-11-26 20:59:50+00:00,192.00277777777777,15.75,0.038356164383561646
2025-12-04 21:00:00+00:00,2025-12-19 00:00:00+00:00,NET,NET251219C00195000,call,True,195.0,13.0,14.65,13.87,204.35000610351562,0.508793974609375,0.03548296713488007,0.0,1.0,267,2025-12-02 19:36:37+00:00,49.389722222222225,13.825,0.038356164383561646
2025-12-04 21:00:00+00:00,2025-12-19 00:00:00+00:00,NET,NET251219C00197500,call,True,197.5,11.0,13.05,11.45,204.35000610351562,0.5578657495117189,0.03548296713488007,0.0,1.0,7,2025-12-03 16:32:57+00:00,28.450833333333332,12.025,0.038356164383561646
2025-12-04 21:00:00+00:00,2025-12-19 00:00:00+00:00,NET,NET251219C00200000,call,True,200.0,9.95,10.75,10.8,204.35000610351562,0.5046436254882812,0.03548296713488007,0.0,20.0,1796,2025-12-04 20:29:07+00:00,0.5147222222222222,10.35,0.038356164383561646
2025-12-04 21:00:00+00:00,2025-12-19 00:00:00+00:00,NET,NET251219C00202500,call,True,202.5,8.65,9.55,9.25,204.35000610351562,0.5124560473632812,0.03548296713488007,0.0,10.0,19,2025-12-04 17:52:00+00:00,3.1333333333333333,9.100000000000001,0.038356164383561646
2025-12-04 21:00:00+00:00,2025-12-19 00:00:00+00:00,NET,NET251219C00205000,call,False,205.0,7.75,8.05,7.9,204.35000610351562,0.49573258178710944,0.03548296713488007,0.0,342.0,48,2025-12-04 20:55:10+00:00,0.08055555555555556,7.9,0.038356164383561646
2025-12-04 21:00:00+00:00,2025-12-19 00:00:00+00:00,NET,NET251219C00207500,call,False,207.5,6.65,6.95,6.8,204.35000610351562,0.4958546508789063,0.03548296713488007,0.0,56.0,61,2025-12-04 20:44:10+00:00,0.2638888888888889,6.800000000000001,0.038356164383561646
2025-12-04 21:00:00+00:00,2025-12-19 00:00:00+00:00,NET,NET251219C00210000,call,False,210.0,5.65,6.05,5.95,204.35000610351562,0.501103621826172,0.03548296713488007,0.0,185.0,760,2025-12-04 20:37:49+00:00,0.36972222222222223,5.85,0.038356164383561646
2025-12-04 21:00:00+00:00,2025-12-19 00:00:00+00:00,NET,NET251219C00215000,call,False,215.0,4.1,4.3,4.25,204.35000610351562,0.4953663745117188,0.03548296713488007,0.0,66.0,160,2025-12-04 20:41:40+00:00,0.3055555555555556,4.199999999999999,0.038356164383561646
2025-12-04 21:00:00+00:00,2025-12-19 00:00:00+00:00,NET,NET251219C00220000,call,False,220.0,2.77,2.98,2.9,204.35000610351562,0.49182637084960945,0.03548296713488007,0.0,3610.0,1276,2025-12-04 20:40:40+00:00,0.32222222222222224,2.875,0.038356164383561646
2025-12-04 21:00:00+00:00,2025-12-19 00:00:00+00:00,NET,NET251219C00225000,call,False,225.0,1.82,2.25,2.06,204.35000610351562,0.5097705273437501,0.03548296713488007,0.0,186.0,111,2025-12-04 19:19:09+00:00,1.6808333333333334,2.035,0.038356164383561646
2025-12-04 21:00:00+00:00,2025-12-19 00:00:00+00:00,NET,NET251219C00230000,call,False,230.0,1.14,1.75,1.51,204.35000610351562,0.5004932763671875,0.03548296713488007,0.0,62.0,1210,2025-12-04 19:58:09+00:00,1.0308333333333333,1.4449999999999998,0.038356164383561646
2025-12-04 21:00:00+00:00,2025-12-19 00:00:00+00:00,NET,NET251219C00235000,call,False,235.0,0.14,1.24,0.57,204.35000610351562,0.5368698657226563,0.03548296713488007,0.0,8.0,13,2025-12-03 17:06:22+00:00,27.89388888888889,0.69,0.038356164383561646
2025-12-04 21:00:00+00:00,2025-12-19 00:00:00+00:00,NET,NET251219C00240000,call,False,240.0,0.35,0.94,0.59,204.35000610351562,0.50586431640625,0.03548296713488007,0.0,47.0,1121,2025-12-04 20:49:22+00:00,0.17722222222222223,0.645,0.038356164383561646
2025-12-04 21:00:00+00:00,2025-12-19 00:00:00+00:00,NET,NET251219C00245000,call,False,245.0,0.0,0.69,0.42,204.35000610351562,0.5625043750000001,0.03548296713488007,0.0,,1,2025-11-24 16:07:49+00:00,244.8697222222222,0.345,0.038356164383561646
2025-12-04 21:00:00+00:00,2025-12-19 00:00:00+00:00,NET,NET251219C00250000,call,False,250.0,0.02,0.55,0.18,204.35000610351562,0.5151415673828125,0.03548296713488007,0.0,68.0,1081,2025-12-04 18:17:23+00:00,2.710277777777778,0.28500000000000003,0.038356164383561646
2025-12-04 21:00:00+00:00,2025-12-19 00:00:00+00:00,NET,NET251219C00260000,call,False,260.0,0.01,0.15,0.15,204.35000610351562,0.5390671093750001,0.03548296713488007,0.0,1.0,556,2025-12-04 20:10:51+00:00,0.8191666666666667,0.08,0.038356164383561646
2025-12-04 21:00:00+00:00,2025-12-19 00:00:00+00:00,NET,NET251219C00270000,call,False,270.0,0.0,0.14,0.03,204.35000610351562,0.55273884765625,0.03548296713488007,0.0,4.0,375,2025-12-03 20:50:06+00:00,24.165,0.07,0.038356164383561646
2025-12-04 21:00:00+00:00,2025-12-19 00:00:00+00:00,NET,NET251219C00280000,call,False,280.0,0.0,0.61,0.39,204.35000610351562,0.7490259472656251,0.03548296713488007,0.0,1.0,858,2025-12-02 15:19:05+00:00,53.68194444444445,0.305,0.038356164383561646
2025-12-04 21:00:00+00:00,2025-12-19 00:00:00+00:00,NET,NET251219C00290000,call,False,290.0,0.0,0.2,0.24,204.35000610351562,0.70117486328125,0.03548296713488007,0.0,1.0,285,2025-11-25 15:37:40+00:00,221.37222222222223,0.1,0.038356164383561646
2025-12-04 21:00:00+00:00,2025-12-19 00:00:00+00:00,NET,NET251219C00300000,call,False,300.0,0.0,0.1,0.01,204.35000610351562,0.70312796875,0.03548296713488007,0.0,1.0,243,2025-12-03 15:09:03+00:00,29.849166666666665,0.05,0.038356164383561646
2025-12-04 21:00:00+00:00,2025-12-19 00:00:00+00:00,NET,NET251219C00310000,call,False,310.0,0.0,0.7,0.27,204.35000610351562,0.9619144433593749,0.03548296713488007,0.0,1.0,84,2025-11-21 15:50:14+00:00,317.16277777777776,0.35,0.038356164383561646
2025-12-04 21:00:00+00:00,2025-12-19 00:00:00+00:00,NET,NET251219C00320000,call,False,320.0,0.0,0.7,0.01,204.35000610351562,1.021489267578125,0.03548296713488007,0.0,1.0,32,2025-11-19 19:24:11+00:00,361.59694444444443,0.35,0.038356164383561646
2025-12-04 21:00:00+00:00,2025-12-19 00:00:00+00:00,NET,NET251219C00330000,call,False,330.0,0.0,0.68,0.2,204.35000610351562,1.0742233789062503,0.03548296713488007,0.0,1.0,55,2025-11-13 14:49:48+00:00,510.17,0.34,0.038356164383561646
2025-12-04 21:00:00+00:00,2025-12-19 00:00:00+00:00,NET,NET251219C00340000,call,False,340.0,0.0,0.75,0.43,204.35000610351562,1.1445355273437499,0.03548296713488007,0.0,1.0,9,2025-11-10 15:05:33+00:00,581.9075,0.375,0.038356164383561646
2025-12-04 21:00:00+00:00,2025-12-19 00:00:00+00:00,NET,NET251219C00350000,call,False,350.0,0.0,0.95,1.16,204.35000610351562,1.2397498950195311,0.03548296713488007,0.0,,1,2025-11-03 14:53:44+00:00,750.1044444444444,0.475,0.038356164383561646
2025-12-04 21:00:00+00:00,2025-12-19 00:00:00+00:00,NET,NET251219C00360000,call,False,360.0,0.0,0.04,0.06,204.35000610351562,0.9062509375,0.03548296713488007,0.0,1.0,5,2025-11-24 14:30:13+00:00,246.4963888888889,0.02,0.038356164383561646
2025-12-04 21:00:00+00:00,2025-12-19 00:00:00+00:00,NET,NET251219C00370000,call,False,370.0,0.0,0.95,0.05,204.35000610351562,1.342776723632812,0.03548296713488007,0.0,,1,2025-11-26 14:32:25+00:00,198.4597222222222,0.475,0.038356164383561646
2025-12-04 21:00:00+00:00,2025-12-19 00:00:00+00:00,NET,NET251219C00380000,call,False,380.0,0.0,0.95,0.02,204.35000610351562,1.3916046044921875,0.03548296713488007,0.0,1.0,31,2025-11-25 15:47:47+00:00,221.20361111111112,0.475,0.038356164383561646
2025-12-04 21:00:00+00:00,2025-12-19 00:00:00+00:00,NET,NET251219P00022500,put,False,22.5,0.0,2.13,0.01,204.35000610351562,5.890627636718751,0.03548296713488007,0.0,1.0,155,2025-11-05 15:13:32+00:00,701.7744444444445,1.065,0.038356164383561646
2025-12-04 21:00:00+00:00,2025-12-19 00:00:00+00:00,NET,NET251219P00025000,put,False,25.0,0.0,2.13,0.4,204.35000610351562,5.591799885253906,0.03548296713488007,0.0,157.0,695,2025-10-03 15:49:59+00:00,1493.1669444444444,1.065,0.038356164383561646
2025-12-04 21:00:00+00:00,2025-12-19 00:00:00+00:00,NET,NET251219P00030000,put,False,30.0,0.0,1.7,0.01,204.35000610351562,4.8808632739257805,0.03548296713488007,0.0,1.0,109,2025-11-18 20:09:51+00:00,384.8358333333333,0.85,0.038356164383561646
2025-12-04 21:00:00+00:00,2025-12-19 00:00:00+00:00,NET,NET251219P00035000,put,False,35.0,0.0,2.13,0.01,204.35000610351562,4.667972915039062,0.03548296713488007,0.0,10.0,120,2025-12-04 20:46:21+00:00,0.2275,1.065,0.038356164383561646
2025-12-04 21:00:00+00:00,2025-12-19 00:00:00+00:00,NET,NET251219P00040000,put,False,40.0,0.0,0.7,0.01,204.35000610351562,3.60156349609375,0.03548296713488007,0.0,2.0,112,2025-11-24 15:26:14+00:00,245.56277777777777,0.35,0.038356164383561646
2025-12-04 21:00:00+00:00,2025-12-19 00:00:00+00:00,NET,NET251219P00042500,put,False,42.5,0.0,0.71,0.6,204.35000610351562,3.4765638085937502,0.03548296713488007,0.0,1.0,1,2024-12-27 20:49:58+00:00,8208.167222222222,0.355,0.038356164383561646
2025-12-04 21:00:00+00:00,2025-12-19 00:00:00+00:00,NET,NET251219P00045000,put,False,45.0,0.0,0.6,0.19,204.35000610351562,3.27343931640625,0.03548296713488007,0.0,2.0,112,2025-06-24 13:41:33+00:00,3919.3075,0.3,0.038356164383561646
2025-12-04 21:00:00+00:00,2025-12-19 00:00:00+00:00,NET,NET251219P00047500,put,False,47.5,0.0,0.0,0.5,204.35000610351562,0.500005,0.03548296713488007,0.0,1.0,19,2025-05-12 13:46:00+00:00,4951.233333333334,0.0,0.038356164383561646
2025-12-04 21:00:00+00:00,2025-12-19 00:00:00+00:00,NET,NET251219P00050000,put,False,50.0,0.0,1.15,0.01,204.35000610351562,3.3593766015624995,0.03548296713488007,0.0,3.0,172,2025-10-29 14:51:50+00:00,870.1361111111111,0.575,0.038356164383561646
2025-12-04 21:00:00+00:00,2025-12-19 00:00:00+00:00,NET,NET251219P00055000,put,False,55.0,0.0,0.0,0.45,204.35000610351562,0.500005,0.03548296713488007,0.0,2.0,156,2025-05-27 17:26:54+00:00,4587.551666666666,0.0,0.038356164383561646
2025-12-04 21:00:00+00:00,2025-12-19 00:00:00+00:00,NET,NET251219P00060000,put,False,60.0,0.0,0.65,0.4,204.35000610351562,2.699222001953125,0.03548296713488007,0.0,2.0,54,2025-08-01 14:12:35+00:00,3006.7902777777776,0.325,0.038356164383561646
2025-12-04 21:00:00+00:00,2025-12-19 00:00:00+00:00,NET,NET251219P00065000,put,False,65.0,0.0,0.54,0.1,204.35000610351562,2.4668007080078125,0.03548296713488007,0.0,1.0,248,2025-09-17 13:31:36+00:00,1879.4733333333334,0.27,0.038356164383561646
2025-12-04 21:00:00+00:00,2025-12-19 00:00:00+00:00,NET,NET251219P00070000,put,False,70.0,0.0,2.16,0.14,204.35000610351562,2.8906277734375,0.03548296713488007,0.0,3.0,188,2025-09-10 19:42:23+00:00,2041.2936111111112,1.08,0.038356164383561646
2025-12-04 21:00:00+00:00,2025-12-19 00:00:00+00:00,NET,NET251219P00072500,put,False,72.5,0.0,2.14,0.2,204.35000610351562,2.798831127929688,0.03548296713488007,0.0,1.0,18,2025-10-01 15:17:29+00:00,1541.7086111111112,1.07,0.038356164383561646
2025-12-04 21:00:00+00:00,2025-12-19 00:00:00+00:00,NET,NET251219P00075000,put,False,75.0,0.0,2.14,0.13,204.35000610351562,2.713870402832031,0.03548296713488007,0.0,3.0,457,2025-10-10 13:30:41+00:00,1327.4886111111111,1.07,0.038356164383561646
2025-12-04 21:00:00+00:00,2025-12-19 00:00:00+00:00,NET,NET251219P00077500,put,False,77.5,0.26,0.9,1.26,204.35000610351562,2.3652384619140623,0.03548296713488007,0.0,27.0,34,2025-05-27 15:30:03+00:00,4589.4991666666665,0.5800000000000001,0.038356164383561646
2025-12-04 21:00:00+00:00,2025-12-19 00:00:00+00:00,NET,NET251219P00080000,put,False,80.0,0.0,0.5,0.1,204.35000610351562,2.021489321289063,0.03548296713488007,0.0,10.0,253,2025-10-29 19:25:36+00:00,865.5733333333334,0.25,0.038356164383561646
2025-12-04 21:00:00+00:00,2025-12-19 00:00:00+00:00,NET,NET251219P00082500,put,False,82.5,0.85,2.81,6.45,204.35000610351562,2.7626984057617188,0.03548296713488007,0.0,76.0,74,2025-04-30 18:17:59+00:00,5234.700277777778,1.83,0.038356164383561646
2025-12-04 21:00:00+00:00,2025-12-19 00:00:00+00:00,NET,NET251219P00085000,put,False,85.0,0.0,0.7,0.05,204.35000610351562,1.994140654296875,0.03548296713488007,0.0,40.0,91,2025-11-12 19:54:22+00:00,529.0938888888888,0.35,0.038356164383561646
2025-12-04 21:00:00+00:00,2025-12-19 00:00:00+00:00,NET,NET251219P00087500,put,False,87.5,0.0,0.76,0.9,204.35000610351562,1.95703146484375,0.03548296713488007,0.0,2.0,21,2025-08-01 16:15:52+00:00,3004.7355555555555,0.38,0.038356164383561646
2025-12-04 21:00:00+00:00,2025-12-19 00:00:00+00:00,NET,NET251219P00090000,put,False,90.0,0.0,2.24,0.4,204.35000610351562,2.2822308569335936,0.03548296713488007,0.0,2.0,92,2025-09-11 16:00:17+00:00,2020.9952777777778,1.12,0.038356164383561646
2025-12-04 21:00:00+00:00,2025-12-19 00:00:00+00:00,NET,NET251219P00092500,put,False,92.5,0.0,0.0,19.09,204.35000610351562,0.500005,0.03548296713488007,0.0,1.0,0,2025-04-07 13:33:25+00:00,5791.4430555555555,0.0,0.038356164383561646
2025-12-04 21:00:00+00:00,2025-12-19 00:00:00+00:00,NET,NET251219P00095000,put,False,95.0,0.0,1.68,0.73,204.35000610351562,2.0341846020507814,0.03548296713488007,0.0,10.0,57,2025-08-08 18:49:34+00:00,2834.173888888889,0.84,0.038356164383561646
2025-12-04 21:00:00+00:00,2025-12-19 00:00:00+00:00,NET,NET251219P00097500,put,False,97.5,0.0,0.7,0.06,204.35000610351562,1.705079599609375,0.03548296713488007,0.0,2.0,17,2025-11-19 18:58:31+00:00,362.02472222222224,0.35,0.038356164383561646
2025-12-04 21:00:00+00:00,2025-12-19 00:00:00+00:00,NET,NET251219P00100000,put,False,100.0,0.0,0.75,0.07,204.35000610351562,1.669923525390625,0.03548296713488007,0.0,10.0,163,2025-11-21 16:35:11+00:00,316.4136111111111,0.375,0.038356164383561646
2025-12-04 21:00:00+00:00,2025-12-19 00:00:00+00:00,NET,NET251219P00105000,put,False,105.0,0.0,1.09,0.52,204.35000610351562,1.6640641796875002,0.03548296713488007,0.0,1.0,110,2025-09-16 18:38:02+00:00,1898.3661111111112,0.545,0.038356164383561646
2025-12-04 21:00:00+00:00,2025-12-19 00:00:00+00:00,NET,NET251219P00110000,put,False,110.0,0.0,0.7,0.05,204.35000610351562,1.4521511767578126,0.03548296713488007,0.0,150.0,303,2025-11-24 19:45:54+00:00,241.235,0.35,0.038356164383561646
2025-12-04 21:00:00+00:00,2025-12-19 00:00:00+00:00,NET,NET251219P00115000,put,False,115.0,0.0,0.41,0.55,204.35000610351562,1.255863095703125,0.03548296713488007,0.0,1.0,114,2025-10-06 16:40:13+00:00,1420.3297222222222,0.205,0.038356164383561646
2025-12-04 21:00:00+00:00,2025-12-19 00:00:00+00:00,NET,NET251219P00120000,put,False,120.0,0.0,0.75,0.24,204.35000610351562,1.2822301513671874,0.03548296713488007,0.0,1.0,191,2025-11-21 20:41:16+00:00,312.3122222222222,0.375,0.038356164383561646
2025-12-04 21:00:00+00:00,2025-12-19 00:00:00+00:00,NET,NET251219P00125000,put,False,125.0,0.0,0.5,0.25,204.35000610351562,1.123051259765625,0.03548296713488007,0.0,1.0,82,2025-11-24 18:28:13+00:00,242.52972222222223,0.25,0.038356164383561646
2025-12-04 21:00:00+00:00,2025-12-19 00:00:00+00:00,NET,NET251219P00130000,put,False,130.0,0.0,0.38,0.07,204.35000610351562,1.001958115234375,0.03548296713488007,0.0,10.0,317,2025-12-01 15:43:54+00:00,77.26833333333333,0.19,0.038356164383561646
2025-12-04 21:00:00+00:00,2025-12-19 00:00:00+00:00,NET,NET251219P00135000,put,False,135.0,0.0,0.5,0.11,204.35000610351562,0.9648441015625,0.03548296713488007,0.0,1.0,154,2025-12-03 20:08:08+00:00,24.864444444444445,0.25,0.038356164383561646
2025-12-04 21:00:00+00:00,2025-12-19 00:00:00+00:00,NET,NET251219P00140000,put,False,140.0,0.01,0.05,0.05,204.35000610351562,0.6796907031250001,0.03548296713488007,0.0,2.0,105,2025-12-04 20:58:19+00:00,0.028055555555555556,0.030000000000000002,0.038356164383561646
2025-12-04 21:00:00+00:00,2025-12-19 00:00:00+00:00,NET,NET251219P00145000,put,False,145.0,0.0,0.43,0.35,204.35000610351562,0.79883013671875,0.03548296713488007,0.0,1.0,113,2025-12-01 17:29:37+00:00,75.50638888888889,0.215,0.038356164383561646
2025-12-04 21:00:00+00:00,2025-12-19 00:00:00+00:00,NET,NET251219P00150000,put,False,150.0,0.05,0.25,0.35,204.35000610351562,0.6914093359375001,0.03548296713488007,0.0,1.0,796,2025-12-03 15:08:12+00:00,29.863333333333333,0.15,0.038356164383561646
2025-12-04 21:00:00+00:00,2025-12-19 00:00:00+00:00,NET,NET251219P00155000,put,False,155.0,0.0,0.49,0.2,204.35000610351562,0.6757844921875001,0.03548296713488007,0.0,2.0,296,2025-12-03 20:35:47+00:00,24.40361111111111,0.245,0.038356164383561646
2025-12-04 21:00:00+00:00,2025-12-19 00:00:00+00:00,NET,NET251219P00160000,put,False,160.0,0.0,0.5,0.25,204.35000610351562,0.6103554589843752,0.03548296713488007,0.0,52.0,438,2025-12-04 19:11:22+00:00,1.8105555555555555,0.25,0.038356164383561646
2025-12-04 21:00:00+00:00,2025-12-19 00:00:00+00:00,NET,NET251219P00162500,put,False,162.5,0.0,0.69,0.37,204.35000610351562,0.6108437353515627,0.03548296713488007,0.0,1.0,2,2025-12-04 16:15:35+00:00,4.740277777777778,0.345,0.038356164383561646
2025-12-04 21:00:00+00:00,2025-12-19 00:00:00+00:00,NET,NET251219P00165000,put,False,165.0,0.24,0.55,0.24,204.35000610351562,0.5913126806640626,0.03548296713488007,0.0,4.0,187,2025-12-04 20:59:14+00:00,0.012777777777777779,0.395,0.038356164383561646
2025-12-04 21:00:00+00:00,2025-12-19 00:00:00+00:00,NET,NET251219P00167500,put,False,167.5,0.01,0.58,0.72,204.35000610351562,0.5268602001953125,0.03548296713488007,0.0,1.0,19,2025-12-03 18:12:02+00:00,26.799444444444443,0.295,0.038356164383561646
2025-12-04 21:00:00+00:00,2025-12-19 00:00:00+00:00,NET,NET251219P00170000,put,False,170.0,0.33,0.67,0.5,204.35000610351562,0.5478560839843751,0.03548296713488007,0.0,6.0,409,2025-12-03 20:11:38+00:00,24.80611111111111,0.5,0.038356164383561646
2025-12-04 21:00:00+00:00,2025-12-19 00:00:00+00:00,NET,NET251219P00172500,put,False,172.5,0.45,1.2,1.48,204.35000610351562,0.5744671459960937,0.03548296713488007,0.0,6.0,6,2025-11-28 16:30:58+00:00,148.48388888888888,0.825,0.038356164383561646
2025-12-04 21:00:00+00:00,2025-12-19 00:00:00+00:00,NET,NET251219P00175000,put,False,175.0,0.65,0.9,1.01,204.35000610351562,0.5278367529296876,0.03548296713488007,0.0,2.0,301,2025-12-04 14:36:06+00:00,6.398333333333333,0.775,0.038356164383561646
2025-12-04 21:00:00+00:00,2025-12-19 00:00:00+00:00,NET,NET251219P00177500,put,False,177.5,0.63,1.47,1.21,204.35000610351562,0.5307664111328125,0.03548296713488007,0.0,1.0,22,2025-12-04 15:15:08+00:00,5.747777777777777,1.05,0.038356164383561646
2025-12-04 21:00:00+00:00,2025-12-19 00:00:00+00:00,NET,NET251219P00180000,put,False,180.0,0.84,1.3,1.15,204.35000610351562,0.5227098510742187,0.03548296713488007,0.0,19.0,554,2025-12-04 20:56:06+00:00,0.065,1.07,0.038356164383561646
2025-12-04 21:00:00+00:00,2025-12-19 00:00:00+00:00,NET,NET251219P00182500,put,False,182.5,1.15,1.73,1.43,204.35000610351562,0.5280808911132813,0.03548296713488007,0.0,4.0,45,2025-12-04 16:11:27+00:00,4.809166666666667,1.44,0.038356164383561646
2025-12-04 21:00:00+00:00,2025-12-19 00:00:00+00:00,NET,NET251219P00185000,put,False,185.0,1.45,2.15,1.86,204.35000610351562,0.5241746801757812,0.03548296713488007,0.0,16.0,357,2025-12-04 19:30:51+00:00,1.4858333333333333,1.7999999999999998,0.038356164383561646
2025-12-04 21:00:00+00:00,2025-12-19 00:00:00+00:00,NET,NET251219P00187500,put,False,187.5,1.52,2.43,2.24,204.35000610351562,0.502080174560547,0.03548296713488007,0.0,17.0,43,2025-12-04 19:37:56+00:00,1.3677777777777778,1.975,0.038356164383561646
2025-12-04 21:00:00+00:00,2025-12-19 00:00:00+00:00,NET,NET251219P00190000,put,False,190.0,2.3,2.92,2.67,204.35000610351562,0.4928029235839845,0.03548296713488007,0.0,18.0,172,2025-12-04 19:58:51+00:00,1.0191666666666668,2.61,0.038356164383561646
2025-12-04 21:00:00+00:00,2025-12-19 00:00:00+00:00,NET,NET251219P00192500,put,False,192.5,2.82,3.6,3.34,204.35000610351562,0.49121602539062503,0.03548296713488007,0.0,2.0,11,2025-12-04 18:53:24+00:00,2.11,3.21,0.038356164383561646
2025-12-04 21:00:00+00:00,2025-12-19 00:00:00+00:00,NET,NET251219P00195000,put,False,195.0,3.65,4.3,3.98,204.35000610351562,0.4840139489746094,0.03548296713488007,0.0,3.0,355,2025-12-04 20:44:43+00:00,0.25472222222222224,3.9749999999999996,0.038356164383561646
2025-12-04 21:00:00+00:00,2025-12-19 00:00:00+00:00,NET,NET251219P00197500,put,False,197.5,4.55,5.15,5.55,204.35000610351562,0.47961946166992186,0.03548296713488007,0.0,1.0,19,2025-12-02 15:31:52+00:00,53.46888888888889,4.85,0.038356164383561646
2025-12-04 21:00:00+00:00,2025-12-19 00:00:00+00:00,NET,NET251219P00200000,put,False,200.0,5.65,6.15,6.15,204.35000610351562,0.477544287109375,0.03548296713488007,0.0,155.0,969,2025-12-04 19:16:11+00:00,1.7302777777777778,5.9,0.038356164383561646
2025-12-04 21:00:00+00:00,2025-12-19 00:00:00+00:00,NET,NET251219P00202500,put,False,202.5,6.75,7.25,7.25,204.35000610351562,0.47412635253906255,0.03548296713488007,0.0,13.0,6,2025-12-04 19:16:11+00:00,1.7302777777777778,7.0,0.038356164383561646
2025-12-04 21:00:00+00:00,2025-12-19 00:00:00+00:00,NET,NET251219P00205000,put,True,205.0,8.1,8.5,8.2,204.35000610351562,0.47241738525390625,0.03548296713488007,0.0,149.0,16,2025-12-04 19:51:45+00:00,1.1375,8.3,0.038356164383561646
2025-12-04 21:00:00+00:00,2025-12-19 00:00:00+00:00,NET,NET251219P00207500,put,True,207.5,9.05,11.1,13.49,204.35000610351562,0.5429733203125001,0.03548296713488007,0.0,,1,2025-12-01 20:31:47+00:00,72.47027777777778,10.075,0.038356164383561646
2025-12-04 21:00:00+00:00,2025-12-19 00:00:00+00:00,NET,NET251219P00210000,put,True,210.0,10.7,11.55,11.0,204.35000610351562,0.4801077380371094,0.03548296713488007,0.0,17.0,415,2025-12-04 20:30:50+00:00,0.4861111111111111,11.125,0.038356164383561646
2025-12-04 21:00:00+00:00,2025-12-19 00:00:00+00:00,NET,NET251219P00215000,put,True,215.0,13.25,15.35,14.88,204.35000610351562,0.5083056982421875,0.03548296713488007,0.0,1.0,5,2025-12-04 17:17:10+00:00,3.713888888888889,14.3,0.038356164383561646
2025-12-04 21:00:00+00:00,2025-12-19 00:00:00+00:00,NET,NET251219P00220000,put,True,220.0,16.75,19.15,18.39,204.35000610351562,0.5151415673828125,0.03548296713488007,0.0,13.0,372,2025-12-04 20:40:40+00:00,0.32222222222222224,17.95,0.038356164383561646
2025-12-04 21:00:00+00:00,2025-12-19 00:00:00+00:00,NET,NET251219P00230000,put,True,230.0,25.5,27.9,26.05,204.35000610351562,0.5603071313476562,0.03548296713488007,0.0,32.0,575,2025-12-04 20:01:10+00:00,0.9805555555555555,26.7,0.038356164383561646
2025-12-04 21:00:00+00:00,2025-12-19 00:00:00+00:00,NET,NET251219P00235000,put,True,235.0,29.75,33.2,42.3,204.35000610351562,0.6525913647460939,0.03548296713488007,0.0,,17,2025-11-24 16:06:49+00:00,244.8863888888889,31.475,0.038356164383561646
2025-12-04 21:00:00+00:00,2025-12-19 00:00:00+00:00,NET,NET251219P00240000,put,True,240.0,34.55,37.15,42.26,204.35000610351562,0.6003457934570313,0.03548296713488007,0.0,2.0,113,2025-12-01 17:17:53+00:00,75.70194444444445,35.849999999999994,0.038356164383561646
2025-12-04 21:00:00+00:00,2025-12-19 00:00:00+00:00,NET,NET251219P00245000,put,True,245.0,39.35,42.75,44.89,204.35000610351562,0.7258328198242188,0.03548296713488007,0.0,16.0,17,2025-11-28 15:08:45+00:00,149.85416666666666,41.05,0.038356164383561646
2025-12-04 21:00:00+00:00,2025-12-19 00:00:00+00:00,NET,NET251219P00250000,put,True,250.0,44.15,47.5,52.3,204.35000610351562,0.7507349145507812,0.03548296713488007,0.0,1.0,1,2025-11-28 14:30:09+00:00,150.4975,45.825,0.038356164383561646
2025-12-04 21:00:00+00:00,2025-12-19 00:00:00+00:00,NET,NET251219P00260000,put,True,260.0,54.25,57.55,71.8,204.35000610351562,0.8579115771484375,0.03548296713488007,0.0,1.0,0,2025-11-21 14:56:01+00:00,318.06638888888887,55.9,0.038356164383561646
2025-12-04 21:00:00+00:00,2025-12-19 00:00:00+00:00,NET,NET251219P00270000,put,True,270.0,64.25,66.7,75.8,204.35000610351562,0.8156756713867187,0.03548296713488007,0.0,62.0,0,2025-11-20 19:34:18+00:00,337.42833333333334,65.475,0.038356164383561646
2025-12-04 21:00:00+00:00,2025-12-19 00:00:00+00:00,NET,NET251219P00280000,put,True,280.0,74.25,77.65,80.4,204.35000610351562,0.6425816992187501,0.03548296713488007,0.0,4.0,0,2025-11-18 20:15:00+00:00,384.75,75.95,0.038356164383561646
2025-12-04 21:00:00+00:00,2025-12-19 00:00:00+00:00,NET,NET251219P00290000,put,True,290.0,84.25,87.55,75.85,204.35000610351562,0.648441015625,0.03548296713488007,0.0,5.0,0,2025-11-13 19:52:47+00:00,505.1202777777778,85.9,0.038356164383561646
2025-12-04 21:00:00+00:00,2025-12-19 00:00:00+00:00,NET,NET251219P00300000,put,True,300.0,94.25,97.55,68.5,204.35000610351562,0.70312796875,0.03548296713488007,0.0,4.0,0,2025-11-05 15:04:55+00:00,701.9180555555556,95.9,0.038356164383561646
2025-12-04 21:00:00+00:00,2025-12-19 00:00:00+00:00,NET,NET251219P00310000,put,True,310.0,104.25,107.25,99.6,204.35000610351562,1.2265663671875,0.03548296713488007,0.0,1.0,0,2025-11-14 14:45:40+00:00,486.2388888888889,105.75,0.038356164383561646
2025-12-04 21:00:00+00:00,2025-12-26 00:00:00+00:00,NET,NET251226C00150000,call,True,150.0,53.1,56.45,45.2,204.35000610351562,0.7329128271484374,0.03548296713488007,0.0,2.0,5,2025-11-24 17:06:09+00:00,243.8975,54.775000000000006,0.057534246575342465
2025-12-04 21:00:00+00:00,2025-12-26 00:00:00+00:00,NET,NET251226C00160000,call,True,160.0,43.2,46.7,35.2,204.35000610351562,0.6367223828125,0.03548296713488007,0.0,6.0,7,2025-11-24 19:22:03+00:00,241.6325,44.95,0.057534246575342465
2025-12-04 21:00:00+00:00,2025-12-26 00:00:00+00:00,NET,NET251226C00170000,call,True,170.0,34.55,37.15,34.5,204.35000610351562,0.619388571777344,0.03548296713488007,0.0,10.0,7,2025-12-04 15:24:39+00:00,5.589166666666666,35.849999999999994,0.057534246575342465
2025-12-04 21:00:00+00:00,2025-12-26 00:00:00+00:00,NET,NET251226C00175000,call,True,175.0,29.1,32.5,31.09,204.35000610351562,0.5417526293945314,0.03548296713488007,0.0,2.0,3,2025-12-02 15:41:54+00:00,53.30166666666667,30.8,0.057534246575342465
2025-12-04 21:00:00+00:00,2025-12-26 00:00:00+00:00,NET,NET251226C00180000,call,True,180.0,24.6,28.05,15.25,204.35000610351562,0.51562984375,0.03548296713488007,0.0,6.0,3,2025-11-21 15:54:31+00:00,317.0913888888889,26.325000000000003,0.057534246575342465
2025-12-04 21:00:00+00:00,2025-12-26 00:00:00+00:00,NET,NET251226C00185000,call,True,185.0,20.25,23.9,22.9,204.35000610351562,0.6151161535644531,0.03548296713488007,0.0,2.0,5,2025-12-02 15:30:10+00:00,53.49722222222222,22.075,0.057534246575342465
2025-12-04 21:00:00+00:00,2025-12-26 00:00:00+00:00,NET,NET251226C00190000,call,True,190.0,16.75,18.65,19.26,204.35000610351562,0.5085498364257812,0.03548296713488007,0.0,2.0,89,2025-12-04 19:49:19+00:00,1.1780555555555556,17.7,0.057534246575342465
2025-12-04 21:00:00+00:00,2025-12-26 00:00:00+00:00,NET,NET251226C00195000,call,True,195.0,13.25,16.45,13.8,204.35000610351562,0.5654340332031251,0.03548296713488007,0.0,10.0,27,2025-12-03 16:20:42+00:00,28.655,14.85,0.057534246575342465
2025-12-04 21:00:00+00:00,2025-12-26 00:00:00+00:00,NET,NET251226C00200000,call,True,200.0,11.3,12.2,12.45,204.35000610351562,0.4939015454101563,0.03548296713488007,0.0,5.0,112,2025-12-04 19:41:41+00:00,1.3052777777777778,11.75,0.057534246575342465
2025-12-04 21:00:00+00:00,2025-12-26 00:00:00+00:00,NET,NET251226C00205000,call,False,205.0,8.7,9.25,9.5,204.35000610351562,0.4721732470703125,0.03548296713488007,0.0,2.0,49,2025-12-04 19:39:23+00:00,1.343611111111111,8.975,0.057534246575342465
2025-12-04 21:00:00+00:00,2025-12-26 00:00:00+00:00,NET,NET251226C00210000,call,False,210.0,6.5,7.1,6.6,204.35000610351562,0.4703422106933594,0.03548296713488007,0.0,3.0,19,2025-12-04 16:48:14+00:00,4.196111111111111,6.8,0.057534246575342465
2025-12-04 21:00:00+00:00,2025-12-26 00:00:00+00:00,NET,NET251226C00215000,call,False,215.0,4.7,5.3,4.8,204.35000610351562,0.4664359997558594,0.03548296713488007,0.0,12.0,73,2025-12-03 20:39:50+00:00,24.336111111111112,5.0,0.057534246575342465
2025-12-04 21:00:00+00:00,2025-12-26 00:00:00+00:00,NET,NET251226C00220000,call,False,220.0,3.15,3.85,3.78,204.35000610351562,0.462041512451172,0.03548296713488007,0.0,9.0,50,2025-12-04 20:47:10+00:00,0.21388888888888888,3.5,0.057534246575342465
2025-12-04 21:00:00+00:00,2025-12-26 00:00:00+00:00,NET,NET251226C00225000,call,False,225.0,2.23,2.8,2.72,204.35000610351562,0.4627739270019532,0.03548296713488007,0.0,12.0,30,2025-12-04 20:47:10+00:00,0.21388888888888888,2.5149999999999997,0.057534246575342465
2025-12-04 21:00:00+00:00,2025-12-26 00:00:00+00:00,NET,NET251226C00230000,call,False,230.0,1.4,2.48,1.6,204.35000610351562,0.4993946545410156,0.03548296713488007,0.0,2.0,93,2025-12-03 20:21:36+00:00,24.64,1.94,0.057534246575342465
2025-12-04 21:00:00+00:00,2025-12-26 00:00:00+00:00,NET,NET251226C00235000,call,False,235.0,0.82,2.1,1.5,204.35000610351562,0.524418818359375,0.03548296713488007,0.0,7.0,9,2025-12-04 19:42:36+00:00,1.29,1.46,0.057534246575342465
2025-12-04 21:00:00+00:00,2025-12-26 00:00:00+00:00,NET,NET251226C00240000,call,False,240.0,0.54,1.2,1.13,204.35000610351562,0.49023947265625006,0.03548296713488007,0.0,13.0,12,2025-12-04 18:59:57+00:00,2.0008333333333335,0.87,0.057534246575342465
2025-12-04 21:00:00+00:00,2025-12-26 00:00:00+00:00,NET,NET251226C00245000,call,False,245.0,0.01,1.15,3.25,204.35000610351562,0.5288133056640626,0.03548296713488007,0.0,1.0,7,2025-11-17 14:47:21+00:00,414.2108333333333,0.58,0.057534246575342465
2025-12-04 21:00:00+00:00,2025-12-26 00:00:00+00:00,NET,NET251226C00250000,call,False,250.0,0.0,1.07,0.26,204.35000610351562,0.5610395458984375,0.03548296713488007,0.0,5.0,24,2025-12-03 14:31:22+00:00,30.477222222222224,0.535,0.057534246575342465
2025-12-04 21:00:00+00:00,2025-12-26 00:00:00+00:00,NET,NET251226C00255000,call,False,255.0,0.0,1.15,0.34,204.35000610351562,0.5266160620117188,0.03548296713488007,0.0,1.0,1,2025-12-02 16:20:22+00:00,52.660555555555554,0.575,0.057534246575342465
2025-12-04 21:00:00+00:00,2025-12-26 00:00:00+00:00,NET,NET251226C00260000,call,False,260.0,0.0,2.28,3.85,204.35000610351562,0.649417568359375,0.03548296713488007,0.0,1.0,2,2025-11-13 15:04:49+00:00,509.9197222222222,1.14,0.057534246575342465
2025-12-04 21:00:00+00:00,2025-12-26 00:00:00+00:00,NET,NET251226C00265000,call,False,265.0,0.0,0.95,0.59,204.35000610351562,0.57617611328125,0.03548296713488007,0.0,4.0,4,2025-11-20 18:19:40+00:00,338.6722222222222,0.475,0.057534246575342465
2025-12-04 21:00:00+00:00,2025-12-26 00:00:00+00:00,NET,NET251226C00270000,call,False,270.0,0.0,0.95,1.0,204.35000610351562,0.6088906298828126,0.03548296713488007,0.0,5.0,16,2025-11-19 15:59:13+00:00,365.0130555555556,0.475,0.057534246575342465
2025-12-04 21:00:00+00:00,2025-12-26 00:00:00+00:00,NET,NET251226C00275000,call,False,275.0,0.0,0.75,6.1,204.35000610351562,0.6152382226562501,0.03548296713488007,0.0,,2,2025-11-10 14:33:40+00:00,582.4388888888889,0.375,0.057534246575342465
2025-12-04 21:00:00+00:00,2025-12-26 00:00:00+00:00,NET,NET251226C00280000,call,False,280.0,0.0,0.75,5.1,204.35000610351562,0.6455113574218749,0.03548296713488007,0.0,,1,2025-11-10 14:33:40+00:00,582.4388888888889,0.375,0.057534246575342465
2025-12-04 21:00:00+00:00,2025-12-26 00:00:00+00:00,NET,NET251226C00285000,call,False,285.0,0.0,0.75,1.22,204.35000610351562,0.6748079394531252,0.03548296713488007,0.0,,3,2025-11-13 20:55:13+00:00,504.07972222222224,0.375,0.057534246575342465
2025-12-04 21:00:00+00:00,2025-12-26 00:00:00+00:00,NET,NET251226C00290000,call,False,290.0,0.0,0.75,3.5,204.35000610351562,0.70312796875,0.03548296713488007,0.0,,1,2025-11-10 14:33:40+00:00,582.4388888888889,0.375,0.057534246575342465
2025-12-04 21:00:00+00:00,2025-12-26 00:00:00+00:00,NET,NET251226C00295000,call,False,295.0,0.0,0.75,0.1,204.35000610351562,0.7309597216796875,0.03548296713488007,0.0,1.0,2,2025-11-25 17:02:08+00:00,219.96444444444444,0.375,0.057534246575342465
2025-12-04 21:00:00+00:00,2025-12-26 00:00:00+00:00,NET,NET251226C00315000,call,False,315.0,0.0,0.75,1.35,204.35000610351562,0.8359391406249999,0.03548296713488007,0.0,,1,2025-11-10 14:33:41+00:00,582.4386111111111,0.375,0.057534246575342465
2025-12-04 21:00:00+00:00,2025-12-26 00:00:00+00:00,NET,NET251226C00320000,call,False,320.0,0.0,0.75,1.17,204.35000610351562,0.860352958984375,0.03548296713488007,0.0,,1,2025-11-10 14:33:41+00:00,582.4386111111111,0.375,0.057534246575342465
2025-12-04 21:00:00+00:00,2025-12-26 00:00:00+00:00,NET,NET251226P00150000,put,False,150.0,0.0,1.06,0.53,204.35000610351562,0.709963837890625,0.03548296713488007,0.0,1.0,3,2025-12-04 16:17:07+00:00,4.714722222222222,0.53,0.057534246575342465
2025-12-04 21:00:00+00:00,2025-12-26 00:00:00+00:00,NET,NET251226P00155000,put,False,155.0,0.0,1.17,0.62,204.35000610351562,0.659183095703125,0.03548296713488007,0.0,1.0,2,2025-12-04 16:17:07+00:00,4.714722222222222,0.585,0.057534246575342465
2025-12-04 21:00:00+00:00,2025-12-26 00:00:00+00:00,NET,NET251226P00160000,put,False,160.0,0.0,1.27,0.84,204.35000610351562,0.6059609716796877,0.03548296713488007,0.0,2.0,24,2025-12-01 19:25:59+00:00,73.56694444444445,0.635,0.057534246575342465
2025-12-04 21:00:00+00:00,2025-12-26 00:00:00+00:00,NET,NET251226P00165000,put,False,165.0,0.0,1.16,0.65,204.35000610351562,0.5327195166015625,0.03548296713488007,0.0,5.0,27,2025-12-03 20:15:16+00:00,24.745555555555555,0.58,0.057534246575342465
2025-12-04 21:00:00+00:00,2025-12-26 00:00:00+00:00,NET,NET251226P00170000,put,False,170.0,0.25,1.17,1.0,204.35000610351562,0.5581098876953126,0.03548296713488007,0.0,1.0,5,2025-12-04 14:59:56+00:00,6.001111111111111,0.71,0.057534246575342465
2025-12-04 21:00:00+00:00,2025-12-26 00:00:00+00:00,NET,NET251226P00175000,put,False,175.0,1.1,1.85,1.18,204.35000610351562,0.5238084729003907,0.03548296713488007,0.0,4.0,246,2025-12-04 18:55:03+00:00,2.0825,1.475,0.057534246575342465
2025-12-04 21:00:00+00:00,2025-12-26 00:00:00+00:00,NET,NET251226P00180000,put,False,180.0,1.34,2.09,1.96,204.35000610351562,0.5085498364257812,0.03548296713488007,0.0,12.0,40,2025-12-03 19:55:49+00:00,25.06972222222222,1.7149999999999999,0.057534246575342465
2025-12-04 21:00:00+00:00,2025-12-26 00:00:00+00:00,NET,NET251226P00185000,put,False,185.0,2.34,2.64,2.54,204.35000610351562,0.47376014526367194,0.03548296713488007,0.0,4.0,145,2025-12-04 19:37:56+00:00,1.3677777777777778,2.49,0.057534246575342465
2025-12-04 21:00:00+00:00,2025-12-26 00:00:00+00:00,NET,NET251226P00190000,put,False,190.0,3.45,3.9,3.7,204.35000610351562,0.4725394543457031,0.03548296713488007,0.0,3.0,13,2025-12-04 17:35:50+00:00,3.4027777777777777,3.675,0.057534246575342465
2025-12-04 21:00:00+00:00,2025-12-26 00:00:00+00:00,NET,NET251226P00195000,put,False,195.0,4.85,5.45,5.0,204.35000610351562,0.4666801379394532,0.03548296713488007,0.0,10.0,36,2025-12-03 16:17:21+00:00,28.710833333333333,5.15,0.057534246575342465
2025-12-04 21:00:00+00:00,2025-12-26 00:00:00+00:00,NET,NET251226P00200000,put,False,200.0,6.8,7.4,7.54,204.35000610351562,0.46130909790039065,0.03548296713488007,0.0,7.0,52,2025-12-03 20:15:16+00:00,24.745555555555555,7.1,0.057534246575342465
2025-12-04 21:00:00+00:00,2025-12-26 00:00:00+00:00,NET,NET251226P00205000,put,True,205.0,9.1,9.8,8.8,204.35000610351562,0.457585990600586,0.03548296713488007,0.0,6.0,27,2025-12-04 15:32:25+00:00,5.459722222222222,9.45,0.057534246575342465
2025-12-04 21:00:00+00:00,2025-12-26 00:00:00+00:00,NET,NET251226P00210000,put,True,210.0,11.8,12.6,12.5,204.35000610351562,0.4529473651123047,0.03548296713488007,0.0,1.0,9,2025-12-02 14:50:56+00:00,54.15111111111111,12.2,0.057534246575342465
2025-12-04 21:00:00+00:00,2025-12-26 00:00:00+00:00,NET,NET251226P00215000,put,True,215.0,13.85,16.6,19.04,204.35000610351562,0.4901174035644532,0.03548296713488007,0.0,1.0,10,2025-11-28 17:35:26+00:00,147.40944444444443,15.225000000000001,0.057534246575342465
2025-12-04 21:00:00+00:00,2025-12-26 00:00:00+00:00,NET,NET251226P00220000,put,True,220.0,17.3,20.35,18.0,204.35000610351562,0.49927258544921876,0.03548296713488007,0.0,1.0,4,2025-12-02 15:12:54+00:00,53.785,18.825000000000003,0.057534246575342465
2025-12-04 21:00:00+00:00,2025-12-26 00:00:00+00:00,NET,NET251226P00225000,put,True,225.0,21.3,24.9,31.67,204.35000610351562,0.5416305603027345,0.03548296713488007,0.0,3.0,6,2025-11-18 17:10:28+00:00,387.8255555555556,23.1,0.057534246575342465
2025-12-04 21:00:00+00:00,2025-12-26 00:00:00+00:00,NET,NET251226P00230000,put,True,230.0,25.45,29.15,31.39,204.35000610351562,0.5564009204101563,0.03548296713488007,0.0,1.0,9,2025-11-28 15:04:08+00:00,149.9311111111111,27.299999999999997,0.057534246575342465
2025-12-04 21:00:00+00:00,2025-12-26 00:00:00+00:00,NET,NET251226P00235000,put,True,235.0,30.05,33.6,47.8,204.35000610351562,0.5745892150878906,0.03548296713488007,0.0,10.0,1,2025-11-21 17:03:16+00:00,315.94555555555553,31.825000000000003,0.057534246575342465
2025-12-04 21:00:00+00:00,2025-12-26 00:00:00+00:00,NET,NET251226P00240000,put,True,240.0,34.7,38.15,19.75,204.35000610351562,0.5918009570312501,0.03548296713488007,0.0,,1,2025-11-12 15:44:21+00:00,533.2608333333334,36.425,0.057534246575342465
2025-12-04 21:00:00+00:00,2025-12-26 00:00:00+00:00,NET,NET251226P00250000,put,True,250.0,44.3,47.7,36.59,204.35000610351562,0.6459996337890624,0.03548296713488007,0.0,,0,2025-11-13 17:57:49+00:00,507.0363888888889,46.0,0.057534246575342465
2025-12-04 21:00:00+00:00,2026-01-02 00:00:00+00:00,NET,NET260102C00175000,call,True,175.0,29.65,33.15,22.03,204.35000610351562,0.5240526110839843,0.03548296713488007,0.0,1.0,1,2025-11-25 16:29:23+00:00,220.5102777777778,31.4,0.07671232876712329
2025-12-04 21:00:00+00:00,2026-01-02 00:00:00+00:00,NET,NET260102C00180000,call,True,180.0,25.45,28.8,23.7,204.35000610351562,0.5072070764160157,0.03548296713488007,0.0,1.0,2,2025-11-25 20:24:22+00:00,216.5938888888889,27.125,0.07671232876712329
2025-12-04 21:00:00+00:00,2026-01-02 00:00:00+00:00,NET,NET260102C00190000,call,True,190.0,17.95,19.95,16.6,204.35000610351562,0.5116625982666017,0.03548296713488007,0.0,1.0,4,2025-12-03 15:00:03+00:00,29.999166666666667,18.95,0.07671232876712329
2025-12-04 21:00:00+00:00,2026-01-02 00:00:00+00:00,NET,NET260102C00195000,call,True,195.0,14.35,16.95,16.59,204.35000610351562,0.5181932946777343,0.03548296713488007,0.0,2.0,9,2025-12-04 17:32:17+00:00,3.4619444444444443,15.649999999999999,0.07671232876712329
2025-12-04 21:00:00+00:00,2026-01-02 00:00:00+00:00,NET,NET260102C00200000,call,True,200.0,12.45,13.45,13.55,204.35000610351562,0.48730981445312505,0.03548296713488007,0.0,1.0,15,2025-12-03 14:41:00+00:00,30.316666666666666,12.95,0.07671232876712329
2025-12-04 21:00:00+00:00,2026-01-02 00:00:00+00:00,NET,NET260102C00205000,call,False,205.0,10.0,10.75,10.55,204.35000610351562,0.4777273907470704,0.03548296713488007,0.0,1.0,3,2025-12-04 19:33:22+00:00,1.443888888888889,10.375,0.07671232876712329
2025-12-04 21:00:00+00:00,2026-01-02 00:00:00+00:00,NET,NET260102C00210000,call,False,210.0,7.8,8.35,8.35,204.35000610351562,0.4660087579345704,0.03548296713488007,0.0,3.0,13,2025-12-04 20:50:02+00:00,0.1661111111111111,8.075,0.07671232876712329
2025-12-04 21:00:00+00:00,2026-01-02 00:00:00+00:00,NET,NET260102C00215000,call,False,215.0,5.9,6.45,5.65,204.35000610351562,0.46082082153320314,0.03548296713488007,0.0,2.0,23,2025-12-04 15:21:38+00:00,5.639444444444444,6.175000000000001,0.07671232876712329
2025-12-04 21:00:00+00:00,2026-01-02 00:00:00+00:00,NET,NET260102C00220000,call,False,220.0,3.8,4.9,4.85,204.35000610351562,0.4567315069580079,0.03548296713488007,0.0,16.0,26,2025-12-04 20:46:36+00:00,0.22333333333333333,4.35,0.07671232876712329
2025-12-04 21:00:00+00:00,2026-01-02 00:00:00+00:00,NET,NET260102C00225000,call,False,225.0,3.0,3.65,2.87,204.35000610351562,0.4527642614746094,0.03548296713488007,0.0,2.0,9,2025-12-02 16:44:07+00:00,52.264722222222225,3.325,0.07671232876712329
2025-12-04 21:00:00+00:00,2026-01-02 00:00:00+00:00,NET,NET260102C00230000,call,False,230.0,1.99,2.82,2.71,204.35000610351562,0.4585015087890626,0.03548296713488007,0.0,2.0,12,2025-12-04 18:36:25+00:00,2.3930555555555557,2.405,0.07671232876712329
2025-12-04 21:00:00+00:00,2026-01-02 00:00:00+00:00,NET,NET260102C00235000,call,False,235.0,1.39,2.71,1.7,204.35000610351562,0.5003712072753908,0.03548296713488007,0.0,1.0,5,2025-12-04 16:21:02+00:00,4.649444444444445,2.05,0.07671232876712329
2025-12-04 21:00:00+00:00,2026-01-02 00:00:00+00:00,NET,NET260102C00240000,call,False,240.0,0.82,2.45,1.06,204.35000610351562,0.5286912365722658,0.03548296713488007,0.0,1.0,5,2025-12-03 17:33:14+00:00,27.44611111111111,1.635,0.07671232876712329
2025-12-04 21:00:00+00:00,2026-01-02 00:00:00+00:00,NET,NET260102C00245000,call,False,245.0,0.01,2.44,7.2,204.35000610351562,0.5711712805175782,0.03548296713488007,0.0,,1,2025-11-13 15:51:29+00:00,509.14194444444445,1.2249999999999999,0.07671232876712329
2025-12-04 21:00:00+00:00,2026-01-02 00:00:00+00:00,NET,NET260102C00250000,call,False,250.0,0.54,0.98,0.6,204.35000610351562,0.48120635986328125,0.03548296713488007,0.0,3.0,8,2025-12-04 15:42:22+00:00,5.293888888888889,0.76,0.07671232876712329
2025-12-04 21:00:00+00:00,2026-01-02 00:00:00+00:00,NET,NET260102C00255000,call,False,255.0,0.0,0.68,1.5,204.35000610351562,0.4770560107421875,0.03548296713488007,0.0,,1,2025-11-20 14:45:26+00:00,342.2427777777778,0.34,0.07671232876712329
2025-12-04 21:00:00+00:00,2026-01-02 00:00:00+00:00,NET,NET260102C00270000,call,False,270.0,0.0,1.15,0.98,204.35000610351562,0.551762294921875,0.03548296713488007,0.0,,2,2025-11-19 18:08:33+00:00,362.8575,0.575,0.07671232876712329
2025-12-04 21:00:00+00:00,2026-01-02 00:00:00+00:00,NET,NET260102C00335000,call,False,335.0,0.0,0.9,0.23,204.35000610351562,0.8383805224609374,0.03548296713488007,0.0,1.0,1,2025-11-14 14:31:32+00:00,486.47444444444443,0.45,0.07671232876712329
2025-12-04 21:00:00+00:00,2026-01-02 00:00:00+00:00,NET,NET260102P00150000,put,False,150.0,0.0,1.35,0.96,204.35000610351562,0.6521030883789063,0.03548296713488007,0.0,1.0,8,2025-11-28 15:15:33+00:00,149.74083333333334,0.675,0.07671232876712329
2025-12-04 21:00:00+00:00,2026-01-02 00:00:00+00:00,NET,NET260102P00160000,put,False,160.0,0.0,1.6,0.82,204.35000610351562,0.5576216113281252,0.03548296713488007,0.0,2.0,4,2025-12-03 16:33:48+00:00,28.436666666666667,0.8,0.07671232876712329
2025-12-04 21:00:00+00:00,2026-01-02 00:00:00+00:00,NET,NET260102P00165000,put,False,165.0,0.31,2.04,1.67,204.35000610351562,0.5493209130859377,0.03548296713488007,0.0,1.0,7,2025-12-04 16:01:53+00:00,4.9686111111111115,1.175,0.07671232876712329
2025-12-04 21:00:00+00:00,2026-01-02 00:00:00+00:00,NET,NET260102P00170000,put,False,170.0,0.49,1.55,1.15,204.35000610351562,0.5280808911132813,0.03548296713488007,0.0,5.0,15,2025-12-04 20:06:59+00:00,0.8836111111111111,1.02,0.07671232876712329
2025-12-04 21:00:00+00:00,2026-01-02 00:00:00+00:00,NET,NET260102P00175000,put,False,175.0,1.04,1.72,1.55,204.35000610351562,0.4804739453125,0.03548296713488007,0.0,3.0,18,2025-12-04 18:28:36+00:00,2.5233333333333334,1.38,0.07671232876712329
2025-12-04 21:00:00+00:00,2026-01-02 00:00:00+00:00,NET,NET260102P00180000,put,False,180.0,1.63,2.66,2.82,204.35000610351562,0.4859670544433594,0.03548296713488007,0.0,24.0,19,2025-12-03 16:56:22+00:00,28.060555555555556,2.145,0.07671232876712329
2025-12-04 21:00:00+00:00,2026-01-02 00:00:00+00:00,NET,NET260102P00185000,put,False,185.0,2.1,3.4,3.07,204.35000610351562,0.46143116699218756,0.03548296713488007,0.0,4.0,13,2025-12-04 20:24:38+00:00,0.5894444444444444,2.75,0.07671232876712329
2025-12-04 21:00:00+00:00,2026-01-02 00:00:00+00:00,NET,NET260102P00190000,put,False,190.0,4.35,4.6,4.62,204.35000610351562,0.4505670178222656,0.03548296713488007,0.0,1.0,23,2025-12-03 20:54:22+00:00,24.093888888888888,4.475,0.07671232876712329
2025-12-04 21:00:00+00:00,2026-01-02 00:00:00+00:00,NET,NET260102P00195000,put,False,195.0,5.95,6.2,7.29,204.35000610351562,0.44397528686523435,0.03548296713488007,0.0,2.0,23,2025-12-02 20:17:51+00:00,48.7025,6.075,0.07671232876712329
2025-12-04 21:00:00+00:00,2026-01-02 00:00:00+00:00,NET,NET260102P00200000,put,False,200.0,7.9,8.5,12.47,204.35000610351562,0.45227598510742195,0.03548296713488007,0.0,2.0,16,2025-12-01 16:09:46+00:00,76.83722222222222,8.2,0.07671232876712329
2025-12-04 21:00:00+00:00,2026-01-02 00:00:00+00:00,NET,NET260102P00205000,put,True,205.0,10.2,10.95,15.22,204.35000610351562,0.44995667236328124,0.03548296713488007,0.0,2.0,2,2025-12-01 16:09:46+00:00,76.83722222222222,10.575,0.07671232876712329
2025-12-04 21:00:00+00:00,2026-01-02 00:00:00+00:00,NET,NET260102P00210000,put,True,210.0,12.75,13.65,26.82,204.35000610351562,0.4422663195800781,0.03548296713488007,0.0,1.0,4,2025-11-21 18:23:32+00:00,314.60777777777776,13.2,0.07671232876712329
2025-12-04 21:00:00+00:00,2026-01-02 00:00:00+00:00,NET,NET260102P00215000,put,True,215.0,15.9,16.75,15.4,204.35000610351562,0.43604079589843747,0.03548296713488007,0.0,1.0,6,2025-12-02 15:20:59+00:00,53.65027777777778,16.325,0.07671232876712329
2025-12-04 21:00:00+00:00,2026-01-02 00:00:00+00:00,NET,NET260102P00220000,put,True,220.0,18.2,21.4,28.64,204.35000610351562,0.48816429809570316,0.03548296713488007,0.0,,2,2025-11-19 20:54:45+00:00,360.0875,19.799999999999997,0.07671232876712329
2025-12-04 21:00:00+00:00,2026-01-02 00:00:00+00:00,NET,NET260102P00225000,put,True,225.0,22.0,25.5,20.9,204.35000610351562,0.5053760400390624,0.03548296713488007,0.0,,18,2025-11-13 19:01:46+00:00,505.97055555555556,23.75,0.07671232876712329
2025-12-04 21:00:00+00:00,2026-01-02 00:00:00+00:00,NET,NET260102P00230000,put,True,230.0,26.15,29.75,24.05,204.35000610351562,0.5212450219726561,0.03548296713488007,0.0,,6,2025-11-13 19:01:51+00:00,505.9691666666667,27.95,0.07671232876712329
2025-12-04 21:00:00+00:00,2026-01-02 00:00:00+00:00,NET,NET260102P00235000,put,True,235.0,30.35,34.0,48.0,204.35000610351562,0.5283250292968751,0.03548296713488007,0.0,10.0,10,2025-11-21 17:03:16+00:00,315.94555555555553,32.175,0.07671232876712329
2025-12-04 21:00:00+00:00,2026-01-02 00:00:00+00:00,NET,NET260102P00240000,put,True,240.0,35.05,38.6,52.02,204.35000610351562,0.5493209130859377,0.03548296713488007,0.0,1.0,1,2025-11-21 18:37:46+00:00,314.37055555555554,36.825,0.07671232876712329
2025-12-04 21:00:00+00:00,2026-01-09 00:00:00+00:00,NET,NET260109C00170000,call,True,170.0,34.85,38.3,36.78,204.35000610351562,0.5454147021484376,0.03548296713488007,0.0,1.0,1,2025-12-02 17:07:18+00:00,51.87833333333333,36.575,0.0958904109589041
2025-12-04 21:00:00+00:00,2026-01-09 00:00:00+00:00,NET,NET260109C00195000,call,True,195.0,15.65,18.9,17.69,204.35000610351562,0.547001600341797,0.03548296713488007,0.0,1.0,1,2025-12-02 14:31:02+00:00,54.48277777777778,17.275,0.0958904109589041
2025-12-04 21:00:00+00:00,2026-01-09 00:00:00+00:00,NET,NET260109C00200000,call,True,200.0,12.75,15.85,12.4,204.35000610351562,0.5333908966064453,0.03548296713488007,0.0,2.0,8,2025-12-03 14:51:56+00:00,30.134444444444444,14.3,0.0958904109589041
2025-12-04 21:00:00+00:00,2026-01-09 00:00:00+00:00,NET,NET260109C00205000,call,False,205.0,11.0,13.25,11.22,204.35000610351562,0.5266770965576173,0.03548296713488007,0.0,1.0,3,2025-12-03 19:10:39+00:00,25.8225,12.125,0.0958904109589041
2025-12-04 21:00:00+00:00,2026-01-09 00:00:00+00:00,NET,NET260109C00210000,call,False,210.0,7.65,11.75,10.0,204.35000610351562,0.5515181567382813,0.03548296713488007,0.0,12.0,11,2025-12-04 17:32:17+00:00,3.4619444444444443,9.7,0.0958904109589041
2025-12-04 21:00:00+00:00,2026-01-09 00:00:00+00:00,NET,NET260109C00220000,call,False,220.0,4.4,7.8,6.19,204.35000610351562,0.5337571038818358,0.03548296713488007,0.0,2.0,5,2025-12-04 18:37:36+00:00,2.3733333333333335,6.1,0.0958904109589041
2025-12-04 21:00:00+00:00,2026-01-09 00:00:00+00:00,NET,NET260109C00225000,call,False,225.0,3.3,6.3,4.87,204.35000610351562,0.5288133056640626,0.03548296713488007,0.0,3.0,2,2025-12-04 18:37:36+00:00,2.3733333333333335,4.8,0.0958904109589041
2025-12-04 21:00:00+00:00,2026-01-09 00:00:00+00:00,NET,NET260109C00230000,call,False,230.0,2.67,4.95,3.35,204.35000610351562,0.5202684692382812,0.03548296713488007,0.0,2.0,79,2025-12-03 20:12:42+00:00,24.788333333333334,3.81,0.0958904109589041
2025-12-04 21:00:00+00:00,2026-01-09 00:00:00+00:00,NET,NET260109C00235000,call,False,235.0,1.32,4.85,2.52,204.35000610351562,0.5637861004638673,0.03548296713488007,0.0,1.0,1,2025-12-02 19:57:59+00:00,49.033611111111114,3.085,0.0958904109589041
2025-12-04 21:00:00+00:00,2026-01-09 00:00:00+00:00,NET,NET260109C00240000,call,False,240.0,0.95,4.2,1.91,204.35000610351562,0.5759319750976561,0.03548296713488007,0.0,1.0,4,2025-12-02 19:57:59+00:00,49.033611111111114,2.575,0.0958904109589041
2025-12-04 21:00:00+00:00,2026-01-09 00:00:00+00:00,NET,NET260109C00250000,call,False,250.0,0.0,2.55,1.4,204.35000610351562,0.5590864404296876,0.03548296713488007,0.0,4.0,4,2025-12-02 15:38:27+00:00,53.35916666666667,1.275,0.0958904109589041
2025-12-04 21:00:00+00:00,2026-01-09 00:00:00+00:00,NET,NET260109P00170000,put,False,170.0,0.54,2.31,1.7,204.35000610351562,0.5369919348144532,0.03548296713488007,0.0,68.0,1,2025-12-04 18:28:43+00:00,2.5213888888888887,1.425,0.0958904109589041
2025-12-04 21:00:00+00:00,2026-01-09 00:00:00+00:00,NET,NET260109P00175000,put,False,175.0,1.17,2.96,2.35,204.35000610351562,0.5197801928710937,0.03548296713488007,0.0,3.0,5,2025-12-02 18:08:20+00:00,50.861111111111114,2.065,0.0958904109589041
2025-12-04 21:00:00+00:00,2026-01-09 00:00:00+00:00,NET,NET260109P00180000,put,False,180.0,1.3,3.25,3.35,204.35000610351562,0.4730277307128906,0.03548296713488007,0.0,16.0,4,2025-12-04 16:27:45+00:00,4.5375,2.275,0.0958904109589041
2025-12-04 21:00:00+00:00,2026-01-09 00:00:00+00:00,NET,NET260109P00190000,put,False,190.0,3.95,7.3,5.64,204.35000610351562,0.5275926147460939,0.03548296713488007,0.0,1.0,6,2025-12-04 17:38:11+00:00,3.363611111111111,5.625,0.0958904109589041
2025-12-04 21:00:00+00:00,2026-01-09 00:00:00+00:00,NET,NET260109P00200000,put,False,200.0,7.5,10.8,8.81,204.35000610351562,0.49805189453125004,0.03548296713488007,0.0,2.0,2,2025-12-02 17:35:02+00:00,51.416111111111114,9.15,0.0958904109589041
2025-12-04 21:00:00+00:00,2026-01-09 00:00:00+00:00,NET,NET260109P00205000,put,True,205.0,10.05,13.05,14.29,204.35000610351562,0.4862111926269531,0.03548296713488007,0.0,40.0,40,2025-11-28 16:49:35+00:00,148.17361111111111,11.55,0.0958904109589041
2025-12-04 21:00:00+00:00,2026-01-09 00:00:00+00:00,NET,NET260109P00210000,put,True,210.0,12.55,16.5,17.23,204.35000610351562,0.5090381127929688,0.03548296713488007,0.0,40.0,40,2025-11-28 16:49:35+00:00,148.17361111111111,14.525,0.0958904109589041
2025-12-04 21:00:00+00:00,2026-01-09 00:00:00+00:00,NET,NET260109P00215000,put,True,215.0,15.65,19.35,16.63,204.35000610351562,0.4974415490722657,0.03548296713488007,0.0,1.0,1,2025-12-02 15:20:59+00:00,53.65027777777778,17.5,0.0958904109589041
2025-12-04 21:00:00+00:00,2026-01-16 00:00:00+00:00,NET,NET260116C00030000,call,True,30.0,169.65,173.6,219.5,204.35000610351562,1.0000000000000003e-05,0.03548296713488007,0.0,1.0,26,2025-10-31 19:10:36+00:00,817.8233333333334,171.625,0.11506849315068493
2025-12-04 21:00:00+00:00,2026-01-16 00:00:00+00:00,NET,NET260116C00035000,call,True,35.0,0.0,0.0,162.52,204.35000610351562,1.0000000000000003e-05,0.03548296713488007,0.0,1.0,24,2025-08-25 18:46:05+00:00,2426.2319444444443,0.0,0.11506849315068493
2025-12-04 21:00:00+00:00,2026-01-16 00:00:00+00:00,NET,NET260116C00040000,call,True,40.0,162.5,166.45,159.65,204.35000610351562,2.14844212890625,0.03548296713488007,0.0,1.0,86,2025-11-20 15:19:56+00:00,341.66777777777776,164.475,0.11506849315068493
2025-12-04 21:00:00+00:00,2026-01-16 00:00:00+00:00,NET,NET260116C00042500,call,True,42.5,157.15,161.2,187.94,204.35000610351562,1.0000000000000003e-05,0.03548296713488007,0.0,63.0,63,2025-10-30 17:48:45+00:00,843.1875,159.175,0.11506849315068493
2025-12-04 21:00:00+00:00,2026-01-16 00:00:00+00:00,NET,NET260116C00045000,call,True,45.0,154.55,158.7,185.46,204.35000610351562,1.0000000000000003e-05,0.03548296713488007,0.0,63.0,114,2025-10-30 17:48:45+00:00,843.1875,156.625,0.11506849315068493
2025-12-04 21:00:00+00:00,2026-01-16 00:00:00+00:00,NET,NET260116C00047500,call,True,47.5,67.55,71.95,49.76,204.35000610351562,1.0000000000000003e-05,0.03548296713488007,0.0,1.0,4,2024-12-16 05:10:46+00:00,8487.820555555556,69.75,0.11506849315068493
2025-12-04 21:00:00+00:00,2026-01-16 00:00:00+00:00,NET,NET260116C00050000,call,True,50.0,152.5,156.65,151.79,204.35000610351562,1.93359408203125,0.03548296713488007,0.0,16.0,67,2025-12-02 20:00:27+00:00,48.9925,154.575,0.11506849315068493
2025-12-04 21:00:00+00:00,2026-01-16 00:00:00+00:00,NET,NET260116C00055000,call,True,55.0,147.5,151.55,147.08,204.35000610351562,1.7734386328124998,0.03548296713488007,0.0,54.0,46,2025-12-02 19:59:20+00:00,49.01111111111111,149.525,0.11506849315068493
2025-12-04 21:00:00+00:00,2026-01-16 00:00:00+00:00,NET,NET260116C00060000,call,True,60.0,142.6,146.65,126.09,204.35000610351562,1.720704521484375,0.03548296713488007,0.0,2.0,73,2025-11-21 15:23:43+00:00,317.6047222222222,144.625,0.11506849315068493
2025-12-04 21:00:00+00:00,2026-01-16 00:00:00+00:00,NET,NET260116C00065000,call,True,65.0,137.55,141.75,133.72,204.35000610351562,1.626954990234375,0.03548296713488007,0.0,5.0,379,2025-11-26 20:56:48+00:00,192.05333333333334,139.65,0.11506849315068493
2025-12-04 21:00:00+00:00,2026-01-16 00:00:00+00:00,NET,NET260116C00070000,call,True,70.0,132.7,136.75,154.5,204.35000610351562,1.5625021874999998,0.03548296713488007,0.0,1.0,438,2025-11-13 14:35:10+00:00,510.4138888888889,134.725,0.11506849315068493
2025-12-04 21:00:00+00:00,2026-01-16 00:00:00+00:00,NET,NET260116C00072500,call,True,72.5,100.55,103.95,83.23,204.35000610351562,1.0000000000000003e-05,0.03548296713488007,0.0,1.0,20,2025-05-15 13:47:38+00:00,4879.206111111111,102.25,0.11506849315068493
2025-12-04 21:00:00+00:00,2026-01-16 00:00:00+00:00,NET,NET260116C00075000,call,True,75.0,127.65,131.8,150.37,204.35000610351562,1.4682643774414061,0.03548296713488007,0.0,2.0,114,2025-11-06 17:51:00+00:00,675.15,129.72500000000002,0.11506849315068493
2025-12-04 21:00:00+00:00,2026-01-16 00:00:00+00:00,NET,NET260116C00077500,call,True,77.5,26.55,27.4,22.7,204.35000610351562,1.0000000000000003e-05,0.03548296713488007,0.0,1.0,1,2024-12-16 05:10:47+00:00,8487.820277777777,26.975,0.11506849315068493
2025-12-04 21:00:00+00:00,2026-01-16 00:00:00+00:00,NET,NET260116C00080000,call,True,80.0,122.65,126.85,123.5,204.35000610351562,1.390139768066406,0.03548296713488007,0.0,2.0,417,2025-12-02 18:22:46+00:00,50.620555555555555,124.75,0.11506849315068493
2025-12-04 21:00:00+00:00,2026-01-16 00:00:00+00:00,NET,NET260116C00082500,call,True,82.5,127.45,130.95,135.87,204.35000610351562,2.4389687463378906,0.03548296713488007,0.0,1.0,28,2025-09-29 16:07:37+00:00,1588.8730555555555,129.2,0.11506849315068493
2025-12-04 21:00:00+00:00,2026-01-16 00:00:00+00:00,NET,NET260116C00085000,call,True,85.0,117.7,121.9,109.13,204.35000610351562,1.3251986865234373,0.03548296713488007,0.0,1.0,107,2025-11-24 16:52:51+00:00,244.11916666666667,119.80000000000001,0.11506849315068493
2025-12-04 21:00:00+00:00,2026-01-16 00:00:00+00:00,NET,NET260116C00087500,call,True,87.5,0.0,0.0,115.2,204.35000610351562,1.0000000000000003e-05,0.03548296713488007,0.0,1.0,32,2025-08-12 14:45:53+00:00,2742.235277777778,0.0,0.11506849315068493
2025-12-04 21:00:00+00:00,2026-01-16 00:00:00+00:00,NET,NET260116C00090000,call,True,90.0,113.1,116.45,117.65,204.35000610351562,1.2382850585937497,0.03548296713488007,0.0,1.0,272,2025-11-17 14:32:45+00:00,414.45416666666665,114.775,0.11506849315068493
2025-12-04 21:00:00+00:00,2026-01-16 00:00:00+00:00,NET,NET260116C00092500,call,True,92.5,90.9,93.65,48.0,204.35000610351562,1.0000000000000003e-05,0.03548296713488007,0.0,40.0,25,2025-05-09 14:47:05+00:00,5022.215277777777,92.275,0.11506849315068493
2025-12-04 21:00:00+00:00,2026-01-16 00:00:00+00:00,NET,NET260116C00095000,call,True,95.0,108.05,111.5,109.88,204.35000610351562,1.1640666796875,0.03548296713488007,0.0,1.0,523,2025-12-02 15:55:42+00:00,53.071666666666665,109.775,0.11506849315068493
2025-12-04 21:00:00+00:00,2026-01-16 00:00:00+00:00,NET,NET260116C00097500,call,True,97.5,0.0,0.0,110.84,204.35000610351562,1.0000000000000003e-05,0.03548296713488007,0.0,2.0,52,2025-09-02 16:36:42+00:00,2236.3883333333333,0.0,0.11506849315068493
2025-12-04 21:00:00+00:00,2026-01-16 00:00:00+00:00,NET,NET260116C00100000,call,True,100.0,103.2,106.3,102.83,204.35000610351562,1.0859420703125,0.03548296713488007,0.0,5.0,1098,2025-12-02 18:52:03+00:00,50.1325,104.75,0.11506849315068493
2025-12-04 21:00:00+00:00,2026-01-16 00:00:00+00:00,NET,NET260116C00105000,call,True,105.0,98.3,101.65,97.74,204.35000610351562,1.0791061669921875,0.03548296713488007,0.0,2.0,902,2025-11-25 20:35:00+00:00,216.41666666666666,99.975,0.11506849315068493
2025-12-04 21:00:00+00:00,2026-01-16 00:00:00+00:00,NET,NET260116C00110000,call,True,110.0,93.35,96.7,92.55,204.35000610351562,1.023930661621094,0.03548296713488007,0.0,2.0,455,2025-12-04 15:14:10+00:00,5.763888888888889,95.025,0.11506849315068493
2025-12-04 21:00:00+00:00,2026-01-16 00:00:00+00:00,NET,NET260116C00115000,call,True,115.0,88.3,91.75,87.61,204.35000610351562,0.9594730615234374,0.03548296713488007,0.0,2.0,519,2025-12-04 15:14:10+00:00,5.763888888888889,90.025,0.11506849315068493
2025-12-04 21:00:00+00:00,2026-01-16 00:00:00+00:00,NET,NET260116C00120000,call,True,120.0,83.5,86.85,82.65,204.35000610351562,0.9262702685546875,0.03548296713488007,0.0,2.0,884,2025-12-04 15:14:10+00:00,5.763888888888889,85.175,0.11506849315068493
2025-12-04 21:00:00+00:00,2026-01-16 00:00:00+00:00,NET,NET260116C00125000,call,True,125.0,78.5,81.9,80.28,204.35000610351562,0.8696302099609375,0.03548296713488007,0.0,7.0,480,2025-12-04 18:57:05+00:00,2.048611111111111,80.2,0.11506849315068493
2025-12-04 21:00:00+00:00,2026-01-16 00:00:00+00:00,NET,NET260116C00130000,call,True,130.0,73.65,77.0,72.83,204.35000610351562,0.8300798242187499,0.03548296713488007,0.0,2.0,1372,2025-12-04 15:14:10+00:00,5.763888888888889,75.325,0.11506849315068493
2025-12-04 21:00:00+00:00,2026-01-16 00:00:00+00:00,NET,NET260116C00135000,call,True,135.0,69.5,72.1,64.37,204.35000610351562,0.834718449707031,0.03548296713488007,0.0,3.0,205,2025-11-25 20:51:50+00:00,216.13611111111112,70.8,0.11506849315068493
2025-12-04 21:00:00+00:00,2026-01-16 00:00:00+00:00,NET,NET260116C00140000,call,True,140.0,64.65,67.25,63.9,204.35000610351562,0.7917501293945313,0.03548296713488007,0.0,5.0,2029,2025-12-03 17:16:59+00:00,27.716944444444444,65.95,0.11506849315068493
2025-12-04 21:00:00+00:00,2026-01-16 00:00:00+00:00,NET,NET260116C00145000,call,True,145.0,59.05,62.3,79.01,204.35000610351562,0.7026396923828125,0.03548296713488007,0.0,1.0,673,2025-11-13 15:01:07+00:00,509.9813888888889,60.675,0.11506849315068493
2025-12-04 21:00:00+00:00,2026-01-16 00:00:00+00:00,NET,NET260116C00150000,call,True,150.0,54.2,57.6,54.9,204.35000610351562,0.6699251757812501,0.03548296713488007,0.0,100.0,635,2025-12-02 18:08:04+00:00,50.86555555555555,55.900000000000006,0.11506849315068493
2025-12-04 21:00:00+00:00,2026-01-16 00:00:00+00:00,NET,NET260116C00155000,call,True,155.0,50.35,52.8,40.2,204.35000610351562,0.6728548339843752,0.03548296713488007,0.0,2.0,807,2025-11-25 16:43:12+00:00,220.28,51.575,0.11506849315068493
2025-12-04 21:00:00+00:00,2026-01-16 00:00:00+00:00,NET,NET260116C00160000,call,True,160.0,45.6,48.3,46.7,204.35000610351562,0.6425816992187501,0.03548296713488007,0.0,1.0,277,2025-12-04 18:07:30+00:00,2.875,46.95,0.11506849315068493
2025-12-04 21:00:00+00:00,2026-01-16 00:00:00+00:00,NET,NET260116C00165000,call,True,165.0,41.05,42.3,39.9,204.35000610351562,0.5642133422851563,0.03548296713488007,0.0,1.0,606,2025-12-03 16:17:59+00:00,28.700277777777778,41.675,0.11506849315068493
2025-12-04 21:00:00+00:00,2026-01-16 00:00:00+00:00,NET,NET260116C00170000,call,True,170.0,36.6,39.1,31.05,204.35000610351562,0.580204393310547,0.03548296713488007,0.0,1.0,597,2025-12-01 15:34:18+00:00,77.42833333333333,37.85,0.11506849315068493
2025-12-04 21:00:00+00:00,2026-01-16 00:00:00+00:00,NET,NET260116C00175000,call,True,175.0,31.5,34.3,22.7,204.35000610351562,0.5214891601562499,0.03548296713488007,0.0,3.0,457,2025-11-25 15:27:36+00:00,221.54,32.9,0.11506849315068493
2025-12-04 21:00:00+00:00,2026-01-16 00:00:00+00:00,NET,NET260116C00180000,call,True,180.0,28.25,30.2,28.15,204.35000610351562,0.5256395092773438,0.03548296713488007,0.0,4.0,754,2025-11-26 19:52:48+00:00,193.12,29.225,0.11506849315068493
2025-12-04 21:00:00+00:00,2026-01-16 00:00:00+00:00,NET,NET260116C00185000,call,True,185.0,23.75,26.65,24.6,204.35000610351562,0.5026905200195313,0.03548296713488007,0.0,2.0,442,2025-12-03 19:29:46+00:00,25.503888888888888,25.2,0.11506849315068493
2025-12-04 21:00:00+00:00,2026-01-16 00:00:00+00:00,NET,NET260116C00190000,call,True,190.0,21.1,23.35,21.59,204.35000610351562,0.5147753601074219,0.03548296713488007,0.0,2.0,288,2025-12-03 17:24:17+00:00,27.595277777777778,22.225,0.11506849315068493
2025-12-04 21:00:00+00:00,2026-01-16 00:00:00+00:00,NET,NET260116C00195000,call,True,195.0,17.75,19.3,17.15,204.35000610351562,0.516606396484375,0.03548296713488007,0.0,1.0,285,2025-12-04 14:59:40+00:00,6.0055555555555555,18.525,0.11506849315068493
2025-12-04 21:00:00+00:00,2026-01-16 00:00:00+00:00,NET,NET260116C00200000,call,True,200.0,15.2,16.05,16.05,204.35000610351562,0.4963429272460938,0.03548296713488007,0.0,15.0,1350,2025-12-04 19:23:09+00:00,1.6141666666666667,15.625,0.11506849315068493
2025-12-04 21:00:00+00:00,2026-01-16 00:00:00+00:00,NET,NET260116C00210000,call,False,210.0,10.4,11.05,10.8,204.35000610351562,0.48090118713378904,0.03548296713488007,0.0,168.0,784,2025-12-04 20:49:33+00:00,0.17416666666666666,10.725000000000001,0.11506849315068493
2025-12-04 21:00:00+00:00,2026-01-16 00:00:00+00:00,NET,NET260116C00220000,call,False,220.0,6.75,7.45,7.06,204.35000610351562,0.4762015270996094,0.03548296713488007,0.0,77.0,2204,2025-12-04 17:57:00+00:00,3.05,7.1,0.11506849315068493
2025-12-04 21:00:00+00:00,2026-01-16 00:00:00+00:00,NET,NET260116C00230000,call,False,230.0,4.4,4.7,4.45,204.35000610351562,0.46619186157226566,0.03548296713488007,0.0,158.0,959,2025-12-04 20:13:37+00:00,0.7730555555555556,4.550000000000001,0.11506849315068493
2025-12-04 21:00:00+00:00,2026-01-16 00:00:00+00:00,NET,NET260116C00240000,call,False,240.0,2.6,3.0,2.84,204.35000610351562,0.46716841430664063,0.03548296713488007,0.0,23.0,733,2025-12-04 16:24:47+00:00,4.586944444444445,2.8,0.11506849315068493
2025-12-04 21:00:00+00:00,2026-01-16 00:00:00+00:00,NET,NET260116C00250000,call,False,250.0,1.41,2.32,1.83,204.35000610351562,0.4982960327148438,0.03548296713488007,0.0,9.0,1529,2025-12-04 19:19:00+00:00,1.6833333333333333,1.8649999999999998,0.11506849315068493
2025-12-04 21:00:00+00:00,2026-01-16 00:00:00+00:00,NET,NET260116C00260000,call,False,260.0,0.76,1.45,1.05,204.35000610351562,0.49707534179687507,0.03548296713488007,0.0,2.0,1152,2025-12-04 20:33:45+00:00,0.4375,1.105,0.11506849315068493
2025-12-04 21:00:00+00:00,2026-01-16 00:00:00+00:00,NET,NET260116C00270000,call,False,270.0,0.12,1.03,0.67,204.35000610351562,0.5118457019042968,0.03548296713488007,0.0,1.0,404,2025-12-04 18:16:34+00:00,2.723888888888889,0.575,0.11506849315068493
2025-12-04 21:00:00+00:00,2026-01-16 00:00:00+00:00,NET,NET260116C00280000,call,False,280.0,0.12,0.9,0.4,204.35000610351562,0.5463912548828126,0.03548296713488007,0.0,1.0,558,2025-12-02 20:48:58+00:00,48.18388888888889,0.51,0.11506849315068493
2025-12-04 21:00:00+00:00,2026-01-16 00:00:00+00:00,NET,NET260116C00290000,call,False,290.0,0.0,0.66,0.19,204.35000610351562,0.5593305786132813,0.03548296713488007,0.0,2.0,146,2025-12-02 18:21:52+00:00,50.635555555555555,0.33,0.11506849315068493
2025-12-04 21:00:00+00:00,2026-01-16 00:00:00+00:00,NET,NET260116C00300000,call,False,300.0,0.0,0.37,0.16,204.35000610351562,0.5468795312500001,0.03548296713488007,0.0,10.0,186,2025-12-03 14:31:21+00:00,30.4775,0.185,0.11506849315068493
2025-12-04 21:00:00+00:00,2026-01-16 00:00:00+00:00,NET,NET260116C00310000,call,False,310.0,0.01,0.2,0.19,204.35000610351562,0.5356491748046875,0.03548296713488007,0.0,2.0,117,2025-11-25 15:53:20+00:00,221.11111111111111,0.10500000000000001,0.11506849315068493
2025-12-04 21:00:00+00:00,2026-01-16 00:00:00+00:00,NET,NET260116C00320000,call,False,320.0,0.0,0.73,0.81,204.35000610351562,0.6196327099609377,0.03548296713488007,0.0,4.0,52,2025-11-13 18:30:07+00:00,506.49805555555554,0.365,0.11506849315068493
2025-12-04 21:00:00+00:00,2026-01-16 00:00:00+00:00,NET,NET260116C00330000,call,False,330.0,0.01,0.3,0.01,204.35000610351562,0.5830119824218749,0.03548296713488007,0.0,1.0,169,2025-11-25 16:14:54+00:00,220.75166666666667,0.155,0.11506849315068493
2025-12-04 21:00:00+00:00,2026-01-16 00:00:00+00:00,NET,NET260116C00340000,call,False,340.0,0.0,0.3,0.45,204.35000610351562,0.6113320117187502,0.03548296713488007,0.0,1.0,16,2025-11-13 19:43:30+00:00,505.275,0.15,0.11506849315068493
2025-12-04 21:00:00+00:00,2026-01-16 00:00:00+00:00,NET,NET260116C00360000,call,False,360.0,0.0,2.14,0.2,204.35000610351562,0.8881847119140623,0.03548296713488007,0.0,8.0,8,2025-12-02 15:47:49+00:00,53.20305555555556,1.07,0.11506849315068493
2025-12-04 21:00:00+00:00,2026-01-16 00:00:00+00:00,NET,NET260116C00380000,call,False,380.0,0.0,2.13,0.39,204.35000610351562,0.9526371923828124,0.03548296713488007,0.0,10.0,12,2025-11-13 14:33:27+00:00,510.4425,1.065,0.11506849315068493
2025-12-04 21:00:00+00:00,2026-01-16 00:00:00+00:00,NET,NET260116P00030000,put,False,30.0,0.0,0.15,0.03,204.35000610351562,2.1093797265624996,0.03548296713488007,0.0,1.0,85,2025-11-19 15:35:28+00:00,365.4088888888889,0.075,0.11506849315068493
2025-12-04 21:00:00+00:00,2026-01-16 00:00:00+00:00,NET,NET260116P00035000,put,False,35.0,0.0,0.01,0.03,204.35000610351562,1.5312523437499999,0.03548296713488007,0.0,15.0,825,2025-11-20 19:46:06+00:00,337.2316666666667,0.005,0.11506849315068493
2025-12-04 21:00:00+00:00,2026-01-16 00:00:00+00:00,NET,NET260116P00040000,put,False,40.0,0.0,0.35,0.1,204.35000610351562,1.9804688476562502,0.03548296713488007,0.0,1.0,85,2025-10-10 16:05:54+00:00,1324.9016666666666,0.175,0.11506849315068493
2025-12-04 21:00:00+00:00,2026-01-16 00:00:00+00:00,NET,NET260116P00042500,put,False,42.5,0.0,0.62,0.12,204.35000610351562,2.0566454833984373,0.03548296713488007,0.0,2.0,12,2025-07-16 18:15:20+00:00,3386.7444444444445,0.31,0.11506849315068493
2025-12-04 21:00:00+00:00,2026-01-16 00:00:00+00:00,NET,NET260116P00045000,put,False,45.0,0.0,2.13,0.08,204.35000610351562,2.416019584960937,0.03548296713488007,0.0,4.0,184,2025-09-08 19:45:38+00:00,2089.2394444444444,1.065,0.11506849315068493
2025-12-04 21:00:00+00:00,2026-01-16 00:00:00+00:00,NET,NET260116P00047500,put,False,47.5,0.0,1.36,0.27,204.35000610351562,2.155278049316406,0.03548296713488007,0.0,1.0,18,2025-07-21 19:46:28+00:00,3265.2255555555557,0.68,0.11506849315068493
2025-12-04 21:00:00+00:00,2026-01-16 00:00:00+00:00,NET,NET260116P00050000,put,False,50.0,0.0,0.42,0.19,204.35000610351562,1.75390748046875,0.03548296713488007,0.0,1.0,425,2025-08-22 16:51:49+00:00,2500.136388888889,0.21,0.11506849315068493
2025-12-04 21:00:00+00:00,2026-01-16 00:00:00+00:00,NET,NET260116P00055000,put,False,55.0,0.0,2.19,0.06,204.35000610351562,2.1157273669433594,0.03548296713488007,0.0,2.0,81,2025-09-24 19:15:52+00:00,1705.7355555555555,1.095,0.11506849315068493
2025-12-04 21:00:00+00:00,2026-01-16 00:00:00+00:00,NET,NET260116P00060000,put,False,60.0,0.0,1.39,0.57,204.35000610351562,1.8291024169921872,0.03548296713488007,0.0,1.0,284,2025-08-08 19:21:19+00:00,2833.6447222222223,0.695,0.11506849315068493
2025-12-04 21:00:00+00:00,2026-01-16 00:00:00+00:00,NET,NET260116P00065000,put,False,65.0,0.0,2.13,0.03,204.35000610351562,1.8505866845703123,0.03548296713488007,0.0,1.0,218,2025-12-01 16:06:11+00:00,76.89694444444444,1.065,0.11506849315068493
2025-12-04 21:00:00+00:00,2026-01-16 00:00:00+00:00,NET,NET260116P00070000,put,False,70.0,0.0,0.85,0.17,204.35000610351562,1.4902369238281248,0.03548296713488007,0.0,2.0,1003,2025-09-22 16:15:12+00:00,1756.7466666666667,0.425,0.11506849315068493
2025-12-04 21:00:00+00:00,2026-01-16 00:00:00+00:00,NET,NET260116P00072500,put,False,72.5,0.0,0.0,11.12,204.35000610351562,0.500005,0.03548296713488007,0.0,1.0,0,2025-04-07 13:33:25+00:00,5791.4430555555555,0.0,0.11506849315068493
2025-12-04 21:00:00+00:00,2026-01-16 00:00:00+00:00,NET,NET260116P00075000,put,False,75.0,0.0,1.97,0.17,204.35000610351562,1.6118183471679686,0.03548296713488007,0.0,1.0,298,2025-10-27 18:04:04+00:00,914.9322222222222,0.985,0.11506849315068493
2025-12-04 21:00:00+00:00,2026-01-16 00:00:00+00:00,NET,NET260116P00077500,put,False,77.5,0.31,1.74,1.07,204.35000610351562,1.5747091577148438,0.03548296713488007,0.0,1.0,90,2025-06-11 15:49:35+00:00,4229.173611111111,1.025,0.11506849315068493
2025-12-04 21:00:00+00:00,2026-01-16 00:00:00+00:00,NET,NET260116P00080000,put,False,80.0,0.0,0.97,0.25,204.35000610351562,1.3437532812499997,0.03548296713488007,0.0,2.0,1123,2025-10-30 15:26:16+00:00,845.5622222222222,0.485,0.11506849315068493
2025-12-04 21:00:00+00:00,2026-01-16 00:00:00+00:00,NET,NET260116P00082500,put,False,82.5,0.0,1.19,0.4,204.35000610351562,1.3466829541015621,0.03548296713488007,0.0,1.0,104,2025-11-14 20:29:46+00:00,480.50388888888887,0.595,0.11506849315068493
2025-12-04 21:00:00+00:00,2026-01-16 00:00:00+00:00,NET,NET260116P00085000,put,False,85.0,0.0,1.47,0.54,204.35000610351562,1.3535188574218748,0.03548296713488007,0.0,1.0,157,2025-11-14 20:29:46+00:00,480.50388888888887,0.735,0.11506849315068493
2025-12-04 21:00:00+00:00,2026-01-16 00:00:00+00:00,NET,NET260116P00087500,put,False,87.5,0.0,0.56,0.79,204.35000610351562,1.1279340478515625,0.03548296713488007,0.0,5.0,32,2025-08-21 17:10:36+00:00,2523.8233333333333,0.28,0.11506849315068493
2025-12-04 21:00:00+00:00,2026-01-16 00:00:00+00:00,NET,NET260116P00090000,put,False,90.0,0.0,0.35,0.17,204.35000610351562,1.0253954980468751,0.03548296713488007,0.0,2.0,1799,2025-10-30 15:26:27+00:00,845.5591666666667,0.175,0.11506849315068493
2025-12-04 21:00:00+00:00,2026-01-16 00:00:00+00:00,NET,NET260116P00092500,put,False,92.5,0.0,0.29,0.32,204.35000610351562,0.9707034179687499,0.03548296713488007,0.0,1.0,613,2025-11-19 18:59:16+00:00,362.01222222222225,0.145,0.11506849315068493
2025-12-04 21:00:00+00:00,2026-01-16 00:00:00+00:00,NET,NET260116P00095000,put,False,95.0,0.0,0.3,0.27,204.35000610351562,0.9443364941406249,0.03548296713488007,0.0,1.0,467,2025-11-20 20:44:04+00:00,336.2655555555556,0.15,0.11506849315068493
2025-12-04 21:00:00+00:00,2026-01-16 00:00:00+00:00,NET,NET260116P00097500,put,False,97.5,0.0,2.07,0.66,204.35000610351562,1.2368202221679687,0.03548296713488007,0.0,1.0,370,2025-08-27 18:48:33+00:00,2378.1908333333336,1.035,0.11506849315068493
2025-12-04 21:00:00+00:00,2026-01-16 00:00:00+00:00,NET,NET260116P00100000,put,False,100.0,0.0,0.32,0.16,204.35000610351562,0.89257919921875,0.03548296713488007,0.0,1.0,1337,2025-11-25 20:08:22+00:00,216.86055555555555,0.16,0.11506849315068493
2025-12-04 21:00:00+00:00,2026-01-16 00:00:00+00:00,NET,NET260116P00105000,put,False,105.0,0.05,0.33,0.19,204.35000610351562,0.8564467480468749,0.03548296713488007,0.0,1.0,558,2025-11-26 18:58:23+00:00,194.02694444444444,0.19,0.11506849315068493
2025-12-04 21:00:00+00:00,2026-01-16 00:00:00+00:00,NET,NET260116P00110000,put,False,110.0,0.15,0.37,0.21,204.35000610351562,0.8378922460937499,0.03548296713488007,0.0,2.0,874,2025-12-04 15:14:10+00:00,5.763888888888889,0.26,0.11506849315068493
2025-12-04 21:00:00+00:00,2026-01-16 00:00:00+00:00,NET,NET260116P00115000,put,False,115.0,0.0,0.36,0.22,204.35000610351562,0.74414318359375,0.03548296713488007,0.0,2.0,278,2025-12-04 15:14:10+00:00,5.763888888888889,0.18,0.11506849315068493
2025-12-04 21:00:00+00:00,2026-01-16 00:00:00+00:00,NET,NET260116P00120000,put,False,120.0,0.0,0.45,0.26,204.35000610351562,0.7158231542968749,0.03548296713488007,0.0,2.0,907,2025-12-04 15:14:10+00:00,5.763888888888889,0.225,0.11506849315068493
2025-12-04 21:00:00+00:00,2026-01-16 00:00:00+00:00,NET,NET260116P00125000,put,False,125.0,0.08,0.49,0.29,204.35000610351562,0.6904327832031252,0.03548296713488007,0.0,2.0,289,2025-12-04 15:14:10+00:00,5.763888888888889,0.285,0.11506849315068493
2025-12-04 21:00:00+00:00,2026-01-16 00:00:00+00:00,NET,NET260116P00130000,put,False,130.0,0.1,0.55,0.33,204.35000610351562,0.6547886083984377,0.03548296713488007,0.0,1.0,1255,2025-12-04 15:14:10+00:00,5.763888888888889,0.325,0.11506849315068493
2025-12-04 21:00:00+00:00,2026-01-16 00:00:00+00:00,NET,NET260116P00135000,put,False,135.0,0.2,0.67,0.44,204.35000610351562,0.6367223828125,0.03548296713488007,0.0,1.0,235,2025-12-04 15:14:10+00:00,5.763888888888889,0.43500000000000005,0.11506849315068493
2025-12-04 21:00:00+00:00,2026-01-16 00:00:00+00:00,NET,NET260116P00140000,put,False,140.0,0.1,0.69,0.62,204.35000610351562,0.57812921875,0.03548296713488007,0.0,10.0,945,2025-12-02 14:41:24+00:00,54.31,0.39499999999999996,0.11506849315068493
2025-12-04 21:00:00+00:00,2026-01-16 00:00:00+00:00,NET,NET260116P00145000,put,False,145.0,0.24,1.1,0.69,204.35000610351562,0.5864299169921875,0.03548296713488007,0.0,13.0,1020,2025-12-03 17:28:01+00:00,27.533055555555556,0.67,0.11506849315068493
2025-12-04 21:00:00+00:00,2026-01-16 00:00:00+00:00,NET,NET260116P00150000,put,False,150.0,0.32,0.98,0.89,204.35000610351562,0.5344284838867188,0.03548296713488007,0.0,1.0,984,2025-12-03 17:27:59+00:00,27.53361111111111,0.65,0.11506849315068493
2025-12-04 21:00:00+00:00,2026-01-16 00:00:00+00:00,NET,NET260116P00155000,put,False,155.0,0.82,1.17,1.25,204.35000610351562,0.5339402075195312,0.03548296713488007,0.0,11.0,361,2025-12-03 17:02:02+00:00,27.96611111111111,0.9949999999999999,0.11506849315068493
2025-12-04 21:00:00+00:00,2026-01-16 00:00:00+00:00,NET,NET260116P00160000,put,False,160.0,1.02,1.71,1.38,204.35000610351562,0.523320196533203,0.03548296713488007,0.0,1.0,274,2025-12-04 18:58:31+00:00,2.024722222222222,1.365,0.11506849315068493
2025-12-04 21:00:00+00:00,2026-01-16 00:00:00+00:00,NET,NET260116P00165000,put,False,165.0,1.53,2.1,1.82,204.35000610351562,0.5105029418945313,0.03548296713488007,0.0,2.0,1089,2025-12-04 18:51:35+00:00,2.140277777777778,1.815,0.11506849315068493
2025-12-04 21:00:00+00:00,2026-01-16 00:00:00+00:00,NET,NET260116P00170000,put,False,170.0,1.94,2.77,2.34,204.35000610351562,0.5231981274414061,0.03548296713488007,0.0,93.0,1266,2025-12-04 19:04:22+00:00,1.9272222222222222,2.355,0.11506849315068493
2025-12-04 21:00:00+00:00,2026-01-16 00:00:00+00:00,NET,NET260116P00175000,put,False,175.0,2.7,3.6,2.91,204.35000610351562,0.5133105310058592,0.03548296713488007,0.0,55.0,714,2025-12-04 20:59:42+00:00,0.005,3.1500000000000004,0.11506849315068493
2025-12-04 21:00:00+00:00,2026-01-16 00:00:00+00:00,NET,NET260116P00180000,put,False,180.0,3.5,4.0,4.0,204.35000610351562,0.4727835925292969,0.03548296713488007,0.0,11.0,276,2025-12-04 16:38:51+00:00,4.3525,3.75,0.11506849315068493
2025-12-04 21:00:00+00:00,2026-01-16 00:00:00+00:00,NET,NET260116P00185000,put,False,185.0,4.65,5.2,5.25,204.35000610351562,0.46521530883789064,0.03548296713488007,0.0,3.0,226,2025-12-04 16:26:58+00:00,4.5505555555555555,4.925000000000001,0.11506849315068493
2025-12-04 21:00:00+00:00,2026-01-16 00:00:00+00:00,NET,NET260116P00190000,put,False,190.0,6.15,6.65,7.1,204.35000610351562,0.4574639215087891,0.03548296713488007,0.0,6.0,625,2025-12-03 20:17:41+00:00,24.705277777777777,6.4,0.11506849315068493
2025-12-04 21:00:00+00:00,2026-01-16 00:00:00+00:00,NET,NET260116P00195000,put,False,195.0,8.0,8.55,8.95,204.35000610351562,0.45642633422851564,0.03548296713488007,0.0,5.0,555,2025-12-04 16:35:58+00:00,4.400555555555556,8.275,0.11506849315068493
2025-12-04 21:00:00+00:00,2026-01-16 00:00:00+00:00,NET,NET260116P00200000,put,False,200.0,10.05,10.75,10.1,204.35000610351562,0.45490047058105465,0.03548296713488007,0.0,19.0,683,2025-12-04 19:41:41+00:00,1.3052777777777778,10.4,0.11506849315068493
2025-12-04 21:00:00+00:00,2026-01-16 00:00:00+00:00,NET,NET260116P00210000,put,True,210.0,14.1,15.9,16.25,204.35000610351562,0.4454401159667969,0.03548296713488007,0.0,5.0,362,2025-12-04 16:34:54+00:00,4.418333333333333,15.0,0.11506849315068493
2025-12-04 21:00:00+00:00,2026-01-16 00:00:00+00:00,NET,NET260116P00220000,put,True,220.0,20.6,23.05,21.92,204.35000610351562,0.4668632415771484,0.03548296713488007,0.0,2.0,326,2025-12-03 20:17:03+00:00,24.715833333333332,21.825000000000003,0.11506849315068493
2025-12-04 21:00:00+00:00,2026-01-16 00:00:00+00:00,NET,NET260116P00230000,put,True,230.0,28.2,30.2,34.16,204.35000610351562,0.4508111560058594,0.03548296713488007,0.0,1.0,227,2025-12-01 20:25:14+00:00,72.57944444444445,29.2,0.11506849315068493
2025-12-04 21:00:00+00:00,2026-01-16 00:00:00+00:00,NET,NET260116P00240000,put,True,240.0,35.85,38.7,43.28,204.35000610351562,0.45917288879394536,0.03548296713488007,0.0,2.0,151,2025-12-01 16:58:05+00:00,76.03194444444445,37.275000000000006,0.11506849315068493
2025-12-04 21:00:00+00:00,2026-01-16 00:00:00+00:00,NET,NET260116P00250000,put,True,250.0,44.9,47.55,60.88,204.35000610351562,0.45642633422851564,0.03548296713488007,0.0,1.0,87,2025-11-25 16:12:00+00:00,220.8,46.224999999999994,0.11506849315068493
2025-12-04 21:00:00+00:00,2026-01-16 00:00:00+00:00,NET,NET260116P00260000,put,True,260.0,54.5,57.0,29.8,204.35000610351562,0.47070841796875,0.03548296713488007,0.0,2.0,38,2025-11-10 15:37:51+00:00,581.3691666666666,55.75,0.11506849315068493
2025-12-04 21:00:00+00:00,2026-01-16 00:00:00+00:00,NET,NET260116P00270000,put,True,270.0,64.3,67.65,48.34,204.35000610351562,0.5825237060546875,0.03548296713488007,0.0,1.0,1,2025-11-12 17:45:04+00:00,531.2488888888889,65.975,0.11506849315068493
2025-12-04 21:00:00+00:00,2026-01-16 00:00:00+00:00,NET,NET260116P00280000,put,True,280.0,73.95,77.95,47.05,204.35000610351562,0.6606479248046876,0.03548296713488007,0.0,5.0,0,2025-11-04 14:32:27+00:00,726.4591666666666,75.95,0.11506849315068493
2025-12-04 21:00:00+00:00,2026-01-16 00:00:00+00:00,NET,NET260116P00290000,put,True,290.0,87.3,90.1,66.0,204.35000610351562,0.7692894165039064,0.03548296713488007,0.0,10.0,0,2025-10-28 13:32:29+00:00,895.4586111111112,88.69999999999999,0.11506849315068493
2025-12-04 21:00:00+00:00,2026-01-16 00:00:00+00:00,NET,NET260116P00300000,put,True,300.0,0.0,0.0,100.65,204.35000610351562,1.0000000000000003e-05,0.03548296713488007,0.0,,1,2025-09-02 13:31:17+00:00,2239.478611111111,0.0,0.11506849315068493
2025-12-04 21:00:00+00:00,2026-01-16 00:00:00+00:00,NET,NET260116P00320000,put,True,320.0,107.35,111.0,110.0,204.35000610351562,1.0000000000000003e-05,0.03548296713488007,0.0,26.0,0,2025-10-16 19:41:51+00:00,1177.3025,109.175,0.11506849315068493
2025-12-04 21:00:00+00:00,2026-02-20 00:00:00+00:00,NET,NET260220C00090000,call,True,90.0,113.65,117.0,115.69,204.35000610351562,1.0363817712402348,0.03548296713488007,0.0,20.0,20,2025-12-04 18:33:45+00:00,2.4375,115.325,0.21095890410958903
2025-12-04 21:00:00+00:00,2026-02-20 00:00:00+00:00,NET,NET260220C00095000,call,True,95.0,108.85,112.15,93.5,204.35000610351562,1.0029346728515625,0.03548296713488007,0.0,2.0,4,2025-11-21 17:34:47+00:00,315.42027777777776,110.5,0.21095890410958903
2025-12-04 21:00:00+00:00,2026-02-20 00:00:00+00:00,NET,NET260220C00100000,call,True,100.0,104.0,107.25,105.69,204.35000610351562,0.9614261669921874,0.03548296713488007,0.0,21.0,1,2025-12-04 18:33:45+00:00,2.4375,105.625,0.21095890410958903
2025-12-04 21:00:00+00:00,2026-02-20 00:00:00+00:00,NET,NET260220C00110000,call,True,110.0,94.2,97.6,80.95,204.35000610351562,0.8820812573242187,0.03548296713488007,0.0,2.0,2,2025-11-21 17:50:36+00:00,315.1566666666667,95.9,0.21095890410958903
2025-12-04 21:00:00+00:00,2026-02-20 00:00:00+00:00,NET,NET260220C00115000,call,True,115.0,87.0,89.7,108.5,204.35000610351562,0.6577182666015625,0.03548296713488007,0.0,3.0,3,2025-10-27 15:06:01+00:00,917.8997222222222,88.35,0.21095890410958903
2025-12-04 21:00:00+00:00,2026-02-20 00:00:00+00:00,NET,NET260220C00120000,call,True,120.0,84.65,87.65,77.71,204.35000610351562,0.8012715185546875,0.03548296713488007,0.0,20.0,18,2025-11-18 15:39:29+00:00,389.34194444444444,86.15,0.21095890410958903
2025-12-04 21:00:00+00:00,2026-02-20 00:00:00+00:00,NET,NET260220C00125000,call,True,125.0,80.0,83.3,82.5,204.35000610351562,0.7937032348632812,0.03548296713488007,0.0,1.0,7,2025-12-02 15:29:06+00:00,53.515,81.65,0.21095890410958903
2025-12-04 21:00:00+00:00,2026-02-20 00:00:00+00:00,NET,NET260220C00130000,call,True,130.0,75.2,78.5,66.07,204.35000610351562,0.7578149218750001,0.03548296713488007,0.0,1.0,18,2025-11-24 18:50:23+00:00,242.16027777777776,76.85,0.21095890410958903
2025-12-04 21:00:00+00:00,2026-02-20 00:00:00+00:00,NET,NET260220C00135000,call,True,135.0,70.65,74.0,57.05,204.35000610351562,0.7404811108398437,0.03548296713488007,0.0,1.0,4,2025-11-21 16:34:35+00:00,316.4236111111111,72.325,0.21095890410958903
2025-12-04 21:00:00+00:00,2026-02-20 00:00:00+00:00,NET,NET260220C00140000,call,True,140.0,67.0,69.5,69.0,204.35000610351562,0.7463404272460938,0.03548296713488007,0.0,7.0,22,2025-12-04 19:41:41+00:00,1.3052777777777778,68.25,0.21095890410958903
2025-12-04 21:00:00+00:00,2026-02-20 00:00:00+00:00,NET,NET260220C00145000,call,True,145.0,61.65,64.9,54.67,204.35000610351562,0.6956817541503908,0.03548296713488007,0.0,2.0,21,2025-11-24 15:00:20+00:00,245.99444444444444,63.275000000000006,0.21095890410958903
2025-12-04 21:00:00+00:00,2026-02-20 00:00:00+00:00,NET,NET260220C00150000,call,True,150.0,57.15,60.75,59.22,204.35000610351562,0.6796296685791017,0.03548296713488007,0.0,1.0,44,2025-12-02 15:32:05+00:00,53.46527777777778,58.95,0.21095890410958903
2025-12-04 21:00:00+00:00,2026-02-20 00:00:00+00:00,NET,NET260220C00155000,call,True,155.0,53.05,56.5,49.5,204.35000610351562,0.666690344848633,0.03548296713488007,0.0,1.0,12,2025-11-18 15:34:18+00:00,389.42833333333334,54.775,0.21095890410958903
2025-12-04 21:00:00+00:00,2026-02-20 00:00:00+00:00,NET,NET260220C00160000,call,True,160.0,49.8,51.75,50.42,204.35000610351562,0.6568027484130861,0.03548296713488007,0.0,6.0,24,2025-12-04 20:56:28+00:00,0.058888888888888886,50.775,0.21095890410958903
2025-12-04 21:00:00+00:00,2026-02-20 00:00:00+00:00,NET,NET260220C00165000,call,True,165.0,45.85,48.45,33.54,204.35000610351562,0.6565586102294922,0.03548296713488007,0.0,22.0,40,2025-11-21 16:02:24+00:00,316.96,47.150000000000006,0.21095890410958903
2025-12-04 21:00:00+00:00,2026-02-20 00:00:00+00:00,NET,NET260220C00170000,call,True,170.0,39.7,42.15,85.15,204.35000610351562,0.5563398858642579,0.03548296713488007,0.0,2.0,59,2025-10-31 19:10:36+00:00,817.8233333333334,40.925,0.21095890410958903
2025-12-04 21:00:00+00:00,2026-02-20 00:00:00+00:00,NET,NET260220C00175000,call,True,175.0,38.3,40.9,31.81,204.35000610351562,0.6293372027587891,0.03548296713488007,0.0,1.0,18,2025-11-24 20:36:41+00:00,240.38861111111112,39.599999999999994,0.21095890410958903
2025-12-04 21:00:00+00:00,2026-02-20 00:00:00+00:00,NET,NET260220C00180000,call,True,180.0,35.0,36.8,35.6,204.35000610351562,0.6121254608154298,0.03548296713488007,0.0,2.0,28,2025-11-18 20:28:04+00:00,384.53222222222223,35.9,0.21095890410958903
2025-12-04 21:00:00+00:00,2026-02-20 00:00:00+00:00,NET,NET260220C00185000,call,True,185.0,31.75,34.4,29.7,204.35000610351562,0.6172523626708986,0.03548296713488007,0.0,2.0,36,2025-12-01 18:01:33+00:00,74.97416666666666,33.075,0.21095890410958903
2025-12-04 21:00:00+00:00,2026-02-20 00:00:00+00:00,NET,NET260220C00190000,call,True,190.0,28.75,30.95,29.3,204.35000610351562,0.6052285571289064,0.03548296713488007,0.0,3.0,2609,2025-12-04 18:38:08+00:00,2.3644444444444446,29.85,0.21095890410958903
2025-12-04 21:00:00+00:00,2026-02-20 00:00:00+00:00,NET,NET260220C00195000,call,True,195.0,25.3,27.6,26.5,204.35000610351562,0.5840495697021484,0.03548296713488007,0.0,6.0,46,2025-12-04 15:22:39+00:00,5.6225,26.450000000000003,0.21095890410958903
2025-12-04 21:00:00+00:00,2026-02-20 00:00:00+00:00,NET,NET260220C00200000,call,True,200.0,22.85,24.65,24.0,204.35000610351562,0.5779461151123046,0.03548296713488007,0.0,14.0,418,2025-12-04 15:01:55+00:00,5.968055555555556,23.75,0.21095890410958903
2025-12-04 21:00:00+00:00,2026-02-20 00:00:00+00:00,NET,NET260220C00210000,call,False,210.0,18.7,19.35,19.0,204.35000610351562,0.5695233477783204,0.03548296713488007,0.0,1.0,219,2025-12-04 20:56:11+00:00,0.0636111111111111,19.025,0.21095890410958903
2025-12-04 21:00:00+00:00,2026-02-20 00:00:00+00:00,NET,NET260220C00220000,call,False,220.0,14.7,15.4,15.25,204.35000610351562,0.5626874786376954,0.03548296713488007,0.0,1.0,265,2025-12-03 20:13:02+00:00,24.782777777777778,15.05,0.21095890410958903
2025-12-04 21:00:00+00:00,2026-02-20 00:00:00+00:00,NET,NET260220C00230000,call,False,230.0,11.4,11.9,12.15,204.35000610351562,0.5537764349365235,0.03548296713488007,0.0,5.0,277,2025-12-04 20:15:25+00:00,0.7430555555555556,11.65,0.21095890410958903
2025-12-04 21:00:00+00:00,2026-02-20 00:00:00+00:00,NET,NET260220C00240000,call,False,240.0,7.75,9.55,9.1,204.35000610351562,0.5387924539184571,0.03548296713488007,0.0,63.0,116,2025-12-04 18:23:43+00:00,2.604722222222222,8.65,0.21095890410958903
2025-12-04 21:00:00+00:00,2026-02-20 00:00:00+00:00,NET,NET260220C00250000,call,False,250.0,6.3,7.5,6.51,204.35000610351562,0.5461471166992189,0.03548296713488007,0.0,2.0,251,2025-12-03 20:03:27+00:00,24.9425,6.9,0.21095890410958903
2025-12-04 21:00:00+00:00,2026-02-20 00:00:00+00:00,NET,NET260220C00260000,call,False,260.0,4.85,6.6,5.25,204.35000610351562,0.5611616149902343,0.03548296713488007,0.0,1.0,130,2025-12-02 20:10:03+00:00,48.8325,5.725,0.21095890410958903
2025-12-04 21:00:00+00:00,2026-02-20 00:00:00+00:00,NET,NET260220C00270000,call,False,270.0,3.6,4.2,4.09,204.35000610351562,0.5388840057373048,0.03548296713488007,0.0,5.0,262,2025-12-04 18:03:04+00:00,2.948888888888889,3.9000000000000004,0.21095890410958903
2025-12-04 21:00:00+00:00,2026-02-20 00:00:00+00:00,NET,NET260220C00280000,call,False,280.0,2.57,3.4,2.92,204.35000610351562,0.5405319384765627,0.03548296713488007,0.0,2.0,195,2025-12-02 15:12:13+00:00,53.79638888888889,2.985,0.21095890410958903
2025-12-04 21:00:00+00:00,2026-02-20 00:00:00+00:00,NET,NET260220C00290000,call,False,290.0,1.52,2.69,1.76,204.35000610351562,0.5317429638671876,0.03548296713488007,0.0,1.0,213,2025-12-03 15:17:38+00:00,29.70611111111111,2.105,0.21095890410958903
2025-12-04 21:00:00+00:00,2026-02-20 00:00:00+00:00,NET,NET260220C00300000,call,False,300.0,1.42,2.0,1.42,204.35000610351562,0.5418746984863283,0.03548296713488007,0.0,2.0,505,2025-12-01 18:24:05+00:00,74.59861111111111,1.71,0.21095890410958903
2025-12-04 21:00:00+00:00,2026-02-20 00:00:00+00:00,NET,NET260220C00310000,call,False,310.0,1.06,1.78,1.13,204.35000610351562,0.5534712622070312,0.03548296713488007,0.0,1.0,281,2025-12-01 17:39:09+00:00,75.3475,1.42,0.21095890410958903
2025-12-04 21:00:00+00:00,2026-02-20 00:00:00+00:00,NET,NET260220C00320000,call,False,320.0,0.8,1.32,1.4,204.35000610351562,0.5524947094726562,0.03548296713488007,0.0,1.0,48,2025-11-20 16:58:15+00:00,340.02916666666664,1.06,0.21095890410958903
2025-12-04 21:00:00+00:00,2026-02-20 00:00:00+00:00,NET,NET260220C00330000,call,False,330.0,0.42,1.1,0.65,204.35000610351562,0.5481002221679689,0.03548296713488007,0.0,1.0,118,2025-11-25 18:09:36+00:00,218.84,0.76,0.21095890410958903
2025-12-04 21:00:00+00:00,2026-02-20 00:00:00+00:00,NET,NET260220C00340000,call,False,340.0,0.11,0.92,1.04,204.35000610351562,0.5400436621093752,0.03548296713488007,0.0,2.0,8,2025-11-20 20:27:09+00:00,336.5475,0.515,0.21095890410958903
2025-12-04 21:00:00+00:00,2026-02-20 00:00:00+00:00,NET,NET260220C00370000,call,False,370.0,0.01,0.56,0.93,204.35000610351562,0.5629926513671876,0.03548296713488007,0.0,1.0,1,2025-11-14 14:31:33+00:00,486.4741666666667,0.28500000000000003,0.21095890410958903
2025-12-04 21:00:00+00:00,2026-02-20 00:00:00+00:00,NET,NET260220C00380000,call,False,380.0,0.01,0.49,0.25,204.35000610351562,0.5742230078125,0.03548296713488007,0.0,1.0,17,2025-12-02 20:17:51+00:00,48.7025,0.25,0.21095890410958903
2025-12-04 21:00:00+00:00,2026-02-20 00:00:00+00:00,NET,NET260220P00090000,put,False,90.0,0.76,1.53,1.81,204.35000610351562,1.0314989831542971,0.03548296713488007,0.0,,2,2025-06-26 19:13:47+00:00,3865.7702777777777,1.145,0.21095890410958903
2025-12-04 21:00:00+00:00,2026-02-20 00:00:00+00:00,NET,NET260220P00095000,put,False,95.0,0.0,0.74,0.59,204.35000610351562,0.79883013671875,0.03548296713488007,0.0,1.0,3,2025-11-20 20:44:04+00:00,336.2655555555556,0.37,0.21095890410958903
2025-12-04 21:00:00+00:00,2026-02-20 00:00:00+00:00,NET,NET260220P00100000,put,False,100.0,0.16,0.61,0.4,204.35000610351562,0.754885263671875,0.03548296713488007,0.0,8.0,51,2025-12-02 17:42:41+00:00,51.28861111111111,0.385,0.21095890410958903
2025-12-04 21:00:00+00:00,2026-02-20 00:00:00+00:00,NET,NET260220P00105000,put,False,105.0,0.03,0.53,0.54,204.35000610351562,0.6748079394531252,0.03548296713488007,0.0,8.0,10,2025-12-02 17:42:41+00:00,51.28861111111111,0.28,0.21095890410958903
2025-12-04 21:00:00+00:00,2026-02-20 00:00:00+00:00,NET,NET260220P00110000,put,False,110.0,0.25,1.19,1.51,204.35000610351562,0.737307314453125,0.03548296713488007,0.0,2.0,62,2025-10-01 19:20:51+00:00,1537.6525,0.72,0.21095890410958903
2025-12-04 21:00:00+00:00,2026-02-20 00:00:00+00:00,NET,NET260220P00115000,put,False,115.0,0.25,1.05,0.78,204.35000610351562,0.6777375976562501,0.03548296713488007,0.0,3.0,3,2025-12-04 19:03:25+00:00,1.9430555555555555,0.65,0.21095890410958903
2025-12-04 21:00:00+00:00,2026-02-20 00:00:00+00:00,NET,NET260220P00120000,put,False,120.0,0.61,1.18,1.41,204.35000610351562,0.673098972167969,0.03548296713488007,0.0,10.0,80,2025-11-25 19:43:30+00:00,217.275,0.895,0.21095890410958903
2025-12-04 21:00:00+00:00,2026-02-20 00:00:00+00:00,NET,NET260220P00125000,put,False,125.0,0.6,1.46,1.65,204.35000610351562,0.6467320483398438,0.03548296713488007,0.0,4.0,7,2025-11-28 16:01:19+00:00,148.97805555555556,1.03,0.21095890410958903
2025-12-04 21:00:00+00:00,2026-02-20 00:00:00+00:00,NET,NET260220P00130000,put,False,130.0,0.85,1.71,2.02,204.35000610351562,0.6313513427734375,0.03548296713488007,0.0,4.0,90,2025-11-28 16:01:19+00:00,148.97805555555556,1.28,0.21095890410958903
2025-12-04 21:00:00+00:00,2026-02-20 00:00:00+00:00,NET,NET260220P00135000,put,False,135.0,1.34,1.92,3.71,204.35000610351562,0.6212196081542969,0.03548296713488007,0.0,2.0,34,2025-11-21 17:36:56+00:00,315.38444444444445,1.63,0.21095890410958903
2025-12-04 21:00:00+00:00,2026-02-20 00:00:00+00:00,NET,NET260220P00140000,put,False,140.0,1.71,2.51,2.3,204.35000610351562,0.6156044299316408,0.03548296713488007,0.0,8.0,71,2025-12-03 19:34:56+00:00,25.41777777777778,2.11,0.21095890410958903
2025-12-04 21:00:00+00:00,2026-02-20 00:00:00+00:00,NET,NET260220P00145000,put,False,145.0,2.28,3.35,2.9,204.35000610351562,0.6181678808593751,0.03548296713488007,0.0,31.0,78,2025-12-03 17:07:26+00:00,27.87611111111111,2.815,0.21095890410958903
2025-12-04 21:00:00+00:00,2026-02-20 00:00:00+00:00,NET,NET260220P00150000,put,False,150.0,2.8,3.6,3.5,204.35000610351562,0.5941202697753907,0.03548296713488007,0.0,9.0,145,2025-12-03 17:05:18+00:00,27.911666666666665,3.2,0.21095890410958903
2025-12-04 21:00:00+00:00,2026-02-20 00:00:00+00:00,NET,NET260220P00155000,put,False,155.0,2.95,5.15,7.1,204.35000610351562,0.5916788879394532,0.03548296713488007,0.0,3.0,21,2025-11-25 15:59:13+00:00,221.01305555555555,4.050000000000001,0.21095890410958903
2025-12-04 21:00:00+00:00,2026-02-20 00:00:00+00:00,NET,NET260220P00160000,put,False,160.0,4.05,5.25,4.93,204.35000610351562,0.5712933496093751,0.03548296713488007,0.0,1.0,536,2025-12-01 17:00:30+00:00,75.99166666666666,4.65,0.21095890410958903
2025-12-04 21:00:00+00:00,2026-02-20 00:00:00+00:00,NET,NET260220P00165000,put,False,165.0,5.5,6.2,6.3,204.35000610351562,0.5724530059814454,0.03548296713488007,0.0,2.0,124,2025-12-02 19:10:00+00:00,49.833333333333336,5.85,0.21095890410958903
2025-12-04 21:00:00+00:00,2026-02-20 00:00:00+00:00,NET,NET260220P00170000,put,False,170.0,6.6,7.35,7.25,204.35000610351562,0.5639081695556643,0.03548296713488007,0.0,9.0,175,2025-12-04 16:22:47+00:00,4.620277777777778,6.975,0.21095890410958903
2025-12-04 21:00:00+00:00,2026-02-20 00:00:00+00:00,NET,NET260220P00175000,put,False,175.0,7.75,9.05,8.65,204.35000610351562,0.56055126953125,0.03548296713488007,0.0,1.0,912,2025-12-03 19:17:48+00:00,25.703333333333333,8.4,0.21095890410958903
2025-12-04 21:00:00+00:00,2026-02-20 00:00:00+00:00,NET,NET260220P00180000,put,False,180.0,9.45,10.1,9.94,204.35000610351562,0.5498091894531252,0.03548296713488007,0.0,151.0,276,2025-12-02 15:47:28+00:00,53.208888888888886,9.774999999999999,0.21095890410958903
2025-12-04 21:00:00+00:00,2026-02-20 00:00:00+00:00,NET,NET260220P00185000,put,False,185.0,11.2,11.95,11.7,204.35000610351562,0.5470626348876955,0.03548296713488007,0.0,4.0,100,2025-12-04 17:52:21+00:00,3.1275,11.575,0.21095890410958903
2025-12-04 21:00:00+00:00,2026-02-20 00:00:00+00:00,NET,NET260220P00190000,put,False,190.0,13.1,13.95,13.7,204.35000610351562,0.5430953894042969,0.03548296713488007,0.0,7.0,129,2025-12-02 15:46:23+00:00,53.22694444444444,13.524999999999999,0.21095890410958903
2025-12-04 21:00:00+00:00,2026-02-20 00:00:00+00:00,NET,NET260220P00195000,put,False,195.0,15.2,15.9,16.0,204.35000610351562,0.5357712438964843,0.03548296713488007,0.0,2.0,129,2025-12-03 17:15:51+00:00,27.735833333333332,15.55,0.21095890410958903
2025-12-04 21:00:00+00:00,2026-02-20 00:00:00+00:00,NET,NET260220P00200000,put,False,200.0,17.7,18.2,17.8,204.35000610351562,0.5335434829711915,0.03548296713488007,0.0,1.0,334,2025-12-04 18:23:11+00:00,2.613611111111111,17.95,0.21095890410958903
2025-12-04 21:00:00+00:00,2026-02-20 00:00:00+00:00,NET,NET260220P00210000,put,True,210.0,22.75,23.3,22.93,204.35000610351562,0.5208177801513671,0.03548296713488007,0.0,5.0,506,2025-12-04 18:23:11+00:00,2.613611111111111,23.025,0.21095890410958903
2025-12-04 21:00:00+00:00,2026-02-20 00:00:00+00:00,NET,NET260220P00220000,put,True,220.0,28.35,30.25,29.05,204.35000610351562,0.519963296508789,0.03548296713488007,0.0,10.0,109,2025-12-04 17:47:10+00:00,3.213888888888889,29.3,0.21095890410958903
2025-12-04 21:00:00+00:00,2026-02-20 00:00:00+00:00,NET,NET260220P00230000,put,True,230.0,35.25,35.8,48.46,204.35000610351562,0.5060474200439453,0.03548296713488007,0.0,3.0,457,2025-11-21 20:51:09+00:00,312.1475,35.525,0.21095890410958903
2025-12-04 21:00:00+00:00,2026-02-20 00:00:00+00:00,NET,NET260220P00240000,put,True,240.0,41.15,43.7,55.49,204.35000610351562,0.514531221923828,0.03548296713488007,0.0,2.0,70,2025-11-21 19:51:22+00:00,313.1438888888889,42.425,0.21095890410958903
2025-12-04 21:00:00+00:00,2026-02-20 00:00:00+00:00,NET,NET260220P00250000,put,True,250.0,49.3,51.7,61.27,204.35000610351562,0.510869149169922,0.03548296713488007,0.0,7.0,22,2025-11-20 20:28:01+00:00,336.53305555555556,50.5,0.21095890410958903
2025-12-04 21:00:00+00:00,2026-02-20 00:00:00+00:00,NET,NET260220P00260000,put,True,260.0,57.3,59.95,53.81,204.35000610351562,0.4993946545410156,0.03548296713488007,0.0,2.0,14,2025-11-13 20:19:54+00:00,504.66833333333335,58.625,0.21095890410958903
2025-12-04 21:00:00+00:00,2026-02-20 00:00:00+00:00,NET,NET260220P00270000,put,True,270.0,66.0,68.75,87.4,204.35000610351562,0.49359637268066414,0.03548296713488007,0.0,2.0,10,2025-11-21 15:29:47+00:00,317.5036111111111,67.375,0.21095890410958903
2025-12-04 21:00:00+00:00,2026-02-20 00:00:00+00:00,NET,NET260220P00290000,put,True,290.0,84.7,87.3,92.7,204.35000610351562,0.4885305053710938,0.03548296713488007,0.0,,26,2025-11-18 14:45:25+00:00,390.24305555555554,86.0,0.21095890410958903
2025-12-04 21:00:00+00:00,2026-02-20 00:00:00+00:00,NET,NET260220P00310000,put,True,310.0,106.65,110.65,67.35,204.35000610351562,0.6456334265136718,0.03548296713488007,0.0,10.0,0,2025-10-31 19:49:18+00:00,817.1783333333333,108.65,0.21095890410958903
2025-12-04 21:00:00+00:00,2026-02-20 00:00:00+00:00,NET,NET260220P00340000,put,True,340.0,136.65,140.5,93.05,204.35000610351562,0.7393824890136718,0.03548296713488007,0.0,5.0,0,2025-10-31 19:22:15+00:00,817.6291666666667,138.575,0.21095890410958903
2025-12-04 21:00:00+00:00,2026-03-20 00:00:00+00:00,NET,NET260320C00047500,call,True,47.5,133.0,136.0,86.7,204.35000610351562,1.0000000000000003e-05,0.03548296713488007,0.0,,1,2025-05-09 14:46:37+00:00,5022.223055555555,134.5,0.2876712328767123
2025-12-04 21:00:00+00:00,2026-03-20 00:00:00+00:00,NET,NET260320C00055000,call,True,55.0,148.0,152.1,169.0,204.35000610351562,1.3090854858398435,0.03548296713488007,0.0,4.0,4,2025-11-13 14:36:38+00:00,510.38944444444445,150.05,0.2876712328767123
2025-12-04 21:00:00+00:00,2026-03-20 00:00:00+00:00,NET,NET260320C00060000,call,True,60.0,143.4,146.75,164.5,204.35000610351562,1.232181573486328,0.03548296713488007,0.0,1.0,16,2025-11-13 14:35:31+00:00,510.40805555555556,145.075,0.2876712328767123
2025-12-04 21:00:00+00:00,2026-03-20 00:00:00+00:00,NET,NET260320C00065000,call,True,65.0,135.8,139.5,164.32,204.35000610351562,0.9882813671875,0.03548296713488007,0.0,1.0,2,2025-10-30 16:38:28+00:00,844.3588888888889,137.65,0.2876712328767123
2025-12-04 21:00:00+00:00,2026-03-20 00:00:00+00:00,NET,NET260320C00070000,call,True,70.0,133.5,136.95,156.5,204.35000610351562,1.1167036352539061,0.03548296713488007,0.0,1.0,4,2025-11-06 18:02:14+00:00,674.9627777777778,135.225,0.2876712328767123
2025-12-04 21:00:00+00:00,2026-03-20 00:00:00+00:00,NET,NET260320C00075000,call,True,75.0,128.5,132.05,150.88,204.35000610351562,1.059086735839844,0.03548296713488007,0.0,1.0,44,2025-11-06 18:02:14+00:00,674.9627777777778,130.275,0.2876712328767123
2025-12-04 21:00:00+00:00,2026-03-20 00:00:00+00:00,NET,NET260320C00080000,call,True,80.0,123.7,127.2,155.66,204.35000610351562,1.0251513586425784,0.03548296713488007,0.0,1.0,28,2025-11-04 20:20:32+00:00,720.6577777777778,125.45,0.2876712328767123
2025-12-04 21:00:00+00:00,2026-03-20 00:00:00+00:00,NET,NET260320C00085000,call,True,85.0,113.75,115.45,100.36,204.35000610351562,1.0000000000000003e-05,0.03548296713488007,0.0,2.0,14,2025-06-23 14:26:00+00:00,3942.5666666666666,114.6,0.2876712328767123
2025-12-04 21:00:00+00:00,2026-03-20 00:00:00+00:00,NET,NET260320C00090000,call,True,90.0,133.95,135.8,112.1,204.35000610351562,2.1679733300781248,0.03548296713488007,0.0,1.0,220,2025-08-13 19:40:58+00:00,2713.3172222222224,134.875,0.2876712328767123
2025-12-04 21:00:00+00:00,2026-03-20 00:00:00+00:00,NET,NET260320C00092500,call,True,92.5,102.3,105.25,97.5,204.35000610351562,1.0000000000000003e-05,0.03548296713488007,0.0,1.0,7,2025-06-20 13:43:38+00:00,4015.2727777777777,103.775,0.2876712328767123
2025-12-04 21:00:00+00:00,2026-03-20 00:00:00+00:00,NET,NET260320C00095000,call,True,95.0,109.15,112.65,144.44,204.35000610351562,0.9106454248046875,0.03548296713488007,0.0,3.0,12,2025-11-11 19:19:20+00:00,553.6777777777778,110.9,0.2876712328767123
2025-12-04 21:00:00+00:00,2026-03-20 00:00:00+00:00,NET,NET260320C00100000,call,True,100.0,104.45,107.85,100.2,204.35000610351562,0.8833019482421874,0.03548296713488007,0.0,1.0,21,2025-12-01 17:18:09+00:00,75.6975,106.15,0.2876712328767123
2025-12-04 21:00:00+00:00,2026-03-20 00:00:00+00:00,NET,NET260320C00105000,call,True,105.0,111.1,114.6,121.35,204.35000610351562,1.5252709283447263,0.03548296713488007,0.0,1.0,8,2025-09-12 16:15:02+00:00,1996.7494444444444,112.85,0.2876712328767123
2025-12-04 21:00:00+00:00,2026-03-20 00:00:00+00:00,NET,NET260320C00110000,call,True,110.0,106.45,110.0,117.0,204.35000610351562,1.4616726135253906,0.03548296713488007,0.0,1.0,37,2025-09-12 15:25:34+00:00,1997.5738888888889,108.225,0.2876712328767123
2025-12-04 21:00:00+00:00,2026-03-20 00:00:00+00:00,NET,NET260320C00115000,call,True,115.0,88.3,90.6,114.3,204.35000610351562,0.5122119091796875,0.03548296713488007,0.0,30.0,73,2025-10-29 18:16:08+00:00,866.7311111111111,89.44999999999999,0.2876712328767123
2025-12-04 21:00:00+00:00,2026-03-20 00:00:00+00:00,NET,NET260320C00120000,call,True,120.0,85.6,88.65,77.43,204.35000610351562,0.7619652709960938,0.03548296713488007,0.0,4.0,42,2025-11-24 16:58:52+00:00,244.01888888888888,87.125,0.2876712328767123
2025-12-04 21:00:00+00:00,2026-03-20 00:00:00+00:00,NET,NET260320C00125000,call,True,125.0,80.8,83.95,81.24,204.35000610351562,0.7307155834960937,0.03548296713488007,0.0,1.0,195,2025-12-03 19:39:05+00:00,25.34861111111111,82.375,0.2876712328767123
2025-12-04 21:00:00+00:00,2026-03-20 00:00:00+00:00,NET,NET260320C00130000,call,True,130.0,76.5,79.8,100.67,204.35000610351562,0.7291286853027343,0.03548296713488007,0.0,3.0,144,2025-11-06 15:22:38+00:00,677.6227777777777,78.15,0.2876712328767123
2025-12-04 21:00:00+00:00,2026-03-20 00:00:00+00:00,NET,NET260320C00135000,call,True,135.0,71.9,75.2,61.98,204.35000610351562,0.7028227960205078,0.03548296713488007,0.0,1.0,45,2025-11-18 14:30:28+00:00,390.4922222222222,73.55000000000001,0.2876712328767123
2025-12-04 21:00:00+00:00,2026-03-20 00:00:00+00:00,NET,NET260320C00140000,call,True,140.0,67.45,70.95,68.36,204.35000610351562,0.6871369177246094,0.03548296713488007,0.0,1.0,36,2025-11-17 20:10:40+00:00,408.8222222222222,69.2,0.2876712328767123
2025-12-04 21:00:00+00:00,2026-03-20 00:00:00+00:00,NET,NET260320C00145000,call,True,145.0,64.05,66.6,64.14,204.35000610351562,0.6886627813720705,0.03548296713488007,0.0,2.0,226,2025-12-03 20:23:20+00:00,24.61111111111111,65.32499999999999,0.2876712328767123
2025-12-04 21:00:00+00:00,2026-03-20 00:00:00+00:00,NET,NET260320C00150000,call,True,150.0,59.9,62.45,60.0,204.35000610351562,0.674075524902344,0.03548296713488007,0.0,2.0,261,2025-12-04 16:47:53+00:00,4.201944444444444,61.175,0.2876712328767123
2025-12-04 21:00:00+00:00,2026-03-20 00:00:00+00:00,NET,NET260320C00155000,call,True,155.0,55.75,58.05,45.22,204.35000610351562,0.6521030883789063,0.03548296713488007,0.0,1.0,448,2025-11-21 19:55:15+00:00,313.07916666666665,56.9,0.2876712328767123
2025-12-04 21:00:00+00:00,2026-03-20 00:00:00+00:00,NET,NET260320C00160000,call,True,160.0,50.85,54.35,46.95,204.35000610351562,0.6273840972900393,0.03548296713488007,0.0,1.0,88,2025-11-20 16:39:07+00:00,340.34805555555556,52.6,0.2876712328767123
2025-12-04 21:00:00+00:00,2026-03-20 00:00:00+00:00,NET,NET260320C00165000,call,True,165.0,48.0,50.4,39.33,204.35000610351562,0.6292761682128907,0.03548296713488007,0.0,2.0,598,2025-11-24 14:40:36+00:00,246.32333333333332,49.2,0.2876712328767123
2025-12-04 21:00:00+00:00,2026-03-20 00:00:00+00:00,NET,NET260320C00170000,call,True,170.0,44.3,46.95,38.18,204.35000610351562,0.6211280563354493,0.03548296713488007,0.0,1.0,745,2025-11-24 16:16:45+00:00,244.72083333333333,45.625,0.2876712328767123
2025-12-04 21:00:00+00:00,2026-03-20 00:00:00+00:00,NET,NET260320C00175000,call,True,175.0,39.95,43.3,41.46,204.35000610351562,0.5976602734375001,0.03548296713488007,0.0,1.0,35,2025-12-04 17:30:24+00:00,3.493333333333333,41.625,0.2876712328767123
2025-12-04 21:00:00+00:00,2026-03-20 00:00:00+00:00,NET,NET260320C00180000,call,True,180.0,36.8,40.05,34.91,204.35000610351562,0.5932352688598633,0.03548296713488007,0.0,1.0,198,2025-11-26 19:50:49+00:00,193.15305555555557,38.425,0.2876712328767123
2025-12-04 21:00:00+00:00,2026-03-20 00:00:00+00:00,NET,NET260320C00185000,call,True,185.0,33.8,36.95,35.25,204.35000610351562,0.5887797470092774,0.03548296713488007,0.0,1.0,345,2025-12-04 19:43:46+00:00,1.2705555555555557,35.375,0.2876712328767123
2025-12-04 21:00:00+00:00,2026-03-20 00:00:00+00:00,NET,NET260320C00190000,call,True,190.0,31.25,33.95,32.55,204.35000610351562,0.5872844006347657,0.03548296713488007,0.0,1.0,94,2025-12-02 14:45:16+00:00,54.245555555555555,32.6,0.2876712328767123
2025-12-04 21:00:00+00:00,2026-03-20 00:00:00+00:00,NET,NET260320C00195000,call,True,195.0,28.45,31.1,29.3,204.35000610351562,0.5808147387695313,0.03548296713488007,0.0,5.0,43,2025-12-03 20:23:41+00:00,24.60527777777778,29.775,0.2876712328767123
2025-12-04 21:00:00+00:00,2026-03-20 00:00:00+00:00,NET,NET260320C00200000,call,True,200.0,25.95,27.2,26.15,204.35000610351562,0.5621381677246093,0.03548296713488007,0.0,1.0,653,2025-12-04 16:37:51+00:00,4.369166666666667,26.575,0.2876712328767123
2025-12-04 21:00:00+00:00,2026-03-20 00:00:00+00:00,NET,NET260320C00210000,call,False,210.0,21.05,22.8,21.8,204.35000610351562,0.5551802294921876,0.03548296713488007,0.0,2.0,1062,2025-12-04 15:28:51+00:00,5.519166666666667,21.925,0.2876712328767123
2025-12-04 21:00:00+00:00,2026-03-20 00:00:00+00:00,NET,NET260320C00220000,call,False,220.0,17.5,18.2,17.52,204.35000610351562,0.5474898767089844,0.03548296713488007,0.0,11.0,167,2025-12-04 16:37:51+00:00,4.369166666666667,17.85,0.2876712328767123
2025-12-04 21:00:00+00:00,2026-03-20 00:00:00+00:00,NET,NET260320C00230000,call,False,230.0,14.15,14.8,14.28,204.35000610351562,0.5427291821289064,0.03548296713488007,0.0,1.0,708,2025-12-04 17:30:24+00:00,3.493333333333333,14.475000000000001,0.2876712328767123
2025-12-04 21:00:00+00:00,2026-03-20 00:00:00+00:00,NET,NET260320C00240000,call,False,240.0,11.2,12.15,11.95,204.35000610351562,0.5393112475585939,0.03548296713488007,0.0,5.0,353,2025-12-04 19:57:17+00:00,1.0452777777777778,11.675,0.2876712328767123
2025-12-04 21:00:00+00:00,2026-03-20 00:00:00+00:00,NET,NET260320C00250000,call,False,250.0,8.95,9.45,9.5,204.35000610351562,0.532231240234375,0.03548296713488007,0.0,1.0,631,2025-12-03 19:16:43+00:00,25.72138888888889,9.2,0.2876712328767123
2025-12-04 21:00:00+00:00,2026-03-20 00:00:00+00:00,NET,NET260320C00260000,call,False,260.0,7.05,7.5,7.19,204.35000610351562,0.5286302020263673,0.03548296713488007,0.0,1.0,605,2025-12-04 18:54:59+00:00,2.0836111111111113,7.275,0.2876712328767123
2025-12-04 21:00:00+00:00,2026-03-20 00:00:00+00:00,NET,NET260320C00270000,call,False,270.0,5.1,7.0,5.91,204.35000610351562,0.5361374511718751,0.03548296713488007,0.0,1.0,199,2025-12-04 20:30:00+00:00,0.5,6.05,0.2876712328767123
2025-12-04 21:00:00+00:00,2026-03-20 00:00:00+00:00,NET,NET260320C00280000,call,False,280.0,4.1,4.7,4.33,204.35000610351562,0.5202684692382812,0.03548296713488007,0.0,2.0,306,2025-12-04 19:38:18+00:00,1.3616666666666666,4.4,0.2876712328767123
2025-12-04 21:00:00+00:00,2026-03-20 00:00:00+00:00,NET,NET260320C00290000,call,False,290.0,3.15,4.05,3.07,204.35000610351562,0.5255174401855469,0.03548296713488007,0.0,1.0,134,2025-12-01 20:18:12+00:00,72.69666666666667,3.5999999999999996,0.2876712328767123
2025-12-04 21:00:00+00:00,2026-03-20 00:00:00+00:00,NET,NET260320C00300000,call,False,300.0,2.3,3.2,2.63,204.35000610351562,0.5211229528808592,0.03548296713488007,0.0,2.0,400,2025-12-04 19:38:18+00:00,1.3616666666666666,2.75,0.2876712328767123
2025-12-04 21:00:00+00:00,2026-03-20 00:00:00+00:00,NET,NET260320C00310000,call,False,310.0,1.81,2.6,1.91,204.35000610351562,0.5236864038085938,0.03548296713488007,0.0,1.0,179,2025-11-21 14:31:14+00:00,318.4794444444444,2.205,0.2876712328767123
2025-12-04 21:00:00+00:00,2026-03-20 00:00:00+00:00,NET,NET260320C00320000,call,False,320.0,1.45,2.07,1.69,204.35000610351562,0.5255174401855469,0.03548296713488007,0.0,1.0,203,2025-12-03 19:38:33+00:00,25.3575,1.7599999999999998,0.2876712328767123
2025-12-04 21:00:00+00:00,2026-03-20 00:00:00+00:00,NET,NET260320C00330000,call,False,330.0,1.1,1.79,1.6,204.35000610351562,0.5302781347656251,0.03548296713488007,0.0,1.0,212,2025-11-25 16:24:46+00:00,220.5872222222222,1.445,0.2876712328767123
2025-12-04 21:00:00+00:00,2026-03-20 00:00:00+00:00,NET,NET260320C00340000,call,False,340.0,1.0,1.4,2.87,204.35000610351562,0.5356491748046875,0.03548296713488007,0.0,1.0,3,2025-11-14 17:26:47+00:00,483.55361111111114,1.2,0.2876712328767123
2025-12-04 21:00:00+00:00,2026-03-20 00:00:00+00:00,NET,NET260320C00350000,call,False,350.0,0.55,1.4,0.9,204.35000610351562,0.5385788330078126,0.03548296713488007,0.0,1.0,20,2025-11-28 17:30:15+00:00,147.49583333333334,0.975,0.2876712328767123
2025-12-04 21:00:00+00:00,2026-03-20 00:00:00+00:00,NET,NET260320C00360000,call,False,360.0,0.44,1.21,0.75,204.35000610351562,0.5446822875976562,0.03548296713488007,0.0,,1,2025-12-01 14:31:58+00:00,78.46722222222222,0.825,0.2876712328767123
2025-12-04 21:00:00+00:00,2026-03-20 00:00:00+00:00,NET,NET260320C00370000,call,False,370.0,0.27,1.06,0.6,204.35000610351562,0.5461471166992189,0.03548296713488007,0.0,1.0,131,2025-12-02 14:53:22+00:00,54.11055555555556,0.665,0.2876712328767123
2025-12-04 21:00:00+00:00,2026-03-20 00:00:00+00:00,NET,NET260320C00380000,call,False,380.0,0.28,0.92,1.15,204.35000610351562,0.5568891967773439,0.03548296713488007,0.0,1.0,8,2025-11-18 16:50:51+00:00,388.1525,0.6000000000000001,0.2876712328767123
2025-12-04 21:00:00+00:00,2026-03-20 00:00:00+00:00,NET,NET260320P00047500,put,False,47.5,0.01,2.15,0.13,204.35000610351562,1.4990259423828123,0.03548296713488007,0.0,20.0,21,2025-11-26 15:52:17+00:00,197.1286111111111,1.0799999999999998,0.2876712328767123
2025-12-04 21:00:00+00:00,2026-03-20 00:00:00+00:00,NET,NET260320P00050000,put,False,50.0,0.0,2.15,1.03,204.35000610351562,1.4462918310546877,0.03548296713488007,0.0,1.0,1,2025-10-31 13:31:56+00:00,823.4677777777778,1.075,0.2876712328767123
2025-12-04 21:00:00+00:00,2026-03-20 00:00:00+00:00,NET,NET260320P00055000,put,False,55.0,0.31,1.7,2.7,204.35000610351562,1.3354525415039058,0.03548296713488007,0.0,1.0,4,2025-04-28 18:47:59+00:00,5282.200277777778,1.005,0.2876712328767123
2025-12-04 21:00:00+00:00,2026-03-20 00:00:00+00:00,NET,NET260320P00060000,put,False,60.0,0.0,0.5,0.26,204.35000610351562,1.0068409033203123,0.03548296713488007,0.0,20.0,23,2025-10-31 13:31:55+00:00,823.4680555555556,0.25,0.2876712328767123
2025-12-04 21:00:00+00:00,2026-03-20 00:00:00+00:00,NET,NET260320P00065000,put,False,65.0,0.0,0.29,0.24,204.35000610351562,0.8798840136718749,0.03548296713488007,0.0,20.0,20,2025-11-26 15:52:17+00:00,197.1286111111111,0.145,0.2876712328767123
2025-12-04 21:00:00+00:00,2026-03-20 00:00:00+00:00,NET,NET260320P00070000,put,False,70.0,0.0,0.59,1.16,204.35000610351562,0.9062509375,0.03548296713488007,0.0,1.0,21,2025-10-31 13:31:56+00:00,823.4677777777778,0.295,0.2876712328767123
2025-12-04 21:00:00+00:00,2026-03-20 00:00:00+00:00,NET,NET260320P00075000,put,False,75.0,0.0,0.59,0.31,204.35000610351562,0.851563984375,0.03548296713488007,0.0,3.0,62,2025-11-20 17:01:34+00:00,339.9738888888889,0.295,0.2876712328767123
2025-12-04 21:00:00+00:00,2026-03-20 00:00:00+00:00,NET,NET260320P00080000,put,False,80.0,0.0,0.65,0.4,204.35000610351562,0.8115253222656249,0.03548296713488007,0.0,3.0,69,2025-11-20 17:01:34+00:00,339.9738888888889,0.325,0.2876712328767123
2025-12-04 21:00:00+00:00,2026-03-20 00:00:00+00:00,NET,NET260320P00085000,put,False,85.0,0.01,0.66,0.69,204.35000610351562,0.7656273437500001,0.03548296713488007,0.0,40.0,146,2025-10-09 15:07:51+00:00,1349.8691666666666,0.335,0.2876712328767123
2025-12-04 21:00:00+00:00,2026-03-20 00:00:00+00:00,NET,NET260320P00090000,put,False,90.0,0.01,0.78,0.5,204.35000610351562,0.7377955908203124,0.03548296713488007,0.0,2.0,220,2025-11-17 19:56:24+00:00,409.06,0.395,0.2876712328767123
2025-12-04 21:00:00+00:00,2026-03-20 00:00:00+00:00,NET,NET260320P00092500,put,False,92.5,3.15,3.45,10.6,204.35000610351562,1.0919234857177735,0.03548296713488007,0.0,7.0,8,2025-05-07 16:38:55+00:00,5068.351388888889,3.3,0.2876712328767123
2025-12-04 21:00:00+00:00,2026-03-20 00:00:00+00:00,NET,NET260320P00095000,put,False,95.0,0.07,0.88,1.0,204.35000610351562,0.7133817724609376,0.03548296713488007,0.0,1.0,16,2025-11-19 14:59:18+00:00,366.01166666666666,0.475,0.2876712328767123
2025-12-04 21:00:00+00:00,2026-03-20 00:00:00+00:00,NET,NET260320P00097500,put,False,97.5,0.11,0.95,1.1,204.35000610351562,0.7041045214843751,0.03548296713488007,0.0,2.0,4,2025-11-18 15:27:07+00:00,389.54805555555555,0.53,0.2876712328767123
2025-12-04 21:00:00+00:00,2026-03-20 00:00:00+00:00,NET,NET260320P00100000,put,False,100.0,0.17,1.03,0.8,204.35000610351562,0.6967803759765626,0.03548296713488007,0.0,1.0,399,2025-12-01 16:42:55+00:00,76.28472222222223,0.6,0.2876712328767123
2025-12-04 21:00:00+00:00,2026-03-20 00:00:00+00:00,NET,NET260320P00105000,put,False,105.0,2.39,2.71,3.76,204.35000610351562,0.8815929809570311,0.03548296713488007,0.0,3.0,26,2025-07-17 19:40:26+00:00,3361.326111111111,2.55,0.2876712328767123
2025-12-04 21:00:00+00:00,2026-03-20 00:00:00+00:00,NET,NET260320P00110000,put,False,110.0,0.45,1.24,1.82,204.35000610351562,0.6523472265625001,0.03548296713488007,0.0,2.0,98,2025-11-18 20:32:25+00:00,384.45972222222224,0.845,0.2876712328767123
2025-12-04 21:00:00+00:00,2026-03-20 00:00:00+00:00,NET,NET260320P00115000,put,False,115.0,1.33,2.2,2.76,204.35000610351562,0.7131376342773439,0.03548296713488007,0.0,1.0,67,2025-10-17 13:32:22+00:00,1159.4605555555556,1.7650000000000001,0.2876712328767123
2025-12-04 21:00:00+00:00,2026-03-20 00:00:00+00:00,NET,NET260320P00120000,put,False,120.0,1.07,1.79,1.6,204.35000610351562,0.6374547973632813,0.03548296713488007,0.0,76.0,150,2025-12-03 16:50:19+00:00,28.16138888888889,1.4300000000000002,0.2876712328767123
2025-12-04 21:00:00+00:00,2026-03-20 00:00:00+00:00,NET,NET260320P00125000,put,False,125.0,1.31,2.16,3.58,204.35000610351562,0.6231727136230469,0.03548296713488007,0.0,16.0,1067,2025-11-21 17:03:00+00:00,315.95,1.735,0.2876712328767123
2025-12-04 21:00:00+00:00,2026-03-20 00:00:00+00:00,NET,NET260320P00130000,put,False,130.0,1.6,2.54,2.69,204.35000610351562,0.6076699389648439,0.03548296713488007,0.0,2.0,120,2025-12-01 20:06:28+00:00,72.89222222222222,2.0700000000000003,0.2876712328767123
2025-12-04 21:00:00+00:00,2026-03-20 00:00:00+00:00,NET,NET260320P00135000,put,False,135.0,2.26,3.15,2.65,204.35000610351562,0.6081582153320313,0.03548296713488007,0.0,1.0,17,2025-12-03 20:13:50+00:00,24.769444444444446,2.705,0.2876712328767123
2025-12-04 21:00:00+00:00,2026-03-20 00:00:00+00:00,NET,NET260320P00140000,put,False,140.0,2.89,3.4,3.15,204.35000610351562,0.5911906115722658,0.03548296713488007,0.0,1.0,1158,2025-12-04 16:06:28+00:00,4.892222222222222,3.145,0.2876712328767123
2025-12-04 21:00:00+00:00,2026-03-20 00:00:00+00:00,NET,NET260320P00145000,put,False,145.0,3.45,4.25,3.85,204.35000610351562,0.5847209497070311,0.03548296713488007,0.0,10.0,33,2025-12-04 14:54:00+00:00,6.1,3.85,0.2876712328767123
2025-12-04 21:00:00+00:00,2026-03-20 00:00:00+00:00,NET,NET260320P00150000,put,False,150.0,4.15,4.8,4.6,204.35000610351562,0.5699505895996093,0.03548296713488007,0.0,1.0,207,2025-12-03 20:14:56+00:00,24.75111111111111,4.475,0.2876712328767123
2025-12-04 21:00:00+00:00,2026-03-20 00:00:00+00:00,NET,NET260320P00155000,put,False,155.0,4.05,6.55,5.75,204.35000610351562,0.5601850622558593,0.03548296713488007,0.0,3.0,569,2025-12-04 18:49:15+00:00,2.1791666666666667,5.3,0.2876712328767123
2025-12-04 21:00:00+00:00,2026-03-20 00:00:00+00:00,NET,NET260320P00160000,put,False,160.0,4.95,7.05,6.5,204.35000610351562,0.5419357330322268,0.03548296713488007,0.0,11.0,66,2025-12-02 15:28:39+00:00,53.5225,6.0,0.2876712328767123
2025-12-04 21:00:00+00:00,2026-03-20 00:00:00+00:00,NET,NET260320P00165000,put,False,165.0,7.1,7.85,7.77,204.35000610351562,0.5470626348876955,0.03548296713488007,0.0,1.0,50,2025-12-03 20:07:16+00:00,24.878888888888888,7.475,0.2876712328767123
2025-12-04 21:00:00+00:00,2026-03-20 00:00:00+00:00,NET,NET260320P00170000,put,False,170.0,8.4,9.15,9.0,204.35000610351562,0.5407150421142579,0.03548296713488007,0.0,3.0,299,2025-12-03 20:46:08+00:00,24.23111111111111,8.775,0.2876712328767123
2025-12-04 21:00:00+00:00,2026-03-20 00:00:00+00:00,NET,NET260320P00175000,put,False,175.0,10.1,10.65,10.45,204.35000610351562,0.5387619366455079,0.03548296713488007,0.0,4.0,665,2025-12-04 14:38:24+00:00,6.36,10.375,0.2876712328767123
2025-12-04 21:00:00+00:00,2026-03-20 00:00:00+00:00,NET,NET260320P00180000,put,False,180.0,11.7,12.25,12.35,204.35000610351562,0.5321702056884765,0.03548296713488007,0.0,4.0,819,2025-12-04 16:38:51+00:00,4.3525,11.975,0.2876712328767123
2025-12-04 21:00:00+00:00,2026-03-20 00:00:00+00:00,NET,NET260320P00185000,put,False,185.0,13.45,14.05,14.3,204.35000610351562,0.5260057165527343,0.03548296713488007,0.0,4.0,41,2025-12-04 16:11:28+00:00,4.808888888888889,13.75,0.2876712328767123
2025-12-04 21:00:00+00:00,2026-03-20 00:00:00+00:00,NET,NET260320P00190000,put,False,190.0,15.4,16.05,17.15,204.35000610351562,0.5207567456054687,0.03548296713488007,0.0,2.0,166,2025-12-03 15:40:10+00:00,29.330555555555556,15.725000000000001,0.2876712328767123
2025-12-04 21:00:00+00:00,2026-03-20 00:00:00+00:00,NET,NET260320P00195000,put,False,195.0,17.55,18.15,17.8,204.35000610351562,0.5150500155639649,0.03548296713488007,0.0,24.0,583,2025-12-04 20:40:06+00:00,0.33166666666666667,17.85,0.2876712328767123
2025-12-04 21:00:00+00:00,2026-03-20 00:00:00+00:00,NET,NET260320P00200000,put,False,200.0,19.85,20.5,19.9,204.35000610351562,0.5100451828002931,0.03548296713488007,0.0,8.0,360,2025-12-04 19:39:23+00:00,1.343611111111111,20.175,0.2876712328767123
2025-12-04 21:00:00+00:00,2026-03-20 00:00:00+00:00,NET,NET260320P00210000,put,True,210.0,25.0,26.55,25.05,204.35000610351562,0.5099231137084962,0.03548296713488007,0.0,4.0,574,2025-12-04 19:47:28+00:00,1.208888888888889,25.775,0.2876712328767123
2025-12-04 21:00:00+00:00,2026-03-20 00:00:00+00:00,NET,NET260320P00220000,put,True,220.0,30.6,31.65,30.4,204.35000610351562,0.5007984490966797,0.03548296713488007,0.0,1.0,148,2025-12-02 15:11:06+00:00,53.815,31.125,0.2876712328767123
2025-12-04 21:00:00+00:00,2026-03-20 00:00:00+00:00,NET,NET260320P00230000,put,True,230.0,35.85,38.95,44.6,204.35000610351562,0.5105029418945313,0.03548296713488007,0.0,10.0,90,2025-11-25 18:36:45+00:00,218.3875,37.400000000000006,0.2876712328767123
2025-12-04 21:00:00+00:00,2026-03-20 00:00:00+00:00,NET,NET260320P00240000,put,True,240.0,43.3,45.5,46.04,204.35000610351562,0.48883567810058604,0.03548296713488007,0.0,5.0,86,2025-12-02 14:35:25+00:00,54.40972222222222,44.4,0.2876712328767123
2025-12-04 21:00:00+00:00,2026-03-20 00:00:00+00:00,NET,NET260320P00250000,put,True,250.0,51.2,53.85,51.42,204.35000610351562,0.5001270690917969,0.03548296713488007,0.0,1.0,39,2025-12-02 14:55:02+00:00,54.08277777777778,52.525000000000006,0.2876712328767123
2025-12-04 21:00:00+00:00,2026-03-20 00:00:00+00:00,NET,NET260320P00260000,put,True,260.0,59.15,61.8,35.91,204.35000610351562,0.48932395446777355,0.03548296713488007,0.0,,1,2025-11-03 16:24:22+00:00,748.5938888888888,60.474999999999994,0.2876712328767123
2025-12-04 21:00:00+00:00,2026-03-20 00:00:00+00:00,NET,NET260320P00270000,put,True,270.0,67.35,70.9,53.25,204.35000610351562,0.5037891418457032,0.03548296713488007,0.0,1.0,2,2025-11-05 15:13:19+00:00,701.7780555555555,69.125,0.2876712328767123
2025-12-04 21:00:00+00:00,2026-03-20 00:00:00+00:00,NET,NET260320P00280000,put,True,280.0,76.2,78.85,82.7,204.35000610351562,0.465398412475586,0.03548296713488007,0.0,2.0,1,2025-11-26 20:52:20+00:00,192.12777777777777,77.525,0.2876712328767123
2025-12-04 21:00:00+00:00,2026-03-20 00:00:00+00:00,NET,NET260320P00290000,put,True,290.0,85.35,88.0,55.0,204.35000610351562,0.45966116516113287,0.03548296713488007,0.0,2.0,5,2025-11-03 19:37:11+00:00,745.3802777777778,86.675,0.2876712328767123
2025-12-04 21:00:00+00:00,2026-03-20 00:00:00+00:00,NET,NET260320P00300000,put,True,300.0,94.65,98.35,72.0,204.35000610351562,0.5092822509765625,0.03548296713488007,0.0,1.0,1,2025-11-04 14:33:14+00:00,726.4461111111111,96.5,0.2876712328767123
2025-12-04 21:00:00+00:00,2026-03-20 00:00:00+00:00,NET,NET260320P00310000,put,True,310.0,102.45,105.5,101.65,204.35000610351562,1.0000000000000003e-05,0.03548296713488007,0.0,,1,2025-09-17 15:45:58+00:00,1877.233888888889,103.975,0.2876712328767123
2025-12-04 21:00:00+00:00,2026-04-17 00:00:00+00:00,NET,NET260417C00120000,call,True,120.0,86.2,89.75,78.42,204.35000610351562,0.7279079943847657,0.03548296713488007,0.0,4.0,5,2025-11-24 16:58:52+00:00,244.01888888888888,87.975,0.3643835616438356
2025-12-04 21:00:00+00:00,2026-04-17 00:00:00+00:00,NET,NET260417C00155000,call,True,155.0,57.35,60.0,53.19,204.35000610351562,0.6357458300781251,0.03548296713488007,0.0,,2,2025-11-26 17:05:14+00:00,195.9127777777778,58.675,0.3643835616438356
2025-12-04 21:00:00+00:00,2026-04-17 00:00:00+00:00,NET,NET260417C00160000,call,True,160.0,52.6,56.1,44.0,204.35000610351562,0.6098061480712893,0.03548296713488007,0.0,2.0,2,2025-11-25 15:32:22+00:00,221.46055555555554,54.35,0.3643835616438356
2025-12-04 21:00:00+00:00,2026-04-17 00:00:00+00:00,NET,NET260417C00180000,call,True,180.0,38.9,42.45,40.46,204.35000610351562,0.5807537042236328,0.03548296713488007,0.0,1.0,2,2025-12-02 16:13:22+00:00,52.77722222222222,40.675,0.3643835616438356
2025-12-04 21:00:00+00:00,2026-04-17 00:00:00+00:00,NET,NET260417C00185000,call,True,185.0,35.65,39.25,34.0,204.35000610351562,0.5707745559692383,0.03548296713488007,0.0,1.0,2,2025-11-26 16:53:34+00:00,196.10722222222222,37.45,0.3643835616438356
2025-12-04 21:00:00+00:00,2026-04-17 00:00:00+00:00,NET,NET260417C00190000,call,True,190.0,33.1,36.35,27.29,204.35000610351562,0.5690045541381835,0.03548296713488007,0.0,1.0,4,2025-11-25 15:45:39+00:00,221.23916666666668,34.725,0.3643835616438356
2025-12-04 21:00:00+00:00,2026-04-17 00:00:00+00:00,NET,NET260417C00195000,call,True,195.0,30.95,33.6,27.76,204.35000610351562,0.5699200723266601,0.03548296713488007,0.0,5.0,8,2025-12-01 14:41:57+00:00,78.30083333333333,32.275,0.3643835616438356
2025-12-04 21:00:00+00:00,2026-04-17 00:00:00+00:00,NET,NET260417C00200000,call,True,200.0,27.5,31.0,26.0,204.35000610351562,0.5558516094970705,0.03548296713488007,0.0,1.0,5,2025-12-03 14:31:22+00:00,30.477222222222224,29.25,0.3643835616438356
2025-12-04 21:00:00+00:00,2026-04-17 00:00:00+00:00,NET,NET260417C00210000,call,False,210.0,23.1,26.35,24.55,204.35000610351562,0.5509078112792969,0.03548296713488007,0.0,4.0,7,2025-12-04 17:28:51+00:00,3.5191666666666666,24.725,0.3643835616438356
2025-12-04 21:00:00+00:00,2026-04-17 00:00:00+00:00,NET,NET260417C00220000,call,False,220.0,19.4,21.85,20.9,204.35000610351562,0.543644700317383,0.03548296713488007,0.0,1.0,7,2025-12-02 16:03:25+00:00,52.94305555555555,20.625,0.3643835616438356
2025-12-04 21:00:00+00:00,2026-04-17 00:00:00+00:00,NET,NET260417C00230000,call,False,230.0,16.25,17.7,15.4,204.35000610351562,0.5350083120727539,0.03548296713488007,0.0,2.0,15,2025-12-03 15:23:21+00:00,29.610833333333332,16.975,0.3643835616438356
2025-12-04 21:00:00+00:00,2026-04-17 00:00:00+00:00,NET,NET260417C00240000,call,False,240.0,12.45,14.9,13.69,204.35000610351562,0.5234727828979492,0.03548296713488007,0.0,1.0,105,2025-12-04 20:47:13+00:00,0.21305555555555555,13.675,0.3643835616438356
2025-12-04 21:00:00+00:00,2026-04-17 00:00:00+00:00,NET,NET260417C00250000,call,False,250.0,10.2,12.05,10.95,204.35000610351562,0.5183153637695312,0.03548296713488007,0.0,8.0,17,2025-12-02 16:53:30+00:00,52.108333333333334,11.125,0.3643835616438356
2025-12-04 21:00:00+00:00,2026-04-17 00:00:00+00:00,NET,NET260417C00260000,call,False,260.0,7.85,9.8,8.51,204.35000610351562,0.5095874237060547,0.03548296713488007,0.0,2.0,3,2025-12-02 20:44:13+00:00,48.26305555555555,8.825,0.3643835616438356
2025-12-04 21:00:00+00:00,2026-04-17 00:00:00+00:00,NET,NET260417C00270000,call,False,270.0,6.2,8.2,7.32,204.35000610351562,0.5088550091552735,0.03548296713488007,0.0,1.0,11,2025-12-02 16:03:25+00:00,52.94305555555555,7.199999999999999,0.3643835616438356
2025-12-04 21:00:00+00:00,2026-04-17 00:00:00+00:00,NET,NET260417C00280000,call,False,280.0,5.15,6.6,5.56,204.35000610351562,0.5087329400634766,0.03548296713488007,0.0,2.0,5,2025-12-02 20:44:13+00:00,48.26305555555555,5.875,0.3643835616438356
2025-12-04 21:00:00+00:00,2026-04-17 00:00:00+00:00,NET,NET260417C00290000,call,False,290.0,4.05,5.55,4.35,204.35000610351562,0.5092212164306642,0.03548296713488007,0.0,,3,2025-12-01 15:14:32+00:00,77.75777777777778,4.8,0.3643835616438356
2025-12-04 21:00:00+00:00,2026-04-17 00:00:00+00:00,NET,NET260417P00095000,put,False,95.0,0.26,1.12,0.85,204.35000610351562,0.6762727685546877,0.03548296713488007,0.0,20.0,40,2025-12-01 17:48:10+00:00,75.19722222222222,0.6900000000000001,0.3643835616438356
2025-12-04 21:00:00+00:00,2026-04-17 00:00:00+00:00,NET,NET260417P00100000,put,False,100.0,0.38,1.25,1.67,204.35000610351562,0.6547886083984377,0.03548296713488007,0.0,1.0,1,2025-11-25 14:32:22+00:00,222.46055555555554,0.815,0.3643835616438356
2025-12-04 21:00:00+00:00,2026-04-17 00:00:00+00:00,NET,NET260417P00110000,put,False,110.0,0.76,1.65,1.57,204.35000610351562,0.6228065063476562,0.03548296713488007,0.0,25.0,45,2025-12-01 17:48:10+00:00,75.19722222222222,1.205,0.3643835616438356
2025-12-04 21:00:00+00:00,2026-04-17 00:00:00+00:00,NET,NET260417P00130000,put,False,130.0,2.39,3.55,2.8,204.35000610351562,0.5952188916015625,0.03548296713488007,0.0,1.0,2,2025-12-03 20:21:02+00:00,24.649444444444445,2.9699999999999998,0.3643835616438356
2025-12-04 21:00:00+00:00,2026-04-17 00:00:00+00:00,NET,NET260417P00140000,put,False,140.0,2.95,5.25,3.95,204.35000610351562,0.5711102459716797,0.03548296713488007,0.0,10.0,3,2025-12-04 14:56:25+00:00,6.059722222222222,4.1,0.3643835616438356
2025-12-04 21:00:00+00:00,2026-04-17 00:00:00+00:00,NET,NET260417P00145000,put,False,145.0,3.5,6.05,5.0,204.35000610351562,0.5592085095214845,0.03548296713488007,0.0,1.0,4,2025-12-04 16:06:38+00:00,4.889444444444444,4.775,0.3643835616438356
2025-12-04 21:00:00+00:00,2026-04-17 00:00:00+00:00,NET,NET260417P00150000,put,False,150.0,4.3,6.55,6.1,204.35000610351562,0.5435226312255861,0.03548296713488007,0.0,1.0,8,2025-12-01 16:35:59+00:00,76.40027777777777,5.425,0.3643835616438356
2025-12-04 21:00:00+00:00,2026-04-17 00:00:00+00:00,NET,NET260417P00155000,put,False,155.0,6.15,7.65,7.2,204.35000610351562,0.5531660894775392,0.03548296713488007,0.0,10.0,26,2025-12-02 14:55:42+00:00,54.071666666666665,6.9,0.3643835616438356
2025-12-04 21:00:00+00:00,2026-04-17 00:00:00+00:00,NET,NET260417P00160000,put,False,160.0,6.25,8.05,11.8,204.35000610351562,0.5190477783203125,0.03548296713488007,0.0,2.0,2,2025-11-25 15:56:05+00:00,221.06527777777777,7.15,0.3643835616438356
2025-12-04 21:00:00+00:00,2026-04-17 00:00:00+00:00,NET,NET260417P00165000,put,False,165.0,7.5,10.25,10.65,204.35000610351562,0.527470545654297,0.03548296713488007,0.0,1.0,2,2025-12-01 15:20:53+00:00,77.65194444444444,8.875,0.3643835616438356
2025-12-04 21:00:00+00:00,2026-04-17 00:00:00+00:00,NET,NET260417P00170000,put,False,170.0,8.95,11.7,12.45,204.35000610351562,0.5229539892578124,0.03548296713488007,0.0,1.0,121,2025-12-01 15:24:09+00:00,77.5975,10.325,0.3643835616438356
2025-12-04 21:00:00+00:00,2026-04-17 00:00:00+00:00,NET,NET260417P00175000,put,False,175.0,10.35,12.6,14.25,204.35000610351562,0.5073291455078125,0.03548296713488007,0.0,1.0,209,2025-12-01 15:24:09+00:00,77.5975,11.475,0.3643835616438356
2025-12-04 21:00:00+00:00,2026-04-17 00:00:00+00:00,NET,NET260417P00180000,put,False,180.0,12.1,14.95,15.45,204.35000610351562,0.5106250109863282,0.03548296713488007,0.0,4.0,21,2025-12-01 20:17:22+00:00,72.71055555555556,13.524999999999999,0.3643835616438356
2025-12-04 21:00:00+00:00,2026-04-17 00:00:00+00:00,NET,NET260417P00185000,put,False,185.0,14.0,16.3,18.95,204.35000610351562,0.5000660345458985,0.03548296713488007,0.0,2.0,3,2025-11-26 18:23:58+00:00,194.60055555555556,15.15,0.3643835616438356
2025-12-04 21:00:00+00:00,2026-04-17 00:00:00+00:00,NET,NET260417P00195000,put,False,195.0,18.05,20.6,21.94,204.35000610351562,0.5166674310302735,0.03548296713488007,0.0,1.0,5,2025-12-01 19:10:34+00:00,73.82388888888889,19.325000000000003,0.3643835616438356
2025-12-04 21:00:00+00:00,2026-04-17 00:00:00+00:00,NET,NET260417P00200000,put,False,200.0,20.4,22.75,24.91,204.35000610351562,0.5073291455078125,0.03548296713488007,0.0,1.0,2,2025-12-01 18:20:35+00:00,74.65694444444445,21.575,0.3643835616438356
2025-12-04 21:00:00+00:00,2026-04-17 00:00:00+00:00,NET,NET260417P00210000,put,True,210.0,25.7,28.0,30.85,204.35000610351562,0.49896741271972656,0.03548296713488007,0.0,1.0,1,2025-11-28 14:30:01+00:00,150.49972222222223,26.85,0.3643835616438356
2025-12-04 21:00:00+00:00,2026-04-17 00:00:00+00:00,NET,NET260417P00220000,put,True,220.0,32.15,34.6,44.42,204.35000610351562,0.5058337991333007,0.03548296713488007,0.0,1.0,1,2025-11-21 14:54:26+00:00,318.09277777777777,33.375,0.3643835616438356
2025-12-04 21:00:00+00:00,2026-04-17 00:00:00+00:00,NET,NET260417P00230000,put,True,230.0,38.55,40.4,43.77,204.35000610351562,0.48492946716308594,0.03548296713488007,0.0,,2,2025-12-01 17:17:53+00:00,75.70194444444445,39.474999999999994,0.3643835616438356
2025-12-04 21:00:00+00:00,2026-05-15 00:00:00+00:00,NET,NET260515C00110000,call,True,110.0,94.7,97.3,142.55,204.35000610351562,0.6218299536132813,0.03548296713488007,0.0,2.0,6,2025-10-31 15:11:12+00:00,821.8133333333334,96.0,0.4410958904109589
2025-12-04 21:00:00+00:00,2026-05-15 00:00:00+00:00,NET,NET260515C00115000,call,True,115.0,89.8,93.6,136.45,204.35000610351562,0.6313513427734375,0.03548296713488007,0.0,1.0,11,2025-10-31 14:32:00+00:00,822.4666666666667,91.69999999999999,0.4410958904109589
2025-12-04 21:00:00+00:00,2026-05-15 00:00:00+00:00,NET,NET260515C00120000,call,True,120.0,88.0,91.25,78.95,204.35000610351562,0.7398707653808592,0.03548296713488007,0.0,1.0,11,2025-11-20 20:57:11+00:00,336.0469444444444,89.625,0.4410958904109589
2025-12-04 21:00:00+00:00,2026-05-15 00:00:00+00:00,NET,NET260515C00125000,call,True,125.0,84.45,86.95,82.2,204.35000610351562,0.7396266271972656,0.03548296713488007,0.0,1.0,6,2025-11-18 19:07:40+00:00,385.8722222222222,85.7,0.4410958904109589
2025-12-04 21:00:00+00:00,2026-05-15 00:00:00+00:00,NET,NET260515C00130000,call,True,130.0,76.95,79.9,107.4,204.35000610351562,0.6029092443847659,0.03548296713488007,0.0,,2,2025-10-30 17:37:29+00:00,843.3752777777778,78.42500000000001,0.4410958904109589
2025-12-04 21:00:00+00:00,2026-05-15 00:00:00+00:00,NET,NET260515C00135000,call,True,135.0,75.05,78.5,94.4,204.35000610351562,0.6904938177490236,0.03548296713488007,0.0,2.0,3,2025-11-13 14:46:55+00:00,510.21805555555557,76.775,0.4410958904109589
2025-12-04 21:00:00+00:00,2026-05-15 00:00:00+00:00,NET,NET260515C00140000,call,True,140.0,70.95,74.35,70.27,204.35000610351562,0.6759675958251954,0.03548296713488007,0.0,1.0,2,2025-11-18 20:40:51+00:00,384.31916666666666,72.65,0.4410958904109589
2025-12-04 21:00:00+00:00,2026-05-15 00:00:00+00:00,NET,NET260515C00145000,call,True,145.0,67.0,70.4,75.05,204.35000610351562,0.6648593084716798,0.03548296713488007,0.0,25.0,37,2025-11-17 14:32:20+00:00,414.4611111111111,68.7,0.4410958904109589
2025-12-04 21:00:00+00:00,2026-05-15 00:00:00+00:00,NET,NET260515C00150000,call,True,150.0,63.15,66.75,64.6,204.35000610351562,0.6571079211425781,0.03548296713488007,0.0,6.0,35,2025-12-02 16:57:02+00:00,52.04944444444445,64.95,0.4410958904109589
2025-12-04 21:00:00+00:00,2026-05-15 00:00:00+00:00,NET,NET260515C00155000,call,True,155.0,59.65,62.95,60.6,204.35000610351562,0.649417568359375,0.03548296713488007,0.0,1.0,2,2025-12-02 16:45:01+00:00,52.249722222222225,61.3,0.4410958904109589
2025-12-04 21:00:00+00:00,2026-05-15 00:00:00+00:00,NET,NET260515C00160000,call,True,160.0,55.8,59.3,50.8,204.35000610351562,0.6367223828125,0.03548296713488007,0.0,15.0,17,2025-11-24 16:36:19+00:00,244.3947222222222,57.55,0.4410958904109589
2025-12-04 21:00:00+00:00,2026-05-15 00:00:00+00:00,NET,NET260515C00165000,call,True,165.0,52.5,55.95,54.6,204.35000610351562,0.6322058264160157,0.03548296713488007,0.0,7.0,8,2025-12-02 17:03:02+00:00,51.949444444444445,54.225,0.4410958904109589
2025-12-04 21:00:00+00:00,2026-05-15 00:00:00+00:00,NET,NET260515C00170000,call,True,170.0,49.0,52.65,53.76,204.35000610351562,0.6233252999877931,0.03548296713488007,0.0,,10,2025-11-17 18:44:30+00:00,410.2583333333333,50.825,0.4410958904109589
2025-12-04 21:00:00+00:00,2026-05-15 00:00:00+00:00,NET,NET260515C00175000,call,True,175.0,45.8,49.45,39.41,204.35000610351562,0.6165809826660158,0.03548296713488007,0.0,2.0,8,2025-11-24 14:40:36+00:00,246.32333333333332,47.625,0.4410958904109589
2025-12-04 21:00:00+00:00,2026-05-15 00:00:00+00:00,NET,NET260515C00180000,call,True,180.0,42.7,46.4,47.25,204.35000610351562,0.6100808035278321,0.03548296713488007,0.0,21.0,21,2025-11-17 18:42:01+00:00,410.2997222222222,44.55,0.4410958904109589
2025-12-04 21:00:00+00:00,2026-05-15 00:00:00+00:00,NET,NET260515C00185000,call,True,185.0,40.55,43.6,32.0,204.35000610351562,0.6134682208251954,0.03548296713488007,0.0,4.0,6,2025-11-21 15:18:15+00:00,317.6958333333333,42.075,0.4410958904109589
2025-12-04 21:00:00+00:00,2026-05-15 00:00:00+00:00,NET,NET260515C00190000,call,True,190.0,38.2,40.3,29.97,204.35000610351562,0.607151145324707,0.03548296713488007,0.0,9.0,10,2025-11-25 14:43:45+00:00,222.27083333333334,39.25,0.4410958904109589
2025-12-04 21:00:00+00:00,2026-05-15 00:00:00+00:00,NET,NET260515C00195000,call,True,195.0,35.55,37.7,34.0,204.35000610351562,0.602512519836426,0.03548296713488007,0.0,3.0,6,2025-11-26 19:29:00+00:00,193.51666666666668,36.625,0.4410958904109589
2025-12-04 21:00:00+00:00,2026-05-15 00:00:00+00:00,NET,NET260515C00200000,call,True,200.0,32.85,34.95,30.17,204.35000610351562,0.5937540625000001,0.03548296713488007,0.0,1.0,28,2025-12-01 14:37:54+00:00,78.36833333333334,33.900000000000006,0.4410958904109589
2025-12-04 21:00:00+00:00,2026-05-15 00:00:00+00:00,NET,NET260515C00210000,call,False,210.0,28.45,30.35,27.15,204.35000610351562,0.5877421597290039,0.03548296713488007,0.0,1.0,22,2025-12-01 15:07:28+00:00,77.87555555555555,29.4,0.4410958904109589
2025-12-04 21:00:00+00:00,2026-05-15 00:00:00+00:00,NET,NET260515C00220000,call,False,220.0,23.6,26.25,23.94,204.35000610351562,0.573795765991211,0.03548296713488007,0.0,1.0,15,2025-12-03 19:17:06+00:00,25.715,24.925,0.4410958904109589
2025-12-04 21:00:00+00:00,2026-05-15 00:00:00+00:00,NET,NET260515C00230000,call,False,230.0,20.75,22.5,20.5,204.35000610351562,0.5734600759887696,0.03548296713488007,0.0,1.0,25,2025-12-03 17:01:51+00:00,27.969166666666666,21.625,0.4410958904109589
2025-12-04 21:00:00+00:00,2026-05-15 00:00:00+00:00,NET,NET260515C00240000,call,False,240.0,16.95,19.4,18.0,204.35000610351562,0.5627485131835939,0.03548296713488007,0.0,2.0,24,2025-12-04 17:22:07+00:00,3.631388888888889,18.174999999999997,0.4410958904109589
2025-12-04 21:00:00+00:00,2026-05-15 00:00:00+00:00,NET,NET260515C00250000,call,False,250.0,14.55,17.2,15.1,204.35000610351562,0.5667767932128907,0.03548296713488007,0.0,1.0,105,2025-12-04 16:48:14+00:00,4.196111111111111,15.875,0.4410958904109589
2025-12-04 21:00:00+00:00,2026-05-15 00:00:00+00:00,NET,NET260515C00260000,call,False,260.0,11.85,14.0,13.15,204.35000610351562,0.5512129840087892,0.03548296713488007,0.0,3.0,26,2025-12-04 18:29:21+00:00,2.5108333333333333,12.925,0.4410958904109589
2025-12-04 21:00:00+00:00,2026-05-15 00:00:00+00:00,NET,NET260515C00270000,call,False,270.0,10.65,11.95,11.4,204.35000610351562,0.5563704031372071,0.03548296713488007,0.0,8.0,129,2025-12-04 19:44:27+00:00,1.2591666666666668,11.3,0.4410958904109589
2025-12-04 21:00:00+00:00,2026-05-15 00:00:00+00:00,NET,NET260515C00280000,call,False,280.0,8.3,10.55,8.8,204.35000610351562,0.5504805694580079,0.03548296713488007,0.0,5.0,20,2025-12-03 16:13:59+00:00,28.766944444444444,9.425,0.4410958904109589
2025-12-04 21:00:00+00:00,2026-05-15 00:00:00+00:00,NET,NET260515C00290000,call,False,290.0,6.75,9.35,7.4,204.35000610351562,0.5505416040039064,0.03548296713488007,0.0,2.0,27,2025-12-03 16:17:38+00:00,28.70611111111111,8.05,0.4410958904109589
2025-12-04 21:00:00+00:00,2026-05-15 00:00:00+00:00,NET,NET260515C00300000,call,False,300.0,5.45,7.3,5.78,204.35000610351562,0.537236072998047,0.03548296713488007,0.0,1.0,107,2025-11-21 19:33:38+00:00,313.43944444444446,6.375,0.4410958904109589
2025-12-04 21:00:00+00:00,2026-05-15 00:00:00+00:00,NET,NET260515C00310000,call,False,310.0,5.55,6.85,18.55,204.35000610351562,0.5604292004394531,0.03548296713488007,0.0,16.0,1,2025-11-10 18:40:36+00:00,578.3233333333334,6.199999999999999,0.4410958904109589
2025-12-04 21:00:00+00:00,2026-05-15 00:00:00+00:00,NET,NET260515C00320000,call,False,320.0,3.45,6.15,4.25,204.35000610351562,0.5445602185058593,0.03548296713488007,0.0,5.0,48,2025-12-03 18:34:04+00:00,26.432222222222222,4.800000000000001,0.4410958904109589
2025-12-04 21:00:00+00:00,2026-05-15 00:00:00+00:00,NET,NET260515C00330000,call,False,330.0,3.9,4.45,3.5,204.35000610351562,0.547978153076172,0.03548296713488007,0.0,20.0,127,2025-12-03 15:20:16+00:00,29.662222222222223,4.175,0.4410958904109589
2025-12-04 21:00:00+00:00,2026-05-15 00:00:00+00:00,NET,NET260515C00340000,call,False,340.0,2.89,3.95,2.6,204.35000610351562,0.5429122857666018,0.03548296713488007,0.0,4.0,6,2025-11-21 17:33:42+00:00,315.43833333333333,3.42,0.4410958904109589
2025-12-04 21:00:00+00:00,2026-05-15 00:00:00+00:00,NET,NET260515C00350000,call,False,350.0,2.64,4.05,3.7,204.35000610351562,0.5613447186279297,0.03548296713488007,0.0,4.0,4,2025-11-19 15:08:31+00:00,365.85805555555555,3.3449999999999998,0.4410958904109589
2025-12-04 21:00:00+00:00,2026-05-15 00:00:00+00:00,NET,NET260515C00360000,call,False,360.0,2.11,2.94,11.32,204.35000610351562,0.5459029785156251,0.03548296713488007,0.0,,1,2025-11-03 17:00:46+00:00,747.9872222222223,2.525,0.4410958904109589
2025-12-04 21:00:00+00:00,2026-05-15 00:00:00+00:00,NET,NET260515C00370000,call,False,370.0,1.84,2.51,2.4,204.35000610351562,0.5474898767089844,0.03548296713488007,0.0,1.0,1,2025-12-02 15:58:39+00:00,53.0225,2.175,0.4410958904109589
2025-12-04 21:00:00+00:00,2026-05-15 00:00:00+00:00,NET,NET260515C00380000,call,False,380.0,1.3,2.28,1.7,204.35000610351562,0.5440719421386719,0.03548296713488007,0.0,1.0,29,2025-12-02 15:06:40+00:00,53.888888888888886,1.79,0.4410958904109589
2025-12-04 21:00:00+00:00,2026-05-15 00:00:00+00:00,NET,NET260515P00100000,put,False,100.0,0.97,1.78,2.5,204.35000610351562,0.6596713720703126,0.03548296713488007,0.0,1.0,1,2025-11-21 14:31:14+00:00,318.4794444444444,1.375,0.4410958904109589
2025-12-04 21:00:00+00:00,2026-05-15 00:00:00+00:00,NET,NET260515P00110000,put,False,110.0,1.68,2.64,2.22,204.35000610351562,0.6452672192382812,0.03548296713488007,0.0,2.0,24,2025-12-04 14:35:49+00:00,6.4030555555555555,2.16,0.4410958904109589
2025-12-04 21:00:00+00:00,2026-05-15 00:00:00+00:00,NET,NET260515P00115000,put,False,115.0,2.29,2.74,2.52,204.35000610351562,0.6295203063964845,0.03548296713488007,0.0,10.0,1,2025-12-04 15:56:29+00:00,5.058611111111111,2.515,0.4410958904109589
2025-12-04 21:00:00+00:00,2026-05-15 00:00:00+00:00,NET,NET260515P00120000,put,False,120.0,2.77,3.2,5.0,204.35000610351562,0.6181678808593751,0.03548296713488007,0.0,,2,2025-11-18 14:30:42+00:00,390.48833333333334,2.9850000000000003,0.4410958904109589
2025-12-04 21:00:00+00:00,2026-05-15 00:00:00+00:00,NET,NET260515P00125000,put,False,125.0,2.88,4.3,3.6,204.35000610351562,0.6106606317138674,0.03548296713488007,0.0,10.0,2,2025-11-21 17:39:44+00:00,315.3377777777778,3.59,0.4410958904109589
2025-12-04 21:00:00+00:00,2026-05-15 00:00:00+00:00,NET,NET260515P00130000,put,False,130.0,4.0,4.8,5.06,204.35000610351562,0.6086464916992189,0.03548296713488007,0.0,1.0,3,2025-11-17 18:40:00+00:00,410.3333333333333,4.4,0.4410958904109589
2025-12-04 21:00:00+00:00,2026-05-15 00:00:00+00:00,NET,NET260515P00135000,put,False,135.0,4.55,5.5,7.74,204.35000610351562,0.5949747534179688,0.03548296713488007,0.0,2.0,15,2025-11-25 15:14:28+00:00,221.7588888888889,5.025,0.4410958904109589
2025-12-04 21:00:00+00:00,2026-05-15 00:00:00+00:00,NET,NET260515P00140000,put,False,140.0,5.4,6.25,6.79,204.35000610351562,0.5854533642578125,0.03548296713488007,0.0,1.0,1,2025-11-28 15:47:47+00:00,149.20361111111112,5.825,0.4410958904109589
2025-12-04 21:00:00+00:00,2026-05-15 00:00:00+00:00,NET,NET260515P00145000,put,False,145.0,5.4,7.3,5.55,204.35000610351562,0.5640302386474609,0.03548296713488007,0.0,,1,2025-11-11 17:52:32+00:00,555.1244444444444,6.35,0.4410958904109589
2025-12-04 21:00:00+00:00,2026-05-15 00:00:00+00:00,NET,NET260515P00150000,put,False,150.0,6.9,8.3,9.52,204.35000610351562,0.5639692041015626,0.03548296713488007,0.0,3.0,185,2025-11-26 19:32:25+00:00,193.4597222222222,7.6000000000000005,0.4410958904109589
2025-12-04 21:00:00+00:00,2026-05-15 00:00:00+00:00,NET,NET260515P00155000,put,False,155.0,8.1,9.65,11.23,204.35000610351562,0.5606123040771485,0.03548296713488007,0.0,1.0,488,2025-11-20 14:47:17+00:00,342.21194444444444,8.875,0.4410958904109589
2025-12-04 21:00:00+00:00,2026-05-15 00:00:00+00:00,NET,NET260515P00160000,put,False,160.0,9.75,11.85,11.98,204.35000610351562,0.5708050732421875,0.03548296713488007,0.0,1.0,10,2025-11-14 14:50:05+00:00,486.16527777777776,10.8,0.4410958904109589
2025-12-04 21:00:00+00:00,2026-05-15 00:00:00+00:00,NET,NET260515P00165000,put,False,165.0,10.45,13.3,13.67,204.35000610351562,0.5553022985839844,0.03548296713488007,0.0,1.0,52,2025-11-28 15:12:48+00:00,149.78666666666666,11.875,0.4410958904109589
2025-12-04 21:00:00+00:00,2026-05-15 00:00:00+00:00,NET,NET260515P00170000,put,False,170.0,12.15,14.9,11.9,204.35000610351562,0.5513960876464845,0.03548296713488007,0.0,3.0,18,2025-11-06 15:50:32+00:00,677.1577777777778,13.525,0.4410958904109589
2025-12-04 21:00:00+00:00,2026-05-15 00:00:00+00:00,NET,NET260515P00175000,put,False,175.0,13.8,16.4,17.47,204.35000610351562,0.5428512512207033,0.03548296713488007,0.0,1.0,828,2025-11-26 19:32:25+00:00,193.4597222222222,15.1,0.4410958904109589
2025-12-04 21:00:00+00:00,2026-05-15 00:00:00+00:00,NET,NET260515P00180000,put,False,180.0,16.1,18.7,18.66,204.35000610351562,0.5471847039794924,0.03548296713488007,0.0,1.0,4,2025-11-17 14:37:57+00:00,414.3675,17.4,0.4410958904109589
2025-12-04 21:00:00+00:00,2026-05-15 00:00:00+00:00,NET,NET260515P00185000,put,False,185.0,17.35,20.3,22.27,204.35000610351562,0.5303086520385744,0.03548296713488007,0.0,1.0,26,2025-11-26 14:37:58+00:00,198.3672222222222,18.825000000000003,0.4410958904109589
2025-12-04 21:00:00+00:00,2026-05-15 00:00:00+00:00,NET,NET260515P00190000,put,False,190.0,19.5,22.75,25.9,204.35000610351562,0.5288438229370118,0.03548296713488007,0.0,17.0,8,2025-11-18 20:12:38+00:00,384.7894444444444,21.125,0.4410958904109589
2025-12-04 21:00:00+00:00,2026-05-15 00:00:00+00:00,NET,NET260515P00195000,put,False,195.0,21.95,24.8,29.05,204.35000610351562,0.5236253692626953,0.03548296713488007,0.0,,10,2025-11-19 19:34:14+00:00,361.42944444444447,23.375,0.4410958904109589
2025-12-04 21:00:00+00:00,2026-05-15 00:00:00+00:00,NET,NET260515P00200000,put,False,200.0,25.1,27.05,27.25,204.35000610351562,0.524418818359375,0.03548296713488007,0.0,6.0,136,2025-12-03 16:12:53+00:00,28.78527777777778,26.075000000000003,0.4410958904109589
2025-12-04 21:00:00+00:00,2026-05-15 00:00:00+00:00,NET,NET260515P00210000,put,True,210.0,30.15,32.6,37.42,204.35000610351562,0.5163012237548827,0.03548296713488007,0.0,1.0,1,2025-11-18 17:58:21+00:00,387.0275,31.375,0.4410958904109589
2025-12-04 21:00:00+00:00,2026-05-15 00:00:00+00:00,NET,NET260515P00220000,put,True,220.0,35.85,38.65,43.2,204.35000610351562,0.5091601818847658,0.03548296713488007,0.0,1.0,3,2025-11-18 16:25:11+00:00,388.5802777777778,37.25,0.4410958904109589
2025-12-04 21:00:00+00:00,2026-05-15 00:00:00+00:00,NET,NET260515P00240000,put,True,240.0,50.3,52.1,33.0,204.35000610351562,0.5090686300659181,0.03548296713488007,0.0,2.0,17,2025-10-31 13:53:48+00:00,823.1033333333334,51.2,0.4410958904109589
2025-12-04 21:00:00+00:00,2026-05-15 00:00:00+00:00,NET,NET260515P00250000,put,True,250.0,55.1,57.6,54.26,204.35000610351562,0.48480739807128903,0.03548296713488007,0.0,,1,2025-10-08 13:32:28+00:00,1375.4588888888889,56.35,0.4410958904109589
2025-12-04 21:00:00+00:00,2026-06-18 00:00:00+00:00,NET,NET260618C00047500,call,True,47.5,162.85,166.65,170.0,204.35000610351562,1.8304451837158202,0.03548296713488007,0.0,5.0,7,2025-09-26 14:14:12+00:00,1662.7633333333333,164.75,0.5342465753424658
2025-12-04 21:00:00+00:00,2026-06-18 00:00:00+00:00,NET,NET260618C00050000,call,True,50.0,153.5,157.2,176.0,204.35000610351562,1.0876510461425783,0.03548296713488007,0.0,4.0,21,2025-11-06 17:15:40+00:00,675.7388888888889,155.35,0.5342465753424658
2025-12-04 21:00:00+00:00,2026-06-18 00:00:00+00:00,NET,NET260618C00055000,call,True,55.0,149.0,152.35,170.0,204.35000610351562,1.0656784997558595,0.03548296713488007,0.0,2.0,2,2025-11-13 14:36:36+00:00,510.39,150.675,0.5342465753424658
2025-12-04 21:00:00+00:00,2026-06-18 00:00:00+00:00,NET,NET260618C00060000,call,True,60.0,144.0,147.55,138.2,204.35000610351562,1.01172369140625,0.03548296713488007,0.0,1.0,2,2025-12-01 15:44:36+00:00,77.25666666666666,145.775,0.5342465753424658
2025-12-04 21:00:00+00:00,2026-06-18 00:00:00+00:00,NET,NET260618C00065000,call,True,65.0,146.15,149.95,152.86,204.35000610351562,1.4990259423828123,0.03548296713488007,0.0,1.0,2,2025-10-16 15:24:08+00:00,1181.5977777777778,148.05,0.5342465753424658
2025-12-04 21:00:00+00:00,2026-06-18 00:00:00+00:00,NET,NET260618C00075000,call,True,75.0,129.65,133.25,135.17,204.35000610351562,0.9060067993164063,0.03548296713488007,0.0,1.0,1,2025-11-17 16:56:08+00:00,412.06444444444446,131.45,0.5342465753424658
2025-12-04 21:00:00+00:00,2026-06-18 00:00:00+00:00,NET,NET260618C00080000,call,True,80.0,125.0,128.55,130.0,204.35000610351562,0.8803722900390624,0.03548296713488007,0.0,1.0,1,2025-11-17 14:32:45+00:00,414.45416666666665,126.775,0.5342465753424658
2025-12-04 21:00:00+00:00,2026-06-18 00:00:00+00:00,NET,NET260618C00090000,call,True,90.0,107.35,109.0,96.45,204.35000610351562,1.0000000000000003e-05,0.03548296713488007,0.0,1.0,4,2025-06-16 16:10:31+00:00,4108.824722222223,108.175,0.5342465753424658
2025-12-04 21:00:00+00:00,2026-06-18 00:00:00+00:00,NET,NET260618C00092500,call,True,92.5,108.65,110.95,101.2,204.35000610351562,1.0000000000000003e-05,0.03548296713488007,0.0,1.0,0,2025-07-15 16:04:16+00:00,3412.928888888889,109.80000000000001,0.5342465753424658
2025-12-04 21:00:00+00:00,2026-06-18 00:00:00+00:00,NET,NET260618C00095000,call,True,95.0,108.9,112.6,136.95,204.35000610351562,0.6579624047851562,0.03548296713488007,0.0,2.0,30,2025-10-30 14:40:10+00:00,846.3305555555555,110.75,0.5342465753424658
2025-12-04 21:00:00+00:00,2026-06-18 00:00:00+00:00,NET,NET260618C00097500,call,True,97.5,115.8,119.3,119.52,204.35000610351562,1.111576707763672,0.03548296713488007,0.0,10.0,23,2025-09-17 18:35:49+00:00,1874.4030555555555,117.55,0.5342465753424658
2025-12-04 21:00:00+00:00,2026-06-18 00:00:00+00:00,NET,NET260618C00100000,call,True,100.0,107.5,109.85,104.72,204.35000610351562,0.8040180731201172,0.03548296713488007,0.0,10.0,28,2025-11-28 17:23:36+00:00,147.60666666666665,108.675,0.5342465753424658
2025-12-04 21:00:00+00:00,2026-06-18 00:00:00+00:00,NET,NET260618C00105000,call,True,105.0,102.0,105.55,131.5,204.35000610351562,0.7633080310058593,0.03548296713488007,0.0,1.0,28,2025-11-05 15:52:40+00:00,701.1222222222223,103.775,0.5342465753424658
2025-12-04 21:00:00+00:00,2026-06-18 00:00:00+00:00,NET,NET260618C00110000,call,True,110.0,97.75,101.15,95.8,204.35000610351562,0.7503687072753906,0.03548296713488007,0.0,2.0,10,2025-11-28 15:14:13+00:00,149.76305555555555,99.45,0.5342465753424658
2025-12-04 21:00:00+00:00,2026-06-18 00:00:00+00:00,NET,NET260618C00115000,call,True,115.0,100.9,104.5,112.52,204.35000610351562,1.0032398471069333,0.03548296713488007,0.0,1.0,35,2025-09-18 15:51:00+00:00,1853.15,102.7,0.5342465753424658
2025-12-04 21:00:00+00:00,2026-06-18 00:00:00+00:00,NET,NET260618C00120000,call,True,120.0,101.15,104.95,112.35,204.35000610351562,1.1100508364868165,0.03548296713488007,0.0,1.0,49,2025-09-12 13:33:14+00:00,1999.4461111111111,103.05000000000001,0.5342465753424658
2025-12-04 21:00:00+00:00,2026-06-18 00:00:00+00:00,NET,NET260618C00125000,call,True,125.0,83.15,85.75,131.52,204.35000610351562,0.626102371826172,0.03548296713488007,0.0,2.0,13,2025-10-31 15:09:06+00:00,821.8483333333334,84.45,0.5342465753424658
2025-12-04 21:00:00+00:00,2026-06-18 00:00:00+00:00,NET,NET260618C00130000,call,True,130.0,79.0,81.65,126.59,204.35000610351562,0.6193275372314455,0.03548296713488007,0.0,1.0,28,2025-10-31 15:10:01+00:00,821.8330555555556,80.325,0.5342465753424658
2025-12-04 21:00:00+00:00,2026-06-18 00:00:00+00:00,NET,NET260618C00135000,call,True,135.0,75.35,77.6,121.45,204.35000610351562,0.6185340881347658,0.03548296713488007,0.0,1.0,46,2025-10-31 19:10:36+00:00,817.8233333333334,76.475,0.5342465753424658
2025-12-04 21:00:00+00:00,2026-06-18 00:00:00+00:00,NET,NET260618C00140000,call,True,140.0,72.5,76.25,72.4,204.35000610351562,0.6642489630126955,0.03548296713488007,0.0,2.0,50,2025-11-28 15:47:48+00:00,149.20333333333335,74.375,0.5342465753424658
2025-12-04 21:00:00+00:00,2026-06-18 00:00:00+00:00,NET,NET260618C00145000,call,True,145.0,68.9,72.35,81.67,204.35000610351562,0.6562534375000001,0.03548296713488007,0.0,6.0,11,2025-11-13 19:30:46+00:00,505.4872222222222,70.625,0.5342465753424658
2025-12-04 21:00:00+00:00,2026-06-18 00:00:00+00:00,NET,NET260618C00150000,call,True,150.0,65.05,68.65,68.65,204.35000610351562,0.6454503228759765,0.03548296713488007,0.0,8.0,395,2025-12-02 15:22:36+00:00,53.623333333333335,66.85,0.5342465753424658
2025-12-04 21:00:00+00:00,2026-06-18 00:00:00+00:00,NET,NET260618C00155000,call,True,155.0,61.65,65.1,51.55,204.35000610351562,0.6398961791992188,0.03548296713488007,0.0,2.0,56,2025-11-21 19:54:37+00:00,313.08972222222224,63.375,0.5342465753424658
2025-12-04 21:00:00+00:00,2026-06-18 00:00:00+00:00,NET,NET260618C00160000,call,True,160.0,57.95,61.5,50.29,204.35000610351562,0.6281165118408205,0.03548296713488007,0.0,2.0,81,2025-11-25 16:52:08+00:00,220.13111111111112,59.725,0.5342465753424658
2025-12-04 21:00:00+00:00,2026-06-18 00:00:00+00:00,NET,NET260618C00165000,call,True,165.0,53.35,55.85,79.55,204.35000610351562,0.5831340515136718,0.03548296713488007,0.0,2.0,65,2025-10-30 18:46:53+00:00,842.2186111111112,54.6,0.5342465753424658
2025-12-04 21:00:00+00:00,2026-06-18 00:00:00+00:00,NET,NET260618C00170000,call,True,170.0,51.4,55.05,51.9,204.35000610351562,0.6161537408447266,0.03548296713488007,0.0,1.0,992,2025-11-28 15:43:00+00:00,149.28333333333333,53.224999999999994,0.5342465753424658
2025-12-04 21:00:00+00:00,2026-06-18 00:00:00+00:00,NET,NET260618C00175000,call,True,175.0,56.4,59.95,67.0,204.35000610351562,0.7673668283081055,0.03548296713488007,0.0,1.0,75,2025-10-15 17:18:49+00:00,1203.6863888888888,58.175,0.5342465753424658
2025-12-04 21:00:00+00:00,2026-06-18 00:00:00+00:00,NET,NET260618C00180000,call,True,180.0,45.3,48.85,41.8,204.35000610351562,0.6029702789306643,0.03548296713488007,0.0,2.0,150,2025-11-25 19:14:55+00:00,217.7513888888889,47.075,0.5342465753424658
2025-12-04 21:00:00+00:00,2026-06-18 00:00:00+00:00,NET,NET260618C00185000,call,True,185.0,43.7,45.85,44.0,204.35000610351562,0.60782252532959,0.03548296713488007,0.0,2.0,296,2025-12-03 20:44:56+00:00,24.25111111111111,44.775000000000006,0.5342465753424658
2025-12-04 21:00:00+00:00,2026-06-18 00:00:00+00:00,NET,NET260618C00190000,call,True,190.0,39.95,42.0,41.34,204.35000610351562,0.5832561206054687,0.03548296713488007,0.0,1.0,3218,2025-12-02 14:40:31+00:00,54.32472222222222,40.975,0.5342465753424658
2025-12-04 21:00:00+00:00,2026-06-18 00:00:00+00:00,NET,NET260618C00195000,call,True,195.0,37.95,40.9,37.05,204.35000610351562,0.5972940661621093,0.03548296713488007,0.0,3.0,33,2025-11-26 19:09:07+00:00,193.84805555555556,39.425,0.5342465753424658
2025-12-04 21:00:00+00:00,2026-06-18 00:00:00+00:00,NET,NET260618C00200000,call,True,200.0,35.1,38.1,36.25,204.35000610351562,0.5867350897216796,0.03548296713488007,0.0,1.0,204,2025-12-03 20:01:29+00:00,24.975277777777777,36.6,0.5342465753424658
2025-12-04 21:00:00+00:00,2026-06-18 00:00:00+00:00,NET,NET260618C00210000,call,False,210.0,31.3,33.05,32.14,204.35000610351562,0.5814250842285156,0.03548296713488007,0.0,5.0,90,2025-12-04 20:33:19+00:00,0.44472222222222224,32.175,0.5342465753424658
2025-12-04 21:00:00+00:00,2026-06-18 00:00:00+00:00,NET,NET260618C00220000,call,False,220.0,27.35,28.9,24.3,204.35000610351562,0.5754131814575195,0.03548296713488007,0.0,2.0,135,2025-11-25 19:31:04+00:00,217.48222222222222,28.125,0.5342465753424658
2025-12-04 21:00:00+00:00,2026-06-18 00:00:00+00:00,NET,NET260618C00230000,call,False,230.0,23.6,25.3,22.8,204.35000610351562,0.569065588684082,0.03548296713488007,0.0,1.0,535,2025-12-03 20:14:46+00:00,24.753888888888888,24.450000000000003,0.5342465753424658
2025-12-04 21:00:00+00:00,2026-06-18 00:00:00+00:00,NET,NET260618C00240000,call,False,240.0,19.2,21.65,19.69,204.35000610351562,0.5503890176391603,0.03548296713488007,0.0,6.0,270,2025-12-02 19:30:32+00:00,49.49111111111111,20.424999999999997,0.5342465753424658
2025-12-04 21:00:00+00:00,2026-06-18 00:00:00+00:00,NET,NET260618C00250000,call,False,250.0,17.3,18.6,17.69,204.35000610351562,0.5520674676513673,0.03548296713488007,0.0,1.0,4084,2025-12-03 20:46:09+00:00,24.230833333333333,17.950000000000003,0.5342465753424658
2025-12-04 21:00:00+00:00,2026-06-18 00:00:00+00:00,NET,NET260618C00260000,call,False,260.0,14.15,16.35,14.68,204.35000610351562,0.5441634939575196,0.03548296713488007,0.0,4.0,1187,2025-11-20 16:31:11+00:00,340.48027777777776,15.25,0.5342465753424658
2025-12-04 21:00:00+00:00,2026-06-18 00:00:00+00:00,NET,NET260618C00270000,call,False,270.0,12.7,14.1,13.0,204.35000610351562,0.5464522894287109,0.03548296713488007,0.0,3.0,1001,2025-12-03 20:16:48+00:00,24.72,13.399999999999999,0.5342465753424658
2025-12-04 21:00:00+00:00,2026-06-18 00:00:00+00:00,NET,NET260618C00280000,call,False,280.0,10.8,12.15,11.45,204.35000610351562,0.5426071130371095,0.03548296713488007,0.0,3.0,2368,2025-12-04 18:17:27+00:00,2.7091666666666665,11.475000000000001,0.5342465753424658
2025-12-04 21:00:00+00:00,2026-06-18 00:00:00+00:00,NET,NET260618C00290000,call,False,290.0,8.65,10.35,9.45,204.35000610351562,0.5325364129638672,0.03548296713488007,0.0,8.0,40,2025-12-03 16:46:48+00:00,28.22,9.5,0.5342465753424658
2025-12-04 21:00:00+00:00,2026-06-18 00:00:00+00:00,NET,NET260618C00300000,call,False,300.0,7.2,8.9,8.1,204.35000610351562,0.5286607192993166,0.03548296713488007,0.0,1.0,85,2025-12-03 20:46:09+00:00,24.230833333333333,8.05,0.5342465753424658
2025-12-04 21:00:00+00:00,2026-06-18 00:00:00+00:00,NET,NET260618C00310000,call,False,310.0,6.0,8.7,7.32,204.35000610351562,0.5383957293701174,0.03548296713488007,0.0,3.0,13,2025-12-03 20:20:27+00:00,24.659166666666668,7.35,0.5342465753424658
2025-12-04 21:00:00+00:00,2026-06-18 00:00:00+00:00,NET,NET260618C00320000,call,False,320.0,5.75,7.75,6.1,204.35000610351562,0.5481002221679689,0.03548296713488007,0.0,1.0,43,2025-12-02 15:58:39+00:00,53.0225,6.75,0.5342465753424658
2025-12-04 21:00:00+00:00,2026-06-18 00:00:00+00:00,NET,NET260618C00330000,call,False,330.0,4.0,6.85,4.35,204.35000610351562,0.5356491748046875,0.03548296713488007,0.0,1.0,30,2025-11-25 14:32:21+00:00,222.46083333333334,5.425,0.5342465753424658
2025-12-04 21:00:00+00:00,2026-06-18 00:00:00+00:00,NET,NET260618C00340000,call,False,340.0,3.35,5.95,4.35,204.35000610351562,0.5342453802490235,0.03548296713488007,0.0,1.0,6,2025-11-26 14:32:20+00:00,198.4611111111111,4.65,0.5342465753424658
2025-12-04 21:00:00+00:00,2026-06-18 00:00:00+00:00,NET,NET260618C00350000,call,False,350.0,2.94,5.3,3.75,204.35000610351562,0.5374802111816408,0.03548296713488007,0.0,3.0,8,2025-11-26 14:32:20+00:00,198.4611111111111,4.12,0.5342465753424658
2025-12-04 21:00:00+00:00,2026-06-18 00:00:00+00:00,NET,NET260618C00360000,call,False,360.0,3.2,4.7,3.1,204.35000610351562,0.5507857421875001,0.03548296713488007,0.0,10.0,16,2025-12-01 16:12:55+00:00,76.78472222222223,3.95,0.5342465753424658
2025-12-04 21:00:00+00:00,2026-06-18 00:00:00+00:00,NET,NET260618C00370000,call,False,370.0,2.2,3.45,2.85,204.35000610351562,0.5266160620117188,0.03548296713488007,0.0,,1,2025-11-26 14:32:20+00:00,198.4611111111111,2.825,0.5342465753424658
2025-12-04 21:00:00+00:00,2026-06-18 00:00:00+00:00,NET,NET260618C00380000,call,False,380.0,2.09,3.2,2.5,204.35000610351562,0.5358933129882812,0.03548296713488007,0.0,1.0,6,2025-11-28 16:11:15+00:00,148.8125,2.645,0.5342465753424658
2025-12-04 21:00:00+00:00,2026-06-18 00:00:00+00:00,NET,NET260618P00047500,put,False,47.5,0.0,1.74,0.25,204.35000610351562,1.0625046875000002,0.03548296713488007,0.0,5.0,5,2025-11-19 14:33:01+00:00,366.44972222222225,0.87,0.5342465753424658
2025-12-04 21:00:00+00:00,2026-06-18 00:00:00+00:00,NET,NET260618P00050000,put,False,50.0,0.0,2.16,0.29,204.35000610351562,1.066899196777344,0.03548296713488007,0.0,,77,2025-11-19 14:33:03+00:00,366.44916666666666,1.08,0.5342465753424658
2025-12-04 21:00:00+00:00,2026-06-18 00:00:00+00:00,NET,NET260618P00055000,put,False,55.0,0.0,2.55,0.37,204.35000610351562,1.0290575891113285,0.03548296713488007,0.0,5.0,10,2025-09-11 13:30:56+00:00,2023.4844444444445,1.275,0.5342465753424658
2025-12-04 21:00:00+00:00,2026-06-18 00:00:00+00:00,NET,NET260618P00060000,put,False,60.0,0.0,2.37,1.7,204.35000610351562,0.9506840869140624,0.03548296713488007,0.0,25.0,28,2025-05-29 15:33:38+00:00,4541.439444444444,1.185,0.5342465753424658
2025-12-04 21:00:00+00:00,2026-06-18 00:00:00+00:00,NET,NET260618P00065000,put,False,65.0,0.0,2.3,1.38,204.35000610351562,0.8872081591796874,0.03548296713488007,0.0,1.0,2,2025-06-26 16:04:21+00:00,3868.9275,1.15,0.5342465753424658
2025-12-04 21:00:00+00:00,2026-06-18 00:00:00+00:00,NET,NET260618P00070000,put,False,70.0,0.02,1.35,0.98,204.35000610351562,0.7602563037109377,0.03548296713488007,0.0,9.0,18,2025-10-03 14:00:02+00:00,1494.9994444444444,0.685,0.5342465753424658
2025-12-04 21:00:00+00:00,2026-06-18 00:00:00+00:00,NET,NET260618P00075000,put,False,75.0,0.22,1.68,0.65,204.35000610351562,0.7565942309570313,0.03548296713488007,0.0,10.0,78,2025-10-31 15:59:50+00:00,821.0027777777777,0.95,0.5342465753424658
2025-12-04 21:00:00+00:00,2026-06-18 00:00:00+00:00,NET,NET260618P00080000,put,False,80.0,0.31,3.3,1.32,204.35000610351562,0.8088398022460936,0.03548296713488007,0.0,10.0,21,2025-09-12 15:18:49+00:00,1997.6863888888888,1.805,0.5342465753424658
2025-12-04 21:00:00+00:00,2026-06-18 00:00:00+00:00,NET,NET260618P00085000,put,False,85.0,0.0,0.0,2.13,204.35000610351562,0.2500075,0.03548296713488007,0.0,3.0,21,2025-08-18 15:31:33+00:00,2597.474166666667,0.0,0.5342465753424658
2025-12-04 21:00:00+00:00,2026-06-18 00:00:00+00:00,NET,NET260618P00090000,put,False,90.0,1.08,2.73,2.77,204.35000610351562,0.7263210961914062,0.03548296713488007,0.0,1.0,28,2025-08-15 15:06:17+00:00,2669.8952777777777,1.905,0.5342465753424658
2025-12-04 21:00:00+00:00,2026-06-18 00:00:00+00:00,NET,NET260618P00092500,put,False,92.5,0.69,2.1,1.67,204.35000610351562,0.659305164794922,0.03548296713488007,0.0,2.0,13,2025-11-17 20:40:01+00:00,408.3330555555556,1.395,0.5342465753424658
2025-12-04 21:00:00+00:00,2026-06-18 00:00:00+00:00,NET,NET260618P00095000,put,False,95.0,1.0,2.32,1.22,204.35000610351562,0.6635775830078127,0.03548296713488007,0.0,3.0,31,2025-10-31 15:41:02+00:00,821.3161111111111,1.66,0.5342465753424658
2025-12-04 21:00:00+00:00,2026-06-18 00:00:00+00:00,NET,NET260618P00097500,put,False,97.5,1.46,2.63,2.2,204.35000610351562,0.6745638012695314,0.03548296713488007,0.0,1.0,18,2025-09-25 19:55:44+00:00,1681.0711111111111,2.045,0.5342465753424658
2025-12-04 21:00:00+00:00,2026-06-18 00:00:00+00:00,NET,NET260618P00100000,put,False,100.0,1.2,2.59,2.9,204.35000610351562,0.6433141137695313,0.03548296713488007,0.0,2.0,1686,2025-11-18 20:29:56+00:00,384.50111111111113,1.895,0.5342465753424658
2025-12-04 21:00:00+00:00,2026-06-18 00:00:00+00:00,NET,NET260618P00105000,put,False,105.0,1.56,3.2,2.8,204.35000610351562,0.6387975573730469,0.03548296713488007,0.0,3.0,18,2025-10-29 19:54:31+00:00,865.0913888888889,2.38,0.5342465753424658
2025-12-04 21:00:00+00:00,2026-06-18 00:00:00+00:00,NET,NET260618P00110000,put,False,110.0,2.2,3.3,4.16,204.35000610351562,0.6231727136230469,0.03548296713488007,0.0,8.0,62,2025-11-19 15:33:59+00:00,365.43361111111113,2.75,0.5342465753424658
2025-12-04 21:00:00+00:00,2026-06-18 00:00:00+00:00,NET,NET260618P00115000,put,False,115.0,2.46,4.4,5.26,204.35000610351562,0.6217078845214845,0.03548296713488007,0.0,1.0,49,2025-11-21 20:56:13+00:00,312.06305555555554,3.43,0.5342465753424658
2025-12-04 21:00:00+00:00,2026-06-18 00:00:00+00:00,NET,NET260618P00120000,put,False,120.0,2.88,5.05,3.86,204.35000610351562,0.6091347680664063,0.03548296713488007,0.0,3.0,141,2025-12-02 18:21:18+00:00,50.645,3.965,0.5342465753424658
2025-12-04 21:00:00+00:00,2026-06-18 00:00:00+00:00,NET,NET260618P00125000,put,False,125.0,3.25,5.9,4.53,204.35000610351562,0.5975382043457032,0.03548296713488007,0.0,3.0,40,2025-12-02 18:21:18+00:00,50.645,4.575,0.5342465753424658
2025-12-04 21:00:00+00:00,2026-06-18 00:00:00+00:00,NET,NET260618P00130000,put,False,130.0,4.05,6.7,7.09,204.35000610351562,0.5908244042968751,0.03548296713488007,0.0,1.0,56,2025-11-20 18:13:37+00:00,338.7730555555556,5.375,0.5342465753424658
2025-12-04 21:00:00+00:00,2026-06-18 00:00:00+00:00,NET,NET260618P00135000,put,False,135.0,5.95,6.85,4.5,204.35000610351562,0.5886881951904297,0.03548296713488007,0.0,1.0,33,2025-10-31 13:38:05+00:00,823.3652777777778,6.4,0.5342465753424658
2025-12-04 21:00:00+00:00,2026-06-18 00:00:00+00:00,NET,NET260618P00140000,put,False,140.0,5.55,7.5,7.37,204.35000610351562,0.5550581604003908,0.03548296713488007,0.0,2.0,185,2025-12-03 20:20:27+00:00,24.659166666666668,6.525,0.5342465753424658
2025-12-04 21:00:00+00:00,2026-06-18 00:00:00+00:00,NET,NET260618P00145000,put,False,145.0,6.65,8.95,9.5,204.35000610351562,0.5559126440429689,0.03548296713488007,0.0,1.0,157,2025-12-01 15:33:35+00:00,77.44027777777778,7.8,0.5342465753424658
2025-12-04 21:00:00+00:00,2026-06-18 00:00:00+00:00,NET,NET260618P00150000,put,False,150.0,8.85,9.85,9.7,204.35000610351562,0.560276614074707,0.03548296713488007,0.0,1.0,153,2025-12-03 16:20:57+00:00,28.650833333333335,9.35,0.5342465753424658
2025-12-04 21:00:00+00:00,2026-06-18 00:00:00+00:00,NET,NET260618P00155000,put,False,155.0,10.1,11.1,10.7,204.35000610351562,0.5532271240234375,0.03548296713488007,0.0,6.0,60,2025-12-03 20:28:43+00:00,24.52138888888889,10.6,0.5342465753424658
2025-12-04 21:00:00+00:00,2026-06-18 00:00:00+00:00,NET,NET260618P00160000,put,False,160.0,14.25,16.7,13.27,204.35000610351562,0.626102371826172,0.03548296713488007,0.0,3.0,154,2025-10-23 19:40:11+00:00,1009.3302777777777,15.475,0.5342465753424658
2025-12-04 21:00:00+00:00,2026-06-18 00:00:00+00:00,NET,NET260618P00165000,put,False,165.0,12.05,14.9,13.65,204.35000610351562,0.5404709039306643,0.03548296713488007,0.0,5.0,26,2025-12-03 20:29:51+00:00,24.5025,13.475000000000001,0.5342465753424658
2025-12-04 21:00:00+00:00,2026-06-18 00:00:00+00:00,NET,NET260618P00170000,put,False,170.0,13.55,16.05,15.58,204.35000610351562,0.5282945120239259,0.03548296713488007,0.0,1.0,61,2025-12-02 14:37:11+00:00,54.38027777777778,14.8,0.5342465753424658
2025-12-04 21:00:00+00:00,2026-06-18 00:00:00+00:00,NET,NET260618P00175000,put,False,175.0,15.75,17.85,19.0,204.35000610351562,0.5277757183837892,0.03548296713488007,0.0,50.0,711,2025-11-26 20:51:22+00:00,192.14388888888888,16.8,0.5342465753424658
2025-12-04 21:00:00+00:00,2026-06-18 00:00:00+00:00,NET,NET260618P00180000,put,False,180.0,17.55,19.75,27.6,204.35000610351562,0.5217027810668945,0.03548296713488007,0.0,1.0,380,2025-11-21 15:34:39+00:00,317.4225,18.65,0.5342465753424658
2025-12-04 21:00:00+00:00,2026-06-18 00:00:00+00:00,NET,NET260618P00185000,put,False,185.0,19.45,23.05,22.0,204.35000610351562,0.5272569247436524,0.03548296713488007,0.0,1.0,26,2025-12-02 14:31:05+00:00,54.481944444444444,21.25,0.5342465753424658
2025-12-04 21:00:00+00:00,2026-06-18 00:00:00+00:00,NET,NET260618P00190000,put,False,190.0,21.75,25.45,31.25,204.35000610351562,0.5255174401855469,0.03548296713488007,0.0,3.0,14,2025-11-21 16:55:25+00:00,316.0763888888889,23.6,0.5342465753424658
2025-12-04 21:00:00+00:00,2026-06-18 00:00:00+00:00,NET,NET260618P00195000,put,False,195.0,24.1,27.05,26.75,204.35000610351562,0.5148974291992188,0.03548296713488007,0.0,5.0,33,2025-12-03 16:03:53+00:00,28.935277777777777,25.575000000000003,0.5342465753424658
2025-12-04 21:00:00+00:00,2026-06-18 00:00:00+00:00,NET,NET260618P00200000,put,False,200.0,27.1,29.5,27.9,204.35000610351562,0.5152941537475585,0.03548296713488007,0.0,1.0,103,2025-12-02 17:01:40+00:00,51.97222222222222,28.3,0.5342465753424658
2025-12-04 21:00:00+00:00,2026-06-18 00:00:00+00:00,NET,NET260618P00210000,put,True,210.0,32.25,34.25,33.57,204.35000610351562,0.5011341390991212,0.03548296713488007,0.0,1.0,83,2025-12-02 17:30:49+00:00,51.48638888888889,33.25,0.5342465753424658
2025-12-04 21:00:00+00:00,2026-06-18 00:00:00+00:00,NET,NET260618P00220000,put,True,220.0,37.3,39.95,45.82,204.35000610351562,0.5083056982421875,0.03548296713488007,0.0,11.0,46,2025-11-18 20:57:09+00:00,384.0475,38.625,0.5342465753424658
2025-12-04 21:00:00+00:00,2026-06-18 00:00:00+00:00,NET,NET260618P00230000,put,True,230.0,44.0,46.25,36.6,204.35000610351562,0.5011646563720704,0.03548296713488007,0.0,1.0,23,2025-11-05 19:29:10+00:00,697.5138888888889,45.125,0.5342465753424658
2025-12-04 21:00:00+00:00,2026-06-18 00:00:00+00:00,NET,NET260618P00240000,put,True,240.0,52.2,54.55,34.7,204.35000610351562,0.5008900009155274,0.03548296713488007,0.0,4.0,33,2025-10-31 14:28:05+00:00,822.5319444444444,53.375,0.5342465753424658
2025-12-04 21:00:00+00:00,2026-06-18 00:00:00+00:00,NET,NET260618P00250000,put,True,250.0,57.65,60.4,68.0,204.35000610351562,0.4921315435791016,0.03548296713488007,0.0,3.0,5,2025-11-18 15:29:32+00:00,389.5077777777778,59.025,0.5342465753424658
2025-12-04 21:00:00+00:00,2026-06-18 00:00:00+00:00,NET,NET260618P00260000,put,True,260.0,65.3,67.55,60.0,204.35000610351562,0.47855135711669916,0.03548296713488007,0.0,2.0,11,2025-11-13 17:01:04+00:00,507.9822222222222,66.425,0.5342465753424658
2025-12-04 21:00:00+00:00,2026-06-18 00:00:00+00:00,NET,NET260618P00270000,put,True,270.0,72.9,75.7,67.7,204.35000610351562,0.47745273529052734,0.03548296713488007,0.0,20.0,102,2025-11-13 17:27:34+00:00,507.54055555555556,74.30000000000001,0.5342465753424658
2025-12-04 21:00:00+00:00,2026-06-18 00:00:00+00:00,NET,NET260618P00280000,put,True,280.0,80.75,83.6,56.25,204.35000610351562,0.4649406533813477,0.03548296713488007,0.0,8.0,22,2025-11-03 20:34:15+00:00,744.4291666666667,82.175,0.5342465753424658
2025-12-04 21:00:00+00:00,2026-06-18 00:00:00+00:00,NET,NET260618P00290000,put,True,290.0,89.9,92.0,90.75,204.35000610351562,0.456609437866211,0.03548296713488007,0.0,1.0,39,2025-12-04 15:22:40+00:00,5.622222222222222,90.95,0.5342465753424658
2025-12-04 21:00:00+00:00,2026-06-18 00:00:00+00:00,NET,NET260618P00300000,put,True,300.0,98.1,100.65,88.16,204.35000610351562,0.44788149780273434,0.03548296713488007,0.0,1.0,7,2025-11-07 14:51:54+00:00,654.135,99.375,0.5342465753424658
2025-12-04 21:00:00+00:00,2026-06-18 00:00:00+00:00,NET,NET260618P00340000,put,True,340.0,137.3,140.9,101.15,204.35000610351562,0.5468184967041017,0.03548296713488007,0.0,6.0,6,2025-10-31 19:10:36+00:00,817.8233333333334,139.10000000000002,0.5342465753424658
2025-12-04 21:00:00+00:00,2026-09-18 00:00:00+00:00,NET,NET260918C00080000,call,True,80.0,121.6,124.0,109.47,204.35000610351562,1.0000000000000003e-05,0.03548296713488007,0.0,2.0,2,2025-07-11 19:05:42+00:00,3505.905,122.8,0.7863013698630137
2025-12-04 21:00:00+00:00,2026-09-18 00:00:00+00:00,NET,NET260918C00095000,call,True,95.0,114.4,116.9,97.5,204.35000610351562,0.785707709350586,0.03548296713488007,0.0,6.0,6,2025-11-21 15:20:54+00:00,317.65166666666664,115.65,0.7863013698630137
2025-12-04 21:00:00+00:00,2026-09-18 00:00:00+00:00,NET,NET260918C00100000,call,True,100.0,109.5,112.55,150.87,204.35000610351562,0.7561059545898439,0.03548296713488007,0.0,18.0,1,2025-11-04 15:00:28+00:00,725.9922222222223,111.025,0.7863013698630137
2025-12-04 21:00:00+00:00,2026-09-18 00:00:00+00:00,NET,NET260918C00105000,call,True,105.0,112.35,116.05,127.0,204.35000610351562,0.9667361724853516,0.03548296713488007,0.0,2.0,3,2025-10-06 16:29:08+00:00,1420.5144444444445,114.19999999999999,0.7863013698630137
2025-12-04 21:00:00+00:00,2026-09-18 00:00:00+00:00,NET,NET260918C00110000,call,True,110.0,101.0,104.35,98.95,204.35000610351562,0.7277248907470704,0.03548296713488007,0.0,2.0,2,2025-11-28 15:14:13+00:00,149.76305555555555,102.675,0.7863013698630137
2025-12-04 21:00:00+00:00,2026-09-18 00:00:00+00:00,NET,NET260918C00115000,call,True,115.0,104.0,108.2,106.88,204.35000610351562,0.9169014657592774,0.03548296713488007,0.0,2.0,4,2025-09-17 16:02:40+00:00,1876.9555555555555,106.1,0.7863013698630137
2025-12-04 21:00:00+00:00,2026-09-18 00:00:00+00:00,NET,NET260918C00120000,call,True,120.0,90.7,93.65,118.95,204.35000610351562,0.6343420355224609,0.03548296713488007,0.0,2.0,6,2025-10-30 18:16:16+00:00,842.7288888888888,92.17500000000001,0.7863013698630137
2025-12-04 21:00:00+00:00,2026-09-18 00:00:00+00:00,NET,NET260918C00125000,call,True,125.0,96.2,100.15,106.01,204.35000610351562,0.8715833154296875,0.03548296713488007,0.0,1.0,10,2025-10-10 15:26:24+00:00,1325.56,98.17500000000001,0.7863013698630137
2025-12-04 21:00:00+00:00,2026-09-18 00:00:00+00:00,NET,NET260918C00130000,call,True,130.0,83.0,85.8,110.95,204.35000610351562,0.6203040899658205,0.03548296713488007,0.0,6.0,76,2025-10-30 18:19:44+00:00,842.6711111111111,84.4,0.7863013698630137
2025-12-04 21:00:00+00:00,2026-09-18 00:00:00+00:00,NET,NET260918C00135000,call,True,135.0,81.2,84.85,93.7,204.35000610351562,0.6683993121337892,0.03548296713488007,0.0,1.0,6,2025-11-14 16:52:03+00:00,484.1325,83.025,0.7863013698630137
2025-12-04 21:00:00+00:00,2026-09-18 00:00:00+00:00,NET,NET260918C00140000,call,True,140.0,75.55,79.2,120.24,204.35000610351562,0.6158485681152344,0.03548296713488007,0.0,1.0,23,2025-10-31 16:37:11+00:00,820.3802777777778,77.375,0.7863013698630137
2025-12-04 21:00:00+00:00,2026-09-18 00:00:00+00:00,NET,NET260918C00145000,call,True,145.0,69.5,73.3,93.5,204.35000610351562,0.5584760949707033,0.03548296713488007,0.0,5.0,7,2025-10-24 14:12:03+00:00,990.7991666666667,71.4,0.7863013698630137
2025-12-04 21:00:00+00:00,2026-09-18 00:00:00+00:00,NET,NET260918C00150000,call,True,150.0,71.5,74.3,71.0,204.35000610351562,0.6526829165649416,0.03548296713488007,0.0,6.0,40,2025-12-04 16:01:52+00:00,4.9688888888888885,72.9,0.7863013698630137
2025-12-04 21:00:00+00:00,2026-09-18 00:00:00+00:00,NET,NET260918C00155000,call,True,155.0,75.45,79.05,83.9,204.35000610351562,0.7857687438964844,0.03548296713488007,0.0,1.0,8,2025-10-16 14:48:32+00:00,1182.191111111111,77.25,0.7863013698630137
2025-12-04 21:00:00+00:00,2026-09-18 00:00:00+00:00,NET,NET260918C00160000,call,True,160.0,64.15,67.8,58.93,204.35000610351562,0.6314428945922851,0.03548296713488007,0.0,1.0,1553,2025-11-25 17:27:41+00:00,219.53861111111112,65.975,0.7863013698630137
2025-12-04 21:00:00+00:00,2026-09-18 00:00:00+00:00,NET,NET260918C00165000,call,True,165.0,58.85,62.35,94.8,204.35000610351562,0.5862773306274415,0.03548296713488007,0.0,1.0,7,2025-10-31 13:46:56+00:00,823.2177777777778,60.6,0.7863013698630137
2025-12-04 21:00:00+00:00,2026-09-18 00:00:00+00:00,NET,NET260918C00170000,call,True,170.0,58.3,61.75,58.0,204.35000610351562,0.6221656436157227,0.03548296713488007,0.0,1.0,5,2025-11-18 14:44:55+00:00,390.25138888888887,60.025,0.7863013698630137
2025-12-04 21:00:00+00:00,2026-09-18 00:00:00+00:00,NET,NET260918C00175000,call,True,175.0,55.2,58.85,82.75,204.35000610351562,0.6149940844726562,0.03548296713488007,0.0,2.0,6,2025-11-07 20:58:14+00:00,648.0294444444445,57.025000000000006,0.7863013698630137
2025-12-04 21:00:00+00:00,2026-09-18 00:00:00+00:00,NET,NET260918C00180000,call,True,180.0,53.05,55.9,42.4,204.35000610351562,0.6136513244628907,0.03548296713488007,0.0,4.0,13,2025-11-21 15:35:41+00:00,317.40527777777777,54.474999999999994,0.7863013698630137
2025-12-04 21:00:00+00:00,2026-09-18 00:00:00+00:00,NET,NET260918C00185000,call,True,185.0,50.35,52.95,48.28,204.35000610351562,0.6066323516845704,0.03548296713488007,0.0,10.0,17,2025-11-19 14:33:01+00:00,366.44972222222225,51.650000000000006,0.7863013698630137
2025-12-04 21:00:00+00:00,2026-09-18 00:00:00+00:00,NET,NET260918C00190000,call,True,190.0,47.6,50.45,43.6,204.35000610351562,0.601413898010254,0.03548296713488007,0.0,3.0,18,2025-11-24 17:13:11+00:00,243.78027777777777,49.025000000000006,0.7863013698630137
2025-12-04 21:00:00+00:00,2026-09-18 00:00:00+00:00,NET,NET260918C00195000,call,True,195.0,45.7,48.25,45.2,204.35000610351562,0.6034280380249025,0.03548296713488007,0.0,2.0,145,2025-12-03 15:49:03+00:00,29.1825,46.975,0.7863013698630137
2025-12-04 21:00:00+00:00,2026-09-18 00:00:00+00:00,NET,NET260918C00200000,call,True,200.0,42.9,46.0,44.43,204.35000610351562,0.5971414797973633,0.03548296713488007,0.0,1.0,48,2025-12-04 20:07:53+00:00,0.8686111111111111,44.45,0.7863013698630137
2025-12-04 21:00:00+00:00,2026-09-18 00:00:00+00:00,NET,NET260918C00210000,call,False,210.0,38.3,41.35,35.75,204.35000610351562,0.5872538833618165,0.03548296713488007,0.0,1.0,48,2025-12-01 16:28:23+00:00,76.52694444444444,39.825,0.7863013698630137
2025-12-04 21:00:00+00:00,2026-09-18 00:00:00+00:00,NET,NET260918C00220000,call,False,220.0,34.45,37.6,32.22,204.35000610351562,0.5844157769775391,0.03548296713488007,0.0,1.0,45,2025-12-01 14:37:54+00:00,78.36833333333334,36.025000000000006,0.7863013698630137
2025-12-04 21:00:00+00:00,2026-09-18 00:00:00+00:00,NET,NET260918C00230000,call,False,230.0,31.2,33.8,32.55,204.35000610351562,0.5809673251342774,0.03548296713488007,0.0,3.0,71,2025-12-02 15:30:21+00:00,53.494166666666665,32.5,0.7863013698630137
2025-12-04 21:00:00+00:00,2026-09-18 00:00:00+00:00,NET,NET260918C00240000,call,False,240.0,27.05,29.3,28.17,204.35000610351562,0.5623517886352539,0.03548296713488007,0.0,1.0,182,2025-12-04 17:30:42+00:00,3.4883333333333333,28.175,0.7863013698630137
2025-12-04 21:00:00+00:00,2026-09-18 00:00:00+00:00,NET,NET260918C00250000,call,False,250.0,23.9,26.6,24.25,204.35000610351562,0.559147474975586,0.03548296713488007,0.0,7.0,344,2025-12-03 15:48:42+00:00,29.188333333333333,25.25,0.7863013698630137
2025-12-04 21:00:00+00:00,2026-09-18 00:00:00+00:00,NET,NET260918C00260000,call,False,260.0,21.0,24.25,19.7,204.35000610351562,0.5564314376831055,0.03548296713488007,0.0,8.0,3483,2025-11-24 20:10:30+00:00,240.825,22.625,0.7863013698630137
2025-12-04 21:00:00+00:00,2026-09-18 00:00:00+00:00,NET,NET260918C00270000,call,False,270.0,18.75,22.1,17.82,204.35000610351562,0.5563398858642579,0.03548296713488007,0.0,2.0,124,2025-11-24 17:15:26+00:00,243.74277777777777,20.425,0.7863013698630137
2025-12-04 21:00:00+00:00,2026-09-18 00:00:00+00:00,NET,NET260918C00280000,call,False,280.0,16.8,19.25,18.09,204.35000610351562,0.5500838449096681,0.03548296713488007,0.0,3.0,38,2025-11-19 14:33:01+00:00,366.44972222222225,18.025,0.7863013698630137
2025-12-04 21:00:00+00:00,2026-09-18 00:00:00+00:00,NET,NET260918C00290000,call,False,290.0,14.55,17.55,16.3,204.35000610351562,0.5469405657958986,0.03548296713488007,0.0,2.0,635,2025-12-02 15:29:56+00:00,53.50111111111111,16.05,0.7863013698630137
2025-12-04 21:00:00+00:00,2026-09-18 00:00:00+00:00,NET,NET260918C00300000,call,False,300.0,12.95,14.65,14.3,204.35000610351562,0.5362900375366212,0.03548296713488007,0.0,4.0,197,2025-12-04 18:01:10+00:00,2.9805555555555556,13.8,0.7863013698630137
2025-12-04 21:00:00+00:00,2026-09-18 00:00:00+00:00,NET,NET260918C00310000,call,False,310.0,12.15,13.85,14.27,204.35000610351562,0.5463912548828126,0.03548296713488007,0.0,3.0,44,2025-11-18 18:29:30+00:00,386.5083333333333,13.0,0.7863013698630137
2025-12-04 21:00:00+00:00,2026-09-18 00:00:00+00:00,NET,NET260918C00320000,call,False,320.0,9.9,12.9,23.23,204.35000610351562,0.5408371112060548,0.03548296713488007,0.0,10.0,27,2025-11-05 15:47:21+00:00,701.2108333333333,11.4,0.7863013698630137
2025-12-04 21:00:00+00:00,2026-09-18 00:00:00+00:00,NET,NET260918C00330000,call,False,330.0,8.2,11.8,18.62,204.35000610351562,0.5360153820800782,0.03548296713488007,0.0,6.0,153,2025-11-07 18:29:47+00:00,650.5036111111111,10.0,0.7863013698630137
2025-12-04 21:00:00+00:00,2026-09-18 00:00:00+00:00,NET,NET260918C00340000,call,False,340.0,7.7,10.05,22.0,204.35000610351562,0.5337571038818358,0.03548296713488007,0.0,1.0,2,2025-10-31 13:33:29+00:00,823.4419444444444,8.875,0.7863013698630137
2025-12-04 21:00:00+00:00,2026-09-18 00:00:00+00:00,NET,NET260918C00370000,call,False,370.0,5.75,7.65,5.65,204.35000610351562,0.5394333166503908,0.03548296713488007,0.0,1.0,1,2025-11-25 14:32:22+00:00,222.46055555555554,6.7,0.7863013698630137
2025-12-04 21:00:00+00:00,2026-09-18 00:00:00+00:00,NET,NET260918C00380000,call,False,380.0,5.4,7.05,5.99,204.35000610351562,0.5438278039550781,0.03548296713488007,0.0,1.0,3,2025-12-02 17:58:32+00:00,51.02444444444444,6.225,0.7863013698630137
2025-12-04 21:00:00+00:00,2026-09-18 00:00:00+00:00,NET,NET260918P00080000,put,False,80.0,0.36,2.61,1.64,204.35000610351562,0.6408727319335938,0.03548296713488007,0.0,2.0,25,2025-11-07 14:31:59+00:00,654.4669444444445,1.4849999999999999,0.7863013698630137
2025-12-04 21:00:00+00:00,2026-09-18 00:00:00+00:00,NET,NET260918P00085000,put,False,85.0,1.4,2.61,1.97,204.35000610351562,0.6438023901367188,0.03548296713488007,0.0,2.0,6,2025-11-07 14:31:59+00:00,654.4669444444445,2.005,0.7863013698630137
2025-12-04 21:00:00+00:00,2026-09-18 00:00:00+00:00,NET,NET260918P00090000,put,False,90.0,2.0,3.75,3.13,204.35000610351562,0.6606479248046876,0.03548296713488007,0.0,1.0,11,2025-11-21 18:54:35+00:00,314.09027777777777,2.875,0.7863013698630137
2025-12-04 21:00:00+00:00,2026-09-18 00:00:00+00:00,NET,NET260918P00095000,put,False,95.0,1.98,4.15,2.83,204.35000610351562,0.6330603100585939,0.03548296713488007,0.0,2.0,2,2025-12-03 17:21:29+00:00,27.641944444444444,3.0650000000000004,0.7863013698630137
2025-12-04 21:00:00+00:00,2026-09-18 00:00:00+00:00,NET,NET260918P00100000,put,False,100.0,2.75,4.8,3.35,204.35000610351562,0.63086306640625,0.03548296713488007,0.0,2.0,42,2025-12-04 20:29:04+00:00,0.5155555555555555,3.775,0.7863013698630137
2025-12-04 21:00:00+00:00,2026-09-18 00:00:00+00:00,NET,NET260918P00105000,put,False,105.0,2.76,5.5,3.68,204.35000610351562,0.6100502862548829,0.03548296713488007,0.0,1.0,2,2025-10-28 15:10:35+00:00,893.8236111111111,4.13,0.7863013698630137
2025-12-04 21:00:00+00:00,2026-09-18 00:00:00+00:00,NET,NET260918P00110000,put,False,110.0,2.84,6.9,6.24,204.35000610351562,0.603763728027344,0.03548296713488007,0.0,1.0,5,2025-11-21 18:54:35+00:00,314.09027777777777,4.87,0.7863013698630137
2025-12-04 21:00:00+00:00,2026-09-18 00:00:00+00:00,NET,NET260918P00115000,put,False,115.0,4.15,8.05,6.3,204.35000610351562,0.6114540808105471,0.03548296713488007,0.0,838.0,838,2025-10-02 19:58:47+00:00,1513.0202777777777,6.1000000000000005,0.7863013698630137
2025-12-04 21:00:00+00:00,2026-09-18 00:00:00+00:00,NET,NET260918P00120000,put,False,120.0,5.7,7.85,6.29,204.35000610351562,0.5971719970703125,0.03548296713488007,0.0,5.0,108,2025-12-02 18:19:50+00:00,50.669444444444444,6.775,0.7863013698630137
2025-12-04 21:00:00+00:00,2026-09-18 00:00:00+00:00,NET,NET260918P00125000,put,False,125.0,5.9,7.95,7.21,204.35000610351562,0.5667157586669922,0.03548296713488007,0.0,5.0,46,2025-12-02 18:19:50+00:00,50.669444444444444,6.925000000000001,0.7863013698630137
2025-12-04 21:00:00+00:00,2026-09-18 00:00:00+00:00,NET,NET260918P00130000,put,False,130.0,8.3,10.2,8.6,204.35000610351562,0.5951578570556642,0.03548296713488007,0.0,1.0,31,2025-09-24 13:32:30+00:00,1711.4583333333333,9.25,0.7863013698630137
2025-12-04 21:00:00+00:00,2026-09-18 00:00:00+00:00,NET,NET260918P00135000,put,False,135.0,8.8,11.05,12.0,204.35000610351562,0.576450768737793,0.03548296713488007,0.0,1.0,130,2025-11-18 14:36:26+00:00,390.3927777777778,9.925,0.7863013698630137
2025-12-04 21:00:00+00:00,2026-09-18 00:00:00+00:00,NET,NET260918P00140000,put,False,140.0,9.3,11.5,7.0,204.35000610351562,0.5526778131103516,0.03548296713488007,0.0,1.0,74,2025-11-03 14:36:23+00:00,750.3936111111111,10.4,0.7863013698630137
2025-12-04 21:00:00+00:00,2026-09-18 00:00:00+00:00,NET,NET260918P00145000,put,False,145.0,11.3,14.0,12.5,204.35000610351562,0.5672345523071288,0.03548296713488007,0.0,2.0,42,2025-10-09 16:44:58+00:00,1348.2505555555556,12.65,0.7863013698630137
2025-12-04 21:00:00+00:00,2026-09-18 00:00:00+00:00,NET,NET260918P00150000,put,False,150.0,12.65,14.55,11.11,204.35000610351562,0.5513960876464845,0.03548296713488007,0.0,1.0,110,2025-10-28 15:10:46+00:00,893.8205555555555,13.600000000000001,0.7863013698630137
2025-12-04 21:00:00+00:00,2026-09-18 00:00:00+00:00,NET,NET260918P00155000,put,False,155.0,13.55,16.25,21.05,204.35000610351562,0.5415084912109377,0.03548296713488007,0.0,14.0,411,2025-11-21 15:29:05+00:00,317.5152777777778,14.9,0.7863013698630137
2025-12-04 21:00:00+00:00,2026-09-18 00:00:00+00:00,NET,NET260918P00160000,put,False,160.0,15.6,17.35,17.5,204.35000610351562,0.5352829675292969,0.03548296713488007,0.0,160.0,169,2025-11-14 15:10:19+00:00,485.8280555555556,16.475,0.7863013698630137
2025-12-04 21:00:00+00:00,2026-09-18 00:00:00+00:00,NET,NET260918P00165000,put,False,165.0,20.1,23.4,19.8,204.35000610351562,0.5916788879394532,0.03548296713488007,0.0,2.0,12,2025-10-21 17:42:51+00:00,1059.2858333333334,21.75,0.7863013698630137
2025-12-04 21:00:00+00:00,2026-09-18 00:00:00+00:00,NET,NET260918P00170000,put,False,170.0,19.55,21.35,26.71,204.35000610351562,0.5319871020507813,0.03548296713488007,0.0,5.0,36,2025-11-21 15:03:09+00:00,317.9475,20.450000000000003,0.7863013698630137
2025-12-04 21:00:00+00:00,2026-09-18 00:00:00+00:00,NET,NET260918P00175000,put,False,175.0,21.05,23.2,24.3,204.35000610351562,0.5224962301635742,0.03548296713488007,0.0,3.0,27,2025-12-04 15:35:42+00:00,5.405,22.125,0.7863013698630137
2025-12-04 21:00:00+00:00,2026-09-18 00:00:00+00:00,NET,NET260918P00180000,put,False,180.0,23.25,26.1,28.3,204.35000610351562,0.5254258883666992,0.03548296713488007,0.0,4.0,72,2025-11-18 19:39:13+00:00,385.3463888888889,24.675,0.7863013698630137
2025-12-04 21:00:00+00:00,2026-09-18 00:00:00+00:00,NET,NET260918P00185000,put,False,185.0,25.15,28.3,35.13,204.35000610351562,0.5187731228637695,0.03548296713488007,0.0,1.0,89,2025-11-21 15:54:10+00:00,317.09722222222223,26.725,0.7863013698630137
2025-12-04 21:00:00+00:00,2026-09-18 00:00:00+00:00,NET,NET260918P00190000,put,False,190.0,27.1,30.7,30.0,204.35000610351562,0.512578116455078,0.03548296713488007,0.0,3.0,178,2025-12-03 15:37:06+00:00,29.381666666666668,28.9,0.7863013698630137
2025-12-04 21:00:00+00:00,2026-09-18 00:00:00+00:00,NET,NET260918P00195000,put,False,195.0,30.15,32.5,30.95,204.35000610351562,0.5086108709716797,0.03548296713488007,0.0,1.0,5,2025-12-02 15:15:50+00:00,53.736111111111114,31.325,0.7863013698630137
2025-12-04 21:00:00+00:00,2026-09-18 00:00:00+00:00,NET,NET260918P00200000,put,False,200.0,32.25,34.9,42.95,204.35000610351562,0.5006916386413574,0.03548296713488007,0.0,2.0,17,2025-11-21 16:24:28+00:00,316.59222222222223,33.575,0.7863013698630137
2025-12-04 21:00:00+00:00,2026-09-18 00:00:00+00:00,NET,NET260918P00210000,put,True,210.0,38.95,40.25,40.0,204.35000610351562,0.5022327609252931,0.03548296713488007,0.0,11.0,28,2025-12-02 16:30:35+00:00,52.49027777777778,39.6,0.7863013698630137
2025-12-04 21:00:00+00:00,2026-09-18 00:00:00+00:00,NET,NET260918P00220000,put,True,220.0,42.55,46.2,42.31,204.35000610351562,0.5060169027709961,0.03548296713488007,0.0,2.0,37,2025-10-15 15:13:15+00:00,1205.7791666666667,44.375,0.7863013698630137
2025-12-04 21:00:00+00:00,2026-09-18 00:00:00+00:00,NET,NET260918P00230000,put,True,230.0,49.45,52.15,52.0,204.35000610351562,0.49564102996826176,0.03548296713488007,0.0,1.0,75,2025-12-02 19:43:05+00:00,49.28194444444444,50.8,0.7863013698630137
2025-12-04 21:00:00+00:00,2026-09-18 00:00:00+00:00,NET,NET260918P00240000,put,True,240.0,56.15,59.05,44.72,204.35000610351562,0.4935353381347657,0.03548296713488007,0.0,1.0,51,2025-11-11 17:59:36+00:00,555.0066666666667,57.599999999999994,0.7863013698630137
2025-12-04 21:00:00+00:00,2026-09-18 00:00:00+00:00,NET,NET260918P00250000,put,True,250.0,64.45,67.25,56.5,204.35000610351562,0.5053150054931641,0.03548296713488007,0.0,1.0,1,2025-10-29 17:16:31+00:00,867.7247222222222,65.85,0.7863013698630137
2025-12-04 21:00:00+00:00,2026-09-18 00:00:00+00:00,NET,NET260918P00260000,put,True,260.0,70.4,72.8,59.95,204.35000610351562,0.4747977325439453,0.03548296713488007,0.0,4.0,6,2025-11-05 18:09:49+00:00,698.8363888888889,71.6,0.7863013698630137
2025-12-04 21:00:00+00:00,2026-09-18 00:00:00+00:00,NET,NET260918P00270000,put,True,270.0,77.4,81.05,66.7,204.35000610351562,0.4791922198486328,0.03548296713488007,0.0,1.0,3,2025-11-05 17:03:24+00:00,699.9433333333334,79.225,0.7863013698630137
2025-12-04 21:00:00+00:00,2026-09-18 00:00:00+00:00,NET,NET260918P00280000,put,True,280.0,85.15,87.9,71.25,204.35000610351562,0.45773857696533216,0.03548296713488007,0.0,1.0,4,2025-11-04 18:58:34+00:00,722.0238888888889,86.525,0.7863013698630137
2025-12-04 21:00:00+00:00,2026-09-18 00:00:00+00:00,NET,NET260918P00290000,put,True,290.0,88.05,92.4,94.35,204.35000610351562,0.38513798461914056,0.03548296713488007,0.0,3.0,3,2025-08-08 13:50:28+00:00,2839.1588888888887,90.225,0.7863013698630137
2025-12-04 21:00:00+00:00,2026-09-18 00:00:00+00:00,NET,NET260918P00300000,put,True,300.0,101.55,104.1,76.7,204.35000610351562,0.44067942138671873,0.03548296713488007,0.0,,1,2025-11-03 19:26:26+00:00,745.5594444444445,102.82499999999999,0.7863013698630137
2025-12-04 21:00:00+00:00,2026-12-18 00:00:00+00:00,NET,NET261218C00100000,call,True,100.0,112.0,116.0,112.7,204.35000610351562,0.7488428436279297,0.03548296713488007,0.0,10.0,10,2025-12-02 14:35:11+00:00,54.41361111111111,114.0,1.0356164383561643
2025-12-04 21:00:00+00:00,2026-12-18 00:00:00+00:00,NET,NET261218C00105000,call,True,105.0,108.0,112.0,109.75,204.35000610351562,0.7353847262573242,0.03548296713488007,0.0,1.0,1,2025-12-02 15:55:42+00:00,53.071666666666665,110.0,1.0356164383561643
2025-12-04 21:00:00+00:00,2026-12-18 00:00:00+00:00,NET,NET261218C00115000,call,True,115.0,101.0,104.35,132.45,204.35000610351562,0.7216824707031251,0.03548296713488007,0.0,5.0,19,2025-11-11 20:53:34+00:00,552.1072222222223,102.675,1.0356164383561643
2025-12-04 21:00:00+00:00,2026-12-18 00:00:00+00:00,NET,NET261218C00120000,call,True,120.0,93.5,98.0,122.95,204.35000610351562,0.6393468682861327,0.03548296713488007,0.0,,1,2025-10-30 18:08:17+00:00,842.8619444444445,95.75,1.0356164383561643
2025-12-04 21:00:00+00:00,2026-12-18 00:00:00+00:00,NET,NET261218C00125000,call,True,125.0,90.0,94.5,119.1,204.35000610351562,0.6367834173583984,0.03548296713488007,0.0,,2,2025-10-30 18:10:56+00:00,842.8177777777778,92.25,1.0356164383561643
2025-12-04 21:00:00+00:00,2026-12-18 00:00:00+00:00,NET,NET261218C00145000,call,True,145.0,79.5,83.0,79.5,204.35000610351562,0.6618075811767579,0.03548296713488007,0.0,25.0,15,2025-12-02 19:31:31+00:00,49.47472222222222,81.25,1.0356164383561643
2025-12-04 21:00:00+00:00,2026-12-18 00:00:00+00:00,NET,NET261218C00150000,call,True,150.0,76.0,80.0,68.9,204.35000610351562,0.654147745666504,0.03548296713488007,0.0,,3,2025-11-20 17:46:19+00:00,339.22805555555556,78.0,1.0356164383561643
2025-12-04 21:00:00+00:00,2026-12-18 00:00:00+00:00,NET,NET261218C00155000,call,True,155.0,72.5,77.0,75.3,204.35000610351562,0.6454808401489257,0.03548296713488007,0.0,10.0,1,2025-12-04 20:10:45+00:00,0.8208333333333333,74.75,1.0356164383561643
2025-12-04 21:00:00+00:00,2026-12-18 00:00:00+00:00,NET,NET261218C00165000,call,True,165.0,67.5,71.0,67.22,204.35000610351562,0.6404760073852539,0.03548296713488007,0.0,2.0,4,2025-12-03 16:43:26+00:00,28.27611111111111,69.25,1.0356164383561643
2025-12-04 21:00:00+00:00,2026-12-18 00:00:00+00:00,NET,NET261218C00170000,call,True,170.0,63.5,68.0,61.1,204.35000610351562,0.6253089227294923,0.03548296713488007,0.0,,2,2025-11-19 15:17:00+00:00,365.71666666666664,65.75,1.0356164383561643
2025-12-04 21:00:00+00:00,2026-12-18 00:00:00+00:00,NET,NET261218C00175000,call,True,175.0,61.35,65.5,58.4,204.35000610351562,0.6262549581909181,0.03548296713488007,0.0,1.0,3,2025-12-01 19:43:47+00:00,73.27027777777778,63.425,1.0356164383561643
2025-12-04 21:00:00+00:00,2026-12-18 00:00:00+00:00,NET,NET261218C00180000,call,True,180.0,58.7,62.5,57.0,204.35000610351562,0.6190223645019532,0.03548296713488007,0.0,4.0,6,2025-12-03 15:34:18+00:00,29.428333333333335,60.6,1.0356164383561643
2025-12-04 21:00:00+00:00,2026-12-18 00:00:00+00:00,NET,NET261218C00185000,call,True,185.0,56.5,59.75,53.5,204.35000610351562,0.6156654644775392,0.03548296713488007,0.0,1.0,3,2025-12-03 15:03:04+00:00,29.948888888888888,58.125,1.0356164383561643
2025-12-04 21:00:00+00:00,2026-12-18 00:00:00+00:00,NET,NET261218C00190000,call,True,190.0,54.1,57.5,55.18,204.35000610351562,0.6133156344604493,0.03548296713488007,0.0,1.0,2,2025-12-04 15:48:34+00:00,5.190555555555555,55.8,1.0356164383561643
2025-12-04 21:00:00+00:00,2026-12-18 00:00:00+00:00,NET,NET261218C00195000,call,True,195.0,51.6,54.6,53.5,204.35000610351562,0.6051064880371095,0.03548296713488007,0.0,1.0,5,2025-12-02 16:09:31+00:00,52.841388888888886,53.1,1.0356164383561643
2025-12-04 21:00:00+00:00,2026-12-18 00:00:00+00:00,NET,NET261218C00200000,call,True,200.0,50.25,52.15,50.58,204.35000610351562,0.6063271789550781,0.03548296713488007,0.0,5.0,561,2025-12-04 19:19:00+00:00,1.6833333333333333,51.2,1.0356164383561643
2025-12-04 21:00:00+00:00,2026-12-18 00:00:00+00:00,NET,NET261218C00210000,call,False,210.0,45.1,47.75,44.45,204.35000610351562,0.5937235452270508,0.03548296713488007,0.0,3.0,601,2025-12-04 15:14:03+00:00,5.765833333333333,46.425,1.0356164383561643
2025-12-04 21:00:00+00:00,2026-12-18 00:00:00+00:00,NET,NET261218C00220000,call,False,220.0,40.9,43.95,41.05,204.35000610351562,0.5874675042724609,0.03548296713488007,0.0,1.0,4,2025-12-03 16:50:48+00:00,28.153333333333332,42.425,1.0356164383561643
2025-12-04 21:00:00+00:00,2026-12-18 00:00:00+00:00,NET,NET261218C00230000,call,False,230.0,37.0,40.3,37.5,204.35000610351562,0.580784221496582,0.03548296713488007,0.0,3.0,11,2025-12-03 20:03:01+00:00,24.94972222222222,38.65,1.0356164383561643
2025-12-04 21:00:00+00:00,2026-12-18 00:00:00+00:00,NET,NET261218C00240000,call,False,240.0,33.95,36.35,29.85,204.35000610351562,0.5743908528137207,0.03548296713488007,0.0,1.0,6,2025-11-25 16:54:28+00:00,220.09222222222223,35.150000000000006,1.0356164383561643
2025-12-04 21:00:00+00:00,2026-12-18 00:00:00+00:00,NET,NET261218C00250000,call,False,250.0,31.3,33.7,31.5,204.35000610351562,0.5753521469116211,0.03548296713488007,0.0,1.0,52,2025-12-03 16:41:06+00:00,28.315,32.5,1.0356164383561643
2025-12-04 21:00:00+00:00,2026-12-18 00:00:00+00:00,NET,NET261218C00260000,call,False,260.0,27.6,30.9,27.11,204.35000610351562,0.5663495513916017,0.03548296713488007,0.0,3.0,6,2025-11-26 19:53:52+00:00,193.10222222222222,29.25,1.0356164383561643
2025-12-04 21:00:00+00:00,2026-12-18 00:00:00+00:00,NET,NET261218C00270000,call,False,270.0,24.5,28.9,24.68,204.35000610351562,0.5632367895507813,0.03548296713488007,0.0,2.0,12,2025-11-20 18:12:48+00:00,338.7866666666667,26.7,1.0356164383561643
2025-12-04 21:00:00+00:00,2026-12-18 00:00:00+00:00,NET,NET261218C00280000,call,False,280.0,22.7,26.5,22.0,204.35000610351562,0.5632673068237305,0.03548296713488007,0.0,1.0,2,2025-11-25 14:36:19+00:00,222.3947222222222,24.6,1.0356164383561643
2025-12-04 21:00:00+00:00,2026-12-18 00:00:00+00:00,NET,NET261218C00290000,call,False,290.0,20.7,24.4,21.6,204.35000610351562,0.561726184539795,0.03548296713488007,0.0,2.0,573,2025-11-19 19:44:25+00:00,361.2597222222222,22.549999999999997,1.0356164383561643
2025-12-04 21:00:00+00:00,2026-12-18 00:00:00+00:00,NET,NET261218C00300000,call,False,300.0,18.55,22.4,36.55,204.35000610351562,0.5577131631469728,0.03548296713488007,0.0,1.0,0,2025-11-04 18:17:32+00:00,722.7077777777778,20.475,1.0356164383561643
2025-12-04 21:00:00+00:00,2026-12-18 00:00:00+00:00,NET,NET261218C00310000,call,False,310.0,17.05,19.65,18.4,204.35000610351562,0.550862035369873,0.03548296713488007,0.0,1.0,8,2025-12-04 18:28:11+00:00,2.5302777777777776,18.35,1.0356164383561643
2025-12-04 21:00:00+00:00,2026-12-18 00:00:00+00:00,NET,NET261218C00320000,call,False,320.0,15.35,19.0,16.75,204.35000610351562,0.554814022216797,0.03548296713488007,0.0,8.0,1,2025-12-04 18:16:11+00:00,2.730277777777778,17.175,1.0356164383561643
2025-12-04 21:00:00+00:00,2026-12-18 00:00:00+00:00,NET,NET261218C00350000,call,False,350.0,11.45,14.15,12.75,204.35000610351562,0.5448043566894532,0.03548296713488007,0.0,1.0,5,2025-12-02 15:53:58+00:00,53.10055555555556,12.8,1.0356164383561643
2025-12-04 21:00:00+00:00,2026-12-18 00:00:00+00:00,NET,NET261218P00105000,put,False,105.0,4.8,6.55,6.17,204.35000610351562,0.5853923297119141,0.03548296713488007,0.0,2.0,2,2025-11-28 17:40:02+00:00,147.33277777777778,5.675,1.0356164383561643
2025-12-04 21:00:00+00:00,2026-12-18 00:00:00+00:00,NET,NET261218P00120000,put,False,120.0,7.7,9.6,12.13,204.35000610351562,0.5691571405029296,0.03548296713488007,0.0,50.0,51,2025-11-18 14:30:27+00:00,390.4925,8.65,1.0356164383561643
2025-12-04 21:00:00+00:00,2026-12-18 00:00:00+00:00,NET,NET261218P00130000,put,False,130.0,10.0,13.1,14.0,204.35000610351562,0.5692486923217773,0.03548296713488007,0.0,1.0,1,2025-11-21 17:44:01+00:00,315.2663888888889,11.55,1.0356164383561643
2025-12-04 21:00:00+00:00,2026-12-18 00:00:00+00:00,NET,NET261218P00140000,put,False,140.0,12.9,14.85,12.28,204.35000610351562,0.549656603088379,0.03548296713488007,0.0,1.0,11,2025-11-12 20:36:30+00:00,528.3916666666667,13.875,1.0356164383561643
2025-12-04 21:00:00+00:00,2026-12-18 00:00:00+00:00,NET,NET261218P00150000,put,False,150.0,16.0,18.35,20.55,204.35000610351562,0.5427291821289064,0.03548296713488007,0.0,,1,2025-11-19 17:29:56+00:00,363.50111111111113,17.175,1.0356164383561643
2025-12-04 21:00:00+00:00,2026-12-18 00:00:00+00:00,NET,NET261218P00155000,put,False,155.0,17.4,19.9,23.23,204.35000610351562,0.5340927938842773,0.03548296713488007,0.0,25.0,36,2025-11-25 15:23:19+00:00,221.61138888888888,18.65,1.0356164383561643
2025-12-04 21:00:00+00:00,2026-12-18 00:00:00+00:00,NET,NET261218P00160000,put,False,160.0,19.4,22.6,24.5,204.35000610351562,0.5380600393676759,0.03548296713488007,0.0,2.0,3,2025-11-19 17:31:42+00:00,363.4716666666667,21.0,1.0356164383561643
2025-12-04 21:00:00+00:00,2026-12-18 00:00:00+00:00,NET,NET261218P00170000,put,False,170.0,23.05,26.1,27.23,204.35000610351562,0.5239915765380858,0.03548296713488007,0.0,1.0,1,2025-11-26 14:32:19+00:00,198.46138888888888,24.575000000000003,1.0356164383561643
2025-12-04 21:00:00+00:00,2026-12-18 00:00:00+00:00,NET,NET261218P00175000,put,False,175.0,24.5,28.65,32.23,204.35000610351562,0.5183153637695312,0.03548296713488007,0.0,1.0,1,2025-11-21 14:53:43+00:00,318.1047222222222,26.575,1.0356164383561643
2025-12-04 21:00:00+00:00,2026-12-18 00:00:00+00:00,NET,NET261218P00185000,put,False,185.0,29.7,32.7,34.95,204.35000610351562,0.5119372537231445,0.03548296713488007,0.0,1.0,33,2025-12-03 15:03:04+00:00,29.948888888888888,31.200000000000003,1.0356164383561643
2025-12-04 21:00:00+00:00,2026-12-18 00:00:00+00:00,NET,NET261218P00200000,put,False,200.0,37.5,39.8,40.0,204.35000610351562,0.5002338795471193,0.03548296713488007,0.0,1.0,2,2025-12-03 15:12:24+00:00,29.793333333333333,38.65,1.0356164383561643
2025-12-04 21:00:00+00:00,2026-12-18 00:00:00+00:00,NET,NET261218P00210000,put,True,210.0,42.3,45.95,44.82,204.35000610351562,0.5157671714782714,0.03548296713488007,0.0,1.0,1,2025-11-14 14:54:17+00:00,486.09527777777777,44.125,1.0356164383561643
2025-12-04 21:00:00+00:00,2026-12-18 00:00:00+00:00,NET,NET261218P00220000,put,True,220.0,49.0,51.5,39.3,204.35000610351562,0.5053607814025878,0.03548296713488007,0.0,,9,2025-11-11 15:14:20+00:00,557.7611111111111,50.25,1.0356164383561643
2025-12-04 21:00:00+00:00,2026-12-18 00:00:00+00:00,NET,NET261218P00260000,put,True,260.0,74.0,77.35,59.88,204.35000610351562,0.4715934188842773,0.03548296713488007,0.0,,0,2025-11-10 20:32:20+00:00,576.4611111111111,75.675,1.0356164383561643
2025-12-04 21:00:00+00:00,2027-01-15 00:00:00+00:00,NET,NET270115C00040000,call,True,40.0,165.0,169.0,165.25,204.35000610351562,1.0515184143066407,0.03548296713488007,0.0,1.0,26,2025-12-02 18:12:11+00:00,50.79694444444444,167.0,1.1123287671232878
2025-12-04 21:00:00+00:00,2027-01-15 00:00:00+00:00,NET,NET270115C00042500,call,True,42.5,162.5,167.0,163.06,204.35000610351562,1.033452098388672,0.03548296713488007,0.0,2.0,36,2025-11-17 19:55:40+00:00,409.0722222222222,164.75,1.1123287671232878
2025-12-04 21:00:00+00:00,2027-01-15 00:00:00+00:00,NET,NET270115C00045000,call,True,45.0,160.5,164.5,153.26,204.35000610351562,1.0155078521728516,0.03548296713488007,0.0,1.0,21,2025-11-25 19:17:51+00:00,217.7025,162.5,1.1123287671232878
2025-12-04 21:00:00+00:00,2027-01-15 00:00:00+00:00,NET,NET270115C00047500,call,True,47.5,164.2,167.8,157.33,204.35000610351562,1.3386263537597651,0.03548296713488007,0.0,,2,2025-07-30 19:24:35+00:00,3049.590277777778,166.0,1.1123287671232878
2025-12-04 21:00:00+00:00,2027-01-15 00:00:00+00:00,NET,NET270115C00050000,call,True,50.0,156.0,160.0,142.75,204.35000610351562,0.9808351525878907,0.03548296713488007,0.0,1.0,32,2025-11-21 20:22:05+00:00,312.63194444444446,158.0,1.1123287671232878
2025-12-04 21:00:00+00:00,2027-01-15 00:00:00+00:00,NET,NET270115C00055000,call,True,55.0,151.0,155.5,136.5,204.35000610351562,0.9323737231445313,0.03548296713488007,0.0,2.0,55,2025-11-21 20:53:52+00:00,312.1022222222222,153.25,1.1123287671232878
2025-12-04 21:00:00+00:00,2027-01-15 00:00:00+00:00,NET,NET270115C00060000,call,True,60.0,147.0,151.0,184.2,204.35000610351562,0.9154061193847658,0.03548296713488007,0.0,1.0,29,2025-11-10 14:33:40+00:00,582.4388888888889,149.0,1.1123287671232878
2025-12-04 21:00:00+00:00,2027-01-15 00:00:00+00:00,NET,NET270115C00065000,call,True,65.0,142.5,146.5,142.71,204.35000610351562,0.8845226391601562,0.03548296713488007,0.0,3.0,10,2025-11-17 20:13:47+00:00,408.7702777777778,144.5,1.1123287671232878
2025-12-04 21:00:00+00:00,2027-01-15 00:00:00+00:00,NET,NET270115C00070000,call,True,70.0,138.0,142.0,138.18,204.35000610351562,0.8547377807617188,0.03548296713488007,0.0,2.0,18,2025-11-17 19:59:29+00:00,409.0086111111111,140.0,1.1123287671232878
2025-12-04 21:00:00+00:00,2027-01-15 00:00:00+00:00,NET,NET270115C00072500,call,True,72.5,130.2,133.2,126.09,204.35000610351562,0.5953409606933593,0.03548296713488007,0.0,1.0,5,2025-07-23 15:33:40+00:00,3221.438888888889,131.7,1.1123287671232878
2025-12-04 21:00:00+00:00,2027-01-15 00:00:00+00:00,NET,NET270115C00075000,call,True,75.0,128.25,130.7,127.5,204.35000610351562,0.5775188732910157,0.03548296713488007,0.0,3.0,5,2025-06-27 14:37:30+00:00,3846.375,129.475,1.1123287671232878
2025-12-04 21:00:00+00:00,2027-01-15 00:00:00+00:00,NET,NET270115C00077500,call,True,77.5,63.1,64.8,40.74,204.35000610351562,1.0000000000000003e-05,0.03548296713488007,0.0,2.0,4,2024-11-27 19:56:01+00:00,8929.066388888888,63.95,1.1123287671232878
2025-12-04 21:00:00+00:00,2027-01-15 00:00:00+00:00,NET,NET270115C00080000,call,True,80.0,126.5,130.5,156.5,204.35000610351562,0.6967193414306643,0.03548296713488007,0.0,2.0,149,2025-10-30 16:56:00+00:00,844.0666666666667,128.5,1.1123287671232878
2025-12-04 21:00:00+00:00,2027-01-15 00:00:00+00:00,NET,NET270115C00082500,call,True,82.5,0.0,0.0,59.17,204.35000610351562,1.0000000000000003e-05,0.03548296713488007,0.0,1.0,2,2025-03-07 18:17:06+00:00,6530.715,0.0,1.1123287671232878
2025-12-04 21:00:00+00:00,2027-01-15 00:00:00+00:00,NET,NET270115C00085000,call,True,85.0,125.5,129.0,122.75,204.35000610351562,0.7969991003417969,0.03548296713488007,0.0,4.0,122,2025-12-03 14:51:33+00:00,30.140833333333333,127.25,1.1123287671232878
2025-12-04 21:00:00+00:00,2027-01-15 00:00:00+00:00,NET,NET270115C00087500,call,True,87.5,123.0,127.0,120.48,204.35000610351562,0.7829001202392578,0.03548296713488007,0.0,1.0,3,2025-12-03 14:38:46+00:00,30.35388888888889,125.0,1.1123287671232878
2025-12-04 21:00:00+00:00,2027-01-15 00:00:00+00:00,NET,NET270115C00090000,call,True,90.0,121.0,125.0,112.6,204.35000610351562,0.776918734741211,0.03548296713488007,0.0,1.0,81,2025-11-20 17:11:23+00:00,339.8102777777778,123.0,1.1123287671232878
2025-12-04 21:00:00+00:00,2027-01-15 00:00:00+00:00,NET,NET270115C00092500,call,True,92.5,116.95,120.5,163.25,204.35000610351562,0.6993438269042969,0.03548296713488007,0.0,3.0,5,2025-10-31 14:48:02+00:00,822.1994444444445,118.725,1.1123287671232878
2025-12-04 21:00:00+00:00,2027-01-15 00:00:00+00:00,NET,NET270115C00095000,call,True,95.0,117.0,120.95,106.1,204.35000610351562,0.7632469964599609,0.03548296713488007,0.0,1.0,28,2025-11-25 16:17:24+00:00,220.71,118.975,1.1123287671232878
2025-12-04 21:00:00+00:00,2027-01-15 00:00:00+00:00,NET,NET270115C00097500,call,True,97.5,0.0,0.0,139.34,204.35000610351562,1.0000000000000003e-05,0.03548296713488007,0.0,1.0,0,2025-09-15 19:01:00+00:00,1921.9833333333333,0.0,1.1123287671232878
2025-12-04 21:00:00+00:00,2027-01-15 00:00:00+00:00,NET,NET270115C00100000,call,True,100.0,113.0,116.5,113.77,204.35000610351562,0.7431971481323242,0.03548296713488007,0.0,2.0,511,2025-12-02 14:41:15+00:00,54.3125,114.75,1.1123287671232878
2025-12-04 21:00:00+00:00,2027-01-15 00:00:00+00:00,NET,NET270115C00105000,call,True,105.0,109.0,113.0,105.45,204.35000610351562,0.7351405880737304,0.03548296713488007,0.0,2.0,54,2025-11-18 14:54:15+00:00,390.09583333333336,111.0,1.1123287671232878
2025-12-04 21:00:00+00:00,2027-01-15 00:00:00+00:00,NET,NET270115C00110000,call,True,110.0,105.0,109.0,99.81,204.35000610351562,0.7196683306884766,0.03548296713488007,0.0,1.0,292,2025-12-01 17:15:20+00:00,75.74444444444444,107.0,1.1123287671232878
2025-12-04 21:00:00+00:00,2027-01-15 00:00:00+00:00,NET,NET270115C00115000,call,True,115.0,101.0,105.0,92.0,204.35000610351562,0.7037383142089844,0.03548296713488007,0.0,3.0,1777,2025-11-20 17:36:45+00:00,339.3875,103.0,1.1123287671232878
2025-12-04 21:00:00+00:00,2027-01-15 00:00:00+00:00,NET,NET270115C00120000,call,True,120.0,98.0,101.5,99.0,204.35000610351562,0.7031584860229493,0.03548296713488007,0.0,1.0,172,2025-12-03 20:16:10+00:00,24.730555555555554,99.75,1.1123287671232878
2025-12-04 21:00:00+00:00,2027-01-15 00:00:00+00:00,NET,NET270115C00125000,call,True,125.0,93.5,98.0,86.6,204.35000610351562,0.685672088623047,0.03548296713488007,0.0,1.0,569,2025-11-24 19:20:50+00:00,241.65277777777777,95.75,1.1123287671232878
2025-12-04 21:00:00+00:00,2027-01-15 00:00:00+00:00,NET,NET270115C00130000,call,True,130.0,90.0,94.4,79.33,204.35000610351562,0.6764863894653321,0.03548296713488007,0.0,2.0,145,2025-11-21 15:00:26+00:00,317.9927777777778,92.2,1.1123287671232878
2025-12-04 21:00:00+00:00,2027-01-15 00:00:00+00:00,NET,NET270115C00135000,call,True,135.0,87.05,91.0,79.0,204.35000610351562,0.673098972167969,0.03548296713488007,0.0,1.0,585,2025-11-21 18:51:33+00:00,314.1408333333333,89.025,1.1123287671232878
2025-12-04 21:00:00+00:00,2027-01-15 00:00:00+00:00,NET,NET270115C00140000,call,True,140.0,83.0,87.5,81.54,204.35000610351562,0.6579624047851562,0.03548296713488007,0.0,39.0,295,2025-11-26 20:46:34+00:00,192.2238888888889,85.25,1.1123287671232878
2025-12-04 21:00:00+00:00,2027-01-15 00:00:00+00:00,NET,NET270115C00145000,call,True,145.0,81.0,84.0,76.99,204.35000610351562,0.6593661993408204,0.03548296713488007,0.0,2.0,29,2025-11-26 20:59:30+00:00,192.00833333333333,82.5,1.1123287671232878
2025-12-04 21:00:00+00:00,2027-01-15 00:00:00+00:00,NET,NET270115C00150000,call,True,150.0,78.05,80.8,74.1,204.35000610351562,0.6539646420288087,0.03548296713488007,0.0,9.0,395,2025-11-26 16:40:49+00:00,196.31972222222223,79.425,1.1123287671232878
2025-12-04 21:00:00+00:00,2027-01-15 00:00:00+00:00,NET,NET270115C00155000,call,True,155.0,74.15,77.9,73.6,204.35000610351562,0.6424901473999024,0.03548296713488007,0.0,1.0,137,2025-11-28 17:12:40+00:00,147.7888888888889,76.025,1.1123287671232878
2025-12-04 21:00:00+00:00,2027-01-15 00:00:00+00:00,NET,NET270115C00160000,call,True,160.0,70.8,74.9,73.0,204.35000610351562,0.6337316900634766,0.03548296713488007,0.0,5.0,109,2025-12-04 19:08:17+00:00,1.8619444444444444,72.85,1.1123287671232878
2025-12-04 21:00:00+00:00,2027-01-15 00:00:00+00:00,NET,NET270115C00165000,call,True,165.0,69.05,71.5,70.0,204.35000610351562,0.632816171875,0.03548296713488007,0.0,2.0,2966,2025-12-04 20:48:26+00:00,0.19277777777777777,70.275,1.1123287671232878
2025-12-04 21:00:00+00:00,2027-01-15 00:00:00+00:00,NET,NET270115C00170000,call,True,170.0,65.0,68.9,65.35,204.35000610351562,0.6202125381469729,0.03548296713488007,0.0,1.0,206,2025-11-28 17:56:44+00:00,147.05444444444444,66.95,1.1123287671232878
2025-12-04 21:00:00+00:00,2027-01-15 00:00:00+00:00,NET,NET270115C00175000,call,True,175.0,62.0,66.35,61.88,204.35000610351562,0.6145668426513673,0.03548296713488007,0.0,1.0,489,2025-11-28 16:55:31+00:00,148.07472222222222,64.175,1.1123287671232878
2025-12-04 21:00:00+00:00,2027-01-15 00:00:00+00:00,NET,NET270115C00180000,call,True,180.0,60.9,63.75,60.75,204.35000610351562,0.6203040899658205,0.03548296713488007,0.0,5.0,73,2025-12-03 17:16:59+00:00,27.716944444444444,62.325,1.1123287671232878
2025-12-04 21:00:00+00:00,2027-01-15 00:00:00+00:00,NET,NET270115C00185000,call,True,185.0,57.65,61.5,50.0,204.35000610351562,0.6129952030944825,0.03548296713488007,0.0,2.0,58,2025-11-24 14:30:07+00:00,246.49805555555557,59.575,1.1123287671232878
2025-12-04 21:00:00+00:00,2027-01-15 00:00:00+00:00,NET,NET270115C00190000,call,True,190.0,55.0,58.0,55.73,204.35000610351562,0.600788293914795,0.03548296713488007,0.0,2.0,91,2025-12-04 16:16:04+00:00,4.732222222222222,56.5,1.1123287671232878
2025-12-04 21:00:00+00:00,2027-01-15 00:00:00+00:00,NET,NET270115C00195000,call,True,195.0,53.0,56.0,52.53,204.35000610351562,0.6014749325561525,0.03548296713488007,0.0,2.0,28,2025-11-28 15:37:23+00:00,149.37694444444443,54.5,1.1123287671232878
2025-12-04 21:00:00+00:00,2027-01-15 00:00:00+00:00,NET,NET270115C00200000,call,True,200.0,52.0,54.0,51.8,204.35000610351562,0.6073647662353516,0.03548296713488007,0.0,1.0,302,2025-12-04 19:13:47+00:00,1.7702777777777778,53.0,1.1123287671232878
2025-12-04 21:00:00+00:00,2027-01-15 00:00:00+00:00,NET,NET270115C00210000,call,False,210.0,46.25,49.65,46.48,204.35000610351562,0.5913126806640626,0.03548296713488007,0.0,10.0,430,2025-12-02 18:54:38+00:00,50.089444444444446,47.95,1.1123287671232878
2025-12-04 21:00:00+00:00,2027-01-15 00:00:00+00:00,NET,NET270115C00220000,call,False,220.0,42.0,45.2,43.02,204.35000610351562,0.5808147387695313,0.03548296713488007,0.0,1.0,127,2025-12-02 16:12:56+00:00,52.784444444444446,43.6,1.1123287671232878
2025-12-04 21:00:00+00:00,2027-01-15 00:00:00+00:00,NET,NET270115C00230000,call,False,230.0,38.5,41.5,33.62,204.35000610351562,0.5762676651000976,0.03548296713488007,0.0,7.0,117,2025-11-21 19:18:38+00:00,313.68944444444446,40.0,1.1123287671232878
2025-12-04 21:00:00+00:00,2027-01-15 00:00:00+00:00,NET,NET270115C00240000,call,False,240.0,35.0,38.7,34.53,204.35000610351562,0.574070421447754,0.03548296713488007,0.0,1.0,306,2025-11-28 15:46:34+00:00,149.2238888888889,36.85,1.1123287671232878
2025-12-04 21:00:00+00:00,2027-01-15 00:00:00+00:00,NET,NET270115C00250000,call,False,250.0,32.75,34.55,33.01,204.35000610351562,0.5686078295898438,0.03548296713488007,0.0,3.0,380,2025-12-03 19:02:52+00:00,25.952222222222222,33.65,1.1123287671232878
2025-12-04 21:00:00+00:00,2027-01-15 00:00:00+00:00,NET,NET270115C00260000,call,False,260.0,29.0,31.7,30.64,204.35000610351562,0.5594221304321289,0.03548296713488007,0.0,1.0,192,2025-12-04 19:34:41+00:00,1.4219444444444445,30.35,1.1123287671232878
2025-12-04 21:00:00+00:00,2027-01-15 00:00:00+00:00,NET,NET270115C00270000,call,False,270.0,26.35,29.25,25.88,204.35000610351562,0.5565687654113771,0.03548296713488007,0.0,1.0,120,2025-12-01 20:12:59+00:00,72.78361111111111,27.8,1.1123287671232878
2025-12-04 21:00:00+00:00,2027-01-15 00:00:00+00:00,NET,NET270115C00280000,call,False,280.0,24.55,26.65,23.53,204.35000610351562,0.5555769540405274,0.03548296713488007,0.0,1.0,100,2025-12-01 20:12:59+00:00,72.78361111111111,25.6,1.1123287671232878
2025-12-04 21:00:00+00:00,2027-01-15 00:00:00+00:00,NET,NET270115C00290000,call,False,290.0,21.75,24.6,22.6,204.35000610351562,0.5497481549072267,0.03548296713488007,0.0,3.0,609,2025-12-03 18:50:10+00:00,26.163888888888888,23.175,1.1123287671232878
2025-12-04 21:00:00+00:00,2027-01-15 00:00:00+00:00,NET,NET270115C00300000,call,False,300.0,20.1,22.85,18.95,204.35000610351562,0.5507247076416018,0.03548296713488007,0.0,3.0,126,2025-11-24 20:17:08+00:00,240.71444444444444,21.475,1.1123287671232878
2025-12-04 21:00:00+00:00,2027-01-15 00:00:00+00:00,NET,NET270115C00310000,call,False,310.0,17.9,20.45,17.11,204.35000610351562,0.5422409057617189,0.03548296713488007,0.0,13.0,879,2025-11-24 19:27:44+00:00,241.5377777777778,19.174999999999997,1.1123287671232878
2025-12-04 21:00:00+00:00,2027-01-15 00:00:00+00:00,NET,NET270115C00320000,call,False,320.0,16.1,19.35,19.9,204.35000610351562,0.5426986648559572,0.03548296713488007,0.0,4.0,85,2025-11-17 20:24:40+00:00,408.5888888888889,17.725,1.1123287671232878
2025-12-04 21:00:00+00:00,2027-01-15 00:00:00+00:00,NET,NET270115C00330000,call,False,330.0,14.55,17.9,13.55,204.35000610351562,0.5408371112060548,0.03548296713488007,0.0,5.0,142,2025-11-21 20:51:54+00:00,312.135,16.225,1.1123287671232878
2025-12-04 21:00:00+00:00,2027-01-15 00:00:00+00:00,NET,NET270115C00340000,call,False,340.0,13.35,15.95,10.7,204.35000610351562,0.536259520263672,0.03548296713488007,0.0,2.0,15,2025-11-21 17:19:31+00:00,315.6747222222222,14.649999999999999,1.1123287671232878
2025-12-04 21:00:00+00:00,2027-01-15 00:00:00+00:00,NET,NET270115C00350000,call,False,350.0,11.5,15.2,13.1,204.35000610351562,0.5338486557006835,0.03548296713488007,0.0,1.0,24,2025-12-02 14:31:03+00:00,54.4825,13.35,1.1123287671232878
2025-12-04 21:00:00+00:00,2027-01-15 00:00:00+00:00,NET,NET270115C00360000,call,False,360.0,10.95,13.15,10.2,204.35000610351562,0.5298203756713868,0.03548296713488007,0.0,2.0,5,2025-11-21 17:10:25+00:00,315.8263888888889,12.05,1.1123287671232878
2025-12-04 21:00:00+00:00,2027-01-15 00:00:00+00:00,NET,NET270115C00370000,call,False,370.0,9.85,12.1,10.09,204.35000610351562,0.5276841665649415,0.03548296713488007,0.0,3.0,7,2025-11-25 17:06:58+00:00,219.8838888888889,10.975,1.1123287671232878
2025-12-04 21:00:00+00:00,2027-01-15 00:00:00+00:00,NET,NET270115C00380000,call,False,380.0,8.8,11.1,10.03,204.35000610351562,0.5248765774536133,0.03548296713488007,0.0,1.0,52,2025-12-03 15:57:59+00:00,29.03361111111111,9.95,1.1123287671232878
2025-12-04 21:00:00+00:00,2027-01-15 00:00:00+00:00,NET,NET270115P00040000,put,False,40.0,0.44,0.61,0.74,204.35000610351562,0.7578149218750001,0.03548296713488007,0.0,16.0,159,2025-11-18 15:59:05+00:00,389.0152777777778,0.525,1.1123287671232878
2025-12-04 21:00:00+00:00,2027-01-15 00:00:00+00:00,NET,NET270115P00042500,put,False,42.5,0.0,1.18,0.8,204.35000610351562,0.7434107690429688,0.03548296713488007,0.0,1.0,33,2025-11-21 16:22:48+00:00,316.62,0.59,1.1123287671232878
2025-12-04 21:00:00+00:00,2027-01-15 00:00:00+00:00,NET,NET270115P00045000,put,False,45.0,0.58,0.88,1.0,204.35000610351562,0.7421900781249999,0.03548296713488007,0.0,1.0,25,2025-11-19 14:34:39+00:00,366.4225,0.73,1.1123287671232878
2025-12-04 21:00:00+00:00,2027-01-15 00:00:00+00:00,NET,NET270115P00047500,put,False,47.5,0.47,1.19,0.96,204.35000610351562,0.7321804125976561,0.03548296713488007,0.0,2.0,8,2025-11-13 14:33:19+00:00,510.4447222222222,0.83,1.1123287671232878
2025-12-04 21:00:00+00:00,2027-01-15 00:00:00+00:00,NET,NET270115P00050000,put,False,50.0,0.77,2.99,1.03,204.35000610351562,0.8276384423828124,0.03548296713488007,0.0,10.0,58,2025-11-28 15:24:11+00:00,149.59694444444443,1.8800000000000001,1.1123287671232878
2025-12-04 21:00:00+00:00,2027-01-15 00:00:00+00:00,NET,NET270115P00055000,put,False,55.0,0.63,1.55,3.3,204.35000610351562,0.694338994140625,0.03548296713488007,0.0,1.0,65,2025-10-02 13:31:49+00:00,1519.4697222222221,1.09,1.1123287671232878
2025-12-04 21:00:00+00:00,2027-01-15 00:00:00+00:00,NET,NET270115P00060000,put,False,60.0,0.41,5.0,1.55,204.35000610351562,0.78711150390625,0.03548296713488007,0.0,1.0,25,2025-09-09 18:16:23+00:00,2066.7269444444446,2.705,1.1123287671232878
2025-12-04 21:00:00+00:00,2027-01-15 00:00:00+00:00,NET,NET270115P00065000,put,False,65.0,0.58,2.46,2.31,204.35000610351562,0.6511265356445313,0.03548296713488007,0.0,1.0,76,2025-11-25 14:32:22+00:00,222.46055555555554,1.52,1.1123287671232878
2025-12-04 21:00:00+00:00,2027-01-15 00:00:00+00:00,NET,NET270115P00070000,put,False,70.0,1.36,2.88,2.35,204.35000610351562,0.6569858520507813,0.03548296713488007,0.0,1.0,81,2025-11-17 18:48:18+00:00,410.195,2.12,1.1123287671232878
2025-12-04 21:00:00+00:00,2027-01-15 00:00:00+00:00,NET,NET270115P00072500,put,False,72.5,1.54,3.5,2.5,204.35000610351562,0.6630893066406252,0.03548296713488007,0.0,1.0,14,2025-11-20 19:56:08+00:00,337.06444444444446,2.52,1.1123287671232878
2025-12-04 21:00:00+00:00,2027-01-15 00:00:00+00:00,NET,NET270115P00075000,put,False,75.0,2.15,3.75,2.7,204.35000610351562,0.6682162084960939,0.03548296713488007,0.0,2.0,51,2025-12-03 16:09:15+00:00,28.845833333333335,2.95,1.1123287671232878
2025-12-04 21:00:00+00:00,2027-01-15 00:00:00+00:00,NET,NET270115P00077500,put,False,77.5,2.17,3.75,4.05,204.35000610351562,0.6491734301757812,0.03548296713488007,0.0,2.0,26,2025-08-14 18:23:55+00:00,2690.601388888889,2.96,1.1123287671232878
2025-12-04 21:00:00+00:00,2027-01-15 00:00:00+00:00,NET,NET270115P00080000,put,False,80.0,2.57,3.9,3.22,204.35000610351562,0.6443517010498048,0.03548296713488007,0.0,1.0,83,2025-09-18 18:06:28+00:00,1850.8922222222222,3.235,1.1123287671232878
2025-12-04 21:00:00+00:00,2027-01-15 00:00:00+00:00,NET,NET270115P00082500,put,False,82.5,3.1,4.7,3.44,204.35000610351562,0.6571079211425781,0.03548296713488007,0.0,5.0,37,2025-11-11 19:44:30+00:00,553.2583333333333,3.9000000000000004,1.1123287671232878
2025-12-04 21:00:00+00:00,2027-01-15 00:00:00+00:00,NET,NET270115P00085000,put,False,85.0,2.88,4.5,3.57,204.35000610351562,0.6287268572998048,0.03548296713488007,0.0,50.0,194,2025-12-04 14:48:36+00:00,6.19,3.69,1.1123287671232878
2025-12-04 21:00:00+00:00,2027-01-15 00:00:00+00:00,NET,NET270115P00087500,put,False,87.5,3.65,5.25,5.6,204.35000610351562,0.6429479064941408,0.03548296713488007,0.0,2.0,23,2025-11-18 14:30:30+00:00,390.4916666666667,4.45,1.1123287671232878
2025-12-04 21:00:00+00:00,2027-01-15 00:00:00+00:00,NET,NET270115P00090000,put,False,90.0,3.0,4.95,4.22,204.35000610351562,0.6052285571289064,0.03548296713488007,0.0,1.0,119,2025-12-03 18:07:37+00:00,26.873055555555556,3.975,1.1123287671232878
2025-12-04 21:00:00+00:00,2027-01-15 00:00:00+00:00,NET,NET270115P00092500,put,False,92.5,4.6,6.5,5.05,204.35000610351562,0.6477086010742188,0.03548296713488007,0.0,2.0,19,2025-09-17 17:52:09+00:00,1875.1308333333334,5.55,1.1123287671232878
2025-12-04 21:00:00+00:00,2027-01-15 00:00:00+00:00,NET,NET270115P00095000,put,False,95.0,3.65,6.3,5.35,204.35000610351562,0.608951664428711,0.03548296713488007,0.0,2.0,197,2025-12-02 14:31:03+00:00,54.4825,4.975,1.1123287671232878
2025-12-04 21:00:00+00:00,2027-01-15 00:00:00+00:00,NET,NET270115P00097500,put,False,97.5,5.05,6.65,6.0,204.35000610351562,0.6217078845214845,0.03548296713488007,0.0,2.0,25,2025-12-03 14:31:22+00:00,30.477222222222224,5.85,1.1123287671232878
2025-12-04 21:00:00+00:00,2027-01-15 00:00:00+00:00,NET,NET270115P00100000,put,False,100.0,4.55,7.15,7.62,204.35000610351562,0.604190969848633,0.03548296713488007,0.0,1.0,522,2025-11-18 14:55:50+00:00,390.06944444444446,5.85,1.1123287671232878
2025-12-04 21:00:00+00:00,2027-01-15 00:00:00+00:00,NET,NET270115P00105000,put,False,105.0,5.35,7.25,7.3,204.35000610351562,0.5842326733398437,0.03548296713488007,0.0,1.0,19,2025-11-26 20:59:22+00:00,192.01055555555556,6.3,1.1123287671232878
2025-12-04 21:00:00+00:00,2027-01-15 00:00:00+00:00,NET,NET270115P00110000,put,False,110.0,7.2,7.8,7.63,204.35000610351562,0.5852092260742188,0.03548296713488007,0.0,8.0,314,2025-12-03 18:58:04+00:00,26.032222222222224,7.5,1.1123287671232878
2025-12-04 21:00:00+00:00,2027-01-15 00:00:00+00:00,NET,NET270115P00115000,put,False,115.0,8.2,9.05,8.77,204.35000610351562,0.5813030151367188,0.03548296713488007,0.0,3.0,38,2025-12-03 18:07:37+00:00,26.873055555555556,8.625,1.1123287671232878
2025-12-04 21:00:00+00:00,2027-01-15 00:00:00+00:00,NET,NET270115P00120000,put,False,120.0,8.75,10.35,10.15,204.35000610351562,0.5706219696044923,0.03548296713488007,0.0,2.0,222,2025-12-02 14:31:03+00:00,54.4825,9.55,1.1123287671232878
2025-12-04 21:00:00+00:00,2027-01-15 00:00:00+00:00,NET,NET270115P00125000,put,False,125.0,9.55,12.25,13.3,204.35000610351562,0.5681195532226562,0.03548296713488007,0.0,1.0,52,2025-11-21 14:31:17+00:00,318.4786111111111,10.9,1.1123287671232878
2025-12-04 21:00:00+00:00,2027-01-15 00:00:00+00:00,NET,NET270115P00130000,put,False,130.0,10.75,12.85,12.15,204.35000610351562,0.5545088494873047,0.03548296713488007,0.0,2.0,60,2025-12-02 16:09:47+00:00,52.83694444444444,11.8,1.1123287671232878
2025-12-04 21:00:00+00:00,2027-01-15 00:00:00+00:00,NET,NET270115P00135000,put,False,135.0,12.25,14.05,13.75,204.35000610351562,0.5488936712646486,0.03548296713488007,0.0,54.0,282,2025-12-03 16:32:43+00:00,28.454722222222223,13.15,1.1123287671232878
2025-12-04 21:00:00+00:00,2027-01-15 00:00:00+00:00,NET,NET270115P00140000,put,False,140.0,13.7,15.6,16.35,204.35000610351562,0.5445602185058593,0.03548296713488007,0.0,5.0,228,2025-12-03 14:31:22+00:00,30.477222222222224,14.649999999999999,1.1123287671232878
2025-12-04 21:00:00+00:00,2027-01-15 00:00:00+00:00,NET,NET270115P00145000,put,False,145.0,16.05,17.15,19.6,204.35000610351562,0.5464522894287109,0.03548296713488007,0.0,8.0,38,2025-11-19 17:34:11+00:00,363.4302777777778,16.6,1.1123287671232878
2025-12-04 21:00:00+00:00,2027-01-15 00:00:00+00:00,NET,NET270115P00150000,put,False,150.0,17.65,19.65,18.5,204.35000610351562,0.5479171185302736,0.03548296713488007,0.0,2.0,107,2025-12-04 15:37:01+00:00,5.383055555555556,18.65,1.1123287671232878
2025-12-04 21:00:00+00:00,2027-01-15 00:00:00+00:00,NET,NET270115P00155000,put,False,155.0,19.45,21.45,23.45,204.35000610351562,0.5436141830444338,0.03548296713488007,0.0,2.0,36,2025-11-19 17:36:08+00:00,363.3977777777778,20.45,1.1123287671232878
2025-12-04 21:00:00+00:00,2027-01-15 00:00:00+00:00,NET,NET270115P00160000,put,False,160.0,20.25,22.85,24.71,204.35000610351562,0.5275315802001954,0.03548296713488007,0.0,2.0,67,2025-11-18 20:20:00+00:00,384.6666666666667,21.55,1.1123287671232878
2025-12-04 21:00:00+00:00,2027-01-15 00:00:00+00:00,NET,NET270115P00165000,put,False,165.0,22.3,24.25,23.35,204.35000610351562,0.5200853656005859,0.03548296713488007,0.0,14.0,156,2025-11-14 19:58:12+00:00,481.03,23.275,1.1123287671232878
2025-12-04 21:00:00+00:00,2027-01-15 00:00:00+00:00,NET,NET270115P00170000,put,False,170.0,24.4,27.05,27.53,204.35000610351562,0.521763815612793,0.03548296713488007,0.0,1.0,26,2025-12-01 17:37:29+00:00,75.37527777777778,25.725,1.1123287671232878
2025-12-04 21:00:00+00:00,2027-01-15 00:00:00+00:00,NET,NET270115P00175000,put,False,175.0,27.15,29.05,29.41,204.35000610351562,0.5208788146972656,0.03548296713488007,0.0,2.0,25,2025-11-28 17:34:36+00:00,147.42333333333335,28.1,1.1123287671232878
2025-12-04 21:00:00+00:00,2027-01-15 00:00:00+00:00,NET,NET270115P00180000,put,False,180.0,28.55,32.0,33.25,204.35000610351562,0.5160570855712892,0.03548296713488007,0.0,5.0,65,2025-11-20 14:31:42+00:00,342.4716666666667,30.275,1.1123287671232878
2025-12-04 21:00:00+00:00,2027-01-15 00:00:00+00:00,NET,NET270115P00185000,put,False,185.0,30.8,33.1,34.9,204.35000610351562,0.5037128486633302,0.03548296713488007,0.0,5.0,16,2025-11-20 14:31:33+00:00,342.4741666666667,31.950000000000003,1.1123287671232878
2025-12-04 21:00:00+00:00,2027-01-15 00:00:00+00:00,NET,NET270115P00190000,put,False,190.0,33.35,35.5,35.59,204.35000610351562,0.5007374145507812,0.03548296713488007,0.0,5.0,43,2025-12-03 18:58:04+00:00,26.032222222222224,34.425,1.1123287671232878
2025-12-04 21:00:00+00:00,2027-01-15 00:00:00+00:00,NET,NET270115P00195000,put,False,195.0,35.45,38.4,36.7,204.35000610351562,0.5152026019287108,0.03548296713488007,0.0,5.0,45,2025-12-02 15:22:38+00:00,53.62277777777778,36.925,1.1123287671232878
2025-12-04 21:00:00+00:00,2027-01-15 00:00:00+00:00,NET,NET270115P00200000,put,False,200.0,38.15,41.25,39.35,204.35000610351562,0.5143786355590819,0.03548296713488007,0.0,1.0,72,2025-12-02 14:55:22+00:00,54.077222222222225,39.7,1.1123287671232878
2025-12-04 21:00:00+00:00,2027-01-15 00:00:00+00:00,NET,NET270115P00210000,put,True,210.0,43.2,46.45,44.5,204.35000610351562,0.5036975900268555,0.03548296713488007,0.0,2.0,85,2025-12-02 15:04:14+00:00,53.92944444444444,44.825,1.1123287671232878
2025-12-04 21:00:00+00:00,2027-01-15 00:00:00+00:00,NET,NET270115P00220000,put,True,220.0,49.35,52.3,59.44,204.35000610351562,0.49707534179687507,0.03548296713488007,0.0,5.0,62,2025-11-21 20:11:00+00:00,312.81666666666666,50.825,1.1123287671232878
2025-12-04 21:00:00+00:00,2027-01-15 00:00:00+00:00,NET,NET270115P00230000,put,True,230.0,56.1,59.45,49.89,204.35000610351562,0.502003881378174,0.03548296713488007,0.0,25.0,40,2025-10-29 18:28:33+00:00,866.5241666666667,57.775000000000006,1.1123287671232878
2025-12-04 21:00:00+00:00,2027-01-15 00:00:00+00:00,NET,NET270115P00240000,put,True,240.0,63.3,66.15,49.48,204.35000610351562,0.4982960327148438,0.03548296713488007,0.0,6.0,19,2025-10-31 13:35:29+00:00,823.4086111111111,64.725,1.1123287671232878
2025-12-04 21:00:00+00:00,2027-01-15 00:00:00+00:00,NET,NET270115P00250000,put,True,250.0,68.0,71.5,71.0,204.35000610351562,0.47559118164062497,0.03548296713488007,0.0,3.0,80,2025-12-03 16:08:35+00:00,28.856944444444444,69.75,1.1123287671232878
2025-12-04 21:00:00+00:00,2027-01-15 00:00:00+00:00,NET,NET270115P00260000,put,True,260.0,75.2,77.85,81.07,204.35000610351562,0.46115651153564463,0.03548296713488007,0.0,1.0,15,2025-11-26 19:23:15+00:00,193.6125,76.525,1.1123287671232878
2025-12-04 21:00:00+00:00,2027-01-15 00:00:00+00:00,NET,NET270115P00270000,put,True,270.0,82.7,85.75,84.45,204.35000610351562,0.4621635815429688,0.03548296713488007,0.0,3.0,6,2025-12-03 16:17:43+00:00,28.704722222222223,84.225,1.1123287671232878
2025-12-04 21:00:00+00:00,2027-01-15 00:00:00+00:00,NET,NET270115P00280000,put,True,280.0,91.0,95.5,67.31,204.35000610351562,0.48361722442626964,0.03548296713488007,0.0,7.0,4,2025-10-31 19:47:23+00:00,817.2102777777778,93.25,1.1123287671232878
2025-12-04 21:00:00+00:00,2027-01-15 00:00:00+00:00,NET,NET270115P00290000,put,True,290.0,99.0,102.0,73.9,204.35000610351562,0.462041512451172,0.03548296713488007,0.0,2.0,2,2025-10-31 19:48:00+00:00,817.2,100.5,1.1123287671232878
2025-12-04 21:00:00+00:00,2027-01-15 00:00:00+00:00,NET,NET270115P00300000,put,True,300.0,105.0,109.5,111.12,204.35000610351562,0.4497430514526367,0.03548296713488007,0.0,1.0,2,2025-12-01 20:24:36+00:00,72.59,107.25,1.1123287671232878
2025-12-04 21:00:00+00:00,2027-01-15 00:00:00+00:00,NET,NET270115P00310000,put,True,310.0,113.75,117.0,119.62,204.35000610351562,0.4338130349731446,0.03548296713488007,0.0,2.0,4,2025-12-01 20:24:36+00:00,72.59,115.375,1.1123287671232878
2025-12-04 21:00:00+00:00,2027-01-15 00:00:00+00:00,NET,NET270115P00320000,put,True,320.0,121.7,125.9,128.39,204.35000610351562,0.43539993316650394,0.03548296713488007,0.0,1.0,2,2025-12-01 20:24:36+00:00,72.59,123.80000000000001,1.1123287671232878
2025-12-04 21:00:00+00:00,2027-01-15 00:00:00+00:00,NET,NET270115P00330000,put,True,330.0,130.0,134.5,110.5,204.35000610351562,0.4301204449462891,0.03548296713488007,0.0,1.0,2,2025-11-11 16:26:32+00:00,556.5577777777778,132.25,1.1123287671232878
2025-12-04 21:00:00+00:00,2027-01-15 00:00:00+00:00,NET,NET270115P00340000,put,True,340.0,139.5,142.45,122.2,204.35000610351562,0.41037576934814457,0.03548296713488007,0.0,2.0,0,2025-11-04 19:52:50+00:00,721.1194444444444,140.975,1.1123287671232878
2025-12-04 21:00:00+00:00,2027-01-15 00:00:00+00:00,NET,NET270115P00350000,put,True,350.0,148.0,152.0,160.26,204.35000610351562,0.41663181030273433,0.03548296713488007,0.0,1.0,2,2025-11-24 19:23:22+00:00,241.61055555555555,150.0,1.1123287671232878
2025-12-04 21:00:00+00:00,2027-01-15 00:00:00+00:00,NET,NET270115P00360000,put,True,360.0,157.0,161.0,169.48,204.35000610351562,0.41040628662109374,0.03548296713488007,0.0,1.0,0,2025-11-24 19:23:22+00:00,241.61055555555555,159.0,1.1123287671232878
2025-12-04 21:00:00+00:00,2027-01-15 00:00:00+00:00,NET,NET270115P00380000,put,True,380.0,175.5,180.0,190.8,204.35000610351562,0.413519048461914,0.03548296713488007,0.0,1.0,1,2025-11-20 20:42:15+00:00,336.29583333333335,177.75,1.1123287671232878
2025-12-04 21:00:00+00:00,2028-01-21 00:00:00+00:00,NET,NET280121C00095000,call,True,95.0,126.0,130.0,125.16,204.35000610351562,0.7267483380126953,0.03548296713488007,0.0,56.0,41,2025-12-02 20:00:28+00:00,48.992222222222225,128.0,2.128767123287671
2025-12-04 21:00:00+00:00,2028-01-21 00:00:00+00:00,NET,NET280121C00100000,call,True,100.0,123.0,126.5,114.2,204.35000610351562,0.7194241925048828,0.03548296713488007,0.0,,2,2025-11-24 19:58:29+00:00,241.02527777777777,124.75,2.128767123287671
2025-12-04 21:00:00+00:00,2028-01-21 00:00:00+00:00,NET,NET280121C00105000,call,True,105.0,119.5,123.0,111.99,204.35000610351562,0.7072478005981445,0.03548296713488007,0.0,,1,2025-11-19 18:48:28+00:00,362.1922222222222,121.25,2.128767123287671
2025-12-04 21:00:00+00:00,2028-01-21 00:00:00+00:00,NET,NET280121C00110000,call,True,110.0,116.5,120.0,110.85,204.35000610351562,0.7026702096557618,0.03548296713488007,0.0,2.0,17,2025-12-01 19:49:42+00:00,73.17166666666667,118.25,2.128767123287671
2025-12-04 21:00:00+00:00,2028-01-21 00:00:00+00:00,NET,NET280121C00115000,call,True,115.0,113.0,117.0,133.2,204.35000610351562,0.6934539932250977,0.03548296713488007,0.0,1.0,8,2025-11-07 18:23:49+00:00,650.6030555555556,115.0,2.128767123287671
2025-12-04 21:00:00+00:00,2028-01-21 00:00:00+00:00,NET,NET280121C00120000,call,True,120.0,110.0,113.5,107.25,204.35000610351562,0.6838410522460938,0.03548296713488007,0.0,1.0,3,2025-11-26 19:10:40+00:00,193.82222222222222,111.75,2.128767123287671
2025-12-04 21:00:00+00:00,2028-01-21 00:00:00+00:00,NET,NET280121C00125000,call,True,125.0,100.55,103.75,113.0,204.35000610351562,0.5863688824462892,0.03548296713488007,0.0,2.0,4,2025-10-17 19:15:50+00:00,1153.736111111111,102.15,2.128767123287671
2025-12-04 21:00:00+00:00,2028-01-21 00:00:00+00:00,NET,NET280121C00130000,call,True,130.0,104.0,108.0,125.5,204.35000610351562,0.6734956967163087,0.03548296713488007,0.0,5.0,5,2025-11-06 15:01:56+00:00,677.9677777777778,106.0,2.128767123287671
2025-12-04 21:00:00+00:00,2028-01-21 00:00:00+00:00,NET,NET280121C00135000,call,True,135.0,99.0,102.2,146.28,204.35000610351562,0.635242295074463,0.03548296713488007,0.0,2.0,2,2025-10-31 19:42:06+00:00,817.2983333333333,100.6,2.128767123287671
2025-12-04 21:00:00+00:00,2028-01-21 00:00:00+00:00,NET,NET280121C00140000,call,True,140.0,98.5,102.0,85.0,204.35000610351562,0.6607394766235352,0.03548296713488007,0.0,10.0,60,2025-11-25 14:48:17+00:00,222.1952777777778,100.25,2.128767123287671
2025-12-04 21:00:00+00:00,2028-01-21 00:00:00+00:00,NET,NET280121C00145000,call,True,145.0,96.0,99.5,83.8,204.35000610351562,0.6581149911499024,0.03548296713488007,0.0,1.0,2,2025-11-21 16:34:56+00:00,316.41777777777776,97.75,2.128767123287671
2025-12-04 21:00:00+00:00,2028-01-21 00:00:00+00:00,NET,NET280121C00150000,call,True,150.0,93.0,97.0,95.0,204.35000610351562,0.6519505020141602,0.03548296713488007,0.0,1.0,11,2025-12-04 17:56:12+00:00,3.0633333333333335,95.0,2.128767123287671
2025-12-04 21:00:00+00:00,2028-01-21 00:00:00+00:00,NET,NET280121C00155000,call,True,155.0,90.5,94.0,88.9,204.35000610351562,0.6453282537841796,0.03548296713488007,0.0,1.0,1,2025-11-28 17:12:40+00:00,147.7888888888889,92.25,2.128767123287671
2025-12-04 21:00:00+00:00,2028-01-21 00:00:00+00:00,NET,NET280121C00165000,call,True,165.0,85.5,89.0,76.87,204.35000610351562,0.6363103996276855,0.03548296713488007,0.0,1.0,2,2025-11-20 20:40:23+00:00,336.32694444444445,87.25,2.128767123287671
2025-12-04 21:00:00+00:00,2028-01-21 00:00:00+00:00,NET,NET280121C00170000,call,True,170.0,83.05,87.0,77.75,204.35000610351562,0.633991086883545,0.03548296713488007,0.0,1.0,7,2025-11-19 15:31:00+00:00,365.48333333333335,85.025,2.128767123287671
2025-12-04 21:00:00+00:00,2028-01-21 00:00:00+00:00,NET,NET280121C00175000,call,True,175.0,80.5,84.5,75.5,204.35000610351562,0.6280707359313966,0.03548296713488007,0.0,1.0,8,2025-11-19 15:31:00+00:00,365.48333333333335,82.5,2.128767123287671
2025-12-04 21:00:00+00:00,2028-01-21 00:00:00+00:00,NET,NET280121C00180000,call,True,180.0,78.0,82.0,75.0,204.35000610351562,0.6220435745239258,0.03548296713488007,0.0,1.0,17,2025-12-01 15:16:33+00:00,77.72416666666666,80.0,2.128767123287671
2025-12-04 21:00:00+00:00,2028-01-21 00:00:00+00:00,NET,NET280121C00185000,call,True,185.0,76.05,80.0,74.69,204.35000610351562,0.6208228836059572,0.03548296713488007,0.0,1.0,6,2025-11-18 19:20:32+00:00,385.65777777777777,78.025,2.128767123287671
2025-12-04 21:00:00+00:00,2028-01-21 00:00:00+00:00,NET,NET280121C00190000,call,True,190.0,74.0,78.0,64.2,204.35000610351562,0.6186256399536134,0.03548296713488007,0.0,5.0,13,2025-11-21 20:33:46+00:00,312.4372222222222,76.0,2.128767123287671
2025-12-04 21:00:00+00:00,2028-01-21 00:00:00+00:00,NET,NET280121C00195000,call,True,195.0,72.0,75.5,69.75,204.35000610351562,0.6138344281005861,0.03548296713488007,0.0,10.0,22,2025-11-26 20:01:14+00:00,192.97944444444445,73.75,2.128767123287671
2025-12-04 21:00:00+00:00,2028-01-21 00:00:00+00:00,NET,NET280121C00200000,call,True,200.0,69.55,73.5,70.0,204.35000610351562,0.6089211471557618,0.03548296713488007,0.0,1.0,104,2025-12-04 14:35:50+00:00,6.402777777777778,71.525,2.128767123287671
2025-12-04 21:00:00+00:00,2028-01-21 00:00:00+00:00,NET,NET280121C00210000,call,False,210.0,66.5,69.9,67.0,204.35000610351562,0.6083870948791505,0.03548296713488007,0.0,200.0,209,2025-12-02 16:26:06+00:00,52.565,68.2,2.128767123287671
2025-12-04 21:00:00+00:00,2028-01-21 00:00:00+00:00,NET,NET280121C00220000,call,False,220.0,62.6,65.7,59.95,204.35000610351562,0.5996744134521486,0.03548296713488007,0.0,1.0,60,2025-12-03 14:31:22+00:00,30.477222222222224,64.15,2.128767123287671
2025-12-04 21:00:00+00:00,2028-01-21 00:00:00+00:00,NET,NET280121C00230000,call,False,230.0,59.1,61.4,58.5,204.35000610351562,0.591022766571045,0.03548296713488007,0.0,1.0,348,2025-12-02 16:23:13+00:00,52.613055555555555,60.25,2.128767123287671
2025-12-04 21:00:00+00:00,2028-01-21 00:00:00+00:00,NET,NET280121C00240000,call,False,240.0,55.0,59.0,56.17,204.35000610351562,0.5867808656311035,0.03548296713488007,0.0,2.0,26,2025-12-03 18:11:13+00:00,26.813055555555554,57.0,2.128767123287671
2025-12-04 21:00:00+00:00,2028-01-21 00:00:00+00:00,NET,NET280121C00250000,call,False,250.0,52.6,55.75,53.6,204.35000610351562,0.5849193119812011,0.03548296713488007,0.0,1.0,78,2025-12-04 20:22:58+00:00,0.6172222222222222,54.175,2.128767123287671
2025-12-04 21:00:00+00:00,2028-01-21 00:00:00+00:00,NET,NET280121C00260000,call,False,260.0,49.0,53.0,44.5,204.35000610351562,0.5788463746643067,0.03548296713488007,0.0,1.0,23,2025-11-20 19:33:35+00:00,337.4402777777778,51.0,2.128767123287671
2025-12-04 21:00:00+00:00,2028-01-21 00:00:00+00:00,NET,NET280121C00270000,call,False,270.0,47.05,49.6,45.5,204.35000610351562,0.5758861991882323,0.03548296713488007,0.0,1.0,5,2025-12-03 15:22:11+00:00,29.630277777777778,48.325,2.128767123287671
2025-12-04 21:00:00+00:00,2028-01-21 00:00:00+00:00,NET,NET280121C00280000,call,False,280.0,44.0,47.5,40.66,204.35000610351562,0.57266662689209,0.03548296713488007,0.0,2.0,6,2025-11-26 15:08:57+00:00,197.85083333333333,45.75,2.128767123287671
2025-12-04 21:00:00+00:00,2028-01-21 00:00:00+00:00,NET,NET280121C00290000,call,False,290.0,42.05,45.0,37.2,204.35000610351562,0.5713696427917481,0.03548296713488007,0.0,1.0,4,2025-11-18 14:30:28+00:00,390.4922222222222,43.525,2.128767123287671
2025-12-04 21:00:00+00:00,2028-01-21 00:00:00+00:00,NET,NET280121C00300000,call,False,300.0,39.15,42.6,40.8,204.35000610351562,0.5655103263854981,0.03548296713488007,0.0,1.0,167,2025-12-03 20:32:18+00:00,24.461666666666666,40.875,2.128767123287671
2025-12-04 21:00:00+00:00,2028-01-21 00:00:00+00:00,NET,NET280121C00310000,call,False,310.0,37.0,39.8,58.97,204.35000610351562,0.5601850622558593,0.03548296713488007,0.0,,1,2025-11-10 15:47:24+00:00,581.21,38.4,2.128767123287671
2025-12-04 21:00:00+00:00,2028-01-21 00:00:00+00:00,NET,NET280121C00320000,call,False,320.0,34.65,38.35,36.0,204.35000610351562,0.5588117849731445,0.03548296713488007,0.0,1.0,8,2025-12-02 14:56:13+00:00,54.06305555555556,36.5,2.128767123287671
2025-12-04 21:00:00+00:00,2028-01-21 00:00:00+00:00,NET,NET280121C00330000,call,False,330.0,32.8,35.7,28.28,204.35000610351562,0.5536085899353027,0.03548296713488007,0.0,1.0,12,2025-11-21 20:51:35+00:00,312.1402777777778,34.25,2.128767123287671
2025-12-04 21:00:00+00:00,2028-01-21 00:00:00+00:00,NET,NET280121C00340000,call,False,340.0,31.0,34.9,29.81,204.35000610351562,0.5557295404052736,0.03548296713488007,0.0,4.0,4,2025-11-26 19:39:15+00:00,193.34583333333333,32.95,2.128767123287671
2025-12-04 21:00:00+00:00,2028-01-21 00:00:00+00:00,NET,NET280121C00350000,call,False,350.0,29.05,32.45,28.22,204.35000610351562,0.5493361717224123,0.03548296713488007,0.0,2.0,1,2025-12-01 20:13:30+00:00,72.775,30.75,2.128767123287671
2025-12-04 21:00:00+00:00,2028-01-21 00:00:00+00:00,NET,NET280121C00360000,call,False,360.0,27.5,30.85,25.89,204.35000610351562,0.5475966871643068,0.03548296713488007,0.0,,2,2025-11-26 15:08:57+00:00,197.85083333333333,29.175,2.128767123287671
2025-12-04 21:00:00+00:00,2028-01-21 00:00:00+00:00,NET,NET280121C00370000,call,False,370.0,26.15,29.5,26.5,204.35000610351562,0.5471541867065431,0.03548296713488007,0.0,1.0,60,2025-12-03 17:06:42+00:00,27.888333333333332,27.825,2.128767123287671
2025-12-04 21:00:00+00:00,2028-01-21 00:00:00+00:00,NET,NET280121C00380000,call,False,380.0,24.85,28.1,25.3,204.35000610351562,0.5460708235168459,0.03548296713488007,0.0,2.0,10,2025-12-03 16:59:49+00:00,28.003055555555555,26.475,2.128767123287671
2025-12-04 21:00:00+00:00,2028-01-21 00:00:00+00:00,NET,NET280121P00100000,put,False,100.0,10.5,13.3,13.67,204.35000610351562,0.5632367895507813,0.03548296713488007,0.0,1.0,1,2025-11-21 18:41:25+00:00,314.3097222222222,11.9,2.128767123287671
2025-12-04 21:00:00+00:00,2028-01-21 00:00:00+00:00,NET,NET280121P00105000,put,False,105.0,11.75,15.5,14.8,204.35000610351562,0.5641217904663086,0.03548296713488007,0.0,1.0,1,2025-11-26 17:29:04+00:00,195.51555555555555,13.625,2.128767123287671
2025-12-04 21:00:00+00:00,2028-01-21 00:00:00+00:00,NET,NET280121P00110000,put,False,110.0,13.2,16.1,14.85,204.35000610351562,0.5515181567382813,0.03548296713488007,0.0,11.0,89,2025-11-28 17:04:44+00:00,147.92111111111112,14.65,2.128767123287671
2025-12-04 21:00:00+00:00,2028-01-21 00:00:00+00:00,NET,NET280121P00115000,put,False,115.0,14.75,17.7,13.9,204.35000610351562,0.5473678076171876,0.03548296713488007,0.0,1.0,22,2025-11-12 17:57:24+00:00,531.0433333333333,16.225,2.128767123287671
2025-12-04 21:00:00+00:00,2028-01-21 00:00:00+00:00,NET,NET280121P00120000,put,False,120.0,16.3,19.95,18.4,204.35000610351562,0.5469710830688478,0.03548296713488007,0.0,2.0,45,2025-11-26 15:06:06+00:00,197.89833333333334,18.125,2.128767123287671
2025-12-04 21:00:00+00:00,2028-01-21 00:00:00+00:00,NET,NET280121P00125000,put,False,125.0,18.0,21.6,21.0,204.35000610351562,0.5420578021240237,0.03548296713488007,0.0,5.0,39,2025-11-18 15:03:54+00:00,389.935,19.8,2.128767123287671
2025-12-04 21:00:00+00:00,2028-01-21 00:00:00+00:00,NET,NET280121P00130000,put,False,130.0,19.55,22.5,22.55,204.35000610351562,0.5302171002197267,0.03548296713488007,0.0,2.0,58,2025-11-20 17:07:49+00:00,339.8697222222222,21.025,2.128767123287671
2025-12-04 21:00:00+00:00,2028-01-21 00:00:00+00:00,NET,NET280121P00135000,put,False,135.0,21.0,25.5,22.8,204.35000610351562,0.5310563252258302,0.03548296713488007,0.0,1.0,6,2025-12-02 16:15:34+00:00,52.74055555555555,23.25,2.128767123287671
2025-12-04 21:00:00+00:00,2028-01-21 00:00:00+00:00,NET,NET280121P00140000,put,False,140.0,23.0,27.5,26.45,204.35000610351562,0.5278977874755859,0.03548296713488007,0.0,85.0,85,2025-11-19 16:36:32+00:00,364.3911111111111,25.25,2.128767123287671
2025-12-04 21:00:00+00:00,2028-01-21 00:00:00+00:00,NET,NET280121P00145000,put,False,145.0,25.2,28.3,25.75,204.35000610351562,0.5179491564941407,0.03548296713488007,0.0,2.0,3,2025-11-14 20:05:27+00:00,480.9091666666667,26.75,2.128767123287671
2025-12-04 21:00:00+00:00,2028-01-21 00:00:00+00:00,NET,NET280121P00150000,put,False,150.0,27.2,29.95,28.85,204.35000610351562,0.5114032014465333,0.03548296713488007,0.0,1.0,2,2025-12-03 20:13:43+00:00,24.77138888888889,28.575,2.128767123287671
2025-12-04 21:00:00+00:00,2028-01-21 00:00:00+00:00,NET,NET280121P00155000,put,False,155.0,29.1,31.65,27.7,204.35000610351562,0.5040332800292968,0.03548296713488007,0.0,,5,2025-09-24 13:32:30+00:00,1711.4583333333333,30.375,2.128767123287671
2025-12-04 21:00:00+00:00,2028-01-21 00:00:00+00:00,NET,NET280121P00160000,put,False,160.0,31.5,35.3,35.11,204.35000610351562,0.5093432855224609,0.03548296713488007,0.0,1.0,1,2025-11-19 19:23:20+00:00,361.6111111111111,33.4,2.128767123287671
2025-12-04 21:00:00+00:00,2028-01-21 00:00:00+00:00,NET,NET280121P00165000,put,False,165.0,33.5,37.8,36.96,204.35000610351562,0.5053912986755371,0.03548296713488007,0.0,,2,2025-11-26 15:06:06+00:00,197.89833333333334,35.65,2.128767123287671
2025-12-04 21:00:00+00:00,2028-01-21 00:00:00+00:00,NET,NET280121P00170000,put,False,170.0,34.5,38.25,34.35,204.35000610351562,0.5043689700317383,0.03548296713488007,0.0,20.0,39,2025-10-02 19:07:58+00:00,1513.8672222222222,36.375,2.128767123287671
2025-12-04 21:00:00+00:00,2028-01-21 00:00:00+00:00,NET,NET280121P00175000,put,False,175.0,38.0,42.5,42.8,204.35000610351562,0.5190172610473632,0.03548296713488007,0.0,20.0,24,2025-11-19 17:39:25+00:00,363.34305555555557,40.25,2.128767123287671
2025-12-04 21:00:00+00:00,2028-01-21 00:00:00+00:00,NET,NET280121P00180000,put,False,180.0,41.5,45.5,35.0,204.35000610351562,0.5006763800048828,0.03548296713488007,0.0,1.0,0,2025-10-31 13:32:08+00:00,823.4644444444444,43.5,2.128767123287671
2025-12-04 21:00:00+00:00,2028-01-21 00:00:00+00:00,NET,NET280121P00185000,put,False,185.0,43.1,47.05,49.52,204.35000610351562,0.5066882827758789,0.03548296713488007,0.0,1.0,5,2025-11-21 20:11:00+00:00,312.81666666666666,45.075,2.128767123287671
2025-12-04 21:00:00+00:00,2028-01-21 00:00:00+00:00,NET,NET280121P00190000,put,False,190.0,45.5,50.0,50.0,204.35000610351562,0.5062000064086914,0.03548296713488007,0.0,1.0,6,2025-12-01 14:31:48+00:00,78.47,47.75,2.128767123287671
2025-12-04 21:00:00+00:00,2028-01-21 00:00:00+00:00,NET,NET280121P00195000,put,False,195.0,48.5,52.3,53.6,204.35000610351562,0.4991047404479981,0.03548296713488007,0.0,11.0,22,2025-11-20 17:32:14+00:00,339.4627777777778,50.4,2.128767123287671
2025-12-04 21:00:00+00:00,2028-01-21 00:00:00+00:00,NET,NET280121P00200000,put,False,200.0,51.05,54.45,52.28,204.35000610351562,0.49026998992919923,0.03548296713488007,0.0,3.0,21,2025-12-02 15:22:26+00:00,53.62611111111111,52.75,2.128767123287671
2025-12-04 21:00:00+00:00,2028-01-21 00:00:00+00:00,NET,NET280121P00210000,put,True,210.0,56.5,59.9,61.35,204.35000610351562,0.48172515350341794,0.03548296713488007,0.0,2.0,6,2025-11-24 17:14:04+00:00,243.76555555555555,58.2,2.128767123287671
2025-12-04 21:00:00+00:00,2028-01-21 00:00:00+00:00,NET,NET280121P00220000,put,True,220.0,62.85,66.05,66.07,204.35000610351562,0.47745273529052734,0.03548296713488007,0.0,1.0,34,2025-12-01 15:04:51+00:00,77.91916666666667,64.45,2.128767123287671
2025-12-04 21:00:00+00:00,2028-01-21 00:00:00+00:00,NET,NET280121P00230000,put,True,230.0,68.5,72.0,75.08,204.35000610351562,0.4695945375061035,0.03548296713488007,0.0,2.0,6,2025-11-18 15:41:24+00:00,389.31,70.25,2.128767123287671
2025-12-04 21:00:00+00:00,2028-01-21 00:00:00+00:00,NET,NET280121P00240000,put,True,240.0,74.5,78.5,77.1,204.35000610351562,0.4647117738342285,0.03548296713488007,0.0,1.0,4,2025-11-17 19:09:39+00:00,409.83916666666664,76.5,2.128767123287671
2025-12-04 21:00:00+00:00,2028-01-21 00:00:00+00:00,NET,NET280121P00250000,put,True,250.0,82.5,86.15,74.1,204.35000610351562,0.4678092770385742,0.03548296713488007,0.0,1.0,3,2025-10-28 14:41:43+00:00,894.3047222222223,84.325,2.128767123287671
2025-12-04 21:00:00+00:00,2028-01-21 00:00:00+00:00,NET,NET280121P00280000,put,True,280.0,102.0,106.0,83.05,204.35000610351562,0.44159493957519536,0.03548296713488007,0.0,,1,2025-11-03 20:32:06+00:00,744.465,104.0,2.128767123287671
