date,expiry,symbol,contractSymbol,type,inTheMoney,strike,bid,ask,last,underlying,iv_mkt,rate,div_yield,volume,openInterest,lastTradeDate,quote_age_hours,mid,T
2025-12-10 21:00:00+00:00,2025-12-12 00:00:00+00:00,SMH,SMH251212C00230000,call,True,230.0,142.1,145.1,144.98,369.0,2.918948015136719,0.03529957336092666,0.002902439024390244,1.0,1,2025-12-03 18:23:26+00:00,170.60944444444445,143.6,0.0027397260273972603
2025-12-10 21:00:00+00:00,2025-12-12 00:00:00+00:00,SMH,SMH251212C00245000,call,True,245.0,126.95,130.1,115.3,369.0,2.588870715332031,0.03529957336092666,0.002902439024390244,,11,2025-12-04 20:23:53+00:00,144.60194444444446,128.525,0.0027397260273972603
2025-12-10 21:00:00+00:00,2025-12-12 00:00:00+00:00,SMH,SMH251212C00250000,call,True,250.0,122.1,125.1,117.89,369.0,2.4824256689453126,0.03529957336092666,0.002902439024390244,4.0,6,2025-12-05 15:25:01+00:00,125.58305555555556,123.6,0.0027397260273972603
2025-12-10 21:00:00+00:00,2025-12-12 00:00:00+00:00,SMH,SMH251212C00255000,call,True,255.0,116.7,120.1,112.89,369.0,2.377933742675781,0.03529957336092666,0.002902439024390244,2.0,13,2025-12-08 15:56:07+00:00,53.06472222222222,118.4,0.0027397260273972603
2025-12-10 21:00:00+00:00,2025-12-12 00:00:00+00:00,SMH,SMH251212C00260000,call,True,260.0,112.0,115.15,111.45,369.0,2.295414417724609,0.03529957336092666,0.002902439024390244,5.0,50,2025-12-10 19:40:07+00:00,1.331388888888889,113.575,0.0027397260273972603
2025-12-10 21:00:00+00:00,2025-12-12 00:00:00+00:00,SMH,SMH251212C00265000,call,True,265.0,107.05,110.15,102.23,369.0,2.193363891601562,0.03529957336092666,0.002902439024390244,1.0,34,2025-12-08 20:41:24+00:00,48.31,108.6,0.0027397260273972603
2025-12-10 21:00:00+00:00,2025-12-12 00:00:00+00:00,SMH,SMH251212C00270000,call,True,270.0,102.2,105.15,103.64,369.0,2.0927782055664057,0.03529957336092666,0.002902439024390244,1.0,15,2025-12-10 19:56:22+00:00,1.0605555555555555,103.67500000000001,0.0027397260273972603
2025-12-10 21:00:00+00:00,2025-12-12 00:00:00+00:00,SMH,SMH251212C00275000,call,True,275.0,96.85,100.15,94.1,369.0,1.9936523754882813,0.03529957336092666,0.002902439024390244,2.0,101,2025-12-09 16:02:22+00:00,28.960555555555555,98.5,0.0027397260273972603
2025-12-10 21:00:00+00:00,2025-12-12 00:00:00+00:00,SMH,SMH251212C00280000,call,True,280.0,92.2,95.15,76.95,369.0,1.8955083349609376,0.03529957336092666,0.002902439024390244,,32,2025-11-12 15:15:16+00:00,677.7455555555556,93.67500000000001,0.0027397260273972603
2025-12-10 21:00:00+00:00,2025-12-12 00:00:00+00:00,SMH,SMH251212C00285000,call,True,285.0,87.15,90.15,77.75,369.0,1.798829130859375,0.03529957336092666,0.002902439024390244,7.0,30,2025-12-04 16:52:12+00:00,148.13,88.65,0.0027397260273972603
2025-12-10 21:00:00+00:00,2025-12-12 00:00:00+00:00,SMH,SMH251212C00290000,call,True,290.0,81.65,85.15,85.2,369.0,1.703126484375,0.03529957336092666,0.002902439024390244,23.0,55,2025-12-10 20:45:19+00:00,0.24472222222222223,83.4,0.0027397260273972603
2025-12-10 21:00:00+00:00,2025-12-12 00:00:00+00:00,SMH,SMH251212C00295000,call,True,295.0,76.85,80.15,59.9,369.0,1.6084003955078123,0.03529957336092666,0.002902439024390244,,1,2025-11-11 16:26:19+00:00,700.5613888888889,78.5,0.0027397260273972603
2025-12-10 21:00:00+00:00,2025-12-12 00:00:00+00:00,SMH,SMH251212C00300000,call,True,300.0,72.15,75.15,75.16,369.0,1.5151391430664063,0.03529957336092666,0.002902439024390244,10.0,201,2025-12-10 20:43:04+00:00,0.2822222222222222,73.65,0.0027397260273972603
2025-12-10 21:00:00+00:00,2025-12-12 00:00:00+00:00,SMH,SMH251212C00305000,call,True,305.0,66.8,70.15,70.0,369.0,1.421877890625,0.03529957336092666,0.002902439024390244,1.0,20,2025-12-10 20:48:51+00:00,0.18583333333333332,68.475,0.0027397260273972603
2025-12-10 21:00:00+00:00,2025-12-12 00:00:00+00:00,SMH,SMH251212C00310000,call,True,310.0,61.75,65.15,58.81,369.0,1.3300814746093748,0.03529957336092666,0.002902439024390244,2.0,9,2025-12-09 20:48:56+00:00,24.184444444444445,63.45,0.0027397260273972603
2025-12-10 21:00:00+00:00,2025-12-12 00:00:00+00:00,SMH,SMH251212C00315000,call,True,315.0,57.0,60.2,52.4,369.0,1.2514685864257813,0.03529957336092666,0.002902439024390244,2.0,3,2025-12-09 19:09:40+00:00,25.83888888888889,58.6,0.0027397260273972603
2025-12-10 21:00:00+00:00,2025-12-12 00:00:00+00:00,SMH,SMH251212C00317500,call,True,317.5,54.15,57.7,49.91,369.0,1.2055703784179688,0.03529957336092666,0.002902439024390244,4.0,3,2025-12-09 19:09:40+00:00,25.83888888888889,55.925,0.0027397260273972603
2025-12-10 21:00:00+00:00,2025-12-12 00:00:00+00:00,SMH,SMH251212C00320000,call,True,320.0,51.55,55.2,46.4,369.0,1.1596721704101562,0.03529957336092666,0.002902439024390244,2.0,42,2025-12-05 17:07:43+00:00,123.87138888888889,53.375,0.0027397260273972603
2025-12-10 21:00:00+00:00,2025-12-12 00:00:00+00:00,SMH,SMH251212C00322500,call,True,322.5,49.7,52.7,49.0,369.0,1.1137739624023437,0.03529957336092666,0.002902439024390244,1.0,13,2025-12-09 14:38:01+00:00,30.36638888888889,51.2,0.0027397260273972603
2025-12-10 21:00:00+00:00,2025-12-12 00:00:00+00:00,SMH,SMH251212C00325000,call,True,325.0,46.9,50.2,31.04,369.0,1.0681198937988285,0.03529957336092666,0.002902439024390244,16.0,29,2025-12-01 18:23:20+00:00,218.61111111111111,48.55,0.0027397260273972603
2025-12-10 21:00:00+00:00,2025-12-12 00:00:00+00:00,SMH,SMH251212C00327500,call,True,327.5,44.8,47.3,40.8,369.0,0.9238288867187501,0.03529957336092666,0.002902439024390244,2.0,28,2025-12-09 18:49:35+00:00,26.17361111111111,46.05,0.0027397260273972603
2025-12-10 21:00:00+00:00,2025-12-12 00:00:00+00:00,SMH,SMH251212C00330000,call,True,330.0,42.0,45.25,38.31,369.0,0.9873048144531251,0.03529957336092666,0.002902439024390244,2.0,88,2025-12-09 18:49:35+00:00,26.17361111111111,43.625,0.0027397260273972603
2025-12-10 21:00:00+00:00,2025-12-12 00:00:00+00:00,SMH,SMH251212C00332500,call,True,332.5,39.3,42.75,42.6,369.0,0.9414068359375,0.03529957336092666,0.002902439024390244,5.0,25,2025-12-10 20:35:24+00:00,0.41,41.025,0.0027397260273972603
2025-12-10 21:00:00+00:00,2025-12-12 00:00:00+00:00,SMH,SMH251212C00335000,call,True,335.0,37.2,40.25,40.28,369.0,0.8955088574218748,0.03529957336092666,0.002902439024390244,21.0,72,2025-12-10 20:37:43+00:00,0.3713888888888889,38.725,0.0027397260273972603
2025-12-10 21:00:00+00:00,2025-12-12 00:00:00+00:00,SMH,SMH251212C00337500,call,True,337.5,34.8,37.65,27.73,369.0,0.8298356860351561,0.03529957336092666,0.002902439024390244,2.0,103,2025-12-05 20:58:48+00:00,120.02,36.224999999999994,0.0027397260273972603
2025-12-10 21:00:00+00:00,2025-12-12 00:00:00+00:00,SMH,SMH251212C00340000,call,True,340.0,32.1,35.15,32.21,369.0,0.7841818457031251,0.03529957336092666,0.002902439024390244,5.0,27,2025-12-10 19:10:02+00:00,1.8327777777777778,33.625,0.0027397260273972603
2025-12-10 21:00:00+00:00,2025-12-12 00:00:00+00:00,SMH,SMH251212C00342500,call,True,342.5,29.55,32.8,27.29,369.0,0.7653832055664063,0.03529957336092666,0.002902439024390244,1.0,84,2025-12-10 17:54:23+00:00,3.093611111111111,31.174999999999997,0.0027397260273972603
2025-12-10 21:00:00+00:00,2025-12-12 00:00:00+00:00,SMH,SMH251212C00345000,call,True,345.0,27.0,30.2,24.19,369.0,0.7014190014648438,0.03529957336092666,0.002902439024390244,10.0,241,2025-12-08 15:24:55+00:00,53.584722222222226,28.6,0.0027397260273972603
2025-12-10 21:00:00+00:00,2025-12-12 00:00:00+00:00,SMH,SMH251212C00347500,call,True,347.5,24.2,27.85,20.75,369.0,0.6792024267578126,0.03529957336092666,0.002902439024390244,1.0,75,2025-12-10 16:03:44+00:00,4.937777777777778,26.025,0.0027397260273972603
2025-12-10 21:00:00+00:00,2025-12-12 00:00:00+00:00,SMH,SMH251212C00350000,call,True,350.0,22.3,25.45,25.08,369.0,0.6459996337890624,0.03529957336092666,0.002902439024390244,39.0,291,2025-12-10 20:58:42+00:00,0.021666666666666667,23.875,0.0027397260273972603
2025-12-10 21:00:00+00:00,2025-12-12 00:00:00+00:00,SMH,SMH251212C00352500,call,True,352.5,19.65,22.85,21.38,369.0,0.5825237060546875,0.03529957336092666,0.002902439024390244,5.0,310,2025-12-10 17:59:48+00:00,3.0033333333333334,21.25,0.0027397260273972603
2025-12-10 21:00:00+00:00,2025-12-12 00:00:00+00:00,SMH,SMH251212C00355000,call,True,355.0,17.25,20.45,18.98,369.0,0.5471236694335939,0.03529957336092666,0.002902439024390244,22.0,442,2025-12-10 16:32:34+00:00,4.457222222222223,18.85,0.0027397260273972603
2025-12-10 21:00:00+00:00,2025-12-12 00:00:00+00:00,SMH,SMH251212C00357500,call,True,357.5,15.0,18.05,17.95,369.0,0.5090381127929688,0.03529957336092666,0.002902439024390244,49.0,187,2025-12-10 20:58:19+00:00,0.028055555555555556,16.525,0.0027397260273972603
2025-12-10 21:00:00+00:00,2025-12-12 00:00:00+00:00,SMH,SMH251212C00360000,call,True,360.0,12.25,15.75,15.65,369.0,0.47949739257812496,0.03529957336092666,0.002902439024390244,54.0,710,2025-12-10 20:58:19+00:00,0.028055555555555556,14.0,0.0027397260273972603
2025-12-10 21:00:00+00:00,2025-12-12 00:00:00+00:00,SMH,SMH251212C00362500,call,True,362.5,10.5,13.5,13.2,369.0,0.45044494873046875,0.03529957336092666,0.002902439024390244,88.0,138,2025-12-10 20:48:40+00:00,0.18888888888888888,12.0,0.0027397260273972603
2025-12-10 21:00:00+00:00,2025-12-12 00:00:00+00:00,SMH,SMH251212C00365000,call,True,365.0,8.35,11.1,10.02,369.0,0.40161731201171874,0.03529957336092666,0.002902439024390244,453.0,1359,2025-12-10 21:08:21+00:00,0.0,9.725,0.0027397260273972603
2025-12-10 21:00:00+00:00,2025-12-12 00:00:00+00:00,SMH,SMH251212C00367500,call,True,367.5,6.45,9.4,8.96,369.0,0.4085752502441406,0.03529957336092666,0.002902439024390244,62.0,595,2025-12-10 19:53:02+00:00,1.116111111111111,7.925000000000001,0.0027397260273972603
2025-12-10 21:00:00+00:00,2025-12-12 00:00:00+00:00,SMH,SMH251212C00370000,call,True,370.0,4.8,7.75,5.71,369.0,0.40552352294921873,0.03529957336092666,0.002902439024390244,2150.0,2034,2025-12-10 21:01:09+00:00,0.0,6.275,0.0027397260273972603
2025-12-10 21:00:00+00:00,2025-12-12 00:00:00+00:00,SMH,SMH251212C00372500,call,True,372.5,3.05,5.75,5.17,369.0,0.3635317553710938,0.03529957336092666,0.002902439024390244,363.0,867,2025-12-10 20:50:02+00:00,0.1661111111111111,4.4,0.0027397260273972603
2025-12-10 21:00:00+00:00,2025-12-12 00:00:00+00:00,SMH,SMH251212C00375000,call,False,375.0,2.57,4.25,4.25,369.0,0.3459538061523437,0.03529957336092666,0.002902439024390244,777.0,601,2025-12-10 21:01:09+00:00,0.0,3.41,0.0027397260273972603
2025-12-10 21:00:00+00:00,2025-12-12 00:00:00+00:00,SMH,SMH251212C00377500,call,False,377.5,1.48,2.99,2.67,369.0,0.33008482421874996,0.03529957336092666,0.002902439024390244,766.0,970,2025-12-10 21:00:21+00:00,0.0,2.2350000000000003,0.0027397260273972603
2025-12-10 21:00:00+00:00,2025-12-12 00:00:00+00:00,SMH,SMH251212C00380000,call,False,380.0,0.82,2.31,1.82,369.0,0.34326828613281246,0.03529957336092666,0.002902439024390244,426.0,463,2025-12-10 20:45:41+00:00,0.2386111111111111,1.565,0.0027397260273972603
2025-12-10 21:00:00+00:00,2025-12-12 00:00:00+00:00,SMH,SMH251212C00382500,call,False,382.5,0.62,1.64,1.2,369.0,0.34290207885742185,0.03529957336092666,0.002902439024390244,549.0,288,2025-12-10 20:51:38+00:00,0.13944444444444445,1.13,0.0027397260273972603
2025-12-10 21:00:00+00:00,2025-12-12 00:00:00+00:00,SMH,SMH251212C00385000,call,False,385.0,0.27,0.95,0.7,369.0,0.3217841259765625,0.03529957336092666,0.002902439024390244,250.0,321,2025-12-10 20:53:50+00:00,0.10277777777777777,0.61,0.0027397260273972603
2025-12-10 21:00:00+00:00,2025-12-12 00:00:00+00:00,SMH,SMH251212C00387500,call,False,387.5,0.14,0.51,0.47,369.0,0.30542686767578126,0.03529957336092666,0.002902439024390244,150.0,128,2025-12-10 20:57:03+00:00,0.049166666666666664,0.325,0.0027397260273972603
2025-12-10 21:00:00+00:00,2025-12-12 00:00:00+00:00,SMH,SMH251212C00390000,call,False,390.0,0.1,0.5,0.26,369.0,0.34326828613281246,0.03529957336092666,0.002902439024390244,29.0,397,2025-12-10 20:38:19+00:00,0.36138888888888887,0.3,0.0027397260273972603
2025-12-10 21:00:00+00:00,2025-12-12 00:00:00+00:00,SMH,SMH251212C00392500,call,False,392.5,0.08,0.24,0.25,369.0,0.3237372314453124,0.03529957336092666,0.002902439024390244,32.0,135,2025-12-10 20:43:23+00:00,0.27694444444444444,0.16,0.0027397260273972603
2025-12-10 21:00:00+00:00,2025-12-12 00:00:00+00:00,SMH,SMH251212C00395000,call,False,395.0,0.05,0.19,0.14,369.0,0.34180345703125,0.03529957336092666,0.002902439024390244,31.0,112,2025-12-10 20:24:48+00:00,0.5866666666666667,0.12,0.0027397260273972603
2025-12-10 21:00:00+00:00,2025-12-12 00:00:00+00:00,SMH,SMH251212C00397500,call,False,397.5,0.04,0.17,0.11,369.0,0.366217275390625,0.03529957336092666,0.002902439024390244,28.0,111,2025-12-10 20:57:03+00:00,0.049166666666666664,0.10500000000000001,0.0027397260273972603
2025-12-10 21:00:00+00:00,2025-12-12 00:00:00+00:00,SMH,SMH251212C00400000,call,False,400.0,0.02,0.09,0.09,369.0,0.35742830078125,0.03529957336092666,0.002902439024390244,31.0,330,2025-12-10 20:29:33+00:00,0.5075,0.055,0.0027397260273972603
2025-12-10 21:00:00+00:00,2025-12-12 00:00:00+00:00,SMH,SMH251212C00405000,call,False,405.0,0.01,0.5,0.29,369.0,0.5600629931640625,0.03529957336092666,0.002902439024390244,16.0,82,2025-12-10 18:42:58+00:00,2.283888888888889,0.255,0.0027397260273972603
2025-12-10 21:00:00+00:00,2025-12-12 00:00:00+00:00,SMH,SMH251212C00410000,call,False,410.0,0.0,0.24,0.03,369.0,0.5449264257812501,0.03529957336092666,0.002902439024390244,3.0,64,2025-12-10 20:53:09+00:00,0.11416666666666667,0.12,0.0027397260273972603
2025-12-10 21:00:00+00:00,2025-12-12 00:00:00+00:00,SMH,SMH251212C00420000,call,False,420.0,0.0,0.02,0.01,369.0,0.476567734375,0.03529957336092666,0.002902439024390244,1.0,85,2025-12-10 15:07:09+00:00,5.880833333333333,0.01,0.0027397260273972603
2025-12-10 21:00:00+00:00,2025-12-12 00:00:00+00:00,SMH,SMH251212C00430000,call,False,430.0,0.0,0.02,0.05,369.0,0.5312546875,0.03529957336092666,0.002902439024390244,1.0,35,2025-12-10 18:38:25+00:00,2.359722222222222,0.01,0.0027397260273972603
2025-12-10 21:00:00+00:00,2025-12-12 00:00:00+00:00,SMH,SMH251212C00440000,call,False,440.0,0.0,0.02,0.1,369.0,0.6093789062500001,0.03529957336092666,0.002902439024390244,1.0,41,2025-12-10 17:53:14+00:00,3.1127777777777776,0.01,0.0027397260273972603
2025-12-10 21:00:00+00:00,2025-12-12 00:00:00+00:00,SMH,SMH251212C00450000,call,False,450.0,0.0,0.01,0.03,369.0,0.64062859375,0.03529957336092666,0.002902439024390244,13.0,41,2025-12-05 17:46:47+00:00,123.22027777777778,0.005,0.0027397260273972603
2025-12-10 21:00:00+00:00,2025-12-12 00:00:00+00:00,SMH,SMH251212C00460000,call,False,460.0,0.0,0.01,0.05,369.0,0.7187528125,0.03529957336092666,0.002902439024390244,,1,2025-12-01 20:56:20+00:00,216.0611111111111,0.005,0.0027397260273972603
2025-12-10 21:00:00+00:00,2025-12-12 00:00:00+00:00,SMH,SMH251212C00480000,call,False,480.0,0.0,0.01,0.05,369.0,0.8437515624999999,0.03529957336092666,0.002902439024390244,,1,2025-12-01 20:56:59+00:00,216.05027777777778,0.005,0.0027397260273972603
2025-12-10 21:00:00+00:00,2025-12-12 00:00:00+00:00,SMH,SMH251212C00500000,call,False,500.0,0.0,0.02,0.05,369.0,1.0312548437500002,0.03529957336092666,0.002902439024390244,,2,2025-12-01 20:56:44+00:00,216.05444444444444,0.01,0.0027397260273972603
2025-12-10 21:00:00+00:00,2025-12-12 00:00:00+00:00,SMH,SMH251212P00230000,put,False,230.0,0.0,0.01,0.01,369.0,1.625001875,0.03529957336092666,0.002902439024390244,1.0,692,2025-12-08 17:01:07+00:00,51.98138888888889,0.005,0.0027397260273972603
2025-12-10 21:00:00+00:00,2025-12-12 00:00:00+00:00,SMH,SMH251212P00235000,put,False,235.0,0.0,0.01,0.02,369.0,1.5625021874999998,0.03529957336092666,0.002902439024390244,30.0,48,2025-12-05 19:56:13+00:00,121.06305555555555,0.005,0.0027397260273972603
2025-12-10 21:00:00+00:00,2025-12-12 00:00:00+00:00,SMH,SMH251212P00240000,put,False,240.0,0.0,0.03,0.02,369.0,1.609376953125,0.03529957336092666,0.002902439024390244,20.0,278,2025-12-05 19:54:49+00:00,121.08638888888889,0.015,0.0027397260273972603
2025-12-10 21:00:00+00:00,2025-12-12 00:00:00+00:00,SMH,SMH251212P00245000,put,False,245.0,0.0,0.03,0.01,369.0,1.5468772656249998,0.03529957336092666,0.002902439024390244,15.0,625,2025-12-08 15:00:30+00:00,53.99166666666667,0.015,0.0027397260273972603
2025-12-10 21:00:00+00:00,2025-12-12 00:00:00+00:00,SMH,SMH251212P00250000,put,False,250.0,0.0,0.01,0.03,369.0,1.3437532812499997,0.03529957336092666,0.002902439024390244,287.0,6872,2025-12-08 20:59:17+00:00,48.011944444444445,0.005,0.0027397260273972603
2025-12-10 21:00:00+00:00,2025-12-12 00:00:00+00:00,SMH,SMH251212P00255000,put,False,255.0,0.0,0.02,0.02,369.0,1.359378203125,0.03529957336092666,0.002902439024390244,1.0,315,2025-12-10 20:29:26+00:00,0.5094444444444445,0.01,0.0027397260273972603
2025-12-10 21:00:00+00:00,2025-12-12 00:00:00+00:00,SMH,SMH251212P00260000,put,False,260.0,0.0,0.28,0.08,369.0,1.69140779296875,0.03529957336092666,0.002902439024390244,1.0,2253,2025-12-10 21:11:15+00:00,0.0,0.14,0.0027397260273972603
2025-12-10 21:00:00+00:00,2025-12-12 00:00:00+00:00,SMH,SMH251212P00265000,put,False,265.0,0.0,0.02,0.01,369.0,1.2343788281249999,0.03529957336092666,0.002902439024390244,169.0,555,2025-12-09 19:12:20+00:00,25.794444444444444,0.01,0.0027397260273972603
2025-12-10 21:00:00+00:00,2025-12-12 00:00:00+00:00,SMH,SMH251212P00270000,put,False,270.0,0.0,0.04,0.01,369.0,1.2421912890624998,0.03529957336092666,0.002902439024390244,45.0,648,2025-12-10 16:14:21+00:00,4.760833333333333,0.02,0.0027397260273972603
2025-12-10 21:00:00+00:00,2025-12-12 00:00:00+00:00,SMH,SMH251212P00275000,put,False,275.0,0.01,0.03,0.01,369.0,1.1796916015624999,0.03529957336092666,0.002902439024390244,13.0,87,2025-12-10 20:52:23+00:00,0.12694444444444444,0.02,0.0027397260273972603
2025-12-10 21:00:00+00:00,2025-12-12 00:00:00+00:00,SMH,SMH251212P00280000,put,False,280.0,0.0,0.04,0.02,369.0,1.1171919140625,0.03529957336092666,0.002902439024390244,9.0,332,2025-12-10 20:40:14+00:00,0.32944444444444443,0.02,0.0027397260273972603
2025-12-10 21:00:00+00:00,2025-12-12 00:00:00+00:00,SMH,SMH251212P00285000,put,False,285.0,0.01,0.06,0.1,369.0,1.109379453125,0.03529957336092666,0.002902439024390244,4.0,221,2025-12-10 15:11:28+00:00,5.808888888888889,0.034999999999999996,0.0027397260273972603
2025-12-10 21:00:00+00:00,2025-12-12 00:00:00+00:00,SMH,SMH251212P00290000,put,False,290.0,0.01,0.05,0.03,369.0,1.0312548437500002,0.03529957336092666,0.002902439024390244,81.0,365,2025-12-10 20:53:08+00:00,0.11444444444444445,0.030000000000000002,0.0027397260273972603
2025-12-10 21:00:00+00:00,2025-12-12 00:00:00+00:00,SMH,SMH251212P00295000,put,False,295.0,0.01,0.09,0.03,369.0,1.01953615234375,0.03529957336092666,0.002902439024390244,3.0,133,2025-12-10 20:53:02+00:00,0.11611111111111111,0.049999999999999996,0.0027397260273972603
2025-12-10 21:00:00+00:00,2025-12-12 00:00:00+00:00,SMH,SMH251212P00297500,put,False,297.5,0.0,0.1,0.07,369.0,0.9882813671875,0.03529957336092666,0.002902439024390244,1.0,16,2025-12-09 19:11:38+00:00,25.80611111111111,0.05,0.0027397260273972603
2025-12-10 21:00:00+00:00,2025-12-12 00:00:00+00:00,SMH,SMH251212P00300000,put,False,300.0,0.01,0.05,0.02,369.0,0.9062509375,0.03529957336092666,0.002902439024390244,7.0,1640,2025-12-10 19:32:08+00:00,1.4644444444444444,0.030000000000000002,0.0027397260273972603
2025-12-10 21:00:00+00:00,2025-12-12 00:00:00+00:00,SMH,SMH251212P00302500,put,False,302.5,0.01,0.05,0.06,369.0,0.87500125,0.03529957336092666,0.002902439024390244,221.0,256,2025-12-08 17:59:28+00:00,51.00888888888889,0.030000000000000002,0.0027397260273972603
2025-12-10 21:00:00+00:00,2025-12-12 00:00:00+00:00,SMH,SMH251212P00305000,put,False,305.0,0.0,0.05,0.02,369.0,0.8281267187499999,0.03529957336092666,0.002902439024390244,31.0,599,2025-12-10 15:18:37+00:00,5.689722222222223,0.025,0.0027397260273972603
2025-12-10 21:00:00+00:00,2025-12-12 00:00:00+00:00,SMH,SMH251212P00307500,put,False,307.5,0.0,0.31,0.11,369.0,0.99023447265625,0.03529957336092666,0.002902439024390244,3.0,4,2025-12-10 20:44:38+00:00,0.2561111111111111,0.155,0.0027397260273972603
2025-12-10 21:00:00+00:00,2025-12-12 00:00:00+00:00,SMH,SMH251212P00310000,put,False,310.0,0.01,0.09,0.02,369.0,0.8281267187499999,0.03529957336092666,0.002902439024390244,3.0,286,2025-12-10 20:54:02+00:00,0.09944444444444445,0.049999999999999996,0.0027397260273972603
2025-12-10 21:00:00+00:00,2025-12-12 00:00:00+00:00,SMH,SMH251212P00312500,put,False,312.5,0.0,0.26,0.04,369.0,0.8964854101562498,0.03529957336092666,0.002902439024390244,2.0,264,2025-12-10 20:54:19+00:00,0.09472222222222222,0.13,0.0027397260273972603
2025-12-10 21:00:00+00:00,2025-12-12 00:00:00+00:00,SMH,SMH251212P00315000,put,False,315.0,0.01,0.11,0.05,369.0,0.7812521875,0.03529957336092666,0.002902439024390244,44.0,132,2025-12-10 20:54:16+00:00,0.09555555555555556,0.06,0.0027397260273972603
2025-12-10 21:00:00+00:00,2025-12-12 00:00:00+00:00,SMH,SMH251212P00317500,put,False,317.5,0.01,0.08,0.06,369.0,0.7226590234375,0.03529957336092666,0.002902439024390244,51.0,1191,2025-12-10 20:54:16+00:00,0.09555555555555556,0.045,0.0027397260273972603
2025-12-10 21:00:00+00:00,2025-12-12 00:00:00+00:00,SMH,SMH251212P00320000,put,False,320.0,0.01,0.25,0.06,369.0,0.7919942675781251,0.03529957336092666,0.002902439024390244,423.0,1045,2025-12-10 20:56:42+00:00,0.055,0.13,0.0027397260273972603
2025-12-10 21:00:00+00:00,2025-12-12 00:00:00+00:00,SMH,SMH251212P00322500,put,False,322.5,0.01,0.07,0.06,369.0,0.6523472265625001,0.03529957336092666,0.002902439024390244,41.0,395,2025-12-10 20:54:16+00:00,0.09555555555555556,0.04,0.0027397260273972603
2025-12-10 21:00:00+00:00,2025-12-12 00:00:00+00:00,SMH,SMH251212P00325000,put,False,325.0,0.04,0.29,0.09,369.0,0.7490259472656251,0.03529957336092666,0.002902439024390244,15.0,284,2025-12-10 20:54:32+00:00,0.09111111111111111,0.16499999999999998,0.0027397260273972603
2025-12-10 21:00:00+00:00,2025-12-12 00:00:00+00:00,SMH,SMH251212P00327500,put,False,327.5,0.01,0.3,0.05,369.0,0.7070341796875,0.03529957336092666,0.002902439024390244,14.0,109,2025-12-10 20:51:19+00:00,0.14472222222222222,0.155,0.0027397260273972603
2025-12-10 21:00:00+00:00,2025-12-12 00:00:00+00:00,SMH,SMH251212P00330000,put,False,330.0,0.04,0.14,0.08,369.0,0.6210975390625001,0.03529957336092666,0.002902439024390244,32.0,1916,2025-12-10 20:30:07+00:00,0.49805555555555553,0.09000000000000001,0.0027397260273972603
2025-12-10 21:00:00+00:00,2025-12-12 00:00:00+00:00,SMH,SMH251212P00332500,put,False,332.5,0.06,0.32,0.12,369.0,0.65820654296875,0.03529957336092666,0.002902439024390244,1.0,1267,2025-12-09 20:40:43+00:00,24.32138888888889,0.19,0.0027397260273972603
2025-12-10 21:00:00+00:00,2025-12-12 00:00:00+00:00,SMH,SMH251212P00335000,put,False,335.0,0.02,0.42,0.11,369.0,0.637698935546875,0.03529957336092666,0.002902439024390244,44.0,1099,2025-12-10 20:55:41+00:00,0.07194444444444445,0.22,0.0027397260273972603
2025-12-10 21:00:00+00:00,2025-12-12 00:00:00+00:00,SMH,SMH251212P00337500,put,False,337.5,0.02,0.37,0.09,369.0,0.5888712988281251,0.03529957336092666,0.002902439024390244,80.0,1148,2025-12-10 20:06:56+00:00,0.8844444444444445,0.195,0.0027397260273972603
2025-12-10 21:00:00+00:00,2025-12-12 00:00:00+00:00,SMH,SMH251212P00340000,put,False,340.0,0.0,0.18,0.13,369.0,0.5459029785156251,0.03529957336092666,0.002902439024390244,134.0,1267,2025-12-10 20:14:58+00:00,0.7505555555555555,0.09,0.0027397260273972603
2025-12-10 21:00:00+00:00,2025-12-12 00:00:00+00:00,SMH,SMH251212P00342500,put,False,342.5,0.1,0.4,0.17,369.0,0.5405319384765627,0.03529957336092666,0.002902439024390244,62.0,1076,2025-12-10 18:25:06+00:00,2.5816666666666666,0.25,0.0027397260273972603
2025-12-10 21:00:00+00:00,2025-12-12 00:00:00+00:00,SMH,SMH251212P00345000,put,False,345.0,0.09,0.22,0.13,369.0,0.49219257812500006,0.03529957336092666,0.002902439024390244,174.0,2072,2025-12-10 20:37:22+00:00,0.37722222222222224,0.155,0.0027397260273972603
2025-12-10 21:00:00+00:00,2025-12-12 00:00:00+00:00,SMH,SMH251212P00347500,put,False,347.5,0.15,0.25,0.18,369.0,0.46631393066406257,0.03529957336092666,0.002902439024390244,29.0,889,2025-12-10 20:25:26+00:00,0.5761111111111111,0.2,0.0027397260273972603
2025-12-10 21:00:00+00:00,2025-12-12 00:00:00+00:00,SMH,SMH251212P00350000,put,False,350.0,0.13,0.48,0.2,369.0,0.49170430175781255,0.03529957336092666,0.002902439024390244,141.0,1866,2025-12-10 20:52:08+00:00,0.13111111111111112,0.305,0.0027397260273972603
2025-12-10 21:00:00+00:00,2025-12-12 00:00:00+00:00,SMH,SMH251212P00352500,put,False,352.5,0.17,0.52,0.27,369.0,0.45898978515625005,0.03529957336092666,0.002902439024390244,48.0,362,2025-12-10 20:21:42+00:00,0.6383333333333333,0.34500000000000003,0.0027397260273972603
2025-12-10 21:00:00+00:00,2025-12-12 00:00:00+00:00,SMH,SMH251212P00355000,put,False,355.0,0.27,0.6,0.32,369.0,0.4321345849609375,0.03529957336092666,0.002902439024390244,1470.0,3316,2025-12-10 20:54:32+00:00,0.09111111111111111,0.435,0.0027397260273972603
2025-12-10 21:00:00+00:00,2025-12-12 00:00:00+00:00,SMH,SMH251212P00357500,put,False,357.5,0.36,0.87,0.4,369.0,0.43140217041015627,0.03529957336092666,0.002902439024390244,74.0,1072,2025-12-10 20:58:21+00:00,0.0275,0.615,0.0027397260273972603
2025-12-10 21:00:00+00:00,2025-12-12 00:00:00+00:00,SMH,SMH251212P00360000,put,False,360.0,0.46,0.97,0.59,369.0,0.397466962890625,0.03529957336092666,0.002902439024390244,912.0,2361,2025-12-10 20:53:00+00:00,0.11666666666666667,0.715,0.0027397260273972603
2025-12-10 21:00:00+00:00,2025-12-12 00:00:00+00:00,SMH,SMH251212P00362500,put,False,362.5,0.44,1.37,0.74,369.0,0.39453730468750003,0.03529957336092666,0.002902439024390244,208.0,740,2025-12-10 20:58:53+00:00,0.01861111111111111,0.905,0.0027397260273972603
2025-12-10 21:00:00+00:00,2025-12-12 00:00:00+00:00,SMH,SMH251212P00365000,put,False,365.0,0.86,1.64,1.07,369.0,0.36694968994140625,0.03529957336092666,0.002902439024390244,915.0,264,2025-12-10 21:00:02+00:00,0.0,1.25,0.0027397260273972603
2025-12-10 21:00:00+00:00,2025-12-12 00:00:00+00:00,SMH,SMH251212P00367500,put,False,367.5,1.3,2.24,1.42,369.0,0.3610903735351562,0.03529957336092666,0.002902439024390244,303.0,374,2025-12-10 20:52:08+00:00,0.13111111111111112,1.77,0.0027397260273972603
2025-12-10 21:00:00+00:00,2025-12-12 00:00:00+00:00,SMH,SMH251212P00370000,put,False,370.0,1.73,3.7,2.53,369.0,0.4094297338867187,0.03529957336092666,0.002902439024390244,795.0,97,2025-12-10 21:00:48+00:00,0.0,2.715,0.0027397260273972603
2025-12-10 21:00:00+00:00,2025-12-12 00:00:00+00:00,SMH,SMH251212P00372500,put,False,372.5,2.47,4.45,2.77,369.0,0.3859924682617187,0.03529957336092666,0.002902439024390244,29.0,31,2025-12-10 20:48:58+00:00,0.18388888888888888,3.46,0.0027397260273972603
2025-12-10 21:00:00+00:00,2025-12-12 00:00:00+00:00,SMH,SMH251212P00375000,put,True,375.0,3.55,5.8,4.8,369.0,0.3940490283203125,0.03529957336092666,0.002902439024390244,145.0,63,2025-12-10 21:08:04+00:00,0.0,4.675,0.0027397260273972603
2025-12-10 21:00:00+00:00,2025-12-12 00:00:00+00:00,SMH,SMH251212P00377500,put,True,377.5,4.95,7.4,5.48,369.0,0.407232490234375,0.03529957336092666,0.002902439024390244,4.0,2,2025-12-10 20:27:56+00:00,0.5344444444444445,6.175000000000001,0.0027397260273972603
2025-12-10 21:00:00+00:00,2025-12-12 00:00:00+00:00,SMH,SMH251212P00380000,put,True,380.0,6.4,9.45,9.85,369.0,0.44348701049804684,0.03529957336092666,0.002902439024390244,27.0,28,2025-12-10 19:44:21+00:00,1.2608333333333333,7.925,0.0027397260273972603
2025-12-10 21:00:00+00:00,2025-12-12 00:00:00+00:00,SMH,SMH251212P00385000,put,True,385.0,10.45,13.75,10.7,369.0,0.5092822509765625,0.03529957336092666,0.002902439024390244,2.0,44,2025-12-08 17:59:25+00:00,51.00972222222222,12.1,0.0027397260273972603
2025-12-10 21:00:00+00:00,2025-12-12 00:00:00+00:00,SMH,SMH251212P00395000,put,True,395.0,20.05,23.1,27.0,369.0,0.6521030883789063,0.03529957336092666,0.002902439024390244,1.0,1,2025-12-05 15:15:24+00:00,125.74333333333334,21.575000000000003,0.0027397260273972603
2025-12-10 21:00:00+00:00,2025-12-12 00:00:00+00:00,SMH,SMH251212P00405000,put,True,405.0,29.9,32.95,50.55,369.0,0.5659223095703125,0.03529957336092666,0.002902439024390244,,0,2025-11-12 15:16:04+00:00,677.7322222222223,31.425,0.0027397260273972603
2025-12-10 21:00:00+00:00,2025-12-19 00:00:00+00:00,SMH,SMH251219C00100000,call,True,100.0,271.85,275.1,269.8,369.0,3.961914157714843,0.03529957336092666,0.002902439024390244,2.0,22,2025-12-08 18:09:46+00:00,50.83722222222222,273.475,0.021917808219178082
2025-12-10 21:00:00+00:00,2025-12-19 00:00:00+00:00,SMH,SMH251219C00105000,call,True,105.0,266.8,270.1,256.05,369.0,3.821289509277344,0.03529957336092666,0.002902439024390244,,14,2025-12-04 19:19:45+00:00,145.67083333333332,268.45000000000005,0.021917808219178082
2025-12-10 21:00:00+00:00,2025-12-19 00:00:00+00:00,SMH,SMH251219C00110000,call,True,110.0,0.0,0.0,81.97,369.0,1.0000000000000003e-05,0.03529957336092666,0.002902439024390244,10.0,0,2025-04-07 18:16:40+00:00,5930.722222222223,0.0,0.021917808219178082
2025-12-10 21:00:00+00:00,2025-12-19 00:00:00+00:00,SMH,SMH251219C00115000,call,True,115.0,256.95,260.15,251.75,369.0,3.588868215332031,0.03529957336092666,0.002902439024390244,1.0,10,2025-12-08 18:58:26+00:00,50.02611111111111,258.54999999999995,0.021917808219178082
2025-12-10 21:00:00+00:00,2025-12-19 00:00:00+00:00,SMH,SMH251219C00120000,call,True,120.0,223.75,227.5,200.0,369.0,1.0000000000000003e-05,0.03529957336092666,0.002902439024390244,2.0,5,2025-09-25 14:15:22+00:00,1830.743888888889,225.625,0.021917808219178082
2025-12-10 21:00:00+00:00,2025-12-19 00:00:00+00:00,SMH,SMH251219C00125000,call,True,125.0,246.85,250.15,239.2,369.0,3.3496110009765623,0.03529957336092666,0.002902439024390244,9.0,9,2025-12-05 20:47:16+00:00,120.21222222222222,248.5,0.021917808219178082
2025-12-10 21:00:00+00:00,2025-12-19 00:00:00+00:00,SMH,SMH251219C00130000,call,True,130.0,98.2,99.45,73.35,369.0,1.0000000000000003e-05,0.03529957336092666,0.002902439024390244,2.0,24,2025-04-10 15:48:11+00:00,5861.196944444445,98.825,0.021917808219178082
2025-12-10 21:00:00+00:00,2025-12-19 00:00:00+00:00,SMH,SMH251219C00135000,call,True,135.0,0.0,0.0,58.15,369.0,1.0000000000000003e-05,0.03529957336092666,0.002902439024390244,7.0,0,2025-04-07 14:45:55+00:00,5934.234722222222,0.0,0.021917808219178082
2025-12-10 21:00:00+00:00,2025-12-19 00:00:00+00:00,SMH,SMH251219C00140000,call,True,140.0,203.9,207.9,200.5,369.0,1.0000000000000003e-05,0.03529957336092666,0.002902439024390244,1.0,15,2025-10-13 17:45:48+00:00,1395.2366666666667,205.9,0.021917808219178082
2025-12-10 21:00:00+00:00,2025-12-19 00:00:00+00:00,SMH,SMH251219C00145000,call,True,145.0,150.5,151.45,149.15,369.0,1.0000000000000003e-05,0.03529957336092666,0.002902439024390244,100.0,120,2025-07-18 15:44:55+00:00,3485.251388888889,150.975,0.021917808219178082
2025-12-10 21:00:00+00:00,2025-12-19 00:00:00+00:00,SMH,SMH251219C00150000,call,True,150.0,188.0,192.0,192.25,369.0,1.0000000000000003e-05,0.03529957336092666,0.002902439024390244,5.0,30,2025-10-17 17:53:37+00:00,1299.106388888889,190.0,0.021917808219178082
2025-12-10 21:00:00+00:00,2025-12-19 00:00:00+00:00,SMH,SMH251219C00155000,call,True,155.0,126.4,129.6,94.9,369.0,1.0000000000000003e-05,0.03529957336092666,0.002902439024390244,1.0,5,2025-05-29 18:43:32+00:00,4682.274444444444,128.0,0.021917808219178082
2025-12-10 21:00:00+00:00,2025-12-19 00:00:00+00:00,SMH,SMH251219C00160000,call,True,160.0,212.05,215.2,209.11,369.0,2.6669955200195314,0.03529957336092666,0.002902439024390244,2.0,38,2025-12-09 16:35:27+00:00,28.409166666666668,213.625,0.021917808219178082
2025-12-10 21:00:00+00:00,2025-12-19 00:00:00+00:00,SMH,SMH251219C00165000,call,True,165.0,207.1,210.2,204.15,369.0,2.5791051147460937,0.03529957336092666,0.002902439024390244,4.0,36,2025-12-09 16:35:27+00:00,28.409166666666668,208.64999999999998,0.021917808219178082
2025-12-10 21:00:00+00:00,2025-12-19 00:00:00+00:00,SMH,SMH251219C00170000,call,True,170.0,201.95,205.2,191.2,369.0,2.4931678295898436,0.03529957336092666,0.002902439024390244,1.0,47,2025-12-04 19:19:45+00:00,145.67083333333332,203.575,0.021917808219178082
2025-12-10 21:00:00+00:00,2025-12-19 00:00:00+00:00,SMH,SMH251219C00175000,call,True,175.0,169.6,172.25,147.25,369.0,1.0000000000000003e-05,0.03529957336092666,0.002902439024390244,1.0,65,2025-09-26 13:48:59+00:00,1807.183611111111,170.925,0.021917808219178082
2025-12-10 21:00:00+00:00,2025-12-19 00:00:00+00:00,SMH,SMH251219C00180000,call,True,180.0,164.85,167.2,154.99,369.0,1.0000000000000003e-05,0.03529957336092666,0.002902439024390244,1.0,54,2025-10-01 19:46:25+00:00,1681.2263888888888,166.02499999999998,0.021917808219178082
2025-12-10 21:00:00+00:00,2025-12-19 00:00:00+00:00,SMH,SMH251219C00185000,call,True,185.0,187.3,190.25,170.85,369.0,2.269047296142578,0.03529957336092666,0.002902439024390244,1.0,11,2025-12-02 16:22:36+00:00,196.62333333333333,188.775,0.021917808219178082
2025-12-10 21:00:00+00:00,2025-12-19 00:00:00+00:00,SMH,SMH251219C00190000,call,True,190.0,148.0,152.3,157.33,369.0,1.0000000000000003e-05,0.03529957336092666,0.002902439024390244,529.0,278,2025-10-23 19:59:28+00:00,1153.0088888888888,150.15,0.021917808219178082
2025-12-10 21:00:00+00:00,2025-12-19 00:00:00+00:00,SMH,SMH251219C00195000,call,True,195.0,176.95,180.25,166.65,369.0,2.1171922070312497,0.03529957336092666,0.002902439024390244,12.0,56,2025-12-04 19:19:04+00:00,145.6822222222222,178.6,0.021917808219178082
2025-12-10 21:00:00+00:00,2025-12-19 00:00:00+00:00,SMH,SMH251219C00200000,call,True,200.0,171.7,175.25,162.3,369.0,2.0444384826660156,0.03529957336092666,0.002902439024390244,7.0,1876,2025-12-04 18:05:49+00:00,146.90305555555557,173.475,0.021917808219178082
2025-12-10 21:00:00+00:00,2025-12-19 00:00:00+00:00,SMH,SMH251219C00205000,call,True,205.0,166.65,170.1,156.5,369.0,1.92578162109375,0.03529957336092666,0.002902439024390244,1.0,1189,2025-12-04 19:50:09+00:00,145.16416666666666,168.375,0.021917808219178082
2025-12-10 21:00:00+00:00,2025-12-19 00:00:00+00:00,SMH,SMH251219C00210000,call,True,210.0,162.05,165.25,118.47,369.0,1.9033207958984377,0.03529957336092666,0.002902439024390244,2.0,457,2025-11-21 17:18:37+00:00,459.6897222222222,163.65,0.021917808219178082
2025-12-10 21:00:00+00:00,2025-12-19 00:00:00+00:00,SMH,SMH251219C00215000,call,True,215.0,156.85,160.3,109.62,369.0,1.8496101269531249,0.03529957336092666,0.002902439024390244,10.0,1347,2025-11-21 16:37:02+00:00,460.3827777777778,158.575,0.021917808219178082
2025-12-10 21:00:00+00:00,2025-12-19 00:00:00+00:00,SMH,SMH251219C00220000,call,True,220.0,151.9,155.3,147.2,369.0,1.7822276513671875,0.03529957336092666,0.002902439024390244,2.0,1270,2025-12-08 16:32:31+00:00,52.45805555555555,153.60000000000002,0.021917808219178082
2025-12-10 21:00:00+00:00,2025-12-19 00:00:00+00:00,SMH,SMH251219C00225000,call,True,225.0,147.35,150.15,130.92,369.0,1.67578287109375,0.03529957336092666,0.002902439024390244,1.0,392,2025-11-06 19:30:31+00:00,817.4913888888889,148.75,0.021917808219178082
2025-12-10 21:00:00+00:00,2025-12-19 00:00:00+00:00,SMH,SMH251219C00230000,call,True,230.0,141.75,145.3,145.13,369.0,1.65234548828125,0.03529957336092666,0.002902439024390244,1.0,822,2025-12-03 14:49:57+00:00,174.1675,143.525,0.021917808219178082
2025-12-10 21:00:00+00:00,2025-12-19 00:00:00+00:00,SMH,SMH251219C00235000,call,True,235.0,137.4,140.3,126.2,369.0,1.588869243164062,0.03529957336092666,0.002902439024390244,1.0,152,2025-12-04 15:01:40+00:00,149.97222222222223,138.85000000000002,0.021917808219178082
2025-12-10 21:00:00+00:00,2025-12-19 00:00:00+00:00,SMH,SMH251219C00240000,call,True,240.0,132.4,135.35,129.29,369.0,1.5390648046875,0.03529957336092666,0.002902439024390244,2.0,1431,2025-12-10 17:05:31+00:00,3.9080555555555554,133.875,0.021917808219178082
2025-12-10 21:00:00+00:00,2025-12-19 00:00:00+00:00,SMH,SMH251219C00245000,call,True,245.0,127.35,130.35,124.39,369.0,1.4775416748046877,0.03529957336092666,0.002902439024390244,1.0,1202,2025-12-10 15:08:58+00:00,5.850555555555555,128.85,0.021917808219178082
2025-12-10 21:00:00+00:00,2025-12-19 00:00:00+00:00,SMH,SMH251219C00250000,call,True,250.0,121.9,125.35,117.0,369.0,1.4174833813476564,0.03529957336092666,0.002902439024390244,1.0,1287,2025-12-08 19:47:41+00:00,49.20527777777778,123.625,0.021917808219178082
2025-12-10 21:00:00+00:00,2025-12-19 00:00:00+00:00,SMH,SMH251219C00255000,call,True,255.0,116.8,120.2,100.3,369.0,1.325442825927734,0.03529957336092666,0.002902439024390244,3.0,2064,2025-12-01 17:45:13+00:00,219.2463888888889,118.5,0.021917808219178082
2025-12-10 21:00:00+00:00,2025-12-19 00:00:00+00:00,SMH,SMH251219C00260000,call,True,260.0,111.95,115.4,107.05,369.0,1.3100620434570311,0.03529957336092666,0.002902439024390244,2.0,1119,2025-12-08 17:30:52+00:00,51.48555555555556,113.67500000000001,0.021917808219178082
2025-12-10 21:00:00+00:00,2025-12-19 00:00:00+00:00,SMH,SMH251219C00265000,call,True,265.0,106.7,110.4,104.0,369.0,1.2524451440429685,0.03529957336092666,0.002902439024390244,4.0,284,2025-12-10 16:15:47+00:00,4.736944444444444,108.55000000000001,0.021917808219178082
2025-12-10 21:00:00+00:00,2025-12-19 00:00:00+00:00,SMH,SMH251219C00270000,call,True,270.0,101.95,105.4,99.3,369.0,1.1953165234375,0.03529957336092666,0.002902439024390244,2.0,468,2025-12-09 18:54:46+00:00,26.087222222222223,103.67500000000001,0.021917808219178082
2025-12-10 21:00:00+00:00,2025-12-19 00:00:00+00:00,SMH,SMH251219C00275000,call,True,275.0,96.95,100.4,93.34,369.0,1.1394085998535157,0.03529957336092666,0.002902439024390244,5.0,134,2025-12-10 14:34:55+00:00,6.418055555555555,98.67500000000001,0.021917808219178082
2025-12-10 21:00:00+00:00,2025-12-19 00:00:00+00:00,SMH,SMH251219C00280000,call,True,280.0,92.0,95.45,74.12,369.0,1.0925338342285156,0.03529957336092666,0.002902439024390244,11.0,741,2025-12-01 20:53:53+00:00,216.10194444444446,93.725,0.021917808219178082
2025-12-10 21:00:00+00:00,2025-12-19 00:00:00+00:00,SMH,SMH251219C00285000,call,True,285.0,87.0,90.45,85.16,369.0,1.0376024682617189,0.03529957336092666,0.002902439024390244,1.0,399,2025-12-10 17:56:21+00:00,3.0608333333333335,88.725,0.021917808219178082
2025-12-10 21:00:00+00:00,2025-12-19 00:00:00+00:00,SMH,SMH251219C00290000,call,True,290.0,81.95,85.5,77.45,369.0,0.9907227490234375,0.03529957336092666,0.002902439024390244,3.0,2870,2025-12-08 19:53:49+00:00,49.10305555555556,83.725,0.021917808219178082
2025-12-10 21:00:00+00:00,2025-12-19 00:00:00+00:00,SMH,SMH251219C00295000,call,True,295.0,77.4,80.5,74.42,369.0,0.9367682104492188,0.03529957336092666,0.002902439024390244,17.0,397,2025-12-02 15:20:01+00:00,197.6663888888889,78.95,0.021917808219178082
2025-12-10 21:00:00+00:00,2025-12-19 00:00:00+00:00,SMH,SMH251219C00300000,call,True,300.0,72.05,75.55,75.29,369.0,0.8901378173828124,0.03529957336092666,0.002902439024390244,12.0,3728,2025-12-10 20:31:02+00:00,0.48277777777777775,73.8,0.021917808219178082
2025-12-10 21:00:00+00:00,2025-12-19 00:00:00+00:00,SMH,SMH251219C00305000,call,True,305.0,67.05,70.55,70.29,369.0,0.8366715551757811,0.03529957336092666,0.002902439024390244,10.0,1551,2025-12-10 20:31:02+00:00,0.48277777777777775,68.8,0.021917808219178082
2025-12-10 21:00:00+00:00,2025-12-19 00:00:00+00:00,SMH,SMH251219C00310000,call,True,310.0,62.4,65.6,59.51,369.0,0.7897970239257812,0.03529957336092666,0.002902439024390244,1.0,1833,2025-12-09 18:33:16+00:00,26.445555555555554,64.0,0.021917808219178082
2025-12-10 21:00:00+00:00,2025-12-19 00:00:00+00:00,SMH,SMH251219C00315000,call,True,315.0,57.45,60.65,60.52,369.0,0.7426783544921874,0.03529957336092666,0.002902439024390244,1.0,1071,2025-12-08 20:44:43+00:00,48.25472222222222,59.05,0.021917808219178082
2025-12-10 21:00:00+00:00,2025-12-19 00:00:00+00:00,SMH,SMH251219C00317500,call,True,317.5,54.85,58.2,21.16,369.0,0.7216824707031251,0.03529957336092666,0.002902439024390244,2.0,1,2025-11-25 15:22:25+00:00,365.62638888888887,56.525000000000006,0.021917808219178082
2025-12-10 21:00:00+00:00,2025-12-19 00:00:00+00:00,SMH,SMH251219C00320000,call,True,320.0,52.15,55.6,50.08,369.0,0.6838410522460938,0.03529957336092666,0.002902439024390244,1.0,7054,2025-12-09 20:58:09+00:00,24.030833333333334,53.875,0.021917808219178082
2025-12-10 21:00:00+00:00,2025-12-19 00:00:00+00:00,SMH,SMH251219C00322500,call,True,322.5,49.8,53.25,25.0,369.0,0.6738313867187502,0.03529957336092666,0.002902439024390244,,62,2025-11-24 17:54:02+00:00,387.09944444444443,51.525,0.021917808219178082
2025-12-10 21:00:00+00:00,2025-12-19 00:00:00+00:00,SMH,SMH251219C00325000,call,True,325.0,47.45,50.8,45.7,369.0,0.6521030883789063,0.03529957336092666,0.002902439024390244,14.0,857,2025-12-10 18:12:47+00:00,2.7869444444444444,49.125,0.021917808219178082
2025-12-10 21:00:00+00:00,2025-12-19 00:00:00+00:00,SMH,SMH251219C00327500,call,True,327.5,45.0,48.35,19.5,369.0,0.6301306518554688,0.03529957336092666,0.002902439024390244,76.0,69,2025-11-25 20:18:41+00:00,360.68861111111113,46.675,0.021917808219178082
2025-12-10 21:00:00+00:00,2025-12-19 00:00:00+00:00,SMH,SMH251219C00330000,call,True,330.0,42.5,45.9,45.6,369.0,0.6079140771484376,0.03529957336092666,0.002902439024390244,11.0,3470,2025-12-10 19:16:02+00:00,1.7327777777777778,44.2,0.021917808219178082
2025-12-10 21:00:00+00:00,2025-12-19 00:00:00+00:00,SMH,SMH251219C00332500,call,True,332.5,40.35,43.45,42.85,369.0,0.5852092260742188,0.03529957336092666,0.002902439024390244,3.0,112,2025-12-10 20:35:24+00:00,0.41,41.900000000000006,0.021917808219178082
2025-12-10 21:00:00+00:00,2025-12-19 00:00:00+00:00,SMH,SMH251219C00335000,call,True,335.0,37.6,41.05,41.0,369.0,0.5664105859375,0.03529957336092666,0.002902439024390244,4.0,3505,2025-12-10 20:37:43+00:00,0.3713888888888889,39.325,0.021917808219178082
2025-12-10 21:00:00+00:00,2025-12-19 00:00:00+00:00,SMH,SMH251219C00337500,call,True,337.5,35.4,38.55,19.6,369.0,0.5388229711914063,0.03529957336092666,0.002902439024390244,31.0,32,2025-11-26 20:07:42+00:00,336.87166666666667,36.974999999999994,0.021917808219178082
2025-12-10 21:00:00+00:00,2025-12-19 00:00:00+00:00,SMH,SMH251219C00340000,call,True,340.0,32.95,36.15,36.15,369.0,0.5190477783203125,0.03529957336092666,0.002902439024390244,16.0,3332,2025-12-10 20:29:32+00:00,0.5077777777777778,34.55,0.021917808219178082
2025-12-10 21:00:00+00:00,2025-12-19 00:00:00+00:00,SMH,SMH251219C00342500,call,True,342.5,30.65,33.8,28.19,369.0,0.5022022436523439,0.03529957336092666,0.002902439024390244,3.0,72,2025-12-05 19:14:33+00:00,121.7575,32.224999999999994,0.021917808219178082
2025-12-10 21:00:00+00:00,2025-12-19 00:00:00+00:00,SMH,SMH251219C00345000,call,True,345.0,28.7,31.45,30.99,369.0,0.48413601806640627,0.03529957336092666,0.002902439024390244,2.0,541,2025-12-09 16:50:35+00:00,28.156944444444445,30.075,0.021917808219178082
2025-12-10 21:00:00+00:00,2025-12-19 00:00:00+00:00,SMH,SMH251219C00350000,call,True,350.0,24.0,26.9,25.0,369.0,0.4539849523925781,0.03529957336092666,0.002902439024390244,63.0,4280,2025-12-10 18:46:37+00:00,2.2230555555555553,25.45,0.021917808219178082
2025-12-10 21:00:00+00:00,2025-12-19 00:00:00+00:00,SMH,SMH251219C00355000,call,True,355.0,18.9,22.4,22.15,369.0,0.41992767578125,0.03529957336092666,0.002902439024390244,30.0,2799,2025-12-10 20:22:37+00:00,0.6230555555555556,20.65,0.021917808219178082
2025-12-10 21:00:00+00:00,2025-12-19 00:00:00+00:00,SMH,SMH251219C00360000,call,True,360.0,15.8,17.9,17.62,369.0,0.37879039184570307,0.03529957336092666,0.002902439024390244,111.0,4771,2025-12-10 20:59:38+00:00,0.006111111111111111,16.85,0.021917808219178082
2025-12-10 21:00:00+00:00,2025-12-19 00:00:00+00:00,SMH,SMH251219C00365000,call,True,365.0,11.8,13.9,13.7,369.0,0.3522403643798828,0.03529957336092666,0.002902439024390244,174.0,1331,2025-12-10 21:00:07+00:00,0.0,12.850000000000001,0.021917808219178082
2025-12-10 21:00:00+00:00,2025-12-19 00:00:00+00:00,SMH,SMH251219C00370000,call,True,370.0,8.85,11.0,10.0,369.0,0.35816071533203125,0.03529957336092666,0.002902439024390244,1383.0,2894,2025-12-10 21:06:18+00:00,0.0,9.925,0.021917808219178082
2025-12-10 21:00:00+00:00,2025-12-19 00:00:00+00:00,SMH,SMH251219C00375000,call,False,375.0,6.3,8.15,7.0,369.0,0.3474186352539062,0.03529957336092666,0.002902439024390244,433.0,3306,2025-12-10 21:07:36+00:00,0.0,7.225,0.021917808219178082
2025-12-10 21:00:00+00:00,2025-12-19 00:00:00+00:00,SMH,SMH251219C00380000,call,False,380.0,3.9,6.2,5.43,369.0,0.3550479534912109,0.03529957336092666,0.002902439024390244,369.0,9662,2025-12-10 20:52:48+00:00,0.12,5.05,0.021917808219178082
2025-12-10 21:00:00+00:00,2025-12-19 00:00:00+00:00,SMH,SMH251219C00385000,call,False,385.0,2.42,4.4,3.72,369.0,0.35108070800781244,0.03529957336092666,0.002902439024390244,269.0,1322,2025-12-10 20:55:27+00:00,0.07583333333333334,3.41,0.021917808219178082
2025-12-10 21:00:00+00:00,2025-12-19 00:00:00+00:00,SMH,SMH251219C00390000,call,False,390.0,1.46,2.62,2.3,369.0,0.3267889587402344,0.03529957336092666,0.002902439024390244,135.0,9487,2025-12-10 20:55:27+00:00,0.07583333333333334,2.04,0.021917808219178082
2025-12-10 21:00:00+00:00,2025-12-19 00:00:00+00:00,SMH,SMH251219C00395000,call,False,395.0,0.59,1.79,1.51,369.0,0.3315496533203125,0.03529957336092666,0.002902439024390244,35.0,932,2025-12-10 20:49:34+00:00,0.1738888888888889,1.19,0.021917808219178082
2025-12-10 21:00:00+00:00,2025-12-19 00:00:00+00:00,SMH,SMH251219C00400000,call,False,400.0,0.46,1.16,0.66,369.0,0.33289241333007813,0.03529957336092666,0.002902439024390244,56.0,6486,2025-12-10 21:07:47+00:00,0.0,0.8099999999999999,0.021917808219178082
2025-12-10 21:00:00+00:00,2025-12-19 00:00:00+00:00,SMH,SMH251219C00405000,call,False,405.0,0.35,0.69,0.55,369.0,0.32959654785156245,0.03529957336092666,0.002902439024390244,60.0,845,2025-12-10 20:55:27+00:00,0.07583333333333334,0.52,0.021917808219178082
2025-12-10 21:00:00+00:00,2025-12-19 00:00:00+00:00,SMH,SMH251219C00410000,call,False,410.0,0.05,0.61,0.33,369.0,0.3579165771484375,0.03529957336092666,0.002902439024390244,20.0,2134,2025-12-10 20:55:27+00:00,0.07583333333333334,0.33,0.021917808219178082
2025-12-10 21:00:00+00:00,2025-12-19 00:00:00+00:00,SMH,SMH251219C00420000,call,False,420.0,0.17,2.25,0.2,369.0,0.5003712072753908,0.03529957336092666,0.002902439024390244,64.0,4996,2025-12-10 20:19:18+00:00,0.6783333333333333,1.21,0.021917808219178082
2025-12-10 21:00:00+00:00,2025-12-19 00:00:00+00:00,SMH,SMH251219C00430000,call,False,430.0,0.02,0.37,0.06,369.0,0.45264219238281256,0.03529957336092666,0.002902439024390244,36.0,279,2025-12-10 14:57:27+00:00,6.0425,0.195,0.021917808219178082
2025-12-10 21:00:00+00:00,2025-12-19 00:00:00+00:00,SMH,SMH251219C00440000,call,False,440.0,0.03,0.38,0.09,369.0,0.5151415673828125,0.03529957336092666,0.002902439024390244,141.0,1948,2025-12-10 19:38:04+00:00,1.3655555555555556,0.20500000000000002,0.021917808219178082
2025-12-10 21:00:00+00:00,2025-12-19 00:00:00+00:00,SMH,SMH251219C00450000,call,False,450.0,0.0,0.26,0.04,369.0,0.5400436621093752,0.03529957336092666,0.002902439024390244,83.0,614,2025-12-10 20:58:46+00:00,0.020555555555555556,0.13,0.021917808219178082
2025-12-10 21:00:00+00:00,2025-12-19 00:00:00+00:00,SMH,SMH251219C00460000,call,False,460.0,0.0,0.25,0.08,369.0,0.5371140039062501,0.03529957336092666,0.002902439024390244,1.0,3673,2025-12-09 15:35:15+00:00,29.4125,0.125,0.021917808219178082
2025-12-10 21:00:00+00:00,2025-12-19 00:00:00+00:00,SMH,SMH251219C00470000,call,False,470.0,0.0,0.12,0.03,369.0,0.5371140039062501,0.03529957336092666,0.002902439024390244,6.0,31,2025-12-09 18:54:45+00:00,26.0875,0.06,0.021917808219178082
2025-12-10 21:00:00+00:00,2025-12-19 00:00:00+00:00,SMH,SMH251219C00480000,call,False,480.0,0.0,0.06,0.1,369.0,0.5390671093750001,0.03529957336092666,0.002902439024390244,1.0,24,2025-12-10 18:44:06+00:00,2.265,0.03,0.021917808219178082
2025-12-10 21:00:00+00:00,2025-12-19 00:00:00+00:00,SMH,SMH251219C00490000,call,False,490.0,0.0,0.03,0.03,369.0,0.5468795312500001,0.03529957336092666,0.002902439024390244,1.0,119,2025-12-09 17:37:51+00:00,27.36916666666667,0.015,0.021917808219178082
2025-12-10 21:00:00+00:00,2025-12-19 00:00:00+00:00,SMH,SMH251219C00500000,call,False,500.0,0.0,0.88,0.01,369.0,0.8510757080078125,0.03529957336092666,0.002902439024390244,10.0,23,2025-12-08 19:24:07+00:00,49.598055555555554,0.44,0.021917808219178082
2025-12-10 21:00:00+00:00,2025-12-19 00:00:00+00:00,SMH,SMH251219C00510000,call,False,510.0,0.0,0.02,0.01,369.0,0.5937540625000001,0.03529957336092666,0.002902439024390244,77.0,877,2025-12-08 20:59:19+00:00,48.01138888888889,0.01,0.021917808219178082
2025-12-10 21:00:00+00:00,2025-12-19 00:00:00+00:00,SMH,SMH251219P00100000,put,False,100.0,0.0,0.03,0.01,369.0,2.50000375,0.03529957336092666,0.002902439024390244,2.0,2387,2025-12-08 16:36:08+00:00,52.397777777777776,0.015,0.021917808219178082
2025-12-10 21:00:00+00:00,2025-12-19 00:00:00+00:00,SMH,SMH251219P00105000,put,False,105.0,0.0,0.64,0.02,369.0,3.2558612353515626,0.03529957336092666,0.002902439024390244,4.0,40,2025-12-08 20:03:12+00:00,48.946666666666665,0.32,0.021917808219178082
2025-12-10 21:00:00+00:00,2025-12-19 00:00:00+00:00,SMH,SMH251219P00110000,put,False,110.0,0.0,0.5,0.03,369.0,3.0468773828125,0.03529957336092666,0.002902439024390244,10.0,217,2025-11-17 18:08:37+00:00,554.8563888888889,0.25,0.021917808219178082
2025-12-10 21:00:00+00:00,2025-12-19 00:00:00+00:00,SMH,SMH251219P00115000,put,False,115.0,0.0,0.25,0.05,369.0,2.718753203125,0.03529957336092666,0.002902439024390244,11.0,88,2025-11-10 18:37:28+00:00,722.3755555555556,0.125,0.021917808219178082
2025-12-10 21:00:00+00:00,2025-12-19 00:00:00+00:00,SMH,SMH251219P00120000,put,False,120.0,0.0,0.02,0.02,369.0,2.0937547656249995,0.03529957336092666,0.002902439024390244,4.0,422,2025-12-09 16:47:26+00:00,28.209444444444443,0.01,0.021917808219178082
2025-12-10 21:00:00+00:00,2025-12-19 00:00:00+00:00,SMH,SMH251219P00125000,put,False,125.0,0.0,0.05,0.03,369.0,2.1718795703125,0.03529957336092666,0.002902439024390244,2.0,394,2025-12-04 17:12:52+00:00,147.78555555555556,0.025,0.021917808219178082
2025-12-10 21:00:00+00:00,2025-12-19 00:00:00+00:00,SMH,SMH251219P00130000,put,False,130.0,0.0,0.05,0.02,369.0,2.0937547656249995,0.03529957336092666,0.002902439024390244,1.0,197,2025-12-08 20:03:35+00:00,48.94027777777778,0.025,0.021917808219178082
2025-12-10 21:00:00+00:00,2025-12-19 00:00:00+00:00,SMH,SMH251219P00135000,put,False,135.0,0.0,0.05,0.01,369.0,2.031254921875,0.03529957336092666,0.002902439024390244,1.0,668,2025-12-08 20:03:44+00:00,48.937777777777775,0.025,0.021917808219178082
2025-12-10 21:00:00+00:00,2025-12-19 00:00:00+00:00,SMH,SMH251219P00140000,put,False,140.0,0.0,0.23,0.05,369.0,2.2656293359374997,0.03529957336092666,0.002902439024390244,2.0,85,2025-11-24 15:16:23+00:00,389.7269444444444,0.115,0.021917808219178082
2025-12-10 21:00:00+00:00,2025-12-19 00:00:00+00:00,SMH,SMH251219P00145000,put,False,145.0,0.0,0.23,0.02,369.0,2.1875045312499997,0.03529957336092666,0.002902439024390244,1.0,414,2025-12-08 20:03:55+00:00,48.93472222222222,0.115,0.021917808219178082
2025-12-10 21:00:00+00:00,2025-12-19 00:00:00+00:00,SMH,SMH251219P00150000,put,False,150.0,0.0,0.03,0.01,369.0,1.75000125,0.03529957336092666,0.002902439024390244,70.0,1260,2025-12-10 16:06:46+00:00,4.887222222222222,0.015,0.021917808219178082
2025-12-10 21:00:00+00:00,2025-12-19 00:00:00+00:00,SMH,SMH251219P00155000,put,False,155.0,0.0,0.23,0.06,369.0,2.042973642578125,0.03529957336092666,0.002902439024390244,2.0,237,2025-12-08 15:00:47+00:00,53.98694444444445,0.115,0.021917808219178082
2025-12-10 21:00:00+00:00,2025-12-19 00:00:00+00:00,SMH,SMH251219P00160000,put,False,160.0,0.0,0.15,0.05,369.0,1.88671931640625,0.03529957336092666,0.002902439024390244,10.0,455,2025-11-24 14:52:58+00:00,390.1172222222222,0.075,0.021917808219178082
2025-12-10 21:00:00+00:00,2025-12-19 00:00:00+00:00,SMH,SMH251219P00165000,put,False,165.0,0.0,0.5,0.1,369.0,2.0839891650390623,0.03529957336092666,0.002902439024390244,11.0,223,2025-11-24 15:15:38+00:00,389.7394444444444,0.25,0.021917808219178082
2025-12-10 21:00:00+00:00,2025-12-19 00:00:00+00:00,SMH,SMH251219P00170000,put,False,170.0,0.0,0.08,0.08,369.0,1.65625171875,0.03529957336092666,0.002902439024390244,13.0,235,2025-11-19 20:16:59+00:00,504.71694444444444,0.04,0.021917808219178082
2025-12-10 21:00:00+00:00,2025-12-19 00:00:00+00:00,SMH,SMH251219P00175000,put,False,175.0,0.0,0.05,0.15,369.0,1.5312523437499999,0.03529957336092666,0.002902439024390244,1.0,525,2025-11-05 18:01:50+00:00,842.9694444444444,0.025,0.021917808219178082
2025-12-10 21:00:00+00:00,2025-12-19 00:00:00+00:00,SMH,SMH251219P00180000,put,False,180.0,0.0,0.5,0.03,369.0,1.8789068554687498,0.03529957336092666,0.002902439024390244,1.0,1464,2025-12-02 14:35:22+00:00,198.41055555555556,0.25,0.021917808219178082
2025-12-10 21:00:00+00:00,2025-12-19 00:00:00+00:00,SMH,SMH251219P00185000,put,False,185.0,0.0,0.5,0.02,369.0,1.8125009374999999,0.03529957336092666,0.002902439024390244,1.0,413,2025-12-03 17:39:22+00:00,171.3438888888889,0.25,0.021917808219178082
2025-12-10 21:00:00+00:00,2025-12-19 00:00:00+00:00,SMH,SMH251219P00190000,put,False,190.0,0.0,0.05,0.02,369.0,1.3750031249999999,0.03529957336092666,0.002902439024390244,6.0,815,2025-12-08 20:56:20+00:00,48.06111111111111,0.025,0.021917808219178082
2025-12-10 21:00:00+00:00,2025-12-19 00:00:00+00:00,SMH,SMH251219P00195000,put,False,195.0,0.0,0.05,0.01,369.0,1.3281283593749997,0.03529957336092666,0.002902439024390244,10.0,1086,2025-12-08 15:01:03+00:00,53.9825,0.025,0.021917808219178082
2025-12-10 21:00:00+00:00,2025-12-19 00:00:00+00:00,SMH,SMH251219P00200000,put,False,200.0,0.0,0.05,0.01,369.0,1.2734411328124997,0.03529957336092666,0.002902439024390244,6.0,2737,2025-12-08 15:01:18+00:00,53.97833333333333,0.025,0.021917808219178082
2025-12-10 21:00:00+00:00,2025-12-19 00:00:00+00:00,SMH,SMH251219P00205000,put,False,205.0,0.01,0.05,0.02,369.0,1.2500037499999999,0.03529957336092666,0.002902439024390244,2.0,1397,2025-12-09 18:19:50+00:00,26.669444444444444,0.030000000000000002,0.021917808219178082
2025-12-10 21:00:00+00:00,2025-12-19 00:00:00+00:00,SMH,SMH251219P00210000,put,False,210.0,0.0,0.05,0.23,369.0,1.1796916015624999,0.03529957336092666,0.002902439024390244,60.0,1625,2025-11-25 16:29:46+00:00,364.50388888888887,0.025,0.021917808219178082
2025-12-10 21:00:00+00:00,2025-12-19 00:00:00+00:00,SMH,SMH251219P00215000,put,False,215.0,0.0,0.05,0.02,369.0,1.140629296875,0.03529957336092666,0.002902439024390244,3.0,1581,2025-12-09 15:13:55+00:00,29.768055555555556,0.025,0.021917808219178082
2025-12-10 21:00:00+00:00,2025-12-19 00:00:00+00:00,SMH,SMH251219P00220000,put,False,220.0,0.0,0.05,0.08,369.0,1.09375453125,0.03529957336092666,0.002902439024390244,50.0,1679,2025-12-01 20:04:29+00:00,216.92527777777778,0.025,0.021917808219178082
2025-12-10 21:00:00+00:00,2025-12-19 00:00:00+00:00,SMH,SMH251219P00225000,put,False,225.0,0.01,0.05,0.03,369.0,1.0703171484375003,0.03529957336092666,0.002902439024390244,1.0,4186,2025-12-09 19:26:05+00:00,25.565277777777776,0.030000000000000002,0.021917808219178082
2025-12-10 21:00:00+00:00,2025-12-19 00:00:00+00:00,SMH,SMH251219P00230000,put,False,230.0,0.0,0.05,0.03,369.0,1.0078174609375,0.03529957336092666,0.002902439024390244,8.0,987,2025-12-09 18:05:11+00:00,26.913611111111113,0.025,0.021917808219178082
2025-12-10 21:00:00+00:00,2025-12-19 00:00:00+00:00,SMH,SMH251219P00235000,put,False,235.0,0.01,0.05,0.03,369.0,0.98437515625,0.03529957336092666,0.002902439024390244,10.0,744,2025-12-10 16:35:53+00:00,4.401944444444444,0.030000000000000002,0.021917808219178082
2025-12-10 21:00:00+00:00,2025-12-19 00:00:00+00:00,SMH,SMH251219P00240000,put,False,240.0,0.0,0.05,0.03,369.0,0.9257819921875,0.03529957336092666,0.002902439024390244,3.0,2085,2025-12-10 20:50:48+00:00,0.15333333333333332,0.025,0.021917808219178082
2025-12-10 21:00:00+00:00,2025-12-19 00:00:00+00:00,SMH,SMH251219P00245000,put,False,245.0,0.0,0.05,0.11,369.0,0.8828136718749999,0.03529957336092666,0.002902439024390244,1.0,1494,2025-12-09 14:30:11+00:00,30.496944444444445,0.025,0.021917808219178082
2025-12-10 21:00:00+00:00,2025-12-19 00:00:00+00:00,SMH,SMH251219P00250000,put,False,250.0,0.01,0.05,0.03,369.0,0.85937640625,0.03529957336092666,0.002902439024390244,2006.0,4103,2025-12-10 20:13:57+00:00,0.7675,0.030000000000000002,0.021917808219178082
2025-12-10 21:00:00+00:00,2025-12-19 00:00:00+00:00,SMH,SMH251219P00255000,put,False,255.0,0.0,0.05,0.2,369.0,0.804689453125,0.03529957336092666,0.002902439024390244,69.0,1949,2025-12-02 15:55:32+00:00,197.07444444444445,0.025,0.021917808219178082
2025-12-10 21:00:00+00:00,2025-12-19 00:00:00+00:00,SMH,SMH251219P00260000,put,False,260.0,0.02,0.05,0.05,369.0,0.79687703125,0.03529957336092666,0.002902439024390244,9.0,3623,2025-12-10 14:30:08+00:00,6.497777777777777,0.035,0.021917808219178082
2025-12-10 21:00:00+00:00,2025-12-19 00:00:00+00:00,SMH,SMH251219P00265000,put,False,265.0,0.04,0.06,0.04,369.0,0.7851583984375,0.03529957336092666,0.002902439024390244,20.0,1994,2025-12-10 19:59:44+00:00,1.0044444444444445,0.05,0.021917808219178082
2025-12-10 21:00:00+00:00,2025-12-19 00:00:00+00:00,SMH,SMH251219P00270000,put,False,270.0,0.01,0.1,0.09,369.0,0.7539087109375,0.03529957336092666,0.002902439024390244,1.0,4104,2025-12-09 17:05:15+00:00,27.9125,0.055,0.021917808219178082
2025-12-10 21:00:00+00:00,2025-12-19 00:00:00+00:00,SMH,SMH251219P00275000,put,False,275.0,0.05,0.16,0.06,369.0,0.7695335546875001,0.03529957336092666,0.002902439024390244,11.0,3689,2025-12-09 16:00:40+00:00,28.988888888888887,0.10500000000000001,0.021917808219178082
2025-12-10 21:00:00+00:00,2025-12-19 00:00:00+00:00,SMH,SMH251219P00280000,put,False,280.0,0.01,0.11,0.1,369.0,0.6835969140625001,0.03529957336092666,0.002902439024390244,9.0,5425,2025-12-09 20:33:54+00:00,24.435,0.06,0.021917808219178082
2025-12-10 21:00:00+00:00,2025-12-19 00:00:00+00:00,SMH,SMH251219P00285000,put,False,285.0,0.02,0.14,0.06,369.0,0.6660189648437502,0.03529957336092666,0.002902439024390244,71.0,3792,2025-12-10 20:28:17+00:00,0.5286111111111111,0.08,0.021917808219178082
2025-12-10 21:00:00+00:00,2025-12-19 00:00:00+00:00,SMH,SMH251219P00290000,put,False,290.0,0.05,0.14,0.14,369.0,0.64062859375,0.03529957336092666,0.002902439024390244,1.0,6390,2025-12-09 19:39:05+00:00,25.34861111111111,0.095,0.021917808219178082
2025-12-10 21:00:00+00:00,2025-12-19 00:00:00+00:00,SMH,SMH251219P00295000,put,False,295.0,0.07,0.14,0.13,369.0,0.6093789062500001,0.03529957336092666,0.002902439024390244,98.0,9123,2025-12-10 20:13:57+00:00,0.7675,0.10500000000000001,0.021917808219178082
2025-12-10 21:00:00+00:00,2025-12-19 00:00:00+00:00,SMH,SMH251219P00297500,put,False,297.5,0.05,0.25,0.13,369.0,0.6191444335937502,0.03529957336092666,0.002902439024390244,2.0,2510,2025-12-10 20:04:32+00:00,0.9244444444444444,0.15,0.021917808219178082
2025-12-10 21:00:00+00:00,2025-12-19 00:00:00+00:00,SMH,SMH251219P00300000,put,False,300.0,0.08,0.37,0.14,369.0,0.6337927246093751,0.03529957336092666,0.002902439024390244,367.0,5908,2025-12-10 19:16:53+00:00,1.718611111111111,0.225,0.021917808219178082
2025-12-10 21:00:00+00:00,2025-12-19 00:00:00+00:00,SMH,SMH251219P00302500,put,False,302.5,0.0,0.4,0.22,369.0,0.6025430371093752,0.03529957336092666,0.002902439024390244,1.0,144,2025-12-09 18:30:39+00:00,26.489166666666666,0.2,0.021917808219178082
2025-12-10 21:00:00+00:00,2025-12-19 00:00:00+00:00,SMH,SMH251219P00305000,put,False,305.0,0.1,0.38,0.14,369.0,0.5986368261718751,0.03529957336092666,0.002902439024390244,31.0,3110,2025-12-10 20:28:17+00:00,0.5286111111111111,0.24,0.021917808219178082
2025-12-10 21:00:00+00:00,2025-12-19 00:00:00+00:00,SMH,SMH251219P00307500,put,False,307.5,0.0,0.43,0.42,369.0,0.56836369140625,0.03529957336092666,0.002902439024390244,5.0,124,2025-12-05 16:09:37+00:00,124.83972222222222,0.215,0.021917808219178082
2025-12-10 21:00:00+00:00,2025-12-19 00:00:00+00:00,SMH,SMH251219P00310000,put,False,310.0,0.13,0.2,0.19,369.0,0.5273484765625001,0.03529957336092666,0.002902439024390244,25.0,16468,2025-12-10 20:18:21+00:00,0.6941666666666667,0.165,0.021917808219178082
2025-12-10 21:00:00+00:00,2025-12-19 00:00:00+00:00,SMH,SMH251219P00312500,put,False,312.5,0.1,0.46,0.26,369.0,0.5498091894531252,0.03529957336092666,0.002902439024390244,1.0,512,2025-12-10 14:32:40+00:00,6.455555555555556,0.28,0.021917808219178082
2025-12-10 21:00:00+00:00,2025-12-19 00:00:00+00:00,SMH,SMH251219P00315000,put,False,315.0,0.16,0.29,0.22,369.0,0.5107470800781251,0.03529957336092666,0.002902439024390244,124.0,2406,2025-12-10 20:54:51+00:00,0.08583333333333333,0.22499999999999998,0.021917808219178082
2025-12-10 21:00:00+00:00,2025-12-19 00:00:00+00:00,SMH,SMH251219P00317500,put,False,317.5,0.0,0.51,0.4,369.0,0.5004932763671875,0.03529957336092666,0.002902439024390244,26.0,764,2025-12-10 15:23:11+00:00,5.613611111111111,0.255,0.021917808219178082
2025-12-10 21:00:00+00:00,2025-12-19 00:00:00+00:00,SMH,SMH251219P00320000,put,False,320.0,0.15,0.54,0.34,369.0,0.5048877636718749,0.03529957336092666,0.002902439024390244,56.0,3350,2025-12-10 19:39:10+00:00,1.3472222222222223,0.34500000000000003,0.021917808219178082
2025-12-10 21:00:00+00:00,2025-12-19 00:00:00+00:00,SMH,SMH251219P00322500,put,False,322.5,0.22,0.58,0.3,369.0,0.532231240234375,0.03529957336092666,0.002902439024390244,51.0,428,2025-12-10 20:23:23+00:00,0.6102777777777778,0.39999999999999997,0.021917808219178082
2025-12-10 21:00:00+00:00,2025-12-19 00:00:00+00:00,SMH,SMH251219P00325000,put,False,325.0,0.07,0.62,0.38,369.0,0.5163622583007812,0.03529957336092666,0.002902439024390244,48.0,9258,2025-12-10 20:40:38+00:00,0.3227777777777778,0.345,0.021917808219178082
2025-12-10 21:00:00+00:00,2025-12-19 00:00:00+00:00,SMH,SMH251219P00327500,put,False,327.5,0.33,0.67,0.57,369.0,0.5014698291015626,0.03529957336092666,0.002902439024390244,7.0,536,2025-12-10 17:51:00+00:00,3.15,0.5,0.021917808219178082
2025-12-10 21:00:00+00:00,2025-12-19 00:00:00+00:00,SMH,SMH251219P00330000,put,False,330.0,0.4,0.72,0.47,369.0,0.48560084716796875,0.03529957336092666,0.002902439024390244,72.0,4975,2025-12-10 20:27:34+00:00,0.5405555555555556,0.56,0.021917808219178082
2025-12-10 21:00:00+00:00,2025-12-19 00:00:00+00:00,SMH,SMH251219P00332500,put,False,332.5,0.23,0.85,0.51,369.0,0.4797415307617187,0.03529957336092666,0.002902439024390244,25.0,474,2025-12-10 20:39:25+00:00,0.34305555555555556,0.54,0.021917808219178082
2025-12-10 21:00:00+00:00,2025-12-19 00:00:00+00:00,SMH,SMH251219P00335000,put,False,335.0,0.5,0.83,0.56,369.0,0.45337460693359377,0.03529957336092666,0.002902439024390244,54.0,5550,2025-12-10 20:51:28+00:00,0.14222222222222222,0.665,0.021917808219178082
2025-12-10 21:00:00+00:00,2025-12-19 00:00:00+00:00,SMH,SMH251219P00337500,put,False,337.5,0.37,1.13,1.11,369.0,0.4631401342773438,0.03529957336092666,0.002902439024390244,2.0,751,2025-12-10 14:42:09+00:00,6.2975,0.75,0.021917808219178082
2025-12-10 21:00:00+00:00,2025-12-19 00:00:00+00:00,SMH,SMH251219P00340000,put,False,340.0,0.7,1.13,0.75,369.0,0.4378718322753906,0.03529957336092666,0.002902439024390244,351.0,4031,2025-12-10 20:50:41+00:00,0.15527777777777776,0.9149999999999999,0.021917808219178082
2025-12-10 21:00:00+00:00,2025-12-19 00:00:00+00:00,SMH,SMH251219P00342500,put,False,342.5,0.59,1.27,0.88,369.0,0.42578699218750005,0.03529957336092666,0.002902439024390244,5.0,224,2025-12-10 20:54:32+00:00,0.09111111111111111,0.9299999999999999,0.021917808219178082
2025-12-10 21:00:00+00:00,2025-12-19 00:00:00+00:00,SMH,SMH251219P00345000,put,False,345.0,0.88,1.35,1.01,369.0,0.4068662829589844,0.03529957336092666,0.002902439024390244,160.0,1653,2025-12-10 20:54:51+00:00,0.08583333333333333,1.115,0.021917808219178082
2025-12-10 21:00:00+00:00,2025-12-19 00:00:00+00:00,SMH,SMH251219P00350000,put,False,350.0,1.11,1.96,1.44,369.0,0.39905386108398444,0.03529957336092666,0.002902439024390244,474.0,3618,2025-12-10 20:43:04+00:00,0.2822222222222222,1.5350000000000001,0.021917808219178082
2025-12-10 21:00:00+00:00,2025-12-19 00:00:00+00:00,SMH,SMH251219P00355000,put,False,355.0,1.71,2.64,1.92,369.0,0.3825745336914062,0.03529957336092666,0.002902439024390244,292.0,3467,2025-12-10 20:49:45+00:00,0.17083333333333334,2.175,0.021917808219178082
2025-12-10 21:00:00+00:00,2025-12-19 00:00:00+00:00,SMH,SMH251219P00360000,put,False,360.0,2.52,3.55,2.84,369.0,0.36627830993652344,0.03529957336092666,0.002902439024390244,749.0,1377,2025-12-10 20:51:28+00:00,0.14222222222222222,3.035,0.021917808219178082
2025-12-10 21:00:00+00:00,2025-12-19 00:00:00+00:00,SMH,SMH251219P00365000,put,False,365.0,3.35,5.2,3.95,369.0,0.370123486328125,0.03529957336092666,0.002902439024390244,396.0,802,2025-12-10 20:59:50+00:00,0.002777777777777778,4.275,0.021917808219178082
2025-12-10 21:00:00+00:00,2025-12-19 00:00:00+00:00,SMH,SMH251219P00370000,put,False,370.0,5.15,6.95,5.59,369.0,0.36023588989257804,0.03529957336092666,0.002902439024390244,312.0,429,2025-12-10 21:03:54+00:00,0.0,6.050000000000001,0.021917808219178082
2025-12-10 21:00:00+00:00,2025-12-19 00:00:00+00:00,SMH,SMH251219P00375000,put,True,375.0,7.2,9.7,7.77,369.0,0.3737855590820312,0.03529957336092666,0.002902439024390244,40.0,84,2025-12-10 21:03:54+00:00,0.0,8.45,0.021917808219178082
2025-12-10 21:00:00+00:00,2025-12-19 00:00:00+00:00,SMH,SMH251219P00380000,put,True,380.0,9.35,12.4,9.8,369.0,0.3675600354003906,0.03529957336092666,0.002902439024390244,17.0,88,2025-12-10 20:13:00+00:00,0.7833333333333333,10.875,0.021917808219178082
2025-12-10 21:00:00+00:00,2025-12-19 00:00:00+00:00,SMH,SMH251219P00385000,put,True,385.0,13.2,16.65,16.75,369.0,0.41089456298828125,0.03529957336092666,0.002902439024390244,1.0,27,2025-12-08 17:19:27+00:00,51.67583333333334,14.924999999999999,0.021917808219178082
2025-12-10 21:00:00+00:00,2025-12-19 00:00:00+00:00,SMH,SMH251219P00390000,put,True,390.0,16.7,20.1,50.66,369.0,0.4063780065917969,0.03529957336092666,0.002902439024390244,2.0,1,2025-11-19 20:39:45+00:00,504.3375,18.4,0.021917808219178082
2025-12-10 21:00:00+00:00,2025-12-19 00:00:00+00:00,SMH,SMH251219P00395000,put,True,395.0,20.95,24.3,45.4,369.0,0.42456630126953127,0.03529957336092666,0.002902439024390244,,0,2025-11-06 15:45:26+00:00,821.2427777777777,22.625,0.021917808219178082
2025-12-10 21:00:00+00:00,2025-12-19 00:00:00+00:00,SMH,SMH251219P00400000,put,True,400.0,25.55,28.75,61.6,369.0,0.44714908325195313,0.03529957336092666,0.002902439024390244,4.0,0,2025-11-19 20:15:03+00:00,504.74916666666667,27.15,0.021917808219178082
2025-12-10 21:00:00+00:00,2025-12-19 00:00:00+00:00,SMH,SMH251219P00405000,put,True,405.0,30.3,33.55,66.05,369.0,0.4845022253417969,0.03529957336092666,0.002902439024390244,,0,2025-11-19 20:16:28+00:00,504.72555555555556,31.924999999999997,0.021917808219178082
2025-12-10 21:00:00+00:00,2025-12-19 00:00:00+00:00,SMH,SMH251219P00410000,put,True,410.0,68.2,72.5,68.75,369.0,1.95587180267334,0.03529957336092666,0.002902439024390244,1.0,0,2025-10-23 13:40:45+00:00,1159.3208333333334,70.35,0.021917808219178082
2025-12-10 21:00:00+00:00,2025-12-19 00:00:00+00:00,SMH,SMH251219P00420000,put,True,420.0,59.15,62.35,55.0,369.0,1.2554968865966798,0.03529957336092666,0.002902439024390244,1.0,0,2025-10-29 18:38:17+00:00,1010.3619444444445,60.75,0.021917808219178082
2025-12-10 21:00:00+00:00,2025-12-19 00:00:00+00:00,SMH,SMH251219P00430000,put,True,430.0,54.9,58.05,74.01,369.0,0.6641879284667971,0.03529957336092666,0.002902439024390244,25.0,0,2025-11-04 18:35:56+00:00,866.4011111111112,56.474999999999994,0.021917808219178082
2025-12-10 21:00:00+00:00,2025-12-26 00:00:00+00:00,SMH,SMH251226C00230000,call,True,230.0,142.05,145.3,122.29,369.0,1.267093508300781,0.03529957336092666,0.002902439024390244,,6,2025-11-11 15:47:37+00:00,701.2063888888889,143.675,0.0410958904109589
2025-12-10 21:00:00+00:00,2025-12-26 00:00:00+00:00,SMH,SMH251226C00240000,call,True,240.0,131.9,135.3,110.55,369.0,1.1711467224121095,0.03529957336092666,0.002902439024390244,,1,2025-11-20 14:30:05+00:00,486.49861111111113,133.60000000000002,0.0410958904109589
2025-12-10 21:00:00+00:00,2025-12-26 00:00:00+00:00,SMH,SMH251226C00245000,call,True,245.0,126.9,130.35,99.35,369.0,1.133305114746094,0.03529957336092666,0.002902439024390244,2.0,2,2025-11-07 19:07:25+00:00,793.8763888888889,128.625,0.0410958904109589
2025-12-10 21:00:00+00:00,2025-12-26 00:00:00+00:00,SMH,SMH251226C00250000,call,True,250.0,122.2,125.3,118.84,369.0,1.0786178881835937,0.03529957336092666,0.002902439024390244,1.0,1,2025-12-09 18:02:24+00:00,26.96,123.75,0.0410958904109589
2025-12-10 21:00:00+00:00,2025-12-26 00:00:00+00:00,SMH,SMH251226C00255000,call,True,255.0,117.05,120.35,65.3,369.0,1.041508698730469,0.03529957336092666,0.002902439024390244,1.0,1,2025-11-21 16:05:08+00:00,460.9144444444444,118.69999999999999,0.0410958904109589
2025-12-10 21:00:00+00:00,2025-12-26 00:00:00+00:00,SMH,SMH251226C00270000,call,True,270.0,101.95,105.4,98.97,369.0,0.9167488793945313,0.03529957336092666,0.002902439024390244,1.0,2,2025-12-09 16:51:50+00:00,28.136111111111113,103.67500000000001,0.0410958904109589
2025-12-10 21:00:00+00:00,2025-12-26 00:00:00+00:00,SMH,SMH251226C00275000,call,True,275.0,96.85,100.4,85.25,369.0,0.8737805590820311,0.03529957336092666,0.002902439024390244,2.0,5,2025-12-02 18:54:07+00:00,194.09805555555556,98.625,0.0410958904109589
2025-12-10 21:00:00+00:00,2025-12-26 00:00:00+00:00,SMH,SMH251226C00295000,call,True,295.0,77.0,80.55,52.44,369.0,0.7238797143554687,0.03529957336092666,0.002902439024390244,1.0,1,2025-11-26 14:30:53+00:00,342.48527777777775,78.775,0.0410958904109589
2025-12-10 21:00:00+00:00,2025-12-26 00:00:00+00:00,SMH,SMH251226C00300000,call,True,300.0,72.1,75.55,67.81,369.0,0.6826203613281252,0.03529957336092666,0.002902439024390244,6.0,29,2025-12-09 16:46:48+00:00,28.22,73.82499999999999,0.0410958904109589
2025-12-10 21:00:00+00:00,2025-12-26 00:00:00+00:00,SMH,SMH251226C00305000,call,True,305.0,67.3,70.6,34.08,369.0,0.6467320483398438,0.03529957336092666,0.002902439024390244,8.0,0,2025-11-18 16:11:14+00:00,532.8127777777778,68.94999999999999,0.0410958904109589
2025-12-10 21:00:00+00:00,2025-12-26 00:00:00+00:00,SMH,SMH251226C00310000,call,True,310.0,62.3,65.7,58.3,369.0,0.6152382226562501,0.03529957336092666,0.002902439024390244,2.0,35,2025-12-08 15:32:43+00:00,53.45472222222222,64.0,0.0410958904109589
2025-12-10 21:00:00+00:00,2025-12-26 00:00:00+00:00,SMH,SMH251226C00315000,call,True,315.0,57.35,60.75,45.1,369.0,0.5783733569335938,0.03529957336092666,0.002902439024390244,5.0,6,2025-12-02 17:48:23+00:00,195.19361111111112,59.05,0.0410958904109589
2025-12-10 21:00:00+00:00,2025-12-26 00:00:00+00:00,SMH,SMH251226C00317500,call,True,317.5,54.9,58.3,51.85,369.0,0.5620160986328125,0.03529957336092666,0.002902439024390244,10.0,10,2025-12-10 16:25:25+00:00,4.576388888888889,56.599999999999994,0.0410958904109589
2025-12-10 21:00:00+00:00,2025-12-26 00:00:00+00:00,SMH,SMH251226C00320000,call,True,320.0,52.2,55.85,47.92,369.0,0.5454147021484376,0.03529957336092666,0.002902439024390244,1.0,15,2025-12-08 16:29:39+00:00,52.505833333333335,54.025000000000006,0.0410958904109589
2025-12-10 21:00:00+00:00,2025-12-26 00:00:00+00:00,SMH,SMH251226C00322500,call,True,322.5,49.95,53.3,15.1,369.0,0.5207567456054687,0.03529957336092666,0.002902439024390244,1.0,3,2025-11-21 15:45:32+00:00,461.24111111111114,51.625,0.0410958904109589
2025-12-10 21:00:00+00:00,2025-12-26 00:00:00+00:00,SMH,SMH251226C00325000,call,True,325.0,47.55,50.95,43.34,369.0,0.5116015637207032,0.03529957336092666,0.002902439024390244,2.0,31,2025-12-08 19:53:30+00:00,49.108333333333334,49.25,0.0410958904109589
2025-12-10 21:00:00+00:00,2025-12-26 00:00:00+00:00,SMH,SMH251226C00327500,call,True,327.5,45.2,48.45,42.15,369.0,0.4907277490234375,0.03529957336092666,0.002902439024390244,10.0,14,2025-12-10 16:25:19+00:00,4.578055555555555,46.825,0.0410958904109589
2025-12-10 21:00:00+00:00,2025-12-26 00:00:00+00:00,SMH,SMH251226C00330000,call,True,330.0,42.85,46.0,43.41,369.0,0.4732718688964844,0.03529957336092666,0.002902439024390244,2.0,33,2025-12-09 19:07:50+00:00,25.869444444444444,44.425,0.0410958904109589
2025-12-10 21:00:00+00:00,2025-12-26 00:00:00+00:00,SMH,SMH251226C00332500,call,True,332.5,40.4,43.6,36.35,369.0,0.45898978515625005,0.03529957336092666,0.002902439024390244,2.0,12,2025-12-08 16:26:42+00:00,52.555,42.0,0.0410958904109589
2025-12-10 21:00:00+00:00,2025-12-26 00:00:00+00:00,SMH,SMH251226C00335000,call,True,335.0,37.65,41.25,35.15,369.0,0.44727115234375,0.03529957336092666,0.002902439024390244,2.0,17,2025-12-10 16:25:13+00:00,4.579722222222222,39.45,0.0410958904109589
2025-12-10 21:00:00+00:00,2025-12-26 00:00:00+00:00,SMH,SMH251226C00337500,call,True,337.5,35.7,38.9,31.85,369.0,0.4348201049804688,0.03529957336092666,0.002902439024390244,10.0,13,2025-12-08 16:25:25+00:00,52.576388888888886,37.3,0.0410958904109589
2025-12-10 21:00:00+00:00,2025-12-26 00:00:00+00:00,SMH,SMH251226C00340000,call,True,340.0,33.15,36.55,33.92,369.0,0.42139250488281255,0.03529957336092666,0.002902439024390244,2.0,20,2025-12-08 16:33:10+00:00,52.44722222222222,34.849999999999994,0.0410958904109589
2025-12-10 21:00:00+00:00,2025-12-26 00:00:00+00:00,SMH,SMH251226C00342500,call,True,342.5,30.85,34.25,27.45,369.0,0.40991801025390623,0.03529957336092666,0.002902439024390244,28.0,38,2025-12-08 16:27:12+00:00,52.54666666666667,32.55,0.0410958904109589
2025-12-10 21:00:00+00:00,2025-12-26 00:00:00+00:00,SMH,SMH251226C00345000,call,True,345.0,29.25,31.65,31.84,369.0,0.3819031536865234,0.03529957336092666,0.002902439024390244,5.0,52,2025-12-10 20:37:59+00:00,0.36694444444444446,30.45,0.0410958904109589
2025-12-10 21:00:00+00:00,2025-12-26 00:00:00+00:00,SMH,SMH251226C00347500,call,True,347.5,26.2,29.4,23.4,369.0,0.3715883154296875,0.03529957336092666,0.002902439024390244,38.0,38,2025-12-08 16:24:58+00:00,52.583888888888886,27.799999999999997,0.0410958904109589
2025-12-10 21:00:00+00:00,2025-12-26 00:00:00+00:00,SMH,SMH251226C00350000,call,True,350.0,24.25,27.6,24.92,369.0,0.3803772900390625,0.03529957336092666,0.002902439024390244,20.0,105,2025-12-10 19:39:59+00:00,1.333611111111111,25.925,0.0410958904109589
2025-12-10 21:00:00+00:00,2025-12-26 00:00:00+00:00,SMH,SMH251226C00352500,call,True,352.5,22.05,25.45,22.55,369.0,0.37055072814941403,0.03529957336092666,0.002902439024390244,2.0,14,2025-12-10 19:08:15+00:00,1.8625,23.75,0.0410958904109589
2025-12-10 21:00:00+00:00,2025-12-26 00:00:00+00:00,SMH,SMH251226C00355000,call,True,355.0,19.95,23.4,19.05,369.0,0.36310451354980466,0.03529957336092666,0.002902439024390244,2.0,96,2025-12-10 19:23:58+00:00,1.6005555555555555,21.674999999999997,0.0410958904109589
2025-12-10 21:00:00+00:00,2025-12-26 00:00:00+00:00,SMH,SMH251226C00357500,call,True,357.5,17.75,21.4,19.5,369.0,0.35559726440429684,0.03529957336092666,0.002902439024390244,1.0,42,2025-12-09 19:08:33+00:00,25.8575,19.575,0.0410958904109589
2025-12-10 21:00:00+00:00,2025-12-26 00:00:00+00:00,SMH,SMH251226C00360000,call,True,360.0,16.1,19.45,15.21,369.0,0.3479069116210937,0.03529957336092666,0.002902439024390244,29.0,918,2025-12-09 18:20:03+00:00,26.66583333333333,17.775,0.0410958904109589
2025-12-10 21:00:00+00:00,2025-12-26 00:00:00+00:00,SMH,SMH251226C00362500,call,True,362.5,13.9,17.65,13.08,369.0,0.343207251586914,0.03529957336092666,0.002902439024390244,1.0,78,2025-12-10 16:31:34+00:00,4.473888888888889,15.774999999999999,0.0410958904109589
2025-12-10 21:00:00+00:00,2025-12-26 00:00:00+00:00,SMH,SMH251226C00365000,call,True,365.0,12.6,15.75,11.4,369.0,0.3327093096923829,0.03529957336092666,0.002902439024390244,3.0,88,2025-12-10 15:46:35+00:00,5.223611111111111,14.175,0.0410958904109589
2025-12-10 21:00:00+00:00,2025-12-26 00:00:00+00:00,SMH,SMH251226C00367500,call,True,367.5,10.8,13.95,13.27,369.0,0.32318792053222645,0.03529957336092666,0.002902439024390244,9.0,232,2025-12-10 20:12:27+00:00,0.7925,12.375,0.0410958904109589
2025-12-10 21:00:00+00:00,2025-12-26 00:00:00+00:00,SMH,SMH251226C00370000,call,True,370.0,10.15,12.45,9.65,369.0,0.3206244696044921,0.03529957336092666,0.002902439024390244,4.0,299,2025-12-10 19:41:39+00:00,1.3058333333333334,11.3,0.0410958904109589
2025-12-10 21:00:00+00:00,2025-12-26 00:00:00+00:00,SMH,SMH251226C00372500,call,True,372.5,8.0,10.7,10.45,369.0,0.3074410076904296,0.03529957336092666,0.002902439024390244,11.0,34,2025-12-10 20:35:00+00:00,0.4166666666666667,9.35,0.0410958904109589
2025-12-10 21:00:00+00:00,2025-12-26 00:00:00+00:00,SMH,SMH251226C00375000,call,False,375.0,7.0,9.15,9.0,369.0,0.2974923767089843,0.03529957336092666,0.002902439024390244,29.0,327,2025-12-10 20:47:45+00:00,0.20416666666666666,8.075,0.0410958904109589
2025-12-10 21:00:00+00:00,2025-12-26 00:00:00+00:00,SMH,SMH251226C00377500,call,False,377.5,5.55,7.8,7.46,369.0,0.2905954730224609,0.03529957336092666,0.002902439024390244,7.0,38,2025-12-10 21:06:26+00:00,0.0,6.675,0.0410958904109589
2025-12-10 21:00:00+00:00,2025-12-26 00:00:00+00:00,SMH,SMH251226C00380000,call,False,380.0,5.0,6.25,6.8,369.0,0.27387200744628903,0.03529957336092666,0.002902439024390244,225.0,173,2025-12-10 20:23:33+00:00,0.6075,5.625,0.0410958904109589
2025-12-10 21:00:00+00:00,2025-12-26 00:00:00+00:00,SMH,SMH251226C00382500,call,False,382.5,3.9,5.75,5.46,369.0,0.28729960754394523,0.03529957336092666,0.002902439024390244,2.0,51,2025-12-10 21:06:26+00:00,0.0,4.825,0.0410958904109589
2025-12-10 21:00:00+00:00,2025-12-26 00:00:00+00:00,SMH,SMH251226C00385000,call,False,385.0,3.5,4.5,4.65,369.0,0.2727123510742187,0.03529957336092666,0.002902439024390244,22.0,38,2025-12-10 20:28:19+00:00,0.5280555555555555,4.0,0.0410958904109589
2025-12-10 21:00:00+00:00,2025-12-26 00:00:00+00:00,SMH,SMH251226C00387500,call,False,387.5,2.77,4.2,4.1,369.0,0.28748271118164054,0.03529957336092666,0.002902439024390244,2.0,65,2025-12-08 14:48:18+00:00,54.195,3.4850000000000003,0.0410958904109589
2025-12-10 21:00:00+00:00,2025-12-26 00:00:00+00:00,SMH,SMH251226C00390000,call,False,390.0,1.96,3.9,3.55,369.0,0.30048306945800785,0.03529957336092666,0.002902439024390244,9.0,37,2025-12-10 20:28:49+00:00,0.5197222222222222,2.9299999999999997,0.0410958904109589
2025-12-10 21:00:00+00:00,2025-12-26 00:00:00+00:00,SMH,SMH251226C00392500,call,False,392.5,1.9,3.2,2.85,369.0,0.29596651306152344,0.03529957336092666,0.002902439024390244,7.0,38,2025-12-10 20:07:30+00:00,0.875,2.55,0.0410958904109589
2025-12-10 21:00:00+00:00,2025-12-26 00:00:00+00:00,SMH,SMH251226C00395000,call,False,395.0,1.16,3.05,1.57,369.0,0.31116411499023433,0.03529957336092666,0.002902439024390244,50.0,61,2025-12-09 15:10:19+00:00,29.828055555555554,2.105,0.0410958904109589
2025-12-10 21:00:00+00:00,2025-12-26 00:00:00+00:00,SMH,SMH251226C00397500,call,False,397.5,1.04,2.43,1.39,369.0,0.304145142211914,0.03529957336092666,0.002902439024390244,1.0,36,2025-12-03 16:11:14+00:00,172.81277777777777,1.735,0.0410958904109589
2025-12-10 21:00:00+00:00,2025-12-26 00:00:00+00:00,SMH,SMH251226C00400000,call,False,400.0,0.95,1.86,1.7,369.0,0.29505099487304687,0.03529957336092666,0.002902439024390244,4.0,97,2025-12-10 20:37:20+00:00,0.37777777777777777,1.405,0.0410958904109589
2025-12-10 21:00:00+00:00,2025-12-26 00:00:00+00:00,SMH,SMH251226C00405000,call,False,405.0,0.65,1.93,0.71,369.0,0.33447931152343746,0.03529957336092666,0.002902439024390244,1.0,17,2025-12-10 16:01:59+00:00,4.966944444444445,1.29,0.0410958904109589
2025-12-10 21:00:00+00:00,2025-12-26 00:00:00+00:00,SMH,SMH251226C00410000,call,False,410.0,0.41,0.89,0.57,369.0,0.29932341308593746,0.03529957336092666,0.002902439024390244,175.0,148,2025-12-10 19:11:24+00:00,1.81,0.65,0.0410958904109589
2025-12-10 21:00:00+00:00,2025-12-26 00:00:00+00:00,SMH,SMH251226C00420000,call,False,420.0,0.0,0.38,0.33,369.0,0.3002999658203125,0.03529957336092666,0.002902439024390244,17.0,23,2025-12-10 20:31:26+00:00,0.4761111111111111,0.19,0.0410958904109589
2025-12-10 21:00:00+00:00,2025-12-26 00:00:00+00:00,SMH,SMH251226C00440000,call,False,440.0,0.0,0.19,0.14,369.0,0.3544986425781249,0.03529957336092666,0.002902439024390244,2.0,76,2025-12-10 17:41:55+00:00,3.301388888888889,0.095,0.0410958904109589
2025-12-10 21:00:00+00:00,2025-12-26 00:00:00+00:00,SMH,SMH251226C00450000,call,False,450.0,0.0,0.72,0.1,369.0,0.49170430175781255,0.03529957336092666,0.002902439024390244,31.0,31,2025-12-05 17:26:01+00:00,123.5663888888889,0.36,0.0410958904109589
2025-12-10 21:00:00+00:00,2025-12-26 00:00:00+00:00,SMH,SMH251226C00480000,call,False,480.0,0.0,0.64,0.1,369.0,0.5488326367187502,0.03529957336092666,0.002902439024390244,,10,2025-12-01 17:31:02+00:00,219.48277777777778,0.32,0.0410958904109589
2025-12-10 21:00:00+00:00,2025-12-26 00:00:00+00:00,SMH,SMH251226C00490000,call,False,490.0,0.01,0.05,0.05,369.0,0.4687553125,0.03529957336092666,0.002902439024390244,19.0,20,2025-12-10 20:23:24+00:00,0.61,0.030000000000000002,0.0410958904109589
2025-12-10 21:00:00+00:00,2025-12-26 00:00:00+00:00,SMH,SMH251226C00500000,call,False,500.0,0.0,0.05,0.05,369.0,0.49805189453125004,0.03529957336092666,0.002902439024390244,15.0,10,2025-12-10 17:41:04+00:00,3.3155555555555556,0.025,0.0410958904109589
2025-12-10 21:00:00+00:00,2025-12-26 00:00:00+00:00,SMH,SMH251226P00230000,put,False,230.0,0.0,0.3,0.05,369.0,0.93164130859375,0.03529957336092666,0.002902439024390244,5.0,164,2025-12-09 18:26:57+00:00,26.550833333333333,0.15,0.0410958904109589
2025-12-10 21:00:00+00:00,2025-12-26 00:00:00+00:00,SMH,SMH251226P00235000,put,False,235.0,0.0,0.27,0.09,369.0,0.8828136718749999,0.03529957336092666,0.002902439024390244,3.0,21,2025-12-08 18:46:50+00:00,50.21944444444444,0.135,0.0410958904109589
2025-12-10 21:00:00+00:00,2025-12-26 00:00:00+00:00,SMH,SMH251226P00240000,put,False,240.0,0.0,0.16,0.12,369.0,0.79687703125,0.03529957336092666,0.002902439024390244,3.0,19,2025-12-08 20:31:00+00:00,48.483333333333334,0.08,0.0410958904109589
2025-12-10 21:00:00+00:00,2025-12-26 00:00:00+00:00,SMH,SMH251226P00245000,put,False,245.0,0.0,0.15,0.15,369.0,0.7578149218750001,0.03529957336092666,0.002902439024390244,12.0,12,2025-12-04 20:30:21+00:00,144.49416666666667,0.075,0.0410958904109589
2025-12-10 21:00:00+00:00,2025-12-26 00:00:00+00:00,SMH,SMH251226P00250000,put,False,250.0,0.0,0.12,0.08,369.0,0.7070341796875,0.03529957336092666,0.002902439024390244,10.0,104,2025-12-08 20:13:48+00:00,48.77,0.06,0.0410958904109589
2025-12-10 21:00:00+00:00,2025-12-26 00:00:00+00:00,SMH,SMH251226P00255000,put,False,255.0,0.0,0.15,0.15,369.0,0.6914093359375001,0.03529957336092666,0.002902439024390244,1.0,13,2025-12-08 18:46:50+00:00,50.21944444444444,0.075,0.0410958904109589
2025-12-10 21:00:00+00:00,2025-12-26 00:00:00+00:00,SMH,SMH251226P00260000,put,False,260.0,0.0,0.3,0.2,369.0,0.7158231542968749,0.03529957336092666,0.002902439024390244,1.0,53,2025-12-08 20:31:00+00:00,48.483333333333334,0.15,0.0410958904109589
2025-12-10 21:00:00+00:00,2025-12-26 00:00:00+00:00,SMH,SMH251226P00265000,put,False,265.0,0.0,0.32,0.16,369.0,0.6875031250000001,0.03529957336092666,0.002902439024390244,3.0,25,2025-12-08 20:34:16+00:00,48.42888888888889,0.16,0.0410958904109589
2025-12-10 21:00:00+00:00,2025-12-26 00:00:00+00:00,SMH,SMH251226P00270000,put,False,270.0,0.0,0.22,0.16,369.0,0.6250037500000001,0.03529957336092666,0.002902439024390244,3.0,66,2025-12-08 16:57:33+00:00,52.04083333333333,0.11,0.0410958904109589
2025-12-10 21:00:00+00:00,2025-12-26 00:00:00+00:00,SMH,SMH251226P00275000,put,False,275.0,0.01,0.35,0.09,369.0,0.63086306640625,0.03529957336092666,0.002902439024390244,3.0,9,2025-12-05 20:47:40+00:00,120.20555555555555,0.18,0.0410958904109589
2025-12-10 21:00:00+00:00,2025-12-26 00:00:00+00:00,SMH,SMH251226P00280000,put,False,280.0,0.02,0.18,0.12,369.0,0.5556685058593751,0.03529957336092666,0.002902439024390244,87.0,845,2025-12-10 20:33:17+00:00,0.4452777777777778,0.09999999999999999,0.0410958904109589
2025-12-10 21:00:00+00:00,2025-12-26 00:00:00+00:00,SMH,SMH251226P00285000,put,False,285.0,0.05,0.27,0.2,369.0,0.5566450585937501,0.03529957336092666,0.002902439024390244,2.0,99,2025-12-08 20:34:16+00:00,48.42888888888889,0.16,0.0410958904109589
2025-12-10 21:00:00+00:00,2025-12-26 00:00:00+00:00,SMH,SMH251226P00290000,put,False,290.0,0.07,0.24,0.39,369.0,0.523442265625,0.03529957336092666,0.002902439024390244,4.0,117,2025-12-05 16:00:42+00:00,124.98833333333333,0.155,0.0410958904109589
2025-12-10 21:00:00+00:00,2025-12-26 00:00:00+00:00,SMH,SMH251226P00295000,put,False,295.0,0.1,0.44,0.36,369.0,0.532231240234375,0.03529957336092666,0.002902439024390244,2.0,211,2025-12-09 16:39:31+00:00,28.34138888888889,0.27,0.0410958904109589
2025-12-10 21:00:00+00:00,2025-12-26 00:00:00+00:00,SMH,SMH251226P00300000,put,False,300.0,0.12,0.4,0.24,369.0,0.5317429638671876,0.03529957336092666,0.002902439024390244,2.0,445,2025-12-10 20:25:21+00:00,0.5775,0.26,0.0410958904109589
2025-12-10 21:00:00+00:00,2025-12-26 00:00:00+00:00,SMH,SMH251226P00305000,put,False,305.0,0.26,0.62,0.27,369.0,0.50586431640625,0.03529957336092666,0.002902439024390244,1.0,109,2025-12-08 14:34:02+00:00,54.43277777777778,0.44,0.0410958904109589
2025-12-10 21:00:00+00:00,2025-12-26 00:00:00+00:00,SMH,SMH251226P00310000,put,False,310.0,0.25,0.48,0.4,369.0,0.47900911621093745,0.03529957336092666,0.002902439024390244,4.0,147,2025-12-10 20:23:15+00:00,0.6125,0.365,0.0410958904109589
2025-12-10 21:00:00+00:00,2025-12-26 00:00:00+00:00,SMH,SMH251226P00312500,put,False,312.5,0.19,0.64,0.66,369.0,0.48730981445312505,0.03529957336092666,0.002902439024390244,40.0,21,2025-12-08 15:25:54+00:00,53.568333333333335,0.41500000000000004,0.0410958904109589
2025-12-10 21:00:00+00:00,2025-12-26 00:00:00+00:00,SMH,SMH251226P00315000,put,False,315.0,0.23,0.47,0.46,369.0,0.44287666503906253,0.03529957336092666,0.002902439024390244,21.0,118,2025-12-10 20:33:51+00:00,0.43583333333333335,0.35,0.0410958904109589
2025-12-10 21:00:00+00:00,2025-12-26 00:00:00+00:00,SMH,SMH251226P00317500,put,False,317.5,0.17,0.81,0.64,369.0,0.4738822143554688,0.03529957336092666,0.002902439024390244,132.0,40,2025-12-10 18:21:52+00:00,2.6355555555555554,0.49000000000000005,0.0410958904109589
2025-12-10 21:00:00+00:00,2025-12-26 00:00:00+00:00,SMH,SMH251226P00320000,put,False,320.0,0.45,0.79,0.51,369.0,0.45313046875,0.03529957336092666,0.002902439024390244,9.0,5609,2025-12-10 20:40:16+00:00,0.3288888888888889,0.62,0.0410958904109589
2025-12-10 21:00:00+00:00,2025-12-26 00:00:00+00:00,SMH,SMH251226P00322500,put,False,322.5,0.47,0.84,1.72,369.0,0.44043528320312497,0.03529957336092666,0.002902439024390244,20.0,43,2025-12-04 19:58:45+00:00,145.02083333333334,0.655,0.0410958904109589
2025-12-10 21:00:00+00:00,2025-12-26 00:00:00+00:00,SMH,SMH251226P00325000,put,False,325.0,0.55,1.12,0.74,369.0,0.4506890869140625,0.03529957336092666,0.002902439024390244,20.0,269,2025-12-10 19:54:58+00:00,1.083888888888889,0.8350000000000001,0.0410958904109589
2025-12-10 21:00:00+00:00,2025-12-26 00:00:00+00:00,SMH,SMH251226P00327500,put,False,327.5,0.3,1.2,1.6,369.0,0.4387263159179688,0.03529957336092666,0.002902439024390244,1.0,52,2025-12-05 15:16:04+00:00,125.73222222222222,0.75,0.0410958904109589
2025-12-10 21:00:00+00:00,2025-12-26 00:00:00+00:00,SMH,SMH251226P00330000,put,False,330.0,0.52,1.15,0.85,369.0,0.41480077392578124,0.03529957336092666,0.002902439024390244,9.0,243,2025-12-10 20:08:12+00:00,0.8633333333333333,0.835,0.0410958904109589
2025-12-10 21:00:00+00:00,2025-12-26 00:00:00+00:00,SMH,SMH251226P00332500,put,False,332.5,0.83,1.21,0.91,369.0,0.40064075927734377,0.03529957336092666,0.002902439024390244,8.0,138,2025-12-10 20:39:25+00:00,0.34305555555555556,1.02,0.0410958904109589
2025-12-10 21:00:00+00:00,2025-12-26 00:00:00+00:00,SMH,SMH251226P00335000,put,False,335.0,0.55,1.58,1.84,369.0,0.40918559570312496,0.03529957336092666,0.002902439024390244,7.0,199,2025-12-09 15:41:19+00:00,29.31138888888889,1.065,0.0410958904109589
2025-12-10 21:00:00+00:00,2025-12-26 00:00:00+00:00,SMH,SMH251226P00337500,put,False,337.5,0.62,2.06,2.01,369.0,0.4202938830566406,0.03529957336092666,0.002902439024390244,2.0,21,2025-12-10 14:32:40+00:00,6.455555555555556,1.34,0.0410958904109589
2025-12-10 21:00:00+00:00,2025-12-26 00:00:00+00:00,SMH,SMH251226P00340000,put,False,340.0,0.92,1.9,1.57,369.0,0.38892212646484375,0.03529957336092666,0.002902439024390244,4.0,295,2025-12-10 18:40:53+00:00,2.318611111111111,1.41,0.0410958904109589
2025-12-10 21:00:00+00:00,2025-12-26 00:00:00+00:00,SMH,SMH251226P00342500,put,False,342.5,1.07,2.3,2.6,369.0,0.39087523193359375,0.03529957336092666,0.002902439024390244,4.0,25,2025-12-10 16:17:45+00:00,4.704166666666667,1.685,0.0410958904109589
2025-12-10 21:00:00+00:00,2025-12-26 00:00:00+00:00,SMH,SMH251226P00345000,put,False,345.0,1.49,2.44,2.12,369.0,0.37616590637207037,0.03529957336092666,0.002902439024390244,17.0,95,2025-12-10 19:11:02+00:00,1.816111111111111,1.9649999999999999,0.0410958904109589
2025-12-10 21:00:00+00:00,2025-12-26 00:00:00+00:00,SMH,SMH251226P00347500,put,False,347.5,1.58,2.89,2.42,369.0,0.3761048718261719,0.03529957336092666,0.002902439024390244,6.0,30,2025-12-10 16:40:35+00:00,4.323611111111111,2.2350000000000003,0.0410958904109589
2025-12-10 21:00:00+00:00,2025-12-26 00:00:00+00:00,SMH,SMH251226P00350000,put,False,350.0,2.1,3.0,2.43,369.0,0.35767243896484374,0.03529957336092666,0.002902439024390244,23.0,5874,2025-12-10 20:52:28+00:00,0.12555555555555556,2.55,0.0410958904109589
2025-12-10 21:00:00+00:00,2025-12-26 00:00:00+00:00,SMH,SMH251226P00352500,put,False,352.5,2.22,3.7,2.8,369.0,0.36426416992187505,0.03529957336092666,0.002902439024390244,3.0,33,2025-12-10 20:46:33+00:00,0.22416666666666665,2.96,0.0410958904109589
2025-12-10 21:00:00+00:00,2025-12-26 00:00:00+00:00,SMH,SMH251226P00355000,put,False,355.0,2.85,4.3,3.4,369.0,0.3631655480957031,0.03529957336092666,0.002902439024390244,64.0,69,2025-12-10 19:57:07+00:00,1.0480555555555555,3.575,0.0410958904109589
2025-12-10 21:00:00+00:00,2025-12-26 00:00:00+00:00,SMH,SMH251226P00357500,put,False,357.5,3.1,5.1,3.8,369.0,0.36694968994140625,0.03529957336092666,0.002902439024390244,2.0,53,2025-12-10 20:14:49+00:00,0.7530555555555556,4.1,0.0410958904109589
2025-12-10 21:00:00+00:00,2025-12-26 00:00:00+00:00,SMH,SMH251226P00360000,put,False,360.0,4.0,5.6,4.22,369.0,0.3569400244140625,0.03529957336092666,0.002902439024390244,93.0,773,2025-12-10 20:24:52+00:00,0.5855555555555556,4.8,0.0410958904109589
2025-12-10 21:00:00+00:00,2025-12-26 00:00:00+00:00,SMH,SMH251226P00362500,put,False,362.5,4.2,6.4,4.98,369.0,0.3552920916748046,0.03529957336092666,0.002902439024390244,7.0,22,2025-12-10 19:58:04+00:00,1.0322222222222222,5.300000000000001,0.0410958904109589
2025-12-10 21:00:00+00:00,2025-12-26 00:00:00+00:00,SMH,SMH251226P00365000,put,False,365.0,5.25,7.0,5.68,369.0,0.3443669079589844,0.03529957336092666,0.002902439024390244,15.0,126,2025-12-10 20:28:00+00:00,0.5333333333333333,6.125,0.0410958904109589
2025-12-10 21:00:00+00:00,2025-12-26 00:00:00+00:00,SMH,SMH251226P00367500,put,False,367.5,5.55,7.9,6.57,369.0,0.34101000793457037,0.03529957336092666,0.002902439024390244,8.0,3,2025-12-09 16:29:29+00:00,28.50861111111111,6.725,0.0410958904109589
2025-12-10 21:00:00+00:00,2025-12-26 00:00:00+00:00,SMH,SMH251226P00370000,put,False,370.0,7.05,9.05,7.25,369.0,0.3428410443115234,0.03529957336092666,0.002902439024390244,15.0,56,2025-12-10 20:32:58+00:00,0.45055555555555554,8.05,0.0410958904109589
2025-12-10 21:00:00+00:00,2025-12-26 00:00:00+00:00,SMH,SMH251226P00372500,put,False,372.5,8.1,10.15,8.25,369.0,0.3402165588378906,0.03529957336092666,0.002902439024390244,30.0,201,2025-12-10 20:37:47+00:00,0.37027777777777776,9.125,0.0410958904109589
2025-12-10 21:00:00+00:00,2025-12-26 00:00:00+00:00,SMH,SMH251226P00377500,put,True,377.5,10.4,13.6,37.15,369.0,0.3655458953857422,0.03529957336092666,0.002902439024390244,,5,2025-11-13 16:28:07+00:00,652.5313888888888,12.0,0.0410958904109589
2025-12-10 21:00:00+00:00,2025-12-26 00:00:00+00:00,SMH,SMH251226P00380000,put,True,380.0,11.4,15.0,17.7,369.0,0.36414210083007814,0.03529957336092666,0.002902439024390244,2.0,2,2025-12-08 15:28:30+00:00,53.525,13.2,0.0410958904109589
2025-12-10 21:00:00+00:00,2025-12-26 00:00:00+00:00,SMH,SMH251226P00385000,put,True,385.0,14.8,18.15,21.9,369.0,0.36475244628906256,0.03529957336092666,0.002902439024390244,6.0,4,2025-12-08 16:29:31+00:00,52.50805555555556,16.475,0.0410958904109589
2025-12-10 21:00:00+00:00,2026-01-02 00:00:00+00:00,SMH,SMH260102C00235000,call,True,235.0,136.95,140.3,108.94,369.0,1.0256396374511718,0.03529957336092666,0.002902439024390244,,28,2025-11-17 16:13:49+00:00,556.7697222222222,138.625,0.06027397260273973
2025-12-10 21:00:00+00:00,2026-01-02 00:00:00+00:00,SMH,SMH260102C00240000,call,True,240.0,132.0,135.35,99.97,369.0,0.993164130859375,0.03529957336092666,0.002902439024390244,2.0,6,2025-11-17 19:57:11+00:00,553.0469444444444,133.675,0.06027397260273973
2025-12-10 21:00:00+00:00,2026-01-02 00:00:00+00:00,SMH,SMH260102C00270000,call,True,270.0,101.7,105.45,52.62,369.0,0.7775901147460937,0.03529957336092666,0.002902439024390244,2.0,3,2025-11-21 16:02:06+00:00,460.965,103.575,0.06027397260273973
2025-12-10 21:00:00+00:00,2026-01-02 00:00:00+00:00,SMH,SMH260102C00275000,call,True,275.0,96.85,100.45,54.25,369.0,0.7409693872070311,0.03529957336092666,0.002902439024390244,,1,2025-11-20 20:55:51+00:00,480.06916666666666,98.65,0.06027397260273973
2025-12-10 21:00:00+00:00,2026-01-02 00:00:00+00:00,SMH,SMH260102C00280000,call,True,280.0,91.8,95.5,88.96,369.0,0.7104521142578125,0.03529957336092666,0.002902439024390244,1.0,2,2025-12-09 16:51:50+00:00,28.136111111111113,93.65,0.06027397260273973
2025-12-10 21:00:00+00:00,2026-01-02 00:00:00+00:00,SMH,SMH260102C00290000,call,True,290.0,81.75,85.55,62.0,369.0,0.6444127355957032,0.03529957336092666,0.002902439024390244,12.0,5,2025-11-14 17:31:00+00:00,627.4833333333333,83.65,0.06027397260273973
2025-12-10 21:00:00+00:00,2026-01-02 00:00:00+00:00,SMH,SMH260102C00295000,call,True,295.0,76.95,80.6,42.88,369.0,0.6138954626464845,0.03529957336092666,0.002902439024390244,,1,2025-11-24 14:47:19+00:00,390.2113888888889,78.775,0.06027397260273973
2025-12-10 21:00:00+00:00,2026-01-02 00:00:00+00:00,SMH,SMH260102C00300000,call,True,300.0,72.15,75.65,58.51,369.0,0.5832561206054687,0.03529957336092666,0.002902439024390244,1.0,2,2025-12-02 16:16:06+00:00,196.73166666666665,73.9,0.06027397260273973
2025-12-10 21:00:00+00:00,2026-01-02 00:00:00+00:00,SMH,SMH260102C00305000,call,True,305.0,67.05,70.75,46.55,369.0,0.5566450585937501,0.03529957336092666,0.002902439024390244,1.0,9,2025-11-26 16:39:28+00:00,340.34222222222223,68.9,0.06027397260273973
2025-12-10 21:00:00+00:00,2026-01-02 00:00:00+00:00,SMH,SMH260102C00310000,call,True,310.0,62.35,65.8,27.8,369.0,0.52539537109375,0.03529957336092666,0.002902439024390244,2.0,1,2025-11-25 15:25:04+00:00,365.58222222222224,64.075,0.06027397260273973
2025-12-10 21:00:00+00:00,2026-01-02 00:00:00+00:00,SMH,SMH260102C00320000,call,True,320.0,52.7,55.95,56.8,369.0,0.46582565429687506,0.03529957336092666,0.002902439024390244,3.0,22,2025-12-10 20:45:33+00:00,0.24083333333333334,54.325,0.06027397260273973
2025-12-10 21:00:00+00:00,2026-01-02 00:00:00+00:00,SMH,SMH260102C00322500,call,True,322.5,50.1,53.55,19.74,369.0,0.4545952978515625,0.03529957336092666,0.002902439024390244,2.0,1,2025-11-25 15:22:25+00:00,365.62638888888887,51.825,0.06027397260273973
2025-12-10 21:00:00+00:00,2026-01-02 00:00:00+00:00,SMH,SMH260102C00325000,call,True,325.0,47.7,51.15,38.95,369.0,0.44287666503906253,0.03529957336092666,0.002902439024390244,2.0,5,2025-12-04 20:50:48+00:00,144.15333333333334,49.425,0.06027397260273973
2025-12-10 21:00:00+00:00,2026-01-02 00:00:00+00:00,SMH,SMH260102C00327500,call,True,327.5,45.3,48.75,25.5,369.0,0.43079182495117196,0.03529957336092666,0.002902439024390244,1.0,42,2025-11-26 14:39:18+00:00,342.345,47.025,0.06027397260273973
2025-12-10 21:00:00+00:00,2026-01-02 00:00:00+00:00,SMH,SMH260102C00330000,call,True,330.0,43.15,46.4,42.03,369.0,0.42102629760742194,0.03529957336092666,0.002902439024390244,1.0,171,2025-12-08 14:33:22+00:00,54.443888888888885,44.775,0.06027397260273973
2025-12-10 21:00:00+00:00,2026-01-02 00:00:00+00:00,SMH,SMH260102C00332500,call,True,332.5,40.7,44.05,32.39,369.0,0.4105283557128906,0.03529957336092666,0.002902439024390244,5.0,103,2025-12-04 19:30:41+00:00,145.4886111111111,42.375,0.06027397260273973
2025-12-10 21:00:00+00:00,2026-01-02 00:00:00+00:00,SMH,SMH260102C00335000,call,True,335.0,38.15,41.75,35.66,369.0,0.4019835192871094,0.03529957336092666,0.002902439024390244,2.0,59,2025-12-09 14:49:55+00:00,30.168055555555554,39.95,0.06027397260273973
2025-12-10 21:00:00+00:00,2026-01-02 00:00:00+00:00,SMH,SMH260102C00337500,call,True,337.5,36.55,39.45,39.5,369.0,0.3924621301269531,0.03529957336092666,0.002902439024390244,3.0,8,2025-12-10 20:16:06+00:00,0.7316666666666667,38.0,0.06027397260273973
2025-12-10 21:00:00+00:00,2026-01-02 00:00:00+00:00,SMH,SMH260102C00340000,call,True,340.0,33.35,37.15,37.26,369.0,0.3820862573242187,0.03529957336092666,0.002902439024390244,1.0,28,2025-12-10 20:14:46+00:00,0.7538888888888889,35.25,0.06027397260273973
2025-12-10 21:00:00+00:00,2026-01-02 00:00:00+00:00,SMH,SMH260102C00342500,call,True,342.5,31.55,34.95,35.0,369.0,0.37518935363769534,0.03529957336092666,0.002902439024390244,1.0,5,2025-12-10 20:29:07+00:00,0.5147222222222222,33.25,0.06027397260273973
2025-12-10 21:00:00+00:00,2026-01-02 00:00:00+00:00,SMH,SMH260102C00345000,call,True,345.0,29.55,32.75,27.43,369.0,0.3670717590332031,0.03529957336092666,0.002902439024390244,1.0,24,2025-12-09 19:39:26+00:00,25.342777777777776,31.15,0.06027397260273973
2025-12-10 21:00:00+00:00,2026-01-02 00:00:00+00:00,SMH,SMH260102C00347500,call,True,347.5,27.1,30.75,20.95,369.0,0.3653017572021484,0.03529957336092666,0.002902439024390244,2.0,5,2025-12-03 16:24:05+00:00,172.5986111111111,28.925,0.06027397260273973
2025-12-10 21:00:00+00:00,2026-01-02 00:00:00+00:00,SMH,SMH260102C00350000,call,True,350.0,25.3,28.65,23.63,369.0,0.35816071533203125,0.03529957336092666,0.002902439024390244,3.0,113,2025-12-09 19:39:26+00:00,25.342777777777776,26.975,0.06027397260273973
2025-12-10 21:00:00+00:00,2026-01-02 00:00:00+00:00,SMH,SMH260102C00352500,call,True,352.5,23.8,26.55,7.0,369.0,0.3497379479980468,0.03529957336092666,0.002902439024390244,2.0,35,2025-11-25 15:43:27+00:00,365.2758333333333,25.175,0.06027397260273973
2025-12-10 21:00:00+00:00,2026-01-02 00:00:00+00:00,SMH,SMH260102C00355000,call,True,355.0,21.6,24.5,19.53,369.0,0.34168138793945313,0.03529957336092666,0.002902439024390244,3.0,54,2025-12-05 15:42:35+00:00,125.29027777777777,23.05,0.06027397260273973
2025-12-10 21:00:00+00:00,2026-01-02 00:00:00+00:00,SMH,SMH260102C00357500,call,True,357.5,19.3,22.75,18.0,369.0,0.341376215209961,0.03529957336092666,0.002902439024390244,1.0,59,2025-12-08 15:28:47+00:00,53.52027777777778,21.025,0.06027397260273973
2025-12-10 21:00:00+00:00,2026-01-02 00:00:00+00:00,SMH,SMH260102C00360000,call,True,360.0,17.55,20.2,18.85,369.0,0.31537549865722647,0.03529957336092666,0.002902439024390244,3.0,1520,2025-12-10 19:53:58+00:00,1.1005555555555555,18.875,0.06027397260273973
2025-12-10 21:00:00+00:00,2026-01-02 00:00:00+00:00,SMH,SMH260102C00362500,call,True,362.5,16.2,19.25,14.98,369.0,0.3347844842529296,0.03529957336092666,0.002902439024390244,1.0,6,2025-12-09 19:29:49+00:00,25.503055555555555,17.725,0.06027397260273973
2025-12-10 21:00:00+00:00,2026-01-02 00:00:00+00:00,SMH,SMH260102C00365000,call,True,365.0,14.8,17.65,15.47,369.0,0.3328313787841797,0.03529957336092666,0.002902439024390244,6.0,271,2025-12-10 19:53:58+00:00,1.1005555555555555,16.225,0.06027397260273973
2025-12-10 21:00:00+00:00,2026-01-02 00:00:00+00:00,SMH,SMH260102C00367500,call,True,367.5,12.55,16.05,14.9,369.0,0.32889465057373035,0.03529957336092666,0.002902439024390244,15.0,39,2025-12-10 20:11:44+00:00,0.8044444444444444,14.3,0.06027397260273973
2025-12-10 21:00:00+00:00,2026-01-02 00:00:00+00:00,SMH,SMH260102C00370000,call,True,370.0,11.95,14.65,13.87,369.0,0.32831482238769527,0.03529957336092666,0.002902439024390244,18.0,208,2025-12-10 19:54:42+00:00,1.0883333333333334,13.3,0.06027397260273973
2025-12-10 21:00:00+00:00,2026-01-02 00:00:00+00:00,SMH,SMH260102C00372500,call,True,372.5,10.65,13.3,12.47,369.0,0.32697206237792964,0.03529957336092666,0.002902439024390244,3.0,330,2025-12-10 20:33:40+00:00,0.4388888888888889,11.975000000000001,0.06027397260273973
2025-12-10 21:00:00+00:00,2026-01-02 00:00:00+00:00,SMH,SMH260102C00375000,call,False,375.0,9.35,11.05,11.0,369.0,0.30005582763671873,0.03529957336092666,0.002902439024390244,20.0,187,2025-12-10 20:37:00+00:00,0.38333333333333336,10.2,0.06027397260273973
2025-12-10 21:00:00+00:00,2026-01-02 00:00:00+00:00,SMH,SMH260102C00377500,call,False,377.5,7.55,10.25,9.4,369.0,0.3089058367919921,0.03529957336092666,0.002902439024390244,8.0,10,2025-12-10 18:13:31+00:00,2.774722222222222,8.9,0.06027397260273973
2025-12-10 21:00:00+00:00,2026-01-02 00:00:00+00:00,SMH,SMH260102C00380000,call,False,380.0,7.2,9.05,8.62,369.0,0.3050606604003906,0.03529957336092666,0.002902439024390244,64.0,117,2025-12-10 20:50:19+00:00,0.1613888888888889,8.125,0.06027397260273973
2025-12-10 21:00:00+00:00,2026-01-02 00:00:00+00:00,SMH,SMH260102C00382500,call,False,382.5,6.25,7.8,7.51,369.0,0.29761444580078117,0.03529957336092666,0.002902439024390244,3.0,16,2025-12-10 20:47:38+00:00,0.2061111111111111,7.025,0.06027397260273973
2025-12-10 21:00:00+00:00,2026-01-02 00:00:00+00:00,SMH,SMH260102C00385000,call,False,385.0,5.45,6.75,6.56,369.0,0.29315892395019527,0.03529957336092666,0.002902439024390244,58.0,39,2025-12-10 20:50:19+00:00,0.1613888888888889,6.1,0.06027397260273973
2025-12-10 21:00:00+00:00,2026-01-02 00:00:00+00:00,SMH,SMH260102C00387500,call,False,387.5,3.1,6.55,4.3,369.0,0.31037066589355466,0.03529957336092666,0.002902439024390244,1.0,3,2025-12-09 18:20:37+00:00,26.656388888888888,4.825,0.06027397260273973
2025-12-10 21:00:00+00:00,2026-01-02 00:00:00+00:00,SMH,SMH260102C00390000,call,False,390.0,4.05,5.15,4.94,369.0,0.29114478393554677,0.03529957336092666,0.002902439024390244,37.0,29,2025-12-10 20:47:08+00:00,0.21444444444444444,4.6,0.06027397260273973
2025-12-10 21:00:00+00:00,2026-01-02 00:00:00+00:00,SMH,SMH260102C00392500,call,False,392.5,2.88,4.95,3.04,369.0,0.3053047985839844,0.03529957336092666,0.002902439024390244,25.0,28,2025-12-09 15:10:19+00:00,29.828055555555554,3.915,0.06027397260273973
2025-12-10 21:00:00+00:00,2026-01-02 00:00:00+00:00,SMH,SMH260102C00395000,call,False,395.0,2.95,3.85,3.7,369.0,0.2892527130126953,0.03529957336092666,0.002902439024390244,33.0,71,2025-12-10 17:03:48+00:00,3.9366666666666665,3.4000000000000004,0.06027397260273973
2025-12-10 21:00:00+00:00,2026-01-02 00:00:00+00:00,SMH,SMH260102C00397500,call,False,397.5,1.77,3.85,2.4,369.0,0.3073189385986328,0.03529957336092666,0.002902439024390244,2.0,4,2025-12-08 17:56:30+00:00,51.05833333333333,2.81,0.06027397260273973
2025-12-10 21:00:00+00:00,2026-01-02 00:00:00+00:00,SMH,SMH260102C00400000,call,False,400.0,1.9,3.35,2.89,369.0,0.30713583496093744,0.03529957336092666,0.002902439024390244,2.0,115,2025-12-10 18:32:08+00:00,2.4644444444444447,2.625,0.06027397260273973
2025-12-10 21:00:00+00:00,2026-01-02 00:00:00+00:00,SMH,SMH260102C00405000,call,False,405.0,1.51,2.75,1.7,369.0,0.31677929321289056,0.03529957336092666,0.002902439024390244,1.0,4,2025-12-10 19:27:47+00:00,1.5369444444444444,2.13,0.06027397260273973
2025-12-10 21:00:00+00:00,2026-01-02 00:00:00+00:00,SMH,SMH260102C00410000,call,False,410.0,1.05,1.5,1.21,369.0,0.2884592639160155,0.03529957336092666,0.002902439024390244,4.0,24,2025-12-10 19:33:12+00:00,1.4466666666666668,1.275,0.06027397260273973
2025-12-10 21:00:00+00:00,2026-01-02 00:00:00+00:00,SMH,SMH260102C00420000,call,False,420.0,0.36,1.01,0.64,369.0,0.30933307861328124,0.03529957336092666,0.002902439024390244,5.0,79,2025-12-10 18:32:08+00:00,2.4644444444444447,0.685,0.06027397260273973
2025-12-10 21:00:00+00:00,2026-01-02 00:00:00+00:00,SMH,SMH260102C00430000,call,False,430.0,0.1,0.9,0.33,369.0,0.34705242797851554,0.03529957336092666,0.002902439024390244,4.0,9,2025-12-09 20:29:50+00:00,24.502777777777776,0.5,0.06027397260273973
2025-12-10 21:00:00+00:00,2026-01-02 00:00:00+00:00,SMH,SMH260102C00440000,call,False,440.0,0.15,0.42,0.29,369.0,0.33838552246093745,0.03529957336092666,0.002902439024390244,7.0,1,2025-12-10 20:04:32+00:00,0.9244444444444444,0.285,0.06027397260273973
2025-12-10 21:00:00+00:00,2026-01-02 00:00:00+00:00,SMH,SMH260102C00500000,call,False,500.0,0.0,0.61,0.03,369.0,0.5210008837890624,0.03529957336092666,0.002902439024390244,,10,2025-12-01 17:31:22+00:00,219.47722222222222,0.305,0.06027397260273973
2025-12-10 21:00:00+00:00,2026-01-02 00:00:00+00:00,SMH,SMH260102P00230000,put,False,230.0,0.0,0.32,0.03,369.0,0.790041162109375,0.03529957336092666,0.002902439024390244,40.0,62,2025-12-08 20:59:32+00:00,48.007777777777775,0.16,0.06027397260273973
2025-12-10 21:00:00+00:00,2026-01-02 00:00:00+00:00,SMH,SMH260102P00240000,put,False,240.0,0.0,0.34,0.51,369.0,0.7324245507812499,0.03529957336092666,0.002902439024390244,18.0,18,2025-11-25 21:10:51+00:00,359.81916666666666,0.17,0.06027397260273973
2025-12-10 21:00:00+00:00,2026-01-02 00:00:00+00:00,SMH,SMH260102P00245000,put,False,245.0,0.0,0.35,0.1,369.0,0.7041045214843751,0.03529957336092666,0.002902439024390244,3.0,15,2025-12-09 16:45:26+00:00,28.24277777777778,0.175,0.06027397260273973
2025-12-10 21:00:00+00:00,2026-01-02 00:00:00+00:00,SMH,SMH260102P00250000,put,False,250.0,0.01,0.21,0.12,369.0,0.6367223828125,0.03529957336092666,0.002902439024390244,1.0,105,2025-12-10 20:16:23+00:00,0.7269444444444444,0.11,0.06027397260273973
2025-12-10 21:00:00+00:00,2026-01-02 00:00:00+00:00,SMH,SMH260102P00255000,put,False,255.0,0.01,0.27,1.29,369.0,0.6259803027343751,0.03529957336092666,0.002902439024390244,,1,2025-11-18 16:56:45+00:00,532.0541666666667,0.14,0.06027397260273973
2025-12-10 21:00:00+00:00,2026-01-02 00:00:00+00:00,SMH,SMH260102P00260000,put,False,260.0,0.01,0.59,0.15,369.0,0.6611362011718751,0.03529957336092666,0.002902439024390244,2.0,37,2025-12-09 20:08:26+00:00,24.859444444444446,0.3,0.06027397260273973
2025-12-10 21:00:00+00:00,2026-01-02 00:00:00+00:00,SMH,SMH260102P00265000,put,False,265.0,0.1,0.28,0.18,369.0,0.5918009570312501,0.03529957336092666,0.002902439024390244,4.0,59,2025-12-10 21:12:29+00:00,0.0,0.19,0.06027397260273973
2025-12-10 21:00:00+00:00,2026-01-02 00:00:00+00:00,SMH,SMH260102P00270000,put,False,270.0,0.01,0.63,0.22,369.0,0.6059609716796877,0.03529957336092666,0.002902439024390244,1.0,51,2025-12-08 20:04:30+00:00,48.925,0.32,0.06027397260273973
2025-12-10 21:00:00+00:00,2026-01-02 00:00:00+00:00,SMH,SMH260102P00280000,put,False,280.0,0.01,0.68,0.41,369.0,0.55273884765625,0.03529957336092666,0.002902439024390244,1.0,36,2025-12-05 14:30:01+00:00,126.49972222222222,0.34500000000000003,0.06027397260273973
2025-12-10 21:00:00+00:00,2026-01-02 00:00:00+00:00,SMH,SMH260102P00285000,put,False,285.0,0.01,0.91,0.78,369.0,0.5478560839843751,0.03529957336092666,0.002902439024390244,1.0,50,2025-12-03 14:30:07+00:00,174.49805555555557,0.46,0.06027397260273973
2025-12-10 21:00:00+00:00,2026-01-02 00:00:00+00:00,SMH,SMH260102P00290000,put,False,290.0,0.07,0.55,0.76,369.0,0.5336960693359375,0.03529957336092666,0.002902439024390244,1.0,33,2025-12-04 21:09:30+00:00,143.84166666666667,0.31000000000000005,0.06027397260273973
2025-12-10 21:00:00+00:00,2026-01-02 00:00:00+00:00,SMH,SMH260102P00295000,put,False,295.0,0.04,0.5,0.38,369.0,0.49487809814453126,0.03529957336092666,0.002902439024390244,1.0,91,2025-12-10 20:16:23+00:00,0.7269444444444444,0.27,0.06027397260273973
2025-12-10 21:00:00+00:00,2026-01-02 00:00:00+00:00,SMH,SMH260102P00300000,put,False,300.0,0.3,0.55,0.45,369.0,0.47290566162109376,0.03529957336092666,0.002902439024390244,8.0,97,2025-12-10 21:12:29+00:00,0.0,0.42500000000000004,0.06027397260273973
2025-12-10 21:00:00+00:00,2026-01-02 00:00:00+00:00,SMH,SMH260102P00305000,put,False,305.0,0.18,0.84,0.65,369.0,0.4802298071289062,0.03529957336092666,0.002902439024390244,1.0,86,2025-12-10 17:28:58+00:00,3.5172222222222222,0.51,0.06027397260273973
2025-12-10 21:00:00+00:00,2026-01-02 00:00:00+00:00,SMH,SMH260102P00310000,put,False,310.0,0.48,0.74,0.74,369.0,0.437505625,0.03529957336092666,0.002902439024390244,1.0,336,2025-12-10 20:51:48+00:00,0.13666666666666666,0.61,0.06027397260273973
2025-12-10 21:00:00+00:00,2026-01-02 00:00:00+00:00,SMH,SMH260102P00312500,put,False,312.5,0.2,1.13,1.58,369.0,0.46143116699218756,0.03529957336092666,0.002902439024390244,2.0,6,2025-12-03 20:31:32+00:00,168.47444444444446,0.6649999999999999,0.06027397260273973
2025-12-10 21:00:00+00:00,2026-01-02 00:00:00+00:00,SMH,SMH260102P00315000,put,False,315.0,0.43,1.07,0.61,369.0,0.43970286865234376,0.03529957336092666,0.002902439024390244,201.0,363,2025-12-10 20:58:31+00:00,0.024722222222222222,0.75,0.06027397260273973
2025-12-10 21:00:00+00:00,2026-01-02 00:00:00+00:00,SMH,SMH260102P00317500,put,False,317.5,0.46,1.21,0.83,369.0,0.43555251953125,0.03529957336092666,0.002902439024390244,1.0,38,2025-12-10 20:52:28+00:00,0.12555555555555556,0.835,0.06027397260273973
2025-12-10 21:00:00+00:00,2026-01-02 00:00:00+00:00,SMH,SMH260102P00320000,put,False,320.0,0.5,1.41,1.27,369.0,0.4348201049804688,0.03529957336092666,0.002902439024390244,2.0,66,2025-12-10 17:50:25+00:00,3.1597222222222223,0.955,0.06027397260273973
2025-12-10 21:00:00+00:00,2026-01-02 00:00:00+00:00,SMH,SMH260102P00322500,put,False,322.5,0.52,1.32,0.85,369.0,0.4112607702636719,0.03529957336092666,0.002902439024390244,1.0,75,2025-12-10 20:38:55+00:00,0.35138888888888886,0.92,0.06027397260273973
2025-12-10 21:00:00+00:00,2026-01-02 00:00:00+00:00,SMH,SMH260102P00325000,put,False,325.0,0.86,1.37,1.08,369.0,0.3983214465332031,0.03529957336092666,0.002902439024390244,16.0,51,2025-12-10 20:35:27+00:00,0.4091666666666667,1.115,0.06027397260273973
2025-12-10 21:00:00+00:00,2026-01-02 00:00:00+00:00,SMH,SMH260102P00327500,put,False,327.5,0.94,1.51,1.84,369.0,0.39124143920898435,0.03529957336092666,0.002902439024390244,1.0,12,2025-12-09 17:33:46+00:00,27.43722222222222,1.225,0.06027397260273973
2025-12-10 21:00:00+00:00,2026-01-02 00:00:00+00:00,SMH,SMH260102P00330000,put,False,330.0,0.92,1.76,1.35,369.0,0.39002074829101563,0.03529957336092666,0.002902439024390244,12.0,774,2025-12-10 20:53:21+00:00,0.11083333333333334,1.34,0.06027397260273973
2025-12-10 21:00:00+00:00,2026-01-02 00:00:00+00:00,SMH,SMH260102P00332500,put,False,332.5,1.2,1.85,1.5,369.0,0.37781383911132804,0.03529957336092666,0.002902439024390244,8.0,621,2025-12-10 21:01:49+00:00,0.0,1.525,0.06027397260273973
2025-12-10 21:00:00+00:00,2026-01-02 00:00:00+00:00,SMH,SMH260102P00335000,put,False,335.0,1.38,2.06,1.71,369.0,0.3717103845214844,0.03529957336092666,0.002902439024390244,8.0,31,2025-12-10 20:18:43+00:00,0.6880555555555555,1.72,0.06027397260273973
2025-12-10 21:00:00+00:00,2026-01-02 00:00:00+00:00,SMH,SMH260102P00337500,put,False,337.5,1.41,2.51,2.71,369.0,0.3763490100097656,0.03529957336092666,0.002902439024390244,1.0,30,2025-12-10 17:55:01+00:00,3.0830555555555557,1.96,0.06027397260273973
2025-12-10 21:00:00+00:00,2026-01-02 00:00:00+00:00,SMH,SMH260102P00340000,put,False,340.0,1.85,2.56,2.16,369.0,0.35999175170898434,0.03529957336092666,0.002902439024390244,16.0,535,2025-12-10 20:21:12+00:00,0.6466666666666666,2.205,0.06027397260273973
2025-12-10 21:00:00+00:00,2026-01-02 00:00:00+00:00,SMH,SMH260102P00342500,put,False,342.5,1.92,3.2,2.85,369.0,0.36902486450195315,0.03529957336092666,0.002902439024390244,26.0,36,2025-12-10 20:18:47+00:00,0.6869444444444445,2.56,0.06027397260273973
2025-12-10 21:00:00+00:00,2026-01-02 00:00:00+00:00,SMH,SMH260102P00345000,put,False,345.0,2.27,3.6,2.84,369.0,0.36524072265625,0.03529957336092666,0.002902439024390244,11.0,56,2025-12-10 20:18:43+00:00,0.6880555555555555,2.935,0.06027397260273973
2025-12-10 21:00:00+00:00,2026-01-02 00:00:00+00:00,SMH,SMH260102P00347500,put,False,347.5,2.81,3.95,3.21,369.0,0.3579165771484375,0.03529957336092666,0.002902439024390244,4.0,55,2025-12-10 20:18:47+00:00,0.6869444444444445,3.38,0.06027397260273973
2025-12-10 21:00:00+00:00,2026-01-02 00:00:00+00:00,SMH,SMH260102P00350000,put,False,350.0,3.0,4.2,3.5,369.0,0.3458317370605468,0.03529957336092666,0.002902439024390244,24.0,138,2025-12-10 20:53:38+00:00,0.10611111111111111,3.6,0.06027397260273973
2025-12-10 21:00:00+00:00,2026-01-02 00:00:00+00:00,SMH,SMH260102P00352500,put,False,352.5,3.4,5.05,4.16,369.0,0.35315588256835934,0.03529957336092666,0.002902439024390244,30.0,63,2025-12-10 20:05:19+00:00,0.9113888888888889,4.225,0.06027397260273973
2025-12-10 21:00:00+00:00,2026-01-02 00:00:00+00:00,SMH,SMH260102P00355000,put,False,355.0,3.65,6.1,4.51,369.0,0.3639589971923829,0.03529957336092666,0.002902439024390244,152.0,77,2025-12-10 20:11:33+00:00,0.8075,4.875,0.06027397260273973
2025-12-10 21:00:00+00:00,2026-01-02 00:00:00+00:00,SMH,SMH260102P00357500,put,False,357.5,4.5,6.2,5.4,369.0,0.3429631134033203,0.03529957336092666,0.002902439024390244,63.0,42,2025-12-10 21:04:42+00:00,0.0,5.35,0.06027397260273973
2025-12-10 21:00:00+00:00,2026-01-02 00:00:00+00:00,SMH,SMH260102P00360000,put,False,360.0,5.05,6.8,5.82,369.0,0.33618827880859375,0.03529957336092666,0.002902439024390244,6.0,21,2025-12-10 20:09:05+00:00,0.8486111111111111,5.925,0.06027397260273973
2025-12-10 21:00:00+00:00,2026-01-02 00:00:00+00:00,SMH,SMH260102P00362500,put,False,362.5,5.7,8.0,6.45,369.0,0.34479414978027345,0.03529957336092666,0.002902439024390244,9.0,3,2025-12-10 20:14:49+00:00,0.7530555555555556,6.85,0.06027397260273973
2025-12-10 21:00:00+00:00,2026-01-02 00:00:00+00:00,SMH,SMH260102P00365000,put,False,365.0,6.8,9.05,7.2,369.0,0.34668622070312494,0.03529957336092666,0.002902439024390244,3.0,21,2025-12-10 20:43:40+00:00,0.2722222222222222,7.925000000000001,0.06027397260273973
2025-12-10 21:00:00+00:00,2026-01-02 00:00:00+00:00,SMH,SMH260102P00367500,put,False,367.5,6.9,10.75,12.0,369.0,0.3639589971923829,0.03529957336092666,0.002902439024390244,1.0,2,2025-12-09 14:46:45+00:00,30.220833333333335,8.825,0.06027397260273973
2025-12-10 21:00:00+00:00,2026-01-02 00:00:00+00:00,SMH,SMH260102P00372500,put,False,372.5,9.15,12.45,12.8,369.0,0.34668622070312494,0.03529957336092666,0.002902439024390244,6.0,4,2025-12-10 19:31:47+00:00,1.4702777777777778,10.8,0.06027397260273973
2025-12-10 21:00:00+00:00,2026-01-02 00:00:00+00:00,SMH,SMH260102P00375000,put,True,375.0,10.9,13.35,11.5,369.0,0.33667655517578127,0.03529957336092666,0.002902439024390244,141.0,144,2025-12-10 20:11:14+00:00,0.8127777777777778,12.125,0.06027397260273973
2025-12-10 21:00:00+00:00,2026-01-02 00:00:00+00:00,SMH,SMH260102P00377500,put,True,377.5,11.45,15.3,30.96,369.0,0.35217932983398437,0.03529957336092666,0.002902439024390244,54.0,28,2025-11-28 17:28:01+00:00,291.53305555555556,13.375,0.06027397260273973
2025-12-10 21:00:00+00:00,2026-01-02 00:00:00+00:00,SMH,SMH260102P00380000,put,True,380.0,13.35,16.85,14.0,369.0,0.3552920916748046,0.03529957336092666,0.002902439024390244,1.0,5,2025-12-03 14:58:52+00:00,174.01888888888888,15.100000000000001,0.06027397260273973
2025-12-10 21:00:00+00:00,2026-01-02 00:00:00+00:00,SMH,SMH260102P00400000,put,True,400.0,28.0,31.6,61.0,369.0,0.3864197100830078,0.03529957336092666,0.002902439024390244,1.0,3,2025-11-24 17:55:00+00:00,387.0833333333333,29.8,0.06027397260273973
2025-12-10 21:00:00+00:00,2026-01-09 00:00:00+00:00,SMH,SMH260109C00250000,call,True,250.0,121.5,125.7,104.45,369.0,0.8452163916015624,0.03529957336092666,0.002902439024390244,,1,2025-12-01 17:23:17+00:00,219.61194444444445,123.6,0.07945205479452055
2025-12-10 21:00:00+00:00,2026-01-09 00:00:00+00:00,SMH,SMH260109C00255000,call,True,255.0,116.5,120.9,99.28,369.0,0.8305681005859374,0.03529957336092666,0.002902439024390244,,1,2025-12-01 17:24:49+00:00,219.58638888888888,118.7,0.07945205479452055
2025-12-10 21:00:00+00:00,2026-01-09 00:00:00+00:00,SMH,SMH260109C00310000,call,True,310.0,62.4,65.95,57.67,369.0,0.4721732470703125,0.03529957336092666,0.002902439024390244,1.0,1,2025-12-05 18:04:53+00:00,122.9186111111111,64.175,0.07945205479452055
2025-12-10 21:00:00+00:00,2026-01-09 00:00:00+00:00,SMH,SMH260109C00317500,call,True,317.5,55.25,58.9,49.6,369.0,0.4510552941894531,0.03529957336092666,0.002902439024390244,,1,2025-12-03 20:46:34+00:00,168.2238888888889,57.075,0.07945205479452055
2025-12-10 21:00:00+00:00,2026-01-09 00:00:00+00:00,SMH,SMH260109C00322500,call,True,322.5,50.85,54.05,43.94,369.0,0.4264583721923829,0.03529957336092666,0.002902439024390244,11.0,15,2025-12-04 17:24:22+00:00,147.5938888888889,52.45,0.07945205479452055
2025-12-10 21:00:00+00:00,2026-01-09 00:00:00+00:00,SMH,SMH260109C00330000,call,True,330.0,44.05,47.2,34.06,369.0,0.40668317932128906,0.03529957336092666,0.002902439024390244,1.0,1,2025-12-02 17:47:58+00:00,195.20055555555555,45.625,0.07945205479452055
2025-12-10 21:00:00+00:00,2026-01-09 00:00:00+00:00,SMH,SMH260109C00332500,call,True,332.5,41.3,44.95,33.94,369.0,0.39990834472656256,0.03529957336092666,0.002902439024390244,,1,2025-12-04 19:20:27+00:00,145.65916666666666,43.125,0.07945205479452055
2025-12-10 21:00:00+00:00,2026-01-09 00:00:00+00:00,SMH,SMH260109C00337500,call,True,337.5,37.05,40.55,34.0,369.0,0.3877624700927734,0.03529957336092666,0.002902439024390244,4.0,3,2025-12-05 16:58:54+00:00,124.01833333333333,38.8,0.07945205479452055
2025-12-10 21:00:00+00:00,2026-01-09 00:00:00+00:00,SMH,SMH260109C00340000,call,True,340.0,35.25,38.55,34.5,369.0,0.3872741937255859,0.03529957336092666,0.002902439024390244,3.0,6,2025-12-10 18:46:39+00:00,2.2225,36.9,0.07945205479452055
2025-12-10 21:00:00+00:00,2026-01-09 00:00:00+00:00,SMH,SMH260109C00342500,call,True,342.5,32.8,36.35,21.05,369.0,0.3787293572998046,0.03529957336092666,0.002902439024390244,1.0,1,2025-12-01 16:37:41+00:00,220.37194444444444,34.575,0.07945205479452055
2025-12-10 21:00:00+00:00,2026-01-09 00:00:00+00:00,SMH,SMH260109C00345000,call,True,345.0,30.5,34.3,29.29,369.0,0.3740907318115234,0.03529957336092666,0.002902439024390244,6.0,1,2025-12-09 17:37:36+00:00,27.373333333333335,32.4,0.07945205479452055
2025-12-10 21:00:00+00:00,2026-01-09 00:00:00+00:00,SMH,SMH260109C00347500,call,True,347.5,29.15,32.3,21.45,369.0,0.3698793481445312,0.03529957336092666,0.002902439024390244,1.0,2,2025-12-03 14:34:23+00:00,174.42694444444444,30.724999999999998,0.07945205479452055
2025-12-10 21:00:00+00:00,2026-01-09 00:00:00+00:00,SMH,SMH260109C00350000,call,True,350.0,27.15,30.35,29.6,369.0,0.36591210266113283,0.03529957336092666,0.002902439024390244,11.0,3,2025-12-10 20:09:09+00:00,0.8475,28.75,0.07945205479452055
2025-12-10 21:00:00+00:00,2026-01-09 00:00:00+00:00,SMH,SMH260109C00352500,call,True,352.5,24.95,28.4,19.31,369.0,0.3606631317138671,0.03529957336092666,0.002902439024390244,,1,2025-12-04 20:15:17+00:00,144.74527777777777,26.674999999999997,0.07945205479452055
2025-12-10 21:00:00+00:00,2026-01-09 00:00:00+00:00,SMH,SMH260109C00355000,call,True,355.0,23.35,26.6,21.65,369.0,0.3582827844238281,0.03529957336092666,0.002902439024390244,2.0,34,2025-12-09 15:52:25+00:00,29.12638888888889,24.975,0.07945205479452055
2025-12-10 21:00:00+00:00,2026-01-09 00:00:00+00:00,SMH,SMH260109C00357500,call,True,357.5,21.05,24.8,19.55,369.0,0.35443760803222646,0.03529957336092666,0.002902439024390244,1.0,30,2025-12-09 15:06:29+00:00,29.891944444444444,22.925,0.07945205479452055
2025-12-10 21:00:00+00:00,2026-01-09 00:00:00+00:00,SMH,SMH260109C00360000,call,True,360.0,19.55,22.9,18.3,369.0,0.34680828979492184,0.03529957336092666,0.002902439024390244,2.0,15,2025-12-05 20:06:41+00:00,120.88861111111112,21.225,0.07945205479452055
2025-12-10 21:00:00+00:00,2026-01-09 00:00:00+00:00,SMH,SMH260109C00362500,call,True,362.5,17.7,21.4,16.8,369.0,0.34778484252929687,0.03529957336092666,0.002902439024390244,2.0,11,2025-12-09 15:52:17+00:00,29.128611111111113,19.549999999999997,0.07945205479452055
2025-12-10 21:00:00+00:00,2026-01-09 00:00:00+00:00,SMH,SMH260109C00365000,call,True,365.0,16.3,19.8,18.23,369.0,0.344733115234375,0.03529957336092666,0.002902439024390244,1.0,19,2025-12-10 19:58:24+00:00,1.0266666666666666,18.05,0.07945205479452055
2025-12-10 21:00:00+00:00,2026-01-09 00:00:00+00:00,SMH,SMH260109C00367500,call,True,367.5,15.45,18.3,15.64,369.0,0.3426274234008788,0.03529957336092666,0.002902439024390244,10.0,34,2025-12-10 19:13:50+00:00,1.7694444444444444,16.875,0.07945205479452055
2025-12-10 21:00:00+00:00,2026-01-09 00:00:00+00:00,SMH,SMH260109C00370000,call,True,370.0,13.4,16.85,14.1,369.0,0.34015552429199214,0.03529957336092666,0.002902439024390244,4.0,37,2025-12-10 20:24:36+00:00,0.59,15.125,0.07945205479452055
2025-12-10 21:00:00+00:00,2026-01-09 00:00:00+00:00,SMH,SMH260109C00372500,call,True,372.5,12.0,15.45,14.83,369.0,0.3373479351806641,0.03529957336092666,0.002902439024390244,4.0,19,2025-12-10 19:58:24+00:00,1.0266666666666666,13.725,0.07945205479452055
2025-12-10 21:00:00+00:00,2026-01-09 00:00:00+00:00,SMH,SMH260109C00375000,call,False,375.0,11.55,14.0,13.27,369.0,0.3318243087768554,0.03529957336092666,0.002902439024390244,498.0,2068,2025-12-10 20:33:40+00:00,0.4388888888888889,12.775,0.07945205479452055
2025-12-10 21:00:00+00:00,2026-01-09 00:00:00+00:00,SMH,SMH260109C00380000,call,False,380.0,9.0,11.9,8.38,369.0,0.3345403460693359,0.03529957336092666,0.002902439024390244,1.0,10,2025-12-10 16:39:45+00:00,4.3375,10.45,0.07945205479452055
2025-12-10 21:00:00+00:00,2026-01-09 00:00:00+00:00,SMH,SMH260109C00382500,call,False,382.5,8.0,10.9,9.6,369.0,0.3347844842529296,0.03529957336092666,0.002902439024390244,1.0,5,2025-12-10 20:00:12+00:00,0.9966666666666667,9.45,0.07945205479452055
2025-12-10 21:00:00+00:00,2026-01-09 00:00:00+00:00,SMH,SMH260109C00385000,call,False,385.0,6.0,9.45,8.25,369.0,0.32282171325683584,0.03529957336092666,0.002902439024390244,11.0,8,2025-12-10 20:04:55+00:00,0.9180555555555555,7.725,0.07945205479452055
2025-12-10 21:00:00+00:00,2026-01-09 00:00:00+00:00,SMH,SMH260109C00390000,call,False,390.0,5.25,7.7,5.24,369.0,0.3212348150634765,0.03529957336092666,0.002902439024390244,1.0,10,2025-12-09 17:39:57+00:00,27.33416666666667,6.475,0.07945205479452055
2025-12-10 21:00:00+00:00,2026-01-09 00:00:00+00:00,SMH,SMH260109C00395000,call,False,395.0,3.1,6.65,5.66,369.0,0.33151913604736327,0.03529957336092666,0.002902439024390244,9.0,3,2025-12-10 20:09:40+00:00,0.8388888888888889,4.875,0.07945205479452055
2025-12-10 21:00:00+00:00,2026-01-09 00:00:00+00:00,SMH,SMH260109C00400000,call,False,400.0,2.65,4.55,4.35,369.0,0.3069527313232422,0.03529957336092666,0.002902439024390244,7.0,28,2025-12-10 18:50:02+00:00,2.1661111111111113,3.5999999999999996,0.07945205479452055
2025-12-10 21:00:00+00:00,2026-01-09 00:00:00+00:00,SMH,SMH260109C00405000,call,False,405.0,2.1,4.3,2.67,369.0,0.32996275512695306,0.03529957336092666,0.002902439024390244,16.0,54,2025-12-09 17:59:52+00:00,27.002222222222223,3.2,0.07945205479452055
2025-12-10 21:00:00+00:00,2026-01-09 00:00:00+00:00,SMH,SMH260109C00410000,call,False,410.0,1.59,3.4,2.29,369.0,0.32898620239257803,0.03529957336092666,0.002902439024390244,4.0,2,2025-12-10 19:49:25+00:00,1.176388888888889,2.495,0.07945205479452055
2025-12-10 21:00:00+00:00,2026-01-09 00:00:00+00:00,SMH,SMH260109C00430000,call,False,430.0,0.3,1.6,0.51,369.0,0.3490055334472656,0.03529957336092666,0.002902439024390244,1.0,3,2025-12-05 18:52:50+00:00,122.11944444444444,0.9500000000000001,0.07945205479452055
2025-12-10 21:00:00+00:00,2026-01-09 00:00:00+00:00,SMH,SMH260109P00230000,put,False,230.0,0.08,1.6,0.5,369.0,0.8813488427734374,0.03529957336092666,0.002902439024390244,,33,2025-12-04 17:48:50+00:00,147.1861111111111,0.8400000000000001,0.07945205479452055
2025-12-10 21:00:00+00:00,2026-01-09 00:00:00+00:00,SMH,SMH260109P00270000,put,False,270.0,0.0,0.6,0.5,369.0,0.5283250292968751,0.03529957336092666,0.002902439024390244,2.0,2,2025-12-05 15:14:55+00:00,125.75138888888888,0.3,0.07945205479452055
2025-12-10 21:00:00+00:00,2026-01-09 00:00:00+00:00,SMH,SMH260109P00280000,put,False,280.0,0.05,1.84,0.22,369.0,0.5778850805664062,0.03529957336092666,0.002902439024390244,7.0,8,2025-12-04 16:58:31+00:00,148.0247222222222,0.9450000000000001,0.07945205479452055
2025-12-10 21:00:00+00:00,2026-01-09 00:00:00+00:00,SMH,SMH260109P00290000,put,False,290.0,0.0,2.0,1.05,369.0,0.5246629565429688,0.03529957336092666,0.002902439024390244,1.0,1,2025-12-05 15:14:52+00:00,125.75222222222222,1.0,0.07945205479452055
2025-12-10 21:00:00+00:00,2026-01-09 00:00:00+00:00,SMH,SMH260109P00295000,put,False,295.0,0.0,2.12,2.35,369.0,0.5014698291015626,0.03529957336092666,0.002902439024390244,1.0,1,2025-11-28 15:10:24+00:00,293.82666666666665,1.06,0.07945205479452055
2025-12-10 21:00:00+00:00,2026-01-09 00:00:00+00:00,SMH,SMH260109P00300000,put,False,300.0,0.0,2.28,0.75,369.0,0.5639692041015626,0.03529957336092666,0.002902439024390244,10.0,8,2025-12-05 19:58:14+00:00,121.02944444444445,1.14,0.07945205479452055
2025-12-10 21:00:00+00:00,2026-01-09 00:00:00+00:00,SMH,SMH260109P00305000,put,False,305.0,0.0,2.69,1.2,369.0,0.5552412640380859,0.03529957336092666,0.002902439024390244,33.0,54,2025-12-04 17:48:50+00:00,147.1861111111111,1.345,0.07945205479452055
2025-12-10 21:00:00+00:00,2026-01-09 00:00:00+00:00,SMH,SMH260109P00310000,put,False,310.0,0.0,2.69,1.37,369.0,0.5217332983398437,0.03529957336092666,0.002902439024390244,1.0,7,2025-12-08 20:49:25+00:00,48.17638888888889,1.345,0.07945205479452055
2025-12-10 21:00:00+00:00,2026-01-09 00:00:00+00:00,SMH,SMH260109P00312500,put,False,312.5,0.0,2.83,2.95,369.0,0.5123339782714844,0.03529957336092666,0.002902439024390244,1.0,1,2025-12-02 14:45:09+00:00,198.2475,1.415,0.07945205479452055
2025-12-10 21:00:00+00:00,2026-01-09 00:00:00+00:00,SMH,SMH260109P00315000,put,False,315.0,0.0,3.3,2.37,369.0,0.5188036401367188,0.03529957336092666,0.002902439024390244,5.0,17,2025-12-04 15:57:23+00:00,149.04361111111112,1.65,0.07945205479452055
2025-12-10 21:00:00+00:00,2026-01-09 00:00:00+00:00,SMH,SMH260109P00317500,put,False,317.5,0.01,3.2,1.91,369.0,0.4968312036132813,0.03529957336092666,0.002902439024390244,1.0,3,2025-12-08 14:30:14+00:00,54.49611111111111,1.605,0.07945205479452055
2025-12-10 21:00:00+00:00,2026-01-09 00:00:00+00:00,SMH,SMH260109P00320000,put,False,320.0,0.49,3.0,1.46,369.0,0.47022014160156256,0.03529957336092666,0.002902439024390244,4.0,18,2025-12-10 20:51:48+00:00,0.13666666666666666,1.745,0.07945205479452055
2025-12-10 21:00:00+00:00,2026-01-09 00:00:00+00:00,SMH,SMH260109P00322500,put,False,322.5,0.24,3.7,3.45,369.0,0.4846242944335938,0.03529957336092666,0.002902439024390244,,2,2025-12-04 19:21:11+00:00,145.64694444444444,1.9700000000000002,0.07945205479452055
2025-12-10 21:00:00+00:00,2026-01-09 00:00:00+00:00,SMH,SMH260109P00325000,put,False,325.0,0.64,3.5,2.29,369.0,0.4585015087890626,0.03529957336092666,0.002902439024390244,1.0,10,2025-12-10 17:12:18+00:00,3.795,2.07,0.07945205479452055
2025-12-10 21:00:00+00:00,2026-01-09 00:00:00+00:00,SMH,SMH260109P00327500,put,False,327.5,0.37,3.25,4.52,369.0,0.4304256176757813,0.03529957336092666,0.002902439024390244,,1,2025-12-03 14:47:10+00:00,174.2138888888889,1.81,0.07945205479452055
2025-12-10 21:00:00+00:00,2026-01-09 00:00:00+00:00,SMH,SMH260109P00330000,put,False,330.0,1.69,3.25,2.66,369.0,0.41321387573242185,0.03529957336092666,0.002902439024390244,3.0,7,2025-12-10 19:04:06+00:00,1.9316666666666666,2.4699999999999998,0.07945205479452055
2025-12-10 21:00:00+00:00,2026-01-09 00:00:00+00:00,SMH,SMH260109P00332500,put,False,332.5,1.75,3.2,2.43,369.0,0.3939269592285156,0.03529957336092666,0.002902439024390244,1.0,39,2025-12-08 20:40:58+00:00,48.31722222222222,2.475,0.07945205479452055
2025-12-10 21:00:00+00:00,2026-01-09 00:00:00+00:00,SMH,SMH260109P00335000,put,False,335.0,1.28,4.1,3.64,369.0,0.4115049084472656,0.03529957336092666,0.002902439024390244,4.0,9,2025-12-10 14:30:02+00:00,6.499444444444444,2.69,0.07945205479452055
2025-12-10 21:00:00+00:00,2026-01-09 00:00:00+00:00,SMH,SMH260109P00340000,put,False,340.0,2.05,4.95,4.6,369.0,0.40442490112304685,0.03529957336092666,0.002902439024390244,1.0,8,2025-12-09 15:23:57+00:00,29.600833333333334,3.5,0.07945205479452055
2025-12-10 21:00:00+00:00,2026-01-09 00:00:00+00:00,SMH,SMH260109P00342500,put,False,342.5,2.5,5.5,5.26,369.0,0.40320421020507813,0.03529957336092666,0.002902439024390244,11.0,37,2025-12-09 18:04:25+00:00,26.926388888888887,4.0,0.07945205479452055
2025-12-10 21:00:00+00:00,2026-01-09 00:00:00+00:00,SMH,SMH260109P00345000,put,False,345.0,2.89,5.8,5.38,369.0,0.39288937194824214,0.03529957336092666,0.002902439024390244,1.0,30,2025-12-09 19:16:17+00:00,25.72861111111111,4.345,0.07945205479452055
2025-12-10 21:00:00+00:00,2026-01-09 00:00:00+00:00,SMH,SMH260109P00347500,put,False,347.5,2.88,6.65,9.04,369.0,0.39819937744140627,0.03529957336092666,0.002902439024390244,5.0,6,2025-12-03 17:27:06+00:00,171.54833333333335,4.765000000000001,0.07945205479452055
2025-12-10 21:00:00+00:00,2026-01-09 00:00:00+00:00,SMH,SMH260109P00350000,put,False,350.0,4.3,6.55,6.8,369.0,0.37460952545166015,0.03529957336092666,0.002902439024390244,17.0,20,2025-12-09 20:50:00+00:00,24.166666666666668,5.425,0.07945205479452055
2025-12-10 21:00:00+00:00,2026-01-09 00:00:00+00:00,SMH,SMH260109P00352500,put,False,352.5,4.55,7.6,7.4,369.0,0.38281867187499996,0.03529957336092666,0.002902439024390244,1.0,6,2025-12-09 19:53:15+00:00,25.1125,6.074999999999999,0.07945205479452055
2025-12-10 21:00:00+00:00,2026-01-09 00:00:00+00:00,SMH,SMH260109P00355000,put,False,355.0,4.45,8.2,8.35,369.0,0.37698987274169915,0.03529957336092666,0.002902439024390244,1.0,7,2025-12-08 14:56:52+00:00,54.05222222222222,6.324999999999999,0.07945205479452055
2025-12-10 21:00:00+00:00,2026-01-09 00:00:00+00:00,SMH,SMH260109P00357500,put,False,357.5,5.0,8.95,9.65,369.0,0.37390762817382805,0.03529957336092666,0.002902439024390244,1.0,3,2025-12-08 16:34:47+00:00,52.42027777777778,6.975,0.07945205479452055
2025-12-10 21:00:00+00:00,2026-01-09 00:00:00+00:00,SMH,SMH260109P00360000,put,False,360.0,5.95,10.0,10.71,369.0,0.37695935546875,0.03529957336092666,0.002902439024390244,9.0,7,2025-12-08 20:18:27+00:00,48.6925,7.975,0.07945205479452055
2025-12-10 21:00:00+00:00,2026-01-09 00:00:00+00:00,SMH,SMH260109P00362500,put,False,362.5,6.85,10.4,10.75,369.0,0.36255520263671875,0.03529957336092666,0.002902439024390244,16.0,18,2025-12-09 16:30:40+00:00,28.488888888888887,8.625,0.07945205479452055
2025-12-10 21:00:00+00:00,2026-01-09 00:00:00+00:00,SMH,SMH260109P00365000,put,False,365.0,8.25,10.85,9.49,369.0,0.3484257052612304,0.03529957336092666,0.002902439024390244,2.0,9,2025-12-09 20:29:31+00:00,24.508055555555554,9.55,0.07945205479452055
2025-12-10 21:00:00+00:00,2026-01-09 00:00:00+00:00,SMH,SMH260109P00370000,put,False,370.0,9.95,13.35,11.39,369.0,0.35419346984863276,0.03529957336092666,0.002902439024390244,2.0,34,2025-12-09 18:30:15+00:00,26.495833333333334,11.649999999999999,0.07945205479452055
2025-12-10 21:00:00+00:00,2026-01-09 00:00:00+00:00,SMH,SMH260109P00400000,put,True,400.0,29.05,32.7,42.87,369.0,0.3701845208740234,0.03529957336092666,0.002902439024390244,5.0,2,2025-12-02 19:04:31+00:00,193.92472222222221,30.875,0.07945205479452055
2025-12-10 21:00:00+00:00,2026-01-09 00:00:00+00:00,SMH,SMH260109P00410000,put,True,410.0,37.7,41.25,57.4,369.0,0.39197385375976557,0.03529957336092666,0.002902439024390244,,1,2025-12-01 17:00:50+00:00,219.98611111111111,39.475,0.07945205479452055
2025-12-10 21:00:00+00:00,2026-01-16 00:00:00+00:00,SMH,SMH260116C00075000,call,True,75.0,268.55,272.5,247.26,369.0,1.0000000000000003e-05,0.03529957336092666,0.002902439024390244,3.0,16,2025-09-23 19:59:23+00:00,1873.0102777777777,270.525,0.09863013698630137
2025-12-10 21:00:00+00:00,2026-01-16 00:00:00+00:00,SMH,SMH260116C00080000,call,True,80.0,263.6,267.5,238.0,369.0,1.0000000000000003e-05,0.03529957336092666,0.002902439024390244,1.0,2,2025-09-18 19:31:09+00:00,1993.4808333333333,265.55,0.09863013698630137
2025-12-10 21:00:00+00:00,2026-01-16 00:00:00+00:00,SMH,SMH260116C00085000,call,True,85.0,166.25,169.8,177.99,369.0,1.0000000000000003e-05,0.03529957336092666,0.002902439024390244,1.0,17,2024-12-16 05:02:21+00:00,8631.960833333333,168.025,0.09863013698630137
2025-12-10 21:00:00+00:00,2026-01-16 00:00:00+00:00,SMH,SMH260116C00090000,call,True,90.0,147.55,152.5,134.71,369.0,1.0000000000000003e-05,0.03529957336092666,0.002902439024390244,1.0,2,2024-12-16 05:02:21+00:00,8631.960833333333,150.025,0.09863013698630137
2025-12-10 21:00:00+00:00,2026-01-16 00:00:00+00:00,SMH,SMH260116C00095000,call,True,95.0,141.6,145.3,140.82,369.0,1.0000000000000003e-05,0.03529957336092666,0.002902439024390244,1.0,2,2024-12-16 05:02:22+00:00,8631.960555555555,143.45,0.09863013698630137
2025-12-10 21:00:00+00:00,2026-01-16 00:00:00+00:00,SMH,SMH260116C00100000,call,True,100.0,271.0,275.95,251.25,369.0,2.2553754553222656,0.03529957336092666,0.002902439024390244,4.0,40,2025-11-28 16:52:17+00:00,292.1286111111111,273.475,0.09863013698630137
2025-12-10 21:00:00+00:00,2026-01-16 00:00:00+00:00,SMH,SMH260116C00105000,call,True,105.0,134.35,137.2,147.29,369.0,1.0000000000000003e-05,0.03529957336092666,0.002902439024390244,5.0,20,2024-12-06 16:30:48+00:00,8860.486666666666,135.77499999999998,0.09863013698630137
2025-12-10 21:00:00+00:00,2026-01-16 00:00:00+00:00,SMH,SMH260116C00110000,call,True,110.0,261.0,265.95,237.96,369.0,2.1001024060058593,0.03529957336092666,0.002902439024390244,2.0,13,2025-11-14 18:14:41+00:00,626.7552777777778,263.475,0.09863013698630137
2025-12-10 21:00:00+00:00,2026-01-16 00:00:00+00:00,SMH,SMH260116C00115000,call,True,115.0,228.75,232.65,223.74,369.0,1.0000000000000003e-05,0.03529957336092666,0.002902439024390244,5.0,17,2025-10-03 19:17:00+00:00,1633.7166666666667,230.7,0.09863013698630137
2025-12-10 21:00:00+00:00,2026-01-16 00:00:00+00:00,SMH,SMH260116C00120000,call,True,120.0,251.0,255.8,231.93,369.0,1.9296878515625,0.03529957336092666,0.002902439024390244,2.0,17,2025-11-11 15:32:43+00:00,701.4547222222222,253.4,0.09863013698630137
2025-12-10 21:00:00+00:00,2026-01-16 00:00:00+00:00,SMH,SMH260116C00125000,call,True,125.0,131.5,134.25,96.25,369.0,1.0000000000000003e-05,0.03529957336092666,0.002902439024390244,2.0,3,2025-05-07 14:59:01+00:00,5214.016388888889,132.875,0.09863013698630137
2025-12-10 21:00:00+00:00,2026-01-16 00:00:00+00:00,SMH,SMH260116C00130000,call,True,130.0,206.35,209.45,162.3,369.0,1.0000000000000003e-05,0.03529957336092666,0.002902439024390244,2.0,29,2025-09-05 15:14:25+00:00,2309.759722222222,207.89999999999998,0.09863013698630137
2025-12-10 21:00:00+00:00,2026-01-16 00:00:00+00:00,SMH,SMH260116C00135000,call,True,135.0,190.55,195.0,162.99,369.0,1.0000000000000003e-05,0.03529957336092666,0.002902439024390244,8.0,57,2025-09-08 19:58:57+00:00,2233.0175,192.775,0.09863013698630137
2025-12-10 21:00:00+00:00,2026-01-16 00:00:00+00:00,SMH,SMH260116C00136000,call,True,136.0,189.55,194.0,162.08,369.0,1.0000000000000003e-05,0.03529957336092666,0.002902439024390244,8.0,18,2025-09-08 19:58:57+00:00,2233.0175,191.775,0.09863013698630137
2025-12-10 21:00:00+00:00,2026-01-16 00:00:00+00:00,SMH,SMH260116C00137000,call,True,137.0,199.3,202.75,157.88,369.0,1.0000000000000003e-05,0.03529957336092666,0.002902439024390244,26.0,31,2025-09-05 19:57:38+00:00,2305.0394444444446,201.025,0.09863013698630137
2025-12-10 21:00:00+00:00,2026-01-16 00:00:00+00:00,SMH,SMH260116C00138000,call,True,138.0,198.3,201.85,156.97,369.0,1.0000000000000003e-05,0.03529957336092666,0.002902439024390244,26.0,42,2025-09-05 19:57:38+00:00,2305.0394444444446,200.075,0.09863013698630137
2025-12-10 21:00:00+00:00,2026-01-16 00:00:00+00:00,SMH,SMH260116C00140000,call,True,140.0,203.9,207.8,182.5,369.0,1.0000000000000003e-05,0.03529957336092666,0.002902439024390244,1.0,49,2025-09-24 19:57:39+00:00,1849.0391666666667,205.85000000000002,0.09863013698630137
2025-12-10 21:00:00+00:00,2026-01-16 00:00:00+00:00,SMH,SMH260116C00141000,call,True,141.0,184.65,189.3,161.73,369.0,1.0000000000000003e-05,0.03529957336092666,0.002902439024390244,10.0,15,2025-09-10 19:52:52+00:00,2185.1188888888887,186.97500000000002,0.09863013698630137
2025-12-10 21:00:00+00:00,2026-01-16 00:00:00+00:00,SMH,SMH260116C00142000,call,True,142.0,0.0,0.0,77.2,369.0,1.0000000000000003e-05,0.03529957336092666,0.002902439024390244,4.0,0,2025-04-01 17:38:46+00:00,6075.353888888889,0.0,0.09863013698630137
2025-12-10 21:00:00+00:00,2026-01-16 00:00:00+00:00,SMH,SMH260116C00143000,call,True,143.0,145.2,146.45,124.1,369.0,1.0000000000000003e-05,0.03529957336092666,0.002902439024390244,1.0,5,2025-06-17 17:54:02+00:00,4227.099444444444,145.825,0.09863013698630137
2025-12-10 21:00:00+00:00,2026-01-16 00:00:00+00:00,SMH,SMH260116C00144000,call,True,144.0,112.05,115.45,125.18,369.0,1.0000000000000003e-05,0.03529957336092666,0.002902439024390244,2.0,5,2024-12-16 05:02:20+00:00,8631.961111111112,113.75,0.09863013698630137
2025-12-10 21:00:00+00:00,2026-01-16 00:00:00+00:00,SMH,SMH260116C00145000,call,True,145.0,198.45,202.8,193.97,369.0,1.0000000000000003e-05,0.03529957336092666,0.002902439024390244,5.0,39,2025-10-03 19:17:00+00:00,1633.7166666666667,200.625,0.09863013698630137
2025-12-10 21:00:00+00:00,2026-01-16 00:00:00+00:00,SMH,SMH260116C00146000,call,True,146.0,191.65,196.1,200.49,369.0,1.0000000000000003e-05,0.03529957336092666,0.002902439024390244,2.0,3,2025-10-23 17:46:01+00:00,1155.2330555555557,193.875,0.09863013698630137
2025-12-10 21:00:00+00:00,2026-01-16 00:00:00+00:00,SMH,SMH260116C00147000,call,True,147.0,0.0,0.0,85.0,369.0,1.0000000000000003e-05,0.03529957336092666,0.002902439024390244,1.0,1,2025-03-03 20:10:29+00:00,6768.825277777778,0.0,0.09863013698630137
2025-12-10 21:00:00+00:00,2026-01-16 00:00:00+00:00,SMH,SMH260116C00148000,call,True,148.0,78.45,79.5,47.49,369.0,1.0000000000000003e-05,0.03529957336092666,0.002902439024390244,1.0,1,2025-04-04 19:53:06+00:00,6001.115,78.975,0.09863013698630137
2025-12-10 21:00:00+00:00,2026-01-16 00:00:00+00:00,SMH,SMH260116C00149000,call,True,149.0,81.4,82.5,51.05,369.0,1.0000000000000003e-05,0.03529957336092666,0.002902439024390244,7.0,9,2025-04-08 17:35:16+00:00,5907.412222222222,81.95,0.09863013698630137
2025-12-10 21:00:00+00:00,2026-01-16 00:00:00+00:00,SMH,SMH260116C00150000,call,True,150.0,221.0,225.95,214.0,369.0,1.6022969104003906,0.03529957336092666,0.002902439024390244,10.0,312,2025-11-05 20:28:28+00:00,840.5255555555556,223.475,0.09863013698630137
2025-12-10 21:00:00+00:00,2026-01-16 00:00:00+00:00,SMH,SMH260116C00151000,call,True,151.0,142.75,146.1,145.68,369.0,1.0000000000000003e-05,0.03529957336092666,0.002902439024390244,12.0,14,2025-08-08 18:50:00+00:00,2978.1666666666665,144.425,0.09863013698630137
2025-12-10 21:00:00+00:00,2026-01-16 00:00:00+00:00,SMH,SMH260116C00152000,call,True,152.0,100.1,102.3,103.24,369.0,1.0000000000000003e-05,0.03529957336092666,0.002902439024390244,3.0,3,2025-01-02 15:45:51+00:00,8213.235833333334,101.19999999999999,0.09863013698630137
2025-12-10 21:00:00+00:00,2026-01-16 00:00:00+00:00,SMH,SMH260116C00153000,call,True,153.0,74.05,75.15,54.82,369.0,1.0000000000000003e-05,0.03529957336092666,0.002902439024390244,4.0,20,2025-04-03 18:15:17+00:00,6026.745277777778,74.6,0.09863013698630137
2025-12-10 21:00:00+00:00,2026-01-16 00:00:00+00:00,SMH,SMH260116C00154000,call,True,154.0,90.65,93.05,101.36,369.0,1.0000000000000003e-05,0.03529957336092666,0.002902439024390244,4.0,0,2024-12-09 20:39:37+00:00,8784.339722222223,91.85,0.09863013698630137
2025-12-10 21:00:00+00:00,2026-01-16 00:00:00+00:00,SMH,SMH260116C00155000,call,True,155.0,188.55,192.95,188.29,369.0,1.0000000000000003e-05,0.03529957336092666,0.002902439024390244,6.0,48,2025-10-08 14:01:57+00:00,1518.9675,190.75,0.09863013698630137
2025-12-10 21:00:00+00:00,2026-01-16 00:00:00+00:00,SMH,SMH260116C00156000,call,True,156.0,92.3,93.45,46.9,369.0,1.0000000000000003e-05,0.03529957336092666,0.002902439024390244,1.0,10,2025-04-21 13:48:52+00:00,5599.185555555556,92.875,0.09863013698630137
2025-12-10 21:00:00+00:00,2026-01-16 00:00:00+00:00,SMH,SMH260116C00157000,call,True,157.0,139.1,140.25,131.38,369.0,1.0000000000000003e-05,0.03529957336092666,0.002902439024390244,1.0,20,2025-07-14 14:30:30+00:00,3582.491666666667,139.675,0.09863013698630137
2025-12-10 21:00:00+00:00,2026-01-16 00:00:00+00:00,SMH,SMH260116C00158000,call,True,158.0,104.35,105.45,94.93,369.0,1.0000000000000003e-05,0.03529957336092666,0.002902439024390244,1.0,5,2025-05-16 16:29:42+00:00,4996.505,104.9,0.09863013698630137
2025-12-10 21:00:00+00:00,2026-01-16 00:00:00+00:00,SMH,SMH260116C00159000,call,True,159.0,72.95,73.85,42.85,369.0,1.0000000000000003e-05,0.03529957336092666,0.002902439024390244,3.0,13,2025-04-09 15:29:40+00:00,5885.5055555555555,73.4,0.09863013698630137
2025-12-10 21:00:00+00:00,2026-01-16 00:00:00+00:00,SMH,SMH260116C00160000,call,True,160.0,197.5,201.65,203.0,369.0,1.0000000000000003e-05,0.03529957336092666,0.002902439024390244,1.0,76,2025-10-28 16:42:21+00:00,1036.2941666666666,199.575,0.09863013698630137
2025-12-10 21:00:00+00:00,2026-01-16 00:00:00+00:00,SMH,SMH260116C00161000,call,True,161.0,100.45,101.5,64.85,369.0,1.0000000000000003e-05,0.03529957336092666,0.002902439024390244,2.0,3,2025-05-06 15:03:08+00:00,5237.947777777777,100.975,0.09863013698630137
2025-12-10 21:00:00+00:00,2026-01-16 00:00:00+00:00,SMH,SMH260116C00162000,call,True,162.0,0.0,0.0,137.85,369.0,1.0000000000000003e-05,0.03529957336092666,0.002902439024390244,12.0,31,2025-08-18 19:17:41+00:00,2737.7052777777776,0.0,0.09863013698630137
2025-12-10 21:00:00+00:00,2026-01-16 00:00:00+00:00,SMH,SMH260116C00163000,call,True,163.0,46.6,48.4,76.65,369.0,1.0000000000000003e-05,0.03529957336092666,0.002902439024390244,2.0,0,2025-02-28 18:50:32+00:00,6842.1577777777775,47.5,0.09863013698630137
2025-12-10 21:00:00+00:00,2026-01-16 00:00:00+00:00,SMH,SMH260116C00164000,call,True,164.0,180.1,184.0,159.06,369.0,1.0000000000000003e-05,0.03529957336092666,0.002902439024390244,2.0,56,2025-09-24 19:11:50+00:00,1849.8027777777777,182.05,0.09863013698630137
2025-12-10 21:00:00+00:00,2026-01-16 00:00:00+00:00,SMH,SMH260116C00165000,call,True,165.0,206.3,210.5,204.1,369.0,1.3786652160644528,0.03529957336092666,0.002902439024390244,2.0,51,2025-12-09 17:51:22+00:00,27.14388888888889,208.4,0.09863013698630137
2025-12-10 21:00:00+00:00,2026-01-16 00:00:00+00:00,SMH,SMH260116C00170000,call,True,170.0,167.85,172.3,175.72,369.0,1.0000000000000003e-05,0.03529957336092666,0.002902439024390244,1.0,82,2025-10-23 17:33:55+00:00,1155.4347222222223,170.075,0.09863013698630137
2025-12-10 21:00:00+00:00,2026-01-16 00:00:00+00:00,SMH,SMH260116C00175000,call,True,175.0,182.7,186.7,185.4,369.0,1.0000000000000003e-05,0.03529957336092666,0.002902439024390244,1.0,72,2025-10-27 19:01:12+00:00,1057.98,184.7,0.09863013698630137
2025-12-10 21:00:00+00:00,2026-01-16 00:00:00+00:00,SMH,SMH260116C00180000,call,True,180.0,191.35,195.25,189.5,369.0,1.2041055419921873,0.03529957336092666,0.002902439024390244,1.0,289,2025-12-09 20:50:16+00:00,24.162222222222223,193.3,0.09863013698630137
2025-12-10 21:00:00+00:00,2026-01-16 00:00:00+00:00,SMH,SMH260116C00185000,call,True,185.0,186.35,190.55,146.63,369.0,1.2124062817382812,0.03529957336092666,0.002902439024390244,3.0,116,2025-11-25 14:54:10+00:00,366.09722222222223,188.45,0.09863013698630137
2025-12-10 21:00:00+00:00,2026-01-16 00:00:00+00:00,SMH,SMH260116C00190000,call,True,190.0,181.35,185.45,160.83,369.0,1.1567424975585938,0.03529957336092666,0.002902439024390244,10.0,323,2025-11-26 20:30:05+00:00,336.49861111111113,183.39999999999998,0.09863013698630137
2025-12-10 21:00:00+00:00,2026-01-16 00:00:00+00:00,SMH,SMH260116C00195000,call,True,195.0,176.35,180.25,136.98,369.0,1.0859420703125,0.03529957336092666,0.002902439024390244,1.0,1517,2025-11-25 14:56:53+00:00,366.0519444444444,178.3,0.09863013698630137
2025-12-10 21:00:00+00:00,2026-01-16 00:00:00+00:00,SMH,SMH260116C00200000,call,True,200.0,171.35,175.55,162.12,369.0,1.0932662524414063,0.03529957336092666,0.002902439024390244,1.0,359,2025-12-03 17:54:44+00:00,171.08777777777777,173.45,0.09863013698630137
2025-12-10 21:00:00+00:00,2026-01-16 00:00:00+00:00,SMH,SMH260116C00205000,call,True,205.0,153.15,156.2,162.6,369.0,1.0000000000000003e-05,0.03529957336092666,0.002902439024390244,1.0,1179,2025-10-30 15:18:57+00:00,989.6841666666667,154.675,0.09863013698630137
2025-12-10 21:00:00+00:00,2026-01-16 00:00:00+00:00,SMH,SMH260116C00210000,call,True,210.0,161.0,165.95,143.68,369.0,1.0673874755859378,0.03529957336092666,0.002902439024390244,1.0,317,2025-12-01 16:43:53+00:00,220.2686111111111,163.475,0.09863013698630137
2025-12-10 21:00:00+00:00,2026-01-16 00:00:00+00:00,SMH,SMH260116C00215000,call,True,215.0,156.0,160.95,125.34,369.0,1.0297900073242188,0.03529957336092666,0.002902439024390244,2.0,2055,2025-11-24 19:45:50+00:00,385.2361111111111,158.475,0.09863013698630137
2025-12-10 21:00:00+00:00,2026-01-16 00:00:00+00:00,SMH,SMH260116C00220000,call,True,220.0,151.0,156.0,145.6,369.0,0.9982910327148438,0.03529957336092666,0.002902439024390244,1.0,1686,2025-12-05 19:54:54+00:00,121.085,153.5,0.09863013698630137
2025-12-10 21:00:00+00:00,2026-01-16 00:00:00+00:00,SMH,SMH260116C00225000,call,True,225.0,146.45,150.65,135.8,369.0,0.9238288867187501,0.03529957336092666,0.002902439024390244,12.0,408,2025-12-03 16:35:45+00:00,172.40416666666667,148.55,0.09863013698630137
2025-12-10 21:00:00+00:00,2026-01-16 00:00:00+00:00,SMH,SMH260116C00230000,call,True,230.0,141.45,145.7,134.84,369.0,0.8952647192382811,0.03529957336092666,0.002902439024390244,1.0,256,2025-12-05 20:57:39+00:00,120.03916666666667,143.575,0.09863013698630137
2025-12-10 21:00:00+00:00,2026-01-16 00:00:00+00:00,SMH,SMH260116C00235000,call,True,235.0,136.5,140.35,114.67,369.0,0.8212908496093749,0.03529957336092666,0.002902439024390244,1.0,1529,2025-11-26 16:50:10+00:00,340.1638888888889,138.425,0.09863013698630137
2025-12-10 21:00:00+00:00,2026-01-16 00:00:00+00:00,SMH,SMH260116C00240000,call,True,240.0,131.5,135.7,125.85,369.0,0.8281267187499999,0.03529957336092666,0.002902439024390244,1.0,2004,2025-12-05 19:31:21+00:00,121.4775,133.6,0.09863013698630137
2025-12-10 21:00:00+00:00,2026-01-16 00:00:00+00:00,SMH,SMH260116C00245000,call,True,245.0,126.55,130.4,118.37,369.0,0.7634301000976562,0.03529957336092666,0.002902439024390244,11.0,2362,2025-12-04 17:24:22+00:00,147.5938888888889,128.475,0.09863013698630137
2025-12-10 21:00:00+00:00,2026-01-16 00:00:00+00:00,SMH,SMH260116C00250000,call,True,250.0,121.5,126.45,117.37,369.0,0.8292253405761718,0.03529957336092666,0.002902439024390244,2.0,2153,2025-12-08 20:43:44+00:00,48.27111111111111,123.975,0.09863013698630137
2025-12-10 21:00:00+00:00,2026-01-16 00:00:00+00:00,SMH,SMH260116C00255000,call,True,255.0,116.6,120.8,108.47,369.0,0.7412135253906249,0.03529957336092666,0.002902439024390244,11.0,564,2025-12-04 17:24:22+00:00,147.5938888888889,118.69999999999999,0.09863013698630137
2025-12-10 21:00:00+00:00,2026-01-16 00:00:00+00:00,SMH,SMH260116C00260000,call,True,260.0,111.65,115.85,114.98,369.0,0.7142362561035156,0.03529957336092666,0.002902439024390244,1.0,2416,2025-12-08 14:32:38+00:00,54.45611111111111,113.75,0.09863013698630137
2025-12-10 21:00:00+00:00,2026-01-16 00:00:00+00:00,SMH,SMH260116C00265000,call,True,265.0,106.7,110.8,96.1,369.0,0.6789582885742189,0.03529957336092666,0.002902439024390244,1.0,2482,2025-12-03 16:18:09+00:00,172.6975,108.75,0.09863013698630137
2025-12-10 21:00:00+00:00,2026-01-16 00:00:00+00:00,SMH,SMH260116C00270000,call,True,270.0,101.75,105.9,95.6,369.0,0.6567417138671876,0.03529957336092666,0.002902439024390244,20.0,2998,2025-12-05 20:39:56+00:00,120.33444444444444,103.825,0.09863013698630137
2025-12-10 21:00:00+00:00,2026-01-16 00:00:00+00:00,SMH,SMH260116C00275000,call,True,275.0,96.8,101.15,100.0,369.0,0.6451451501464844,0.03529957336092666,0.002902439024390244,7.0,3422,2025-12-10 14:34:55+00:00,6.418055555555555,98.975,0.09863013698630137
2025-12-10 21:00:00+00:00,2026-01-16 00:00:00+00:00,SMH,SMH260116C00280000,call,True,280.0,91.95,95.75,87.87,369.0,0.584965087890625,0.03529957336092666,0.002902439024390244,2.0,1461,2025-12-08 20:44:43+00:00,48.25472222222222,93.85,0.09863013698630137
2025-12-10 21:00:00+00:00,2026-01-16 00:00:00+00:00,SMH,SMH260116C00285000,call,True,285.0,87.5,90.85,78.66,369.0,0.5632367895507813,0.03529957336092666,0.002902439024390244,4.0,1744,2025-12-04 18:56:15+00:00,146.0625,89.175,0.09863013698630137
2025-12-10 21:00:00+00:00,2026-01-16 00:00:00+00:00,SMH,SMH260116C00290000,call,True,290.0,82.55,85.95,71.95,369.0,0.5411422839355471,0.03529957336092666,0.002902439024390244,5.0,3124,2025-12-02 20:06:11+00:00,192.89694444444444,84.25,0.09863013698630137
2025-12-10 21:00:00+00:00,2026-01-16 00:00:00+00:00,SMH,SMH260116C00295000,call,True,295.0,77.7,80.95,75.16,369.0,0.5120898400878906,0.03529957336092666,0.002902439024390244,1.0,1203,2025-12-09 18:33:16+00:00,26.445555555555554,79.325,0.09863013698630137
2025-12-10 21:00:00+00:00,2026-01-16 00:00:00+00:00,SMH,SMH260116C00300000,call,True,300.0,72.85,76.25,73.05,369.0,0.5015918981933594,0.03529957336092666,0.002902439024390244,11.0,6534,2025-12-10 17:03:39+00:00,3.9391666666666665,74.55,0.09863013698630137
2025-12-10 21:00:00+00:00,2026-01-16 00:00:00+00:00,SMH,SMH260116C00305000,call,True,305.0,67.75,71.35,63.72,369.0,0.4779104943847656,0.03529957336092666,0.002902439024390244,1.0,1608,2025-12-08 19:56:56+00:00,49.05111111111111,69.55,0.09863013698630137
2025-12-10 21:00:00+00:00,2026-01-16 00:00:00+00:00,SMH,SMH260116C00310000,call,True,310.0,63.2,66.7,52.55,369.0,0.46655806884765627,0.03529957336092666,0.002902439024390244,14.0,3629,2025-12-02 18:57:46+00:00,194.03722222222223,64.95,0.09863013698630137
2025-12-10 21:00:00+00:00,2026-01-16 00:00:00+00:00,SMH,SMH260116C00315000,call,True,315.0,58.7,61.9,55.97,369.0,0.44605046142578125,0.03529957336092666,0.002902439024390244,1.0,1225,2025-12-10 17:23:07+00:00,3.6147222222222224,60.3,0.09863013698630137
2025-12-10 21:00:00+00:00,2026-01-16 00:00:00+00:00,SMH,SMH260116C00320000,call,True,320.0,53.85,57.3,51.6,369.0,0.4331111376953125,0.03529957336092666,0.002902439024390244,8.0,3803,2025-12-09 17:24:14+00:00,27.59611111111111,55.575,0.09863013698630137
2025-12-10 21:00:00+00:00,2026-01-16 00:00:00+00:00,SMH,SMH260116C00325000,call,True,325.0,49.4,52.75,47.0,369.0,0.4198056066894531,0.03529957336092666,0.002902439024390244,5.0,3954,2025-12-09 19:29:23+00:00,25.510277777777777,51.075,0.09863013698630137
2025-12-10 21:00:00+00:00,2026-01-16 00:00:00+00:00,SMH,SMH260116C00330000,call,True,330.0,45.2,48.35,48.65,369.0,0.4094297338867187,0.03529957336092666,0.002902439024390244,1.0,3224,2025-12-10 20:26:30+00:00,0.5583333333333333,46.775000000000006,0.09863013698630137
2025-12-10 21:00:00+00:00,2026-01-16 00:00:00+00:00,SMH,SMH260116C00335000,call,True,335.0,41.3,44.0,43.64,369.0,0.39765006652832036,0.03529957336092666,0.002902439024390244,14.0,1557,2025-12-10 20:35:39+00:00,0.4058333333333333,42.65,0.09863013698630137
2025-12-10 21:00:00+00:00,2026-01-16 00:00:00+00:00,SMH,SMH260116C00340000,call,True,340.0,36.15,39.8,39.65,369.0,0.3874572973632812,0.03529957336092666,0.002902439024390244,108.0,4512,2025-12-10 20:28:00+00:00,0.5333333333333333,37.974999999999994,0.09863013698630137
2025-12-10 21:00:00+00:00,2026-01-16 00:00:00+00:00,SMH,SMH260116C00345000,call,True,345.0,33.1,35.65,34.63,369.0,0.3753724572753906,0.03529957336092666,0.002902439024390244,125.0,1831,2025-12-10 21:06:49+00:00,0.0,34.375,0.09863013698630137
2025-12-10 21:00:00+00:00,2026-01-16 00:00:00+00:00,SMH,SMH260116C00350000,call,True,350.0,28.25,32.0,31.55,369.0,0.372625902709961,0.03529957336092666,0.002902439024390244,15.0,2846,2025-12-10 20:28:00+00:00,0.5333333333333333,30.125,0.09863013698630137
2025-12-10 21:00:00+00:00,2026-01-16 00:00:00+00:00,SMH,SMH260116C00355000,call,True,355.0,25.1,28.3,26.93,369.0,0.36414210083007814,0.03529957336092666,0.002902439024390244,9.0,298,2025-12-10 21:06:49+00:00,0.0,26.700000000000003,0.09863013698630137
2025-12-10 21:00:00+00:00,2026-01-16 00:00:00+00:00,SMH,SMH260116C00360000,call,True,360.0,22.3,24.55,24.41,369.0,0.35053139709472647,0.03529957336092666,0.002902439024390244,89.0,2913,2025-12-10 20:35:53+00:00,0.40194444444444444,23.425,0.09863013698630137
2025-12-10 21:00:00+00:00,2026-01-16 00:00:00+00:00,SMH,SMH260116C00365000,call,True,365.0,19.0,21.3,21.02,369.0,0.3438175970458984,0.03529957336092666,0.002902439024390244,83.0,3347,2025-12-10 20:03:15+00:00,0.9458333333333333,20.15,0.09863013698630137
2025-12-10 21:00:00+00:00,2026-01-16 00:00:00+00:00,SMH,SMH260116C00370000,call,True,370.0,16.1,18.2,17.65,369.0,0.3356084506225586,0.03529957336092666,0.002902439024390244,284.0,1410,2025-12-10 20:59:23+00:00,0.010277777777777778,17.15,0.09863013698630137
2025-12-10 21:00:00+00:00,2026-01-16 00:00:00+00:00,SMH,SMH260116C00375000,call,False,375.0,13.3,15.6,15.08,369.0,0.3329534478759766,0.03529957336092666,0.002902439024390244,142.0,399,2025-12-10 20:53:34+00:00,0.10722222222222222,14.45,0.09863013698630137
2025-12-10 21:00:00+00:00,2026-01-16 00:00:00+00:00,SMH,SMH260116C00380000,call,False,380.0,10.9,13.1,12.39,369.0,0.32721620056152345,0.03529957336092666,0.002902439024390244,218.0,2893,2025-12-10 21:01:13+00:00,0.0,12.0,0.09863013698630137
2025-12-10 21:00:00+00:00,2026-01-16 00:00:00+00:00,SMH,SMH260116C00385000,call,False,385.0,9.2,10.6,10.02,369.0,0.3161689477539062,0.03529957336092666,0.002902439024390244,329.0,6841,2025-12-10 21:08:21+00:00,0.0,9.899999999999999,0.09863013698630137
2025-12-10 21:00:00+00:00,2026-01-16 00:00:00+00:00,SMH,SMH260116C00390000,call,False,390.0,7.45,9.0,8.64,369.0,0.31909860595703116,0.03529957336092666,0.002902439024390244,1050.0,3323,2025-12-10 20:25:05+00:00,0.5819444444444445,8.225,0.09863013698630137
2025-12-10 21:00:00+00:00,2026-01-16 00:00:00+00:00,SMH,SMH260116C00395000,call,False,395.0,5.75,7.7,7.0,369.0,0.32401188690185534,0.03529957336092666,0.002902439024390244,432.0,320,2025-12-10 20:53:34+00:00,0.10722222222222222,6.725,0.09863013698630137
2025-12-10 21:00:00+00:00,2026-01-16 00:00:00+00:00,SMH,SMH260116C00400000,call,False,400.0,4.7,6.25,5.8,369.0,0.320746538696289,0.03529957336092666,0.002902439024390244,414.0,6754,2025-12-10 20:42:40+00:00,0.28888888888888886,5.475,0.09863013698630137
2025-12-10 21:00:00+00:00,2026-01-16 00:00:00+00:00,SMH,SMH260116C00405000,call,False,405.0,4.1,5.0,4.55,369.0,0.31726756958007807,0.03529957336092666,0.002902439024390244,1427.0,3685,2025-12-10 20:43:25+00:00,0.2763888888888889,4.55,0.09863013698630137
2025-12-10 21:00:00+00:00,2026-01-16 00:00:00+00:00,SMH,SMH260116C00410000,call,False,410.0,2.82,3.85,3.55,369.0,0.31098101135253897,0.03529957336092666,0.002902439024390244,93.0,715,2025-12-10 20:58:53+00:00,0.01861111111111111,3.335,0.09863013698630137
2025-12-10 21:00:00+00:00,2026-01-16 00:00:00+00:00,SMH,SMH260116C00420000,call,False,420.0,1.83,2.38,2.18,369.0,0.30823445678710937,0.03529957336092666,0.002902439024390244,10.0,6669,2025-12-10 20:20:08+00:00,0.6644444444444444,2.105,0.09863013698630137
2025-12-10 21:00:00+00:00,2026-01-16 00:00:00+00:00,SMH,SMH260116C00430000,call,False,430.0,1.01,1.5,1.19,369.0,0.31024859680175776,0.03529957336092666,0.002902439024390244,7.0,972,2025-12-10 21:02:08+00:00,0.0,1.255,0.09863013698630137
2025-12-10 21:00:00+00:00,2026-01-16 00:00:00+00:00,SMH,SMH260116C00440000,call,False,440.0,0.62,1.13,0.86,369.0,0.32581240600585937,0.03529957336092666,0.002902439024390244,3.0,1075,2025-12-10 20:39:30+00:00,0.3416666666666667,0.875,0.09863013698630137
2025-12-10 21:00:00+00:00,2026-01-16 00:00:00+00:00,SMH,SMH260116C00450000,call,False,450.0,0.22,0.82,0.55,369.0,0.3371648315429688,0.03529957336092666,0.002902439024390244,11.0,2368,2025-12-10 20:26:21+00:00,0.5608333333333333,0.52,0.09863013698630137
2025-12-10 21:00:00+00:00,2026-01-16 00:00:00+00:00,SMH,SMH260116C00460000,call,False,460.0,0.2,0.57,0.2,369.0,0.34497725341796875,0.03529957336092666,0.002902439024390244,3.0,54,2025-12-10 20:17:24+00:00,0.71,0.385,0.09863013698630137
2025-12-10 21:00:00+00:00,2026-01-16 00:00:00+00:00,SMH,SMH260116C00470000,call,False,470.0,0.01,0.62,0.1,369.0,0.37915659912109373,0.03529957336092666,0.002902439024390244,1.0,3131,2025-12-10 14:34:57+00:00,6.4175,0.315,0.09863013698630137
2025-12-10 21:00:00+00:00,2026-01-16 00:00:00+00:00,SMH,SMH260116C00480000,call,False,480.0,0.05,0.62,0.17,369.0,0.407232490234375,0.03529957336092666,0.002902439024390244,1.0,7816,2025-12-10 14:55:13+00:00,6.079722222222222,0.335,0.09863013698630137
2025-12-10 21:00:00+00:00,2026-01-16 00:00:00+00:00,SMH,SMH260116C00490000,call,False,490.0,0.0,0.58,0.18,369.0,0.42969320312500003,0.03529957336092666,0.002902439024390244,2.0,26,2025-11-21 16:47:07+00:00,460.21472222222224,0.29,0.09863013698630137
2025-12-10 21:00:00+00:00,2026-01-16 00:00:00+00:00,SMH,SMH260116C00500000,call,False,500.0,0.03,0.25,0.16,369.0,0.4028380029296875,0.03529957336092666,0.002902439024390244,300.0,2683,2025-12-10 18:02:49+00:00,2.9530555555555558,0.14,0.09863013698630137
2025-12-10 21:00:00+00:00,2026-01-16 00:00:00+00:00,SMH,SMH260116C00510000,call,False,510.0,0.02,0.2,0.11,369.0,0.41358008300781246,0.03529957336092666,0.002902439024390244,61.0,345,2025-12-09 20:50:00+00:00,24.166666666666668,0.11,0.09863013698630137
2025-12-10 21:00:00+00:00,2026-01-16 00:00:00+00:00,SMH,SMH260116P00075000,put,False,75.0,0.0,0.04,0.02,369.0,1.5937520312499998,0.03529957336092666,0.002902439024390244,1.0,1090,2025-12-04 18:44:11+00:00,146.26361111111112,0.02,0.09863013698630137
2025-12-10 21:00:00+00:00,2026-01-16 00:00:00+00:00,SMH,SMH260116P00080000,put,False,80.0,0.0,0.12,0.05,369.0,1.6796891015625,0.03529957336092666,0.002902439024390244,1.0,83,2025-12-01 16:12:14+00:00,220.79611111111112,0.06,0.09863013698630137
2025-12-10 21:00:00+00:00,2026-01-16 00:00:00+00:00,SMH,SMH260116P00085000,put,False,85.0,0.0,0.24,0.05,369.0,1.732423212890625,0.03529957336092666,0.002902439024390244,1.0,148,2025-09-12 15:46:28+00:00,2141.2255555555557,0.12,0.09863013698630137
2025-12-10 21:00:00+00:00,2026-01-16 00:00:00+00:00,SMH,SMH260116P00090000,put,False,90.0,0.0,0.16,0.05,369.0,1.6015644921874999,0.03529957336092666,0.002902439024390244,40.0,153,2025-09-22 17:55:30+00:00,1899.075,0.08,0.09863013698630137
2025-12-10 21:00:00+00:00,2026-01-16 00:00:00+00:00,SMH,SMH260116P00095000,put,False,95.0,0.0,0.3,0.04,369.0,1.64453302734375,0.03529957336092666,0.002902439024390244,22.0,88,2025-09-22 18:13:21+00:00,1898.7775,0.15,0.09863013698630137
2025-12-10 21:00:00+00:00,2026-01-16 00:00:00+00:00,SMH,SMH260116P00100000,put,False,100.0,0.0,0.38,0.02,369.0,1.626954990234375,0.03529957336092666,0.002902439024390244,2.0,3244,2025-12-08 20:05:46+00:00,48.903888888888886,0.19,0.09863013698630137
2025-12-10 21:00:00+00:00,2026-01-16 00:00:00+00:00,SMH,SMH260116P00105000,put,False,105.0,0.0,0.81,0.06,369.0,1.7216810791015624,0.03529957336092666,0.002902439024390244,2.0,84,2025-10-28 17:59:37+00:00,1035.006388888889,0.405,0.09863013698630137
2025-12-10 21:00:00+00:00,2026-01-16 00:00:00+00:00,SMH,SMH260116P00110000,put,False,110.0,0.0,0.41,0.05,369.0,1.5273461132812498,0.03529957336092666,0.002902439024390244,3.0,510,2025-10-28 18:43:01+00:00,1034.2830555555556,0.205,0.09863013698630137
2025-12-10 21:00:00+00:00,2026-01-16 00:00:00+00:00,SMH,SMH260116P00115000,put,False,115.0,0.0,2.13,0.07,369.0,1.8452156176757812,0.03529957336092666,0.002902439024390244,5.0,320,2025-11-21 20:21:18+00:00,456.645,1.065,0.09863013698630137
2025-12-10 21:00:00+00:00,2026-01-16 00:00:00+00:00,SMH,SMH260116P00120000,put,False,120.0,0.0,2.13,0.06,369.0,1.7822276513671875,0.03529957336092666,0.002902439024390244,5.0,1071,2025-11-28 16:53:38+00:00,292.1061111111111,1.065,0.09863013698630137
2025-12-10 21:00:00+00:00,2026-01-16 00:00:00+00:00,SMH,SMH260116P00125000,put,False,125.0,0.0,2.13,0.11,369.0,1.7221693579101562,0.03529957336092666,0.002902439024390244,11.0,363,2025-11-21 14:49:37+00:00,462.17305555555555,1.065,0.09863013698630137
2025-12-10 21:00:00+00:00,2026-01-16 00:00:00+00:00,SMH,SMH260116P00130000,put,False,130.0,0.0,2.13,0.09,369.0,1.664552458496094,0.03529957336092666,0.002902439024390244,2.0,312,2025-12-08 20:57:42+00:00,48.038333333333334,1.065,0.09863013698630137
2025-12-10 21:00:00+00:00,2026-01-16 00:00:00+00:00,SMH,SMH260116P00135000,put,False,135.0,0.0,0.33,0.15,369.0,1.2500037499999999,0.03529957336092666,0.002902439024390244,61.0,222,2025-10-27 15:46:06+00:00,1061.2316666666666,0.165,0.09863013698630137
2025-12-10 21:00:00+00:00,2026-01-16 00:00:00+00:00,SMH,SMH260116P00136000,put,False,136.0,0.0,0.0,0.42,369.0,0.500005,0.03529957336092666,0.002902439024390244,2.0,41,2025-08-25 15:52:41+00:00,2573.1219444444446,0.0,0.09863013698630137
2025-12-10 21:00:00+00:00,2026-01-16 00:00:00+00:00,SMH,SMH260116P00137000,put,False,137.0,0.0,0.62,0.11,369.0,1.3300814746093748,0.03529957336092666,0.002902439024390244,2.0,37,2025-10-30 16:59:09+00:00,988.0141666666667,0.31,0.09863013698630137
2025-12-10 21:00:00+00:00,2026-01-16 00:00:00+00:00,SMH,SMH260116P00138000,put,False,138.0,0.0,0.31,0.22,369.0,1.2168007910156249,0.03529957336092666,0.002902439024390244,1.0,30,2025-09-26 18:38:41+00:00,1802.3552777777777,0.155,0.09863013698630137
2025-12-10 21:00:00+00:00,2026-01-16 00:00:00+00:00,SMH,SMH260116P00139000,put,False,139.0,0.0,0.59,0.14,369.0,1.303714418945312,0.03529957336092666,0.002902439024390244,2.0,34,2025-10-30 17:01:46+00:00,987.9705555555555,0.295,0.09863013698630137
2025-12-10 21:00:00+00:00,2026-01-16 00:00:00+00:00,SMH,SMH260116P00140000,put,False,140.0,0.0,2.13,0.13,369.0,1.5561545629882811,0.03529957336092666,0.002902439024390244,1.0,1085,2025-11-19 18:43:47+00:00,506.2702777777778,1.065,0.09863013698630137
2025-12-10 21:00:00+00:00,2026-01-16 00:00:00+00:00,SMH,SMH260116P00141000,put,False,141.0,0.0,0.0,0.48,369.0,0.500005,0.03529957336092666,0.002902439024390244,2.0,83,2025-08-25 15:54:58+00:00,2573.083888888889,0.0,0.09863013698630137
2025-12-10 21:00:00+00:00,2026-01-16 00:00:00+00:00,SMH,SMH260116P00142000,put,False,142.0,0.0,0.48,0.15,369.0,1.2451209619140622,0.03529957336092666,0.002902439024390244,2.0,27,2025-10-30 17:05:06+00:00,987.915,0.24,0.09863013698630137
2025-12-10 21:00:00+00:00,2026-01-16 00:00:00+00:00,SMH,SMH260116P00143000,put,False,143.0,0.0,0.53,0.17,369.0,1.2519568652343749,0.03529957336092666,0.002902439024390244,2.0,50,2025-10-31 16:41:12+00:00,964.3133333333334,0.265,0.09863013698630137
2025-12-10 21:00:00+00:00,2026-01-16 00:00:00+00:00,SMH,SMH260116P00144000,put,False,144.0,0.0,0.51,0.19,369.0,1.2373085009765623,0.03529957336092666,0.002902439024390244,2.0,44,2025-10-31 16:43:41+00:00,964.2719444444444,0.255,0.09863013698630137
2025-12-10 21:00:00+00:00,2026-01-16 00:00:00+00:00,SMH,SMH260116P00145000,put,False,145.0,0.0,2.13,0.12,369.0,1.5043970092773438,0.03529957336092666,0.002902439024390244,5.0,203,2025-11-28 16:53:38+00:00,292.1061111111111,1.065,0.09863013698630137
2025-12-10 21:00:00+00:00,2026-01-16 00:00:00+00:00,SMH,SMH260116P00146000,put,False,146.0,0.0,0.47,0.19,369.0,1.2089883300781248,0.03529957336092666,0.002902439024390244,4.0,38,2025-10-31 16:48:17+00:00,964.1952777777777,0.235,0.09863013698630137
2025-12-10 21:00:00+00:00,2026-01-16 00:00:00+00:00,SMH,SMH260116P00147000,put,False,147.0,0.0,0.46,0.17,369.0,1.197269638671875,0.03529957336092666,0.002902439024390244,2.0,14,2025-10-31 16:50:42+00:00,964.155,0.23,0.09863013698630137
2025-12-10 21:00:00+00:00,2026-01-16 00:00:00+00:00,SMH,SMH260116P00148000,put,False,148.0,0.0,0.44,0.19,369.0,1.1826212744140623,0.03529957336092666,0.002902439024390244,8.0,61,2025-10-30 17:17:44+00:00,987.7044444444444,0.22,0.09863013698630137
2025-12-10 21:00:00+00:00,2026-01-16 00:00:00+00:00,SMH,SMH260116P00149000,put,False,149.0,0.0,0.42,0.2,369.0,1.1679729101562502,0.03529957336092666,0.002902439024390244,2.0,26,2025-10-30 17:19:52+00:00,987.6688888888889,0.21,0.09863013698630137
2025-12-10 21:00:00+00:00,2026-01-16 00:00:00+00:00,SMH,SMH260116P00150000,put,False,150.0,0.0,1.0,0.05,369.0,1.2978550732421872,0.03529957336092666,0.002902439024390244,2.0,1203,2025-12-02 18:36:54+00:00,194.385,0.5,0.09863013698630137
2025-12-10 21:00:00+00:00,2026-01-16 00:00:00+00:00,SMH,SMH260116P00151000,put,False,151.0,0.0,0.38,0.19,369.0,1.138676181640625,0.03529957336092666,0.002902439024390244,2.0,52,2025-10-31 16:53:59+00:00,964.1002777777778,0.19,0.09863013698630137
2025-12-10 21:00:00+00:00,2026-01-16 00:00:00+00:00,SMH,SMH260116P00152000,put,False,152.0,0.0,0.2,0.2,369.0,1.052739111328125,0.03529957336092666,0.002902439024390244,2.0,129,2025-10-31 16:55:20+00:00,964.0777777777778,0.1,0.09863013698630137
2025-12-10 21:00:00+00:00,2026-01-16 00:00:00+00:00,SMH,SMH260116P00153000,put,False,153.0,0.0,0.19,0.23,369.0,1.0410204199218753,0.03529957336092666,0.002902439024390244,6.0,280,2025-10-28 18:14:07+00:00,1034.7647222222222,0.095,0.09863013698630137
2025-12-10 21:00:00+00:00,2026-01-16 00:00:00+00:00,SMH,SMH260116P00154000,put,False,154.0,0.0,0.31,0.22,369.0,1.08984830078125,0.03529957336092666,0.002902439024390244,6.0,21,2025-10-28 18:16:10+00:00,1034.7305555555556,0.155,0.09863013698630137
2025-12-10 21:00:00+00:00,2026-01-16 00:00:00+00:00,SMH,SMH260116P00155000,put,False,155.0,0.0,2.14,0.2,369.0,1.408206083984375,0.03529957336092666,0.002902439024390244,6.0,306,2025-12-04 14:40:38+00:00,150.3227777777778,1.07,0.09863013698630137
2025-12-10 21:00:00+00:00,2026-01-16 00:00:00+00:00,SMH,SMH260116P00156000,put,False,156.0,0.0,0.16,0.26,369.0,1.001958115234375,0.03529957336092666,0.002902439024390244,10.0,117,2025-10-27 16:51:15+00:00,1060.1458333333333,0.08,0.09863013698630137
2025-12-10 21:00:00+00:00,2026-01-16 00:00:00+00:00,SMH,SMH260116P00157000,put,False,157.0,0.0,0.23,0.22,369.0,1.0332079589843752,0.03529957336092666,0.002902439024390244,2.0,29,2025-10-31 16:58:31+00:00,964.0247222222222,0.115,0.09863013698630137
2025-12-10 21:00:00+00:00,2026-01-16 00:00:00+00:00,SMH,SMH260116P00158000,put,False,158.0,0.0,1.68,0.22,369.0,1.3276400805664061,0.03529957336092666,0.002902439024390244,1.0,21,2025-11-13 20:32:45+00:00,648.4541666666667,0.84,0.09863013698630137
2025-12-10 21:00:00+00:00,2026-01-16 00:00:00+00:00,SMH,SMH260116P00159000,put,False,159.0,0.0,0.16,0.23,369.0,0.9804689453125001,0.03529957336092666,0.002902439024390244,4.0,481,2025-10-31 17:03:55+00:00,963.9347222222223,0.08,0.09863013698630137
2025-12-10 21:00:00+00:00,2026-01-16 00:00:00+00:00,SMH,SMH260116P00160000,put,False,160.0,0.0,0.8,0.04,369.0,1.1757853710937498,0.03529957336092666,0.002902439024390244,2.0,911,2025-12-05 16:06:35+00:00,124.89027777777778,0.4,0.09863013698630137
2025-12-10 21:00:00+00:00,2026-01-16 00:00:00+00:00,SMH,SMH260116P00161000,put,False,161.0,0.0,0.16,0.22,369.0,0.96679720703125,0.03529957336092666,0.002902439024390244,2.0,630,2025-10-30 17:25:51+00:00,987.5691666666667,0.08,0.09863013698630137
2025-12-10 21:00:00+00:00,2026-01-16 00:00:00+00:00,SMH,SMH260116P00162000,put,False,162.0,0.0,0.17,0.23,369.0,0.96679720703125,0.03529957336092666,0.002902439024390244,2.0,423,2025-10-30 17:26:49+00:00,987.5530555555556,0.085,0.09863013698630137
2025-12-10 21:00:00+00:00,2026-01-16 00:00:00+00:00,SMH,SMH260116P00163000,put,False,163.0,0.0,0.17,0.25,369.0,0.9609378906249999,0.03529957336092666,0.002902439024390244,6.0,470,2025-10-30 17:30:11+00:00,987.4969444444445,0.085,0.09863013698630137
2025-12-10 21:00:00+00:00,2026-01-16 00:00:00+00:00,SMH,SMH260116P00164000,put,False,164.0,0.0,0.17,0.26,369.0,0.9531254687499999,0.03529957336092666,0.002902439024390244,8.0,475,2025-10-30 17:35:21+00:00,987.4108333333334,0.085,0.09863013698630137
2025-12-10 21:00:00+00:00,2026-01-16 00:00:00+00:00,SMH,SMH260116P00165000,put,False,165.0,0.0,2.14,0.06,369.0,1.3168979467773436,0.03529957336092666,0.002902439024390244,80.0,2581,2025-12-08 15:58:01+00:00,53.033055555555556,1.07,0.09863013698630137
2025-12-10 21:00:00+00:00,2026-01-16 00:00:00+00:00,SMH,SMH260116P00170000,put,False,170.0,0.0,2.15,0.05,369.0,1.2744176904296873,0.03529957336092666,0.002902439024390244,2.0,2901,2025-12-08 16:06:02+00:00,52.89944444444444,1.075,0.09863013698630137
2025-12-10 21:00:00+00:00,2026-01-16 00:00:00+00:00,SMH,SMH260116P00175000,put,False,175.0,0.0,2.15,0.11,369.0,1.231937434082031,0.03529957336092666,0.002902439024390244,2.0,3437,2025-12-03 17:36:16+00:00,171.39555555555555,1.075,0.09863013698630137
2025-12-10 21:00:00+00:00,2026-01-16 00:00:00+00:00,SMH,SMH260116P00180000,put,False,180.0,0.0,0.4,0.08,369.0,0.937500625,0.03529957336092666,0.002902439024390244,151.0,4071,2025-12-08 15:57:45+00:00,53.0375,0.2,0.09863013698630137
2025-12-10 21:00:00+00:00,2026-01-16 00:00:00+00:00,SMH,SMH260116P00185000,put,False,185.0,0.01,2.17,0.06,369.0,1.1533245458984376,0.03529957336092666,0.002902439024390244,1.0,1452,2025-12-10 18:21:53+00:00,2.6352777777777776,1.0899999999999999,0.09863013698630137
2025-12-10 21:00:00+00:00,2026-01-16 00:00:00+00:00,SMH,SMH260116P00190000,put,False,190.0,0.0,2.17,0.11,369.0,1.1135298229980468,0.03529957336092666,0.002902439024390244,8.0,5543,2025-12-10 18:59:38+00:00,2.006111111111111,1.085,0.09863013698630137
2025-12-10 21:00:00+00:00,2026-01-16 00:00:00+00:00,SMH,SMH260116P00195000,put,False,195.0,0.0,2.18,0.09,369.0,1.076176494140625,0.03529957336092666,0.002902439024390244,2.0,3558,2025-12-08 15:58:45+00:00,53.020833333333336,1.09,0.09863013698630137
2025-12-10 21:00:00+00:00,2026-01-16 00:00:00+00:00,SMH,SMH260116P00200000,put,False,200.0,0.05,0.24,0.1,369.0,0.7812521875,0.03529957336092666,0.002902439024390244,10.0,5200,2025-12-09 20:50:22+00:00,24.160555555555554,0.145,0.09863013698630137
2025-12-10 21:00:00+00:00,2026-01-16 00:00:00+00:00,SMH,SMH260116P00205000,put,False,205.0,0.05,2.2,0.24,369.0,1.0083057397460937,0.03529957336092666,0.002902439024390244,2.0,2098,2025-12-02 20:16:20+00:00,192.7277777777778,1.125,0.09863013698630137
2025-12-10 21:00:00+00:00,2026-01-16 00:00:00+00:00,SMH,SMH260116P00210000,put,False,210.0,0.0,1.09,0.16,369.0,0.8647474462890624,0.03529957336092666,0.002902439024390244,1.0,3135,2025-12-03 20:53:42+00:00,168.105,0.545,0.09863013698630137
2025-12-10 21:00:00+00:00,2026-01-16 00:00:00+00:00,SMH,SMH260116P00215000,put,False,215.0,0.06,0.32,0.23,369.0,0.7216824707031251,0.03529957336092666,0.002902439024390244,3.0,4387,2025-12-03 17:22:16+00:00,171.6288888888889,0.19,0.09863013698630137
2025-12-10 21:00:00+00:00,2026-01-16 00:00:00+00:00,SMH,SMH260116P00220000,put,False,220.0,0.1,1.18,0.31,369.0,0.82226740234375,0.03529957336092666,0.002902439024390244,1.0,4978,2025-12-03 15:19:28+00:00,173.67555555555555,0.64,0.09863013698630137
2025-12-10 21:00:00+00:00,2026-01-16 00:00:00+00:00,SMH,SMH260116P00225000,put,False,225.0,0.07,0.54,0.29,369.0,0.709963837890625,0.03529957336092666,0.002902439024390244,14.0,1196,2025-12-03 16:40:23+00:00,172.32694444444445,0.30500000000000005,0.09863013698630137
2025-12-10 21:00:00+00:00,2026-01-16 00:00:00+00:00,SMH,SMH260116P00230000,put,False,230.0,0.0,0.29,0.18,369.0,0.6201209863281252,0.03529957336092666,0.002902439024390244,2.0,9253,2025-12-09 15:05:22+00:00,29.910555555555554,0.145,0.09863013698630137
2025-12-10 21:00:00+00:00,2026-01-16 00:00:00+00:00,SMH,SMH260116P00235000,put,False,235.0,0.01,0.51,0.28,369.0,0.6411168701171875,0.03529957336092666,0.002902439024390244,20.0,2301,2025-12-05 20:31:46+00:00,120.47055555555555,0.26,0.09863013698630137
2025-12-10 21:00:00+00:00,2026-01-16 00:00:00+00:00,SMH,SMH260116P00240000,put,False,240.0,0.01,0.52,0.27,369.0,0.6162147753906251,0.03529957336092666,0.002902439024390244,8.0,2687,2025-12-10 18:59:38+00:00,2.006111111111111,0.265,0.09863013698630137
2025-12-10 21:00:00+00:00,2026-01-16 00:00:00+00:00,SMH,SMH260116P00245000,put,False,245.0,0.13,0.35,0.29,369.0,0.5830119824218749,0.03529957336092666,0.002902439024390244,1.0,1345,2025-12-09 17:31:39+00:00,27.4725,0.24,0.09863013698630137
2025-12-10 21:00:00+00:00,2026-01-16 00:00:00+00:00,SMH,SMH260116P00250000,put,False,250.0,0.1,0.38,0.32,369.0,0.5581098876953126,0.03529957336092666,0.002902439024390244,35.0,20242,2025-12-09 20:50:22+00:00,24.160555555555554,0.24,0.09863013698630137
2025-12-10 21:00:00+00:00,2026-01-16 00:00:00+00:00,SMH,SMH260116P00255000,put,False,255.0,0.18,0.6,0.48,369.0,0.5717816259765626,0.03529957336092666,0.002902439024390244,2.0,8358,2025-12-05 15:27:45+00:00,125.5375,0.39,0.09863013698630137
2025-12-10 21:00:00+00:00,2026-01-16 00:00:00+00:00,SMH,SMH260116P00260000,put,False,260.0,0.25,0.41,0.33,369.0,0.5327195166015625,0.03529957336092666,0.002902439024390244,99.0,6337,2025-12-10 20:57:21+00:00,0.04416666666666667,0.32999999999999996,0.09863013698630137
2025-12-10 21:00:00+00:00,2026-01-16 00:00:00+00:00,SMH,SMH260116P00265000,put,False,265.0,0.19,0.4,0.37,369.0,0.500005,0.03529957336092666,0.002902439024390244,73.0,4731,2025-12-10 20:54:06+00:00,0.09833333333333333,0.29500000000000004,0.09863013698630137
2025-12-10 21:00:00+00:00,2026-01-16 00:00:00+00:00,SMH,SMH260116P00270000,put,False,270.0,0.15,0.51,0.38,369.0,0.51758294921875,0.03529957336092666,0.002902439024390244,22.0,19442,2025-12-10 20:35:12+00:00,0.41333333333333333,0.33,0.09863013698630137
2025-12-10 21:00:00+00:00,2026-01-16 00:00:00+00:00,SMH,SMH260116P00275000,put,False,275.0,0.01,0.64,0.62,369.0,0.5117236328125,0.03529957336092666,0.002902439024390244,2.0,10522,2025-12-09 19:44:55+00:00,25.25138888888889,0.325,0.09863013698630137
2025-12-10 21:00:00+00:00,2026-01-16 00:00:00+00:00,SMH,SMH260116P00280000,put,False,280.0,0.45,0.63,0.52,369.0,0.4846242944335938,0.03529957336092666,0.002902439024390244,154.0,5134,2025-12-10 20:42:25+00:00,0.29305555555555557,0.54,0.09863013698630137
2025-12-10 21:00:00+00:00,2026-01-16 00:00:00+00:00,SMH,SMH260116P00285000,put,False,285.0,0.51,0.9,0.68,369.0,0.4904836108398438,0.03529957336092666,0.002902439024390244,7.0,4649,2025-12-10 20:25:05+00:00,0.5819444444444445,0.7050000000000001,0.09863013698630137
2025-12-10 21:00:00+00:00,2026-01-16 00:00:00+00:00,SMH,SMH260116P00290000,put,False,290.0,0.42,0.75,0.67,369.0,0.44836977416992185,0.03529957336092666,0.002902439024390244,179.0,6157,2025-12-10 20:57:21+00:00,0.04416666666666667,0.585,0.09863013698630137
2025-12-10 21:00:00+00:00,2026-01-16 00:00:00+00:00,SMH,SMH260116P00295000,put,False,295.0,0.56,1.11,0.82,369.0,0.4572808178710938,0.03529957336092666,0.002902439024390244,144.0,1880,2025-12-10 20:54:06+00:00,0.09833333333333333,0.8350000000000001,0.09863013698630137
2025-12-10 21:00:00+00:00,2026-01-16 00:00:00+00:00,SMH,SMH260116P00300000,put,False,300.0,0.88,1.16,0.99,369.0,0.4348201049804688,0.03529957336092666,0.002902439024390244,121.0,15366,2025-12-10 20:44:15+00:00,0.2625,1.02,0.09863013698630137
2025-12-10 21:00:00+00:00,2026-01-16 00:00:00+00:00,SMH,SMH260116P00305000,put,False,305.0,1.07,1.46,1.1,369.0,0.4299373413085938,0.03529957336092666,0.002902439024390244,178.0,10710,2025-12-10 20:25:05+00:00,0.5819444444444445,1.2650000000000001,0.09863013698630137
2025-12-10 21:00:00+00:00,2026-01-16 00:00:00+00:00,SMH,SMH260116P00310000,put,False,310.0,0.94,1.78,1.38,369.0,0.42249112670898437,0.03529957336092666,0.002902439024390244,171.0,4432,2025-12-10 20:41:12+00:00,0.31333333333333335,1.3599999999999999,0.09863013698630137
2025-12-10 21:00:00+00:00,2026-01-16 00:00:00+00:00,SMH,SMH260116P00315000,put,False,315.0,1.46,2.04,1.62,369.0,0.40869731933593745,0.03529957336092666,0.002902439024390244,92.0,7099,2025-12-10 20:48:58+00:00,0.18388888888888888,1.75,0.09863013698630137
2025-12-10 21:00:00+00:00,2026-01-16 00:00:00+00:00,SMH,SMH260116P00320000,put,False,320.0,1.82,2.31,1.99,369.0,0.3934386828613281,0.03529957336092666,0.002902439024390244,150.0,4966,2025-12-10 20:59:16+00:00,0.012222222222222223,2.065,0.09863013698630137
2025-12-10 21:00:00+00:00,2026-01-16 00:00:00+00:00,SMH,SMH260116P00325000,put,False,325.0,2.22,2.92,2.41,369.0,0.3908141973876953,0.03529957336092666,0.002902439024390244,35.0,3649,2025-12-10 20:42:58+00:00,0.2838888888888889,2.5700000000000003,0.09863013698630137
2025-12-10 21:00:00+00:00,2026-01-16 00:00:00+00:00,SMH,SMH260116P00330000,put,False,330.0,2.85,3.5,2.9,369.0,0.3825745336914062,0.03529957336092666,0.002902439024390244,644.0,5582,2025-12-10 20:54:53+00:00,0.08527777777777777,3.175,0.09863013698630137
2025-12-10 21:00:00+00:00,2026-01-16 00:00:00+00:00,SMH,SMH260116P00335000,put,False,335.0,3.3,4.25,3.65,369.0,0.37665418273925777,0.03529957336092666,0.002902439024390244,152.0,18036,2025-12-10 21:08:21+00:00,0.0,3.775,0.09863013698630137
2025-12-10 21:00:00+00:00,2026-01-16 00:00:00+00:00,SMH,SMH260116P00340000,put,False,340.0,4.1,4.95,4.4,369.0,0.36524072265625,0.03529957336092666,0.002902439024390244,115.0,1301,2025-12-10 21:07:21+00:00,0.0,4.525,0.09863013698630137
2025-12-10 21:00:00+00:00,2026-01-16 00:00:00+00:00,SMH,SMH260116P00345000,put,False,345.0,4.75,6.0,5.11,369.0,0.3604189935302734,0.03529957336092666,0.002902439024390244,74.0,2129,2025-12-10 20:49:30+00:00,0.175,5.375,0.09863013698630137
2025-12-10 21:00:00+00:00,2026-01-16 00:00:00+00:00,SMH,SMH260116P00350000,put,False,350.0,5.45,7.3,6.25,369.0,0.35761140441894534,0.03529957336092666,0.002902439024390244,338.0,11431,2025-12-10 20:50:43+00:00,0.15472222222222223,6.375,0.09863013698630137
2025-12-10 21:00:00+00:00,2026-01-16 00:00:00+00:00,SMH,SMH260116P00355000,put,False,355.0,7.05,8.65,7.33,369.0,0.35123329437255857,0.03529957336092666,0.002902439024390244,80.0,163,2025-12-10 20:37:54+00:00,0.36833333333333335,7.85,0.09863013698630137
2025-12-10 21:00:00+00:00,2026-01-16 00:00:00+00:00,SMH,SMH260116P00360000,put,False,360.0,8.55,10.2,8.85,369.0,0.34497725341796875,0.03529957336092666,0.002902439024390244,259.0,1777,2025-12-10 20:48:07+00:00,0.19805555555555557,9.375,0.09863013698630137
2025-12-10 21:00:00+00:00,2026-01-16 00:00:00+00:00,SMH,SMH260116P00365000,put,False,365.0,9.6,12.1,10.7,369.0,0.3417424224853516,0.03529957336092666,0.002902439024390244,222.0,181,2025-12-10 21:00:36+00:00,0.0,10.85,0.09863013698630137
2025-12-10 21:00:00+00:00,2026-01-16 00:00:00+00:00,SMH,SMH260116P00370000,put,False,370.0,12.25,14.35,12.66,369.0,0.3409489733886719,0.03529957336092666,0.002902439024390244,231.0,553,2025-12-10 20:37:14+00:00,0.3794444444444444,13.3,0.09863013698630137
2025-12-10 21:00:00+00:00,2026-01-16 00:00:00+00:00,SMH,SMH260116P00375000,put,True,375.0,14.45,16.7,15.0,369.0,0.3371648315429688,0.03529957336092666,0.002902439024390244,79.0,302,2025-12-10 20:14:38+00:00,0.7561111111111111,15.575,0.09863013698630137
2025-12-10 21:00:00+00:00,2026-01-16 00:00:00+00:00,SMH,SMH260116P00380000,put,True,380.0,17.0,19.55,17.5,369.0,0.3387822470092773,0.03529957336092666,0.002902439024390244,31.0,269,2025-12-10 20:20:31+00:00,0.6580555555555555,18.275,0.09863013698630137
2025-12-10 21:00:00+00:00,2026-01-16 00:00:00+00:00,SMH,SMH260116P00385000,put,True,385.0,19.85,22.45,20.27,369.0,0.33649345153808596,0.03529957336092666,0.002902439024390244,40.0,81,2025-12-10 20:25:05+00:00,0.5819444444444445,21.15,0.09863013698630137
2025-12-10 21:00:00+00:00,2026-01-16 00:00:00+00:00,SMH,SMH260116P00390000,put,True,390.0,23.5,25.9,29.55,369.0,0.3411625942993164,0.03529957336092666,0.002902439024390244,14.0,52,2025-12-08 15:59:55+00:00,53.00138888888889,24.7,0.09863013698630137
2025-12-10 21:00:00+00:00,2026-01-16 00:00:00+00:00,SMH,SMH260116P00395000,put,True,395.0,26.5,29.1,27.5,369.0,0.33563896789550784,0.03529957336092666,0.002902439024390244,14.0,24,2025-12-10 21:06:18+00:00,0.0,27.8,0.09863013698630137
2025-12-10 21:00:00+00:00,2026-01-16 00:00:00+00:00,SMH,SMH260116P00400000,put,True,400.0,30.35,33.55,31.4,369.0,0.3548648498535155,0.03529957336092666,0.002902439024390244,1.0,199,2025-12-10 21:07:43+00:00,0.0,31.95,0.09863013698630137
2025-12-10 21:00:00+00:00,2026-01-16 00:00:00+00:00,SMH,SMH260116P00405000,put,True,405.0,34.05,37.6,44.67,369.0,0.3616396844482421,0.03529957336092666,0.002902439024390244,3.0,39,2025-12-03 20:04:10+00:00,168.93055555555554,35.825,0.09863013698630137
2025-12-10 21:00:00+00:00,2026-01-16 00:00:00+00:00,SMH,SMH260116P00410000,put,True,410.0,38.3,41.9,52.65,369.0,0.37161883270263674,0.03529957336092666,0.002902439024390244,10.0,54,2025-12-02 14:56:40+00:00,198.05555555555554,40.099999999999994,0.09863013698630137
2025-12-10 21:00:00+00:00,2026-01-16 00:00:00+00:00,SMH,SMH260116P00420000,put,True,420.0,47.55,51.0,67.1,369.0,0.39826041198730466,0.03529957336092666,0.002902439024390244,52.0,22,2025-12-01 17:24:02+00:00,219.59944444444446,49.275,0.09863013698630137
2025-12-10 21:00:00+00:00,2026-01-16 00:00:00+00:00,SMH,SMH260116P00430000,put,True,430.0,56.95,60.0,62.95,369.0,0.4138852557373046,0.03529957336092666,0.002902439024390244,33.0,4,2025-12-10 14:34:25+00:00,6.426388888888889,58.475,0.09863013698630137
2025-12-10 21:00:00+00:00,2026-01-16 00:00:00+00:00,SMH,SMH260116P00440000,put,True,440.0,66.45,69.8,73.2,369.0,0.450200810546875,0.03529957336092666,0.002902439024390244,4.0,6,2025-12-10 14:34:55+00:00,6.418055555555555,68.125,0.09863013698630137
2025-12-10 21:00:00+00:00,2026-01-16 00:00:00+00:00,SMH,SMH260116P00470000,put,True,470.0,95.8,99.5,117.15,369.0,0.5551802294921876,0.03529957336092666,0.002902439024390244,,5,2025-12-01 20:16:22+00:00,216.72722222222222,97.65,0.09863013698630137
2025-12-10 21:00:00+00:00,2026-01-16 00:00:00+00:00,SMH,SMH260116P00500000,put,True,500.0,125.7,129.5,147.4,369.0,0.5544478149414063,0.03529957336092666,0.002902439024390244,,0,2025-12-01 20:01:07+00:00,216.9813888888889,127.6,0.09863013698630137
2025-12-10 21:00:00+00:00,2026-01-16 00:00:00+00:00,SMH,SMH260116P00510000,put,True,510.0,135.65,139.5,155.8,369.0,0.5815471533203125,0.03529957336092666,0.002902439024390244,,0,2025-12-01 18:04:03+00:00,218.9325,137.575,0.09863013698630137
2025-12-10 21:00:00+00:00,2026-01-23 00:00:00+00:00,SMH,SMH260123C00320000,call,True,320.0,54.7,58.0,51.79,369.0,0.4239559558105469,0.03529957336092666,0.002902439024390244,2.0,2,2025-12-05 15:25:03+00:00,125.5825,56.35,0.1178082191780822
2025-12-10 21:00:00+00:00,2026-01-23 00:00:00+00:00,SMH,SMH260123C00355000,call,True,355.0,26.0,29.55,23.19,369.0,0.36151761535644533,0.03529957336092666,0.002902439024390244,1.0,1,2025-12-05 18:20:07+00:00,122.66472222222222,27.775,0.1178082191780822
2025-12-10 21:00:00+00:00,2026-01-23 00:00:00+00:00,SMH,SMH260123C00360000,call,True,360.0,22.55,26.25,21.21,369.0,0.3570010589599609,0.03529957336092666,0.002902439024390244,1.0,12,2025-12-08 16:03:37+00:00,52.93972222222222,24.4,0.1178082191780822
2025-12-10 21:00:00+00:00,2026-01-23 00:00:00+00:00,SMH,SMH260123C00367500,call,True,367.5,17.9,21.6,17.56,369.0,0.34882242980957034,0.03529957336092666,0.002902439024390244,2.0,3,2025-12-09 18:51:32+00:00,26.141111111111112,19.75,0.1178082191780822
2025-12-10 21:00:00+00:00,2026-01-23 00:00:00+00:00,SMH,SMH260123C00385000,call,False,385.0,9.55,13.1,11.74,369.0,0.3392705233764648,0.03529957336092666,0.002902439024390244,11.0,2,2025-12-10 20:20:17+00:00,0.6619444444444444,11.325,0.1178082191780822
2025-12-10 21:00:00+00:00,2026-01-23 00:00:00+00:00,SMH,SMH260123C00400000,call,False,400.0,5.35,7.35,5.95,369.0,0.31940377868652337,0.03529957336092666,0.002902439024390244,6.0,20,2025-12-10 19:01:45+00:00,1.9708333333333334,6.35,0.1178082191780822
2025-12-10 21:00:00+00:00,2026-01-23 00:00:00+00:00,SMH,SMH260123C00405000,call,False,405.0,3.9,6.55,3.51,369.0,0.32874206420898433,0.03529957336092666,0.002902439024390244,3.0,3,2025-12-05 19:17:39+00:00,121.70583333333333,5.225,0.1178082191780822
2025-12-10 21:00:00+00:00,2026-01-23 00:00:00+00:00,SMH,SMH260123C00410000,call,False,410.0,3.3,5.6,3.61,369.0,0.33151913604736327,0.03529957336092666,0.002902439024390244,2.0,4,2025-12-08 18:10:44+00:00,50.82111111111111,4.449999999999999,0.1178082191780822
2025-12-10 21:00:00+00:00,2026-01-23 00:00:00+00:00,SMH,SMH260123C00420000,call,False,420.0,1.97,4.0,2.85,369.0,0.334967587890625,0.03529957336092666,0.002902439024390244,8.0,4,2025-12-10 19:18:19+00:00,1.6947222222222222,2.985,0.1178082191780822
2025-12-10 21:00:00+00:00,2026-01-23 00:00:00+00:00,SMH,SMH260123C00440000,call,False,440.0,0.0,3.0,1.34,369.0,0.3823914300537109,0.03529957336092666,0.002902439024390244,2.0,2,2025-12-05 15:52:20+00:00,125.12777777777778,1.5,0.1178082191780822
2025-12-10 21:00:00+00:00,2026-01-23 00:00:00+00:00,SMH,SMH260123P00290000,put,False,290.0,0.0,2.93,1.57,369.0,0.5579878186035157,0.03529957336092666,0.002902439024390244,2.0,2,2025-12-05 15:52:20+00:00,125.12777777777778,1.465,0.1178082191780822
2025-12-10 21:00:00+00:00,2026-01-23 00:00:00+00:00,SMH,SMH260123P00310000,put,False,310.0,0.49,3.55,2.1,369.0,0.46960979614257814,0.03529957336092666,0.002902439024390244,1.0,4,2025-12-09 14:33:39+00:00,30.439166666666665,2.02,0.1178082191780822
2025-12-10 21:00:00+00:00,2026-01-23 00:00:00+00:00,SMH,SMH260123P00315000,put,False,315.0,0.65,3.7,2.75,369.0,0.4461725305175781,0.03529957336092666,0.002902439024390244,1.0,15,2025-12-09 21:07:50+00:00,23.869444444444444,2.1750000000000003,0.1178082191780822
2025-12-10 21:00:00+00:00,2026-01-23 00:00:00+00:00,SMH,SMH260123P00320000,put,False,320.0,2.12,3.2,2.7,369.0,0.3980773083496094,0.03529957336092666,0.002902439024390244,3.0,6,2025-12-10 16:55:59+00:00,4.066944444444444,2.66,0.1178082191780822
2025-12-10 21:00:00+00:00,2026-01-23 00:00:00+00:00,SMH,SMH260123P00330000,put,False,330.0,2.92,5.15,4.5,369.0,0.40418076293945315,0.03529957336092666,0.002902439024390244,4.0,21,2025-12-09 18:41:28+00:00,26.308888888888887,4.035,0.1178082191780822
2025-12-10 21:00:00+00:00,2026-01-23 00:00:00+00:00,SMH,SMH260123P00335000,put,False,335.0,3.5,5.7,4.83,369.0,0.38843385009765624,0.03529957336092666,0.002902439024390244,4.0,15,2025-12-10 20:35:36+00:00,0.4066666666666667,4.6,0.1178082191780822
2025-12-10 21:00:00+00:00,2026-01-23 00:00:00+00:00,SMH,SMH260123P00340000,put,False,340.0,4.5,6.45,5.68,369.0,0.375982802734375,0.03529957336092666,0.002902439024390244,3.0,14,2025-12-10 20:35:36+00:00,0.4066666666666667,5.475,0.1178082191780822
2025-12-10 21:00:00+00:00,2026-01-23 00:00:00+00:00,SMH,SMH260123P00345000,put,False,345.0,5.15,7.45,6.77,369.0,0.36713279357910156,0.03529957336092666,0.002902439024390244,1.0,4,2025-12-10 19:19:56+00:00,1.6677777777777778,6.300000000000001,0.1178082191780822
2025-12-10 21:00:00+00:00,2026-01-23 00:00:00+00:00,SMH,SMH260123P00355000,put,False,355.0,7.55,9.9,10.72,369.0,0.3498600170898437,0.03529957336092666,0.002902439024390244,3.0,10,2025-12-10 17:36:30+00:00,3.3916666666666666,8.725,0.1178082191780822
2025-12-10 21:00:00+00:00,2026-01-23 00:00:00+00:00,SMH,SMH260123P00357500,put,False,357.5,8.45,10.45,12.35,369.0,0.34207811248779296,0.03529957336092666,0.002902439024390244,3.0,4,2025-12-09 14:50:06+00:00,30.165,9.45,0.1178082191780822
2025-12-10 21:00:00+00:00,2026-01-23 00:00:00+00:00,SMH,SMH260123P00360000,put,False,360.0,9.3,11.4,12.5,369.0,0.3417424224853516,0.03529957336092666,0.002902439024390244,5.0,11,2025-12-09 16:30:57+00:00,28.484166666666667,10.350000000000001,0.1178082191780822
2025-12-10 21:00:00+00:00,2026-01-23 00:00:00+00:00,SMH,SMH260123P00362500,put,False,362.5,9.75,13.3,14.23,369.0,0.35938140625,0.03529957336092666,0.002902439024390244,1.0,2,2025-12-08 17:57:47+00:00,51.036944444444444,11.525,0.1178082191780822
2025-12-10 21:00:00+00:00,2026-01-23 00:00:00+00:00,SMH,SMH260123P00365000,put,False,365.0,10.75,13.95,11.95,369.0,0.3506534661865234,0.03529957336092666,0.002902439024390244,8.0,3,2025-12-10 20:38:08+00:00,0.36444444444444446,12.35,0.1178082191780822
2025-12-10 21:00:00+00:00,2026-01-23 00:00:00+00:00,SMH,SMH260123P00367500,put,False,367.5,11.6,14.85,16.65,369.0,0.34598432342529295,0.03529957336092666,0.002902439024390244,3.0,2,2025-12-09 14:50:06+00:00,30.165,13.225,0.1178082191780822
2025-12-10 21:00:00+00:00,2026-02-20 00:00:00+00:00,SMH,SMH260220C00199000,call,True,199.0,0.0,0.0,102.81,369.0,1.0000000000000003e-05,0.03529957336092666,0.002902439024390244,2.0,1,2025-07-29 14:07:19+00:00,3222.8780555555554,0.0,0.19452054794520549
2025-12-10 21:00:00+00:00,2026-02-20 00:00:00+00:00,SMH,SMH260220C00200000,call,True,200.0,158.25,161.85,165.25,369.0,1.0000000000000003e-05,0.03529957336092666,0.002902439024390244,1.0,2,2025-10-28 18:34:23+00:00,1034.4269444444444,160.05,0.19452054794520549
2025-12-10 21:00:00+00:00,2026-02-20 00:00:00+00:00,SMH,SMH260220C00205000,call,True,205.0,166.5,171.45,130.9,369.0,0.8375260388183592,0.03529957336092666,0.002902439024390244,1.0,1,2025-11-25 14:35:22+00:00,366.41055555555556,168.975,0.19452054794520549
2025-12-10 21:00:00+00:00,2026-02-20 00:00:00+00:00,SMH,SMH260220C00215000,call,True,215.0,157.0,161.15,122.65,369.0,0.7584252673339844,0.03529957336092666,0.002902439024390244,1.0,6,2025-11-25 14:30:10+00:00,366.4972222222222,159.075,0.19452054794520549
2025-12-10 21:00:00+00:00,2026-02-20 00:00:00+00:00,SMH,SMH260220C00220000,call,True,220.0,152.0,156.15,147.82,369.0,0.7314479980468749,0.03529957336092666,0.002902439024390244,1.0,14,2025-12-08 16:32:31+00:00,52.45805555555555,154.075,0.19452054794520549
2025-12-10 21:00:00+00:00,2026-02-20 00:00:00+00:00,SMH,SMH260220C00225000,call,True,225.0,147.05,151.25,111.75,369.0,0.7121610815429689,0.03529957336092666,0.002902439024390244,1.0,4,2025-11-25 14:31:44+00:00,366.4711111111111,149.15,0.19452054794520549
2025-12-10 21:00:00+00:00,2026-02-20 00:00:00+00:00,SMH,SMH260220C00230000,call,True,230.0,142.0,146.95,105.05,369.0,0.50586431640625,0.03529957336092666,0.002902439024390244,11.0,17,2025-11-25 16:05:23+00:00,364.91027777777776,144.475,0.19452054794520549
2025-12-10 21:00:00+00:00,2026-02-20 00:00:00+00:00,SMH,SMH260220C00235000,call,True,235.0,137.3,141.5,99.3,369.0,0.6765169067382814,0.03529957336092666,0.002902439024390244,2.0,17,2025-11-25 14:41:00+00:00,366.31666666666666,139.4,0.19452054794520549
2025-12-10 21:00:00+00:00,2026-02-20 00:00:00+00:00,SMH,SMH260220C00240000,call,True,240.0,132.5,136.6,95.45,369.0,0.6568637829589845,0.03529957336092666,0.002902439024390244,11.0,19,2025-11-25 16:09:52+00:00,364.8355555555556,134.55,0.19452054794520549
2025-12-10 21:00:00+00:00,2026-02-20 00:00:00+00:00,SMH,SMH260220C00245000,call,True,245.0,127.9,131.4,90.0,369.0,0.6197547790527345,0.03529957336092666,0.002902439024390244,2.0,27,2025-11-25 14:40:43+00:00,366.32138888888886,129.65,0.19452054794520549
2025-12-10 21:00:00+00:00,2026-02-20 00:00:00+00:00,SMH,SMH260220C00250000,call,True,250.0,123.25,126.55,90.2,369.0,0.6038857971191409,0.03529957336092666,0.002902439024390244,17.0,42,2025-11-25 17:59:07+00:00,363.01472222222225,124.9,0.19452054794520549
2025-12-10 21:00:00+00:00,2026-02-20 00:00:00+00:00,SMH,SMH260220C00255000,call,True,255.0,118.2,121.75,86.15,369.0,0.5901530242919923,0.03529957336092666,0.002902439024390244,14.0,28,2025-11-25 17:31:56+00:00,363.46777777777777,119.975,0.19452054794520549
2025-12-10 21:00:00+00:00,2026-02-20 00:00:00+00:00,SMH,SMH260220C00260000,call,True,260.0,113.45,116.9,77.35,369.0,0.573368524169922,0.03529957336092666,0.002902439024390244,3.0,15,2025-11-25 16:05:08+00:00,364.9144444444444,115.17500000000001,0.19452054794520549
2025-12-10 21:00:00+00:00,2026-02-20 00:00:00+00:00,SMH,SMH260220C00265000,call,True,265.0,108.5,112.1,102.66,369.0,0.5585981640625001,0.03529957336092666,0.002902439024390244,1.0,4,2025-12-05 20:17:56+00:00,120.70111111111112,110.3,0.19452054794520549
2025-12-10 21:00:00+00:00,2026-02-20 00:00:00+00:00,SMH,SMH260220C00270000,call,True,270.0,103.95,106.9,83.75,369.0,0.5252733020019531,0.03529957336092666,0.002902439024390244,2.0,149,2025-11-28 14:52:35+00:00,294.12361111111113,105.42500000000001,0.19452054794520549
2025-12-10 21:00:00+00:00,2026-02-20 00:00:00+00:00,SMH,SMH260220C00275000,call,True,275.0,98.8,102.45,58.78,369.0,0.52539537109375,0.03529957336092666,0.002902439024390244,3.0,21,2025-11-21 18:28:31+00:00,458.52472222222224,100.625,0.19452054794520549
2025-12-10 21:00:00+00:00,2026-02-20 00:00:00+00:00,SMH,SMH260220C00280000,call,True,280.0,94.25,97.75,91.62,369.0,0.5131884619140624,0.03529957336092666,0.002902439024390244,1.0,37,2025-12-09 16:10:56+00:00,28.817777777777778,96.0,0.19452054794520549
2025-12-10 21:00:00+00:00,2026-02-20 00:00:00+00:00,SMH,SMH260220C00285000,call,True,285.0,89.5,93.05,62.65,369.0,0.5001270690917969,0.03529957336092666,0.002902439024390244,2.0,25,2025-11-24 16:46:01+00:00,388.23305555555555,91.275,0.19452054794520549
2025-12-10 21:00:00+00:00,2026-02-20 00:00:00+00:00,SMH,SMH260220C00290000,call,True,290.0,84.9,88.2,82.51,369.0,0.4810842907714844,0.03529957336092666,0.002902439024390244,2.0,102,2025-12-05 15:15:37+00:00,125.73972222222223,86.55000000000001,0.19452054794520549
2025-12-10 21:00:00+00:00,2026-02-20 00:00:00+00:00,SMH,SMH260220C00295000,call,True,295.0,80.2,83.95,78.93,369.0,0.48102325622558595,0.03529957336092666,0.002902439024390244,1.0,401,2025-12-05 14:31:38+00:00,126.47277777777778,82.075,0.19452054794520549
2025-12-10 21:00:00+00:00,2026-02-20 00:00:00+00:00,SMH,SMH260220C00300000,call,True,300.0,76.0,78.4,76.26,369.0,0.4392756268310547,0.03529957336092666,0.002902439024390244,1.0,203,2025-12-10 19:21:07+00:00,1.6480555555555556,77.2,0.19452054794520549
2025-12-10 21:00:00+00:00,2026-02-20 00:00:00+00:00,SMH,SMH260220C00305000,call,True,305.0,71.0,74.1,57.02,369.0,0.435979761352539,0.03529957336092666,0.002902439024390244,1.0,83,2025-12-01 17:48:42+00:00,219.18833333333333,72.55,0.19452054794520549
2025-12-10 21:00:00+00:00,2026-02-20 00:00:00+00:00,SMH,SMH260220C00310000,call,True,310.0,66.85,70.05,65.55,369.0,0.4370478659057617,0.03529957336092666,0.002902439024390244,1.0,136,2025-12-10 18:32:34+00:00,2.457222222222222,68.44999999999999,0.19452054794520549
2025-12-10 21:00:00+00:00,2026-02-20 00:00:00+00:00,SMH,SMH260220C00315000,call,True,315.0,62.75,66.05,59.0,369.0,0.4364070031738281,0.03529957336092666,0.002902439024390244,2.0,112,2025-12-08 19:38:48+00:00,49.35333333333333,64.4,0.19452054794520549
2025-12-10 21:00:00+00:00,2026-02-20 00:00:00+00:00,SMH,SMH260220C00320000,call,True,320.0,57.9,60.9,57.02,369.0,0.4067136965942383,0.03529957336092666,0.002902439024390244,1.0,282,2025-12-10 17:57:10+00:00,3.047222222222222,59.4,0.19452054794520549
2025-12-10 21:00:00+00:00,2026-02-20 00:00:00+00:00,SMH,SMH260220C00325000,call,True,325.0,54.55,57.3,51.2,369.0,0.411688012084961,0.03529957336092666,0.002902439024390244,10.0,293,2025-12-09 15:28:03+00:00,29.5325,55.925,0.19452054794520549
2025-12-10 21:00:00+00:00,2026-02-20 00:00:00+00:00,SMH,SMH260220C00330000,call,True,330.0,50.45,53.55,51.05,369.0,0.41022318298339844,0.03529957336092666,0.002902439024390244,2.0,339,2025-12-10 19:39:29+00:00,1.3419444444444444,52.0,0.19452054794520549
2025-12-10 21:00:00+00:00,2026-02-20 00:00:00+00:00,SMH,SMH260220C00335000,call,True,335.0,46.1,49.6,43.85,369.0,0.40250231292724614,0.03529957336092666,0.002902439024390244,1.0,624,2025-12-10 14:40:36+00:00,6.323333333333333,47.85,0.19452054794520549
2025-12-10 21:00:00+00:00,2026-02-20 00:00:00+00:00,SMH,SMH260220C00340000,call,True,340.0,42.55,45.6,45.3,369.0,0.392034888305664,0.03529957336092666,0.002902439024390244,3.0,1261,2025-12-10 20:32:04+00:00,0.46555555555555556,44.075,0.19452054794520549
2025-12-10 21:00:00+00:00,2026-02-20 00:00:00+00:00,SMH,SMH260220C00350000,call,True,350.0,34.85,38.5,37.75,369.0,0.38129280822753897,0.03529957336092666,0.002902439024390244,47.0,786,2025-12-10 19:34:11+00:00,1.4302777777777778,36.675,0.19452054794520549
2025-12-10 21:00:00+00:00,2026-02-20 00:00:00+00:00,SMH,SMH260220C00360000,call,True,360.0,28.9,31.5,31.25,369.0,0.3636233071899414,0.03529957336092666,0.002902439024390244,31.0,912,2025-12-10 20:36:16+00:00,0.39555555555555555,30.2,0.19452054794520549
2025-12-10 21:00:00+00:00,2026-02-20 00:00:00+00:00,SMH,SMH260220C00370000,call,True,370.0,23.45,25.5,25.15,369.0,0.35272864074707033,0.03529957336092666,0.002902439024390244,60.0,519,2025-12-10 20:31:16+00:00,0.47888888888888886,24.475,0.19452054794520549
2025-12-10 21:00:00+00:00,2026-02-20 00:00:00+00:00,SMH,SMH260220C00380000,call,False,380.0,18.3,20.25,19.75,369.0,0.34339035522460937,0.03529957336092666,0.002902439024390244,48.0,877,2025-12-10 20:52:14+00:00,0.12944444444444445,19.275,0.19452054794520549
2025-12-10 21:00:00+00:00,2026-02-20 00:00:00+00:00,SMH,SMH260220C00390000,call,False,390.0,14.2,16.25,15.51,369.0,0.3428105270385742,0.03529957336092666,0.002902439024390244,90.0,2863,2025-12-10 20:44:19+00:00,0.2613888888888889,15.225,0.19452054794520549
2025-12-10 21:00:00+00:00,2026-02-20 00:00:00+00:00,SMH,SMH260220C00400000,call,False,400.0,10.35,12.1,11.75,369.0,0.32971861694335935,0.03529957336092666,0.002902439024390244,130.0,1781,2025-12-10 20:56:32+00:00,0.057777777777777775,11.225,0.19452054794520549
2025-12-10 21:00:00+00:00,2026-02-20 00:00:00+00:00,SMH,SMH260220C00410000,call,False,410.0,7.7,9.15,8.75,369.0,0.3254767160034179,0.03529957336092666,0.002902439024390244,2.0,634,2025-12-10 20:50:04+00:00,0.16555555555555557,8.425,0.19452054794520549
2025-12-10 21:00:00+00:00,2026-02-20 00:00:00+00:00,SMH,SMH260220C00420000,call,False,420.0,5.5,6.8,6.56,369.0,0.3218451605224609,0.03529957336092666,0.002902439024390244,1.0,494,2025-12-10 20:44:19+00:00,0.2613888888888889,6.15,0.19452054794520549
2025-12-10 21:00:00+00:00,2026-02-20 00:00:00+00:00,SMH,SMH260220C00430000,call,False,430.0,4.25,5.15,4.78,369.0,0.3227911959838866,0.03529957336092666,0.002902439024390244,4.0,666,2025-12-10 20:33:33+00:00,0.44083333333333335,4.7,0.19452054794520549
2025-12-10 21:00:00+00:00,2026-02-20 00:00:00+00:00,SMH,SMH260220C00440000,call,False,440.0,2.69,3.8,2.86,369.0,0.3220892987060546,0.03529957336092666,0.002902439024390244,6.0,648,2025-12-09 17:54:24+00:00,27.093333333333334,3.245,0.19452054794520549
2025-12-10 21:00:00+00:00,2026-02-20 00:00:00+00:00,SMH,SMH260220C00450000,call,False,450.0,1.94,2.73,2.48,369.0,0.3202582623291015,0.03529957336092666,0.002902439024390244,2.0,367,2025-12-10 20:33:33+00:00,0.44083333333333335,2.335,0.19452054794520549
2025-12-10 21:00:00+00:00,2026-02-20 00:00:00+00:00,SMH,SMH260220C00460000,call,False,460.0,1.5,2.04,1.37,369.0,0.32269964416503893,0.03529957336092666,0.002902439024390244,4.0,270,2025-12-08 16:25:58+00:00,52.56722222222222,1.77,0.19452054794520549
2025-12-10 21:00:00+00:00,2026-02-20 00:00:00+00:00,SMH,SMH260220C00470000,call,False,470.0,0.98,1.57,1.25,369.0,0.32739930419921875,0.03529957336092666,0.002902439024390244,4.0,221,2025-12-10 14:30:02+00:00,6.499444444444444,1.275,0.19452054794520549
2025-12-10 21:00:00+00:00,2026-02-20 00:00:00+00:00,SMH,SMH260220C00480000,call,False,480.0,0.54,1.23,0.8,369.0,0.33313655151367194,0.03529957336092666,0.002902439024390244,30.0,743,2025-12-09 15:25:40+00:00,29.572222222222223,0.885,0.19452054794520549
2025-12-10 21:00:00+00:00,2026-02-20 00:00:00+00:00,SMH,SMH260220C00490000,call,False,490.0,0.22,1.01,0.53,369.0,0.3414372497558594,0.03529957336092666,0.002902439024390244,50.0,6309,2025-12-09 15:45:25+00:00,29.243055555555557,0.615,0.19452054794520549
2025-12-10 21:00:00+00:00,2026-02-20 00:00:00+00:00,SMH,SMH260220C00500000,call,False,500.0,0.41,0.67,0.38,369.0,0.33667655517578127,0.03529957336092666,0.002902439024390244,1.0,5144,2025-12-03 20:28:40+00:00,168.5222222222222,0.54,0.19452054794520549
2025-12-10 21:00:00+00:00,2026-02-20 00:00:00+00:00,SMH,SMH260220C00510000,call,False,510.0,0.11,0.57,0.4,369.0,0.3461979443359374,0.03529957336092666,0.002902439024390244,272.0,4532,2025-12-08 16:30:39+00:00,52.48916666666667,0.33999999999999997,0.19452054794520549
2025-12-10 21:00:00+00:00,2026-02-20 00:00:00+00:00,SMH,SMH260220P00199000,put,False,199.0,0.0,1.4,0.32,369.0,0.702151416015625,0.03529957336092666,0.002902439024390244,2.0,74,2025-12-03 17:46:31+00:00,171.22472222222223,0.7,0.19452054794520549
2025-12-10 21:00:00+00:00,2026-02-20 00:00:00+00:00,SMH,SMH260220P00200000,put,False,200.0,0.01,1.11,0.33,369.0,0.6735872485351564,0.03529957336092666,0.002902439024390244,500.0,867,2025-12-03 16:39:24+00:00,172.34333333333333,0.56,0.19452054794520549
2025-12-10 21:00:00+00:00,2026-02-20 00:00:00+00:00,SMH,SMH260220P00205000,put,False,205.0,0.07,1.73,0.55,369.0,0.7004424487304688,0.03529957336092666,0.002902439024390244,51.0,58,2025-12-01 14:32:08+00:00,222.46444444444444,0.9,0.19452054794520549
2025-12-10 21:00:00+00:00,2026-02-20 00:00:00+00:00,SMH,SMH260220P00210000,put,False,210.0,0.01,0.56,0.63,369.0,0.569340244140625,0.03529957336092666,0.002902439024390244,38.0,714,2025-12-01 14:32:08+00:00,222.46444444444444,0.28500000000000003,0.19452054794520549
2025-12-10 21:00:00+00:00,2026-02-20 00:00:00+00:00,SMH,SMH260220P00215000,put,False,215.0,0.09,0.68,1.7,369.0,0.5712933496093751,0.03529957336092666,0.002902439024390244,1.0,10,2025-11-20 19:15:31+00:00,481.7413888888889,0.385,0.19452054794520549
2025-12-10 21:00:00+00:00,2026-02-20 00:00:00+00:00,SMH,SMH260220P00220000,put,False,220.0,0.0,1.22,0.34,369.0,0.5888712988281251,0.03529957336092666,0.002902439024390244,1.0,595,2025-12-10 20:03:15+00:00,0.9458333333333333,0.61,0.19452054794520549
2025-12-10 21:00:00+00:00,2026-02-20 00:00:00+00:00,SMH,SMH260220P00225000,put,False,225.0,0.01,0.75,1.43,369.0,0.5278367529296876,0.03529957336092666,0.002902439024390244,51.0,46,2025-11-25 15:41:10+00:00,365.31388888888887,0.38,0.19452054794520549
2025-12-10 21:00:00+00:00,2026-02-20 00:00:00+00:00,SMH,SMH260220P00230000,put,False,230.0,0.01,0.62,1.0,369.0,0.5463912548828126,0.03529957336092666,0.002902439024390244,1.0,118,2025-11-26 20:21:27+00:00,336.6425,0.315,0.19452054794520549
2025-12-10 21:00:00+00:00,2026-02-20 00:00:00+00:00,SMH,SMH260220P00235000,put,False,235.0,0.01,1.71,0.6,369.0,0.5542036767578126,0.03529957336092666,0.002902439024390244,1.0,373,2025-12-09 14:40:47+00:00,30.32027777777778,0.86,0.19452054794520549
2025-12-10 21:00:00+00:00,2026-02-20 00:00:00+00:00,SMH,SMH260220P00240000,put,False,240.0,0.05,0.87,0.6,369.0,0.5334519311523438,0.03529957336092666,0.002902439024390244,48.0,429,2025-12-10 15:16:28+00:00,5.725555555555555,0.46,0.19452054794520549
2025-12-10 21:00:00+00:00,2026-02-20 00:00:00+00:00,SMH,SMH260220P00245000,put,False,245.0,0.55,0.89,0.65,369.0,0.5139208764648437,0.03529957336092666,0.002902439024390244,1.0,448,2025-12-10 19:46:47+00:00,1.2202777777777778,0.72,0.19452054794520549
2025-12-10 21:00:00+00:00,2026-02-20 00:00:00+00:00,SMH,SMH260220P00250000,put,False,250.0,0.57,0.98,0.84,369.0,0.5014698291015626,0.03529957336092666,0.002902439024390244,10.0,1285,2025-12-10 17:45:12+00:00,3.2466666666666666,0.7749999999999999,0.19452054794520549
2025-12-10 21:00:00+00:00,2026-02-20 00:00:00+00:00,SMH,SMH260220P00255000,put,False,255.0,0.28,1.85,1.4,369.0,0.5446822875976562,0.03529957336092666,0.002902439024390244,10.0,2427,2025-12-02 17:27:09+00:00,195.5475,1.065,0.19452054794520549
2025-12-10 21:00:00+00:00,2026-02-20 00:00:00+00:00,SMH,SMH260220P00260000,put,False,260.0,0.81,1.11,0.97,369.0,0.4703422106933594,0.03529957336092666,0.002902439024390244,1.0,2013,2025-12-10 20:04:13+00:00,0.9297222222222222,0.9600000000000001,0.19452054794520549
2025-12-10 21:00:00+00:00,2026-02-20 00:00:00+00:00,SMH,SMH260220P00265000,put,False,265.0,0.55,2.06,1.35,369.0,0.5112353564453125,0.03529957336092666,0.002902439024390244,1.0,1064,2025-12-08 19:45:14+00:00,49.24611111111111,1.3050000000000002,0.19452054794520549
2025-12-10 21:00:00+00:00,2026-02-20 00:00:00+00:00,SMH,SMH260220P00270000,put,False,270.0,0.71,1.7,1.51,369.0,0.4681449670410156,0.03529957336092666,0.002902439024390244,1.0,2082,2025-12-09 20:09:08+00:00,24.84777777777778,1.205,0.19452054794520549
2025-12-10 21:00:00+00:00,2026-02-20 00:00:00+00:00,SMH,SMH260220P00275000,put,False,275.0,0.89,1.89,1.85,369.0,0.4570977142333985,0.03529957336092666,0.002902439024390244,1.0,232,2025-12-09 15:04:13+00:00,29.92972222222222,1.39,0.19452054794520549
2025-12-10 21:00:00+00:00,2026-02-20 00:00:00+00:00,SMH,SMH260220P00280000,put,False,280.0,1.51,2.08,1.61,369.0,0.44507390869140623,0.03529957336092666,0.002902439024390244,49.0,329,2025-12-10 15:16:28+00:00,5.725555555555555,1.795,0.19452054794520549
2025-12-10 21:00:00+00:00,2026-02-20 00:00:00+00:00,SMH,SMH260220P00285000,put,False,285.0,1.76,2.37,1.86,369.0,0.4368952795410156,0.03529957336092666,0.002902439024390244,11.0,685,2025-12-10 20:46:03+00:00,0.2325,2.065,0.19452054794520549
2025-12-10 21:00:00+00:00,2026-02-20 00:00:00+00:00,SMH,SMH260220P00290000,put,False,290.0,1.85,2.6,2.16,369.0,0.42462733581542966,0.03529957336092666,0.002902439024390244,51.0,1088,2025-12-10 20:46:03+00:00,0.2325,2.225,0.19452054794520549
2025-12-10 21:00:00+00:00,2026-02-20 00:00:00+00:00,SMH,SMH260220P00295000,put,False,295.0,2.18,2.95,2.5,369.0,0.4161435339355468,0.03529957336092666,0.002902439024390244,2.0,422,2025-12-10 20:13:17+00:00,0.7786111111111111,2.5650000000000004,0.19452054794520549
2025-12-10 21:00:00+00:00,2026-02-20 00:00:00+00:00,SMH,SMH260220P00300000,put,False,300.0,2.56,3.55,2.95,369.0,0.41486180847167964,0.03529957336092666,0.002902439024390244,23.0,3729,2025-12-10 20:32:14+00:00,0.4627777777777778,3.0549999999999997,0.19452054794520549
2025-12-10 21:00:00+00:00,2026-02-20 00:00:00+00:00,SMH,SMH260220P00305000,put,False,305.0,2.84,3.9,3.7,369.0,0.4030211065673829,0.03529957336092666,0.002902439024390244,1.0,1870,2025-12-09 15:06:38+00:00,29.889444444444443,3.37,0.19452054794520549
2025-12-10 21:00:00+00:00,2026-02-20 00:00:00+00:00,SMH,SMH260220P00310000,put,False,310.0,3.5,4.2,3.83,369.0,0.3885864364624023,0.03529957336092666,0.002902439024390244,91.0,2528,2025-12-10 20:57:08+00:00,0.04777777777777778,3.85,0.19452054794520549
2025-12-10 21:00:00+00:00,2026-02-20 00:00:00+00:00,SMH,SMH260220P00315000,put,False,315.0,4.05,4.85,4.45,369.0,0.3830017755126953,0.03529957336092666,0.002902439024390244,83.0,1482,2025-12-10 20:57:35+00:00,0.04027777777777778,4.449999999999999,0.19452054794520549
2025-12-10 21:00:00+00:00,2026-02-20 00:00:00+00:00,SMH,SMH260220P00320000,put,False,320.0,4.95,5.7,5.02,369.0,0.38031625549316406,0.03529957336092666,0.002902439024390244,30.0,1612,2025-12-10 20:44:00+00:00,0.26666666666666666,5.325,0.19452054794520549
2025-12-10 21:00:00+00:00,2026-02-20 00:00:00+00:00,SMH,SMH260220P00325000,put,False,325.0,5.4,6.35,5.77,369.0,0.37055072814941403,0.03529957336092666,0.002902439024390244,78.0,896,2025-12-10 20:44:00+00:00,0.26666666666666666,5.875,0.19452054794520549
2025-12-10 21:00:00+00:00,2026-02-20 00:00:00+00:00,SMH,SMH260220P00330000,put,False,330.0,6.4,8.0,6.63,369.0,0.38049935913085936,0.03529957336092666,0.002902439024390244,17.0,1113,2025-12-10 20:16:57+00:00,0.7175,7.2,0.19452054794520549
2025-12-10 21:00:00+00:00,2026-02-20 00:00:00+00:00,SMH,SMH260220P00335000,put,False,335.0,7.15,8.45,7.61,369.0,0.36249416809082036,0.03529957336092666,0.002902439024390244,14.0,1189,2025-12-10 20:44:00+00:00,0.26666666666666666,7.8,0.19452054794520549
2025-12-10 21:00:00+00:00,2026-02-20 00:00:00+00:00,SMH,SMH260220P00340000,put,False,340.0,8.35,9.5,8.65,369.0,0.3549869189453124,0.03529957336092666,0.002902439024390244,18.0,1988,2025-12-10 20:40:05+00:00,0.33194444444444443,8.925,0.19452054794520549
2025-12-10 21:00:00+00:00,2026-02-20 00:00:00+00:00,SMH,SMH260220P00350000,put,False,350.0,10.7,12.4,11.3,369.0,0.3476017388916015,0.03529957336092666,0.002902439024390244,10.0,869,2025-12-10 20:18:35+00:00,0.6902777777777778,11.55,0.19452054794520549
2025-12-10 21:00:00+00:00,2026-02-20 00:00:00+00:00,SMH,SMH260220P00360000,put,False,360.0,14.2,15.8,15.84,369.0,0.33847707427978513,0.03529957336092666,0.002902439024390244,8.0,141,2025-12-10 16:56:57+00:00,4.050833333333333,15.0,0.19452054794520549
2025-12-10 21:00:00+00:00,2026-02-20 00:00:00+00:00,SMH,SMH260220P00370000,put,False,370.0,18.2,20.6,18.1,369.0,0.34073535247802733,0.03529957336092666,0.002902439024390244,9.0,101,2025-12-10 20:08:28+00:00,0.8588888888888889,19.4,0.19452054794520549
2025-12-10 21:00:00+00:00,2026-02-20 00:00:00+00:00,SMH,SMH260220P00380000,put,True,380.0,22.8,24.9,23.28,369.0,0.3247748187255859,0.03529957336092666,0.002902439024390244,4.0,27,2025-12-10 17:54:28+00:00,3.0922222222222224,23.85,0.19452054794520549
2025-12-10 21:00:00+00:00,2026-02-20 00:00:00+00:00,SMH,SMH260220P00390000,put,True,390.0,28.4,31.45,28.58,369.0,0.33222103332519537,0.03529957336092666,0.002902439024390244,11.0,16,2025-12-10 19:15:28+00:00,1.7422222222222221,29.924999999999997,0.19452054794520549
2025-12-10 21:00:00+00:00,2026-02-20 00:00:00+00:00,SMH,SMH260220P00400000,put,True,400.0,34.45,38.05,50.7,369.0,0.33066465240478515,0.03529957336092666,0.002902439024390244,2.0,15,2025-12-01 17:59:01+00:00,219.01638888888888,36.25,0.19452054794520549
2025-12-10 21:00:00+00:00,2026-02-20 00:00:00+00:00,SMH,SMH260220P00410000,put,True,410.0,41.7,44.75,46.71,369.0,0.32034981414794916,0.03529957336092666,0.002902439024390244,1.0,29,2025-12-08 14:45:47+00:00,54.23694444444445,43.225,0.19452054794520549
2025-12-10 21:00:00+00:00,2026-02-20 00:00:00+00:00,SMH,SMH260220P00420000,put,True,420.0,50.55,53.45,54.8,369.0,0.33649345153808596,0.03529957336092666,0.002902439024390244,1.0,152,2025-12-10 15:27:41+00:00,5.538611111111111,52.0,0.19452054794520549
2025-12-10 21:00:00+00:00,2026-02-20 00:00:00+00:00,SMH,SMH260220P00430000,put,True,430.0,58.35,61.65,77.15,369.0,0.33612724426269536,0.03529957336092666,0.002902439024390244,2.0,213,2025-12-01 18:18:27+00:00,218.6925,60.0,0.19452054794520549
2025-12-10 21:00:00+00:00,2026-02-20 00:00:00+00:00,SMH,SMH260220P00440000,put,True,440.0,67.45,70.7,75.0,369.0,0.34726604888916013,0.03529957336092666,0.002902439024390244,1.0,149,2025-12-05 14:53:03+00:00,126.11583333333333,69.075,0.19452054794520549
2025-12-10 21:00:00+00:00,2026-02-20 00:00:00+00:00,SMH,SMH260220P00450000,put,True,450.0,77.05,80.5,100.5,369.0,0.3727479718017578,0.03529957336092666,0.002902439024390244,,33,2025-11-26 20:35:19+00:00,336.4113888888889,78.775,0.19452054794520549
2025-12-10 21:00:00+00:00,2026-02-20 00:00:00+00:00,SMH,SMH260220P00460000,put,True,460.0,86.4,90.0,93.5,369.0,0.3881897119140625,0.03529957336092666,0.002902439024390244,9.0,14,2025-12-10 14:55:54+00:00,6.068333333333333,88.2,0.19452054794520549
2025-12-10 21:00:00+00:00,2026-02-20 00:00:00+00:00,SMH,SMH260220P00470000,put,True,470.0,96.5,99.45,100.4,369.0,0.3991759301757813,0.03529957336092666,0.002902439024390244,1.0,8,2025-12-01 17:24:00+00:00,219.6,97.975,0.19452054794520549
2025-12-10 21:00:00+00:00,2026-02-20 00:00:00+00:00,SMH,SMH260220P00480000,put,True,480.0,105.8,109.5,125.95,369.0,0.42627526855468756,0.03529957336092666,0.002902439024390244,,1,2025-12-01 18:18:58+00:00,218.6838888888889,107.65,0.19452054794520549
2025-12-10 21:00:00+00:00,2026-02-20 00:00:00+00:00,SMH,SMH260220P00510000,put,True,510.0,135.6,139.5,155.95,369.0,0.49768568725585943,0.03529957336092666,0.002902439024390244,,0,2025-12-01 17:58:49+00:00,219.0197222222222,137.55,0.19452054794520549
2025-12-10 21:00:00+00:00,2026-03-20 00:00:00+00:00,SMH,SMH260320C00135000,call,True,135.0,154.95,158.35,119.15,369.0,1.0000000000000003e-05,0.03529957336092666,0.002902439024390244,,1,2025-06-03 16:43:25+00:00,4564.2763888888885,156.64999999999998,0.27123287671232876
2025-12-10 21:00:00+00:00,2026-03-20 00:00:00+00:00,SMH,SMH260320C00175000,call,True,175.0,197.15,201.35,160.5,369.0,0.5737347314453125,0.03529957336092666,0.002902439024390244,8.0,9,2025-11-18 17:24:42+00:00,531.5883333333334,199.25,0.27123287671232876
2025-12-10 21:00:00+00:00,2026-03-20 00:00:00+00:00,SMH,SMH260320C00180000,call,True,180.0,192.25,196.45,159.7,369.0,0.5893595751953126,0.03529957336092666,0.002902439024390244,3.0,5,2025-11-25 20:11:55+00:00,360.8013888888889,194.35,0.27123287671232876
2025-12-10 21:00:00+00:00,2026-03-20 00:00:00+00:00,SMH,SMH260320C00185000,call,True,185.0,187.35,191.55,167.81,369.0,0.594730615234375,0.03529957336092666,0.002902439024390244,1.0,10,2025-11-28 17:34:53+00:00,291.4186111111111,189.45,0.27123287671232876
2025-12-10 21:00:00+00:00,2026-03-20 00:00:00+00:00,SMH,SMH260320C00190000,call,True,190.0,149.65,154.0,163.0,369.0,1.0000000000000003e-05,0.03529957336092666,0.002902439024390244,2.0,5,2025-10-20 14:40:05+00:00,1230.3319444444444,151.825,0.27123287671232876
2025-12-10 21:00:00+00:00,2026-03-20 00:00:00+00:00,SMH,SMH260320C00195000,call,True,195.0,151.3,155.0,124.89,369.0,1.0000000000000003e-05,0.03529957336092666,0.002902439024390244,10.0,11,2025-09-19 18:18:34+00:00,1970.6905555555556,153.15,0.27123287671232876
2025-12-10 21:00:00+00:00,2026-03-20 00:00:00+00:00,SMH,SMH260320C00200000,call,True,200.0,172.5,177.1,140.36,369.0,0.5918009570312501,0.03529957336092666,0.002902439024390244,6.0,11,2025-11-25 20:11:55+00:00,360.8013888888889,174.8,0.27123287671232876
2025-12-10 21:00:00+00:00,2026-03-20 00:00:00+00:00,SMH,SMH260320C00205000,call,True,205.0,124.0,128.5,104.87,369.0,1.0000000000000003e-05,0.03529957336092666,0.002902439024390244,1.0,22,2025-09-12 18:03:59+00:00,2138.933611111111,126.25,0.27123287671232876
2025-12-10 21:00:00+00:00,2026-03-20 00:00:00+00:00,SMH,SMH260320C00210000,call,True,210.0,136.95,140.7,110.72,369.0,1.0000000000000003e-05,0.03529957336092666,0.002902439024390244,1.0,25,2025-09-19 19:13:35+00:00,1969.7736111111112,138.825,0.27123287671232876
2025-12-10 21:00:00+00:00,2026-03-20 00:00:00+00:00,SMH,SMH260320C00215000,call,True,215.0,86.1,87.7,87.88,369.0,1.0000000000000003e-05,0.03529957336092666,0.002902439024390244,2.0,1,2025-07-15 13:45:38+00:00,3559.2394444444444,86.9,0.27123287671232876
2025-12-10 21:00:00+00:00,2026-03-20 00:00:00+00:00,SMH,SMH260320C00220000,call,True,220.0,153.0,157.7,125.6,369.0,0.564579549560547,0.03529957336092666,0.002902439024390244,1.0,9,2025-11-20 16:23:39+00:00,484.60583333333335,155.35,0.27123287671232876
2025-12-10 21:00:00+00:00,2026-03-20 00:00:00+00:00,SMH,SMH260320C00225000,call,True,225.0,148.7,152.2,142.6,369.0,0.5516402258300781,0.03529957336092666,0.002902439024390244,11.0,28,2025-11-05 20:23:05+00:00,840.6152777777778,150.45,0.27123287671232876
2025-12-10 21:00:00+00:00,2026-03-20 00:00:00+00:00,SMH,SMH260320C00230000,call,True,230.0,144.0,147.4,124.61,369.0,0.5488326367187502,0.03529957336092666,0.002902439024390244,2.0,19,2025-11-28 17:20:49+00:00,291.65305555555557,145.7,0.27123287671232876
2025-12-10 21:00:00+00:00,2026-03-20 00:00:00+00:00,SMH,SMH260320C00235000,call,True,235.0,139.1,142.45,132.24,369.0,0.5329636547851562,0.03529957336092666,0.002902439024390244,1.0,13,2025-12-05 20:57:39+00:00,120.03916666666667,140.77499999999998,0.27123287671232876
2025-12-10 21:00:00+00:00,2026-03-20 00:00:00+00:00,SMH,SMH260320C00240000,call,True,240.0,134.0,137.3,102.35,369.0,0.5045215563964844,0.03529957336092666,0.002902439024390244,5.0,13,2025-11-18 18:18:28+00:00,530.6922222222222,135.65,0.27123287671232876
2025-12-10 21:00:00+00:00,2026-03-20 00:00:00+00:00,SMH,SMH260320C00245000,call,True,245.0,129.1,132.5,130.85,369.0,0.5774578387451172,0.03529957336092666,0.002902439024390244,1.0,6,2025-11-24 19:25:59+00:00,385.56694444444446,130.8,0.27123287671232876
2025-12-10 21:00:00+00:00,2026-03-20 00:00:00+00:00,SMH,SMH260320C00250000,call,True,250.0,124.6,127.95,122.44,369.0,0.5730023168945313,0.03529957336092666,0.002902439024390244,1.0,635,2025-12-10 15:08:58+00:00,5.850555555555555,126.275,0.27123287671232876
2025-12-10 21:00:00+00:00,2026-03-20 00:00:00+00:00,SMH,SMH260320C00255000,call,True,255.0,119.8,123.0,87.23,369.0,0.5523116058349609,0.03529957336092666,0.002902439024390244,2.0,55,2025-11-18 17:00:57+00:00,531.9841666666666,121.4,0.27123287671232876
2025-12-10 21:00:00+00:00,2026-03-20 00:00:00+00:00,SMH,SMH260320C00260000,call,True,260.0,115.3,118.65,104.53,369.0,0.5527998822021485,0.03529957336092666,0.002902439024390244,2.0,254,2025-12-03 16:15:42+00:00,172.73833333333334,116.975,0.27123287671232876
2025-12-10 21:00:00+00:00,2026-03-20 00:00:00+00:00,SMH,SMH260320C00265000,call,True,265.0,110.5,113.95,90.83,369.0,0.5399826275634767,0.03529957336092666,0.002902439024390244,1.0,197,2025-11-26 20:11:03+00:00,336.81583333333333,112.225,0.27123287671232876
2025-12-10 21:00:00+00:00,2026-03-20 00:00:00+00:00,SMH,SMH260320C00270000,call,True,270.0,106.05,109.25,101.66,369.0,0.5266770965576173,0.03529957336092666,0.002902439024390244,2.0,49,2025-12-05 15:34:55+00:00,125.41805555555555,107.65,0.27123287671232876
2025-12-10 21:00:00+00:00,2026-03-20 00:00:00+00:00,SMH,SMH260320C00275000,call,True,275.0,101.25,103.8,85.82,369.0,0.4907277490234375,0.03529957336092666,0.002902439024390244,1.0,104,2025-12-01 19:07:17+00:00,217.8786111111111,102.525,0.27123287671232876
2025-12-10 21:00:00+00:00,2026-03-20 00:00:00+00:00,SMH,SMH260320C00280000,call,True,280.0,96.65,100.1,94.06,369.0,0.5054981091308592,0.03529957336092666,0.002902439024390244,1.0,77,2025-12-10 15:26:01+00:00,5.566388888888889,98.375,0.27123287671232876
2025-12-10 21:00:00+00:00,2026-03-20 00:00:00+00:00,SMH,SMH260320C00285000,call,True,285.0,91.75,95.55,89.55,369.0,0.49445085632324226,0.03529957336092666,0.002902439024390244,1.0,204,2025-12-10 15:26:01+00:00,5.566388888888889,93.65,0.27123287671232876
2025-12-10 21:00:00+00:00,2026-03-20 00:00:00+00:00,SMH,SMH260320C00290000,call,True,290.0,87.25,90.35,73.97,369.0,0.46674117248535163,0.03529957336092666,0.002902439024390244,2.0,240,2025-12-02 14:32:32+00:00,198.45777777777778,88.8,0.27123287671232876
2025-12-10 21:00:00+00:00,2026-03-20 00:00:00+00:00,SMH,SMH260320C00295000,call,True,295.0,82.85,86.65,79.96,369.0,0.4747977325439453,0.03529957336092666,0.002902439024390244,2.0,56,2025-12-08 17:56:32+00:00,51.05777777777778,84.75,0.27123287671232876
2025-12-10 21:00:00+00:00,2026-03-20 00:00:00+00:00,SMH,SMH260320C00300000,call,True,300.0,78.55,82.2,75.85,369.0,0.4636589279174804,0.03529957336092666,0.002902439024390244,2.0,268,2025-12-09 15:36:30+00:00,29.391666666666666,80.375,0.27123287671232876
2025-12-10 21:00:00+00:00,2026-03-20 00:00:00+00:00,SMH,SMH260320C00305000,call,True,305.0,74.3,77.65,59.23,369.0,0.4497125341796875,0.03529957336092666,0.002902439024390244,1.0,81,2025-12-01 16:34:46+00:00,220.42055555555555,75.975,0.27123287671232876
2025-12-10 21:00:00+00:00,2026-03-20 00:00:00+00:00,SMH,SMH260320C00310000,call,True,310.0,69.9,73.4,68.96,369.0,0.4410761459350586,0.03529957336092666,0.002902439024390244,1.0,104,2025-12-10 18:32:34+00:00,2.457222222222222,71.65,0.27123287671232876
2025-12-10 21:00:00+00:00,2026-03-20 00:00:00+00:00,SMH,SMH260320C00315000,call,True,315.0,65.85,69.6,35.0,369.0,0.43970286865234376,0.03529957336092666,0.002902439024390244,9.0,592,2025-11-21 18:21:38+00:00,458.63944444444445,67.725,0.27123287671232876
2025-12-10 21:00:00+00:00,2026-03-20 00:00:00+00:00,SMH,SMH260320C00320000,call,True,320.0,62.35,65.5,59.95,369.0,0.4312801013183594,0.03529957336092666,0.002902439024390244,21.0,1249,2025-12-10 16:16:14+00:00,4.729444444444445,63.925,0.27123287671232876
2025-12-10 21:00:00+00:00,2026-03-20 00:00:00+00:00,SMH,SMH260320C00325000,call,True,325.0,58.05,61.55,50.4,369.0,0.42423061126708983,0.03529957336092666,0.002902439024390244,1.0,594,2025-12-04 20:59:36+00:00,144.00666666666666,59.8,0.27123287671232876
2025-12-10 21:00:00+00:00,2026-03-20 00:00:00+00:00,SMH,SMH260320C00330000,call,True,330.0,53.75,57.6,55.35,369.0,0.4158993957519531,0.03529957336092666,0.002902439024390244,2.0,1040,2025-12-08 19:17:28+00:00,49.708888888888886,55.675,0.27123287671232876
2025-12-10 21:00:00+00:00,2026-03-20 00:00:00+00:00,SMH,SMH260320C00335000,call,True,335.0,50.2,53.9,48.55,369.0,0.4101926657104492,0.03529957336092666,0.002902439024390244,1.0,855,2025-12-10 16:11:17+00:00,4.811944444444444,52.05,0.27123287671232876
2025-12-10 21:00:00+00:00,2026-03-20 00:00:00+00:00,SMH,SMH260320C00340000,call,True,340.0,46.8,50.1,50.1,369.0,0.40158679473876957,0.03529957336092666,0.002902439024390244,9.0,924,2025-12-10 20:33:11+00:00,0.4469444444444444,48.45,0.27123287671232876
2025-12-10 21:00:00+00:00,2026-03-20 00:00:00+00:00,SMH,SMH260320C00345000,call,True,345.0,43.15,46.8,41.25,369.0,0.3989012747192383,0.03529957336092666,0.002902439024390244,2.0,727,2025-12-08 20:51:29+00:00,48.14194444444445,44.974999999999994,0.27123287671232876
2025-12-10 21:00:00+00:00,2026-03-20 00:00:00+00:00,SMH,SMH260320C00350000,call,True,350.0,40.15,43.0,38.85,369.0,0.38757936645507807,0.03529957336092666,0.002902439024390244,1.0,1137,2025-12-10 18:01:10+00:00,2.9805555555555556,41.575,0.27123287671232876
2025-12-10 21:00:00+00:00,2026-03-20 00:00:00+00:00,SMH,SMH260320C00360000,call,True,360.0,34.35,36.4,36.3,369.0,0.37450271499633786,0.03529957336092666,0.002902439024390244,19.0,4675,2025-12-10 20:50:27+00:00,0.15916666666666668,35.375,0.27123287671232876
2025-12-10 21:00:00+00:00,2026-03-20 00:00:00+00:00,SMH,SMH260320C00370000,call,True,370.0,28.55,30.65,30.25,369.0,0.366217275390625,0.03529957336092666,0.002902439024390244,173.0,7052,2025-12-10 20:37:16+00:00,0.3788888888888889,29.6,0.27123287671232876
2025-12-10 21:00:00+00:00,2026-03-20 00:00:00+00:00,SMH,SMH260320C00380000,call,False,380.0,23.4,25.4,25.08,369.0,0.35751985260009767,0.03529957336092666,0.002902439024390244,35.0,832,2025-12-10 20:24:48+00:00,0.5866666666666667,24.4,0.27123287671232876
2025-12-10 21:00:00+00:00,2026-03-20 00:00:00+00:00,SMH,SMH260320C00390000,call,False,390.0,19.05,20.8,20.8,369.0,0.35016518981933586,0.03529957336092666,0.002902439024390244,122.0,9620,2025-12-10 20:05:34+00:00,0.9072222222222223,19.925,0.27123287671232876
2025-12-10 21:00:00+00:00,2026-03-20 00:00:00+00:00,SMH,SMH260320C00400000,call,False,400.0,15.0,16.85,16.35,369.0,0.3441532870483398,0.03529957336092666,0.002902439024390244,577.0,5932,2025-12-10 20:56:06+00:00,0.065,15.925,0.27123287671232876
2025-12-10 21:00:00+00:00,2026-03-20 00:00:00+00:00,SMH,SMH260320C00410000,call,False,410.0,11.65,13.55,13.25,369.0,0.33978931701660153,0.03529957336092666,0.002902439024390244,7.0,4532,2025-12-10 20:22:46+00:00,0.6205555555555555,12.600000000000001,0.27123287671232876
2025-12-10 21:00:00+00:00,2026-03-20 00:00:00+00:00,SMH,SMH260320C00420000,call,False,420.0,9.55,10.75,10.5,369.0,0.3355779333496094,0.03529957336092666,0.002902439024390244,24.0,5453,2025-12-10 20:27:35+00:00,0.5402777777777777,10.15,0.27123287671232876
2025-12-10 21:00:00+00:00,2026-03-20 00:00:00+00:00,SMH,SMH260320C00430000,call,False,430.0,7.25,8.7,7.16,369.0,0.3362187960815429,0.03529957336092666,0.002902439024390244,16.0,225,2025-12-09 20:53:20+00:00,24.11111111111111,7.975,0.27123287671232876
2025-12-10 21:00:00+00:00,2026-03-20 00:00:00+00:00,SMH,SMH260320C00440000,call,False,440.0,5.55,6.65,6.4,369.0,0.330512066040039,0.03529957336092666,0.002902439024390244,3.0,198,2025-12-10 20:48:13+00:00,0.1963888888888889,6.1,0.27123287671232876
2025-12-10 21:00:00+00:00,2026-03-20 00:00:00+00:00,SMH,SMH260320C00450000,call,False,450.0,4.3,5.1,4.9,369.0,0.3272772351074219,0.03529957336092666,0.002902439024390244,25.0,380,2025-12-10 19:55:23+00:00,1.0769444444444445,4.699999999999999,0.27123287671232876
2025-12-10 21:00:00+00:00,2026-03-20 00:00:00+00:00,SMH,SMH260320C00460000,call,False,460.0,3.35,4.2,3.78,369.0,0.3321599987792969,0.03529957336092666,0.002902439024390244,15.0,8321,2025-12-10 19:35:31+00:00,1.4080555555555556,3.7750000000000004,0.27123287671232876
2025-12-10 21:00:00+00:00,2026-03-20 00:00:00+00:00,SMH,SMH260320C00470000,call,False,470.0,2.38,3.25,2.4,369.0,0.33124448059082034,0.03529957336092666,0.002902439024390244,2.0,550,2025-12-09 15:04:35+00:00,29.92361111111111,2.815,0.27123287671232876
2025-12-10 21:00:00+00:00,2026-03-20 00:00:00+00:00,SMH,SMH260320C00480000,call,False,480.0,1.71,2.5,1.9,369.0,0.33045103149414057,0.03529957336092666,0.002902439024390244,1.0,1098,2025-12-09 15:37:13+00:00,29.379722222222224,2.105,0.27123287671232876
2025-12-10 21:00:00+00:00,2026-03-20 00:00:00+00:00,SMH,SMH260320C00490000,call,False,490.0,1.11,2.39,1.44,369.0,0.34668622070312494,0.03529957336092666,0.002902439024390244,1.0,593,2025-12-10 16:26:25+00:00,4.559722222222222,1.75,0.27123287671232876
2025-12-10 21:00:00+00:00,2026-03-20 00:00:00+00:00,SMH,SMH260320C00500000,call,False,500.0,0.99,1.61,1.16,369.0,0.33612724426269536,0.03529957336092666,0.002902439024390244,2.0,249,2025-12-08 20:59:52+00:00,48.00222222222222,1.3,0.27123287671232876
2025-12-10 21:00:00+00:00,2026-03-20 00:00:00+00:00,SMH,SMH260320C00510000,call,False,510.0,0.73,1.23,1.05,369.0,0.33570000244140624,0.03529957336092666,0.002902439024390244,2.0,3464,2025-12-08 16:30:14+00:00,52.49611111111111,0.98,0.27123287671232876
2025-12-10 21:00:00+00:00,2026-03-20 00:00:00+00:00,SMH,SMH260320P00125000,put,False,125.0,0.0,0.38,0.16,369.0,0.8359391406249999,0.03529957336092666,0.002902439024390244,1.0,232,2025-12-02 19:35:40+00:00,193.40555555555557,0.19,0.27123287671232876
2025-12-10 21:00:00+00:00,2026-03-20 00:00:00+00:00,SMH,SMH260320P00130000,put,False,130.0,0.0,2.26,0.22,369.0,1.0310107043457033,0.03529957336092666,0.002902439024390244,1.0,10,2025-12-05 14:30:05+00:00,126.49861111111112,1.13,0.27123287671232876
2025-12-10 21:00:00+00:00,2026-03-20 00:00:00+00:00,SMH,SMH260320P00135000,put,False,135.0,0.02,0.38,0.38,369.0,0.7841818457031251,0.03529957336092666,0.002902439024390244,12.0,9,2025-10-31 18:20:38+00:00,962.6561111111112,0.2,0.27123287671232876
2025-12-10 21:00:00+00:00,2026-03-20 00:00:00+00:00,SMH,SMH260320P00140000,put,False,140.0,0.04,0.4,0.4,369.0,0.7666038964843751,0.03529957336092666,0.002902439024390244,2.0,10,2025-10-31 17:55:34+00:00,963.0738888888889,0.22,0.27123287671232876
2025-12-10 21:00:00+00:00,2026-03-20 00:00:00+00:00,SMH,SMH260320P00145000,put,False,145.0,0.07,0.43,0.46,369.0,0.75195560546875,0.03529957336092666,0.002902439024390244,8.0,47,2025-10-31 18:02:03+00:00,962.9658333333333,0.25,0.27123287671232876
2025-12-10 21:00:00+00:00,2026-03-20 00:00:00+00:00,SMH,SMH260320P00150000,put,False,150.0,0.0,2.26,0.37,369.0,0.901368173828125,0.03529957336092666,0.002902439024390244,135.0,181,2025-11-26 16:51:23+00:00,340.1436111111111,1.13,0.27123287671232876
2025-12-10 21:00:00+00:00,2026-03-20 00:00:00+00:00,SMH,SMH260320P00155000,put,False,155.0,0.1,1.2,0.74,369.0,0.7990742749023438,0.03529957336092666,0.002902439024390244,1.0,5,2025-10-22 19:09:04+00:00,1177.848888888889,0.65,0.27123287671232876
2025-12-10 21:00:00+00:00,2026-03-20 00:00:00+00:00,SMH,SMH260320P00160000,put,False,160.0,0.0,0.5,0.79,369.0,0.6787141503906251,0.03529957336092666,0.002902439024390244,3.0,159,2025-11-21 18:58:57+00:00,458.0175,0.25,0.27123287671232876
2025-12-10 21:00:00+00:00,2026-03-20 00:00:00+00:00,SMH,SMH260320P00165000,put,False,165.0,0.05,1.4,0.9,369.0,0.7592797509765626,0.03529957336092666,0.002902439024390244,2.0,61,2025-10-22 19:09:04+00:00,1177.848888888889,0.725,0.27123287671232876
2025-12-10 21:00:00+00:00,2026-03-20 00:00:00+00:00,SMH,SMH260320P00170000,put,False,170.0,0.13,0.42,0.41,369.0,0.6411168701171875,0.03529957336092666,0.002902439024390244,2.0,45,2025-12-03 15:08:08+00:00,173.86444444444444,0.275,0.27123287671232876
2025-12-10 21:00:00+00:00,2026-03-20 00:00:00+00:00,SMH,SMH260320P00175000,put,False,175.0,0.16,0.45,0.85,369.0,0.6279334082031252,0.03529957336092666,0.002902439024390244,1.0,61,2025-11-25 20:28:32+00:00,360.52444444444444,0.305,0.27123287671232876
2025-12-10 21:00:00+00:00,2026-03-20 00:00:00+00:00,SMH,SMH260320P00180000,put,False,180.0,0.07,0.41,0.33,369.0,0.58789474609375,0.03529957336092666,0.002902439024390244,1.0,11017,2025-12-10 16:40:10+00:00,4.330555555555556,0.24,0.27123287671232876
2025-12-10 21:00:00+00:00,2026-03-20 00:00:00+00:00,SMH,SMH260320P00185000,put,False,185.0,0.03,0.52,0.43,369.0,0.5776409423828125,0.03529957336092666,0.002902439024390244,2.0,40,2025-12-05 17:11:42+00:00,123.805,0.275,0.27123287671232876
2025-12-10 21:00:00+00:00,2026-03-20 00:00:00+00:00,SMH,SMH260320P00190000,put,False,190.0,0.1,0.56,1.05,369.0,0.5708050732421875,0.03529957336092666,0.002902439024390244,1.0,41,2025-11-17 14:48:53+00:00,558.1852777777777,0.33,0.27123287671232876
2025-12-10 21:00:00+00:00,2026-03-20 00:00:00+00:00,SMH,SMH260320P00195000,put,False,195.0,0.05,0.6,1.88,369.0,0.5498091894531252,0.03529957336092666,0.002902439024390244,7.0,48,2025-11-21 18:26:11+00:00,458.56361111111113,0.325,0.27123287671232876
2025-12-10 21:00:00+00:00,2026-03-20 00:00:00+00:00,SMH,SMH260320P00200000,put,False,200.0,0.22,0.76,0.84,369.0,0.561527822265625,0.03529957336092666,0.002902439024390244,1.0,1574,2025-12-01 16:42:38+00:00,220.28944444444446,0.49,0.27123287671232876
2025-12-10 21:00:00+00:00,2026-03-20 00:00:00+00:00,SMH,SMH260320P00205000,put,False,205.0,0.27,0.82,1.0,369.0,0.5500533276367189,0.03529957336092666,0.002902439024390244,16.0,552,2025-12-01 14:40:03+00:00,222.3325,0.5449999999999999,0.27123287671232876
2025-12-10 21:00:00+00:00,2026-03-20 00:00:00+00:00,SMH,SMH260320P00210000,put,False,210.0,0.49,0.76,0.69,369.0,0.5415084912109377,0.03529957336092666,0.002902439024390244,3.0,314,2025-12-10 17:46:59+00:00,3.2169444444444446,0.625,0.27123287671232876
2025-12-10 21:00:00+00:00,2026-03-20 00:00:00+00:00,SMH,SMH260320P00215000,put,False,215.0,0.32,0.94,0.88,369.0,0.5224657128906249,0.03529957336092666,0.002902439024390244,1.0,1493,2025-12-04 20:01:43+00:00,144.9713888888889,0.63,0.27123287671232876
2025-12-10 21:00:00+00:00,2026-03-20 00:00:00+00:00,SMH,SMH260320P00220000,put,False,220.0,0.37,1.04,1.06,369.0,0.5122119091796875,0.03529957336092666,0.002902439024390244,20.0,1585,2025-12-05 14:30:45+00:00,126.4875,0.7050000000000001,0.27123287671232876
2025-12-10 21:00:00+00:00,2026-03-20 00:00:00+00:00,SMH,SMH260320P00225000,put,False,225.0,0.43,1.09,2.34,369.0,0.5308884802246094,0.03529957336092666,0.002902439024390244,23.0,1677,2025-11-25 16:21:45+00:00,364.6375,0.76,0.27123287671232876
2025-12-10 21:00:00+00:00,2026-03-20 00:00:00+00:00,SMH,SMH260320P00230000,put,False,230.0,0.48,1.38,1.05,369.0,0.5336960693359375,0.03529957336092666,0.002902439024390244,1.0,745,2025-12-10 15:20:04+00:00,5.665555555555556,0.9299999999999999,0.27123287671232876
2025-12-10 21:00:00+00:00,2026-03-20 00:00:00+00:00,SMH,SMH260320P00235000,put,False,235.0,0.95,1.29,1.11,369.0,0.506840869140625,0.03529957336092666,0.002902439024390244,28.0,549,2025-12-10 19:34:28+00:00,1.4255555555555555,1.12,0.27123287671232876
2025-12-10 21:00:00+00:00,2026-03-20 00:00:00+00:00,SMH,SMH260320P00240000,put,False,240.0,0.72,1.57,1.19,369.0,0.5062305236816407,0.03529957336092666,0.002902439024390244,1.0,780,2025-12-10 20:03:15+00:00,0.9458333333333333,1.145,0.27123287671232876
2025-12-10 21:00:00+00:00,2026-03-20 00:00:00+00:00,SMH,SMH260320P00245000,put,False,245.0,0.81,1.75,1.5,369.0,0.497197410888672,0.03529957336092666,0.002902439024390244,5.0,3506,2025-12-09 19:44:28+00:00,25.25888888888889,1.28,0.27123287671232876
2025-12-10 21:00:00+00:00,2026-03-20 00:00:00+00:00,SMH,SMH260320P00250000,put,False,250.0,1.02,1.86,1.59,369.0,0.48340360351562506,0.03529957336092666,0.002902439024390244,1.0,2177,2025-12-10 19:00:32+00:00,1.991111111111111,1.44,0.27123287671232876
2025-12-10 21:00:00+00:00,2026-03-20 00:00:00+00:00,SMH,SMH260320P00255000,put,False,255.0,1.24,2.09,2.2,369.0,0.47546911254882807,0.03529957336092666,0.002902439024390244,2.0,2014,2025-12-03 18:52:34+00:00,170.1238888888889,1.665,0.27123287671232876
2025-12-10 21:00:00+00:00,2026-03-20 00:00:00+00:00,SMH,SMH260320P00260000,put,False,260.0,1.34,2.43,2.15,369.0,0.4715629016113281,0.03529957336092666,0.002902439024390244,1.0,2585,2025-12-10 15:20:04+00:00,5.665555555555556,1.8850000000000002,0.27123287671232876
2025-12-10 21:00:00+00:00,2026-03-20 00:00:00+00:00,SMH,SMH260320P00265000,put,False,265.0,1.57,2.63,3.09,369.0,0.4600273724365235,0.03529957336092666,0.002902439024390244,2.0,213,2025-12-02 15:14:30+00:00,197.75833333333333,2.1,0.27123287671232876
2025-12-10 21:00:00+00:00,2026-03-20 00:00:00+00:00,SMH,SMH260320P00270000,put,False,270.0,2.04,2.69,2.45,369.0,0.442388388671875,0.03529957336092666,0.002902439024390244,37.0,1892,2025-12-09 17:43:55+00:00,27.268055555555556,2.365,0.27123287671232876
2025-12-10 21:00:00+00:00,2026-03-20 00:00:00+00:00,SMH,SMH260320P00275000,put,False,275.0,2.1,3.15,3.28,369.0,0.4397639031982422,0.03529957336092666,0.002902439024390244,1.0,1255,2025-12-09 14:31:15+00:00,30.479166666666668,2.625,0.27123287671232876
2025-12-10 21:00:00+00:00,2026-03-20 00:00:00+00:00,SMH,SMH260320P00280000,put,False,280.0,2.48,3.55,3.54,369.0,0.43317217224121096,0.03529957336092666,0.002902439024390244,5.0,5158,2025-12-09 15:38:42+00:00,29.355,3.0149999999999997,0.27123287671232876
2025-12-10 21:00:00+00:00,2026-03-20 00:00:00+00:00,SMH,SMH260320P00285000,put,False,285.0,2.45,4.95,3.82,369.0,0.45465633239746095,0.03529957336092666,0.002902439024390244,1.0,5179,2025-12-10 18:49:31+00:00,2.174722222222222,3.7,0.27123287671232876
2025-12-10 21:00:00+00:00,2026-03-20 00:00:00+00:00,SMH,SMH260320P00290000,put,False,290.0,2.87,4.35,3.75,369.0,0.4163876721191406,0.03529957336092666,0.002902439024390244,1.0,2026,2025-12-09 20:50:21+00:00,24.160833333333333,3.61,0.27123287671232876
2025-12-10 21:00:00+00:00,2026-03-20 00:00:00+00:00,SMH,SMH260320P00295000,put,False,295.0,4.0,4.95,4.65,369.0,0.41177956390380854,0.03529957336092666,0.002902439024390244,10.0,7256,2025-12-10 19:40:38+00:00,1.3227777777777778,4.475,0.27123287671232876
2025-12-10 21:00:00+00:00,2026-03-20 00:00:00+00:00,SMH,SMH260320P00300000,put,False,300.0,4.8,7.05,4.9,369.0,0.44067942138671873,0.03529957336092666,0.002902439024390244,54.0,6812,2025-12-10 20:02:24+00:00,0.96,5.925,0.27123287671232876
2025-12-10 21:00:00+00:00,2026-03-20 00:00:00+00:00,SMH,SMH260320P00305000,put,False,305.0,5.25,6.1,5.59,369.0,0.39685661743164063,0.03529957336092666,0.002902439024390244,2.0,1089,2025-12-10 20:53:26+00:00,0.10944444444444444,5.675,0.27123287671232876
2025-12-10 21:00:00+00:00,2026-03-20 00:00:00+00:00,SMH,SMH260320P00310000,put,False,310.0,5.75,6.8,6.15,369.0,0.3902648864746094,0.03529957336092666,0.002902439024390244,3.0,653,2025-12-10 20:46:47+00:00,0.22027777777777777,6.275,0.27123287671232876
2025-12-10 21:00:00+00:00,2026-03-20 00:00:00+00:00,SMH,SMH260320P00315000,put,False,315.0,6.7,7.7,7.55,369.0,0.3863281582641601,0.03529957336092666,0.002902439024390244,1.0,466,2025-12-10 19:40:08+00:00,1.3311111111111111,7.2,0.27123287671232876
2025-12-10 21:00:00+00:00,2026-03-20 00:00:00+00:00,SMH,SMH260320P00320000,put,False,320.0,7.55,8.4,7.76,369.0,0.37695935546875,0.03529957336092666,0.002902439024390244,18.0,6575,2025-12-10 20:46:47+00:00,0.22027777777777777,7.975,0.27123287671232876
2025-12-10 21:00:00+00:00,2026-03-20 00:00:00+00:00,SMH,SMH260320P00325000,put,False,325.0,8.25,9.65,8.75,369.0,0.37622694091796877,0.03529957336092666,0.002902439024390244,546.0,1221,2025-12-10 20:57:08+00:00,0.04777777777777778,8.95,0.27123287671232876
2025-12-10 21:00:00+00:00,2026-03-20 00:00:00+00:00,SMH,SMH260320P00330000,put,False,330.0,9.25,10.65,9.85,369.0,0.36926900268554685,0.03529957336092666,0.002902439024390244,19.0,4233,2025-12-10 20:57:42+00:00,0.03833333333333333,9.95,0.27123287671232876
2025-12-10 21:00:00+00:00,2026-03-20 00:00:00+00:00,SMH,SMH260320P00335000,put,False,335.0,10.65,11.9,10.93,369.0,0.3649050326538086,0.03529957336092666,0.002902439024390244,105.0,3285,2025-12-10 20:37:47+00:00,0.37027777777777776,11.275,0.27123287671232876
2025-12-10 21:00:00+00:00,2026-03-20 00:00:00+00:00,SMH,SMH260320P00340000,put,False,340.0,11.95,13.25,12.19,369.0,0.36035795898437495,0.03529957336092666,0.002902439024390244,63.0,2456,2025-12-10 20:58:53+00:00,0.01861111111111111,12.6,0.27123287671232876
2025-12-10 21:00:00+00:00,2026-03-20 00:00:00+00:00,SMH,SMH260320P00345000,put,False,345.0,13.3,14.9,13.61,369.0,0.3584964053344727,0.03529957336092666,0.002902439024390244,9.0,1034,2025-12-10 20:48:05+00:00,0.1986111111111111,14.100000000000001,0.27123287671232876
2025-12-10 21:00:00+00:00,2026-03-20 00:00:00+00:00,SMH,SMH260320P00350000,put,False,350.0,14.5,16.35,15.5,369.0,0.35193519165039056,0.03529957336092666,0.002902439024390244,60.0,1878,2025-12-10 21:01:10+00:00,0.0,15.425,0.27123287671232876
2025-12-10 21:00:00+00:00,2026-03-20 00:00:00+00:00,SMH,SMH260320P00360000,put,False,360.0,17.9,20.05,18.5,369.0,0.34467208068847655,0.03529957336092666,0.002902439024390244,182.0,1671,2025-12-10 20:41:16+00:00,0.31222222222222223,18.975,0.27123287671232876
2025-12-10 21:00:00+00:00,2026-03-20 00:00:00+00:00,SMH,SMH260320P00370000,put,False,370.0,21.95,24.7,22.64,369.0,0.342505354309082,0.03529957336092666,0.002902439024390244,331.0,12195,2025-12-10 20:44:53+00:00,0.25194444444444447,23.325,0.27123287671232876
2025-12-10 21:00:00+00:00,2026-03-20 00:00:00+00:00,SMH,SMH260320P00380000,put,True,380.0,27.0,29.0,27.35,369.0,0.3283605982971191,0.03529957336092666,0.002902439024390244,9.0,171,2025-12-10 20:19:56+00:00,0.6677777777777778,28.0,0.27123287671232876
2025-12-10 21:00:00+00:00,2026-03-20 00:00:00+00:00,SMH,SMH260320P00390000,put,True,390.0,32.25,35.25,36.25,369.0,0.3316412051391602,0.03529957336092666,0.002902439024390244,7.0,6,2025-12-10 18:10:09+00:00,2.8308333333333335,33.75,0.27123287671232876
2025-12-10 21:00:00+00:00,2026-03-20 00:00:00+00:00,SMH,SMH260320P00400000,put,True,400.0,38.2,41.25,38.8,369.0,0.32434757690429683,0.03529957336092666,0.002902439024390244,20.0,78,2025-12-10 20:47:36+00:00,0.20666666666666667,39.725,0.27123287671232876
2025-12-10 21:00:00+00:00,2026-03-20 00:00:00+00:00,SMH,SMH260320P00410000,put,True,410.0,44.85,48.55,66.83,369.0,0.32733826965332036,0.03529957336092666,0.002902439024390244,,3,2025-11-26 16:17:46+00:00,340.7038888888889,46.7,0.27123287671232876
2025-12-10 21:00:00+00:00,2026-03-20 00:00:00+00:00,SMH,SMH260320P00420000,put,True,420.0,52.3,55.5,56.5,369.0,0.31833567413330077,0.03529957336092666,0.002902439024390244,10.0,13,2025-12-10 18:50:35+00:00,2.1569444444444446,53.9,0.27123287671232876
2025-12-10 21:00:00+00:00,2026-03-20 00:00:00+00:00,SMH,SMH260320P00430000,put,True,430.0,60.3,63.95,65.4,369.0,0.3257513714599609,0.03529957336092666,0.002902439024390244,1.0,3,2025-12-10 15:27:59+00:00,5.533611111111111,62.125,0.27123287671232876
2025-12-10 21:00:00+00:00,2026-03-20 00:00:00+00:00,SMH,SMH260320P00440000,put,True,440.0,68.8,72.15,74.52,369.0,0.32340154144287103,0.03529957336092666,0.002902439024390244,1.0,5,2025-12-09 16:18:20+00:00,28.694444444444443,70.475,0.27123287671232876
2025-12-10 21:00:00+00:00,2026-05-15 00:00:00+00:00,SMH,SMH260515C00235000,call,True,235.0,141.55,145.05,93.02,369.0,0.5269822692871093,0.03529957336092666,0.002902439024390244,10.0,10,2025-11-21 15:43:37+00:00,461.2730555555556,143.3,0.4246575342465753
2025-12-10 21:00:00+00:00,2026-05-15 00:00:00+00:00,SMH,SMH260515C00240000,call,True,240.0,136.6,140.35,89.02,369.0,0.5131274273681641,0.03529957336092666,0.002902439024390244,10.0,60,2025-11-21 15:43:37+00:00,461.2730555555556,138.475,0.4246575342465753
2025-12-10 21:00:00+00:00,2026-05-15 00:00:00+00:00,SMH,SMH260515C00245000,call,True,245.0,107.8,111.5,103.85,369.0,1.0000000000000003e-05,0.03529957336092666,0.002902439024390244,,2,2025-10-13 15:10:53+00:00,1397.818611111111,109.65,0.4246575342465753
2025-12-10 21:00:00+00:00,2026-05-15 00:00:00+00:00,SMH,SMH260515C00250000,call,True,250.0,103.5,107.0,99.63,369.0,1.0000000000000003e-05,0.03529957336092666,0.002902439024390244,,5,2025-10-13 14:02:48+00:00,1398.9533333333334,105.25,0.4246575342465753
2025-12-10 21:00:00+00:00,2026-05-15 00:00:00+00:00,SMH,SMH260515C00255000,call,True,255.0,123.25,126.6,82.65,369.0,0.5353440020751954,0.03529957336092666,0.002902439024390244,2.0,2,2025-11-21 18:10:12+00:00,458.83,124.925,0.4246575342465753
2025-12-10 21:00:00+00:00,2026-05-15 00:00:00+00:00,SMH,SMH260515C00260000,call,True,260.0,106.1,109.45,118.88,369.0,1.0000000000000003e-05,0.03529957336092666,0.002902439024390244,8.0,8,2025-10-29 16:22:34+00:00,1012.6238888888889,107.775,0.4246575342465753
2025-12-10 21:00:00+00:00,2026-05-15 00:00:00+00:00,SMH,SMH260515C00265000,call,True,265.0,114.0,117.55,97.15,369.0,0.5150805328369141,0.03529957336092666,0.002902439024390244,1.0,4,2025-12-01 16:10:16+00:00,220.82888888888888,115.775,0.4246575342465753
2025-12-10 21:00:00+00:00,2026-05-15 00:00:00+00:00,SMH,SMH260515C00270000,call,True,270.0,109.5,113.15,90.18,369.0,0.5067493173217773,0.03529957336092666,0.002902439024390244,1.0,4,2025-12-01 14:30:05+00:00,222.4986111111111,111.325,0.4246575342465753
2025-12-10 21:00:00+00:00,2026-05-15 00:00:00+00:00,SMH,SMH260515C00275000,call,True,275.0,105.0,108.75,97.0,369.0,0.4978077563476563,0.03529957336092666,0.002902439024390244,6.0,9,2025-12-04 17:56:44+00:00,147.05444444444444,106.875,0.4246575342465753
2025-12-10 21:00:00+00:00,2026-05-15 00:00:00+00:00,SMH,SMH260515C00280000,call,True,280.0,100.75,104.4,93.15,369.0,0.48923240264892587,0.03529957336092666,0.002902439024390244,5.0,39,2025-12-04 17:55:50+00:00,147.06944444444446,102.575,0.4246575342465753
2025-12-10 21:00:00+00:00,2026-05-15 00:00:00+00:00,SMH,SMH260515C00285000,call,True,285.0,68.5,72.55,73.01,369.0,1.0000000000000003e-05,0.03529957336092666,0.002902439024390244,5.0,8,2025-10-17 15:24:29+00:00,1301.5919444444444,70.525,0.4246575342465753
2025-12-10 21:00:00+00:00,2026-05-15 00:00:00+00:00,SMH,SMH260515C00290000,call,True,290.0,92.2,95.85,66.58,369.0,0.4727835925292969,0.03529957336092666,0.002902439024390244,2.0,18,2025-11-24 17:24:02+00:00,387.59944444444443,94.025,0.4246575342465753
2025-12-10 21:00:00+00:00,2026-05-15 00:00:00+00:00,SMH,SMH260515C00295000,call,True,295.0,88.0,91.65,70.6,369.0,0.4648185842895508,0.03529957336092666,0.002902439024390244,2.0,3,2025-11-26 20:38:41+00:00,336.35527777777776,89.825,0.4246575342465753
2025-12-10 21:00:00+00:00,2026-05-15 00:00:00+00:00,SMH,SMH260515C00300000,call,True,300.0,84.05,87.55,82.0,369.0,0.45770805969238293,0.03529957336092666,0.002902439024390244,1.0,9,2025-12-09 17:03:22+00:00,27.94388888888889,85.8,0.4246575342465753
2025-12-10 21:00:00+00:00,2026-05-15 00:00:00+00:00,SMH,SMH260515C00305000,call,True,305.0,79.95,83.5,63.0,369.0,0.4505670178222656,0.03529957336092666,0.002902439024390244,1.0,8,2025-11-26 19:26:31+00:00,337.55805555555554,81.725,0.4246575342465753
2025-12-10 21:00:00+00:00,2026-05-15 00:00:00+00:00,SMH,SMH260515C00310000,call,True,310.0,75.75,79.5,73.1,369.0,0.44339545867919916,0.03529957336092666,0.002902439024390244,1.0,14,2025-12-09 14:47:19+00:00,30.211388888888887,77.625,0.4246575342465753
2025-12-10 21:00:00+00:00,2026-05-15 00:00:00+00:00,SMH,SMH260515C00315000,call,True,315.0,72.3,75.6,47.8,369.0,0.4368037277221679,0.03529957336092666,0.002902439024390244,3.0,9,2025-11-25 17:33:38+00:00,363.43944444444446,73.94999999999999,0.4246575342465753
2025-12-10 21:00:00+00:00,2026-05-15 00:00:00+00:00,SMH,SMH260515C00320000,call,True,320.0,68.05,71.75,52.0,369.0,0.43007466903686525,0.03529957336092666,0.002902439024390244,1.0,41,2025-11-28 14:42:00+00:00,294.3,69.9,0.4246575342465753
2025-12-10 21:00:00+00:00,2026-05-15 00:00:00+00:00,SMH,SMH260515C00325000,call,True,325.0,64.4,68.0,58.42,369.0,0.42380336944580077,0.03529957336092666,0.002902439024390244,1.0,17,2025-12-03 19:17:53+00:00,169.70194444444445,66.2,0.4246575342465753
2025-12-10 21:00:00+00:00,2026-05-15 00:00:00+00:00,SMH,SMH260515C00330000,call,True,330.0,60.7,63.55,58.8,369.0,0.40811749114990237,0.03529957336092666,0.002902439024390244,11.0,75,2025-12-09 20:01:58+00:00,24.967222222222222,62.125,0.4246575342465753
2025-12-10 21:00:00+00:00,2026-05-15 00:00:00+00:00,SMH,SMH260515C00335000,call,True,335.0,56.9,60.85,33.0,369.0,0.41287818572998036,0.03529957336092666,0.002902439024390244,1.0,52,2025-11-21 20:37:37+00:00,456.37305555555554,58.875,0.4246575342465753
2025-12-10 21:00:00+00:00,2026-05-15 00:00:00+00:00,SMH,SMH260515C00340000,call,True,340.0,53.7,57.4,50.32,369.0,0.40750714569091795,0.03529957336092666,0.002902439024390244,1.0,156,2025-12-05 16:30:11+00:00,124.49694444444444,55.55,0.4246575342465753
2025-12-10 21:00:00+00:00,2026-05-15 00:00:00+00:00,SMH,SMH260515C00345000,call,True,345.0,50.5,54.05,47.2,369.0,0.4023192092895508,0.03529957336092666,0.002902439024390244,3.0,125,2025-12-05 17:01:44+00:00,123.97111111111111,52.275,0.4246575342465753
2025-12-10 21:00:00+00:00,2026-05-15 00:00:00+00:00,SMH,SMH260515C00350000,call,True,350.0,47.15,50.85,45.5,369.0,0.39786368743896483,0.03529957336092666,0.002902439024390244,3.0,105,2025-12-08 20:51:08+00:00,48.147777777777776,49.0,0.4246575342465753
2025-12-10 21:00:00+00:00,2026-05-15 00:00:00+00:00,SMH,SMH260515C00355000,call,True,355.0,43.95,47.75,42.0,369.0,0.39346920013427733,0.03529957336092666,0.002902439024390244,2.0,76,2025-12-08 16:24:24+00:00,52.593333333333334,45.85,0.4246575342465753
2025-12-10 21:00:00+00:00,2026-05-15 00:00:00+00:00,SMH,SMH260515C00360000,call,True,360.0,40.95,44.8,37.89,369.0,0.38970031692504886,0.03529957336092666,0.002902439024390244,1.0,159,2025-12-05 14:31:14+00:00,126.47944444444444,42.875,0.4246575342465753
2025-12-10 21:00:00+00:00,2026-05-15 00:00:00+00:00,SMH,SMH260515C00365000,call,True,365.0,38.4,41.95,41.38,369.0,0.3859314337158203,0.03529957336092666,0.002902439024390244,18.0,41,2025-12-10 20:34:12+00:00,0.43,40.175,0.4246575342465753
2025-12-10 21:00:00+00:00,2026-05-15 00:00:00+00:00,SMH,SMH260515C00370000,call,True,370.0,35.65,39.25,34.6,369.0,0.38269660278320305,0.03529957336092666,0.002902439024390244,1.0,132,2025-12-10 14:39:27+00:00,6.3425,37.45,0.4246575342465753
2025-12-10 21:00:00+00:00,2026-05-15 00:00:00+00:00,SMH,SMH260515C00375000,call,False,375.0,32.8,36.55,32.4,369.0,0.37842418457031246,0.03529957336092666,0.002902439024390244,1.0,15,2025-12-09 18:28:41+00:00,26.521944444444443,34.675,0.4246575342465753
2025-12-10 21:00:00+00:00,2026-05-15 00:00:00+00:00,SMH,SMH260515C00380000,call,False,380.0,30.5,34.2,33.21,369.0,0.3767152172851562,0.03529957336092666,0.002902439024390244,103.0,161,2025-12-10 20:38:25+00:00,0.3597222222222222,32.35,0.4246575342465753
2025-12-10 21:00:00+00:00,2026-05-15 00:00:00+00:00,SMH,SMH260515C00390000,call,False,390.0,26.6,29.15,28.57,369.0,0.36652244812011714,0.03529957336092666,0.002902439024390244,100.0,68,2025-12-10 20:38:25+00:00,0.3597222222222222,27.875,0.4246575342465753
2025-12-10 21:00:00+00:00,2026-05-15 00:00:00+00:00,SMH,SMH260515C00400000,call,False,400.0,21.75,25.05,21.95,369.0,0.3618227880859375,0.03529957336092666,0.002902439024390244,3.0,100,2025-12-09 18:30:16+00:00,26.495555555555555,23.4,0.4246575342465753
2025-12-10 21:00:00+00:00,2026-05-15 00:00:00+00:00,SMH,SMH260515C00410000,call,False,410.0,19.05,21.25,18.39,369.0,0.3560397648620605,0.03529957336092666,0.002902439024390244,3.0,202,2025-12-10 15:38:15+00:00,5.3625,20.15,0.4246575342465753
2025-12-10 21:00:00+00:00,2026-05-15 00:00:00+00:00,SMH,SMH260515C00420000,call,False,420.0,15.7,17.85,16.66,369.0,0.35027200027465816,0.03529957336092666,0.002902439024390244,4.0,142,2025-12-10 16:17:45+00:00,4.704166666666667,16.775,0.4246575342465753
2025-12-10 21:00:00+00:00,2026-05-15 00:00:00+00:00,SMH,SMH260515C00430000,call,False,430.0,13.1,15.35,12.3,369.0,0.3504551039123534,0.03529957336092666,0.002902439024390244,2.0,93,2025-12-08 16:24:18+00:00,52.595,14.225,0.4246575342465753
2025-12-10 21:00:00+00:00,2026-05-15 00:00:00+00:00,SMH,SMH260515C00440000,call,False,440.0,10.5,12.95,10.5,369.0,0.3480747566223144,0.03529957336092666,0.002902439024390244,80.0,448,2025-12-08 18:49:49+00:00,50.16972222222222,11.725,0.4246575342465753
2025-12-10 21:00:00+00:00,2026-05-15 00:00:00+00:00,SMH,SMH260515C00450000,call,False,450.0,8.95,10.65,10.05,369.0,0.34299363067626953,0.03529957336092666,0.002902439024390244,1.0,124,2025-12-10 20:08:33+00:00,0.8575,9.8,0.4246575342465753
2025-12-10 21:00:00+00:00,2026-05-15 00:00:00+00:00,SMH,SMH260515C00460000,call,False,460.0,7.5,8.55,7.25,369.0,0.336295089263916,0.03529957336092666,0.002902439024390244,1.0,85,2025-12-10 17:02:55+00:00,3.951388888888889,8.025,0.4246575342465753
2025-12-10 21:00:00+00:00,2026-05-15 00:00:00+00:00,SMH,SMH260515C00470000,call,False,470.0,5.65,7.6,5.78,369.0,0.3427494924926757,0.03529957336092666,0.002902439024390244,1.0,32,2025-12-09 18:34:45+00:00,26.420833333333334,6.625,0.4246575342465753
2025-12-10 21:00:00+00:00,2026-05-15 00:00:00+00:00,SMH,SMH260515C00480000,call,False,480.0,4.85,6.0,5.6,369.0,0.3359746578979492,0.03529957336092666,0.002902439024390244,5.0,213,2025-12-10 20:12:02+00:00,0.7994444444444444,5.425,0.4246575342465753
2025-12-10 21:00:00+00:00,2026-05-15 00:00:00+00:00,SMH,SMH260515C00490000,call,False,490.0,3.65,5.15,1.9,369.0,0.3386296606445312,0.03529957336092666,0.002902439024390244,1.0,6,2025-11-20 20:58:12+00:00,480.03,4.4,0.4246575342465753
2025-12-10 21:00:00+00:00,2026-05-15 00:00:00+00:00,SMH,SMH260515C00500000,call,False,500.0,2.83,4.35,3.0,369.0,0.3396672479248046,0.03529957336092666,0.002902439024390244,1.0,29,2025-12-05 20:48:17+00:00,120.19527777777778,3.59,0.4246575342465753
2025-12-10 21:00:00+00:00,2026-05-15 00:00:00+00:00,SMH,SMH260515C00510000,call,False,510.0,2.29,3.5,2.6,369.0,0.3367681069946289,0.03529957336092666,0.002902439024390244,1.0,113,2025-12-08 15:31:47+00:00,53.47027777777778,2.895,0.4246575342465753
2025-12-10 21:00:00+00:00,2026-05-15 00:00:00+00:00,SMH,SMH260515P00235000,put,False,235.0,2.0,3.05,2.27,369.0,0.48743188354492195,0.03529957336092666,0.002902439024390244,1.0,234,2025-12-10 20:21:55+00:00,0.6347222222222222,2.525,0.4246575342465753
2025-12-10 21:00:00+00:00,2026-05-15 00:00:00+00:00,SMH,SMH260515P00240000,put,False,240.0,2.06,3.65,4.16,369.0,0.49017843811035167,0.03529957336092666,0.002902439024390244,1.0,9,2025-11-26 20:02:42+00:00,336.955,2.855,0.4246575342465753
2025-12-10 21:00:00+00:00,2026-05-15 00:00:00+00:00,SMH,SMH260515P00245000,put,False,245.0,2.29,3.8,5.83,369.0,0.476567734375,0.03529957336092666,0.002902439024390244,31.0,65,2025-11-24 17:41:58+00:00,387.30055555555555,3.045,0.4246575342465753
2025-12-10 21:00:00+00:00,2026-05-15 00:00:00+00:00,SMH,SMH260515P00250000,put,False,250.0,2.89,3.7,3.25,369.0,0.45508357421875,0.03529957336092666,0.002902439024390244,151.0,435,2025-12-10 19:52:19+00:00,1.1280555555555556,3.295,0.4246575342465753
2025-12-10 21:00:00+00:00,2026-05-15 00:00:00+00:00,SMH,SMH260515P00255000,put,False,255.0,2.95,5.55,3.45,369.0,0.4886525744628907,0.03529957336092666,0.002902439024390244,15.0,53,2025-12-10 19:22:09+00:00,1.6308333333333334,4.25,0.4246575342465753
2025-12-10 21:00:00+00:00,2026-05-15 00:00:00+00:00,SMH,SMH260515P00260000,put,False,260.0,3.15,4.8,6.5,369.0,0.4503228796386719,0.03529957336092666,0.002902439024390244,1.0,30,2025-11-11 14:54:32+00:00,702.0911111111111,3.9749999999999996,0.4246575342465753
2025-12-10 21:00:00+00:00,2026-05-15 00:00:00+00:00,SMH,SMH260515P00265000,put,False,265.0,3.5,7.0,9.34,369.0,0.4842580871582032,0.03529957336092666,0.002902439024390244,4.0,113,2025-11-19 19:14:22+00:00,505.7605555555556,5.25,0.4246575342465753
2025-12-10 21:00:00+00:00,2026-05-15 00:00:00+00:00,SMH,SMH260515P00270000,put,False,270.0,4.1,7.5,5.9,369.0,0.47543859527587884,0.03529957336092666,0.002902439024390244,1.0,91,2025-12-04 16:35:11+00:00,148.41361111111112,5.8,0.4246575342465753
2025-12-10 21:00:00+00:00,2026-05-15 00:00:00+00:00,SMH,SMH260515P00275000,put,False,275.0,4.5,8.0,6.09,369.0,0.46603927520751964,0.03529957336092666,0.002902439024390244,5.0,307,2025-12-05 18:55:37+00:00,122.07305555555556,6.25,0.4246575342465753
2025-12-10 21:00:00+00:00,2026-05-15 00:00:00+00:00,SMH,SMH260515P00280000,put,False,280.0,4.9,8.5,6.61,369.0,0.4561211614990235,0.03529957336092666,0.002902439024390244,5.0,85,2025-12-05 18:55:37+00:00,122.07305555555556,6.7,0.4246575342465753
2025-12-10 21:00:00+00:00,2026-05-15 00:00:00+00:00,SMH,SMH260515P00285000,put,False,285.0,5.45,9.0,7.35,369.0,0.44574528869628904,0.03529957336092666,0.002902439024390244,10.0,82,2025-12-05 17:59:02+00:00,123.01611111111112,7.225,0.4246575342465753
2025-12-10 21:00:00+00:00,2026-05-15 00:00:00+00:00,SMH,SMH260515P00290000,put,False,290.0,6.25,9.35,9.14,369.0,0.4322871713256836,0.03529957336092666,0.002902439024390244,1.0,239,2025-12-02 15:37:34+00:00,197.3738888888889,7.8,0.4246575342465753
2025-12-10 21:00:00+00:00,2026-05-15 00:00:00+00:00,SMH,SMH260515P00295000,put,False,295.0,6.85,9.9,9.51,369.0,0.4219723330688476,0.03529957336092666,0.002902439024390244,1.0,11,2025-12-03 17:58:44+00:00,171.0211111111111,8.375,0.4246575342465753
2025-12-10 21:00:00+00:00,2026-05-15 00:00:00+00:00,SMH,SMH260515P00300000,put,False,300.0,7.55,9.35,8.38,369.0,0.39322506195068363,0.03529957336092666,0.002902439024390244,2.0,274,2025-12-10 20:21:55+00:00,0.6347222222222222,8.45,0.4246575342465753
2025-12-10 21:00:00+00:00,2026-05-15 00:00:00+00:00,SMH,SMH260515P00305000,put,False,305.0,8.85,10.0,19.9,369.0,0.3842835009765625,0.03529957336092666,0.002902439024390244,3.0,4,2025-11-25 15:23:01+00:00,365.6163888888889,9.425,0.4246575342465753
2025-12-10 21:00:00+00:00,2026-05-15 00:00:00+00:00,SMH,SMH260515P00310000,put,False,310.0,9.95,11.0,10.5,369.0,0.3800110827636719,0.03529957336092666,0.002902439024390244,4.0,68,2025-12-09 17:46:55+00:00,27.218055555555555,10.475,0.4246575342465753
2025-12-10 21:00:00+00:00,2026-05-15 00:00:00+00:00,SMH,SMH260515P00315000,put,False,315.0,10.45,13.4,17.6,369.0,0.3944762701416016,0.03529957336092666,0.002902439024390244,5.0,48,2025-11-26 17:30:21+00:00,339.4941666666667,11.925,0.4246575342465753
2025-12-10 21:00:00+00:00,2026-05-15 00:00:00+00:00,SMH,SMH260515P00320000,put,False,320.0,12.0,13.3,12.9,369.0,0.3723970231628418,0.03529957336092666,0.002902439024390244,4.0,580,2025-12-10 19:24:08+00:00,1.5977777777777777,12.65,0.4246575342465753
2025-12-10 21:00:00+00:00,2026-05-15 00:00:00+00:00,SMH,SMH260515P00325000,put,False,325.0,12.75,14.45,14.9,369.0,0.36693443130493164,0.03529957336092666,0.002902439024390244,4.0,62,2025-12-10 15:38:15+00:00,5.3625,13.6,0.4246575342465753
2025-12-10 21:00:00+00:00,2026-05-15 00:00:00+00:00,SMH,SMH260515P00330000,put,False,330.0,13.8,15.7,16.3,369.0,0.3617312362670898,0.03529957336092666,0.002902439024390244,1.0,159,2025-12-10 14:42:40+00:00,6.288888888888889,14.75,0.4246575342465753
2025-12-10 21:00:00+00:00,2026-05-15 00:00:00+00:00,SMH,SMH260515P00335000,put,False,335.0,15.35,17.95,18.01,369.0,0.3676363285827637,0.03529957336092666,0.002902439024390244,3.0,21,2025-12-10 16:26:41+00:00,4.5552777777777775,16.65,0.4246575342465753
2025-12-10 21:00:00+00:00,2026-05-15 00:00:00+00:00,SMH,SMH260515P00340000,put,False,340.0,17.2,18.85,17.4,369.0,0.35596347167968745,0.03529957336092666,0.002902439024390244,24.0,295,2025-12-10 19:24:08+00:00,1.5977777777777777,18.025,0.4246575342465753
2025-12-10 21:00:00+00:00,2026-05-15 00:00:00+00:00,SMH,SMH260515P00345000,put,False,345.0,18.3,20.9,22.93,369.0,0.3566958862304687,0.03529957336092666,0.002902439024390244,13.0,78,2025-12-03 19:29:10+00:00,169.51388888888889,19.6,0.4246575342465753
2025-12-10 21:00:00+00:00,2026-05-15 00:00:00+00:00,SMH,SMH260515P00350000,put,False,350.0,19.35,23.15,28.75,369.0,0.3582827844238281,0.03529957336092666,0.002902439024390244,2.0,32,2025-12-01 19:15:23+00:00,217.7436111111111,21.25,0.4246575342465753
2025-12-10 21:00:00+00:00,2026-05-15 00:00:00+00:00,SMH,SMH260515P00355000,put,False,355.0,21.05,24.8,25.9,369.0,0.3520114848327636,0.03529957336092666,0.002902439024390244,2.0,42,2025-12-05 17:19:37+00:00,123.67305555555555,22.925,0.4246575342465753
2025-12-10 21:00:00+00:00,2026-05-15 00:00:00+00:00,SMH,SMH260515P00360000,put,False,360.0,23.7,27.05,27.0,369.0,0.35108070800781244,0.03529957336092666,0.002902439024390244,1.0,34,2025-12-09 19:50:32+00:00,25.157777777777778,25.375,0.4246575342465753
2025-12-10 21:00:00+00:00,2026-05-15 00:00:00+00:00,SMH,SMH260515P00365000,put,False,365.0,25.7,28.35,26.42,369.0,0.33896535064697264,0.03529957336092666,0.002902439024390244,1.0,56,2025-12-10 20:39:45+00:00,0.3375,27.025,0.4246575342465753
2025-12-10 21:00:00+00:00,2026-05-15 00:00:00+00:00,SMH,SMH260515P00370000,put,False,370.0,27.75,31.05,28.66,369.0,0.34039966247558595,0.03529957336092666,0.002902439024390244,1.0,34,2025-12-10 20:39:45+00:00,0.3375,29.4,0.4246575342465753
2025-12-10 21:00:00+00:00,2026-05-15 00:00:00+00:00,SMH,SMH260515P00375000,put,True,375.0,30.25,33.8,34.6,369.0,0.3410863011169434,0.03529957336092666,0.002902439024390244,4.0,18,2025-12-08 16:12:32+00:00,52.791111111111114,32.025,0.4246575342465753
2025-12-10 21:00:00+00:00,2026-05-15 00:00:00+00:00,SMH,SMH260515P00380000,put,True,380.0,32.65,36.05,36.55,369.0,0.3354406056213379,0.03529957336092666,0.002902439024390244,6.0,21,2025-12-09 18:37:14+00:00,26.379444444444445,34.349999999999994,0.4246575342465753
2025-12-10 21:00:00+00:00,2026-05-15 00:00:00+00:00,SMH,SMH260515P00390000,put,True,390.0,38.0,41.4,40.5,369.0,0.3293066337585449,0.03529957336092666,0.002902439024390244,6.0,6,2025-12-10 19:15:41+00:00,1.738611111111111,39.7,0.4246575342465753
2025-12-10 21:00:00+00:00,2026-05-15 00:00:00+00:00,SMH,SMH260515P00400000,put,True,400.0,43.75,47.45,49.0,369.0,0.325629302368164,0.03529957336092666,0.002902439024390244,1.0,7,2025-12-09 14:51:23+00:00,30.14361111111111,45.6,0.4246575342465753
2025-12-10 21:00:00+00:00,2026-05-15 00:00:00+00:00,SMH,SMH260515P00410000,put,True,410.0,50.15,54.0,75.5,369.0,0.3225470578002929,0.03529957336092666,0.002902439024390244,,1,2025-11-13 20:33:33+00:00,648.4408333333333,52.075,0.4246575342465753
2025-12-10 21:00:00+00:00,2026-05-15 00:00:00+00:00,SMH,SMH260515P00430000,put,True,430.0,64.35,67.75,70.8,369.0,0.309378854522705,0.03529957336092666,0.002902439024390244,2.0,1,2025-12-08 16:21:28+00:00,52.64222222222222,66.05,0.4246575342465753
2025-12-10 21:00:00+00:00,2026-05-15 00:00:00+00:00,SMH,SMH260515P00460000,put,True,460.0,101.3,104.65,100.4,369.0,0.4664359997558594,0.03529957336092666,0.002902439024390244,10.0,10,2025-10-31 18:35:51+00:00,962.4025,102.975,0.4246575342465753
2025-12-10 21:00:00+00:00,2026-05-15 00:00:00+00:00,SMH,SMH260515P00470000,put,True,470.0,98.2,101.6,116.85,369.0,0.3124458404541015,0.03529957336092666,0.002902439024390244,,1,2025-12-01 17:43:46+00:00,219.27055555555555,99.9,0.4246575342465753
2025-12-10 21:00:00+00:00,2026-05-15 00:00:00+00:00,SMH,SMH260515P00500000,put,True,500.0,126.4,129.85,133.1,369.0,0.3316717224121094,0.03529957336092666,0.002902439024390244,4.0,2,2025-12-10 14:56:33+00:00,6.0575,128.125,0.4246575342465753
2025-12-10 21:00:00+00:00,2026-06-18 00:00:00+00:00,SMH,SMH260618C00100000,call,True,100.0,271.5,276.45,257.81,369.0,1.051884623413086,0.03529957336092666,0.002902439024390244,1.0,3,2025-11-10 15:52:34+00:00,725.1238888888889,273.975,0.5178082191780822
2025-12-10 21:00:00+00:00,2026-06-18 00:00:00+00:00,SMH,SMH260618C00105000,call,True,105.0,185.05,187.75,148.65,369.0,1.0000000000000003e-05,0.03529957336092666,0.002902439024390244,2.0,5,2025-06-03 16:42:41+00:00,4564.288611111111,186.4,0.5178082191780822
2025-12-10 21:00:00+00:00,2026-06-18 00:00:00+00:00,SMH,SMH260618C00110000,call,True,110.0,206.75,210.2,181.2,369.0,1.0000000000000003e-05,0.03529957336092666,0.002902439024390244,2.0,1,2025-08-20 19:42:53+00:00,2689.285277777778,208.475,0.5178082191780822
2025-12-10 21:00:00+00:00,2026-06-18 00:00:00+00:00,SMH,SMH260618C00115000,call,True,115.0,148.85,152.7,133.18,369.0,1.0000000000000003e-05,0.03529957336092666,0.002902439024390244,,3,2025-05-22 17:37:21+00:00,4851.3775,150.77499999999998,0.5178082191780822
2025-12-10 21:00:00+00:00,2026-06-18 00:00:00+00:00,SMH,SMH260618C00120000,call,True,120.0,225.7,229.5,203.39,369.0,1.0000000000000003e-05,0.03529957336092666,0.002902439024390244,1.0,29,2025-09-24 13:38:49+00:00,1855.3530555555556,227.6,0.5178082191780822
2025-12-10 21:00:00+00:00,2026-06-18 00:00:00+00:00,SMH,SMH260618C00125000,call,True,125.0,139.75,143.55,123.85,369.0,1.0000000000000003e-05,0.03529957336092666,0.002902439024390244,2.0,42,2025-05-22 15:01:47+00:00,4853.9702777777775,141.65,0.5178082191780822
2025-12-10 21:00:00+00:00,2026-06-18 00:00:00+00:00,SMH,SMH260618C00130000,call,True,130.0,216.1,220.0,211.0,369.0,1.0000000000000003e-05,0.03529957336092666,0.002902439024390244,1.0,27,2025-10-07 15:52:56+00:00,1541.1177777777777,218.05,0.5178082191780822
2025-12-10 21:00:00+00:00,2026-06-18 00:00:00+00:00,SMH,SMH260618C00135000,call,True,135.0,148.05,151.55,116.84,369.0,1.0000000000000003e-05,0.03529957336092666,0.002902439024390244,3.0,25,2025-05-29 19:55:48+00:00,4681.07,149.8,0.5178082191780822
2025-12-10 21:00:00+00:00,2026-06-18 00:00:00+00:00,SMH,SMH260618C00140000,call,True,140.0,152.35,155.95,111.51,369.0,1.0000000000000003e-05,0.03529957336092666,0.002902439024390244,3.0,71,2025-06-02 19:58:33+00:00,4585.024166666667,154.14999999999998,0.5178082191780822
2025-12-10 21:00:00+00:00,2026-06-18 00:00:00+00:00,SMH,SMH260618C00145000,call,True,145.0,0.0,0.0,159.12,369.0,1.0000000000000003e-05,0.03529957336092666,0.002902439024390244,2.0,160,2025-08-12 17:24:18+00:00,2883.595,0.0,0.5178082191780822
2025-12-10 21:00:00+00:00,2026-06-18 00:00:00+00:00,SMH,SMH260618C00150000,call,True,150.0,0.0,0.0,151.9,369.0,1.0000000000000003e-05,0.03529957336092666,0.002902439024390244,1.0,56,2025-08-26 19:19:53+00:00,2545.668611111111,0.0,0.5178082191780822
2025-12-10 21:00:00+00:00,2026-06-18 00:00:00+00:00,SMH,SMH260618C00155000,call,True,155.0,138.8,141.35,98.47,369.0,1.0000000000000003e-05,0.03529957336092666,0.002902439024390244,3.0,35,2025-06-02 19:58:33+00:00,4585.024166666667,140.075,0.5178082191780822
2025-12-10 21:00:00+00:00,2026-06-18 00:00:00+00:00,SMH,SMH260618C00160000,call,True,160.0,213.5,218.45,201.65,369.0,0.6701693139648439,0.03529957336092666,0.002902439024390244,6.0,60,2025-11-10 18:43:18+00:00,722.2783333333333,215.975,0.5178082191780822
2025-12-10 21:00:00+00:00,2026-06-18 00:00:00+00:00,SMH,SMH260618C00165000,call,True,165.0,181.7,184.05,148.77,369.0,1.0000000000000003e-05,0.03529957336092666,0.002902439024390244,1.0,44,2025-09-16 13:37:14+00:00,2047.3794444444445,182.875,0.5178082191780822
2025-12-10 21:00:00+00:00,2026-06-18 00:00:00+00:00,SMH,SMH260618C00170000,call,True,170.0,123.45,124.85,99.17,369.0,1.0000000000000003e-05,0.03529957336092666,0.002902439024390244,5.0,30,2025-06-13 19:43:18+00:00,4321.278333333334,124.15,0.5178082191780822
2025-12-10 21:00:00+00:00,2026-06-18 00:00:00+00:00,SMH,SMH260618C00175000,call,True,175.0,199.0,203.95,187.45,369.0,0.6356237609863282,0.03529957336092666,0.002902439024390244,12.0,35,2025-11-10 18:42:15+00:00,722.2958333333333,201.475,0.5178082191780822
2025-12-10 21:00:00+00:00,2026-06-18 00:00:00+00:00,SMH,SMH260618C00180000,call,True,180.0,194.5,199.45,182.8,369.0,0.6398961791992188,0.03529957336092666,0.002902439024390244,18.0,41,2025-11-10 18:42:26+00:00,722.2927777777778,196.975,0.5178082191780822
2025-12-10 21:00:00+00:00,2026-06-18 00:00:00+00:00,SMH,SMH260618C00185000,call,True,185.0,189.5,194.45,177.95,369.0,0.6190223645019532,0.03529957336092666,0.002902439024390244,8.0,18,2025-11-10 18:42:25+00:00,722.2930555555556,191.975,0.5178082191780822
2025-12-10 21:00:00+00:00,2026-06-18 00:00:00+00:00,SMH,SMH260618C00190000,call,True,190.0,185.2,188.8,136.67,369.0,0.599735447998047,0.03529957336092666,0.002902439024390244,3.0,18,2025-11-21 15:14:49+00:00,461.75305555555553,187.0,0.5178082191780822
2025-12-10 21:00:00+00:00,2026-06-18 00:00:00+00:00,SMH,SMH260618C00195000,call,True,195.0,180.65,184.05,168.7,369.0,0.594730615234375,0.03529957336092666,0.002902439024390244,8.0,47,2025-11-10 18:41:51+00:00,722.3025,182.35000000000002,0.5178082191780822
2025-12-10 21:00:00+00:00,2026-06-18 00:00:00+00:00,SMH,SMH260618C00200000,call,True,200.0,175.95,179.3,168.41,369.0,0.5858195715332031,0.03529957336092666,0.002902439024390244,6.0,298,2025-12-03 20:27:07+00:00,168.54805555555555,177.625,0.5178082191780822
2025-12-10 21:00:00+00:00,2026-06-18 00:00:00+00:00,SMH,SMH260618C00210000,call,True,210.0,166.55,170.0,126.95,369.0,0.5698285205078125,0.03529957336092666,0.002902439024390244,2.0,48,2025-11-20 19:45:46+00:00,481.2372222222222,168.275,0.5178082191780822
2025-12-10 21:00:00+00:00,2026-06-18 00:00:00+00:00,SMH,SMH260618C00220000,call,True,220.0,157.1,160.65,149.76,369.0,0.5501143621826172,0.03529957336092666,0.002902439024390244,1.0,138,2025-12-03 20:27:07+00:00,168.54805555555555,158.875,0.5178082191780822
2025-12-10 21:00:00+00:00,2026-06-18 00:00:00+00:00,SMH,SMH260618C00230000,call,True,230.0,147.7,151.25,128.9,369.0,0.5289964093017578,0.03529957336092666,0.002902439024390244,3.0,680,2025-11-06 20:56:46+00:00,816.0538888888889,149.475,0.5178082191780822
2025-12-10 21:00:00+00:00,2026-06-18 00:00:00+00:00,SMH,SMH260618C00240000,call,True,240.0,138.65,142.1,109.6,369.0,0.5141650146484374,0.03529957336092666,0.002902439024390244,6.0,666,2025-11-19 14:49:25+00:00,510.1763888888889,140.375,0.5178082191780822
2025-12-10 21:00:00+00:00,2026-06-18 00:00:00+00:00,SMH,SMH260618C00250000,call,True,250.0,129.65,133.15,111.1,369.0,0.5358322784423828,0.03529957336092666,0.002902439024390244,2.0,129,2025-11-28 16:59:15+00:00,292.0125,131.4,0.5178082191780822
2025-12-10 21:00:00+00:00,2026-06-18 00:00:00+00:00,SMH,SMH260618C00260000,call,True,260.0,120.6,124.0,123.8,369.0,0.5128222546386718,0.03529957336092666,0.002902439024390244,4.0,2089,2025-12-09 19:59:54+00:00,25.001666666666665,122.3,0.5178082191780822
2025-12-10 21:00:00+00:00,2026-06-18 00:00:00+00:00,SMH,SMH260618C00270000,call,True,270.0,111.95,115.4,115.0,369.0,0.4982044808959961,0.03529957336092666,0.002902439024390244,1.0,359,2025-12-10 20:53:17+00:00,0.11194444444444444,113.67500000000001,0.5178082191780822
2025-12-10 21:00:00+00:00,2026-06-18 00:00:00+00:00,SMH,SMH260618C00280000,call,True,280.0,103.45,106.85,99.45,369.0,0.48221342987060545,0.03529957336092666,0.002902439024390244,5.0,2410,2025-12-08 16:41:17+00:00,52.31194444444444,105.15,0.5178082191780822
2025-12-10 21:00:00+00:00,2026-06-18 00:00:00+00:00,SMH,SMH260618C00290000,call,True,290.0,95.2,98.55,89.35,369.0,0.46782453567504884,0.03529957336092666,0.002902439024390244,4.0,364,2025-12-03 20:40:54+00:00,168.31833333333333,96.875,0.5178082191780822
2025-12-10 21:00:00+00:00,2026-06-18 00:00:00+00:00,SMH,SMH260618C00300000,call,True,300.0,86.95,90.45,88.8,369.0,0.45383236602783206,0.03529957336092666,0.002902439024390244,15.0,1065,2025-12-10 19:35:44+00:00,1.4044444444444444,88.7,0.5178082191780822
2025-12-10 21:00:00+00:00,2026-06-18 00:00:00+00:00,SMH,SMH260618C00310000,call,True,310.0,79.35,82.65,77.5,369.0,0.4411982150268554,0.03529957336092666,0.002902439024390244,1.0,1713,2025-12-09 18:33:39+00:00,26.439166666666665,81.0,0.5178082191780822
2025-12-10 21:00:00+00:00,2026-06-18 00:00:00+00:00,SMH,SMH260618C00320000,call,True,320.0,71.85,75.1,68.5,369.0,0.42889975402832037,0.03529957336092666,0.002902439024390244,2.0,606,2025-12-08 20:02:21+00:00,48.96083333333333,73.475,0.5178082191780822
2025-12-10 21:00:00+00:00,2026-06-18 00:00:00+00:00,SMH,SMH260618C00330000,call,True,330.0,64.65,67.95,62.5,369.0,0.4182950016784667,0.03529957336092666,0.002902439024390244,1.0,218,2025-12-09 20:35:10+00:00,24.413888888888888,66.30000000000001,0.5178082191780822
2025-12-10 21:00:00+00:00,2026-06-18 00:00:00+00:00,SMH,SMH260618C00340000,call,True,340.0,57.8,61.2,56.82,369.0,0.4089414575195312,0.03529957336092666,0.002902439024390244,8.0,790,2025-12-09 16:29:57+00:00,28.500833333333333,59.5,0.5178082191780822
2025-12-10 21:00:00+00:00,2026-06-18 00:00:00+00:00,SMH,SMH260618C00350000,call,True,350.0,51.25,54.85,54.3,369.0,0.40051869018554687,0.03529957336092666,0.002902439024390244,2.0,1301,2025-12-10 20:57:37+00:00,0.03972222222222222,53.05,0.5178082191780822
2025-12-10 21:00:00+00:00,2026-06-18 00:00:00+00:00,SMH,SMH260618C00360000,call,True,360.0,46.25,48.7,47.75,369.0,0.3908447146606445,0.03529957336092666,0.002902439024390244,10.0,1638,2025-12-10 20:56:04+00:00,0.06555555555555556,47.475,0.5178082191780822
2025-12-10 21:00:00+00:00,2026-06-18 00:00:00+00:00,SMH,SMH260618C00370000,call,True,370.0,40.2,43.2,42.0,369.0,0.38410039733886714,0.03529957336092666,0.002902439024390244,2.0,211,2025-12-10 19:54:03+00:00,1.0991666666666666,41.7,0.5178082191780822
2025-12-10 21:00:00+00:00,2026-06-18 00:00:00+00:00,SMH,SMH260618C00380000,call,False,380.0,34.95,37.9,37.62,369.0,0.3758759922790527,0.03529957336092666,0.002902439024390244,6.0,1615,2025-12-10 20:16:17+00:00,0.7286111111111111,36.425,0.5178082191780822
2025-12-10 21:00:00+00:00,2026-06-18 00:00:00+00:00,SMH,SMH260618C00390000,call,False,390.0,30.2,33.2,32.55,369.0,0.3698183135986328,0.03529957336092666,0.002902439024390244,4.0,100,2025-12-10 20:08:17+00:00,0.8619444444444444,31.700000000000003,0.5178082191780822
2025-12-10 21:00:00+00:00,2026-06-18 00:00:00+00:00,SMH,SMH260618C00400000,call,False,400.0,26.6,29.45,28.5,369.0,0.3691927095031738,0.03529957336092666,0.002902439024390244,129.0,1422,2025-12-10 20:40:48+00:00,0.32,28.025,0.5178082191780822
2025-12-10 21:00:00+00:00,2026-06-18 00:00:00+00:00,SMH,SMH260618C00410000,call,False,410.0,22.9,25.0,24.4,369.0,0.3586184744262696,0.03529957336092666,0.002902439024390244,6.0,109,2025-12-10 20:08:34+00:00,0.8572222222222222,23.95,0.5178082191780822
2025-12-10 21:00:00+00:00,2026-06-18 00:00:00+00:00,SMH,SMH260618C00420000,call,False,420.0,19.7,21.7,21.3,369.0,0.3555362298583984,0.03529957336092666,0.002902439024390244,1.0,358,2025-12-08 14:33:19+00:00,54.444722222222225,20.7,0.5178082191780822
2025-12-10 21:00:00+00:00,2026-06-18 00:00:00+00:00,SMH,SMH260618C00430000,call,False,430.0,16.15,18.9,16.4,369.0,0.3541476939392089,0.03529957336092666,0.002902439024390244,1.0,458,2025-12-09 16:29:36+00:00,28.506666666666668,17.525,0.5178082191780822
2025-12-10 21:00:00+00:00,2026-06-18 00:00:00+00:00,SMH,SMH260618C00440000,call,False,440.0,13.9,16.25,13.15,369.0,0.35118751846313473,0.03529957336092666,0.002902439024390244,4.0,205,2025-12-05 18:12:08+00:00,122.79777777777778,15.075,0.5178082191780822
2025-12-10 21:00:00+00:00,2026-06-18 00:00:00+00:00,SMH,SMH260618C00450000,call,False,450.0,12.15,13.7,13.39,369.0,0.3460758752441406,0.03529957336092666,0.002902439024390244,2.0,733,2025-12-10 20:40:48+00:00,0.32,12.925,0.5178082191780822
2025-12-10 21:00:00+00:00,2026-06-18 00:00:00+00:00,SMH,SMH260618C00460000,call,False,460.0,10.15,11.85,11.0,369.0,0.34574018524169914,0.03529957336092666,0.002902439024390244,25.0,402,2025-12-08 20:20:14+00:00,48.66277777777778,11.0,0.5178082191780822
2025-12-10 21:00:00+00:00,2026-06-18 00:00:00+00:00,SMH,SMH260618C00470000,call,False,470.0,8.35,10.55,8.58,369.0,0.34952432708740233,0.03529957336092666,0.002902439024390244,1.0,163,2025-12-08 18:22:59+00:00,50.61694444444444,9.45,0.5178082191780822
2025-12-10 21:00:00+00:00,2026-06-18 00:00:00+00:00,SMH,SMH260618C00480000,call,False,480.0,6.9,8.65,6.85,369.0,0.3430851824951171,0.03529957336092666,0.002902439024390244,11.0,1729,2025-12-08 17:53:54+00:00,51.10166666666667,7.775,0.5178082191780822
2025-12-10 21:00:00+00:00,2026-06-18 00:00:00+00:00,SMH,SMH260618C00490000,call,False,490.0,6.3,7.3,5.95,369.0,0.34101000793457037,0.03529957336092666,0.002902439024390244,4.0,192,2025-12-09 16:08:42+00:00,28.855,6.8,0.5178082191780822
2025-12-10 21:00:00+00:00,2026-06-18 00:00:00+00:00,SMH,SMH260618C00500000,call,False,500.0,5.2,6.1,5.55,369.0,0.3384465570068359,0.03529957336092666,0.002902439024390244,2.0,188,2025-12-10 19:52:57+00:00,1.1175,5.65,0.5178082191780822
2025-12-10 21:00:00+00:00,2026-06-18 00:00:00+00:00,SMH,SMH260618C00510000,call,False,510.0,4.05,4.95,4.4,369.0,0.3337774142456055,0.03529957336092666,0.002902439024390244,3.0,380,2025-12-09 18:07:25+00:00,26.87638888888889,4.5,0.5178082191780822
2025-12-10 21:00:00+00:00,2026-06-18 00:00:00+00:00,SMH,SMH260618P00100000,put,False,100.0,0.0,2.25,0.21,369.0,0.9238288867187501,0.03529957336092666,0.002902439024390244,2.0,1239,2025-12-03 15:56:34+00:00,173.0572222222222,1.125,0.5178082191780822
2025-12-10 21:00:00+00:00,2026-06-18 00:00:00+00:00,SMH,SMH260618P00105000,put,False,105.0,0.0,0.0,0.58,369.0,0.2500075,0.03529957336092666,0.002902439024390244,6.0,19,2025-08-25 16:47:05+00:00,2572.215277777778,0.0,0.5178082191780822
2025-12-10 21:00:00+00:00,2026-06-18 00:00:00+00:00,SMH,SMH260618P00110000,put,False,110.0,0.0,0.0,0.64,369.0,0.2500075,0.03529957336092666,0.002902439024390244,4.0,44,2025-08-25 16:47:50+00:00,2572.2027777777776,0.0,0.5178082191780822
2025-12-10 21:00:00+00:00,2026-06-18 00:00:00+00:00,SMH,SMH260618P00115000,put,False,115.0,0.25,0.94,0.55,369.0,0.7539087109375,0.03529957336092666,0.002902439024390244,5.0,6,2025-10-13 14:11:17+00:00,1398.8119444444444,0.595,0.5178082191780822
2025-12-10 21:00:00+00:00,2026-06-18 00:00:00+00:00,SMH,SMH260618P00120000,put,False,120.0,0.3,0.96,0.65,369.0,0.7338893798828124,0.03529957336092666,0.002902439024390244,3.0,290,2025-10-21 13:58:24+00:00,1207.0266666666666,0.63,0.5178082191780822
2025-12-10 21:00:00+00:00,2026-06-18 00:00:00+00:00,SMH,SMH260618P00125000,put,False,125.0,0.01,0.64,0.31,369.0,0.648441015625,0.03529957336092666,0.002902439024390244,1.0,278,2025-12-05 20:26:05+00:00,120.56527777777778,0.325,0.5178082191780822
2025-12-10 21:00:00+00:00,2026-06-18 00:00:00+00:00,SMH,SMH260618P00130000,put,False,130.0,0.0,0.0,1.07,369.0,0.2500075,0.03529957336092666,0.002902439024390244,3.0,96,2025-08-18 17:53:54+00:00,2739.1016666666665,0.0,0.5178082191780822
2025-12-10 21:00:00+00:00,2026-06-18 00:00:00+00:00,SMH,SMH260618P00135000,put,False,135.0,0.52,1.24,0.84,369.0,0.6962920996093751,0.03529957336092666,0.002902439024390244,5.0,33,2025-09-18 19:40:36+00:00,1993.3233333333333,0.88,0.5178082191780822
2025-12-10 21:00:00+00:00,2026-06-18 00:00:00+00:00,SMH,SMH260618P00140000,put,False,140.0,0.6,1.32,1.1,369.0,0.6826203613281252,0.03529957336092666,0.002902439024390244,1.0,89,2025-10-15 14:54:29+00:00,1350.0919444444444,0.96,0.5178082191780822
2025-12-10 21:00:00+00:00,2026-06-18 00:00:00+00:00,SMH,SMH260618P00145000,put,False,145.0,0.0,0.0,1.7,369.0,0.2500075,0.03529957336092666,0.002902439024390244,1.0,62,2025-08-04 16:32:41+00:00,3076.4552777777776,0.0,0.5178082191780822
2025-12-10 21:00:00+00:00,2026-06-18 00:00:00+00:00,SMH,SMH260618P00150000,put,False,150.0,0.2,0.91,0.6,369.0,0.5874064697265625,0.03529957336092666,0.002902439024390244,4.0,325,2025-12-08 16:29:36+00:00,52.50666666666667,0.555,0.5178082191780822
2025-12-10 21:00:00+00:00,2026-06-18 00:00:00+00:00,SMH,SMH260618P00155000,put,False,155.0,0.09,1.12,0.66,369.0,0.5749554223632812,0.03529957336092666,0.002902439024390244,5.0,418,2025-12-08 14:49:29+00:00,54.17527777777778,0.6050000000000001,0.5178082191780822
2025-12-10 21:00:00+00:00,2026-06-18 00:00:00+00:00,SMH,SMH260618P00160000,put,False,160.0,1.06,1.81,1.6,369.0,0.63867548828125,0.03529957336092666,0.002902439024390244,2.0,62,2025-10-14 14:33:49+00:00,1374.4363888888888,1.435,0.5178082191780822
2025-12-10 21:00:00+00:00,2026-06-18 00:00:00+00:00,SMH,SMH260618P00165000,put,False,165.0,1.36,1.74,1.89,369.0,0.6264685791015626,0.03529957336092666,0.002902439024390244,5.0,308,2025-10-14 19:57:12+00:00,1369.0466666666666,1.55,0.5178082191780822
2025-12-10 21:00:00+00:00,2026-06-18 00:00:00+00:00,SMH,SMH260618P00170000,put,False,170.0,0.48,1.15,0.85,369.0,0.5434615966796876,0.03529957336092666,0.002902439024390244,2.0,779,2025-12-09 20:11:35+00:00,24.806944444444444,0.815,0.5178082191780822
2025-12-10 21:00:00+00:00,2026-06-18 00:00:00+00:00,SMH,SMH260618P00175000,put,False,175.0,0.9,1.28,1.07,369.0,0.5507857421875001,0.03529957336092666,0.002902439024390244,5.0,680,2025-12-05 17:01:01+00:00,123.98305555555555,1.09,0.5178082191780822
2025-12-10 21:00:00+00:00,2026-06-18 00:00:00+00:00,SMH,SMH260618P00180000,put,False,180.0,0.11,1.54,1.36,369.0,0.5085498364257812,0.03529957336092666,0.002902439024390244,2.0,442,2025-12-02 20:46:36+00:00,192.22333333333333,0.8250000000000001,0.5178082191780822
2025-12-10 21:00:00+00:00,2026-06-18 00:00:00+00:00,SMH,SMH260618P00185000,put,False,185.0,0.0,1.65,2.32,369.0,0.5540816076660158,0.03529957336092666,0.002902439024390244,1.0,787,2025-11-25 16:30:39+00:00,364.4891666666667,0.825,0.5178082191780822
2025-12-10 21:00:00+00:00,2026-06-18 00:00:00+00:00,SMH,SMH260618P00190000,put,False,190.0,0.76,1.75,3.12,369.0,0.5094043200683593,0.03529957336092666,0.002902439024390244,4.0,420,2025-11-21 21:01:58+00:00,455.96722222222223,1.255,0.5178082191780822
2025-12-10 21:00:00+00:00,2026-06-18 00:00:00+00:00,SMH,SMH260618P00195000,put,False,195.0,0.61,1.91,1.66,369.0,0.532231240234375,0.03529957336092666,0.002902439024390244,80.0,458,2025-12-10 14:46:16+00:00,6.228888888888889,1.26,0.5178082191780822
2025-12-10 21:00:00+00:00,2026-06-18 00:00:00+00:00,SMH,SMH260618P00200000,put,False,200.0,0.65,2.05,1.73,369.0,0.5214891601562499,0.03529957336092666,0.002902439024390244,40.0,597,2025-12-10 14:57:18+00:00,6.045,1.3499999999999999,0.5178082191780822
2025-12-10 21:00:00+00:00,2026-06-18 00:00:00+00:00,SMH,SMH260618P00210000,put,False,210.0,1.35,2.58,2.06,369.0,0.5102588037109376,0.03529957336092666,0.002902439024390244,4.0,825,2025-12-08 21:05:24+00:00,47.91,1.965,0.5178082191780822
2025-12-10 21:00:00+00:00,2026-06-18 00:00:00+00:00,SMH,SMH260618P00220000,put,False,220.0,1.96,3.0,2.31,369.0,0.4914601635742188,0.03529957336092666,0.002902439024390244,129.0,1034,2025-12-10 20:17:10+00:00,0.7138888888888889,2.48,0.5178082191780822
2025-12-10 21:00:00+00:00,2026-06-18 00:00:00+00:00,SMH,SMH260618P00230000,put,False,230.0,2.45,3.35,2.86,369.0,0.4689994506835938,0.03529957336092666,0.002902439024390244,65.0,709,2025-12-10 16:39:49+00:00,4.336388888888889,2.9000000000000004,0.5178082191780822
2025-12-10 21:00:00+00:00,2026-06-18 00:00:00+00:00,SMH,SMH260618P00240000,put,False,240.0,2.85,4.25,3.76,369.0,0.4619804779052735,0.03529957336092666,0.002902439024390244,25.0,2698,2025-12-08 21:05:24+00:00,47.91,3.55,0.5178082191780822
2025-12-10 21:00:00+00:00,2026-06-18 00:00:00+00:00,SMH,SMH260618P00250000,put,False,250.0,4.0,4.7,4.2,369.0,0.43958079956054685,0.03529957336092666,0.002902439024390244,20.0,3451,2025-12-08 16:29:36+00:00,52.50666666666667,4.35,0.5178082191780822
2025-12-10 21:00:00+00:00,2026-06-18 00:00:00+00:00,SMH,SMH260618P00260000,put,False,260.0,4.65,5.85,5.65,369.0,0.43243975769042964,0.03529957336092666,0.002902439024390244,24.0,4716,2025-12-08 17:55:15+00:00,51.079166666666666,5.25,0.5178082191780822
2025-12-10 21:00:00+00:00,2026-06-18 00:00:00+00:00,SMH,SMH260618P00270000,put,False,270.0,5.35,6.95,6.85,369.0,0.4204159521484375,0.03529957336092666,0.002902439024390244,17.0,2595,2025-12-08 17:53:58+00:00,51.10055555555556,6.15,0.5178082191780822
2025-12-10 21:00:00+00:00,2026-06-18 00:00:00+00:00,SMH,SMH260618P00280000,put,False,280.0,6.9,7.7,7.4,369.0,0.3994811029052735,0.03529957336092666,0.002902439024390244,28.0,2318,2025-12-10 20:03:09+00:00,0.9475,7.300000000000001,0.5178082191780822
2025-12-10 21:00:00+00:00,2026-06-18 00:00:00+00:00,SMH,SMH260618P00290000,put,False,290.0,8.3,9.55,8.72,369.0,0.3951171328735352,0.03529957336092666,0.002902439024390244,4.0,1406,2025-12-10 18:28:14+00:00,2.5294444444444446,8.925,0.5178082191780822
2025-12-10 21:00:00+00:00,2026-06-18 00:00:00+00:00,SMH,SMH260618P00300000,put,False,300.0,10.0,11.05,10.35,369.0,0.38150642913818356,0.03529957336092666,0.002902439024390244,82.0,3381,2025-12-10 20:17:37+00:00,0.7063888888888888,10.525,0.5178082191780822
2025-12-10 21:00:00+00:00,2026-06-18 00:00:00+00:00,SMH,SMH260618P00310000,put,False,310.0,11.95,12.9,12.34,369.0,0.3699403826904296,0.03529957336092666,0.002902439024390244,5.0,1121,2025-12-10 18:10:05+00:00,2.8319444444444444,12.425,0.5178082191780822
2025-12-10 21:00:00+00:00,2026-06-18 00:00:00+00:00,SMH,SMH260618P00320000,put,False,320.0,14.15,15.55,14.53,369.0,0.36508813629150394,0.03529957336092666,0.002902439024390244,856.0,1089,2025-12-10 16:38:25+00:00,4.3597222222222225,14.850000000000001,0.5178082191780822
2025-12-10 21:00:00+00:00,2026-06-18 00:00:00+00:00,SMH,SMH260618P00330000,put,False,330.0,16.6,18.45,18.7,369.0,0.35904571624755854,0.03529957336092666,0.002902439024390244,3.0,710,2025-12-10 18:11:02+00:00,2.8161111111111112,17.525,0.5178082191780822
2025-12-10 21:00:00+00:00,2026-06-18 00:00:00+00:00,SMH,SMH260618P00340000,put,False,340.0,19.55,21.35,21.05,369.0,0.34918863708496095,0.03529957336092666,0.002902439024390244,4.0,929,2025-12-10 18:30:24+00:00,2.493333333333333,20.450000000000003,0.5178082191780822
2025-12-10 21:00:00+00:00,2026-06-18 00:00:00+00:00,SMH,SMH260618P00350000,put,False,350.0,22.8,25.1,23.6,369.0,0.3443974252319336,0.03529957336092666,0.002902439024390244,192.0,1805,2025-12-10 20:33:15+00:00,0.44583333333333336,23.950000000000003,0.5178082191780822
2025-12-10 21:00:00+00:00,2026-06-18 00:00:00+00:00,SMH,SMH260618P00360000,put,False,360.0,26.75,29.0,27.85,369.0,0.3371037969970704,0.03529957336092666,0.002902439024390244,12.0,4308,2025-12-10 19:54:34+00:00,1.0905555555555555,27.875,0.5178082191780822
2025-12-10 21:00:00+00:00,2026-06-18 00:00:00+00:00,SMH,SMH260618P00370000,put,False,370.0,31.1,33.35,31.7,369.0,0.3302374105834961,0.03529957336092666,0.002902439024390244,89.0,43,2025-12-10 20:37:31+00:00,0.37472222222222223,32.225,0.5178082191780822
2025-12-10 21:00:00+00:00,2026-06-18 00:00:00+00:00,SMH,SMH260618P00380000,put,True,380.0,35.95,38.8,37.6,369.0,0.3296423237609863,0.03529957336092666,0.002902439024390244,19.0,663,2025-12-10 14:55:17+00:00,6.078611111111111,37.375,0.5178082191780822
2025-12-10 21:00:00+00:00,2026-06-18 00:00:00+00:00,SMH,SMH260618P00390000,put,True,390.0,40.75,44.15,64.8,369.0,0.32413395599365225,0.03529957336092666,0.002902439024390244,1.0,7,2025-11-25 18:24:31+00:00,362.5913888888889,42.45,0.5178082191780822
2025-12-10 21:00:00+00:00,2026-06-18 00:00:00+00:00,SMH,SMH260618P00400000,put,True,400.0,46.6,50.1,64.8,369.0,0.32024300369262687,0.03529957336092666,0.002902439024390244,1.0,63,2025-11-26 17:21:52+00:00,339.6355555555556,48.35,0.5178082191780822
2025-12-10 21:00:00+00:00,2026-06-18 00:00:00+00:00,SMH,SMH260618P00410000,put,True,410.0,52.85,56.55,59.85,369.0,0.31722179367065423,0.03529957336092666,0.002902439024390244,1.0,2,2025-12-05 16:08:47+00:00,124.8536111111111,54.7,0.5178082191780822
2025-12-10 21:00:00+00:00,2026-06-18 00:00:00+00:00,SMH,SMH260618P00420000,put,True,420.0,59.55,63.35,64.05,369.0,0.3137733418273925,0.03529957336092666,0.002902439024390244,4.0,4,2025-12-09 17:32:44+00:00,27.454444444444444,61.45,0.5178082191780822
2025-12-10 21:00:00+00:00,2026-06-18 00:00:00+00:00,SMH,SMH260618P00450000,put,True,450.0,82.2,85.8,121.4,369.0,0.3022225540161133,0.03529957336092666,0.002902439024390244,,2,2025-11-20 18:41:42+00:00,482.305,84.0,0.5178082191780822
2025-12-10 21:00:00+00:00,2026-06-18 00:00:00+00:00,SMH,SMH260618P00460000,put,True,460.0,90.45,94.2,125.55,369.0,0.30193263992309577,0.03529957336092666,0.002902439024390244,1.0,6,2025-11-25 14:30:06+00:00,366.49833333333333,92.325,0.5178082191780822
2025-12-10 21:00:00+00:00,2026-06-18 00:00:00+00:00,SMH,SMH260618P00470000,put,True,470.0,99.1,102.55,129.8,369.0,0.29755341125488277,0.03529957336092666,0.002902439024390244,1.0,1,2025-11-13 19:05:35+00:00,649.9069444444444,100.82499999999999,0.5178082191780822
2025-12-10 21:00:00+00:00,2026-09-18 00:00:00+00:00,SMH,SMH260918C00100000,call,True,100.0,273.0,277.5,257.25,369.0,0.7607445800781252,0.03529957336092666,0.002902439024390244,1.0,19,2025-11-10 16:43:33+00:00,724.2741666666667,275.25,0.7698630136986301
2025-12-10 21:00:00+00:00,2026-09-18 00:00:00+00:00,SMH,SMH260918C00105000,call,True,105.0,159.55,163.4,143.35,369.0,1.0000000000000003e-05,0.03529957336092666,0.002902439024390244,28.0,15,2025-05-22 15:08:35+00:00,4853.856944444445,161.47500000000002,0.7698630136986301
2025-12-10 21:00:00+00:00,2026-09-18 00:00:00+00:00,SMH,SMH260918C00110000,call,True,110.0,236.8,240.5,228.76,369.0,1.0000000000000003e-05,0.03529957336092666,0.002902439024390244,1.0,5,2025-10-14 14:43:26+00:00,1374.276111111111,238.65,0.7698630136986301
2025-12-10 21:00:00+00:00,2026-09-18 00:00:00+00:00,SMH,SMH260918C00115000,call,True,115.0,182.45,184.55,174.2,369.0,1.0000000000000003e-05,0.03529957336092666,0.002902439024390244,2.0,13,2025-07-03 13:57:38+00:00,3847.0394444444446,183.5,0.7698630136986301
2025-12-10 21:00:00+00:00,2026-09-18 00:00:00+00:00,SMH,SMH260918C00120000,call,True,120.0,143.05,146.5,134.5,369.0,1.0000000000000003e-05,0.03529957336092666,0.002902439024390244,2.0,0,2025-05-16 18:49:01+00:00,4994.183055555555,144.775,0.7698630136986301
2025-12-10 21:00:00+00:00,2026-09-18 00:00:00+00:00,SMH,SMH260918C00125000,call,True,125.0,141.65,145.3,122.26,369.0,1.0000000000000003e-05,0.03529957336092666,0.002902439024390244,2.0,22,2025-05-23 19:48:45+00:00,4825.1875,143.47500000000002,0.7698630136986301
2025-12-10 21:00:00+00:00,2026-09-18 00:00:00+00:00,SMH,SMH260918C00130000,call,True,130.0,163.3,166.5,121.7,369.0,1.0000000000000003e-05,0.03529957336092666,0.002902439024390244,1.0,12,2025-06-02 17:34:34+00:00,4587.4238888888885,164.9,0.7698630136986301
2025-12-10 21:00:00+00:00,2026-09-18 00:00:00+00:00,SMH,SMH260918C00135000,call,True,135.0,149.0,153.75,117.96,369.0,1.0000000000000003e-05,0.03529957336092666,0.002902439024390244,6.0,7,2025-05-28 19:50:00+00:00,4705.166666666667,151.375,0.7698630136986301
2025-12-10 21:00:00+00:00,2026-09-18 00:00:00+00:00,SMH,SMH260918C00140000,call,True,140.0,128.8,131.5,118.55,369.0,1.0000000000000003e-05,0.03529957336092666,0.002902439024390244,4.0,4,2025-05-21 15:50:57+00:00,4877.150833333333,130.15,0.7698630136986301
2025-12-10 21:00:00+00:00,2026-09-18 00:00:00+00:00,SMH,SMH260918C00145000,call,True,145.0,154.65,156.7,147.45,369.0,1.0000000000000003e-05,0.03529957336092666,0.002902439024390244,2.0,10,2025-07-22 14:24:56+00:00,3390.5844444444447,155.675,0.7698630136986301
2025-12-10 21:00:00+00:00,2026-09-18 00:00:00+00:00,SMH,SMH260918C00150000,call,True,150.0,225.0,230.0,201.27,369.0,0.6634555139160159,0.03529957336092666,0.002902439024390244,1.0,12,2025-11-14 19:46:21+00:00,625.2275,227.5,0.7698630136986301
2025-12-10 21:00:00+00:00,2026-09-18 00:00:00+00:00,SMH,SMH260918C00155000,call,True,155.0,143.9,147.25,146.95,369.0,1.0000000000000003e-05,0.03529957336092666,0.002902439024390244,1.0,10,2025-08-08 18:59:55+00:00,2978.001388888889,145.575,0.7698630136986301
2025-12-10 21:00:00+00:00,2026-09-18 00:00:00+00:00,SMH,SMH260918C00160000,call,True,160.0,189.9,193.5,170.45,369.0,1.0000000000000003e-05,0.03529957336092666,0.002902439024390244,1.0,31,2025-09-22 19:14:00+00:00,1897.7666666666667,191.7,0.7698630136986301
2025-12-10 21:00:00+00:00,2026-09-18 00:00:00+00:00,SMH,SMH260918C00165000,call,True,165.0,134.8,138.15,134.3,369.0,1.0000000000000003e-05,0.03529957336092666,0.002902439024390244,2.0,15,2025-08-07 18:38:34+00:00,3002.3572222222224,136.47500000000002,0.7698630136986301
2025-12-10 21:00:00+00:00,2026-09-18 00:00:00+00:00,SMH,SMH260918C00170000,call,True,170.0,127.95,130.45,105.65,369.0,1.0000000000000003e-05,0.03529957336092666,0.002902439024390244,1.0,9,2025-06-10 19:45:40+00:00,4393.238888888889,129.2,0.7698630136986301
2025-12-10 21:00:00+00:00,2026-09-18 00:00:00+00:00,SMH,SMH260918C00175000,call,True,175.0,174.45,178.4,138.63,369.0,1.0000000000000003e-05,0.03529957336092666,0.002902439024390244,10.0,18,2025-09-17 15:49:01+00:00,2021.1830555555555,176.425,0.7698630136986301
2025-12-10 21:00:00+00:00,2026-09-18 00:00:00+00:00,SMH,SMH260918C00180000,call,True,180.0,165.0,169.5,176.8,369.0,1.0000000000000003e-05,0.03529957336092666,0.002902439024390244,2.0,30,2025-10-20 17:26:36+00:00,1227.5566666666666,167.25,0.7698630136986301
2025-12-10 21:00:00+00:00,2026-09-18 00:00:00+00:00,SMH,SMH260918C00185000,call,True,185.0,0.0,0.0,117.96,369.0,1.0000000000000003e-05,0.03529957336092666,0.002902439024390244,6.0,14,2025-08-19 19:57:36+00:00,2713.04,0.0,0.7698630136986301
2025-12-10 21:00:00+00:00,2026-09-18 00:00:00+00:00,SMH,SMH260918C00190000,call,True,190.0,162.55,166.45,154.82,369.0,1.0000000000000003e-05,0.03529957336092666,0.002902439024390244,3.0,12,2025-10-14 14:43:26+00:00,1374.276111111111,164.5,0.7698630136986301
2025-12-10 21:00:00+00:00,2026-09-18 00:00:00+00:00,SMH,SMH260918C00195000,call,True,195.0,183.4,187.3,171.7,369.0,0.5743450769042968,0.03529957336092666,0.002902439024390244,2.0,17,2025-11-10 18:43:49+00:00,722.2697222222222,185.35000000000002,0.7698630136986301
2025-12-10 21:00:00+00:00,2026-09-18 00:00:00+00:00,SMH,SMH260918C00200000,call,True,200.0,147.0,151.5,153.5,369.0,1.0000000000000003e-05,0.03529957336092666,0.002902439024390244,1.0,16,2025-10-17 19:57:33+00:00,1297.0408333333332,149.25,0.7698630136986301
2025-12-10 21:00:00+00:00,2026-09-18 00:00:00+00:00,SMH,SMH260918C00210000,call,True,210.0,169.65,173.55,132.53,369.0,0.5478866012573244,0.03529957336092666,0.002902439024390244,1.0,11,2025-11-25 14:56:53+00:00,366.0519444444444,171.60000000000002,0.7698630136986301
2025-12-10 21:00:00+00:00,2026-09-18 00:00:00+00:00,SMH,SMH260918C00220000,call,True,220.0,160.65,164.45,149.68,369.0,0.5312546875,0.03529957336092666,0.002902439024390244,2.0,52,2025-11-10 19:27:05+00:00,721.5486111111111,162.55,0.7698630136986301
2025-12-10 21:00:00+00:00,2026-09-18 00:00:00+00:00,SMH,SMH260918C00230000,call,True,230.0,151.75,155.65,149.9,369.0,0.517003121032715,0.03529957336092666,0.002902439024390244,2.0,19,2025-12-09 17:34:08+00:00,27.43111111111111,153.7,0.7698630136986301
2025-12-10 21:00:00+00:00,2026-09-18 00:00:00+00:00,SMH,SMH260918C00240000,call,True,240.0,142.95,146.75,113.7,369.0,0.5012867254638673,0.03529957336092666,0.002902439024390244,2.0,135,2025-11-25 17:36:32+00:00,363.3911111111111,144.85,0.7698630136986301
2025-12-10 21:00:00+00:00,2026-09-18 00:00:00+00:00,SMH,SMH260918C00250000,call,True,250.0,134.35,138.15,132.5,369.0,0.5155993264770508,0.03529957336092666,0.002902439024390244,7.0,1481,2025-12-09 20:02:21+00:00,24.960833333333333,136.25,0.7698630136986301
2025-12-10 21:00:00+00:00,2026-09-18 00:00:00+00:00,SMH,SMH260918C00260000,call,True,260.0,125.9,129.8,97.7,369.0,0.5021106918334962,0.03529957336092666,0.002902439024390244,4.0,385,2025-11-25 17:34:49+00:00,363.4197222222222,127.85000000000001,0.7698630136986301
2025-12-10 21:00:00+00:00,2026-09-18 00:00:00+00:00,SMH,SMH260918C00270000,call,True,270.0,117.65,121.5,115.85,369.0,0.48776757354736333,0.03529957336092666,0.002902439024390244,1.0,127,2025-12-09 20:44:19+00:00,24.261388888888888,119.575,0.7698630136986301
2025-12-10 21:00:00+00:00,2026-09-18 00:00:00+00:00,SMH,SMH260918C00280000,call,True,280.0,109.55,113.4,107.0,369.0,0.47435523208618163,0.03529957336092666,0.002902439024390244,1.0,241,2025-12-09 17:39:24+00:00,27.343333333333334,111.475,0.7698630136986301
2025-12-10 21:00:00+00:00,2026-09-18 00:00:00+00:00,SMH,SMH260918C00290000,call,True,290.0,101.75,105.6,105.6,369.0,0.46271289245605474,0.03529957336092666,0.002902439024390244,1.0,92,2025-12-08 18:16:50+00:00,50.71944444444444,103.675,0.7698630136986301
2025-12-10 21:00:00+00:00,2026-09-18 00:00:00+00:00,SMH,SMH260918C00300000,call,True,300.0,94.15,98.05,97.19,369.0,0.4519097778320313,0.03529957336092666,0.002902439024390244,2.0,143,2025-12-10 21:06:28+00:00,0.0,96.1,0.7698630136986301
2025-12-10 21:00:00+00:00,2026-09-18 00:00:00+00:00,SMH,SMH260918C00310000,call,True,310.0,86.8,90.7,90.71,369.0,0.44122873229980464,0.03529957336092666,0.002902439024390244,1.0,50,2025-12-05 20:41:54+00:00,120.30166666666666,88.75,0.7698630136986301
2025-12-10 21:00:00+00:00,2026-09-18 00:00:00+00:00,SMH,SMH260918C00320000,call,True,320.0,79.8,83.7,79.05,369.0,0.43195148132324224,0.03529957336092666,0.002902439024390244,4.0,174,2025-12-09 18:43:01+00:00,26.283055555555556,81.75,0.7698630136986301
2025-12-10 21:00:00+00:00,2026-09-18 00:00:00+00:00,SMH,SMH260918C00330000,call,True,330.0,73.1,76.6,69.49,369.0,0.41986664123535156,0.03529957336092666,0.002902439024390244,1.0,93,2025-12-05 15:56:41+00:00,125.05527777777777,74.85,0.7698630136986301
2025-12-10 21:00:00+00:00,2026-09-18 00:00:00+00:00,SMH,SMH260918C00340000,call,True,340.0,66.65,70.55,67.68,369.0,0.41486180847167964,0.03529957336092666,0.002902439024390244,3.0,183,2025-12-10 14:59:49+00:00,6.003055555555555,68.6,0.7698630136986301
2025-12-10 21:00:00+00:00,2026-09-18 00:00:00+00:00,SMH,SMH260918C00350000,call,True,350.0,60.95,64.5,63.44,369.0,0.40759869750976563,0.03529957336092666,0.002902439024390244,4.0,1172,2025-12-10 21:06:28+00:00,0.0,62.725,0.7698630136986301
2025-12-10 21:00:00+00:00,2026-09-18 00:00:00+00:00,SMH,SMH260918C00360000,call,True,360.0,54.85,58.8,58.1,369.0,0.40099170791625977,0.03529957336092666,0.002902439024390244,2.0,323,2025-12-10 20:08:47+00:00,0.8536111111111111,56.825,0.7698630136986301
2025-12-10 21:00:00+00:00,2026-09-18 00:00:00+00:00,SMH,SMH260918C00370000,call,True,370.0,49.55,53.45,48.99,369.0,0.3949645465087891,0.03529957336092666,0.002902439024390244,3.0,141,2025-12-08 15:15:54+00:00,53.735,51.5,0.7698630136986301
2025-12-10 21:00:00+00:00,2026-09-18 00:00:00+00:00,SMH,SMH260918C00380000,call,False,380.0,44.5,48.4,47.5,369.0,0.38908997146606444,0.03529957336092666,0.002902439024390244,1.0,367,2025-12-10 20:08:47+00:00,0.8536111111111111,46.45,0.7698630136986301
2025-12-10 21:00:00+00:00,2026-09-18 00:00:00+00:00,SMH,SMH260918C00390000,call,False,390.0,40.5,43.5,42.93,369.0,0.38219306777954093,0.03529957336092666,0.002902439024390244,19.0,184,2025-12-10 16:18:02+00:00,4.6994444444444445,42.0,0.7698630136986301
2025-12-10 21:00:00+00:00,2026-09-18 00:00:00+00:00,SMH,SMH260918C00400000,call,False,400.0,35.8,39.0,37.9,369.0,0.37616590637207037,0.03529957336092666,0.002902439024390244,5.0,158,2025-12-10 19:55:25+00:00,1.0763888888888888,37.4,0.7698630136986301
2025-12-10 21:00:00+00:00,2026-09-18 00:00:00+00:00,SMH,SMH260918C00410000,call,False,410.0,32.4,35.15,34.25,369.0,0.37293107543945314,0.03529957336092666,0.002902439024390244,2.0,59,2025-12-10 20:09:45+00:00,0.8375,33.775,0.7698630136986301
2025-12-10 21:00:00+00:00,2026-09-18 00:00:00+00:00,SMH,SMH260918C00420000,call,False,420.0,28.8,31.95,28.7,369.0,0.37259538543701176,0.03529957336092666,0.002902439024390244,1.0,373,2025-12-08 17:25:54+00:00,51.568333333333335,30.375,0.7698630136986301
2025-12-10 21:00:00+00:00,2026-09-18 00:00:00+00:00,SMH,SMH260918C00430000,call,False,430.0,24.75,28.95,18.25,369.0,0.37183245361328127,0.03529957336092666,0.002902439024390244,7.0,295,2025-11-26 16:10:03+00:00,340.8325,26.85,0.7698630136986301
2025-12-10 21:00:00+00:00,2026-09-18 00:00:00+00:00,SMH,SMH260918C00440000,call,False,440.0,21.7,25.95,17.55,369.0,0.3691316749572754,0.03529957336092666,0.002902439024390244,1.0,8,2025-12-01 18:45:40+00:00,218.23888888888888,23.825,0.7698630136986301
2025-12-10 21:00:00+00:00,2026-09-18 00:00:00+00:00,SMH,SMH260918C00450000,call,False,450.0,19.3,22.05,21.84,369.0,0.3569400244140625,0.03529957336092666,0.002902439024390244,24.0,39,2025-12-10 20:45:46+00:00,0.23722222222222222,20.675,0.7698630136986301
2025-12-10 21:00:00+00:00,2026-09-18 00:00:00+00:00,SMH,SMH260918C00460000,call,False,460.0,17.15,20.75,17.32,369.0,0.36447779083251963,0.03529957336092666,0.002902439024390244,15.0,34,2025-12-09 20:01:41+00:00,24.971944444444443,18.95,0.7698630136986301
2025-12-10 21:00:00+00:00,2026-09-18 00:00:00+00:00,SMH,SMH260918C00470000,call,False,470.0,7.0,11.5,11.15,369.0,0.2967752207946777,0.03529957336092666,0.002902439024390244,39.0,39,2025-10-20 19:37:12+00:00,1225.38,9.25,0.7698630136986301
2025-12-10 21:00:00+00:00,2026-09-18 00:00:00+00:00,SMH,SMH260918C00480000,call,False,480.0,12.65,16.5,9.75,369.0,0.36069364898681633,0.03529957336092666,0.002902439024390244,2.0,339,2025-11-28 15:09:10+00:00,293.84722222222223,14.575,0.7698630136986301
2025-12-10 21:00:00+00:00,2026-09-18 00:00:00+00:00,SMH,SMH260918C00490000,call,False,490.0,10.95,14.95,11.6,369.0,0.3616244258117675,0.03529957336092666,0.002902439024390244,2.0,147,2025-12-09 15:42:57+00:00,29.284166666666668,12.95,0.7698630136986301
2025-12-10 21:00:00+00:00,2026-09-18 00:00:00+00:00,SMH,SMH260918C00500000,call,False,500.0,9.35,13.1,10.15,369.0,0.3580386462402344,0.03529957336092666,0.002902439024390244,1.0,266,2025-12-08 14:31:45+00:00,54.47083333333333,11.225,0.7698630136986301
2025-12-10 21:00:00+00:00,2026-09-18 00:00:00+00:00,SMH,SMH260918C00510000,call,False,510.0,7.95,11.7,8.95,369.0,0.35736726623535153,0.03529957336092666,0.002902439024390244,2.0,27,2025-12-08 15:16:27+00:00,53.725833333333334,9.825,0.7698630136986301
2025-12-10 21:00:00+00:00,2026-09-18 00:00:00+00:00,SMH,SMH260918P00100000,put,False,100.0,0.01,0.98,0.42,369.0,0.6718782812500002,0.03529957336092666,0.002902439024390244,1.0,318,2025-12-08 19:02:47+00:00,49.95361111111111,0.495,0.7698630136986301
2025-12-10 21:00:00+00:00,2026-09-18 00:00:00+00:00,SMH,SMH260918P00105000,put,False,105.0,0.01,1.02,0.46,369.0,0.6513706738281251,0.03529957336092666,0.002902439024390244,1.0,17,2025-12-10 20:29:58+00:00,0.5005555555555555,0.515,0.7698630136986301
2025-12-10 21:00:00+00:00,2026-09-18 00:00:00+00:00,SMH,SMH260918P00110000,put,False,110.0,0.5,1.0,0.96,369.0,0.663333444824219,0.03529957336092666,0.002902439024390244,16.0,60,2025-08-22 15:53:53+00:00,2645.1019444444446,0.75,0.7698630136986301
2025-12-10 21:00:00+00:00,2026-09-18 00:00:00+00:00,SMH,SMH260918P00115000,put,False,115.0,0.6,1.1,1.05,369.0,0.6527134338378908,0.03529957336092666,0.002902439024390244,2.0,19,2025-08-22 15:55:38+00:00,2645.072777777778,0.8500000000000001,0.7698630136986301
2025-12-10 21:00:00+00:00,2026-09-18 00:00:00+00:00,SMH,SMH260918P00120000,put,False,120.0,0.47,1.81,0.95,369.0,0.6604037866210939,0.03529957336092666,0.002902439024390244,2.0,55,2025-09-19 16:42:12+00:00,1972.2966666666666,1.1400000000000001,0.7698630136986301
2025-12-10 21:00:00+00:00,2026-09-18 00:00:00+00:00,SMH,SMH260918P00125000,put,False,125.0,0.99,1.6,1.72,369.0,0.6518589501953126,0.03529957336092666,0.002902439024390244,1.0,72,2025-08-01 14:09:24+00:00,3150.8433333333332,1.295,0.7698630136986301
2025-12-10 21:00:00+00:00,2026-09-18 00:00:00+00:00,SMH,SMH260918P00130000,put,False,130.0,0.01,1.73,1.34,369.0,0.5908244042968751,0.03529957336092666,0.002902439024390244,10.0,25,2025-11-07 17:45:35+00:00,795.2402777777778,0.87,0.7698630136986301
2025-12-10 21:00:00+00:00,2026-09-18 00:00:00+00:00,SMH,SMH260918P00135000,put,False,135.0,0.86,2.26,1.25,369.0,0.6291540991210938,0.03529957336092666,0.002902439024390244,2.0,22,2025-10-07 17:52:21+00:00,1539.1275,1.5599999999999998,0.7698630136986301
2025-12-10 21:00:00+00:00,2026-09-18 00:00:00+00:00,SMH,SMH260918P00140000,put,False,140.0,1.0,2.39,1.21,369.0,0.6176796044921876,0.03529957336092666,0.002902439024390244,10.0,21,2025-10-06 19:39:59+00:00,1561.3336111111112,1.695,0.7698630136986301
2025-12-10 21:00:00+00:00,2026-09-18 00:00:00+00:00,SMH,SMH260918P00145000,put,False,145.0,1.18,2.57,1.62,369.0,0.6086464916992189,0.03529957336092666,0.002902439024390244,10.0,27,2025-10-10 14:53:48+00:00,1470.1033333333332,1.875,0.7698630136986301
2025-12-10 21:00:00+00:00,2026-09-18 00:00:00+00:00,SMH,SMH260918P00150000,put,False,150.0,1.11,2.27,1.39,369.0,0.5775188732910157,0.03529957336092666,0.002902439024390244,1.0,65,2025-12-03 17:23:07+00:00,171.6147222222222,1.69,0.7698630136986301
2025-12-10 21:00:00+00:00,2026-09-18 00:00:00+00:00,SMH,SMH260918P00155000,put,False,155.0,1.54,2.93,1.95,369.0,0.5891154370117189,0.03529957336092666,0.002902439024390244,4.0,26,2025-10-10 14:54:04+00:00,1470.098888888889,2.2350000000000003,0.7698630136986301
2025-12-10 21:00:00+00:00,2026-09-18 00:00:00+00:00,SMH,SMH260918P00160000,put,False,160.0,0.17,2.8,1.98,369.0,0.5279588220214844,0.03529957336092666,0.002902439024390244,23.0,41,2025-11-04 14:41:33+00:00,870.3075,1.4849999999999999,0.7698630136986301
2025-12-10 21:00:00+00:00,2026-09-18 00:00:00+00:00,SMH,SMH260918P00165000,put,False,165.0,2.24,3.45,2.68,369.0,0.5794109442138673,0.03529957336092666,0.002902439024390244,1.0,60,2025-09-10 17:54:12+00:00,2187.096666666667,2.845,0.7698630136986301
2025-12-10 21:00:00+00:00,2026-09-18 00:00:00+00:00,SMH,SMH260918P00170000,put,False,170.0,0.87,3.55,2.14,369.0,0.5324143438720703,0.03529957336092666,0.002902439024390244,1.0,12,2025-11-03 16:11:33+00:00,892.8075,2.21,0.7698630136986301
2025-12-10 21:00:00+00:00,2026-09-18 00:00:00+00:00,SMH,SMH260918P00175000,put,False,175.0,2.78,4.0,3.43,369.0,0.5636640313720704,0.03529957336092666,0.002902439024390244,1.0,35,2025-09-10 19:14:07+00:00,2185.764722222222,3.3899999999999997,0.7698630136986301
2025-12-10 21:00:00+00:00,2026-09-18 00:00:00+00:00,SMH,SMH260918P00180000,put,False,180.0,3.05,3.55,4.15,369.0,0.5421798712158206,0.03529957336092666,0.002902439024390244,64.0,449,2025-08-22 19:25:05+00:00,2641.5819444444446,3.3,0.7698630136986301
2025-12-10 21:00:00+00:00,2026-09-18 00:00:00+00:00,SMH,SMH260918P00185000,put,False,185.0,1.03,4.45,3.7,369.0,0.5036670727539063,0.03529957336092666,0.002902439024390244,2.0,79,2025-11-19 16:55:45+00:00,508.0708333333333,2.74,0.7698630136986301
2025-12-10 21:00:00+00:00,2026-09-18 00:00:00+00:00,SMH,SMH260918P00190000,put,False,190.0,1.26,4.65,3.04,369.0,0.5501143621826172,0.03529957336092666,0.002902439024390244,1.0,137,2025-11-03 15:35:27+00:00,893.4091666666667,2.955,0.7698630136986301
2025-12-10 21:00:00+00:00,2026-09-18 00:00:00+00:00,SMH,SMH260918P00195000,put,False,195.0,1.47,4.85,4.56,369.0,0.5379074530029297,0.03529957336092666,0.002902439024390244,4.0,80,2025-11-19 19:12:09+00:00,505.7975,3.1599999999999997,0.7698630136986301
2025-12-10 21:00:00+00:00,2026-09-18 00:00:00+00:00,SMH,SMH260918P00200000,put,False,200.0,1.77,5.1,4.0,369.0,0.5270433038330078,0.03529957336092666,0.002902439024390244,1.0,408,2025-12-01 14:40:50+00:00,222.31944444444446,3.4349999999999996,0.7698630136986301
2025-12-10 21:00:00+00:00,2026-09-18 00:00:00+00:00,SMH,SMH260918P00210000,put,False,210.0,2.67,5.65,3.95,369.0,0.5063525927734375,0.03529957336092666,0.002902439024390244,9.0,1575,2025-12-08 20:43:53+00:00,48.26861111111111,4.16,0.7698630136986301
2025-12-10 21:00:00+00:00,2026-09-18 00:00:00+00:00,SMH,SMH260918P00220000,put,False,220.0,3.55,5.45,4.39,369.0,0.46832807067871096,0.03529957336092666,0.002902439024390244,7.0,802,2025-12-10 21:13:15+00:00,0.0,4.5,0.7698630136986301
2025-12-10 21:00:00+00:00,2026-09-18 00:00:00+00:00,SMH,SMH260918P00230000,put,False,230.0,2.97,7.15,5.25,369.0,0.4718375570678711,0.03529957336092666,0.002902439024390244,1.0,119,2025-12-02 15:00:05+00:00,197.9986111111111,5.0600000000000005,0.7698630136986301
2025-12-10 21:00:00+00:00,2026-09-18 00:00:00+00:00,SMH,SMH260918P00240000,put,False,240.0,4.45,6.95,6.8,369.0,0.4357051058959961,0.03529957336092666,0.002902439024390244,4.0,205,2025-12-04 18:13:39+00:00,146.7725,5.7,0.7698630136986301
2025-12-10 21:00:00+00:00,2026-09-18 00:00:00+00:00,SMH,SMH260918P00250000,put,False,250.0,5.75,8.25,7.19,369.0,0.42719078674316413,0.03529957336092666,0.002902439024390244,7.0,1064,2025-12-10 21:13:15+00:00,0.0,7.0,0.7698630136986301
2025-12-10 21:00:00+00:00,2026-09-18 00:00:00+00:00,SMH,SMH260918P00260000,put,False,260.0,6.2,10.0,9.1,369.0,0.4230099203491211,0.03529957336092666,0.002902439024390244,1.0,726,2025-12-05 16:02:18+00:00,124.96166666666667,8.1,0.7698630136986301
2025-12-10 21:00:00+00:00,2026-09-18 00:00:00+00:00,SMH,SMH260918P00270000,put,False,270.0,9.0,11.45,15.43,369.0,0.41156594299316407,0.03529957336092666,0.002902439024390244,1.0,126,2025-11-24 17:34:59+00:00,387.4169444444444,10.225,0.7698630136986301
2025-12-10 21:00:00+00:00,2026-09-18 00:00:00+00:00,SMH,SMH260918P00280000,put,False,280.0,11.2,12.5,12.1,369.0,0.393209803314209,0.03529957336092666,0.002902439024390244,1.0,1705,2025-12-05 15:06:35+00:00,125.89027777777778,11.85,0.7698630136986301
2025-12-10 21:00:00+00:00,2026-09-18 00:00:00+00:00,SMH,SMH260918P00290000,put,False,290.0,11.15,14.95,13.31,369.0,0.3903259210205078,0.03529957336092666,0.002902439024390244,2.0,160,2025-12-03 15:29:17+00:00,173.51194444444445,13.05,0.7698630136986301
2025-12-10 21:00:00+00:00,2026-09-18 00:00:00+00:00,SMH,SMH260918P00300000,put,False,300.0,14.6,16.1,15.41,369.0,0.37033710723876956,0.03529957336092666,0.002902439024390244,18.0,902,2025-12-10 20:42:11+00:00,0.29694444444444446,15.350000000000001,0.7698630136986301
2025-12-10 21:00:00+00:00,2026-09-18 00:00:00+00:00,SMH,SMH260918P00310000,put,False,310.0,16.0,19.85,19.1,369.0,0.37566237136840824,0.03529957336092666,0.002902439024390244,1.0,134,2025-12-09 19:32:21+00:00,25.460833333333333,17.925,0.7698630136986301
2025-12-10 21:00:00+00:00,2026-09-18 00:00:00+00:00,SMH,SMH260918P00320000,put,False,320.0,19.65,22.05,21.9,369.0,0.3624331335449219,0.03529957336092666,0.002902439024390244,5.0,72,2025-12-10 16:43:39+00:00,4.2725,20.85,0.7698630136986301
2025-12-10 21:00:00+00:00,2026-09-18 00:00:00+00:00,SMH,SMH260918P00330000,put,False,330.0,23.0,25.7,23.5,369.0,0.3602969244384765,0.03529957336092666,0.002902439024390244,3.0,25,2025-12-10 20:54:12+00:00,0.09666666666666666,24.35,0.7698630136986301
2025-12-10 21:00:00+00:00,2026-09-18 00:00:00+00:00,SMH,SMH260918P00340000,put,False,340.0,25.05,29.0,29.15,369.0,0.35227088165283205,0.03529957336092666,0.002902439024390244,2.0,461,2025-12-08 19:07:10+00:00,49.88055555555555,27.025,0.7698630136986301
2025-12-10 21:00:00+00:00,2026-09-18 00:00:00+00:00,SMH,SMH260918P00350000,put,False,350.0,29.45,32.35,30.5,369.0,0.3422764747619628,0.03529957336092666,0.002902439024390244,105.0,977,2025-12-10 19:58:40+00:00,1.0222222222222221,30.9,0.7698630136986301
2025-12-10 21:00:00+00:00,2026-09-18 00:00:00+00:00,SMH,SMH260918P00360000,put,False,360.0,32.9,36.4,34.25,369.0,0.3355016401672363,0.03529957336092666,0.002902439024390244,105.0,1972,2025-12-10 20:45:23+00:00,0.2436111111111111,34.65,0.7698630136986301
2025-12-10 21:00:00+00:00,2026-09-18 00:00:00+00:00,SMH,SMH260918P00370000,put,False,370.0,37.25,41.05,39.3,369.0,0.33083249740600584,0.03529957336092666,0.002902439024390244,14.0,700,2025-12-10 19:16:05+00:00,1.7319444444444445,39.15,0.7698630136986301
2025-12-10 21:00:00+00:00,2026-09-18 00:00:00+00:00,SMH,SMH260918P00380000,put,True,380.0,42.25,46.2,44.94,369.0,0.32732301101684574,0.03529957336092666,0.002902439024390244,3.0,22,2025-12-10 19:16:05+00:00,1.7319444444444445,44.225,0.7698630136986301
2025-12-10 21:00:00+00:00,2026-09-18 00:00:00+00:00,SMH,SMH260918P00400000,put,True,400.0,71.0,74.55,76.3,369.0,0.449849861907959,0.03529957336092666,0.002902439024390244,,2,2025-10-13 13:50:22+00:00,1399.1605555555554,72.775,0.7698630136986301
2025-12-10 21:00:00+00:00,2026-09-18 00:00:00+00:00,SMH,SMH260918P00420000,put,True,420.0,65.6,69.55,79.5,369.0,0.3078682495117187,0.03529957336092666,0.002902439024390244,2.0,1,2025-12-01 18:02:35+00:00,218.95694444444445,67.57499999999999,0.7698630136986301
2025-12-10 21:00:00+00:00,2026-09-18 00:00:00+00:00,SMH,SMH260918P00430000,put,True,430.0,72.4,76.05,78.0,369.0,0.30150539810180665,0.03529957336092666,0.002902439024390244,,1,2025-11-03 17:51:10+00:00,891.1472222222222,74.225,0.7698630136986301
2025-12-10 21:00:00+00:00,2026-09-18 00:00:00+00:00,SMH,SMH260918P00470000,put,True,470.0,102.65,106.5,118.72,369.0,0.28801676345825183,0.03529957336092666,0.002902439024390244,,3,2025-11-12 14:38:55+00:00,678.3513888888889,104.575,0.7698630136986301
2025-12-10 21:00:00+00:00,2026-09-18 00:00:00+00:00,SMH,SMH260918P00480000,put,True,480.0,111.0,114.85,127.42,369.0,0.285590640258789,0.03529957336092666,0.002902439024390244,,3,2025-11-12 14:38:55+00:00,678.3513888888889,112.925,0.7698630136986301
2025-12-10 21:00:00+00:00,2026-12-18 00:00:00+00:00,SMH,SMH261218C00100000,call,True,100.0,240.5,245.5,255.6,369.0,1.0000000000000003e-05,0.03529957336092666,0.002902439024390244,1.0,43,2025-10-24 15:21:22+00:00,1133.6438888888888,243.0,1.0191780821917809
2025-12-10 21:00:00+00:00,2026-12-18 00:00:00+00:00,SMH,SMH261218C00105000,call,True,105.0,185.35,188.55,165.95,369.0,1.0000000000000003e-05,0.03529957336092666,0.002902439024390244,4.0,41,2025-06-16 17:18:21+00:00,4251.694166666667,186.95,1.0191780821917809
2025-12-10 21:00:00+00:00,2026-12-18 00:00:00+00:00,SMH,SMH261218C00110000,call,True,110.0,180.65,183.9,157.95,369.0,1.0000000000000003e-05,0.03529957336092666,0.002902439024390244,4.0,6,2025-06-20 18:04:33+00:00,4154.924166666667,182.275,1.0191780821917809
2025-12-10 21:00:00+00:00,2026-12-18 00:00:00+00:00,SMH,SMH261218C00115000,call,True,115.0,182.3,185.7,181.45,369.0,1.0000000000000003e-05,0.03529957336092666,0.002902439024390244,2.0,37,2025-08-07 19:40:07+00:00,3001.331388888889,184.0,1.0191780821917809
2025-12-10 21:00:00+00:00,2026-12-18 00:00:00+00:00,SMH,SMH261218C00120000,call,True,120.0,228.85,232.5,224.0,369.0,1.0000000000000003e-05,0.03529957336092666,0.002902439024390244,1.0,205,2025-10-07 15:59:44+00:00,1541.0044444444445,230.675,1.0191780821917809
2025-12-10 21:00:00+00:00,2026-12-18 00:00:00+00:00,SMH,SMH261218C00125000,call,True,125.0,0.0,0.0,186.7,369.0,1.0000000000000003e-05,0.03529957336092666,0.002902439024390244,1.0,0,2025-09-15 15:40:13+00:00,2069.3297222222222,0.0,1.0191780821917809
2025-12-10 21:00:00+00:00,2026-12-18 00:00:00+00:00,SMH,SMH261218C00130000,call,True,130.0,219.6,223.0,211.9,369.0,1.0000000000000003e-05,0.03529957336092666,0.002902439024390244,1.0,40,2025-10-14 13:30:01+00:00,1375.4997222222223,221.3,1.0191780821917809
2025-12-10 21:00:00+00:00,2026-12-18 00:00:00+00:00,SMH,SMH261218C00135000,call,True,135.0,0.0,0.0,177.55,369.0,1.0000000000000003e-05,0.03529957336092666,0.002902439024390244,2.0,0,2025-09-15 15:40:07+00:00,2069.331388888889,0.0,1.0191780821917809
2025-12-10 21:00:00+00:00,2026-12-18 00:00:00+00:00,SMH,SMH261218C00140000,call,True,140.0,170.25,173.9,168.0,369.0,1.0000000000000003e-05,0.03529957336092666,0.002902439024390244,2.0,63,2025-08-14 16:28:11+00:00,2836.530277777778,172.075,1.0191780821917809
2025-12-10 21:00:00+00:00,2026-12-18 00:00:00+00:00,SMH,SMH261218C00145000,call,True,145.0,183.15,187.1,154.74,369.0,1.0000000000000003e-05,0.03529957336092666,0.002902439024390244,1.0,39,2025-08-29 14:11:05+00:00,2478.8152777777777,185.125,1.0191780821917809
2025-12-10 21:00:00+00:00,2026-12-18 00:00:00+00:00,SMH,SMH261218C00150000,call,True,150.0,194.5,199.0,209.7,369.0,1.0000000000000003e-05,0.03529957336092666,0.002902439024390244,1.0,33,2025-10-24 19:19:02+00:00,1129.6827777777778,196.75,1.0191780821917809
2025-12-10 21:00:00+00:00,2026-12-18 00:00:00+00:00,SMH,SMH261218C00155000,call,True,155.0,196.8,200.5,171.4,369.0,1.0000000000000003e-05,0.03529957336092666,0.002902439024390244,2.0,88,2025-09-18 15:36:18+00:00,1997.395,198.65,1.0191780821917809
2025-12-10 21:00:00+00:00,2026-12-18 00:00:00+00:00,SMH,SMH261218C00160000,call,True,160.0,169.6,173.5,149.3,369.0,1.0000000000000003e-05,0.03529957336092666,0.002902439024390244,6.0,49,2025-08-28 18:06:24+00:00,2498.8933333333334,171.55,1.0191780821917809
2025-12-10 21:00:00+00:00,2026-12-18 00:00:00+00:00,SMH,SMH261218C00165000,call,True,165.0,213.5,217.5,211.75,369.0,0.6097451135253908,0.03529957336092666,0.002902439024390244,2.0,38,2025-12-09 16:37:33+00:00,28.374166666666667,215.5,1.0191780821917809
2025-12-10 21:00:00+00:00,2026-12-18 00:00:00+00:00,SMH,SMH261218C00170000,call,True,170.0,209.0,213.0,207.21,369.0,0.6026345889282229,0.03529957336092666,0.002902439024390244,4.0,52,2025-12-09 16:37:33+00:00,28.374166666666667,211.0,1.0191780821917809
2025-12-10 21:00:00+00:00,2026-12-18 00:00:00+00:00,SMH,SMH261218C00175000,call,True,175.0,204.0,208.5,166.06,369.0,0.5894816442871094,0.03529957336092666,0.002902439024390244,2.0,29,2025-11-18 15:06:06+00:00,533.8983333333333,206.25,1.0191780821917809
2025-12-10 21:00:00+00:00,2026-12-18 00:00:00+00:00,SMH,SMH261218C00180000,call,True,180.0,199.5,204.0,158.8,369.0,0.5819133605957032,0.03529957336092666,0.002902439024390244,1.0,32,2025-11-21 17:04:34+00:00,459.9238888888889,201.75,1.0191780821917809
2025-12-10 21:00:00+00:00,2026-12-18 00:00:00+00:00,SMH,SMH261218C00185000,call,True,185.0,170.05,173.5,149.39,369.0,1.0000000000000003e-05,0.03529957336092666,0.002902439024390244,1.0,41,2025-09-22 17:15:23+00:00,1899.743611111111,171.775,1.0191780821917809
2025-12-10 21:00:00+00:00,2026-12-18 00:00:00+00:00,SMH,SMH261218C00190000,call,True,190.0,147.5,152.0,120.35,369.0,1.0000000000000003e-05,0.03529957336092666,0.002902439024390244,2.0,141,2025-09-09 15:18:33+00:00,2213.6908333333336,149.75,1.0191780821917809
2025-12-10 21:00:00+00:00,2026-12-18 00:00:00+00:00,SMH,SMH261218C00195000,call,True,195.0,161.4,165.0,161.5,369.0,1.0000000000000003e-05,0.03529957336092666,0.002902439024390244,1.0,54,2025-10-09 18:00:37+00:00,1490.9897222222223,163.2,1.0191780821917809
2025-12-10 21:00:00+00:00,2026-12-18 00:00:00+00:00,SMH,SMH261218C00200000,call,True,200.0,182.0,186.0,163.25,369.0,0.5532881585693359,0.03529957336092666,0.002902439024390244,10.0,418,2025-11-28 17:31:28+00:00,291.47555555555556,184.0,1.0191780821917809
2025-12-10 21:00:00+00:00,2026-12-18 00:00:00+00:00,SMH,SMH261218C00210000,call,True,210.0,173.0,177.5,166.0,369.0,0.5392502130126955,0.03529957336092666,0.002902439024390244,1.0,72,2025-12-03 20:15:36+00:00,168.74,175.25,1.0191780821917809
2025-12-10 21:00:00+00:00,2026-12-18 00:00:00+00:00,SMH,SMH261218C00220000,call,True,220.0,164.0,168.5,137.2,369.0,0.520390538330078,0.03529957336092666,0.002902439024390244,3.0,2848,2025-11-19 20:39:18+00:00,504.345,166.25,1.0191780821917809
2025-12-10 21:00:00+00:00,2026-12-18 00:00:00+00:00,SMH,SMH261218C00230000,call,True,230.0,155.5,160.0,151.3,369.0,0.5080310427856446,0.03529957336092666,0.002902439024390244,1.0,330,2025-12-08 15:26:20+00:00,53.56111111111111,157.75,1.0191780821917809
2025-12-10 21:00:00+00:00,2026-12-18 00:00:00+00:00,SMH,SMH261218C00240000,call,True,240.0,147.0,152.0,131.42,369.0,0.5283555465698243,0.03529957336092666,0.002902439024390244,1.0,186,2025-12-01 16:43:53+00:00,220.2686111111111,149.5,1.0191780821917809
2025-12-10 21:00:00+00:00,2026-12-18 00:00:00+00:00,SMH,SMH261218C00250000,call,True,250.0,139.0,143.5,114.15,369.0,0.5114794946289063,0.03529957336092666,0.002902439024390244,9.0,284,2025-11-19 20:38:09+00:00,504.3641666666667,141.25,1.0191780821917809
2025-12-10 21:00:00+00:00,2026-12-18 00:00:00+00:00,SMH,SMH261218C00260000,call,True,260.0,131.0,135.5,130.0,369.0,0.49930310272216794,0.03529957336092666,0.002902439024390244,2.0,254,2025-12-09 20:56:23+00:00,24.060277777777777,133.25,1.0191780821917809
2025-12-10 21:00:00+00:00,2026-12-18 00:00:00+00:00,SMH,SMH261218C00270000,call,True,270.0,123.0,127.5,119.19,369.0,0.48599757171630864,0.03529957336092666,0.002902439024390244,8.0,282,2025-12-05 19:30:51+00:00,121.48583333333333,125.25,1.0191780821917809
2025-12-10 21:00:00+00:00,2026-12-18 00:00:00+00:00,SMH,SMH261218C00280000,call,True,280.0,115.5,120.0,111.64,369.0,0.47638463073730464,0.03529957336092666,0.002902439024390244,8.0,946,2025-12-05 19:30:51+00:00,121.48583333333333,117.75,1.0191780821917809
2025-12-10 21:00:00+00:00,2026-12-18 00:00:00+00:00,SMH,SMH261218C00290000,call,True,290.0,108.0,112.5,106.94,369.0,0.4653831538391114,0.03529957336092666,0.002902439024390244,1.0,1931,2025-12-09 17:54:46+00:00,27.087222222222223,110.25,1.0191780821917809
2025-12-10 21:00:00+00:00,2026-12-18 00:00:00+00:00,SMH,SMH261218C00300000,call,True,300.0,101.0,105.5,94.42,369.0,0.45738762832641605,0.03529957336092666,0.002902439024390244,5.0,492,2025-12-04 17:09:42+00:00,147.83833333333334,103.25,1.0191780821917809
2025-12-10 21:00:00+00:00,2026-12-18 00:00:00+00:00,SMH,SMH261218C00310000,call,True,310.0,94.0,98.5,89.91,369.0,0.44789675643920895,0.03529957336092666,0.002902439024390244,3.0,161,2025-12-05 16:08:14+00:00,124.86277777777778,96.25,1.0191780821917809
2025-12-10 21:00:00+00:00,2026-12-18 00:00:00+00:00,SMH,SMH261218C00320000,call,True,320.0,87.5,92.0,88.0,369.0,0.4409388182067871,0.03529957336092666,0.002902439024390244,1.0,1548,2025-12-08 17:14:38+00:00,51.75611111111111,89.75,1.0191780821917809
2025-12-10 21:00:00+00:00,2026-12-18 00:00:00+00:00,SMH,SMH261218C00330000,call,True,330.0,81.0,85.1,77.9,369.0,0.4294032890319825,0.03529957336092666,0.002902439024390244,5.0,197,2025-12-05 20:34:31+00:00,120.42472222222223,83.05,1.0191780821917809
2025-12-10 21:00:00+00:00,2026-12-18 00:00:00+00:00,SMH,SMH261218C00340000,call,True,340.0,74.5,79.5,66.18,369.0,0.4261074235534668,0.03529957336092666,0.002902439024390244,5.0,457,2025-12-02 18:45:18+00:00,194.245,77.0,1.0191780821917809
2025-12-10 21:00:00+00:00,2026-12-18 00:00:00+00:00,SMH,SMH261218C00350000,call,True,350.0,69.0,73.5,72.0,369.0,0.41823396713256833,0.03529957336092666,0.002902439024390244,1.0,685,2025-12-10 20:10:19+00:00,0.8280555555555555,71.25,1.0191780821917809
2025-12-10 21:00:00+00:00,2026-12-18 00:00:00+00:00,SMH,SMH261218C00360000,call,True,360.0,63.0,68.0,61.8,369.0,0.4123441334533691,0.03529957336092666,0.002902439024390244,1.0,359,2025-12-10 16:02:08+00:00,4.964444444444444,65.5,1.0191780821917809
2025-12-10 21:00:00+00:00,2026-12-18 00:00:00+00:00,SMH,SMH261218C00370000,call,True,370.0,58.65,62.4,61.2,369.0,0.404226538848877,0.03529957336092666,0.002902439024390244,1.0,147,2025-12-10 20:11:08+00:00,0.8144444444444444,60.525,1.0191780821917809
2025-12-10 21:00:00+00:00,2026-12-18 00:00:00+00:00,SMH,SMH261218C00380000,call,False,380.0,53.0,57.5,56.35,369.0,0.39931325790405275,0.03529957336092666,0.002902439024390244,1.0,315,2025-12-04 20:58:08+00:00,144.0311111111111,55.25,1.0191780821917809
2025-12-10 21:00:00+00:00,2026-12-18 00:00:00+00:00,SMH,SMH261218C00390000,call,False,390.0,48.5,53.0,47.1,369.0,0.39548334014892583,0.03529957336092666,0.002902439024390244,2.0,166,2025-12-08 20:26:12+00:00,48.56333333333333,50.75,1.0191780821917809
2025-12-10 21:00:00+00:00,2026-12-18 00:00:00+00:00,SMH,SMH261218C00400000,call,False,400.0,44.0,48.5,47.06,369.0,0.3900970414733887,0.03529957336092666,0.002902439024390244,1.0,2534,2025-12-10 20:10:39+00:00,0.8225,46.25,1.0191780821917809
2025-12-10 21:00:00+00:00,2026-12-18 00:00:00+00:00,SMH,SMH261218C00410000,call,False,410.0,40.2,44.5,31.92,369.0,0.3864654859924316,0.03529957336092666,0.002902439024390244,1.0,142,2025-11-28 16:14:40+00:00,292.75555555555553,42.35,1.0191780821917809
2025-12-10 21:00:00+00:00,2026-12-18 00:00:00+00:00,SMH,SMH261218C00420000,call,False,420.0,36.0,40.5,33.15,369.0,0.3813080668640136,0.03529957336092666,0.002902439024390244,1.0,50,2025-12-04 16:41:28+00:00,148.3088888888889,38.25,1.0191780821917809
2025-12-10 21:00:00+00:00,2026-12-18 00:00:00+00:00,SMH,SMH261218C00430000,call,False,430.0,32.8,37.4,35.4,369.0,0.38066720413208005,0.03529957336092666,0.002902439024390244,2.0,186,2025-12-10 20:04:33+00:00,0.9241666666666667,35.099999999999994,1.0191780821917809
2025-12-10 21:00:00+00:00,2026-12-18 00:00:00+00:00,SMH,SMH261218C00440000,call,False,440.0,30.5,33.1,31.5,369.0,0.37044391769409174,0.03529957336092666,0.002902439024390244,5.0,26,2025-12-02 15:05:34+00:00,197.90722222222223,31.8,1.0191780821917809
2025-12-10 21:00:00+00:00,2026-12-18 00:00:00+00:00,SMH,SMH261218C00450000,call,False,450.0,27.5,30.1,27.35,369.0,0.3675142594909668,0.03529957336092666,0.002902439024390244,1.0,153,2025-12-10 18:06:31+00:00,2.891388888888889,28.8,1.0191780821917809
2025-12-10 21:00:00+00:00,2026-12-18 00:00:00+00:00,SMH,SMH261218C00460000,call,False,460.0,23.7,28.3,18.75,369.0,0.37163409133911135,0.03529957336092666,0.002902439024390244,42.0,89,2025-11-26 20:22:07+00:00,336.63138888888886,26.0,1.0191780821917809
2025-12-10 21:00:00+00:00,2026-12-18 00:00:00+00:00,SMH,SMH261218C00470000,call,False,470.0,21.0,25.8,22.06,369.0,0.36960469268798823,0.03529957336092666,0.002902439024390244,3.0,100,2025-12-08 14:31:48+00:00,54.47,23.4,1.0191780821917809
2025-12-10 21:00:00+00:00,2026-12-18 00:00:00+00:00,SMH,SMH261218C00480000,call,False,480.0,19.0,24.0,17.45,369.0,0.3714357290649414,0.03529957336092666,0.002902439024390244,10.0,152,2025-12-04 19:46:06+00:00,145.23166666666665,21.5,1.0191780821917809
2025-12-10 21:00:00+00:00,2026-12-18 00:00:00+00:00,SMH,SMH261218C00490000,call,False,490.0,12.5,14.4,12.13,369.0,0.3099129067993164,0.03529957336092666,0.002902439024390244,,4,2025-10-09 18:54:49+00:00,1490.086388888889,13.45,1.0191780821917809
2025-12-10 21:00:00+00:00,2026-12-18 00:00:00+00:00,SMH,SMH261218C00500000,call,False,500.0,15.85,19.15,16.85,369.0,0.36199063308715823,0.03529957336092666,0.002902439024390244,1.0,180,2025-12-10 19:18:36+00:00,1.69,17.5,1.0191780821917809
2025-12-10 21:00:00+00:00,2026-12-18 00:00:00+00:00,SMH,SMH261218C00510000,call,False,510.0,14.5,17.65,15.9,369.0,0.362662013092041,0.03529957336092666,0.002902439024390244,8.0,207,2025-12-10 20:09:26+00:00,0.8427777777777777,16.075,1.0191780821917809
2025-12-10 21:00:00+00:00,2026-12-18 00:00:00+00:00,SMH,SMH261218P00100000,put,False,100.0,0.28,0.84,0.55,369.0,0.5944864770507813,0.03529957336092666,0.002902439024390244,1.0,81,2025-12-10 20:29:58+00:00,0.5005555555555555,0.56,1.0191780821917809
2025-12-10 21:00:00+00:00,2026-12-18 00:00:00+00:00,SMH,SMH261218P00105000,put,False,105.0,0.01,1.55,1.0,369.0,0.6015664843750002,0.03529957336092666,0.002902439024390244,4.0,137,2025-11-06 16:49:50+00:00,820.1694444444445,0.78,1.0191780821917809
2025-12-10 21:00:00+00:00,2026-12-18 00:00:00+00:00,SMH,SMH261218P00110000,put,False,110.0,0.0,1.67,1.18,369.0,0.5864299169921875,0.03529957336092666,0.002902439024390244,40.0,47,2025-10-24 13:30:07+00:00,1135.4980555555555,0.835,1.0191780821917809
2025-12-10 21:00:00+00:00,2026-12-18 00:00:00+00:00,SMH,SMH261218P00115000,put,False,115.0,2.51,2.78,3.1,369.0,0.692385888671875,0.03529957336092666,0.002902439024390244,10.0,10,2025-05-20 18:48:04+00:00,4898.198888888889,2.6449999999999996,1.0191780821917809
2025-12-10 21:00:00+00:00,2026-12-18 00:00:00+00:00,SMH,SMH261218P00120000,put,False,120.0,0.28,1.98,1.16,369.0,0.5737347314453125,0.03529957336092666,0.002902439024390244,1.0,815,2025-12-01 15:29:56+00:00,221.5011111111111,1.13,1.0191780821917809
2025-12-10 21:00:00+00:00,2026-12-18 00:00:00+00:00,SMH,SMH261218P00125000,put,False,125.0,0.2,1.93,1.5,369.0,0.549076774902344,0.03529957336092666,0.002902439024390244,10.0,212,2025-11-20 16:59:36+00:00,484.00666666666666,1.065,1.0191780821917809
2025-12-10 21:00:00+00:00,2026-12-18 00:00:00+00:00,SMH,SMH261218P00130000,put,False,130.0,0.31,2.09,1.81,369.0,0.5411422839355471,0.03529957336092666,0.002902439024390244,10.0,47,2025-11-14 14:39:36+00:00,630.34,1.2,1.0191780821917809
2025-12-10 21:00:00+00:00,2026-12-18 00:00:00+00:00,SMH,SMH261218P00135000,put,False,135.0,0.1,4.6,2.07,369.0,0.5907633697509767,0.03529957336092666,0.002902439024390244,2.0,24,2025-10-24 14:58:12+00:00,1134.03,2.3499999999999996,1.0191780821917809
2025-12-10 21:00:00+00:00,2026-12-18 00:00:00+00:00,SMH,SMH261218P00140000,put,False,140.0,0.1,4.9,2.16,369.0,0.5784954260253907,0.03529957336092666,0.002902439024390244,20.0,175,2025-10-24 13:30:07+00:00,1135.4980555555555,2.5,1.0191780821917809
2025-12-10 21:00:00+00:00,2026-12-18 00:00:00+00:00,SMH,SMH261218P00145000,put,False,145.0,0.57,3.8,2.64,369.0,0.545048494873047,0.03529957336092666,0.002902439024390244,4.0,83,2025-11-24 16:44:51+00:00,388.2525,2.185,1.0191780821917809
2025-12-10 21:00:00+00:00,2026-12-18 00:00:00+00:00,SMH,SMH261218P00150000,put,False,150.0,0.6,3.25,2.0,369.0,0.514653291015625,0.03529957336092666,0.002902439024390244,3.0,921,2025-12-05 15:05:24+00:00,125.91,1.925,1.0191780821917809
2025-12-10 21:00:00+00:00,2026-12-18 00:00:00+00:00,SMH,SMH261218P00155000,put,False,155.0,2.07,2.6,2.39,369.0,0.5169726037597657,0.03529957336092666,0.002902439024390244,25.0,435,2025-10-29 13:50:31+00:00,1015.1580555555555,2.335,1.0191780821917809
2025-12-10 21:00:00+00:00,2026-12-18 00:00:00+00:00,SMH,SMH261218P00160000,put,False,160.0,1.07,3.6,3.37,369.0,0.5001881036376954,0.03529957336092666,0.002902439024390244,6.0,236,2025-11-24 16:51:33+00:00,388.1408333333333,2.335,1.0191780821917809
2025-12-10 21:00:00+00:00,2026-12-18 00:00:00+00:00,SMH,SMH261218P00165000,put,False,165.0,0.56,4.05,3.82,369.0,0.5449264257812501,0.03529957336092666,0.002902439024390244,6.0,44,2025-11-24 16:49:05+00:00,388.18194444444447,2.3049999999999997,1.0191780821917809
2025-12-10 21:00:00+00:00,2026-12-18 00:00:00+00:00,SMH,SMH261218P00170000,put,False,170.0,1.68,5.0,3.37,369.0,0.5049487982177734,0.03529957336092666,0.002902439024390244,1.0,1015,2025-12-01 16:44:10+00:00,220.26388888888889,3.34,1.0191780821917809
2025-12-10 21:00:00+00:00,2026-12-18 00:00:00+00:00,SMH,SMH261218P00175000,put,False,175.0,2.06,4.55,4.27,369.0,0.5249681292724608,0.03529957336092666,0.002902439024390244,1.0,155,2025-11-24 20:12:23+00:00,384.7936111111111,3.3049999999999997,1.0191780821917809
2025-12-10 21:00:00+00:00,2026-12-18 00:00:00+00:00,SMH,SMH261218P00180000,put,False,180.0,2.17,5.5,5.06,369.0,0.5327805511474608,0.03529957336092666,0.002902439024390244,2.0,200,2025-11-21 19:49:07+00:00,457.1813888888889,3.835,1.0191780821917809
2025-12-10 21:00:00+00:00,2026-12-18 00:00:00+00:00,SMH,SMH261218P00185000,put,False,185.0,1.4,5.15,5.55,369.0,0.5072375936889649,0.03529957336092666,0.002902439024390244,2.0,201,2025-11-18 14:30:00+00:00,534.5,3.2750000000000004,1.0191780821917809
2025-12-10 21:00:00+00:00,2026-12-18 00:00:00+00:00,SMH,SMH261218P00190000,put,False,190.0,2.67,4.55,4.25,369.0,0.4759573889160156,0.03529957336092666,0.002902439024390244,1.0,257,2025-12-05 17:45:42+00:00,123.23833333333333,3.61,1.0191780821917809
2025-12-10 21:00:00+00:00,2026-12-18 00:00:00+00:00,SMH,SMH261218P00195000,put,False,195.0,2.96,5.8,5.25,369.0,0.49005636901855476,0.03529957336092666,0.002902439024390244,20.0,300,2025-11-06 15:37:51+00:00,821.3691666666666,4.38,1.0191780821917809
2025-12-10 21:00:00+00:00,2026-12-18 00:00:00+00:00,SMH,SMH261218P00200000,put,False,200.0,3.55,5.2,4.7,369.0,0.4607597869873047,0.03529957336092666,0.002902439024390244,1.0,4748,2025-12-10 15:43:32+00:00,5.274444444444445,4.375,1.0191780821917809
2025-12-10 21:00:00+00:00,2026-12-18 00:00:00+00:00,SMH,SMH261218P00210000,put,False,210.0,5.0,6.65,5.4,369.0,0.4606987524414063,0.03529957336092666,0.002902439024390244,1.0,884,2025-12-09 16:25:23+00:00,28.576944444444443,5.825,1.0191780821917809
2025-12-10 21:00:00+00:00,2026-12-18 00:00:00+00:00,SMH,SMH261218P00220000,put,False,220.0,5.45,7.6,8.0,369.0,0.44775942871093743,0.03529957336092666,0.002902439024390244,1.0,2819,2025-11-20 15:29:12+00:00,485.5133333333333,6.525,1.0191780821917809
2025-12-10 21:00:00+00:00,2026-12-18 00:00:00+00:00,SMH,SMH261218P00230000,put,False,230.0,5.75,8.7,8.4,369.0,0.435979761352539,0.03529957336092666,0.002902439024390244,5.0,1231,2025-12-02 15:21:36+00:00,197.64,7.225,1.0191780821917809
2025-12-10 21:00:00+00:00,2026-12-18 00:00:00+00:00,SMH,SMH261218P00240000,put,False,240.0,6.95,10.15,8.56,369.0,0.4278621667480469,0.03529957336092666,0.002902439024390244,2.0,265,2025-12-10 20:38:42+00:00,0.355,8.55,1.0191780821917809
2025-12-10 21:00:00+00:00,2026-12-18 00:00:00+00:00,SMH,SMH261218P00250000,put,False,250.0,7.65,12.0,9.91,369.0,0.4229183685302734,0.03529957336092666,0.002902439024390244,2.0,332,2025-12-10 20:38:42+00:00,0.355,9.825,1.0191780821917809
2025-12-10 21:00:00+00:00,2026-12-18 00:00:00+00:00,SMH,SMH261218P00260000,put,False,260.0,9.25,13.7,14.18,369.0,0.41379370391845705,0.03529957336092666,0.002902439024390244,2.0,451,2025-11-28 16:38:03+00:00,292.36583333333334,11.475,1.0191780821917809
2025-12-10 21:00:00+00:00,2026-12-18 00:00:00+00:00,SMH,SMH261218P00270000,put,False,270.0,12.45,14.85,13.39,369.0,0.3969023933410644,0.03529957336092666,0.002902439024390244,2.0,168,2025-12-09 20:00:49+00:00,24.98638888888889,13.649999999999999,1.0191780821917809
2025-12-10 21:00:00+00:00,2026-12-18 00:00:00+00:00,SMH,SMH261218P00280000,put,False,280.0,13.8,18.0,16.16,369.0,0.3998473101806641,0.03529957336092666,0.002902439024390244,7.0,1829,2025-12-08 14:48:50+00:00,54.18611111111111,15.9,1.0191780821917809
2025-12-10 21:00:00+00:00,2026-12-18 00:00:00+00:00,SMH,SMH261218P00290000,put,False,290.0,15.55,20.0,18.53,369.0,0.38864747100830077,0.03529957336092666,0.002902439024390244,2.0,165,2025-12-08 14:49:00+00:00,54.18333333333333,17.775,1.0191780821917809
2025-12-10 21:00:00+00:00,2026-12-18 00:00:00+00:00,SMH,SMH261218P00300000,put,False,300.0,19.3,21.7,20.82,369.0,0.3733888345336914,0.03529957336092666,0.002902439024390244,2.0,1083,2025-12-10 18:54:01+00:00,2.0997222222222223,20.5,1.0191780821917809
2025-12-10 21:00:00+00:00,2026-12-18 00:00:00+00:00,SMH,SMH261218P00310000,put,False,310.0,20.55,25.2,23.42,369.0,0.37235124725341795,0.03529957336092666,0.002902439024390244,1.0,35,2025-12-08 14:39:21+00:00,54.344166666666666,22.875,1.0191780821917809
2025-12-10 21:00:00+00:00,2026-12-18 00:00:00+00:00,SMH,SMH261218P00320000,put,False,320.0,23.5,28.5,25.39,369.0,0.36723960403442385,0.03529957336092666,0.002902439024390244,1.0,518,2025-12-08 18:29:24+00:00,50.51,26.0,1.0191780821917809
2025-12-10 21:00:00+00:00,2026-12-18 00:00:00+00:00,SMH,SMH261218P00330000,put,False,330.0,27.0,31.45,31.42,369.0,0.3574740766906738,0.03529957336092666,0.002902439024390244,4.0,129,2025-12-03 20:50:47+00:00,168.1536111111111,29.225,1.0191780821917809
2025-12-10 21:00:00+00:00,2026-12-18 00:00:00+00:00,SMH,SMH261218P00340000,put,False,340.0,30.5,35.0,34.35,369.0,0.35050087982177724,0.03529957336092666,0.002902439024390244,2.0,151,2025-12-09 15:50:06+00:00,29.165,32.75,1.0191780821917809
2025-12-10 21:00:00+00:00,2026-12-18 00:00:00+00:00,SMH,SMH261218P00350000,put,False,350.0,34.0,39.0,36.07,369.0,0.3448704429626465,0.03529957336092666,0.002902439024390244,2.0,113,2025-12-10 20:10:39+00:00,0.8225,36.5,1.0191780821917809
2025-12-10 21:00:00+00:00,2026-12-18 00:00:00+00:00,SMH,SMH261218P00360000,put,False,360.0,38.5,43.5,42.5,369.0,0.34076586975097656,0.03529957336092666,0.002902439024390244,1.0,1168,2025-12-09 16:53:41+00:00,28.10527777777778,41.0,1.0191780821917809
2025-12-10 21:00:00+00:00,2026-12-18 00:00:00+00:00,SMH,SMH261218P00370000,put,False,370.0,43.8,47.55,44.55,369.0,0.3316412051391602,0.03529957336092666,0.002902439024390244,1.0,57,2025-12-10 20:42:04+00:00,0.29888888888888887,45.675,1.0191780821917809
2025-12-10 21:00:00+00:00,2026-12-18 00:00:00+00:00,SMH,SMH261218P00380000,put,True,380.0,48.0,52.5,49.0,369.0,0.3266974069213867,0.03529957336092666,0.002902439024390244,2.0,681,2025-12-10 20:27:17+00:00,0.5452777777777778,50.25,1.0191780821917809
2025-12-10 21:00:00+00:00,2026-12-18 00:00:00+00:00,SMH,SMH261218P00390000,put,True,390.0,53.0,57.5,61.4,369.0,0.32011330528259263,0.03529957336092666,0.002902439024390244,,1,2025-11-04 15:49:22+00:00,869.1772222222222,55.25,1.0191780821917809
2025-12-10 21:00:00+00:00,2026-12-18 00:00:00+00:00,SMH,SMH261218P00400000,put,True,400.0,58.5,63.5,63.24,369.0,0.31819834640502925,0.03529957336092666,0.002902439024390244,1.0,2,2025-12-05 15:12:57+00:00,125.78416666666666,61.0,1.0191780821917809
2025-12-10 21:00:00+00:00,2026-12-18 00:00:00+00:00,SMH,SMH261218P00410000,put,True,410.0,64.5,69.0,69.24,369.0,0.3109962699890136,0.03529957336092666,0.002902439024390244,1.0,3,2025-12-05 15:12:57+00:00,125.78416666666666,66.75,1.0191780821917809
2025-12-10 21:00:00+00:00,2026-12-18 00:00:00+00:00,SMH,SMH261218P00420000,put,True,420.0,70.5,75.5,105.82,369.0,0.3085091122436523,0.03529957336092666,0.002902439024390244,1.0,2,2025-11-21 14:34:39+00:00,462.4225,73.0,1.0191780821917809
2025-12-10 21:00:00+00:00,2026-12-18 00:00:00+00:00,SMH,SMH261218P00450000,put,True,450.0,91.0,95.5,98.08,369.0,0.292853751220703,0.03529957336092666,0.002902439024390244,20.0,20,2025-12-05 19:00:46+00:00,121.98722222222223,93.25,1.0191780821917809
2025-12-10 21:00:00+00:00,2026-12-18 00:00:00+00:00,SMH,SMH261218P00460000,put,True,460.0,98.5,103.0,105.58,369.0,0.2897257307434082,0.03529957336092666,0.002902439024390244,20.0,20,2025-12-05 19:00:46+00:00,121.98722222222223,100.75,1.0191780821917809
2025-12-10 21:00:00+00:00,2026-12-18 00:00:00+00:00,SMH,SMH261218P00480000,put,True,480.0,114.0,118.5,149.1,369.0,0.281684429321289,0.03529957336092666,0.002902439024390244,2.0,1,2025-11-18 17:14:43+00:00,531.7547222222222,116.25,1.0191780821917809
2025-12-10 21:00:00+00:00,2026-12-18 00:00:00+00:00,SMH,SMH261218P00500000,put,True,500.0,130.5,135.0,147.35,369.0,0.2745128701782227,0.03529957336092666,0.002902439024390244,,15,2025-11-12 14:46:28+00:00,678.2255555555555,132.75,1.0191780821917809
2025-12-10 21:00:00+00:00,2026-12-18 00:00:00+00:00,SMH,SMH261218P00510000,put,True,510.0,139.0,143.5,156.37,369.0,0.2703930383300781,0.03529957336092666,0.002902439024390244,,15,2025-11-12 14:46:28+00:00,678.2255555555555,141.25,1.0191780821917809
2025-12-10 21:00:00+00:00,2027-01-15 00:00:00+00:00,SMH,SMH270115C00100000,call,True,100.0,274.0,279.0,220.6,369.0,0.7276638562011719,0.03529957336092666,0.002902439024390244,2.0,6,2025-11-21 16:06:51+00:00,460.8858333333333,276.5,1.095890410958904
2025-12-10 21:00:00+00:00,2027-01-15 00:00:00+00:00,SMH,SMH270115C00105000,call,True,105.0,160.9,164.8,145.15,369.0,1.0000000000000003e-05,0.03529957336092666,0.002902439024390244,,1,2025-05-22 15:08:05+00:00,4853.865277777778,162.85000000000002,1.095890410958904
2025-12-10 21:00:00+00:00,2027-01-15 00:00:00+00:00,SMH,SMH270115C00115000,call,True,115.0,178.35,182.2,142.65,369.0,1.0000000000000003e-05,0.03529957336092666,0.002902439024390244,2.0,10,2025-06-03 17:29:43+00:00,4563.504722222222,180.27499999999998,1.095890410958904
2025-12-10 21:00:00+00:00,2027-01-15 00:00:00+00:00,SMH,SMH270115C00120000,call,True,120.0,220.65,224.5,173.5,369.0,1.0000000000000003e-05,0.03529957336092666,0.002902439024390244,2.0,9,2025-09-03 14:31:44+00:00,2358.471111111111,222.575,1.095890410958904
2025-12-10 21:00:00+00:00,2027-01-15 00:00:00+00:00,SMH,SMH270115C00125000,call,True,125.0,174.25,177.3,163.6,369.0,1.0000000000000003e-05,0.03529957336092666,0.002902439024390244,2.0,7,2025-06-27 14:50:33+00:00,3990.1575,175.775,1.095890410958904
2025-12-10 21:00:00+00:00,2027-01-15 00:00:00+00:00,SMH,SMH270115C00130000,call,True,130.0,169.85,173.1,160.82,369.0,1.0000000000000003e-05,0.03529957336092666,0.002902439024390244,2.0,53,2025-07-07 14:00:04+00:00,3750.998888888889,171.475,1.095890410958904
2025-12-10 21:00:00+00:00,2027-01-15 00:00:00+00:00,SMH,SMH270115C00135000,call,True,135.0,160.5,163.8,125.15,369.0,1.0000000000000003e-05,0.03529957336092666,0.002902439024390244,20.0,11,2025-06-03 15:26:59+00:00,4565.550277777777,162.15,1.095890410958904
2025-12-10 21:00:00+00:00,2027-01-15 00:00:00+00:00,SMH,SMH270115C00140000,call,True,140.0,160.85,163.6,153.68,369.0,1.0000000000000003e-05,0.03529957336092666,0.002902439024390244,1.0,11,2025-07-23 14:15:40+00:00,3366.738888888889,162.225,1.095890410958904
2025-12-10 21:00:00+00:00,2027-01-15 00:00:00+00:00,SMH,SMH270115C00145000,call,True,145.0,0.0,0.0,157.75,369.0,1.0000000000000003e-05,0.03529957336092666,0.002902439024390244,1.0,10,2025-08-25 14:07:35+00:00,2574.873611111111,0.0,1.095890410958904
2025-12-10 21:00:00+00:00,2027-01-15 00:00:00+00:00,SMH,SMH270115C00150000,call,True,150.0,199.0,202.5,165.47,369.0,1.0000000000000003e-05,0.03529957336092666,0.002902439024390244,1.0,26,2025-09-16 14:39:56+00:00,2046.3344444444444,200.75,1.095890410958904
2025-12-10 21:00:00+00:00,2027-01-15 00:00:00+00:00,SMH,SMH270115C00155000,call,True,155.0,196.9,200.5,198.8,369.0,1.0000000000000003e-05,0.03529957336092666,0.002902439024390244,1.0,22,2025-10-06 13:30:01+00:00,1567.4997222222223,198.7,1.095890410958904
2025-12-10 21:00:00+00:00,2027-01-15 00:00:00+00:00,SMH,SMH270115C00160000,call,True,160.0,218.0,222.5,211.72,369.0,0.6008645870971682,0.03529957336092666,0.002902439024390244,3.0,12,2025-12-03 20:51:47+00:00,168.13694444444445,220.25,1.095890410958904
2025-12-10 21:00:00+00:00,2027-01-15 00:00:00+00:00,SMH,SMH270115C00165000,call,True,165.0,187.95,191.5,190.56,369.0,1.0000000000000003e-05,0.03529957336092666,0.002902439024390244,1.0,12,2025-10-06 16:20:51+00:00,1564.6525,189.725,1.095890410958904
2025-12-10 21:00:00+00:00,2027-01-15 00:00:00+00:00,SMH,SMH270115C00170000,call,True,170.0,108.5,110.6,92.1,369.0,1.0000000000000003e-05,0.03529957336092666,0.002902439024390244,1.0,1,2025-05-13 14:24:24+00:00,5070.593333333333,109.55,1.095890410958904
2025-12-10 21:00:00+00:00,2027-01-15 00:00:00+00:00,SMH,SMH270115C00175000,call,True,175.0,191.75,195.35,202.68,369.0,1.0000000000000003e-05,0.03529957336092666,0.002902439024390244,1.0,5,2025-10-30 13:49:58+00:00,991.1672222222222,193.55,1.095890410958904
2025-12-10 21:00:00+00:00,2027-01-15 00:00:00+00:00,SMH,SMH270115C00180000,call,True,180.0,200.0,204.5,165.01,369.0,0.5715374877929689,0.03529957336092666,0.002902439024390244,1.0,21,2025-11-24 14:47:49+00:00,390.2030555555556,202.25,1.095890410958904
2025-12-10 21:00:00+00:00,2027-01-15 00:00:00+00:00,SMH,SMH270115C00185000,call,True,185.0,195.5,200.0,190.99,369.0,0.5634198931884766,0.03529957336092666,0.002902439024390244,5.0,80,2025-12-05 17:07:00+00:00,123.88333333333334,197.75,1.095890410958904
2025-12-10 21:00:00+00:00,2027-01-15 00:00:00+00:00,SMH,SMH270115C00190000,call,True,190.0,191.0,195.5,164.4,369.0,0.55508867767334,0.03529957336092666,0.002902439024390244,1.0,204,2025-11-17 18:41:11+00:00,554.3136111111111,193.25,1.095890410958904
2025-12-10 21:00:00+00:00,2027-01-15 00:00:00+00:00,SMH,SMH270115C00193000,call,True,193.0,188.5,193.0,162.06,369.0,0.5535322967529297,0.03529957336092666,0.002902439024390244,1.0,21,2025-11-17 18:41:32+00:00,554.3077777777778,190.75,1.095890410958904
2025-12-10 21:00:00+00:00,2027-01-15 00:00:00+00:00,SMH,SMH270115C00194000,call,True,194.0,174.9,178.5,184.85,369.0,1.0000000000000003e-05,0.03529957336092666,0.002902439024390244,3.0,12,2025-10-29 18:37:15+00:00,1010.3791666666667,176.7,1.095890410958904
2025-12-10 21:00:00+00:00,2027-01-15 00:00:00+00:00,SMH,SMH270115C00195000,call,True,195.0,186.5,191.0,156.06,369.0,0.5465438412475586,0.03529957336092666,0.002902439024390244,1.0,136,2025-11-07 17:12:31+00:00,795.7913888888888,188.75,1.095890410958904
2025-12-10 21:00:00+00:00,2027-01-15 00:00:00+00:00,SMH,SMH270115C00196000,call,True,196.0,142.5,147.5,123.2,369.0,1.0000000000000003e-05,0.03529957336092666,0.002902439024390244,3.0,15,2025-09-11 15:50:08+00:00,2165.1644444444446,145.0,1.095890410958904
2025-12-10 21:00:00+00:00,2027-01-15 00:00:00+00:00,SMH,SMH270115C00197000,call,True,197.0,85.65,88.05,72.55,369.0,1.0000000000000003e-05,0.03529957336092666,0.002902439024390244,2.0,2,2025-05-22 16:39:42+00:00,4852.338333333333,86.85,1.095890410958904
2025-12-10 21:00:00+00:00,2027-01-15 00:00:00+00:00,SMH,SMH270115C00198000,call,True,198.0,52.2,54.1,37.64,369.0,1.0000000000000003e-05,0.03529957336092666,0.002902439024390244,1.0,23,2025-04-03 19:58:35+00:00,6025.023611111111,53.150000000000006,1.095890410958904
2025-12-10 21:00:00+00:00,2027-01-15 00:00:00+00:00,SMH,SMH270115C00199000,call,True,199.0,140.0,145.0,114.35,369.0,1.0000000000000003e-05,0.03529957336092666,0.002902439024390244,2.0,29,2025-09-08 19:41:21+00:00,2233.3108333333334,142.5,1.095890410958904
2025-12-10 21:00:00+00:00,2027-01-15 00:00:00+00:00,SMH,SMH270115C00200000,call,True,200.0,182.5,186.5,179.27,369.0,0.5420578021240237,0.03529957336092666,0.002902439024390244,1.0,279,2025-12-08 15:25:28+00:00,53.57555555555555,184.5,1.095890410958904
2025-12-10 21:00:00+00:00,2027-01-15 00:00:00+00:00,SMH,SMH270115C00205000,call,True,205.0,144.75,148.4,104.25,369.0,1.0000000000000003e-05,0.03529957336092666,0.002902439024390244,1.0,13,2025-09-05 18:05:53+00:00,2306.9019444444443,146.575,1.095890410958904
2025-12-10 21:00:00+00:00,2027-01-15 00:00:00+00:00,SMH,SMH270115C00210000,call,True,210.0,173.5,178.0,177.0,369.0,0.5277757183837892,0.03529957336092666,0.002902439024390244,1.0,85,2025-12-10 20:50:47+00:00,0.15361111111111111,175.75,1.095890410958904
2025-12-10 21:00:00+00:00,2027-01-15 00:00:00+00:00,SMH,SMH270115C00215000,call,True,215.0,156.8,160.3,168.65,369.0,0.2907175421142577,0.03529957336092666,0.002902439024390244,1.0,11,2025-10-29 13:37:30+00:00,1015.375,158.55,1.095890410958904
2025-12-10 21:00:00+00:00,2027-01-15 00:00:00+00:00,SMH,SMH270115C00220000,call,True,220.0,152.45,156.05,157.68,369.0,0.3079292840576171,0.03529957336092666,0.002902439024390244,1.0,138,2025-10-28 17:41:55+00:00,1035.3013888888888,154.25,1.095890410958904
2025-12-10 21:00:00+00:00,2027-01-15 00:00:00+00:00,SMH,SMH270115C00225000,call,True,225.0,161.0,165.0,133.0,369.0,0.5096789755249024,0.03529957336092666,0.002902439024390244,3.0,33,2025-11-19 20:18:41+00:00,504.68861111111113,163.0,1.095890410958904
2025-12-10 21:00:00+00:00,2027-01-15 00:00:00+00:00,SMH,SMH270115C00230000,call,True,230.0,156.5,161.0,136.5,369.0,0.5030262100219728,0.03529957336092666,0.002902439024390244,10.0,169,2025-12-01 14:42:28+00:00,222.29222222222222,158.75,1.095890410958904
2025-12-10 21:00:00+00:00,2027-01-15 00:00:00+00:00,SMH,SMH270115C00235000,call,True,235.0,152.5,156.5,133.05,369.0,0.5205126074218749,0.03529957336092666,0.002902439024390244,25.0,57,2025-11-26 16:43:20+00:00,340.27777777777777,154.5,1.095890410958904
2025-12-10 21:00:00+00:00,2027-01-15 00:00:00+00:00,SMH,SMH270115C00240000,call,True,240.0,148.0,152.5,142.06,369.0,0.5154162228393554,0.03529957336092666,0.002902439024390244,2.0,280,2025-12-04 16:28:27+00:00,148.52583333333334,150.25,1.095890410958904
2025-12-10 21:00:00+00:00,2027-01-15 00:00:00+00:00,SMH,SMH270115C00245000,call,True,245.0,144.0,148.5,104.0,369.0,0.50996888961792,0.03529957336092666,0.002902439024390244,6.0,131,2025-11-21 18:29:00+00:00,458.51666666666665,146.25,1.095890410958904
2025-12-10 21:00:00+00:00,2027-01-15 00:00:00+00:00,SMH,SMH270115C00250000,call,True,250.0,140.0,144.5,136.8,369.0,0.5042011250305176,0.03529957336092666,0.002902439024390244,1.0,891,2025-12-08 19:07:28+00:00,49.87555555555556,142.25,1.095890410958904
2025-12-10 21:00:00+00:00,2027-01-15 00:00:00+00:00,SMH,SMH270115C00255000,call,True,255.0,136.0,140.5,120.05,369.0,0.49814344635009766,0.03529957336092666,0.002902439024390244,1.0,49,2025-12-01 18:46:27+00:00,218.22583333333333,138.25,1.095890410958904
2025-12-10 21:00:00+00:00,2027-01-15 00:00:00+00:00,SMH,SMH270115C00260000,call,True,260.0,132.0,136.5,119.65,369.0,0.4917958535766602,0.03529957336092666,0.002902439024390244,1.0,198,2025-12-03 14:39:39+00:00,174.33916666666667,134.25,1.095890410958904
2025-12-10 21:00:00+00:00,2027-01-15 00:00:00+00:00,SMH,SMH270115C00265000,call,True,265.0,128.0,132.5,123.6,369.0,0.48520412261962886,0.03529957336092666,0.002902439024390244,1.0,60,2025-12-05 19:08:23+00:00,121.86027777777778,130.25,1.095890410958904
2025-12-10 21:00:00+00:00,2027-01-15 00:00:00+00:00,SMH,SMH270115C00270000,call,True,270.0,124.0,129.0,106.75,369.0,0.4831442066955567,0.03529957336092666,0.002902439024390244,1.0,111,2025-11-28 15:00:17+00:00,293.9952777777778,126.5,1.095890410958904
2025-12-10 21:00:00+00:00,2027-01-15 00:00:00+00:00,SMH,SMH270115C00275000,call,True,275.0,120.5,125.0,111.8,369.0,0.4759573889160156,0.03529957336092666,0.002902439024390244,3.0,135,2025-12-04 20:51:46+00:00,144.13722222222222,122.75,1.095890410958904
2025-12-10 21:00:00+00:00,2027-01-15 00:00:00+00:00,SMH,SMH270115C00280000,call,True,280.0,116.5,121.0,115.1,369.0,0.46855695022583005,0.03529957336092666,0.002902439024390244,2.0,76,2025-12-09 17:44:59+00:00,27.25027777777778,118.75,1.095890410958904
2025-12-10 21:00:00+00:00,2027-01-15 00:00:00+00:00,SMH,SMH270115C00285000,call,True,285.0,113.0,117.5,107.3,369.0,0.46536789520263677,0.03529957336092666,0.002902439024390244,5.0,95,2025-12-03 20:33:33+00:00,168.44083333333333,115.25,1.095890410958904
2025-12-10 21:00:00+00:00,2027-01-15 00:00:00+00:00,SMH,SMH270115C00290000,call,True,290.0,109.5,114.0,107.08,369.0,0.46176685699462894,0.03529957336092666,0.002902439024390244,1.0,178,2025-12-08 15:50:33+00:00,53.1575,111.75,1.095890410958904
2025-12-10 21:00:00+00:00,2027-01-15 00:00:00+00:00,SMH,SMH270115C00295000,call,True,295.0,105.5,110.5,104.58,369.0,0.45778435287475594,0.03529957336092666,0.002902439024390244,2.0,90,2025-12-09 17:44:59+00:00,27.25027777777778,108.0,1.095890410958904
2025-12-10 21:00:00+00:00,2027-01-15 00:00:00+00:00,SMH,SMH270115C00300000,call,True,300.0,102.5,107.0,100.0,369.0,0.45345090011596684,0.03529957336092666,0.002902439024390244,1.0,832,2025-12-09 19:50:14+00:00,25.162777777777777,104.75,1.095890410958904
2025-12-10 21:00:00+00:00,2027-01-15 00:00:00+00:00,SMH,SMH270115C00305000,call,True,305.0,98.5,103.5,89.5,369.0,0.4487664987182617,0.03529957336092666,0.002902439024390244,1.0,497,2025-12-02 16:00:03+00:00,196.99916666666667,101.0,1.095890410958904
2025-12-10 21:00:00+00:00,2027-01-15 00:00:00+00:00,SMH,SMH270115C00310000,call,True,310.0,95.5,100.0,75.57,369.0,0.4437464073181152,0.03529957336092666,0.002902439024390244,1.0,55,2025-11-26 15:12:36+00:00,341.79,97.75,1.095890410958904
2025-12-10 21:00:00+00:00,2027-01-15 00:00:00+00:00,SMH,SMH270115C00315000,call,True,315.0,72.85,76.75,68.0,369.0,0.28249313705444334,0.03529957336092666,0.002902439024390244,1.0,19,2025-10-14 19:23:07+00:00,1369.6147222222223,74.8,1.095890410958904
2025-12-10 21:00:00+00:00,2027-01-15 00:00:00+00:00,SMH,SMH270115C00320000,call,True,320.0,89.0,93.0,88.3,369.0,0.43280596496582036,0.03529957336092666,0.002902439024390244,3.0,89,2025-12-10 16:38:37+00:00,4.356388888888889,91.0,1.095890410958904
2025-12-10 21:00:00+00:00,2027-01-15 00:00:00+00:00,SMH,SMH270115C00325000,call,True,325.0,85.5,90.0,64.95,369.0,0.430593462677002,0.03529957336092666,0.002902439024390244,1.0,79,2025-11-24 18:26:09+00:00,386.56416666666667,87.75,1.095890410958904
2025-12-10 21:00:00+00:00,2027-01-15 00:00:00+00:00,SMH,SMH270115C00330000,call,True,330.0,82.5,87.0,85.86,369.0,0.42795371856689457,0.03529957336092666,0.002902439024390244,1.0,391,2025-12-10 20:56:24+00:00,0.06,84.75,1.095890410958904
2025-12-10 21:00:00+00:00,2027-01-15 00:00:00+00:00,SMH,SMH270115C00335000,call,True,335.0,79.0,84.0,78.2,369.0,0.4249325085449219,0.03529957336092666,0.002902439024390244,1.0,20,2025-12-10 17:57:26+00:00,3.042777777777778,81.5,1.095890410958904
2025-12-10 21:00:00+00:00,2027-01-15 00:00:00+00:00,SMH,SMH270115C00340000,call,True,340.0,76.0,80.5,79.6,369.0,0.4180203462219238,0.03529957336092666,0.002902439024390244,1.0,139,2025-12-10 20:27:50+00:00,0.5361111111111111,78.25,1.095890410958904
2025-12-10 21:00:00+00:00,2027-01-15 00:00:00+00:00,SMH,SMH270115C00345000,call,True,345.0,73.0,77.95,76.46,369.0,0.417425259399414,0.03529957336092666,0.002902439024390244,45.0,156,2025-12-10 20:44:13+00:00,0.26305555555555554,75.475,1.095890410958904
2025-12-10 21:00:00+00:00,2027-01-15 00:00:00+00:00,SMH,SMH270115C00350000,call,True,350.0,70.5,75.0,73.74,369.0,0.4136563761901855,0.03529957336092666,0.002902439024390244,1.0,300,2025-12-10 20:56:24+00:00,0.06,72.75,1.095890410958904
2025-12-10 21:00:00+00:00,2027-01-15 00:00:00+00:00,SMH,SMH270115C00360000,call,True,360.0,65.0,69.5,64.78,369.0,0.40775128387451176,0.03529957336092666,0.002902439024390244,2.0,156,2025-12-09 18:57:00+00:00,26.05,67.25,1.095890410958904
2025-12-10 21:00:00+00:00,2027-01-15 00:00:00+00:00,SMH,SMH270115C00370000,call,True,370.0,59.5,64.0,57.7,369.0,0.4003813624572754,0.03529957336092666,0.002902439024390244,4.0,269,2025-12-08 20:06:18+00:00,48.895,61.75,1.095890410958904
2025-12-10 21:00:00+00:00,2027-01-15 00:00:00+00:00,SMH,SMH270115C00380000,call,False,380.0,54.5,59.0,54.06,369.0,0.3948577360534668,0.03529957336092666,0.002902439024390244,1.0,64,2025-12-08 15:16:57+00:00,53.7175,56.75,1.095890410958904
2025-12-10 21:00:00+00:00,2027-01-15 00:00:00+00:00,SMH,SMH270115C00390000,call,False,390.0,50.0,54.5,51.4,369.0,0.39108122352600094,0.03529957336092666,0.002902439024390244,3.0,50,2025-12-10 19:16:50+00:00,1.7194444444444446,52.25,1.095890410958904
2025-12-10 21:00:00+00:00,2027-01-15 00:00:00+00:00,SMH,SMH270115C00400000,call,False,400.0,45.65,50.0,45.0,369.0,0.3858398818969726,0.03529957336092666,0.002902439024390244,1.0,581,2025-12-09 15:05:39+00:00,29.905833333333334,47.825,1.095890410958904
2025-12-10 21:00:00+00:00,2027-01-15 00:00:00+00:00,SMH,SMH270115C00410000,call,False,410.0,41.5,46.0,41.2,369.0,0.38234565414428706,0.03529957336092666,0.002902439024390244,1.0,141,2025-12-09 15:47:39+00:00,29.205833333333334,43.75,1.095890410958904
2025-12-10 21:00:00+00:00,2027-01-15 00:00:00+00:00,SMH,SMH270115C00420000,call,False,420.0,37.5,42.5,36.9,369.0,0.3806214282226562,0.03529957336092666,0.002902439024390244,1.0,189,2025-12-08 20:05:36+00:00,48.906666666666666,40.0,1.095890410958904
2025-12-10 21:00:00+00:00,2027-01-15 00:00:00+00:00,SMH,SMH270115C00430000,call,False,430.0,34.0,39.0,37.18,369.0,0.37751629570007317,0.03529957336092666,0.002902439024390244,2.0,39,2025-12-10 20:27:50+00:00,0.5361111111111111,36.5,1.095890410958904
2025-12-10 21:00:00+00:00,2027-01-15 00:00:00+00:00,SMH,SMH270115C00440000,call,False,440.0,31.0,35.5,31.15,369.0,0.3730378858947754,0.03529957336092666,0.002902439024390244,3.0,33,2025-12-10 15:15:51+00:00,5.735833333333333,33.25,1.095890410958904
2025-12-10 21:00:00+00:00,2027-01-15 00:00:00+00:00,SMH,SMH270115C00450000,call,False,450.0,28.0,32.5,29.14,369.0,0.3704896936035156,0.03529957336092666,0.002902439024390244,5.0,85,2025-12-10 18:58:40+00:00,2.022222222222222,30.25,1.095890410958904
2025-12-10 21:00:00+00:00,2027-01-15 00:00:00+00:00,SMH,SMH270115C00460000,call,False,460.0,25.0,29.6,25.76,369.0,0.3672853799438477,0.03529957336092666,0.002902439024390244,2.0,36,2025-12-09 19:31:50+00:00,25.469444444444445,27.3,1.095890410958904
2025-12-10 21:00:00+00:00,2027-01-15 00:00:00+00:00,SMH,SMH270115C00470000,call,False,470.0,22.5,27.3,23.84,369.0,0.3669191726684571,0.03529957336092666,0.002902439024390244,1.0,180,2025-12-09 18:13:26+00:00,26.77611111111111,24.9,1.095890410958904
2025-12-10 21:00:00+00:00,2027-01-15 00:00:00+00:00,SMH,SMH270115C00480000,call,False,480.0,21.1,24.7,21.17,369.0,0.3632418412780762,0.03529957336092666,0.002902439024390244,1.0,207,2025-12-10 17:11:38+00:00,3.806111111111111,22.9,1.095890410958904
2025-12-10 21:00:00+00:00,2027-01-15 00:00:00+00:00,SMH,SMH270115C00490000,call,False,490.0,18.1,22.5,17.95,369.0,0.36118192535400384,0.03529957336092666,0.002902439024390244,29.0,38,2025-12-05 16:24:54+00:00,124.585,20.3,1.095890410958904
2025-12-10 21:00:00+00:00,2027-01-15 00:00:00+00:00,SMH,SMH270115C00500000,call,False,500.0,16.3,20.55,17.6,369.0,0.359808648071289,0.03529957336092666,0.002902439024390244,5.0,334,2025-12-10 18:58:40+00:00,2.022222222222222,18.425,1.095890410958904
2025-12-10 21:00:00+00:00,2027-01-15 00:00:00+00:00,SMH,SMH270115C00510000,call,False,510.0,15.05,18.8,15.73,369.0,0.3588626126098633,0.03529957336092666,0.002902439024390244,2.0,158,2025-12-10 15:51:26+00:00,5.142777777777778,16.925,1.095890410958904
2025-12-10 21:00:00+00:00,2027-01-15 00:00:00+00:00,SMH,SMH270115P00100000,put,False,100.0,0.33,1.29,0.75,369.0,0.6049844189453126,0.03529957336092666,0.002902439024390244,2.0,464,2025-12-08 14:30:06+00:00,54.498333333333335,0.81,1.095890410958904
2025-12-10 21:00:00+00:00,2027-01-15 00:00:00+00:00,SMH,SMH270115P00105000,put,False,105.0,0.01,1.57,1.1,369.0,0.5813030151367188,0.03529957336092666,0.002902439024390244,850.0,864,2025-12-01 20:58:02+00:00,216.03277777777777,0.79,1.095890410958904
2025-12-10 21:00:00+00:00,2027-01-15 00:00:00+00:00,SMH,SMH270115P00110000,put,False,110.0,0.7,2.11,1.41,369.0,0.6152382226562501,0.03529957336092666,0.002902439024390244,5.0,71,2025-10-10 17:23:37+00:00,1467.606388888889,1.4049999999999998,1.095890410958904
2025-12-10 21:00:00+00:00,2027-01-15 00:00:00+00:00,SMH,SMH270115P00115000,put,False,115.0,0.0,0.0,1.5,369.0,0.2500075,0.03529957336092666,0.002902439024390244,1.0,58,2025-07-29 14:29:18+00:00,3222.5116666666668,0.0,1.095890410958904
2025-12-10 21:00:00+00:00,2027-01-15 00:00:00+00:00,SMH,SMH270115P00120000,put,False,120.0,0.48,2.18,1.99,369.0,0.5686078295898438,0.03529957336092666,0.002902439024390244,4.0,654,2025-11-21 15:01:35+00:00,461.9736111111111,1.33,1.095890410958904
2025-12-10 21:00:00+00:00,2027-01-15 00:00:00+00:00,SMH,SMH270115P00125000,put,False,125.0,0.27,2.2,1.31,369.0,0.5426071130371095,0.03529957336092666,0.002902439024390244,1.0,325,2025-12-05 15:16:46+00:00,125.72055555555555,1.235,1.095890410958904
2025-12-10 21:00:00+00:00,2027-01-15 00:00:00+00:00,SMH,SMH270115P00130000,put,False,130.0,0.57,2.35,1.99,369.0,0.5396774548339844,0.03529957336092666,0.002902439024390244,10.0,32,2025-11-14 14:39:36+00:00,630.34,1.46,1.095890410958904
2025-12-10 21:00:00+00:00,2027-01-15 00:00:00+00:00,SMH,SMH270115P00135000,put,False,135.0,0.53,2.51,1.82,369.0,0.5255174401855469,0.03529957336092666,0.002902439024390244,2.0,124,2025-11-04 16:08:12+00:00,868.8633333333333,1.52,1.095890410958904
2025-12-10 21:00:00+00:00,2027-01-15 00:00:00+00:00,SMH,SMH270115P00140000,put,False,140.0,2.33,2.88,2.82,369.0,0.562626444091797,0.03529957336092666,0.002902439024390244,1.0,287,2025-07-31 19:09:05+00:00,3169.848611111111,2.605,1.095890410958904
2025-12-10 21:00:00+00:00,2027-01-15 00:00:00+00:00,SMH,SMH270115P00145000,put,False,145.0,0.92,2.87,1.97,369.0,0.5116625982666017,0.03529957336092666,0.002902439024390244,4.0,109,2025-12-04 18:39:52+00:00,146.33555555555554,1.895,1.095890410958904
2025-12-10 21:00:00+00:00,2027-01-15 00:00:00+00:00,SMH,SMH270115P00150000,put,False,150.0,1.33,3.35,2.23,369.0,0.5155077746582031,0.03529957336092666,0.002902439024390244,3.0,155,2025-12-08 19:43:46+00:00,49.27055555555555,2.34,1.095890410958904
2025-12-10 21:00:00+00:00,2027-01-15 00:00:00+00:00,SMH,SMH270115P00155000,put,False,155.0,2.31,2.88,2.62,369.0,0.5092822509765625,0.03529957336092666,0.002902439024390244,25.0,366,2025-10-29 13:50:31+00:00,1015.1580555555555,2.5949999999999998,1.095890410958904
2025-12-10 21:00:00+00:00,2027-01-15 00:00:00+00:00,SMH,SMH270115P00160000,put,False,160.0,2.0,6.0,3.43,369.0,0.5413253875732424,0.03529957336092666,0.002902439024390244,1.0,1115,2025-10-24 20:01:18+00:00,1128.9783333333332,4.0,1.095890410958904
2025-12-10 21:00:00+00:00,2027-01-15 00:00:00+00:00,SMH,SMH270115P00165000,put,False,165.0,5.05,5.35,7.2,369.0,0.5580488531494141,0.03529957336092666,0.002902439024390244,266.0,240,2025-06-10 16:23:39+00:00,4396.605833333333,5.199999999999999,1.095890410958904
2025-12-10 21:00:00+00:00,2027-01-15 00:00:00+00:00,SMH,SMH270115P00170000,put,False,170.0,1.84,5.45,3.5,369.0,0.5468184967041017,0.03529957336092666,0.002902439024390244,4.0,28,2025-12-02 14:50:25+00:00,198.15972222222223,3.645,1.095890410958904
2025-12-10 21:00:00+00:00,2027-01-15 00:00:00+00:00,SMH,SMH270115P00175000,put,False,175.0,2.31,5.8,3.62,369.0,0.5380295220947267,0.03529957336092666,0.002902439024390244,2.0,1683,2025-12-04 16:12:49+00:00,148.7863888888889,4.055,1.095890410958904
2025-12-10 21:00:00+00:00,2027-01-15 00:00:00+00:00,SMH,SMH270115P00180000,put,False,180.0,2.25,6.0,3.85,369.0,0.5256395092773438,0.03529957336092666,0.002902439024390244,54.0,2187,2025-12-09 19:40:00+00:00,25.333333333333332,4.125,1.095890410958904
2025-12-10 21:00:00+00:00,2027-01-15 00:00:00+00:00,SMH,SMH270115P00185000,put,False,185.0,2.51,6.15,4.25,369.0,0.5123339782714844,0.03529957336092666,0.002902439024390244,3.0,797,2025-12-04 18:30:16+00:00,146.49555555555557,4.33,1.095890410958904
2025-12-10 21:00:00+00:00,2027-01-15 00:00:00+00:00,SMH,SMH270115P00190000,put,False,190.0,4.0,6.75,4.6,369.0,0.5087329400634766,0.03529957336092666,0.002902439024390244,1.0,2059,2025-12-09 16:00:10+00:00,28.997222222222224,5.375,1.095890410958904
2025-12-10 21:00:00+00:00,2027-01-15 00:00:00+00:00,SMH,SMH270115P00193000,put,False,193.0,5.75,6.5,5.2,369.0,0.4938099935913086,0.03529957336092666,0.002902439024390244,2.0,444,2025-10-08 18:27:09+00:00,1514.5475,6.125,1.095890410958904
2025-12-10 21:00:00+00:00,2027-01-15 00:00:00+00:00,SMH,SMH270115P00194000,put,False,194.0,5.45,6.9,5.71,369.0,0.49878430908203125,0.03529957336092666,0.002902439024390244,1.0,20,2025-10-15 15:26:29+00:00,1349.558611111111,6.175000000000001,1.095890410958904
2025-12-10 21:00:00+00:00,2027-01-15 00:00:00+00:00,SMH,SMH270115P00195000,put,False,195.0,3.8,7.25,5.15,369.0,0.5025074163818359,0.03529957336092666,0.002902439024390244,1.0,857,2025-12-04 16:07:08+00:00,148.88111111111112,5.525,1.095890410958904
2025-12-10 21:00:00+00:00,2027-01-15 00:00:00+00:00,SMH,SMH270115P00196000,put,False,196.0,2.86,7.5,6.3,369.0,0.5040943145751953,0.03529957336092666,0.002902439024390244,100.0,156,2025-11-13 15:50:07+00:00,653.1647222222222,5.18,1.095890410958904
2025-12-10 21:00:00+00:00,2027-01-15 00:00:00+00:00,SMH,SMH270115P00197000,put,False,197.0,2.87,7.45,5.6,369.0,0.4998829309082031,0.03529957336092666,0.002902439024390244,1.0,73,2025-11-05 15:34:05+00:00,845.4319444444444,5.16,1.095890410958904
2025-12-10 21:00:00+00:00,2027-01-15 00:00:00+00:00,SMH,SMH270115P00198000,put,False,198.0,2.89,7.5,5.7,369.0,0.49762465270996104,0.03529957336092666,0.002902439024390244,2.0,53,2025-11-05 15:33:31+00:00,845.4413888888889,5.195,1.095890410958904
2025-12-10 21:00:00+00:00,2027-01-15 00:00:00+00:00,SMH,SMH270115P00199000,put,False,199.0,3.55,7.4,5.9,369.0,0.4924977508544922,0.03529957336092666,0.002902439024390244,3.0,20,2025-11-05 15:33:01+00:00,845.4497222222222,5.475,1.095890410958904
2025-12-10 21:00:00+00:00,2027-01-15 00:00:00+00:00,SMH,SMH270115P00200000,put,False,200.0,3.55,7.5,5.4,369.0,0.49121602539062503,0.03529957336092666,0.002902439024390244,6.0,2629,2025-12-10 18:56:55+00:00,2.051388888888889,5.525,1.095890410958904
2025-12-10 21:00:00+00:00,2027-01-15 00:00:00+00:00,SMH,SMH270115P00205000,put,False,205.0,3.5,8.0,5.9,369.0,0.4845022253417969,0.03529957336092666,0.002902439024390244,11.0,268,2025-12-05 15:42:15+00:00,125.29583333333333,5.75,1.095890410958904
2025-12-10 21:00:00+00:00,2027-01-15 00:00:00+00:00,SMH,SMH270115P00210000,put,False,210.0,4.5,8.4,6.3,369.0,0.47577428527832033,0.03529957336092666,0.002902439024390244,1.0,366,2025-12-09 20:30:46+00:00,24.487222222222222,6.45,1.095890410958904
2025-12-10 21:00:00+00:00,2027-01-15 00:00:00+00:00,SMH,SMH270115P00215000,put,False,215.0,7.65,9.25,7.94,369.0,0.4743094561767578,0.03529957336092666,0.002902439024390244,11.0,174,2025-10-01 16:39:07+00:00,1684.3480555555554,8.45,1.095890410958904
2025-12-10 21:00:00+00:00,2027-01-15 00:00:00+00:00,SMH,SMH270115P00220000,put,False,220.0,5.0,10.0,11.25,369.0,0.47046427978515626,0.03529957336092666,0.002902439024390244,2.0,111,2025-11-21 17:09:37+00:00,459.83972222222224,7.5,1.095890410958904
2025-12-10 21:00:00+00:00,2027-01-15 00:00:00+00:00,SMH,SMH270115P00225000,put,False,225.0,5.9,10.0,7.96,369.0,0.4550530569458008,0.03529957336092666,0.002902439024390244,6.0,171,2025-12-08 20:49:00+00:00,48.18333333333333,7.95,1.095890410958904
2025-12-10 21:00:00+00:00,2027-01-15 00:00:00+00:00,SMH,SMH270115P00230000,put,False,230.0,6.5,11.0,8.82,369.0,0.45429012512207034,0.03529957336092666,0.002902439024390244,1.0,208,2025-12-05 20:11:38+00:00,120.80611111111111,8.75,1.095890410958904
2025-12-10 21:00:00+00:00,2027-01-15 00:00:00+00:00,SMH,SMH270115P00235000,put,False,235.0,6.5,11.5,12.05,369.0,0.44595890960693363,0.03529957336092666,0.002902439024390244,28.0,130,2025-11-20 16:43:38+00:00,484.2727777777778,9.0,1.095890410958904
2025-12-10 21:00:00+00:00,2027-01-15 00:00:00+00:00,SMH,SMH270115P00240000,put,False,240.0,7.5,12.0,13.05,369.0,0.437505625,0.03529957336092666,0.002902439024390244,40.0,200,2025-11-25 18:13:59+00:00,362.76694444444445,9.75,1.095890410958904
2025-12-10 21:00:00+00:00,2027-01-15 00:00:00+00:00,SMH,SMH270115P00245000,put,False,245.0,9.75,11.35,10.0,369.0,0.4142209457397461,0.03529957336092666,0.002902439024390244,1.0,557,2025-12-03 16:10:18+00:00,172.82833333333335,10.55,1.095890410958904
2025-12-10 21:00:00+00:00,2027-01-15 00:00:00+00:00,SMH,SMH270115P00250000,put,False,250.0,10.5,12.4,10.88,369.0,0.41287818572998036,0.03529957336092666,0.002902439024390244,602.0,1070,2025-12-10 20:19:28+00:00,0.6755555555555556,11.45,1.095890410958904
2025-12-10 21:00:00+00:00,2027-01-15 00:00:00+00:00,SMH,SMH270115P00255000,put,False,255.0,9.5,14.3,12.36,369.0,0.4207516421508789,0.03529957336092666,0.002902439024390244,4.0,178,2025-12-08 20:49:00+00:00,48.18333333333333,11.9,1.095890410958904
2025-12-10 21:00:00+00:00,2027-01-15 00:00:00+00:00,SMH,SMH270115P00260000,put,False,260.0,12.1,15.5,13.33,369.0,0.4193173303222656,0.03529957336092666,0.002902439024390244,92.0,367,2025-12-10 14:52:58+00:00,6.117222222222222,13.8,1.095890410958904
2025-12-10 21:00:00+00:00,2027-01-15 00:00:00+00:00,SMH,SMH270115P00265000,put,False,265.0,11.5,16.05,18.4,369.0,0.41032999343872073,0.03529957336092666,0.002902439024390244,1.0,95,2025-11-24 18:25:38+00:00,386.5727777777778,13.775,1.095890410958904
2025-12-10 21:00:00+00:00,2027-01-15 00:00:00+00:00,SMH,SMH270115P00270000,put,False,270.0,12.15,17.0,15.22,369.0,0.40537093658447265,0.03529957336092666,0.002902439024390244,3.0,25,2025-12-05 14:41:11+00:00,126.31361111111111,14.575,1.095890410958904
2025-12-10 21:00:00+00:00,2027-01-15 00:00:00+00:00,SMH,SMH270115P00275000,put,False,275.0,13.55,17.5,16.25,369.0,0.3955596333312989,0.03529957336092666,0.002902439024390244,3.0,207,2025-12-05 14:41:11+00:00,126.31361111111111,15.525,1.095890410958904
2025-12-10 21:00:00+00:00,2027-01-15 00:00:00+00:00,SMH,SMH270115P00280000,put,False,280.0,15.9,18.15,16.0,369.0,0.3871368659973144,0.03529957336092666,0.002902439024390244,5.0,868,2025-12-08 15:16:41+00:00,53.721944444444446,17.025,1.095890410958904
2025-12-10 21:00:00+00:00,2027-01-15 00:00:00+00:00,SMH,SMH270115P00285000,put,False,285.0,15.5,20.5,25.96,369.0,0.39446101150512697,0.03529957336092666,0.002902439024390244,2.0,34,2025-11-25 15:00:59+00:00,365.9836111111111,18.0,1.095890410958904
2025-12-10 21:00:00+00:00,2027-01-15 00:00:00+00:00,SMH,SMH270115P00290000,put,False,290.0,16.5,21.5,19.79,369.0,0.3884643673706054,0.03529957336092666,0.002902439024390244,10.0,51,2025-12-09 19:26:57+00:00,25.550833333333333,19.0,1.095890410958904
2025-12-10 21:00:00+00:00,2027-01-15 00:00:00+00:00,SMH,SMH270115P00295000,put,False,295.0,18.0,23.0,35.0,369.0,0.38651126190185536,0.03529957336092666,0.002902439024390244,1.0,731,2025-11-21 15:34:35+00:00,461.4236111111111,20.5,1.095890410958904
2025-12-10 21:00:00+00:00,2027-01-15 00:00:00+00:00,SMH,SMH270115P00300000,put,False,300.0,19.6,22.95,22.45,369.0,0.3708864181518554,0.03529957336092666,0.002902439024390244,2.0,913,2025-12-10 15:26:43+00:00,5.554722222222222,21.275,1.095890410958904
2025-12-10 21:00:00+00:00,2027-01-15 00:00:00+00:00,SMH,SMH270115P00305000,put,False,305.0,20.55,25.5,30.75,369.0,0.37695935546875,0.03529957336092666,0.002902439024390244,1.0,406,2025-11-25 17:36:34+00:00,363.3905555555556,23.025,1.095890410958904
2025-12-10 21:00:00+00:00,2027-01-15 00:00:00+00:00,SMH,SMH270115P00310000,put,False,310.0,22.0,26.45,26.07,369.0,0.369223226776123,0.03529957336092666,0.002902439024390244,10.0,130,2025-12-04 14:30:11+00:00,150.49694444444444,24.225,1.095890410958904
2025-12-10 21:00:00+00:00,2027-01-15 00:00:00+00:00,SMH,SMH270115P00315000,put,False,315.0,23.5,27.95,26.73,369.0,0.36557641265869145,0.03529957336092666,0.002902439024390244,2.0,1,2025-12-10 15:51:26+00:00,5.142777777777778,25.725,1.095890410958904
2025-12-10 21:00:00+00:00,2027-01-15 00:00:00+00:00,SMH,SMH270115P00320000,put,False,320.0,26.35,29.3,26.68,369.0,0.36035795898437495,0.03529957336092666,0.002902439024390244,2.0,792,2025-12-10 20:08:23+00:00,0.8602777777777778,27.825000000000003,1.095890410958904
2025-12-10 21:00:00+00:00,2027-01-15 00:00:00+00:00,SMH,SMH270115P00325000,put,False,325.0,26.55,31.5,30.67,369.0,0.36113614944458,0.03529957336092666,0.002902439024390244,16.0,54,2025-12-05 17:42:29+00:00,123.29194444444444,29.025,1.095890410958904
2025-12-10 21:00:00+00:00,2027-01-15 00:00:00+00:00,SMH,SMH270115P00330000,put,False,330.0,28.5,33.0,29.9,369.0,0.3561618339538574,0.03529957336092666,0.002902439024390244,3.0,203,2025-12-10 20:38:23+00:00,0.36027777777777775,30.75,1.095890410958904
2025-12-10 21:00:00+00:00,2027-01-15 00:00:00+00:00,SMH,SMH270115P00335000,put,False,335.0,30.0,35.0,33.55,369.0,0.35442234939575185,0.03529957336092666,0.002902439024390244,3.0,61,2025-12-10 15:15:51+00:00,5.735833333333333,32.5,1.095890410958904
2025-12-10 21:00:00+00:00,2027-01-15 00:00:00+00:00,SMH,SMH270115P00340000,put,False,340.0,32.8,37.0,35.77,369.0,0.35217932983398437,0.03529957336092666,0.002902439024390244,3.0,103,2025-12-08 18:59:38+00:00,50.00611111111111,34.9,1.095890410958904
2025-12-10 21:00:00+00:00,2027-01-15 00:00:00+00:00,SMH,SMH270115P00345000,put,False,345.0,34.0,38.5,37.9,369.0,0.34599958206176756,0.03529957336092666,0.002902439024390244,38.0,43,2025-12-05 15:33:30+00:00,125.44166666666666,36.25,1.095890410958904
2025-12-10 21:00:00+00:00,2027-01-15 00:00:00+00:00,SMH,SMH270115P00350000,put,False,350.0,35.5,40.5,37.38,369.0,0.34288682022094724,0.03529957336092666,0.002902439024390244,4.0,2976,2025-12-10 20:38:23+00:00,0.36027777777777775,38.0,1.095890410958904
2025-12-10 21:00:00+00:00,2027-01-15 00:00:00+00:00,SMH,SMH270115P00360000,put,False,360.0,40.55,43.8,45.65,369.0,0.3306875403594971,0.03529957336092666,0.002902439024390244,10.0,342,2025-12-10 15:40:52+00:00,5.318888888888889,42.175,1.095890410958904
2025-12-10 21:00:00+00:00,2027-01-15 00:00:00+00:00,SMH,SMH270115P00370000,put,False,370.0,44.9,49.0,50.35,369.0,0.32934478034973136,0.03529957336092666,0.002902439024390244,11.0,155,2025-12-10 15:40:52+00:00,5.318888888888889,46.95,1.095890410958904
2025-12-10 21:00:00+00:00,2027-01-15 00:00:00+00:00,SMH,SMH270115P00380000,put,True,380.0,49.5,54.0,67.6,369.0,0.3247671894073486,0.03529957336092666,0.002902439024390244,26.0,71,2025-11-24 18:20:50+00:00,386.65277777777777,51.75,1.095890410958904
2025-12-10 21:00:00+00:00,2027-01-15 00:00:00+00:00,SMH,SMH270115P00390000,put,True,390.0,54.5,59.5,74.4,369.0,0.32155524642944333,0.03529957336092666,0.002902439024390244,9.0,9,2025-11-07 16:32:48+00:00,796.4533333333334,57.0,1.095890410958904
2025-12-10 21:00:00+00:00,2027-01-15 00:00:00+00:00,SMH,SMH270115P00400000,put,True,400.0,60.0,64.5,65.6,369.0,0.31331558273315424,0.03529957336092666,0.002902439024390244,2.0,22,2025-12-05 15:52:12+00:00,125.13,62.25,1.095890410958904
2025-12-10 21:00:00+00:00,2027-01-15 00:00:00+00:00,SMH,SMH270115P00410000,put,True,410.0,65.5,70.5,67.25,369.0,0.30963825134277345,0.03529957336092666,0.002902439024390244,1.0,3,2025-11-13 19:07:20+00:00,649.8777777777777,68.0,1.095890410958904
2025-12-10 21:00:00+00:00,2027-01-15 00:00:00+00:00,SMH,SMH270115P00420000,put,True,420.0,72.0,76.5,73.24,369.0,0.3041146249389648,0.03529957336092666,0.002902439024390244,1.0,17,2025-11-03 19:13:52+00:00,889.7688888888889,74.25,1.095890410958904
2025-12-10 21:00:00+00:00,2027-01-15 00:00:00+00:00,SMH,SMH270115P00450000,put,True,450.0,115.5,120.0,120.35,369.0,0.44669132415771484,0.03529957336092666,0.002902439024390244,,2,2025-10-22 17:22:41+00:00,1179.6219444444444,117.75,1.095890410958904
2025-12-10 21:00:00+00:00,2027-06-17 00:00:00+00:00,SMH,SMH270617C00100000,call,True,100.0,192.55,197.0,156.0,369.0,1.0000000000000003e-05,0.03529957336092666,0.002902439024390244,2.0,16,2025-06-03 15:22:22+00:00,4565.627222222222,194.775,1.515068493150685
2025-12-10 21:00:00+00:00,2027-06-17 00:00:00+00:00,SMH,SMH270617C00105000,call,True,105.0,188.15,192.5,151.95,369.0,1.0000000000000003e-05,0.03529957336092666,0.002902439024390244,2.0,59,2025-06-03 15:21:30+00:00,4565.641666666666,190.325,1.515068493150685
2025-12-10 21:00:00+00:00,2027-06-17 00:00:00+00:00,SMH,SMH270617C00110000,call,True,110.0,181.0,185.95,162.9,369.0,1.0000000000000003e-05,0.03529957336092666,0.002902439024390244,2.0,36,2025-06-16 17:14:46+00:00,4251.7538888888885,183.475,1.515068493150685
2025-12-10 21:00:00+00:00,2027-06-17 00:00:00+00:00,SMH,SMH270617C00115000,call,True,115.0,184.0,188.75,178.2,369.0,1.0000000000000003e-05,0.03529957336092666,0.002902439024390244,2.0,19,2025-07-03 15:14:06+00:00,3845.765,186.375,1.515068493150685
2025-12-10 21:00:00+00:00,2027-06-17 00:00:00+00:00,SMH,SMH270617C00120000,call,True,120.0,178.5,183.0,173.65,369.0,1.0000000000000003e-05,0.03529957336092666,0.002902439024390244,2.0,14,2025-08-06 16:29:21+00:00,3028.5108333333333,180.75,1.515068493150685
2025-12-10 21:00:00+00:00,2027-06-17 00:00:00+00:00,SMH,SMH270617C00125000,call,True,125.0,174.0,178.5,169.3,369.0,1.0000000000000003e-05,0.03529957336092666,0.002902439024390244,10.0,21,2025-08-06 16:29:28+00:00,3028.508888888889,176.25,1.515068493150685
2025-12-10 21:00:00+00:00,2027-06-17 00:00:00+00:00,SMH,SMH270617C00130000,call,True,130.0,202.5,207.5,174.9,369.0,1.0000000000000003e-05,0.03529957336092666,0.002902439024390244,2.0,28,2025-09-09 15:48:16+00:00,2213.1955555555555,205.0,1.515068493150685
2025-12-10 21:00:00+00:00,2027-06-17 00:00:00+00:00,SMH,SMH270617C00135000,call,True,135.0,0.0,0.0,179.3,369.0,1.0000000000000003e-05,0.03529957336092666,0.002902439024390244,2.0,0,2025-09-15 15:00:56+00:00,2069.9844444444443,0.0,1.515068493150685
2025-12-10 21:00:00+00:00,2027-06-17 00:00:00+00:00,SMH,SMH270617C00140000,call,True,140.0,182.5,187.5,157.5,369.0,1.0000000000000003e-05,0.03529957336092666,0.002902439024390244,2.0,47,2025-08-20 16:52:20+00:00,2692.1277777777777,185.0,1.515068493150685
2025-12-10 21:00:00+00:00,2027-06-17 00:00:00+00:00,SMH,SMH270617C00145000,call,True,145.0,182.05,192.05,156.45,369.0,1.0000000000000003e-05,0.03529957336092666,0.002902439024390244,1.0,5,2025-08-29 14:11:05+00:00,2478.8152777777777,187.05,1.515068493150685
2025-12-10 21:00:00+00:00,2027-06-17 00:00:00+00:00,SMH,SMH270617C00150000,call,True,150.0,152.5,156.5,148.65,369.0,1.0000000000000003e-05,0.03529957336092666,0.002902439024390244,4.0,11,2025-08-06 16:11:41+00:00,3028.805277777778,154.5,1.515068493150685
2025-12-10 21:00:00+00:00,2027-06-17 00:00:00+00:00,SMH,SMH270617C00155000,call,True,155.0,150.05,154.0,144.5,369.0,1.0000000000000003e-05,0.03529957336092666,0.002902439024390244,2.0,4,2025-07-23 17:26:14+00:00,3363.5627777777777,152.025,1.515068493150685
2025-12-10 21:00:00+00:00,2027-06-17 00:00:00+00:00,SMH,SMH270617C00160000,call,True,160.0,143.5,148.5,139.65,369.0,1.0000000000000003e-05,0.03529957336092666,0.002902439024390244,2.0,7,2025-08-06 16:30:03+00:00,3028.4991666666665,146.0,1.515068493150685
2025-12-10 21:00:00+00:00,2027-06-17 00:00:00+00:00,SMH,SMH270617C00165000,call,True,165.0,216.5,221.0,206.3,369.0,0.5617719604492188,0.03529957336092666,0.002902439024390244,1.0,4,2025-11-04 16:08:00+00:00,868.8666666666667,218.75,1.515068493150685
2025-12-10 21:00:00+00:00,2027-06-17 00:00:00+00:00,SMH,SMH270617C00170000,call,True,170.0,185.5,190.0,165.68,369.0,1.0000000000000003e-05,0.03529957336092666,0.002902439024390244,2.0,10,2025-09-25 15:46:44+00:00,1829.2211111111112,187.75,1.515068493150685
2025-12-10 21:00:00+00:00,2027-06-17 00:00:00+00:00,SMH,SMH270617C00175000,call,True,175.0,208.0,212.0,205.75,369.0,0.5478560839843751,0.03529957336092666,0.002902439024390244,2.0,6,2025-12-09 17:51:22+00:00,27.14388888888889,210.0,1.515068493150685
2025-12-10 21:00:00+00:00,2027-06-17 00:00:00+00:00,SMH,SMH270617C00180000,call,True,180.0,203.5,208.0,177.9,369.0,0.5424545266723634,0.03529957336092666,0.002902439024390244,1.0,6,2025-11-13 20:14:39+00:00,648.7558333333334,205.75,1.515068493150685
2025-12-10 21:00:00+00:00,2027-06-17 00:00:00+00:00,SMH,SMH270617C00185000,call,True,185.0,121.0,126.0,122.07,369.0,1.0000000000000003e-05,0.03529957336092666,0.002902439024390244,4.0,5,2025-07-31 18:16:42+00:00,3170.721666666667,123.5,1.515068493150685
2025-12-10 21:00:00+00:00,2027-06-17 00:00:00+00:00,SMH,SMH270617C00190000,call,True,190.0,117.0,122.0,121.13,369.0,1.0000000000000003e-05,0.03529957336092666,0.002902439024390244,2.0,5,2025-07-31 17:38:55+00:00,3171.351388888889,119.5,1.515068493150685
2025-12-10 21:00:00+00:00,2027-06-17 00:00:00+00:00,SMH,SMH270617C00195000,call,True,195.0,114.3,118.05,94.45,369.0,1.0000000000000003e-05,0.03529957336092666,0.002902439024390244,1.0,14,2025-06-12 18:49:52+00:00,4346.168888888889,116.175,1.515068493150685
2025-12-10 21:00:00+00:00,2027-06-17 00:00:00+00:00,SMH,SMH270617C00200000,call,True,200.0,186.5,191.0,161.39,369.0,0.5179491564941407,0.03529957336092666,0.002902439024390244,1.0,64,2025-11-13 19:30:06+00:00,649.4983333333333,188.75,1.515068493150685
2025-12-10 21:00:00+00:00,2027-06-17 00:00:00+00:00,SMH,SMH270617C00205000,call,True,205.0,151.0,155.5,163.0,369.0,1.0000000000000003e-05,0.03529957336092666,0.002902439024390244,2.0,7,2025-10-20 14:50:32+00:00,1230.1577777777777,153.25,1.515068493150685
2025-12-10 21:00:00+00:00,2027-06-17 00:00:00+00:00,SMH,SMH270617C00210000,call,True,210.0,102.0,106.5,100.5,369.0,1.0000000000000003e-05,0.03529957336092666,0.002902439024390244,1.0,7,2025-08-01 18:32:29+00:00,3146.458611111111,104.25,1.515068493150685
2025-12-10 21:00:00+00:00,2027-06-17 00:00:00+00:00,SMH,SMH270617C00215000,call,True,215.0,103.0,106.0,93.8,369.0,1.0000000000000003e-05,0.03529957336092666,0.002902439024390244,6.0,5,2025-06-30 15:05:23+00:00,3917.910277777778,104.5,1.515068493150685
2025-12-10 21:00:00+00:00,2027-06-17 00:00:00+00:00,SMH,SMH270617C00220000,call,True,220.0,145.0,149.5,148.12,369.0,1.0000000000000003e-05,0.03529957336092666,0.002902439024390244,3.0,7,2025-10-06 18:12:24+00:00,1562.7933333333333,147.25,1.515068493150685
2025-12-10 21:00:00+00:00,2027-06-17 00:00:00+00:00,SMH,SMH270617C00225000,call,True,225.0,135.5,140.0,149.65,369.0,1.0000000000000003e-05,0.03529957336092666,0.002902439024390244,2.0,12,2025-10-24 19:18:11+00:00,1129.6969444444444,137.75,1.515068493150685
2025-12-10 21:00:00+00:00,2027-06-17 00:00:00+00:00,SMH,SMH270617C00230000,call,True,230.0,162.0,166.5,117.43,369.0,0.508092077331543,0.03529957336092666,0.002902439024390244,2.0,10,2025-11-21 16:16:54+00:00,460.7183333333333,164.25,1.515068493150685
2025-12-10 21:00:00+00:00,2027-06-17 00:00:00+00:00,SMH,SMH270617C00235000,call,True,235.0,158.0,162.5,113.81,369.0,0.5020191400146485,0.03529957336092666,0.002902439024390244,2.0,6,2025-11-21 16:16:54+00:00,460.7183333333333,160.25,1.515068493150685
2025-12-10 21:00:00+00:00,2027-06-17 00:00:00+00:00,SMH,SMH270617C00240000,call,True,240.0,130.0,134.5,121.45,369.0,0.16858741577148442,0.03529957336092666,0.002902439024390244,2.0,35,2025-10-10 17:41:24+00:00,1467.31,132.25,1.515068493150685
2025-12-10 21:00:00+00:00,2027-06-17 00:00:00+00:00,SMH,SMH270617C00245000,call,True,245.0,150.0,154.5,112.7,369.0,0.48932395446777355,0.03529957336092666,0.002902439024390244,2.0,7,2025-11-21 18:32:54+00:00,458.45166666666665,152.25,1.515068493150685
2025-12-10 21:00:00+00:00,2027-06-17 00:00:00+00:00,SMH,SMH270617C00250000,call,True,250.0,146.5,151.0,145.63,369.0,0.4871114521789551,0.03529957336092666,0.002902439024390244,5.0,25,2025-11-28 16:14:28+00:00,292.75888888888886,148.75,1.515068493150685
2025-12-10 21:00:00+00:00,2027-06-17 00:00:00+00:00,SMH,SMH270617C00255000,call,True,255.0,0.0,0.0,84.13,369.0,1.0000000000000003e-05,0.03529957336092666,0.002902439024390244,3.0,0,2025-09-15 15:23:00+00:00,2069.616666666667,0.0,1.515068493150685
2025-12-10 21:00:00+00:00,2027-06-17 00:00:00+00:00,SMH,SMH270617C00260000,call,True,260.0,116.0,120.5,116.88,369.0,0.26024604507446286,0.03529957336092666,0.002902439024390244,1.0,10,2025-10-06 19:33:01+00:00,1561.4497222222221,118.25,1.515068493150685
2025-12-10 21:00:00+00:00,2027-06-17 00:00:00+00:00,SMH,SMH270617C00265000,call,True,265.0,123.5,128.0,133.0,369.0,0.3743348699951171,0.03529957336092666,0.002902439024390244,1.0,54,2025-10-30 13:31:12+00:00,991.48,125.75,1.515068493150685
2025-12-10 21:00:00+00:00,2027-06-17 00:00:00+00:00,SMH,SMH270617C00270000,call,True,270.0,131.5,136.0,128.59,369.0,0.4668632415771484,0.03529957336092666,0.002902439024390244,2.0,30,2025-12-05 15:29:22+00:00,125.51055555555556,133.75,1.515068493150685
2025-12-10 21:00:00+00:00,2027-06-17 00:00:00+00:00,SMH,SMH270617C00275000,call,True,275.0,128.0,132.5,99.0,369.0,0.46318591018676764,0.03529957336092666,0.002902439024390244,1.0,42,2025-11-24 14:48:59+00:00,390.18361111111113,130.25,1.515068493150685
2025-12-10 21:00:00+00:00,2027-06-17 00:00:00+00:00,SMH,SMH270617C00280000,call,True,280.0,124.5,129.0,113.5,369.0,0.4592339233398438,0.03529957336092666,0.002902439024390244,2.0,11,2025-11-04 17:45:26+00:00,867.2427777777777,126.75,1.515068493150685
2025-12-10 21:00:00+00:00,2027-06-17 00:00:00+00:00,SMH,SMH270617C00285000,call,True,285.0,99.5,104.0,99.6,369.0,0.289771506652832,0.03529957336092666,0.002902439024390244,2.0,17,2025-10-06 15:07:43+00:00,1565.871388888889,101.75,1.515068493150685
2025-12-10 21:00:00+00:00,2027-06-17 00:00:00+00:00,SMH,SMH270617C00290000,call,True,290.0,117.5,122.0,103.9,369.0,0.4505670178222656,0.03529957336092666,0.002902439024390244,2.0,56,2025-12-01 17:12:31+00:00,219.7913888888889,119.75,1.515068493150685
2025-12-10 21:00:00+00:00,2027-06-17 00:00:00+00:00,SMH,SMH270617C00295000,call,True,295.0,87.5,92.5,86.5,369.0,0.2540968145751954,0.03529957336092666,0.002902439024390244,1.0,6,2025-10-22 14:52:46+00:00,1182.1205555555555,90.0,1.515068493150685
2025-12-10 21:00:00+00:00,2027-06-17 00:00:00+00:00,SMH,SMH270617C00300000,call,True,300.0,111.0,115.5,109.5,369.0,0.4443872700500488,0.03529957336092666,0.002902439024390244,1.0,122,2025-12-09 18:32:07+00:00,26.46472222222222,113.25,1.515068493150685
2025-12-10 21:00:00+00:00,2027-06-17 00:00:00+00:00,SMH,SMH270617C00320000,call,True,320.0,98.0,103.0,96.53,369.0,0.43202014518737797,0.03529957336092666,0.002902439024390244,1.0,11,2025-12-08 18:56:59+00:00,50.05027777777778,100.5,1.515068493150685
2025-12-10 21:00:00+00:00,2027-06-17 00:00:00+00:00,SMH,SMH270617C00330000,call,True,330.0,92.0,97.0,64.3,369.0,0.42580225082397466,0.03529957336092666,0.002902439024390244,2.0,1,2025-11-21 17:34:21+00:00,459.4275,94.5,1.515068493150685
2025-12-10 21:00:00+00:00,2027-06-17 00:00:00+00:00,SMH,SMH270617C00335000,call,True,335.0,89.5,94.0,68.2,369.0,0.422308023071289,0.03529957336092666,0.002902439024390244,1.0,1,2025-11-24 16:36:34+00:00,388.3905555555556,91.75,1.515068493150685
2025-12-10 21:00:00+00:00,2027-06-17 00:00:00+00:00,SMH,SMH270617C00340000,call,True,340.0,86.5,91.0,63.84,369.0,0.41856202781677243,0.03529957336092666,0.002902439024390244,1.0,1,2025-11-25 18:40:31+00:00,362.32472222222225,88.75,1.515068493150685
2025-12-10 21:00:00+00:00,2027-06-17 00:00:00+00:00,SMH,SMH270617C00350000,call,True,350.0,81.0,85.5,80.2,369.0,0.4132749102783203,0.03529957336092666,0.002902439024390244,4.0,383,2025-12-09 18:43:01+00:00,26.283055555555556,83.25,1.515068493150685
2025-12-10 21:00:00+00:00,2027-06-17 00:00:00+00:00,SMH,SMH270617C00360000,call,True,360.0,75.5,80.0,71.6,369.0,0.4069578347778321,0.03529957336092666,0.002902439024390244,2.0,169,2025-12-05 20:58:04+00:00,120.03222222222222,77.75,1.515068493150685
2025-12-10 21:00:00+00:00,2027-06-17 00:00:00+00:00,SMH,SMH270617C00370000,call,True,370.0,70.5,75.0,67.7,369.0,0.40244890769958497,0.03529957336092666,0.002902439024390244,2.0,132,2025-12-05 16:27:56+00:00,124.53444444444445,72.75,1.515068493150685
2025-12-10 21:00:00+00:00,2027-06-17 00:00:00+00:00,SMH,SMH270617C00375000,call,False,375.0,68.0,72.5,68.0,369.0,0.39980153427124027,0.03529957336092666,0.002902439024390244,21.0,24,2025-12-10 17:55:01+00:00,3.0830555555555557,70.25,1.515068493150685
2025-12-10 21:00:00+00:00,2027-06-17 00:00:00+00:00,SMH,SMH270617C00380000,call,False,380.0,65.5,70.0,68.36,369.0,0.3969023933410644,0.03529957336092666,0.002902439024390244,1.0,60,2025-12-10 20:10:55+00:00,0.8180555555555555,67.75,1.515068493150685
2025-12-10 21:00:00+00:00,2027-06-17 00:00:00+00:00,SMH,SMH270617C00390000,call,False,390.0,61.0,65.5,60.0,369.0,0.3931029928588867,0.03529957336092666,0.002902439024390244,11.0,12,2025-12-10 16:11:07+00:00,4.814722222222223,63.25,1.515068493150685
2025-12-10 21:00:00+00:00,2027-06-17 00:00:00+00:00,SMH,SMH270617C00400000,call,False,400.0,56.5,61.0,54.4,369.0,0.38826600509643555,0.03529957336092666,0.002902439024390244,2.0,17,2025-12-05 16:27:56+00:00,124.53444444444445,58.75,1.515068493150685
2025-12-10 21:00:00+00:00,2027-06-17 00:00:00+00:00,SMH,SMH270617C00405000,call,False,405.0,54.5,59.0,49.4,369.0,0.3868393225860596,0.03529957336092666,0.002902439024390244,1.0,1,2025-12-02 20:33:26+00:00,192.4427777777778,56.75,1.515068493150685
2025-12-10 21:00:00+00:00,2027-06-17 00:00:00+00:00,SMH,SMH270617C00410000,call,False,410.0,52.5,57.0,41.95,369.0,0.3851532432556152,0.03529957336092666,0.002902439024390244,12.0,158,2025-11-26 16:35:19+00:00,340.4113888888889,54.75,1.515068493150685
2025-12-10 21:00:00+00:00,2027-06-17 00:00:00+00:00,SMH,SMH270617C00415000,call,False,415.0,50.5,55.0,37.34,369.0,0.3832230257415771,0.03529957336092666,0.002902439024390244,,1,2025-11-20 16:37:32+00:00,484.37444444444446,52.75,1.515068493150685
2025-12-10 21:00:00+00:00,2027-06-17 00:00:00+00:00,SMH,SMH270617C00420000,call,False,420.0,48.5,53.0,44.15,369.0,0.381041040725708,0.03529957336092666,0.002902439024390244,1.0,436,2025-12-04 16:16:04+00:00,148.73222222222222,50.75,1.515068493150685
2025-12-10 21:00:00+00:00,2027-06-17 00:00:00+00:00,SMH,SMH270617C00425000,call,False,425.0,46.5,51.0,37.3,369.0,0.3786149175262451,0.03529957336092666,0.002902439024390244,,1,2025-11-26 16:35:21+00:00,340.41083333333336,48.75,1.515068493150685
2025-12-10 21:00:00+00:00,2027-06-17 00:00:00+00:00,SMH,SMH270617C00440000,call,False,440.0,41.0,46.0,27.85,369.0,0.3753343106842041,0.03529957336092666,0.002902439024390244,,20,2025-11-24 14:53:50+00:00,390.10277777777776,43.5,1.515068493150685
2025-12-10 21:00:00+00:00,2027-06-17 00:00:00+00:00,SMH,SMH270617C00445000,call,False,445.0,39.5,44.0,36.8,369.0,0.3719392640686035,0.03529957336092666,0.002902439024390244,,1,2025-12-04 16:20:08+00:00,148.66444444444446,41.75,1.515068493150685
2025-12-10 21:00:00+00:00,2027-06-17 00:00:00+00:00,SMH,SMH270617C00450000,call,False,450.0,38.0,42.5,37.35,369.0,0.3710466338348388,0.03529957336092666,0.002902439024390244,9.0,12,2025-12-05 14:35:33+00:00,126.4075,40.25,1.515068493150685
2025-12-10 21:00:00+00:00,2027-06-17 00:00:00+00:00,SMH,SMH270617P00100000,put,False,100.0,0.31,2.0,2.06,369.0,0.5443160803222657,0.03529957336092666,0.002902439024390244,1.0,17,2025-11-20 14:30:01+00:00,486.4997222222222,1.155,1.515068493150685
2025-12-10 21:00:00+00:00,2027-06-17 00:00:00+00:00,SMH,SMH270617P00105000,put,False,105.0,0.0,4.9,1.4,369.0,0.6004678625488282,0.03529957336092666,0.002902439024390244,,9,2025-09-18 14:45:09+00:00,1998.2475,2.45,1.515068493150685
2025-12-10 21:00:00+00:00,2027-06-17 00:00:00+00:00,SMH,SMH270617P00115000,put,False,115.0,0.28,3.0,1.7,369.0,0.5194139855957032,0.03529957336092666,0.002902439024390244,1.0,6,2025-12-04 19:58:21+00:00,145.0275,1.6400000000000001,1.515068493150685
2025-12-10 21:00:00+00:00,2027-06-17 00:00:00+00:00,SMH,SMH270617P00120000,put,False,120.0,0.3,3.5,2.17,369.0,0.5153857055664062,0.03529957336092666,0.002902439024390244,2.0,185,2025-11-11 18:22:45+00:00,698.6208333333333,1.9,1.515068493150685
2025-12-10 21:00:00+00:00,2027-06-17 00:00:00+00:00,SMH,SMH270617P00130000,put,False,130.0,2.57,3.35,3.23,369.0,0.5252733020019531,0.03529957336092666,0.002902439024390244,1.0,100,2025-07-24 18:22:50+00:00,3338.6194444444445,2.96,1.515068493150685
2025-12-10 21:00:00+00:00,2027-06-17 00:00:00+00:00,SMH,SMH270617P00135000,put,False,135.0,0.0,0.0,3.4,369.0,0.12500875,0.03529957336092666,0.002902439024390244,30.0,31,2025-08-04 16:33:47+00:00,3076.4369444444446,0.0,1.515068493150685
2025-12-10 21:00:00+00:00,2027-06-17 00:00:00+00:00,SMH,SMH270617P00140000,put,False,140.0,1.2,4.0,3.48,369.0,0.5247850256347657,0.03529957336092666,0.002902439024390244,3.0,30,2025-11-14 14:41:32+00:00,630.3077777777778,2.6,1.515068493150685
2025-12-10 21:00:00+00:00,2027-06-17 00:00:00+00:00,SMH,SMH270617P00145000,put,False,145.0,0.95,10.95,3.96,369.0,0.5587202331542969,0.03529957336092666,0.002902439024390244,1.0,1,2025-08-29 14:11:05+00:00,2478.8152777777777,5.949999999999999,1.515068493150685
2025-12-10 21:00:00+00:00,2027-06-17 00:00:00+00:00,SMH,SMH270617P00150000,put,False,150.0,1.5,6.5,3.45,369.0,0.5535322967529297,0.03529957336092666,0.002902439024390244,1.0,322,2025-10-02 13:30:00+00:00,1663.5,4.0,1.515068493150685
2025-12-10 21:00:00+00:00,2027-06-17 00:00:00+00:00,SMH,SMH270617P00155000,put,False,155.0,8.55,9.2,17.55,369.0,0.5841716387939453,0.03529957336092666,0.002902439024390244,,1,2025-04-21 15:19:20+00:00,5597.677777777778,8.875,1.515068493150685
2025-12-10 21:00:00+00:00,2027-06-17 00:00:00+00:00,SMH,SMH270617P00160000,put,False,160.0,0.0,0.0,5.55,369.0,0.12500875,0.03529957336092666,0.002902439024390244,1.0,10,2025-09-02 19:57:53+00:00,2377.035277777778,0.0,1.515068493150685
2025-12-10 21:00:00+00:00,2027-06-17 00:00:00+00:00,SMH,SMH270617P00165000,put,False,165.0,2.0,6.5,4.1,369.0,0.5029651754760743,0.03529957336092666,0.002902439024390244,1.0,72,2025-11-10 16:11:59+00:00,724.8002777777778,4.25,1.515068493150685
2025-12-10 21:00:00+00:00,2027-06-17 00:00:00+00:00,SMH,SMH270617P00170000,put,False,170.0,3.5,8.5,4.79,369.0,0.5248460601806642,0.03529957336092666,0.002902439024390244,10.0,30,2025-10-06 19:30:52+00:00,1561.4855555555555,6.0,1.515068493150685
2025-12-10 21:00:00+00:00,2027-06-17 00:00:00+00:00,SMH,SMH270617P00175000,put,False,175.0,2.5,7.5,5.18,369.0,0.4907277490234375,0.03529957336092666,0.002902439024390244,4.0,49,2025-12-02 14:51:02+00:00,198.14944444444444,5.0,1.515068493150685
2025-12-10 21:00:00+00:00,2027-06-17 00:00:00+00:00,SMH,SMH270617P00180000,put,False,180.0,3.0,8.0,5.23,369.0,0.4841665353393555,0.03529957336092666,0.002902439024390244,9.0,40,2025-11-03 16:10:50+00:00,892.8194444444445,5.5,1.515068493150685
2025-12-10 21:00:00+00:00,2027-06-17 00:00:00+00:00,SMH,SMH270617P00185000,put,False,185.0,3.5,8.45,6.0,369.0,0.476567734375,0.03529957336092666,0.002902439024390244,1.0,37,2025-12-04 18:42:41+00:00,146.28861111111112,5.975,1.515068493150685
2025-12-10 21:00:00+00:00,2027-06-17 00:00:00+00:00,SMH,SMH270617P00190000,put,False,190.0,4.5,9.0,6.48,369.0,0.4704032452392578,0.03529957336092666,0.002902439024390244,1.0,5,2025-10-29 13:30:06+00:00,1015.4983333333333,6.75,1.515068493150685
2025-12-10 21:00:00+00:00,2027-06-17 00:00:00+00:00,SMH,SMH270617P00200000,put,False,200.0,5.0,9.35,7.68,369.0,0.4465082205200196,0.03529957336092666,0.002902439024390244,1.0,129,2025-12-09 17:42:03+00:00,27.299166666666668,7.175,1.515068493150685
2025-12-10 21:00:00+00:00,2027-06-17 00:00:00+00:00,SMH,SMH270617P00205000,put,False,205.0,11.2,12.3,12.7,369.0,0.4726615234375,0.03529957336092666,0.002902439024390244,17.0,21,2025-07-25 13:48:16+00:00,3319.1955555555555,11.75,1.515068493150685
2025-12-10 21:00:00+00:00,2027-06-17 00:00:00+00:00,SMH,SMH270617P00210000,put,False,210.0,0.0,0.0,13.7,369.0,0.12500875,0.03529957336092666,0.002902439024390244,7.0,20,2025-08-04 13:53:52+00:00,3079.1022222222223,0.0,1.515068493150685
2025-12-10 21:00:00+00:00,2027-06-17 00:00:00+00:00,SMH,SMH270617P00215000,put,False,215.0,6.5,11.5,10.0,369.0,0.4333705345153809,0.03529957336092666,0.002902439024390244,235.0,432,2025-11-06 20:29:56+00:00,816.5011111111111,9.0,1.515068493150685
2025-12-10 21:00:00+00:00,2027-06-17 00:00:00+00:00,SMH,SMH270617P00220000,put,False,220.0,7.5,12.0,11.3,369.0,0.4256496644592285,0.03529957336092666,0.002902439024390244,31.0,47,2025-11-06 16:02:56+00:00,820.9511111111111,9.75,1.515068493150685
2025-12-10 21:00:00+00:00,2027-06-17 00:00:00+00:00,SMH,SMH270617P00225000,put,False,225.0,8.0,13.0,10.25,369.0,0.4237118176269531,0.03529957336092666,0.002902439024390244,3.0,42,2025-11-04 14:30:08+00:00,870.4977777777777,10.5,1.515068493150685
2025-12-10 21:00:00+00:00,2027-06-17 00:00:00+00:00,SMH,SMH270617P00230000,put,False,230.0,8.5,13.5,15.22,369.0,0.41563999893188475,0.03529957336092666,0.002902439024390244,2.0,13,2025-11-25 15:46:15+00:00,365.2291666666667,11.0,1.515068493150685
2025-12-10 21:00:00+00:00,2027-06-17 00:00:00+00:00,SMH,SMH270617P00235000,put,False,235.0,9.5,14.5,13.75,369.0,0.4129239616394042,0.03529957336092666,0.002902439024390244,10.0,3,2025-11-10 16:15:56+00:00,724.7344444444444,12.0,1.515068493150685
2025-12-10 21:00:00+00:00,2027-06-17 00:00:00+00:00,SMH,SMH270617P00240000,put,False,240.0,14.5,19.5,14.0,369.0,0.4497125341796875,0.03529957336092666,0.002902439024390244,2.0,7,2025-10-24 13:55:58+00:00,1135.0672222222222,17.0,1.515068493150685
2025-12-10 21:00:00+00:00,2027-06-17 00:00:00+00:00,SMH,SMH270617P00245000,put,False,245.0,0.0,0.0,21.72,369.0,0.062509375,0.03529957336092666,0.002902439024390244,10.0,15,2025-07-28 15:55:09+00:00,3245.0808333333334,0.0,1.515068493150685
2025-12-10 21:00:00+00:00,2027-06-17 00:00:00+00:00,SMH,SMH270617P00250000,put,False,250.0,14.4,16.3,14.7,369.0,0.3906921282958984,0.03529957336092666,0.002902439024390244,20.0,428,2025-12-10 20:20:24+00:00,0.66,15.350000000000001,1.515068493150685
2025-12-10 21:00:00+00:00,2027-06-17 00:00:00+00:00,SMH,SMH270617P00255000,put,False,255.0,15.25,19.65,15.3,369.0,0.4084989570617676,0.03529957336092666,0.002902439024390244,3.0,7,2025-10-27 15:01:36+00:00,1061.9733333333334,17.45,1.515068493150685
2025-12-10 21:00:00+00:00,2027-06-17 00:00:00+00:00,SMH,SMH270617P00260000,put,False,260.0,14.0,19.0,23.11,369.0,0.38896790237426754,0.03529957336092666,0.002902439024390244,3.0,161,2025-11-25 16:54:15+00:00,364.09583333333336,16.5,1.515068493150685
2025-12-10 21:00:00+00:00,2027-06-17 00:00:00+00:00,SMH,SMH270617P00265000,put,False,265.0,16.6,20.0,19.0,369.0,0.3842682423400879,0.03529957336092666,0.002902439024390244,3.0,7,2025-11-10 15:06:30+00:00,725.8916666666667,18.3,1.515068493150685
2025-12-10 21:00:00+00:00,2027-06-17 00:00:00+00:00,SMH,SMH270617P00270000,put,False,270.0,23.5,28.2,28.25,369.0,0.4379939013671875,0.03529957336092666,0.002902439024390244,1.0,5,2025-09-09 13:49:23+00:00,2215.1769444444444,25.85,1.515068493150685
2025-12-10 21:00:00+00:00,2027-06-17 00:00:00+00:00,SMH,SMH270617P00275000,put,False,275.0,20.0,24.5,21.0,369.0,0.3942321319580079,0.03529957336092666,0.002902439024390244,3.0,2,2025-10-31 13:44:38+00:00,967.2561111111111,22.25,1.515068493150685
2025-12-10 21:00:00+00:00,2027-06-17 00:00:00+00:00,SMH,SMH270617P00280000,put,False,280.0,19.0,23.5,31.2,369.0,0.37259538543701176,0.03529957336092666,0.002902439024390244,11.0,73,2025-11-21 17:07:53+00:00,459.86861111111114,21.25,1.515068493150685
2025-12-10 21:00:00+00:00,2027-06-17 00:00:00+00:00,SMH,SMH270617P00285000,put,False,285.0,20.0,25.0,23.23,369.0,0.3706422799682617,0.03529957336092666,0.002902439024390244,9.0,16,2025-11-03 16:10:50+00:00,892.8194444444445,22.5,1.515068493150685
2025-12-10 21:00:00+00:00,2027-06-17 00:00:00+00:00,SMH,SMH270617P00290000,put,False,290.0,21.5,26.5,26.05,369.0,0.3682771913146973,0.03529957336092666,0.002902439024390244,1.0,5,2025-12-02 16:55:22+00:00,196.07722222222222,24.0,1.515068493150685
2025-12-10 21:00:00+00:00,2027-06-17 00:00:00+00:00,SMH,SMH270617P00295000,put,False,295.0,27.15,37.15,38.0,369.0,0.43046376426696775,0.03529957336092666,0.002902439024390244,,35,2025-08-27 19:58:47+00:00,2521.0202777777777,32.15,1.515068493150685
2025-12-10 21:00:00+00:00,2027-06-17 00:00:00+00:00,SMH,SMH270617P00300000,put,False,300.0,25.0,28.25,28.2,369.0,0.35361364166259757,0.03529957336092666,0.002902439024390244,1.0,393,2025-12-10 15:43:32+00:00,5.274444444444445,26.625,1.515068493150685
2025-12-10 21:00:00+00:00,2027-06-17 00:00:00+00:00,SMH,SMH270617P00305000,put,False,305.0,26.0,31.0,30.64,369.0,0.3589846817016602,0.03529957336092666,0.002902439024390244,1.0,1,2025-12-02 20:35:02+00:00,192.41611111111112,28.5,1.515068493150685
2025-12-10 21:00:00+00:00,2027-06-17 00:00:00+00:00,SMH,SMH270617P00325000,put,False,325.0,32.5,37.5,39.0,369.0,0.34534346069335936,0.03529957336092666,0.002902439024390244,5.0,5,2025-11-28 17:42:56+00:00,291.28444444444443,35.0,1.515068493150685
2025-12-10 21:00:00+00:00,2027-06-17 00:00:00+00:00,SMH,SMH270617P00330000,put,False,330.0,34.5,39.5,48.12,369.0,0.34348190704345705,0.03529957336092666,0.002902439024390244,,10,2025-11-24 17:13:34+00:00,387.7738888888889,37.0,1.515068493150685
2025-12-10 21:00:00+00:00,2027-06-17 00:00:00+00:00,SMH,SMH270617P00340000,put,False,340.0,38.0,43.0,43.1,369.0,0.33570000244140624,0.03529957336092666,0.002902439024390244,6.0,7,2025-12-03 20:44:47+00:00,168.2536111111111,40.5,1.515068493150685
2025-12-10 21:00:00+00:00,2027-06-17 00:00:00+00:00,SMH,SMH270617P00350000,put,False,350.0,42.5,47.0,56.61,369.0,0.3296270651245117,0.03529957336092666,0.002902439024390244,15.0,30,2025-11-24 18:30:44+00:00,386.48777777777775,44.75,1.515068493150685
2025-12-10 21:00:00+00:00,2027-06-17 00:00:00+00:00,SMH,SMH270617P00360000,put,False,360.0,46.5,51.5,50.5,369.0,0.3251257673645019,0.03529957336092666,0.002902439024390244,1.0,123,2025-12-08 18:30:01+00:00,50.499722222222225,49.0,1.515068493150685
2025-12-10 21:00:00+00:00,2027-06-17 00:00:00+00:00,SMH,SMH270617P00375000,put,True,375.0,53.5,58.5,58.4,369.0,0.31723705230712884,0.03529957336092666,0.002902439024390244,2.0,1,2025-12-05 18:57:07+00:00,122.04805555555555,56.0,1.515068493150685
2025-12-10 21:00:00+00:00,2027-06-17 00:00:00+00:00,SMH,SMH270617P00390000,put,True,390.0,74.5,79.0,73.0,369.0,0.38023233299255366,0.03529957336092666,0.002902439024390244,,1,2025-10-09 15:40:46+00:00,1493.3205555555555,76.75,1.515068493150685
2025-12-10 21:00:00+00:00,2027-06-17 00:00:00+00:00,SMH,SMH270617P00410000,put,True,410.0,78.5,83.5,74.43,369.0,0.3344030183410644,0.03529957336092666,0.002902439024390244,,0,2025-10-29 13:48:11+00:00,1015.1969444444444,81.0,1.515068493150685
2025-12-10 21:00:00+00:00,2027-06-17 00:00:00+00:00,SMH,SMH270617P00420000,put,True,420.0,85.0,89.5,80.45,369.0,0.3302526692199707,0.03529957336092666,0.002902439024390244,,1,2025-10-29 13:48:11+00:00,1015.1969444444444,87.25,1.515068493150685
2025-12-10 21:00:00+00:00,2027-09-17 00:00:00+00:00,SMH,SMH270917C00260000,call,True,260.0,143.0,148.0,116.34,369.0,0.47615575119018555,0.03529957336092666,0.002902439024390244,,1,2025-11-24 19:45:50+00:00,385.2361111111111,145.5,1.7671232876712328
2025-12-10 21:00:00+00:00,2027-09-17 00:00:00+00:00,SMH,SMH270917C00300000,call,True,300.0,116.0,121.0,77.5,369.0,0.4462640823364258,0.03529957336092666,0.002902439024390244,1.0,2,2025-11-21 15:53:05+00:00,461.1152777777778,118.5,1.7671232876712328
2025-12-10 21:00:00+00:00,2027-09-17 00:00:00+00:00,SMH,SMH270917C00340000,call,True,340.0,92.0,97.0,95.9,369.0,0.4210110389709473,0.03529957336092666,0.002902439024390244,1.0,2,2025-11-24 16:56:28+00:00,388.0588888888889,94.5,1.7671232876712328
2025-12-10 21:00:00+00:00,2027-09-17 00:00:00+00:00,SMH,SMH270917C00345000,call,True,345.0,89.0,94.0,71.0,369.0,0.41691409507751453,0.03529957336092666,0.002902439024390244,,1,2025-11-20 16:18:50+00:00,484.68611111111113,91.5,1.7671232876712328
2025-12-10 21:00:00+00:00,2027-09-17 00:00:00+00:00,SMH,SMH270917P00205000,put,False,205.0,7.0,12.0,12.3,369.0,0.4341334663391114,0.03529957336092666,0.002902439024390244,17.0,17,2025-11-25 15:41:22+00:00,365.31055555555554,9.5,1.7671232876712328
2025-12-10 21:00:00+00:00,2027-09-17 00:00:00+00:00,SMH,SMH270917P00210000,put,False,210.0,7.5,12.5,11.25,369.0,0.4264278549194337,0.03529957336092666,0.002902439024390244,10.0,10,2025-11-28 14:58:47+00:00,294.0202777777778,10.0,1.7671232876712328
2025-12-10 21:00:00+00:00,2027-09-17 00:00:00+00:00,SMH,SMH270917P00240000,put,False,240.0,12.5,17.5,16.5,369.0,0.3982909292602539,0.03529957336092666,0.002902439024390244,1.0,0,2025-11-26 15:45:12+00:00,341.24666666666667,15.0,1.7671232876712328
2025-12-10 21:00:00+00:00,2027-09-17 00:00:00+00:00,SMH,SMH270917P00350000,put,False,350.0,45.5,50.5,68.5,369.0,0.3241797319030761,0.03529957336092666,0.002902439024390244,1.0,1,2025-11-21 14:45:19+00:00,462.2447222222222,48.0,1.7671232876712328
2025-12-10 21:00:00+00:00,2027-12-17 00:00:00+00:00,SMH,SMH271217C00115000,call,True,115.0,0.0,0.0,191.33,369.0,1.0000000000000003e-05,0.03529957336092666,0.002902439024390244,1.0,87,2025-08-26 14:45:37+00:00,2550.239722222222,0.0,2.0164383561643837
2025-12-10 21:00:00+00:00,2027-12-17 00:00:00+00:00,SMH,SMH271217C00120000,call,True,120.0,0.0,0.0,195.5,369.0,1.0000000000000003e-05,0.03529957336092666,0.002902439024390244,2.0,0,2025-09-15 15:00:06+00:00,2069.9983333333334,0.0,2.0164383561643837
2025-12-10 21:00:00+00:00,2027-12-17 00:00:00+00:00,SMH,SMH271217C00125000,call,True,125.0,199.0,203.5,173.65,369.0,1.0000000000000003e-05,0.03529957336092666,0.002902439024390244,2.0,26,2025-08-20 16:48:51+00:00,2692.1858333333334,201.25,2.0164383561643837
2025-12-10 21:00:00+00:00,2027-12-17 00:00:00+00:00,SMH,SMH271217C00130000,call,True,130.0,194.5,199.5,169.25,369.0,1.0000000000000003e-05,0.03529957336092666,0.002902439024390244,4.0,9,2025-08-20 16:51:14+00:00,2692.146111111111,197.0,2.0164383561643837
2025-12-10 21:00:00+00:00,2027-12-17 00:00:00+00:00,SMH,SMH271217C00135000,call,True,135.0,0.0,0.0,182.65,369.0,1.0000000000000003e-05,0.03529957336092666,0.002902439024390244,2.0,0,2025-09-15 15:00:21+00:00,2069.994166666667,0.0,2.0164383561643837
2025-12-10 21:00:00+00:00,2027-12-17 00:00:00+00:00,SMH,SMH271217C00140000,call,True,140.0,242.5,247.0,237.18,369.0,0.5877116424560547,0.03529957336092666,0.002902439024390244,1.0,8,2025-12-08 19:19:51+00:00,49.66916666666667,244.75,2.0164383561643837
2025-12-10 21:00:00+00:00,2027-12-17 00:00:00+00:00,SMH,SMH271217C00145000,call,True,145.0,193.0,198.0,173.2,369.0,1.0000000000000003e-05,0.03529957336092666,0.002902439024390244,2.0,33,2025-09-11 17:58:36+00:00,2163.0233333333335,195.5,2.0164383561643837
2025-12-10 21:00:00+00:00,2027-12-17 00:00:00+00:00,SMH,SMH271217C00150000,call,True,150.0,233.5,238.5,219.75,369.0,0.5709271423339843,0.03529957336092666,0.002902439024390244,2.0,33,2025-11-10 17:16:51+00:00,723.7191666666666,236.0,2.0164383561643837
2025-12-10 21:00:00+00:00,2027-12-17 00:00:00+00:00,SMH,SMH271217C00155000,call,True,155.0,185.0,189.5,164.0,369.0,1.0000000000000003e-05,0.03529957336092666,0.002902439024390244,1.0,11,2025-09-11 13:30:00+00:00,2167.5,187.25,2.0164383561643837
2025-12-10 21:00:00+00:00,2027-12-17 00:00:00+00:00,SMH,SMH271217C00160000,call,True,160.0,148.0,152.5,142.7,369.0,1.0000000000000003e-05,0.03529957336092666,0.002902439024390244,2.0,39,2025-08-06 14:59:55+00:00,3030.001388888889,150.25,2.0164383561643837
2025-12-10 21:00:00+00:00,2027-12-17 00:00:00+00:00,SMH,SMH271217C00165000,call,True,165.0,165.0,170.0,141.75,369.0,1.0000000000000003e-05,0.03529957336092666,0.002902439024390244,2.0,6,2025-08-21 16:16:50+00:00,2668.7194444444444,167.5,2.0164383561643837
2025-12-10 21:00:00+00:00,2027-12-17 00:00:00+00:00,SMH,SMH271217C00170000,call,True,170.0,190.0,195.0,193.08,369.0,1.0000000000000003e-05,0.03529957336092666,0.002902439024390244,1.0,6,2025-10-06 13:30:24+00:00,1567.4933333333333,192.5,2.0164383561643837
2025-12-10 21:00:00+00:00,2027-12-17 00:00:00+00:00,SMH,SMH271217C00175000,call,True,175.0,186.0,191.0,188.0,369.0,1.0000000000000003e-05,0.03529957336092666,0.002902439024390244,4.0,19,2025-10-09 17:00:20+00:00,1491.9944444444445,188.5,2.0164383561643837
2025-12-10 21:00:00+00:00,2027-12-17 00:00:00+00:00,SMH,SMH271217C00180000,call,True,180.0,0.0,0.0,125.75,369.0,1.0000000000000003e-05,0.03529957336092666,0.002902439024390244,2.0,29,2025-09-02 13:30:07+00:00,2383.4980555555558,0.0,2.0164383561643837
2025-12-10 21:00:00+00:00,2027-12-17 00:00:00+00:00,SMH,SMH271217C00185000,call,True,185.0,178.0,183.0,179.35,369.0,1.0000000000000003e-05,0.03529957336092666,0.002902439024390244,8.0,40,2025-10-09 17:22:37+00:00,1491.6230555555555,180.5,2.0164383561643837
2025-12-10 21:00:00+00:00,2027-12-17 00:00:00+00:00,SMH,SMH271217C00190000,call,True,190.0,168.5,173.5,168.5,369.0,1.0000000000000003e-05,0.03529957336092666,0.002902439024390244,2.0,41,2025-10-22 15:25:52+00:00,1181.568888888889,171.0,2.0164383561643837
2025-12-10 21:00:00+00:00,2027-12-17 00:00:00+00:00,SMH,SMH271217C00195000,call,True,195.0,196.5,201.5,168.0,369.0,0.5195513133239746,0.03529957336092666,0.002902439024390244,1.0,20,2025-11-24 18:55:14+00:00,386.07944444444445,199.0,2.0164383561643837
2025-12-10 21:00:00+00:00,2027-12-17 00:00:00+00:00,SMH,SMH271217C00200000,call,True,200.0,192.5,197.5,175.59,369.0,0.5140887214660645,0.03529957336092666,0.002902439024390244,2.0,44,2025-12-01 20:13:48+00:00,216.77,195.0,2.0164383561643837
2025-12-10 21:00:00+00:00,2027-12-17 00:00:00+00:00,SMH,SMH271217C00205000,call,True,205.0,154.0,159.0,113.05,369.0,1.0000000000000003e-05,0.03529957336092666,0.002902439024390244,5.0,22,2025-09-04 19:40:25+00:00,2329.3263888888887,156.5,2.0164383561643837
2025-12-10 21:00:00+00:00,2027-12-17 00:00:00+00:00,SMH,SMH271217C00210000,call,True,210.0,159.0,164.0,159.9,369.0,1.0000000000000003e-05,0.03529957336092666,0.002902439024390244,10.0,45,2025-10-09 17:00:14+00:00,1491.996111111111,161.5,2.0164383561643837
2025-12-10 21:00:00+00:00,2027-12-17 00:00:00+00:00,SMH,SMH271217C00215000,call,True,215.0,167.0,172.0,170.5,369.0,0.39052428329467775,0.03529957336092666,0.002902439024390244,1.0,82,2025-10-28 17:20:00+00:00,1035.6666666666667,169.5,2.0164383561643837
2025-12-10 21:00:00+00:00,2027-12-17 00:00:00+00:00,SMH,SMH271217C00220000,call,True,220.0,176.5,181.5,162.4,369.0,0.512272943725586,0.03529957336092666,0.002902439024390244,1.0,57,2025-11-05 14:32:06+00:00,846.465,179.0,2.0164383561643837
2025-12-10 21:00:00+00:00,2027-12-17 00:00:00+00:00,SMH,SMH271217C00225000,call,True,225.0,173.0,178.0,157.03,369.0,0.5096331996154786,0.03529957336092666,0.002902439024390244,1.0,202,2025-11-11 14:55:40+00:00,702.0722222222222,175.5,2.0164383561643837
2025-12-10 21:00:00+00:00,2027-12-17 00:00:00+00:00,SMH,SMH271217C00230000,call,True,230.0,169.0,174.0,153.2,369.0,0.5026600027465821,0.03529957336092666,0.002902439024390244,7.0,44,2025-11-11 14:53:55+00:00,702.1013888888889,171.5,2.0164383561643837
2025-12-10 21:00:00+00:00,2027-12-17 00:00:00+00:00,SMH,SMH271217C00235000,call,True,235.0,165.5,170.5,164.25,369.0,0.49956249954223636,0.03529957336092666,0.002902439024390244,1.0,28,2025-12-09 20:56:12+00:00,24.063333333333333,168.0,2.0164383561643837
2025-12-10 21:00:00+00:00,2027-12-17 00:00:00+00:00,SMH,SMH271217C00240000,call,True,240.0,161.5,166.5,146.6,369.0,0.49239094039917003,0.03529957336092666,0.002902439024390244,15.0,147,2025-11-11 14:50:11+00:00,702.1636111111111,164.0,2.0164383561643837
2025-12-10 21:00:00+00:00,2027-12-17 00:00:00+00:00,SMH,SMH271217C00245000,call,True,245.0,134.0,139.0,129.77,369.0,0.2910684907531737,0.03529957336092666,0.002902439024390244,1.0,76,2025-10-13 18:01:22+00:00,1394.9772222222223,136.5,2.0164383561643837
2025-12-10 21:00:00+00:00,2027-12-17 00:00:00+00:00,SMH,SMH271217C00250000,call,True,250.0,154.5,159.5,149.0,369.0,0.48517360534667964,0.03529957336092666,0.002902439024390244,2.0,200,2025-12-05 14:48:44+00:00,126.18777777777778,157.0,2.0164383561643837
2025-12-10 21:00:00+00:00,2027-12-17 00:00:00+00:00,SMH,SMH271217C00255000,call,True,255.0,151.0,155.5,120.18,369.0,0.47771213211059577,0.03529957336092666,0.002902439024390244,2.0,57,2025-11-24 15:25:03+00:00,389.5825,153.25,2.0164383561643837
2025-12-10 21:00:00+00:00,2027-12-17 00:00:00+00:00,SMH,SMH271217C00260000,call,True,260.0,147.0,152.0,120.23,369.0,0.47366859344482426,0.03529957336092666,0.002902439024390244,1.0,83,2025-11-24 16:51:05+00:00,388.1486111111111,149.5,2.0164383561643837
2025-12-10 21:00:00+00:00,2027-12-17 00:00:00+00:00,SMH,SMH271217C00265000,call,True,265.0,143.5,148.5,110.3,369.0,0.4694419511413575,0.03529957336092666,0.002902439024390244,2.0,48,2025-11-21 19:15:11+00:00,457.74694444444447,146.0,2.0164383561643837
2025-12-10 21:00:00+00:00,2027-12-17 00:00:00+00:00,SMH,SMH271217C00270000,call,True,270.0,140.5,145.5,140.17,369.0,0.4683585879516602,0.03529957336092666,0.002902439024390244,3.0,75,2025-11-21 14:45:02+00:00,462.24944444444446,143.0,2.0164383561643837
2025-12-10 21:00:00+00:00,2027-12-17 00:00:00+00:00,SMH,SMH271217C00275000,call,True,275.0,137.0,142.0,98.04,369.0,0.4637199624633789,0.03529957336092666,0.002902439024390244,1.0,257,2025-11-21 14:47:31+00:00,462.2080555555556,139.5,2.0164383561643837
2025-12-10 21:00:00+00:00,2027-12-17 00:00:00+00:00,SMH,SMH271217C00280000,call,True,280.0,133.5,138.5,120.4,369.0,0.45894400924682627,0.03529957336092666,0.002902439024390244,1.0,61,2025-12-01 18:20:02+00:00,218.66611111111112,136.0,2.0164383561643837
2025-12-10 21:00:00+00:00,2027-12-17 00:00:00+00:00,SMH,SMH271217C00285000,call,True,285.0,130.5,135.5,105.11,369.0,0.45712060218811046,0.03529957336092666,0.002902439024390244,2.0,35,2025-11-25 20:40:03+00:00,360.3325,133.0,2.0164383561643837
2025-12-10 21:00:00+00:00,2027-12-17 00:00:00+00:00,SMH,SMH271217C00290000,call,True,290.0,127.0,132.0,130.0,369.0,0.4520013296508789,0.03529957336092666,0.002902439024390244,21.0,642,2025-12-10 15:10:02+00:00,5.832777777777777,129.5,2.0164383561643837
2025-12-10 21:00:00+00:00,2027-12-17 00:00:00+00:00,SMH,SMH271217C00295000,call,True,295.0,124.0,129.0,92.02,369.0,0.4497430514526367,0.03529957336092666,0.002902439024390244,2.0,99,2025-11-21 20:17:08+00:00,456.71444444444444,126.5,2.0164383561643837
2025-12-10 21:00:00+00:00,2027-12-17 00:00:00+00:00,SMH,SMH271217C00300000,call,True,300.0,120.5,125.5,117.6,369.0,0.44431097686767573,0.03529957336092666,0.002902439024390244,1.0,72,2025-12-09 14:32:23+00:00,30.460277777777776,123.0,2.0164383561643837
2025-12-10 21:00:00+00:00,2027-12-17 00:00:00+00:00,SMH,SMH271217C00305000,call,True,305.0,117.5,122.5,112.64,369.0,0.44165597412109375,0.03529957336092666,0.002902439024390244,1.0,41,2025-12-05 20:59:46+00:00,120.0038888888889,120.0,2.0164383561643837
2025-12-10 21:00:00+00:00,2027-12-17 00:00:00+00:00,SMH,SMH271217C00310000,call,True,310.0,88.5,93.5,86.5,369.0,0.2896112909698486,0.03529957336092666,0.002902439024390244,1.0,15,2025-10-22 15:40:24+00:00,1181.3266666666666,91.0,2.0164383561643837
2025-12-10 21:00:00+00:00,2027-12-17 00:00:00+00:00,SMH,SMH271217C00315000,call,True,315.0,111.5,116.5,85.01,369.0,0.4357356231689453,0.03529957336092666,0.002902439024390244,1.0,56,2025-11-25 16:35:01+00:00,364.4163888888889,114.0,2.0164383561643837
2025-12-10 21:00:00+00:00,2027-12-17 00:00:00+00:00,SMH,SMH271217C00320000,call,True,320.0,108.5,113.5,76.73,369.0,0.43247790428161614,0.03529957336092666,0.002902439024390244,1.0,22,2025-11-21 20:57:05+00:00,456.0486111111111,111.0,2.0164383561643837
2025-12-10 21:00:00+00:00,2027-12-17 00:00:00+00:00,SMH,SMH271217C00325000,call,True,325.0,105.5,110.5,105.0,369.0,0.4290370817565918,0.03529957336092666,0.002902439024390244,3.0,21,2025-12-08 17:59:02+00:00,51.01611111111111,108.0,2.0164383561643837
2025-12-10 21:00:00+00:00,2027-12-17 00:00:00+00:00,SMH,SMH271217C00330000,call,True,330.0,103.0,108.0,97.3,369.0,0.42810630493164065,0.03529957336092666,0.002902439024390244,1.0,43,2025-12-03 18:51:39+00:00,170.13916666666665,105.5,2.0164383561643837
2025-12-10 21:00:00+00:00,2027-12-17 00:00:00+00:00,SMH,SMH271217C00335000,call,True,335.0,100.0,105.0,72.75,369.0,0.4242916458129883,0.03529957336092666,0.002902439024390244,2.0,241,2025-11-25 15:13:21+00:00,365.7775,102.5,2.0164383561643837
2025-12-10 21:00:00+00:00,2027-12-17 00:00:00+00:00,SMH,SMH271217C00340000,call,True,340.0,97.5,102.5,70.74,369.0,0.42293362716674804,0.03529957336092666,0.002902439024390244,1.0,396,2025-11-25 15:13:21+00:00,365.7775,100.0,2.0164383561643837
2025-12-10 21:00:00+00:00,2027-12-17 00:00:00+00:00,SMH,SMH271217C00345000,call,True,345.0,94.5,99.5,92.55,369.0,0.418752760772705,0.03529957336092666,0.002902439024390244,1.0,239,2025-12-05 15:40:12+00:00,125.33,97.0,2.0164383561643837
2025-12-10 21:00:00+00:00,2027-12-17 00:00:00+00:00,SMH,SMH271217C00350000,call,True,350.0,92.0,96.0,78.57,369.0,0.4118711157226562,0.03529957336092666,0.002902439024390244,1.0,46,2025-11-28 15:02:35+00:00,293.95694444444445,94.0,2.0164383561643837
2025-12-10 21:00:00+00:00,2027-12-17 00:00:00+00:00,SMH,SMH271217C00355000,call,True,355.0,89.5,94.5,74.96,369.0,0.41501439483642577,0.03529957336092666,0.002902439024390244,,1,2025-11-26 17:56:42+00:00,339.055,92.0,2.0164383561643837
2025-12-10 21:00:00+00:00,2027-12-17 00:00:00+00:00,SMH,SMH271217C00360000,call,True,360.0,87.0,92.0,81.54,369.0,0.4128476684570312,0.03529957336092666,0.002902439024390244,3.0,313,2025-12-04 15:58:51+00:00,149.01916666666668,89.5,2.0164383561643837
2025-12-10 21:00:00+00:00,2027-12-17 00:00:00+00:00,SMH,SMH271217C00365000,call,True,365.0,84.5,89.5,79.23,369.0,0.4104902091217041,0.03529957336092666,0.002902439024390244,3.0,3,2025-12-04 15:58:51+00:00,149.01916666666668,87.0,2.0164383561643837
2025-12-10 21:00:00+00:00,2027-12-17 00:00:00+00:00,SMH,SMH271217C00370000,call,True,370.0,82.0,87.0,70.41,369.0,0.4079420168304443,0.03529957336092666,0.002902439024390244,3.0,8,2025-12-01 16:31:51+00:00,220.46916666666667,84.5,2.0164383561643837
2025-12-10 21:00:00+00:00,2027-12-17 00:00:00+00:00,SMH,SMH271217C00375000,call,False,375.0,79.5,84.5,61.1,369.0,0.40521072090148924,0.03529957336092666,0.002902439024390244,3.0,0,2025-11-24 20:21:57+00:00,384.63416666666666,82.0,2.0164383561643837
2025-12-10 21:00:00+00:00,2027-12-17 00:00:00+00:00,SMH,SMH271217C00380000,call,False,380.0,77.0,82.0,46.85,369.0,0.40230395065307617,0.03529957336092666,0.002902439024390244,3.0,14,2025-11-21 15:44:35+00:00,461.25694444444446,79.5,2.0164383561643837
2025-12-10 21:00:00+00:00,2027-12-17 00:00:00+00:00,SMH,SMH271217C00390000,call,False,390.0,72.5,77.5,49.15,369.0,0.3983748517608643,0.03529957336092666,0.002902439024390244,3.0,13,2025-11-20 20:54:09+00:00,480.0975,75.0,2.0164383561643837
2025-12-10 21:00:00+00:00,2027-12-17 00:00:00+00:00,SMH,SMH271217C00400000,call,False,400.0,68.5,73.5,66.0,369.0,0.39610131492614753,0.03529957336092666,0.002902439024390244,2.0,504,2025-12-05 14:34:02+00:00,126.43277777777777,71.0,2.0164383561643837
2025-12-10 21:00:00+00:00,2027-12-17 00:00:00+00:00,SMH,SMH271217C00410000,call,False,410.0,64.5,69.0,59.5,369.0,0.390707386932373,0.03529957336092666,0.002902439024390244,1.0,14,2025-12-04 16:23:37+00:00,148.6063888888889,66.75,2.0164383561643837
2025-12-10 21:00:00+00:00,2027-12-17 00:00:00+00:00,SMH,SMH271217C00420000,call,False,420.0,60.5,64.5,61.0,369.0,0.38462682029724116,0.03529957336092666,0.002902439024390244,2.0,414,2025-12-08 14:32:57+00:00,54.450833333333335,62.5,2.0164383561643837
2025-12-10 21:00:00+00:00,2027-12-17 00:00:00+00:00,SMH,SMH271217C00480000,call,False,480.0,40.5,45.5,40.42,369.0,0.371626462020874,0.03529957336092666,0.002902439024390244,1.0,49,2025-12-05 15:54:14+00:00,125.09611111111111,43.0,2.0164383561643837
2025-12-10 21:00:00+00:00,2027-12-17 00:00:00+00:00,SMH,SMH271217C00490000,call,False,490.0,38.0,42.5,37.72,369.0,0.3679872772216797,0.03529957336092666,0.002902439024390244,5.0,162,2025-12-05 15:59:39+00:00,125.00583333333333,40.25,2.0164383561643837
2025-12-10 21:00:00+00:00,2027-12-17 00:00:00+00:00,SMH,SMH271217C00500000,call,False,500.0,35.0,40.0,35.13,369.0,0.36615624084472653,0.03529957336092666,0.002902439024390244,2.0,97,2025-12-05 17:41:49+00:00,123.30305555555556,37.5,2.0164383561643837
2025-12-10 21:00:00+00:00,2027-12-17 00:00:00+00:00,SMH,SMH271217C00510000,call,False,510.0,33.0,38.0,33.29,369.0,0.3662325340270996,0.03529957336092666,0.002902439024390244,2.0,200,2025-12-05 17:41:49+00:00,123.30305555555556,35.5,2.0164383561643837
2025-12-10 21:00:00+00:00,2027-12-17 00:00:00+00:00,SMH,SMH271217P00115000,put,False,115.0,2.25,5.0,2.32,369.0,0.5264329583740235,0.03529957336092666,0.002902439024390244,1.0,647,2025-12-05 15:40:41+00:00,125.32194444444444,3.625,2.0164383561643837
2025-12-10 21:00:00+00:00,2027-12-17 00:00:00+00:00,SMH,SMH271217P00120000,put,False,120.0,0.5,5.0,3.55,369.0,0.5473983248901368,0.03529957336092666,0.002902439024390244,1.0,98,2025-11-26 15:39:48+00:00,341.33666666666664,2.75,2.0164383561643837
2025-12-10 21:00:00+00:00,2027-12-17 00:00:00+00:00,SMH,SMH271217P00125000,put,False,125.0,1.0,5.5,3.2,369.0,0.5416610775756837,0.03529957336092666,0.002902439024390244,1.0,7,2025-12-02 16:55:09+00:00,196.08083333333335,3.25,2.0164383561643837
2025-12-10 21:00:00+00:00,2027-12-17 00:00:00+00:00,SMH,SMH271217P00130000,put,False,130.0,1.0,5.5,4.05,369.0,0.5239915765380858,0.03529957336092666,0.002902439024390244,1.0,56,2025-11-07 19:27:09+00:00,793.5475,3.25,2.0164383561643837
2025-12-10 21:00:00+00:00,2027-12-17 00:00:00+00:00,SMH,SMH271217P00135000,put,False,135.0,2.0,6.5,3.88,369.0,0.5289048574829102,0.03529957336092666,0.002902439024390244,1.0,30,2025-09-30 17:46:10+00:00,1707.2305555555556,4.25,2.0164383561643837
2025-12-10 21:00:00+00:00,2027-12-17 00:00:00+00:00,SMH,SMH271217P00140000,put,False,140.0,0.0,0.0,5.05,369.0,0.12500875,0.03529957336092666,0.002902439024390244,2.0,29,2025-09-02 18:31:39+00:00,2378.4725,0.0,2.0164383561643837
2025-12-10 21:00:00+00:00,2027-12-17 00:00:00+00:00,SMH,SMH271217P00145000,put,False,145.0,2.57,6.8,4.25,369.0,0.5016224154663086,0.03529957336092666,0.002902439024390244,10.0,1627,2025-12-10 19:56:14+00:00,1.0627777777777778,4.685,2.0164383561643837
2025-12-10 21:00:00+00:00,2027-12-17 00:00:00+00:00,SMH,SMH271217P00150000,put,False,150.0,2.5,7.0,6.9,369.0,0.48956809265136725,0.03529957336092666,0.002902439024390244,1.0,17,2025-11-21 15:35:10+00:00,461.4138888888889,4.75,2.0164383561643837
2025-12-10 21:00:00+00:00,2027-12-17 00:00:00+00:00,SMH,SMH271217P00155000,put,False,155.0,3.0,7.5,5.65,369.0,0.4831594653320313,0.03529957336092666,0.002902439024390244,6.0,8,2025-11-12 20:03:38+00:00,672.9394444444445,5.25,2.0164383561643837
2025-12-10 21:00:00+00:00,2027-12-17 00:00:00+00:00,SMH,SMH271217P00160000,put,False,160.0,3.0,8.0,6.1,369.0,0.47653721710205077,0.03529957336092666,0.002902439024390244,10.0,37,2025-11-12 20:03:11+00:00,672.9469444444444,5.5,2.0164383561643837
2025-12-10 21:00:00+00:00,2027-12-17 00:00:00+00:00,SMH,SMH271217P00165000,put,False,165.0,6.8,8.45,9.14,369.0,0.4689384161376954,0.03529957336092666,0.002902439024390244,1.0,9,2025-06-26 15:38:39+00:00,4013.3558333333335,7.625,2.0164383561643837
2025-12-10 21:00:00+00:00,2027-12-17 00:00:00+00:00,SMH,SMH271217P00170000,put,False,170.0,4.7,9.5,6.79,369.0,0.47031169342041024,0.03529957336092666,0.002902439024390244,1.0,15,2025-10-27 19:37:24+00:00,1057.3766666666668,7.1,2.0164383561643837
2025-12-10 21:00:00+00:00,2027-12-17 00:00:00+00:00,SMH,SMH271217P00175000,put,False,175.0,4.5,9.5,6.2,369.0,0.4557854714965821,0.03529957336092666,0.002902439024390244,35.0,132,2025-11-04 14:30:08+00:00,870.4977777777777,7.0,2.0164383561643837
2025-12-10 21:00:00+00:00,2027-12-17 00:00:00+00:00,SMH,SMH271217P00180000,put,False,180.0,5.5,10.5,7.64,369.0,0.45551081604003907,0.03529957336092666,0.002902439024390244,10.0,2714,2025-10-31 16:52:22+00:00,964.1272222222223,8.0,2.0164383561643837
2025-12-10 21:00:00+00:00,2027-12-17 00:00:00+00:00,SMH,SMH271217P00185000,put,False,185.0,10.0,11.25,10.96,369.0,0.4512689151000977,0.03529957336092666,0.002902439024390244,2.0,257,2025-07-24 14:55:42+00:00,3342.0716666666667,10.625,2.0164383561643837
2025-12-10 21:00:00+00:00,2027-12-17 00:00:00+00:00,SMH,SMH271217P00190000,put,False,190.0,6.0,11.0,10.27,369.0,0.43420975952148444,0.03529957336092666,0.002902439024390244,5.0,21,2025-11-13 14:54:02+00:00,654.0994444444444,8.5,2.0164383561643837
2025-12-10 21:00:00+00:00,2027-12-17 00:00:00+00:00,SMH,SMH271217P00195000,put,False,195.0,7.0,12.0,9.65,369.0,0.43294329269409176,0.03529957336092666,0.002902439024390244,2.0,11,2025-12-09 15:00:33+00:00,29.990833333333335,9.5,2.0164383561643837
2025-12-10 21:00:00+00:00,2027-12-17 00:00:00+00:00,SMH,SMH271217P00200000,put,False,200.0,7.5,12.5,12.8,369.0,0.425359750366211,0.03529957336092666,0.002902439024390244,3.0,190,2025-11-24 20:51:04+00:00,384.1488888888889,10.0,2.0164383561643837
2025-12-10 21:00:00+00:00,2027-12-17 00:00:00+00:00,SMH,SMH271217P00205000,put,False,205.0,8.0,13.0,11.35,369.0,0.4177609494018554,0.03529957336092666,0.002902439024390244,16.0,29,2025-11-11 20:23:31+00:00,696.6080555555556,10.5,2.0164383561643837
2025-12-10 21:00:00+00:00,2027-12-17 00:00:00+00:00,SMH,SMH271217P00210000,put,False,210.0,9.0,14.0,12.05,369.0,0.41547215393066406,0.03529957336092666,0.002902439024390244,1.0,268,2025-11-04 20:26:11+00:00,864.5636111111111,11.5,2.0164383561643837
2025-12-10 21:00:00+00:00,2027-12-17 00:00:00+00:00,SMH,SMH271217P00215000,put,False,215.0,12.5,17.5,13.37,369.0,0.4375208836364746,0.03529957336092666,0.002902439024390244,15.0,26,2025-10-13 16:01:24+00:00,1396.9766666666667,15.0,2.0164383561643837
2025-12-10 21:00:00+00:00,2027-12-17 00:00:00+00:00,SMH,SMH271217P00220000,put,False,220.0,10.5,15.5,14.89,369.0,0.40476059112548823,0.03529957336092666,0.002902439024390244,12.0,49,2025-11-26 20:56:10+00:00,336.06388888888887,13.0,2.0164383561643837
2025-12-10 21:00:00+00:00,2027-12-17 00:00:00+00:00,SMH,SMH271217P00225000,put,False,225.0,11.5,16.5,14.75,369.0,0.4015257601928711,0.03529957336092666,0.002902439024390244,4.0,72,2025-12-02 17:59:19+00:00,195.0113888888889,14.0,2.0164383561643837
2025-12-10 21:00:00+00:00,2027-12-17 00:00:00+00:00,SMH,SMH271217P00230000,put,False,230.0,12.5,17.0,15.45,369.0,0.3934234242248535,0.03529957336092666,0.002902439024390244,40.0,146,2025-12-03 15:00:04+00:00,173.9988888888889,14.75,2.0164383561643837
2025-12-10 21:00:00+00:00,2027-12-17 00:00:00+00:00,SMH,SMH271217P00235000,put,False,235.0,13.5,18.0,15.7,369.0,0.3897460928344727,0.03529957336092666,0.002902439024390244,5.0,53,2025-12-10 20:12:47+00:00,0.7869444444444444,15.75,2.0164383561643837
2025-12-10 21:00:00+00:00,2027-12-17 00:00:00+00:00,SMH,SMH271217P00240000,put,False,240.0,14.5,19.0,17.25,369.0,0.38579410598754876,0.03529957336092666,0.002902439024390244,1.0,126,2025-12-05 16:41:21+00:00,124.31083333333333,16.75,2.0164383561643837
2025-12-10 21:00:00+00:00,2027-12-17 00:00:00+00:00,SMH,SMH271217P00245000,put,False,245.0,15.5,20.0,18.27,369.0,0.3815979809570312,0.03529957336092666,0.002902439024390244,11.0,86,2025-12-09 20:51:28+00:00,24.142222222222223,17.75,2.0164383561643837
2025-12-10 21:00:00+00:00,2027-12-17 00:00:00+00:00,SMH,SMH271217P00250000,put,False,250.0,18.5,21.0,19.5,369.0,0.3771729763793945,0.03529957336092666,0.002902439024390244,7.0,47,2025-12-05 15:24:45+00:00,125.5875,19.75,2.0164383561643837
2025-12-10 21:00:00+00:00,2027-12-17 00:00:00+00:00,SMH,SMH271217P00255000,put,False,255.0,17.5,22.5,30.45,369.0,0.37637952728271484,0.03529957336092666,0.002902439024390244,1.0,10,2025-11-21 15:35:47+00:00,461.4036111111111,20.0,2.0164383561643837
2025-12-10 21:00:00+00:00,2027-12-17 00:00:00+00:00,SMH,SMH271217P00260000,put,False,260.0,18.95,23.5,21.22,369.0,0.371450987701416,0.03529957336092666,0.002902439024390244,38.0,284,2025-12-10 21:12:10+00:00,0.0,21.225,2.0164383561643837
2025-12-10 21:00:00+00:00,2027-12-17 00:00:00+00:00,SMH,SMH271217P00265000,put,False,265.0,19.5,24.5,23.1,369.0,0.3663393444824219,0.03529957336092666,0.002902439024390244,1.0,116,2025-12-09 20:57:29+00:00,24.041944444444443,22.0,2.0164383561643837
2025-12-10 21:00:00+00:00,2027-12-17 00:00:00+00:00,SMH,SMH271217P00270000,put,False,270.0,21.45,26.0,23.72,369.0,0.3645693426513672,0.03529957336092666,0.002902439024390244,12.0,675,2025-12-10 19:55:42+00:00,1.0716666666666668,23.725,2.0164383561643837
2025-12-10 21:00:00+00:00,2027-12-17 00:00:00+00:00,SMH,SMH271217P00275000,put,False,275.0,22.0,27.0,26.7,369.0,0.35906097488403316,0.03529957336092666,0.002902439024390244,4.0,53,2025-12-04 17:04:47+00:00,147.92027777777778,24.5,2.0164383561643837
2025-12-10 21:00:00+00:00,2027-12-17 00:00:00+00:00,SMH,SMH271217P00280000,put,False,280.0,23.5,28.5,38.8,369.0,0.3567264035034179,0.03529957336092666,0.002902439024390244,3.0,99,2025-11-21 16:20:22+00:00,460.66055555555556,26.0,2.0164383561643837
2025-12-10 21:00:00+00:00,2027-12-17 00:00:00+00:00,SMH,SMH271217P00285000,put,False,285.0,25.0,30.0,29.0,369.0,0.35408665939331047,0.03529957336092666,0.002902439024390244,2.0,537,2025-12-05 15:40:23+00:00,125.32694444444445,27.5,2.0164383561643837
2025-12-10 21:00:00+00:00,2027-12-17 00:00:00+00:00,SMH,SMH271217P00290000,put,False,290.0,26.5,31.5,31.2,369.0,0.3511722598266601,0.03529957336092666,0.002902439024390244,1.0,159,2025-12-04 14:50:16+00:00,150.16222222222223,29.0,2.0164383561643837
2025-12-10 21:00:00+00:00,2027-12-17 00:00:00+00:00,SMH,SMH271217P00295000,put,False,295.0,28.0,33.0,32.03,369.0,0.34799083412170406,0.03529957336092666,0.002902439024390244,5.0,466,2025-12-05 16:13:13+00:00,124.77972222222222,30.5,2.0164383561643837
2025-12-10 21:00:00+00:00,2027-12-17 00:00:00+00:00,SMH,SMH271217P00300000,put,False,300.0,29.5,34.5,32.9,369.0,0.3445576409149169,0.03529957336092666,0.002902439024390244,5.0,156,2025-12-10 17:02:35+00:00,3.9569444444444444,32.0,2.0164383561643837
2025-12-10 21:00:00+00:00,2027-12-17 00:00:00+00:00,SMH,SMH271217P00305000,put,False,305.0,31.0,36.0,43.02,369.0,0.34088793884277346,0.03529957336092666,0.002902439024390244,15.0,32,2025-11-25 19:49:20+00:00,361.1777777777778,33.5,2.0164383561643837
2025-12-10 21:00:00+00:00,2027-12-17 00:00:00+00:00,SMH,SMH271217P00310000,put,False,310.0,33.0,38.0,36.1,369.0,0.33987323951721193,0.03529957336092666,0.002902439024390244,1.0,50,2025-12-08 14:45:10+00:00,54.24722222222222,35.5,2.0164383561643837
2025-12-10 21:00:00+00:00,2027-12-17 00:00:00+00:00,SMH,SMH271217P00315000,put,False,315.0,42.0,47.0,43.95,369.0,0.3778596150207519,0.03529957336092666,0.002902439024390244,1.0,32,2025-09-22 17:02:57+00:00,1899.9508333333333,44.5,2.0164383561643837
2025-12-10 21:00:00+00:00,2027-12-17 00:00:00+00:00,SMH,SMH271217P00320000,put,False,320.0,36.5,41.5,39.44,369.0,0.33411310424804685,0.03529957336092666,0.002902439024390244,2.0,10,2025-12-10 17:54:43+00:00,3.0880555555555556,39.0,2.0164383561643837
2025-12-10 21:00:00+00:00,2027-12-17 00:00:00+00:00,SMH,SMH271217P00325000,put,False,325.0,38.0,43.0,40.52,369.0,0.32948973739624016,0.03529957336092666,0.002902439024390244,8.0,8,2025-12-05 20:44:22+00:00,120.26055555555556,40.5,2.0164383561643837
2025-12-10 21:00:00+00:00,2027-12-17 00:00:00+00:00,SMH,SMH271217P00330000,put,False,330.0,40.0,45.0,43.7,369.0,0.32735352828979497,0.03529957336092666,0.002902439024390244,1.0,17,2025-12-10 19:03:49+00:00,1.936388888888889,42.5,2.0164383561643837
2025-12-10 21:00:00+00:00,2027-12-17 00:00:00+00:00,SMH,SMH271217P00335000,put,False,335.0,52.5,57.0,48.17,369.0,0.37760784751892085,0.03529957336092666,0.002902439024390244,2.0,1,2025-10-20 15:46:04+00:00,1229.2322222222222,54.75,2.0164383561643837
2025-12-10 21:00:00+00:00,2027-12-17 00:00:00+00:00,SMH,SMH271217P00340000,put,False,340.0,44.0,49.0,50.7,369.0,0.32227240234374993,0.03529957336092666,0.002902439024390244,1.0,42,2025-12-02 15:16:28+00:00,197.72555555555556,46.5,2.0164383561643837
2025-12-10 21:00:00+00:00,2027-12-17 00:00:00+00:00,SMH,SMH271217P00345000,put,False,345.0,46.0,51.0,51.6,369.0,0.3193503734588622,0.03529957336092666,0.002902439024390244,5.0,2,2025-12-03 20:24:16+00:00,168.59555555555556,48.5,2.0164383561643837
2025-12-10 21:00:00+00:00,2027-12-17 00:00:00+00:00,SMH,SMH271217P00350000,put,False,350.0,48.5,53.5,63.0,369.0,0.3187018814086914,0.03529957336092666,0.002902439024390244,1.0,2,2025-11-19 19:50:45+00:00,505.15416666666664,51.0,2.0164383561643837
2025-12-10 21:00:00+00:00,2027-12-17 00:00:00+00:00,SMH,SMH271217P00360000,put,False,360.0,63.0,67.5,60.1,369.0,0.36119718399047845,0.03529957336092666,0.002902439024390244,,1,2025-10-07 14:32:18+00:00,1542.4616666666666,65.25,2.0164383561643837
2025-12-10 21:00:00+00:00,2027-12-17 00:00:00+00:00,SMH,SMH271217P00370000,put,False,370.0,57.5,62.5,61.51,369.0,0.30840993110656734,0.03529957336092666,0.002902439024390244,1.0,6,2025-12-08 15:33:21+00:00,53.44416666666667,60.0,2.0164383561643837
2025-12-10 21:00:00+00:00,2027-12-17 00:00:00+00:00,SMH,SMH271217P00380000,put,True,380.0,93.9,96.95,101.15,369.0,0.4469888675689697,0.03529957336092666,0.002902439024390244,,1,2025-07-16 18:01:00+00:00,3530.983333333333,95.42500000000001,2.0164383561643837
2025-12-10 21:00:00+00:00,2027-12-17 00:00:00+00:00,SMH,SMH271217P00400000,put,True,400.0,72.5,77.5,93.46,369.0,0.29263250099182125,0.03529957336092666,0.002902439024390244,1.0,50,2025-11-19 16:41:09+00:00,508.31416666666667,75.0,2.0164383561643837
2025-12-10 21:00:00+00:00,2027-12-17 00:00:00+00:00,SMH,SMH271217P00410000,put,True,410.0,78.5,83.5,83.62,369.0,0.29006142074584956,0.03529957336092666,0.002902439024390244,1.0,1,2025-12-05 18:04:53+00:00,122.9186111111111,81.0,2.0164383561643837
2025-12-10 21:00:00+00:00,2027-12-17 00:00:00+00:00,SMH,SMH271217P00420000,put,True,420.0,84.0,89.0,93.9,369.0,0.28409529388427723,0.03529957336092666,0.002902439024390244,1.0,2,2025-11-10 20:46:55+00:00,720.2180555555556,86.5,2.0164383561643837
2025-12-10 21:00:00+00:00,2028-01-21 00:00:00+00:00,SMH,SMH280121C00160000,call,True,160.0,225.5,230.5,229.3,369.0,0.5513960876464845,0.03529957336092666,0.002902439024390244,1.0,6,2025-12-10 20:16:34+00:00,0.7238888888888889,228.0,2.1123287671232878
2025-12-10 21:00:00+00:00,2028-01-21 00:00:00+00:00,SMH,SMH280121C00165000,call,True,165.0,221.0,226.0,190.75,369.0,0.5410659907531741,0.03529957336092666,0.002902439024390244,2.0,2,2025-11-24 17:39:56+00:00,387.33444444444444,223.5,2.1123287671232878
2025-12-10 21:00:00+00:00,2028-01-21 00:00:00+00:00,SMH,SMH280121C00170000,call,True,170.0,190.0,195.0,192.05,369.0,1.0000000000000003e-05,0.03529957336092666,0.002902439024390244,,1,2025-10-09 15:26:22+00:00,1493.5605555555555,192.5,2.1123287671232878
2025-12-10 21:00:00+00:00,2028-01-21 00:00:00+00:00,SMH,SMH280121C00175000,call,True,175.0,186.0,191.0,166.28,369.0,1.0000000000000003e-05,0.03529957336092666,0.002902439024390244,,8,2025-09-25 15:46:44+00:00,1829.2211111111112,188.5,2.1123287671232878
2025-12-10 21:00:00+00:00,2028-01-21 00:00:00+00:00,SMH,SMH280121C00180000,call,True,180.0,209.0,213.5,199.55,369.0,0.5252427847290039,0.03529957336092666,0.002902439024390244,2.0,2,2025-12-03 17:23:10+00:00,171.61388888888888,211.25,2.1123287671232878
2025-12-10 21:00:00+00:00,2028-01-21 00:00:00+00:00,SMH,SMH280121C00190000,call,True,190.0,200.5,205.5,172.45,369.0,0.5127917373657226,0.03529957336092666,0.002902439024390244,1.0,1,2025-11-07 15:55:10+00:00,797.0805555555555,203.0,2.1123287671232878
2025-12-10 21:00:00+00:00,2028-01-21 00:00:00+00:00,SMH,SMH280121C00195000,call,True,195.0,196.5,201.5,174.55,369.0,0.5076343182373046,0.03529957336092666,0.002902439024390244,10.0,0,2025-11-28 14:42:11+00:00,294.2969444444444,199.0,2.1123287671232878
2025-12-10 21:00:00+00:00,2028-01-21 00:00:00+00:00,SMH,SMH280121C00200000,call,True,200.0,192.5,197.5,190.02,369.0,0.5022937954711916,0.03529957336092666,0.002902439024390244,4.0,21,2025-12-09 15:47:43+00:00,29.204722222222223,195.0,2.1123287671232878
2025-12-10 21:00:00+00:00,2028-01-21 00:00:00+00:00,SMH,SMH280121C00205000,call,True,205.0,189.0,193.5,179.0,369.0,0.5199785551452636,0.03529957336092666,0.002902439024390244,1.0,3,2025-12-04 16:04:35+00:00,148.92361111111111,191.25,2.1123287671232878
2025-12-10 21:00:00+00:00,2028-01-21 00:00:00+00:00,SMH,SMH280121C00210000,call,True,210.0,185.0,190.0,172.0,369.0,0.5180101910400392,0.03529957336092666,0.002902439024390244,1.0,1,2025-11-10 17:27:51+00:00,723.5358333333334,187.5,2.1123287671232878
2025-12-10 21:00:00+00:00,2028-01-21 00:00:00+00:00,SMH,SMH280121C00225000,call,True,225.0,173.5,178.5,163.8,369.0,0.502003881378174,0.03529957336092666,0.002902439024390244,2.0,5,2025-12-02 20:00:11+00:00,192.99694444444444,176.0,2.1123287671232878
2025-12-10 21:00:00+00:00,2028-01-21 00:00:00+00:00,SMH,SMH280121C00230000,call,True,230.0,169.5,174.5,130.75,369.0,0.4950917190551758,0.03529957336092666,0.002902439024390244,,2,2025-11-20 20:35:55+00:00,480.4013888888889,172.0,2.1123287671232878
2025-12-10 21:00:00+00:00,2028-01-21 00:00:00+00:00,SMH,SMH280121C00240000,call,True,240.0,162.0,167.0,156.0,369.0,0.48483791534423826,0.03529957336092666,0.002902439024390244,,1,2025-12-04 14:30:07+00:00,150.49805555555557,164.5,2.1123287671232878
2025-12-10 21:00:00+00:00,2028-01-21 00:00:00+00:00,SMH,SMH280121C00245000,call,True,245.0,158.5,163.5,125.6,369.0,0.4813284289550781,0.03529957336092666,0.002902439024390244,3.0,24,2025-11-25 15:38:24+00:00,365.36,161.0,2.1123287671232878
2025-12-10 21:00:00+00:00,2028-01-21 00:00:00+00:00,SMH,SMH280121C00250000,call,True,250.0,155.0,160.0,128.0,369.0,0.4776053216552735,0.03529957336092666,0.002902439024390244,2.0,12,2025-11-24 17:39:56+00:00,387.33444444444444,157.5,2.1123287671232878
2025-12-10 21:00:00+00:00,2028-01-21 00:00:00+00:00,SMH,SMH280121C00255000,call,True,255.0,151.5,156.5,115.88,369.0,0.47366859344482426,0.03529957336092666,0.002902439024390244,1.0,3,2025-11-20 20:02:59+00:00,480.9502777777778,154.0,2.1123287671232878
2025-12-10 21:00:00+00:00,2028-01-21 00:00:00+00:00,SMH,SMH280121C00260000,call,True,260.0,148.0,153.0,138.69,369.0,0.4695640202331543,0.03529957336092666,0.002902439024390244,2.0,163,2025-12-04 16:28:27+00:00,148.52583333333334,150.5,2.1123287671232878
2025-12-10 21:00:00+00:00,2028-01-21 00:00:00+00:00,SMH,SMH280121C00265000,call,True,265.0,144.5,149.5,144.39,369.0,0.4652916020202637,0.03529957336092666,0.002902439024390244,1.0,17,2025-12-08 14:33:16+00:00,54.44555555555556,147.0,2.1123287671232878
2025-12-10 21:00:00+00:00,2028-01-21 00:00:00+00:00,SMH,SMH280121C00270000,call,True,270.0,141.0,146.0,135.93,369.0,0.46085133880615237,0.03529957336092666,0.002902439024390244,4.0,19,2025-12-05 20:47:16+00:00,120.21222222222222,143.5,2.1123287671232878
2025-12-10 21:00:00+00:00,2028-01-21 00:00:00+00:00,SMH,SMH280121C00275000,call,True,275.0,138.0,143.0,120.01,369.0,0.45941702697753906,0.03529957336092666,0.002902439024390244,1.0,3,2025-11-28 15:00:17+00:00,293.9952777777778,140.5,2.1123287671232878
2025-12-10 21:00:00+00:00,2028-01-21 00:00:00+00:00,SMH,SMH280121C00280000,call,True,280.0,134.5,139.5,123.1,369.0,0.4546105564880371,0.03529957336092666,0.002902439024390244,1.0,4,2025-12-02 17:02:29+00:00,195.9586111111111,137.0,2.1123287671232878
2025-12-10 21:00:00+00:00,2028-01-21 00:00:00+00:00,SMH,SMH280121C00285000,call,True,285.0,131.0,136.0,124.25,369.0,0.44968201690673826,0.03529957336092666,0.002902439024390244,1.0,5,2025-12-04 16:25:49+00:00,148.56972222222223,133.5,2.1123287671232878
2025-12-10 21:00:00+00:00,2028-01-21 00:00:00+00:00,SMH,SMH280121C00290000,call,True,290.0,128.0,133.0,120.6,369.0,0.4475915837097168,0.03529957336092666,0.002902439024390244,1.0,13,2025-12-04 18:30:10+00:00,146.49722222222223,130.5,2.1123287671232878
2025-12-10 21:00:00+00:00,2028-01-21 00:00:00+00:00,SMH,SMH280121C00295000,call,True,295.0,125.0,130.0,101.5,369.0,0.44527227096557614,0.03529957336092666,0.002902439024390244,1.0,1,2025-11-17 19:08:16+00:00,553.8622222222223,127.5,2.1123287671232878
2025-12-10 21:00:00+00:00,2028-01-21 00:00:00+00:00,SMH,SMH280121C00300000,call,True,300.0,121.5,126.5,109.0,369.0,0.4398707136535644,0.03529957336092666,0.002902439024390244,3.0,29,2025-12-02 16:25:08+00:00,196.5811111111111,124.0,2.1123287671232878
2025-12-10 21:00:00+00:00,2028-01-21 00:00:00+00:00,SMH,SMH280121C00305000,call,True,305.0,118.5,123.5,107.3,369.0,0.43718519363403324,0.03529957336092666,0.002902439024390244,1.0,13,2025-11-12 18:35:47+00:00,674.4036111111111,121.0,2.1123287671232878
2025-12-10 21:00:00+00:00,2028-01-21 00:00:00+00:00,SMH,SMH280121C00310000,call,True,310.0,115.5,120.5,112.48,369.0,0.43429368202209484,0.03529957336092666,0.002902439024390244,1.0,13,2025-12-08 16:08:33+00:00,52.8575,118.0,2.1123287671232878
2025-12-10 21:00:00+00:00,2028-01-21 00:00:00+00:00,SMH,SMH280121C00315000,call,True,315.0,112.5,117.5,95.68,369.0,0.431219066772461,0.03529957336092666,0.002902439024390244,1.0,53,2025-11-26 17:25:24+00:00,339.57666666666665,115.0,2.1123287671232878
2025-12-10 21:00:00+00:00,2028-01-21 00:00:00+00:00,SMH,SMH280121C00320000,call,True,320.0,109.5,114.5,78.0,369.0,0.42795371856689457,0.03529957336092666,0.002902439024390244,15.0,68,2025-11-21 18:17:47+00:00,458.7036111111111,112.0,2.1123287671232878
2025-12-10 21:00:00+00:00,2028-01-21 00:00:00+00:00,SMH,SMH280121C00325000,call,True,325.0,107.0,112.0,103.25,369.0,0.42718315742492685,0.03529957336092666,0.002902439024390244,2.0,10,2025-12-05 20:28:06+00:00,120.53166666666667,109.5,2.1123287671232878
2025-12-10 21:00:00+00:00,2028-01-21 00:00:00+00:00,SMH,SMH280121C00330000,call,True,330.0,104.0,109.0,100.0,369.0,0.42354397262573246,0.03529957336092666,0.002902439024390244,1.0,37,2025-12-05 14:30:45+00:00,126.4875,106.5,2.1123287671232878
2025-12-10 21:00:00+00:00,2028-01-21 00:00:00+00:00,SMH,SMH280121C00335000,call,True,335.0,101.0,106.0,95.15,369.0,0.41974457214355465,0.03529957336092666,0.002902439024390244,22.0,22,2025-12-04 17:49:56+00:00,147.1677777777778,103.5,2.1123287671232878
2025-12-10 21:00:00+00:00,2028-01-21 00:00:00+00:00,SMH,SMH280121C00340000,call,True,340.0,98.5,103.5,102.0,369.0,0.4183560362243652,0.03529957336092666,0.002902439024390244,6.0,76,2025-12-10 20:32:53+00:00,0.4519444444444444,101.0,2.1123287671232878
2025-12-10 21:00:00+00:00,2028-01-21 00:00:00+00:00,SMH,SMH280121C00345000,call,True,345.0,96.0,101.0,97.5,369.0,0.4167538793945312,0.03529957336092666,0.002902439024390244,1.0,19,2025-12-04 17:50:36+00:00,147.15666666666667,98.5,2.1123287671232878
2025-12-10 21:00:00+00:00,2028-01-21 00:00:00+00:00,SMH,SMH280121C00350000,call,True,350.0,93.0,98.0,93.7,369.0,0.41244331459045414,0.03529957336092666,0.002902439024390244,1.0,221,2025-12-09 20:44:28+00:00,24.25888888888889,95.5,2.1123287671232878
2025-12-10 21:00:00+00:00,2028-01-21 00:00:00+00:00,SMH,SMH280121C00355000,call,True,355.0,90.5,95.5,78.02,369.0,0.41046732116699214,0.03529957336092666,0.002902439024390244,1.0,41,2025-11-11 16:50:43+00:00,700.1547222222222,93.0,2.1123287671232878
2025-12-10 21:00:00+00:00,2028-01-21 00:00:00+00:00,SMH,SMH280121C00360000,call,True,360.0,88.0,93.0,81.5,369.0,0.4083005947875976,0.03529957336092666,0.002902439024390244,6.0,30,2025-12-04 19:20:17+00:00,145.66194444444446,90.5,2.1123287671232878
2025-12-10 21:00:00+00:00,2028-01-21 00:00:00+00:00,SMH,SMH280121C00365000,call,True,365.0,85.5,90.5,63.71,369.0,0.40595076477050784,0.03529957336092666,0.002902439024390244,1.0,17,2025-11-25 16:56:36+00:00,364.0566666666667,88.0,2.1123287671232878
2025-12-10 21:00:00+00:00,2028-01-21 00:00:00+00:00,SMH,SMH280121C00370000,call,True,370.0,83.0,88.0,68.5,369.0,0.40342546043396,0.03529957336092666,0.002902439024390244,1.0,36,2025-12-01 14:48:09+00:00,222.1975,85.5,2.1123287671232878
2025-12-10 21:00:00+00:00,2028-01-21 00:00:00+00:00,SMH,SMH280121C00375000,call,False,375.0,81.0,86.0,84.5,369.0,0.40312791702270506,0.03529957336092666,0.002902439024390244,7.0,10,2025-12-10 20:32:53+00:00,0.4519444444444444,83.5,2.1123287671232878
2025-12-10 21:00:00+00:00,2028-01-21 00:00:00+00:00,SMH,SMH280121C00380000,call,False,380.0,78.5,83.5,76.01,369.0,0.4002287760925293,0.03529957336092666,0.002902439024390244,1.0,12,2025-12-09 14:35:25+00:00,30.40972222222222,81.0,2.1123287671232878
2025-12-10 21:00:00+00:00,2028-01-21 00:00:00+00:00,SMH,SMH280121C00390000,call,False,390.0,74.0,79.0,71.56,369.0,0.3963073065185547,0.03529957336092666,0.002902439024390244,2.0,23,2025-12-05 17:06:00+00:00,123.9,76.5,2.1123287671232878
2025-12-10 21:00:00+00:00,2028-01-21 00:00:00+00:00,SMH,SMH280121C00400000,call,False,400.0,69.5,74.5,73.27,369.0,0.39169156898498536,0.03529957336092666,0.002902439024390244,2.0,150,2025-12-10 20:46:49+00:00,0.21972222222222224,72.0,2.1123287671232878
2025-12-10 21:00:00+00:00,2028-01-21 00:00:00+00:00,SMH,SMH280121C00410000,call,False,410.0,65.5,70.5,52.86,369.0,0.3887085055541992,0.03529957336092666,0.002902439024390244,3.0,37,2025-11-14 18:44:36+00:00,626.2566666666667,68.0,2.1123287671232878
2025-12-10 21:00:00+00:00,2028-01-21 00:00:00+00:00,SMH,SMH280121C00420000,call,False,420.0,61.5,66.5,53.0,369.0,0.38504643280029294,0.03529957336092666,0.002902439024390244,12.0,31,2025-11-12 15:14:01+00:00,677.7663888888889,64.0,2.1123287671232878
2025-12-10 21:00:00+00:00,2028-01-21 00:00:00+00:00,SMH,SMH280121C00480000,call,False,480.0,42.0,47.0,41.09,369.0,0.3701540036010742,0.03529957336092666,0.002902439024390244,1.0,97,2025-12-05 15:54:14+00:00,125.09611111111111,44.5,2.1123287671232878
2025-12-10 21:00:00+00:00,2028-01-21 00:00:00+00:00,SMH,SMH280121C00490000,call,False,490.0,39.5,44.5,38.52,369.0,0.36904012313842777,0.03529957336092666,0.002902439024390244,5.0,137,2025-12-05 15:59:39+00:00,125.00583333333333,42.0,2.1123287671232878
2025-12-10 21:00:00+00:00,2028-01-21 00:00:00+00:00,SMH,SMH280121C00500000,call,False,500.0,37.0,41.5,38.24,369.0,0.36496606719970703,0.03529957336092666,0.002902439024390244,1.0,231,2025-12-10 19:38:53+00:00,1.3519444444444444,39.25,2.1123287671232878
2025-12-10 21:00:00+00:00,2028-01-21 00:00:00+00:00,SMH,SMH280121C00510000,call,False,510.0,34.5,39.5,34.25,369.0,0.36512628288269044,0.03529957336092666,0.002902439024390244,14.0,477,2025-12-08 16:02:22+00:00,52.96055555555556,37.0,2.1123287671232878
2025-12-10 21:00:00+00:00,2028-01-21 00:00:00+00:00,SMH,SMH280121P00160000,put,False,160.0,3.5,8.5,6.4,369.0,0.4736991107177735,0.03529957336092666,0.002902439024390244,34.0,117,2025-11-12 16:32:39+00:00,676.4558333333333,6.0,2.1123287671232878
2025-12-10 21:00:00+00:00,2028-01-21 00:00:00+00:00,SMH,SMH280121P00165000,put,False,165.0,4.5,9.5,5.99,369.0,0.474187387084961,0.03529957336092666,0.002902439024390244,1.0,3,2025-10-27 13:56:43+00:00,1063.0547222222222,7.0,2.1123287671232878
2025-12-10 21:00:00+00:00,2028-01-21 00:00:00+00:00,SMH,SMH280121P00180000,put,False,180.0,5.5,10.5,8.6,369.0,0.44507390869140623,0.03529957336092666,0.002902439024390244,1.0,5,2025-11-28 17:16:17+00:00,291.7286111111111,8.0,2.1123287671232878
2025-12-10 21:00:00+00:00,2028-01-21 00:00:00+00:00,SMH,SMH280121P00190000,put,False,190.0,6.5,11.5,12.07,369.0,0.4304256176757813,0.03529957336092666,0.002902439024390244,1.0,15,2025-11-21 14:30:03+00:00,462.49916666666667,9.0,2.1123287671232878
2025-12-10 21:00:00+00:00,2028-01-21 00:00:00+00:00,SMH,SMH280121P00200000,put,False,200.0,8.0,13.0,10.9,369.0,0.4212246598815918,0.03529957336092666,0.002902439024390244,1.0,32,2025-12-10 16:47:43+00:00,4.204722222222222,10.5,2.1123287671232878
2025-12-10 21:00:00+00:00,2028-01-21 00:00:00+00:00,SMH,SMH280121P00205000,put,False,205.0,11.5,16.5,13.0,369.0,0.444768735961914,0.03529957336092666,0.002902439024390244,10.0,12,2025-10-17 13:30:22+00:00,1303.493888888889,14.0,2.1123287671232878
2025-12-10 21:00:00+00:00,2028-01-21 00:00:00+00:00,SMH,SMH280121P00210000,put,False,210.0,9.5,14.5,13.32,369.0,0.4111081838989258,0.03529957336092666,0.002902439024390244,5.0,90,2025-11-13 14:54:02+00:00,654.0994444444444,12.0,2.1123287671232878
2025-12-10 21:00:00+00:00,2028-01-21 00:00:00+00:00,SMH,SMH280121P00215000,put,False,215.0,13.5,18.5,14.65,369.0,0.4369105381774902,0.03529957336092666,0.002902439024390244,,80,2025-10-22 19:54:14+00:00,1177.0961111111112,16.0,2.1123287671232878
2025-12-10 21:00:00+00:00,2028-01-21 00:00:00+00:00,SMH,SMH280121P00220000,put,False,220.0,11.0,16.0,15.39,369.0,0.40027455200195317,0.03529957336092666,0.002902439024390244,12.0,30,2025-11-26 20:56:10+00:00,336.06388888888887,13.5,2.1123287671232878
2025-12-10 21:00:00+00:00,2028-01-21 00:00:00+00:00,SMH,SMH280121P00225000,put,False,225.0,12.0,17.0,14.9,369.0,0.39691765197753903,0.03529957336092666,0.002902439024390244,4.0,12,2025-12-02 17:59:19+00:00,195.0113888888889,14.5,2.1123287671232878
2025-12-10 21:00:00+00:00,2028-01-21 00:00:00+00:00,SMH,SMH280121P00230000,put,False,230.0,13.0,17.5,15.95,369.0,0.38886109191894536,0.03529957336092666,0.002902439024390244,40.0,129,2025-12-03 15:00:04+00:00,173.9988888888889,15.25,2.1123287671232878
2025-12-10 21:00:00+00:00,2028-01-21 00:00:00+00:00,SMH,SMH280121P00235000,put,False,235.0,14.0,18.5,16.87,369.0,0.3851074673461914,0.03529957336092666,0.002902439024390244,1.0,27,2025-12-08 21:02:48+00:00,47.95333333333333,16.25,2.1123287671232878
2025-12-10 21:00:00+00:00,2028-01-21 00:00:00+00:00,SMH,SMH280121P00240000,put,False,240.0,15.0,19.5,17.75,369.0,0.3810944459533691,0.03529957336092666,0.002902439024390244,1.0,25,2025-12-05 16:41:21+00:00,124.31083333333333,17.25,2.1123287671232878
2025-12-10 21:00:00+00:00,2028-01-21 00:00:00+00:00,SMH,SMH280121P00245000,put,False,245.0,16.0,20.5,18.77,369.0,0.37685254501342774,0.03529957336092666,0.002902439024390244,11.0,41,2025-12-09 20:51:28+00:00,24.142222222222223,18.25,2.1123287671232878
2025-12-10 21:00:00+00:00,2028-01-21 00:00:00+00:00,SMH,SMH280121P00250000,put,False,250.0,17.0,21.6,18.35,369.0,0.37317521362304684,0.03529957336092666,0.002902439024390244,4.0,28,2025-12-05 15:21:38+00:00,125.63944444444445,19.3,2.1123287671232878
2025-12-10 21:00:00+00:00,2028-01-21 00:00:00+00:00,SMH,SMH280121P00255000,put,False,255.0,18.0,23.0,26.25,369.0,0.37149676361083983,0.03529957336092666,0.002902439024390244,1.0,12,2025-11-24 18:18:23+00:00,386.6936111111111,20.5,2.1123287671232878
2025-12-10 21:00:00+00:00,2028-01-21 00:00:00+00:00,SMH,SMH280121P00260000,put,False,260.0,19.5,24.05,21.77,369.0,0.3669191726684571,0.03529957336092666,0.002902439024390244,14.0,340,2025-12-10 21:12:10+00:00,0.0,21.775,2.1123287671232878
2025-12-10 21:00:00+00:00,2028-01-21 00:00:00+00:00,SMH,SMH280121P00265000,put,False,265.0,20.5,25.5,23.65,369.0,0.36498132583618165,0.03529957336092666,0.002902439024390244,1.0,15,2025-12-09 20:57:29+00:00,24.041944444444443,23.0,2.1123287671232878
2025-12-10 21:00:00+00:00,2028-01-21 00:00:00+00:00,SMH,SMH280121P00270000,put,False,270.0,22.0,26.55,24.27,369.0,0.35998412239074706,0.03529957336092666,0.002902439024390244,12.0,69,2025-12-10 19:55:42+00:00,1.0716666666666668,24.275,2.1123287671232878
2025-12-10 21:00:00+00:00,2028-01-21 00:00:00+00:00,SMH,SMH280121P00280000,put,False,280.0,24.5,29.5,30.95,369.0,0.35501743621826165,0.03529957336092666,0.002902439024390244,1.0,213,2025-11-28 16:10:33+00:00,292.82416666666666,27.0,2.1123287671232878
2025-12-10 21:00:00+00:00,2028-01-21 00:00:00+00:00,SMH,SMH280121P00285000,put,False,285.0,26.0,31.0,33.2,369.0,0.3522785109710693,0.03529957336092666,0.002902439024390244,1.0,11,2025-11-28 17:28:10+00:00,291.53055555555557,28.5,2.1123287671232878
2025-12-10 21:00:00+00:00,2028-01-21 00:00:00+00:00,SMH,SMH280121P00290000,put,False,290.0,27.5,32.5,33.91,369.0,0.34927255958557124,0.03529957336092666,0.002902439024390244,1.0,172,2025-12-01 15:51:23+00:00,221.1436111111111,30.0,2.1123287671232878
2025-12-10 21:00:00+00:00,2028-01-21 00:00:00+00:00,SMH,SMH280121P00295000,put,False,295.0,29.0,34.0,32.78,369.0,0.3460148406982422,0.03529957336092666,0.002902439024390244,5.0,33,2025-12-05 16:13:13+00:00,124.77972222222222,31.5,2.1123287671232878
2025-12-10 21:00:00+00:00,2028-01-21 00:00:00+00:00,SMH,SMH280121P00300000,put,False,300.0,30.5,35.5,33.5,369.0,0.3425358715820312,0.03529957336092666,0.002902439024390244,3.0,256,2025-12-10 19:00:32+00:00,1.991111111111111,33.0,2.1123287671232878
2025-12-10 21:00:00+00:00,2028-01-21 00:00:00+00:00,SMH,SMH280121P00305000,put,False,305.0,32.0,37.0,43.56,369.0,0.3388280229187011,0.03529957336092666,0.002902439024390244,1.0,39,2025-11-25 18:33:29+00:00,362.44194444444446,34.5,2.1123287671232878
2025-12-10 21:00:00+00:00,2028-01-21 00:00:00+00:00,SMH,SMH280121P00310000,put,False,310.0,34.0,38.9,37.5,369.0,0.33714957290649417,0.03529957336092666,0.002902439024390244,1.0,73,2025-12-08 17:39:36+00:00,51.34,36.45,2.1123287671232878
2025-12-10 21:00:00+00:00,2028-01-21 00:00:00+00:00,SMH,SMH280121P00315000,put,False,315.0,35.5,40.5,47.75,369.0,0.3335332760620118,0.03529957336092666,0.002902439024390244,1.0,36,2025-11-24 16:16:17+00:00,388.7286111111111,38.0,2.1123287671232878
2025-12-10 21:00:00+00:00,2028-01-21 00:00:00+00:00,SMH,SMH280121P00320000,put,False,320.0,37.5,42.5,41.5,369.0,0.33187008468627927,0.03529957336092666,0.002902439024390244,1.0,191,2025-12-08 17:35:34+00:00,51.407222222222224,40.0,2.1123287671232878
2025-12-10 21:00:00+00:00,2028-01-21 00:00:00+00:00,SMH,SMH280121P00325000,put,False,325.0,39.5,44.5,44.79,369.0,0.3299169792175292,0.03529957336092666,0.002902439024390244,1.0,67,2025-12-03 15:40:41+00:00,173.32194444444445,42.0,2.1123287671232878
2025-12-10 21:00:00+00:00,2028-01-21 00:00:00+00:00,SMH,SMH280121P00330000,put,False,330.0,41.0,46.0,44.95,369.0,0.3250876207733153,0.03529957336092666,0.002902439024390244,1.0,78,2025-12-09 15:31:25+00:00,29.476388888888888,43.5,2.1123287671232878
2025-12-10 21:00:00+00:00,2028-01-21 00:00:00+00:00,SMH,SMH280121P00335000,put,False,335.0,43.0,48.0,61.08,369.0,0.32265386825561515,0.03529957336092666,0.002902439024390244,1.0,20,2025-11-21 17:04:21+00:00,459.9275,45.5,2.1123287671232878
2025-12-10 21:00:00+00:00,2028-01-21 00:00:00+00:00,SMH,SMH280121P00340000,put,False,340.0,45.0,50.0,50.7,369.0,0.31996834823608394,0.03529957336092666,0.002902439024390244,1.0,92,2025-12-03 18:30:39+00:00,170.48916666666668,47.5,2.1123287671232878
2025-12-10 21:00:00+00:00,2028-01-21 00:00:00+00:00,SMH,SMH280121P00345000,put,False,345.0,47.0,52.0,58.75,369.0,0.3170463193511963,0.03529957336092666,0.002902439024390244,13.0,31,2025-11-26 21:09:20+00:00,335.84444444444443,49.5,2.1123287671232878
2025-12-10 21:00:00+00:00,2028-01-21 00:00:00+00:00,SMH,SMH280121P00350000,put,False,350.0,49.5,54.5,52.15,369.0,0.3163520513916015,0.03529957336092666,0.002902439024390244,1.0,209,2025-12-10 20:09:02+00:00,0.8494444444444444,52.0,2.1123287671232878
2025-12-10 21:00:00+00:00,2028-01-21 00:00:00+00:00,SMH,SMH280121P00355000,put,False,355.0,51.5,56.5,66.75,369.0,0.312934116821289,0.03529957336092666,0.002902439024390244,1.0,19,2025-11-24 16:16:17+00:00,388.7286111111111,54.0,2.1123287671232878
2025-12-10 21:00:00+00:00,2028-01-21 00:00:00+00:00,SMH,SMH280121P00360000,put,False,360.0,54.0,59.0,58.0,369.0,0.3117134259033203,0.03529957336092666,0.002902439024390244,1.0,335,2025-12-09 16:55:10+00:00,28.080555555555556,56.5,2.1123287671232878
2025-12-10 21:00:00+00:00,2028-01-21 00:00:00+00:00,SMH,SMH280121P00365000,put,False,365.0,56.0,61.0,57.85,369.0,0.30783010292053226,0.03529957336092666,0.002902439024390244,1.0,34,2025-12-10 20:32:45+00:00,0.45416666666666666,58.5,2.1123287671232878
2025-12-10 21:00:00+00:00,2028-01-21 00:00:00+00:00,SMH,SMH280121P00370000,put,False,370.0,58.5,63.5,60.0,369.0,0.30609824768066407,0.03529957336092666,0.002902439024390244,154.0,17,2025-12-10 17:55:01+00:00,3.0830555555555557,61.0,2.1123287671232878
2025-12-10 21:00:00+00:00,2028-01-21 00:00:00+00:00,SMH,SMH280121P00375000,put,True,375.0,61.0,66.0,63.5,369.0,0.3041222542572021,0.03529957336092666,0.002902439024390244,1.0,22,2025-12-10 20:09:02+00:00,0.8494444444444444,63.5,2.1123287671232878
2025-12-10 21:00:00+00:00,2028-01-21 00:00:00+00:00,SMH,SMH280121P00380000,put,True,380.0,63.5,68.5,66.64,369.0,0.3018944933319092,0.03529957336092666,0.002902439024390244,2.0,42,2025-12-08 14:48:02+00:00,54.199444444444445,66.0,2.1123287671232878
2025-12-10 21:00:00+00:00,2028-01-21 00:00:00+00:00,SMH,SMH280121P00400000,put,True,400.0,74.0,79.0,77.25,369.0,0.292853751220703,0.03529957336092666,0.002902439024390244,14.0,19,2025-12-08 14:48:02+00:00,54.199444444444445,76.5,2.1123287671232878
2025-12-10 21:00:00+00:00,2028-01-21 00:00:00+00:00,SMH,SMH280121P00420000,put,True,420.0,85.0,90.0,119.22,369.0,0.2822261109161377,0.03529957336092666,0.002902439024390244,1.0,1,2025-11-21 15:17:09+00:00,461.71416666666664,87.5,2.1123287671232878
2025-12-10 21:00:00+00:00,2028-01-21 00:00:00+00:00,SMH,SMH280121P00480000,put,True,480.0,144.0,149.0,143.05,369.0,0.35227088165283205,0.03529957336092666,0.002902439024390244,,7,2025-10-08 17:31:51+00:00,1515.4691666666668,146.5,2.1123287671232878
2025-12-10 21:00:00+00:00,2028-01-21 00:00:00+00:00,SMH,SMH280121P00490000,put,True,490.0,152.0,157.0,154.51,369.0,0.35337713279724114,0.03529957336092666,0.002902439024390244,,2,2025-10-15 18:40:09+00:00,1346.3308333333334,154.5,2.1123287671232878
2025-12-10 21:00:00+00:00,2028-01-21 00:00:00+00:00,SMH,SMH280121P00500000,put,True,500.0,139.5,144.5,140.58,369.0,0.24927508544921873,0.03529957336092666,0.002902439024390244,2.0,2,2025-12-10 20:23:55+00:00,0.6013888888888889,142.0,2.1123287671232878
2025-12-10 21:00:00+00:00,2028-01-21 00:00:00+00:00,SMH,SMH280121P00510000,put,True,510.0,147.5,152.0,165.1,369.0,0.24385826950073242,0.03529957336092666,0.002902439024390244,1.0,1,2025-11-06 17:44:17+00:00,819.2619444444445,149.75,2.1123287671232878
